issn_normalizado,titulo,titulo_normalizado,pais_iso,gran_area,fila_gold,apc_tipo,apc_monto_usd,apc_monto_ppp_usd,apc_imputado,apc_es_outlier,faltan_campos_apc,faltan_campos_todos
0034-7450,Revista Colombiana De Psiquiatría,colombiana psiquiatria,CO,Ciencias Médicas y de la Salud,2,imputado,1291.99,3399.97,True,False,"apc_monto, apc_moneda","issn_linking, institucion_editora_2, institucion_editora_3, titulo_normalizado_scimago_dup, titulo_alternativo, issn_impreso, Country of other organisation, atributos_licencia, apc_amount_raw, Waiver policy information URL, Other fees information URL, servicios_preservacion, Preservation Service: national library, Preservation information URL, Deposit policy directory, URL for deposit policy, identificadores_persistentes, Continues, Continued By, titulo_normalizado_doaj_dup, apc_monto_original, apc_moneda_original, tasa_usd_utilizada, apc_monto, apc_moneda, titulo_normalizado_facts_dup, is_hybrid, titulo_normalizado_openapc_dup"
2539-3669,GESTIÓN Y DESARROLLO LIBRE,gestion desarrollo libre,CO,Ciencias Sociales,3,imputado,899.89,2368.13,True,False,"apc_monto, apc_moneda","institucion_editora_2, institucion_editora_3, titulo_normalizado_scimago_dup, titulo_alternativo, issn_impreso, Country of other organisation, atributos_licencia, cc_legible_maquina, Copyright information URL, apc_amount_raw, Waiver policy information URL, servicios_preservacion, Preservation Service: national library, Preservation information URL, Deposit policy directory, URL for deposit policy, Continues, Continued By, titulo_normalizado_doaj_dup, apc_monto_original, apc_moneda_original, tasa_usd_utilizada, apc_monto, apc_moneda, titulo_normalizado_facts_dup, is_hybrid, titulo_normalizado_openapc_dup"
2215-7727,Cuadernos De Desarrollo Rural,desarrollo rural,CO,Ciencias Sociales,4,observado,1926.36,5069.37,False,False,apc_metodo_imputacion,"institucion_editora_2, institucion_editora_3, titulo_normalizado_scimago_dup, titulo_alternativo, issn_impreso, Country of other organisation, atributos_licencia, cc_legible_maquina, Copyright information URL, apc_amount_raw, Waiver policy information URL, Other fees information URL, servicios_preservacion, Preservation Service: national library, Preservation information URL, Deposit policy directory, URL for deposit policy, identificadores_persistentes, Continues, Continued By, titulo_normalizado_doaj_dup, titulo_normalizado_facts_dup, titulo_normalizado_openapc_dup, apc_metodo_imputacion"
2590-4566,Justicia,justicia,CO,Ciencias Sociales,5,imputado,851.29,2240.24,True,False,"apc_monto, apc_moneda","institucion_editora_2, institucion_editora_3, titulo_alternativo, atributos_licencia, apc_amount_raw, Waiver policy information URL, Other fees information URL, servicios_preservacion, Preservation Service: national library, Preservation information URL, Deposit policy directory, URL for deposit policy, identificadores_persistentes, Continues, Continued By, fecha_ultimo_articulo, titulo_normalizado_doaj_dup, apc_monto_original, apc_moneda_original, tasa_usd_utilizada, apc_monto, apc_moneda, titulo_normalizado_facts_dup, is_hybrid, titulo_normalizado_openapc_dup"
1657-9267,Universitas Psychologica,universitas psychologica,CO,Ciencias Sociales,6,observado,2509.21,6603.18,False,False,apc_metodo_imputacion,"issn_linking, institucion_editora_2, institucion_editora_3, titulo_alternativo, Country of other organisation, atributos_licencia, cc_legible_maquina, apc_amount_raw, Waiver policy information URL, servicios_preservacion, Preservation Service: national library, Deposit policy directory, URL for deposit policy, Continues, Continued By, titulo_normalizado_doaj_dup, titulo_normalizado_facts_dup, titulo_normalizado_openapc_dup, apc_metodo_imputacion"
2590-8669,Reflexión Política,reflexion politica,CO,Ciencias Sociales,7,observado,2638.47,6943.34,False,False,apc_metodo_imputacion,"issn_electronic, institucion_editora_2, institucion_editora_3, titulo_normalizado_scimago_dup, Other organisation, Country of other organisation, atributos_licencia, cc_legible_maquina, apc_amount_raw, Waiver policy information URL, Other fees information URL, servicios_preservacion, Preservation Service: national library, Preservation information URL, Deposit policy directory, URL for deposit policy, Continues, Continued By, fecha_ultimo_articulo, titulo_normalizado_doaj_dup, titulo_normalizado_facts_dup, titulo_normalizado_openapc_dup, apc_metodo_imputacion"
2462-8794,Ecomatematico,ecomatematico,CO,Ciencias Naturales,8,observado,3052.45,8032.76,False,False,apc_metodo_imputacion,"issn_electronic, institucion_editora_2, institucion_editora_3, rank, sourceid, tipo_publicacion, titulo_normalizado_scimago_dup, open_access, sjr_score, cuartil_sjr, h_index, total_docs, total_docs_3y, total_refs, total_citas_3y, docs_citables_3y, citas_por_doc_2y, refs_por_doc, pct_female, overton, cobertura, categorias, areas, titulo_alternativo, issn_electronico, Country of other organisation, atributos_licencia, cc_legible_maquina, Copyright information URL, apc_amount_raw, Waiver policy information URL, Other fees information URL, servicios_preservacion, Preservation Service: national library, Preservation information URL, Deposit policy directory, URL for deposit policy, identificadores_persistentes, Continues, Continued By, titulo_normalizado_doaj_dup, titulo_normalizado_facts_dup, titulo_normalizado_openapc_dup, apc_metodo_imputacion, contraste_publindex_cuartil, ratio_citas_docs, sjr_score_zscore, h_index_zscore, sjr_score_minmax, h_index_minmax"
2500-7769,Amauta,amauta,CO,Humanidades,9,imputado,645.38,1698.37,True,False,"apc_monto, apc_moneda","issn_electronic, institucion_editora_2, institucion_editora_3, rank, sourceid, tipo_publicacion, titulo_normalizado_scimago_dup, editorial, open_access, sjr_score, cuartil_sjr, h_index, total_docs, total_docs_3y, total_refs, total_citas_3y, docs_citables_3y, citas_por_doc_2y, refs_por_doc, pct_female, overton, cobertura, categorias, areas, url_revista, url, When did the journal start to publish all content using an open license?, titulo_alternativo, issn_impreso, issn_electronico, palabras_clave, idiomas, pais_editorial, Other organisation, Country of other organisation, licencia, atributos_licencia, URL for license terms, cc_legible_maquina, autor_retiene_copyright, Copyright information URL, tipo_revision, Review process information URL, politica_plagio, URL for journal's aims & scope, URL for the Editorial Board page, URL for journal's instructions for authors, semanas_submission_publicacion, tiene_apc, APC information URL, apc_amount_raw, politica_exencion, Waiver policy information URL, tiene_otros_cobros, Other fees information URL, servicios_preservacion, Preservation Service: national library, Preservation information URL, Deposit policy directory, URL for deposit policy, identificadores_persistentes, cumple_oa, Continues, Continued By, codigos_lcc, subscribe_to_open, Mirror Journal, Open Journals Collective, materias, fecha_incorporacion, fecha_actualizacion, Last Full Review Date, num_articulos, fecha_ultimo_articulo, titulo_normalizado_doaj_dup, apc_monto_original, apc_moneda_original, tasa_usd_utilizada, apc_conversion_estado, apc_monto, apc_moneda, titulo_normalizado_facts_dup, is_hybrid, titulo_normalizado_openapc_dup, contraste_publindex_cuartil, semanas_pub, editorial_rapida, ratio_citas_docs, sjr_score_zscore, h_index_zscore, semanas_pub_zscore, sjr_score_minmax, h_index_minmax, semanas_pub_minmax"
2027-5374,Aquichan,aquichan,CO,Ciencias Médicas y de la Salud,10,imputado,1275.73,3357.18,True,False,"apc_monto, apc_moneda","issn_electronic, institucion_editora_2, institucion_editora_3, rank, sourceid, tipo_publicacion, titulo_normalizado_scimago_dup, open_access, sjr_score, cuartil_sjr, h_index, total_docs, total_docs_3y, total_refs, total_citas_3y, docs_citables_3y, citas_por_doc_2y, refs_por_doc, pct_female, overton, cobertura, categorias, areas, titulo_alternativo, atributos_licencia, apc_amount_raw, Waiver policy information URL, Other fees information URL, servicios_preservacion, Preservation Service: national library, Preservation information URL, Deposit policy directory, URL for deposit policy, identificadores_persistentes, Continues, Continued By, fecha_ultimo_articulo, titulo_normalizado_doaj_dup, apc_monto_original, apc_moneda_original, tasa_usd_utilizada, apc_monto, apc_moneda, titulo_normalizado_facts_dup, is_hybrid, titulo_normalizado_openapc_dup, contraste_publindex_cuartil, ratio_citas_docs, sjr_score_zscore, h_index_zscore, sjr_score_minmax, h_index_minmax"
2346-2442,Revista De Derecho Privado,derecho privado,CO,Ciencias Sociales,11,imputado,894.17,2353.08,True,False,"apc_monto, apc_moneda","institucion_editora_2, institucion_editora_3, titulo_normalizado_scimago_dup, issn_impreso, Other organisation, Country of other organisation, atributos_licencia, apc_amount_raw, Waiver policy information URL, Other fees information URL, servicios_preservacion, Preservation Service: national library, Preservation information URL, Deposit policy directory, URL for deposit policy, Continues, Continued By, titulo_normalizado_doaj_dup, apc_monto_original, apc_moneda_original, tasa_usd_utilizada, apc_monto, apc_moneda, titulo_normalizado_facts_dup, is_hybrid, titulo_normalizado_openapc_dup"
2382-4980,"Revista De La Academia Colombiana De Ciencias Exactas, Físicas Y Naturales",academia colombiana ciencias exactas fisicas naturales,CO,Ciencias Naturales,12,imputado,1113.66,2930.68,True,False,"apc_monto, apc_moneda","institucion_editora_2, institucion_editora_3, titulo_alternativo, Country of other organisation, atributos_licencia, cc_legible_maquina, apc_amount_raw, Waiver policy information URL, servicios_preservacion, Preservation Service: national library, Deposit policy directory, URL for deposit policy, identificadores_persistentes, Continues, Continued By, titulo_normalizado_doaj_dup, apc_monto_original, apc_moneda_original, tasa_usd_utilizada, apc_monto, apc_moneda, titulo_normalizado_facts_dup, is_hybrid, titulo_normalizado_openapc_dup"
2027-5846,Ingenierias Usbmed,ingenierias usbmed,CO,Ingeniería y Tecnología,13,observado,5590.21,14711.08,False,True,apc_metodo_imputacion,"issn_print, issn_electronic, institucion_editora_2, institucion_editora_3, rank, sourceid, tipo_publicacion, titulo_normalizado_scimago_dup, open_access, sjr_score, cuartil_sjr, h_index, total_docs, total_docs_3y, total_refs, total_citas_3y, docs_citables_3y, citas_por_doc_2y, refs_por_doc, pct_female, overton, cobertura, categorias, areas, issn_electronico, Other organisation, Country of other organisation, atributos_licencia, apc_amount_raw, Waiver policy information URL, Other fees information URL, servicios_preservacion, Preservation Service: national library, Preservation information URL, Deposit policy directory, URL for deposit policy, Continues, Continued By, titulo_normalizado_facts_dup, titulo_normalizado_openapc_dup, apc_metodo_imputacion, contraste_publindex_cuartil, ratio_citas_docs, sjr_score_zscore, h_index_zscore, sjr_score_minmax, h_index_minmax"
2389-7716,Juridicas Cuc,juridicas cuc,CO,Ciencias Sociales,14,imputado,851.29,2240.24,True,False,"apc_monto, apc_moneda","institucion_editora_2, institucion_editora_3, titulo_alternativo, atributos_licencia, cc_legible_maquina, apc_amount_raw, Waiver policy information URL, Other fees information URL, servicios_preservacion, Preservation Service: national library, Preservation information URL, Deposit policy directory, URL for deposit policy, Continues, Continued By, fecha_ultimo_articulo, titulo_normalizado_doaj_dup, apc_monto_original, apc_moneda_original, tasa_usd_utilizada, apc_monto, apc_moneda, titulo_normalizado_facts_dup, is_hybrid, titulo_normalizado_openapc_dup"
2346-2450,Revista De Economía Institucional,economia institucional,CO,Ciencias Sociales,15,imputado,870.76,2291.47,True,False,"apc_monto, apc_moneda","issn_electronic, institucion_editora_2, institucion_editora_3, rank, sourceid, tipo_publicacion, titulo_normalizado_scimago_dup, open_access, sjr_score, cuartil_sjr, h_index, total_docs, total_docs_3y, total_refs, total_citas_3y, docs_citables_3y, citas_por_doc_2y, refs_por_doc, pct_female, overton, cobertura, categorias, areas, titulo_alternativo, atributos_licencia, apc_amount_raw, Waiver policy information URL, Other fees information URL, Preservation Service: national library, Deposit policy directory, URL for deposit policy, Continues, Continued By, titulo_normalizado_doaj_dup, apc_monto_original, apc_moneda_original, tasa_usd_utilizada, apc_monto, apc_moneda, titulo_normalizado_facts_dup, is_hybrid, titulo_normalizado_openapc_dup, contraste_publindex_cuartil, ratio_citas_docs, sjr_score_zscore, h_index_zscore, sjr_score_minmax, h_index_minmax"
2346-206X,Turismo Y Sociedad,turismo sociedad,CO,Ciencias Sociales,16,observado,2156.34,5674.58,False,False,apc_metodo_imputacion,"institucion_editora_2, institucion_editora_3, issn_impreso, Other organisation, Country of other organisation, atributos_licencia, apc_amount_raw, Waiver policy information URL, Other fees information URL, servicios_preservacion, Preservation Service: national library, Preservation information URL, Deposit policy directory, URL for deposit policy, Continues, Continued By, titulo_normalizado_doaj_dup, titulo_normalizado_facts_dup, titulo_normalizado_openapc_dup, apc_metodo_imputacion"
2145-566X,Íkala,ikala,CO,Humanidades,17,imputado,632.15,1663.55,True,False,"apc_monto, apc_moneda","issn_electronic, institucion_editora_2, institucion_editora_3, rank, sourceid, tipo_publicacion, titulo_normalizado_scimago_dup, open_access, sjr_score, cuartil_sjr, h_index, total_docs, total_docs_3y, total_refs, total_citas_3y, docs_citables_3y, citas_por_doc_2y, refs_por_doc, pct_female, overton, cobertura, categorias, areas, Other organisation, Country of other organisation, atributos_licencia, cc_legible_maquina, apc_amount_raw, Waiver policy information URL, Other fees information URL, servicios_preservacion, Preservation Service: national library, Preservation information URL, Deposit policy directory, URL for deposit policy, Continues, Continued By, fecha_ultimo_articulo, titulo_normalizado_doaj_dup, apc_monto_original, apc_moneda_original, tasa_usd_utilizada, apc_monto, apc_moneda, titulo_normalizado_facts_dup, is_hybrid, titulo_normalizado_openapc_dup, contraste_publindex_cuartil, ratio_citas_docs, sjr_score_zscore, h_index_zscore, sjr_score_minmax, h_index_minmax"
2382-4700,Inge-Cuc,inge cuc,CO,Ingeniería y Tecnología,18,imputado,1006.64,2649.05,True,False,"apc_monto, apc_moneda","issn_electronic, institucion_editora_2, institucion_editora_3, rank, sourceid, tipo_publicacion, titulo_normalizado_scimago_dup, open_access, sjr_score, cuartil_sjr, h_index, total_docs, total_docs_3y, total_refs, total_citas_3y, docs_citables_3y, citas_por_doc_2y, refs_por_doc, pct_female, overton, cobertura, categorias, areas, titulo_alternativo, atributos_licencia, apc_amount_raw, Waiver policy information URL, Other fees information URL, servicios_preservacion, Preservation Service: national library, Preservation information URL, Deposit policy directory, URL for deposit policy, identificadores_persistentes, Continues, Continued By, fecha_ultimo_articulo, titulo_normalizado_doaj_dup, apc_monto_original, apc_moneda_original, tasa_usd_utilizada, apc_monto, apc_moneda, titulo_normalizado_facts_dup, is_hybrid, titulo_normalizado_openapc_dup, contraste_publindex_cuartil, ratio_citas_docs, sjr_score_zscore, h_index_zscore, sjr_score_minmax, h_index_minmax"
2665-4385,Revista Colombiana De Entomología,colombiana entomologia,CO,Ciencias Agrícolas,19,observado,2592.0,6821.05,False,False,apc_metodo_imputacion,"institucion_editora_3, titulo_normalizado_scimago_dup, titulo_alternativo, Country of other organisation, atributos_licencia, cc_legible_maquina, apc_amount_raw, Waiver policy information URL, Other fees information URL, servicios_preservacion, Preservation Service: national library, Preservation information URL, Deposit policy directory, URL for deposit policy, Continues, Continued By, titulo_normalizado_doaj_dup, titulo_normalizado_facts_dup, titulo_normalizado_openapc_dup, apc_metodo_imputacion"
2539-3596,Revista De Salud Pública,salud publica,CO,Ciencias Médicas y de la Salud,20,imputado,1283.6,3377.89,True,False,"apc_monto, apc_moneda","issn_electronic, codigo_dane, institucion_editora_1, institucion_editora_2, institucion_editora_3, titulo_normalizado_scimago_dup, titulo_alternativo, Country of other organisation, atributos_licencia, cc_legible_maquina, apc_amount_raw, Waiver policy information URL, Other fees information URL, servicios_preservacion, Preservation Service: national library, Preservation information URL, Deposit policy directory, URL for deposit policy, identificadores_persistentes, Continues, Continued By, titulo_normalizado_doaj_dup, apc_monto_original, apc_moneda_original, tasa_usd_utilizada, apc_monto, apc_moneda, titulo_normalizado_facts_dup, is_hybrid, titulo_normalizado_openapc_dup"
2323-0703,Producción + Limpia,produccion limpia,CO,Ciencias Naturales,21,imputado,1133.49,2982.87,True,False,"apc_monto, apc_moneda","institucion_editora_2, institucion_editora_3, url_revista, url, When did the journal start to publish all content using an open license?, titulo_alternativo, issn_impreso, issn_electronico, palabras_clave, idiomas, pais_editorial, Other organisation, Country of other organisation, licencia, atributos_licencia, URL for license terms, cc_legible_maquina, autor_retiene_copyright, Copyright information URL, tipo_revision, Review process information URL, politica_plagio, URL for journal's aims & scope, URL for the Editorial Board page, URL for journal's instructions for authors, semanas_submission_publicacion, tiene_apc, APC information URL, apc_amount_raw, politica_exencion, Waiver policy information URL, tiene_otros_cobros, Other fees information URL, servicios_preservacion, Preservation Service: national library, Preservation information URL, Deposit policy directory, URL for deposit policy, identificadores_persistentes, cumple_oa, Continues, Continued By, codigos_lcc, subscribe_to_open, Mirror Journal, Open Journals Collective, materias, fecha_incorporacion, fecha_actualizacion, Last Full Review Date, num_articulos, fecha_ultimo_articulo, titulo_normalizado_doaj_dup, apc_monto_original, apc_moneda_original, tasa_usd_utilizada, apc_conversion_estado, apc_monto, apc_moneda, titulo_normalizado_facts_dup, is_hybrid, titulo_normalizado_openapc_dup, semanas_pub, editorial_rapida, semanas_pub_zscore, semanas_pub_minmax"
2665-2420,Educacion Y Humanismo,educacion humanismo,CO,Ciencias Sociales,22,observado,2827.44,7440.63,False,False,apc_metodo_imputacion,"institucion_editora_2, institucion_editora_3, titulo_alternativo, Country of other organisation, atributos_licencia, cc_legible_maquina, apc_amount_raw, Waiver policy information URL, servicios_preservacion, Preservation Service: national library, Preservation information URL, Deposit policy directory, URL for deposit policy, identificadores_persistentes, Continues, Continued By, fecha_ultimo_articulo, titulo_normalizado_doaj_dup, titulo_normalizado_facts_dup, titulo_normalizado_openapc_dup, apc_metodo_imputacion"
2357-5905,Gestión Y Ambiente,gestion ambiente,CO,Ciencias Sociales,23,imputado,871.12,2292.42,True,False,"apc_monto, apc_moneda","issn_electronic, institucion_editora_3, rank, sourceid, tipo_publicacion, titulo_normalizado_scimago_dup, open_access, sjr_score, cuartil_sjr, h_index, total_docs, total_docs_3y, total_refs, total_citas_3y, docs_citables_3y, citas_por_doc_2y, refs_por_doc, pct_female, overton, cobertura, categorias, areas, issn_impreso, Other organisation, Country of other organisation, atributos_licencia, cc_legible_maquina, Copyright information URL, apc_amount_raw, Waiver policy information URL, servicios_preservacion, Preservation Service: national library, URL for deposit policy, Continues, Continued By, titulo_normalizado_doaj_dup, apc_monto_original, apc_moneda_original, tasa_usd_utilizada, apc_monto, apc_moneda, titulo_normalizado_facts_dup, is_hybrid, titulo_normalizado_openapc_dup, contraste_publindex_cuartil, ratio_citas_docs, sjr_score_zscore, h_index_zscore, sjr_score_minmax, h_index_minmax"
0123-5362,Revista De Economía Del Rosario,economia rosario,CO,Ciencias Sociales,24,observado,221.31,582.39,False,False,apc_metodo_imputacion,"issn_linking, institucion_editora_1, institucion_editora_2, institucion_editora_3, titulo_normalizado_scimago_dup, titulo_alternativo, issn_impreso, Other organisation, Country of other organisation, atributos_licencia, cc_legible_maquina, apc_amount_raw, Waiver policy information URL, Other fees information URL, Preservation Service: national library, Continues, Continued By, titulo_normalizado_doaj_dup, titulo_normalizado_facts_dup, titulo_normalizado_openapc_dup, apc_metodo_imputacion"
2357-4720,Revista Historia Y Sociedad,historia sociedad,CO,Humanidades,25,observado,1205.28,3171.79,False,False,apc_metodo_imputacion,"issn_electronic, institucion_editora_2, institucion_editora_3, titulo_normalizado_scimago_dup, titulo_alternativo, Country of other organisation, atributos_licencia, cc_legible_maquina, Copyright information URL, apc_amount_raw, Waiver policy information URL, Other fees information URL, servicios_preservacion, Preservation Service: national library, Preservation information URL, Deposit policy directory, URL for deposit policy, identificadores_persistentes, Continues, Continued By, titulo_normalizado_doaj_dup, titulo_normalizado_facts_dup, titulo_normalizado_openapc_dup, apc_metodo_imputacion"
2346-0806,Sophia,sophia,CO,Ciencias Sociales,26,observado,1397.84,3678.53,False,False,apc_metodo_imputacion,"issn_electronic, institucion_editora_2, institucion_editora_3, rank, sourceid, tipo_publicacion, titulo_normalizado_scimago_dup, open_access, sjr_score, cuartil_sjr, h_index, total_docs, total_docs_3y, total_refs, total_citas_3y, docs_citables_3y, citas_por_doc_2y, refs_por_doc, pct_female, overton, cobertura, categorias, areas, atributos_licencia, apc_amount_raw, Waiver policy information URL, Other fees information URL, servicios_preservacion, Preservation Service: national library, Preservation information URL, Continues, Continued By, fecha_ultimo_articulo, titulo_normalizado_doaj_dup, titulo_normalizado_facts_dup, titulo_normalizado_openapc_dup, apc_metodo_imputacion, contraste_publindex_cuartil, ratio_citas_docs, sjr_score_zscore, h_index_zscore, sjr_score_minmax, h_index_minmax"
2389-8844,Equidad & Desarrollo,equidad desarrollo,CO,Ciencias Sociales,27,imputado,870.41,2290.55,True,False,"apc_monto, apc_moneda","issn_electronic, institucion_editora_2, institucion_editora_3, rank, sourceid, tipo_publicacion, titulo_normalizado_scimago_dup, open_access, sjr_score, cuartil_sjr, h_index, total_docs, total_docs_3y, total_refs, total_citas_3y, docs_citables_3y, citas_por_doc_2y, refs_por_doc, pct_female, overton, cobertura, categorias, areas, titulo_alternativo, issn_impreso, atributos_licencia, apc_amount_raw, Waiver policy information URL, Other fees information URL, servicios_preservacion, Preservation Service: national library, Preservation information URL, Continues, Continued By, fecha_ultimo_articulo, titulo_normalizado_doaj_dup, apc_monto_original, apc_moneda_original, tasa_usd_utilizada, apc_monto, apc_moneda, titulo_normalizado_facts_dup, is_hybrid, titulo_normalizado_openapc_dup, contraste_publindex_cuartil, ratio_citas_docs, sjr_score_zscore, h_index_zscore, sjr_score_minmax, h_index_minmax"
2500-5227,Administración & Desarrollo,administracion desarrollo,CO,Ciencias Sociales,28,imputado,899.89,2368.13,True,False,"apc_monto, apc_moneda","institucion_editora_2, institucion_editora_3, titulo_normalizado_scimago_dup, Country of other organisation, atributos_licencia, cc_legible_maquina, apc_amount_raw, Waiver policy information URL, Other fees information URL, servicios_preservacion, Preservation Service: national library, Preservation information URL, Deposit policy directory, URL for deposit policy, identificadores_persistentes, Continues, Continued By, titulo_normalizado_doaj_dup, apc_monto_original, apc_moneda_original, tasa_usd_utilizada, apc_monto, apc_moneda, titulo_normalizado_facts_dup, is_hybrid, titulo_normalizado_openapc_dup"
2346-3775,Tropical Grasslands-Forrajes Tropicales,tropical grasslands forrajes tropicales,CO,Ciencias Agrícolas,29,observado,3007.31,7913.97,False,False,apc_metodo_imputacion,"issn_electronic, institucion_editora_2, institucion_editora_3, titulo_alternativo, issn_impreso, Other organisation, Country of other organisation, atributos_licencia, apc_amount_raw, Waiver policy information URL, Other fees information URL, servicios_preservacion, Preservation Service: national library, Preservation information URL, Deposit policy directory, URL for deposit policy, Continues, Continued By, titulo_normalizado_facts_dup, titulo_normalizado_openapc_dup, apc_metodo_imputacion"
2256-4322,Ad-Minister Revista Escuela De Administración,ad minister escuela administracion,CO,Ciencias Sociales,30,observado,2086.73,5491.39,False,False,apc_metodo_imputacion,"issn_electronic, institucion_editora_2, institucion_editora_3, rank, sourceid, tipo_publicacion, titulo_normalizado_scimago_dup, open_access, sjr_score, cuartil_sjr, h_index, total_docs, total_docs_3y, total_refs, total_citas_3y, docs_citables_3y, citas_por_doc_2y, refs_por_doc, pct_female, overton, cobertura, categorias, areas, Other organisation, Country of other organisation, atributos_licencia, apc_amount_raw, Waiver policy information URL, Other fees information URL, servicios_preservacion, Preservation Service: national library, Preservation information URL, Deposit policy directory, URL for deposit policy, Continues, Continued By, fecha_ultimo_articulo, titulo_normalizado_doaj_dup, titulo_normalizado_facts_dup, titulo_normalizado_openapc_dup, apc_metodo_imputacion, contraste_publindex_cuartil, ratio_citas_docs, sjr_score_zscore, h_index_zscore, sjr_score_minmax, h_index_minmax"
2500-5324,Latinoamericana De Estudios Educativos,latinoamericana estudios educativos,CO,Ciencias Sociales,31,observado,1974.5,5196.05,False,False,apc_metodo_imputacion,"institucion_editora_2, institucion_editora_3, titulo_normalizado_scimago_dup, atributos_licencia, apc_amount_raw, Waiver policy information URL, Other fees information URL, servicios_preservacion, Preservation Service: national library, Preservation information URL, Deposit policy directory, URL for deposit policy, Continues, Continued By, titulo_normalizado_doaj_dup, titulo_normalizado_facts_dup, titulo_normalizado_openapc_dup, apc_metodo_imputacion"
2422-4200,Revista Logos Ciencia & Tecnología,logos ciencia tecnologia,CO,Ciencias Sociales,32,observado,262.81,691.61,False,False,apc_metodo_imputacion,"issn_electronic, institucion_editora_2, institucion_editora_3, rank, sourceid, tipo_publicacion, titulo_normalizado_scimago_dup, open_access, sjr_score, cuartil_sjr, h_index, total_docs, total_docs_3y, total_refs, total_citas_3y, docs_citables_3y, citas_por_doc_2y, refs_por_doc, pct_female, overton, cobertura, categorias, areas, Other organisation, Country of other organisation, atributos_licencia, apc_amount_raw, Waiver policy information URL, Other fees information URL, Preservation Service: national library, Deposit policy directory, URL for deposit policy, Continues, Continued By, titulo_normalizado_doaj_dup, titulo_normalizado_facts_dup, titulo_normalizado_openapc_dup, apc_metodo_imputacion, contraste_publindex_cuartil, ratio_citas_docs, sjr_score_zscore, h_index_zscore, sjr_score_minmax, h_index_minmax"
2462-9596,Discusiones Filosóficas,discusiones filosoficas,CO,Humanidades,33,imputado,632.15,1663.55,True,False,"apc_monto, apc_moneda","issn_electronic, codigo_dane, institucion_editora_2, institucion_editora_3, rank, sourceid, tipo_publicacion, titulo_normalizado_scimago_dup, open_access, sjr_score, cuartil_sjr, h_index, total_docs, total_docs_3y, total_refs, total_citas_3y, docs_citables_3y, citas_por_doc_2y, refs_por_doc, pct_female, overton, cobertura, categorias, areas, titulo_alternativo, Other organisation, Country of other organisation, atributos_licencia, cc_legible_maquina, apc_amount_raw, Waiver policy information URL, Other fees information URL, servicios_preservacion, Preservation Service: national library, Preservation information URL, Deposit policy directory, URL for deposit policy, Continues, Continued By, titulo_normalizado_doaj_dup, apc_monto_original, apc_moneda_original, tasa_usd_utilizada, apc_monto, apc_moneda, titulo_normalizado_facts_dup, is_hybrid, titulo_normalizado_openapc_dup, contraste_publindex_cuartil, ratio_citas_docs, sjr_score_zscore, h_index_zscore, sjr_score_minmax, h_index_minmax"
2216-0280,Investigación Y Educación En Enfermería,investigacion educacion enfermeria,CO,Ciencias Médicas y de la Salud,34,imputado,1233.21,3245.29,True,False,"apc_monto, apc_moneda","institucion_editora_2, institucion_editora_3, titulo_alternativo, Country of other organisation, atributos_licencia, cc_legible_maquina, apc_amount_raw, Waiver policy information URL, servicios_preservacion, Preservation Service: national library, Preservation information URL, Deposit policy directory, URL for deposit policy, identificadores_persistentes, Continues, Continued By, fecha_ultimo_articulo, titulo_normalizado_doaj_dup, apc_monto_original, apc_moneda_original, tasa_usd_utilizada, apc_monto, apc_moneda, titulo_normalizado_facts_dup, is_hybrid, titulo_normalizado_openapc_dup"
0124-4639,Revista Universidad Y Empresa,universidad empresa,CO,Ciencias Sociales,35,imputado,874.7,2301.84,True,False,"apc_monto, apc_moneda","issn_electronic, issn_linking, institucion_editora_2, institucion_editora_3, rank, sourceid, tipo_publicacion, titulo_normalizado_scimago_dup, open_access, sjr_score, cuartil_sjr, h_index, total_docs, total_docs_3y, total_refs, total_citas_3y, docs_citables_3y, citas_por_doc_2y, refs_por_doc, pct_female, overton, cobertura, categorias, areas, Other organisation, Country of other organisation, atributos_licencia, apc_amount_raw, Waiver policy information URL, Other fees information URL, servicios_preservacion, Preservation Service: national library, Preservation information URL, Deposit policy directory, URL for deposit policy, Continues, Continued By, apc_monto_original, apc_moneda_original, tasa_usd_utilizada, apc_monto, apc_moneda, titulo_normalizado_facts_dup, is_hybrid, titulo_normalizado_openapc_dup, contraste_publindex_cuartil, ratio_citas_docs, sjr_score_zscore, h_index_zscore, sjr_score_minmax, h_index_minmax"
2665-1327,Ensayos Sobre Política Económica,ensayos sobre politica economica,CO,Ciencias Sociales,36,observado,1974.77,5196.76,False,False,apc_metodo_imputacion,"issn_electronic, institucion_editora_1, institucion_editora_2, institucion_editora_3, rank, sourceid, tipo_publicacion, titulo_normalizado_scimago_dup, open_access, sjr_score, cuartil_sjr, h_index, total_docs, total_docs_3y, total_refs, total_citas_3y, docs_citables_3y, citas_por_doc_2y, refs_por_doc, pct_female, overton, cobertura, categorias, areas, titulo_alternativo, atributos_licencia, cc_legible_maquina, apc_amount_raw, Waiver policy information URL, Other fees information URL, servicios_preservacion, Preservation Service: national library, Preservation information URL, Deposit policy directory, URL for deposit policy, Continues, Continued By, titulo_normalizado_doaj_dup, titulo_normalizado_facts_dup, titulo_normalizado_openapc_dup, apc_metodo_imputacion, contraste_publindex_cuartil, ratio_citas_docs, sjr_score_zscore, h_index_zscore, sjr_score_minmax, h_index_minmax"
2389-783X,Duazary,duazary,CO,Ciencias Médicas y de la Salud,37,imputado,1285.38,3382.58,True,False,"apc_monto, apc_moneda","issn_electronic, institucion_editora_2, institucion_editora_3, rank, sourceid, tipo_publicacion, titulo_normalizado_scimago_dup, editorial, open_access, sjr_score, cuartil_sjr, h_index, total_docs, total_docs_3y, total_refs, total_citas_3y, docs_citables_3y, citas_por_doc_2y, refs_por_doc, pct_female, overton, cobertura, categorias, areas, url_revista, url, When did the journal start to publish all content using an open license?, titulo_alternativo, issn_impreso, issn_electronico, palabras_clave, idiomas, pais_editorial, Other organisation, Country of other organisation, licencia, atributos_licencia, URL for license terms, cc_legible_maquina, autor_retiene_copyright, Copyright information URL, tipo_revision, Review process information URL, politica_plagio, URL for journal's aims & scope, URL for the Editorial Board page, URL for journal's instructions for authors, semanas_submission_publicacion, tiene_apc, APC information URL, apc_amount_raw, politica_exencion, Waiver policy information URL, tiene_otros_cobros, Other fees information URL, servicios_preservacion, Preservation Service: national library, Preservation information URL, Deposit policy directory, URL for deposit policy, identificadores_persistentes, cumple_oa, Continues, Continued By, codigos_lcc, subscribe_to_open, Mirror Journal, Open Journals Collective, materias, fecha_incorporacion, fecha_actualizacion, Last Full Review Date, num_articulos, fecha_ultimo_articulo, titulo_normalizado_doaj_dup, apc_monto_original, apc_moneda_original, tasa_usd_utilizada, apc_conversion_estado, apc_monto, apc_moneda, titulo_normalizado_facts_dup, is_hybrid, titulo_normalizado_openapc_dup, contraste_publindex_cuartil, semanas_pub, editorial_rapida, ratio_citas_docs, sjr_score_zscore, h_index_zscore, semanas_pub_zscore, sjr_score_minmax, h_index_minmax, semanas_pub_minmax"
2027-128X,Investigación En Enfermería :Imagen Y Desarrollo,investigacion enfermeria imagen desarrollo,CO,Ciencias Médicas y de la Salud,38,imputado,1302.0,3426.32,True,False,"apc_monto, apc_moneda","institucion_editora_2, institucion_editora_3, titulo_normalizado_scimago_dup, titulo_alternativo, atributos_licencia, cc_legible_maquina, apc_amount_raw, Waiver policy information URL, Other fees information URL, servicios_preservacion, Preservation Service: national library, Preservation information URL, Deposit policy directory, URL for deposit policy, Continues, Continued By, titulo_normalizado_doaj_dup, apc_monto_original, apc_moneda_original, tasa_usd_utilizada, apc_monto, apc_moneda, titulo_normalizado_facts_dup, is_hybrid, titulo_normalizado_openapc_dup"
2389-7864,Revista Intropica,intropica,CO,Ciencias Naturales,39,observado,3007.31,7913.97,False,False,apc_metodo_imputacion,"issn_electronic, institucion_editora_2, institucion_editora_3, rank, sourceid, tipo_publicacion, titulo_normalizado_scimago_dup, open_access, sjr_score, cuartil_sjr, h_index, total_docs, total_docs_3y, total_refs, total_citas_3y, docs_citables_3y, citas_por_doc_2y, refs_por_doc, pct_female, overton, cobertura, categorias, areas, url_revista, url, When did the journal start to publish all content using an open license?, titulo_alternativo, issn_impreso, issn_electronico, palabras_clave, idiomas, pais_editorial, Other organisation, Country of other organisation, licencia, atributos_licencia, URL for license terms, cc_legible_maquina, autor_retiene_copyright, Copyright information URL, tipo_revision, Review process information URL, politica_plagio, URL for journal's aims & scope, URL for the Editorial Board page, URL for journal's instructions for authors, semanas_submission_publicacion, tiene_apc, APC information URL, apc_amount_raw, politica_exencion, Waiver policy information URL, tiene_otros_cobros, Other fees information URL, servicios_preservacion, Preservation Service: national library, Preservation information URL, Deposit policy directory, URL for deposit policy, identificadores_persistentes, cumple_oa, Continues, Continued By, codigos_lcc, subscribe_to_open, Mirror Journal, Open Journals Collective, materias, fecha_incorporacion, fecha_actualizacion, Last Full Review Date, num_articulos, fecha_ultimo_articulo, titulo_normalizado_doaj_dup, apc_conversion_estado, titulo_normalizado_facts_dup, titulo_normalizado_openapc_dup, apc_metodo_imputacion, contraste_publindex_cuartil, semanas_pub, editorial_rapida, ratio_citas_docs, sjr_score_zscore, h_index_zscore, semanas_pub_zscore, sjr_score_minmax, h_index_minmax, semanas_pub_minmax"
2256-3938,Revista Lasallista De Investigación,lasallista investigacion,CO,Ciencias Naturales,40,imputado,1133.49,2982.87,True,False,"apc_monto, apc_moneda","institucion_editora_2, institucion_editora_3, titulo_alternativo, issn_impreso, Other organisation, Country of other organisation, atributos_licencia, apc_amount_raw, Waiver policy information URL, Other fees information URL, Preservation Service: national library, Continues, Continued By, titulo_normalizado_doaj_dup, apc_monto_original, apc_moneda_original, tasa_usd_utilizada, apc_monto, apc_moneda, titulo_normalizado_facts_dup, is_hybrid, titulo_normalizado_openapc_dup"
2422-5053,Revista Respuestas,respuestas,CO,Ingeniería y Tecnología,41,imputado,1005.57,2646.24,True,False,"apc_monto, apc_moneda","issn_electronic, institucion_editora_3, rank, sourceid, tipo_publicacion, titulo_normalizado_scimago_dup, open_access, sjr_score, cuartil_sjr, h_index, total_docs, total_docs_3y, total_refs, total_citas_3y, docs_citables_3y, citas_por_doc_2y, refs_por_doc, pct_female, overton, cobertura, categorias, areas, Country of other organisation, atributos_licencia, apc_amount_raw, Waiver policy information URL, Other fees information URL, servicios_preservacion, Preservation Service: national library, Preservation information URL, Continues, Continued By, titulo_normalizado_doaj_dup, apc_monto_original, apc_moneda_original, tasa_usd_utilizada, apc_monto, apc_moneda, titulo_normalizado_facts_dup, is_hybrid, titulo_normalizado_openapc_dup, contraste_publindex_cuartil, ratio_citas_docs, sjr_score_zscore, h_index_zscore, sjr_score_minmax, h_index_minmax"
2145-9371,Ingenieria Y Desarrollo,ingenieria desarrollo,CO,Ingeniería y Tecnología,42,imputado,1008.79,2654.71,True,False,"apc_monto, apc_moneda","issn_electronic, issn_linking, institucion_editora_2, institucion_editora_3, rank, sourceid, tipo_publicacion, titulo_normalizado_scimago_dup, open_access, sjr_score, cuartil_sjr, h_index, total_docs, total_docs_3y, total_refs, total_citas_3y, docs_citables_3y, citas_por_doc_2y, refs_por_doc, pct_female, overton, cobertura, categorias, areas, Country of other organisation, atributos_licencia, apc_amount_raw, Waiver policy information URL, Other fees information URL, servicios_preservacion, Preservation Service: national library, Preservation information URL, Deposit policy directory, URL for deposit policy, Continues, Continued By, titulo_normalizado_doaj_dup, apc_monto_original, apc_moneda_original, tasa_usd_utilizada, apc_monto, apc_moneda, titulo_normalizado_facts_dup, is_hybrid, titulo_normalizado_openapc_dup, contraste_publindex_cuartil, ratio_citas_docs, sjr_score_zscore, h_index_zscore, sjr_score_minmax, h_index_minmax"
2322-6889,Historia Caribe,historia caribe,CO,Humanidades,43,observado,1205.28,3171.79,False,False,apc_metodo_imputacion,"codigo_dane, institucion_editora_2, institucion_editora_3, titulo_alternativo, Country of other organisation, atributos_licencia, cc_legible_maquina, Copyright information URL, apc_amount_raw, Waiver policy information URL, Other fees information URL, servicios_preservacion, Preservation Service: national library, Preservation information URL, Deposit policy directory, URL for deposit policy, identificadores_persistentes, Continues, Continued By, titulo_normalizado_doaj_dup, titulo_normalizado_facts_dup, titulo_normalizado_openapc_dup, apc_metodo_imputacion"
2011-4273,Antípoda : Revista De Antropología Y Arqueología,antipoda antropologia arqueologia,CO,Ciencias Sociales,44,imputado,875.77,2304.66,True,False,"apc_monto, apc_moneda","issn_electronic, institucion_editora_2, institucion_editora_3, rank, sourceid, tipo_publicacion, titulo_normalizado_scimago_dup, open_access, sjr_score, cuartil_sjr, h_index, total_docs, total_docs_3y, total_refs, total_citas_3y, docs_citables_3y, citas_por_doc_2y, refs_por_doc, pct_female, overton, cobertura, categorias, areas, Other organisation, Country of other organisation, atributos_licencia, cc_legible_maquina, apc_amount_raw, Waiver policy information URL, Other fees information URL, servicios_preservacion, Preservation Service: national library, Preservation information URL, Deposit policy directory, URL for deposit policy, identificadores_persistentes, Continues, Continued By, fecha_ultimo_articulo, titulo_normalizado_doaj_dup, apc_monto_original, apc_moneda_original, tasa_usd_utilizada, apc_monto, apc_moneda, titulo_normalizado_facts_dup, is_hybrid, titulo_normalizado_openapc_dup, contraste_publindex_cuartil, ratio_citas_docs, sjr_score_zscore, h_index_zscore, sjr_score_minmax, h_index_minmax"
2215-8421,Voces Y Silencios,voces silencios,CO,Ciencias Sociales,45,imputado,870.05,2289.61,True,False,"apc_monto, apc_moneda","issn_electronic, institucion_editora_2, institucion_editora_3, rank, sourceid, tipo_publicacion, titulo_normalizado_scimago_dup, open_access, sjr_score, cuartil_sjr, h_index, total_docs, total_docs_3y, total_refs, total_citas_3y, docs_citables_3y, citas_por_doc_2y, refs_por_doc, pct_female, overton, cobertura, categorias, areas, titulo_alternativo, issn_impreso, Other organisation, Country of other organisation, atributos_licencia, cc_legible_maquina, apc_amount_raw, Waiver policy information URL, Other fees information URL, servicios_preservacion, Preservation Service: national library, Preservation information URL, Deposit policy directory, URL for deposit policy, Continues, Continued By, apc_monto_original, apc_moneda_original, tasa_usd_utilizada, apc_monto, apc_moneda, titulo_normalizado_facts_dup, is_hybrid, titulo_normalizado_openapc_dup, contraste_publindex_cuartil, ratio_citas_docs, sjr_score_zscore, h_index_zscore, sjr_score_minmax, h_index_minmax"
0123-4641,Colombian Applied Linguistics Journal,colombian applied linguistics,CO,Humanidades,46,observado,3571.03,9397.45,False,False,apc_metodo_imputacion,"issn_electronic, issn_linking, institucion_editora_2, institucion_editora_3, rank, sourceid, tipo_publicacion, titulo_normalizado_scimago_dup, open_access, sjr_score, cuartil_sjr, h_index, total_docs, total_docs_3y, total_refs, total_citas_3y, docs_citables_3y, citas_por_doc_2y, refs_por_doc, pct_female, overton, cobertura, categorias, areas, titulo_alternativo, atributos_licencia, cc_legible_maquina, apc_amount_raw, Waiver policy information URL, Other fees information URL, servicios_preservacion, Preservation Service: national library, Preservation information URL, Deposit policy directory, URL for deposit policy, Continues, Continued By, titulo_normalizado_facts_dup, titulo_normalizado_openapc_dup, apc_metodo_imputacion, contraste_publindex_cuartil, ratio_citas_docs, sjr_score_zscore, h_index_zscore, sjr_score_minmax, h_index_minmax"
2256-5779,Apuntes Del Cenes,apuntes cenes,CO,Ciencias Sociales,47,imputado,872.55,2296.18,True,False,"apc_monto, apc_moneda","issn_electronic, institucion_editora_2, institucion_editora_3, rank, sourceid, tipo_publicacion, titulo_normalizado_scimago_dup, open_access, sjr_score, cuartil_sjr, h_index, total_docs, total_docs_3y, total_refs, total_citas_3y, docs_citables_3y, citas_por_doc_2y, refs_por_doc, pct_female, overton, cobertura, categorias, areas, Country of other organisation, atributos_licencia, apc_amount_raw, Waiver policy information URL, Other fees information URL, servicios_preservacion, Preservation Service: national library, Preservation information URL, Continues, Continued By, titulo_normalizado_doaj_dup, apc_monto_original, apc_moneda_original, tasa_usd_utilizada, apc_monto, apc_moneda, titulo_normalizado_facts_dup, is_hybrid, titulo_normalizado_openapc_dup, contraste_publindex_cuartil, ratio_citas_docs, sjr_score_zscore, h_index_zscore, sjr_score_minmax, h_index_minmax"
2389-9050,Sociedad Y Economía,sociedad economia,CO,Ciencias Sociales,48,observado,2156.34,5674.58,False,False,apc_metodo_imputacion,"issn_electronic, institucion_editora_2, institucion_editora_3, rank, sourceid, tipo_publicacion, titulo_normalizado_scimago_dup, open_access, sjr_score, cuartil_sjr, h_index, total_docs, total_docs_3y, total_refs, total_citas_3y, docs_citables_3y, citas_por_doc_2y, refs_por_doc, pct_female, overton, cobertura, categorias, areas, titulo_alternativo, issn_impreso, Other organisation, Country of other organisation, atributos_licencia, apc_amount_raw, Waiver policy information URL, Other fees information URL, servicios_preservacion, Preservation Service: national library, Preservation information URL, Deposit policy directory, URL for deposit policy, Continues, Continued By, titulo_normalizado_facts_dup, titulo_normalizado_openapc_dup, apc_metodo_imputacion, contraste_publindex_cuartil, ratio_citas_docs, sjr_score_zscore, h_index_zscore, sjr_score_minmax, h_index_minmax"
2011-219X,Theologica Xaveriana,theologica xaveriana,CO,Humanidades,49,imputado,632.15,1663.55,True,False,"apc_monto, apc_moneda","issn_electronic, institucion_editora_2, institucion_editora_3, rank, sourceid, tipo_publicacion, titulo_normalizado_scimago_dup, open_access, sjr_score, cuartil_sjr, h_index, total_docs, total_docs_3y, total_refs, total_citas_3y, docs_citables_3y, citas_por_doc_2y, refs_por_doc, pct_female, overton, cobertura, categorias, areas, issn_impreso, Country of other organisation, atributos_licencia, cc_legible_maquina, apc_amount_raw, Waiver policy information URL, Other fees information URL, servicios_preservacion, Preservation Service: national library, Preservation information URL, Deposit policy directory, URL for deposit policy, Continues, Continued By, titulo_normalizado_doaj_dup, apc_monto_original, apc_moneda_original, tasa_usd_utilizada, apc_monto, apc_moneda, titulo_normalizado_facts_dup, is_hybrid, titulo_normalizado_openapc_dup, contraste_publindex_cuartil, ratio_citas_docs, sjr_score_zscore, h_index_zscore, sjr_score_minmax, h_index_minmax"
2462-991X,Repertorio De Medicina Y Cirugía,repertorio medicina cirugia,CO,Ciencias Médicas y de la Salud,50,observado,1564.49,4117.08,False,False,apc_metodo_imputacion,"institucion_editora_3, titulo_normalizado_scimago_dup, titulo_alternativo, atributos_licencia, Waiver policy information URL, Other fees information URL, Preservation Service: national library, Continues, Continued By, titulo_normalizado_doaj_dup, titulo_normalizado_facts_dup, titulo_normalizado_openapc_dup, apc_metodo_imputacion"
2382-3240,"Saber, Ciencia Y Libertad",saber ciencia libertad,CO,Ciencias Sociales,51,imputado,870.05,2289.61,True,False,"apc_monto, apc_moneda","issn_electronic, institucion_editora_2, institucion_editora_3, rank, sourceid, tipo_publicacion, titulo_normalizado_scimago_dup, open_access, sjr_score, cuartil_sjr, h_index, total_docs, total_docs_3y, total_refs, total_citas_3y, docs_citables_3y, citas_por_doc_2y, refs_por_doc, pct_female, overton, cobertura, categorias, areas, issn_impreso, Other organisation, Country of other organisation, atributos_licencia, apc_amount_raw, Waiver policy information URL, Other fees information URL, servicios_preservacion, Preservation Service: national library, Preservation information URL, Continues, Continued By, titulo_normalizado_doaj_dup, apc_monto_original, apc_moneda_original, tasa_usd_utilizada, apc_monto, apc_moneda, titulo_normalizado_facts_dup, is_hybrid, titulo_normalizado_openapc_dup, contraste_publindex_cuartil, ratio_citas_docs, sjr_score_zscore, h_index_zscore, sjr_score_minmax, h_index_minmax"
0120-2596,Lecturas De Economía,lecturas economia,CO,Ciencias Sociales,52,observado,3065.04,8065.89,False,False,apc_metodo_imputacion,"issn_linking, institucion_editora_2, institucion_editora_3, titulo_normalizado_scimago_dup, titulo_alternativo, atributos_licencia, apc_amount_raw, Waiver policy information URL, Other fees information URL, Preservation Service: national library, identificadores_persistentes, Continues, Continued By, titulo_normalizado_facts_dup, titulo_normalizado_openapc_dup, apc_metodo_imputacion"
2665-3273,Estudios De Literatura Colombiana,estudios literatura colombiana,CO,Humanidades,53,imputado,651.82,1715.32,True,False,"apc_monto, apc_moneda","institucion_editora_2, institucion_editora_3, titulo_normalizado_scimago_dup, atributos_licencia, apc_amount_raw, Waiver policy information URL, Other fees information URL, servicios_preservacion, Preservation Service: national library, Preservation information URL, Deposit policy directory, URL for deposit policy, Continues, Continued By, titulo_normalizado_doaj_dup, apc_monto_original, apc_moneda_original, tasa_usd_utilizada, apc_monto, apc_moneda, titulo_normalizado_facts_dup, is_hybrid, titulo_normalizado_openapc_dup"
2389-9980,Cuestiones Teológicas Y Filosóficas,cuestiones teologicas filosoficas,CO,Humanidades,54,observado,1404.0,3694.74,False,False,apc_metodo_imputacion,"institucion_editora_2, institucion_editora_3, Other organisation, Country of other organisation, atributos_licencia, Copyright information URL, apc_amount_raw, Waiver policy information URL, servicios_preservacion, Preservation Service: national library, Preservation information URL, Deposit policy directory, URL for deposit policy, identificadores_persistentes, Continues, Continued By, titulo_normalizado_doaj_dup, titulo_normalizado_facts_dup, titulo_normalizado_openapc_dup, apc_metodo_imputacion"
2500-6436,Pedagogía Y Saberes,pedagogia saberes,CO,Ciencias Sociales,55,imputado,870.41,2290.55,True,False,"apc_monto, apc_moneda","issn_electronic, institucion_editora_2, institucion_editora_3, rank, sourceid, tipo_publicacion, titulo_normalizado_scimago_dup, open_access, sjr_score, cuartil_sjr, h_index, total_docs, total_docs_3y, total_refs, total_citas_3y, docs_citables_3y, citas_por_doc_2y, refs_por_doc, pct_female, overton, cobertura, categorias, areas, titulo_alternativo, Country of other organisation, atributos_licencia, cc_legible_maquina, apc_amount_raw, Waiver policy information URL, Other fees information URL, servicios_preservacion, Preservation Service: national library, Preservation information URL, Deposit policy directory, URL for deposit policy, identificadores_persistentes, Continues, Continued By, titulo_normalizado_doaj_dup, apc_monto_original, apc_moneda_original, tasa_usd_utilizada, apc_monto, apc_moneda, titulo_normalizado_facts_dup, is_hybrid, titulo_normalizado_openapc_dup, contraste_publindex_cuartil, ratio_citas_docs, sjr_score_zscore, h_index_zscore, sjr_score_minmax, h_index_minmax"
2463-1140,Signos,signos,CO,Ciencias Sociales,56,imputado,870.41,2290.55,True,False,"apc_monto, apc_moneda","issn_electronic, codigo_dane, institucion_editora_2, institucion_editora_3, rank, sourceid, tipo_publicacion, titulo_normalizado_scimago_dup, open_access, sjr_score, cuartil_sjr, h_index, total_docs, total_docs_3y, total_refs, total_citas_3y, docs_citables_3y, citas_por_doc_2y, refs_por_doc, pct_female, overton, cobertura, categorias, areas, titulo_alternativo, Other organisation, Country of other organisation, atributos_licencia, apc_amount_raw, Waiver policy information URL, Other fees information URL, servicios_preservacion, Preservation Service: national library, Preservation information URL, URL for deposit policy, identificadores_persistentes, Continues, Continued By, titulo_normalizado_doaj_dup, apc_monto_original, apc_moneda_original, tasa_usd_utilizada, apc_monto, apc_moneda, titulo_normalizado_facts_dup, is_hybrid, titulo_normalizado_openapc_dup, contraste_publindex_cuartil, ratio_citas_docs, sjr_score_zscore, h_index_zscore, sjr_score_minmax, h_index_minmax"
2357-3848,Revista De La Facultad De Medicina De La Universidad Nacional De Colombia,facultad medicina universidad nacional colombia,CO,Ciencias Médicas y de la Salud,57,observado,1564.49,4117.08,False,False,apc_metodo_imputacion,"institucion_editora_1, institucion_editora_2, institucion_editora_3, atributos_licencia, apc_amount_raw, Waiver policy information URL, Other fees information URL, Preservation Service: national library, Deposit policy directory, URL for deposit policy, Continues, Continued By, titulo_normalizado_doaj_dup, titulo_normalizado_facts_dup, titulo_normalizado_openapc_dup, apc_metodo_imputacion"
2011-1711,Vniversitas,vniversitas,CO,Ciencias Sociales,58,imputado,870.41,2290.55,True,False,"apc_monto, apc_moneda","issn_electronic, institucion_editora_2, institucion_editora_3, rank, sourceid, tipo_publicacion, titulo_normalizado_scimago_dup, open_access, sjr_score, cuartil_sjr, h_index, total_docs, total_docs_3y, total_refs, total_citas_3y, docs_citables_3y, citas_por_doc_2y, refs_por_doc, pct_female, overton, cobertura, categorias, areas, issn_impreso, atributos_licencia, cc_legible_maquina, apc_amount_raw, Waiver policy information URL, Other fees information URL, servicios_preservacion, Preservation Service: national library, Preservation information URL, Continues, Continued By, fecha_ultimo_articulo, titulo_normalizado_doaj_dup, apc_monto_original, apc_moneda_original, tasa_usd_utilizada, apc_monto, apc_moneda, titulo_normalizado_facts_dup, is_hybrid, titulo_normalizado_openapc_dup, contraste_publindex_cuartil, ratio_citas_docs, sjr_score_zscore, h_index_zscore, sjr_score_minmax, h_index_minmax"
2590-4604,Contaduría Universidad De Antioquia,contaduria universidad antioquia,CO,Ciencias Sociales,59,imputado,872.19,2295.24,True,False,"apc_monto, apc_moneda","issn_electronic, institucion_editora_2, institucion_editora_3, rank, sourceid, tipo_publicacion, titulo_normalizado_scimago_dup, open_access, sjr_score, cuartil_sjr, h_index, total_docs, total_docs_3y, total_refs, total_citas_3y, docs_citables_3y, citas_por_doc_2y, refs_por_doc, pct_female, overton, cobertura, categorias, areas, atributos_licencia, apc_amount_raw, Waiver policy information URL, Other fees information URL, Preservation Service: national library, Deposit policy directory, URL for deposit policy, Continues, Continued By, titulo_normalizado_doaj_dup, apc_monto_original, apc_moneda_original, tasa_usd_utilizada, apc_monto, apc_moneda, titulo_normalizado_facts_dup, is_hybrid, titulo_normalizado_openapc_dup, contraste_publindex_cuartil, ratio_citas_docs, sjr_score_zscore, h_index_zscore, sjr_score_minmax, h_index_minmax"
2011-799X,Mutatis Mutandis. Revista Latinoamericana De Traducción.,mutatis mutandis latinoamericana traduccion,CO,Humanidades,60,observado,1974.5,5196.05,False,False,apc_metodo_imputacion,"issn_electronic, institucion_editora_2, institucion_editora_3, issn_impreso, Other organisation, Country of other organisation, atributos_licencia, apc_amount_raw, Waiver policy information URL, Other fees information URL, servicios_preservacion, Preservation Service: national library, Preservation information URL, identificadores_persistentes, Continues, Continued By, titulo_normalizado_facts_dup, titulo_normalizado_openapc_dup, apc_metodo_imputacion"
2462-7658,Ciencia En Desarrollo,ciencia desarrollo,CO,Ciencias Naturales,61,imputado,1142.07,3005.45,True,False,"apc_monto, apc_moneda","issn_electronic, institucion_editora_2, institucion_editora_3, titulo_normalizado_scimago_dup, titulo_alternativo, issn_impreso, atributos_licencia, apc_amount_raw, Waiver policy information URL, Other fees information URL, servicios_preservacion, Preservation Service: national library, Preservation information URL, Continues, Continued By, fecha_ultimo_articulo, titulo_normalizado_doaj_dup, apc_monto_original, apc_moneda_original, tasa_usd_utilizada, apc_monto, apc_moneda, titulo_normalizado_facts_dup, is_hybrid, titulo_normalizado_openapc_dup"
2590-4671,Boletín De Investigaciones Marinas Y Costeras,investigaciones marinas costeras,CO,Ciencias Naturales,62,imputado,1094.18,2879.42,True,False,"apc_monto, apc_moneda","institucion_editora_2, institucion_editora_3, titulo_alternativo, issn_impreso, atributos_licencia, apc_amount_raw, Waiver policy information URL, Other fees information URL, servicios_preservacion, Preservation Service: national library, Preservation information URL, Deposit policy directory, URL for deposit policy, identificadores_persistentes, Continues, Continued By, titulo_normalizado_doaj_dup, apc_monto_original, apc_moneda_original, tasa_usd_utilizada, apc_monto, apc_moneda, titulo_normalizado_facts_dup, is_hybrid, titulo_normalizado_openapc_dup"
1909-0528,Via Inveniendi Et Iudicandi Revista Virtual,via inveniendi et iudicandi virtual,CO,Ciencias Sociales,63,observado,2890.36,7606.21,False,False,apc_metodo_imputacion,"issn_electronic, institucion_editora_2, institucion_editora_3, issn_impreso, Country of other organisation, atributos_licencia, cc_legible_maquina, Copyright information URL, apc_amount_raw, Waiver policy information URL, servicios_preservacion, Preservation Service: national library, Preservation information URL, Deposit policy directory, URL for deposit policy, identificadores_persistentes, Continues, Continued By, titulo_normalizado_facts_dup, titulo_normalizado_openapc_dup, apc_metodo_imputacion"
2665-6744,Estudios Gerenciales,estudios gerenciales,CO,Ciencias Sociales,64,imputado,870.76,2291.47,True,False,"apc_monto, apc_moneda","issn_electronic, institucion_editora_2, institucion_editora_3, rank, sourceid, tipo_publicacion, titulo_normalizado_scimago_dup, open_access, sjr_score, cuartil_sjr, h_index, total_docs, total_docs_3y, total_refs, total_citas_3y, docs_citables_3y, citas_por_doc_2y, refs_por_doc, pct_female, overton, cobertura, categorias, areas, atributos_licencia, cc_legible_maquina, apc_amount_raw, Waiver policy information URL, Other fees information URL, servicios_preservacion, Preservation Service: national library, Preservation information URL, Deposit policy directory, URL for deposit policy, Continues, Continued By, titulo_normalizado_doaj_dup, apc_monto_original, apc_moneda_original, tasa_usd_utilizada, apc_monto, apc_moneda, titulo_normalizado_facts_dup, is_hybrid, titulo_normalizado_openapc_dup, contraste_publindex_cuartil, ratio_citas_docs, sjr_score_zscore, h_index_zscore, sjr_score_minmax, h_index_minmax"
2256-358X,Estudios De Filosofía,estudios filosofia,CO,Humanidades,65,imputado,632.15,1663.55,True,False,"apc_monto, apc_moneda","issn_electronic, institucion_editora_2, institucion_editora_3, rank, sourceid, tipo_publicacion, titulo_normalizado_scimago_dup, open_access, sjr_score, cuartil_sjr, h_index, total_docs, total_docs_3y, total_refs, total_citas_3y, docs_citables_3y, citas_por_doc_2y, refs_por_doc, pct_female, overton, cobertura, categorias, areas, Country of other organisation, atributos_licencia, apc_amount_raw, Waiver policy information URL, Other fees information URL, servicios_preservacion, Preservation Service: national library, Preservation information URL, Deposit policy directory, URL for deposit policy, Continues, titulo_normalizado_doaj_dup, apc_monto_original, apc_moneda_original, tasa_usd_utilizada, apc_monto, apc_moneda, titulo_normalizado_facts_dup, is_hybrid, titulo_normalizado_openapc_dup, contraste_publindex_cuartil, ratio_citas_docs, sjr_score_zscore, h_index_zscore, sjr_score_minmax, h_index_minmax"
2027-212X,Revista Psicogente,psicogente,CO,Ciencias Sociales,66,imputado,890.24,2342.74,True,False,"apc_monto, apc_moneda","institucion_editora_2, institucion_editora_3, issn_impreso, Other organisation, Country of other organisation, atributos_licencia, apc_amount_raw, Waiver policy information URL, Other fees information URL, Preservation Service: national library, Deposit policy directory, URL for deposit policy, Continues, Continued By, titulo_normalizado_doaj_dup, apc_monto_original, apc_moneda_original, tasa_usd_utilizada, apc_monto, apc_moneda, titulo_normalizado_facts_dup, is_hybrid, titulo_normalizado_openapc_dup"
0121-4705,Análisis Político,analisis politico,CO,Ciencias Sociales,67,observado,2438.85,6418.03,False,False,apc_metodo_imputacion,"issn_electronic, issn_linking, institucion_editora_2, institucion_editora_3, issn_impreso, Country of other organisation, atributos_licencia, cc_legible_maquina, apc_amount_raw, Waiver policy information URL, servicios_preservacion, Preservation Service: national library, Preservation information URL, URL for deposit policy, Continues, Continued By, fecha_ultimo_articulo, titulo_normalizado_doaj_dup, titulo_normalizado_facts_dup, titulo_normalizado_openapc_dup, apc_metodo_imputacion"
2422-3182,Revista CEA,cea,CO,Ciencias Sociales,68,observado,689.29,1813.92,False,False,apc_metodo_imputacion,"issn_electronic, institucion_editora_2, institucion_editora_3, rank, sourceid, tipo_publicacion, titulo_normalizado_scimago_dup, open_access, sjr_score, cuartil_sjr, h_index, total_docs, total_docs_3y, total_refs, total_citas_3y, docs_citables_3y, citas_por_doc_2y, refs_por_doc, pct_female, overton, cobertura, categorias, areas, titulo_alternativo, Country of other organisation, atributos_licencia, Copyright information URL, apc_amount_raw, Waiver policy information URL, servicios_preservacion, Preservation Service: national library, Deposit policy directory, URL for deposit policy, Continues, Continued By, titulo_normalizado_doaj_dup, titulo_normalizado_facts_dup, titulo_normalizado_openapc_dup, apc_metodo_imputacion, contraste_publindex_cuartil, ratio_citas_docs, sjr_score_zscore, h_index_zscore, sjr_score_minmax, h_index_minmax"
2389-8755,Actualidades Pedagógicas,actualidades pedagogicas,CO,Ciencias Sociales,69,imputado,870.41,2290.55,True,False,"apc_monto, apc_moneda","issn_electronic, institucion_editora_2, institucion_editora_3, rank, sourceid, tipo_publicacion, titulo_normalizado_scimago_dup, open_access, sjr_score, cuartil_sjr, h_index, total_docs, total_docs_3y, total_refs, total_citas_3y, docs_citables_3y, citas_por_doc_2y, refs_por_doc, pct_female, overton, cobertura, categorias, areas, titulo_alternativo, issn_impreso, Country of other organisation, atributos_licencia, cc_legible_maquina, apc_amount_raw, servicios_preservacion, Preservation Service: national library, URL for deposit policy, Continues, Continued By, fecha_ultimo_articulo, titulo_normalizado_doaj_dup, apc_monto_original, apc_moneda_original, tasa_usd_utilizada, apc_monto, apc_moneda, titulo_normalizado_facts_dup, is_hybrid, titulo_normalizado_openapc_dup, contraste_publindex_cuartil, ratio_citas_docs, sjr_score_zscore, h_index_zscore, sjr_score_minmax, h_index_minmax"
2145-6453,Revista De Investigacion Agraria Ambiental,investigacion agraria ambiental,CO,Ciencias Agrícolas,70,imputado,1243.03,3271.13,True,False,"apc_monto, apc_moneda","issn_electronic, institucion_editora_2, institucion_editora_3, rank, sourceid, tipo_publicacion, titulo_normalizado_scimago_dup, open_access, sjr_score, cuartil_sjr, h_index, total_docs, total_docs_3y, total_refs, total_citas_3y, docs_citables_3y, citas_por_doc_2y, refs_por_doc, pct_female, overton, cobertura, categorias, areas, titulo_alternativo, Country of other organisation, atributos_licencia, cc_legible_maquina, Copyright information URL, apc_amount_raw, Waiver policy information URL, servicios_preservacion, Preservation Service: national library, Preservation information URL, Deposit policy directory, URL for deposit policy, identificadores_persistentes, Continues, Continued By, titulo_normalizado_doaj_dup, apc_monto_original, apc_moneda_original, tasa_usd_utilizada, apc_monto, apc_moneda, titulo_normalizado_facts_dup, is_hybrid, titulo_normalizado_openapc_dup, contraste_publindex_cuartil, ratio_citas_docs, sjr_score_zscore, h_index_zscore, sjr_score_minmax, h_index_minmax"
2248-4345,Semestre Económico,semestre economico,CO,Ciencias Sociales,71,observado,1974.77,5196.76,False,False,apc_metodo_imputacion,"issn_electronic, institucion_editora_2, institucion_editora_3, rank, sourceid, tipo_publicacion, titulo_normalizado_scimago_dup, open_access, sjr_score, cuartil_sjr, h_index, total_docs, total_docs_3y, total_refs, total_citas_3y, docs_citables_3y, citas_por_doc_2y, refs_por_doc, pct_female, overton, cobertura, categorias, areas, titulo_alternativo, atributos_licencia, cc_legible_maquina, apc_amount_raw, Waiver policy information URL, Other fees information URL, servicios_preservacion, Preservation Service: national library, Preservation information URL, Continues, Continued By, titulo_normalizado_doaj_dup, titulo_normalizado_facts_dup, titulo_normalizado_openapc_dup, apc_metodo_imputacion, contraste_publindex_cuartil, ratio_citas_docs, sjr_score_zscore, h_index_zscore, sjr_score_minmax, h_index_minmax"
2256-5442,Cuadernos De Geografía,geografia,CO,Ciencias Sociales,72,observado,449.28,1182.32,False,False,apc_metodo_imputacion,"issn_electronic, institucion_editora_1, institucion_editora_2, institucion_editora_3, rank, sourceid, tipo_publicacion, titulo_normalizado_scimago_dup, open_access, sjr_score, cuartil_sjr, h_index, total_docs, total_docs_3y, total_refs, total_citas_3y, docs_citables_3y, citas_por_doc_2y, refs_por_doc, pct_female, overton, cobertura, categorias, areas, titulo_alternativo, Country of other organisation, atributos_licencia, cc_legible_maquina, Copyright information URL, apc_amount_raw, Waiver policy information URL, Other fees information URL, Preservation Service: national library, URL for deposit policy, identificadores_persistentes, Continues, Continued By, titulo_normalizado_doaj_dup, titulo_normalizado_facts_dup, titulo_normalizado_openapc_dup, apc_metodo_imputacion, contraste_publindex_cuartil, ratio_citas_docs, sjr_score_zscore, h_index_zscore, sjr_score_minmax, h_index_minmax"
2382-4581,"Ct&F Ciencia, Tecnología Y Futuro",ct f ciencia tecnologia futuro,CO,Ingeniería y Tecnología,73,observado,974.19,2563.66,False,False,apc_metodo_imputacion,"institucion_editora_2, institucion_editora_3, issn_impreso, atributos_licencia, cc_legible_maquina, Other fees information URL, Preservation Service: national library, Deposit policy directory, URL for deposit policy, Continues, Continued By, titulo_normalizado_doaj_dup, titulo_normalizado_facts_dup, titulo_normalizado_openapc_dup, apc_metodo_imputacion"
1900-6152,Historia Crítica,historia critica,CO,Humanidades,74,observado,1205.28,3171.79,False,False,apc_metodo_imputacion,"institucion_editora_2, institucion_editora_3, titulo_alternativo, Country of other organisation, atributos_licencia, cc_legible_maquina, apc_amount_raw, Waiver policy information URL, Other fees information URL, servicios_preservacion, Preservation Service: national library, Preservation information URL, Continues, Continued By, fecha_ultimo_articulo, titulo_normalizado_doaj_dup, titulo_normalizado_facts_dup, titulo_normalizado_openapc_dup, apc_metodo_imputacion"
2256-5469,Forma Y Función,forma funcion,CO,Humanidades,75,imputado,632.51,1664.5,True,False,"apc_monto, apc_moneda","issn_electronic, institucion_editora_2, institucion_editora_3, rank, sourceid, tipo_publicacion, titulo_normalizado_scimago_dup, open_access, sjr_score, cuartil_sjr, h_index, total_docs, total_docs_3y, total_refs, total_citas_3y, docs_citables_3y, citas_por_doc_2y, refs_por_doc, pct_female, overton, cobertura, categorias, areas, Country of other organisation, atributos_licencia, cc_legible_maquina, apc_amount_raw, Waiver policy information URL, Other fees information URL, Preservation Service: national library, Continues, Continued By, titulo_normalizado_doaj_dup, apc_monto_original, apc_moneda_original, tasa_usd_utilizada, apc_monto, apc_moneda, titulo_normalizado_facts_dup, is_hybrid, titulo_normalizado_openapc_dup, contraste_publindex_cuartil, ratio_citas_docs, sjr_score_zscore, h_index_zscore, sjr_score_minmax, h_index_minmax"
2500-5421,Revista Interamericana De Investigación Educación Y Pedagogía,interamericana investigacion educacion pedagogia,CO,Ciencias Sociales,76,observado,1974.5,5196.05,False,False,apc_metodo_imputacion,"issn_electronic, institucion_editora_3, rank, sourceid, tipo_publicacion, titulo_normalizado_scimago_dup, open_access, sjr_score, cuartil_sjr, h_index, total_docs, total_docs_3y, total_refs, total_citas_3y, docs_citables_3y, citas_por_doc_2y, refs_por_doc, pct_female, overton, cobertura, categorias, areas, titulo_alternativo, Country of other organisation, atributos_licencia, cc_legible_maquina, apc_amount_raw, Waiver policy information URL, servicios_preservacion, Preservation Service: national library, Preservation information URL, Deposit policy directory, URL for deposit policy, identificadores_persistentes, Continues, Continued By, fecha_ultimo_articulo, titulo_normalizado_doaj_dup, titulo_normalizado_facts_dup, titulo_normalizado_openapc_dup, apc_metodo_imputacion, contraste_publindex_cuartil, ratio_citas_docs, sjr_score_zscore, h_index_zscore, sjr_score_minmax, h_index_minmax"
2248-7026,Revista Facultad Nacional De Agronomía - Medellín,facultad nacional agronomia medellin,CO,Ciencias Agrícolas,77,imputado,1242.68,3270.21,True,False,"apc_monto, apc_moneda","issn_electronic, institucion_editora_1, institucion_editora_2, institucion_editora_3, rank, sourceid, tipo_publicacion, titulo_normalizado_scimago_dup, open_access, sjr_score, cuartil_sjr, h_index, total_docs, total_docs_3y, total_refs, total_citas_3y, docs_citables_3y, citas_por_doc_2y, refs_por_doc, pct_female, overton, cobertura, categorias, areas, issn_impreso, Other organisation, atributos_licencia, cc_legible_maquina, apc_amount_raw, Waiver policy information URL, Other fees information URL, servicios_preservacion, Preservation Service: national library, Preservation information URL, Deposit policy directory, URL for deposit policy, Continues, Continued By, titulo_normalizado_doaj_dup, apc_monto_original, apc_moneda_original, tasa_usd_utilizada, apc_monto, apc_moneda, titulo_normalizado_facts_dup, is_hybrid, titulo_normalizado_openapc_dup, contraste_publindex_cuartil, ratio_citas_docs, sjr_score_zscore, h_index_zscore, sjr_score_minmax, h_index_minmax"
2216-135X,Encuentros,encuentros,CO,Ciencias Sociales,78,imputado,870.41,2290.55,True,False,"apc_monto, apc_moneda","issn_electronic, institucion_editora_2, institucion_editora_3, rank, sourceid, tipo_publicacion, titulo_normalizado_scimago_dup, open_access, sjr_score, cuartil_sjr, h_index, total_docs, total_docs_3y, total_refs, total_citas_3y, docs_citables_3y, citas_por_doc_2y, refs_por_doc, pct_female, overton, cobertura, categorias, areas, Country of other organisation, atributos_licencia, cc_legible_maquina, Copyright information URL, apc_amount_raw, Waiver policy information URL, servicios_preservacion, Preservation Service: national library, Preservation information URL, Deposit policy directory, URL for deposit policy, identificadores_persistentes, Continues, Continued By, titulo_normalizado_doaj_dup, apc_monto_original, apc_moneda_original, tasa_usd_utilizada, apc_monto, apc_moneda, titulo_normalizado_facts_dup, is_hybrid, titulo_normalizado_openapc_dup, contraste_publindex_cuartil, ratio_citas_docs, sjr_score_zscore, h_index_zscore, sjr_score_minmax, h_index_minmax"
2256-2273,Revista De Ciencias Agricolas,ciencias agricolas,CO,Ciencias Agrícolas,79,observado,2160.0,5684.21,False,False,apc_metodo_imputacion,"issn_electronic, institucion_editora_2, institucion_editora_3, titulo_normalizado_scimago_dup, Other organisation, Country of other organisation, atributos_licencia, cc_legible_maquina, apc_amount_raw, Waiver policy information URL, Preservation Service: national library, URL for deposit policy, Continues, Continued By, titulo_normalizado_doaj_dup, titulo_normalizado_facts_dup, titulo_normalizado_openapc_dup, apc_metodo_imputacion"
2027-7679,"Revista Latinoamericana De Ciencias Sociales, Niñez Y Juventud",latinoamericana ciencias sociales ninez juventud,CO,Ciencias Sociales,80,observado,1974.5,5196.05,False,False,apc_metodo_imputacion,"institucion_editora_3, issn_impreso, atributos_licencia, apc_amount_raw, Waiver policy information URL, Other fees information URL, Preservation Service: national library, Preservation information URL, Continues, Continued By, titulo_normalizado_doaj_dup, titulo_normalizado_facts_dup, titulo_normalizado_openapc_dup, apc_metodo_imputacion"
2145-4515,Avances En Psicología Latinoamericana,avances psicologia latinoamericana,CO,Ciencias Sociales,81,observado,1974.5,5196.05,False,False,apc_metodo_imputacion,"issn_electronic, institucion_editora_1, institucion_editora_2, institucion_editora_3, rank, sourceid, tipo_publicacion, titulo_normalizado_scimago_dup, open_access, sjr_score, cuartil_sjr, h_index, total_docs, total_docs_3y, total_refs, total_citas_3y, docs_citables_3y, citas_por_doc_2y, refs_por_doc, pct_female, overton, cobertura, categorias, areas, titulo_alternativo, issn_impreso, atributos_licencia, cc_legible_maquina, apc_amount_raw, Waiver policy information URL, Other fees information URL, servicios_preservacion, Preservation Service: national library, Preservation information URL, Deposit policy directory, URL for deposit policy, Continues, Continued By, fecha_ultimo_articulo, titulo_normalizado_doaj_dup, titulo_normalizado_facts_dup, titulo_normalizado_openapc_dup, apc_metodo_imputacion, contraste_publindex_cuartil, ratio_citas_docs, sjr_score_zscore, h_index_zscore, sjr_score_minmax, h_index_minmax"
2145-9444,Zona Proxima,zona proxima,CO,Ciencias Sociales,82,imputado,883.28,2324.42,True,False,"apc_monto, apc_moneda","issn_electronic, institucion_editora_2, institucion_editora_3, rank, sourceid, tipo_publicacion, titulo_normalizado_scimago_dup, editorial, open_access, sjr_score, cuartil_sjr, h_index, total_docs, total_docs_3y, total_refs, total_citas_3y, docs_citables_3y, citas_por_doc_2y, refs_por_doc, pct_female, overton, cobertura, categorias, areas, url_revista, url, When did the journal start to publish all content using an open license?, titulo_alternativo, issn_impreso, issn_electronico, palabras_clave, idiomas, pais_editorial, Other organisation, Country of other organisation, licencia, atributos_licencia, URL for license terms, cc_legible_maquina, autor_retiene_copyright, Copyright information URL, tipo_revision, Review process information URL, politica_plagio, URL for journal's aims & scope, URL for the Editorial Board page, URL for journal's instructions for authors, semanas_submission_publicacion, tiene_apc, APC information URL, apc_amount_raw, politica_exencion, Waiver policy information URL, tiene_otros_cobros, Other fees information URL, servicios_preservacion, Preservation Service: national library, Preservation information URL, Deposit policy directory, URL for deposit policy, identificadores_persistentes, cumple_oa, Continues, Continued By, codigos_lcc, subscribe_to_open, Mirror Journal, Open Journals Collective, materias, fecha_incorporacion, fecha_actualizacion, Last Full Review Date, num_articulos, fecha_ultimo_articulo, titulo_normalizado_doaj_dup, apc_monto_original, apc_moneda_original, tasa_usd_utilizada, apc_conversion_estado, apc_monto, apc_moneda, titulo_normalizado_facts_dup, is_hybrid, titulo_normalizado_openapc_dup, contraste_publindex_cuartil, semanas_pub, editorial_rapida, ratio_citas_docs, sjr_score_zscore, h_index_zscore, semanas_pub_zscore, sjr_score_minmax, h_index_minmax, semanas_pub_minmax"
1856-9536,"Anuario Electrónico De Estudios En Comunicación Social ""Disertarciones""",anuario electronico estudios comunicacion social disertarciones,CO,Ciencias Sociales,83,observado,324.05,852.76,False,False,apc_metodo_imputacion,"issn_electronic, issn_linking, institucion_editora_2, institucion_editora_3, titulo_alternativo, issn_impreso, Other organisation, Country of other organisation, atributos_licencia, apc_amount_raw, Waiver policy information URL, Other fees information URL, Preservation Service: national library, Deposit policy directory, URL for deposit policy, Continues, Continued By, Last Full Review Date, fecha_ultimo_articulo, titulo_normalizado_facts_dup, titulo_normalizado_openapc_dup, apc_metodo_imputacion"
2462-8115,Kepes,kepes,CO,Humanidades,84,imputado,634.65,1670.13,True,False,"apc_monto, apc_moneda","issn_electronic, institucion_editora_2, institucion_editora_3, rank, sourceid, tipo_publicacion, titulo_normalizado_scimago_dup, open_access, sjr_score, cuartil_sjr, h_index, total_docs, total_docs_3y, total_refs, total_citas_3y, docs_citables_3y, citas_por_doc_2y, refs_por_doc, pct_female, overton, cobertura, categorias, areas, Country of other organisation, atributos_licencia, apc_amount_raw, Waiver policy information URL, Other fees information URL, servicios_preservacion, Preservation Service: national library, Preservation information URL, Continues, Continued By, titulo_normalizado_doaj_dup, apc_monto_original, apc_moneda_original, tasa_usd_utilizada, apc_monto, apc_moneda, titulo_normalizado_facts_dup, is_hybrid, titulo_normalizado_openapc_dup, contraste_publindex_cuartil, ratio_citas_docs, sjr_score_zscore, h_index_zscore, sjr_score_minmax, h_index_minmax"
2619-189X,Civilizar,civilizar,CO,Ciencias Sociales,85,imputado,883.28,2324.42,True,False,"apc_monto, apc_moneda","issn_electronic, institucion_editora_2, institucion_editora_3, rank, sourceid, tipo_publicacion, titulo_normalizado_scimago_dup, editorial, open_access, sjr_score, cuartil_sjr, h_index, total_docs, total_docs_3y, total_refs, total_citas_3y, docs_citables_3y, citas_por_doc_2y, refs_por_doc, pct_female, overton, cobertura, categorias, areas, url_revista, url, When did the journal start to publish all content using an open license?, titulo_alternativo, issn_impreso, issn_electronico, palabras_clave, idiomas, pais_editorial, Other organisation, Country of other organisation, licencia, atributos_licencia, URL for license terms, cc_legible_maquina, autor_retiene_copyright, Copyright information URL, tipo_revision, Review process information URL, politica_plagio, URL for journal's aims & scope, URL for the Editorial Board page, URL for journal's instructions for authors, semanas_submission_publicacion, tiene_apc, APC information URL, apc_amount_raw, politica_exencion, Waiver policy information URL, tiene_otros_cobros, Other fees information URL, servicios_preservacion, Preservation Service: national library, Preservation information URL, Deposit policy directory, URL for deposit policy, identificadores_persistentes, cumple_oa, Continues, Continued By, codigos_lcc, subscribe_to_open, Mirror Journal, Open Journals Collective, materias, fecha_incorporacion, fecha_actualizacion, Last Full Review Date, num_articulos, fecha_ultimo_articulo, titulo_normalizado_doaj_dup, apc_monto_original, apc_moneda_original, tasa_usd_utilizada, apc_conversion_estado, apc_monto, apc_moneda, titulo_normalizado_facts_dup, is_hybrid, titulo_normalizado_openapc_dup, contraste_publindex_cuartil, semanas_pub, editorial_rapida, ratio_citas_docs, sjr_score_zscore, h_index_zscore, semanas_pub_zscore, sjr_score_minmax, h_index_minmax, semanas_pub_minmax"
2256-4314,Ingeniería Y Ciencia,ingenieria ciencia,CO,Ingeniería y Tecnología,86,imputado,1031.48,2714.42,True,False,"apc_monto, apc_moneda","issn_electronic, institucion_editora_2, institucion_editora_3, titulo_normalizado_scimago_dup, titulo_alternativo, issn_impreso, Other organisation, Country of other organisation, atributos_licencia, apc_amount_raw, Waiver policy information URL, Other fees information URL, servicios_preservacion, Preservation Service: national library, Preservation information URL, Continues, Continued By, titulo_normalizado_doaj_dup, apc_monto_original, apc_moneda_original, tasa_usd_utilizada, apc_monto, apc_moneda, titulo_normalizado_facts_dup, is_hybrid, titulo_normalizado_openapc_dup"
2665-3281,Pensamiento Psicológico,pensamiento psicologico,CO,Ciencias Sociales,87,imputado,872.19,2295.24,True,False,"apc_monto, apc_moneda","issn_electronic, institucion_editora_2, institucion_editora_3, rank, sourceid, tipo_publicacion, titulo_normalizado_scimago_dup, open_access, sjr_score, cuartil_sjr, h_index, total_docs, total_docs_3y, total_refs, total_citas_3y, docs_citables_3y, citas_por_doc_2y, refs_por_doc, pct_female, overton, cobertura, categorias, areas, titulo_alternativo, Other organisation, Country of other organisation, atributos_licencia, apc_amount_raw, Waiver policy information URL, Other fees information URL, Preservation Service: national library, Continues, Continued By, titulo_normalizado_doaj_dup, apc_monto_original, apc_moneda_original, tasa_usd_utilizada, apc_monto, apc_moneda, titulo_normalizado_facts_dup, is_hybrid, titulo_normalizado_openapc_dup, contraste_publindex_cuartil, ratio_citas_docs, sjr_score_zscore, h_index_zscore, sjr_score_minmax, h_index_minmax"
2011-3080,Revista Ces Psicología,ces psicologia,CO,Ciencias Sociales,88,observado,574.56,1512.0,False,False,apc_metodo_imputacion,"issn_electronic, institucion_editora_2, institucion_editora_3, titulo_alternativo, issn_impreso, atributos_licencia, cc_legible_maquina, apc_amount_raw, Waiver policy information URL, Other fees information URL, servicios_preservacion, Preservation Service: national library, Preservation information URL, Deposit policy directory, URL for deposit policy, Continues, Continued By, fecha_ultimo_articulo, titulo_normalizado_doaj_dup, titulo_normalizado_facts_dup, titulo_normalizado_openapc_dup, apc_metodo_imputacion"
2539-0279,Entramado,entramado,CO,Ciencias Sociales,89,imputado,872.91,2297.13,True,False,"apc_monto, apc_moneda","issn_electronic, institucion_editora_2, institucion_editora_3, rank, sourceid, tipo_publicacion, titulo_normalizado_scimago_dup, open_access, sjr_score, cuartil_sjr, h_index, total_docs, total_docs_3y, total_refs, total_citas_3y, docs_citables_3y, citas_por_doc_2y, refs_por_doc, pct_female, overton, cobertura, categorias, areas, issn_impreso, atributos_licencia, cc_legible_maquina, apc_amount_raw, Waiver policy information URL, Other fees information URL, servicios_preservacion, Preservation Service: national library, Preservation information URL, Deposit policy directory, URL for deposit policy, identificadores_persistentes, Continues, Continued By, fecha_ultimo_articulo, titulo_normalizado_doaj_dup, apc_monto_original, apc_moneda_original, tasa_usd_utilizada, apc_monto, apc_moneda, titulo_normalizado_facts_dup, is_hybrid, titulo_normalizado_openapc_dup, contraste_publindex_cuartil, ratio_citas_docs, sjr_score_zscore, h_index_zscore, sjr_score_minmax, h_index_minmax"
1794-0915,Ornitología Colombiana,ornitologia colombiana,CO,Ciencias Naturales,90,declarado,162.0,426.32,False,False,apc_metodo_imputacion,"issn_electronic, issn_linking, institucion_editora_1, institucion_editora_2, institucion_editora_3, issn_impreso, atributos_licencia, Waiver policy information URL, Preservation Service: national library, Deposit policy directory, URL for deposit policy, Continues, Continued By, titulo_normalizado_doaj_dup, titulo_normalizado_facts_dup, is_hybrid, titulo_normalizado_openapc_dup, apc_metodo_imputacion"
2145-8529,Revista Filosofía Uis,filosofia uis,CO,Humanidades,91,imputado,635.72,1672.95,True,False,"apc_monto, apc_moneda","institucion_editora_2, institucion_editora_3, titulo_normalizado_scimago_dup, Country of other organisation, atributos_licencia, apc_amount_raw, Waiver policy information URL, Other fees information URL, servicios_preservacion, Preservation Service: national library, Preservation information URL, Deposit policy directory, URL for deposit policy, Continues, titulo_normalizado_doaj_dup, apc_monto_original, apc_moneda_original, tasa_usd_utilizada, apc_monto, apc_moneda, titulo_normalizado_facts_dup, is_hybrid, titulo_normalizado_openapc_dup"
1794-5240,Médicas Uis,medicas uis,CO,Ciencias Médicas y de la Salud,92,observado,5590.21,14711.08,False,False,apc_metodo_imputacion,"issn_electronic, institucion_editora_2, institucion_editora_3, rank, sourceid, tipo_publicacion, titulo_normalizado_scimago_dup, open_access, sjr_score, cuartil_sjr, h_index, total_docs, total_docs_3y, total_refs, total_citas_3y, docs_citables_3y, citas_por_doc_2y, refs_por_doc, pct_female, overton, cobertura, categorias, areas, titulo_alternativo, atributos_licencia, apc_amount_raw, Waiver policy information URL, Other fees information URL, servicios_preservacion, Preservation Service: national library, Preservation information URL, Deposit policy directory, URL for deposit policy, Continues, Continued By, Last Full Review Date, titulo_normalizado_doaj_dup, titulo_normalizado_facts_dup, titulo_normalizado_openapc_dup, apc_metodo_imputacion, contraste_publindex_cuartil, ratio_citas_docs, sjr_score_zscore, h_index_zscore, sjr_score_minmax, h_index_minmax"
2463-0225,Revista Colombiana De Obstetricia Y Ginecología,colombiana obstetricia ginecologia,CO,Ciencias Médicas y de la Salud,93,declarado,350.0,921.05,False,False,apc_metodo_imputacion,"issn_electronic, institucion_editora_2, institucion_editora_3, titulo_normalizado_scimago_dup, titulo_alternativo, issn_impreso, atributos_licencia, cc_legible_maquina, Waiver policy information URL, Other fees information URL, Preservation Service: national library, Deposit policy directory, URL for deposit policy, Continues, Continued By, titulo_normalizado_doaj_dup, titulo_normalizado_facts_dup, is_hybrid, titulo_normalizado_openapc_dup, apc_metodo_imputacion"
2344-8644,Revista Colombiana De Psicología,colombiana psicologia,CO,Ciencias Sociales,94,imputado,884.35,2327.24,True,False,"apc_monto, apc_moneda","institucion_editora_2, institucion_editora_3, titulo_alternativo, issn_impreso, atributos_licencia, cc_legible_maquina, apc_amount_raw, Waiver policy information URL, Other fees information URL, servicios_preservacion, Preservation Service: national library, Preservation information URL, Deposit policy directory, URL for deposit policy, Continues, Continued By, fecha_ultimo_articulo, titulo_normalizado_doaj_dup, apc_monto_original, apc_moneda_original, tasa_usd_utilizada, apc_monto, apc_moneda, titulo_normalizado_facts_dup, is_hybrid, titulo_normalizado_openapc_dup"
2248-4337,Revista Cuadernos De Economía,economia,CO,Ciencias Sociales,95,observado,3140.96,8265.68,False,False,apc_metodo_imputacion,"institucion_editora_1, institucion_editora_2, institucion_editora_3, titulo_alternativo, atributos_licencia, apc_amount_raw, Waiver policy information URL, Other fees information URL, Preservation Service: national library, Deposit policy directory, URL for deposit policy, Continues, Continued By, titulo_normalizado_doaj_dup, titulo_normalizado_facts_dup, titulo_normalizado_openapc_dup, apc_metodo_imputacion"
2248-8723,Ingeniería E Investigación,ingenieria investigacion,CO,Ingeniería y Tecnología,96,imputado,1017.37,2677.29,True,False,"apc_monto, apc_moneda","institucion_editora_2, institucion_editora_3, Country of other organisation, atributos_licencia, apc_amount_raw, Waiver policy information URL, Other fees information URL, servicios_preservacion, Preservation Service: national library, Preservation information URL, Deposit policy directory, URL for deposit policy, Continues, Continued By, titulo_normalizado_doaj_dup, apc_monto_original, apc_moneda_original, tasa_usd_utilizada, apc_monto, apc_moneda, titulo_normalizado_facts_dup, is_hybrid, titulo_normalizado_openapc_dup"
2462-8190,Boletín Científico Del Museo De Historia Natural,cientifico museo historia natural,CO,Ciencias Naturales,97,observado,1205.28,3171.79,False,False,apc_metodo_imputacion,"issn_electronic, institucion_editora_2, institucion_editora_3, rank, sourceid, tipo_publicacion, titulo_normalizado_scimago_dup, open_access, sjr_score, cuartil_sjr, h_index, total_docs, total_docs_3y, total_refs, total_citas_3y, docs_citables_3y, citas_por_doc_2y, refs_por_doc, pct_female, overton, cobertura, categorias, areas, titulo_alternativo, Country of other organisation, atributos_licencia, cc_legible_maquina, Copyright information URL, apc_amount_raw, Waiver policy information URL, Other fees information URL, servicios_preservacion, Preservation Service: national library, Preservation information URL, Deposit policy directory, URL for deposit policy, identificadores_persistentes, Continues, Continued By, titulo_normalizado_doaj_dup, titulo_normalizado_facts_dup, titulo_normalizado_openapc_dup, apc_metodo_imputacion, contraste_publindex_cuartil, ratio_citas_docs, sjr_score_zscore, h_index_zscore, sjr_score_minmax, h_index_minmax"
2357-3260,Revista Colombiana De Cardiología,colombiana cardiologia,CO,Ciencias Médicas y de la Salud,98,declarado,162.0,426.32,False,False,apc_metodo_imputacion,"institucion_editora_2, institucion_editora_3, issn_impreso, atributos_licencia, Waiver policy information URL, Preservation Service: national library, Deposit policy directory, URL for deposit policy, Continues, Continued By, titulo_normalizado_doaj_dup, titulo_normalizado_facts_dup, is_hybrid, titulo_normalizado_openapc_dup, apc_metodo_imputacion"
0124-4035,Desafíos,desafios,CO,Ciencias Sociales,99,imputado,870.05,2289.61,True,False,"apc_monto, apc_moneda","issn_electronic, issn_linking, institucion_editora_2, institucion_editora_3, rank, sourceid, tipo_publicacion, titulo_normalizado_scimago_dup, open_access, sjr_score, cuartil_sjr, h_index, total_docs, total_docs_3y, total_refs, total_citas_3y, docs_citables_3y, citas_por_doc_2y, refs_por_doc, pct_female, overton, cobertura, categorias, areas, titulo_alternativo, Country of other organisation, atributos_licencia, cc_legible_maquina, Copyright information URL, apc_amount_raw, Waiver policy information URL, servicios_preservacion, Preservation Service: national library, Preservation information URL, Deposit policy directory, URL for deposit policy, Continues, Continued By, apc_monto_original, apc_moneda_original, tasa_usd_utilizada, apc_monto, apc_moneda, titulo_normalizado_facts_dup, is_hybrid, titulo_normalizado_openapc_dup, contraste_publindex_cuartil, ratio_citas_docs, sjr_score_zscore, h_index_zscore, sjr_score_minmax, h_index_minmax"
2346-2051,Revista Derecho Del Estado,derecho estado,CO,Ciencias Sociales,100,imputado,853.44,2245.89,True,False,"apc_monto, apc_moneda","institucion_editora_2, institucion_editora_3, issn_impreso, Other organisation, Country of other organisation, atributos_licencia, apc_amount_raw, Waiver policy information URL, Other fees information URL, servicios_preservacion, Preservation Service: national library, Preservation information URL, Deposit policy directory, URL for deposit policy, Continues, Continued By, titulo_normalizado_doaj_dup, apc_monto_original, apc_moneda_original, tasa_usd_utilizada, apc_monto, apc_moneda, titulo_normalizado_facts_dup, is_hybrid, titulo_normalizado_openapc_dup"
0123-8418,Territorios,territorios,CO,Ciencias Sociales,101,imputado,874.7,2301.84,True,False,"apc_monto, apc_moneda","issn_linking, codigo_dane, institucion_editora_2, institucion_editora_3, titulo_alternativo, Other organisation, Country of other organisation, atributos_licencia, cc_legible_maquina, apc_amount_raw, Waiver policy information URL, Other fees information URL, servicios_preservacion, Preservation Service: national library, Preservation information URL, Deposit policy directory, URL for deposit policy, Continues, Continued By, apc_monto_original, apc_moneda_original, tasa_usd_utilizada, apc_monto, apc_moneda, titulo_normalizado_facts_dup, is_hybrid, titulo_normalizado_openapc_dup"
1909-7735,Ciencia E Ingeniería Neogranadina,ciencia ingenieria neogranadina,CO,Ingeniería y Tecnología,102,observado,1950.48,5132.84,False,False,apc_metodo_imputacion,"issn_electronic, institucion_editora_2, institucion_editora_3, rank, sourceid, tipo_publicacion, titulo_normalizado_scimago_dup, open_access, sjr_score, cuartil_sjr, h_index, total_docs, total_docs_3y, total_refs, total_citas_3y, docs_citables_3y, citas_por_doc_2y, refs_por_doc, pct_female, overton, cobertura, categorias, areas, Country of other organisation, atributos_licencia, apc_amount_raw, Waiver policy information URL, Other fees information URL, servicios_preservacion, Preservation Service: national library, Preservation information URL, Deposit policy directory, URL for deposit policy, Continues, Continued By, titulo_normalizado_doaj_dup, titulo_normalizado_facts_dup, titulo_normalizado_openapc_dup, apc_metodo_imputacion, contraste_publindex_cuartil, ratio_citas_docs, sjr_score_zscore, h_index_zscore, sjr_score_minmax, h_index_minmax"
2357-6014,Ingenieria Solidaria,ingenieria solidaria,CO,Ingeniería y Tecnología,103,imputado,1008.79,2654.71,True,False,"apc_monto, apc_moneda","issn_electronic, institucion_editora_2, institucion_editora_3, rank, sourceid, tipo_publicacion, titulo_normalizado_scimago_dup, open_access, sjr_score, cuartil_sjr, h_index, total_docs, total_docs_3y, total_refs, total_citas_3y, docs_citables_3y, citas_por_doc_2y, refs_por_doc, pct_female, overton, cobertura, categorias, areas, Country of other organisation, atributos_licencia, apc_amount_raw, Waiver policy information URL, Other fees information URL, servicios_preservacion, Preservation Service: national library, Preservation information URL, Deposit policy directory, URL for deposit policy, Continues, Continued By, titulo_normalizado_doaj_dup, apc_monto_original, apc_moneda_original, tasa_usd_utilizada, apc_monto, apc_moneda, titulo_normalizado_facts_dup, is_hybrid, titulo_normalizado_openapc_dup, contraste_publindex_cuartil, ratio_citas_docs, sjr_score_zscore, h_index_zscore, sjr_score_minmax, h_index_minmax"
2011-7477,Eidos,eidos,CO,Humanidades,104,imputado,632.15,1663.55,True,False,"apc_monto, apc_moneda","issn_print, issn_electronic, institucion_editora_2, institucion_editora_3, rank, sourceid, tipo_publicacion, titulo_normalizado_scimago_dup, open_access, sjr_score, cuartil_sjr, h_index, total_docs, total_docs_3y, total_refs, total_citas_3y, docs_citables_3y, citas_por_doc_2y, refs_por_doc, pct_female, overton, cobertura, categorias, areas, Other organisation, Country of other organisation, atributos_licencia, apc_amount_raw, Waiver policy information URL, Other fees information URL, servicios_preservacion, Preservation Service: national library, Preservation information URL, Continues, Continued By, titulo_normalizado_doaj_dup, apc_monto_original, apc_moneda_original, tasa_usd_utilizada, apc_monto, apc_moneda, titulo_normalizado_facts_dup, is_hybrid, titulo_normalizado_openapc_dup, contraste_publindex_cuartil, ratio_citas_docs, sjr_score_zscore, h_index_zscore, sjr_score_minmax, h_index_minmax"
2346-0261,Avances De Enfermería,avances enfermeria,CO,Ciencias Médicas y de la Salud,105,imputado,1272.15,3347.76,True,False,"apc_monto, apc_moneda","issn_electronic, institucion_editora_2, institucion_editora_3, rank, sourceid, tipo_publicacion, titulo_normalizado_scimago_dup, open_access, sjr_score, cuartil_sjr, h_index, total_docs, total_docs_3y, total_refs, total_citas_3y, docs_citables_3y, citas_por_doc_2y, refs_por_doc, pct_female, overton, cobertura, categorias, areas, Other organisation, Country of other organisation, atributos_licencia, cc_legible_maquina, apc_amount_raw, Waiver policy information URL, Other fees information URL, servicios_preservacion, Preservation Service: national library, Preservation information URL, Deposit policy directory, URL for deposit policy, identificadores_persistentes, Continues, Continued By, titulo_normalizado_doaj_dup, apc_monto_original, apc_moneda_original, tasa_usd_utilizada, apc_monto, apc_moneda, titulo_normalizado_facts_dup, is_hybrid, titulo_normalizado_openapc_dup, contraste_publindex_cuartil, ratio_citas_docs, sjr_score_zscore, h_index_zscore, sjr_score_minmax, h_index_minmax"
2145-2660,Vitae,vitae,CO,Ciencias Médicas y de la Salud,106,observado,1270.36,3343.05,False,False,apc_metodo_imputacion,"institucion_editora_2, institucion_editora_3, titulo_alternativo, Other organisation, Country of other organisation, atributos_licencia, apc_amount_raw, Waiver policy information URL, Other fees information URL, servicios_preservacion, Preservation Service: national library, Preservation information URL, Deposit policy directory, URL for deposit policy, Continues, Continued By, Last Full Review Date, titulo_normalizado_doaj_dup, titulo_normalizado_facts_dup, titulo_normalizado_openapc_dup, apc_metodo_imputacion"
2256-2958,Revista Colombiana De Ciencias Pecuarias,colombiana ciencias pecuarias,CO,Ciencias Agrícolas,107,observado,2160.0,5684.21,False,False,apc_metodo_imputacion,"institucion_editora_2, institucion_editora_3, titulo_alternativo, Other organisation, Country of other organisation, atributos_licencia, cc_legible_maquina, Waiver policy information URL, Other fees information URL, servicios_preservacion, Preservation Service: national library, Preservation information URL, Deposit policy directory, URL for deposit policy, Continues, Continued By, titulo_normalizado_doaj_dup, titulo_normalizado_facts_dup, titulo_normalizado_openapc_dup, apc_metodo_imputacion"
1909-2474,Revista Luna Azul,luna azul,CO,Ciencias Sociales,108,imputado,892.03,2347.45,True,False,"apc_monto, apc_moneda","institucion_editora_2, institucion_editora_3, url_revista, url, When did the journal start to publish all content using an open license?, titulo_alternativo, issn_impreso, issn_electronico, palabras_clave, idiomas, pais_editorial, Other organisation, Country of other organisation, licencia, atributos_licencia, URL for license terms, cc_legible_maquina, autor_retiene_copyright, Copyright information URL, tipo_revision, Review process information URL, politica_plagio, URL for journal's aims & scope, URL for the Editorial Board page, URL for journal's instructions for authors, semanas_submission_publicacion, tiene_apc, APC information URL, apc_amount_raw, politica_exencion, Waiver policy information URL, tiene_otros_cobros, Other fees information URL, servicios_preservacion, Preservation Service: national library, Preservation information URL, Deposit policy directory, URL for deposit policy, identificadores_persistentes, cumple_oa, Continues, Continued By, codigos_lcc, subscribe_to_open, Mirror Journal, Open Journals Collective, materias, fecha_incorporacion, fecha_actualizacion, Last Full Review Date, num_articulos, fecha_ultimo_articulo, titulo_normalizado_doaj_dup, apc_monto_original, apc_moneda_original, tasa_usd_utilizada, apc_conversion_estado, apc_monto, apc_moneda, titulo_normalizado_facts_dup, is_hybrid, titulo_normalizado_openapc_dup, semanas_pub, editorial_rapida, semanas_pub_zscore, semanas_pub_minmax"
2145-941X,Pensamiento & Gestión,pensamiento gestion,CO,Ciencias Sociales,109,imputado,872.19,2295.24,True,False,"apc_monto, apc_moneda","issn_electronic, institucion_editora_2, institucion_editora_3, rank, sourceid, tipo_publicacion, titulo_normalizado_scimago_dup, open_access, sjr_score, cuartil_sjr, h_index, total_docs, total_docs_3y, total_refs, total_citas_3y, docs_citables_3y, citas_por_doc_2y, refs_por_doc, pct_female, overton, cobertura, categorias, areas, titulo_alternativo, Other organisation, Country of other organisation, atributos_licencia, apc_amount_raw, Waiver policy information URL, Other fees information URL, Preservation Service: national library, Continues, Continued By, titulo_normalizado_doaj_dup, apc_monto_original, apc_moneda_original, tasa_usd_utilizada, apc_monto, apc_moneda, titulo_normalizado_facts_dup, is_hybrid, titulo_normalizado_openapc_dup, contraste_publindex_cuartil, ratio_citas_docs, sjr_score_zscore, h_index_zscore, sjr_score_minmax, h_index_minmax"
2422-3794,Infectio,infectio,CO,Ciencias Médicas y de la Salud,110,observado,2889.08,7602.84,False,False,apc_metodo_imputacion,"institucion_editora_2, institucion_editora_3, titulo_alternativo, issn_impreso, atributos_licencia, Other fees information URL, Deposit policy directory, URL for deposit policy, Continues, Continued By, titulo_normalizado_doaj_dup, titulo_normalizado_facts_dup, titulo_normalizado_openapc_dup, apc_metodo_imputacion"
1900-7205,Cuadernos De Administración,administracion,CO,Ciencias Sociales,111,imputado,899.89,2368.13,True,False,"apc_monto, apc_moneda","institucion_editora_2, institucion_editora_3, titulo_alternativo, issn_impreso, atributos_licencia, cc_legible_maquina, apc_amount_raw, Waiver policy information URL, Other fees information URL, Preservation Service: national library, Deposit policy directory, URL for deposit policy, Continues, Continued By, titulo_normalizado_doaj_dup, apc_monto_original, apc_moneda_original, tasa_usd_utilizada, apc_monto, apc_moneda, titulo_normalizado_facts_dup, is_hybrid, titulo_normalizado_openapc_dup"
2256-5450,"Literatura: Teoria, Historia, Critica",literatura teoria historia critica,CO,Humanidades,112,observado,1205.28,3171.79,False,False,apc_metodo_imputacion,"issn_electronic, institucion_editora_1, institucion_editora_2, institucion_editora_3, rank, sourceid, tipo_publicacion, titulo_normalizado_scimago_dup, open_access, sjr_score, cuartil_sjr, h_index, total_docs, total_docs_3y, total_refs, total_citas_3y, docs_citables_3y, citas_por_doc_2y, refs_por_doc, pct_female, overton, cobertura, categorias, areas, titulo_alternativo, Country of other organisation, atributos_licencia, cc_legible_maquina, Copyright information URL, apc_amount_raw, Waiver policy information URL, Other fees information URL, servicios_preservacion, Preservation Service: national library, Preservation information URL, Deposit policy directory, URL for deposit policy, identificadores_persistentes, Continues, Continued By, titulo_normalizado_doaj_dup, titulo_normalizado_facts_dup, titulo_normalizado_openapc_dup, apc_metodo_imputacion, contraste_publindex_cuartil, ratio_citas_docs, sjr_score_zscore, h_index_zscore, sjr_score_minmax, h_index_minmax"
2389-7872,Jangwa Pana,jangwa pana,CO,Humanidades,113,imputado,645.38,1698.37,True,False,"apc_monto, apc_moneda","issn_electronic, institucion_editora_2, institucion_editora_3, rank, sourceid, tipo_publicacion, titulo_normalizado_scimago_dup, editorial, open_access, sjr_score, cuartil_sjr, h_index, total_docs, total_docs_3y, total_refs, total_citas_3y, docs_citables_3y, citas_por_doc_2y, refs_por_doc, pct_female, overton, cobertura, categorias, areas, url_revista, url, When did the journal start to publish all content using an open license?, titulo_alternativo, issn_impreso, issn_electronico, palabras_clave, idiomas, pais_editorial, Other organisation, Country of other organisation, licencia, atributos_licencia, URL for license terms, cc_legible_maquina, autor_retiene_copyright, Copyright information URL, tipo_revision, Review process information URL, politica_plagio, URL for journal's aims & scope, URL for the Editorial Board page, URL for journal's instructions for authors, semanas_submission_publicacion, tiene_apc, APC information URL, apc_amount_raw, politica_exencion, Waiver policy information URL, tiene_otros_cobros, Other fees information URL, servicios_preservacion, Preservation Service: national library, Preservation information URL, Deposit policy directory, URL for deposit policy, identificadores_persistentes, cumple_oa, Continues, Continued By, codigos_lcc, subscribe_to_open, Mirror Journal, Open Journals Collective, materias, fecha_incorporacion, fecha_actualizacion, Last Full Review Date, num_articulos, fecha_ultimo_articulo, titulo_normalizado_doaj_dup, apc_monto_original, apc_moneda_original, tasa_usd_utilizada, apc_conversion_estado, apc_monto, apc_moneda, titulo_normalizado_facts_dup, is_hybrid, titulo_normalizado_openapc_dup, contraste_publindex_cuartil, semanas_pub, editorial_rapida, ratio_citas_docs, sjr_score_zscore, h_index_zscore, semanas_pub_zscore, sjr_score_minmax, h_index_minmax, semanas_pub_minmax"
2357-626X,Revista De Arquitectura,arquitectura,CO,Humanidades,114,observado,3065.04,8065.89,False,False,apc_metodo_imputacion,"issn_electronic, institucion_editora_2, institucion_editora_3, rank, sourceid, tipo_publicacion, titulo_normalizado_scimago_dup, open_access, sjr_score, cuartil_sjr, h_index, total_docs, total_docs_3y, total_refs, total_citas_3y, docs_citables_3y, citas_por_doc_2y, refs_por_doc, pct_female, overton, cobertura, categorias, areas, issn_impreso, Other organisation, Country of other organisation, atributos_licencia, apc_amount_raw, Waiver policy information URL, Other fees information URL, servicios_preservacion, Preservation Service: national library, Preservation information URL, Deposit policy directory, URL for deposit policy, Continues, Continued By, titulo_normalizado_doaj_dup, titulo_normalizado_facts_dup, titulo_normalizado_openapc_dup, apc_metodo_imputacion, contraste_publindex_cuartil, ratio_citas_docs, sjr_score_zscore, h_index_zscore, sjr_score_minmax, h_index_minmax"
2346-2426,Universitas Philosophica,universitas philosophica,CO,Humanidades,115,observado,2435.58,6409.42,False,False,apc_metodo_imputacion,"issn_electronic, institucion_editora_2, institucion_editora_3, issn_impreso, atributos_licencia, cc_legible_maquina, apc_amount_raw, Waiver policy information URL, Other fees information URL, servicios_preservacion, Preservation Service: national library, Preservation information URL, Continues, Continued By, fecha_ultimo_articulo, titulo_normalizado_doaj_dup, titulo_normalizado_facts_dup, titulo_normalizado_openapc_dup, apc_metodo_imputacion"
2145-0366,Aletheia,aletheia,CO,Ciencias Sociales,116,imputado,870.41,2290.55,True,False,"apc_monto, apc_moneda","issn_electronic, institucion_editora_2, institucion_editora_3, rank, sourceid, tipo_publicacion, titulo_normalizado_scimago_dup, open_access, sjr_score, cuartil_sjr, h_index, total_docs, total_docs_3y, total_refs, total_citas_3y, docs_citables_3y, citas_por_doc_2y, refs_por_doc, pct_female, overton, cobertura, categorias, areas, issn_impreso, Other organisation, Country of other organisation, atributos_licencia, apc_amount_raw, Waiver policy information URL, Other fees information URL, servicios_preservacion, Preservation Service: national library, Preservation information URL, Deposit policy directory, URL for deposit policy, identificadores_persistentes, Continues, Continued By, titulo_normalizado_doaj_dup, apc_monto_original, apc_moneda_original, tasa_usd_utilizada, apc_monto, apc_moneda, titulo_normalizado_facts_dup, is_hybrid, titulo_normalizado_openapc_dup, contraste_publindex_cuartil, ratio_citas_docs, sjr_score_zscore, h_index_zscore, sjr_score_minmax, h_index_minmax"
2711-0044,En Contexto,contexto,CO,Ciencias Sociales,117,imputado,870.41,2290.55,True,False,"apc_monto, apc_moneda","issn_electronic, institucion_editora_2, institucion_editora_3, rank, sourceid, tipo_publicacion, titulo_normalizado_scimago_dup, open_access, sjr_score, cuartil_sjr, h_index, total_docs, total_docs_3y, total_refs, total_citas_3y, docs_citables_3y, citas_por_doc_2y, refs_por_doc, pct_female, overton, cobertura, categorias, areas, Country of other organisation, atributos_licencia, cc_legible_maquina, apc_amount_raw, Waiver policy information URL, Other fees information URL, servicios_preservacion, Preservation Service: national library, Preservation information URL, URL for deposit policy, identificadores_persistentes, Continues, Continued By, fecha_ultimo_articulo, titulo_normalizado_doaj_dup, apc_monto_original, apc_moneda_original, tasa_usd_utilizada, apc_monto, apc_moneda, titulo_normalizado_facts_dup, is_hybrid, titulo_normalizado_openapc_dup, contraste_publindex_cuartil, ratio_citas_docs, sjr_score_zscore, h_index_zscore, sjr_score_minmax, h_index_minmax"
2027-8284,Ingeniería Y Competitividad,ingenieria competitividad,CO,Ingeniería y Tecnología,118,imputado,1008.79,2654.71,True,False,"apc_monto, apc_moneda","issn_electronic, institucion_editora_2, institucion_editora_3, rank, sourceid, tipo_publicacion, titulo_normalizado_scimago_dup, open_access, sjr_score, cuartil_sjr, h_index, total_docs, total_docs_3y, total_refs, total_citas_3y, docs_citables_3y, citas_por_doc_2y, refs_por_doc, pct_female, overton, cobertura, categorias, areas, Country of other organisation, atributos_licencia, apc_amount_raw, Waiver policy information URL, Other fees information URL, servicios_preservacion, Preservation Service: national library, Preservation information URL, Deposit policy directory, URL for deposit policy, Continues, Continued By, titulo_normalizado_doaj_dup, apc_monto_original, apc_moneda_original, tasa_usd_utilizada, apc_monto, apc_moneda, titulo_normalizado_facts_dup, is_hybrid, titulo_normalizado_openapc_dup, contraste_publindex_cuartil, ratio_citas_docs, sjr_score_zscore, h_index_zscore, sjr_score_minmax, h_index_minmax"
2027-5358,Educación Y Educadores,educacion educadores,CO,Ciencias Sociales,119,imputado,872.91,2297.13,True,False,"apc_monto, apc_moneda","issn_electronic, institucion_editora_2, institucion_editora_3, rank, sourceid, tipo_publicacion, titulo_normalizado_scimago_dup, open_access, sjr_score, cuartil_sjr, h_index, total_docs, total_docs_3y, total_refs, total_citas_3y, docs_citables_3y, citas_por_doc_2y, refs_por_doc, pct_female, overton, cobertura, categorias, areas, titulo_alternativo, Country of other organisation, atributos_licencia, cc_legible_maquina, apc_amount_raw, Waiver policy information URL, servicios_preservacion, Preservation Service: national library, Preservation information URL, Deposit policy directory, URL for deposit policy, identificadores_persistentes, Continues, Continued By, fecha_ultimo_articulo, titulo_normalizado_doaj_dup, apc_monto_original, apc_moneda_original, tasa_usd_utilizada, apc_monto, apc_moneda, titulo_normalizado_facts_dup, is_hybrid, titulo_normalizado_openapc_dup, contraste_publindex_cuartil, ratio_citas_docs, sjr_score_zscore, h_index_zscore, sjr_score_minmax, h_index_minmax"
2011-7574,Investigación & Desarrollo,investigacion desarrollo,CO,Ciencias Sociales,120,imputado,881.49,2319.71,True,False,"apc_monto, apc_moneda","issn_electronic, institucion_editora_2, institucion_editora_3, titulo_normalizado_scimago_dup, titulo_alternativo, Country of other organisation, atributos_licencia, cc_legible_maquina, apc_amount_raw, Waiver policy information URL, servicios_preservacion, Preservation Service: national library, Preservation information URL, Deposit policy directory, URL for deposit policy, Continues, Continued By, titulo_normalizado_doaj_dup, apc_monto_original, apc_moneda_original, tasa_usd_utilizada, apc_monto, apc_moneda, titulo_normalizado_facts_dup, is_hybrid, titulo_normalizado_openapc_dup"
2145-7719,Revista Ces Derecho,ces derecho,CO,Ciencias Sociales,121,imputado,894.17,2353.08,True,False,"apc_monto, apc_moneda","institucion_editora_2, institucion_editora_3, titulo_normalizado_scimago_dup, issn_impreso, Other organisation, Country of other organisation, atributos_licencia, apc_amount_raw, Waiver policy information URL, Other fees information URL, servicios_preservacion, Preservation Service: national library, Preservation information URL, Deposit policy directory, URL for deposit policy, Continues, Continued By, titulo_normalizado_doaj_dup, apc_monto_original, apc_moneda_original, tasa_usd_utilizada, apc_monto, apc_moneda, titulo_normalizado_facts_dup, is_hybrid, titulo_normalizado_openapc_dup"
1692-7125,@Limenth,limenth,CO,Ingeniería y Tecnología,122,imputado,1003.43,2640.61,True,False,"apc_monto, apc_moneda","issn_electronic, issn_linking, institucion_editora_2, institucion_editora_3, rank, sourceid, tipo_publicacion, titulo_normalizado_scimago_dup, open_access, sjr_score, cuartil_sjr, h_index, total_docs, total_docs_3y, total_refs, total_citas_3y, docs_citables_3y, citas_por_doc_2y, refs_por_doc, pct_female, overton, cobertura, categorias, areas, issn_impreso, Other organisation, Country of other organisation, atributos_licencia, apc_amount_raw, Waiver policy information URL, Other fees information URL, servicios_preservacion, Preservation Service: national library, Preservation information URL, Deposit policy directory, URL for deposit policy, identificadores_persistentes, Continues, Continued By, titulo_normalizado_doaj_dup, apc_monto_original, apc_moneda_original, tasa_usd_utilizada, apc_monto, apc_moneda, titulo_normalizado_facts_dup, is_hybrid, titulo_normalizado_openapc_dup, contraste_publindex_cuartil, ratio_citas_docs, sjr_score_zscore, h_index_zscore, sjr_score_minmax, h_index_minmax"
2539-4711,Fronteras De La Historia,fronteras historia,CO,Humanidades,123,observado,1205.28,3171.79,False,False,apc_metodo_imputacion,"institucion_editora_2, institucion_editora_3, titulo_alternativo, Country of other organisation, atributos_licencia, cc_legible_maquina, Copyright information URL, apc_amount_raw, Waiver policy information URL, Other fees information URL, servicios_preservacion, Preservation Service: national library, Preservation information URL, Deposit policy directory, URL for deposit policy, identificadores_persistentes, Continues, Continued By, titulo_normalizado_doaj_dup, titulo_normalizado_facts_dup, titulo_normalizado_openapc_dup, apc_metodo_imputacion"
1900-1649,Acta Biológica Colombiana,biologica colombiana,CO,Ciencias Naturales,124,observado,2382.53,6269.82,False,False,apc_metodo_imputacion,"issn_electronic, institucion_editora_2, institucion_editora_3, titulo_normalizado_scimago_dup, Other organisation, Country of other organisation, atributos_licencia, Waiver policy information URL, Other fees information URL, servicios_preservacion, Preservation Service: national library, Preservation information URL, Deposit policy directory, URL for deposit policy, Continues, Continued By, fecha_ultimo_articulo, titulo_normalizado_doaj_dup, titulo_normalizado_facts_dup, titulo_normalizado_openapc_dup, apc_metodo_imputacion"
2500-5286,Iusta,iusta,CO,Ciencias Sociales,125,imputado,883.28,2324.42,True,False,"apc_monto, apc_moneda","issn_electronic, institucion_editora_2, institucion_editora_3, rank, sourceid, tipo_publicacion, titulo_normalizado_scimago_dup, editorial, open_access, sjr_score, cuartil_sjr, h_index, total_docs, total_docs_3y, total_refs, total_citas_3y, docs_citables_3y, citas_por_doc_2y, refs_por_doc, pct_female, overton, cobertura, categorias, areas, url_revista, url, When did the journal start to publish all content using an open license?, titulo_alternativo, issn_impreso, issn_electronico, palabras_clave, idiomas, pais_editorial, Other organisation, Country of other organisation, licencia, atributos_licencia, URL for license terms, cc_legible_maquina, autor_retiene_copyright, Copyright information URL, tipo_revision, Review process information URL, politica_plagio, URL for journal's aims & scope, URL for the Editorial Board page, URL for journal's instructions for authors, semanas_submission_publicacion, tiene_apc, APC information URL, apc_amount_raw, politica_exencion, Waiver policy information URL, tiene_otros_cobros, Other fees information URL, servicios_preservacion, Preservation Service: national library, Preservation information URL, Deposit policy directory, URL for deposit policy, identificadores_persistentes, cumple_oa, Continues, Continued By, codigos_lcc, subscribe_to_open, Mirror Journal, Open Journals Collective, materias, fecha_incorporacion, fecha_actualizacion, Last Full Review Date, num_articulos, fecha_ultimo_articulo, titulo_normalizado_doaj_dup, apc_monto_original, apc_moneda_original, tasa_usd_utilizada, apc_conversion_estado, apc_monto, apc_moneda, titulo_normalizado_facts_dup, is_hybrid, titulo_normalizado_openapc_dup, contraste_publindex_cuartil, semanas_pub, editorial_rapida, ratio_citas_docs, sjr_score_zscore, h_index_zscore, semanas_pub_zscore, sjr_score_minmax, h_index_minmax, semanas_pub_minmax"
2323-0134,Revista Colombiana De Educación,colombiana educacion,CO,Ciencias Sociales,126,imputado,870.05,2289.61,True,False,"apc_monto, apc_moneda","institucion_editora_2, institucion_editora_3, titulo_alternativo, Country of other organisation, atributos_licencia, cc_legible_maquina, apc_amount_raw, Waiver policy information URL, servicios_preservacion, Preservation Service: national library, Preservation information URL, Deposit policy directory, URL for deposit policy, identificadores_persistentes, Continues, Continued By, fecha_ultimo_articulo, titulo_normalizado_doaj_dup, apc_monto_original, apc_moneda_original, tasa_usd_utilizada, apc_monto, apc_moneda, titulo_normalizado_facts_dup, is_hybrid, titulo_normalizado_openapc_dup"
2215-9959,"Cuadernos De Música, Artes Visuales Y Artes Escénicas",musica artes visuales artes escenicas,CO,Humanidades,127,observado,3423.6,9009.47,False,False,apc_metodo_imputacion,"issn_electronic, institucion_editora_2, institucion_editora_3, rank, sourceid, tipo_publicacion, titulo_normalizado_scimago_dup, open_access, sjr_score, cuartil_sjr, h_index, total_docs, total_docs_3y, total_refs, total_citas_3y, docs_citables_3y, citas_por_doc_2y, refs_por_doc, pct_female, overton, cobertura, categorias, areas, issn_impreso, Other organisation, Country of other organisation, atributos_licencia, apc_amount_raw, Waiver policy information URL, Other fees information URL, servicios_preservacion, Preservation Service: national library, Preservation information URL, Deposit policy directory, URL for deposit policy, Continues, Continued By, fecha_ultimo_articulo, titulo_normalizado_doaj_dup, titulo_normalizado_facts_dup, titulo_normalizado_openapc_dup, apc_metodo_imputacion, contraste_publindex_cuartil, ratio_citas_docs, sjr_score_zscore, h_index_zscore, sjr_score_minmax, h_index_minmax"
2256-5647,Anuario Colombiano De Historia Social,anuario colombiano historia social,CO,Humanidades,128,observado,1205.28,3171.79,False,False,apc_metodo_imputacion,"issn_electronic, institucion_editora_2, institucion_editora_3, rank, sourceid, tipo_publicacion, titulo_normalizado_scimago_dup, open_access, sjr_score, cuartil_sjr, h_index, total_docs, total_docs_3y, total_refs, total_citas_3y, docs_citables_3y, citas_por_doc_2y, refs_por_doc, pct_female, overton, cobertura, categorias, areas, titulo_alternativo, Country of other organisation, atributos_licencia, cc_legible_maquina, Copyright information URL, apc_amount_raw, Waiver policy information URL, Other fees information URL, servicios_preservacion, Preservation Service: national library, Preservation information URL, Deposit policy directory, URL for deposit policy, identificadores_persistentes, Continues, Continued By, titulo_normalizado_doaj_dup, titulo_normalizado_facts_dup, titulo_normalizado_openapc_dup, apc_metodo_imputacion, contraste_publindex_cuartil, ratio_citas_docs, sjr_score_zscore, h_index_zscore, sjr_score_minmax, h_index_minmax"
2011-7663,Finanzas Y Política Económica,finanzas politica economica,CO,Ciencias Sociales,129,observado,1974.77,5196.76,False,False,apc_metodo_imputacion,"issn_electronic, institucion_editora_2, institucion_editora_3, rank, sourceid, tipo_publicacion, titulo_normalizado_scimago_dup, open_access, sjr_score, cuartil_sjr, h_index, total_docs, total_docs_3y, total_refs, total_citas_3y, docs_citables_3y, citas_por_doc_2y, refs_por_doc, pct_female, overton, cobertura, categorias, areas, titulo_alternativo, issn_electronico, Country of other organisation, atributos_licencia, cc_legible_maquina, Waiver policy information URL, servicios_preservacion, Preservation Service: national library, Deposit policy directory, URL for deposit policy, identificadores_persistentes, Continues, Continued By, titulo_normalizado_doaj_dup, titulo_normalizado_facts_dup, titulo_normalizado_openapc_dup, apc_metodo_imputacion, contraste_publindex_cuartil, ratio_citas_docs, sjr_score_zscore, h_index_zscore, sjr_score_minmax, h_index_minmax"
2248-7638,Tecnura,tecnura,CO,Ingeniería y Tecnología,130,imputado,1006.64,2649.05,True,False,"apc_monto, apc_moneda","issn_electronic, institucion_editora_2, institucion_editora_3, rank, sourceid, tipo_publicacion, titulo_normalizado_scimago_dup, open_access, sjr_score, cuartil_sjr, h_index, total_docs, total_docs_3y, total_refs, total_citas_3y, docs_citables_3y, citas_por_doc_2y, refs_por_doc, pct_female, overton, cobertura, categorias, areas, titulo_alternativo, atributos_licencia, apc_amount_raw, Waiver policy information URL, Other fees information URL, servicios_preservacion, Preservation Service: national library, Preservation information URL, Deposit policy directory, URL for deposit policy, identificadores_persistentes, Continues, Continued By, fecha_ultimo_articulo, titulo_normalizado_doaj_dup, apc_monto_original, apc_moneda_original, tasa_usd_utilizada, apc_monto, apc_moneda, titulo_normalizado_facts_dup, is_hybrid, titulo_normalizado_openapc_dup, contraste_publindex_cuartil, ratio_citas_docs, sjr_score_zscore, h_index_zscore, sjr_score_minmax, h_index_minmax"
2390-0032,Escritos,escritos,CO,Humanidades,131,imputado,635.72,1672.95,True,False,"apc_monto, apc_moneda","issn_electronic, institucion_editora_2, institucion_editora_3, rank, sourceid, tipo_publicacion, titulo_normalizado_scimago_dup, open_access, sjr_score, cuartil_sjr, h_index, total_docs, total_docs_3y, total_refs, total_citas_3y, docs_citables_3y, citas_por_doc_2y, refs_por_doc, pct_female, overton, cobertura, categorias, areas, titulo_alternativo, atributos_licencia, apc_amount_raw, Waiver policy information URL, Other fees information URL, servicios_preservacion, Preservation Service: national library, Preservation information URL, Deposit policy directory, URL for deposit policy, identificadores_persistentes, Continues, Continued By, fecha_ultimo_articulo, titulo_normalizado_doaj_dup, apc_monto_original, apc_moneda_original, tasa_usd_utilizada, apc_monto, apc_moneda, titulo_normalizado_facts_dup, is_hybrid, titulo_normalizado_openapc_dup, contraste_publindex_cuartil, ratio_citas_docs, sjr_score_zscore, h_index_zscore, sjr_score_minmax, h_index_minmax"
2216-1368,Prospectiva,prospectiva,CO,Ingeniería y Tecnología,132,observado,3065.04,8065.89,False,False,apc_metodo_imputacion,"issn_electronic, institucion_editora_3, rank, sourceid, tipo_publicacion, titulo_normalizado_scimago_dup, open_access, sjr_score, cuartil_sjr, h_index, total_docs, total_docs_3y, total_refs, total_citas_3y, docs_citables_3y, citas_por_doc_2y, refs_por_doc, pct_female, overton, cobertura, categorias, areas, Country of other organisation, atributos_licencia, cc_legible_maquina, apc_amount_raw, Waiver policy information URL, servicios_preservacion, Preservation Service: national library, Preservation information URL, Deposit policy directory, URL for deposit policy, identificadores_persistentes, Continues, Continued By, fecha_ultimo_articulo, titulo_normalizado_doaj_dup, titulo_normalizado_facts_dup, titulo_normalizado_openapc_dup, apc_metodo_imputacion, contraste_publindex_cuartil, ratio_citas_docs, sjr_score_zscore, h_index_zscore, sjr_score_minmax, h_index_minmax"
1909-7700,Revista Med,med,CO,Ciencias Médicas y de la Salud,133,observado,1695.48,4461.79,False,False,apc_metodo_imputacion,"institucion_editora_2, institucion_editora_3, titulo_normalizado_scimago_dup, titulo_alternativo, Country of other organisation, atributos_licencia, Other fees information URL, Preservation Service: national library, Continues, Continued By, Last Full Review Date, titulo_normalizado_doaj_dup, titulo_normalizado_facts_dup, titulo_normalizado_openapc_dup, apc_metodo_imputacion"
2539-1208,Co-Herencia,co herencia,CO,Humanidades,134,imputado,632.86,1665.42,True,False,"apc_monto, apc_moneda","issn_electronic, institucion_editora_2, institucion_editora_3, rank, sourceid, tipo_publicacion, titulo_normalizado_scimago_dup, open_access, sjr_score, cuartil_sjr, h_index, total_docs, total_docs_3y, total_refs, total_citas_3y, docs_citables_3y, citas_por_doc_2y, refs_por_doc, pct_female, overton, cobertura, categorias, areas, titulo_alternativo, issn_impreso, Country of other organisation, atributos_licencia, cc_legible_maquina, Copyright information URL, apc_amount_raw, Waiver policy information URL, servicios_preservacion, Preservation Service: national library, Preservation information URL, URL for deposit policy, identificadores_persistentes, Continues, Continued By, fecha_ultimo_articulo, titulo_normalizado_doaj_dup, apc_monto_original, apc_moneda_original, tasa_usd_utilizada, apc_monto, apc_moneda, titulo_normalizado_facts_dup, is_hybrid, titulo_normalizado_openapc_dup, contraste_publindex_cuartil, ratio_citas_docs, sjr_score_zscore, h_index_zscore, sjr_score_minmax, h_index_minmax"
2145-4507,Revista Ciencias De La Salud,ciencias salud,CO,Ciencias Médicas y de la Salud,135,observado,2160.0,5684.21,False,False,apc_metodo_imputacion,"institucion_editora_1, institucion_editora_2, institucion_editora_3, titulo_alternativo, issn_impreso, atributos_licencia, apc_amount_raw, Waiver policy information URL, Other fees information URL, servicios_preservacion, Preservation Service: national library, Preservation information URL, Deposit policy directory, URL for deposit policy, Continues, Continued By, titulo_normalizado_doaj_dup, titulo_normalizado_facts_dup, titulo_normalizado_openapc_dup, apc_metodo_imputacion"
2256-5027,Revista Republicana,republicana,CO,Ciencias Sociales,136,imputado,870.76,2291.47,True,False,"apc_monto, apc_moneda","issn_electronic, institucion_editora_2, institucion_editora_3, rank, sourceid, tipo_publicacion, titulo_normalizado_scimago_dup, open_access, sjr_score, cuartil_sjr, h_index, total_docs, total_docs_3y, total_refs, total_citas_3y, docs_citables_3y, citas_por_doc_2y, refs_por_doc, pct_female, overton, cobertura, categorias, areas, atributos_licencia, cc_legible_maquina, apc_amount_raw, Waiver policy information URL, Other fees information URL, Preservation Service: national library, Deposit policy directory, URL for deposit policy, Continues, Continued By, titulo_normalizado_doaj_dup, apc_monto_original, apc_moneda_original, tasa_usd_utilizada, apc_monto, apc_moneda, titulo_normalizado_facts_dup, is_hybrid, titulo_normalizado_openapc_dup, contraste_publindex_cuartil, ratio_citas_docs, sjr_score_zscore, h_index_zscore, sjr_score_minmax, h_index_minmax"
2145-8464,Salud Uis,salud uis,CO,Ciencias Médicas y de la Salud,137,imputado,1283.6,3377.89,True,False,"apc_monto, apc_moneda","issn_electronic, codigo_dane, institucion_editora_2, institucion_editora_3, titulo_normalizado_scimago_dup, titulo_alternativo, Other organisation, Country of other organisation, atributos_licencia, apc_amount_raw, Waiver policy information URL, Other fees information URL, servicios_preservacion, Preservation Service: national library, Preservation information URL, Continues, Continued By, titulo_normalizado_doaj_dup, apc_monto_original, apc_moneda_original, tasa_usd_utilizada, apc_monto, apc_moneda, titulo_normalizado_facts_dup, is_hybrid, titulo_normalizado_openapc_dup"
2665-4814,Cs,cs,CO,Ciencias Sociales,138,observado,1069.2,2813.68,False,False,apc_metodo_imputacion,"issn_electronic, institucion_editora_2, institucion_editora_3, rank, sourceid, tipo_publicacion, titulo_normalizado_scimago_dup, open_access, sjr_score, cuartil_sjr, h_index, total_docs, total_docs_3y, total_refs, total_citas_3y, docs_citables_3y, citas_por_doc_2y, refs_por_doc, pct_female, overton, cobertura, categorias, areas, titulo_alternativo, Other organisation, Country of other organisation, atributos_licencia, cc_legible_maquina, Copyright information URL, apc_amount_raw, Waiver policy information URL, Other fees information URL, servicios_preservacion, Preservation Service: national library, Preservation information URL, Deposit policy directory, URL for deposit policy, identificadores_persistentes, Continues, Continued By, titulo_normalizado_doaj_dup, titulo_normalizado_facts_dup, titulo_normalizado_openapc_dup, apc_metodo_imputacion, contraste_publindex_cuartil, ratio_citas_docs, sjr_score_zscore, h_index_zscore, sjr_score_minmax, h_index_minmax"
2389-7856,Praxis,praxis,CO,Ciencias Sociales,139,observado,2570.4,6764.21,False,False,apc_metodo_imputacion,"issn_electronic, institucion_editora_2, institucion_editora_3, rank, sourceid, tipo_publicacion, titulo_normalizado_scimago_dup, open_access, sjr_score, cuartil_sjr, h_index, total_docs, total_docs_3y, total_refs, total_citas_3y, docs_citables_3y, citas_por_doc_2y, refs_por_doc, pct_female, overton, cobertura, categorias, areas, titulo_alternativo, Country of other organisation, atributos_licencia, Copyright information URL, apc_amount_raw, Waiver policy information URL, Other fees information URL, servicios_preservacion, Preservation Service: national library, Preservation information URL, URL for deposit policy, identificadores_persistentes, Continues, Continued By, fecha_ultimo_articulo, titulo_normalizado_doaj_dup, titulo_normalizado_facts_dup, titulo_normalizado_openapc_dup, apc_metodo_imputacion, contraste_publindex_cuartil, ratio_citas_docs, sjr_score_zscore, h_index_zscore, sjr_score_minmax, h_index_minmax"
2463-0950,Revista Eia,eia,CO,Ingeniería y Tecnología,140,imputado,1003.07,2639.66,True,False,"apc_monto, apc_moneda","issn_electronic, institucion_editora_2, institucion_editora_3, rank, sourceid, tipo_publicacion, titulo_normalizado_scimago_dup, open_access, sjr_score, cuartil_sjr, h_index, total_docs, total_docs_3y, total_refs, total_citas_3y, docs_citables_3y, citas_por_doc_2y, refs_por_doc, pct_female, overton, cobertura, categorias, areas, titulo_alternativo, Other organisation, Country of other organisation, atributos_licencia, apc_amount_raw, Waiver policy information URL, servicios_preservacion, Preservation Service: national library, Deposit policy directory, URL for deposit policy, Continues, Continued By, titulo_normalizado_doaj_dup, apc_monto_original, apc_moneda_original, tasa_usd_utilizada, apc_monto, apc_moneda, titulo_normalizado_facts_dup, is_hybrid, titulo_normalizado_openapc_dup, contraste_publindex_cuartil, ratio_citas_docs, sjr_score_zscore, h_index_zscore, sjr_score_minmax, h_index_minmax"
0120-0534,Revista Latinoamericana De Psicología,latinoamericana psicologia,CO,Ciencias Sociales,141,observado,1974.5,5196.05,False,False,apc_metodo_imputacion,"issn_electronic, issn_linking, institucion_editora_2, institucion_editora_3, titulo_alternativo, issn_impreso, atributos_licencia, cc_legible_maquina, apc_amount_raw, Waiver policy information URL, Other fees information URL, servicios_preservacion, Preservation Service: national library, Preservation information URL, Deposit policy directory, URL for deposit policy, Continues, Continued By, fecha_ultimo_articulo, titulo_normalizado_doaj_dup, titulo_normalizado_facts_dup, titulo_normalizado_openapc_dup, apc_metodo_imputacion"
2539-472X,Revista Colombiana De Antropología,colombiana antropologia,CO,Ciencias Sociales,142,imputado,850.93,2239.29,True,False,"apc_monto, apc_moneda","institucion_editora_2, institucion_editora_3, Other organisation, Country of other organisation, atributos_licencia, cc_legible_maquina, apc_amount_raw, Waiver policy information URL, Other fees information URL, servicios_preservacion, Preservation Service: national library, Preservation information URL, Deposit policy directory, URL for deposit policy, identificadores_persistentes, Continues, Continued By, fecha_ultimo_articulo, titulo_normalizado_doaj_dup, apc_monto_original, apc_moneda_original, tasa_usd_utilizada, apc_monto, apc_moneda, titulo_normalizado_facts_dup, is_hybrid, titulo_normalizado_openapc_dup"
1794-9920,Face Revista De La Facultad De Ciencias Economicas U De Pamplona,face facultad ciencias economicas u pamplona,CO,Ciencias Sociales,143,observado,1974.77,5196.76,False,False,apc_metodo_imputacion,"issn_electronic, issn_linking, institucion_editora_2, institucion_editora_3, rank, sourceid, tipo_publicacion, titulo_normalizado_scimago_dup, open_access, sjr_score, cuartil_sjr, h_index, total_docs, total_docs_3y, total_refs, total_citas_3y, docs_citables_3y, citas_por_doc_2y, refs_por_doc, pct_female, overton, cobertura, categorias, areas, titulo_alternativo, issn_electronico, Country of other organisation, atributos_licencia, cc_legible_maquina, Waiver policy information URL, servicios_preservacion, Preservation Service: national library, Deposit policy directory, URL for deposit policy, identificadores_persistentes, Continues, Continued By, titulo_normalizado_doaj_dup, titulo_normalizado_facts_dup, titulo_normalizado_openapc_dup, apc_metodo_imputacion, contraste_publindex_cuartil, ratio_citas_docs, sjr_score_zscore, h_index_zscore, sjr_score_minmax, h_index_minmax"
2619-2551,Revista U.D.C.A. Actualidad & Divulgación Científica,u d c actualidad divulgacion cientifica,CO,Ciencias Agrícolas,144,observado,966.76,2544.11,False,False,apc_metodo_imputacion,"institucion_editora_2, institucion_editora_3, Other organisation, Country of other organisation, atributos_licencia, apc_amount_raw, Waiver policy information URL, Other fees information URL, servicios_preservacion, Preservation Service: national library, Preservation information URL, Continues, Continued By, titulo_normalizado_doaj_dup, titulo_normalizado_facts_dup, titulo_normalizado_openapc_dup, apc_metodo_imputacion"
2462-859X,Revista Latinoamericana De Bioetica/Latinamerican Journal Of Bioethics,latinoamericana bioetica latinamerican bioethics,CO,Humanidades,145,observado,2691.72,7083.47,False,False,apc_metodo_imputacion,"issn_electronic, institucion_editora_2, institucion_editora_3, rank, sourceid, tipo_publicacion, titulo_normalizado_scimago_dup, open_access, sjr_score, cuartil_sjr, h_index, total_docs, total_docs_3y, total_refs, total_citas_3y, docs_citables_3y, citas_por_doc_2y, refs_por_doc, pct_female, overton, cobertura, categorias, areas, issn_impreso, atributos_licencia, apc_amount_raw, Waiver policy information URL, Other fees information URL, Preservation Service: national library, Preservation information URL, Continues, Continued By, titulo_normalizado_doaj_dup, titulo_normalizado_facts_dup, titulo_normalizado_openapc_dup, apc_metodo_imputacion, contraste_publindex_cuartil, ratio_citas_docs, sjr_score_zscore, h_index_zscore, sjr_score_minmax, h_index_minmax"
2011-2742,Tabula Rasa,tabula rasa,CO,Ciencias Sociales,146,imputado,870.05,2289.61,True,False,"apc_monto, apc_moneda","issn_electronic, institucion_editora_2, institucion_editora_3, rank, sourceid, tipo_publicacion, titulo_normalizado_scimago_dup, open_access, sjr_score, cuartil_sjr, h_index, total_docs, total_docs_3y, total_refs, total_citas_3y, docs_citables_3y, citas_por_doc_2y, refs_por_doc, pct_female, overton, cobertura, categorias, areas, titulo_alternativo, Other organisation, Country of other organisation, atributos_licencia, cc_legible_maquina, apc_amount_raw, Waiver policy information URL, Other fees information URL, Preservation Service: national library, Continues, Continued By, titulo_normalizado_doaj_dup, apc_monto_original, apc_moneda_original, tasa_usd_utilizada, apc_monto, apc_moneda, titulo_normalizado_facts_dup, is_hybrid, titulo_normalizado_openapc_dup, contraste_publindex_cuartil, ratio_citas_docs, sjr_score_zscore, h_index_zscore, sjr_score_minmax, h_index_minmax"
2382-4018,Collectivus. Revista de Ciencias Sociales,collectivus ciencias sociales,CO,Humanidades,147,observado,2160.0,5684.21,False,False,apc_metodo_imputacion,"issn_electronic, institucion_editora_2, institucion_editora_3, rank, sourceid, tipo_publicacion, titulo_normalizado_scimago_dup, open_access, sjr_score, cuartil_sjr, h_index, total_docs, total_docs_3y, total_refs, total_citas_3y, docs_citables_3y, citas_por_doc_2y, refs_por_doc, pct_female, overton, cobertura, categorias, areas, titulo_alternativo, issn_impreso, Country of other organisation, atributos_licencia, cc_legible_maquina, Copyright information URL, apc_amount_raw, Waiver policy information URL, servicios_preservacion, Preservation Service: national library, Preservation information URL, Deposit policy directory, URL for deposit policy, identificadores_persistentes, Continues, Continued By, titulo_normalizado_facts_dup, titulo_normalizado_openapc_dup, apc_metodo_imputacion, contraste_publindex_cuartil, ratio_citas_docs, sjr_score_zscore, h_index_zscore, sjr_score_minmax, h_index_minmax"
2322-9675,Trashumante,trashumante,CO,Humanidades,148,observado,2827.44,7440.63,False,False,apc_metodo_imputacion,"institucion_editora_2, institucion_editora_3, titulo_alternativo, atributos_licencia, apc_amount_raw, Waiver policy information URL, Other fees information URL, servicios_preservacion, Preservation Service: national library, Preservation information URL, Continues, Continued By, titulo_normalizado_doaj_dup, titulo_normalizado_facts_dup, titulo_normalizado_openapc_dup, apc_metodo_imputacion"
2389-7724,Cultura Educacion Y Sociedad,cultura educacion sociedad,CO,Ciencias Sociales,149,imputado,870.05,2289.61,True,False,"apc_monto, apc_moneda","issn_electronic, institucion_editora_2, institucion_editora_3, rank, sourceid, tipo_publicacion, titulo_normalizado_scimago_dup, open_access, sjr_score, cuartil_sjr, h_index, total_docs, total_docs_3y, total_refs, total_citas_3y, docs_citables_3y, citas_por_doc_2y, refs_por_doc, pct_female, overton, cobertura, categorias, areas, issn_impreso, Country of other organisation, atributos_licencia, cc_legible_maquina, Copyright information URL, apc_amount_raw, Waiver policy information URL, servicios_preservacion, Preservation Service: national library, Preservation information URL, Deposit policy directory, URL for deposit policy, identificadores_persistentes, Continues, Continued By, titulo_normalizado_doaj_dup, apc_monto_original, apc_moneda_original, tasa_usd_utilizada, apc_monto, apc_moneda, titulo_normalizado_facts_dup, is_hybrid, titulo_normalizado_openapc_dup, contraste_publindex_cuartil, ratio_citas_docs, sjr_score_zscore, h_index_zscore, sjr_score_minmax, h_index_minmax"
2344-8350,Revista Científica,cientifica,CO,Ingeniería y Tecnología,150,observado,966.76,2544.11,False,False,apc_metodo_imputacion,"issn_electronic, institucion_editora_2, institucion_editora_3, rank, sourceid, tipo_publicacion, titulo_normalizado_scimago_dup, open_access, sjr_score, cuartil_sjr, h_index, total_docs, total_docs_3y, total_refs, total_citas_3y, docs_citables_3y, citas_por_doc_2y, refs_por_doc, pct_female, overton, cobertura, categorias, areas, Other organisation, Country of other organisation, atributos_licencia, apc_amount_raw, Waiver policy information URL, Other fees information URL, servicios_preservacion, Preservation Service: national library, Preservation information URL, Continues, Continued By, titulo_normalizado_doaj_dup, titulo_normalizado_facts_dup, titulo_normalizado_openapc_dup, apc_metodo_imputacion, contraste_publindex_cuartil, ratio_citas_docs, sjr_score_zscore, h_index_zscore, sjr_score_minmax, h_index_minmax"
2357-4100,Revista Colombiana De Matemáticas,colombiana matematicas,CO,Ciencias Naturales,151,observado,2518.03,6626.39,False,False,apc_metodo_imputacion,"institucion_editora_2, institucion_editora_3, titulo_normalizado_scimago_dup, titulo_alternativo, Country of other organisation, atributos_licencia, cc_legible_maquina, apc_amount_raw, Waiver policy information URL, Preservation Service: national library, URL for deposit policy, Continues, Continued By, fecha_ultimo_articulo, titulo_normalizado_doaj_dup, titulo_normalizado_facts_dup, titulo_normalizado_openapc_dup, apc_metodo_imputacion"
0120-5587,Lingüística Y Literatura,linguistica literatura,CO,Humanidades,152,observado,2570.4,6764.21,False,False,apc_metodo_imputacion,"issn_electronic, issn_linking, institucion_editora_2, institucion_editora_3, rank, sourceid, tipo_publicacion, titulo_normalizado_scimago_dup, open_access, sjr_score, cuartil_sjr, h_index, total_docs, total_docs_3y, total_refs, total_citas_3y, docs_citables_3y, citas_por_doc_2y, refs_por_doc, pct_female, overton, cobertura, categorias, areas, titulo_alternativo, atributos_licencia, cc_legible_maquina, apc_amount_raw, Waiver policy information URL, Other fees information URL, servicios_preservacion, Preservation Service: national library, Preservation information URL, Deposit policy directory, URL for deposit policy, Continues, Continued By, titulo_normalizado_doaj_dup, titulo_normalizado_facts_dup, titulo_normalizado_openapc_dup, apc_metodo_imputacion, contraste_publindex_cuartil, ratio_citas_docs, sjr_score_zscore, h_index_zscore, sjr_score_minmax, h_index_minmax"
2346-1829,Cuadernos De Lingüística Hispánica,linguistica hispanica,CO,Humanidades,153,observado,2049.98,5394.68,False,False,apc_metodo_imputacion,"institucion_editora_2, institucion_editora_3, titulo_alternativo, atributos_licencia, apc_amount_raw, Waiver policy information URL, Other fees information URL, servicios_preservacion, Preservation Service: national library, Preservation information URL, Deposit policy directory, URL for deposit policy, Continues, Continued By, titulo_normalizado_doaj_dup, titulo_normalizado_facts_dup, titulo_normalizado_openapc_dup, apc_metodo_imputacion"
2462-9448,Nova: Publicación Científica En Ciencias Médicas,nova publicacion cientifica ciencias medicas,CO,Ciencias Naturales,154,observado,3132.0,8242.11,False,False,apc_metodo_imputacion,"issn_electronic, codigo_dane, institucion_editora_3, rank, sourceid, tipo_publicacion, titulo_normalizado_scimago_dup, open_access, sjr_score, cuartil_sjr, h_index, total_docs, total_docs_3y, total_refs, total_citas_3y, docs_citables_3y, citas_por_doc_2y, refs_por_doc, pct_female, overton, cobertura, categorias, areas, atributos_licencia, cc_legible_maquina, apc_amount_raw, Waiver policy information URL, Other fees information URL, Preservation Service: national library, Deposit policy directory, URL for deposit policy, Continues, Continued By, titulo_normalizado_doaj_dup, titulo_normalizado_facts_dup, titulo_normalizado_openapc_dup, apc_metodo_imputacion, contraste_publindex_cuartil, ratio_citas_docs, sjr_score_zscore, h_index_zscore, sjr_score_minmax, h_index_minmax"
2344-8652,Investigación e Innovación en Ingenierías,investigacion innovacion ingenierias,CO,Ingeniería y Tecnología,155,imputado,1003.07,2639.66,True,False,"apc_monto, apc_moneda","issn_electronic, institucion_editora_2, institucion_editora_3, rank, sourceid, tipo_publicacion, titulo_normalizado_scimago_dup, open_access, sjr_score, cuartil_sjr, h_index, total_docs, total_docs_3y, total_refs, total_citas_3y, docs_citables_3y, citas_por_doc_2y, refs_por_doc, pct_female, overton, cobertura, categorias, areas, titulo_alternativo, issn_impreso, Other organisation, Country of other organisation, atributos_licencia, apc_amount_raw, Waiver policy information URL, Other fees information URL, servicios_preservacion, Preservation Service: national library, Preservation information URL, Deposit policy directory, URL for deposit policy, Continues, Continued By, apc_monto_original, apc_moneda_original, tasa_usd_utilizada, apc_monto, apc_moneda, titulo_normalizado_facts_dup, is_hybrid, titulo_normalizado_openapc_dup, contraste_publindex_cuartil, ratio_citas_docs, sjr_score_zscore, h_index_zscore, sjr_score_minmax, h_index_minmax"
2462-8425,Hacia La Promoción De La Salud,hacia promocion salud,CO,Ciencias Médicas y de la Salud,156,imputado,1283.6,3377.89,True,False,"apc_monto, apc_moneda","issn_electronic, institucion_editora_2, institucion_editora_3, titulo_normalizado_scimago_dup, titulo_alternativo, issn_impreso, Other organisation, Country of other organisation, atributos_licencia, Copyright information URL, apc_amount_raw, Waiver policy information URL, servicios_preservacion, Preservation Service: national library, Preservation information URL, Deposit policy directory, URL for deposit policy, identificadores_persistentes, Continues, Continued By, titulo_normalizado_doaj_dup, apc_monto_original, apc_moneda_original, tasa_usd_utilizada, apc_monto, apc_moneda, titulo_normalizado_facts_dup, is_hybrid, titulo_normalizado_openapc_dup"
2256-5485,Revista Colombiana De Sociología,colombiana sociologia,CO,Ciencias Sociales,157,observado,2706.3,7121.84,False,False,apc_metodo_imputacion,"institucion_editora_1, institucion_editora_2, institucion_editora_3, titulo_normalizado_scimago_dup, titulo_alternativo, Other organisation, Country of other organisation, atributos_licencia, cc_legible_maquina, apc_amount_raw, Waiver policy information URL, Other fees information URL, servicios_preservacion, Preservation Service: national library, Preservation information URL, Deposit policy directory, URL for deposit policy, Continues, Continued By, titulo_normalizado_doaj_dup, titulo_normalizado_facts_dup, titulo_normalizado_openapc_dup, apc_metodo_imputacion"
2346-3864,La Palabra,palabra,CO,Humanidades,158,imputado,655.2,1724.21,True,False,"apc_monto, apc_moneda","institucion_editora_2, institucion_editora_3, issn_impreso, Other organisation, Country of other organisation, atributos_licencia, apc_amount_raw, Waiver policy information URL, Other fees information URL, servicios_preservacion, Preservation Service: national library, Preservation information URL, Deposit policy directory, URL for deposit policy, Continues, Continued By, titulo_normalizado_doaj_dup, apc_monto_original, apc_moneda_original, tasa_usd_utilizada, apc_monto, apc_moneda, titulo_normalizado_facts_dup, is_hybrid, titulo_normalizado_openapc_dup"
2145-8456,Uis Ingenierías,uis ingenierias,CO,Ingeniería y Tecnología,159,imputado,1008.79,2654.71,True,False,"apc_monto, apc_moneda","issn_electronic, institucion_editora_2, institucion_editora_3, rank, sourceid, tipo_publicacion, titulo_normalizado_scimago_dup, open_access, sjr_score, cuartil_sjr, h_index, total_docs, total_docs_3y, total_refs, total_citas_3y, docs_citables_3y, citas_por_doc_2y, refs_por_doc, pct_female, overton, cobertura, categorias, areas, Country of other organisation, atributos_licencia, apc_amount_raw, Waiver policy information URL, Other fees information URL, servicios_preservacion, Preservation Service: national library, Preservation information URL, Deposit policy directory, URL for deposit policy, Continues, Continued By, titulo_normalizado_doaj_dup, apc_monto_original, apc_moneda_original, tasa_usd_utilizada, apc_monto, apc_moneda, titulo_normalizado_facts_dup, is_hybrid, titulo_normalizado_openapc_dup, contraste_publindex_cuartil, ratio_citas_docs, sjr_score_zscore, h_index_zscore, sjr_score_minmax, h_index_minmax"
2011-7485,Psicología Desde El Caribe,psicologia desde caribe,CO,Ciencias Sociales,160,imputado,873.27,2298.08,True,False,"apc_monto, apc_moneda","issn_electronic, codigo_dane, institucion_editora_2, institucion_editora_3, rank, sourceid, tipo_publicacion, titulo_normalizado_scimago_dup, open_access, sjr_score, cuartil_sjr, h_index, total_docs, total_docs_3y, total_refs, total_citas_3y, docs_citables_3y, citas_por_doc_2y, refs_por_doc, pct_female, overton, cobertura, categorias, areas, titulo_alternativo, issn_impreso, atributos_licencia, cc_legible_maquina, apc_amount_raw, Waiver policy information URL, Other fees information URL, servicios_preservacion, Preservation Service: national library, Preservation information URL, Deposit policy directory, URL for deposit policy, Continues, Continued By, fecha_ultimo_articulo, titulo_normalizado_doaj_dup, apc_monto_original, apc_moneda_original, tasa_usd_utilizada, apc_monto, apc_moneda, titulo_normalizado_facts_dup, is_hybrid, titulo_normalizado_openapc_dup, contraste_publindex_cuartil, ratio_citas_docs, sjr_score_zscore, h_index_zscore, sjr_score_minmax, h_index_minmax"
2344-8393,Ingeniería,ingenieria,CO,Ingeniería y Tecnología,161,imputado,1023.61,2693.71,True,False,"apc_monto, apc_moneda","institucion_editora_2, institucion_editora_3, Country of other organisation, atributos_licencia, apc_amount_raw, Waiver policy information URL, Other fees information URL, servicios_preservacion, Preservation Service: national library, Preservation information URL, Deposit policy directory, URL for deposit policy, Continues, Continued By, titulo_normalizado_doaj_dup, apc_monto_original, apc_moneda_original, tasa_usd_utilizada, apc_monto, apc_moneda, titulo_normalizado_facts_dup, is_hybrid, titulo_normalizado_openapc_dup"
2745-1402,Revista Pensamiento Americano,pensamiento americano,CO,Ciencias Sociales,162,observado,1974.5,5196.05,False,False,apc_metodo_imputacion,"issn_electronic, institucion_editora_2, institucion_editora_3, rank, sourceid, tipo_publicacion, titulo_normalizado_scimago_dup, open_access, sjr_score, cuartil_sjr, h_index, total_docs, total_docs_3y, total_refs, total_citas_3y, docs_citables_3y, citas_por_doc_2y, refs_por_doc, pct_female, overton, cobertura, categorias, areas, titulo_alternativo, issn_impreso, Other organisation, Country of other organisation, atributos_licencia, apc_amount_raw, Waiver policy information URL, Other fees information URL, servicios_preservacion, Preservation Service: national library, Preservation information URL, Deposit policy directory, URL for deposit policy, Continues, Continued By, titulo_normalizado_facts_dup, titulo_normalizado_openapc_dup, apc_metodo_imputacion, contraste_publindex_cuartil, ratio_citas_docs, sjr_score_zscore, h_index_zscore, sjr_score_minmax, h_index_minmax"
2389-8526,Revista De Medicina Veterinaria,medicina veterinaria,CO,Ciencias Agrícolas,163,observado,411.26,1082.26,False,False,apc_metodo_imputacion,"issn_electronic, institucion_editora_2, institucion_editora_3, rank, sourceid, tipo_publicacion, titulo_normalizado_scimago_dup, open_access, sjr_score, cuartil_sjr, h_index, total_docs, total_docs_3y, total_refs, total_citas_3y, docs_citables_3y, citas_por_doc_2y, refs_por_doc, pct_female, overton, cobertura, categorias, areas, titulo_alternativo, atributos_licencia, apc_amount_raw, Waiver policy information URL, Other fees information URL, Preservation Service: national library, Deposit policy directory, URL for deposit policy, Continues, Continued By, titulo_normalizado_doaj_dup, titulo_normalizado_facts_dup, titulo_normalizado_openapc_dup, apc_metodo_imputacion, contraste_publindex_cuartil, ratio_citas_docs, sjr_score_zscore, h_index_zscore, sjr_score_minmax, h_index_minmax"
2619-3752,Verba Iuris,verba iuris,CO,Ciencias Sociales,164,imputado,870.41,2290.55,True,False,"apc_monto, apc_moneda","issn_electronic, institucion_editora_2, institucion_editora_3, rank, sourceid, tipo_publicacion, titulo_normalizado_scimago_dup, open_access, sjr_score, cuartil_sjr, h_index, total_docs, total_docs_3y, total_refs, total_citas_3y, docs_citables_3y, citas_por_doc_2y, refs_por_doc, pct_female, overton, cobertura, categorias, areas, issn_impreso, Other organisation, Country of other organisation, atributos_licencia, apc_amount_raw, Waiver policy information URL, Other fees information URL, servicios_preservacion, Preservation Service: national library, Preservation information URL, Deposit policy directory, URL for deposit policy, Continues, Continued By, fecha_ultimo_articulo, titulo_normalizado_doaj_dup, apc_monto_original, apc_moneda_original, tasa_usd_utilizada, apc_monto, apc_moneda, titulo_normalizado_facts_dup, is_hybrid, titulo_normalizado_openapc_dup, contraste_publindex_cuartil, ratio_citas_docs, sjr_score_zscore, h_index_zscore, sjr_score_minmax, h_index_minmax"
0120-2146,Folios,folios,CO,Humanidades,165,imputado,645.38,1698.37,True,False,"apc_monto, apc_moneda","issn_electronic, institucion_editora_2, institucion_editora_3, rank, sourceid, tipo_publicacion, titulo_normalizado_scimago_dup, editorial, open_access, sjr_score, cuartil_sjr, h_index, total_docs, total_docs_3y, total_refs, total_citas_3y, docs_citables_3y, citas_por_doc_2y, refs_por_doc, pct_female, overton, cobertura, categorias, areas, url_revista, url, When did the journal start to publish all content using an open license?, titulo_alternativo, issn_impreso, issn_electronico, palabras_clave, idiomas, pais_editorial, Other organisation, Country of other organisation, licencia, atributos_licencia, URL for license terms, cc_legible_maquina, autor_retiene_copyright, Copyright information URL, tipo_revision, Review process information URL, politica_plagio, URL for journal's aims & scope, URL for the Editorial Board page, URL for journal's instructions for authors, semanas_submission_publicacion, tiene_apc, APC information URL, apc_amount_raw, politica_exencion, Waiver policy information URL, tiene_otros_cobros, Other fees information URL, servicios_preservacion, Preservation Service: national library, Preservation information URL, Deposit policy directory, URL for deposit policy, identificadores_persistentes, cumple_oa, Continues, Continued By, codigos_lcc, subscribe_to_open, Mirror Journal, Open Journals Collective, materias, fecha_incorporacion, fecha_actualizacion, Last Full Review Date, num_articulos, fecha_ultimo_articulo, titulo_normalizado_doaj_dup, apc_monto_original, apc_moneda_original, tasa_usd_utilizada, apc_conversion_estado, apc_monto, apc_moneda, titulo_normalizado_facts_dup, is_hybrid, titulo_normalizado_openapc_dup, contraste_publindex_cuartil, semanas_pub, editorial_rapida, ratio_citas_docs, sjr_score_zscore, h_index_zscore, semanas_pub_zscore, sjr_score_minmax, h_index_minmax, semanas_pub_minmax"
2463-0470,Panorama Económico,panorama economico,CO,Ciencias Sociales,166,observado,1974.77,5196.76,False,False,apc_metodo_imputacion,"issn_electronic, institucion_editora_2, institucion_editora_3, rank, sourceid, tipo_publicacion, titulo_normalizado_scimago_dup, open_access, sjr_score, cuartil_sjr, h_index, total_docs, total_docs_3y, total_refs, total_citas_3y, docs_citables_3y, citas_por_doc_2y, refs_por_doc, pct_female, overton, cobertura, categorias, areas, titulo_alternativo, issn_impreso, Country of other organisation, atributos_licencia, cc_legible_maquina, apc_amount_raw, Waiver policy information URL, Preservation Service: national library, Deposit policy directory, URL for deposit policy, Continues, Continued By, titulo_normalizado_doaj_dup, titulo_normalizado_facts_dup, titulo_normalizado_openapc_dup, apc_metodo_imputacion, contraste_publindex_cuartil, ratio_citas_docs, sjr_score_zscore, h_index_zscore, sjr_score_minmax, h_index_minmax"
2248-6941,Ánfora,anfora,CO,Humanidades,167,imputado,632.15,1663.55,True,False,"apc_monto, apc_moneda","issn_electronic, institucion_editora_2, institucion_editora_3, rank, sourceid, tipo_publicacion, titulo_normalizado_scimago_dup, open_access, sjr_score, cuartil_sjr, h_index, total_docs, total_docs_3y, total_refs, total_citas_3y, docs_citables_3y, citas_por_doc_2y, refs_por_doc, pct_female, overton, cobertura, categorias, areas, titulo_alternativo, Other organisation, Country of other organisation, atributos_licencia, apc_amount_raw, Waiver policy information URL, Other fees information URL, Preservation Service: national library, Deposit policy directory, URL for deposit policy, Continues, Continued By, titulo_normalizado_doaj_dup, apc_monto_original, apc_moneda_original, tasa_usd_utilizada, apc_monto, apc_moneda, titulo_normalizado_facts_dup, is_hybrid, titulo_normalizado_openapc_dup, contraste_publindex_cuartil, ratio_citas_docs, sjr_score_zscore, h_index_zscore, sjr_score_minmax, h_index_minmax"
2256-5337,Tecno Lógicas,tecno logicas,CO,Ingeniería y Tecnología,168,imputado,1003.07,2639.66,True,False,"apc_monto, apc_moneda","issn_electronic, institucion_editora_2, institucion_editora_3, rank, sourceid, tipo_publicacion, titulo_normalizado_scimago_dup, open_access, sjr_score, cuartil_sjr, h_index, total_docs, total_docs_3y, total_refs, total_citas_3y, docs_citables_3y, citas_por_doc_2y, refs_por_doc, pct_female, overton, cobertura, categorias, areas, Other organisation, Country of other organisation, atributos_licencia, apc_amount_raw, Waiver policy information URL, Other fees information URL, Preservation Service: national library, Deposit policy directory, URL for deposit policy, Continues, Continued By, Last Full Review Date, titulo_normalizado_doaj_dup, apc_monto_original, apc_moneda_original, tasa_usd_utilizada, apc_monto, apc_moneda, titulo_normalizado_facts_dup, is_hybrid, titulo_normalizado_openapc_dup, contraste_publindex_cuartil, ratio_citas_docs, sjr_score_zscore, h_index_zscore, sjr_score_minmax, h_index_minmax"
2500-5308,Revista Corpoica,corpoica,CO,Ciencias Agrícolas,169,imputado,1242.68,3270.21,True,False,"apc_monto, apc_moneda","issn_electronic, institucion_editora_2, institucion_editora_3, rank, sourceid, tipo_publicacion, titulo_normalizado_scimago_dup, open_access, sjr_score, cuartil_sjr, h_index, total_docs, total_docs_3y, total_refs, total_citas_3y, docs_citables_3y, citas_por_doc_2y, refs_por_doc, pct_female, overton, cobertura, categorias, areas, titulo_alternativo, issn_impreso, Other organisation, Country of other organisation, atributos_licencia, apc_amount_raw, Waiver policy information URL, Other fees information URL, Preservation Service: national library, Deposit policy directory, URL for deposit policy, Continues, Continued By, apc_monto_original, apc_moneda_original, tasa_usd_utilizada, apc_monto, apc_moneda, titulo_normalizado_facts_dup, is_hybrid, titulo_normalizado_openapc_dup, contraste_publindex_cuartil, ratio_citas_docs, sjr_score_zscore, h_index_zscore, sjr_score_minmax, h_index_minmax"
2500-8684,Perspectiva Geográfica,perspectiva geografica,CO,Ciencias Sociales,170,observado,3065.04,8065.89,False,False,apc_metodo_imputacion,"issn_electronic, institucion_editora_3, rank, sourceid, tipo_publicacion, titulo_normalizado_scimago_dup, open_access, sjr_score, cuartil_sjr, h_index, total_docs, total_docs_3y, total_refs, total_citas_3y, docs_citables_3y, citas_por_doc_2y, refs_por_doc, pct_female, overton, cobertura, categorias, areas, Country of other organisation, atributos_licencia, cc_legible_maquina, apc_amount_raw, Waiver policy information URL, servicios_preservacion, Preservation Service: national library, Preservation information URL, Deposit policy directory, URL for deposit policy, identificadores_persistentes, Continues, Continued By, fecha_ultimo_articulo, titulo_normalizado_doaj_dup, titulo_normalizado_facts_dup, titulo_normalizado_openapc_dup, apc_metodo_imputacion, contraste_publindex_cuartil, ratio_citas_docs, sjr_score_zscore, h_index_zscore, sjr_score_minmax, h_index_minmax"
2462-8441,"(Pensamiento), (Palabra) Y Obra",pensamiento palabra obra,CO,Humanidades,171,imputado,634.29,1669.18,True,False,"apc_monto, apc_moneda","issn_electronic, institucion_editora_2, institucion_editora_3, rank, sourceid, tipo_publicacion, titulo_normalizado_scimago_dup, open_access, sjr_score, cuartil_sjr, h_index, total_docs, total_docs_3y, total_refs, total_citas_3y, docs_citables_3y, citas_por_doc_2y, refs_por_doc, pct_female, overton, cobertura, categorias, areas, titulo_alternativo, Other organisation, Country of other organisation, atributos_licencia, apc_amount_raw, Waiver policy information URL, Other fees information URL, Preservation Service: national library, Continues, Continued By, titulo_normalizado_doaj_dup, apc_monto_original, apc_moneda_original, tasa_usd_utilizada, apc_monto, apc_moneda, titulo_normalizado_facts_dup, is_hybrid, titulo_normalizado_openapc_dup, contraste_publindex_cuartil, ratio_citas_docs, sjr_score_zscore, h_index_zscore, sjr_score_minmax, h_index_minmax"
2389-7848,Clio América,clio america,CO,Ciencias Sociales,172,observado,2376.0,6252.63,False,False,apc_metodo_imputacion,"issn_electronic, institucion_editora_2, institucion_editora_3, rank, sourceid, tipo_publicacion, titulo_normalizado_scimago_dup, open_access, sjr_score, cuartil_sjr, h_index, total_docs, total_docs_3y, total_refs, total_citas_3y, docs_citables_3y, citas_por_doc_2y, refs_por_doc, pct_female, overton, cobertura, categorias, areas, issn_impreso, Country of other organisation, atributos_licencia, cc_legible_maquina, apc_amount_raw, Waiver policy information URL, Other fees information URL, servicios_preservacion, Preservation Service: national library, Preservation information URL, Deposit policy directory, URL for deposit policy, Continues, Continued By, titulo_normalizado_doaj_dup, titulo_normalizado_facts_dup, titulo_normalizado_openapc_dup, apc_metodo_imputacion, contraste_publindex_cuartil, ratio_citas_docs, sjr_score_zscore, h_index_zscore, sjr_score_minmax, h_index_minmax"
2011-3668,Ideas Y Valores,ideas valores,CO,Humanidades,173,observado,2925.75,7699.34,False,False,apc_metodo_imputacion,"issn_electronic, institucion_editora_2, institucion_editora_3, rank, sourceid, tipo_publicacion, titulo_normalizado_scimago_dup, open_access, sjr_score, cuartil_sjr, h_index, total_docs, total_docs_3y, total_refs, total_citas_3y, docs_citables_3y, citas_por_doc_2y, refs_por_doc, pct_female, overton, cobertura, categorias, areas, Country of other organisation, atributos_licencia, apc_amount_raw, Waiver policy information URL, servicios_preservacion, Preservation Service: national library, URL for deposit policy, identificadores_persistentes, Continues, Continued By, titulo_normalizado_doaj_dup, titulo_normalizado_facts_dup, titulo_normalizado_openapc_dup, apc_metodo_imputacion, contraste_publindex_cuartil, ratio_citas_docs, sjr_score_zscore, h_index_zscore, sjr_score_minmax, h_index_minmax"
2145-132X,Historelo : Revista De Historia Regional Y Local,historelo historia regional local,CO,Humanidades,174,observado,2028.48,5338.11,False,False,apc_metodo_imputacion,"issn_electronic, institucion_editora_2, institucion_editora_3, issn_impreso, Other organisation, Country of other organisation, atributos_licencia, cc_legible_maquina, apc_amount_raw, Waiver policy information URL, Other fees information URL, servicios_preservacion, Preservation Service: national library, Preservation information URL, Deposit policy directory, URL for deposit policy, Continues, Continued By, titulo_normalizado_facts_dup, titulo_normalizado_openapc_dup, apc_metodo_imputacion"
2256-3202,Revista Guillermo De Ockman,guillermo ockman,CO,Humanidades,175,imputado,632.51,1664.5,True,False,"apc_monto, apc_moneda","issn_electronic, institucion_editora_2, institucion_editora_3, rank, sourceid, tipo_publicacion, titulo_normalizado_scimago_dup, open_access, sjr_score, cuartil_sjr, h_index, total_docs, total_docs_3y, total_refs, total_citas_3y, docs_citables_3y, citas_por_doc_2y, refs_por_doc, pct_female, overton, cobertura, categorias, areas, titulo_alternativo, issn_impreso, Country of other organisation, atributos_licencia, cc_legible_maquina, Copyright information URL, apc_amount_raw, Waiver policy information URL, Other fees information URL, servicios_preservacion, Preservation Service: national library, Preservation information URL, Deposit policy directory, URL for deposit policy, identificadores_persistentes, Continues, Continued By, titulo_normalizado_doaj_dup, apc_monto_original, apc_moneda_original, tasa_usd_utilizada, apc_monto, apc_moneda, titulo_normalizado_facts_dup, is_hybrid, titulo_normalizado_openapc_dup, contraste_publindex_cuartil, ratio_citas_docs, sjr_score_zscore, h_index_zscore, sjr_score_minmax, h_index_minmax"
2389-9417,"Revista De Investigacion, Desarrollo E Innovacion",investigacion desarrollo innovacion,CO,Humanidades,176,imputado,661.99,1742.08,True,False,"apc_monto, apc_moneda","institucion_editora_2, institucion_editora_3, titulo_normalizado_scimago_dup, issn_impreso, atributos_licencia, apc_amount_raw, Waiver policy information URL, Other fees information URL, servicios_preservacion, Preservation Service: national library, Preservation information URL, Deposit policy directory, URL for deposit policy, Continues, Continued By, titulo_normalizado_doaj_dup, apc_monto_original, apc_moneda_original, tasa_usd_utilizada, apc_monto, apc_moneda, titulo_normalizado_facts_dup, is_hybrid, titulo_normalizado_openapc_dup"
2500-6177,Revista Gerencia Y Políticas De Salud,gerencia politicas salud,CO,Ciencias Médicas y de la Salud,177,observado,2638.47,6943.34,False,False,apc_metodo_imputacion,"institucion_editora_2, institucion_editora_3, Other organisation, Country of other organisation, atributos_licencia, cc_legible_maquina, apc_amount_raw, Waiver policy information URL, Other fees information URL, servicios_preservacion, Preservation Service: national library, Preservation information URL, Deposit policy directory, URL for deposit policy, Continues, Continued By, fecha_ultimo_articulo, titulo_normalizado_doaj_dup, titulo_normalizado_facts_dup, titulo_normalizado_openapc_dup, apc_metodo_imputacion"
2248-4094,Revista Ingenierías Universidad De Medellín,ingenierias universidad medellin,CO,Ingeniería y Tecnología,178,imputado,1005.21,2645.29,True,False,"apc_monto, apc_moneda","issn_electronic, institucion_editora_2, institucion_editora_3, rank, sourceid, tipo_publicacion, titulo_normalizado_scimago_dup, open_access, sjr_score, cuartil_sjr, h_index, total_docs, total_docs_3y, total_refs, total_citas_3y, docs_citables_3y, citas_por_doc_2y, refs_por_doc, pct_female, overton, cobertura, categorias, areas, atributos_licencia, apc_amount_raw, Waiver policy information URL, Other fees information URL, Preservation Service: national library, Deposit policy directory, URL for deposit policy, Continues, Continued By, titulo_normalizado_doaj_dup, apc_monto_original, apc_moneda_original, tasa_usd_utilizada, apc_monto, apc_moneda, titulo_normalizado_facts_dup, is_hybrid, titulo_normalizado_openapc_dup, contraste_publindex_cuartil, ratio_citas_docs, sjr_score_zscore, h_index_zscore, sjr_score_minmax, h_index_minmax"
2323-0118,Acta Agronómica,agronomica,CO,Ciencias Naturales,179,declarado,90.0,236.84,False,False,apc_metodo_imputacion,"institucion_editora_2, institucion_editora_3, titulo_alternativo, atributos_licencia, Waiver policy information URL, Preservation Service: national library, Deposit policy directory, URL for deposit policy, Continues, Continued By, titulo_normalizado_doaj_dup, titulo_normalizado_facts_dup, is_hybrid, titulo_normalizado_openapc_dup, apc_metodo_imputacion"
2248-4078,Opinión Jurídica,opinion juridica,CO,Ciencias Sociales,180,observado,3612.95,9507.76,False,False,apc_metodo_imputacion,"issn_electronic, institucion_editora_2, institucion_editora_3, titulo_alternativo, atributos_licencia, cc_legible_maquina, apc_amount_raw, Waiver policy information URL, Other fees information URL, servicios_preservacion, Preservation Service: national library, Preservation information URL, Deposit policy directory, URL for deposit policy, Continues, Continued By, fecha_ultimo_articulo, titulo_normalizado_doaj_dup, titulo_normalizado_facts_dup, titulo_normalizado_openapc_dup, apc_metodo_imputacion"
2390-0016,Revista Facultad De Derecho Y Ciencias Políticas,facultad derecho ciencias politicas,CO,Ciencias Sociales,181,observado,2638.47,6943.34,False,False,apc_metodo_imputacion,"institucion_editora_2, institucion_editora_3, titulo_normalizado_scimago_dup, issn_impreso, Other organisation, Country of other organisation, atributos_licencia, apc_amount_raw, Waiver policy information URL, Other fees information URL, servicios_preservacion, Preservation Service: national library, Preservation information URL, Deposit policy directory, URL for deposit policy, Continues, Continued By, titulo_normalizado_doaj_dup, titulo_normalizado_facts_dup, titulo_normalizado_openapc_dup, apc_metodo_imputacion"
2215-7360,Aglala,aglala,CO,Ciencias Sociales,182,imputado,883.28,2324.42,True,False,"apc_monto, apc_moneda","issn_electronic, institucion_editora_2, institucion_editora_3, rank, sourceid, tipo_publicacion, titulo_normalizado_scimago_dup, editorial, open_access, sjr_score, cuartil_sjr, h_index, total_docs, total_docs_3y, total_refs, total_citas_3y, docs_citables_3y, citas_por_doc_2y, refs_por_doc, pct_female, overton, cobertura, categorias, areas, url_revista, url, When did the journal start to publish all content using an open license?, titulo_alternativo, issn_impreso, issn_electronico, palabras_clave, idiomas, pais_editorial, Other organisation, Country of other organisation, licencia, atributos_licencia, URL for license terms, cc_legible_maquina, autor_retiene_copyright, Copyright information URL, tipo_revision, Review process information URL, politica_plagio, URL for journal's aims & scope, URL for the Editorial Board page, URL for journal's instructions for authors, semanas_submission_publicacion, tiene_apc, APC information URL, apc_amount_raw, politica_exencion, Waiver policy information URL, tiene_otros_cobros, Other fees information URL, servicios_preservacion, Preservation Service: national library, Preservation information URL, Deposit policy directory, URL for deposit policy, identificadores_persistentes, cumple_oa, Continues, Continued By, codigos_lcc, subscribe_to_open, Mirror Journal, Open Journals Collective, materias, fecha_incorporacion, fecha_actualizacion, Last Full Review Date, num_articulos, fecha_ultimo_articulo, titulo_normalizado_doaj_dup, apc_monto_original, apc_moneda_original, tasa_usd_utilizada, apc_conversion_estado, apc_monto, apc_moneda, titulo_normalizado_facts_dup, is_hybrid, titulo_normalizado_openapc_dup, contraste_publindex_cuartil, semanas_pub, editorial_rapida, ratio_citas_docs, sjr_score_zscore, h_index_zscore, semanas_pub_zscore, sjr_score_minmax, h_index_minmax, semanas_pub_minmax"
1909-8758,Revista Colombiana De Biotecnología,colombiana biotecnologia,CO,Ciencias Agrícolas,183,observado,904.17,2379.39,False,False,apc_metodo_imputacion,"institucion_editora_2, institucion_editora_3, titulo_normalizado_scimago_dup, titulo_alternativo, issn_impreso, Other organisation, Country of other organisation, atributos_licencia, Other fees information URL, Continues, Continued By, titulo_normalizado_doaj_dup, titulo_normalizado_facts_dup, titulo_normalizado_openapc_dup, apc_metodo_imputacion"
2256-5531,Revista Criminalidad,criminalidad,CO,Ciencias Sociales,184,imputado,871.48,2293.37,True,False,"apc_monto, apc_moneda","issn_electronic, institucion_editora_2, institucion_editora_3, rank, sourceid, tipo_publicacion, titulo_normalizado_scimago_dup, open_access, sjr_score, cuartil_sjr, h_index, total_docs, total_docs_3y, total_refs, total_citas_3y, docs_citables_3y, citas_por_doc_2y, refs_por_doc, pct_female, overton, cobertura, categorias, areas, issn_impreso, Other organisation, Country of other organisation, atributos_licencia, apc_amount_raw, Waiver policy information URL, Other fees information URL, servicios_preservacion, Preservation Service: national library, Preservation information URL, Deposit policy directory, URL for deposit policy, Continues, Continued By, titulo_normalizado_doaj_dup, apc_monto_original, apc_moneda_original, tasa_usd_utilizada, apc_monto, apc_moneda, titulo_normalizado_facts_dup, is_hybrid, titulo_normalizado_openapc_dup, contraste_publindex_cuartil, ratio_citas_docs, sjr_score_zscore, h_index_zscore, sjr_score_minmax, h_index_minmax"
0121-3784,Livestock Research For Rural Development,livestock rural development,CO,Ciencias Agrícolas,185,observado,3164.97,8328.87,False,False,apc_metodo_imputacion,"issn_electronic, issn_linking, institucion_editora_1, institucion_editora_2, institucion_editora_3, titulo_alternativo, issn_impreso, Other organisation, Country of other organisation, atributos_licencia, Other fees information URL, Continues, Continued By, titulo_normalizado_doaj_dup, titulo_normalizado_facts_dup, titulo_normalizado_openapc_dup, apc_metodo_imputacion"
2145-9797,Suma Psicológica,suma psicologica,CO,Ciencias Sociales,186,observado,1085.69,2857.08,False,False,apc_metodo_imputacion,"institucion_editora_2, institucion_editora_3, atributos_licencia, apc_amount_raw, Waiver policy information URL, Other fees information URL, Continues, Continued By, titulo_normalizado_doaj_dup, titulo_normalizado_facts_dup, titulo_normalizado_openapc_dup, apc_metodo_imputacion"
2389-993X,Prospectiva,prospectiva,CO,Ciencias Sociales,187,observado,3065.04,8065.89,False,False,apc_metodo_imputacion,"issn_electronic, institucion_editora_2, institucion_editora_3, rank, sourceid, tipo_publicacion, titulo_normalizado_scimago_dup, open_access, sjr_score, cuartil_sjr, h_index, total_docs, total_docs_3y, total_refs, total_citas_3y, docs_citables_3y, citas_por_doc_2y, refs_por_doc, pct_female, overton, cobertura, categorias, areas, Country of other organisation, atributos_licencia, cc_legible_maquina, apc_amount_raw, Waiver policy information URL, servicios_preservacion, Preservation Service: national library, Preservation information URL, Deposit policy directory, URL for deposit policy, identificadores_persistentes, Continues, Continued By, fecha_ultimo_articulo, titulo_normalizado_doaj_dup, titulo_normalizado_facts_dup, titulo_normalizado_openapc_dup, apc_metodo_imputacion, contraste_publindex_cuartil, ratio_citas_docs, sjr_score_zscore, h_index_zscore, sjr_score_minmax, h_index_minmax"
2339-3459,Earth Sciences Research Journal,earth sciences,CO,Ciencias Naturales,188,observado,2592.0,6821.05,False,False,apc_metodo_imputacion,"issn_electronic, institucion_editora_2, institucion_editora_3, rank, sourceid, tipo_publicacion, titulo_normalizado_scimago_dup, open_access, sjr_score, cuartil_sjr, h_index, total_docs, total_docs_3y, total_refs, total_citas_3y, docs_citables_3y, citas_por_doc_2y, refs_por_doc, pct_female, overton, cobertura, categorias, areas, Country of other organisation, atributos_licencia, Other fees information URL, Preservation Service: national library, Continues, Continued By, titulo_normalizado_doaj_dup, titulo_normalizado_facts_dup, titulo_normalizado_openapc_dup, apc_metodo_imputacion, contraste_publindex_cuartil, ratio_citas_docs, sjr_score_zscore, h_index_zscore, sjr_score_minmax, h_index_minmax"
2665-3354,El Ágora Usb,agora usb,CO,Ciencias Sociales,189,imputado,870.41,2290.55,True,False,"apc_monto, apc_moneda","issn_electronic, institucion_editora_2, institucion_editora_3, rank, sourceid, tipo_publicacion, titulo_normalizado_scimago_dup, open_access, sjr_score, cuartil_sjr, h_index, total_docs, total_docs_3y, total_refs, total_citas_3y, docs_citables_3y, citas_por_doc_2y, refs_por_doc, pct_female, overton, cobertura, categorias, areas, atributos_licencia, cc_legible_maquina, apc_amount_raw, Other fees information URL, Preservation Service: national library, Deposit policy directory, URL for deposit policy, Continues, Continued By, titulo_normalizado_doaj_dup, apc_monto_original, apc_moneda_original, tasa_usd_utilizada, apc_monto, apc_moneda, titulo_normalizado_facts_dup, is_hybrid, titulo_normalizado_openapc_dup, contraste_publindex_cuartil, ratio_citas_docs, sjr_score_zscore, h_index_zscore, sjr_score_minmax, h_index_minmax"
2145-4531,Estudios Socio-Jurídicos,estudios socio juridicos,CO,Ciencias Sociales,190,observado,1748.16,4600.42,False,False,apc_metodo_imputacion,"institucion_editora_2, institucion_editora_3, titulo_normalizado_scimago_dup, titulo_alternativo, Other organisation, Country of other organisation, atributos_licencia, cc_legible_maquina, apc_amount_raw, Waiver policy information URL, Other fees information URL, servicios_preservacion, Preservation Service: national library, Preservation information URL, Deposit policy directory, URL for deposit policy, identificadores_persistentes, Continues, Continued By, fecha_ultimo_articulo, titulo_normalizado_doaj_dup, titulo_normalizado_facts_dup, titulo_normalizado_openapc_dup, apc_metodo_imputacion"
1794-8886,Memorias,memorias,CO,Ciencias Sociales,191,imputado,851.29,2240.24,True,False,"apc_monto, apc_moneda","issn_electronic, institucion_editora_2, institucion_editora_3, titulo_alternativo, Country of other organisation, atributos_licencia, cc_legible_maquina, apc_amount_raw, Waiver policy information URL, Other fees information URL, servicios_preservacion, Preservation Service: national library, Preservation information URL, Deposit policy directory, URL for deposit policy, identificadores_persistentes, Continues, Continued By, titulo_normalizado_doaj_dup, apc_monto_original, apc_moneda_original, tasa_usd_utilizada, apc_monto, apc_moneda, titulo_normalizado_facts_dup, is_hybrid, titulo_normalizado_openapc_dup"
2323-0126,"Tea Tecné, Episteme Y Didaxis",tea tecne episteme didaxis,CO,Ciencias Sociales,192,observado,3209.76,8446.74,False,False,apc_metodo_imputacion,"issn_electronic, institucion_editora_2, institucion_editora_3, rank, sourceid, tipo_publicacion, titulo_normalizado_scimago_dup, open_access, sjr_score, cuartil_sjr, h_index, total_docs, total_docs_3y, total_refs, total_citas_3y, docs_citables_3y, citas_por_doc_2y, refs_por_doc, pct_female, overton, cobertura, categorias, areas, titulo_alternativo, Other organisation, Country of other organisation, atributos_licencia, apc_amount_raw, Waiver policy information URL, Other fees information URL, servicios_preservacion, Preservation Service: national library, Preservation information URL, Continues, Continued By, titulo_normalizado_doaj_dup, titulo_normalizado_facts_dup, titulo_normalizado_openapc_dup, apc_metodo_imputacion, contraste_publindex_cuartil, ratio_citas_docs, sjr_score_zscore, h_index_zscore, sjr_score_minmax, h_index_minmax"
2389-8976,Revista Colombiana De Estadística,colombiana estadistica,CO,Ciencias Naturales,193,imputado,1133.13,2981.92,True,False,"apc_monto, apc_moneda","institucion_editora_2, institucion_editora_3, titulo_normalizado_scimago_dup, titulo_alternativo, Country of other organisation, atributos_licencia, apc_amount_raw, Waiver policy information URL, Other fees information URL, servicios_preservacion, Preservation Service: national library, Preservation information URL, Deposit policy directory, URL for deposit policy, identificadores_persistentes, Continues, Continued By, titulo_normalizado_doaj_dup, apc_monto_original, apc_moneda_original, tasa_usd_utilizada, apc_monto, apc_moneda, titulo_normalizado_facts_dup, is_hybrid, titulo_normalizado_openapc_dup"
2539-4169,Entre Ciencia E Ingenieria,entre ciencia ingenieria,CO,Ingeniería y Tecnología,194,imputado,1003.07,2639.66,True,False,"apc_monto, apc_moneda","issn_electronic, institucion_editora_2, institucion_editora_3, rank, sourceid, tipo_publicacion, titulo_normalizado_scimago_dup, open_access, sjr_score, cuartil_sjr, h_index, total_docs, total_docs_3y, total_refs, total_citas_3y, docs_citables_3y, citas_por_doc_2y, refs_por_doc, pct_female, overton, cobertura, categorias, areas, titulo_alternativo, issn_impreso, Other organisation, Country of other organisation, atributos_licencia, apc_amount_raw, Waiver policy information URL, Other fees information URL, servicios_preservacion, Preservation Service: national library, Preservation information URL, Continues, Continued By, titulo_normalizado_doaj_dup, apc_monto_original, apc_moneda_original, tasa_usd_utilizada, apc_monto, apc_moneda, titulo_normalizado_facts_dup, is_hybrid, titulo_normalizado_openapc_dup, contraste_publindex_cuartil, ratio_citas_docs, sjr_score_zscore, h_index_zscore, sjr_score_minmax, h_index_minmax"
2145-8502,"Fuentes, El Reventón Energético",fuentes reventon energetico,CO,Ingeniería y Tecnología,195,imputado,1024.33,2695.61,True,False,"apc_monto, apc_moneda","institucion_editora_2, institucion_editora_3, titulo_alternativo, issn_impreso, atributos_licencia, apc_amount_raw, Waiver policy information URL, Other fees information URL, servicios_preservacion, Preservation Service: national library, Preservation information URL, Continues, Continued By, fecha_ultimo_articulo, titulo_normalizado_doaj_dup, apc_monto_original, apc_moneda_original, tasa_usd_utilizada, apc_monto, apc_moneda, titulo_normalizado_facts_dup, is_hybrid, titulo_normalizado_openapc_dup"
2027-1352,Universitas Scientiarum,universitas scientiarum,CO,Ciencias Naturales,196,observado,1230.91,3239.24,False,False,apc_metodo_imputacion,"institucion_editora_2, institucion_editora_3, titulo_alternativo, issn_impreso, Other organisation, Country of other organisation, atributos_licencia, URL for deposit policy, Continues, Continued By, titulo_normalizado_doaj_dup, titulo_normalizado_facts_dup, titulo_normalizado_openapc_dup, apc_metodo_imputacion"
2256-2796,Revista Jurídica Mario Alario D´ Filippo,juridica mario alario d filippo,CO,Ciencias Sociales,197,observado,1407.61,3704.24,False,False,apc_metodo_imputacion,"issn_electronic, institucion_editora_2, institucion_editora_3, rank, sourceid, tipo_publicacion, titulo_normalizado_scimago_dup, open_access, sjr_score, cuartil_sjr, h_index, total_docs, total_docs_3y, total_refs, total_citas_3y, docs_citables_3y, citas_por_doc_2y, refs_por_doc, pct_female, overton, cobertura, categorias, areas, Country of other organisation, atributos_licencia, cc_legible_maquina, Copyright information URL, apc_amount_raw, Waiver policy information URL, servicios_preservacion, Preservation Service: national library, Preservation information URL, Deposit policy directory, URL for deposit policy, identificadores_persistentes, Continues, Continued By, titulo_normalizado_doaj_dup, titulo_normalizado_facts_dup, titulo_normalizado_openapc_dup, apc_metodo_imputacion, contraste_publindex_cuartil, ratio_citas_docs, sjr_score_zscore, h_index_zscore, sjr_score_minmax, h_index_minmax"
0120-4807,Universitas Humanística,universitas humanistica,CO,Ciencias Sociales,198,observado,2827.44,7440.63,False,False,apc_metodo_imputacion,"issn_electronic, issn_linking, codigo_dane, institucion_editora_2, institucion_editora_3, rank, sourceid, tipo_publicacion, titulo_normalizado_scimago_dup, open_access, sjr_score, cuartil_sjr, h_index, total_docs, total_docs_3y, total_refs, total_citas_3y, docs_citables_3y, citas_por_doc_2y, refs_por_doc, pct_female, overton, cobertura, categorias, areas, titulo_alternativo, Country of other organisation, atributos_licencia, apc_amount_raw, Waiver policy information URL, Other fees information URL, servicios_preservacion, Preservation Service: national library, Preservation information URL, URL for deposit policy, identificadores_persistentes, Continues, Continued By, titulo_normalizado_facts_dup, titulo_normalizado_openapc_dup, apc_metodo_imputacion, contraste_publindex_cuartil, ratio_citas_docs, sjr_score_zscore, h_index_zscore, sjr_score_minmax, h_index_minmax"
2357-3791,Revista Colombiana De Química,colombiana quimica,CO,Ciencias Naturales,199,imputado,1133.49,2982.87,True,False,"apc_monto, apc_moneda","institucion_editora_2, institucion_editora_3, titulo_normalizado_scimago_dup, titulo_alternativo, Other organisation, Country of other organisation, atributos_licencia, apc_amount_raw, Waiver policy information URL, Other fees information URL, servicios_preservacion, Preservation Service: national library, Preservation information URL, Deposit policy directory, URL for deposit policy, identificadores_persistentes, Continues, Continued By, titulo_normalizado_doaj_dup, apc_monto_original, apc_moneda_original, tasa_usd_utilizada, apc_monto, apc_moneda, titulo_normalizado_facts_dup, is_hybrid, titulo_normalizado_openapc_dup"
2248-6798,Enunciación,enunciacion,CO,Humanidades,200,imputado,645.38,1698.37,True,False,"apc_monto, apc_moneda","issn_electronic, institucion_editora_2, institucion_editora_3, rank, sourceid, tipo_publicacion, titulo_normalizado_scimago_dup, editorial, open_access, sjr_score, cuartil_sjr, h_index, total_docs, total_docs_3y, total_refs, total_citas_3y, docs_citables_3y, citas_por_doc_2y, refs_por_doc, pct_female, overton, cobertura, categorias, areas, url_revista, url, When did the journal start to publish all content using an open license?, titulo_alternativo, issn_impreso, issn_electronico, palabras_clave, idiomas, pais_editorial, Other organisation, Country of other organisation, licencia, atributos_licencia, URL for license terms, cc_legible_maquina, autor_retiene_copyright, Copyright information URL, tipo_revision, Review process information URL, politica_plagio, URL for journal's aims & scope, URL for the Editorial Board page, URL for journal's instructions for authors, semanas_submission_publicacion, tiene_apc, APC information URL, apc_amount_raw, politica_exencion, Waiver policy information URL, tiene_otros_cobros, Other fees information URL, servicios_preservacion, Preservation Service: national library, Preservation information URL, Deposit policy directory, URL for deposit policy, identificadores_persistentes, cumple_oa, Continues, Continued By, codigos_lcc, subscribe_to_open, Mirror Journal, Open Journals Collective, materias, fecha_incorporacion, fecha_actualizacion, Last Full Review Date, num_articulos, fecha_ultimo_articulo, titulo_normalizado_doaj_dup, apc_monto_original, apc_moneda_original, tasa_usd_utilizada, apc_conversion_estado, apc_monto, apc_moneda, titulo_normalizado_facts_dup, is_hybrid, titulo_normalizado_openapc_dup, contraste_publindex_cuartil, semanas_pub, editorial_rapida, ratio_citas_docs, sjr_score_zscore, h_index_zscore, semanas_pub_zscore, sjr_score_minmax, h_index_minmax, semanas_pub_minmax"
2346-2183,Dyna,dyna,CO,Ingeniería y Tecnología,201,observado,1790.62,4712.16,False,False,apc_metodo_imputacion,"issn_electronic, institucion_editora_2, institucion_editora_3, rank, sourceid, tipo_publicacion, titulo_normalizado_scimago_dup, open_access, sjr_score, cuartil_sjr, h_index, total_docs, total_docs_3y, total_refs, total_citas_3y, docs_citables_3y, citas_por_doc_2y, refs_por_doc, pct_female, overton, cobertura, categorias, areas, titulo_alternativo, issn_impreso, atributos_licencia, cc_legible_maquina, apc_amount_raw, Waiver policy information URL, Other fees information URL, servicios_preservacion, Preservation Service: national library, Preservation information URL, Deposit policy directory, URL for deposit policy, Continues, titulo_normalizado_doaj_dup, titulo_normalizado_facts_dup, titulo_normalizado_openapc_dup, apc_metodo_imputacion, contraste_publindex_cuartil, ratio_citas_docs, sjr_score_zscore, h_index_zscore, sjr_score_minmax, h_index_minmax"
2590-7379,Biomédica,biomedica,CO,Ciencias Médicas y de la Salud,202,observado,1672.96,4402.53,False,False,apc_metodo_imputacion,"issn_electronic, institucion_editora_2, institucion_editora_3, rank, sourceid, tipo_publicacion, titulo_normalizado_scimago_dup, open_access, sjr_score, cuartil_sjr, h_index, total_docs, total_docs_3y, total_refs, total_citas_3y, docs_citables_3y, citas_por_doc_2y, refs_por_doc, pct_female, overton, cobertura, categorias, areas, titulo_alternativo, atributos_licencia, Waiver policy information URL, servicios_preservacion, Preservation Service: national library, Preservation information URL, Deposit policy directory, URL for deposit policy, Continues, Continued By, titulo_normalizado_doaj_dup, titulo_normalizado_facts_dup, titulo_normalizado_openapc_dup, apc_metodo_imputacion, contraste_publindex_cuartil, ratio_citas_docs, sjr_score_zscore, h_index_zscore, sjr_score_minmax, h_index_minmax"
2256-3334,Revista Facultad Nacional De Salud Publica,facultad nacional salud publica,CO,Ciencias Médicas y de la Salud,203,observado,2581.2,6792.63,False,False,apc_metodo_imputacion,"institucion_editora_2, institucion_editora_3, atributos_licencia, cc_legible_maquina, apc_amount_raw, Waiver policy information URL, Other fees information URL, Preservation Service: national library, Deposit policy directory, URL for deposit policy, Continues, Continued By, titulo_normalizado_doaj_dup, titulo_normalizado_facts_dup, titulo_normalizado_openapc_dup, apc_metodo_imputacion"
2357-3759,Caldasia,caldasia,CO,Ciencias Naturales,204,imputado,1117.23,2940.08,True,False,"apc_monto, apc_moneda","issn_electronic, institucion_editora_2, institucion_editora_3, rank, sourceid, tipo_publicacion, titulo_normalizado_scimago_dup, open_access, sjr_score, cuartil_sjr, h_index, total_docs, total_docs_3y, total_refs, total_citas_3y, docs_citables_3y, citas_por_doc_2y, refs_por_doc, pct_female, overton, cobertura, categorias, areas, titulo_alternativo, atributos_licencia, apc_amount_raw, Waiver policy information URL, Other fees information URL, servicios_preservacion, Preservation Service: national library, Preservation information URL, Deposit policy directory, URL for deposit policy, identificadores_persistentes, Continues, Continued By, fecha_ultimo_articulo, titulo_normalizado_doaj_dup, apc_monto_original, apc_moneda_original, tasa_usd_utilizada, apc_monto, apc_moneda, titulo_normalizado_facts_dup, is_hybrid, titulo_normalizado_openapc_dup, contraste_publindex_cuartil, ratio_citas_docs, sjr_score_zscore, h_index_zscore, sjr_score_minmax, h_index_minmax"
2462-8433,Estudios Políticos,estudios politicos,CO,Ciencias Sociales,205,imputado,875.77,2304.66,True,False,"apc_monto, apc_moneda","issn_electronic, institucion_editora_2, institucion_editora_3, rank, sourceid, tipo_publicacion, titulo_normalizado_scimago_dup, open_access, sjr_score, cuartil_sjr, h_index, total_docs, total_docs_3y, total_refs, total_citas_3y, docs_citables_3y, citas_por_doc_2y, refs_por_doc, pct_female, overton, cobertura, categorias, areas, titulo_alternativo, Other organisation, Country of other organisation, atributos_licencia, apc_amount_raw, Waiver policy information URL, Other fees information URL, servicios_preservacion, Preservation Service: national library, Preservation information URL, Continues, Continued By, titulo_normalizado_doaj_dup, apc_monto_original, apc_moneda_original, tasa_usd_utilizada, apc_monto, apc_moneda, titulo_normalizado_facts_dup, is_hybrid, titulo_normalizado_openapc_dup, contraste_publindex_cuartil, ratio_citas_docs, sjr_score_zscore, h_index_zscore, sjr_score_minmax, h_index_minmax"
2256-201X,Colombia Forestal,colombia forestal,CO,Ciencias Agrícolas,206,observado,2159.14,5681.95,False,False,apc_metodo_imputacion,"issn_electronic, institucion_editora_2, institucion_editora_3, rank, sourceid, tipo_publicacion, titulo_normalizado_scimago_dup, open_access, sjr_score, cuartil_sjr, h_index, total_docs, total_docs_3y, total_refs, total_citas_3y, docs_citables_3y, citas_por_doc_2y, refs_por_doc, pct_female, overton, cobertura, categorias, areas, titulo_alternativo, Country of other organisation, cc_legible_maquina, Copyright information URL, apc_amount_raw, Waiver policy information URL, Other fees information URL, Preservation Service: national library, Deposit policy directory, URL for deposit policy, Continues, Continued By, titulo_normalizado_doaj_dup, titulo_normalizado_facts_dup, titulo_normalizado_openapc_dup, apc_metodo_imputacion, contraste_publindex_cuartil, ratio_citas_docs, sjr_score_zscore, h_index_zscore, sjr_score_minmax, h_index_minmax"
2011-0731,Academia Y Virtualidad,academia virtualidad,CO,Ciencias Sociales,207,observado,2518.03,6626.39,False,False,apc_metodo_imputacion,"issn_electronic, institucion_editora_2, institucion_editora_3, rank, sourceid, tipo_publicacion, titulo_normalizado_scimago_dup, open_access, sjr_score, cuartil_sjr, h_index, total_docs, total_docs_3y, total_refs, total_citas_3y, docs_citables_3y, citas_por_doc_2y, refs_por_doc, pct_female, overton, cobertura, categorias, areas, titulo_alternativo, issn_impreso, atributos_licencia, apc_amount_raw, Waiver policy information URL, Other fees information URL, Preservation Service: national library, Continues, Continued By, titulo_normalizado_facts_dup, titulo_normalizado_openapc_dup, apc_metodo_imputacion, contraste_publindex_cuartil, ratio_citas_docs, sjr_score_zscore, h_index_zscore, sjr_score_minmax, h_index_minmax"
2322-777X,Historia Y Memoria,historia memoria,CO,Humanidades,208,observado,1205.28,3171.79,False,False,apc_metodo_imputacion,"issn_electronic, institucion_editora_2, institucion_editora_3, titulo_normalizado_scimago_dup, titulo_alternativo, Country of other organisation, atributos_licencia, cc_legible_maquina, Copyright information URL, apc_amount_raw, Waiver policy information URL, Other fees information URL, servicios_preservacion, Preservation Service: national library, Preservation information URL, Deposit policy directory, URL for deposit policy, identificadores_persistentes, Continues, Continued By, titulo_normalizado_doaj_dup, titulo_normalizado_facts_dup, titulo_normalizado_openapc_dup, apc_metodo_imputacion"
1900-1592,Conservacion Colombiana,conservacion colombiana,CO,No registra,209,imputado,1262.15,3321.45,True,False,"apc_monto, apc_moneda","issn_electronic, issn_linking, codigo_dane, institucion_editora_1, institucion_editora_2, institucion_editora_3, titulo_alternativo, atributos_licencia, apc_amount_raw, Waiver policy information URL, Other fees information URL, servicios_preservacion, Preservation Service: national library, Preservation information URL, Continues, Continued By, titulo_normalizado_doaj_dup, apc_monto_original, apc_moneda_original, tasa_usd_utilizada, apc_monto, apc_moneda, titulo_normalizado_facts_dup, is_hybrid, titulo_normalizado_openapc_dup"
0124-5821,Revista Virtual Universidad Católica Del Norte,virtual universidad catolica norte,CO,Ciencias Sociales,210,observado,3313.44,8719.58,False,False,apc_metodo_imputacion,"issn_electronic, institucion_editora_2, institucion_editora_3, rank, sourceid, tipo_publicacion, titulo_normalizado_scimago_dup, open_access, sjr_score, cuartil_sjr, h_index, total_docs, total_docs_3y, total_refs, total_citas_3y, docs_citables_3y, citas_por_doc_2y, refs_por_doc, pct_female, overton, cobertura, categorias, areas, titulo_alternativo, issn_impreso, Other organisation, Country of other organisation, atributos_licencia, cc_legible_maquina, apc_amount_raw, Waiver policy information URL, Other fees information URL, servicios_preservacion, Preservation Service: national library, Preservation information URL, Deposit policy directory, URL for deposit policy, identificadores_persistentes, Continues, Continued By, titulo_normalizado_facts_dup, titulo_normalizado_openapc_dup, apc_metodo_imputacion, contraste_publindex_cuartil, ratio_citas_docs, sjr_score_zscore, h_index_zscore, sjr_score_minmax, h_index_minmax"
2248-6011,Cuadernos Latinoamericanos De Administración,latinoamericanos administracion,CO,Ciencias Sociales,211,observado,1974.5,5196.05,False,False,apc_metodo_imputacion,"issn_electronic, institucion_editora_2, institucion_editora_3, rank, sourceid, tipo_publicacion, titulo_normalizado_scimago_dup, open_access, sjr_score, cuartil_sjr, h_index, total_docs, total_docs_3y, total_refs, total_citas_3y, docs_citables_3y, citas_por_doc_2y, refs_por_doc, pct_female, overton, cobertura, categorias, areas, issn_impreso, atributos_licencia, apc_amount_raw, Waiver policy information URL, Other fees information URL, Preservation Service: national library, Preservation information URL, Continues, Continued By, titulo_normalizado_doaj_dup, titulo_normalizado_facts_dup, titulo_normalizado_openapc_dup, apc_metodo_imputacion, contraste_publindex_cuartil, ratio_citas_docs, sjr_score_zscore, h_index_zscore, sjr_score_minmax, h_index_minmax"
2500-6045,Cuadernos De Contabilidad,contabilidad,CO,Ciencias Sociales,212,imputado,870.41,2290.55,True,False,"apc_monto, apc_moneda","issn_electronic, institucion_editora_2, institucion_editora_3, rank, sourceid, tipo_publicacion, titulo_normalizado_scimago_dup, open_access, sjr_score, cuartil_sjr, h_index, total_docs, total_docs_3y, total_refs, total_citas_3y, docs_citables_3y, citas_por_doc_2y, refs_por_doc, pct_female, overton, cobertura, categorias, areas, titulo_alternativo, issn_impreso, Other organisation, Country of other organisation, atributos_licencia, cc_legible_maquina, apc_amount_raw, Waiver policy information URL, servicios_preservacion, Preservation Service: national library, Deposit policy directory, URL for deposit policy, Continues, Continued By, titulo_normalizado_doaj_dup, apc_monto_original, apc_moneda_original, tasa_usd_utilizada, apc_monto, apc_moneda, titulo_normalizado_facts_dup, is_hybrid, titulo_normalizado_openapc_dup, contraste_publindex_cuartil, ratio_citas_docs, sjr_score_zscore, h_index_zscore, sjr_score_minmax, h_index_minmax"
2500-7645,"Revista Científica ""General José María Córdova""",cientifica general jose maria cordova,CO,Ciencias Sociales,213,observado,966.76,2544.11,False,False,apc_metodo_imputacion,"issn_electronic, institucion_editora_2, institucion_editora_3, rank, sourceid, tipo_publicacion, titulo_normalizado_scimago_dup, open_access, sjr_score, cuartil_sjr, h_index, total_docs, total_docs_3y, total_refs, total_citas_3y, docs_citables_3y, citas_por_doc_2y, refs_por_doc, pct_female, overton, cobertura, categorias, areas, Other organisation, Country of other organisation, atributos_licencia, apc_amount_raw, Waiver policy information URL, Other fees information URL, servicios_preservacion, Preservation Service: national library, Preservation information URL, Continues, Continued By, titulo_normalizado_doaj_dup, titulo_normalizado_facts_dup, titulo_normalizado_openapc_dup, apc_metodo_imputacion, contraste_publindex_cuartil, ratio_citas_docs, sjr_score_zscore, h_index_zscore, sjr_score_minmax, h_index_minmax"
2590-9215,Revista Perspectivas,perspectivas,CO,Ciencias Sociales,214,observado,3065.04,8065.89,False,False,apc_metodo_imputacion,"issn_electronic, institucion_editora_2, institucion_editora_3, rank, sourceid, tipo_publicacion, titulo_normalizado_scimago_dup, open_access, sjr_score, cuartil_sjr, h_index, total_docs, total_docs_3y, total_refs, total_citas_3y, docs_citables_3y, citas_por_doc_2y, refs_por_doc, pct_female, overton, cobertura, categorias, areas, titulo_alternativo, issn_impreso, Country of other organisation, atributos_licencia, cc_legible_maquina, Copyright information URL, apc_amount_raw, Waiver policy information URL, Other fees information URL, servicios_preservacion, Preservation Service: national library, Preservation information URL, Deposit policy directory, URL for deposit policy, Continues, Continued By, titulo_normalizado_facts_dup, titulo_normalizado_openapc_dup, apc_metodo_imputacion, contraste_publindex_cuartil, ratio_citas_docs, sjr_score_zscore, h_index_zscore, sjr_score_minmax, h_index_minmax"
2346-1691,Cuadernos De Literatura,literatura,CO,Humanidades,215,observado,2838.9,7470.79,False,False,apc_metodo_imputacion,"issn_electronic, codigo_dane, institucion_editora_2, institucion_editora_3, rank, sourceid, tipo_publicacion, titulo_normalizado_scimago_dup, open_access, sjr_score, cuartil_sjr, h_index, total_docs, total_docs_3y, total_refs, total_citas_3y, docs_citables_3y, citas_por_doc_2y, refs_por_doc, pct_female, overton, cobertura, categorias, areas, atributos_licencia, apc_amount_raw, Waiver policy information URL, Other fees information URL, servicios_preservacion, Preservation Service: national library, Preservation information URL, Deposit policy directory, URL for deposit policy, Continues, Continued By, titulo_normalizado_doaj_dup, titulo_normalizado_facts_dup, titulo_normalizado_openapc_dup, apc_metodo_imputacion, contraste_publindex_cuartil, ratio_citas_docs, sjr_score_zscore, h_index_zscore, sjr_score_minmax, h_index_minmax"
2145-4604,Revista Colombiana De Anestesiología,colombiana anestesiologia,CO,Ciencias Médicas y de la Salud,216,declarado,162.0,426.32,False,False,apc_metodo_imputacion,"institucion_editora_2, institucion_editora_3, titulo_normalizado_scimago_dup, issn_impreso, atributos_licencia, Waiver policy information URL, Preservation Service: national library, Deposit policy directory, URL for deposit policy, Continues, Continued By, titulo_normalizado_doaj_dup, titulo_normalizado_facts_dup, is_hybrid, titulo_normalizado_openapc_dup, apc_metodo_imputacion"
2590-521X,Revista Escuela De Administración De Negocios,escuela administracion negocios,CO,Ciencias Sociales,217,imputado,870.05,2289.61,True,False,"apc_monto, apc_moneda","issn_electronic, institucion_editora_2, institucion_editora_3, rank, sourceid, tipo_publicacion, titulo_normalizado_scimago_dup, open_access, sjr_score, cuartil_sjr, h_index, total_docs, total_docs_3y, total_refs, total_citas_3y, docs_citables_3y, citas_por_doc_2y, refs_por_doc, pct_female, overton, cobertura, categorias, areas, Other organisation, Country of other organisation, atributos_licencia, apc_amount_raw, Waiver policy information URL, Other fees information URL, servicios_preservacion, Preservation Service: national library, Preservation information URL, Deposit policy directory, URL for deposit policy, Continues, Continued By, fecha_ultimo_articulo, titulo_normalizado_doaj_dup, apc_monto_original, apc_moneda_original, tasa_usd_utilizada, apc_monto, apc_moneda, titulo_normalizado_facts_dup, is_hybrid, titulo_normalizado_openapc_dup, contraste_publindex_cuartil, ratio_citas_docs, sjr_score_zscore, h_index_zscore, sjr_score_minmax, h_index_minmax"
2500-5316,Revista Facultad De Ciencias Básicas,facultad ciencias basicas,CO,Ciencias Naturales,218,observado,2160.0,5684.21,False,False,apc_metodo_imputacion,"issn_electronic, institucion_editora_2, institucion_editora_3, titulo_normalizado_scimago_dup, Other organisation, Country of other organisation, atributos_licencia, Waiver policy information URL, Other fees information URL, servicios_preservacion, Preservation Service: national library, Preservation information URL, Deposit policy directory, URL for deposit policy, Continues, Continued By, titulo_normalizado_doaj_dup, titulo_normalizado_facts_dup, titulo_normalizado_openapc_dup, apc_metodo_imputacion"
2323-0886,Criterio Libre,criterio libre,CO,Ciencias Sociales,219,imputado,883.28,2324.42,True,False,"apc_monto, apc_moneda","issn_electronic, institucion_editora_2, institucion_editora_3, rank, sourceid, tipo_publicacion, titulo_normalizado_scimago_dup, editorial, open_access, sjr_score, cuartil_sjr, h_index, total_docs, total_docs_3y, total_refs, total_citas_3y, docs_citables_3y, citas_por_doc_2y, refs_por_doc, pct_female, overton, cobertura, categorias, areas, url_revista, url, When did the journal start to publish all content using an open license?, titulo_alternativo, issn_impreso, issn_electronico, palabras_clave, idiomas, pais_editorial, Other organisation, Country of other organisation, licencia, atributos_licencia, URL for license terms, cc_legible_maquina, autor_retiene_copyright, Copyright information URL, tipo_revision, Review process information URL, politica_plagio, URL for journal's aims & scope, URL for the Editorial Board page, URL for journal's instructions for authors, semanas_submission_publicacion, tiene_apc, APC information URL, apc_amount_raw, politica_exencion, Waiver policy information URL, tiene_otros_cobros, Other fees information URL, servicios_preservacion, Preservation Service: national library, Preservation information URL, Deposit policy directory, URL for deposit policy, identificadores_persistentes, cumple_oa, Continues, Continued By, codigos_lcc, subscribe_to_open, Mirror Journal, Open Journals Collective, materias, fecha_incorporacion, fecha_actualizacion, Last Full Review Date, num_articulos, fecha_ultimo_articulo, titulo_normalizado_doaj_dup, apc_monto_original, apc_moneda_original, tasa_usd_utilizada, apc_conversion_estado, apc_monto, apc_moneda, titulo_normalizado_facts_dup, is_hybrid, titulo_normalizado_openapc_dup, contraste_publindex_cuartil, semanas_pub, editorial_rapida, ratio_citas_docs, sjr_score_zscore, h_index_zscore, semanas_pub_zscore, sjr_score_minmax, h_index_minmax, semanas_pub_minmax"
2389-7732,Modulo Arquitectura- Cuc,modulo arquitectura cuc,CO,Humanidades,220,observado,3065.04,8065.89,False,False,apc_metodo_imputacion,"institucion_editora_2, institucion_editora_3, titulo_alternativo, atributos_licencia, cc_legible_maquina, apc_amount_raw, Waiver policy information URL, Other fees information URL, servicios_preservacion, Preservation Service: national library, Preservation information URL, Deposit policy directory, URL for deposit policy, Continues, Continued By, titulo_normalizado_doaj_dup, titulo_normalizado_facts_dup, titulo_normalizado_openapc_dup, apc_metodo_imputacion"
2027-534X,Palabra Clave,palabra clave,CO,Ciencias Sociales,221,imputado,870.05,2289.61,True,False,"apc_monto, apc_moneda","issn_electronic, institucion_editora_2, institucion_editora_3, rank, sourceid, tipo_publicacion, titulo_normalizado_scimago_dup, open_access, sjr_score, cuartil_sjr, h_index, total_docs, total_docs_3y, total_refs, total_citas_3y, docs_citables_3y, citas_por_doc_2y, refs_por_doc, pct_female, overton, cobertura, categorias, areas, titulo_alternativo, atributos_licencia, apc_amount_raw, Waiver policy information URL, Other fees information URL, Preservation Service: national library, Continues, Continued By, titulo_normalizado_doaj_dup, apc_monto_original, apc_moneda_original, tasa_usd_utilizada, apc_monto, apc_moneda, titulo_normalizado_facts_dup, is_hybrid, titulo_normalizado_openapc_dup, contraste_publindex_cuartil, ratio_citas_docs, sjr_score_zscore, h_index_zscore, sjr_score_minmax, h_index_minmax"
2357-6308,Medicina Upb,medicina upb,CO,Ciencias Médicas y de la Salud,222,observado,1564.49,4117.08,False,False,apc_metodo_imputacion,"institucion_editora_2, institucion_editora_3, titulo_normalizado_scimago_dup, titulo_alternativo, issn_impreso, Other organisation, Country of other organisation, atributos_licencia, cc_legible_maquina, apc_amount_raw, Waiver policy information URL, Other fees information URL, servicios_preservacion, Preservation Service: national library, Preservation information URL, Continues, Continued By, titulo_normalizado_facts_dup, titulo_normalizado_openapc_dup, apc_metodo_imputacion"
2011-7965,Iatreia,iatreia,CO,Ciencias Médicas y de la Salud,223,imputado,1285.38,3382.58,True,False,"apc_monto, apc_moneda","issn_electronic, institucion_editora_2, institucion_editora_3, rank, sourceid, tipo_publicacion, titulo_normalizado_scimago_dup, editorial, open_access, sjr_score, cuartil_sjr, h_index, total_docs, total_docs_3y, total_refs, total_citas_3y, docs_citables_3y, citas_por_doc_2y, refs_por_doc, pct_female, overton, cobertura, categorias, areas, url_revista, url, When did the journal start to publish all content using an open license?, titulo_alternativo, issn_impreso, issn_electronico, palabras_clave, idiomas, pais_editorial, Other organisation, Country of other organisation, licencia, atributos_licencia, URL for license terms, cc_legible_maquina, autor_retiene_copyright, Copyright information URL, tipo_revision, Review process information URL, politica_plagio, URL for journal's aims & scope, URL for the Editorial Board page, URL for journal's instructions for authors, semanas_submission_publicacion, tiene_apc, APC information URL, apc_amount_raw, politica_exencion, Waiver policy information URL, tiene_otros_cobros, Other fees information URL, servicios_preservacion, Preservation Service: national library, Preservation information URL, Deposit policy directory, URL for deposit policy, identificadores_persistentes, cumple_oa, Continues, Continued By, codigos_lcc, subscribe_to_open, Mirror Journal, Open Journals Collective, materias, fecha_incorporacion, fecha_actualizacion, Last Full Review Date, num_articulos, fecha_ultimo_articulo, titulo_normalizado_doaj_dup, apc_monto_original, apc_moneda_original, tasa_usd_utilizada, apc_conversion_estado, apc_monto, apc_moneda, titulo_normalizado_facts_dup, is_hybrid, titulo_normalizado_openapc_dup, contraste_publindex_cuartil, semanas_pub, editorial_rapida, ratio_citas_docs, sjr_score_zscore, h_index_zscore, semanas_pub_zscore, sjr_score_minmax, h_index_minmax, semanas_pub_minmax"
2539-0554,Tendencias,tendencias,CO,Ciencias Sociales,224,imputado,870.41,2290.55,True,False,"apc_monto, apc_moneda","issn_electronic, institucion_editora_2, institucion_editora_3, rank, sourceid, tipo_publicacion, titulo_normalizado_scimago_dup, open_access, sjr_score, cuartil_sjr, h_index, total_docs, total_docs_3y, total_refs, total_citas_3y, docs_citables_3y, citas_por_doc_2y, refs_por_doc, pct_female, overton, cobertura, categorias, areas, issn_impreso, Other organisation, Country of other organisation, atributos_licencia, apc_amount_raw, Waiver policy information URL, Other fees information URL, servicios_preservacion, Preservation Service: national library, Preservation information URL, Deposit policy directory, URL for deposit policy, Continues, Continued By, fecha_ultimo_articulo, titulo_normalizado_doaj_dup, apc_monto_original, apc_moneda_original, tasa_usd_utilizada, apc_monto, apc_moneda, titulo_normalizado_facts_dup, is_hybrid, titulo_normalizado_openapc_dup, contraste_publindex_cuartil, ratio_citas_docs, sjr_score_zscore, h_index_zscore, sjr_score_minmax, h_index_minmax"
1909-7743,"Revista De Relaciones Internacionales, Estrategia Y Seguridad",relaciones internacionales estrategia seguridad,CO,Ciencias Sociales,225,imputado,873.27,2298.08,True,False,"apc_monto, apc_moneda","issn_electronic, institucion_editora_2, institucion_editora_3, rank, sourceid, tipo_publicacion, titulo_normalizado_scimago_dup, open_access, sjr_score, cuartil_sjr, h_index, total_docs, total_docs_3y, total_refs, total_citas_3y, docs_citables_3y, citas_por_doc_2y, refs_por_doc, pct_female, overton, cobertura, categorias, areas, titulo_alternativo, Other organisation, Country of other organisation, atributos_licencia, cc_legible_maquina, Copyright information URL, apc_amount_raw, Waiver policy information URL, Other fees information URL, servicios_preservacion, Preservation Service: national library, Preservation information URL, Deposit policy directory, URL for deposit policy, identificadores_persistentes, Continues, Continued By, titulo_normalizado_doaj_dup, apc_monto_original, apc_moneda_original, tasa_usd_utilizada, apc_monto, apc_moneda, titulo_normalizado_facts_dup, is_hybrid, titulo_normalizado_openapc_dup, contraste_publindex_cuartil, ratio_citas_docs, sjr_score_zscore, h_index_zscore, sjr_score_minmax, h_index_minmax"
1657-9534,Colombia Médica,colombia medica,CO,Ciencias Médicas y de la Salud,226,observado,324.0,852.63,False,False,apc_metodo_imputacion,"institucion_editora_2, institucion_editora_3, titulo_alternativo, issn_impreso, Country of other organisation, atributos_licencia, cc_legible_maquina, Copyright information URL, apc_amount_raw, Waiver policy information URL, servicios_preservacion, Preservation Service: national library, Preservation information URL, URL for deposit policy, identificadores_persistentes, Continues, Continued By, fecha_ultimo_articulo, titulo_normalizado_doaj_dup, titulo_normalizado_facts_dup, titulo_normalizado_openapc_dup, apc_metodo_imputacion"
1900-7760,Desarrollo Y Sociedad,desarrollo sociedad,CO,Ciencias Sociales,227,imputado,870.05,2289.61,True,False,"apc_monto, apc_moneda","issn_electronic, institucion_editora_2, institucion_editora_3, rank, sourceid, tipo_publicacion, titulo_normalizado_scimago_dup, open_access, sjr_score, cuartil_sjr, h_index, total_docs, total_docs_3y, total_refs, total_citas_3y, docs_citables_3y, citas_por_doc_2y, refs_por_doc, pct_female, overton, cobertura, categorias, areas, titulo_alternativo, Other organisation, Country of other organisation, atributos_licencia, apc_amount_raw, Waiver policy information URL, Other fees information URL, servicios_preservacion, Preservation Service: national library, Preservation information URL, Deposit policy directory, URL for deposit policy, Continues, Continued By, fecha_ultimo_articulo, titulo_normalizado_doaj_dup, apc_monto_original, apc_moneda_original, tasa_usd_utilizada, apc_monto, apc_moneda, titulo_normalizado_facts_dup, is_hybrid, titulo_normalizado_openapc_dup, contraste_publindex_cuartil, ratio_citas_docs, sjr_score_zscore, h_index_zscore, sjr_score_minmax, h_index_minmax"
2462-8603,Praxis & Saber,praxis saber,CO,Ciencias Sociales,228,observado,2570.4,6764.21,False,False,apc_metodo_imputacion,"issn_electronic, institucion_editora_2, institucion_editora_3, rank, sourceid, tipo_publicacion, titulo_normalizado_scimago_dup, open_access, sjr_score, cuartil_sjr, h_index, total_docs, total_docs_3y, total_refs, total_citas_3y, docs_citables_3y, citas_por_doc_2y, refs_por_doc, pct_female, overton, cobertura, categorias, areas, titulo_alternativo, issn_impreso, Other organisation, Country of other organisation, atributos_licencia, apc_amount_raw, Waiver policy information URL, Other fees information URL, Preservation Service: national library, Deposit policy directory, URL for deposit policy, Continues, Continued By, titulo_normalizado_facts_dup, titulo_normalizado_openapc_dup, apc_metodo_imputacion, contraste_publindex_cuartil, ratio_citas_docs, sjr_score_zscore, h_index_zscore, sjr_score_minmax, h_index_minmax"
2215-8944,Academia & Derecho,academia derecho,CO,Ciencias Sociales,229,observado,2518.03,6626.39,False,False,apc_metodo_imputacion,"issn_linking, institucion_editora_2, institucion_editora_3, titulo_normalizado_scimago_dup, issn_impreso, Other organisation, Country of other organisation, atributos_licencia, apc_amount_raw, Waiver policy information URL, Other fees information URL, servicios_preservacion, Preservation Service: national library, Preservation information URL, Deposit policy directory, URL for deposit policy, Continues, Continued By, titulo_normalizado_doaj_dup, titulo_normalizado_facts_dup, titulo_normalizado_openapc_dup, apc_metodo_imputacion"
2215-9185,Ces Odontología,ces odontologia,CO,Ciencias Médicas y de la Salud,230,imputado,1274.66,3354.37,True,False,"apc_monto, apc_moneda","issn_electronic, institucion_editora_2, institucion_editora_3, rank, sourceid, tipo_publicacion, titulo_normalizado_scimago_dup, open_access, sjr_score, cuartil_sjr, h_index, total_docs, total_docs_3y, total_refs, total_citas_3y, docs_citables_3y, citas_por_doc_2y, refs_por_doc, pct_female, overton, cobertura, categorias, areas, Country of other organisation, atributos_licencia, apc_amount_raw, Waiver policy information URL, Other fees information URL, servicios_preservacion, Preservation Service: national library, Preservation information URL, Continues, Continued By, titulo_normalizado_doaj_dup, apc_monto_original, apc_moneda_original, tasa_usd_utilizada, apc_monto, apc_moneda, titulo_normalizado_facts_dup, is_hybrid, titulo_normalizado_openapc_dup, contraste_publindex_cuartil, ratio_citas_docs, sjr_score_zscore, h_index_zscore, sjr_score_minmax, h_index_minmax"
1900-9178,"Revista Ambiental Agua, Aire Y Suelo",ambiental agua aire suelo,CO,Ingeniería y Tecnología,231,declarado,60.0,157.89,False,False,apc_metodo_imputacion,"issn_electronic, issn_linking, institucion_editora_2, institucion_editora_3, rank, sourceid, tipo_publicacion, titulo_normalizado_scimago_dup, open_access, sjr_score, cuartil_sjr, h_index, total_docs, total_docs_3y, total_refs, total_citas_3y, docs_citables_3y, citas_por_doc_2y, refs_por_doc, pct_female, overton, cobertura, categorias, areas, titulo_alternativo, Other organisation, Country of other organisation, atributos_licencia, cc_legible_maquina, Waiver policy information URL, Other fees information URL, servicios_preservacion, Preservation Service: national library, Preservation information URL, Deposit policy directory, URL for deposit policy, identificadores_persistentes, Continues, Continued By, titulo_normalizado_doaj_dup, titulo_normalizado_facts_dup, is_hybrid, titulo_normalizado_openapc_dup, apc_metodo_imputacion, contraste_publindex_cuartil, ratio_citas_docs, sjr_score_zscore, h_index_zscore, sjr_score_minmax, h_index_minmax"
2256-5493,Trabajo Social,trabajo social,CO,Ciencias Sociales,232,observado,289.17,760.97,False,False,apc_metodo_imputacion,"issn_electronic, institucion_editora_2, institucion_editora_3, rank, sourceid, tipo_publicacion, titulo_normalizado_scimago_dup, open_access, sjr_score, cuartil_sjr, h_index, total_docs, total_docs_3y, total_refs, total_citas_3y, docs_citables_3y, citas_por_doc_2y, refs_por_doc, pct_female, overton, cobertura, categorias, areas, titulo_alternativo, Country of other organisation, atributos_licencia, apc_amount_raw, Waiver policy information URL, Other fees information URL, Preservation Service: national library, Deposit policy directory, URL for deposit policy, identificadores_persistentes, Continues, Continued By, titulo_normalizado_doaj_dup, titulo_normalizado_facts_dup, titulo_normalizado_openapc_dup, apc_metodo_imputacion, contraste_publindex_cuartil, ratio_citas_docs, sjr_score_zscore, h_index_zscore, sjr_score_minmax, h_index_minmax"
1692-7257,Revista Colombiana De Tecnologías De Avanzada,colombiana tecnologias avanzada,CO,Ingeniería y Tecnología,233,imputado,1022.54,2690.89,True,False,"apc_monto, apc_moneda","issn_linking, institucion_editora_2, institucion_editora_3, titulo_normalizado_scimago_dup, titulo_alternativo, Other organisation, Country of other organisation, atributos_licencia, apc_amount_raw, Waiver policy information URL, Other fees information URL, Preservation Service: national library, Deposit policy directory, URL for deposit policy, Continues, Continued By, apc_monto_original, apc_moneda_original, tasa_usd_utilizada, apc_monto, apc_moneda, titulo_normalizado_facts_dup, is_hybrid, titulo_normalizado_openapc_dup"
2145-8499,Anuario De Historia Regional Y De Las Fronteras,anuario historia regional fronteras,CO,Humanidades,234,observado,2028.48,5338.11,False,False,apc_metodo_imputacion,"issn_electronic, institucion_editora_2, institucion_editora_3, rank, sourceid, tipo_publicacion, titulo_normalizado_scimago_dup, open_access, sjr_score, cuartil_sjr, h_index, total_docs, total_docs_3y, total_refs, total_citas_3y, docs_citables_3y, citas_por_doc_2y, refs_por_doc, pct_female, overton, cobertura, categorias, areas, titulo_alternativo, Country of other organisation, atributos_licencia, cc_legible_maquina, apc_amount_raw, Waiver policy information URL, Other fees information URL, servicios_preservacion, Preservation Service: national library, Preservation information URL, Deposit policy directory, URL for deposit policy, identificadores_persistentes, Continues, Continued By, titulo_normalizado_doaj_dup, titulo_normalizado_facts_dup, titulo_normalizado_openapc_dup, apc_metodo_imputacion, contraste_publindex_cuartil, ratio_citas_docs, sjr_score_zscore, h_index_zscore, sjr_score_minmax, h_index_minmax"
2463-1469,Eleuthera,eleuthera,CO,Ciencias Sociales,235,observado,1838.38,4837.84,False,False,apc_metodo_imputacion,"issn_electronic, institucion_editora_2, institucion_editora_3, rank, sourceid, tipo_publicacion, titulo_normalizado_scimago_dup, open_access, sjr_score, cuartil_sjr, h_index, total_docs, total_docs_3y, total_refs, total_citas_3y, docs_citables_3y, citas_por_doc_2y, refs_por_doc, pct_female, overton, cobertura, categorias, areas, url_revista, url, When did the journal start to publish all content using an open license?, titulo_alternativo, issn_impreso, issn_electronico, palabras_clave, idiomas, pais_editorial, Other organisation, Country of other organisation, licencia, atributos_licencia, URL for license terms, cc_legible_maquina, autor_retiene_copyright, Copyright information URL, tipo_revision, Review process information URL, politica_plagio, URL for journal's aims & scope, URL for the Editorial Board page, URL for journal's instructions for authors, semanas_submission_publicacion, tiene_apc, APC information URL, apc_amount_raw, politica_exencion, Waiver policy information URL, tiene_otros_cobros, Other fees information URL, servicios_preservacion, Preservation Service: national library, Preservation information URL, Deposit policy directory, URL for deposit policy, identificadores_persistentes, cumple_oa, Continues, Continued By, codigos_lcc, subscribe_to_open, Mirror Journal, Open Journals Collective, materias, fecha_incorporacion, fecha_actualizacion, Last Full Review Date, num_articulos, fecha_ultimo_articulo, titulo_normalizado_doaj_dup, apc_conversion_estado, titulo_normalizado_facts_dup, titulo_normalizado_openapc_dup, apc_metodo_imputacion, contraste_publindex_cuartil, semanas_pub, editorial_rapida, ratio_citas_docs, sjr_score_zscore, h_index_zscore, semanas_pub_zscore, sjr_score_minmax, h_index_minmax, semanas_pub_minmax"
2027-145X,Bitácora Urbano Territorial,bitacora urbano territorial,CO,Humanidades,236,observado,714.2,1879.47,False,False,apc_metodo_imputacion,"issn_electronic, institucion_editora_1, institucion_editora_2, institucion_editora_3, rank, sourceid, tipo_publicacion, titulo_normalizado_scimago_dup, open_access, sjr_score, cuartil_sjr, h_index, total_docs, total_docs_3y, total_refs, total_citas_3y, docs_citables_3y, citas_por_doc_2y, refs_por_doc, pct_female, overton, cobertura, categorias, areas, titulo_alternativo, Other organisation, Country of other organisation, atributos_licencia, apc_amount_raw, Waiver policy information URL, Other fees information URL, Preservation Service: national library, Deposit policy directory, URL for deposit policy, Continues, Continued By, titulo_normalizado_doaj_dup, titulo_normalizado_facts_dup, titulo_normalizado_openapc_dup, apc_metodo_imputacion, contraste_publindex_cuartil, ratio_citas_docs, sjr_score_zscore, h_index_zscore, sjr_score_minmax, h_index_minmax"
2145-9169,Análisis,analisis,CO,Humanidades,237,observado,2438.85,6418.03,False,False,apc_metodo_imputacion,"issn_electronic, institucion_editora_2, institucion_editora_3, rank, sourceid, tipo_publicacion, titulo_normalizado_scimago_dup, open_access, sjr_score, cuartil_sjr, h_index, total_docs, total_docs_3y, total_refs, total_citas_3y, docs_citables_3y, citas_por_doc_2y, refs_por_doc, pct_female, overton, cobertura, categorias, areas, issn_impreso, Country of other organisation, atributos_licencia, cc_legible_maquina, apc_amount_raw, Waiver policy information URL, servicios_preservacion, Preservation Service: national library, Preservation information URL, URL for deposit policy, Continues, Continued By, fecha_ultimo_articulo, titulo_normalizado_doaj_dup, titulo_normalizado_facts_dup, titulo_normalizado_openapc_dup, apc_metodo_imputacion, contraste_publindex_cuartil, ratio_citas_docs, sjr_score_zscore, h_index_zscore, sjr_score_minmax, h_index_minmax"
2011-7531,Salud Uninorte,salud uninorte,CO,Ciencias Médicas y de la Salud,238,imputado,1292.34,3400.89,True,False,"apc_monto, apc_moneda","institucion_editora_2, institucion_editora_3, titulo_alternativo, issn_impreso, Country of other organisation, atributos_licencia, cc_legible_maquina, Copyright information URL, apc_amount_raw, Waiver policy information URL, Other fees information URL, servicios_preservacion, Preservation Service: national library, Preservation information URL, Deposit policy directory, URL for deposit policy, identificadores_persistentes, Continues, Continued By, apc_monto_original, apc_moneda_original, tasa_usd_utilizada, apc_monto, apc_moneda, titulo_normalizado_facts_dup, is_hybrid, titulo_normalizado_openapc_dup"
2248-4086,Anagramas : Rumbos Y Sentidos De La Comunicación,anagramas rumbos sentidos comunicacion,CO,Ciencias Sociales,239,imputado,870.76,2291.47,True,False,"apc_monto, apc_moneda","issn_electronic, codigo_dane, institucion_editora_2, institucion_editora_3, rank, sourceid, tipo_publicacion, titulo_normalizado_scimago_dup, open_access, sjr_score, cuartil_sjr, h_index, total_docs, total_docs_3y, total_refs, total_citas_3y, docs_citables_3y, citas_por_doc_2y, refs_por_doc, pct_female, overton, cobertura, categorias, areas, titulo_alternativo, Country of other organisation, atributos_licencia, cc_legible_maquina, apc_amount_raw, Waiver policy information URL, Other fees information URL, servicios_preservacion, Preservation Service: national library, Preservation information URL, Deposit policy directory, URL for deposit policy, identificadores_persistentes, Continues, Continued By, titulo_normalizado_doaj_dup, apc_monto_original, apc_moneda_original, tasa_usd_utilizada, apc_monto, apc_moneda, titulo_normalizado_facts_dup, is_hybrid, titulo_normalizado_openapc_dup, contraste_publindex_cuartil, ratio_citas_docs, sjr_score_zscore, h_index_zscore, sjr_score_minmax, h_index_minmax"
2216-0388,MUNDO FESC,mundo fesc,CO,Ingeniería y Tecnología,240,imputado,1003.07,2639.66,True,False,"apc_monto, apc_moneda","issn_electronic, institucion_editora_2, institucion_editora_3, rank, sourceid, tipo_publicacion, titulo_normalizado_scimago_dup, open_access, sjr_score, cuartil_sjr, h_index, total_docs, total_docs_3y, total_refs, total_citas_3y, docs_citables_3y, citas_por_doc_2y, refs_por_doc, pct_female, overton, cobertura, categorias, areas, titulo_alternativo, Other organisation, Country of other organisation, atributos_licencia, apc_amount_raw, Waiver policy information URL, Other fees information URL, servicios_preservacion, Preservation Service: national library, Preservation information URL, Deposit policy directory, URL for deposit policy, identificadores_persistentes, Continues, Continued By, titulo_normalizado_doaj_dup, apc_monto_original, apc_moneda_original, tasa_usd_utilizada, apc_monto, apc_moneda, titulo_normalizado_facts_dup, is_hybrid, titulo_normalizado_openapc_dup, contraste_publindex_cuartil, ratio_citas_docs, sjr_score_zscore, h_index_zscore, sjr_score_minmax, h_index_minmax"
0122-4409,Papel Político,papel politico,CO,Ciencias Sociales,241,imputado,870.41,2290.55,True,False,"apc_monto, apc_moneda","issn_electronic, issn_linking, institucion_editora_2, institucion_editora_3, rank, sourceid, tipo_publicacion, titulo_normalizado_scimago_dup, open_access, sjr_score, cuartil_sjr, h_index, total_docs, total_docs_3y, total_refs, total_citas_3y, docs_citables_3y, citas_por_doc_2y, refs_por_doc, pct_female, overton, cobertura, categorias, areas, issn_impreso, Other organisation, Country of other organisation, atributos_licencia, apc_amount_raw, Waiver policy information URL, Other fees information URL, servicios_preservacion, Preservation Service: national library, Preservation information URL, URL for deposit policy, Continues, Continued By, titulo_normalizado_doaj_dup, apc_monto_original, apc_moneda_original, tasa_usd_utilizada, apc_monto, apc_moneda, titulo_normalizado_facts_dup, is_hybrid, titulo_normalizado_openapc_dup, contraste_publindex_cuartil, ratio_citas_docs, sjr_score_zscore, h_index_zscore, sjr_score_minmax, h_index_minmax"
1012-8255,ACADEMIA. REVISTA LATINOAMERICANA DE ADMINISTRACIÓN,academia latinoamericana administracion,CO,Humanidades,242,observado,1974.5,5196.05,False,False,apc_metodo_imputacion,"issn_electronic, issn_linking, institucion_editora_1, institucion_editora_2, institucion_editora_3, rank, sourceid, tipo_publicacion, titulo_normalizado_scimago_dup, open_access, sjr_score, cuartil_sjr, h_index, total_docs, total_docs_3y, total_refs, total_citas_3y, docs_citables_3y, citas_por_doc_2y, refs_por_doc, pct_female, overton, cobertura, categorias, areas, titulo_alternativo, Country of other organisation, atributos_licencia, cc_legible_maquina, apc_amount_raw, Waiver policy information URL, servicios_preservacion, Preservation Service: national library, Deposit policy directory, URL for deposit policy, identificadores_persistentes, Continues, Continued By, titulo_normalizado_doaj_dup, titulo_normalizado_facts_dup, titulo_normalizado_openapc_dup, apc_metodo_imputacion, contraste_publindex_cuartil, ratio_citas_docs, sjr_score_zscore, h_index_zscore, sjr_score_minmax, h_index_minmax"
2027-9000,Revista Colombiana De Reumatología,colombiana reumatologia,CO,Ciencias Médicas y de la Salud,243,declarado,162.0,426.32,False,False,apc_metodo_imputacion,"institucion_editora_2, institucion_editora_3, titulo_normalizado_scimago_dup, issn_impreso, atributos_licencia, Waiver policy information URL, Preservation Service: national library, Deposit policy directory, URL for deposit policy, Continues, Continued By, titulo_normalizado_doaj_dup, titulo_normalizado_facts_dup, is_hybrid, titulo_normalizado_openapc_dup, apc_metodo_imputacion"
2215-9177,Ces Medicina,ces medicina,CO,Ciencias Médicas y de la Salud,244,observado,1564.49,4117.08,False,False,apc_metodo_imputacion,"institucion_editora_2, institucion_editora_3, titulo_normalizado_scimago_dup, titulo_alternativo, atributos_licencia, Waiver policy information URL, Other fees information URL, Preservation Service: national library, Continues, Continued By, titulo_normalizado_doaj_dup, titulo_normalizado_facts_dup, titulo_normalizado_openapc_dup, apc_metodo_imputacion"
1900-5180,Revista De Estudios Sociales,estudios sociales,CO,Ciencias Sociales,245,imputado,833.25,2192.76,True,False,"apc_monto, apc_moneda","institucion_editora_2, institucion_editora_3, titulo_alternativo, Country of other organisation, atributos_licencia, cc_legible_maquina, apc_amount_raw, Waiver policy information URL, Other fees information URL, servicios_preservacion, Preservation Service: national library, Preservation information URL, Deposit policy directory, URL for deposit policy, identificadores_persistentes, Continues, Continued By, titulo_normalizado_doaj_dup, apc_monto_original, apc_moneda_original, tasa_usd_utilizada, apc_monto, apc_moneda, titulo_normalizado_facts_dup, is_hybrid, titulo_normalizado_openapc_dup"
2027-2731,Signo Y Pensamiento,signo pensamiento,CO,Ciencias Sociales,246,imputado,872.19,2295.24,True,False,"apc_monto, apc_moneda","issn_electronic, institucion_editora_3, rank, sourceid, tipo_publicacion, titulo_normalizado_scimago_dup, open_access, sjr_score, cuartil_sjr, h_index, total_docs, total_docs_3y, total_refs, total_citas_3y, docs_citables_3y, citas_por_doc_2y, refs_por_doc, pct_female, overton, cobertura, categorias, areas, titulo_alternativo, Other organisation, Country of other organisation, atributos_licencia, apc_amount_raw, Waiver policy information URL, Other fees information URL, Preservation Service: national library, Continues, Continued By, titulo_normalizado_doaj_dup, apc_monto_original, apc_moneda_original, tasa_usd_utilizada, apc_monto, apc_moneda, titulo_normalizado_facts_dup, is_hybrid, titulo_normalizado_openapc_dup, contraste_publindex_cuartil, ratio_citas_docs, sjr_score_zscore, h_index_zscore, sjr_score_minmax, h_index_minmax"
2145-5147,Desarrollo Gerencial,desarrollo gerencial,CO,Ciencias Sociales,247,imputado,870.76,2291.47,True,False,"apc_monto, apc_moneda","issn_electronic, institucion_editora_2, institucion_editora_3, rank, sourceid, tipo_publicacion, titulo_normalizado_scimago_dup, open_access, sjr_score, cuartil_sjr, h_index, total_docs, total_docs_3y, total_refs, total_citas_3y, docs_citables_3y, citas_por_doc_2y, refs_por_doc, pct_female, overton, cobertura, categorias, areas, issn_impreso, Country of other organisation, atributos_licencia, cc_legible_maquina, Copyright information URL, apc_amount_raw, Waiver policy information URL, servicios_preservacion, Preservation Service: national library, Preservation information URL, Deposit policy directory, URL for deposit policy, identificadores_persistentes, Continues, Continued By, apc_monto_original, apc_moneda_original, tasa_usd_utilizada, apc_monto, apc_moneda, titulo_normalizado_facts_dup, is_hybrid, titulo_normalizado_openapc_dup, contraste_publindex_cuartil, ratio_citas_docs, sjr_score_zscore, h_index_zscore, sjr_score_minmax, h_index_minmax"
2619-4066,Ratio Juris,ratio juris,CO,Ciencias Sociales,248,observado,1523.15,4008.29,False,False,apc_metodo_imputacion,"issn_electronic, institucion_editora_2, institucion_editora_3, rank, sourceid, tipo_publicacion, titulo_normalizado_scimago_dup, open_access, sjr_score, cuartil_sjr, h_index, total_docs, total_docs_3y, total_refs, total_citas_3y, docs_citables_3y, citas_por_doc_2y, refs_por_doc, pct_female, overton, cobertura, categorias, areas, titulo_alternativo, Country of other organisation, atributos_licencia, cc_legible_maquina, Copyright information URL, apc_amount_raw, Waiver policy information URL, Other fees information URL, Preservation Service: national library, URL for deposit policy, identificadores_persistentes, Continues, Continued By, titulo_normalizado_doaj_dup, titulo_normalizado_facts_dup, titulo_normalizado_openapc_dup, apc_metodo_imputacion, contraste_publindex_cuartil, ratio_citas_docs, sjr_score_zscore, h_index_zscore, sjr_score_minmax, h_index_minmax"
2256-5248,Revista Historia De La Educación Latinoamericana,historia educacion latinoamericana,CO,Humanidades,249,observado,1974.5,5196.05,False,False,apc_metodo_imputacion,"issn_electronic, institucion_editora_2, institucion_editora_3, rank, sourceid, tipo_publicacion, titulo_normalizado_scimago_dup, open_access, sjr_score, cuartil_sjr, h_index, total_docs, total_docs_3y, total_refs, total_citas_3y, docs_citables_3y, citas_por_doc_2y, refs_por_doc, pct_female, overton, cobertura, categorias, areas, titulo_alternativo, Country of other organisation, atributos_licencia, Copyright information URL, apc_amount_raw, Other fees information URL, servicios_preservacion, Deposit policy directory, URL for deposit policy, identificadores_persistentes, Continues, Continued By, titulo_normalizado_doaj_dup, titulo_normalizado_facts_dup, titulo_normalizado_openapc_dup, apc_metodo_imputacion, contraste_publindex_cuartil, ratio_citas_docs, sjr_score_zscore, h_index_zscore, sjr_score_minmax, h_index_minmax"
2027-5382,Persona Y Bioética,persona bioetica,CO,Ciencias Médicas y de la Salud,250,imputado,1272.51,3348.71,True,False,"apc_monto, apc_moneda","issn_electronic, institucion_editora_2, institucion_editora_3, rank, sourceid, tipo_publicacion, titulo_normalizado_scimago_dup, open_access, sjr_score, cuartil_sjr, h_index, total_docs, total_docs_3y, total_refs, total_citas_3y, docs_citables_3y, citas_por_doc_2y, refs_por_doc, pct_female, overton, cobertura, categorias, areas, titulo_alternativo, Other organisation, Country of other organisation, atributos_licencia, cc_legible_maquina, apc_amount_raw, Waiver policy information URL, Other fees information URL, servicios_preservacion, Preservation Service: national library, Preservation information URL, Deposit policy directory, URL for deposit policy, Continues, Continued By, titulo_normalizado_doaj_dup, apc_monto_original, apc_moneda_original, tasa_usd_utilizada, apc_monto, apc_moneda, titulo_normalizado_facts_dup, is_hybrid, titulo_normalizado_openapc_dup, contraste_publindex_cuartil, ratio_citas_docs, sjr_score_zscore, h_index_zscore, sjr_score_minmax, h_index_minmax"
2539-4762,Nomadas,nomadas,CO,Ciencias Sociales,251,imputado,870.05,2289.61,True,False,"apc_monto, apc_moneda","institucion_editora_2, institucion_editora_3, issn_impreso, Country of other organisation, atributos_licencia, cc_legible_maquina, apc_amount_raw, Waiver policy information URL, Other fees information URL, servicios_preservacion, Preservation Service: national library, Preservation information URL, Deposit policy directory, URL for deposit policy, Continues, Continued By, titulo_normalizado_doaj_dup, apc_monto_original, apc_moneda_original, tasa_usd_utilizada, apc_monto, apc_moneda, titulo_normalizado_facts_dup, is_hybrid, titulo_normalizado_openapc_dup"
2145-0706,Calle14,calle14,CO,Humanidades,252,imputado,635.72,1672.95,True,False,"apc_monto, apc_moneda","issn_electronic, institucion_editora_2, institucion_editora_3, rank, sourceid, tipo_publicacion, titulo_normalizado_scimago_dup, open_access, sjr_score, cuartil_sjr, h_index, total_docs, total_docs_3y, total_refs, total_citas_3y, docs_citables_3y, citas_por_doc_2y, refs_por_doc, pct_female, overton, cobertura, categorias, areas, titulo_alternativo, atributos_licencia, apc_amount_raw, Waiver policy information URL, Other fees information URL, servicios_preservacion, Preservation Service: national library, Preservation information URL, Deposit policy directory, URL for deposit policy, identificadores_persistentes, Continues, Continued By, fecha_ultimo_articulo, titulo_normalizado_doaj_dup, apc_monto_original, apc_moneda_original, tasa_usd_utilizada, apc_monto, apc_moneda, titulo_normalizado_facts_dup, is_hybrid, titulo_normalizado_openapc_dup, contraste_publindex_cuartil, ratio_citas_docs, sjr_score_zscore, h_index_zscore, sjr_score_minmax, h_index_minmax"
1909-9711,Acta Colombiana De Psicología,colombiana psicologia,CO,Ciencias Sociales,253,imputado,870.76,2291.47,True,False,"apc_monto, apc_moneda","institucion_editora_2, institucion_editora_3, titulo_alternativo, issn_impreso, atributos_licencia, cc_legible_maquina, apc_amount_raw, Waiver policy information URL, Other fees information URL, servicios_preservacion, Preservation Service: national library, Preservation information URL, Deposit policy directory, URL for deposit policy, Continues, Continued By, fecha_ultimo_articulo, titulo_normalizado_doaj_dup, apc_monto_original, apc_moneda_original, tasa_usd_utilizada, apc_monto, apc_moneda, titulo_normalizado_facts_dup, is_hybrid, titulo_normalizado_openapc_dup"
2357-5328,Revista Facultad De Ingeniería,facultad ingenieria,CO,Ingeniería y Tecnología,254,imputado,1008.79,2654.71,True,False,"apc_monto, apc_moneda","issn_electronic, institucion_editora_2, institucion_editora_3, rank, sourceid, tipo_publicacion, titulo_normalizado_scimago_dup, open_access, sjr_score, cuartil_sjr, h_index, total_docs, total_docs_3y, total_refs, total_citas_3y, docs_citables_3y, citas_por_doc_2y, refs_por_doc, pct_female, overton, cobertura, categorias, areas, Country of other organisation, atributos_licencia, apc_amount_raw, Waiver policy information URL, Other fees information URL, servicios_preservacion, Preservation Service: national library, Preservation information URL, Deposit policy directory, URL for deposit policy, Continues, Continued By, titulo_normalizado_doaj_dup, apc_monto_original, apc_moneda_original, tasa_usd_utilizada, apc_monto, apc_moneda, titulo_normalizado_facts_dup, is_hybrid, titulo_normalizado_openapc_dup, contraste_publindex_cuartil, ratio_citas_docs, sjr_score_zscore, h_index_zscore, sjr_score_minmax, h_index_minmax"
2346-1780,Perseitas,perseitas,CO,Humanidades,255,imputado,612.67,1612.29,True,False,"apc_monto, apc_moneda","issn_electronic, institucion_editora_2, institucion_editora_3, titulo_alternativo, issn_impreso, Other organisation, Country of other organisation, atributos_licencia, apc_amount_raw, Waiver policy information URL, Other fees information URL, servicios_preservacion, Preservation Service: national library, Preservation information URL, Continues, Continued By, apc_monto_original, apc_moneda_original, tasa_usd_utilizada, apc_monto, apc_moneda, titulo_normalizado_facts_dup, is_hybrid, titulo_normalizado_openapc_dup"
2538-9866,Revista Interamericana De Bibliotecología,interamericana bibliotecologia,CO,Ciencias Sociales,256,observado,1974.5,5196.05,False,False,apc_metodo_imputacion,"institucion_editora_2, institucion_editora_3, issn_impreso, atributos_licencia, apc_amount_raw, Waiver policy information URL, Other fees information URL, Preservation Service: national library, Preservation information URL, Continues, Continued By, titulo_normalizado_doaj_dup, titulo_normalizado_facts_dup, titulo_normalizado_openapc_dup, apc_metodo_imputacion"
2382-3860,Economicas Cuc,economicas cuc,CO,Ciencias Sociales,257,observado,1974.77,5196.76,False,False,apc_metodo_imputacion,"issn_electronic, institucion_editora_2, institucion_editora_3, rank, sourceid, tipo_publicacion, titulo_normalizado_scimago_dup, open_access, sjr_score, cuartil_sjr, h_index, total_docs, total_docs_3y, total_refs, total_citas_3y, docs_citables_3y, citas_por_doc_2y, refs_por_doc, pct_female, overton, cobertura, categorias, areas, titulo_alternativo, issn_electronico, Country of other organisation, atributos_licencia, cc_legible_maquina, Waiver policy information URL, servicios_preservacion, Preservation Service: national library, Deposit policy directory, URL for deposit policy, identificadores_persistentes, Continues, Continued By, titulo_normalizado_doaj_dup, titulo_normalizado_facts_dup, titulo_normalizado_openapc_dup, apc_metodo_imputacion, contraste_publindex_cuartil, ratio_citas_docs, sjr_score_zscore, h_index_zscore, sjr_score_minmax, h_index_minmax"
1909-7719,Revista Facultad De Ciencias Económicas : Investigación Y Reflexión,facultad ciencias economicas investigacion reflexion,CO,Ciencias Sociales,258,observado,1974.77,5196.76,False,False,apc_metodo_imputacion,"issn_electronic, institucion_editora_2, institucion_editora_3, rank, sourceid, tipo_publicacion, titulo_normalizado_scimago_dup, open_access, sjr_score, cuartil_sjr, h_index, total_docs, total_docs_3y, total_refs, total_citas_3y, docs_citables_3y, citas_por_doc_2y, refs_por_doc, pct_female, overton, cobertura, categorias, areas, titulo_alternativo, issn_electronico, Country of other organisation, atributos_licencia, cc_legible_maquina, Waiver policy information URL, servicios_preservacion, Preservation Service: national library, Deposit policy directory, URL for deposit policy, identificadores_persistentes, Continues, Continued By, titulo_normalizado_doaj_dup, titulo_normalizado_facts_dup, titulo_normalizado_openapc_dup, apc_metodo_imputacion, contraste_publindex_cuartil, ratio_citas_docs, sjr_score_zscore, h_index_zscore, sjr_score_minmax, h_index_minmax"
1794-2918,Jurídicas,juridicas,CO,Ciencias Sociales,259,imputado,892.03,2347.45,True,False,"apc_monto, apc_moneda","issn_electronic, issn_linking, institucion_editora_2, institucion_editora_3, titulo_alternativo, Country of other organisation, atributos_licencia, apc_amount_raw, Waiver policy information URL, Other fees information URL, servicios_preservacion, Preservation Service: national library, Preservation information URL, Deposit policy directory, URL for deposit policy, Continues, Continued By, apc_monto_original, apc_moneda_original, tasa_usd_utilizada, apc_monto, apc_moneda, titulo_normalizado_facts_dup, is_hybrid, titulo_normalizado_openapc_dup"
2248-6054,Acta Médica Colombiana,medica colombiana,CO,Ciencias Médicas y de la Salud,260,observado,324.0,852.63,False,False,apc_metodo_imputacion,"codigo_dane, institucion_editora_2, institucion_editora_3, titulo_normalizado_scimago_dup, titulo_alternativo, Country of other organisation, atributos_licencia, Other fees information URL, Preservation Service: national library, Continues, Continued By, Last Full Review Date, titulo_normalizado_doaj_dup, titulo_normalizado_facts_dup, titulo_normalizado_openapc_dup, apc_metodo_imputacion"
2357-3732,Agronomía Colombiana,agronomia colombiana,CO,Ciencias Agrícolas,261,imputado,1256.98,3307.84,True,False,"apc_monto, apc_moneda","institucion_editora_1, institucion_editora_2, institucion_editora_3, titulo_alternativo, issn_impreso, Other organisation, Country of other organisation, atributos_licencia, apc_amount_raw, Waiver policy information URL, Other fees information URL, servicios_preservacion, Preservation Service: national library, Preservation information URL, Deposit policy directory, URL for deposit policy, Continues, Continued By, Last Full Review Date, titulo_normalizado_doaj_dup, apc_monto_original, apc_moneda_original, tasa_usd_utilizada, apc_monto, apc_moneda, titulo_normalizado_facts_dup, is_hybrid, titulo_normalizado_openapc_dup"
1909-7727,Prolegomenos : Derechos Y Valores,prolegomenos derechos valores,CO,Ciencias Sociales,262,imputado,870.05,2289.61,True,False,"apc_monto, apc_moneda","issn_electronic, institucion_editora_2, institucion_editora_3, rank, sourceid, tipo_publicacion, titulo_normalizado_scimago_dup, open_access, sjr_score, cuartil_sjr, h_index, total_docs, total_docs_3y, total_refs, total_citas_3y, docs_citables_3y, citas_por_doc_2y, refs_por_doc, pct_female, overton, cobertura, categorias, areas, issn_impreso, Other organisation, Country of other organisation, atributos_licencia, apc_amount_raw, Waiver policy information URL, Other fees information URL, servicios_preservacion, Preservation Service: national library, Preservation information URL, Deposit policy directory, URL for deposit policy, Continues, Continued By, titulo_normalizado_doaj_dup, apc_monto_original, apc_moneda_original, tasa_usd_utilizada, apc_monto, apc_moneda, titulo_normalizado_facts_dup, is_hybrid, titulo_normalizado_openapc_dup, contraste_publindex_cuartil, ratio_citas_docs, sjr_score_zscore, h_index_zscore, sjr_score_minmax, h_index_minmax"
2357-6286,Educación Y Ciudad,educacion ciudad,CO,Ciencias Sociales,263,imputado,872.91,2297.13,True,False,"apc_monto, apc_moneda","issn_electronic, institucion_editora_2, institucion_editora_3, rank, sourceid, tipo_publicacion, titulo_normalizado_scimago_dup, open_access, sjr_score, cuartil_sjr, h_index, total_docs, total_docs_3y, total_refs, total_citas_3y, docs_citables_3y, citas_por_doc_2y, refs_por_doc, pct_female, overton, cobertura, categorias, areas, titulo_alternativo, Country of other organisation, atributos_licencia, cc_legible_maquina, apc_amount_raw, Waiver policy information URL, servicios_preservacion, Preservation Service: national library, Preservation information URL, Deposit policy directory, URL for deposit policy, identificadores_persistentes, Continues, Continued By, fecha_ultimo_articulo, titulo_normalizado_doaj_dup, apc_monto_original, apc_moneda_original, tasa_usd_utilizada, apc_monto, apc_moneda, titulo_normalizado_facts_dup, is_hybrid, titulo_normalizado_openapc_dup, contraste_publindex_cuartil, ratio_citas_docs, sjr_score_zscore, h_index_zscore, sjr_score_minmax, h_index_minmax"
2500-7440,Revista Colombiana De Gastroenterología,colombiana gastroenterologia,CO,Ciencias Médicas y de la Salud,264,imputado,1291.63,3399.03,True,False,"apc_monto, apc_moneda","institucion_editora_2, institucion_editora_3, titulo_normalizado_scimago_dup, titulo_alternativo, issn_impreso, Other organisation, Country of other organisation, atributos_licencia, apc_amount_raw, Waiver policy information URL, Other fees information URL, servicios_preservacion, Preservation Service: national library, Preservation information URL, Deposit policy directory, URL for deposit policy, Continues, Continued By, apc_monto_original, apc_moneda_original, tasa_usd_utilizada, apc_monto, apc_moneda, titulo_normalizado_facts_dup, is_hybrid, titulo_normalizado_openapc_dup"
2145-8480,Ion,ion,CO,Ingeniería y Tecnología,265,observado,438.25,1153.29,False,False,apc_metodo_imputacion,"institucion_editora_2, institucion_editora_3, titulo_normalizado_scimago_dup, titulo_alternativo, issn_impreso, Other organisation, Country of other organisation, atributos_licencia, cc_legible_maquina, apc_amount_raw, Waiver policy information URL, Other fees information URL, Preservation Service: national library, Deposit policy directory, URL for deposit policy, Continues, Continued By, fecha_ultimo_articulo, titulo_normalizado_doaj_dup, titulo_normalizado_facts_dup, titulo_normalizado_openapc_dup, apc_metodo_imputacion"
2422-3719,Revista Colombiana De Ciencias Hortícolas,colombiana ciencias horticolas,CO,Ciencias Agrícolas,266,observado,2160.0,5684.21,False,False,apc_metodo_imputacion,"institucion_editora_3, titulo_alternativo, atributos_licencia, apc_amount_raw, Waiver policy information URL, Other fees information URL, servicios_preservacion, Preservation Service: national library, Preservation information URL, Continues, Continued By, titulo_normalizado_doaj_dup, titulo_normalizado_facts_dup, titulo_normalizado_openapc_dup, apc_metodo_imputacion"
2145-8553,Boletín De Geología,geologia,CO,Ciencias Naturales,267,observado,324.0,852.63,False,False,apc_metodo_imputacion,"institucion_editora_2, institucion_editora_3, titulo_alternativo, Other organisation, Country of other organisation, atributos_licencia, apc_amount_raw, Waiver policy information URL, Other fees information URL, servicios_preservacion, Preservation Service: national library, Preservation information URL, Deposit policy directory, URL for deposit policy, Continues, Continued By, titulo_normalizado_doaj_dup, titulo_normalizado_facts_dup, titulo_normalizado_openapc_dup, apc_metodo_imputacion"
1900-2386,Psychologia. Avances De La Disciplina,psychologia avances disciplina,CO,Ciencias Sociales,268,observado,1251.72,3294.0,False,False,apc_metodo_imputacion,"issn_electronic, issn_linking, institucion_editora_2, institucion_editora_3, rank, sourceid, tipo_publicacion, titulo_normalizado_scimago_dup, open_access, sjr_score, cuartil_sjr, h_index, total_docs, total_docs_3y, total_refs, total_citas_3y, docs_citables_3y, citas_por_doc_2y, refs_por_doc, pct_female, overton, cobertura, categorias, areas, titulo_alternativo, issn_impreso, Other organisation, Country of other organisation, atributos_licencia, Other fees information URL, Continues, titulo_normalizado_doaj_dup, titulo_normalizado_facts_dup, titulo_normalizado_openapc_dup, apc_metodo_imputacion, contraste_publindex_cuartil, ratio_citas_docs, sjr_score_zscore, h_index_zscore, sjr_score_minmax, h_index_minmax"
2500-5375,Cuadernos De Filosofía Latinoamericana,filosofia latinoamericana,CO,Humanidades,269,observado,1974.5,5196.05,False,False,apc_metodo_imputacion,"issn_electronic, institucion_editora_2, institucion_editora_3, rank, sourceid, tipo_publicacion, titulo_normalizado_scimago_dup, open_access, sjr_score, cuartil_sjr, h_index, total_docs, total_docs_3y, total_refs, total_citas_3y, docs_citables_3y, citas_por_doc_2y, refs_por_doc, pct_female, overton, cobertura, categorias, areas, titulo_alternativo, issn_impreso, Other organisation, Country of other organisation, atributos_licencia, apc_amount_raw, Waiver policy information URL, Other fees information URL, servicios_preservacion, Preservation Service: national library, Preservation information URL, Continues, Continued By, titulo_normalizado_facts_dup, titulo_normalizado_openapc_dup, apc_metodo_imputacion, contraste_publindex_cuartil, ratio_citas_docs, sjr_score_zscore, h_index_zscore, sjr_score_minmax, h_index_minmax"
2422-3271,Informes Psicológicos,informes psicologicos,CO,Ciencias Sociales,270,imputado,871.48,2293.37,True,False,"apc_monto, apc_moneda","issn_electronic, institucion_editora_2, institucion_editora_3, rank, sourceid, tipo_publicacion, titulo_normalizado_scimago_dup, open_access, sjr_score, cuartil_sjr, h_index, total_docs, total_docs_3y, total_refs, total_citas_3y, docs_citables_3y, citas_por_doc_2y, refs_por_doc, pct_female, overton, cobertura, categorias, areas, issn_impreso, Other organisation, Country of other organisation, atributos_licencia, apc_amount_raw, Waiver policy information URL, Other fees information URL, Preservation Service: national library, Deposit policy directory, URL for deposit policy, Continues, Continued By, titulo_normalizado_doaj_dup, apc_monto_original, apc_moneda_original, tasa_usd_utilizada, apc_monto, apc_moneda, titulo_normalizado_facts_dup, is_hybrid, titulo_normalizado_openapc_dup, contraste_publindex_cuartil, ratio_citas_docs, sjr_score_zscore, h_index_zscore, sjr_score_minmax, h_index_minmax"
2027-0119,Revista Urologia Colombiana,urologia colombiana,CO,Ciencias Médicas y de la Salud,271,declarado,1130.0,2973.68,False,False,apc_metodo_imputacion,"issn_electronic, institucion_editora_2, institucion_editora_3, titulo_normalizado_scimago_dup, titulo_alternativo, issn_impreso, Other organisation, Country of other organisation, atributos_licencia, Other fees information URL, Continues, Continued By, titulo_normalizado_doaj_dup, titulo_normalizado_facts_dup, is_hybrid, titulo_normalizado_openapc_dup, apc_metodo_imputacion"
0120-4211,Bistua : Revista  De La Facultad De Ciencias Básicas,bistua facultad ciencias basicas,CO,Ciencias Naturales,272,observado,2160.0,5684.21,False,False,apc_metodo_imputacion,"issn_electronic, issn_linking, codigo_dane, institucion_editora_2, institucion_editora_3, rank, sourceid, tipo_publicacion, titulo_normalizado_scimago_dup, open_access, sjr_score, cuartil_sjr, h_index, total_docs, total_docs_3y, total_refs, total_citas_3y, docs_citables_3y, citas_por_doc_2y, refs_por_doc, pct_female, overton, cobertura, categorias, areas, Other organisation, Country of other organisation, atributos_licencia, Waiver policy information URL, Other fees information URL, servicios_preservacion, Preservation Service: national library, Preservation information URL, Deposit policy directory, URL for deposit policy, Continues, Continued By, titulo_normalizado_doaj_dup, titulo_normalizado_facts_dup, titulo_normalizado_openapc_dup, apc_metodo_imputacion, contraste_publindex_cuartil, ratio_citas_docs, sjr_score_zscore, h_index_zscore, sjr_score_minmax, h_index_minmax"
2256-5760,Profile,profile,CO,Humanidades,273,imputado,632.15,1663.55,True,False,"apc_monto, apc_moneda","issn_electronic, institucion_editora_1, institucion_editora_2, institucion_editora_3, rank, sourceid, tipo_publicacion, titulo_normalizado_scimago_dup, open_access, sjr_score, cuartil_sjr, h_index, total_docs, total_docs_3y, total_refs, total_citas_3y, docs_citables_3y, citas_por_doc_2y, refs_por_doc, pct_female, overton, cobertura, categorias, areas, issn_impreso, Other organisation, Country of other organisation, atributos_licencia, apc_amount_raw, Waiver policy information URL, Other fees information URL, servicios_preservacion, Preservation Service: national library, Preservation information URL, Deposit policy directory, URL for deposit policy, Continues, Continued By, titulo_normalizado_doaj_dup, apc_monto_original, apc_moneda_original, tasa_usd_utilizada, apc_monto, apc_moneda, titulo_normalizado_facts_dup, is_hybrid, titulo_normalizado_openapc_dup, contraste_publindex_cuartil, ratio_citas_docs, sjr_score_zscore, h_index_zscore, sjr_score_minmax, h_index_minmax"
2539-3804,Lenguaje,lenguaje,CO,Humanidades,274,observado,1456.0,3831.58,False,False,apc_metodo_imputacion,"issn_electronic, institucion_editora_2, institucion_editora_3, rank, sourceid, tipo_publicacion, titulo_normalizado_scimago_dup, open_access, sjr_score, cuartil_sjr, h_index, total_docs, total_docs_3y, total_refs, total_citas_3y, docs_citables_3y, citas_por_doc_2y, refs_por_doc, pct_female, overton, cobertura, categorias, areas, titulo_alternativo, Country of other organisation, atributos_licencia, cc_legible_maquina, Copyright information URL, apc_amount_raw, Waiver policy information URL, servicios_preservacion, Preservation Service: national library, Preservation information URL, Deposit policy directory, URL for deposit policy, identificadores_persistentes, Continues, Continued By, titulo_normalizado_doaj_dup, titulo_normalizado_facts_dup, titulo_normalizado_openapc_dup, apc_metodo_imputacion, contraste_publindex_cuartil, ratio_citas_docs, sjr_score_zscore, h_index_zscore, sjr_score_minmax, h_index_minmax"
2027-1182,Magis - Revista Internacional De Investigación En Educación,magis internacional investigacion educacion,CO,Ciencias Sociales,275,imputado,872.91,2297.13,True,False,"apc_monto, apc_moneda","issn_electronic, institucion_editora_2, institucion_editora_3, rank, sourceid, tipo_publicacion, titulo_normalizado_scimago_dup, open_access, sjr_score, cuartil_sjr, h_index, total_docs, total_docs_3y, total_refs, total_citas_3y, docs_citables_3y, citas_por_doc_2y, refs_por_doc, pct_female, overton, cobertura, categorias, areas, titulo_alternativo, Country of other organisation, atributos_licencia, cc_legible_maquina, apc_amount_raw, Waiver policy information URL, servicios_preservacion, Preservation Service: national library, Preservation information URL, Deposit policy directory, URL for deposit policy, identificadores_persistentes, Continues, Continued By, fecha_ultimo_articulo, titulo_normalizado_doaj_dup, apc_monto_original, apc_moneda_original, tasa_usd_utilizada, apc_monto, apc_moneda, titulo_normalizado_facts_dup, is_hybrid, titulo_normalizado_openapc_dup, contraste_publindex_cuartil, ratio_citas_docs, sjr_score_zscore, h_index_zscore, sjr_score_minmax, h_index_minmax"
2011-2769,Ingeniería Y Universidad,ingenieria universidad,CO,Ingeniería y Tecnología,276,imputado,1005.21,2645.29,True,False,"apc_monto, apc_moneda","issn_electronic, institucion_editora_2, institucion_editora_3, rank, sourceid, tipo_publicacion, titulo_normalizado_scimago_dup, open_access, sjr_score, cuartil_sjr, h_index, total_docs, total_docs_3y, total_refs, total_citas_3y, docs_citables_3y, citas_por_doc_2y, refs_por_doc, pct_female, overton, cobertura, categorias, areas, atributos_licencia, apc_amount_raw, Waiver policy information URL, Other fees information URL, Preservation Service: national library, Deposit policy directory, URL for deposit policy, Continues, Continued By, titulo_normalizado_doaj_dup, apc_monto_original, apc_moneda_original, tasa_usd_utilizada, apc_monto, apc_moneda, titulo_normalizado_facts_dup, is_hybrid, titulo_normalizado_openapc_dup, contraste_publindex_cuartil, ratio_citas_docs, sjr_score_zscore, h_index_zscore, sjr_score_minmax, h_index_minmax"
2422-409X,Hallazgos,hallazgos,CO,Ciencias Sociales,277,imputado,870.41,2290.55,True,False,"apc_monto, apc_moneda","issn_electronic, institucion_editora_2, institucion_editora_3, rank, sourceid, tipo_publicacion, titulo_normalizado_scimago_dup, open_access, sjr_score, cuartil_sjr, h_index, total_docs, total_docs_3y, total_refs, total_citas_3y, docs_citables_3y, citas_por_doc_2y, refs_por_doc, pct_female, overton, cobertura, categorias, areas, titulo_alternativo, issn_impreso, Country of other organisation, atributos_licencia, cc_legible_maquina, Copyright information URL, apc_amount_raw, Waiver policy information URL, Other fees information URL, servicios_preservacion, Preservation Service: national library, Preservation information URL, Deposit policy directory, URL for deposit policy, identificadores_persistentes, Continues, Continued By, titulo_normalizado_doaj_dup, apc_monto_original, apc_moneda_original, tasa_usd_utilizada, apc_monto, apc_moneda, titulo_normalizado_facts_dup, is_hybrid, titulo_normalizado_openapc_dup, contraste_publindex_cuartil, ratio_citas_docs, sjr_score_zscore, h_index_zscore, sjr_score_minmax, h_index_minmax"
2256-5078,Cuadernos De Administración,administracion,CO,Ciencias Sociales,278,imputado,871.48,2293.37,True,False,"apc_monto, apc_moneda","issn_electronic, institucion_editora_2, institucion_editora_3, rank, sourceid, tipo_publicacion, titulo_normalizado_scimago_dup, open_access, sjr_score, cuartil_sjr, h_index, total_docs, total_docs_3y, total_refs, total_citas_3y, docs_citables_3y, citas_por_doc_2y, refs_por_doc, pct_female, overton, cobertura, categorias, areas, titulo_alternativo, issn_impreso, atributos_licencia, cc_legible_maquina, apc_amount_raw, Waiver policy information URL, Other fees information URL, Preservation Service: national library, Deposit policy directory, URL for deposit policy, Continues, Continued By, titulo_normalizado_doaj_dup, apc_monto_original, apc_moneda_original, tasa_usd_utilizada, apc_monto, apc_moneda, titulo_normalizado_facts_dup, is_hybrid, titulo_normalizado_openapc_dup, contraste_publindex_cuartil, ratio_citas_docs, sjr_score_zscore, h_index_zscore, sjr_score_minmax, h_index_minmax"
2256-3067,Diversitas : Perspectivas En Psicología,diversitas perspectivas psicologia,CO,Ciencias Sociales,279,observado,261.36,687.79,False,False,apc_metodo_imputacion,"issn_electronic, institucion_editora_2, institucion_editora_3, rank, sourceid, tipo_publicacion, titulo_normalizado_scimago_dup, open_access, sjr_score, cuartil_sjr, h_index, total_docs, total_docs_3y, total_refs, total_citas_3y, docs_citables_3y, citas_por_doc_2y, refs_por_doc, pct_female, overton, cobertura, categorias, areas, titulo_alternativo, issn_impreso, atributos_licencia, cc_legible_maquina, apc_amount_raw, Waiver policy information URL, Other fees information URL, servicios_preservacion, Preservation Service: national library, Preservation information URL, Deposit policy directory, URL for deposit policy, Continues, Continued By, fecha_ultimo_articulo, titulo_normalizado_doaj_dup, titulo_normalizado_facts_dup, titulo_normalizado_openapc_dup, apc_metodo_imputacion, contraste_publindex_cuartil, ratio_citas_docs, sjr_score_zscore, h_index_zscore, sjr_score_minmax, h_index_minmax"
2539-4991,Nuevo Foro Penal,nuevo foro penal,CO,Ciencias Sociales,280,imputado,871.12,2292.42,True,False,"apc_monto, apc_moneda","issn_electronic, institucion_editora_2, institucion_editora_3, rank, sourceid, tipo_publicacion, titulo_normalizado_scimago_dup, open_access, sjr_score, cuartil_sjr, h_index, total_docs, total_docs_3y, total_refs, total_citas_3y, docs_citables_3y, citas_por_doc_2y, refs_por_doc, pct_female, overton, cobertura, categorias, areas, titulo_alternativo, Other organisation, Country of other organisation, atributos_licencia, cc_legible_maquina, apc_amount_raw, Waiver policy information URL, servicios_preservacion, Preservation Service: national library, Preservation information URL, Deposit policy directory, URL for deposit policy, identificadores_persistentes, Continues, Continued By, titulo_normalizado_doaj_dup, apc_monto_original, apc_moneda_original, tasa_usd_utilizada, apc_monto, apc_moneda, titulo_normalizado_facts_dup, is_hybrid, titulo_normalizado_openapc_dup, contraste_publindex_cuartil, ratio_citas_docs, sjr_score_zscore, h_index_zscore, sjr_score_minmax, h_index_minmax"
0120-6230,Revista Facultad De Ingeniería,facultad ingenieria,CO,Ingeniería y Tecnología,281,imputado,1042.21,2742.66,True,False,"apc_monto, apc_moneda","issn_linking, institucion_editora_2, institucion_editora_3, Other organisation, Country of other organisation, atributos_licencia, apc_amount_raw, Waiver policy information URL, Other fees information URL, servicios_preservacion, Preservation Service: national library, Preservation information URL, Continues, Continued By, apc_monto_original, apc_moneda_original, tasa_usd_utilizada, apc_monto, apc_moneda, titulo_normalizado_facts_dup, is_hybrid, titulo_normalizado_openapc_dup"
2011-7922,International Journal Of Psychological Research,psychological,CO,Ciencias Sociales,282,observado,2851.2,7503.16,False,False,apc_metodo_imputacion,"institucion_editora_2, institucion_editora_3, titulo_alternativo, Other organisation, Country of other organisation, atributos_licencia, apc_amount_raw, Waiver policy information URL, Other fees information URL, Preservation Service: national library, Deposit policy directory, URL for deposit policy, Continues, Continued By, titulo_normalizado_doaj_dup, titulo_normalizado_facts_dup, titulo_normalizado_openapc_dup, apc_metodo_imputacion"
2619-4244,Dictamen Libre,dictamen libre,CO,Ciencias Sociales,283,imputado,870.05,2289.61,True,False,"apc_monto, apc_moneda","issn_electronic, codigo_dane, institucion_editora_2, institucion_editora_3, rank, sourceid, tipo_publicacion, titulo_normalizado_scimago_dup, open_access, sjr_score, cuartil_sjr, h_index, total_docs, total_docs_3y, total_refs, total_citas_3y, docs_citables_3y, citas_por_doc_2y, refs_por_doc, pct_female, overton, cobertura, categorias, areas, titulo_alternativo, issn_electronico, Country of other organisation, atributos_licencia, cc_legible_maquina, apc_amount_raw, Waiver policy information URL, Other fees information URL, servicios_preservacion, Preservation Service: national library, Preservation information URL, Deposit policy directory, URL for deposit policy, identificadores_persistentes, Continues, Continued By, fecha_ultimo_articulo, titulo_normalizado_doaj_dup, apc_monto_original, apc_moneda_original, tasa_usd_utilizada, apc_monto, apc_moneda, titulo_normalizado_facts_dup, is_hybrid, titulo_normalizado_openapc_dup, contraste_publindex_cuartil, ratio_citas_docs, sjr_score_zscore, h_index_zscore, sjr_score_minmax, h_index_minmax"
2145-7778,"Trilogía. Ciencia, Tecnologia Y Sociedad",trilogia ciencia tecnologia sociedad,CO,Ciencias Sociales,284,declarado,340.2,895.26,False,False,apc_metodo_imputacion,"issn_electronic, institucion_editora_2, institucion_editora_3, rank, sourceid, tipo_publicacion, titulo_normalizado_scimago_dup, open_access, sjr_score, cuartil_sjr, h_index, total_docs, total_docs_3y, total_refs, total_citas_3y, docs_citables_3y, citas_por_doc_2y, refs_por_doc, pct_female, overton, cobertura, categorias, areas, issn_impreso, atributos_licencia, cc_legible_maquina, Other fees information URL, Preservation Service: national library, Deposit policy directory, URL for deposit policy, Continues, Continued By, titulo_normalizado_doaj_dup, titulo_normalizado_facts_dup, is_hybrid, titulo_normalizado_openapc_dup, apc_metodo_imputacion, contraste_publindex_cuartil, ratio_citas_docs, sjr_score_zscore, h_index_zscore, sjr_score_minmax, h_index_minmax"
0121-5051,"Innovar, Revista De Ciencias Administrativas Y Sociales",innovar ciencias administrativas sociales,CO,Ciencias Sociales,285,observado,2160.0,5684.21,False,False,apc_metodo_imputacion,"issn_linking, institucion_editora_2, institucion_editora_3, titulo_normalizado_scimago_dup, Other organisation, Country of other organisation, atributos_licencia, cc_legible_maquina, apc_amount_raw, Waiver policy information URL, Other fees information URL, servicios_preservacion, Preservation Service: national library, Preservation information URL, Deposit policy directory, URL for deposit policy, Continues, Continued By, titulo_normalizado_facts_dup, titulo_normalizado_openapc_dup, apc_metodo_imputacion"
1900-6004,Colombia Internacional,colombia internacional,CO,Ciencias Sociales,286,observado,2311.6,6083.16,False,False,apc_metodo_imputacion,"institucion_editora_2, institucion_editora_3, issn_impreso, atributos_licencia, apc_amount_raw, Waiver policy information URL, Other fees information URL, servicios_preservacion, Preservation Service: national library, Preservation information URL, identificadores_persistentes, Continues, Continued By, titulo_normalizado_doaj_dup, titulo_normalizado_facts_dup, titulo_normalizado_openapc_dup, apc_metodo_imputacion"
1909-0544,Revista Mvz Córdoba,mvz cordoba,CO,Ciencias Agrícolas,287,imputado,1242.68,3270.21,True,False,"apc_monto, apc_moneda","issn_electronic, institucion_editora_2, institucion_editora_3, rank, sourceid, tipo_publicacion, titulo_normalizado_scimago_dup, open_access, sjr_score, cuartil_sjr, h_index, total_docs, total_docs_3y, total_refs, total_citas_3y, docs_citables_3y, citas_por_doc_2y, refs_por_doc, pct_female, overton, cobertura, categorias, areas, titulo_alternativo, issn_impreso, Other organisation, Country of other organisation, atributos_licencia, apc_amount_raw, Waiver policy information URL, Other fees information URL, Deposit policy directory, URL for deposit policy, Continues, Continued By, Last Full Review Date, apc_monto_original, apc_moneda_original, tasa_usd_utilizada, apc_monto, apc_moneda, titulo_normalizado_facts_dup, is_hybrid, titulo_normalizado_openapc_dup, contraste_publindex_cuartil, ratio_citas_docs, sjr_score_zscore, h_index_zscore, sjr_score_minmax, h_index_minmax"
2539-200X,Biota Colombiana,biota colombiana,CO,Ciencias Naturales,288,observado,904.17,2379.39,False,False,apc_metodo_imputacion,"institucion_editora_2, institucion_editora_3, titulo_normalizado_scimago_dup, titulo_alternativo, issn_impreso, Other organisation, Country of other organisation, atributos_licencia, Other fees information URL, Continues, Continued By, titulo_normalizado_doaj_dup, titulo_normalizado_facts_dup, titulo_normalizado_openapc_dup, apc_metodo_imputacion"
2145-308X,Panorama,panorama,CO,Ciencias Sociales,289,imputado,870.41,2290.55,True,False,"apc_monto, apc_moneda","issn_print, issn_electronic, institucion_editora_2, institucion_editora_3, rank, sourceid, tipo_publicacion, titulo_normalizado_scimago_dup, open_access, sjr_score, cuartil_sjr, h_index, total_docs, total_docs_3y, total_refs, total_citas_3y, docs_citables_3y, citas_por_doc_2y, refs_por_doc, pct_female, overton, cobertura, categorias, areas, titulo_alternativo, issn_impreso, Country of other organisation, atributos_licencia, cc_legible_maquina, apc_amount_raw, Waiver policy information URL, Preservation Service: national library, Deposit policy directory, URL for deposit policy, Continues, Continued By, titulo_normalizado_doaj_dup, apc_monto_original, apc_moneda_original, tasa_usd_utilizada, apc_monto, apc_moneda, titulo_normalizado_facts_dup, is_hybrid, titulo_normalizado_openapc_dup, contraste_publindex_cuartil, ratio_citas_docs, sjr_score_zscore, h_index_zscore, sjr_score_minmax, h_index_minmax"
2344-7214,Scientia Et Technica,scientia et technica,CO,Ingeniería y Tecnología,290,observado,1230.91,3239.24,False,False,apc_metodo_imputacion,"issn_electronic, institucion_editora_2, institucion_editora_3, rank, sourceid, tipo_publicacion, titulo_normalizado_scimago_dup, open_access, sjr_score, cuartil_sjr, h_index, total_docs, total_docs_3y, total_refs, total_citas_3y, docs_citables_3y, citas_por_doc_2y, refs_por_doc, pct_female, overton, cobertura, categorias, areas, titulo_alternativo, issn_impreso, Other organisation, Country of other organisation, atributos_licencia, URL for deposit policy, Continues, Continued By, titulo_normalizado_doaj_dup, titulo_normalizado_facts_dup, titulo_normalizado_openapc_dup, apc_metodo_imputacion, contraste_publindex_cuartil, ratio_citas_docs, sjr_score_zscore, h_index_zscore, sjr_score_minmax, h_index_minmax"
2027-5366,Dikaion - Lo Justo,dikaion lo justo,CO,Ciencias Sociales,291,observado,736.56,1938.32,False,False,apc_metodo_imputacion,"issn_electronic, institucion_editora_2, institucion_editora_3, rank, sourceid, tipo_publicacion, titulo_normalizado_scimago_dup, open_access, sjr_score, cuartil_sjr, h_index, total_docs, total_docs_3y, total_refs, total_citas_3y, docs_citables_3y, citas_por_doc_2y, refs_por_doc, pct_female, overton, cobertura, categorias, areas, titulo_alternativo, issn_impreso, Other organisation, Country of other organisation, atributos_licencia, Other fees information URL, Continues, Continued By, titulo_normalizado_doaj_dup, titulo_normalizado_facts_dup, titulo_normalizado_openapc_dup, apc_metodo_imputacion, contraste_publindex_cuartil, ratio_citas_docs, sjr_score_zscore, h_index_zscore, sjr_score_minmax, h_index_minmax"
1909-9959,Biotecnología En El Sector Agropecuario Y Agroindustrial,biotecnologia sector agropecuario agroindustrial,CO,Ciencias Agrícolas,292,observado,2411.55,6346.18,False,False,apc_metodo_imputacion,"issn_electronic, institucion_editora_2, institucion_editora_3, rank, sourceid, tipo_publicacion, titulo_normalizado_scimago_dup, open_access, sjr_score, cuartil_sjr, h_index, total_docs, total_docs_3y, total_refs, total_citas_3y, docs_citables_3y, citas_por_doc_2y, refs_por_doc, pct_female, overton, cobertura, categorias, areas, issn_impreso, atributos_licencia, cc_legible_maquina, Other fees information URL, Preservation Service: national library, Deposit policy directory, URL for deposit policy, Continues, Continued By, titulo_normalizado_doaj_dup, titulo_normalizado_facts_dup, titulo_normalizado_openapc_dup, apc_metodo_imputacion, contraste_publindex_cuartil, ratio_citas_docs, sjr_score_zscore, h_index_zscore, sjr_score_minmax, h_index_minmax"
0034-7426,Revista Colombiana De Matemáticas,colombiana matematicas,CO,Ciencias Naturales,293,observado,2518.03,6626.39,False,False,apc_metodo_imputacion,"issn_linking, institucion_editora_2, institucion_editora_3, titulo_alternativo, Country of other organisation, atributos_licencia, cc_legible_maquina, apc_amount_raw, Waiver policy information URL, Preservation Service: national library, URL for deposit policy, Continues, Continued By, fecha_ultimo_articulo, titulo_normalizado_doaj_dup, titulo_normalizado_facts_dup, titulo_normalizado_openapc_dup, apc_metodo_imputacion"
2027-2448,Revista Pensamiento Americano,pensamiento americano,CO,Ciencias Sociales,294,observado,1974.5,5196.05,False,False,apc_metodo_imputacion,"issn_electronic, issn_linking, institucion_editora_2, institucion_editora_3, rank, sourceid, tipo_publicacion, titulo_normalizado_scimago_dup, open_access, sjr_score, cuartil_sjr, h_index, total_docs, total_docs_3y, total_refs, total_citas_3y, docs_citables_3y, citas_por_doc_2y, refs_por_doc, pct_female, overton, cobertura, categorias, areas, titulo_alternativo, Other organisation, Country of other organisation, atributos_licencia, apc_amount_raw, Waiver policy information URL, Other fees information URL, Preservation Service: national library, Continues, Continued By, titulo_normalizado_doaj_dup, titulo_normalizado_facts_dup, titulo_normalizado_openapc_dup, apc_metodo_imputacion, contraste_publindex_cuartil, ratio_citas_docs, sjr_score_zscore, h_index_zscore, sjr_score_minmax, h_index_minmax"
2215-969X,Dearquitectura,dearquitectura,CO,Humanidades,295,observado,3065.04,8065.89,False,False,apc_metodo_imputacion,"issn_electronic, institucion_editora_2, institucion_editora_3, rank, sourceid, tipo_publicacion, titulo_normalizado_scimago_dup, open_access, sjr_score, cuartil_sjr, h_index, total_docs, total_docs_3y, total_refs, total_citas_3y, docs_citables_3y, citas_por_doc_2y, refs_por_doc, pct_female, overton, cobertura, categorias, areas, titulo_alternativo, issn_impreso, Other organisation, Country of other organisation, atributos_licencia, cc_legible_maquina, apc_amount_raw, Waiver policy information URL, Other fees information URL, servicios_preservacion, Preservation Service: national library, Preservation information URL, Deposit policy directory, URL for deposit policy, Continues, Continued By, titulo_normalizado_facts_dup, titulo_normalizado_openapc_dup, apc_metodo_imputacion, contraste_publindex_cuartil, ratio_citas_docs, sjr_score_zscore, h_index_zscore, sjr_score_minmax, h_index_minmax"
2539-5203,Revista Medica De Risaralda,medica risaralda,CO,Ciencias Médicas y de la Salud,296,observado,324.0,852.63,False,False,apc_metodo_imputacion,"issn_electronic, institucion_editora_2, institucion_editora_3, rank, sourceid, tipo_publicacion, titulo_normalizado_scimago_dup, open_access, sjr_score, cuartil_sjr, h_index, total_docs, total_docs_3y, total_refs, total_citas_3y, docs_citables_3y, citas_por_doc_2y, refs_por_doc, pct_female, overton, cobertura, categorias, areas, titulo_alternativo, Country of other organisation, atributos_licencia, Other fees information URL, Preservation Service: national library, Continues, Continued By, Last Full Review Date, titulo_normalizado_doaj_dup, titulo_normalizado_facts_dup, titulo_normalizado_openapc_dup, apc_metodo_imputacion, contraste_publindex_cuartil, ratio_citas_docs, sjr_score_zscore, h_index_zscore, sjr_score_minmax, h_index_minmax"
2322-7028,Ciencia Y Cuidado,ciencia cuidado,CO,Ciencias Médicas y de la Salud,297,imputado,1300.57,3422.55,True,False,"apc_monto, apc_moneda","issn_electronic, institucion_editora_2, institucion_editora_3, titulo_normalizado_scimago_dup, issn_impreso, Other organisation, Country of other organisation, atributos_licencia, apc_amount_raw, Waiver policy information URL, Other fees information URL, servicios_preservacion, Preservation Service: national library, Preservation information URL, Deposit policy directory, URL for deposit policy, Continues, Continued By, titulo_normalizado_doaj_dup, apc_monto_original, apc_moneda_original, tasa_usd_utilizada, apc_monto, apc_moneda, titulo_normalizado_facts_dup, is_hybrid, titulo_normalizado_openapc_dup"
2145-7166,Actualidades Biológicas,actualidades biologicas,CO,Ciencias Naturales,298,observado,2859.92,7526.11,False,False,apc_metodo_imputacion,"issn_electronic, institucion_editora_2, institucion_editora_3, rank, sourceid, tipo_publicacion, titulo_normalizado_scimago_dup, open_access, sjr_score, cuartil_sjr, h_index, total_docs, total_docs_3y, total_refs, total_citas_3y, docs_citables_3y, citas_por_doc_2y, refs_por_doc, pct_female, overton, cobertura, categorias, areas, Other organisation, Country of other organisation, atributos_licencia, Waiver policy information URL, Other fees information URL, servicios_preservacion, Preservation Service: national library, Preservation information URL, Deposit policy directory, URL for deposit policy, Continues, Continued By, fecha_ultimo_articulo, titulo_normalizado_doaj_dup, titulo_normalizado_facts_dup, titulo_normalizado_openapc_dup, apc_metodo_imputacion, contraste_publindex_cuartil, ratio_citas_docs, sjr_score_zscore, h_index_zscore, sjr_score_minmax, h_index_minmax"
2500-8692,Novum Jus: Revista Especializada en Sociología Jurídica y Política,novum jus especializada sociologia juridica politica,CO,Ciencias Sociales,299,observado,2638.47,6943.34,False,False,apc_metodo_imputacion,"issn_electronic, codigo_dane, institucion_editora_2, institucion_editora_3, titulo_normalizado_scimago_dup, titulo_alternativo, Other organisation, Country of other organisation, atributos_licencia, cc_legible_maquina, apc_amount_raw, Waiver policy information URL, Other fees information URL, servicios_preservacion, Preservation Service: national library, Preservation information URL, Deposit policy directory, URL for deposit policy, Continues, Continued By, titulo_normalizado_doaj_dup, titulo_normalizado_facts_dup, titulo_normalizado_openapc_dup, apc_metodo_imputacion"
2590-9452,Revista Colombiana De Bioética,colombiana bioetica,CO,Humanidades,300,declarado,19.5,51.32,False,False,apc_metodo_imputacion,"institucion_editora_2, institucion_editora_3, titulo_normalizado_scimago_dup, Other organisation, Country of other organisation, atributos_licencia, Waiver policy information URL, Other fees information URL, servicios_preservacion, Preservation Service: national library, Preservation information URL, Deposit policy directory, URL for deposit policy, Continues, Continued By, fecha_ultimo_articulo, titulo_normalizado_doaj_dup, titulo_normalizado_facts_dup, is_hybrid, titulo_normalizado_openapc_dup, apc_metodo_imputacion"
2346-0199,Revista Colombiana De Cancerología,colombiana cancerologia,CO,Ciencias Médicas y de la Salud,301,observado,2592.0,6821.05,False,False,apc_metodo_imputacion,"institucion_editora_2, institucion_editora_3, titulo_normalizado_scimago_dup, titulo_alternativo, issn_impreso, Other organisation, Country of other organisation, atributos_licencia, apc_amount_raw, Waiver policy information URL, Other fees information URL, servicios_preservacion, Preservation Service: national library, Preservation information URL, Deposit policy directory, URL for deposit policy, Continues, Continued By, titulo_normalizado_doaj_dup, titulo_normalizado_facts_dup, titulo_normalizado_openapc_dup, apc_metodo_imputacion"
2500-6517,Revista Iberoamericana De Psicología: Ciencia Y Tecnología,iberoamericana psicologia ciencia tecnologia,CO,Ciencias Sociales,302,observado,1974.5,5196.05,False,False,apc_metodo_imputacion,"issn_electronic, institucion_editora_2, institucion_editora_3, rank, sourceid, tipo_publicacion, titulo_normalizado_scimago_dup, open_access, sjr_score, cuartil_sjr, h_index, total_docs, total_docs_3y, total_refs, total_citas_3y, docs_citables_3y, citas_por_doc_2y, refs_por_doc, pct_female, overton, cobertura, categorias, areas, titulo_alternativo, issn_impreso, atributos_licencia, cc_legible_maquina, apc_amount_raw, Waiver policy information URL, Other fees information URL, servicios_preservacion, Preservation Service: national library, Preservation information URL, Deposit policy directory, URL for deposit policy, Continues, Continued By, fecha_ultimo_articulo, titulo_normalizado_doaj_dup, titulo_normalizado_facts_dup, titulo_normalizado_openapc_dup, apc_metodo_imputacion, contraste_publindex_cuartil, ratio_citas_docs, sjr_score_zscore, h_index_zscore, sjr_score_minmax, h_index_minmax"
2665-3834,Franciscanum,franciscanum,CO,Humanidades,303,imputado,632.15,1663.55,True,False,"apc_monto, apc_moneda","issn_electronic, institucion_editora_2, institucion_editora_3, rank, sourceid, tipo_publicacion, titulo_normalizado_scimago_dup, open_access, sjr_score, cuartil_sjr, h_index, total_docs, total_docs_3y, total_refs, total_citas_3y, docs_citables_3y, citas_por_doc_2y, refs_por_doc, pct_female, overton, cobertura, categorias, areas, Country of other organisation, atributos_licencia, cc_legible_maquina, apc_amount_raw, Waiver policy information URL, Other fees information URL, servicios_preservacion, Preservation Service: national library, Preservation information URL, Deposit policy directory, URL for deposit policy, Continues, Continued By, titulo_normalizado_doaj_dup, apc_monto_original, apc_moneda_original, tasa_usd_utilizada, apc_monto, apc_moneda, titulo_normalizado_facts_dup, is_hybrid, titulo_normalizado_openapc_dup, contraste_publindex_cuartil, ratio_citas_docs, sjr_score_zscore, h_index_zscore, sjr_score_minmax, h_index_minmax"
2027-2103,Cuadernos De Vivienda Y Urbanismo,vivienda urbanismo,CO,Humanidades,304,observado,714.2,1879.47,False,False,apc_metodo_imputacion,"issn_electronic, issn_linking, institucion_editora_2, institucion_editora_3, rank, sourceid, tipo_publicacion, titulo_normalizado_scimago_dup, open_access, sjr_score, cuartil_sjr, h_index, total_docs, total_docs_3y, total_refs, total_citas_3y, docs_citables_3y, citas_por_doc_2y, refs_por_doc, pct_female, overton, cobertura, categorias, areas, titulo_alternativo, Other organisation, Country of other organisation, atributos_licencia, Waiver policy information URL, servicios_preservacion, Preservation Service: national library, Preservation information URL, Deposit policy directory, URL for deposit policy, Continues, Continued By, titulo_normalizado_doaj_dup, titulo_normalizado_facts_dup, titulo_normalizado_openapc_dup, apc_metodo_imputacion, contraste_publindex_cuartil, ratio_citas_docs, sjr_score_zscore, h_index_zscore, sjr_score_minmax, h_index_minmax"
2322-634X,Revista Colombiana de Salud Ocupacional,colombiana salud ocupacional,CO,Ciencias Médicas y de la Salud,305,imputado,1294.13,3405.61,True,False,"apc_monto, apc_moneda","institucion_editora_2, institucion_editora_3, titulo_normalizado_scimago_dup, titulo_alternativo, issn_impreso, Other organisation, Country of other organisation, atributos_licencia, apc_amount_raw, Waiver policy information URL, Other fees information URL, servicios_preservacion, Preservation Service: national library, Preservation information URL, Deposit policy directory, URL for deposit policy, Continues, Continued By, apc_monto_original, apc_moneda_original, tasa_usd_utilizada, apc_monto, apc_moneda, titulo_normalizado_facts_dup, is_hybrid, titulo_normalizado_openapc_dup"
2346-3279,En Contexto,contexto,CO,Ciencias Sociales,306,imputado,870.05,2289.61,True,False,"apc_monto, apc_moneda","issn_electronic, issn_linking, institucion_editora_2, institucion_editora_3, rank, sourceid, tipo_publicacion, titulo_normalizado_scimago_dup, open_access, sjr_score, cuartil_sjr, h_index, total_docs, total_docs_3y, total_refs, total_citas_3y, docs_citables_3y, citas_por_doc_2y, refs_por_doc, pct_female, overton, cobertura, categorias, areas, titulo_alternativo, atributos_licencia, apc_amount_raw, Waiver policy information URL, Other fees information URL, servicios_preservacion, Preservation Service: national library, Preservation information URL, Deposit policy directory, URL for deposit policy, Continues, Continued By, Last Full Review Date, apc_monto_original, apc_moneda_original, tasa_usd_utilizada, apc_monto, apc_moneda, titulo_normalizado_facts_dup, is_hybrid, titulo_normalizado_openapc_dup, contraste_publindex_cuartil, ratio_citas_docs, sjr_score_zscore, h_index_zscore, sjr_score_minmax, h_index_minmax"
2216-1201,Revista Colombiana De Ciencias Sociales,colombiana ciencias sociales,CO,Ciencias Sociales,307,observado,2160.0,5684.21,False,False,apc_metodo_imputacion,"institucion_editora_2, institucion_editora_3, titulo_normalizado_scimago_dup, titulo_alternativo, issn_impreso, Other organisation, Country of other organisation, atributos_licencia, apc_amount_raw, Waiver policy information URL, Other fees information URL, servicios_preservacion, Preservation Service: national library, Preservation information URL, Continues, Continued By, titulo_normalizado_facts_dup, titulo_normalizado_openapc_dup, apc_metodo_imputacion"
2256-1498,Mutis,mutis,CO,Ciencias Naturales,308,imputado,1113.66,2930.68,True,False,"apc_monto, apc_moneda","issn_print, issn_electronic, institucion_editora_2, institucion_editora_3, rank, sourceid, tipo_publicacion, titulo_normalizado_scimago_dup, open_access, sjr_score, cuartil_sjr, h_index, total_docs, total_docs_3y, total_refs, total_citas_3y, docs_citables_3y, citas_por_doc_2y, refs_por_doc, pct_female, overton, cobertura, categorias, areas, issn_impreso, Other organisation, Country of other organisation, atributos_licencia, apc_amount_raw, Waiver policy information URL, servicios_preservacion, Preservation Service: national library, Preservation information URL, Deposit policy directory, URL for deposit policy, Continues, Continued By, apc_monto_original, apc_moneda_original, tasa_usd_utilizada, apc_monto, apc_moneda, titulo_normalizado_facts_dup, is_hybrid, titulo_normalizado_openapc_dup, contraste_publindex_cuartil, ratio_citas_docs, sjr_score_zscore, h_index_zscore, sjr_score_minmax, h_index_minmax"
2346-3414,Revista Cuidarte,cuidarte,CO,Ciencias Médicas y de la Salud,309,imputado,1272.15,3347.76,True,False,"apc_monto, apc_moneda","issn_electronic, institucion_editora_2, institucion_editora_3, rank, sourceid, tipo_publicacion, titulo_normalizado_scimago_dup, open_access, sjr_score, cuartil_sjr, h_index, total_docs, total_docs_3y, total_refs, total_citas_3y, docs_citables_3y, citas_por_doc_2y, refs_por_doc, pct_female, overton, cobertura, categorias, areas, issn_impreso, Country of other organisation, atributos_licencia, cc_legible_maquina, Copyright information URL, apc_amount_raw, Waiver policy information URL, servicios_preservacion, Preservation Service: national library, Preservation information URL, Deposit policy directory, URL for deposit policy, Continues, Continued By, titulo_normalizado_doaj_dup, apc_monto_original, apc_moneda_original, tasa_usd_utilizada, apc_monto, apc_moneda, titulo_normalizado_facts_dup, is_hybrid, titulo_normalizado_openapc_dup, contraste_publindex_cuartil, ratio_citas_docs, sjr_score_zscore, h_index_zscore, sjr_score_minmax, h_index_minmax"
2145-9355,Revista De Derecho,derecho,CO,Ciencias Sociales,310,imputado,889.72,2341.37,True,False,"apc_monto, apc_moneda","institucion_editora_2, institucion_editora_3, titulo_normalizado_scimago_dup, issn_impreso, Other organisation, Country of other organisation, atributos_licencia, apc_amount_raw, Waiver policy information URL, Other fees information URL, servicios_preservacion, Preservation Service: national library, Preservation information URL, Deposit policy directory, URL for deposit policy, Continues, Continued By, titulo_normalizado_doaj_dup, apc_monto_original, apc_moneda_original, tasa_usd_utilizada, apc_monto, apc_moneda, titulo_normalizado_facts_dup, is_hybrid, titulo_normalizado_openapc_dup"
2322-956X,Dimensión Empresarial,dimension empresarial,CO,Ciencias Sociales,311,imputado,870.05,2289.61,True,False,"apc_monto, apc_moneda","issn_electronic, institucion_editora_2, institucion_editora_3, rank, sourceid, tipo_publicacion, titulo_normalizado_scimago_dup, open_access, sjr_score, cuartil_sjr, h_index, total_docs, total_docs_3y, total_refs, total_citas_3y, docs_citables_3y, citas_por_doc_2y, refs_por_doc, pct_female, overton, cobertura, categorias, areas, issn_impreso, Other organisation, Country of other organisation, atributos_licencia, apc_amount_raw, Waiver policy information URL, Other fees information URL, servicios_preservacion, Preservation Service: national library, Preservation information URL, Continues, Continued By, titulo_normalizado_doaj_dup, apc_monto_original, apc_moneda_original, tasa_usd_utilizada, apc_monto, apc_moneda, titulo_normalizado_facts_dup, is_hybrid, titulo_normalizado_openapc_dup, contraste_publindex_cuartil, ratio_citas_docs, sjr_score_zscore, h_index_zscore, sjr_score_minmax, h_index_minmax"
2389-9387,Praxis Filosófica,praxis filosofica,CO,Humanidades,312,observado,2570.4,6764.21,False,False,apc_metodo_imputacion,"issn_electronic, institucion_editora_2, institucion_editora_3, rank, sourceid, tipo_publicacion, titulo_normalizado_scimago_dup, open_access, sjr_score, cuartil_sjr, h_index, total_docs, total_docs_3y, total_refs, total_citas_3y, docs_citables_3y, citas_por_doc_2y, refs_por_doc, pct_female, overton, cobertura, categorias, areas, titulo_alternativo, Country of other organisation, atributos_licencia, Copyright information URL, apc_amount_raw, Waiver policy information URL, Other fees information URL, servicios_preservacion, Preservation Service: national library, Preservation information URL, URL for deposit policy, identificadores_persistentes, Continues, Continued By, fecha_ultimo_articulo, titulo_normalizado_doaj_dup, titulo_normalizado_facts_dup, titulo_normalizado_openapc_dup, apc_metodo_imputacion, contraste_publindex_cuartil, ratio_citas_docs, sjr_score_zscore, h_index_zscore, sjr_score_minmax, h_index_minmax"
0120-5927,How,how,CO,Ciencias Sociales,313,observado,2019.6,5314.74,False,False,apc_metodo_imputacion,"issn_electronic, issn_linking, institucion_editora_2, institucion_editora_3, rank, sourceid, tipo_publicacion, titulo_normalizado_scimago_dup, open_access, sjr_score, cuartil_sjr, h_index, total_docs, total_docs_3y, total_refs, total_citas_3y, docs_citables_3y, citas_por_doc_2y, refs_por_doc, pct_female, overton, cobertura, categorias, areas, titulo_alternativo, issn_electronico, Other organisation, Country of other organisation, atributos_licencia, apc_amount_raw, Waiver policy information URL, Other fees information URL, Preservation Service: national library, Deposit policy directory, URL for deposit policy, Continues, Continued By, Last Full Review Date, titulo_normalizado_facts_dup, titulo_normalizado_openapc_dup, apc_metodo_imputacion, contraste_publindex_cuartil, ratio_citas_docs, sjr_score_zscore, h_index_zscore, sjr_score_minmax, h_index_minmax"
2346-0253,Cuadernos Hispanoamericanos De Psicología,hispanoamericanos psicologia,CO,Ciencias Sociales,314,observado,1974.5,5196.05,False,False,apc_metodo_imputacion,"issn_electronic, institucion_editora_2, institucion_editora_3, rank, sourceid, tipo_publicacion, titulo_normalizado_scimago_dup, open_access, sjr_score, cuartil_sjr, h_index, total_docs, total_docs_3y, total_refs, total_citas_3y, docs_citables_3y, citas_por_doc_2y, refs_por_doc, pct_female, overton, cobertura, categorias, areas, titulo_alternativo, issn_impreso, atributos_licencia, cc_legible_maquina, apc_amount_raw, Waiver policy information URL, Other fees information URL, servicios_preservacion, Preservation Service: national library, Preservation information URL, Deposit policy directory, URL for deposit policy, Continues, Continued By, fecha_ultimo_articulo, titulo_normalizado_doaj_dup, titulo_normalizado_facts_dup, titulo_normalizado_openapc_dup, apc_metodo_imputacion, contraste_publindex_cuartil, ratio_citas_docs, sjr_score_zscore, h_index_zscore, sjr_score_minmax, h_index_minmax"
2256-1536,REVISTA BOLETÍN REDIPE,redipe,CO,Ciencias Sociales,315,imputado,870.05,2289.61,True,False,"apc_monto, apc_moneda","issn_print, issn_electronic, institucion_editora_2, institucion_editora_3, rank, sourceid, tipo_publicacion, titulo_normalizado_scimago_dup, open_access, sjr_score, cuartil_sjr, h_index, total_docs, total_docs_3y, total_refs, total_citas_3y, docs_citables_3y, citas_por_doc_2y, refs_por_doc, pct_female, overton, cobertura, categorias, areas, issn_impreso, Country of other organisation, atributos_licencia, cc_legible_maquina, apc_amount_raw, Waiver policy information URL, Other fees information URL, servicios_preservacion, Preservation Service: national library, Preservation information URL, URL for deposit policy, identificadores_persistentes, Continues, Continued By, titulo_normalizado_doaj_dup, apc_monto_original, apc_moneda_original, tasa_usd_utilizada, apc_monto, apc_moneda, titulo_normalizado_facts_dup, is_hybrid, titulo_normalizado_openapc_dup, contraste_publindex_cuartil, ratio_citas_docs, sjr_score_zscore, h_index_zscore, sjr_score_minmax, h_index_minmax"
2389-7066,Universidad Y Salud,universidad salud,CO,Ciencias Médicas y de la Salud,316,imputado,1283.6,3377.89,True,False,"apc_monto, apc_moneda","issn_electronic, institucion_editora_2, institucion_editora_3, titulo_normalizado_scimago_dup, atributos_licencia, apc_amount_raw, Waiver policy information URL, Other fees information URL, Preservation Service: national library, Deposit policy directory, URL for deposit policy, Continues, Continued By, titulo_normalizado_doaj_dup, apc_monto_original, apc_moneda_original, tasa_usd_utilizada, apc_monto, apc_moneda, titulo_normalizado_facts_dup, is_hybrid, titulo_normalizado_openapc_dup"
2339-3874,Archivos De Medicina,archivos medicina,CO,Ciencias Médicas y de la Salud,317,observado,1564.49,4117.08,False,False,apc_metodo_imputacion,"issn_electronic, institucion_editora_2, institucion_editora_3, rank, sourceid, tipo_publicacion, titulo_normalizado_scimago_dup, open_access, sjr_score, cuartil_sjr, h_index, total_docs, total_docs_3y, total_refs, total_citas_3y, docs_citables_3y, citas_por_doc_2y, refs_por_doc, pct_female, overton, cobertura, categorias, areas, titulo_alternativo, atributos_licencia, Waiver policy information URL, Other fees information URL, Preservation Service: national library, Continues, Continued By, titulo_normalizado_doaj_dup, titulo_normalizado_facts_dup, titulo_normalizado_openapc_dup, apc_metodo_imputacion, contraste_publindex_cuartil, ratio_citas_docs, sjr_score_zscore, h_index_zscore, sjr_score_minmax, h_index_minmax"
0121-7607,Ambiente Y Desarrollo,ambiente desarrollo,CO,Ciencias Naturales,318,imputado,1114.73,2933.5,True,False,"apc_monto, apc_moneda","issn_electronic, issn_linking, institucion_editora_2, institucion_editora_3, rank, sourceid, tipo_publicacion, titulo_normalizado_scimago_dup, open_access, sjr_score, cuartil_sjr, h_index, total_docs, total_docs_3y, total_refs, total_citas_3y, docs_citables_3y, citas_por_doc_2y, refs_por_doc, pct_female, overton, cobertura, categorias, areas, issn_impreso, Other organisation, Country of other organisation, atributos_licencia, cc_legible_maquina, Copyright information URL, apc_amount_raw, Waiver policy information URL, servicios_preservacion, Preservation Service: national library, URL for deposit policy, Continues, Continued By, titulo_normalizado_doaj_dup, apc_monto_original, apc_moneda_original, tasa_usd_utilizada, apc_monto, apc_moneda, titulo_normalizado_facts_dup, is_hybrid, titulo_normalizado_openapc_dup, contraste_publindex_cuartil, ratio_citas_docs, sjr_score_zscore, h_index_zscore, sjr_score_minmax, h_index_minmax"
2344-8636,Ciencia e Innovación en Salud,ciencia innovacion salud,CO,Ciencias Médicas y de la Salud,319,imputado,1283.6,3377.89,True,False,"apc_monto, apc_moneda","issn_electronic, institucion_editora_2, institucion_editora_3, titulo_normalizado_scimago_dup, titulo_alternativo, issn_impreso, Other organisation, Country of other organisation, atributos_licencia, apc_amount_raw, Waiver policy information URL, Other fees information URL, servicios_preservacion, Preservation Service: national library, Preservation information URL, Continues, Continued By, titulo_normalizado_doaj_dup, apc_monto_original, apc_moneda_original, tasa_usd_utilizada, apc_monto, apc_moneda, titulo_normalizado_facts_dup, is_hybrid, titulo_normalizado_openapc_dup"
2665-5837,Conocimiento Global,conocimiento global,CO,Ciencias Sociales,320,observado,1697.09,4466.03,False,False,apc_metodo_imputacion,"issn_print, issn_electronic, institucion_editora_2, institucion_editora_3, rank, sourceid, tipo_publicacion, titulo_normalizado_scimago_dup, open_access, sjr_score, cuartil_sjr, h_index, total_docs, total_docs_3y, total_refs, total_citas_3y, docs_citables_3y, citas_por_doc_2y, refs_por_doc, pct_female, overton, cobertura, categorias, areas, titulo_alternativo, Other organisation, Country of other organisation, atributos_licencia, cc_legible_maquina, apc_amount_raw, Waiver policy information URL, Other fees information URL, servicios_preservacion, Preservation Service: national library, Preservation information URL, Deposit policy directory, URL for deposit policy, Continues, Continued By, titulo_normalizado_doaj_dup, titulo_normalizado_facts_dup, titulo_normalizado_openapc_dup, apc_metodo_imputacion, contraste_publindex_cuartil, ratio_citas_docs, sjr_score_zscore, h_index_zscore, sjr_score_minmax, h_index_minmax"
2390-0504,Ingeniare,ingeniare,CO,Ingeniería y Tecnología,321,imputado,1003.07,2639.66,True,False,"apc_monto, apc_moneda","issn_electronic, institucion_editora_2, institucion_editora_3, rank, sourceid, tipo_publicacion, titulo_normalizado_scimago_dup, open_access, sjr_score, cuartil_sjr, h_index, total_docs, total_docs_3y, total_refs, total_citas_3y, docs_citables_3y, citas_por_doc_2y, refs_por_doc, pct_female, overton, cobertura, categorias, areas, titulo_alternativo, Other organisation, Country of other organisation, atributos_licencia, apc_amount_raw, Waiver policy information URL, Other fees information URL, servicios_preservacion, Preservation Service: national library, Preservation information URL, Deposit policy directory, URL for deposit policy, identificadores_persistentes, Continues, Continued By, titulo_normalizado_doaj_dup, apc_monto_original, apc_moneda_original, tasa_usd_utilizada, apc_monto, apc_moneda, titulo_normalizado_facts_dup, is_hybrid, titulo_normalizado_openapc_dup, contraste_publindex_cuartil, ratio_citas_docs, sjr_score_zscore, h_index_zscore, sjr_score_minmax, h_index_minmax"
2389-8194,Revista Perspectiva Empresarial,perspectiva empresarial,CO,Ciencias Sociales,322,observado,3065.04,8065.89,False,False,apc_metodo_imputacion,"issn_electronic, institucion_editora_2, institucion_editora_3, rank, sourceid, tipo_publicacion, titulo_normalizado_scimago_dup, open_access, sjr_score, cuartil_sjr, h_index, total_docs, total_docs_3y, total_refs, total_citas_3y, docs_citables_3y, citas_por_doc_2y, refs_por_doc, pct_female, overton, cobertura, categorias, areas, titulo_alternativo, Other organisation, Country of other organisation, atributos_licencia, Copyright information URL, apc_amount_raw, Waiver policy information URL, Preservation Service: national library, Deposit policy directory, URL for deposit policy, Continues, Continued By, fecha_ultimo_articulo, titulo_normalizado_doaj_dup, titulo_normalizado_facts_dup, titulo_normalizado_openapc_dup, apc_metodo_imputacion, contraste_publindex_cuartil, ratio_citas_docs, sjr_score_zscore, h_index_zscore, sjr_score_minmax, h_index_minmax"
2027-5692,Suma De Negocios,suma negocios,CO,Ciencias Sociales,323,imputado,870.41,2290.55,True,False,"apc_monto, apc_moneda","issn_electronic, institucion_editora_2, institucion_editora_3, rank, sourceid, tipo_publicacion, titulo_normalizado_scimago_dup, open_access, sjr_score, cuartil_sjr, h_index, total_docs, total_docs_3y, total_refs, total_citas_3y, docs_citables_3y, citas_por_doc_2y, refs_por_doc, pct_female, overton, cobertura, categorias, areas, titulo_alternativo, Country of other organisation, atributos_licencia, apc_amount_raw, Waiver policy information URL, servicios_preservacion, Preservation Service: national library, Preservation information URL, Deposit policy directory, URL for deposit policy, identificadores_persistentes, Continues, Continued By, titulo_normalizado_doaj_dup, apc_monto_original, apc_moneda_original, tasa_usd_utilizada, apc_monto, apc_moneda, titulo_normalizado_facts_dup, is_hybrid, titulo_normalizado_openapc_dup, contraste_publindex_cuartil, ratio_citas_docs, sjr_score_zscore, h_index_zscore, sjr_score_minmax, h_index_minmax"
0120-4483,Ensayos Sobre Política Económica,ensayos sobre politica economica,CO,Ciencias Sociales,324,observado,1974.77,5196.76,False,False,apc_metodo_imputacion,"issn_linking, institucion_editora_1, institucion_editora_2, institucion_editora_3, titulo_alternativo, atributos_licencia, cc_legible_maquina, apc_amount_raw, Waiver policy information URL, Other fees information URL, servicios_preservacion, Preservation Service: national library, Preservation information URL, Deposit policy directory, URL for deposit policy, Continues, Continued By, titulo_normalizado_doaj_dup, titulo_normalizado_facts_dup, titulo_normalizado_openapc_dup, apc_metodo_imputacion"
2422-2844,Revista Facultad De Ingeniería,facultad ingenieria,CO,Ingeniería y Tecnología,325,imputado,1008.79,2654.71,True,False,"apc_monto, apc_moneda","issn_electronic, institucion_editora_2, institucion_editora_3, rank, sourceid, tipo_publicacion, titulo_normalizado_scimago_dup, open_access, sjr_score, cuartil_sjr, h_index, total_docs, total_docs_3y, total_refs, total_citas_3y, docs_citables_3y, citas_por_doc_2y, refs_por_doc, pct_female, overton, cobertura, categorias, areas, Country of other organisation, atributos_licencia, apc_amount_raw, Waiver policy information URL, Other fees information URL, servicios_preservacion, Preservation Service: national library, Preservation information URL, Deposit policy directory, URL for deposit policy, Continues, Continued By, titulo_normalizado_doaj_dup, apc_monto_original, apc_moneda_original, tasa_usd_utilizada, apc_monto, apc_moneda, titulo_normalizado_facts_dup, is_hybrid, titulo_normalizado_openapc_dup, contraste_publindex_cuartil, ratio_citas_docs, sjr_score_zscore, h_index_zscore, sjr_score_minmax, h_index_minmax"
0120-548X,Acta Biológica Colombiana,biologica colombiana,CO,Ciencias Naturales,326,observado,2382.53,6269.82,False,False,apc_metodo_imputacion,"issn_linking, institucion_editora_2, institucion_editora_3, titulo_alternativo, Country of other organisation, atributos_licencia, cc_legible_maquina, apc_amount_raw, Waiver policy information URL, Other fees information URL, servicios_preservacion, Preservation Service: national library, Preservation information URL, URL for deposit policy, Continues, Continued By, titulo_normalizado_facts_dup, titulo_normalizado_openapc_dup, apc_metodo_imputacion"
0120-2510,Boletín De Antropología,antropologia,CO,Ciencias Sociales,327,imputado,875.77,2304.66,True,False,"apc_monto, apc_moneda","issn_electronic, issn_linking, institucion_editora_2, institucion_editora_3, rank, sourceid, tipo_publicacion, titulo_normalizado_scimago_dup, open_access, sjr_score, cuartil_sjr, h_index, total_docs, total_docs_3y, total_refs, total_citas_3y, docs_citables_3y, citas_por_doc_2y, refs_por_doc, pct_female, overton, cobertura, categorias, areas, Other organisation, Country of other organisation, atributos_licencia, cc_legible_maquina, apc_amount_raw, Waiver policy information URL, Other fees information URL, servicios_preservacion, Preservation Service: national library, Preservation information URL, Deposit policy directory, URL for deposit policy, identificadores_persistentes, Continues, Continued By, fecha_ultimo_articulo, titulo_normalizado_doaj_dup, apc_monto_original, apc_moneda_original, tasa_usd_utilizada, apc_monto, apc_moneda, titulo_normalizado_facts_dup, is_hybrid, titulo_normalizado_openapc_dup, contraste_publindex_cuartil, ratio_citas_docs, sjr_score_zscore, h_index_zscore, sjr_score_minmax, h_index_minmax"
0120-4661,Historia Y Espacio,historia espacio,CO,Humanidades,328,observado,1205.28,3171.79,False,False,apc_metodo_imputacion,"issn_electronic, issn_linking, institucion_editora_2, institucion_editora_3, titulo_normalizado_scimago_dup, titulo_alternativo, Country of other organisation, atributos_licencia, cc_legible_maquina, Copyright information URL, apc_amount_raw, Waiver policy information URL, servicios_preservacion, Preservation Service: national library, Preservation information URL, Deposit policy directory, URL for deposit policy, Continues, Continued By, titulo_normalizado_facts_dup, titulo_normalizado_openapc_dup, apc_metodo_imputacion"
0124-5376,Biota Colombiana,biota colombiana,CO,Ciencias Naturales,329,observado,904.17,2379.39,False,False,apc_metodo_imputacion,"issn_linking, institucion_editora_2, institucion_editora_3, titulo_alternativo, Other organisation, Country of other organisation, atributos_licencia, apc_amount_raw, Waiver policy information URL, Other fees information URL, Preservation Service: national library, Deposit policy directory, URL for deposit policy, Continues, Continued By, Last Full Review Date, titulo_normalizado_facts_dup, titulo_normalizado_openapc_dup, apc_metodo_imputacion"
2027-8306,"Revista De Investigacion, Desarrollo E Innovacion",investigacion desarrollo innovacion,CO,Ciencias Sociales,330,imputado,899.89,2368.13,True,False,"apc_monto, apc_moneda","issn_linking, institucion_editora_2, institucion_editora_3, titulo_normalizado_scimago_dup, titulo_alternativo, Other organisation, Country of other organisation, atributos_licencia, cc_legible_maquina, apc_amount_raw, Waiver policy information URL, Other fees information URL, Preservation Service: national library, Deposit policy directory, URL for deposit policy, Continues, Continued By, apc_monto_original, apc_moneda_original, tasa_usd_utilizada, apc_monto, apc_moneda, titulo_normalizado_facts_dup, is_hybrid, titulo_normalizado_openapc_dup"
0370-3908,"Revista De La Academia Colombiana De Ciencias Exactas, Físicas Y Naturales",academia colombiana ciencias exactas fisicas naturales,CO,Ciencias Naturales,331,imputado,1137.42,2993.21,True,False,"apc_monto, apc_moneda","issn_electronic, issn_linking, institucion_editora_2, institucion_editora_3, titulo_normalizado_scimago_dup, titulo_alternativo, Other organisation, Country of other organisation, atributos_licencia, apc_amount_raw, Waiver policy information URL, Other fees information URL, servicios_preservacion, Preservation Service: national library, Preservation information URL, Deposit policy directory, URL for deposit policy, Continues, Continued By, apc_monto_original, apc_moneda_original, tasa_usd_utilizada, apc_monto, apc_moneda, titulo_normalizado_facts_dup, is_hybrid, titulo_normalizado_openapc_dup"
1657-5997,Aquichan,aquichan,CO,Ciencias Médicas y de la Salud,332,imputado,1254.11,3300.29,True,False,"apc_monto, apc_moneda","issn_linking, institucion_editora_2, institucion_editora_3, titulo_alternativo, Country of other organisation, atributos_licencia, cc_legible_maquina, Copyright information URL, apc_amount_raw, Waiver policy information URL, servicios_preservacion, Preservation Service: national library, Deposit policy directory, URL for deposit policy, Continues, Continued By, apc_monto_original, apc_moneda_original, tasa_usd_utilizada, apc_monto, apc_moneda, titulo_normalizado_facts_dup, is_hybrid, titulo_normalizado_openapc_dup"
1794-8932,Sophia,sophia,CO,Ciencias Sociales,333,observado,1397.84,3678.53,False,False,apc_metodo_imputacion,"issn_electronic, issn_linking, institucion_editora_2, institucion_editora_3, rank, sourceid, tipo_publicacion, titulo_normalizado_scimago_dup, open_access, sjr_score, cuartil_sjr, h_index, total_docs, total_docs_3y, total_refs, total_citas_3y, docs_citables_3y, citas_por_doc_2y, refs_por_doc, pct_female, overton, cobertura, categorias, areas, atributos_licencia, apc_amount_raw, Waiver policy information URL, Other fees information URL, servicios_preservacion, Preservation Service: national library, Preservation information URL, Continues, Continued By, fecha_ultimo_articulo, titulo_normalizado_doaj_dup, titulo_normalizado_facts_dup, titulo_normalizado_openapc_dup, apc_metodo_imputacion, contraste_publindex_cuartil, ratio_citas_docs, sjr_score_zscore, h_index_zscore, sjr_score_minmax, h_index_minmax"
1692-5858,Encuentros,encuentros,CO,Ciencias Sociales,334,imputado,870.41,2290.55,True,False,"apc_monto, apc_moneda","issn_electronic, issn_linking, institucion_editora_2, institucion_editora_3, rank, sourceid, tipo_publicacion, titulo_normalizado_scimago_dup, open_access, sjr_score, cuartil_sjr, h_index, total_docs, total_docs_3y, total_refs, total_citas_3y, docs_citables_3y, citas_por_doc_2y, refs_por_doc, pct_female, overton, cobertura, categorias, areas, Country of other organisation, atributos_licencia, cc_legible_maquina, Copyright information URL, apc_amount_raw, Waiver policy information URL, servicios_preservacion, Preservation Service: national library, Preservation information URL, Deposit policy directory, URL for deposit policy, identificadores_persistentes, Continues, Continued By, titulo_normalizado_doaj_dup, apc_monto_original, apc_moneda_original, tasa_usd_utilizada, apc_monto, apc_moneda, titulo_normalizado_facts_dup, is_hybrid, titulo_normalizado_openapc_dup, contraste_publindex_cuartil, ratio_citas_docs, sjr_score_zscore, h_index_zscore, sjr_score_minmax, h_index_minmax"
0120-100X,Ion,ion,CO,Ingeniería y Tecnología,335,observado,438.25,1153.29,False,False,apc_metodo_imputacion,"issn_linking, institucion_editora_2, institucion_editora_3, titulo_normalizado_scimago_dup, titulo_alternativo, Other organisation, Country of other organisation, atributos_licencia, apc_amount_raw, Waiver policy information URL, Other fees information URL, servicios_preservacion, Preservation Service: national library, Preservation information URL, Deposit policy directory, URL for deposit policy, Continues, Continued By, titulo_normalizado_facts_dup, titulo_normalizado_openapc_dup, apc_metodo_imputacion"
1909-5759,Revista Via Iuris,via iuris,CO,Ciencias Sociales,336,imputado,870.05,2289.61,True,False,"apc_monto, apc_moneda","issn_electronic, issn_linking, institucion_editora_2, institucion_editora_3, rank, sourceid, tipo_publicacion, titulo_normalizado_scimago_dup, open_access, sjr_score, cuartil_sjr, h_index, total_docs, total_docs_3y, total_refs, total_citas_3y, docs_citables_3y, citas_por_doc_2y, refs_por_doc, pct_female, overton, cobertura, categorias, areas, issn_impreso, Other organisation, Country of other organisation, atributos_licencia, apc_amount_raw, Waiver policy information URL, Other fees information URL, servicios_preservacion, Preservation Service: national library, Preservation information URL, Continues, Continued By, titulo_normalizado_doaj_dup, apc_monto_original, apc_moneda_original, tasa_usd_utilizada, apc_monto, apc_moneda, titulo_normalizado_facts_dup, is_hybrid, titulo_normalizado_openapc_dup, contraste_publindex_cuartil, ratio_citas_docs, sjr_score_zscore, h_index_zscore, sjr_score_minmax, h_index_minmax"
2011-4532,Eleuthera,eleuthera,CO,Ciencias Sociales,337,observado,1838.38,4837.84,False,False,apc_metodo_imputacion,"issn_electronic, issn_linking, institucion_editora_2, institucion_editora_3, rank, sourceid, tipo_publicacion, titulo_normalizado_scimago_dup, open_access, sjr_score, cuartil_sjr, h_index, total_docs, total_docs_3y, total_refs, total_citas_3y, docs_citables_3y, citas_por_doc_2y, refs_por_doc, pct_female, overton, cobertura, categorias, areas, Other organisation, Country of other organisation, atributos_licencia, apc_amount_raw, Waiver policy information URL, Other fees information URL, servicios_preservacion, Preservation Service: national library, Preservation information URL, Deposit policy directory, URL for deposit policy, Continues, Continued By, titulo_normalizado_facts_dup, titulo_normalizado_openapc_dup, apc_metodo_imputacion, contraste_publindex_cuartil, ratio_citas_docs, sjr_score_zscore, h_index_zscore, sjr_score_minmax, h_index_minmax"
0123-9015,Revista Colombiana De Cancerología,colombiana cancerologia,CO,Ciencias Médicas y de la Salud,338,observado,2592.0,6821.05,False,False,apc_metodo_imputacion,"issn_linking, institucion_editora_2, institucion_editora_3, titulo_normalizado_scimago_dup, titulo_alternativo, issn_impreso, Other organisation, Country of other organisation, atributos_licencia, apc_amount_raw, Waiver policy information URL, Other fees information URL, servicios_preservacion, Preservation Service: national library, Preservation information URL, Deposit policy directory, URL for deposit policy, Continues, Continued By, titulo_normalizado_doaj_dup, titulo_normalizado_facts_dup, titulo_normalizado_openapc_dup, apc_metodo_imputacion"
2145-2628,Journal De Ciencia E Ingenieria,ciencia ingenieria,CO,Ingeniería y Tecnología,339,imputado,1031.48,2714.42,True,False,"apc_monto, apc_moneda","issn_electronic, issn_linking, institucion_editora_2, institucion_editora_3, titulo_normalizado_scimago_dup, titulo_alternativo, issn_impreso, Other organisation, Country of other organisation, atributos_licencia, apc_amount_raw, Waiver policy information URL, Other fees information URL, servicios_preservacion, Preservation Service: national library, Preservation information URL, Continues, Continued By, titulo_normalizado_doaj_dup, apc_monto_original, apc_moneda_original, tasa_usd_utilizada, apc_monto, apc_moneda, titulo_normalizado_facts_dup, is_hybrid, titulo_normalizado_openapc_dup"
0120-3886,Revista Facultad De Derecho Y Ciencias Políticas,facultad derecho ciencias politicas,CO,Ciencias Sociales,340,observado,2638.47,6943.34,False,False,apc_metodo_imputacion,"issn_linking, institucion_editora_2, institucion_editora_3, titulo_alternativo, Country of other organisation, atributos_licencia, cc_legible_maquina, apc_amount_raw, Waiver policy information URL, servicios_preservacion, Preservation Service: national library, Preservation information URL, Deposit policy directory, URL for deposit policy, identificadores_persistentes, Continues, Continued By, titulo_normalizado_facts_dup, titulo_normalizado_openapc_dup, apc_metodo_imputacion"
0123-1294,Educación Y Educadores,educacion educadores,CO,Ciencias Sociales,341,imputado,871.48,2293.37,True,False,"apc_monto, apc_moneda","issn_electronic, issn_linking, institucion_editora_2, institucion_editora_3, rank, sourceid, tipo_publicacion, titulo_normalizado_scimago_dup, open_access, sjr_score, cuartil_sjr, h_index, total_docs, total_docs_3y, total_refs, total_citas_3y, docs_citables_3y, citas_por_doc_2y, refs_por_doc, pct_female, overton, cobertura, categorias, areas, titulo_alternativo, issn_electronico, Other organisation, Country of other organisation, atributos_licencia, cc_legible_maquina, apc_amount_raw, Waiver policy information URL, Other fees information URL, servicios_preservacion, Preservation Service: national library, Preservation information URL, Deposit policy directory, URL for deposit policy, identificadores_persistentes, Continues, Continued By, apc_monto_original, apc_moneda_original, tasa_usd_utilizada, apc_monto, apc_moneda, titulo_normalizado_facts_dup, is_hybrid, titulo_normalizado_openapc_dup, contraste_publindex_cuartil, ratio_citas_docs, sjr_score_zscore, h_index_zscore, sjr_score_minmax, h_index_minmax"
1794-4449,Revista Lasallista De Investigación,lasallista investigacion,CO,Ciencias Naturales,342,imputado,1125.1,2960.79,True,False,"apc_monto, apc_moneda","issn_linking, institucion_editora_2, institucion_editora_3, titulo_normalizado_scimago_dup, titulo_alternativo, issn_impreso, Other organisation, Country of other organisation, atributos_licencia, apc_amount_raw, Waiver policy information URL, Other fees information URL, Preservation Service: national library, Continues, Continued By, titulo_normalizado_doaj_dup, apc_monto_original, apc_moneda_original, tasa_usd_utilizada, apc_monto, apc_moneda, titulo_normalizado_facts_dup, is_hybrid, titulo_normalizado_openapc_dup"
1909-0455,Producción + Limpia,produccion limpia,CO,Ciencias Naturales,343,imputado,1126.89,2965.5,True,False,"apc_monto, apc_moneda","issn_electronic, issn_linking, institucion_editora_3, rank, sourceid, tipo_publicacion, titulo_normalizado_scimago_dup, editorial, open_access, sjr_score, cuartil_sjr, h_index, total_docs, total_docs_3y, total_refs, total_citas_3y, docs_citables_3y, citas_por_doc_2y, refs_por_doc, pct_female, overton, cobertura, categorias, areas, url_revista, url, When did the journal start to publish all content using an open license?, titulo_alternativo, issn_impreso, issn_electronico, palabras_clave, idiomas, pais_editorial, Other organisation, Country of other organisation, licencia, atributos_licencia, URL for license terms, cc_legible_maquina, autor_retiene_copyright, Copyright information URL, tipo_revision, Review process information URL, politica_plagio, URL for journal's aims & scope, URL for the Editorial Board page, URL for journal's instructions for authors, semanas_submission_publicacion, tiene_apc, APC information URL, apc_amount_raw, politica_exencion, Waiver policy information URL, tiene_otros_cobros, Other fees information URL, servicios_preservacion, Preservation Service: national library, Preservation information URL, Deposit policy directory, URL for deposit policy, identificadores_persistentes, cumple_oa, Continues, Continued By, codigos_lcc, subscribe_to_open, Mirror Journal, Open Journals Collective, materias, fecha_incorporacion, fecha_actualizacion, Last Full Review Date, num_articulos, fecha_ultimo_articulo, titulo_normalizado_doaj_dup, apc_monto_original, apc_moneda_original, tasa_usd_utilizada, apc_conversion_estado, apc_monto, apc_moneda, titulo_normalizado_facts_dup, is_hybrid, titulo_normalizado_openapc_dup, contraste_publindex_cuartil, semanas_pub, editorial_rapida, ratio_citas_docs, sjr_score_zscore, h_index_zscore, semanas_pub_zscore, sjr_score_minmax, h_index_minmax, semanas_pub_minmax"
0124-2121,Educacion Y Humanismo,educacion humanismo,CO,Ciencias Sociales,344,observado,2827.44,7440.63,False,False,apc_metodo_imputacion,"issn_electronic, issn_linking, institucion_editora_2, institucion_editora_3, rank, sourceid, tipo_publicacion, titulo_normalizado_scimago_dup, open_access, sjr_score, cuartil_sjr, h_index, total_docs, total_docs_3y, total_refs, total_citas_3y, docs_citables_3y, citas_por_doc_2y, refs_por_doc, pct_female, overton, cobertura, categorias, areas, titulo_alternativo, Other organisation, Country of other organisation, atributos_licencia, cc_legible_maquina, Copyright information URL, apc_amount_raw, Waiver policy information URL, servicios_preservacion, Preservation Service: national library, Deposit policy directory, URL for deposit policy, identificadores_persistentes, Continues, Continued By, titulo_normalizado_facts_dup, titulo_normalizado_openapc_dup, apc_metodo_imputacion, contraste_publindex_cuartil, ratio_citas_docs, sjr_score_zscore, h_index_zscore, sjr_score_minmax, h_index_minmax"
0122-6339,Enunciación,enunciacion,CO,Humanidades,345,imputado,635.37,1672.03,True,False,"apc_monto, apc_moneda","issn_linking, institucion_editora_2, institucion_editora_3, rank, sourceid, tipo_publicacion, titulo_normalizado_scimago_dup, open_access, sjr_score, cuartil_sjr, h_index, total_docs, total_docs_3y, total_refs, total_citas_3y, docs_citables_3y, citas_por_doc_2y, refs_por_doc, pct_female, overton, cobertura, categorias, areas, titulo_alternativo, Other organisation, Country of other organisation, atributos_licencia, apc_amount_raw, Waiver policy information URL, Other fees information URL, servicios_preservacion, Preservation Service: national library, Preservation information URL, Deposit policy directory, URL for deposit policy, Continues, Continued By, apc_monto_original, apc_moneda_original, tasa_usd_utilizada, apc_monto, apc_moneda, titulo_normalizado_facts_dup, is_hybrid, titulo_normalizado_openapc_dup, contraste_publindex_cuartil, ratio_citas_docs, sjr_score_zscore, h_index_zscore, sjr_score_minmax, h_index_minmax"
0122-9893,Revista Derecho Del Estado,derecho estado,CO,Ciencias Sociales,346,imputado,894.17,2353.08,True,False,"apc_monto, apc_moneda","issn_linking, institucion_editora_2, institucion_editora_3, titulo_normalizado_scimago_dup, titulo_alternativo, Other organisation, Country of other organisation, atributos_licencia, cc_legible_maquina, apc_amount_raw, Waiver policy information URL, Other fees information URL, servicios_preservacion, Preservation Service: national library, Preservation information URL, Continues, Continued By, apc_monto_original, apc_moneda_original, tasa_usd_utilizada, apc_monto, apc_moneda, titulo_normalizado_facts_dup, is_hybrid, titulo_normalizado_openapc_dup"
0120-0283,Boletín De Geología,geologia,CO,Ciencias Naturales,347,observado,324.0,852.63,False,False,apc_metodo_imputacion,"issn_electronic, issn_linking, institucion_editora_2, institucion_editora_3, rank, sourceid, tipo_publicacion, titulo_normalizado_scimago_dup, open_access, sjr_score, cuartil_sjr, h_index, total_docs, total_docs_3y, total_refs, total_citas_3y, docs_citables_3y, citas_por_doc_2y, refs_por_doc, pct_female, overton, cobertura, categorias, areas, titulo_alternativo, Other organisation, Country of other organisation, atributos_licencia, Copyright information URL, apc_amount_raw, Waiver policy information URL, servicios_preservacion, Preservation Service: national library, Preservation information URL, Deposit policy directory, URL for deposit policy, identificadores_persistentes, Continues, Continued By, fecha_ultimo_articulo, titulo_normalizado_facts_dup, titulo_normalizado_openapc_dup, apc_metodo_imputacion, contraste_publindex_cuartil, ratio_citas_docs, sjr_score_zscore, h_index_zscore, sjr_score_minmax, h_index_minmax"
0366-5232,Caldasia,caldasia,CO,Ciencias Naturales,348,imputado,1127.96,2968.32,True,False,"apc_monto, apc_moneda","issn_electronic, issn_linking, institucion_editora_3, titulo_alternativo, Other organisation, Country of other organisation, atributos_licencia, apc_amount_raw, Waiver policy information URL, Other fees information URL, servicios_preservacion, Preservation Service: national library, Preservation information URL, Deposit policy directory, URL for deposit policy, Continues, Continued By, apc_monto_original, apc_moneda_original, tasa_usd_utilizada, apc_monto, apc_moneda, titulo_normalizado_facts_dup, is_hybrid, titulo_normalizado_openapc_dup"
0122-8803,Historia Caribe,historia caribe,CO,Humanidades,349,observado,1205.28,3171.79,False,False,apc_metodo_imputacion,"issn_linking, codigo_dane, institucion_editora_2, institucion_editora_3, titulo_normalizado_scimago_dup, titulo_alternativo, Country of other organisation, atributos_licencia, cc_legible_maquina, Copyright information URL, apc_amount_raw, Waiver policy information URL, Other fees information URL, servicios_preservacion, Preservation Service: national library, Preservation information URL, Deposit policy directory, URL for deposit policy, identificadores_persistentes, Continues, Continued By, titulo_normalizado_doaj_dup, titulo_normalizado_facts_dup, titulo_normalizado_openapc_dup, apc_metodo_imputacion"
1692-5777,"Gist, Education And Learning Research Journal",gist education learning,CO,Ciencias Sociales,350,observado,399.11,1050.29,False,False,apc_metodo_imputacion,"issn_electronic, issn_linking, institucion_editora_2, institucion_editora_3, rank, sourceid, tipo_publicacion, titulo_normalizado_scimago_dup, open_access, sjr_score, cuartil_sjr, h_index, total_docs, total_docs_3y, total_refs, total_citas_3y, docs_citables_3y, citas_por_doc_2y, refs_por_doc, pct_female, overton, cobertura, categorias, areas, titulo_alternativo, Country of other organisation, atributos_licencia, cc_legible_maquina, Copyright information URL, apc_amount_raw, Waiver policy information URL, servicios_preservacion, Preservation Service: national library, Preservation information URL, Deposit policy directory, URL for deposit policy, identificadores_persistentes, Continues, Continued By, fecha_ultimo_articulo, titulo_normalizado_facts_dup, titulo_normalizado_openapc_dup, apc_metodo_imputacion, contraste_publindex_cuartil, ratio_citas_docs, sjr_score_zscore, h_index_zscore, sjr_score_minmax, h_index_minmax"
1657-8031,El Ágora Usb,agora usb,CO,Ciencias Sociales,351,imputado,871.12,2292.42,True,False,"apc_monto, apc_moneda","issn_electronic, issn_linking, institucion_editora_2, institucion_editora_3, rank, sourceid, tipo_publicacion, titulo_normalizado_scimago_dup, open_access, sjr_score, cuartil_sjr, h_index, total_docs, total_docs_3y, total_refs, total_citas_3y, docs_citables_3y, citas_por_doc_2y, refs_por_doc, pct_female, overton, cobertura, categorias, areas, titulo_alternativo, Other organisation, Country of other organisation, atributos_licencia, apc_amount_raw, Waiver policy information URL, Other fees information URL, servicios_preservacion, Preservation Service: national library, Preservation information URL, Deposit policy directory, URL for deposit policy, Continues, Continued By, apc_monto_original, apc_moneda_original, tasa_usd_utilizada, apc_monto, apc_moneda, titulo_normalizado_facts_dup, is_hybrid, titulo_normalizado_openapc_dup, contraste_publindex_cuartil, ratio_citas_docs, sjr_score_zscore, h_index_zscore, sjr_score_minmax, h_index_minmax"
0122-7483,Universitas Scientiarum,universitas scientiarum,CO,Ciencias Naturales,352,observado,1230.91,3239.24,False,False,apc_metodo_imputacion,"issn_linking, institucion_editora_2, institucion_editora_3, rank, sourceid, tipo_publicacion, titulo_normalizado_scimago_dup, open_access, sjr_score, cuartil_sjr, h_index, total_docs, total_docs_3y, total_refs, total_citas_3y, docs_citables_3y, citas_por_doc_2y, refs_por_doc, pct_female, overton, cobertura, categorias, areas, titulo_alternativo, issn_electronico, Other organisation, Country of other organisation, atributos_licencia, apc_amount_raw, Waiver policy information URL, Other fees information URL, servicios_preservacion, Preservation Service: national library, Preservation information URL, Deposit policy directory, URL for deposit policy, Continues, Continued By, titulo_normalizado_facts_dup, titulo_normalizado_openapc_dup, apc_metodo_imputacion, contraste_publindex_cuartil, ratio_citas_docs, sjr_score_zscore, h_index_zscore, sjr_score_minmax, h_index_minmax"
2011-5474,Revista Latinoamericana De Etnomatemática,latinoamericana etnomatematica,CO,Ciencias Sociales,353,observado,1974.5,5196.05,False,False,apc_metodo_imputacion,"issn_electronic, issn_linking, institucion_editora_2, institucion_editora_3, rank, sourceid, tipo_publicacion, titulo_normalizado_scimago_dup, open_access, sjr_score, cuartil_sjr, h_index, total_docs, total_docs_3y, total_refs, total_citas_3y, docs_citables_3y, citas_por_doc_2y, refs_por_doc, pct_female, overton, cobertura, categorias, areas, titulo_alternativo, issn_electronico, Country of other organisation, atributos_licencia, cc_legible_maquina, Copyright information URL, apc_amount_raw, Waiver policy information URL, servicios_preservacion, Preservation Service: national library, Deposit policy directory, URL for deposit policy, identificadores_persistentes, Continues, Continued By, titulo_normalizado_facts_dup, titulo_normalizado_openapc_dup, apc_metodo_imputacion, contraste_publindex_cuartil, ratio_citas_docs, sjr_score_zscore, h_index_zscore, sjr_score_minmax, h_index_minmax"
1692-6013,Novum Jus: Revista Especializada en Sociología Jurídica y Política,novum jus especializada sociologia juridica politica,CO,Ciencias Sociales,354,observado,2638.47,6943.34,False,False,apc_metodo_imputacion,"issn_linking, codigo_dane, institucion_editora_2, institucion_editora_3, titulo_alternativo, Country of other organisation, atributos_licencia, cc_legible_maquina, Copyright information URL, apc_amount_raw, Waiver policy information URL, servicios_preservacion, Preservation Service: national library, Deposit policy directory, URL for deposit policy, Continues, Continued By, titulo_normalizado_facts_dup, titulo_normalizado_openapc_dup, apc_metodo_imputacion"
0122-5197,Memoria Y Sociedad,memoria sociedad,CO,Humanidades,355,observado,2156.34,5674.58,False,False,apc_metodo_imputacion,"issn_electronic, issn_linking, codigo_dane, institucion_editora_2, institucion_editora_3, rank, sourceid, tipo_publicacion, titulo_normalizado_scimago_dup, open_access, sjr_score, cuartil_sjr, h_index, total_docs, total_docs_3y, total_refs, total_citas_3y, docs_citables_3y, citas_por_doc_2y, refs_por_doc, pct_female, overton, cobertura, categorias, areas, issn_impreso, Other organisation, Country of other organisation, atributos_licencia, apc_amount_raw, Waiver policy information URL, Other fees information URL, servicios_preservacion, Preservation Service: national library, Preservation information URL, Deposit policy directory, URL for deposit policy, Continues, Continued By, titulo_normalizado_doaj_dup, titulo_normalizado_facts_dup, titulo_normalizado_openapc_dup, apc_metodo_imputacion, contraste_publindex_cuartil, ratio_citas_docs, sjr_score_zscore, h_index_zscore, sjr_score_minmax, h_index_minmax"
0123-3033,Ingeniería Y Competitividad,ingenieria competitividad,CO,Ingeniería y Tecnología,356,imputado,1008.79,2654.71,True,False,"apc_monto, apc_moneda","issn_electronic, issn_linking, institucion_editora_2, institucion_editora_3, rank, sourceid, tipo_publicacion, titulo_normalizado_scimago_dup, open_access, sjr_score, cuartil_sjr, h_index, total_docs, total_docs_3y, total_refs, total_citas_3y, docs_citables_3y, citas_por_doc_2y, refs_por_doc, pct_female, overton, cobertura, categorias, areas, Country of other organisation, atributos_licencia, apc_amount_raw, Waiver policy information URL, Other fees information URL, servicios_preservacion, Preservation Service: national library, Preservation information URL, Deposit policy directory, URL for deposit policy, Continues, Continued By, titulo_normalizado_doaj_dup, apc_monto_original, apc_moneda_original, tasa_usd_utilizada, apc_monto, apc_moneda, titulo_normalizado_facts_dup, is_hybrid, titulo_normalizado_openapc_dup, contraste_publindex_cuartil, ratio_citas_docs, sjr_score_zscore, h_index_zscore, sjr_score_minmax, h_index_minmax"
0121-7577,Hacia La Promoción De La Salud,hacia promocion salud,CO,Ciencias Médicas y de la Salud,357,imputado,1274.66,3354.37,True,False,"apc_monto, apc_moneda","issn_linking, institucion_editora_2, institucion_editora_3, titulo_alternativo, Other organisation, Country of other organisation, atributos_licencia, apc_amount_raw, Waiver policy information URL, Other fees information URL, servicios_preservacion, Preservation Service: national library, Preservation information URL, Deposit policy directory, URL for deposit policy, Continues, Continued By, apc_monto_original, apc_moneda_original, tasa_usd_utilizada, apc_monto, apc_moneda, titulo_normalizado_facts_dup, is_hybrid, titulo_normalizado_openapc_dup"
0121-5167,Estudios Políticos,estudios politicos,CO,Ciencias Sociales,358,imputado,889.72,2341.37,True,False,"apc_monto, apc_moneda","issn_linking, institucion_editora_2, institucion_editora_3, rank, sourceid, tipo_publicacion, titulo_normalizado_scimago_dup, open_access, sjr_score, cuartil_sjr, h_index, total_docs, total_docs_3y, total_refs, total_citas_3y, docs_citables_3y, citas_por_doc_2y, refs_por_doc, pct_female, overton, cobertura, categorias, areas, titulo_alternativo, Country of other organisation, atributos_licencia, Copyright information URL, apc_amount_raw, Waiver policy information URL, Other fees information URL, servicios_preservacion, Preservation Service: national library, Preservation information URL, Deposit policy directory, URL for deposit policy, identificadores_persistentes, Continues, Continued By, apc_monto_original, apc_moneda_original, tasa_usd_utilizada, apc_monto, apc_moneda, titulo_normalizado_facts_dup, is_hybrid, titulo_normalizado_openapc_dup, contraste_publindex_cuartil, ratio_citas_docs, sjr_score_zscore, h_index_zscore, sjr_score_minmax, h_index_minmax"
0124-0579,Estudios Socio-Jurídicos,estudios socio juridicos,CO,Ciencias Sociales,359,observado,1748.16,4600.42,False,False,apc_metodo_imputacion,"issn_linking, institucion_editora_2, institucion_editora_3, titulo_normalizado_scimago_dup, titulo_alternativo, Other organisation, Country of other organisation, atributos_licencia, apc_amount_raw, Waiver policy information URL, Other fees information URL, servicios_preservacion, Preservation Service: national library, Preservation information URL, Deposit policy directory, URL for deposit policy, Continues, Continued By, titulo_normalizado_facts_dup, titulo_normalizado_openapc_dup, apc_metodo_imputacion"
0120-2448,Acta Médica Colombiana,medica colombiana,CO,Ciencias Médicas y de la Salud,360,observado,324.0,852.63,False,False,apc_metodo_imputacion,"issn_linking, codigo_dane, institucion_editora_2, institucion_editora_3, titulo_normalizado_scimago_dup, titulo_alternativo, Country of other organisation, atributos_licencia, Other fees information URL, Preservation Service: national library, Continues, Continued By, Last Full Review Date, titulo_normalizado_doaj_dup, titulo_normalizado_facts_dup, titulo_normalizado_openapc_dup, apc_metodo_imputacion"
1794-7154,"Saber, Ciencia Y Libertad",saber ciencia libertad,CO,Ciencias Sociales,361,imputado,872.55,2296.18,True,False,"apc_monto, apc_moneda","issn_electronic, issn_linking, institucion_editora_2, institucion_editora_3, rank, sourceid, tipo_publicacion, titulo_normalizado_scimago_dup, open_access, sjr_score, cuartil_sjr, h_index, total_docs, total_docs_3y, total_refs, total_citas_3y, docs_citables_3y, citas_por_doc_2y, refs_por_doc, pct_female, overton, cobertura, categorias, areas, titulo_alternativo, Other organisation, Country of other organisation, atributos_licencia, apc_amount_raw, Waiver policy information URL, Other fees information URL, servicios_preservacion, Preservation Service: national library, Preservation information URL, Deposit policy directory, URL for deposit policy, Continues, Continued By, apc_monto_original, apc_moneda_original, tasa_usd_utilizada, apc_monto, apc_moneda, titulo_normalizado_facts_dup, is_hybrid, titulo_normalizado_openapc_dup, contraste_publindex_cuartil, ratio_citas_docs, sjr_score_zscore, h_index_zscore, sjr_score_minmax, h_index_minmax"
0122-7238,Revista Historia De La Educación Latinoamericana,historia educacion latinoamericana,CO,Humanidades,362,observado,1974.5,5196.05,False,False,apc_metodo_imputacion,"issn_linking, institucion_editora_3, rank, sourceid, tipo_publicacion, titulo_normalizado_scimago_dup, open_access, sjr_score, cuartil_sjr, h_index, total_docs, total_docs_3y, total_refs, total_citas_3y, docs_citables_3y, citas_por_doc_2y, refs_por_doc, pct_female, overton, cobertura, categorias, areas, titulo_alternativo, Country of other organisation, atributos_licencia, cc_legible_maquina, apc_amount_raw, Waiver policy information URL, Other fees information URL, servicios_preservacion, Preservation Service: national library, Preservation information URL, Deposit policy directory, URL for deposit policy, Continues, Continued By, titulo_normalizado_facts_dup, titulo_normalizado_openapc_dup, apc_metodo_imputacion, contraste_publindex_cuartil, ratio_citas_docs, sjr_score_zscore, h_index_zscore, sjr_score_minmax, h_index_minmax"
0120-789X,Revista Urologia Colombiana,urologia colombiana,CO,Ciencias Médicas y de la Salud,363,imputado,1295.92,3410.32,True,False,"apc_monto, apc_moneda","issn_electronic, issn_linking, institucion_editora_2, institucion_editora_3, titulo_normalizado_scimago_dup, titulo_alternativo, Other organisation, Country of other organisation, atributos_licencia, apc_amount_raw, Waiver policy information URL, Other fees information URL, Preservation Service: national library, Deposit policy directory, URL for deposit policy, Continues, Continued By, apc_monto_original, apc_moneda_original, tasa_usd_utilizada, apc_monto, apc_moneda, titulo_normalizado_facts_dup, is_hybrid, titulo_normalizado_openapc_dup"
0124-0099,Dictamen Libre,dictamen libre,CO,Ciencias Sociales,364,imputado,872.55,2296.18,True,False,"apc_monto, apc_moneda","issn_electronic, issn_linking, codigo_dane, institucion_editora_2, institucion_editora_3, rank, sourceid, tipo_publicacion, titulo_normalizado_scimago_dup, open_access, sjr_score, cuartil_sjr, h_index, total_docs, total_docs_3y, total_refs, total_citas_3y, docs_citables_3y, citas_por_doc_2y, refs_por_doc, pct_female, overton, cobertura, categorias, areas, titulo_alternativo, issn_electronico, Country of other organisation, atributos_licencia, cc_legible_maquina, Copyright information URL, apc_amount_raw, Waiver policy information URL, servicios_preservacion, Preservation Service: national library, Preservation information URL, Deposit policy directory, URL for deposit policy, identificadores_persistentes, Continues, Continued By, apc_monto_original, apc_moneda_original, tasa_usd_utilizada, apc_monto, apc_moneda, titulo_normalizado_facts_dup, is_hybrid, titulo_normalizado_openapc_dup, contraste_publindex_cuartil, ratio_citas_docs, sjr_score_zscore, h_index_zscore, sjr_score_minmax, h_index_minmax"
1692-2530,Opinión Jurídica,opinion juridica,CO,Ciencias Sociales,365,observado,3612.95,9507.76,False,False,apc_metodo_imputacion,"issn_electronic, issn_linking, institucion_editora_2, institucion_editora_3, rank, sourceid, tipo_publicacion, titulo_normalizado_scimago_dup, open_access, sjr_score, cuartil_sjr, h_index, total_docs, total_docs_3y, total_refs, total_citas_3y, docs_citables_3y, citas_por_doc_2y, refs_por_doc, pct_female, overton, cobertura, categorias, areas, titulo_alternativo, Other organisation, Country of other organisation, atributos_licencia, cc_legible_maquina, apc_amount_raw, Waiver policy information URL, Other fees information URL, servicios_preservacion, Preservation Service: national library, Preservation information URL, Deposit policy directory, URL for deposit policy, Continues, Continued By, titulo_normalizado_facts_dup, titulo_normalizado_openapc_dup, apc_metodo_imputacion, contraste_publindex_cuartil, ratio_citas_docs, sjr_score_zscore, h_index_zscore, sjr_score_minmax, h_index_minmax"
0121-2494,Pedagogía Y Saberes,pedagogia saberes,CO,Ciencias Sociales,366,imputado,871.84,2294.32,True,False,"apc_monto, apc_moneda","issn_electronic, issn_linking, institucion_editora_2, institucion_editora_3, rank, sourceid, tipo_publicacion, titulo_normalizado_scimago_dup, open_access, sjr_score, cuartil_sjr, h_index, total_docs, total_docs_3y, total_refs, total_citas_3y, docs_citables_3y, citas_por_doc_2y, refs_por_doc, pct_female, overton, cobertura, categorias, areas, titulo_alternativo, Other organisation, Country of other organisation, atributos_licencia, apc_amount_raw, Waiver policy information URL, Other fees information URL, servicios_preservacion, Preservation Service: national library, Preservation information URL, Deposit policy directory, URL for deposit policy, Continues, Continued By, apc_monto_original, apc_moneda_original, tasa_usd_utilizada, apc_monto, apc_moneda, titulo_normalizado_facts_dup, is_hybrid, titulo_normalizado_openapc_dup, contraste_publindex_cuartil, ratio_citas_docs, sjr_score_zscore, h_index_zscore, sjr_score_minmax, h_index_minmax"
0124-2059,Investigación En Enfermería :Imagen Y Desarrollo,investigacion enfermeria imagen desarrollo,CO,Ciencias Médicas y de la Salud,367,imputado,1302.0,3426.32,True,False,"apc_monto, apc_moneda","issn_linking, institucion_editora_2, institucion_editora_3, titulo_normalizado_scimago_dup, titulo_alternativo, atributos_licencia, cc_legible_maquina, apc_amount_raw, Waiver policy information URL, Other fees information URL, servicios_preservacion, Preservation Service: national library, Preservation information URL, Deposit policy directory, URL for deposit policy, Continues, Continued By, titulo_normalizado_doaj_dup, apc_monto_original, apc_moneda_original, tasa_usd_utilizada, apc_monto, apc_moneda, titulo_normalizado_facts_dup, is_hybrid, titulo_normalizado_openapc_dup"
1794-7111,Kepes,kepes,CO,Humanidades,368,imputado,595.7,1567.63,True,False,"apc_monto, apc_moneda","issn_electronic, issn_linking, institucion_editora_2, institucion_editora_3, titulo_alternativo, Other organisation, Country of other organisation, atributos_licencia, apc_amount_raw, Waiver policy information URL, Other fees information URL, servicios_preservacion, Preservation Service: national library, Preservation information URL, Deposit policy directory, URL for deposit policy, Continues, Continued By, apc_monto_original, apc_moneda_original, tasa_usd_utilizada, apc_monto, apc_moneda, titulo_normalizado_facts_dup, is_hybrid, titulo_normalizado_openapc_dup"
1657-4702,Revista Latinoamericana De Bioetica/Latinamerican Journal Of Bioethics,latinoamericana bioetica latinamerican bioethics,CO,Humanidades,369,observado,2691.72,7083.47,False,False,apc_metodo_imputacion,"issn_electronic, issn_linking, institucion_editora_2, institucion_editora_3, rank, sourceid, tipo_publicacion, titulo_normalizado_scimago_dup, open_access, sjr_score, cuartil_sjr, h_index, total_docs, total_docs_3y, total_refs, total_citas_3y, docs_citables_3y, citas_por_doc_2y, refs_por_doc, pct_female, overton, cobertura, categorias, areas, titulo_alternativo, atributos_licencia, apc_amount_raw, Waiver policy information URL, Other fees information URL, Preservation Service: national library, Deposit policy directory, URL for deposit policy, Continues, Continued By, titulo_normalizado_facts_dup, titulo_normalizado_openapc_dup, apc_metodo_imputacion, contraste_publindex_cuartil, ratio_citas_docs, sjr_score_zscore, h_index_zscore, sjr_score_minmax, h_index_minmax"
1794-8290,Cuadernos De Literatura Del Caribe E Hispanoamérica,literatura caribe hispanoamerica,CO,Humanidades,370,imputado,632.51,1664.5,True,False,"apc_monto, apc_moneda","issn_linking, institucion_editora_3, rank, sourceid, tipo_publicacion, titulo_normalizado_scimago_dup, open_access, sjr_score, cuartil_sjr, h_index, total_docs, total_docs_3y, total_refs, total_citas_3y, docs_citables_3y, citas_por_doc_2y, refs_por_doc, pct_female, overton, cobertura, categorias, areas, atributos_licencia, apc_amount_raw, Waiver policy information URL, Other fees information URL, servicios_preservacion, Preservation Service: national library, Preservation information URL, Deposit policy directory, URL for deposit policy, Continues, Continued By, titulo_normalizado_doaj_dup, apc_monto_original, apc_moneda_original, tasa_usd_utilizada, apc_monto, apc_moneda, titulo_normalizado_facts_dup, is_hybrid, titulo_normalizado_openapc_dup, contraste_publindex_cuartil, ratio_citas_docs, sjr_score_zscore, h_index_zscore, sjr_score_minmax, h_index_minmax"
1692-715X,"Revista Latinoamericana De Ciencias Sociales, Niñez Y Juventud",latinoamericana ciencias sociales ninez juventud,CO,Ciencias Sociales,371,observado,1974.5,5196.05,False,False,apc_metodo_imputacion,"issn_linking, institucion_editora_2, institucion_editora_3, rank, sourceid, tipo_publicacion, titulo_normalizado_scimago_dup, open_access, sjr_score, cuartil_sjr, h_index, total_docs, total_docs_3y, total_refs, total_citas_3y, docs_citables_3y, citas_por_doc_2y, refs_por_doc, pct_female, overton, cobertura, categorias, areas, titulo_alternativo, Country of other organisation, atributos_licencia, cc_legible_maquina, Copyright information URL, apc_amount_raw, Waiver policy information URL, servicios_preservacion, Preservation Service: national library, Deposit policy directory, URL for deposit policy, identificadores_persistentes, Continues, Continued By, titulo_normalizado_facts_dup, titulo_normalizado_openapc_dup, apc_metodo_imputacion, contraste_publindex_cuartil, ratio_citas_docs, sjr_score_zscore, h_index_zscore, sjr_score_minmax, h_index_minmax"
0120-3347,Revista Colombiana De Anestesiología,colombiana anestesiologia,CO,Ciencias Médicas y de la Salud,372,declarado,162.0,426.32,False,False,apc_metodo_imputacion,"issn_linking, institucion_editora_2, institucion_editora_3, titulo_normalizado_scimago_dup, issn_impreso, atributos_licencia, Waiver policy information URL, Preservation Service: national library, Deposit policy directory, URL for deposit policy, Continues, Continued By, titulo_normalizado_doaj_dup, titulo_normalizado_facts_dup, is_hybrid, titulo_normalizado_openapc_dup, apc_metodo_imputacion"
2011-0324,Cs,cs,CO,Ciencias Sociales,373,observado,1069.2,2813.68,False,False,apc_metodo_imputacion,"issn_electronic, issn_linking, institucion_editora_2, institucion_editora_3, rank, sourceid, tipo_publicacion, titulo_normalizado_scimago_dup, open_access, sjr_score, cuartil_sjr, h_index, total_docs, total_docs_3y, total_refs, total_citas_3y, docs_citables_3y, citas_por_doc_2y, refs_por_doc, pct_female, overton, cobertura, categorias, areas, titulo_alternativo, atributos_licencia, apc_amount_raw, Waiver policy information URL, Other fees information URL, Preservation Service: national library, Deposit policy directory, URL for deposit policy, Continues, Continued By, titulo_normalizado_facts_dup, titulo_normalizado_openapc_dup, apc_metodo_imputacion, contraste_publindex_cuartil, ratio_citas_docs, sjr_score_zscore, h_index_zscore, sjr_score_minmax, h_index_minmax"
0034-7418,Revista Colombiana De Ciencias Químico Farmacéuticas,colombiana ciencias quimico farmaceuticas,CO,Ciencias Médicas y de la Salud,374,observado,2160.0,5684.21,False,False,apc_metodo_imputacion,"issn_linking, institucion_editora_2, institucion_editora_3, titulo_alternativo, Other organisation, Country of other organisation, atributos_licencia, apc_amount_raw, Waiver policy information URL, Other fees information URL, servicios_preservacion, Preservation Service: national library, Preservation information URL, Continues, Continued By, titulo_normalizado_doaj_dup, titulo_normalizado_facts_dup, titulo_normalizado_openapc_dup, apc_metodo_imputacion"
1657-7027,Revista Gerencia Y Políticas De Salud,gerencia politicas salud,CO,Ciencias Médicas y de la Salud,375,observado,2638.47,6943.34,False,False,apc_metodo_imputacion,"issn_electronic, issn_linking, institucion_editora_2, institucion_editora_3, titulo_normalizado_scimago_dup, Other organisation, Country of other organisation, atributos_licencia, cc_legible_maquina, apc_amount_raw, Waiver policy information URL, Other fees information URL, servicios_preservacion, Preservation Service: national library, Preservation information URL, Deposit policy directory, URL for deposit policy, Continues, Continued By, fecha_ultimo_articulo, titulo_normalizado_doaj_dup, titulo_normalizado_facts_dup, titulo_normalizado_openapc_dup, apc_metodo_imputacion"
2248-6046,Finanzas Y Política Económica,finanzas politica economica,CO,Ciencias Sociales,376,observado,1974.77,5196.76,False,False,apc_metodo_imputacion,"issn_linking, institucion_editora_2, institucion_editora_3, Other organisation, Country of other organisation, atributos_licencia, apc_amount_raw, Waiver policy information URL, Other fees information URL, servicios_preservacion, Preservation Service: national library, Preservation information URL, Deposit policy directory, URL for deposit policy, identificadores_persistentes, Continues, Continued By, titulo_normalizado_facts_dup, titulo_normalizado_openapc_dup, apc_metodo_imputacion"
1657-320X,Archivos De Medicina,archivos medicina,CO,Ciencias Médicas y de la Salud,377,observado,1564.49,4117.08,False,False,apc_metodo_imputacion,"issn_electronic, issn_linking, institucion_editora_2, institucion_editora_3, rank, sourceid, tipo_publicacion, titulo_normalizado_scimago_dup, open_access, sjr_score, cuartil_sjr, h_index, total_docs, total_docs_3y, total_refs, total_citas_3y, docs_citables_3y, citas_por_doc_2y, refs_por_doc, pct_female, overton, cobertura, categorias, areas, titulo_alternativo, atributos_licencia, Waiver policy information URL, Other fees information URL, Preservation Service: national library, Continues, Continued By, titulo_normalizado_doaj_dup, titulo_normalizado_facts_dup, titulo_normalizado_openapc_dup, apc_metodo_imputacion, contraste_publindex_cuartil, ratio_citas_docs, sjr_score_zscore, h_index_zscore, sjr_score_minmax, h_index_minmax"
0120-5307,Investigación Y Educación En Enfermería,investigacion educacion enfermeria,CO,Ciencias Médicas y de la Salud,378,imputado,1291.82,3399.53,True,False,"apc_monto, apc_moneda","issn_linking, institucion_editora_2, institucion_editora_3, rank, sourceid, tipo_publicacion, titulo_normalizado_scimago_dup, open_access, sjr_score, cuartil_sjr, h_index, total_docs, total_docs_3y, total_refs, total_citas_3y, docs_citables_3y, citas_por_doc_2y, refs_por_doc, pct_female, overton, cobertura, categorias, areas, titulo_alternativo, Country of other organisation, atributos_licencia, apc_amount_raw, Waiver policy information URL, Other fees information URL, Preservation Service: national library, Deposit policy directory, URL for deposit policy, Continues, Continued By, apc_monto_original, apc_moneda_original, tasa_usd_utilizada, apc_monto, apc_moneda, titulo_normalizado_facts_dup, is_hybrid, titulo_normalizado_openapc_dup, contraste_publindex_cuartil, ratio_citas_docs, sjr_score_zscore, h_index_zscore, sjr_score_minmax, h_index_minmax"
0121-5469,Revista Colombiana De Psicología,colombiana psicologia,CO,Ciencias Sociales,379,imputado,892.74,2349.32,True,False,"apc_monto, apc_moneda","issn_linking, institucion_editora_2, institucion_editora_3, titulo_normalizado_scimago_dup, titulo_alternativo, issn_impreso, atributos_licencia, cc_legible_maquina, apc_amount_raw, Waiver policy information URL, Other fees information URL, servicios_preservacion, Preservation Service: national library, Preservation information URL, Deposit policy directory, URL for deposit policy, Continues, Continued By, fecha_ultimo_articulo, titulo_normalizado_doaj_dup, apc_monto_original, apc_moneda_original, tasa_usd_utilizada, apc_monto, apc_moneda, titulo_normalizado_facts_dup, is_hybrid, titulo_normalizado_openapc_dup"
0120-1468,Franciscanum,franciscanum,CO,Humanidades,380,imputado,633.22,1666.37,True,False,"apc_monto, apc_moneda","issn_electronic, issn_linking, institucion_editora_2, institucion_editora_3, rank, sourceid, tipo_publicacion, titulo_normalizado_scimago_dup, open_access, sjr_score, cuartil_sjr, h_index, total_docs, total_docs_3y, total_refs, total_citas_3y, docs_citables_3y, citas_por_doc_2y, refs_por_doc, pct_female, overton, cobertura, categorias, areas, Other organisation, Country of other organisation, atributos_licencia, apc_amount_raw, Waiver policy information URL, Other fees information URL, servicios_preservacion, Preservation Service: national library, Preservation information URL, Deposit policy directory, URL for deposit policy, Continues, Continued By, apc_monto_original, apc_moneda_original, tasa_usd_utilizada, apc_monto, apc_moneda, titulo_normalizado_facts_dup, is_hybrid, titulo_normalizado_openapc_dup, contraste_publindex_cuartil, ratio_citas_docs, sjr_score_zscore, h_index_zscore, sjr_score_minmax, h_index_minmax"
0120-159X,Revista Colombiana De Sociología,colombiana sociologia,CO,Ciencias Sociales,381,observado,2706.3,7121.84,False,False,apc_metodo_imputacion,"issn_linking, institucion_editora_2, institucion_editora_3, titulo_alternativo, Other organisation, Country of other organisation, atributos_licencia, cc_legible_maquina, apc_amount_raw, Waiver policy information URL, Other fees information URL, servicios_preservacion, Preservation Service: national library, Preservation information URL, Deposit policy directory, URL for deposit policy, Continues, Continued By, titulo_normalizado_doaj_dup, titulo_normalizado_facts_dup, titulo_normalizado_openapc_dup, apc_metodo_imputacion"
1692-0279,Ad-Minister Revista Escuela De Administración,ad minister escuela administracion,CO,Ciencias Sociales,382,observado,2086.73,5491.39,False,False,apc_metodo_imputacion,"issn_linking, institucion_editora_2, institucion_editora_3, rank, sourceid, tipo_publicacion, titulo_normalizado_scimago_dup, open_access, sjr_score, cuartil_sjr, h_index, total_docs, total_docs_3y, total_refs, total_citas_3y, docs_citables_3y, citas_por_doc_2y, refs_por_doc, pct_female, overton, cobertura, categorias, areas, titulo_alternativo, Other organisation, Country of other organisation, atributos_licencia, apc_amount_raw, Waiver policy information URL, Preservation Service: national library, URL for deposit policy, identificadores_persistentes, Continues, Continued By, titulo_normalizado_facts_dup, titulo_normalizado_openapc_dup, apc_metodo_imputacion, contraste_publindex_cuartil, ratio_citas_docs, sjr_score_zscore, h_index_zscore, sjr_score_minmax, h_index_minmax"
0122-8706,Revista Corpoica,corpoica,CO,Ciencias Agrícolas,383,imputado,1242.68,3270.21,True,False,"apc_monto, apc_moneda","issn_linking, institucion_editora_2, institucion_editora_3, titulo_alternativo, atributos_licencia, apc_amount_raw, Waiver policy information URL, Other fees information URL, servicios_preservacion, Preservation Service: national library, Preservation information URL, Deposit policy directory, URL for deposit policy, identificadores_persistentes, Continues, Continued By, fecha_ultimo_articulo, titulo_normalizado_doaj_dup, apc_monto_original, apc_moneda_original, tasa_usd_utilizada, apc_monto, apc_moneda, titulo_normalizado_facts_dup, is_hybrid, titulo_normalizado_openapc_dup"
0121-1129,Revista Facultad De Ingeniería,facultad ingenieria,CO,Ingeniería y Tecnología,384,imputado,1004.5,2643.42,True,False,"apc_monto, apc_moneda","issn_linking, institucion_editora_2, institucion_editora_3, rank, sourceid, tipo_publicacion, titulo_normalizado_scimago_dup, open_access, sjr_score, cuartil_sjr, h_index, total_docs, total_docs_3y, total_refs, total_citas_3y, docs_citables_3y, citas_por_doc_2y, refs_por_doc, pct_female, overton, cobertura, categorias, areas, titulo_alternativo, Other organisation, Country of other organisation, atributos_licencia, apc_amount_raw, Waiver policy information URL, Other fees information URL, servicios_preservacion, Preservation Service: national library, Preservation information URL, Deposit policy directory, URL for deposit policy, Continues, Continued By, apc_monto_original, apc_moneda_original, tasa_usd_utilizada, apc_monto, apc_moneda, titulo_normalizado_facts_dup, is_hybrid, titulo_normalizado_openapc_dup, contraste_publindex_cuartil, ratio_citas_docs, sjr_score_zscore, h_index_zscore, sjr_score_minmax, h_index_minmax"
0120-9965,Agronomía Colombiana,agronomia colombiana,CO,Ciencias Agrícolas,385,imputado,1262.15,3321.45,True,False,"apc_monto, apc_moneda","issn_linking, institucion_editora_2, institucion_editora_3, titulo_normalizado_scimago_dup, titulo_alternativo, Country of other organisation, atributos_licencia, Copyright information URL, apc_amount_raw, Waiver policy information URL, Other fees information URL, servicios_preservacion, Preservation Service: national library, Preservation information URL, URL for deposit policy, Continues, Continued By, apc_monto_original, apc_moneda_original, tasa_usd_utilizada, apc_monto, apc_moneda, titulo_normalizado_facts_dup, is_hybrid, titulo_normalizado_openapc_dup"
0121-6538,Ánfora,anfora,CO,Ciencias Sociales,386,imputado,870.05,2289.61,True,False,"apc_monto, apc_moneda","issn_linking, institucion_editora_2, institucion_editora_3, rank, sourceid, tipo_publicacion, titulo_normalizado_scimago_dup, open_access, sjr_score, cuartil_sjr, h_index, total_docs, total_docs_3y, total_refs, total_citas_3y, docs_citables_3y, citas_por_doc_2y, refs_por_doc, pct_female, overton, cobertura, categorias, areas, titulo_alternativo, Other organisation, Country of other organisation, atributos_licencia, apc_amount_raw, Waiver policy information URL, Other fees information URL, servicios_preservacion, Preservation Service: national library, Preservation information URL, Deposit policy directory, URL for deposit policy, Continues, Continued By, fecha_ultimo_articulo, apc_monto_original, apc_moneda_original, tasa_usd_utilizada, apc_monto, apc_moneda, titulo_normalizado_facts_dup, is_hybrid, titulo_normalizado_openapc_dup, contraste_publindex_cuartil, ratio_citas_docs, sjr_score_zscore, h_index_zscore, sjr_score_minmax, h_index_minmax"
2027-1786,Revista Iberoamericana De Psicología: Ciencia Y Tecnología,iberoamericana psicologia ciencia tecnologia,CO,Ciencias Sociales,387,observado,1974.5,5196.05,False,False,apc_metodo_imputacion,"issn_electronic, issn_linking, institucion_editora_2, institucion_editora_3, rank, sourceid, tipo_publicacion, titulo_normalizado_scimago_dup, open_access, sjr_score, cuartil_sjr, h_index, total_docs, total_docs_3y, total_refs, total_citas_3y, docs_citables_3y, citas_por_doc_2y, refs_por_doc, pct_female, overton, cobertura, categorias, areas, atributos_licencia, apc_amount_raw, Waiver policy information URL, Other fees information URL, servicios_preservacion, Preservation Service: national library, Preservation information URL, Deposit policy directory, URL for deposit policy, Continues, Continued By, titulo_normalizado_facts_dup, titulo_normalizado_openapc_dup, apc_metodo_imputacion, contraste_publindex_cuartil, ratio_citas_docs, sjr_score_zscore, h_index_zscore, sjr_score_minmax, h_index_minmax"
2027-4688,Fronteras De La Historia,fronteras historia,CO,Humanidades,388,observado,1205.28,3171.79,False,False,apc_metodo_imputacion,"issn_electronic, issn_linking, institucion_editora_2, institucion_editora_3, titulo_normalizado_scimago_dup, Country of other organisation, atributos_licencia, cc_legible_maquina, Copyright information URL, apc_amount_raw, Waiver policy information URL, servicios_preservacion, Preservation Service: national library, Preservation information URL, Deposit policy directory, URL for deposit policy, identificadores_persistentes, Continues, Continued By, titulo_normalizado_facts_dup, titulo_normalizado_openapc_dup, apc_metodo_imputacion"
0123-9155,Acta Colombiana De Psicología,colombiana psicologia,CO,Ciencias Sociales,389,imputado,889.88,2341.79,True,False,"apc_monto, apc_moneda","issn_linking, institucion_editora_2, institucion_editora_3, titulo_normalizado_scimago_dup, Other organisation, Country of other organisation, atributos_licencia, cc_legible_maquina, apc_amount_raw, Waiver policy information URL, Other fees information URL, Deposit policy directory, URL for deposit policy, Continues, Continued By, apc_monto_original, apc_moneda_original, tasa_usd_utilizada, apc_monto, apc_moneda, titulo_normalizado_facts_dup, is_hybrid, titulo_normalizado_openapc_dup"
0124-0137,Revista Psicogente,psicogente,CO,Ciencias Sociales,390,imputado,870.76,2291.47,True,False,"apc_monto, apc_moneda","issn_linking, institucion_editora_2, institucion_editora_3, rank, sourceid, tipo_publicacion, titulo_normalizado_scimago_dup, open_access, sjr_score, cuartil_sjr, h_index, total_docs, total_docs_3y, total_refs, total_citas_3y, docs_citables_3y, citas_por_doc_2y, refs_por_doc, pct_female, overton, cobertura, categorias, areas, titulo_alternativo, Other organisation, Country of other organisation, atributos_licencia, cc_legible_maquina, Copyright information URL, apc_amount_raw, Waiver policy information URL, servicios_preservacion, Preservation Service: national library, URL for deposit policy, identificadores_persistentes, Continues, Continued By, apc_monto_original, apc_moneda_original, tasa_usd_utilizada, apc_monto, apc_moneda, titulo_normalizado_facts_dup, is_hybrid, titulo_normalizado_openapc_dup, contraste_publindex_cuartil, ratio_citas_docs, sjr_score_zscore, h_index_zscore, sjr_score_minmax, h_index_minmax"
0120-386X,Revista Facultad Nacional De Salud Publica,facultad nacional salud publica,CO,Ciencias Médicas y de la Salud,391,observado,2581.2,6792.63,False,False,apc_metodo_imputacion,"issn_linking, institucion_editora_2, institucion_editora_3, rank, sourceid, tipo_publicacion, titulo_normalizado_scimago_dup, open_access, sjr_score, cuartil_sjr, h_index, total_docs, total_docs_3y, total_refs, total_citas_3y, docs_citables_3y, citas_por_doc_2y, refs_por_doc, pct_female, overton, cobertura, categorias, areas, titulo_alternativo, issn_electronico, Other organisation, Country of other organisation, atributos_licencia, Copyright information URL, apc_amount_raw, Waiver policy information URL, servicios_preservacion, Preservation Service: national library, Preservation information URL, Deposit policy directory, URL for deposit policy, identificadores_persistentes, Continues, Continued By, titulo_normalizado_facts_dup, titulo_normalizado_openapc_dup, apc_metodo_imputacion, contraste_publindex_cuartil, ratio_citas_docs, sjr_score_zscore, h_index_zscore, sjr_score_minmax, h_index_minmax"
0120-4823,Signo Y Pensamiento,signo pensamiento,CO,Ciencias Sociales,392,imputado,880.42,2316.89,True,False,"apc_monto, apc_moneda","issn_linking, institucion_editora_2, institucion_editora_3, titulo_alternativo, Country of other organisation, atributos_licencia, cc_legible_maquina, Copyright information URL, apc_amount_raw, Waiver policy information URL, Other fees information URL, servicios_preservacion, Preservation Service: national library, Preservation information URL, URL for deposit policy, Continues, Continued By, apc_monto_original, apc_moneda_original, tasa_usd_utilizada, apc_monto, apc_moneda, titulo_normalizado_facts_dup, is_hybrid, titulo_normalizado_openapc_dup"
1909-3063,"Revista De Relaciones Internacionales, Estrategia Y Seguridad",relaciones internacionales estrategia seguridad,CO,Ciencias Sociales,393,imputado,871.48,2293.37,True,False,"apc_monto, apc_moneda","issn_electronic, issn_linking, institucion_editora_2, institucion_editora_3, rank, sourceid, tipo_publicacion, titulo_normalizado_scimago_dup, open_access, sjr_score, cuartil_sjr, h_index, total_docs, total_docs_3y, total_refs, total_citas_3y, docs_citables_3y, citas_por_doc_2y, refs_por_doc, pct_female, overton, cobertura, categorias, areas, atributos_licencia, apc_amount_raw, Waiver policy information URL, Other fees information URL, Preservation Service: national library, Deposit policy directory, URL for deposit policy, Continues, Continued By, apc_monto_original, apc_moneda_original, tasa_usd_utilizada, apc_monto, apc_moneda, titulo_normalizado_facts_dup, is_hybrid, titulo_normalizado_openapc_dup, contraste_publindex_cuartil, ratio_citas_docs, sjr_score_zscore, h_index_zscore, sjr_score_minmax, h_index_minmax"
0121-0319,Médicas Uis,medicas uis,CO,Ciencias Médicas y de la Salud,394,observado,5590.21,14711.08,False,False,apc_metodo_imputacion,"issn_electronic, issn_linking, institucion_editora_2, institucion_editora_3, rank, sourceid, tipo_publicacion, titulo_normalizado_scimago_dup, open_access, sjr_score, cuartil_sjr, h_index, total_docs, total_docs_3y, total_refs, total_citas_3y, docs_citables_3y, citas_por_doc_2y, refs_por_doc, pct_female, overton, cobertura, categorias, areas, titulo_alternativo, atributos_licencia, apc_amount_raw, Waiver policy information URL, Other fees information URL, servicios_preservacion, Preservation Service: national library, Preservation information URL, Deposit policy directory, URL for deposit policy, Continues, Continued By, Last Full Review Date, titulo_normalizado_doaj_dup, titulo_normalizado_facts_dup, titulo_normalizado_openapc_dup, apc_metodo_imputacion, contraste_publindex_cuartil, ratio_citas_docs, sjr_score_zscore, h_index_zscore, sjr_score_minmax, h_index_minmax"
0121-7488,Ciencia En Desarrollo,ciencia desarrollo,CO,Ciencias Naturales,395,imputado,1142.07,3005.45,True,False,"apc_monto, apc_moneda","issn_linking, institucion_editora_2, institucion_editora_3, titulo_normalizado_scimago_dup, titulo_alternativo, issn_impreso, atributos_licencia, apc_amount_raw, Waiver policy information URL, Other fees information URL, servicios_preservacion, Preservation Service: national library, Preservation information URL, Continues, Continued By, fecha_ultimo_articulo, titulo_normalizado_doaj_dup, apc_monto_original, apc_moneda_original, tasa_usd_utilizada, apc_monto, apc_moneda, titulo_normalizado_facts_dup, is_hybrid, titulo_normalizado_openapc_dup"
1692-2522,Anagramas : Rumbos Y Sentidos De La Comunicación,anagramas rumbos sentidos comunicacion,CO,Ciencias Sociales,396,imputado,870.41,2290.55,True,False,"apc_monto, apc_moneda","issn_electronic, issn_linking, codigo_dane, institucion_editora_2, institucion_editora_3, rank, sourceid, tipo_publicacion, titulo_normalizado_scimago_dup, open_access, sjr_score, cuartil_sjr, h_index, total_docs, total_docs_3y, total_refs, total_citas_3y, docs_citables_3y, citas_por_doc_2y, refs_por_doc, pct_female, overton, cobertura, categorias, areas, titulo_alternativo, Country of other organisation, atributos_licencia, apc_amount_raw, Waiver policy information URL, Other fees information URL, servicios_preservacion, Preservation Service: national library, Preservation information URL, Deposit policy directory, URL for deposit policy, identificadores_persistentes, Continues, Continued By, apc_monto_original, apc_moneda_original, tasa_usd_utilizada, apc_monto, apc_moneda, titulo_normalizado_facts_dup, is_hybrid, titulo_normalizado_openapc_dup, contraste_publindex_cuartil, ratio_citas_docs, sjr_score_zscore, h_index_zscore, sjr_score_minmax, h_index_minmax"
1692-3324,Revista Ingenierías Universidad De Medellín,ingenierias universidad medellin,CO,Ingeniería y Tecnología,397,imputado,1003.07,2639.66,True,False,"apc_monto, apc_moneda","issn_electronic, issn_linking, institucion_editora_2, institucion_editora_3, rank, sourceid, tipo_publicacion, titulo_normalizado_scimago_dup, open_access, sjr_score, cuartil_sjr, h_index, total_docs, total_docs_3y, total_refs, total_citas_3y, docs_citables_3y, citas_por_doc_2y, refs_por_doc, pct_female, overton, cobertura, categorias, areas, Other organisation, Country of other organisation, atributos_licencia, cc_legible_maquina, apc_amount_raw, Waiver policy information URL, Other fees information URL, servicios_preservacion, Preservation Service: national library, Preservation information URL, Deposit policy directory, URL for deposit policy, identificadores_persistentes, Continues, Continued By, apc_monto_original, apc_moneda_original, tasa_usd_utilizada, apc_monto, apc_moneda, titulo_normalizado_facts_dup, is_hybrid, titulo_normalizado_openapc_dup, contraste_publindex_cuartil, ratio_citas_docs, sjr_score_zscore, h_index_zscore, sjr_score_minmax, h_index_minmax"
1909-9762,Revista Ingeniería Biomédica,ingenieria biomedica,CO,Ciencias Médicas y de la Salud,398,observado,1209.75,3183.55,False,False,apc_metodo_imputacion,"issn_electronic, issn_linking, institucion_editora_3, rank, sourceid, tipo_publicacion, titulo_normalizado_scimago_dup, open_access, sjr_score, cuartil_sjr, h_index, total_docs, total_docs_3y, total_refs, total_citas_3y, docs_citables_3y, citas_por_doc_2y, refs_por_doc, pct_female, overton, cobertura, categorias, areas, Other organisation, Country of other organisation, atributos_licencia, Waiver policy information URL, Other fees information URL, servicios_preservacion, Preservation Service: national library, Preservation information URL, Deposit policy directory, URL for deposit policy, Continues, Continued By, fecha_ultimo_articulo, titulo_normalizado_doaj_dup, titulo_normalizado_facts_dup, titulo_normalizado_openapc_dup, apc_metodo_imputacion, contraste_publindex_cuartil, ratio_citas_docs, sjr_score_zscore, h_index_zscore, sjr_score_minmax, h_index_minmax"
0122-056X,Informador Tecnico,informador tecnico,CO,Ingeniería y Tecnología,399,imputado,1003.07,2639.66,True,False,"apc_monto, apc_moneda","issn_linking, institucion_editora_2, institucion_editora_3, rank, sourceid, tipo_publicacion, titulo_normalizado_scimago_dup, open_access, sjr_score, cuartil_sjr, h_index, total_docs, total_docs_3y, total_refs, total_citas_3y, docs_citables_3y, citas_por_doc_2y, refs_por_doc, pct_female, overton, cobertura, categorias, areas, titulo_alternativo, Other organisation, Country of other organisation, atributos_licencia, Copyright information URL, apc_amount_raw, Waiver policy information URL, servicios_preservacion, Preservation Service: national library, Preservation information URL, URL for deposit policy, Continues, Continued By, apc_monto_original, apc_moneda_original, tasa_usd_utilizada, apc_monto, apc_moneda, titulo_normalizado_facts_dup, is_hybrid, titulo_normalizado_openapc_dup, contraste_publindex_cuartil, ratio_citas_docs, sjr_score_zscore, h_index_zscore, sjr_score_minmax, h_index_minmax"
0123-4226,Revista U.D.C.A. Actualidad & Divulgación Científica,u d c actualidad divulgacion cientifica,CO,Ciencias Agrícolas,400,observado,966.76,2544.11,False,False,apc_metodo_imputacion,"issn_electronic, issn_linking, institucion_editora_2, institucion_editora_3, rank, sourceid, tipo_publicacion, titulo_normalizado_scimago_dup, open_access, sjr_score, cuartil_sjr, h_index, total_docs, total_docs_3y, total_refs, total_citas_3y, docs_citables_3y, citas_por_doc_2y, refs_por_doc, pct_female, overton, cobertura, categorias, areas, titulo_alternativo, Country of other organisation, atributos_licencia, cc_legible_maquina, apc_amount_raw, Waiver policy information URL, servicios_preservacion, Preservation Service: national library, Preservation information URL, Deposit policy directory, URL for deposit policy, identificadores_persistentes, Continues, Continued By, titulo_normalizado_facts_dup, titulo_normalizado_openapc_dup, apc_metodo_imputacion, contraste_publindex_cuartil, ratio_citas_docs, sjr_score_zscore, h_index_zscore, sjr_score_minmax, h_index_minmax"
1900-9895,Latinoamericana De Estudios Educativos,latinoamericana estudios educativos,CO,Ciencias Sociales,401,observado,1974.5,5196.05,False,False,apc_metodo_imputacion,"issn_linking, institucion_editora_2, institucion_editora_3, titulo_normalizado_scimago_dup, titulo_alternativo, Other organisation, Country of other organisation, atributos_licencia, apc_amount_raw, Waiver policy information URL, Other fees information URL, servicios_preservacion, Preservation Service: national library, Preservation information URL, Continues, Continued By, titulo_normalizado_facts_dup, titulo_normalizado_openapc_dup, apc_metodo_imputacion"
2216-0973,Revista Cuidarte,cuidarte,CO,Ciencias Médicas y de la Salud,402,imputado,1272.51,3348.71,True,False,"apc_monto, apc_moneda","issn_linking, institucion_editora_2, institucion_editora_3, titulo_alternativo, Country of other organisation, atributos_licencia, cc_legible_maquina, apc_amount_raw, Waiver policy information URL, Other fees information URL, Preservation Service: national library, URL for deposit policy, Continues, Continued By, apc_monto_original, apc_moneda_original, tasa_usd_utilizada, apc_monto, apc_moneda, titulo_normalizado_facts_dup, is_hybrid, titulo_normalizado_openapc_dup"
2011-2106,Revista De Economía Del Caribe,economia caribe,CO,Ciencias Sociales,403,observado,221.31,582.39,False,False,apc_metodo_imputacion,"issn_electronic, issn_linking, institucion_editora_2, institucion_editora_3, rank, sourceid, tipo_publicacion, titulo_normalizado_scimago_dup, open_access, sjr_score, cuartil_sjr, h_index, total_docs, total_docs_3y, total_refs, total_citas_3y, docs_citables_3y, citas_por_doc_2y, refs_por_doc, pct_female, overton, cobertura, categorias, areas, titulo_alternativo, atributos_licencia, apc_amount_raw, Waiver policy information URL, Other fees information URL, Preservation Service: national library, Deposit policy directory, URL for deposit policy, Continues, Continued By, titulo_normalizado_doaj_dup, titulo_normalizado_facts_dup, titulo_normalizado_openapc_dup, apc_metodo_imputacion, contraste_publindex_cuartil, ratio_citas_docs, sjr_score_zscore, h_index_zscore, sjr_score_minmax, h_index_minmax"
1794-6670,"Cuadernos De Música, Artes Visuales Y Artes Escénicas",musica artes visuales artes escenicas,CO,Humanidades,404,observado,3423.6,9009.47,False,False,apc_metodo_imputacion,"issn_linking, institucion_editora_2, institucion_editora_3, issn_impreso, Other organisation, Country of other organisation, atributos_licencia, apc_amount_raw, Waiver policy information URL, Other fees information URL, servicios_preservacion, Preservation Service: national library, Preservation information URL, Deposit policy directory, URL for deposit policy, Continues, Continued By, fecha_ultimo_articulo, titulo_normalizado_doaj_dup, titulo_normalizado_facts_dup, titulo_normalizado_openapc_dup, apc_metodo_imputacion"
0124-8693,Tendencias,tendencias,CO,Ciencias Sociales,405,imputado,870.41,2290.55,True,False,"apc_monto, apc_moneda","issn_electronic, issn_linking, institucion_editora_2, institucion_editora_3, rank, sourceid, tipo_publicacion, titulo_normalizado_scimago_dup, open_access, sjr_score, cuartil_sjr, h_index, total_docs, total_docs_3y, total_refs, total_citas_3y, docs_citables_3y, citas_por_doc_2y, refs_por_doc, pct_female, overton, cobertura, categorias, areas, titulo_alternativo, Country of other organisation, atributos_licencia, apc_amount_raw, Waiver policy information URL, Other fees information URL, Preservation Service: national library, Deposit policy directory, URL for deposit policy, Continues, Continued By, apc_monto_original, apc_moneda_original, tasa_usd_utilizada, apc_monto, apc_moneda, titulo_normalizado_facts_dup, is_hybrid, titulo_normalizado_openapc_dup, contraste_publindex_cuartil, ratio_citas_docs, sjr_score_zscore, h_index_zscore, sjr_score_minmax, h_index_minmax"
0120-2812,Acta Agronómica,agronomica,CO,Ciencias Naturales,406,imputado,1127.96,2968.32,True,False,"apc_monto, apc_moneda","issn_linking, institucion_editora_2, institucion_editora_3, rank, sourceid, tipo_publicacion, titulo_normalizado_scimago_dup, open_access, sjr_score, cuartil_sjr, h_index, total_docs, total_docs_3y, total_refs, total_citas_3y, docs_citables_3y, citas_por_doc_2y, refs_por_doc, pct_female, overton, cobertura, categorias, areas, titulo_alternativo, Other organisation, Country of other organisation, atributos_licencia, apc_amount_raw, Waiver policy information URL, Other fees information URL, Preservation Service: national library, Deposit policy directory, URL for deposit policy, Continues, Continued By, apc_monto_original, apc_moneda_original, tasa_usd_utilizada, apc_monto, apc_moneda, titulo_normalizado_facts_dup, is_hybrid, titulo_normalizado_openapc_dup, contraste_publindex_cuartil, ratio_citas_docs, sjr_score_zscore, h_index_zscore, sjr_score_minmax, h_index_minmax"
0124-7441,Justicia,justicia,CO,Ciencias Sociales,407,imputado,870.05,2289.61,True,False,"apc_monto, apc_moneda","issn_electronic, issn_linking, institucion_editora_2, institucion_editora_3, rank, sourceid, tipo_publicacion, titulo_normalizado_scimago_dup, open_access, sjr_score, cuartil_sjr, h_index, total_docs, total_docs_3y, total_refs, total_citas_3y, docs_citables_3y, citas_por_doc_2y, refs_por_doc, pct_female, overton, cobertura, categorias, areas, titulo_alternativo, Other organisation, Country of other organisation, atributos_licencia, apc_amount_raw, Waiver policy information URL, Other fees information URL, servicios_preservacion, Preservation Service: national library, Preservation information URL, Deposit policy directory, URL for deposit policy, Continues, Continued By, apc_monto_original, apc_moneda_original, tasa_usd_utilizada, apc_monto, apc_moneda, titulo_normalizado_facts_dup, is_hybrid, titulo_normalizado_openapc_dup, contraste_publindex_cuartil, ratio_citas_docs, sjr_score_zscore, h_index_zscore, sjr_score_minmax, h_index_minmax"
1794-6190,Earth Sciences Research Journal,earth sciences,CO,Ciencias Naturales,408,observado,2592.0,6821.05,False,False,apc_metodo_imputacion,"issn_linking, institucion_editora_2, institucion_editora_3, issn_electronico, Country of other organisation, atributos_licencia, apc_amount_raw, Waiver policy information URL, Other fees information URL, servicios_preservacion, Preservation Service: national library, Preservation information URL, Deposit policy directory, URL for deposit policy, identificadores_persistentes, Continues, Continued By, titulo_normalizado_facts_dup, titulo_normalizado_openapc_dup, apc_metodo_imputacion"
0120-0488,Revista Colombiana De Entomología,colombiana entomologia,CO,Ciencias Naturales,409,observado,2592.0,6821.05,False,False,apc_metodo_imputacion,"issn_electronic, issn_linking, institucion_editora_2, institucion_editora_3, titulo_alternativo, Country of other organisation, atributos_licencia, cc_legible_maquina, apc_amount_raw, Waiver policy information URL, Other fees information URL, servicios_preservacion, Preservation Service: national library, Preservation information URL, Deposit policy directory, URL for deposit policy, Continues, Continued By, titulo_normalizado_doaj_dup, titulo_normalizado_facts_dup, titulo_normalizado_openapc_dup, apc_metodo_imputacion"
0123-3068,Boletín Científico Del Museo De Historia Natural,cientifico museo historia natural,CO,Ciencias Naturales,410,observado,1205.28,3171.79,False,False,apc_metodo_imputacion,"issn_electronic, issn_linking, institucion_editora_2, institucion_editora_3, titulo_alternativo, Country of other organisation, atributos_licencia, cc_legible_maquina, Copyright information URL, apc_amount_raw, Waiver policy information URL, Other fees information URL, servicios_preservacion, Preservation Service: national library, Preservation information URL, Deposit policy directory, URL for deposit policy, identificadores_persistentes, Continues, Continued By, titulo_normalizado_doaj_dup, titulo_normalizado_facts_dup, titulo_normalizado_openapc_dup, apc_metodo_imputacion"
0121-3474,Verba Iuris,verba iuris,CO,Ciencias Sociales,411,imputado,870.41,2290.55,True,False,"apc_monto, apc_moneda","issn_electronic, issn_linking, institucion_editora_2, institucion_editora_3, rank, sourceid, tipo_publicacion, titulo_normalizado_scimago_dup, open_access, sjr_score, cuartil_sjr, h_index, total_docs, total_docs_3y, total_refs, total_citas_3y, docs_citables_3y, citas_por_doc_2y, refs_por_doc, pct_female, overton, cobertura, categorias, areas, issn_impreso, Other organisation, Country of other organisation, atributos_licencia, apc_amount_raw, Waiver policy information URL, Other fees information URL, servicios_preservacion, Preservation Service: national library, Preservation information URL, Deposit policy directory, URL for deposit policy, Continues, Continued By, fecha_ultimo_articulo, titulo_normalizado_doaj_dup, apc_monto_original, apc_moneda_original, tasa_usd_utilizada, apc_monto, apc_moneda, titulo_normalizado_facts_dup, is_hybrid, titulo_normalizado_openapc_dup, contraste_publindex_cuartil, ratio_citas_docs, sjr_score_zscore, h_index_zscore, sjr_score_minmax, h_index_minmax"
0123-4986,Trabajo Social,trabajo social,CO,Humanidades,412,observado,289.17,760.97,False,False,apc_metodo_imputacion,"issn_electronic, issn_linking, institucion_editora_2, institucion_editora_3, rank, sourceid, tipo_publicacion, titulo_normalizado_scimago_dup, open_access, sjr_score, cuartil_sjr, h_index, total_docs, total_docs_3y, total_refs, total_citas_3y, docs_citables_3y, citas_por_doc_2y, refs_por_doc, pct_female, overton, cobertura, categorias, areas, titulo_alternativo, Other organisation, Country of other organisation, atributos_licencia, cc_legible_maquina, apc_amount_raw, Waiver policy information URL, servicios_preservacion, Preservation Service: national library, Preservation information URL, Deposit policy directory, URL for deposit policy, identificadores_persistentes, Continues, Continued By, titulo_normalizado_facts_dup, titulo_normalizado_openapc_dup, apc_metodo_imputacion, contraste_publindex_cuartil, ratio_citas_docs, sjr_score_zscore, h_index_zscore, sjr_score_minmax, h_index_minmax"
0120-4157,Biomédica,biomedica,CO,Ciencias Médicas y de la Salud,413,observado,1672.96,4402.53,False,False,apc_metodo_imputacion,"issn_linking, institucion_editora_2, institucion_editora_3, titulo_alternativo, Country of other organisation, cc_legible_maquina, Copyright information URL, apc_amount_raw, Waiver policy information URL, Other fees information URL, Preservation Service: national library, Deposit policy directory, URL for deposit policy, Continues, Continued By, titulo_normalizado_facts_dup, titulo_normalizado_openapc_dup, apc_metodo_imputacion"
2322-9381,Trashumante,trashumante,CO,Humanidades,414,observado,2827.44,7440.63,False,False,apc_metodo_imputacion,"issn_linking, institucion_editora_2, institucion_editora_3, rank, sourceid, tipo_publicacion, titulo_normalizado_scimago_dup, open_access, sjr_score, cuartil_sjr, h_index, total_docs, total_docs_3y, total_refs, total_citas_3y, docs_citables_3y, citas_por_doc_2y, refs_por_doc, pct_female, overton, cobertura, categorias, areas, titulo_alternativo, atributos_licencia, apc_amount_raw, Waiver policy information URL, Other fees information URL, servicios_preservacion, Preservation Service: national library, Preservation information URL, Continues, Continued By, titulo_normalizado_doaj_dup, titulo_normalizado_facts_dup, titulo_normalizado_openapc_dup, apc_metodo_imputacion, contraste_publindex_cuartil, ratio_citas_docs, sjr_score_zscore, h_index_zscore, sjr_score_minmax, h_index_minmax"
0120-1751,Revista Colombiana De Estadística,colombiana estadistica,CO,Ciencias Naturales,415,imputado,1147.43,3019.55,True,False,"apc_monto, apc_moneda","issn_linking, institucion_editora_2, institucion_editora_3, titulo_alternativo, issn_impreso, Other organisation, Country of other organisation, atributos_licencia, cc_legible_maquina, apc_amount_raw, Waiver policy information URL, Other fees information URL, servicios_preservacion, Preservation Service: national library, Preservation information URL, Deposit policy directory, URL for deposit policy, Continues, Continued By, apc_monto_original, apc_moneda_original, tasa_usd_utilizada, apc_monto, apc_moneda, titulo_normalizado_facts_dup, is_hybrid, titulo_normalizado_openapc_dup"
0120-4688,Praxis Filosófica,praxis filosofica,CO,Humanidades,416,observado,2570.4,6764.21,False,False,apc_metodo_imputacion,"issn_electronic, issn_linking, institucion_editora_2, institucion_editora_3, rank, sourceid, tipo_publicacion, titulo_normalizado_scimago_dup, open_access, sjr_score, cuartil_sjr, h_index, total_docs, total_docs_3y, total_refs, total_citas_3y, docs_citables_3y, citas_por_doc_2y, refs_por_doc, pct_female, overton, cobertura, categorias, areas, titulo_alternativo, Country of other organisation, atributos_licencia, apc_amount_raw, Waiver policy information URL, Other fees information URL, Preservation Service: national library, Deposit policy directory, URL for deposit policy, Continues, Continued By, titulo_normalizado_facts_dup, titulo_normalizado_openapc_dup, apc_metodo_imputacion, contraste_publindex_cuartil, ratio_citas_docs, sjr_score_zscore, h_index_zscore, sjr_score_minmax, h_index_minmax"
2248-5759,Revista Salud Bosque,salud bosque,CO,Ciencias Médicas y de la Salud,417,imputado,1283.6,3377.89,True,False,"apc_monto, apc_moneda","issn_linking, institucion_editora_2, institucion_editora_3, titulo_normalizado_scimago_dup, titulo_alternativo, Other organisation, Country of other organisation, atributos_licencia, apc_amount_raw, Waiver policy information URL, Other fees information URL, servicios_preservacion, Preservation Service: national library, Preservation information URL, Deposit policy directory, URL for deposit policy, Continues, Continued By, apc_monto_original, apc_moneda_original, tasa_usd_utilizada, apc_monto, apc_moneda, titulo_normalizado_facts_dup, is_hybrid, titulo_normalizado_openapc_dup"
0120-1700,Actualidades Pedagógicas,actualidades pedagogicas,CO,Ciencias Sociales,418,imputado,870.41,2290.55,True,False,"apc_monto, apc_moneda","issn_linking, institucion_editora_2, institucion_editora_3, rank, sourceid, tipo_publicacion, titulo_normalizado_scimago_dup, open_access, sjr_score, cuartil_sjr, h_index, total_docs, total_docs_3y, total_refs, total_citas_3y, docs_citables_3y, citas_por_doc_2y, refs_por_doc, pct_female, overton, cobertura, categorias, areas, titulo_alternativo, issn_impreso, Country of other organisation, atributos_licencia, cc_legible_maquina, apc_amount_raw, servicios_preservacion, Preservation Service: national library, URL for deposit policy, Continues, Continued By, fecha_ultimo_articulo, titulo_normalizado_doaj_dup, apc_monto_original, apc_moneda_original, tasa_usd_utilizada, apc_monto, apc_moneda, titulo_normalizado_facts_dup, is_hybrid, titulo_normalizado_openapc_dup, contraste_publindex_cuartil, ratio_citas_docs, sjr_score_zscore, h_index_zscore, sjr_score_minmax, h_index_minmax"
1909-4450,Revista Republicana,republicana,CO,Ciencias Sociales,419,imputado,870.05,2289.61,True,False,"apc_monto, apc_moneda","issn_linking, institucion_editora_2, institucion_editora_3, atributos_licencia, cc_legible_maquina, apc_amount_raw, Waiver policy information URL, Other fees information URL, Preservation Service: national library, Deposit policy directory, URL for deposit policy, Continues, Continued By, titulo_normalizado_doaj_dup, apc_monto_original, apc_moneda_original, tasa_usd_utilizada, apc_monto, apc_moneda, titulo_normalizado_facts_dup, is_hybrid, titulo_normalizado_openapc_dup"
0034-7434,Revista Colombiana De Obstetricia Y Ginecología,colombiana obstetricia ginecologia,CO,Ciencias Médicas y de la Salud,420,imputado,1272.15,3347.76,True,False,"apc_monto, apc_moneda","issn_linking, institucion_editora_2, institucion_editora_3, titulo_alternativo, Country of other organisation, atributos_licencia, cc_legible_maquina, Copyright information URL, apc_amount_raw, Waiver policy information URL, Other fees information URL, Preservation Service: national library, Deposit policy directory, URL for deposit policy, identificadores_persistentes, Continues, Continued By, apc_monto_original, apc_moneda_original, tasa_usd_utilizada, apc_monto, apc_moneda, titulo_normalizado_facts_dup, is_hybrid, titulo_normalizado_openapc_dup"
0121-8417,Revista Historia Y Sociedad,historia sociedad,CO,Humanidades,421,observado,1205.28,3171.79,False,False,apc_metodo_imputacion,"issn_electronic, issn_linking, institucion_editora_2, institucion_editora_3, titulo_normalizado_scimago_dup, titulo_alternativo, Country of other organisation, atributos_licencia, cc_legible_maquina, apc_amount_raw, Waiver policy information URL, Other fees information URL, servicios_preservacion, Preservation Service: national library, Preservation information URL, URL for deposit policy, Continues, Continued By, titulo_normalizado_facts_dup, titulo_normalizado_openapc_dup, apc_metodo_imputacion"
0123-885X,Revista De Estudios Sociales,estudios sociales,CO,Ciencias Sociales,422,imputado,870.05,2289.61,True,False,"apc_monto, apc_moneda","issn_linking, institucion_editora_2, institucion_editora_3, rank, sourceid, tipo_publicacion, titulo_normalizado_scimago_dup, open_access, sjr_score, cuartil_sjr, h_index, total_docs, total_docs_3y, total_refs, total_citas_3y, docs_citables_3y, citas_por_doc_2y, refs_por_doc, pct_female, overton, cobertura, categorias, areas, titulo_alternativo, Other organisation, Country of other organisation, atributos_licencia, cc_legible_maquina, apc_amount_raw, Waiver policy information URL, Other fees information URL, servicios_preservacion, Preservation Service: national library, Preservation information URL, Deposit policy directory, URL for deposit policy, Continues, Continued By, apc_monto_original, apc_moneda_original, tasa_usd_utilizada, apc_monto, apc_moneda, titulo_normalizado_facts_dup, is_hybrid, titulo_normalizado_openapc_dup, contraste_publindex_cuartil, ratio_citas_docs, sjr_score_zscore, h_index_zscore, sjr_score_minmax, h_index_minmax"
0123-4366,Revista De Derecho Privado,derecho privado,CO,Ciencias Sociales,423,imputado,892.38,2348.37,True,False,"apc_monto, apc_moneda","issn_linking, institucion_editora_2, institucion_editora_3, titulo_alternativo, Other organisation, Country of other organisation, atributos_licencia, cc_legible_maquina, apc_amount_raw, Waiver policy information URL, Other fees information URL, Preservation Service: national library, Continues, Continued By, apc_monto_original, apc_moneda_original, tasa_usd_utilizada, apc_monto, apc_moneda, titulo_normalizado_facts_dup, is_hybrid, titulo_normalizado_openapc_dup"
0122-1701,Scientia Et Technica,scientia et technica,CO,Ingeniería y Tecnología,424,observado,1230.91,3239.24,False,False,apc_metodo_imputacion,"issn_electronic, issn_linking, institucion_editora_2, institucion_editora_3, rank, sourceid, tipo_publicacion, titulo_normalizado_scimago_dup, open_access, sjr_score, cuartil_sjr, h_index, total_docs, total_docs_3y, total_refs, total_citas_3y, docs_citables_3y, citas_por_doc_2y, refs_por_doc, pct_female, overton, cobertura, categorias, areas, titulo_alternativo, issn_impreso, Other organisation, Country of other organisation, atributos_licencia, URL for deposit policy, Continues, Continued By, titulo_normalizado_doaj_dup, titulo_normalizado_facts_dup, titulo_normalizado_openapc_dup, apc_metodo_imputacion, contraste_publindex_cuartil, ratio_citas_docs, sjr_score_zscore, h_index_zscore, sjr_score_minmax, h_index_minmax"
1657-6357,Sociedad Y Economía,sociedad economia,CO,Ciencias Sociales,425,observado,2156.34,5674.58,False,False,apc_metodo_imputacion,"issn_electronic, issn_linking, institucion_editora_2, institucion_editora_3, rank, sourceid, tipo_publicacion, titulo_normalizado_scimago_dup, open_access, sjr_score, cuartil_sjr, h_index, total_docs, total_docs_3y, total_refs, total_citas_3y, docs_citables_3y, citas_por_doc_2y, refs_por_doc, pct_female, overton, cobertura, categorias, areas, titulo_alternativo, issn_impreso, Other organisation, atributos_licencia, apc_amount_raw, Waiver policy information URL, Other fees information URL, Preservation Service: national library, Continues, Continued By, titulo_normalizado_doaj_dup, titulo_normalizado_facts_dup, titulo_normalizado_openapc_dup, apc_metodo_imputacion, contraste_publindex_cuartil, ratio_citas_docs, sjr_score_zscore, h_index_zscore, sjr_score_minmax, h_index_minmax"
1657-0308,Revista De Arquitectura,arquitectura,CO,Humanidades,426,observado,3065.04,8065.89,False,False,apc_metodo_imputacion,"issn_linking, institucion_editora_2, institucion_editora_3, rank, sourceid, tipo_publicacion, titulo_normalizado_scimago_dup, open_access, sjr_score, cuartil_sjr, h_index, total_docs, total_docs_3y, total_refs, total_citas_3y, docs_citables_3y, citas_por_doc_2y, refs_por_doc, pct_female, overton, cobertura, categorias, areas, titulo_alternativo, atributos_licencia, apc_amount_raw, Waiver policy information URL, Other fees information URL, servicios_preservacion, Preservation Service: national library, Preservation information URL, Deposit policy directory, URL for deposit policy, Continues, Continued By, Last Full Review Date, titulo_normalizado_facts_dup, titulo_normalizado_openapc_dup, apc_metodo_imputacion, contraste_publindex_cuartil, ratio_citas_docs, sjr_score_zscore, h_index_zscore, sjr_score_minmax, h_index_minmax"
0122-6517,Inge-Cuc,inge cuc,CO,Ingeniería y Tecnología,427,imputado,1006.64,2649.05,True,False,"apc_monto, apc_moneda","issn_linking, institucion_editora_2, institucion_editora_3, rank, sourceid, tipo_publicacion, titulo_normalizado_scimago_dup, open_access, sjr_score, cuartil_sjr, h_index, total_docs, total_docs_3y, total_refs, total_citas_3y, docs_citables_3y, citas_por_doc_2y, refs_por_doc, pct_female, overton, cobertura, categorias, areas, titulo_alternativo, atributos_licencia, apc_amount_raw, Waiver policy information URL, Other fees information URL, servicios_preservacion, Preservation Service: national library, Preservation information URL, Deposit policy directory, URL for deposit policy, identificadores_persistentes, Continues, Continued By, fecha_ultimo_articulo, titulo_normalizado_doaj_dup, apc_monto_original, apc_moneda_original, tasa_usd_utilizada, apc_monto, apc_moneda, titulo_normalizado_facts_dup, is_hybrid, titulo_normalizado_openapc_dup, contraste_publindex_cuartil, ratio_citas_docs, sjr_score_zscore, h_index_zscore, sjr_score_minmax, h_index_minmax"
1657-107X,Revista Interamericana De Investigación Educación Y Pedagogía,interamericana investigacion educacion pedagogia,CO,Ciencias Sociales,428,observado,1974.5,5196.05,False,False,apc_metodo_imputacion,"issn_electronic, issn_linking, institucion_editora_2, institucion_editora_3, rank, sourceid, tipo_publicacion, titulo_normalizado_scimago_dup, open_access, sjr_score, cuartil_sjr, h_index, total_docs, total_docs_3y, total_refs, total_citas_3y, docs_citables_3y, citas_por_doc_2y, refs_por_doc, pct_female, overton, cobertura, categorias, areas, titulo_alternativo, Country of other organisation, atributos_licencia, cc_legible_maquina, apc_amount_raw, Waiver policy information URL, servicios_preservacion, Preservation Service: national library, Preservation information URL, Deposit policy directory, URL for deposit policy, identificadores_persistentes, Continues, Continued By, fecha_ultimo_articulo, titulo_normalizado_doaj_dup, titulo_normalizado_facts_dup, titulo_normalizado_openapc_dup, apc_metodo_imputacion, contraste_publindex_cuartil, ratio_citas_docs, sjr_score_zscore, h_index_zscore, sjr_score_minmax, h_index_minmax"
0124-7107,Universidad Y Salud,universidad salud,CO,Ciencias Médicas y de la Salud,429,imputado,1283.6,3377.89,True,False,"apc_monto, apc_moneda","issn_linking, institucion_editora_2, institucion_editora_3, titulo_normalizado_scimago_dup, titulo_alternativo, Other organisation, Country of other organisation, atributos_licencia, apc_amount_raw, Waiver policy information URL, Other fees information URL, Preservation Service: national library, Deposit policy directory, URL for deposit policy, Continues, Continued By, Last Full Review Date, apc_monto_original, apc_moneda_original, tasa_usd_utilizada, apc_monto, apc_moneda, titulo_normalizado_facts_dup, is_hybrid, titulo_normalizado_openapc_dup"
0121-0807,Salud Uis,salud uis,CO,Ciencias Médicas y de la Salud,430,imputado,1283.6,3377.89,True,False,"apc_monto, apc_moneda","issn_linking, codigo_dane, institucion_editora_2, institucion_editora_3, titulo_normalizado_scimago_dup, atributos_licencia, apc_amount_raw, Waiver policy information URL, Other fees information URL, servicios_preservacion, Preservation Service: national library, Preservation information URL, identificadores_persistentes, Continues, Continued By, apc_monto_original, apc_moneda_original, tasa_usd_utilizada, apc_monto, apc_moneda, titulo_normalizado_facts_dup, is_hybrid, titulo_normalizado_openapc_dup"
0120-0976,Revista Interamericana De Bibliotecología,interamericana bibliotecologia,CO,Humanidades,431,observado,1974.5,5196.05,False,False,apc_metodo_imputacion,"issn_electronic, issn_linking, institucion_editora_3, rank, sourceid, tipo_publicacion, titulo_normalizado_scimago_dup, open_access, sjr_score, cuartil_sjr, h_index, total_docs, total_docs_3y, total_refs, total_citas_3y, docs_citables_3y, citas_por_doc_2y, refs_por_doc, pct_female, overton, cobertura, categorias, areas, titulo_alternativo, Country of other organisation, atributos_licencia, cc_legible_maquina, apc_amount_raw, Waiver policy information URL, Other fees information URL, servicios_preservacion, Preservation Service: national library, Preservation information URL, Deposit policy directory, URL for deposit policy, Continues, Continued By, titulo_normalizado_facts_dup, titulo_normalizado_openapc_dup, apc_metodo_imputacion, contraste_publindex_cuartil, ratio_citas_docs, sjr_score_zscore, h_index_zscore, sjr_score_minmax, h_index_minmax"
0124-5996,Revista De Economía Institucional,economia institucional,CO,Ciencias Sociales,432,imputado,872.91,2297.13,True,False,"apc_monto, apc_moneda","issn_electronic, issn_linking, institucion_editora_2, institucion_editora_3, titulo_alternativo, Other organisation, Country of other organisation, atributos_licencia, cc_legible_maquina, apc_amount_raw, Waiver policy information URL, Other fees information URL, Preservation Service: national library, Continues, Continued By, apc_monto_original, apc_moneda_original, tasa_usd_utilizada, apc_monto, apc_moneda, titulo_normalizado_facts_dup, is_hybrid, titulo_normalizado_openapc_dup"
0123-1472,Cuadernos De Contabilidad,contabilidad,CO,Ciencias Sociales,433,imputado,870.41,2290.55,True,False,"apc_monto, apc_moneda","issn_electronic, issn_linking, institucion_editora_2, institucion_editora_3, rank, sourceid, tipo_publicacion, titulo_normalizado_scimago_dup, open_access, sjr_score, cuartil_sjr, h_index, total_docs, total_docs_3y, total_refs, total_citas_3y, docs_citables_3y, citas_por_doc_2y, refs_por_doc, pct_female, overton, cobertura, categorias, areas, titulo_alternativo, issn_impreso, Other organisation, Country of other organisation, atributos_licencia, cc_legible_maquina, apc_amount_raw, Waiver policy information URL, servicios_preservacion, Preservation Service: national library, Deposit policy directory, URL for deposit policy, Continues, Continued By, titulo_normalizado_doaj_dup, apc_monto_original, apc_moneda_original, tasa_usd_utilizada, apc_monto, apc_moneda, titulo_normalizado_facts_dup, is_hybrid, titulo_normalizado_openapc_dup, contraste_publindex_cuartil, ratio_citas_docs, sjr_score_zscore, h_index_zscore, sjr_score_minmax, h_index_minmax"
1692-3561,Biotecnología En El Sector Agropecuario Y Agroindustrial,biotecnologia sector agropecuario agroindustrial,CO,Ciencias Agrícolas,434,observado,2411.55,6346.18,False,False,apc_metodo_imputacion,"issn_linking, institucion_editora_2, institucion_editora_3, rank, sourceid, tipo_publicacion, titulo_normalizado_scimago_dup, open_access, sjr_score, cuartil_sjr, h_index, total_docs, total_docs_3y, total_refs, total_citas_3y, docs_citables_3y, citas_por_doc_2y, refs_por_doc, pct_female, overton, cobertura, categorias, areas, titulo_alternativo, Country of other organisation, atributos_licencia, cc_legible_maquina, Copyright information URL, apc_amount_raw, Waiver policy information URL, servicios_preservacion, Preservation Service: national library, Preservation information URL, Deposit policy directory, URL for deposit policy, identificadores_persistentes, Continues, Continued By, titulo_normalizado_facts_dup, titulo_normalizado_openapc_dup, apc_metodo_imputacion, contraste_publindex_cuartil, ratio_citas_docs, sjr_score_zscore, h_index_zscore, sjr_score_minmax, h_index_minmax"
0120-2952,Revista De La Facultad De Medicina Veterinaria Y De Zootecnia,facultad medicina veterinaria zootecnia,CO,Ciencias Agrícolas,435,observado,1564.49,4117.08,False,False,apc_metodo_imputacion,"issn_linking, codigo_dane, institucion_editora_2, institucion_editora_3, titulo_normalizado_scimago_dup, titulo_alternativo, Country of other organisation, atributos_licencia, cc_legible_maquina, apc_amount_raw, Waiver policy information URL, Other fees information URL, servicios_preservacion, Preservation Service: national library, Preservation information URL, Deposit policy directory, URL for deposit policy, identificadores_persistentes, Continues, Continued By, titulo_normalizado_facts_dup, titulo_normalizado_openapc_dup, apc_metodo_imputacion"
0123-5923,Estudios Gerenciales,estudios gerenciales,CO,Ciencias Sociales,436,imputado,889.88,2341.79,True,False,"apc_monto, apc_moneda","issn_linking, institucion_editora_2, institucion_editora_3, titulo_alternativo, issn_electronico, Other organisation, Country of other organisation, atributos_licencia, cc_legible_maquina, Copyright information URL, apc_amount_raw, Waiver policy information URL, Other fees information URL, servicios_preservacion, URL for deposit policy, Continues, Continued By, apc_monto_original, apc_moneda_original, tasa_usd_utilizada, apc_monto, apc_moneda, titulo_normalizado_facts_dup, is_hybrid, titulo_normalizado_openapc_dup"
1900-6896,Revista Colombiana De Bioética,colombiana bioetica,CO,Humanidades,437,imputado,652.34,1716.68,True,False,"apc_monto, apc_moneda","issn_linking, institucion_editora_2, institucion_editora_3, titulo_normalizado_scimago_dup, titulo_alternativo, Other organisation, Country of other organisation, atributos_licencia, apc_amount_raw, Waiver policy information URL, Other fees information URL, Preservation Service: national library, Deposit policy directory, URL for deposit policy, Continues, Continued By, apc_monto_original, apc_moneda_original, tasa_usd_utilizada, apc_monto, apc_moneda, titulo_normalizado_facts_dup, is_hybrid, titulo_normalizado_openapc_dup"
1900-3102,Ingenieria Solidaria,ingenieria solidaria,CO,Ingeniería y Tecnología,438,imputado,1003.07,2639.66,True,False,"apc_monto, apc_moneda","issn_electronic, issn_linking, institucion_editora_2, institucion_editora_3, rank, sourceid, tipo_publicacion, titulo_normalizado_scimago_dup, open_access, sjr_score, cuartil_sjr, h_index, total_docs, total_docs_3y, total_refs, total_citas_3y, docs_citables_3y, citas_por_doc_2y, refs_por_doc, pct_female, overton, cobertura, categorias, areas, titulo_alternativo, Other organisation, Country of other organisation, atributos_licencia, apc_amount_raw, Waiver policy information URL, Other fees information URL, Preservation Service: national library, Continues, Continued By, fecha_ultimo_articulo, apc_monto_original, apc_moneda_original, tasa_usd_utilizada, apc_monto, apc_moneda, titulo_normalizado_facts_dup, is_hybrid, titulo_normalizado_openapc_dup, contraste_publindex_cuartil, ratio_citas_docs, sjr_score_zscore, h_index_zscore, sjr_score_minmax, h_index_minmax"
1900-7922,La Manzana De La Discordia,manzana discordia,CO,Ciencias Sociales,439,imputado,871.84,2294.32,True,False,"apc_monto, apc_moneda","issn_linking, institucion_editora_2, institucion_editora_3, rank, sourceid, tipo_publicacion, titulo_normalizado_scimago_dup, open_access, sjr_score, cuartil_sjr, h_index, total_docs, total_docs_3y, total_refs, total_citas_3y, docs_citables_3y, citas_por_doc_2y, refs_por_doc, pct_female, overton, cobertura, categorias, areas, titulo_alternativo, Country of other organisation, atributos_licencia, apc_amount_raw, Waiver policy information URL, Other fees information URL, Preservation Service: national library, Deposit policy directory, URL for deposit policy, Continues, Continued By, apc_monto_original, apc_moneda_original, tasa_usd_utilizada, apc_monto, apc_moneda, titulo_normalizado_facts_dup, is_hybrid, titulo_normalizado_openapc_dup, contraste_publindex_cuartil, ratio_citas_docs, sjr_score_zscore, h_index_zscore, sjr_score_minmax, h_index_minmax"
1900-8260,Revista De Educación En Ingeniería,educacion ingenieria,CO,Ciencias Sociales,440,imputado,872.91,2297.13,True,False,"apc_monto, apc_moneda","issn_electronic, issn_linking, institucion_editora_2, institucion_editora_3, rank, sourceid, tipo_publicacion, titulo_normalizado_scimago_dup, open_access, sjr_score, cuartil_sjr, h_index, total_docs, total_docs_3y, total_refs, total_citas_3y, docs_citables_3y, citas_por_doc_2y, refs_por_doc, pct_female, overton, cobertura, categorias, areas, titulo_alternativo, Country of other organisation, atributos_licencia, cc_legible_maquina, apc_amount_raw, Waiver policy information URL, servicios_preservacion, Preservation Service: national library, Preservation information URL, Deposit policy directory, URL for deposit policy, identificadores_persistentes, Continues, Continued By, fecha_ultimo_articulo, titulo_normalizado_doaj_dup, apc_monto_original, apc_moneda_original, tasa_usd_utilizada, apc_monto, apc_moneda, titulo_normalizado_facts_dup, is_hybrid, titulo_normalizado_openapc_dup, contraste_publindex_cuartil, ratio_citas_docs, sjr_score_zscore, h_index_zscore, sjr_score_minmax, h_index_minmax"
0121-750X,Ingeniería,ingenieria,CO,Ingeniería y Tecnología,441,imputado,1006.29,2648.13,True,False,"apc_monto, apc_moneda","issn_electronic, issn_linking, institucion_editora_2, institucion_editora_3, rank, sourceid, tipo_publicacion, titulo_normalizado_scimago_dup, open_access, sjr_score, cuartil_sjr, h_index, total_docs, total_docs_3y, total_refs, total_citas_3y, docs_citables_3y, citas_por_doc_2y, refs_por_doc, pct_female, overton, cobertura, categorias, areas, titulo_alternativo, Country of other organisation, atributos_licencia, URL for license terms, apc_amount_raw, Waiver policy information URL, servicios_preservacion, Preservation Service: national library, Deposit policy directory, URL for deposit policy, Continues, Continued By, apc_monto_original, apc_moneda_original, tasa_usd_utilizada, apc_monto, apc_moneda, titulo_normalizado_facts_dup, is_hybrid, titulo_normalizado_openapc_dup, contraste_publindex_cuartil, ratio_citas_docs, sjr_score_zscore, h_index_zscore, sjr_score_minmax, h_index_minmax"
0124-4108,Perspectivas En Nutrición Humana,perspectivas nutricion humana,CO,Ciencias Médicas y de la Salud,442,observado,2827.44,7440.63,False,False,apc_metodo_imputacion,"issn_linking, institucion_editora_2, institucion_editora_3, rank, sourceid, tipo_publicacion, titulo_normalizado_scimago_dup, open_access, sjr_score, cuartil_sjr, h_index, total_docs, total_docs_3y, total_refs, total_citas_3y, docs_citables_3y, citas_por_doc_2y, refs_por_doc, pct_female, overton, cobertura, categorias, areas, titulo_alternativo, Other organisation, Country of other organisation, atributos_licencia, apc_amount_raw, Waiver policy information URL, Other fees information URL, servicios_preservacion, Preservation Service: national library, Preservation information URL, Deposit policy directory, URL for deposit policy, Continues, Continued By, titulo_normalizado_facts_dup, titulo_normalizado_openapc_dup, apc_metodo_imputacion, contraste_publindex_cuartil, ratio_citas_docs, sjr_score_zscore, h_index_zscore, sjr_score_minmax, h_index_minmax"
0121-8530,La Palabra,palabra,CO,Humanidades,443,imputado,633.58,1667.32,True,False,"apc_monto, apc_moneda","issn_linking, institucion_editora_2, institucion_editora_3, rank, sourceid, tipo_publicacion, titulo_normalizado_scimago_dup, open_access, sjr_score, cuartil_sjr, h_index, total_docs, total_docs_3y, total_refs, total_citas_3y, docs_citables_3y, citas_por_doc_2y, refs_por_doc, pct_female, overton, cobertura, categorias, areas, titulo_alternativo, Other organisation, Country of other organisation, atributos_licencia, apc_amount_raw, Waiver policy information URL, Other fees information URL, Preservation Service: national library, Deposit policy directory, URL for deposit policy, Continues, Continued By, apc_monto_original, apc_moneda_original, tasa_usd_utilizada, apc_monto, apc_moneda, titulo_normalizado_facts_dup, is_hybrid, titulo_normalizado_openapc_dup, contraste_publindex_cuartil, ratio_citas_docs, sjr_score_zscore, h_index_zscore, sjr_score_minmax, h_index_minmax"
0122-820X,Revista Respuestas,respuestas,CO,Ingeniería y Tecnología,444,imputado,1005.57,2646.24,True,False,"apc_monto, apc_moneda","issn_electronic, issn_linking, institucion_editora_2, institucion_editora_3, rank, sourceid, tipo_publicacion, titulo_normalizado_scimago_dup, open_access, sjr_score, cuartil_sjr, h_index, total_docs, total_docs_3y, total_refs, total_citas_3y, docs_citables_3y, citas_por_doc_2y, refs_por_doc, pct_female, overton, cobertura, categorias, areas, Country of other organisation, atributos_licencia, apc_amount_raw, Waiver policy information URL, Other fees information URL, servicios_preservacion, Preservation Service: national library, Preservation information URL, Continues, Continued By, titulo_normalizado_doaj_dup, apc_monto_original, apc_moneda_original, tasa_usd_utilizada, apc_monto, apc_moneda, titulo_normalizado_facts_dup, is_hybrid, titulo_normalizado_openapc_dup, contraste_publindex_cuartil, ratio_citas_docs, sjr_score_zscore, h_index_zscore, sjr_score_minmax, h_index_minmax"
0121-1617,Historia Crítica,historia critica,CO,Humanidades,445,observado,1205.28,3171.79,False,False,apc_metodo_imputacion,"issn_electronic, issn_linking, institucion_editora_2, institucion_editora_3, titulo_normalizado_scimago_dup, titulo_alternativo, Other organisation, Country of other organisation, atributos_licencia, cc_legible_maquina, apc_amount_raw, Waiver policy information URL, Other fees information URL, Preservation Service: national library, Deposit policy directory, URL for deposit policy, Continues, Continued By, titulo_normalizado_facts_dup, titulo_normalizado_openapc_dup, apc_metodo_imputacion"
0120-8160,Revista Escuela De Administración De Negocios,escuela administracion negocios,CO,Ciencias Sociales,446,imputado,870.05,2289.61,True,False,"apc_monto, apc_moneda","issn_electronic, issn_linking, institucion_editora_2, institucion_editora_3, rank, sourceid, tipo_publicacion, titulo_normalizado_scimago_dup, open_access, sjr_score, cuartil_sjr, h_index, total_docs, total_docs_3y, total_refs, total_citas_3y, docs_citables_3y, citas_por_doc_2y, refs_por_doc, pct_female, overton, cobertura, categorias, areas, titulo_alternativo, Other organisation, Country of other organisation, atributos_licencia, apc_amount_raw, Waiver policy information URL, Other fees information URL, servicios_preservacion, Preservation Service: national library, Preservation information URL, Deposit policy directory, URL for deposit policy, Continues, Continued By, apc_monto_original, apc_moneda_original, tasa_usd_utilizada, apc_monto, apc_moneda, titulo_normalizado_facts_dup, is_hybrid, titulo_normalizado_openapc_dup, contraste_publindex_cuartil, ratio_citas_docs, sjr_score_zscore, h_index_zscore, sjr_score_minmax, h_index_minmax"
2216-0159,Praxis & Saber,praxis saber,CO,Ciencias Sociales,447,observado,2570.4,6764.21,False,False,apc_metodo_imputacion,"issn_linking, institucion_editora_2, institucion_editora_3, rank, sourceid, tipo_publicacion, titulo_normalizado_scimago_dup, open_access, sjr_score, cuartil_sjr, h_index, total_docs, total_docs_3y, total_refs, total_citas_3y, docs_citables_3y, citas_por_doc_2y, refs_por_doc, pct_female, overton, cobertura, categorias, areas, titulo_alternativo, Country of other organisation, atributos_licencia, Copyright information URL, apc_amount_raw, Waiver policy information URL, Other fees information URL, servicios_preservacion, Preservation Service: national library, Preservation information URL, URL for deposit policy, identificadores_persistentes, Continues, Continued By, fecha_ultimo_articulo, titulo_normalizado_doaj_dup, titulo_normalizado_facts_dup, titulo_normalizado_openapc_dup, apc_metodo_imputacion, contraste_publindex_cuartil, ratio_citas_docs, sjr_score_zscore, h_index_zscore, sjr_score_minmax, h_index_minmax"
0121-0793,Iatreia,iatreia,CO,Ciencias Médicas y de la Salud,448,imputado,1311.29,3450.76,True,False,"apc_monto, apc_moneda","issn_linking, institucion_editora_2, institucion_editora_3, titulo_alternativo, Other organisation, Country of other organisation, atributos_licencia, cc_legible_maquina, Copyright information URL, apc_amount_raw, Waiver policy information URL, servicios_preservacion, Preservation Service: national library, Preservation information URL, Deposit policy directory, URL for deposit policy, Continues, Continued By, apc_monto_original, apc_moneda_original, tasa_usd_utilizada, apc_monto, apc_moneda, titulo_normalizado_facts_dup, is_hybrid, titulo_normalizado_openapc_dup"
1794-3108,Revista Criminalidad,criminalidad,CO,Ciencias Sociales,449,imputado,870.05,2289.61,True,False,"apc_monto, apc_moneda","issn_linking, institucion_editora_2, institucion_editora_3, titulo_alternativo, atributos_licencia, cc_legible_maquina, apc_amount_raw, Waiver policy information URL, Other fees information URL, servicios_preservacion, Preservation Service: national library, Preservation information URL, Deposit policy directory, URL for deposit policy, Continues, Continued By, apc_monto_original, apc_moneda_original, tasa_usd_utilizada, apc_monto, apc_moneda, titulo_normalizado_facts_dup, is_hybrid, titulo_normalizado_openapc_dup"
0124-8146,Investigaciones Andina,investigaciones andina,CO,Ciencias Médicas y de la Salud,450,imputado,1272.15,3347.76,True,False,"apc_monto, apc_moneda","issn_electronic, issn_linking, institucion_editora_2, institucion_editora_3, rank, sourceid, tipo_publicacion, titulo_normalizado_scimago_dup, open_access, sjr_score, cuartil_sjr, h_index, total_docs, total_docs_3y, total_refs, total_citas_3y, docs_citables_3y, citas_por_doc_2y, refs_por_doc, pct_female, overton, cobertura, categorias, areas, Other organisation, Country of other organisation, atributos_licencia, cc_legible_maquina, apc_amount_raw, Waiver policy information URL, Other fees information URL, servicios_preservacion, Preservation Service: national library, Preservation information URL, Deposit policy directory, URL for deposit policy, identificadores_persistentes, Continues, Continued By, titulo_normalizado_doaj_dup, apc_monto_original, apc_moneda_original, tasa_usd_utilizada, apc_monto, apc_moneda, titulo_normalizado_facts_dup, is_hybrid, titulo_normalizado_openapc_dup, contraste_publindex_cuartil, ratio_citas_docs, sjr_score_zscore, h_index_zscore, sjr_score_minmax, h_index_minmax"
0121-053X,Cuadernos De Lingüística Hispánica,linguistica hispanica,CO,Humanidades,451,observado,2049.98,5394.68,False,False,apc_metodo_imputacion,"issn_linking, institucion_editora_2, institucion_editora_3, rank, sourceid, tipo_publicacion, titulo_normalizado_scimago_dup, open_access, sjr_score, cuartil_sjr, h_index, total_docs, total_docs_3y, total_refs, total_citas_3y, docs_citables_3y, citas_por_doc_2y, refs_por_doc, pct_female, overton, cobertura, categorias, areas, titulo_alternativo, Country of other organisation, atributos_licencia, cc_legible_maquina, apc_amount_raw, Waiver policy information URL, Other fees information URL, servicios_preservacion, Preservation Service: national library, Preservation information URL, Continues, Continued By, titulo_normalizado_facts_dup, titulo_normalizado_openapc_dup, apc_metodo_imputacion, contraste_publindex_cuartil, ratio_citas_docs, sjr_score_zscore, h_index_zscore, sjr_score_minmax, h_index_minmax"
1794-1237,Revista Eia,eia,CO,Ingeniería y Tecnología,452,imputado,1003.07,2639.66,True,False,"apc_monto, apc_moneda","issn_electronic, issn_linking, institucion_editora_2, institucion_editora_3, rank, sourceid, tipo_publicacion, titulo_normalizado_scimago_dup, open_access, sjr_score, cuartil_sjr, h_index, total_docs, total_docs_3y, total_refs, total_citas_3y, docs_citables_3y, citas_por_doc_2y, refs_por_doc, pct_female, overton, cobertura, categorias, areas, titulo_alternativo, issn_electronico, Other organisation, Country of other organisation, atributos_licencia, apc_amount_raw, Waiver policy information URL, Other fees information URL, Preservation Service: national library, Deposit policy directory, URL for deposit policy, Continues, Continued By, apc_monto_original, apc_moneda_original, tasa_usd_utilizada, apc_monto, apc_moneda, titulo_normalizado_facts_dup, is_hybrid, titulo_normalizado_openapc_dup, contraste_publindex_cuartil, ratio_citas_docs, sjr_score_zscore, h_index_zscore, sjr_score_minmax, h_index_minmax"
1657-4672,Plumilla Educativa,plumilla educativa,CO,Ciencias Sociales,453,imputado,870.41,2290.55,True,False,"apc_monto, apc_moneda","issn_electronic, issn_linking, institucion_editora_2, institucion_editora_3, rank, sourceid, tipo_publicacion, titulo_normalizado_scimago_dup, open_access, sjr_score, cuartil_sjr, h_index, total_docs, total_docs_3y, total_refs, total_citas_3y, docs_citables_3y, citas_por_doc_2y, refs_por_doc, pct_female, overton, cobertura, categorias, areas, titulo_alternativo, Other organisation, Country of other organisation, atributos_licencia, cc_legible_maquina, apc_amount_raw, Waiver policy information URL, Other fees information URL, servicios_preservacion, Preservation Service: national library, Preservation information URL, Deposit policy directory, URL for deposit policy, Continues, Continued By, apc_monto_original, apc_moneda_original, tasa_usd_utilizada, apc_monto, apc_moneda, titulo_normalizado_facts_dup, is_hybrid, titulo_normalizado_openapc_dup, contraste_publindex_cuartil, ratio_citas_docs, sjr_score_zscore, h_index_zscore, sjr_score_minmax, h_index_minmax"
1794-5992,Duazary,duazary,CO,Ciencias Médicas y de la Salud,454,imputado,1273.58,3351.53,True,False,"apc_monto, apc_moneda","issn_linking, institucion_editora_2, institucion_editora_3, rank, sourceid, tipo_publicacion, titulo_normalizado_scimago_dup, open_access, sjr_score, cuartil_sjr, h_index, total_docs, total_docs_3y, total_refs, total_citas_3y, docs_citables_3y, citas_por_doc_2y, refs_por_doc, pct_female, overton, cobertura, categorias, areas, Country of other organisation, atributos_licencia, cc_legible_maquina, Copyright information URL, apc_amount_raw, Waiver policy information URL, servicios_preservacion, Preservation Service: national library, Preservation information URL, Deposit policy directory, URL for deposit policy, Continues, Continued By, apc_monto_original, apc_moneda_original, tasa_usd_utilizada, apc_monto, apc_moneda, titulo_normalizado_facts_dup, is_hybrid, titulo_normalizado_openapc_dup, contraste_publindex_cuartil, ratio_citas_docs, sjr_score_zscore, h_index_zscore, sjr_score_minmax, h_index_minmax"
0120-0690,Revista Colombiana De Ciencias Pecuarias,colombiana ciencias pecuarias,CO,Ciencias Agrícolas,455,observado,2160.0,5684.21,False,False,apc_metodo_imputacion,"issn_linking, institucion_editora_2, institucion_editora_3, titulo_normalizado_scimago_dup, titulo_alternativo, Country of other organisation, atributos_licencia, cc_legible_maquina, Copyright information URL, Waiver policy information URL, Other fees information URL, servicios_preservacion, Preservation Service: national library, Preservation information URL, Deposit policy directory, URL for deposit policy, identificadores_persistentes, Continues, Continued By, titulo_normalizado_facts_dup, titulo_normalizado_openapc_dup, apc_metodo_imputacion"
0124-2253,Revista Científica,cientifica,CO,Ciencias Naturales,456,observado,966.76,2544.11,False,False,apc_metodo_imputacion,"issn_linking, institucion_editora_2, institucion_editora_3, rank, sourceid, tipo_publicacion, titulo_normalizado_scimago_dup, open_access, sjr_score, cuartil_sjr, h_index, total_docs, total_docs_3y, total_refs, total_citas_3y, docs_citables_3y, citas_por_doc_2y, refs_por_doc, pct_female, overton, cobertura, categorias, areas, titulo_alternativo, Other organisation, Country of other organisation, atributos_licencia, Copyright information URL, apc_amount_raw, Waiver policy information URL, servicios_preservacion, Preservation Service: national library, Preservation information URL, URL for deposit policy, identificadores_persistentes, Continues, Continued By, titulo_normalizado_facts_dup, titulo_normalizado_openapc_dup, apc_metodo_imputacion, contraste_publindex_cuartil, ratio_citas_docs, sjr_score_zscore, h_index_zscore, sjr_score_minmax, h_index_minmax"
0124-177X,Gestión Y Ambiente,gestion ambiente,CO,Ciencias Sociales,457,imputado,884.35,2327.24,True,False,"apc_monto, apc_moneda","issn_electronic, issn_linking, institucion_editora_3, rank, sourceid, tipo_publicacion, titulo_normalizado_scimago_dup, open_access, sjr_score, cuartil_sjr, h_index, total_docs, total_docs_3y, total_refs, total_citas_3y, docs_citables_3y, citas_por_doc_2y, refs_por_doc, pct_female, overton, cobertura, categorias, areas, titulo_alternativo, atributos_licencia, apc_amount_raw, Waiver policy information URL, Other fees information URL, Preservation Service: national library, Deposit policy directory, URL for deposit policy, Continues, Continued By, apc_monto_original, apc_moneda_original, tasa_usd_utilizada, apc_monto, apc_moneda, titulo_normalizado_facts_dup, is_hybrid, titulo_normalizado_openapc_dup, contraste_publindex_cuartil, ratio_citas_docs, sjr_score_zscore, h_index_zscore, sjr_score_minmax, h_index_minmax"
1900-5407,Antípoda : Revista De Antropología Y Arqueología,antipoda antropologia arqueologia,CO,Ciencias Sociales,458,imputado,852.72,2244.0,True,False,"apc_monto, apc_moneda","issn_linking, institucion_editora_2, institucion_editora_3, titulo_alternativo, Other organisation, Country of other organisation, atributos_licencia, cc_legible_maquina, apc_amount_raw, Waiver policy information URL, Other fees information URL, servicios_preservacion, Preservation Service: national library, Preservation information URL, Deposit policy directory, URL for deposit policy, Continues, Continued By, apc_monto_original, apc_moneda_original, tasa_usd_utilizada, apc_monto, apc_moneda, titulo_normalizado_facts_dup, is_hybrid, titulo_normalizado_openapc_dup"
2346-030X,"Aibi revista de investigación, administración e ingeniería",aibi investigacion administracion ingenieria,CO,Ingeniería y Tecnología,459,imputado,1022.9,2691.84,True,False,"apc_monto, apc_moneda","issn_electronic, issn_linking, institucion_editora_2, institucion_editora_3, titulo_alternativo, issn_impreso, Other organisation, Country of other organisation, atributos_licencia, apc_amount_raw, Waiver policy information URL, Other fees information URL, servicios_preservacion, Preservation Service: national library, Preservation information URL, Deposit policy directory, URL for deposit policy, Continues, Continued By, apc_monto_original, apc_moneda_original, tasa_usd_utilizada, apc_monto, apc_moneda, titulo_normalizado_facts_dup, is_hybrid, titulo_normalizado_openapc_dup"
0121-4500,Avances De Enfermería,avances enfermeria,CO,Ciencias Médicas y de la Salud,460,imputado,1286.46,3385.42,True,False,"apc_monto, apc_moneda","issn_electronic, issn_linking, institucion_editora_2, institucion_editora_3, rank, sourceid, tipo_publicacion, titulo_normalizado_scimago_dup, open_access, sjr_score, cuartil_sjr, h_index, total_docs, total_docs_3y, total_refs, total_citas_3y, docs_citables_3y, citas_por_doc_2y, refs_por_doc, pct_female, overton, cobertura, categorias, areas, Other organisation, Country of other organisation, atributos_licencia, apc_amount_raw, Waiver policy information URL, Other fees information URL, servicios_preservacion, Preservation Service: national library, Preservation information URL, Deposit policy directory, URL for deposit policy, Continues, Continued By, apc_monto_original, apc_moneda_original, tasa_usd_utilizada, apc_monto, apc_moneda, titulo_normalizado_facts_dup, is_hybrid, titulo_normalizado_openapc_dup, contraste_publindex_cuartil, ratio_citas_docs, sjr_score_zscore, h_index_zscore, sjr_score_minmax, h_index_minmax"
0121-4381,Suma Psicológica,suma psicologica,CO,Ciencias Sociales,461,observado,1085.69,2857.08,False,False,apc_metodo_imputacion,"issn_electronic, issn_linking, institucion_editora_2, institucion_editora_3, rank, sourceid, tipo_publicacion, titulo_normalizado_scimago_dup, open_access, sjr_score, cuartil_sjr, h_index, total_docs, total_docs_3y, total_refs, total_citas_3y, docs_citables_3y, citas_por_doc_2y, refs_por_doc, pct_female, overton, cobertura, categorias, areas, atributos_licencia, apc_amount_raw, Waiver policy information URL, Other fees information URL, Continues, Continued By, titulo_normalizado_doaj_dup, titulo_normalizado_facts_dup, titulo_normalizado_openapc_dup, apc_metodo_imputacion, contraste_publindex_cuartil, ratio_citas_docs, sjr_score_zscore, h_index_zscore, sjr_score_minmax, h_index_minmax"
1909-8367,Entre Ciencia E Ingenieria,entre ciencia ingenieria,CO,Ingeniería y Tecnología,462,imputado,1003.07,2639.66,True,False,"apc_monto, apc_moneda","issn_electronic, issn_linking, institucion_editora_2, institucion_editora_3, rank, sourceid, tipo_publicacion, titulo_normalizado_scimago_dup, open_access, sjr_score, cuartil_sjr, h_index, total_docs, total_docs_3y, total_refs, total_citas_3y, docs_citables_3y, citas_por_doc_2y, refs_por_doc, pct_female, overton, cobertura, categorias, areas, titulo_alternativo, Other organisation, Country of other organisation, atributos_licencia, apc_amount_raw, Waiver policy information URL, Other fees information URL, servicios_preservacion, Preservation Service: national library, Preservation information URL, Deposit policy directory, URL for deposit policy, Continues, Continued By, apc_monto_original, apc_moneda_original, tasa_usd_utilizada, apc_monto, apc_moneda, titulo_normalizado_facts_dup, is_hybrid, titulo_normalizado_openapc_dup, contraste_publindex_cuartil, ratio_citas_docs, sjr_score_zscore, h_index_zscore, sjr_score_minmax, h_index_minmax"
1657-4206,Ecos De Economía,ecos economia,CO,Ciencias Sociales,463,observado,221.31,582.39,False,False,apc_metodo_imputacion,"issn_linking, institucion_editora_2, institucion_editora_3, rank, sourceid, tipo_publicacion, titulo_normalizado_scimago_dup, open_access, sjr_score, cuartil_sjr, h_index, total_docs, total_docs_3y, total_refs, total_citas_3y, docs_citables_3y, citas_por_doc_2y, refs_por_doc, pct_female, overton, cobertura, categorias, areas, titulo_alternativo, issn_electronico, Country of other organisation, atributos_licencia, cc_legible_maquina, apc_amount_raw, Waiver policy information URL, Preservation Service: national library, URL for deposit policy, identificadores_persistentes, Continues, Continued By, titulo_normalizado_facts_dup, titulo_normalizado_openapc_dup, apc_metodo_imputacion, contraste_publindex_cuartil, ratio_citas_docs, sjr_score_zscore, h_index_zscore, sjr_score_minmax, h_index_minmax"
1909-2458,Ingeniare,ingeniare,CO,Ingeniería y Tecnología,464,imputado,1005.57,2646.24,True,False,"apc_monto, apc_moneda","issn_electronic, issn_linking, institucion_editora_2, institucion_editora_3, rank, sourceid, tipo_publicacion, titulo_normalizado_scimago_dup, open_access, sjr_score, cuartil_sjr, h_index, total_docs, total_docs_3y, total_refs, total_citas_3y, docs_citables_3y, citas_por_doc_2y, refs_por_doc, pct_female, overton, cobertura, categorias, areas, Other organisation, Country of other organisation, atributos_licencia, cc_legible_maquina, Copyright information URL, apc_amount_raw, Waiver policy information URL, Other fees information URL, servicios_preservacion, Preservation Service: national library, Preservation information URL, Deposit policy directory, URL for deposit policy, Continues, Continued By, apc_monto_original, apc_moneda_original, tasa_usd_utilizada, apc_monto, apc_moneda, titulo_normalizado_facts_dup, is_hybrid, titulo_normalizado_openapc_dup, contraste_publindex_cuartil, ratio_citas_docs, sjr_score_zscore, h_index_zscore, sjr_score_minmax, h_index_minmax"
0122-8285,Palabra Clave,palabra clave,CO,Ciencias Sociales,465,imputado,852.01,2242.13,True,False,"apc_monto, apc_moneda","issn_linking, institucion_editora_2, institucion_editora_3, titulo_alternativo, Country of other organisation, atributos_licencia, cc_legible_maquina, Copyright information URL, apc_amount_raw, Waiver policy information URL, servicios_preservacion, Preservation Service: national library, Deposit policy directory, URL for deposit policy, Continues, Continued By, apc_monto_original, apc_moneda_original, tasa_usd_utilizada, apc_monto, apc_moneda, titulo_normalizado_facts_dup, is_hybrid, titulo_normalizado_openapc_dup"
0124-7913,Bitácora Urbano Territorial,bitacora urbano territorial,CO,Humanidades,466,observado,714.2,1879.47,False,False,apc_metodo_imputacion,"issn_linking, institucion_editora_2, institucion_editora_3, titulo_alternativo, Country of other organisation, atributos_licencia, cc_legible_maquina, Copyright information URL, apc_amount_raw, Waiver policy information URL, servicios_preservacion, Preservation Service: national library, Preservation information URL, URL for deposit policy, Continues, Continued By, titulo_normalizado_facts_dup, titulo_normalizado_openapc_dup, apc_metodo_imputacion"
0120-3649,Theologica Xaveriana,theologica xaveriana,CO,Humanidades,467,imputado,623.04,1639.58,True,False,"apc_monto, apc_moneda","issn_linking, institucion_editora_2, institucion_editora_3, issn_impreso, Country of other organisation, atributos_licencia, cc_legible_maquina, apc_amount_raw, Waiver policy information URL, Other fees information URL, servicios_preservacion, Preservation Service: national library, Preservation information URL, Deposit policy directory, URL for deposit policy, Continues, Continued By, titulo_normalizado_doaj_dup, apc_monto_original, apc_moneda_original, tasa_usd_utilizada, apc_monto, apc_moneda, titulo_normalizado_facts_dup, is_hybrid, titulo_normalizado_openapc_dup"
2011-7582,Revista Colombiana De Cirugía,colombiana cirugia,CO,Ciencias Médicas y de la Salud,468,imputado,1291.63,3399.03,True,False,"apc_monto, apc_moneda","issn_linking, institucion_editora_2, institucion_editora_3, titulo_alternativo, Other organisation, Country of other organisation, atributos_licencia, apc_amount_raw, Waiver policy information URL, Other fees information URL, Preservation Service: national library, Deposit policy directory, URL for deposit policy, Continues, Continued By, apc_monto_original, apc_moneda_original, tasa_usd_utilizada, apc_monto, apc_moneda, titulo_normalizado_facts_dup, is_hybrid, titulo_normalizado_openapc_dup"
1794-9998,Diversitas : Perspectivas En Psicología,diversitas perspectivas psicologia,CO,Ciencias Sociales,469,observado,261.36,687.79,False,False,apc_metodo_imputacion,"issn_linking, institucion_editora_2, institucion_editora_3, rank, sourceid, tipo_publicacion, titulo_normalizado_scimago_dup, open_access, sjr_score, cuartil_sjr, h_index, total_docs, total_docs_3y, total_refs, total_citas_3y, docs_citables_3y, citas_por_doc_2y, refs_por_doc, pct_female, overton, cobertura, categorias, areas, titulo_alternativo, Other organisation, Country of other organisation, atributos_licencia, Copyright information URL, apc_amount_raw, Waiver policy information URL, Other fees information URL, servicios_preservacion, Preservation Service: national library, Preservation information URL, Deposit policy directory, URL for deposit policy, Continues, Continued By, titulo_normalizado_facts_dup, titulo_normalizado_openapc_dup, apc_metodo_imputacion, contraste_publindex_cuartil, ratio_citas_docs, sjr_score_zscore, h_index_zscore, sjr_score_minmax, h_index_minmax"
1794-7200,Criterio Libre Jurídico,criterio libre juridico,CO,Ciencias Sociales,470,imputado,870.41,2290.55,True,False,"apc_monto, apc_moneda","issn_electronic, issn_linking, institucion_editora_2, institucion_editora_3, rank, sourceid, tipo_publicacion, titulo_normalizado_scimago_dup, open_access, sjr_score, cuartil_sjr, h_index, total_docs, total_docs_3y, total_refs, total_citas_3y, docs_citables_3y, citas_por_doc_2y, refs_por_doc, pct_female, overton, cobertura, categorias, areas, titulo_alternativo, Other organisation, Country of other organisation, atributos_licencia, apc_amount_raw, Waiver policy information URL, Other fees information URL, Preservation Service: national library, Deposit policy directory, URL for deposit policy, Continues, Continued By, titulo_normalizado_doaj_dup, apc_monto_original, apc_moneda_original, tasa_usd_utilizada, apc_monto, apc_moneda, titulo_normalizado_facts_dup, is_hybrid, titulo_normalizado_openapc_dup, contraste_publindex_cuartil, ratio_citas_docs, sjr_score_zscore, h_index_zscore, sjr_score_minmax, h_index_minmax"
0120-3053,Apuntes Del Cenes,apuntes cenes,CO,Ciencias Sociales,471,imputado,893.1,2350.26,True,False,"apc_monto, apc_moneda","issn_linking, institucion_editora_2, institucion_editora_3, Other organisation, Country of other organisation, atributos_licencia, apc_amount_raw, Waiver policy information URL, Other fees information URL, servicios_preservacion, Preservation Service: national library, Preservation information URL, Continues, Continued By, apc_monto_original, apc_moneda_original, tasa_usd_utilizada, apc_monto, apc_moneda, titulo_normalizado_facts_dup, is_hybrid, titulo_normalizado_openapc_dup"
0121-4772,Revista Cuadernos De Economía,economia,CO,Ciencias Sociales,472,observado,3140.96,8265.68,False,False,apc_metodo_imputacion,"issn_linking, institucion_editora_2, institucion_editora_3, titulo_normalizado_scimago_dup, titulo_alternativo, Other organisation, Country of other organisation, atributos_licencia, cc_legible_maquina, apc_amount_raw, Waiver policy information URL, Other fees information URL, servicios_preservacion, Preservation Service: national library, Preservation information URL, Deposit policy directory, URL for deposit policy, identificadores_persistentes, Continues, Continued By, titulo_normalizado_facts_dup, titulo_normalizado_openapc_dup, apc_metodo_imputacion"
0124-0064,Revista De Salud Pública,salud publica,CO,Ciencias Médicas y de la Salud,473,imputado,1305.93,3436.66,True,False,"apc_monto, apc_moneda","issn_linking, codigo_dane, institucion_editora_2, institucion_editora_3, titulo_alternativo, Country of other organisation, atributos_licencia, cc_legible_maquina, apc_amount_raw, Waiver policy information URL, Other fees information URL, servicios_preservacion, Preservation Service: national library, Preservation information URL, Deposit policy directory, URL for deposit policy, identificadores_persistentes, Continues, Continued By, titulo_normalizado_doaj_dup, apc_monto_original, apc_moneda_original, tasa_usd_utilizada, apc_monto, apc_moneda, titulo_normalizado_facts_dup, is_hybrid, titulo_normalizado_openapc_dup"
0120-9957,Revista Colombiana De Gastroenterología,colombiana gastroenterologia,CO,Ciencias Médicas y de la Salud,474,declarado,540.0,1421.05,False,False,apc_metodo_imputacion,"issn_electronic, issn_linking, institucion_editora_2, institucion_editora_3, atributos_licencia, Other fees information URL, Preservation Service: national library, Continues, Continued By, Last Full Review Date, titulo_normalizado_doaj_dup, titulo_normalizado_facts_dup, is_hybrid, titulo_normalizado_openapc_dup, apc_metodo_imputacion"
1657-4249,Uni-Pluriversidad,uni pluriversidad,CO,Ciencias Sociales,475,imputado,889.72,2341.37,True,False,"apc_monto, apc_moneda","issn_electronic, issn_linking, institucion_editora_2, institucion_editora_3, rank, sourceid, tipo_publicacion, titulo_normalizado_scimago_dup, open_access, sjr_score, cuartil_sjr, h_index, total_docs, total_docs_3y, total_refs, total_citas_3y, docs_citables_3y, citas_por_doc_2y, refs_por_doc, pct_female, overton, cobertura, categorias, areas, titulo_alternativo, issn_impreso, Country of other organisation, atributos_licencia, cc_legible_maquina, Copyright information URL, apc_amount_raw, Waiver policy information URL, Other fees information URL, servicios_preservacion, Preservation Service: national library, Preservation information URL, Deposit policy directory, URL for deposit policy, identificadores_persistentes, Continues, Continued By, titulo_normalizado_doaj_dup, apc_monto_original, apc_moneda_original, tasa_usd_utilizada, apc_monto, apc_moneda, titulo_normalizado_facts_dup, is_hybrid, titulo_normalizado_openapc_dup, contraste_publindex_cuartil, ratio_citas_docs, sjr_score_zscore, h_index_zscore, sjr_score_minmax, h_index_minmax"
0121-5612,Colombia Internacional,colombia internacional,CO,Ciencias Sociales,476,observado,2311.6,6083.16,False,False,apc_metodo_imputacion,"issn_linking, institucion_editora_2, institucion_editora_3, titulo_normalizado_scimago_dup, titulo_alternativo, Country of other organisation, atributos_licencia, cc_legible_maquina, apc_amount_raw, Waiver policy information URL, Other fees information URL, Preservation Service: national library, Deposit policy directory, URL for deposit policy, Continues, Continued By, titulo_normalizado_facts_dup, titulo_normalizado_openapc_dup, apc_metodo_imputacion"
0120-3916,Revista Colombiana De Educación,colombiana educacion,CO,Ciencias Sociales,477,imputado,891.31,2345.55,True,False,"apc_monto, apc_moneda","issn_linking, institucion_editora_3, titulo_normalizado_scimago_dup, titulo_alternativo, Other organisation, Country of other organisation, atributos_licencia, apc_amount_raw, Waiver policy information URL, Other fees information URL, servicios_preservacion, Preservation Service: national library, Preservation information URL, Deposit policy directory, URL for deposit policy, Continues, Continued By, apc_monto_original, apc_moneda_original, tasa_usd_utilizada, apc_monto, apc_moneda, titulo_normalizado_facts_dup, is_hybrid, titulo_normalizado_openapc_dup"
1794-9831,Ciencia Y Cuidado,ciencia cuidado,CO,Ciencias Médicas y de la Salud,478,imputado,1300.57,3422.55,True,False,"apc_monto, apc_moneda","issn_electronic, issn_linking, institucion_editora_2, institucion_editora_3, titulo_normalizado_scimago_dup, titulo_alternativo, Country of other organisation, atributos_licencia, Copyright information URL, apc_amount_raw, Waiver policy information URL, servicios_preservacion, Preservation Service: national library, Deposit policy directory, URL for deposit policy, Continues, Continued By, apc_monto_original, apc_moneda_original, tasa_usd_utilizada, apc_monto, apc_moneda, titulo_normalizado_facts_dup, is_hybrid, titulo_normalizado_openapc_dup"
0121-215X,Cuadernos De Geografía,geografia,CO,Ciencias Naturales,479,observado,449.28,1182.32,False,False,apc_metodo_imputacion,"issn_linking, institucion_editora_2, institucion_editora_3, Country of other organisation, atributos_licencia, cc_legible_maquina, apc_amount_raw, Waiver policy information URL, Other fees information URL, Preservation Service: national library, identificadores_persistentes, Continues, Continued By, titulo_normalizado_facts_dup, titulo_normalizado_openapc_dup, apc_metodo_imputacion"
0120-338X,Forma Y Función,forma funcion,CO,Humanidades,480,imputado,646.45,1701.18,True,False,"apc_monto, apc_moneda","issn_linking, institucion_editora_2, institucion_editora_3, titulo_alternativo, Other organisation, Country of other organisation, atributos_licencia, cc_legible_maquina, Copyright information URL, apc_amount_raw, Waiver policy information URL, Other fees information URL, servicios_preservacion, Preservation Service: national library, Preservation information URL, URL for deposit policy, identificadores_persistentes, Continues, Continued By, apc_monto_original, apc_moneda_original, tasa_usd_utilizada, apc_monto, apc_moneda, titulo_normalizado_facts_dup, is_hybrid, titulo_normalizado_openapc_dup"
0121-3814,"Tea Tecné, Episteme Y Didaxis",tea tecne episteme didaxis,CO,Ciencias Sociales,481,observado,3209.76,8446.74,False,False,apc_metodo_imputacion,"issn_electronic, issn_linking, institucion_editora_2, institucion_editora_3, rank, sourceid, tipo_publicacion, titulo_normalizado_scimago_dup, open_access, sjr_score, cuartil_sjr, h_index, total_docs, total_docs_3y, total_refs, total_citas_3y, docs_citables_3y, citas_por_doc_2y, refs_por_doc, pct_female, overton, cobertura, categorias, areas, titulo_alternativo, Other organisation, Country of other organisation, atributos_licencia, apc_amount_raw, Waiver policy information URL, Other fees information URL, servicios_preservacion, Preservation Service: national library, Preservation information URL, Continues, Continued By, titulo_normalizado_doaj_dup, titulo_normalizado_facts_dup, titulo_normalizado_openapc_dup, apc_metodo_imputacion, contraste_publindex_cuartil, ratio_citas_docs, sjr_score_zscore, h_index_zscore, sjr_score_minmax, h_index_minmax"
0121-8123,Revista Colombiana De Reumatología,colombiana reumatologia,CO,Ciencias Médicas y de la Salud,482,declarado,162.0,426.32,False,False,apc_metodo_imputacion,"issn_linking, institucion_editora_2, institucion_editora_3, issn_impreso, atributos_licencia, Waiver policy information URL, Preservation Service: national library, Deposit policy directory, URL for deposit policy, Continues, Continued By, titulo_normalizado_doaj_dup, titulo_normalizado_facts_dup, is_hybrid, titulo_normalizado_openapc_dup, apc_metodo_imputacion"
0120-2804,Revista Colombiana De Química,colombiana quimica,CO,Ciencias Naturales,483,imputado,1147.43,3019.55,True,False,"apc_monto, apc_moneda","issn_linking, institucion_editora_2, institucion_editora_3, titulo_alternativo, Country of other organisation, atributos_licencia, apc_amount_raw, Waiver policy information URL, Other fees information URL, Preservation Service: national library, Deposit policy directory, URL for deposit policy, Continues, Continued By, apc_monto_original, apc_moneda_original, tasa_usd_utilizada, apc_monto, apc_moneda, titulo_normalizado_facts_dup, is_hybrid, titulo_normalizado_openapc_dup"
2145-6097,Revista De Investigacion Agraria Ambiental,investigacion agraria ambiental,CO,Ciencias Agrícolas,484,imputado,1242.68,3270.21,True,False,"apc_monto, apc_moneda","issn_electronic, issn_linking, institucion_editora_2, institucion_editora_3, rank, sourceid, tipo_publicacion, titulo_normalizado_scimago_dup, open_access, sjr_score, cuartil_sjr, h_index, total_docs, total_docs_3y, total_refs, total_citas_3y, docs_citables_3y, citas_por_doc_2y, refs_por_doc, pct_female, overton, cobertura, categorias, areas, titulo_alternativo, Country of other organisation, atributos_licencia, cc_legible_maquina, Copyright information URL, apc_amount_raw, Waiver policy information URL, servicios_preservacion, Preservation Service: national library, Preservation information URL, Deposit policy directory, URL for deposit policy, Continues, Continued By, apc_monto_original, apc_moneda_original, tasa_usd_utilizada, apc_monto, apc_moneda, titulo_normalizado_facts_dup, is_hybrid, titulo_normalizado_openapc_dup, contraste_publindex_cuartil, ratio_citas_docs, sjr_score_zscore, h_index_zscore, sjr_score_minmax, h_index_minmax"
0123-921X,Tecnura,tecnura,CO,Ingeniería y Tecnología,485,imputado,1004.14,2642.47,True,False,"apc_monto, apc_moneda","issn_electronic, issn_linking, institucion_editora_2, institucion_editora_3, rank, sourceid, tipo_publicacion, titulo_normalizado_scimago_dup, open_access, sjr_score, cuartil_sjr, h_index, total_docs, total_docs_3y, total_refs, total_citas_3y, docs_citables_3y, citas_por_doc_2y, refs_por_doc, pct_female, overton, cobertura, categorias, areas, titulo_alternativo, Other organisation, Country of other organisation, atributos_licencia, cc_legible_maquina, apc_amount_raw, Waiver policy information URL, Other fees information URL, servicios_preservacion, Preservation Service: national library, Preservation information URL, Deposit policy directory, URL for deposit policy, identificadores_persistentes, Continues, Continued By, apc_monto_original, apc_moneda_original, tasa_usd_utilizada, apc_monto, apc_moneda, titulo_normalizado_facts_dup, is_hybrid, titulo_normalizado_openapc_dup, contraste_publindex_cuartil, ratio_citas_docs, sjr_score_zscore, h_index_zscore, sjr_score_minmax, h_index_minmax"
0120-4203,Contaduría Universidad De Antioquia,contaduria universidad antioquia,CO,Ciencias Sociales,486,imputado,889.72,2341.37,True,False,"apc_monto, apc_moneda","issn_electronic, issn_linking, institucion_editora_2, institucion_editora_3, rank, sourceid, tipo_publicacion, titulo_normalizado_scimago_dup, open_access, sjr_score, cuartil_sjr, h_index, total_docs, total_docs_3y, total_refs, total_citas_3y, docs_citables_3y, citas_por_doc_2y, refs_por_doc, pct_female, overton, cobertura, categorias, areas, Country of other organisation, atributos_licencia, cc_legible_maquina, Copyright information URL, apc_amount_raw, Waiver policy information URL, servicios_preservacion, Preservation Service: national library, Preservation information URL, Deposit policy directory, URL for deposit policy, identificadores_persistentes, Continues, Continued By, apc_monto_original, apc_moneda_original, tasa_usd_utilizada, apc_monto, apc_moneda, titulo_normalizado_facts_dup, is_hybrid, titulo_normalizado_openapc_dup, contraste_publindex_cuartil, ratio_citas_docs, sjr_score_zscore, h_index_zscore, sjr_score_minmax, h_index_minmax"
0120-0739,Colombia Forestal,colombia forestal,CO,Ciencias Agrícolas,487,observado,2159.14,5681.95,False,False,apc_metodo_imputacion,"issn_linking, institucion_editora_2, institucion_editora_3, titulo_alternativo, Other organisation, Country of other organisation, atributos_licencia, cc_legible_maquina, apc_amount_raw, Waiver policy information URL, Other fees information URL, Preservation Service: national library, Deposit policy directory, URL for deposit policy, Continues, Continued By, titulo_normalizado_facts_dup, titulo_normalizado_openapc_dup, apc_metodo_imputacion"
0120-3932,Economicas Cuc,economicas cuc,CO,Ciencias Sociales,488,observado,1974.77,5196.76,False,False,apc_metodo_imputacion,"issn_electronic, issn_linking, institucion_editora_2, institucion_editora_3, rank, sourceid, tipo_publicacion, titulo_normalizado_scimago_dup, open_access, sjr_score, cuartil_sjr, h_index, total_docs, total_docs_3y, total_refs, total_citas_3y, docs_citables_3y, citas_por_doc_2y, refs_por_doc, pct_female, overton, cobertura, categorias, areas, titulo_alternativo, issn_electronico, Country of other organisation, atributos_licencia, cc_legible_maquina, Waiver policy information URL, servicios_preservacion, Preservation Service: national library, Deposit policy directory, URL for deposit policy, identificadores_persistentes, Continues, Continued By, titulo_normalizado_doaj_dup, titulo_normalizado_facts_dup, titulo_normalizado_openapc_dup, apc_metodo_imputacion, contraste_publindex_cuartil, ratio_citas_docs, sjr_score_zscore, h_index_zscore, sjr_score_minmax, h_index_minmax"
0120-3592,Cuadernos De Administración,administracion,CO,Ciencias Sociales,489,imputado,871.48,2293.37,True,False,"apc_monto, apc_moneda","issn_electronic, issn_linking, institucion_editora_2, institucion_editora_3, rank, sourceid, tipo_publicacion, titulo_normalizado_scimago_dup, open_access, sjr_score, cuartil_sjr, h_index, total_docs, total_docs_3y, total_refs, total_citas_3y, docs_citables_3y, citas_por_doc_2y, refs_por_doc, pct_female, overton, cobertura, categorias, areas, titulo_alternativo, issn_impreso, atributos_licencia, cc_legible_maquina, apc_amount_raw, Waiver policy information URL, Other fees information URL, Preservation Service: national library, Deposit policy directory, URL for deposit policy, Continues, Continued By, titulo_normalizado_doaj_dup, apc_monto_original, apc_moneda_original, tasa_usd_utilizada, apc_monto, apc_moneda, titulo_normalizado_facts_dup, is_hybrid, titulo_normalizado_openapc_dup, contraste_publindex_cuartil, ratio_citas_docs, sjr_score_zscore, h_index_zscore, sjr_score_minmax, h_index_minmax"
0123-2126,Ingeniería Y Universidad,ingenieria universidad,CO,Ingeniería y Tecnología,490,imputado,1032.91,2718.18,True,False,"apc_monto, apc_moneda","issn_linking, institucion_editora_2, institucion_editora_3, atributos_licencia, apc_amount_raw, Waiver policy information URL, Other fees information URL, Preservation Service: national library, Deposit policy directory, URL for deposit policy, Continues, Continued By, titulo_normalizado_doaj_dup, apc_monto_original, apc_moneda_original, tasa_usd_utilizada, apc_monto, apc_moneda, titulo_normalizado_facts_dup, is_hybrid, titulo_normalizado_openapc_dup"
0012-7353,Dyna,dyna,CO,Ingeniería y Tecnología,491,observado,1790.62,4712.16,False,False,apc_metodo_imputacion,"issn_electronic, issn_linking, institucion_editora_2, institucion_editora_3, titulo_alternativo, Country of other organisation, atributos_licencia, apc_amount_raw, Waiver policy information URL, Other fees information URL, servicios_preservacion, Preservation Service: national library, Preservation information URL, Deposit policy directory, URL for deposit policy, identificadores_persistentes, Continues, Continued By, titulo_normalizado_facts_dup, titulo_normalizado_openapc_dup, apc_metodo_imputacion"
2011-2173,Revista Colombiana De Ciencias Hortícolas,colombiana ciencias horticolas,CO,Ciencias Agrícolas,492,observado,2160.0,5684.21,False,False,apc_metodo_imputacion,"issn_linking, institucion_editora_3, titulo_normalizado_scimago_dup, titulo_alternativo, atributos_licencia, apc_amount_raw, Waiver policy information URL, Other fees information URL, servicios_preservacion, Preservation Service: national library, Preservation information URL, Continues, Continued By, titulo_normalizado_doaj_dup, titulo_normalizado_facts_dup, titulo_normalizado_openapc_dup, apc_metodo_imputacion"
1657-0790,Profile,profile,CO,Ciencias Sociales,493,imputado,845.4,2224.74,True,False,"apc_monto, apc_moneda","issn_linking, institucion_editora_2, institucion_editora_3, titulo_alternativo, Other organisation, Country of other organisation, atributos_licencia, cc_legible_maquina, apc_amount_raw, Waiver policy information URL, Other fees information URL, servicios_preservacion, Preservation Service: national library, Preservation information URL, URL for deposit policy, identificadores_persistentes, Continues, Continued By, apc_monto_original, apc_moneda_original, tasa_usd_utilizada, apc_monto, apc_moneda, titulo_normalizado_facts_dup, is_hybrid, titulo_normalizado_openapc_dup"
0120-6346,Semestre Económico,semestre economico,CO,Ciencias Sociales,494,observado,1974.77,5196.76,False,False,apc_metodo_imputacion,"issn_electronic, issn_linking, institucion_editora_2, institucion_editora_3, rank, sourceid, tipo_publicacion, titulo_normalizado_scimago_dup, open_access, sjr_score, cuartil_sjr, h_index, total_docs, total_docs_3y, total_refs, total_citas_3y, docs_citables_3y, citas_por_doc_2y, refs_por_doc, pct_female, overton, cobertura, categorias, areas, titulo_alternativo, Country of other organisation, atributos_licencia, apc_amount_raw, Waiver policy information URL, Other fees information URL, servicios_preservacion, Preservation Service: national library, Preservation information URL, Deposit policy directory, URL for deposit policy, identificadores_persistentes, Continues, Continued By, titulo_normalizado_facts_dup, titulo_normalizado_openapc_dup, apc_metodo_imputacion, contraste_publindex_cuartil, ratio_citas_docs, sjr_score_zscore, h_index_zscore, sjr_score_minmax, h_index_minmax"
2027-5137,Historia Y Memoria,historia memoria,CO,Humanidades,495,observado,1205.28,3171.79,False,False,apc_metodo_imputacion,"issn_linking, institucion_editora_2, institucion_editora_3, titulo_alternativo, Other organisation, Country of other organisation, atributos_licencia, cc_legible_maquina, apc_amount_raw, Waiver policy information URL, Other fees information URL, Preservation Service: national library, Continues, Continued By, titulo_normalizado_facts_dup, titulo_normalizado_openapc_dup, apc_metodo_imputacion"
1692-8563,Dimensión Empresarial,dimension empresarial,CO,Ciencias Sociales,496,imputado,870.05,2289.61,True,False,"apc_monto, apc_moneda","issn_linking, institucion_editora_2, institucion_editora_3, rank, sourceid, tipo_publicacion, titulo_normalizado_scimago_dup, open_access, sjr_score, cuartil_sjr, h_index, total_docs, total_docs_3y, total_refs, total_citas_3y, docs_citables_3y, citas_por_doc_2y, refs_por_doc, pct_female, overton, cobertura, categorias, areas, titulo_alternativo, Country of other organisation, atributos_licencia, apc_amount_raw, Waiver policy information URL, Preservation Service: national library, Deposit policy directory, URL for deposit policy, Continues, Continued By, apc_monto_original, apc_moneda_original, tasa_usd_utilizada, apc_monto, apc_moneda, titulo_normalizado_facts_dup, is_hybrid, titulo_normalizado_openapc_dup, contraste_publindex_cuartil, ratio_citas_docs, sjr_score_zscore, h_index_zscore, sjr_score_minmax, h_index_minmax"
2215-910X,Suma De Negocios,suma negocios,CO,Ciencias Sociales,497,imputado,889.52,2340.84,True,False,"apc_monto, apc_moneda","issn_linking, institucion_editora_2, institucion_editora_3, titulo_alternativo, Other organisation, Country of other organisation, atributos_licencia, apc_amount_raw, Waiver policy information URL, Other fees information URL, servicios_preservacion, Preservation Service: national library, Preservation information URL, Deposit policy directory, URL for deposit policy, identificadores_persistentes, Continues, Continued By, apc_monto_original, apc_moneda_original, tasa_usd_utilizada, apc_monto, apc_moneda, titulo_normalizado_facts_dup, is_hybrid, titulo_normalizado_openapc_dup"
1794-2489,Tabula Rasa,tabula rasa,CO,Ciencias Sociales,498,imputado,870.41,2290.55,True,False,"apc_monto, apc_moneda","issn_electronic, issn_linking, institucion_editora_2, institucion_editora_3, rank, sourceid, tipo_publicacion, titulo_normalizado_scimago_dup, open_access, sjr_score, cuartil_sjr, h_index, total_docs, total_docs_3y, total_refs, total_citas_3y, docs_citables_3y, citas_por_doc_2y, refs_por_doc, pct_female, overton, cobertura, categorias, areas, titulo_alternativo, Other organisation, Country of other organisation, atributos_licencia, cc_legible_maquina, apc_amount_raw, Waiver policy information URL, Other fees information URL, servicios_preservacion, Preservation Service: national library, Preservation information URL, Deposit policy directory, URL for deposit policy, identificadores_persistentes, Continues, Continued By, apc_monto_original, apc_moneda_original, tasa_usd_utilizada, apc_monto, apc_moneda, titulo_normalizado_facts_dup, is_hybrid, titulo_normalizado_openapc_dup, contraste_publindex_cuartil, ratio_citas_docs, sjr_score_zscore, h_index_zscore, sjr_score_minmax, h_index_minmax"
0124-8170,Ciencia E Ingeniería Neogranadina,ciencia ingenieria neogranadina,CO,Ingeniería y Tecnología,499,observado,1950.48,5132.84,False,False,apc_metodo_imputacion,"issn_linking, institucion_editora_2, institucion_editora_3, rank, sourceid, tipo_publicacion, titulo_normalizado_scimago_dup, open_access, sjr_score, cuartil_sjr, h_index, total_docs, total_docs_3y, total_refs, total_citas_3y, docs_citables_3y, citas_por_doc_2y, refs_por_doc, pct_female, overton, cobertura, categorias, areas, titulo_alternativo, atributos_licencia, apc_amount_raw, Waiver policy information URL, Other fees information URL, Preservation Service: national library, Deposit policy directory, URL for deposit policy, Continues, Continued By, titulo_normalizado_facts_dup, titulo_normalizado_openapc_dup, apc_metodo_imputacion, contraste_publindex_cuartil, ratio_citas_docs, sjr_score_zscore, h_index_zscore, sjr_score_minmax, h_index_minmax"
1657-4583,Uis Ingenierías,uis ingenierias,CO,Ingeniería y Tecnología,500,imputado,1004.86,2644.37,True,False,"apc_monto, apc_moneda","issn_electronic, issn_linking, institucion_editora_2, institucion_editora_3, rank, sourceid, tipo_publicacion, titulo_normalizado_scimago_dup, open_access, sjr_score, cuartil_sjr, h_index, total_docs, total_docs_3y, total_refs, total_citas_3y, docs_citables_3y, citas_por_doc_2y, refs_por_doc, pct_female, overton, cobertura, categorias, areas, titulo_alternativo, Country of other organisation, atributos_licencia, cc_legible_maquina, Copyright information URL, apc_amount_raw, Waiver policy information URL, servicios_preservacion, Preservation Service: national library, Preservation information URL, URL for deposit policy, identificadores_persistentes, Continues, Continued By, apc_monto_original, apc_moneda_original, tasa_usd_utilizada, apc_monto, apc_moneda, titulo_normalizado_facts_dup, is_hybrid, titulo_normalizado_openapc_dup, contraste_publindex_cuartil, ratio_citas_docs, sjr_score_zscore, h_index_zscore, sjr_score_minmax, h_index_minmax"
1909-8391,Tesis Psicologica,tesis psicologica,CO,Ciencias Sociales,501,observado,1085.69,2857.08,False,False,apc_metodo_imputacion,"issn_electronic, issn_linking, institucion_editora_2, institucion_editora_3, rank, sourceid, tipo_publicacion, titulo_normalizado_scimago_dup, open_access, sjr_score, cuartil_sjr, h_index, total_docs, total_docs_3y, total_refs, total_citas_3y, docs_citables_3y, citas_por_doc_2y, refs_por_doc, pct_female, overton, cobertura, categorias, areas, issn_impreso, Other organisation, Country of other organisation, atributos_licencia, apc_amount_raw, Waiver policy information URL, Other fees information URL, Preservation Service: national library, Deposit policy directory, URL for deposit policy, Continues, Continued By, titulo_normalizado_doaj_dup, titulo_normalizado_facts_dup, titulo_normalizado_openapc_dup, apc_metodo_imputacion, contraste_publindex_cuartil, ratio_citas_docs, sjr_score_zscore, h_index_zscore, sjr_score_minmax, h_index_minmax"
0121-182X,Prolegomenos : Derechos Y Valores,prolegomenos derechos valores,CO,Ciencias Sociales,502,imputado,870.05,2289.61,True,False,"apc_monto, apc_moneda","issn_electronic, issn_linking, institucion_editora_2, institucion_editora_3, rank, sourceid, tipo_publicacion, titulo_normalizado_scimago_dup, open_access, sjr_score, cuartil_sjr, h_index, total_docs, total_docs_3y, total_refs, total_citas_3y, docs_citables_3y, citas_por_doc_2y, refs_por_doc, pct_female, overton, cobertura, categorias, areas, titulo_alternativo, Country of other organisation, atributos_licencia, Copyright information URL, apc_amount_raw, Waiver policy information URL, Other fees information URL, servicios_preservacion, Preservation Service: national library, Preservation information URL, Deposit policy directory, URL for deposit policy, Continues, Continued By, apc_monto_original, apc_moneda_original, tasa_usd_utilizada, apc_monto, apc_moneda, titulo_normalizado_facts_dup, is_hybrid, titulo_normalizado_openapc_dup, contraste_publindex_cuartil, ratio_citas_docs, sjr_score_zscore, h_index_zscore, sjr_score_minmax, h_index_minmax"
1794-192X,Revista Guillermo De Ockman,guillermo ockman,CO,Ciencias Sociales,503,imputado,870.05,2289.61,True,False,"apc_monto, apc_moneda","issn_linking, institucion_editora_2, institucion_editora_3, titulo_alternativo, Other organisation, Country of other organisation, atributos_licencia, apc_amount_raw, Other fees information URL, servicios_preservacion, Preservation Service: national library, Preservation information URL, Deposit policy directory, URL for deposit policy, Continues, Continued By, apc_monto_original, apc_moneda_original, tasa_usd_utilizada, apc_monto, apc_moneda, titulo_normalizado_facts_dup, is_hybrid, titulo_normalizado_openapc_dup"
0120-0011,Revista De La Facultad De Medicina De La Universidad Nacional De Colombia,facultad medicina universidad nacional colombia,CO,Ciencias Médicas y de la Salud,504,observado,1564.49,4117.08,False,False,apc_metodo_imputacion,"issn_linking, institucion_editora_2, institucion_editora_3, titulo_normalizado_scimago_dup, Other organisation, Country of other organisation, atributos_licencia, cc_legible_maquina, apc_amount_raw, Waiver policy information URL, Other fees information URL, servicios_preservacion, Preservation Service: national library, Preservation information URL, Deposit policy directory, URL for deposit policy, Continues, Continued By, titulo_normalizado_facts_dup, titulo_normalizado_openapc_dup, apc_metodo_imputacion"
0122-9761,Boletín De Investigaciones Marinas Y Costeras,investigaciones marinas costeras,CO,Ciencias Naturales,505,imputado,1113.66,2930.68,True,False,"apc_monto, apc_moneda","issn_electronic, issn_linking, institucion_editora_2, institucion_editora_3, rank, sourceid, tipo_publicacion, titulo_normalizado_scimago_dup, open_access, sjr_score, cuartil_sjr, h_index, total_docs, total_docs_3y, total_refs, total_citas_3y, docs_citables_3y, citas_por_doc_2y, refs_por_doc, pct_female, overton, cobertura, categorias, areas, titulo_alternativo, issn_impreso, atributos_licencia, apc_amount_raw, Waiver policy information URL, Other fees information URL, servicios_preservacion, Preservation Service: national library, Preservation information URL, Deposit policy directory, URL for deposit policy, identificadores_persistentes, Continues, Continued By, titulo_normalizado_doaj_dup, apc_monto_original, apc_moneda_original, tasa_usd_utilizada, apc_monto, apc_moneda, titulo_normalizado_facts_dup, is_hybrid, titulo_normalizado_openapc_dup, contraste_publindex_cuartil, ratio_citas_docs, sjr_score_zscore, h_index_zscore, sjr_score_minmax, h_index_minmax"
1909-941X,Clio América,clio america,CO,Ciencias Sociales,506,observado,2376.0,6252.63,False,False,apc_metodo_imputacion,"issn_linking, institucion_editora_2, institucion_editora_3, rank, sourceid, tipo_publicacion, titulo_normalizado_scimago_dup, open_access, sjr_score, cuartil_sjr, h_index, total_docs, total_docs_3y, total_refs, total_citas_3y, docs_citables_3y, citas_por_doc_2y, refs_por_doc, pct_female, overton, cobertura, categorias, areas, titulo_alternativo, Other organisation, Country of other organisation, atributos_licencia, apc_amount_raw, Waiver policy information URL, Other fees information URL, Preservation Service: national library, Continues, Continued By, titulo_normalizado_facts_dup, titulo_normalizado_openapc_dup, apc_metodo_imputacion, contraste_publindex_cuartil, ratio_citas_docs, sjr_score_zscore, h_index_zscore, sjr_score_minmax, h_index_minmax"
2145-3535,Informes Psicológicos,informes psicologicos,CO,Ciencias Sociales,507,imputado,871.48,2293.37,True,False,"apc_monto, apc_moneda","issn_linking, institucion_editora_2, institucion_editora_3, rank, sourceid, tipo_publicacion, titulo_normalizado_scimago_dup, open_access, sjr_score, cuartil_sjr, h_index, total_docs, total_docs_3y, total_refs, total_citas_3y, docs_citables_3y, citas_por_doc_2y, refs_por_doc, pct_female, overton, cobertura, categorias, areas, issn_impreso, Other organisation, Country of other organisation, atributos_licencia, apc_amount_raw, Waiver policy information URL, Other fees information URL, Preservation Service: national library, Deposit policy directory, URL for deposit policy, Continues, Continued By, titulo_normalizado_doaj_dup, apc_monto_original, apc_moneda_original, tasa_usd_utilizada, apc_monto, apc_moneda, titulo_normalizado_facts_dup, is_hybrid, titulo_normalizado_openapc_dup, contraste_publindex_cuartil, ratio_citas_docs, sjr_score_zscore, h_index_zscore, sjr_score_minmax, h_index_minmax"
0122-0268,Revista Mvz Córdoba,mvz cordoba,CO,Ciencias Agrícolas,508,imputado,1262.15,3321.45,True,False,"apc_monto, apc_moneda","issn_linking, institucion_editora_2, institucion_editora_3, Country of other organisation, atributos_licencia, cc_legible_maquina, Copyright information URL, apc_amount_raw, Waiver policy information URL, servicios_preservacion, Preservation Service: national library, Preservation information URL, Deposit policy directory, URL for deposit policy, Continues, Continued By, titulo_normalizado_doaj_dup, apc_monto_original, apc_moneda_original, tasa_usd_utilizada, apc_monto, apc_moneda, titulo_normalizado_facts_dup, is_hybrid, titulo_normalizado_openapc_dup"
0121-6805,Revista Facultad De Ciencias Económicas : Investigación Y Reflexión,facultad ciencias economicas investigacion reflexion,CO,Ciencias Sociales,509,observado,1974.77,5196.76,False,False,apc_metodo_imputacion,"issn_electronic, issn_linking, institucion_editora_2, institucion_editora_3, rank, sourceid, tipo_publicacion, titulo_normalizado_scimago_dup, open_access, sjr_score, cuartil_sjr, h_index, total_docs, total_docs_3y, total_refs, total_citas_3y, docs_citables_3y, citas_por_doc_2y, refs_por_doc, pct_female, overton, cobertura, categorias, areas, atributos_licencia, apc_amount_raw, Waiver policy information URL, Other fees information URL, Preservation Service: national library, Deposit policy directory, URL for deposit policy, Continues, Continued By, titulo_normalizado_facts_dup, titulo_normalizado_openapc_dup, apc_metodo_imputacion, contraste_publindex_cuartil, ratio_citas_docs, sjr_score_zscore, h_index_zscore, sjr_score_minmax, h_index_minmax"
1900-3803,Entramado,entramado,CO,Ciencias Sociales,510,imputado,872.55,2296.18,True,False,"apc_monto, apc_moneda","issn_electronic, issn_linking, institucion_editora_2, institucion_editora_3, rank, sourceid, tipo_publicacion, titulo_normalizado_scimago_dup, open_access, sjr_score, cuartil_sjr, h_index, total_docs, total_docs_3y, total_refs, total_citas_3y, docs_citables_3y, citas_por_doc_2y, refs_por_doc, pct_female, overton, cobertura, categorias, areas, titulo_alternativo, Other organisation, Country of other organisation, atributos_licencia, apc_amount_raw, Waiver policy information URL, Preservation Service: national library, Deposit policy directory, URL for deposit policy, identificadores_persistentes, Continues, Continued By, apc_monto_original, apc_moneda_original, tasa_usd_utilizada, apc_monto, apc_moneda, titulo_normalizado_facts_dup, is_hybrid, titulo_normalizado_openapc_dup, contraste_publindex_cuartil, ratio_citas_docs, sjr_score_zscore, h_index_zscore, sjr_score_minmax, h_index_minmax"
1794-5887,Co-Herencia,co herencia,CO,Humanidades,511,imputado,613.75,1615.13,True,False,"apc_monto, apc_moneda","issn_electronic, issn_linking, institucion_editora_2, institucion_editora_3, titulo_alternativo, Other organisation, Country of other organisation, atributos_licencia, cc_legible_maquina, apc_amount_raw, Waiver policy information URL, Other fees information URL, Preservation Service: national library, Deposit policy directory, URL for deposit policy, Continues, Continued By, Last Full Review Date, apc_monto_original, apc_moneda_original, tasa_usd_utilizada, apc_monto, apc_moneda, titulo_normalizado_facts_dup, is_hybrid, titulo_normalizado_openapc_dup"
0122-8102,Cuadernos De Literatura,literatura,CO,Humanidades,512,observado,2838.9,7470.79,False,False,apc_metodo_imputacion,"issn_linking, codigo_dane, institucion_editora_2, institucion_editora_3, atributos_licencia, apc_amount_raw, Waiver policy information URL, Other fees information URL, servicios_preservacion, Preservation Service: national library, Preservation information URL, Deposit policy directory, URL for deposit policy, Continues, Continued By, titulo_normalizado_doaj_dup, titulo_normalizado_facts_dup, titulo_normalizado_openapc_dup, apc_metodo_imputacion"
1900-0642,Criterio Libre,criterio libre,CO,Ciencias Sociales,513,imputado,872.55,2296.18,True,False,"apc_monto, apc_moneda","issn_electronic, issn_linking, institucion_editora_2, institucion_editora_3, rank, sourceid, tipo_publicacion, titulo_normalizado_scimago_dup, open_access, sjr_score, cuartil_sjr, h_index, total_docs, total_docs_3y, total_refs, total_citas_3y, docs_citables_3y, citas_por_doc_2y, refs_por_doc, pct_female, overton, cobertura, categorias, areas, titulo_alternativo, atributos_licencia, cc_legible_maquina, apc_amount_raw, Waiver policy information URL, Other fees information URL, servicios_preservacion, Preservation Service: national library, Preservation information URL, Deposit policy directory, URL for deposit policy, Continues, Continued By, apc_monto_original, apc_moneda_original, tasa_usd_utilizada, apc_monto, apc_moneda, titulo_normalizado_facts_dup, is_hybrid, titulo_normalizado_openapc_dup, contraste_publindex_cuartil, ratio_citas_docs, sjr_score_zscore, h_index_zscore, sjr_score_minmax, h_index_minmax"
0121-8697,Revista De Derecho,derecho,CO,Ciencias Sociales,514,imputado,889.72,2341.37,True,False,"apc_monto, apc_moneda","issn_linking, institucion_editora_2, institucion_editora_3, titulo_normalizado_scimago_dup, titulo_alternativo, Country of other organisation, atributos_licencia, cc_legible_maquina, Copyright information URL, apc_amount_raw, Waiver policy information URL, servicios_preservacion, Preservation Service: national library, Preservation information URL, Deposit policy directory, URL for deposit policy, Continues, Continued By, apc_monto_original, apc_moneda_original, tasa_usd_utilizada, apc_monto, apc_moneda, titulo_normalizado_facts_dup, is_hybrid, titulo_normalizado_openapc_dup"
0304-2847,Revista Facultad Nacional De Agronomía - Medellín,facultad nacional agronomia medellin,CO,Ciencias Agrícolas,515,imputado,1256.98,3307.84,True,False,"apc_monto, apc_moneda","issn_linking, institucion_editora_2, institucion_editora_3, titulo_alternativo, Country of other organisation, atributos_licencia, Copyright information URL, apc_amount_raw, Waiver policy information URL, Other fees information URL, servicios_preservacion, Preservation Service: national library, Preservation information URL, URL for deposit policy, identificadores_persistentes, Continues, Continued By, apc_monto_original, apc_moneda_original, tasa_usd_utilizada, apc_monto, apc_moneda, titulo_normalizado_facts_dup, is_hybrid, titulo_normalizado_openapc_dup"
1900-6586,"Revista Científica ""General José María Córdova""",cientifica general jose maria cordova,CO,Ciencias Sociales,516,observado,966.76,2544.11,False,False,apc_metodo_imputacion,"issn_linking, institucion_editora_2, institucion_editora_3, Other organisation, Country of other organisation, atributos_licencia, apc_amount_raw, Waiver policy information URL, Other fees information URL, Preservation Service: national library, Deposit policy directory, URL for deposit policy, Continues, Continued By, titulo_normalizado_facts_dup, titulo_normalizado_openapc_dup, apc_metodo_imputacion"
0120-3584,Desarrollo Y Sociedad,desarrollo sociedad,CO,Ciencias Sociales,517,imputado,872.19,2295.24,True,False,"apc_monto, apc_moneda","issn_linking, institucion_editora_3, titulo_alternativo, Country of other organisation, atributos_licencia, cc_legible_maquina, apc_amount_raw, Waiver policy information URL, servicios_preservacion, Preservation Service: national library, Preservation information URL, Deposit policy directory, URL for deposit policy, Continues, Continued By, apc_monto_original, apc_moneda_original, tasa_usd_utilizada, apc_monto, apc_moneda, titulo_normalizado_facts_dup, is_hybrid, titulo_normalizado_openapc_dup"
1794-2470,Nova: Publicación Científica En Ciencias Médicas,nova publicacion cientifica ciencias medicas,CO,Ciencias Médicas y de la Salud,518,observado,3132.0,8242.11,False,False,apc_metodo_imputacion,"issn_electronic, issn_linking, codigo_dane, institucion_editora_3, rank, sourceid, tipo_publicacion, titulo_normalizado_scimago_dup, open_access, sjr_score, cuartil_sjr, h_index, total_docs, total_docs_3y, total_refs, total_citas_3y, docs_citables_3y, citas_por_doc_2y, refs_por_doc, pct_female, overton, cobertura, categorias, areas, titulo_alternativo, issn_electronico, Country of other organisation, atributos_licencia, cc_legible_maquina, apc_amount_raw, Waiver policy information URL, servicios_preservacion, Preservation Service: national library, Deposit policy directory, URL for deposit policy, identificadores_persistentes, Continues, Continued By, titulo_normalizado_facts_dup, titulo_normalizado_openapc_dup, apc_metodo_imputacion, contraste_publindex_cuartil, ratio_citas_docs, sjr_score_zscore, h_index_zscore, sjr_score_minmax, h_index_minmax"
0123-7799,Tecno Lógicas,tecno logicas,CO,Ingeniería y Tecnología,519,imputado,1003.43,2640.61,True,False,"apc_monto, apc_moneda","issn_electronic, issn_linking, institucion_editora_2, institucion_editora_3, rank, sourceid, tipo_publicacion, titulo_normalizado_scimago_dup, open_access, sjr_score, cuartil_sjr, h_index, total_docs, total_docs_3y, total_refs, total_citas_3y, docs_citables_3y, citas_por_doc_2y, refs_por_doc, pct_female, overton, cobertura, categorias, areas, Other organisation, Country of other organisation, atributos_licencia, cc_legible_maquina, Copyright information URL, apc_amount_raw, Waiver policy information URL, servicios_preservacion, Preservation Service: national library, Preservation information URL, Deposit policy directory, URL for deposit policy, identificadores_persistentes, Continues, Continued By, apc_monto_original, apc_moneda_original, tasa_usd_utilizada, apc_monto, apc_moneda, titulo_normalizado_facts_dup, is_hybrid, titulo_normalizado_openapc_dup, contraste_publindex_cuartil, ratio_citas_docs, sjr_score_zscore, h_index_zscore, sjr_score_minmax, h_index_minmax"
0120-5609,Ingeniería E Investigación,ingenieria investigacion,CO,Ingeniería y Tecnología,520,imputado,1014.51,2669.76,True,False,"apc_monto, apc_moneda","issn_linking, institucion_editora_2, institucion_editora_3, titulo_normalizado_scimago_dup, Other organisation, Country of other organisation, atributos_licencia, apc_amount_raw, Waiver policy information URL, Other fees information URL, servicios_preservacion, Preservation Service: national library, Preservation information URL, Continues, Continued By, apc_monto_original, apc_moneda_original, tasa_usd_utilizada, apc_monto, apc_moneda, titulo_normalizado_facts_dup, is_hybrid, titulo_normalizado_openapc_dup"
1657-4915,Praxis,praxis,CO,Ciencias Sociales,521,observado,2570.4,6764.21,False,False,apc_metodo_imputacion,"issn_linking, institucion_editora_2, institucion_editora_3, rank, sourceid, tipo_publicacion, titulo_normalizado_scimago_dup, open_access, sjr_score, cuartil_sjr, h_index, total_docs, total_docs_3y, total_refs, total_citas_3y, docs_citables_3y, citas_por_doc_2y, refs_por_doc, pct_female, overton, cobertura, categorias, areas, titulo_alternativo, Country of other organisation, atributos_licencia, Copyright information URL, apc_amount_raw, Waiver policy information URL, servicios_preservacion, Preservation Service: national library, URL for deposit policy, identificadores_persistentes, Continues, Continued By, titulo_normalizado_facts_dup, titulo_normalizado_openapc_dup, apc_metodo_imputacion, contraste_publindex_cuartil, ratio_citas_docs, sjr_score_zscore, h_index_zscore, sjr_score_minmax, h_index_minmax"
0120-5323,Universitas Philosophica,universitas philosophica,CO,Humanidades,522,observado,2435.58,6409.42,False,False,apc_metodo_imputacion,"issn_electronic, issn_linking, institucion_editora_2, institucion_editora_3, rank, sourceid, tipo_publicacion, titulo_normalizado_scimago_dup, open_access, sjr_score, cuartil_sjr, h_index, total_docs, total_docs_3y, total_refs, total_citas_3y, docs_citables_3y, citas_por_doc_2y, refs_por_doc, pct_female, overton, cobertura, categorias, areas, issn_impreso, atributos_licencia, cc_legible_maquina, apc_amount_raw, Waiver policy information URL, Other fees information URL, servicios_preservacion, Preservation Service: national library, Preservation information URL, Continues, Continued By, fecha_ultimo_articulo, titulo_normalizado_doaj_dup, titulo_normalizado_facts_dup, titulo_normalizado_openapc_dup, apc_metodo_imputacion, contraste_publindex_cuartil, ratio_citas_docs, sjr_score_zscore, h_index_zscore, sjr_score_minmax, h_index_minmax"
0041-9060,Vniversitas,vniversitas,CO,Ciencias Sociales,523,imputado,860.94,2265.63,True,False,"apc_monto, apc_moneda","issn_linking, institucion_editora_2, institucion_editora_3, issn_impreso, atributos_licencia, cc_legible_maquina, apc_amount_raw, Waiver policy information URL, Other fees information URL, servicios_preservacion, Preservation Service: national library, Preservation information URL, Continues, Continued By, fecha_ultimo_articulo, titulo_normalizado_doaj_dup, apc_monto_original, apc_moneda_original, tasa_usd_utilizada, apc_monto, apc_moneda, titulo_normalizado_facts_dup, is_hybrid, titulo_normalizado_openapc_dup"
0120-419X,Revista Integración,integracion,CO,Ciencias Naturales,524,observado,2802.59,7375.24,False,False,apc_metodo_imputacion,"issn_electronic, issn_linking, institucion_editora_2, institucion_editora_3, rank, sourceid, tipo_publicacion, titulo_normalizado_scimago_dup, open_access, sjr_score, cuartil_sjr, h_index, total_docs, total_docs_3y, total_refs, total_citas_3y, docs_citables_3y, citas_por_doc_2y, refs_por_doc, pct_female, overton, cobertura, categorias, areas, titulo_alternativo, Country of other organisation, atributos_licencia, cc_legible_maquina, Copyright information URL, apc_amount_raw, Waiver policy information URL, servicios_preservacion, Preservation Service: national library, Preservation information URL, Deposit policy directory, URL for deposit policy, Continues, Continued By, titulo_normalizado_facts_dup, titulo_normalizado_openapc_dup, apc_metodo_imputacion, contraste_publindex_cuartil, ratio_citas_docs, sjr_score_zscore, h_index_zscore, sjr_score_minmax, h_index_minmax"
0121-4004,Vitae,vitae,CO,Ciencias Médicas y de la Salud,525,observado,1270.36,3343.05,False,False,apc_metodo_imputacion,"issn_linking, institucion_editora_2, institucion_editora_3, rank, sourceid, tipo_publicacion, titulo_normalizado_scimago_dup, open_access, sjr_score, cuartil_sjr, h_index, total_docs, total_docs_3y, total_refs, total_citas_3y, docs_citables_3y, citas_por_doc_2y, refs_por_doc, pct_female, overton, cobertura, categorias, areas, titulo_alternativo, atributos_licencia, cc_legible_maquina, Waiver policy information URL, Other fees information URL, servicios_preservacion, Preservation Service: national library, Preservation information URL, Deposit policy directory, URL for deposit policy, identificadores_persistentes, Continues, Continued By, titulo_normalizado_facts_dup, titulo_normalizado_openapc_dup, apc_metodo_imputacion, contraste_publindex_cuartil, ratio_citas_docs, sjr_score_zscore, h_index_zscore, sjr_score_minmax, h_index_minmax"
0123-3432,Íkala,ikala,CO,Humanidades,526,imputado,612.87,1612.82,True,False,"apc_monto, apc_moneda","issn_linking, institucion_editora_2, institucion_editora_3, Other organisation, Country of other organisation, atributos_licencia, apc_amount_raw, Waiver policy information URL, Other fees information URL, servicios_preservacion, Preservation Service: national library, Preservation information URL, Continues, Continued By, apc_monto_original, apc_moneda_original, tasa_usd_utilizada, apc_monto, apc_moneda, titulo_normalizado_facts_dup, is_hybrid, titulo_normalizado_openapc_dup"
1657-8961,Pensamiento Psicológico,pensamiento psicologico,CO,Ciencias Sociales,527,imputado,880.42,2316.89,True,False,"apc_monto, apc_moneda","issn_electronic, issn_linking, institucion_editora_2, institucion_editora_3, rank, sourceid, tipo_publicacion, titulo_normalizado_scimago_dup, open_access, sjr_score, cuartil_sjr, h_index, total_docs, total_docs_3y, total_refs, total_citas_3y, docs_citables_3y, citas_por_doc_2y, refs_por_doc, pct_female, overton, cobertura, categorias, areas, titulo_alternativo, Country of other organisation, atributos_licencia, cc_legible_maquina, apc_amount_raw, Waiver policy information URL, Preservation Service: national library, URL for deposit policy, Continues, Continued By, apc_monto_original, apc_moneda_original, tasa_usd_utilizada, apc_monto, apc_moneda, titulo_normalizado_facts_dup, is_hybrid, titulo_normalizado_openapc_dup, contraste_publindex_cuartil, ratio_citas_docs, sjr_score_zscore, h_index_zscore, sjr_score_minmax, h_index_minmax"
0120-2456,Anuario Colombiano De Historia Social,anuario colombiano historia social,CO,Humanidades,528,observado,1205.28,3171.79,False,False,apc_metodo_imputacion,"issn_linking, institucion_editora_2, institucion_editora_3, titulo_alternativo, Country of other organisation, atributos_licencia, apc_amount_raw, Waiver policy information URL, Other fees information URL, servicios_preservacion, Preservation Service: national library, Preservation information URL, Continues, Continued By, titulo_normalizado_facts_dup, titulo_normalizado_openapc_dup, apc_metodo_imputacion"
1657-9763,Apuntes,apuntes,CO,Humanidades,529,imputado,632.15,1663.55,True,False,"apc_monto, apc_moneda","issn_electronic, issn_linking, institucion_editora_2, institucion_editora_3, rank, sourceid, tipo_publicacion, titulo_normalizado_scimago_dup, open_access, sjr_score, cuartil_sjr, h_index, total_docs, total_docs_3y, total_refs, total_citas_3y, docs_citables_3y, citas_por_doc_2y, refs_por_doc, pct_female, overton, cobertura, categorias, areas, Other organisation, Country of other organisation, atributos_licencia, apc_amount_raw, Waiver policy information URL, servicios_preservacion, Preservation Service: national library, Deposit policy directory, URL for deposit policy, identificadores_persistentes, Continues, Continued By, titulo_normalizado_doaj_dup, apc_monto_original, apc_moneda_original, tasa_usd_utilizada, apc_monto, apc_moneda, titulo_normalizado_facts_dup, is_hybrid, titulo_normalizado_openapc_dup, contraste_publindex_cuartil, ratio_citas_docs, sjr_score_zscore, h_index_zscore, sjr_score_minmax, h_index_minmax"
1692-8261,Prospectiva,prospectiva,CO,Ingeniería y Tecnología,530,observado,3065.04,8065.89,False,False,apc_metodo_imputacion,"issn_linking, institucion_editora_2, institucion_editora_3, rank, sourceid, tipo_publicacion, titulo_normalizado_scimago_dup, open_access, sjr_score, cuartil_sjr, h_index, total_docs, total_docs_3y, total_refs, total_citas_3y, docs_citables_3y, citas_por_doc_2y, refs_por_doc, pct_female, overton, cobertura, categorias, areas, titulo_alternativo, Country of other organisation, atributos_licencia, cc_legible_maquina, Copyright information URL, apc_amount_raw, Waiver policy information URL, Preservation Service: national library, Deposit policy directory, URL for deposit policy, Continues, Continued By, titulo_normalizado_facts_dup, titulo_normalizado_openapc_dup, apc_metodo_imputacion, contraste_publindex_cuartil, ratio_citas_docs, sjr_score_zscore, h_index_zscore, sjr_score_minmax, h_index_minmax"
0124-6127,Discusiones Filosóficas,discusiones filosoficas,CO,Humanidades,531,imputado,615.18,1618.89,True,False,"apc_monto, apc_moneda","issn_electronic, issn_linking, codigo_dane, institucion_editora_2, institucion_editora_3, titulo_alternativo, Other organisation, Country of other organisation, atributos_licencia, cc_legible_maquina, apc_amount_raw, Waiver policy information URL, Other fees information URL, servicios_preservacion, Preservation Service: national library, Preservation information URL, Deposit policy directory, URL for deposit policy, Continues, Continued By, titulo_normalizado_doaj_dup, apc_monto_original, apc_moneda_original, tasa_usd_utilizada, apc_monto, apc_moneda, titulo_normalizado_facts_dup, is_hybrid, titulo_normalizado_openapc_dup"
2145-4892,Revista De Psicología Universidad De Antioquia,psicologia universidad antioquia,CO,Ciencias Sociales,532,observado,261.36,687.79,False,False,apc_metodo_imputacion,"issn_linking, institucion_editora_2, institucion_editora_3, rank, sourceid, tipo_publicacion, titulo_normalizado_scimago_dup, open_access, sjr_score, cuartil_sjr, h_index, total_docs, total_docs_3y, total_refs, total_citas_3y, docs_citables_3y, citas_por_doc_2y, refs_por_doc, pct_female, overton, cobertura, categorias, areas, titulo_alternativo, issn_impreso, atributos_licencia, cc_legible_maquina, apc_amount_raw, Waiver policy information URL, Other fees information URL, servicios_preservacion, Preservation Service: national library, Preservation information URL, Deposit policy directory, URL for deposit policy, Continues, Continued By, fecha_ultimo_articulo, titulo_normalizado_doaj_dup, titulo_normalizado_facts_dup, titulo_normalizado_openapc_dup, apc_metodo_imputacion, contraste_publindex_cuartil, ratio_citas_docs, sjr_score_zscore, h_index_zscore, sjr_score_minmax, h_index_minmax"
2027-1174,Magis - Revista Internacional De Investigación En Educación,magis internacional investigacion educacion,CO,Ciencias Sociales,533,imputado,880.42,2316.89,True,False,"apc_monto, apc_moneda","issn_linking, institucion_editora_2, institucion_editora_3, Other organisation, Country of other organisation, atributos_licencia, apc_amount_raw, Waiver policy information URL, Other fees information URL, servicios_preservacion, Preservation Service: national library, Preservation information URL, Deposit policy directory, URL for deposit policy, Continues, Continued By, apc_monto_original, apc_moneda_original, tasa_usd_utilizada, apc_monto, apc_moneda, titulo_normalizado_facts_dup, is_hybrid, titulo_normalizado_openapc_dup"
2145-549X,Revista Logos Ciencia 6& Tecnologia,logos ciencia 6 tecnologia,CO,Humanidades,534,observado,262.81,691.61,False,False,apc_metodo_imputacion,"issn_linking, institucion_editora_2, institucion_editora_3, rank, sourceid, tipo_publicacion, titulo_normalizado_scimago_dup, open_access, sjr_score, cuartil_sjr, h_index, total_docs, total_docs_3y, total_refs, total_citas_3y, docs_citables_3y, citas_por_doc_2y, refs_por_doc, pct_female, overton, cobertura, categorias, areas, issn_electronico, Other organisation, Country of other organisation, atributos_licencia, apc_amount_raw, Waiver policy information URL, Other fees information URL, servicios_preservacion, Preservation Service: national library, Preservation information URL, Deposit policy directory, URL for deposit policy, identificadores_persistentes, Continues, Continued By, titulo_normalizado_facts_dup, titulo_normalizado_openapc_dup, apc_metodo_imputacion, contraste_publindex_cuartil, ratio_citas_docs, sjr_score_zscore, h_index_zscore, sjr_score_minmax, h_index_minmax"
0486-6525,Revista Colombiana De Antropología,colombiana antropologia,CO,Ciencias Sociales,535,imputado,891.67,2346.5,True,False,"apc_monto, apc_moneda","issn_linking, institucion_editora_2, institucion_editora_3, titulo_normalizado_scimago_dup, titulo_alternativo, Country of other organisation, atributos_licencia, cc_legible_maquina, Copyright information URL, apc_amount_raw, Waiver policy information URL, Other fees information URL, Preservation Service: national library, Deposit policy directory, URL for deposit policy, Continues, Continued By, apc_monto_original, apc_moneda_original, tasa_usd_utilizada, apc_monto, apc_moneda, titulo_normalizado_facts_dup, is_hybrid, titulo_normalizado_openapc_dup"
1900-3080,Revista Nacional De Odontología,nacional odontologia,CO,Ciencias Médicas y de la Salud,536,imputado,1272.51,3348.71,True,False,"apc_monto, apc_moneda","issn_electronic, issn_linking, institucion_editora_2, institucion_editora_3, rank, sourceid, tipo_publicacion, titulo_normalizado_scimago_dup, open_access, sjr_score, cuartil_sjr, h_index, total_docs, total_docs_3y, total_refs, total_citas_3y, docs_citables_3y, citas_por_doc_2y, refs_por_doc, pct_female, overton, cobertura, categorias, areas, titulo_alternativo, Country of other organisation, atributos_licencia, Copyright information URL, apc_amount_raw, Waiver policy information URL, Other fees information URL, servicios_preservacion, Preservation Service: national library, Preservation information URL, Deposit policy directory, URL for deposit policy, Continues, Continued By, fecha_ultimo_articulo, apc_monto_original, apc_moneda_original, tasa_usd_utilizada, apc_monto, apc_moneda, titulo_normalizado_facts_dup, is_hybrid, titulo_normalizado_openapc_dup, contraste_publindex_cuartil, ratio_citas_docs, sjr_score_zscore, h_index_zscore, sjr_score_minmax, h_index_minmax"
0120-0062,Ideas Y Valores,ideas valores,CO,Humanidades,537,observado,2925.75,7699.34,False,False,apc_metodo_imputacion,"issn_linking, institucion_editora_2, institucion_editora_3, Country of other organisation, atributos_licencia, cc_legible_maquina, apc_amount_raw, Waiver policy information URL, Other fees information URL, Preservation Service: national library, Continues, Continued By, titulo_normalizado_facts_dup, titulo_normalizado_openapc_dup, apc_metodo_imputacion"
0122-5383,"Ct&F Ciencia, Tecnología Y Futuro",ct f ciencia tecnologia futuro,CO,Ingeniería y Tecnología,538,observado,974.19,2563.66,False,False,apc_metodo_imputacion,"issn_linking, institucion_editora_2, institucion_editora_3, rank, sourceid, tipo_publicacion, titulo_normalizado_scimago_dup, open_access, sjr_score, cuartil_sjr, h_index, total_docs, total_docs_3y, total_refs, total_citas_3y, docs_citables_3y, citas_por_doc_2y, refs_por_doc, pct_female, overton, cobertura, categorias, areas, titulo_alternativo, atributos_licencia, cc_legible_maquina, apc_amount_raw, Waiver policy information URL, Other fees information URL, Preservation Service: national library, Deposit policy directory, URL for deposit policy, Continues, Continued By, titulo_normalizado_facts_dup, titulo_normalizado_openapc_dup, apc_metodo_imputacion, contraste_publindex_cuartil, ratio_citas_docs, sjr_score_zscore, h_index_zscore, sjr_score_minmax, h_index_minmax"
1900-4699,Revista Facultad De Ciencias Básicas,facultad ciencias basicas,CO,Ciencias Naturales,539,observado,2160.0,5684.21,False,False,apc_metodo_imputacion,"issn_electronic, issn_linking, institucion_editora_2, institucion_editora_3, titulo_normalizado_scimago_dup, Other organisation, Country of other organisation, atributos_licencia, Waiver policy information URL, Other fees information URL, servicios_preservacion, Preservation Service: national library, Preservation information URL, Deposit policy directory, URL for deposit policy, Continues, Continued By, titulo_normalizado_doaj_dup, titulo_normalizado_facts_dup, titulo_normalizado_openapc_dup, apc_metodo_imputacion"
1692-7311,Equidad & Desarrollo,equidad desarrollo,CO,Ciencias Sociales,540,imputado,870.41,2290.55,True,False,"apc_monto, apc_moneda","issn_electronic, issn_linking, institucion_editora_2, institucion_editora_3, rank, sourceid, tipo_publicacion, titulo_normalizado_scimago_dup, open_access, sjr_score, cuartil_sjr, h_index, total_docs, total_docs_3y, total_refs, total_citas_3y, docs_citables_3y, citas_por_doc_2y, refs_por_doc, pct_female, overton, cobertura, categorias, areas, titulo_alternativo, issn_impreso, atributos_licencia, apc_amount_raw, Waiver policy information URL, Other fees information URL, servicios_preservacion, Preservation Service: national library, Preservation information URL, Continues, Continued By, fecha_ultimo_articulo, titulo_normalizado_doaj_dup, apc_monto_original, apc_moneda_original, tasa_usd_utilizada, apc_monto, apc_moneda, titulo_normalizado_facts_dup, is_hybrid, titulo_normalizado_openapc_dup, contraste_publindex_cuartil, ratio_citas_docs, sjr_score_zscore, h_index_zscore, sjr_score_minmax, h_index_minmax"
1794-9165,Ingeniería Y Ciencia,ingenieria ciencia,CO,Ingeniería y Tecnología,541,imputado,1031.48,2714.42,True,False,"apc_monto, apc_moneda","issn_linking, institucion_editora_2, institucion_editora_3, titulo_normalizado_scimago_dup, titulo_alternativo, Other organisation, Country of other organisation, atributos_licencia, apc_amount_raw, Waiver policy information URL, Other fees information URL, servicios_preservacion, Preservation Service: national library, Preservation information URL, Deposit policy directory, URL for deposit policy, identificadores_persistentes, Continues, Continued By, apc_monto_original, apc_moneda_original, tasa_usd_utilizada, apc_monto, apc_moneda, titulo_normalizado_facts_dup, is_hybrid, titulo_normalizado_openapc_dup"
2145-9258,Cultura Educacion Y Sociedad,cultura educacion sociedad,CO,Ciencias Sociales,542,imputado,870.76,2291.47,True,False,"apc_monto, apc_moneda","issn_electronic, issn_linking, institucion_editora_2, institucion_editora_3, rank, sourceid, tipo_publicacion, titulo_normalizado_scimago_dup, open_access, sjr_score, cuartil_sjr, h_index, total_docs, total_docs_3y, total_refs, total_citas_3y, docs_citables_3y, citas_por_doc_2y, refs_por_doc, pct_female, overton, cobertura, categorias, areas, titulo_alternativo, Country of other organisation, atributos_licencia, cc_legible_maquina, apc_amount_raw, Waiver policy information URL, servicios_preservacion, Preservation Service: national library, Deposit policy directory, URL for deposit policy, Continues, Continued By, apc_monto_original, apc_moneda_original, tasa_usd_utilizada, apc_monto, apc_moneda, titulo_normalizado_facts_dup, is_hybrid, titulo_normalizado_openapc_dup, contraste_publindex_cuartil, ratio_citas_docs, sjr_score_zscore, h_index_zscore, sjr_score_minmax, h_index_minmax"
1657-8953,Civilizar,civilizar,CO,Ciencias Sociales,543,imputado,870.05,2289.61,True,False,"apc_monto, apc_moneda","issn_electronic, issn_linking, institucion_editora_2, institucion_editora_3, rank, sourceid, tipo_publicacion, titulo_normalizado_scimago_dup, open_access, sjr_score, cuartil_sjr, h_index, total_docs, total_docs_3y, total_refs, total_citas_3y, docs_citables_3y, citas_por_doc_2y, refs_por_doc, pct_female, overton, cobertura, categorias, areas, Other organisation, Country of other organisation, atributos_licencia, cc_legible_maquina, Copyright information URL, apc_amount_raw, Waiver policy information URL, Preservation Service: national library, Deposit policy directory, URL for deposit policy, Continues, Continued By, apc_monto_original, apc_moneda_original, tasa_usd_utilizada, apc_monto, apc_moneda, titulo_normalizado_facts_dup, is_hybrid, titulo_normalizado_openapc_dup, contraste_publindex_cuartil, ratio_citas_docs, sjr_score_zscore, h_index_zscore, sjr_score_minmax, h_index_minmax"
0120-4645,Cuadernos De Administración,administracion,CO,Ciencias Sociales,544,imputado,871.84,2294.32,True,False,"apc_monto, apc_moneda","issn_linking, institucion_editora_2, institucion_editora_3, rank, sourceid, tipo_publicacion, titulo_normalizado_scimago_dup, open_access, sjr_score, cuartil_sjr, h_index, total_docs, total_docs_3y, total_refs, total_citas_3y, docs_citables_3y, citas_por_doc_2y, refs_por_doc, pct_female, overton, cobertura, categorias, areas, titulo_alternativo, Other organisation, Country of other organisation, atributos_licencia, cc_legible_maquina, Copyright information URL, apc_amount_raw, Waiver policy information URL, Other fees information URL, servicios_preservacion, Preservation Service: national library, Preservation information URL, Deposit policy directory, URL for deposit policy, Continues, Continued By, apc_monto_original, apc_moneda_original, tasa_usd_utilizada, apc_monto, apc_moneda, titulo_normalizado_facts_dup, is_hybrid, titulo_normalizado_openapc_dup, contraste_publindex_cuartil, ratio_citas_docs, sjr_score_zscore, h_index_zscore, sjr_score_minmax, h_index_minmax"
1692-3030,Juridicas Cuc,juridicas cuc,CO,Ciencias Sociales,545,imputado,870.76,2291.47,True,False,"apc_monto, apc_moneda","issn_electronic, issn_linking, institucion_editora_2, institucion_editora_3, rank, sourceid, tipo_publicacion, titulo_normalizado_scimago_dup, open_access, sjr_score, cuartil_sjr, h_index, total_docs, total_docs_3y, total_refs, total_citas_3y, docs_citables_3y, citas_por_doc_2y, refs_por_doc, pct_female, overton, cobertura, categorias, areas, titulo_alternativo, atributos_licencia, cc_legible_maquina, apc_amount_raw, Waiver policy information URL, Other fees information URL, servicios_preservacion, Preservation Service: national library, Preservation information URL, Deposit policy directory, URL for deposit policy, Continues, Continued By, fecha_ultimo_articulo, titulo_normalizado_doaj_dup, apc_monto_original, apc_moneda_original, tasa_usd_utilizada, apc_monto, apc_moneda, titulo_normalizado_facts_dup, is_hybrid, titulo_normalizado_openapc_dup, contraste_publindex_cuartil, ratio_citas_docs, sjr_score_zscore, h_index_zscore, sjr_score_minmax, h_index_minmax"
0123-4870,Folios,folios,CO,Humanidades,546,imputado,645.38,1698.37,True,False,"apc_monto, apc_moneda","issn_electronic, issn_linking, institucion_editora_2, institucion_editora_3, rank, sourceid, tipo_publicacion, titulo_normalizado_scimago_dup, editorial, open_access, sjr_score, cuartil_sjr, h_index, total_docs, total_docs_3y, total_refs, total_citas_3y, docs_citables_3y, citas_por_doc_2y, refs_por_doc, pct_female, overton, cobertura, categorias, areas, url_revista, url, When did the journal start to publish all content using an open license?, titulo_alternativo, issn_impreso, issn_electronico, palabras_clave, idiomas, pais_editorial, Other organisation, Country of other organisation, licencia, atributos_licencia, URL for license terms, cc_legible_maquina, autor_retiene_copyright, Copyright information URL, tipo_revision, Review process information URL, politica_plagio, URL for journal's aims & scope, URL for the Editorial Board page, URL for journal's instructions for authors, semanas_submission_publicacion, tiene_apc, APC information URL, apc_amount_raw, politica_exencion, Waiver policy information URL, tiene_otros_cobros, Other fees information URL, servicios_preservacion, Preservation Service: national library, Preservation information URL, Deposit policy directory, URL for deposit policy, identificadores_persistentes, cumple_oa, Continues, Continued By, codigos_lcc, subscribe_to_open, Mirror Journal, Open Journals Collective, materias, fecha_incorporacion, fecha_actualizacion, Last Full Review Date, num_articulos, fecha_ultimo_articulo, titulo_normalizado_doaj_dup, apc_monto_original, apc_moneda_original, tasa_usd_utilizada, apc_conversion_estado, apc_monto, apc_moneda, titulo_normalizado_facts_dup, is_hybrid, titulo_normalizado_openapc_dup, contraste_publindex_cuartil, semanas_pub, editorial_rapida, ratio_citas_docs, sjr_score_zscore, h_index_zscore, semanas_pub_zscore, sjr_score_minmax, h_index_minmax, semanas_pub_minmax"
0124-0021,Diálogos De Saberes,dialogos saberes,CO,Ciencias Sociales,547,observado,262.81,691.61,False,False,apc_metodo_imputacion,"issn_electronic, issn_linking, institucion_editora_2, institucion_editora_3, rank, sourceid, tipo_publicacion, titulo_normalizado_scimago_dup, open_access, sjr_score, cuartil_sjr, h_index, total_docs, total_docs_3y, total_refs, total_citas_3y, docs_citables_3y, citas_por_doc_2y, refs_por_doc, pct_female, overton, cobertura, categorias, areas, titulo_alternativo, Country of other organisation, atributos_licencia, cc_legible_maquina, apc_amount_raw, Waiver policy information URL, Other fees information URL, servicios_preservacion, Preservation Service: national library, Preservation information URL, Deposit policy directory, URL for deposit policy, identificadores_persistentes, Continues, Continued By, titulo_normalizado_doaj_dup, titulo_normalizado_facts_dup, titulo_normalizado_openapc_dup, apc_metodo_imputacion, contraste_publindex_cuartil, ratio_citas_docs, sjr_score_zscore, h_index_zscore, sjr_score_minmax, h_index_minmax"
1909-3667,Tecciencia,tecciencia,CO,Ingeniería y Tecnología,548,imputado,1003.07,2639.66,True,False,"apc_monto, apc_moneda","issn_electronic, issn_linking, institucion_editora_3, rank, sourceid, tipo_publicacion, titulo_normalizado_scimago_dup, open_access, sjr_score, cuartil_sjr, h_index, total_docs, total_docs_3y, total_refs, total_citas_3y, docs_citables_3y, citas_por_doc_2y, refs_por_doc, pct_female, overton, cobertura, categorias, areas, titulo_alternativo, atributos_licencia, cc_legible_maquina, apc_amount_raw, Waiver policy information URL, Other fees information URL, servicios_preservacion, Preservation Service: national library, Preservation information URL, Deposit policy directory, URL for deposit policy, identificadores_persistentes, Continues, Continued By, titulo_normalizado_doaj_dup, apc_monto_original, apc_moneda_original, tasa_usd_utilizada, apc_monto, apc_moneda, titulo_normalizado_facts_dup, is_hybrid, titulo_normalizado_openapc_dup, contraste_publindex_cuartil, ratio_citas_docs, sjr_score_zscore, h_index_zscore, sjr_score_minmax, h_index_minmax"
1900-3099,Pensando Psicologia,pensando psicologia,CO,Ciencias Sociales,549,imputado,870.41,2290.55,True,False,"apc_monto, apc_moneda","issn_electronic, issn_linking, institucion_editora_2, institucion_editora_3, rank, sourceid, tipo_publicacion, titulo_normalizado_scimago_dup, open_access, sjr_score, cuartil_sjr, h_index, total_docs, total_docs_3y, total_refs, total_citas_3y, docs_citables_3y, citas_por_doc_2y, refs_por_doc, pct_female, overton, cobertura, categorias, areas, titulo_alternativo, Country of other organisation, atributos_licencia, apc_amount_raw, Waiver policy information URL, Other fees information URL, servicios_preservacion, Preservation Service: national library, Preservation information URL, Deposit policy directory, URL for deposit policy, Continues, Continued By, fecha_ultimo_articulo, apc_monto_original, apc_moneda_original, tasa_usd_utilizada, apc_monto, apc_moneda, titulo_normalizado_facts_dup, is_hybrid, titulo_normalizado_openapc_dup, contraste_publindex_cuartil, ratio_citas_docs, sjr_score_zscore, h_index_zscore, sjr_score_minmax, h_index_minmax"
0120-8942,Dikaion - Lo Justo,dikaion lo justo,CO,Ciencias Sociales,550,observado,736.56,1938.32,False,False,apc_metodo_imputacion,"issn_linking, institucion_editora_2, institucion_editora_3, titulo_alternativo, Other organisation, Country of other organisation, atributos_licencia, cc_legible_maquina, apc_amount_raw, Waiver policy information URL, Other fees information URL, servicios_preservacion, Preservation Service: national library, Preservation information URL, Continues, Continued By, titulo_normalizado_facts_dup, titulo_normalizado_openapc_dup, apc_metodo_imputacion"
1692-1798,Revista Iteckne,iteckne,CO,Ingeniería y Tecnología,551,imputado,1005.93,2647.18,True,False,"apc_monto, apc_moneda","issn_linking, institucion_editora_2, institucion_editora_3, rank, sourceid, tipo_publicacion, titulo_normalizado_scimago_dup, open_access, sjr_score, cuartil_sjr, h_index, total_docs, total_docs_3y, total_refs, total_citas_3y, docs_citables_3y, citas_por_doc_2y, refs_por_doc, pct_female, overton, cobertura, categorias, areas, titulo_alternativo, Country of other organisation, atributos_licencia, apc_amount_raw, Waiver policy information URL, Preservation Service: national library, Deposit policy directory, URL for deposit policy, identificadores_persistentes, Continues, Continued By, apc_monto_original, apc_moneda_original, tasa_usd_utilizada, apc_monto, apc_moneda, titulo_normalizado_facts_dup, is_hybrid, titulo_normalizado_openapc_dup, contraste_publindex_cuartil, ratio_citas_docs, sjr_score_zscore, h_index_zscore, sjr_score_minmax, h_index_minmax"
0121-246X,Revista Facultad De Odontología,facultad odontologia,CO,Ciencias Médicas y de la Salud,552,imputado,1291.82,3399.53,True,False,"apc_monto, apc_moneda","issn_linking, institucion_editora_2, institucion_editora_3, rank, sourceid, tipo_publicacion, titulo_normalizado_scimago_dup, open_access, sjr_score, cuartil_sjr, h_index, total_docs, total_docs_3y, total_refs, total_citas_3y, docs_citables_3y, citas_por_doc_2y, refs_por_doc, pct_female, overton, cobertura, categorias, areas, titulo_alternativo, Other organisation, Country of other organisation, atributos_licencia, Copyright information URL, apc_amount_raw, Waiver policy information URL, Other fees information URL, Preservation Service: national library, URL for deposit policy, identificadores_persistentes, Continues, Continued By, apc_monto_original, apc_moneda_original, tasa_usd_utilizada, apc_monto, apc_moneda, titulo_normalizado_facts_dup, is_hybrid, titulo_normalizado_openapc_dup, contraste_publindex_cuartil, ratio_citas_docs, sjr_score_zscore, h_index_zscore, sjr_score_minmax, h_index_minmax"
2145-4086,Lámpsakos,lampsakos,CO,Ingeniería y Tecnología,553,imputado,1003.43,2640.61,True,False,"apc_monto, apc_moneda","issn_electronic, issn_linking, institucion_editora_2, institucion_editora_3, rank, sourceid, tipo_publicacion, titulo_normalizado_scimago_dup, open_access, sjr_score, cuartil_sjr, h_index, total_docs, total_docs_3y, total_refs, total_citas_3y, docs_citables_3y, citas_por_doc_2y, refs_por_doc, pct_female, overton, cobertura, categorias, areas, issn_impreso, Other organisation, Country of other organisation, atributos_licencia, apc_amount_raw, Waiver policy information URL, Other fees information URL, servicios_preservacion, Preservation Service: national library, Preservation information URL, Continues, Continued By, apc_monto_original, apc_moneda_original, tasa_usd_utilizada, apc_monto, apc_moneda, titulo_normalizado_facts_dup, is_hybrid, titulo_normalizado_openapc_dup, contraste_publindex_cuartil, ratio_citas_docs, sjr_score_zscore, h_index_zscore, sjr_score_minmax, h_index_minmax"
1909-9746,Visión Electrónica: Algo Más Que Un Estado Sólido,vision electronica algo mas que un estado solido,CO,Ingeniería y Tecnología,554,observado,1794.92,4723.47,False,False,apc_metodo_imputacion,"issn_electronic, issn_linking, institucion_editora_2, institucion_editora_3, rank, sourceid, tipo_publicacion, titulo_normalizado_scimago_dup, open_access, sjr_score, cuartil_sjr, h_index, total_docs, total_docs_3y, total_refs, total_citas_3y, docs_citables_3y, citas_por_doc_2y, refs_por_doc, pct_female, overton, cobertura, categorias, areas, titulo_alternativo, Other organisation, Country of other organisation, atributos_licencia, cc_legible_maquina, apc_amount_raw, Waiver policy information URL, Other fees information URL, servicios_preservacion, Preservation Service: national library, Preservation information URL, Deposit policy directory, URL for deposit policy, identificadores_persistentes, Continues, Continued By, titulo_normalizado_facts_dup, titulo_normalizado_openapc_dup, apc_metodo_imputacion, contraste_publindex_cuartil, ratio_citas_docs, sjr_score_zscore, h_index_zscore, sjr_score_minmax, h_index_minmax"
0121-3709,Orinoquia,orinoquia,CO,Ciencias Agrícolas,555,imputado,1255.91,3305.03,True,False,"apc_monto, apc_moneda","issn_electronic, issn_linking, institucion_editora_2, institucion_editora_3, rank, sourceid, tipo_publicacion, titulo_normalizado_scimago_dup, editorial, open_access, sjr_score, cuartil_sjr, h_index, total_docs, total_docs_3y, total_refs, total_citas_3y, docs_citables_3y, citas_por_doc_2y, refs_por_doc, pct_female, overton, cobertura, categorias, areas, url_revista, url, When did the journal start to publish all content using an open license?, titulo_alternativo, issn_impreso, issn_electronico, palabras_clave, idiomas, pais_editorial, Other organisation, Country of other organisation, licencia, atributos_licencia, URL for license terms, cc_legible_maquina, autor_retiene_copyright, Copyright information URL, tipo_revision, Review process information URL, politica_plagio, URL for journal's aims & scope, URL for the Editorial Board page, URL for journal's instructions for authors, semanas_submission_publicacion, tiene_apc, APC information URL, apc_amount_raw, politica_exencion, Waiver policy information URL, tiene_otros_cobros, Other fees information URL, servicios_preservacion, Preservation Service: national library, Preservation information URL, Deposit policy directory, URL for deposit policy, identificadores_persistentes, cumple_oa, Continues, Continued By, codigos_lcc, subscribe_to_open, Mirror Journal, Open Journals Collective, materias, fecha_incorporacion, fecha_actualizacion, Last Full Review Date, num_articulos, fecha_ultimo_articulo, titulo_normalizado_doaj_dup, apc_monto_original, apc_moneda_original, tasa_usd_utilizada, apc_conversion_estado, apc_monto, apc_moneda, titulo_normalizado_facts_dup, is_hybrid, titulo_normalizado_openapc_dup, contraste_publindex_cuartil, semanas_pub, editorial_rapida, ratio_citas_docs, sjr_score_zscore, h_index_zscore, semanas_pub_zscore, sjr_score_minmax, h_index_minmax, semanas_pub_minmax"
1657-4923,Jangwa Pana,jangwa pana,CO,Ciencias Sociales,556,imputado,871.48,2293.37,True,False,"apc_monto, apc_moneda","issn_linking, institucion_editora_2, institucion_editora_3, rank, sourceid, tipo_publicacion, titulo_normalizado_scimago_dup, open_access, sjr_score, cuartil_sjr, h_index, total_docs, total_docs_3y, total_refs, total_citas_3y, docs_citables_3y, citas_por_doc_2y, refs_por_doc, pct_female, overton, cobertura, categorias, areas, titulo_alternativo, Country of other organisation, atributos_licencia, Copyright information URL, apc_amount_raw, Waiver policy information URL, servicios_preservacion, Preservation Service: national library, Preservation information URL, Deposit policy directory, URL for deposit policy, identificadores_persistentes, Continues, Continued By, apc_monto_original, apc_moneda_original, tasa_usd_utilizada, apc_monto, apc_moneda, titulo_normalizado_facts_dup, is_hybrid, titulo_normalizado_openapc_dup, contraste_publindex_cuartil, ratio_citas_docs, sjr_score_zscore, h_index_zscore, sjr_score_minmax, h_index_minmax"
0120-5633,Revista Colombiana De Cardiología,colombiana cardiologia,CO,Ciencias Médicas y de la Salud,557,imputado,1292.34,3400.89,True,False,"apc_monto, apc_moneda","issn_linking, institucion_editora_2, institucion_editora_3, titulo_normalizado_scimago_dup, titulo_alternativo, atributos_licencia, apc_amount_raw, Waiver policy information URL, Other fees information URL, Preservation Service: national library, Deposit policy directory, URL for deposit policy, Continues, Continued By, apc_monto_original, apc_moneda_original, tasa_usd_utilizada, apc_monto, apc_moneda, titulo_normalizado_facts_dup, is_hybrid, titulo_normalizado_openapc_dup"
0120-8462,Cuadernos De Filosofía Latinoamericana,filosofia latinoamericana,CO,Humanidades,558,observado,1974.5,5196.05,False,False,apc_metodo_imputacion,"issn_linking, institucion_editora_2, institucion_editora_3, rank, sourceid, tipo_publicacion, titulo_normalizado_scimago_dup, open_access, sjr_score, cuartil_sjr, h_index, total_docs, total_docs_3y, total_refs, total_citas_3y, docs_citables_3y, citas_por_doc_2y, refs_por_doc, pct_female, overton, cobertura, categorias, areas, titulo_alternativo, issn_impreso, Other organisation, Country of other organisation, atributos_licencia, cc_legible_maquina, apc_amount_raw, Waiver policy information URL, Other fees information URL, servicios_preservacion, Preservation Service: national library, Preservation information URL, Deposit policy directory, URL for deposit policy, identificadores_persistentes, Continues, Continued By, fecha_ultimo_articulo, titulo_normalizado_doaj_dup, titulo_normalizado_facts_dup, titulo_normalizado_openapc_dup, apc_metodo_imputacion, contraste_publindex_cuartil, ratio_citas_docs, sjr_score_zscore, h_index_zscore, sjr_score_minmax, h_index_minmax"
0123-3122,Persona Y Bioética,persona bioetica,CO,Ciencias Médicas y de la Salud,559,imputado,1272.51,3348.71,True,False,"apc_monto, apc_moneda","issn_linking, institucion_editora_2, institucion_editora_3, rank, sourceid, tipo_publicacion, titulo_normalizado_scimago_dup, open_access, sjr_score, cuartil_sjr, h_index, total_docs, total_docs_3y, total_refs, total_citas_3y, docs_citables_3y, citas_por_doc_2y, refs_por_doc, pct_female, overton, cobertura, categorias, areas, titulo_alternativo, Other organisation, Country of other organisation, atributos_licencia, cc_legible_maquina, apc_amount_raw, Waiver policy information URL, Other fees information URL, servicios_preservacion, Preservation Service: national library, Preservation information URL, Deposit policy directory, URL for deposit policy, Continues, Continued By, titulo_normalizado_doaj_dup, apc_monto_original, apc_moneda_original, tasa_usd_utilizada, apc_monto, apc_moneda, titulo_normalizado_facts_dup, is_hybrid, titulo_normalizado_openapc_dup, contraste_publindex_cuartil, ratio_citas_docs, sjr_score_zscore, h_index_zscore, sjr_score_minmax, h_index_minmax"
0123-0425,Educación Y Ciudad,educacion ciudad,CO,Ciencias Sociales,560,imputado,870.05,2289.61,True,False,"apc_monto, apc_moneda","issn_electronic, issn_linking, institucion_editora_2, institucion_editora_3, rank, sourceid, tipo_publicacion, titulo_normalizado_scimago_dup, open_access, sjr_score, cuartil_sjr, h_index, total_docs, total_docs_3y, total_refs, total_citas_3y, docs_citables_3y, citas_por_doc_2y, refs_por_doc, pct_female, overton, cobertura, categorias, areas, titulo_alternativo, Other organisation, Country of other organisation, atributos_licencia, apc_amount_raw, Waiver policy information URL, Other fees information URL, servicios_preservacion, Preservation Service: national library, Preservation information URL, Deposit policy directory, URL for deposit policy, Continues, Continued By, apc_monto_original, apc_moneda_original, tasa_usd_utilizada, apc_monto, apc_moneda, titulo_normalizado_facts_dup, is_hybrid, titulo_normalizado_openapc_dup, contraste_publindex_cuartil, ratio_citas_docs, sjr_score_zscore, h_index_zscore, sjr_score_minmax, h_index_minmax"
2027-1557,Luciernaga : Revista Virtual,luciernaga virtual,CO,Ciencias Sociales,561,observado,2311.6,6083.16,False,False,apc_metodo_imputacion,"issn_print, issn_linking, institucion_editora_2, institucion_editora_3, rank, sourceid, tipo_publicacion, titulo_normalizado_scimago_dup, open_access, sjr_score, cuartil_sjr, h_index, total_docs, total_docs_3y, total_refs, total_citas_3y, docs_citables_3y, citas_por_doc_2y, refs_por_doc, pct_female, overton, cobertura, categorias, areas, Other organisation, Country of other organisation, atributos_licencia, apc_amount_raw, Waiver policy information URL, Other fees information URL, Continues, Continued By, titulo_normalizado_doaj_dup, titulo_normalizado_facts_dup, titulo_normalizado_openapc_dup, apc_metodo_imputacion, contraste_publindex_cuartil, ratio_citas_docs, sjr_score_zscore, h_index_zscore, sjr_score_minmax, h_index_minmax"
1794-3841,Hallazgos,hallazgos,CO,Ciencias Sociales,562,imputado,872.91,2297.13,True,False,"apc_monto, apc_moneda","issn_electronic, issn_linking, institucion_editora_2, institucion_editora_3, rank, sourceid, tipo_publicacion, titulo_normalizado_scimago_dup, open_access, sjr_score, cuartil_sjr, h_index, total_docs, total_docs_3y, total_refs, total_citas_3y, docs_citables_3y, citas_por_doc_2y, refs_por_doc, pct_female, overton, cobertura, categorias, areas, titulo_alternativo, Other organisation, Country of other organisation, atributos_licencia, cc_legible_maquina, apc_amount_raw, Waiver policy information URL, Other fees information URL, servicios_preservacion, Preservation Service: national library, Preservation information URL, Deposit policy directory, URL for deposit policy, identificadores_persistentes, Continues, Continued By, apc_monto_original, apc_moneda_original, tasa_usd_utilizada, apc_monto, apc_moneda, titulo_normalizado_facts_dup, is_hybrid, titulo_normalizado_openapc_dup, contraste_publindex_cuartil, ratio_citas_docs, sjr_score_zscore, h_index_zscore, sjr_score_minmax, h_index_minmax"
0123-3769,Perspectiva Geográfica,perspectiva geografica,CO,Humanidades,563,observado,3065.04,8065.89,False,False,apc_metodo_imputacion,"issn_electronic, issn_linking, institucion_editora_3, rank, sourceid, tipo_publicacion, titulo_normalizado_scimago_dup, open_access, sjr_score, cuartil_sjr, h_index, total_docs, total_docs_3y, total_refs, total_citas_3y, docs_citables_3y, citas_por_doc_2y, refs_por_doc, pct_female, overton, cobertura, categorias, areas, titulo_alternativo, Other organisation, Country of other organisation, atributos_licencia, cc_legible_maquina, apc_amount_raw, Waiver policy information URL, Other fees information URL, Preservation Service: national library, Deposit policy directory, URL for deposit policy, Continues, Continued By, titulo_normalizado_facts_dup, titulo_normalizado_openapc_dup, apc_metodo_imputacion, contraste_publindex_cuartil, ratio_citas_docs, sjr_score_zscore, h_index_zscore, sjr_score_minmax, h_index_minmax"
0120-1263,Escritos,escritos,CO,Humanidades,564,imputado,632.86,1665.42,True,False,"apc_monto, apc_moneda","issn_electronic, issn_linking, institucion_editora_2, institucion_editora_3, rank, sourceid, tipo_publicacion, titulo_normalizado_scimago_dup, open_access, sjr_score, cuartil_sjr, h_index, total_docs, total_docs_3y, total_refs, total_citas_3y, docs_citables_3y, citas_por_doc_2y, refs_por_doc, pct_female, overton, cobertura, categorias, areas, titulo_alternativo, Country of other organisation, atributos_licencia, cc_legible_maquina, apc_amount_raw, Waiver policy information URL, servicios_preservacion, Preservation Service: national library, Preservation information URL, Deposit policy directory, URL for deposit policy, identificadores_persistentes, Continues, Continued By, apc_monto_original, apc_moneda_original, tasa_usd_utilizada, apc_monto, apc_moneda, titulo_normalizado_facts_dup, is_hybrid, titulo_normalizado_openapc_dup, contraste_publindex_cuartil, ratio_citas_docs, sjr_score_zscore, h_index_zscore, sjr_score_minmax, h_index_minmax"
0123-4412,Estudios De Literatura Colombiana,estudios literatura colombiana,CO,Humanidades,565,imputado,632.34,1664.05,True,False,"apc_monto, apc_moneda","issn_electronic, issn_linking, institucion_editora_2, institucion_editora_3, titulo_alternativo, Other organisation, Country of other organisation, atributos_licencia, apc_amount_raw, Waiver policy information URL, Other fees information URL, Preservation Service: national library, Continues, Continued By, apc_monto_original, apc_moneda_original, tasa_usd_utilizada, apc_monto, apc_moneda, titulo_normalizado_facts_dup, is_hybrid, titulo_normalizado_openapc_dup"
2382-5014,Revista Internacional De Cooperación Y Desarrollo,internacional cooperacion desarrollo,CO,Ciencias Sociales,566,imputado,899.89,2368.13,True,False,"apc_monto, apc_moneda","issn_linking, institucion_editora_2, institucion_editora_3, titulo_normalizado_scimago_dup, titulo_alternativo, issn_impreso, Other organisation, Country of other organisation, atributos_licencia, apc_amount_raw, Waiver policy information URL, Other fees information URL, servicios_preservacion, Preservation Service: national library, Preservation information URL, Deposit policy directory, URL for deposit policy, Continues, Continued By, apc_monto_original, apc_moneda_original, tasa_usd_utilizada, apc_monto, apc_moneda, titulo_normalizado_facts_dup, is_hybrid, titulo_normalizado_openapc_dup"
0123-3475,Revista Colombiana De Biotecnología,colombiana biotecnologia,CO,Ciencias Agrícolas,567,observado,904.17,2379.39,False,False,apc_metodo_imputacion,"issn_linking, institucion_editora_3, titulo_normalizado_scimago_dup, titulo_alternativo, Country of other organisation, atributos_licencia, apc_amount_raw, Waiver policy information URL, Other fees information URL, Preservation Service: national library, Deposit policy directory, URL for deposit policy, Continues, Continued By, titulo_normalizado_facts_dup, titulo_normalizado_openapc_dup, apc_metodo_imputacion"
1794-4953,Revista Avancesinvestigacion En Ingenieria,avancesinvestigacion ingenieria,CO,Ingeniería y Tecnología,568,imputado,1005.57,2646.24,True,False,"apc_monto, apc_moneda","issn_electronic, issn_linking, institucion_editora_2, institucion_editora_3, rank, sourceid, tipo_publicacion, titulo_normalizado_scimago_dup, open_access, sjr_score, cuartil_sjr, h_index, total_docs, total_docs_3y, total_refs, total_citas_3y, docs_citables_3y, citas_por_doc_2y, refs_por_doc, pct_female, overton, cobertura, categorias, areas, issn_electronico, Country of other organisation, atributos_licencia, cc_legible_maquina, apc_amount_raw, Waiver policy information URL, servicios_preservacion, Preservation Service: national library, Preservation information URL, Deposit policy directory, URL for deposit policy, identificadores_persistentes, Continues, Continued By, apc_monto_original, apc_moneda_original, tasa_usd_utilizada, apc_monto, apc_moneda, titulo_normalizado_facts_dup, is_hybrid, titulo_normalizado_openapc_dup, contraste_publindex_cuartil, ratio_citas_docs, sjr_score_zscore, h_index_zscore, sjr_score_minmax, h_index_minmax"
0124-0781,Reflexión Política,reflexion politica,CO,Ciencias Sociales,569,observado,2638.47,6943.34,False,False,apc_metodo_imputacion,"issn_electronic, issn_linking, institucion_editora_3, titulo_normalizado_scimago_dup, titulo_alternativo, Other organisation, Country of other organisation, atributos_licencia, cc_legible_maquina, apc_amount_raw, Waiver policy information URL, Other fees information URL, servicios_preservacion, Preservation Service: national library, Preservation information URL, Deposit policy directory, URL for deposit policy, Continues, Continued By, titulo_normalizado_facts_dup, titulo_normalizado_openapc_dup, apc_metodo_imputacion"
2145-4426,"Trilogía. Ciencia, Tecnologia Y Sociedad",trilogia ciencia tecnologia sociedad,CO,Ciencias Sociales,570,imputado,870.05,2289.61,True,False,"apc_monto, apc_moneda","issn_linking, institucion_editora_2, institucion_editora_3, rank, sourceid, tipo_publicacion, titulo_normalizado_scimago_dup, open_access, sjr_score, cuartil_sjr, h_index, total_docs, total_docs_3y, total_refs, total_citas_3y, docs_citables_3y, citas_por_doc_2y, refs_por_doc, pct_female, overton, cobertura, categorias, areas, titulo_alternativo, Country of other organisation, atributos_licencia, cc_legible_maquina, apc_amount_raw, Waiver policy information URL, Other fees information URL, servicios_preservacion, Preservation Service: national library, Preservation information URL, URL for deposit policy, Continues, Continued By, apc_monto_original, apc_moneda_original, tasa_usd_utilizada, apc_monto, apc_moneda, titulo_normalizado_facts_dup, is_hybrid, titulo_normalizado_openapc_dup, contraste_publindex_cuartil, ratio_citas_docs, sjr_score_zscore, h_index_zscore, sjr_score_minmax, h_index_minmax"
0121-3628,Estudios De Filosofía,estudios filosofia,CO,Humanidades,571,imputado,632.34,1664.05,True,False,"apc_monto, apc_moneda","issn_linking, institucion_editora_2, institucion_editora_3, titulo_alternativo, Country of other organisation, atributos_licencia, cc_legible_maquina, apc_amount_raw, Waiver policy information URL, servicios_preservacion, Preservation Service: national library, Preservation information URL, Deposit policy directory, URL for deposit policy, identificadores_persistentes, Continues, Continued By, apc_monto_original, apc_moneda_original, tasa_usd_utilizada, apc_monto, apc_moneda, titulo_normalizado_facts_dup, is_hybrid, titulo_normalizado_openapc_dup"
0120-7555,Turismo Y Sociedad,turismo sociedad,CO,Ciencias Sociales,572,observado,2156.34,5674.58,False,False,apc_metodo_imputacion,"issn_linking, institucion_editora_2, institucion_editora_3, rank, sourceid, tipo_publicacion, titulo_normalizado_scimago_dup, open_access, sjr_score, cuartil_sjr, h_index, total_docs, total_docs_3y, total_refs, total_citas_3y, docs_citables_3y, citas_por_doc_2y, refs_por_doc, pct_female, overton, cobertura, categorias, areas, titulo_alternativo, Other organisation, Country of other organisation, atributos_licencia, cc_legible_maquina, apc_amount_raw, Waiver policy information URL, servicios_preservacion, Preservation Service: national library, URL for deposit policy, identificadores_persistentes, Continues, Continued By, titulo_normalizado_facts_dup, titulo_normalizado_openapc_dup, apc_metodo_imputacion, contraste_publindex_cuartil, ratio_citas_docs, sjr_score_zscore, h_index_zscore, sjr_score_minmax, h_index_minmax"
1657-9089,Infancias Imágenes,infancias imagenes,CO,Ciencias Sociales,573,observado,265.79,699.45,False,False,apc_metodo_imputacion,"issn_electronic, issn_linking, institucion_editora_2, institucion_editora_3, rank, sourceid, tipo_publicacion, titulo_normalizado_scimago_dup, open_access, sjr_score, cuartil_sjr, h_index, total_docs, total_docs_3y, total_refs, total_citas_3y, docs_citables_3y, citas_por_doc_2y, refs_por_doc, pct_female, overton, cobertura, categorias, areas, titulo_alternativo, Country of other organisation, atributos_licencia, cc_legible_maquina, Copyright information URL, apc_amount_raw, Waiver policy information URL, servicios_preservacion, Preservation Service: national library, Preservation information URL, Deposit policy directory, URL for deposit policy, identificadores_persistentes, Continues, Continued By, titulo_normalizado_facts_dup, titulo_normalizado_openapc_dup, apc_metodo_imputacion, contraste_publindex_cuartil, ratio_citas_docs, sjr_score_zscore, h_index_zscore, sjr_score_minmax, h_index_minmax"
1794-211X,Vínculos,vinculos,CO,Ciencias Sociales,574,imputado,873.27,2298.08,True,False,"apc_monto, apc_moneda","issn_linking, institucion_editora_2, institucion_editora_3, rank, sourceid, tipo_publicacion, titulo_normalizado_scimago_dup, open_access, sjr_score, cuartil_sjr, h_index, total_docs, total_docs_3y, total_refs, total_citas_3y, docs_citables_3y, citas_por_doc_2y, refs_por_doc, pct_female, overton, cobertura, categorias, areas, titulo_alternativo, Country of other organisation, atributos_licencia, cc_legible_maquina, Copyright information URL, apc_amount_raw, Waiver policy information URL, servicios_preservacion, Preservation Service: national library, Preservation information URL, Deposit policy directory, URL for deposit policy, identificadores_persistentes, Continues, Continued By, apc_monto_original, apc_moneda_original, tasa_usd_utilizada, apc_monto, apc_moneda, titulo_normalizado_facts_dup, is_hybrid, titulo_normalizado_openapc_dup, contraste_publindex_cuartil, ratio_citas_docs, sjr_score_zscore, h_index_zscore, sjr_score_minmax, h_index_minmax"
0121-7550,Nomadas,nomadas,CO,Ciencias Sociales,575,imputado,870.05,2289.61,True,False,"apc_monto, apc_moneda","issn_electronic, issn_linking, institucion_editora_2, institucion_editora_3, rank, sourceid, tipo_publicacion, titulo_normalizado_scimago_dup, open_access, sjr_score, cuartil_sjr, h_index, total_docs, total_docs_3y, total_refs, total_citas_3y, docs_citables_3y, citas_por_doc_2y, refs_por_doc, pct_female, overton, cobertura, categorias, areas, titulo_alternativo, Other organisation, Country of other organisation, atributos_licencia, cc_legible_maquina, apc_amount_raw, Waiver policy information URL, Other fees information URL, servicios_preservacion, Preservation Service: national library, Preservation information URL, Deposit policy directory, URL for deposit policy, identificadores_persistentes, Continues, Continued By, apc_monto_original, apc_moneda_original, tasa_usd_utilizada, apc_monto, apc_moneda, titulo_normalizado_facts_dup, is_hybrid, titulo_normalizado_openapc_dup, contraste_publindex_cuartil, ratio_citas_docs, sjr_score_zscore, h_index_zscore, sjr_score_minmax, h_index_minmax"
0121-117X,Ensayos De Economía,ensayos economia,CO,Ciencias Sociales,576,observado,221.31,582.39,False,False,apc_metodo_imputacion,"issn_electronic, issn_linking, institucion_editora_2, institucion_editora_3, rank, sourceid, tipo_publicacion, titulo_normalizado_scimago_dup, open_access, sjr_score, cuartil_sjr, h_index, total_docs, total_docs_3y, total_refs, total_citas_3y, docs_citables_3y, citas_por_doc_2y, refs_por_doc, pct_female, overton, cobertura, categorias, areas, titulo_alternativo, Country of other organisation, atributos_licencia, Copyright information URL, apc_amount_raw, Waiver policy information URL, servicios_preservacion, Preservation Service: national library, Preservation information URL, URL for deposit policy, identificadores_persistentes, Continues, Continued By, titulo_normalizado_facts_dup, titulo_normalizado_openapc_dup, apc_metodo_imputacion, contraste_publindex_cuartil, ratio_citas_docs, sjr_score_zscore, h_index_zscore, sjr_score_minmax, h_index_minmax"
1657-0111,Palobra Palabra Que Obra,palobra palabra que obra,CO,Ciencias Sociales,577,imputado,870.76,2291.47,True,False,"apc_monto, apc_moneda","issn_electronic, issn_linking, institucion_editora_2, institucion_editora_3, rank, sourceid, tipo_publicacion, titulo_normalizado_scimago_dup, open_access, sjr_score, cuartil_sjr, h_index, total_docs, total_docs_3y, total_refs, total_citas_3y, docs_citables_3y, citas_por_doc_2y, refs_por_doc, pct_female, overton, cobertura, categorias, areas, Country of other organisation, atributos_licencia, cc_legible_maquina, Copyright information URL, apc_amount_raw, Waiver policy information URL, servicios_preservacion, Preservation Service: national library, Deposit policy directory, URL for deposit policy, Continues, Continued By, apc_monto_original, apc_moneda_original, tasa_usd_utilizada, apc_monto, apc_moneda, titulo_normalizado_facts_dup, is_hybrid, titulo_normalizado_openapc_dup, contraste_publindex_cuartil, ratio_citas_docs, sjr_score_zscore, h_index_zscore, sjr_score_minmax, h_index_minmax"
1900-2351,Revista Politecnica,politecnica,CO,Ciencias Sociales,578,imputado,870.41,2290.55,True,False,"apc_monto, apc_moneda","issn_electronic, issn_linking, institucion_editora_2, institucion_editora_3, rank, sourceid, tipo_publicacion, titulo_normalizado_scimago_dup, open_access, sjr_score, cuartil_sjr, h_index, total_docs, total_docs_3y, total_refs, total_citas_3y, docs_citables_3y, citas_por_doc_2y, refs_por_doc, pct_female, overton, cobertura, categorias, areas, Other organisation, Country of other organisation, atributos_licencia, cc_legible_maquina, apc_amount_raw, Waiver policy information URL, Preservation Service: national library, Deposit policy directory, URL for deposit policy, identificadores_persistentes, Continues, Continued By, apc_monto_original, apc_moneda_original, tasa_usd_utilizada, apc_monto, apc_moneda, titulo_normalizado_facts_dup, is_hybrid, titulo_normalizado_openapc_dup, contraste_publindex_cuartil, ratio_citas_docs, sjr_score_zscore, h_index_zscore, sjr_score_minmax, h_index_minmax"
0123-9392,Infectio,infectio,CO,Ciencias Médicas y de la Salud,579,observado,2889.08,7602.84,False,False,apc_metodo_imputacion,"issn_electronic, issn_linking, institucion_editora_2, institucion_editora_3, rank, sourceid, tipo_publicacion, titulo_normalizado_scimago_dup, open_access, sjr_score, cuartil_sjr, h_index, total_docs, total_docs_3y, total_refs, total_citas_3y, docs_citables_3y, citas_por_doc_2y, refs_por_doc, pct_female, overton, cobertura, categorias, areas, titulo_alternativo, issn_electronico, Country of other organisation, atributos_licencia, cc_legible_maquina, Copyright information URL, Other fees information URL, servicios_preservacion, Preservation Service: national library, Preservation information URL, Deposit policy directory, URL for deposit policy, identificadores_persistentes, Continues, Continued By, titulo_normalizado_facts_dup, titulo_normalizado_openapc_dup, apc_metodo_imputacion, contraste_publindex_cuartil, ratio_citas_docs, sjr_score_zscore, h_index_zscore, sjr_score_minmax, h_index_minmax"
1900-9607,Revista Ces Medicina Veterinaria Y Zootecnia,ces medicina veterinaria zootecnia,CO,Ciencias Agrícolas,580,observado,1564.49,4117.08,False,False,apc_metodo_imputacion,"issn_linking, institucion_editora_2, institucion_editora_3, titulo_normalizado_scimago_dup, titulo_alternativo, atributos_licencia, Waiver policy information URL, Other fees information URL, Preservation Service: national library, Continues, Continued By, titulo_normalizado_doaj_dup, titulo_normalizado_facts_dup, titulo_normalizado_openapc_dup, apc_metodo_imputacion"
0124-2067,Principia Iuris,principia iuris,CO,Ciencias Sociales,581,imputado,870.05,2289.61,True,False,"apc_monto, apc_moneda","issn_electronic, issn_linking, institucion_editora_2, institucion_editora_3, rank, sourceid, tipo_publicacion, titulo_normalizado_scimago_dup, open_access, sjr_score, cuartil_sjr, h_index, total_docs, total_docs_3y, total_refs, total_citas_3y, docs_citables_3y, citas_por_doc_2y, refs_por_doc, pct_female, overton, cobertura, categorias, areas, atributos_licencia, apc_amount_raw, Waiver policy information URL, Other fees information URL, servicios_preservacion, Preservation Service: national library, Preservation information URL, Deposit policy directory, URL for deposit policy, identificadores_persistentes, Continues, Continued By, titulo_normalizado_doaj_dup, apc_monto_original, apc_moneda_original, tasa_usd_utilizada, apc_monto, apc_moneda, titulo_normalizado_facts_dup, is_hybrid, titulo_normalizado_openapc_dup, contraste_publindex_cuartil, ratio_citas_docs, sjr_score_zscore, h_index_zscore, sjr_score_minmax, h_index_minmax"
2027-2391,Revista Kavilando,kavilando,CO,Ciencias Sociales,582,observado,263.08,692.32,False,False,apc_metodo_imputacion,"issn_electronic, issn_linking, institucion_editora_2, institucion_editora_3, rank, sourceid, tipo_publicacion, titulo_normalizado_scimago_dup, open_access, sjr_score, cuartil_sjr, h_index, total_docs, total_docs_3y, total_refs, total_citas_3y, docs_citables_3y, citas_por_doc_2y, refs_por_doc, pct_female, overton, cobertura, categorias, areas, titulo_alternativo, Country of other organisation, atributos_licencia, cc_legible_maquina, apc_amount_raw, Waiver policy information URL, Preservation Service: national library, Deposit policy directory, URL for deposit policy, Continues, Continued By, titulo_normalizado_facts_dup, titulo_normalizado_openapc_dup, apc_metodo_imputacion, contraste_publindex_cuartil, ratio_citas_docs, sjr_score_zscore, h_index_zscore, sjr_score_minmax, h_index_minmax"
0122-8900,Panorama Económico,panorama economico,CO,Ciencias Sociales,583,observado,1974.77,5196.76,False,False,apc_metodo_imputacion,"issn_electronic, issn_linking, institucion_editora_2, institucion_editora_3, rank, sourceid, tipo_publicacion, titulo_normalizado_scimago_dup, open_access, sjr_score, cuartil_sjr, h_index, total_docs, total_docs_3y, total_refs, total_citas_3y, docs_citables_3y, citas_por_doc_2y, refs_por_doc, pct_female, overton, cobertura, categorias, areas, titulo_alternativo, Country of other organisation, atributos_licencia, cc_legible_maquina, Copyright information URL, apc_amount_raw, Waiver policy information URL, servicios_preservacion, Preservation Service: national library, Preservation information URL, Deposit policy directory, URL for deposit policy, identificadores_persistentes, Continues, Continued By, titulo_normalizado_facts_dup, titulo_normalizado_openapc_dup, apc_metodo_imputacion, contraste_publindex_cuartil, ratio_citas_docs, sjr_score_zscore, h_index_zscore, sjr_score_minmax, h_index_minmax"
0122-2066,Anuario De Historia Regional Y De Las Fronteras,anuario historia regional fronteras,CO,Humanidades,584,observado,2028.48,5338.11,False,False,apc_metodo_imputacion,"issn_linking, institucion_editora_2, institucion_editora_3, rank, sourceid, tipo_publicacion, titulo_normalizado_scimago_dup, open_access, sjr_score, cuartil_sjr, h_index, total_docs, total_docs_3y, total_refs, total_citas_3y, docs_citables_3y, citas_por_doc_2y, refs_por_doc, pct_female, overton, cobertura, categorias, areas, titulo_alternativo, Country of other organisation, atributos_licencia, cc_legible_maquina, apc_amount_raw, Waiver policy information URL, Other fees information URL, servicios_preservacion, Preservation Service: national library, Preservation information URL, Deposit policy directory, URL for deposit policy, identificadores_persistentes, Continues, Continued By, titulo_normalizado_doaj_dup, titulo_normalizado_facts_dup, titulo_normalizado_openapc_dup, apc_metodo_imputacion, contraste_publindex_cuartil, ratio_citas_docs, sjr_score_zscore, h_index_zscore, sjr_score_minmax, h_index_minmax"
0120-3576,Coyuntura Económica,coyuntura economica,CO,Ciencias Sociales,585,observado,1974.77,5196.76,False,False,apc_metodo_imputacion,"issn_electronic, issn_linking, institucion_editora_2, institucion_editora_3, rank, sourceid, tipo_publicacion, titulo_normalizado_scimago_dup, open_access, sjr_score, cuartil_sjr, h_index, total_docs, total_docs_3y, total_refs, total_citas_3y, docs_citables_3y, citas_por_doc_2y, refs_por_doc, pct_female, overton, cobertura, categorias, areas, titulo_alternativo, issn_electronico, Country of other organisation, atributos_licencia, cc_legible_maquina, Waiver policy information URL, servicios_preservacion, Preservation Service: national library, Deposit policy directory, URL for deposit policy, identificadores_persistentes, Continues, Continued By, titulo_normalizado_doaj_dup, titulo_normalizado_facts_dup, titulo_normalizado_openapc_dup, apc_metodo_imputacion, contraste_publindex_cuartil, ratio_citas_docs, sjr_score_zscore, h_index_zscore, sjr_score_minmax, h_index_minmax"
0124-793X,Revista De Investigaciones Unad,investigaciones unad,CO,Ciencias Sociales,586,imputado,870.05,2289.61,True,False,"apc_monto, apc_moneda","issn_electronic, issn_linking, codigo_dane, institucion_editora_2, institucion_editora_3, rank, sourceid, tipo_publicacion, titulo_normalizado_scimago_dup, open_access, sjr_score, cuartil_sjr, h_index, total_docs, total_docs_3y, total_refs, total_citas_3y, docs_citables_3y, citas_por_doc_2y, refs_por_doc, pct_female, overton, cobertura, categorias, areas, titulo_alternativo, Other organisation, Country of other organisation, atributos_licencia, apc_amount_raw, Waiver policy information URL, Preservation Service: national library, Deposit policy directory, URL for deposit policy, Continues, Continued By, Last Full Review Date, titulo_normalizado_doaj_dup, apc_monto_original, apc_moneda_original, tasa_usd_utilizada, apc_monto, apc_moneda, titulo_normalizado_facts_dup, is_hybrid, titulo_normalizado_openapc_dup, contraste_publindex_cuartil, ratio_citas_docs, sjr_score_zscore, h_index_zscore, sjr_score_minmax, h_index_minmax"
1900-7841,Revista Colombiana Salud Libre,colombiana salud libre,CO,Ciencias Médicas y de la Salud,587,imputado,1283.6,3377.89,True,False,"apc_monto, apc_moneda","issn_electronic, issn_linking, institucion_editora_2, institucion_editora_3, titulo_normalizado_scimago_dup, titulo_alternativo, atributos_licencia, apc_amount_raw, Waiver policy information URL, Other fees information URL, servicios_preservacion, Preservation Service: national library, Preservation information URL, Continues, Continued By, titulo_normalizado_doaj_dup, apc_monto_original, apc_moneda_original, tasa_usd_utilizada, apc_monto, apc_moneda, titulo_normalizado_facts_dup, is_hybrid, titulo_normalizado_openapc_dup"
1794-631X,Revista De Investigaciones,investigaciones,CO,Ciencias Naturales,588,imputado,1113.66,2930.68,True,False,"apc_monto, apc_moneda","issn_linking, institucion_editora_2, institucion_editora_3, rank, sourceid, tipo_publicacion, titulo_normalizado_scimago_dup, open_access, sjr_score, cuartil_sjr, h_index, total_docs, total_docs_3y, total_refs, total_citas_3y, docs_citables_3y, citas_por_doc_2y, refs_por_doc, pct_female, overton, cobertura, categorias, areas, titulo_alternativo, Country of other organisation, atributos_licencia, cc_legible_maquina, Copyright information URL, apc_amount_raw, Waiver policy information URL, servicios_preservacion, Preservation Service: national library, Preservation information URL, Deposit policy directory, URL for deposit policy, identificadores_persistentes, Continues, Continued By, apc_monto_original, apc_moneda_original, tasa_usd_utilizada, apc_monto, apc_moneda, titulo_normalizado_facts_dup, is_hybrid, titulo_normalizado_openapc_dup, contraste_publindex_cuartil, ratio_citas_docs, sjr_score_zscore, h_index_zscore, sjr_score_minmax, h_index_minmax"
2145-3985,Contextos,contextos,CO,Humanidades,589,imputado,632.15,1663.55,True,False,"apc_monto, apc_moneda","issn_electronic, issn_linking, institucion_editora_2, institucion_editora_3, rank, sourceid, tipo_publicacion, titulo_normalizado_scimago_dup, open_access, sjr_score, cuartil_sjr, h_index, total_docs, total_docs_3y, total_refs, total_citas_3y, docs_citables_3y, citas_por_doc_2y, refs_por_doc, pct_female, overton, cobertura, categorias, areas, issn_impreso, Other organisation, Country of other organisation, atributos_licencia, apc_amount_raw, Waiver policy information URL, Other fees information URL, servicios_preservacion, Preservation Service: national library, Preservation information URL, Continues, Continued By, titulo_normalizado_doaj_dup, apc_monto_original, apc_moneda_original, tasa_usd_utilizada, apc_monto, apc_moneda, titulo_normalizado_facts_dup, is_hybrid, titulo_normalizado_openapc_dup, contraste_publindex_cuartil, ratio_citas_docs, sjr_score_zscore, h_index_zscore, sjr_score_minmax, h_index_minmax"
2027-7822,Acta Odontologica Colombiana,odontologica colombiana,CO,Ciencias Médicas y de la Salud,590,observado,621.0,1634.21,False,False,apc_metodo_imputacion,"issn_linking, institucion_editora_2, institucion_editora_3, titulo_normalizado_scimago_dup, titulo_alternativo, issn_impreso, Country of other organisation, atributos_licencia, cc_legible_maquina, apc_amount_raw, Waiver policy information URL, Other fees information URL, servicios_preservacion, Preservation Service: national library, Preservation information URL, Deposit policy directory, URL for deposit policy, identificadores_persistentes, Continues, Continued By, titulo_normalizado_facts_dup, titulo_normalizado_openapc_dup, apc_metodo_imputacion"
2346-0466,Ingenieria E Innovacion,ingenieria innovacion,CO,Ingeniería y Tecnología,591,imputado,1014.51,2669.76,True,False,"apc_monto, apc_moneda","issn_electronic, issn_linking, institucion_editora_2, institucion_editora_3, titulo_normalizado_scimago_dup, Country of other organisation, atributos_licencia, cc_legible_maquina, Copyright information URL, apc_amount_raw, Waiver policy information URL, servicios_preservacion, Preservation Service: national library, Preservation information URL, Deposit policy directory, URL for deposit policy, identificadores_persistentes, Continues, Continued By, fecha_ultimo_articulo, apc_monto_original, apc_moneda_original, tasa_usd_utilizada, apc_monto, apc_moneda, titulo_normalizado_facts_dup, is_hybrid, titulo_normalizado_openapc_dup"
2145-9932,Revista Ces Salud Publica,ces salud publica,CO,Ciencias Médicas y de la Salud,592,observado,2581.2,6792.63,False,False,apc_metodo_imputacion,"issn_electronic, issn_linking, institucion_editora_2, institucion_editora_3, titulo_normalizado_scimago_dup, titulo_alternativo, Country of other organisation, atributos_licencia, cc_legible_maquina, apc_amount_raw, Waiver policy information URL, Other fees information URL, servicios_preservacion, Preservation Service: national library, Preservation information URL, Deposit policy directory, URL for deposit policy, identificadores_persistentes, Continues, Continued By, titulo_normalizado_doaj_dup, titulo_normalizado_facts_dup, titulo_normalizado_openapc_dup, apc_metodo_imputacion"
1909-3888,Nodo,nodo,CO,Ciencias Sociales,593,imputado,870.41,2290.55,True,False,"apc_monto, apc_moneda","issn_electronic, issn_linking, institucion_editora_2, institucion_editora_3, rank, sourceid, tipo_publicacion, titulo_normalizado_scimago_dup, open_access, sjr_score, cuartil_sjr, h_index, total_docs, total_docs_3y, total_refs, total_citas_3y, docs_citables_3y, citas_por_doc_2y, refs_por_doc, pct_female, overton, cobertura, categorias, areas, titulo_alternativo, Other organisation, Country of other organisation, atributos_licencia, cc_legible_maquina, apc_amount_raw, Waiver policy information URL, Other fees information URL, servicios_preservacion, Preservation Service: national library, Preservation information URL, Deposit policy directory, URL for deposit policy, identificadores_persistentes, Continues, Continued By, fecha_ultimo_articulo, apc_monto_original, apc_moneda_original, tasa_usd_utilizada, apc_monto, apc_moneda, titulo_normalizado_facts_dup, is_hybrid, titulo_normalizado_openapc_dup, contraste_publindex_cuartil, ratio_citas_docs, sjr_score_zscore, h_index_zscore, sjr_score_minmax, h_index_minmax"
1794-1598,Inciso,inciso,CO,Ciencias Sociales,594,imputado,870.05,2289.61,True,False,"apc_monto, apc_moneda","issn_linking, institucion_editora_2, institucion_editora_3, rank, sourceid, tipo_publicacion, titulo_normalizado_scimago_dup, open_access, sjr_score, cuartil_sjr, h_index, total_docs, total_docs_3y, total_refs, total_citas_3y, docs_citables_3y, citas_por_doc_2y, refs_por_doc, pct_female, overton, cobertura, categorias, areas, titulo_alternativo, issn_electronico, Country of other organisation, atributos_licencia, cc_legible_maquina, Copyright information URL, apc_amount_raw, Waiver policy information URL, servicios_preservacion, Preservation Service: national library, Preservation information URL, Deposit policy directory, URL for deposit policy, identificadores_persistentes, Continues, Continued By, apc_monto_original, apc_moneda_original, tasa_usd_utilizada, apc_monto, apc_moneda, titulo_normalizado_facts_dup, is_hybrid, titulo_normalizado_openapc_dup, contraste_publindex_cuartil, ratio_citas_docs, sjr_score_zscore, h_index_zscore, sjr_score_minmax, h_index_minmax"
2339-3084,Contexto,contexto,CO,Ciencias Sociales,595,imputado,870.41,2290.55,True,False,"apc_monto, apc_moneda","issn_linking, codigo_dane, institucion_editora_2, institucion_editora_3, rank, sourceid, tipo_publicacion, titulo_normalizado_scimago_dup, open_access, sjr_score, cuartil_sjr, h_index, total_docs, total_docs_3y, total_refs, total_citas_3y, docs_citables_3y, citas_por_doc_2y, refs_por_doc, pct_female, overton, cobertura, categorias, areas, Country of other organisation, atributos_licencia, cc_legible_maquina, apc_amount_raw, Waiver policy information URL, Other fees information URL, servicios_preservacion, Preservation Service: national library, Preservation information URL, URL for deposit policy, identificadores_persistentes, Continues, Continued By, fecha_ultimo_articulo, titulo_normalizado_doaj_dup, apc_monto_original, apc_moneda_original, tasa_usd_utilizada, apc_monto, apc_moneda, titulo_normalizado_facts_dup, is_hybrid, titulo_normalizado_openapc_dup, contraste_publindex_cuartil, ratio_citas_docs, sjr_score_zscore, h_index_zscore, sjr_score_minmax, h_index_minmax"
1657-8651,"Revista Opera - Observatorio De Políticas, Ejecución Y Resultados De La Administración Pública",opera observatorio politicas ejecucion resultados administracion publica,CO,Ciencias Sociales,596,observado,2581.2,6792.63,False,False,apc_metodo_imputacion,"issn_linking, institucion_editora_2, institucion_editora_3, rank, sourceid, tipo_publicacion, titulo_normalizado_scimago_dup, open_access, sjr_score, cuartil_sjr, h_index, total_docs, total_docs_3y, total_refs, total_citas_3y, docs_citables_3y, citas_por_doc_2y, refs_por_doc, pct_female, overton, cobertura, categorias, areas, titulo_alternativo, Other organisation, Country of other organisation, atributos_licencia, cc_legible_maquina, apc_amount_raw, Waiver policy information URL, Other fees information URL, Preservation Service: national library, Continues, Continued By, titulo_normalizado_facts_dup, titulo_normalizado_openapc_dup, apc_metodo_imputacion, contraste_publindex_cuartil, ratio_citas_docs, sjr_score_zscore, h_index_zscore, sjr_score_minmax, h_index_minmax"
1657-6527,"Fuentes, El Reventón Energético",fuentes reventon energetico,CO,Ingeniería y Tecnología,597,imputado,1004.86,2644.37,True,False,"apc_monto, apc_moneda","issn_electronic, issn_linking, institucion_editora_2, institucion_editora_3, rank, sourceid, tipo_publicacion, titulo_normalizado_scimago_dup, open_access, sjr_score, cuartil_sjr, h_index, total_docs, total_docs_3y, total_refs, total_citas_3y, docs_citables_3y, citas_por_doc_2y, refs_por_doc, pct_female, overton, cobertura, categorias, areas, titulo_alternativo, Other organisation, Country of other organisation, atributos_licencia, apc_amount_raw, Waiver policy information URL, Other fees information URL, servicios_preservacion, Preservation Service: national library, Preservation information URL, Deposit policy directory, URL for deposit policy, Continues, Continued By, apc_monto_original, apc_moneda_original, tasa_usd_utilizada, apc_monto, apc_moneda, titulo_normalizado_facts_dup, is_hybrid, titulo_normalizado_openapc_dup, contraste_publindex_cuartil, ratio_citas_docs, sjr_score_zscore, h_index_zscore, sjr_score_minmax, h_index_minmax"
0122-1108,Pensamiento Jurídico,pensamiento juridico,CO,Ciencias Sociales,598,imputado,884.35,2327.24,True,False,"apc_monto, apc_moneda","issn_electronic, issn_linking, institucion_editora_2, institucion_editora_3, rank, sourceid, tipo_publicacion, titulo_normalizado_scimago_dup, open_access, sjr_score, cuartil_sjr, h_index, total_docs, total_docs_3y, total_refs, total_citas_3y, docs_citables_3y, citas_por_doc_2y, refs_por_doc, pct_female, overton, cobertura, categorias, areas, titulo_alternativo, Other organisation, Country of other organisation, atributos_licencia, cc_legible_maquina, apc_amount_raw, Waiver policy information URL, Other fees information URL, Preservation Service: national library, Deposit policy directory, URL for deposit policy, identificadores_persistentes, Continues, Continued By, apc_monto_original, apc_moneda_original, tasa_usd_utilizada, apc_monto, apc_moneda, titulo_normalizado_facts_dup, is_hybrid, titulo_normalizado_openapc_dup, contraste_publindex_cuartil, ratio_citas_docs, sjr_score_zscore, h_index_zscore, sjr_score_minmax, h_index_minmax"
1794-7561,Revista De Economía & Administración,economia administracion,CO,Ciencias Sociales,599,imputado,870.76,2291.47,True,False,"apc_monto, apc_moneda","issn_linking, institucion_editora_2, institucion_editora_3, rank, sourceid, tipo_publicacion, titulo_normalizado_scimago_dup, open_access, sjr_score, cuartil_sjr, h_index, total_docs, total_docs_3y, total_refs, total_citas_3y, docs_citables_3y, citas_por_doc_2y, refs_por_doc, pct_female, overton, cobertura, categorias, areas, titulo_alternativo, atributos_licencia, apc_amount_raw, Waiver policy information URL, Other fees information URL, Preservation Service: national library, Deposit policy directory, URL for deposit policy, Continues, Continued By, titulo_normalizado_doaj_dup, apc_monto_original, apc_moneda_original, tasa_usd_utilizada, apc_monto, apc_moneda, titulo_normalizado_facts_dup, is_hybrid, titulo_normalizado_openapc_dup, contraste_publindex_cuartil, ratio_citas_docs, sjr_score_zscore, h_index_zscore, sjr_score_minmax, h_index_minmax"
1657-4214,Perfil De Coyuntura Economica,perfil coyuntura economica,CO,Ciencias Sociales,600,observado,1974.77,5196.76,False,False,apc_metodo_imputacion,"issn_electronic, issn_linking, codigo_dane, institucion_editora_2, institucion_editora_3, rank, sourceid, tipo_publicacion, titulo_normalizado_scimago_dup, open_access, sjr_score, cuartil_sjr, h_index, total_docs, total_docs_3y, total_refs, total_citas_3y, docs_citables_3y, citas_por_doc_2y, refs_por_doc, pct_female, overton, cobertura, categorias, areas, titulo_alternativo, issn_electronico, Country of other organisation, atributos_licencia, cc_legible_maquina, Waiver policy information URL, servicios_preservacion, Preservation Service: national library, Deposit policy directory, URL for deposit policy, identificadores_persistentes, Continues, Continued By, titulo_normalizado_doaj_dup, titulo_normalizado_facts_dup, titulo_normalizado_openapc_dup, apc_metodo_imputacion, contraste_publindex_cuartil, ratio_citas_docs, sjr_score_zscore, h_index_zscore, sjr_score_minmax, h_index_minmax"
0120-8411,Acta De Otorrinolaringología & Cirugía De Cabeza Y Cuello,otorrinolaringologia cirugia cabeza cuello,CO,Ciencias Médicas y de la Salud,601,imputado,1272.87,3349.66,True,False,"apc_monto, apc_moneda","issn_electronic, issn_linking, institucion_editora_2, institucion_editora_3, rank, sourceid, tipo_publicacion, titulo_normalizado_scimago_dup, open_access, sjr_score, cuartil_sjr, h_index, total_docs, total_docs_3y, total_refs, total_citas_3y, docs_citables_3y, citas_por_doc_2y, refs_por_doc, pct_female, overton, cobertura, categorias, areas, titulo_alternativo, atributos_licencia, apc_amount_raw, Waiver policy information URL, Other fees information URL, servicios_preservacion, Preservation Service: national library, Preservation information URL, Deposit policy directory, URL for deposit policy, Continues, Continued By, titulo_normalizado_doaj_dup, apc_monto_original, apc_moneda_original, tasa_usd_utilizada, apc_monto, apc_moneda, titulo_normalizado_facts_dup, is_hybrid, titulo_normalizado_openapc_dup, contraste_publindex_cuartil, ratio_citas_docs, sjr_score_zscore, h_index_zscore, sjr_score_minmax, h_index_minmax"
2011-9836,In Vestigium Ire,vestigium ire,CO,Ciencias Sociales,602,imputado,872.91,2297.13,True,False,"apc_monto, apc_moneda","issn_electronic, issn_linking, institucion_editora_2, institucion_editora_3, rank, sourceid, tipo_publicacion, titulo_normalizado_scimago_dup, open_access, sjr_score, cuartil_sjr, h_index, total_docs, total_docs_3y, total_refs, total_citas_3y, docs_citables_3y, citas_por_doc_2y, refs_por_doc, pct_female, overton, cobertura, categorias, areas, titulo_alternativo, Country of other organisation, atributos_licencia, cc_legible_maquina, Copyright information URL, apc_amount_raw, Waiver policy information URL, servicios_preservacion, Preservation Service: national library, Preservation information URL, Deposit policy directory, URL for deposit policy, identificadores_persistentes, Continues, Continued By, fecha_ultimo_articulo, apc_monto_original, apc_moneda_original, tasa_usd_utilizada, apc_monto, apc_moneda, titulo_normalizado_facts_dup, is_hybrid, titulo_normalizado_openapc_dup, contraste_publindex_cuartil, ratio_citas_docs, sjr_score_zscore, h_index_zscore, sjr_score_minmax, h_index_minmax"
0124-4361,Memorias,memorias,CO,Ciencias Sociales,603,imputado,870.41,2290.55,True,False,"apc_monto, apc_moneda","issn_electronic, issn_linking, institucion_editora_2, institucion_editora_3, rank, sourceid, tipo_publicacion, titulo_normalizado_scimago_dup, open_access, sjr_score, cuartil_sjr, h_index, total_docs, total_docs_3y, total_refs, total_citas_3y, docs_citables_3y, citas_por_doc_2y, refs_por_doc, pct_female, overton, cobertura, categorias, areas, titulo_alternativo, Country of other organisation, atributos_licencia, cc_legible_maquina, apc_amount_raw, Waiver policy information URL, Other fees information URL, servicios_preservacion, Preservation Service: national library, Preservation information URL, Deposit policy directory, URL for deposit policy, identificadores_persistentes, Continues, Continued By, titulo_normalizado_doaj_dup, apc_monto_original, apc_moneda_original, tasa_usd_utilizada, apc_monto, apc_moneda, titulo_normalizado_facts_dup, is_hybrid, titulo_normalizado_openapc_dup, contraste_publindex_cuartil, ratio_citas_docs, sjr_score_zscore, h_index_zscore, sjr_score_minmax, h_index_minmax"
0121-0041,Revista Colombiana De Medicina Física Y Rehabilitación,colombiana medicina fisica rehabilitacion,CO,Ciencias Médicas y de la Salud,604,observado,1564.49,4117.08,False,False,apc_metodo_imputacion,"issn_electronic, issn_linking, institucion_editora_2, institucion_editora_3, titulo_normalizado_scimago_dup, titulo_alternativo, Other organisation, Country of other organisation, atributos_licencia, apc_amount_raw, Waiver policy information URL, Other fees information URL, servicios_preservacion, Preservation Service: national library, Preservation information URL, Deposit policy directory, URL for deposit policy, Continues, Continued By, titulo_normalizado_facts_dup, titulo_normalizado_openapc_dup, apc_metodo_imputacion"
1794-5232,Cultura Del Cuidado Enfermeria,cultura cuidado enfermeria,CO,Ciencias Médicas y de la Salud,605,imputado,1272.87,3349.66,True,False,"apc_monto, apc_moneda","issn_electronic, issn_linking, institucion_editora_2, institucion_editora_3, rank, sourceid, tipo_publicacion, titulo_normalizado_scimago_dup, open_access, sjr_score, cuartil_sjr, h_index, total_docs, total_docs_3y, total_refs, total_citas_3y, docs_citables_3y, citas_por_doc_2y, refs_por_doc, pct_female, overton, cobertura, categorias, areas, issn_impreso, atributos_licencia, cc_legible_maquina, apc_amount_raw, Waiver policy information URL, Other fees information URL, servicios_preservacion, Preservation Service: national library, Preservation information URL, Deposit policy directory, URL for deposit policy, Continues, Continued By, fecha_ultimo_articulo, titulo_normalizado_doaj_dup, apc_monto_original, apc_moneda_original, tasa_usd_utilizada, apc_monto, apc_moneda, titulo_normalizado_facts_dup, is_hybrid, titulo_normalizado_openapc_dup, contraste_publindex_cuartil, ratio_citas_docs, sjr_score_zscore, h_index_zscore, sjr_score_minmax, h_index_minmax"
1692-8415,Revista Ciencia  Y Tecnología Para La Salud Visual Y Ocular,ciencia tecnologia para salud visual ocular,CO,Ciencias Médicas y de la Salud,606,observado,3423.6,9009.47,False,False,apc_metodo_imputacion,"issn_electronic, issn_linking, institucion_editora_2, institucion_editora_3, rank, sourceid, tipo_publicacion, titulo_normalizado_scimago_dup, open_access, sjr_score, cuartil_sjr, h_index, total_docs, total_docs_3y, total_refs, total_citas_3y, docs_citables_3y, citas_por_doc_2y, refs_por_doc, pct_female, overton, cobertura, categorias, areas, titulo_alternativo, issn_electronico, Country of other organisation, atributos_licencia, cc_legible_maquina, Copyright information URL, apc_amount_raw, Waiver policy information URL, servicios_preservacion, Preservation Service: national library, Deposit policy directory, URL for deposit policy, Continues, Continued By, fecha_ultimo_articulo, titulo_normalizado_facts_dup, titulo_normalizado_openapc_dup, apc_metodo_imputacion, contraste_publindex_cuartil, ratio_citas_docs, sjr_score_zscore, h_index_zscore, sjr_score_minmax, h_index_minmax"
0123-8884,Affectio Societatis,affectio societatis,CO,Ciencias Sociales,607,observado,3065.04,8065.89,False,False,apc_metodo_imputacion,"issn_print, issn_linking, institucion_editora_2, institucion_editora_3, rank, sourceid, tipo_publicacion, titulo_normalizado_scimago_dup, open_access, sjr_score, cuartil_sjr, h_index, total_docs, total_docs_3y, total_refs, total_citas_3y, docs_citables_3y, citas_por_doc_2y, refs_por_doc, pct_female, overton, cobertura, categorias, areas, titulo_alternativo, issn_electronico, Other organisation, Country of other organisation, atributos_licencia, cc_legible_maquina, apc_amount_raw, Waiver policy information URL, Other fees information URL, Preservation Service: national library, Deposit policy directory, URL for deposit policy, identificadores_persistentes, Continues, Continued By, titulo_normalizado_facts_dup, titulo_normalizado_openapc_dup, apc_metodo_imputacion, contraste_publindex_cuartil, ratio_citas_docs, sjr_score_zscore, h_index_zscore, sjr_score_minmax, h_index_minmax"
0123-5095,Cuestiones De Filosofía,cuestiones filosofia,CO,Humanidades,608,imputado,635.72,1672.95,True,False,"apc_monto, apc_moneda","issn_linking, institucion_editora_2, institucion_editora_3, titulo_normalizado_scimago_dup, titulo_alternativo, Country of other organisation, atributos_licencia, cc_legible_maquina, Copyright information URL, apc_amount_raw, Waiver policy information URL, servicios_preservacion, Preservation Service: national library, Preservation information URL, Deposit policy directory, URL for deposit policy, identificadores_persistentes, Continues, Continued By, apc_monto_original, apc_moneda_original, tasa_usd_utilizada, apc_monto, apc_moneda, titulo_normalizado_facts_dup, is_hybrid, titulo_normalizado_openapc_dup"
1794-6638,Ratio Juris,ratio juris,CO,Ciencias Sociales,609,observado,1523.15,4008.29,False,False,apc_metodo_imputacion,"issn_electronic, issn_linking, institucion_editora_2, institucion_editora_3, rank, sourceid, tipo_publicacion, titulo_normalizado_scimago_dup, open_access, sjr_score, cuartil_sjr, h_index, total_docs, total_docs_3y, total_refs, total_citas_3y, docs_citables_3y, citas_por_doc_2y, refs_por_doc, pct_female, overton, cobertura, categorias, areas, titulo_alternativo, Country of other organisation, atributos_licencia, cc_legible_maquina, apc_amount_raw, Waiver policy information URL, Other fees information URL, servicios_preservacion, Preservation Service: national library, Preservation information URL, Deposit policy directory, URL for deposit policy, identificadores_persistentes, Continues, Continued By, titulo_normalizado_facts_dup, titulo_normalizado_openapc_dup, apc_metodo_imputacion, contraste_publindex_cuartil, ratio_citas_docs, sjr_score_zscore, h_index_zscore, sjr_score_minmax, h_index_minmax"
1794-6298,Vox Populi- Revista De La Escuela De Finanzas Y Estudios Internacionales De La Fundación Universitaria San Martín (Sede Bogotá),vox populi escuela finanzas estudios internacionales fundacion universitaria san martin sede bogota,CO,Ciencias Sociales,610,observado,3270.28,8606.0,False,False,apc_metodo_imputacion,"issn_linking, codigo_dane, institucion_editora_2, institucion_editora_3, titulo_normalizado_scimago_dup, titulo_alternativo, Country of other organisation, atributos_licencia, cc_legible_maquina, apc_amount_raw, Waiver policy information URL, servicios_preservacion, Preservation Service: national library, Deposit policy directory, URL for deposit policy, Continues, Continued By, titulo_normalizado_doaj_dup, titulo_normalizado_facts_dup, titulo_normalizado_openapc_dup, apc_metodo_imputacion"
1692-1399,Revista De Tecnología,tecnologia,CO,Ingeniería y Tecnología,611,declarado,340.2,895.26,False,False,apc_metodo_imputacion,"issn_electronic, issn_linking, institucion_editora_2, institucion_editora_3, rank, sourceid, tipo_publicacion, titulo_normalizado_scimago_dup, open_access, sjr_score, cuartil_sjr, h_index, total_docs, total_docs_3y, total_refs, total_citas_3y, docs_citables_3y, citas_por_doc_2y, refs_por_doc, pct_female, overton, cobertura, categorias, areas, issn_impreso, atributos_licencia, cc_legible_maquina, Other fees information URL, Preservation Service: national library, Deposit policy directory, URL for deposit policy, Continues, Continued By, titulo_normalizado_doaj_dup, titulo_normalizado_facts_dup, is_hybrid, titulo_normalizado_openapc_dup, apc_metodo_imputacion, contraste_publindex_cuartil, ratio_citas_docs, sjr_score_zscore, h_index_zscore, sjr_score_minmax, h_index_minmax"
1657-2815,Libre Empresa,libre empresa,CO,Ciencias Sociales,612,imputado,872.55,2296.18,True,False,"apc_monto, apc_moneda","issn_electronic, issn_linking, institucion_editora_2, institucion_editora_3, rank, sourceid, tipo_publicacion, titulo_normalizado_scimago_dup, open_access, sjr_score, cuartil_sjr, h_index, total_docs, total_docs_3y, total_refs, total_citas_3y, docs_citables_3y, citas_por_doc_2y, refs_por_doc, pct_female, overton, cobertura, categorias, areas, Country of other organisation, atributos_licencia, apc_amount_raw, Waiver policy information URL, Other fees information URL, servicios_preservacion, Preservation Service: national library, Preservation information URL, Continues, Continued By, titulo_normalizado_doaj_dup, apc_monto_original, apc_moneda_original, tasa_usd_utilizada, apc_monto, apc_moneda, titulo_normalizado_facts_dup, is_hybrid, titulo_normalizado_openapc_dup, contraste_publindex_cuartil, ratio_citas_docs, sjr_score_zscore, h_index_zscore, sjr_score_minmax, h_index_minmax"
0121-3652,Revista Uninpahu,uninpahu,CO,Ciencias Sociales,613,imputado,870.76,2291.47,True,False,"apc_monto, apc_moneda","issn_electronic, issn_linking, institucion_editora_2, institucion_editora_3, rank, sourceid, tipo_publicacion, titulo_normalizado_scimago_dup, open_access, sjr_score, cuartil_sjr, h_index, total_docs, total_docs_3y, total_refs, total_citas_3y, docs_citables_3y, citas_por_doc_2y, refs_por_doc, pct_female, overton, cobertura, categorias, areas, titulo_alternativo, atributos_licencia, apc_amount_raw, Waiver policy information URL, Other fees information URL, servicios_preservacion, Preservation Service: national library, Preservation information URL, Continues, Continued By, titulo_normalizado_doaj_dup, apc_monto_original, apc_moneda_original, tasa_usd_utilizada, apc_monto, apc_moneda, titulo_normalizado_facts_dup, is_hybrid, titulo_normalizado_openapc_dup, contraste_publindex_cuartil, ratio_citas_docs, sjr_score_zscore, h_index_zscore, sjr_score_minmax, h_index_minmax"
2011-3501,Dialectica Libertadora,dialectica libertadora,CO,Ciencias Sociales,614,observado,3065.04,8065.89,False,False,apc_metodo_imputacion,"issn_electronic, issn_linking, institucion_editora_2, institucion_editora_3, rank, sourceid, tipo_publicacion, titulo_normalizado_scimago_dup, open_access, sjr_score, cuartil_sjr, h_index, total_docs, total_docs_3y, total_refs, total_citas_3y, docs_citables_3y, citas_por_doc_2y, refs_por_doc, pct_female, overton, cobertura, categorias, areas, issn_electronico, atributos_licencia, apc_amount_raw, Waiver policy information URL, Other fees information URL, servicios_preservacion, Preservation Service: national library, Preservation information URL, Deposit policy directory, URL for deposit policy, Continues, Continued By, titulo_normalizado_doaj_dup, titulo_normalizado_facts_dup, titulo_normalizado_openapc_dup, apc_metodo_imputacion, contraste_publindex_cuartil, ratio_citas_docs, sjr_score_zscore, h_index_zscore, sjr_score_minmax, h_index_minmax"
0120-3754,Administración & Desarrollo,administracion desarrollo,CO,Ciencias Sociales,615,imputado,899.89,2368.13,True,False,"apc_monto, apc_moneda","issn_linking, institucion_editora_2, institucion_editora_3, titulo_normalizado_scimago_dup, titulo_alternativo, Other organisation, Country of other organisation, atributos_licencia, apc_amount_raw, Waiver policy information URL, Other fees information URL, Preservation Service: national library, Deposit policy directory, URL for deposit policy, Continues, Continued By, apc_monto_original, apc_moneda_original, tasa_usd_utilizada, apc_monto, apc_moneda, titulo_normalizado_facts_dup, is_hybrid, titulo_normalizado_openapc_dup"
0121-8670,Criterios,criterios,CO,Ciencias Sociales,616,imputado,870.05,2289.61,True,False,"apc_monto, apc_moneda","issn_electronic, issn_linking, institucion_editora_2, institucion_editora_3, rank, sourceid, tipo_publicacion, titulo_normalizado_scimago_dup, open_access, sjr_score, cuartil_sjr, h_index, total_docs, total_docs_3y, total_refs, total_citas_3y, docs_citables_3y, citas_por_doc_2y, refs_por_doc, pct_female, overton, cobertura, categorias, areas, titulo_alternativo, atributos_licencia, apc_amount_raw, Waiver policy information URL, Other fees information URL, servicios_preservacion, Preservation Service: national library, Preservation information URL, Deposit policy directory, URL for deposit policy, Continues, Continued By, apc_monto_original, apc_moneda_original, tasa_usd_utilizada, apc_monto, apc_moneda, titulo_normalizado_facts_dup, is_hybrid, titulo_normalizado_openapc_dup, contraste_publindex_cuartil, ratio_citas_docs, sjr_score_zscore, h_index_zscore, sjr_score_minmax, h_index_minmax"
2011-4680,Impetus,impetus,CO,Humanidades,617,imputado,645.38,1698.37,True,False,"apc_monto, apc_moneda","issn_electronic, issn_linking, institucion_editora_2, institucion_editora_3, rank, sourceid, tipo_publicacion, titulo_normalizado_scimago_dup, editorial, open_access, sjr_score, cuartil_sjr, h_index, total_docs, total_docs_3y, total_refs, total_citas_3y, docs_citables_3y, citas_por_doc_2y, refs_por_doc, pct_female, overton, cobertura, categorias, areas, url_revista, url, When did the journal start to publish all content using an open license?, titulo_alternativo, issn_impreso, issn_electronico, palabras_clave, idiomas, pais_editorial, Other organisation, Country of other organisation, licencia, atributos_licencia, URL for license terms, cc_legible_maquina, autor_retiene_copyright, Copyright information URL, tipo_revision, Review process information URL, politica_plagio, URL for journal's aims & scope, URL for the Editorial Board page, URL for journal's instructions for authors, semanas_submission_publicacion, tiene_apc, APC information URL, apc_amount_raw, politica_exencion, Waiver policy information URL, tiene_otros_cobros, Other fees information URL, servicios_preservacion, Preservation Service: national library, Preservation information URL, Deposit policy directory, URL for deposit policy, identificadores_persistentes, cumple_oa, Continues, Continued By, codigos_lcc, subscribe_to_open, Mirror Journal, Open Journals Collective, materias, fecha_incorporacion, fecha_actualizacion, Last Full Review Date, num_articulos, fecha_ultimo_articulo, titulo_normalizado_doaj_dup, apc_monto_original, apc_moneda_original, tasa_usd_utilizada, apc_conversion_estado, apc_monto, apc_moneda, titulo_normalizado_facts_dup, is_hybrid, titulo_normalizado_openapc_dup, contraste_publindex_cuartil, semanas_pub, editorial_rapida, ratio_citas_docs, sjr_score_zscore, h_index_zscore, semanas_pub_zscore, sjr_score_minmax, h_index_minmax, semanas_pub_minmax"
1657-9553,Revista Facultad De Ciencias Contables Económicas Y Administrativas Faccea,facultad ciencias contables economicas administrativas faccea,CO,Ciencias Sociales,618,observado,1974.77,5196.76,False,False,apc_metodo_imputacion,"issn_electronic, issn_linking, institucion_editora_2, institucion_editora_3, id_revista_publindex, titulo_normalizado_scimago_dup, titulo_alternativo, issn_electronico, Country of other organisation, atributos_licencia, cc_legible_maquina, Waiver policy information URL, servicios_preservacion, Preservation Service: national library, Deposit policy directory, URL for deposit policy, identificadores_persistentes, Continues, Continued By, titulo_normalizado_doaj_dup, titulo_normalizado_facts_dup, titulo_normalizado_openapc_dup, apc_metodo_imputacion"
0123-9465,Ambiente Jurídico,ambiente juridico,CO,Ciencias Sociales,619,imputado,871.12,2292.42,True,False,"apc_monto, apc_moneda","issn_electronic, issn_linking, institucion_editora_2, institucion_editora_3, rank, sourceid, tipo_publicacion, titulo_normalizado_scimago_dup, open_access, sjr_score, cuartil_sjr, h_index, total_docs, total_docs_3y, total_refs, total_citas_3y, docs_citables_3y, citas_por_doc_2y, refs_por_doc, pct_female, overton, cobertura, categorias, areas, issn_impreso, Other organisation, Country of other organisation, atributos_licencia, cc_legible_maquina, Copyright information URL, apc_amount_raw, Waiver policy information URL, servicios_preservacion, Preservation Service: national library, URL for deposit policy, Continues, Continued By, titulo_normalizado_doaj_dup, apc_monto_original, apc_moneda_original, tasa_usd_utilizada, apc_monto, apc_moneda, titulo_normalizado_facts_dup, is_hybrid, titulo_normalizado_openapc_dup, contraste_publindex_cuartil, ratio_citas_docs, sjr_score_zscore, h_index_zscore, sjr_score_minmax, h_index_minmax"
1909-7050,Ciencia Y Poder Aéreo,ciencia poder aereo,CO,Ciencias Sociales,620,imputado,898.46,2364.37,True,False,"apc_monto, apc_moneda","issn_linking, institucion_editora_3, titulo_normalizado_scimago_dup, titulo_alternativo, Other organisation, Country of other organisation, atributos_licencia, cc_legible_maquina, apc_amount_raw, Waiver policy information URL, Other fees information URL, servicios_preservacion, Preservation Service: national library, Preservation information URL, Deposit policy directory, URL for deposit policy, identificadores_persistentes, Continues, Continued By, apc_monto_original, apc_moneda_original, tasa_usd_utilizada, apc_monto, apc_moneda, titulo_normalizado_facts_dup, is_hybrid, titulo_normalizado_openapc_dup"
1794-8347,Revista Ciencias Estratégicas,ciencias estrategicas,CO,Ciencias Sociales,621,observado,3655.8,9620.53,False,False,apc_metodo_imputacion,"issn_electronic, issn_linking, institucion_editora_2, institucion_editora_3, titulo_normalizado_scimago_dup, titulo_alternativo, Other organisation, Country of other organisation, atributos_licencia, cc_legible_maquina, apc_amount_raw, Waiver policy information URL, Other fees information URL, Preservation Service: national library, URL for deposit policy, Continues, Continued By, titulo_normalizado_doaj_dup, titulo_normalizado_facts_dup, titulo_normalizado_openapc_dup, apc_metodo_imputacion"
1909-9851,Puente Revista Científica,puente cientifica,CO,Ingeniería y Tecnología,622,observado,966.76,2544.11,False,False,apc_metodo_imputacion,"issn_electronic, issn_linking, codigo_dane, institucion_editora_2, institucion_editora_3, rank, sourceid, tipo_publicacion, titulo_normalizado_scimago_dup, open_access, sjr_score, cuartil_sjr, h_index, total_docs, total_docs_3y, total_refs, total_citas_3y, docs_citables_3y, citas_por_doc_2y, refs_por_doc, pct_female, overton, cobertura, categorias, areas, Other organisation, Country of other organisation, atributos_licencia, apc_amount_raw, Waiver policy information URL, Other fees information URL, servicios_preservacion, Preservation Service: national library, Preservation information URL, Continues, Continued By, titulo_normalizado_doaj_dup, titulo_normalizado_facts_dup, titulo_normalizado_openapc_dup, apc_metodo_imputacion, contraste_publindex_cuartil, ratio_citas_docs, sjr_score_zscore, h_index_zscore, sjr_score_minmax, h_index_minmax"
2011-5253,Ciudad Paz-Ando,ciudad paz ando,CO,Ciencias Sociales,623,imputado,873.27,2298.08,True,False,"apc_monto, apc_moneda","issn_linking, institucion_editora_2, institucion_editora_3, rank, sourceid, tipo_publicacion, titulo_normalizado_scimago_dup, open_access, sjr_score, cuartil_sjr, h_index, total_docs, total_docs_3y, total_refs, total_citas_3y, docs_citables_3y, citas_por_doc_2y, refs_por_doc, pct_female, overton, cobertura, categorias, areas, titulo_alternativo, atributos_licencia, apc_amount_raw, Waiver policy information URL, Other fees information URL, servicios_preservacion, Preservation Service: national library, Preservation information URL, Deposit policy directory, URL for deposit policy, Continues, Continued By, apc_monto_original, apc_moneda_original, tasa_usd_utilizada, apc_monto, apc_moneda, titulo_normalizado_facts_dup, is_hybrid, titulo_normalizado_openapc_dup, contraste_publindex_cuartil, ratio_citas_docs, sjr_score_zscore, h_index_zscore, sjr_score_minmax, h_index_minmax"
2011-8643,Magistro,magistro,CO,Ciencias Sociales,624,observado,2945.46,7751.21,False,False,apc_metodo_imputacion,"issn_electronic, issn_linking, codigo_dane, institucion_editora_2, institucion_editora_3, rank, sourceid, tipo_publicacion, titulo_normalizado_scimago_dup, open_access, sjr_score, cuartil_sjr, h_index, total_docs, total_docs_3y, total_refs, total_citas_3y, docs_citables_3y, citas_por_doc_2y, refs_por_doc, pct_female, overton, cobertura, categorias, areas, titulo_alternativo, Country of other organisation, atributos_licencia, Other fees information URL, Continues, Continued By, titulo_normalizado_doaj_dup, titulo_normalizado_facts_dup, titulo_normalizado_openapc_dup, apc_metodo_imputacion, contraste_publindex_cuartil, ratio_citas_docs, sjr_score_zscore, h_index_zscore, sjr_score_minmax, h_index_minmax"
1692-5238,S&T : Sistemas Y Telemática,s t sistemas telematica,CO,Ingeniería y Tecnología,625,observado,1419.12,3734.53,False,False,apc_metodo_imputacion,"issn_electronic, issn_linking, institucion_editora_2, institucion_editora_3, rank, sourceid, tipo_publicacion, titulo_normalizado_scimago_dup, open_access, sjr_score, cuartil_sjr, h_index, total_docs, total_docs_3y, total_refs, total_citas_3y, docs_citables_3y, citas_por_doc_2y, refs_por_doc, pct_female, overton, cobertura, categorias, areas, titulo_alternativo, issn_impreso, Country of other organisation, atributos_licencia, cc_legible_maquina, Copyright information URL, apc_amount_raw, Waiver policy information URL, servicios_preservacion, Preservation Service: national library, Preservation information URL, Deposit policy directory, URL for deposit policy, Continues, Continued By, titulo_normalizado_doaj_dup, titulo_normalizado_facts_dup, titulo_normalizado_openapc_dup, apc_metodo_imputacion, contraste_publindex_cuartil, ratio_citas_docs, sjr_score_zscore, h_index_zscore, sjr_score_minmax, h_index_minmax"
2145-6445,Revista Latinoamericana De Estudios De Familia,latinoamericana estudios familia,CO,Ciencias Sociales,626,observado,1974.5,5196.05,False,False,apc_metodo_imputacion,"issn_linking, institucion_editora_2, institucion_editora_3, titulo_normalizado_scimago_dup, titulo_alternativo, Other organisation, Country of other organisation, atributos_licencia, apc_amount_raw, Waiver policy information URL, Other fees information URL, servicios_preservacion, Preservation Service: national library, Preservation information URL, Deposit policy directory, URL for deposit policy, identificadores_persistentes, Continues, Continued By, titulo_normalizado_facts_dup, titulo_normalizado_openapc_dup, apc_metodo_imputacion"
2011-513X,Revista Ciencia Animal,ciencia animal,CO,Ciencias Agrícolas,627,observado,2424.55,6380.39,False,False,apc_metodo_imputacion,"issn_electronic, issn_linking, institucion_editora_2, institucion_editora_3, titulo_normalizado_scimago_dup, titulo_alternativo, Country of other organisation, atributos_licencia, apc_amount_raw, Waiver policy information URL, Other fees information URL, Preservation Service: national library, Continues, Continued By, titulo_normalizado_doaj_dup, titulo_normalizado_facts_dup, titulo_normalizado_openapc_dup, apc_metodo_imputacion"
2215-7840,Revista Ciencias Biomédicas,ciencias biomedicas,CO,Ciencias Médicas y de la Salud,628,observado,1209.75,3183.55,False,False,apc_metodo_imputacion,"issn_linking, institucion_editora_2, institucion_editora_3, titulo_normalizado_scimago_dup, titulo_alternativo, Other organisation, Country of other organisation, atributos_licencia, apc_amount_raw, Waiver policy information URL, Other fees information URL, servicios_preservacion, Preservation Service: national library, Preservation information URL, Deposit policy directory, URL for deposit policy, Continues, Continued By, titulo_normalizado_facts_dup, titulo_normalizado_openapc_dup, apc_metodo_imputacion"
2011-7191,Movimiento Científico,movimiento cientifico,CO,Ciencias Médicas y de la Salud,629,imputado,1273.23,3350.61,True,False,"apc_monto, apc_moneda","issn_electronic, issn_linking, institucion_editora_2, institucion_editora_3, rank, sourceid, tipo_publicacion, titulo_normalizado_scimago_dup, open_access, sjr_score, cuartil_sjr, h_index, total_docs, total_docs_3y, total_refs, total_citas_3y, docs_citables_3y, citas_por_doc_2y, refs_por_doc, pct_female, overton, cobertura, categorias, areas, titulo_alternativo, atributos_licencia, apc_amount_raw, Waiver policy information URL, Other fees information URL, servicios_preservacion, Preservation Service: national library, Preservation information URL, Deposit policy directory, URL for deposit policy, Continues, Continued By, apc_monto_original, apc_moneda_original, tasa_usd_utilizada, apc_monto, apc_moneda, titulo_normalizado_facts_dup, is_hybrid, titulo_normalizado_openapc_dup, contraste_publindex_cuartil, ratio_citas_docs, sjr_score_zscore, h_index_zscore, sjr_score_minmax, h_index_minmax"
2011-0413,Revista Investigaciones Aplicadas,investigaciones aplicadas,CO,Ingeniería y Tecnología,630,imputado,1003.07,2639.66,True,False,"apc_monto, apc_moneda","issn_electronic, issn_linking, codigo_dane, institucion_editora_2, institucion_editora_3, rank, sourceid, tipo_publicacion, titulo_normalizado_scimago_dup, open_access, sjr_score, cuartil_sjr, h_index, total_docs, total_docs_3y, total_refs, total_citas_3y, docs_citables_3y, citas_por_doc_2y, refs_por_doc, pct_female, overton, cobertura, categorias, areas, titulo_alternativo, issn_impreso, Country of other organisation, atributos_licencia, cc_legible_maquina, apc_amount_raw, Waiver policy information URL, Other fees information URL, servicios_preservacion, Preservation Service: national library, Preservation information URL, Deposit policy directory, URL for deposit policy, identificadores_persistentes, Continues, Continued By, titulo_normalizado_doaj_dup, apc_monto_original, apc_moneda_original, tasa_usd_utilizada, apc_monto, apc_moneda, titulo_normalizado_facts_dup, is_hybrid, titulo_normalizado_openapc_dup, contraste_publindex_cuartil, ratio_citas_docs, sjr_score_zscore, h_index_zscore, sjr_score_minmax, h_index_minmax"
2027-3401,Perspectivas Educativas,perspectivas educativas,CO,Ciencias Sociales,631,observado,3065.04,8065.89,False,False,apc_metodo_imputacion,"issn_electronic, issn_linking, codigo_dane, institucion_editora_2, institucion_editora_3, rank, sourceid, tipo_publicacion, titulo_normalizado_scimago_dup, open_access, sjr_score, cuartil_sjr, h_index, total_docs, total_docs_3y, total_refs, total_citas_3y, docs_citables_3y, citas_por_doc_2y, refs_por_doc, pct_female, overton, cobertura, categorias, areas, issn_impreso, atributos_licencia, cc_legible_maquina, apc_amount_raw, Waiver policy information URL, Other fees information URL, servicios_preservacion, Preservation Service: national library, Preservation information URL, Continues, Continued By, fecha_ultimo_articulo, titulo_normalizado_doaj_dup, titulo_normalizado_facts_dup, titulo_normalizado_openapc_dup, apc_metodo_imputacion, contraste_publindex_cuartil, ratio_citas_docs, sjr_score_zscore, h_index_zscore, sjr_score_minmax, h_index_minmax"
1692-7427,Revista Actividad Fisica Y Desarrollo Humano,actividad fisica desarrollo humano,CO,Ciencias Médicas y de la Salud,632,observado,2827.44,7440.63,False,False,apc_metodo_imputacion,"issn_linking, institucion_editora_2, institucion_editora_3, titulo_normalizado_scimago_dup, titulo_alternativo, issn_impreso, atributos_licencia, Waiver policy information URL, Other fees information URL, Preservation Service: national library, Deposit policy directory, URL for deposit policy, Continues, Continued By, titulo_normalizado_doaj_dup, titulo_normalizado_facts_dup, titulo_normalizado_openapc_dup, apc_metodo_imputacion"
2027-923X,Elementos,elementos,CO,Ciencias Sociales,633,observado,4523.77,11904.66,False,False,apc_metodo_imputacion,"issn_electronic, issn_linking, institucion_editora_2, institucion_editora_3, rank, sourceid, tipo_publicacion, titulo_normalizado_scimago_dup, open_access, sjr_score, cuartil_sjr, h_index, total_docs, total_docs_3y, total_refs, total_citas_3y, docs_citables_3y, citas_por_doc_2y, refs_por_doc, pct_female, overton, cobertura, categorias, areas, Other organisation, Country of other organisation, atributos_licencia, cc_legible_maquina, apc_amount_raw, Waiver policy information URL, Other fees information URL, servicios_preservacion, Preservation Service: national library, Preservation information URL, Continues, Continued By, titulo_normalizado_doaj_dup, titulo_normalizado_facts_dup, titulo_normalizado_openapc_dup, apc_metodo_imputacion, contraste_publindex_cuartil, ratio_citas_docs, sjr_score_zscore, h_index_zscore, sjr_score_minmax, h_index_minmax"
0122-994X,Miradas,miradas,CO,Ciencias Sociales,634,imputado,871.48,2293.37,True,False,"apc_monto, apc_moneda","issn_electronic, issn_linking, codigo_dane, institucion_editora_2, institucion_editora_3, rank, sourceid, tipo_publicacion, titulo_normalizado_scimago_dup, open_access, sjr_score, cuartil_sjr, h_index, total_docs, total_docs_3y, total_refs, total_citas_3y, docs_citables_3y, citas_por_doc_2y, refs_por_doc, pct_female, overton, cobertura, categorias, areas, issn_impreso, Other organisation, Country of other organisation, atributos_licencia, apc_amount_raw, Waiver policy information URL, Other fees information URL, servicios_preservacion, Preservation Service: national library, Preservation information URL, Deposit policy directory, URL for deposit policy, Continues, Continued By, titulo_normalizado_doaj_dup, apc_monto_original, apc_moneda_original, tasa_usd_utilizada, apc_monto, apc_moneda, titulo_normalizado_facts_dup, is_hybrid, titulo_normalizado_openapc_dup, contraste_publindex_cuartil, ratio_citas_docs, sjr_score_zscore, h_index_zscore, sjr_score_minmax, h_index_minmax"
0122-6150,Revista Cientifica De Unincca,cientifica unincca,CO,Ciencias Sociales,635,observado,966.76,2544.11,False,False,apc_metodo_imputacion,"issn_electronic, issn_linking, codigo_dane, institucion_editora_2, institucion_editora_3, rank, sourceid, tipo_publicacion, titulo_normalizado_scimago_dup, open_access, sjr_score, cuartil_sjr, h_index, total_docs, total_docs_3y, total_refs, total_citas_3y, docs_citables_3y, citas_por_doc_2y, refs_por_doc, pct_female, overton, cobertura, categorias, areas, Other organisation, Country of other organisation, atributos_licencia, apc_amount_raw, Waiver policy information URL, Other fees information URL, servicios_preservacion, Preservation Service: national library, Preservation information URL, Continues, Continued By, titulo_normalizado_doaj_dup, titulo_normalizado_facts_dup, titulo_normalizado_openapc_dup, apc_metodo_imputacion, contraste_publindex_cuartil, ratio_citas_docs, sjr_score_zscore, h_index_zscore, sjr_score_minmax, h_index_minmax"
0121-1935,Revista De Ciencias,ciencias,CO,Ciencias Naturales,636,imputado,1125.1,2960.79,True,False,"apc_monto, apc_moneda","issn_electronic, issn_linking, institucion_editora_2, institucion_editora_3, titulo_normalizado_scimago_dup, titulo_alternativo, Country of other organisation, atributos_licencia, cc_legible_maquina, Copyright information URL, apc_amount_raw, Waiver policy information URL, servicios_preservacion, Preservation Service: national library, Preservation information URL, Deposit policy directory, URL for deposit policy, Continues, Continued By, apc_monto_original, apc_moneda_original, tasa_usd_utilizada, apc_monto, apc_moneda, titulo_normalizado_facts_dup, is_hybrid, titulo_normalizado_openapc_dup"
0120-4319,Universitas Odontologica,universitas odontologica,CO,Ciencias Médicas y de la Salud,637,observado,621.0,1634.21,False,False,apc_metodo_imputacion,"issn_electronic, issn_linking, institucion_editora_2, institucion_editora_3, rank, sourceid, tipo_publicacion, titulo_normalizado_scimago_dup, open_access, sjr_score, cuartil_sjr, h_index, total_docs, total_docs_3y, total_refs, total_citas_3y, docs_citables_3y, citas_por_doc_2y, refs_por_doc, pct_female, overton, cobertura, categorias, areas, Other organisation, Country of other organisation, atributos_licencia, Copyright information URL, apc_amount_raw, Waiver policy information URL, servicios_preservacion, Preservation Service: national library, Preservation information URL, Deposit policy directory, URL for deposit policy, identificadores_persistentes, Continues, Continued By, titulo_normalizado_doaj_dup, titulo_normalizado_facts_dup, titulo_normalizado_openapc_dup, apc_metodo_imputacion, contraste_publindex_cuartil, ratio_citas_docs, sjr_score_zscore, h_index_zscore, sjr_score_minmax, h_index_minmax"
1900-0332,Ugciencia,ugciencia,CO,Ingeniería y Tecnología,638,imputado,1016.3,2674.47,True,False,"apc_monto, apc_moneda","issn_electronic, issn_linking, institucion_editora_2, institucion_editora_3, rank, sourceid, tipo_publicacion, titulo_normalizado_scimago_dup, editorial, open_access, sjr_score, cuartil_sjr, h_index, total_docs, total_docs_3y, total_refs, total_citas_3y, docs_citables_3y, citas_por_doc_2y, refs_por_doc, pct_female, overton, cobertura, categorias, areas, url_revista, url, When did the journal start to publish all content using an open license?, titulo_alternativo, issn_impreso, issn_electronico, palabras_clave, idiomas, pais_editorial, Other organisation, Country of other organisation, licencia, atributos_licencia, URL for license terms, cc_legible_maquina, autor_retiene_copyright, Copyright information URL, tipo_revision, Review process information URL, politica_plagio, URL for journal's aims & scope, URL for the Editorial Board page, URL for journal's instructions for authors, semanas_submission_publicacion, tiene_apc, APC information URL, apc_amount_raw, politica_exencion, Waiver policy information URL, tiene_otros_cobros, Other fees information URL, servicios_preservacion, Preservation Service: national library, Preservation information URL, Deposit policy directory, URL for deposit policy, identificadores_persistentes, cumple_oa, Continues, Continued By, codigos_lcc, subscribe_to_open, Mirror Journal, Open Journals Collective, materias, fecha_incorporacion, fecha_actualizacion, Last Full Review Date, num_articulos, fecha_ultimo_articulo, titulo_normalizado_doaj_dup, apc_monto_original, apc_moneda_original, tasa_usd_utilizada, apc_conversion_estado, apc_monto, apc_moneda, titulo_normalizado_facts_dup, is_hybrid, titulo_normalizado_openapc_dup, contraste_publindex_cuartil, semanas_pub, editorial_rapida, ratio_citas_docs, sjr_score_zscore, h_index_zscore, semanas_pub_zscore, sjr_score_minmax, h_index_minmax, semanas_pub_minmax"
1657-3498,Revista Institucional De La Universidad Tecnológica Del Chocó,institucional universidad tecnologica choco,CO,Ciencias Naturales,639,imputado,1115.8,2936.32,True,False,"apc_monto, apc_moneda","issn_electronic, issn_linking, institucion_editora_2, institucion_editora_3, rank, sourceid, tipo_publicacion, titulo_normalizado_scimago_dup, open_access, sjr_score, cuartil_sjr, h_index, total_docs, total_docs_3y, total_refs, total_citas_3y, docs_citables_3y, citas_por_doc_2y, refs_por_doc, pct_female, overton, cobertura, categorias, areas, atributos_licencia, apc_amount_raw, Waiver policy information URL, Other fees information URL, Preservation Service: national library, Deposit policy directory, URL for deposit policy, Continues, Continued By, titulo_normalizado_doaj_dup, apc_monto_original, apc_moneda_original, tasa_usd_utilizada, apc_monto, apc_moneda, titulo_normalizado_facts_dup, is_hybrid, titulo_normalizado_openapc_dup, contraste_publindex_cuartil, ratio_citas_docs, sjr_score_zscore, h_index_zscore, sjr_score_minmax, h_index_minmax"
0123-3734,Sotavento Mba,sotavento mba,CO,Ciencias Sociales,640,declarado,1900.0,5000.0,False,False,apc_metodo_imputacion,"issn_electronic, issn_linking, institucion_editora_2, institucion_editora_3, rank, sourceid, tipo_publicacion, titulo_normalizado_scimago_dup, open_access, sjr_score, cuartil_sjr, h_index, total_docs, total_docs_3y, total_refs, total_citas_3y, docs_citables_3y, citas_por_doc_2y, refs_por_doc, pct_female, overton, cobertura, categorias, areas, issn_impreso, Country of other organisation, atributos_licencia, Copyright information URL, Waiver policy information URL, servicios_preservacion, Preservation Service: national library, Preservation information URL, Deposit policy directory, URL for deposit policy, Continues, Continued By, titulo_normalizado_doaj_dup, titulo_normalizado_facts_dup, is_hybrid, titulo_normalizado_openapc_dup, apc_metodo_imputacion, contraste_publindex_cuartil, ratio_citas_docs, sjr_score_zscore, h_index_zscore, sjr_score_minmax, h_index_minmax"
1692-5491,Momentos De Ciencia,momentos ciencia,CO,Ciencias Naturales,641,imputado,1142.07,3005.45,True,False,"apc_monto, apc_moneda","issn_electronic, issn_linking, institucion_editora_2, institucion_editora_3, titulo_normalizado_scimago_dup, Country of other organisation, atributos_licencia, cc_legible_maquina, Copyright information URL, apc_amount_raw, Waiver policy information URL, servicios_preservacion, Preservation Service: national library, Preservation information URL, Deposit policy directory, URL for deposit policy, identificadores_persistentes, Continues, Continued By, titulo_normalizado_doaj_dup, apc_monto_original, apc_moneda_original, tasa_usd_utilizada, apc_monto, apc_moneda, titulo_normalizado_facts_dup, is_hybrid, titulo_normalizado_openapc_dup"
2011-5733,Revista Criterios,criterios,CO,Ciencias Sociales,642,imputado,883.28,2324.42,True,False,"apc_monto, apc_moneda","issn_electronic, issn_linking, institucion_editora_2, institucion_editora_3, rank, sourceid, tipo_publicacion, titulo_normalizado_scimago_dup, editorial, open_access, sjr_score, cuartil_sjr, h_index, total_docs, total_docs_3y, total_refs, total_citas_3y, docs_citables_3y, citas_por_doc_2y, refs_por_doc, pct_female, overton, cobertura, categorias, areas, url_revista, url, When did the journal start to publish all content using an open license?, titulo_alternativo, issn_impreso, issn_electronico, palabras_clave, idiomas, pais_editorial, Other organisation, Country of other organisation, licencia, atributos_licencia, URL for license terms, cc_legible_maquina, autor_retiene_copyright, Copyright information URL, tipo_revision, Review process information URL, politica_plagio, URL for journal's aims & scope, URL for the Editorial Board page, URL for journal's instructions for authors, semanas_submission_publicacion, tiene_apc, APC information URL, apc_amount_raw, politica_exencion, Waiver policy information URL, tiene_otros_cobros, Other fees information URL, servicios_preservacion, Preservation Service: national library, Preservation information URL, Deposit policy directory, URL for deposit policy, identificadores_persistentes, cumple_oa, Continues, Continued By, codigos_lcc, subscribe_to_open, Mirror Journal, Open Journals Collective, materias, fecha_incorporacion, fecha_actualizacion, Last Full Review Date, num_articulos, fecha_ultimo_articulo, titulo_normalizado_doaj_dup, apc_monto_original, apc_moneda_original, tasa_usd_utilizada, apc_conversion_estado, apc_monto, apc_moneda, titulo_normalizado_facts_dup, is_hybrid, titulo_normalizado_openapc_dup, contraste_publindex_cuartil, semanas_pub, editorial_rapida, ratio_citas_docs, sjr_score_zscore, h_index_zscore, semanas_pub_zscore, sjr_score_minmax, h_index_minmax, semanas_pub_minmax"
2027-4297,Revista Colombiana De Ciencias Animal-Recia,colombiana ciencias animal recia,CO,Ciencias Agrícolas,643,observado,2424.55,6380.39,False,False,apc_metodo_imputacion,"issn_linking, institucion_editora_2, institucion_editora_3, titulo_normalizado_scimago_dup, titulo_alternativo, issn_impreso, Other organisation, Country of other organisation, atributos_licencia, cc_legible_maquina, apc_amount_raw, Waiver policy information URL, Other fees information URL, servicios_preservacion, Preservation Service: national library, Preservation information URL, Deposit policy directory, URL for deposit policy, identificadores_persistentes, Continues, Continued By, titulo_normalizado_facts_dup, titulo_normalizado_openapc_dup, apc_metodo_imputacion"
1794-9815,Códices,codices,CO,Ciencias Sociales,644,imputado,873.62,2299.0,True,False,"apc_monto, apc_moneda","issn_electronic, issn_linking, institucion_editora_2, institucion_editora_3, rank, sourceid, tipo_publicacion, titulo_normalizado_scimago_dup, open_access, sjr_score, cuartil_sjr, h_index, total_docs, total_docs_3y, total_refs, total_citas_3y, docs_citables_3y, citas_por_doc_2y, refs_por_doc, pct_female, overton, cobertura, categorias, areas, titulo_alternativo, atributos_licencia, apc_amount_raw, Waiver policy information URL, Other fees information URL, servicios_preservacion, Preservation Service: national library, Preservation information URL, Deposit policy directory, URL for deposit policy, identificadores_persistentes, Continues, Continued By, fecha_ultimo_articulo, titulo_normalizado_doaj_dup, apc_monto_original, apc_moneda_original, tasa_usd_utilizada, apc_monto, apc_moneda, titulo_normalizado_facts_dup, is_hybrid, titulo_normalizado_openapc_dup, contraste_publindex_cuartil, ratio_citas_docs, sjr_score_zscore, h_index_zscore, sjr_score_minmax, h_index_minmax"
0124-6542,Modulo Arquitectura- Cuc,modulo arquitectura cuc,CO,Humanidades,645,observado,3065.04,8065.89,False,False,apc_metodo_imputacion,"issn_electronic, issn_linking, institucion_editora_2, institucion_editora_3, rank, sourceid, tipo_publicacion, titulo_normalizado_scimago_dup, open_access, sjr_score, cuartil_sjr, h_index, total_docs, total_docs_3y, total_refs, total_citas_3y, docs_citables_3y, citas_por_doc_2y, refs_por_doc, pct_female, overton, cobertura, categorias, areas, titulo_alternativo, atributos_licencia, cc_legible_maquina, apc_amount_raw, Waiver policy information URL, Other fees information URL, servicios_preservacion, Preservation Service: national library, Preservation information URL, Deposit policy directory, URL for deposit policy, Continues, Continued By, titulo_normalizado_doaj_dup, titulo_normalizado_facts_dup, titulo_normalizado_openapc_dup, apc_metodo_imputacion, contraste_publindex_cuartil, ratio_citas_docs, sjr_score_zscore, h_index_zscore, sjr_score_minmax, h_index_minmax"
1794-7928,Spei Domus,spei domus,CO,Ciencias Agrícolas,646,imputado,1255.91,3305.03,True,False,"apc_monto, apc_moneda","issn_electronic, issn_linking, institucion_editora_2, institucion_editora_3, rank, sourceid, tipo_publicacion, titulo_normalizado_scimago_dup, editorial, open_access, sjr_score, cuartil_sjr, h_index, total_docs, total_docs_3y, total_refs, total_citas_3y, docs_citables_3y, citas_por_doc_2y, refs_por_doc, pct_female, overton, cobertura, categorias, areas, url_revista, url, When did the journal start to publish all content using an open license?, titulo_alternativo, issn_impreso, issn_electronico, palabras_clave, idiomas, pais_editorial, Other organisation, Country of other organisation, licencia, atributos_licencia, URL for license terms, cc_legible_maquina, autor_retiene_copyright, Copyright information URL, tipo_revision, Review process information URL, politica_plagio, URL for journal's aims & scope, URL for the Editorial Board page, URL for journal's instructions for authors, semanas_submission_publicacion, tiene_apc, APC information URL, apc_amount_raw, politica_exencion, Waiver policy information URL, tiene_otros_cobros, Other fees information URL, servicios_preservacion, Preservation Service: national library, Preservation information URL, Deposit policy directory, URL for deposit policy, identificadores_persistentes, cumple_oa, Continues, Continued By, codigos_lcc, subscribe_to_open, Mirror Journal, Open Journals Collective, materias, fecha_incorporacion, fecha_actualizacion, Last Full Review Date, num_articulos, fecha_ultimo_articulo, titulo_normalizado_doaj_dup, apc_monto_original, apc_moneda_original, tasa_usd_utilizada, apc_conversion_estado, apc_monto, apc_moneda, titulo_normalizado_facts_dup, is_hybrid, titulo_normalizado_openapc_dup, contraste_publindex_cuartil, semanas_pub, editorial_rapida, ratio_citas_docs, sjr_score_zscore, h_index_zscore, semanas_pub_zscore, sjr_score_minmax, h_index_minmax, semanas_pub_minmax"
2011-222X,Revista Colombiana De Las Artes Escénicas,colombiana artes escenicas,CO,Humanidades,647,imputado,651.62,1714.79,True,False,"apc_monto, apc_moneda","issn_linking, codigo_dane, institucion_editora_2, institucion_editora_3, titulo_normalizado_scimago_dup, Other organisation, Country of other organisation, atributos_licencia, apc_amount_raw, Waiver policy information URL, Other fees information URL, Preservation Service: national library, Continues, Continued By, titulo_normalizado_doaj_dup, apc_monto_original, apc_moneda_original, tasa_usd_utilizada, apc_monto, apc_moneda, titulo_normalizado_facts_dup, is_hybrid, titulo_normalizado_openapc_dup"
1794-4724,Avances En Psicología Latinoamericana,avances psicologia latinoamericana,CO,Ciencias Sociales,648,observado,1974.5,5196.05,False,False,apc_metodo_imputacion,"issn_linking, institucion_editora_2, institucion_editora_3, titulo_alternativo, Other organisation, Country of other organisation, atributos_licencia, cc_legible_maquina, apc_amount_raw, Waiver policy information URL, Other fees information URL, servicios_preservacion, Preservation Service: national library, Preservation information URL, Deposit policy directory, URL for deposit policy, Continues, Continued By, titulo_normalizado_facts_dup, titulo_normalizado_openapc_dup, apc_metodo_imputacion"
1692-7389,Ingenierias & Amazonia,ingenierias amazonia,CO,Ingeniería y Tecnología,649,imputado,1008.79,2654.71,True,False,"apc_monto, apc_moneda","issn_electronic, issn_linking, institucion_editora_2, institucion_editora_3, rank, sourceid, tipo_publicacion, titulo_normalizado_scimago_dup, open_access, sjr_score, cuartil_sjr, h_index, total_docs, total_docs_3y, total_refs, total_citas_3y, docs_citables_3y, citas_por_doc_2y, refs_por_doc, pct_female, overton, cobertura, categorias, areas, Country of other organisation, atributos_licencia, apc_amount_raw, Waiver policy information URL, Other fees information URL, servicios_preservacion, Preservation Service: national library, Preservation information URL, Deposit policy directory, URL for deposit policy, Continues, Continued By, titulo_normalizado_doaj_dup, apc_monto_original, apc_moneda_original, tasa_usd_utilizada, apc_monto, apc_moneda, titulo_normalizado_facts_dup, is_hybrid, titulo_normalizado_openapc_dup, contraste_publindex_cuartil, ratio_citas_docs, sjr_score_zscore, h_index_zscore, sjr_score_minmax, h_index_minmax"
1900-2785,Iconofacto,iconofacto,CO,Humanidades,650,imputado,632.15,1663.55,True,False,"apc_monto, apc_moneda","issn_electronic, issn_linking, institucion_editora_2, institucion_editora_3, rank, sourceid, tipo_publicacion, titulo_normalizado_scimago_dup, open_access, sjr_score, cuartil_sjr, h_index, total_docs, total_docs_3y, total_refs, total_citas_3y, docs_citables_3y, citas_por_doc_2y, refs_por_doc, pct_female, overton, cobertura, categorias, areas, issn_impreso, atributos_licencia, apc_amount_raw, Waiver policy information URL, Other fees information URL, Preservation Service: national library, Continues, Continued By, titulo_normalizado_doaj_dup, apc_monto_original, apc_moneda_original, tasa_usd_utilizada, apc_monto, apc_moneda, titulo_normalizado_facts_dup, is_hybrid, titulo_normalizado_openapc_dup, contraste_publindex_cuartil, ratio_citas_docs, sjr_score_zscore, h_index_zscore, sjr_score_minmax, h_index_minmax"
0121-5256,Revista Med,med,CO,Ciencias Médicas y de la Salud,651,observado,1695.48,4461.79,False,False,apc_metodo_imputacion,"issn_linking, institucion_editora_2, institucion_editora_3, titulo_normalizado_scimago_dup, titulo_alternativo, Country of other organisation, atributos_licencia, Other fees information URL, Preservation Service: national library, Continues, Continued By, Last Full Review Date, titulo_normalizado_doaj_dup, titulo_normalizado_facts_dup, titulo_normalizado_openapc_dup, apc_metodo_imputacion"
1909-2814,Revista Q,q,CO,Ciencias Sociales,652,observado,3166.13,8331.92,False,False,apc_metodo_imputacion,"issn_electronic, issn_linking, institucion_editora_2, institucion_editora_3, rank, sourceid, tipo_publicacion, titulo_normalizado_scimago_dup, open_access, sjr_score, cuartil_sjr, h_index, total_docs, total_docs_3y, total_refs, total_citas_3y, docs_citables_3y, citas_por_doc_2y, refs_por_doc, pct_female, overton, cobertura, categorias, areas, titulo_alternativo, atributos_licencia, cc_legible_maquina, apc_amount_raw, Waiver policy information URL, Other fees information URL, servicios_preservacion, Preservation Service: national library, Preservation information URL, Deposit policy directory, URL for deposit policy, identificadores_persistentes, Continues, Continued By, titulo_normalizado_doaj_dup, titulo_normalizado_facts_dup, titulo_normalizado_openapc_dup, apc_metodo_imputacion, contraste_publindex_cuartil, ratio_citas_docs, sjr_score_zscore, h_index_zscore, sjr_score_minmax, h_index_minmax"
0304-3584,Actualidades Biológicas,actualidades biologicas,CO,Ciencias Naturales,653,observado,2859.92,7526.11,False,False,apc_metodo_imputacion,"issn_linking, institucion_editora_2, institucion_editora_3, rank, sourceid, tipo_publicacion, titulo_normalizado_scimago_dup, open_access, sjr_score, cuartil_sjr, h_index, total_docs, total_docs_3y, total_refs, total_citas_3y, docs_citables_3y, citas_por_doc_2y, refs_por_doc, pct_female, overton, cobertura, categorias, areas, titulo_alternativo, atributos_licencia, apc_amount_raw, Waiver policy information URL, Other fees information URL, Preservation Service: national library, Deposit policy directory, URL for deposit policy, Continues, Continued By, Last Full Review Date, titulo_normalizado_facts_dup, titulo_normalizado_openapc_dup, apc_metodo_imputacion, contraste_publindex_cuartil, ratio_citas_docs, sjr_score_zscore, h_index_zscore, sjr_score_minmax, h_index_minmax"
0122-0667,Revista Medica De Risaralda,medica risaralda,CO,Ciencias Médicas y de la Salud,654,observado,324.0,852.63,False,False,apc_metodo_imputacion,"issn_electronic, issn_linking, institucion_editora_2, institucion_editora_3, rank, sourceid, tipo_publicacion, titulo_normalizado_scimago_dup, open_access, sjr_score, cuartil_sjr, h_index, total_docs, total_docs_3y, total_refs, total_citas_3y, docs_citables_3y, citas_por_doc_2y, refs_por_doc, pct_female, overton, cobertura, categorias, areas, titulo_alternativo, Country of other organisation, atributos_licencia, Other fees information URL, Preservation Service: national library, Continues, Continued By, Last Full Review Date, titulo_normalizado_doaj_dup, titulo_normalizado_facts_dup, titulo_normalizado_openapc_dup, apc_metodo_imputacion, contraste_publindex_cuartil, ratio_citas_docs, sjr_score_zscore, h_index_zscore, sjr_score_minmax, h_index_minmax"
0120-4327,Revista Unimar,unimar,CO,Ciencias Sociales,655,imputado,870.05,2289.61,True,False,"apc_monto, apc_moneda","issn_electronic, issn_linking, institucion_editora_2, institucion_editora_3, rank, sourceid, tipo_publicacion, titulo_normalizado_scimago_dup, open_access, sjr_score, cuartil_sjr, h_index, total_docs, total_docs_3y, total_refs, total_citas_3y, docs_citables_3y, citas_por_doc_2y, refs_por_doc, pct_female, overton, cobertura, categorias, areas, titulo_alternativo, Other organisation, Country of other organisation, atributos_licencia, apc_amount_raw, Waiver policy information URL, Other fees information URL, servicios_preservacion, Preservation Service: national library, Preservation information URL, Deposit policy directory, URL for deposit policy, Continues, Continued By, apc_monto_original, apc_moneda_original, tasa_usd_utilizada, apc_monto, apc_moneda, titulo_normalizado_facts_dup, is_hybrid, titulo_normalizado_openapc_dup, contraste_publindex_cuartil, ratio_citas_docs, sjr_score_zscore, h_index_zscore, sjr_score_minmax, h_index_minmax"
0124-7816,Katharsis,katharsis,CO,Ciencias Sociales,656,imputado,870.05,2289.61,True,False,"apc_monto, apc_moneda","issn_electronic, issn_linking, institucion_editora_2, institucion_editora_3, rank, sourceid, tipo_publicacion, titulo_normalizado_scimago_dup, open_access, sjr_score, cuartil_sjr, h_index, total_docs, total_docs_3y, total_refs, total_citas_3y, docs_citables_3y, citas_por_doc_2y, refs_por_doc, pct_female, overton, cobertura, categorias, areas, Other organisation, Country of other organisation, atributos_licencia, cc_legible_maquina, apc_amount_raw, Waiver policy information URL, Other fees information URL, servicios_preservacion, Preservation Service: national library, Preservation information URL, Deposit policy directory, URL for deposit policy, Continues, Continued By, fecha_ultimo_articulo, titulo_normalizado_doaj_dup, apc_monto_original, apc_moneda_original, tasa_usd_utilizada, apc_monto, apc_moneda, titulo_normalizado_facts_dup, is_hybrid, titulo_normalizado_openapc_dup, contraste_publindex_cuartil, ratio_citas_docs, sjr_score_zscore, h_index_zscore, sjr_score_minmax, h_index_minmax"
0122-7610,Temas Agrarios,temas agrarios,CO,Ciencias Agrícolas,657,imputado,1242.68,3270.21,True,False,"apc_monto, apc_moneda","issn_linking, institucion_editora_2, institucion_editora_3, rank, sourceid, tipo_publicacion, titulo_normalizado_scimago_dup, open_access, sjr_score, cuartil_sjr, h_index, total_docs, total_docs_3y, total_refs, total_citas_3y, docs_citables_3y, citas_por_doc_2y, refs_por_doc, pct_female, overton, cobertura, categorias, areas, titulo_alternativo, Country of other organisation, atributos_licencia, apc_amount_raw, Waiver policy information URL, Other fees information URL, servicios_preservacion, Preservation Service: national library, Preservation information URL, Deposit policy directory, URL for deposit policy, Continues, Continued By, apc_monto_original, apc_moneda_original, tasa_usd_utilizada, apc_monto, apc_moneda, titulo_normalizado_facts_dup, is_hybrid, titulo_normalizado_openapc_dup, contraste_publindex_cuartil, ratio_citas_docs, sjr_score_zscore, h_index_zscore, sjr_score_minmax, h_index_minmax"
1657-2513,Revista Areté,arete,CO,Ciencias Sociales,658,imputado,871.12,2292.42,True,False,"apc_monto, apc_moneda","issn_electronic, issn_linking, institucion_editora_2, institucion_editora_3, rank, sourceid, tipo_publicacion, titulo_normalizado_scimago_dup, open_access, sjr_score, cuartil_sjr, h_index, total_docs, total_docs_3y, total_refs, total_citas_3y, docs_citables_3y, citas_por_doc_2y, refs_por_doc, pct_female, overton, cobertura, categorias, areas, titulo_alternativo, atributos_licencia, apc_amount_raw, Waiver policy information URL, Other fees information URL, servicios_preservacion, Preservation Service: national library, Preservation information URL, Deposit policy directory, URL for deposit policy, Continues, Continued By, Last Full Review Date, apc_monto_original, apc_moneda_original, tasa_usd_utilizada, apc_monto, apc_moneda, titulo_normalizado_facts_dup, is_hybrid, titulo_normalizado_openapc_dup, contraste_publindex_cuartil, ratio_citas_docs, sjr_score_zscore, h_index_zscore, sjr_score_minmax, h_index_minmax"
0121-2753,Itinerario Educativo : Revista De La Facultad De Educación,itinerario educativo facultad educacion,CO,Ciencias Sociales,659,imputado,872.91,2297.13,True,False,"apc_monto, apc_moneda","issn_electronic, issn_linking, institucion_editora_2, institucion_editora_3, rank, sourceid, tipo_publicacion, titulo_normalizado_scimago_dup, open_access, sjr_score, cuartil_sjr, h_index, total_docs, total_docs_3y, total_refs, total_citas_3y, docs_citables_3y, citas_por_doc_2y, refs_por_doc, pct_female, overton, cobertura, categorias, areas, titulo_alternativo, Country of other organisation, atributos_licencia, cc_legible_maquina, apc_amount_raw, Waiver policy information URL, servicios_preservacion, Preservation Service: national library, Preservation information URL, Deposit policy directory, URL for deposit policy, identificadores_persistentes, Continues, Continued By, fecha_ultimo_articulo, titulo_normalizado_doaj_dup, apc_monto_original, apc_moneda_original, tasa_usd_utilizada, apc_monto, apc_moneda, titulo_normalizado_facts_dup, is_hybrid, titulo_normalizado_openapc_dup, contraste_publindex_cuartil, ratio_citas_docs, sjr_score_zscore, h_index_zscore, sjr_score_minmax, h_index_minmax"
1794-5658,Amauta,amauta,CO,Ciencias Sociales,660,imputado,870.41,2290.55,True,False,"apc_monto, apc_moneda","issn_linking, institucion_editora_2, institucion_editora_3, rank, sourceid, tipo_publicacion, titulo_normalizado_scimago_dup, open_access, sjr_score, cuartil_sjr, h_index, total_docs, total_docs_3y, total_refs, total_citas_3y, docs_citables_3y, citas_por_doc_2y, refs_por_doc, pct_female, overton, cobertura, categorias, areas, titulo_alternativo, Country of other organisation, atributos_licencia, cc_legible_maquina, apc_amount_raw, Waiver policy information URL, servicios_preservacion, Preservation Service: national library, Preservation information URL, Deposit policy directory, URL for deposit policy, identificadores_persistentes, Continues, Continued By, apc_monto_original, apc_moneda_original, tasa_usd_utilizada, apc_monto, apc_moneda, titulo_normalizado_facts_dup, is_hybrid, titulo_normalizado_openapc_dup, contraste_publindex_cuartil, ratio_citas_docs, sjr_score_zscore, h_index_zscore, sjr_score_minmax, h_index_minmax"
0123-7756,Revista Historia De La Educacion Colombiana,historia educacion colombiana,CO,Humanidades,661,observado,1205.28,3171.79,False,False,apc_metodo_imputacion,"issn_linking, institucion_editora_2, institucion_editora_3, titulo_normalizado_scimago_dup, titulo_alternativo, Country of other organisation, atributos_licencia, Copyright information URL, apc_amount_raw, Other fees information URL, servicios_preservacion, Deposit policy directory, URL for deposit policy, identificadores_persistentes, Continues, Continued By, titulo_normalizado_doaj_dup, titulo_normalizado_facts_dup, titulo_normalizado_openapc_dup, apc_metodo_imputacion"
2216-1473,Revista Investigium Ire: Ciencias Sociales Y Humanas,investigium ire ciencias sociales humanas,CO,Humanidades,662,observado,2160.0,5684.21,False,False,apc_metodo_imputacion,"issn_electronic, issn_linking, institucion_editora_2, institucion_editora_3, rank, sourceid, tipo_publicacion, titulo_normalizado_scimago_dup, open_access, sjr_score, cuartil_sjr, h_index, total_docs, total_docs_3y, total_refs, total_citas_3y, docs_citables_3y, citas_por_doc_2y, refs_por_doc, pct_female, overton, cobertura, categorias, areas, Country of other organisation, atributos_licencia, cc_legible_maquina, Copyright information URL, apc_amount_raw, Waiver policy information URL, Other fees information URL, servicios_preservacion, Preservation Service: national library, Preservation information URL, Deposit policy directory, URL for deposit policy, identificadores_persistentes, Continues, Continued By, titulo_normalizado_facts_dup, titulo_normalizado_openapc_dup, apc_metodo_imputacion, contraste_publindex_cuartil, ratio_citas_docs, sjr_score_zscore, h_index_zscore, sjr_score_minmax, h_index_minmax"
1692-7273,Revista Ciencias De La Salud,ciencias salud,CO,Ciencias Médicas y de la Salud,663,observado,2160.0,5684.21,False,False,apc_metodo_imputacion,"issn_linking, institucion_editora_2, institucion_editora_3, titulo_normalizado_scimago_dup, titulo_alternativo, Other organisation, Country of other organisation, atributos_licencia, Copyright information URL, apc_amount_raw, Waiver policy information URL, Other fees information URL, servicios_preservacion, Preservation Service: national library, Preservation information URL, Deposit policy directory, URL for deposit policy, identificadores_persistentes, Continues, Continued By, titulo_normalizado_facts_dup, titulo_normalizado_openapc_dup, apc_metodo_imputacion"
0121-4128,Lúdica Pedagógica,ludica pedagogica,CO,Ciencias Sociales,664,imputado,871.84,2294.32,True,False,"apc_monto, apc_moneda","issn_electronic, issn_linking, institucion_editora_2, institucion_editora_3, rank, sourceid, tipo_publicacion, titulo_normalizado_scimago_dup, open_access, sjr_score, cuartil_sjr, h_index, total_docs, total_docs_3y, total_refs, total_citas_3y, docs_citables_3y, citas_por_doc_2y, refs_por_doc, pct_female, overton, cobertura, categorias, areas, titulo_alternativo, Other organisation, Country of other organisation, atributos_licencia, cc_legible_maquina, apc_amount_raw, Waiver policy information URL, Other fees information URL, servicios_preservacion, Preservation Service: national library, Preservation information URL, Deposit policy directory, URL for deposit policy, identificadores_persistentes, Continues, Continued By, apc_monto_original, apc_moneda_original, tasa_usd_utilizada, apc_monto, apc_moneda, titulo_normalizado_facts_dup, is_hybrid, titulo_normalizado_openapc_dup, contraste_publindex_cuartil, ratio_citas_docs, sjr_score_zscore, h_index_zscore, sjr_score_minmax, h_index_minmax"
0120-0135,Revista De Ciencias Agricolas,ciencias agricolas,CO,Ciencias Agrícolas,665,observado,2160.0,5684.21,False,False,apc_metodo_imputacion,"issn_linking, institucion_editora_2, institucion_editora_3, titulo_normalizado_scimago_dup, titulo_alternativo, Country of other organisation, atributos_licencia, Copyright information URL, apc_amount_raw, Other fees information URL, servicios_preservacion, Preservation Service: national library, Preservation information URL, Deposit policy directory, URL for deposit policy, Continues, Continued By, titulo_normalizado_facts_dup, titulo_normalizado_openapc_dup, apc_metodo_imputacion"
2011-639X,Revista De Investigación,investigacion,CO,Ciencias Sociales,666,imputado,881.49,2319.71,True,False,"apc_monto, apc_moneda","issn_electronic, issn_linking, institucion_editora_2, institucion_editora_3, titulo_normalizado_scimago_dup, titulo_alternativo, Country of other organisation, atributos_licencia, cc_legible_maquina, Copyright information URL, apc_amount_raw, Waiver policy information URL, servicios_preservacion, Preservation Service: national library, Preservation information URL, Deposit policy directory, URL for deposit policy, Continues, Continued By, apc_monto_original, apc_moneda_original, tasa_usd_utilizada, apc_monto, apc_moneda, titulo_normalizado_facts_dup, is_hybrid, titulo_normalizado_openapc_dup"
1657-3412,Cuadernos Hispanoamericanos De Psicología,hispanoamericanos psicologia,CO,Ciencias Sociales,667,observado,1974.5,5196.05,False,False,apc_metodo_imputacion,"issn_electronic, issn_linking, institucion_editora_2, institucion_editora_3, rank, sourceid, tipo_publicacion, titulo_normalizado_scimago_dup, open_access, sjr_score, cuartil_sjr, h_index, total_docs, total_docs_3y, total_refs, total_citas_3y, docs_citables_3y, citas_por_doc_2y, refs_por_doc, pct_female, overton, cobertura, categorias, areas, titulo_alternativo, issn_electronico, Other organisation, Country of other organisation, atributos_licencia, apc_amount_raw, Waiver policy information URL, Other fees information URL, servicios_preservacion, Preservation Service: national library, Preservation information URL, Deposit policy directory, URL for deposit policy, Continues, Continued By, titulo_normalizado_facts_dup, titulo_normalizado_openapc_dup, apc_metodo_imputacion, contraste_publindex_cuartil, ratio_citas_docs, sjr_score_zscore, h_index_zscore, sjr_score_minmax, h_index_minmax"
0121-4993,Revista De Ingeniería,ingenieria,CO,Ingeniería y Tecnología,668,imputado,1008.79,2654.71,True,False,"apc_monto, apc_moneda","issn_electronic, issn_linking, institucion_editora_2, institucion_editora_3, rank, sourceid, tipo_publicacion, titulo_normalizado_scimago_dup, open_access, sjr_score, cuartil_sjr, h_index, total_docs, total_docs_3y, total_refs, total_citas_3y, docs_citables_3y, citas_por_doc_2y, refs_por_doc, pct_female, overton, cobertura, categorias, areas, Country of other organisation, atributos_licencia, apc_amount_raw, Waiver policy information URL, Other fees information URL, servicios_preservacion, Preservation Service: national library, Preservation information URL, Deposit policy directory, URL for deposit policy, Continues, Continued By, titulo_normalizado_doaj_dup, apc_monto_original, apc_moneda_original, tasa_usd_utilizada, apc_monto, apc_moneda, titulo_normalizado_facts_dup, is_hybrid, titulo_normalizado_openapc_dup, contraste_publindex_cuartil, ratio_citas_docs, sjr_score_zscore, h_index_zscore, sjr_score_minmax, h_index_minmax"
0568-3076,Agronomía,agronomia,CO,Ciencias Agrícolas,669,imputado,1242.68,3270.21,True,False,"apc_monto, apc_moneda","issn_electronic, issn_linking, institucion_editora_2, institucion_editora_3, rank, sourceid, tipo_publicacion, titulo_normalizado_scimago_dup, open_access, sjr_score, cuartil_sjr, h_index, total_docs, total_docs_3y, total_refs, total_citas_3y, docs_citables_3y, citas_por_doc_2y, refs_por_doc, pct_female, overton, cobertura, categorias, areas, Country of other organisation, atributos_licencia, cc_legible_maquina, apc_amount_raw, Waiver policy information URL, servicios_preservacion, Preservation Service: national library, Deposit policy directory, URL for deposit policy, identificadores_persistentes, Continues, Continued By, fecha_ultimo_articulo, titulo_normalizado_doaj_dup, apc_monto_original, apc_moneda_original, tasa_usd_utilizada, apc_monto, apc_moneda, titulo_normalizado_facts_dup, is_hybrid, titulo_normalizado_openapc_dup, contraste_publindex_cuartil, ratio_citas_docs, sjr_score_zscore, h_index_zscore, sjr_score_minmax, h_index_minmax"
2145-6569,Revista De Psicologia Gepu,psicologia gepu,CO,Ciencias Sociales,670,observado,399.69,1051.82,False,False,apc_metodo_imputacion,"issn_electronic, issn_linking, institucion_editora_2, institucion_editora_3, rank, sourceid, tipo_publicacion, titulo_normalizado_scimago_dup, open_access, sjr_score, cuartil_sjr, h_index, total_docs, total_docs_3y, total_refs, total_citas_3y, docs_citables_3y, citas_por_doc_2y, refs_por_doc, pct_female, overton, cobertura, categorias, areas, titulo_alternativo, issn_impreso, atributos_licencia, cc_legible_maquina, apc_amount_raw, Waiver policy information URL, Other fees information URL, servicios_preservacion, Preservation Service: national library, Preservation information URL, Deposit policy directory, URL for deposit policy, Continues, Continued By, fecha_ultimo_articulo, titulo_normalizado_doaj_dup, titulo_normalizado_facts_dup, titulo_normalizado_openapc_dup, apc_metodo_imputacion, contraste_publindex_cuartil, ratio_citas_docs, sjr_score_zscore, h_index_zscore, sjr_score_minmax, h_index_minmax"
2215-9444,Arquetipo,arquetipo,CO,Ciencias Sociales,671,imputado,870.41,2290.55,True,False,"apc_monto, apc_moneda","issn_electronic, issn_linking, institucion_editora_2, institucion_editora_3, rank, sourceid, tipo_publicacion, titulo_normalizado_scimago_dup, open_access, sjr_score, cuartil_sjr, h_index, total_docs, total_docs_3y, total_refs, total_citas_3y, docs_citables_3y, citas_por_doc_2y, refs_por_doc, pct_female, overton, cobertura, categorias, areas, titulo_alternativo, atributos_licencia, cc_legible_maquina, apc_amount_raw, Waiver policy information URL, Other fees information URL, servicios_preservacion, Preservation Service: national library, Preservation information URL, Deposit policy directory, URL for deposit policy, Continues, Continued By, titulo_normalizado_doaj_dup, apc_monto_original, apc_moneda_original, tasa_usd_utilizada, apc_monto, apc_moneda, titulo_normalizado_facts_dup, is_hybrid, titulo_normalizado_openapc_dup, contraste_publindex_cuartil, ratio_citas_docs, sjr_score_zscore, h_index_zscore, sjr_score_minmax, h_index_minmax"
2145-2946,Revista Digital De Derecho Administrativo,digital derecho administrativo,CO,Ciencias Sociales,672,observado,1183.85,3115.39,False,False,apc_metodo_imputacion,"issn_linking, institucion_editora_2, institucion_editora_3, titulo_normalizado_scimago_dup, titulo_alternativo, issn_impreso, Other organisation, Country of other organisation, atributos_licencia, cc_legible_maquina, apc_amount_raw, Waiver policy information URL, Other fees information URL, Preservation Service: national library, Continues, Continued By, titulo_normalizado_facts_dup, titulo_normalizado_openapc_dup, apc_metodo_imputacion"
1657-9550,Biosalud,biosalud,CO,Ciencias Médicas y de la Salud,673,declarado,19.5,51.32,False,False,apc_metodo_imputacion,"issn_electronic, issn_linking, institucion_editora_2, institucion_editora_3, Other organisation, Country of other organisation, atributos_licencia, Waiver policy information URL, Other fees information URL, servicios_preservacion, Preservation Service: national library, Preservation information URL, Deposit policy directory, URL for deposit policy, Continues, Continued By, fecha_ultimo_articulo, titulo_normalizado_doaj_dup, titulo_normalizado_facts_dup, is_hybrid, titulo_normalizado_openapc_dup, apc_metodo_imputacion"
0123-580X,Punto De Vista,punto vista,CO,Ciencias Sociales,674,imputado,870.05,2289.61,True,False,"apc_monto, apc_moneda","issn_electronic, issn_linking, institucion_editora_2, institucion_editora_3, rank, sourceid, tipo_publicacion, titulo_normalizado_scimago_dup, open_access, sjr_score, cuartil_sjr, h_index, total_docs, total_docs_3y, total_refs, total_citas_3y, docs_citables_3y, citas_por_doc_2y, refs_por_doc, pct_female, overton, cobertura, categorias, areas, titulo_alternativo, issn_impreso, Country of other organisation, atributos_licencia, cc_legible_maquina, apc_amount_raw, Waiver policy information URL, servicios_preservacion, Preservation Service: national library, URL for deposit policy, Continues, Continued By, titulo_normalizado_doaj_dup, apc_monto_original, apc_moneda_original, tasa_usd_utilizada, apc_monto, apc_moneda, titulo_normalizado_facts_dup, is_hybrid, titulo_normalizado_openapc_dup, contraste_publindex_cuartil, ratio_citas_docs, sjr_score_zscore, h_index_zscore, sjr_score_minmax, h_index_minmax"
2256-3342,Journal Of Agriculture And Animal Sciences,agriculture animal sciences,CO,Ciencias Agrícolas,675,observado,284.15,747.76,False,False,apc_metodo_imputacion,"issn_electronic, issn_linking, institucion_editora_2, institucion_editora_3, rank, sourceid, tipo_publicacion, titulo_normalizado_scimago_dup, open_access, sjr_score, cuartil_sjr, h_index, total_docs, total_docs_3y, total_refs, total_citas_3y, docs_citables_3y, citas_por_doc_2y, refs_por_doc, pct_female, overton, cobertura, categorias, areas, issn_impreso, atributos_licencia, cc_legible_maquina, apc_amount_raw, Waiver policy information URL, Other fees information URL, servicios_preservacion, Preservation Service: national library, Preservation information URL, Deposit policy directory, URL for deposit policy, Continues, Continued By, fecha_ultimo_articulo, titulo_normalizado_doaj_dup, titulo_normalizado_facts_dup, titulo_normalizado_openapc_dup, apc_metodo_imputacion, contraste_publindex_cuartil, ratio_citas_docs, sjr_score_zscore, h_index_zscore, sjr_score_minmax, h_index_minmax"
2011-9771,Albertus Magnus,albertus magnus,CO,Humanidades,676,imputado,645.38,1698.37,True,False,"apc_monto, apc_moneda","issn_electronic, issn_linking, institucion_editora_2, institucion_editora_3, rank, sourceid, tipo_publicacion, titulo_normalizado_scimago_dup, editorial, open_access, sjr_score, cuartil_sjr, h_index, total_docs, total_docs_3y, total_refs, total_citas_3y, docs_citables_3y, citas_por_doc_2y, refs_por_doc, pct_female, overton, cobertura, categorias, areas, url_revista, url, When did the journal start to publish all content using an open license?, titulo_alternativo, issn_impreso, issn_electronico, palabras_clave, idiomas, pais_editorial, Other organisation, Country of other organisation, licencia, atributos_licencia, URL for license terms, cc_legible_maquina, autor_retiene_copyright, Copyright information URL, tipo_revision, Review process information URL, politica_plagio, URL for journal's aims & scope, URL for the Editorial Board page, URL for journal's instructions for authors, semanas_submission_publicacion, tiene_apc, APC information URL, apc_amount_raw, politica_exencion, Waiver policy information URL, tiene_otros_cobros, Other fees information URL, servicios_preservacion, Preservation Service: national library, Preservation information URL, Deposit policy directory, URL for deposit policy, identificadores_persistentes, cumple_oa, Continues, Continued By, codigos_lcc, subscribe_to_open, Mirror Journal, Open Journals Collective, materias, fecha_incorporacion, fecha_actualizacion, Last Full Review Date, num_articulos, fecha_ultimo_articulo, titulo_normalizado_doaj_dup, apc_monto_original, apc_moneda_original, tasa_usd_utilizada, apc_conversion_estado, apc_monto, apc_moneda, titulo_normalizado_facts_dup, is_hybrid, titulo_normalizado_openapc_dup, contraste_publindex_cuartil, semanas_pub, editorial_rapida, ratio_citas_docs, sjr_score_zscore, h_index_zscore, semanas_pub_zscore, sjr_score_minmax, h_index_minmax, semanas_pub_minmax"
1657-0448,Revista De La Asociación Colombiana De Dermatología Y Cirugía Dermatológica,asociacion colombiana dermatologia cirugia dermatologica,CO,Ciencias Médicas y de la Salud,677,observado,1446.51,3806.61,False,False,apc_metodo_imputacion,"issn_linking, institucion_editora_2, institucion_editora_3, titulo_normalizado_scimago_dup, titulo_alternativo, Other organisation, Country of other organisation, atributos_licencia, apc_amount_raw, Waiver policy information URL, Other fees information URL, Preservation Service: national library, Deposit policy directory, URL for deposit policy, Continues, Continued By, titulo_normalizado_facts_dup, titulo_normalizado_openapc_dup, apc_metodo_imputacion"
1657-6535,Precedente,precedente,CO,Ciencias Sociales,678,imputado,870.05,2289.61,True,False,"apc_monto, apc_moneda","issn_electronic, issn_linking, codigo_dane, institucion_editora_2, institucion_editora_3, rank, sourceid, tipo_publicacion, titulo_normalizado_scimago_dup, open_access, sjr_score, cuartil_sjr, h_index, total_docs, total_docs_3y, total_refs, total_citas_3y, docs_citables_3y, citas_por_doc_2y, refs_por_doc, pct_female, overton, cobertura, categorias, areas, issn_impreso, Other organisation, Country of other organisation, atributos_licencia, apc_amount_raw, Waiver policy information URL, Other fees information URL, servicios_preservacion, Preservation Service: national library, Preservation information URL, Deposit policy directory, URL for deposit policy, Continues, Continued By, apc_monto_original, apc_moneda_original, tasa_usd_utilizada, apc_monto, apc_moneda, titulo_normalizado_facts_dup, is_hybrid, titulo_normalizado_openapc_dup, contraste_publindex_cuartil, ratio_citas_docs, sjr_score_zscore, h_index_zscore, sjr_score_minmax, h_index_minmax"
2256-1676,I+D Revista De Investigaciones,i d investigaciones,CO,Ciencias Sociales,679,observado,438.25,1153.29,False,False,apc_metodo_imputacion,"issn_electronic, issn_linking, institucion_editora_2, institucion_editora_3, rank, sourceid, tipo_publicacion, titulo_normalizado_scimago_dup, open_access, sjr_score, cuartil_sjr, h_index, total_docs, total_docs_3y, total_refs, total_citas_3y, docs_citables_3y, citas_por_doc_2y, refs_por_doc, pct_female, overton, cobertura, categorias, areas, titulo_alternativo, Other organisation, Country of other organisation, atributos_licencia, cc_legible_maquina, apc_amount_raw, Waiver policy information URL, Other fees information URL, servicios_preservacion, Preservation Service: national library, Preservation information URL, Deposit policy directory, URL for deposit policy, Continues, Continued By, Last Full Review Date, titulo_normalizado_facts_dup, titulo_normalizado_openapc_dup, apc_metodo_imputacion, contraste_publindex_cuartil, ratio_citas_docs, sjr_score_zscore, h_index_zscore, sjr_score_minmax, h_index_minmax"
0124-7255,Dixi,dixi,CO,Ciencias Sociales,680,imputado,870.05,2289.61,True,False,"apc_monto, apc_moneda","issn_electronic, issn_linking, institucion_editora_2, institucion_editora_3, rank, sourceid, tipo_publicacion, titulo_normalizado_scimago_dup, open_access, sjr_score, cuartil_sjr, h_index, total_docs, total_docs_3y, total_refs, total_citas_3y, docs_citables_3y, citas_por_doc_2y, refs_por_doc, pct_female, overton, cobertura, categorias, areas, titulo_alternativo, Country of other organisation, atributos_licencia, Copyright information URL, apc_amount_raw, Waiver policy information URL, Other fees information URL, Preservation Service: national library, Deposit policy directory, URL for deposit policy, identificadores_persistentes, Continues, Continued By, fecha_ultimo_articulo, apc_monto_original, apc_moneda_original, tasa_usd_utilizada, apc_monto, apc_moneda, titulo_normalizado_facts_dup, is_hybrid, titulo_normalizado_openapc_dup, contraste_publindex_cuartil, ratio_citas_docs, sjr_score_zscore, h_index_zscore, sjr_score_minmax, h_index_minmax"
1692-2484,Revista Filosofía Uis,filosofia uis,CO,Humanidades,681,imputado,635.72,1672.95,True,False,"apc_monto, apc_moneda","issn_linking, institucion_editora_2, institucion_editora_3, titulo_normalizado_scimago_dup, titulo_alternativo, Country of other organisation, atributos_licencia, Copyright information URL, apc_amount_raw, Waiver policy information URL, servicios_preservacion, Preservation Service: national library, Preservation information URL, Deposit policy directory, URL for deposit policy, identificadores_persistentes, Continues, Continued By, apc_monto_original, apc_moneda_original, tasa_usd_utilizada, apc_monto, apc_moneda, titulo_normalizado_facts_dup, is_hybrid, titulo_normalizado_openapc_dup"
2256-151X,Espiral,espiral,CO,Ciencias Sociales,682,imputado,870.05,2289.61,True,False,"apc_monto, apc_moneda","issn_linking, institucion_editora_2, institucion_editora_3, rank, sourceid, tipo_publicacion, titulo_normalizado_scimago_dup, open_access, sjr_score, cuartil_sjr, h_index, total_docs, total_docs_3y, total_refs, total_citas_3y, docs_citables_3y, citas_por_doc_2y, refs_por_doc, pct_female, overton, cobertura, categorias, areas, Country of other organisation, cc_legible_maquina, Copyright information URL, apc_amount_raw, Waiver policy information URL, Preservation Service: national library, Deposit policy directory, URL for deposit policy, identificadores_persistentes, Continues, Continued By, titulo_normalizado_doaj_dup, apc_monto_original, apc_moneda_original, tasa_usd_utilizada, apc_monto, apc_moneda, titulo_normalizado_facts_dup, is_hybrid, titulo_normalizado_openapc_dup, contraste_publindex_cuartil, ratio_citas_docs, sjr_score_zscore, h_index_zscore, sjr_score_minmax, h_index_minmax"
1692-8571,Justicia Juris,justicia juris,CO,Ciencias Sociales,683,imputado,870.76,2291.47,True,False,"apc_monto, apc_moneda","issn_electronic, issn_linking, institucion_editora_2, institucion_editora_3, rank, sourceid, tipo_publicacion, titulo_normalizado_scimago_dup, open_access, sjr_score, cuartil_sjr, h_index, total_docs, total_docs_3y, total_refs, total_citas_3y, docs_citables_3y, citas_por_doc_2y, refs_por_doc, pct_female, overton, cobertura, categorias, areas, titulo_alternativo, Country of other organisation, atributos_licencia, cc_legible_maquina, Copyright information URL, apc_amount_raw, Waiver policy information URL, Other fees information URL, Preservation Service: national library, URL for deposit policy, identificadores_persistentes, Continues, Continued By, titulo_normalizado_doaj_dup, apc_monto_original, apc_moneda_original, tasa_usd_utilizada, apc_monto, apc_moneda, titulo_normalizado_facts_dup, is_hybrid, titulo_normalizado_openapc_dup, contraste_publindex_cuartil, ratio_citas_docs, sjr_score_zscore, h_index_zscore, sjr_score_minmax, h_index_minmax"
0123-1154,Revista Ibero- Latinoamericana De Seguros,ibero latinoamericana seguros,CO,Ciencias Sociales,684,observado,1974.5,5196.05,False,False,apc_metodo_imputacion,"issn_electronic, issn_linking, institucion_editora_2, institucion_editora_3, rank, sourceid, tipo_publicacion, titulo_normalizado_scimago_dup, open_access, sjr_score, cuartil_sjr, h_index, total_docs, total_docs_3y, total_refs, total_citas_3y, docs_citables_3y, citas_por_doc_2y, refs_por_doc, pct_female, overton, cobertura, categorias, areas, issn_impreso, atributos_licencia, apc_amount_raw, Waiver policy information URL, Other fees information URL, Preservation Service: national library, Preservation information URL, Continues, Continued By, titulo_normalizado_doaj_dup, titulo_normalizado_facts_dup, titulo_normalizado_openapc_dup, apc_metodo_imputacion, contraste_publindex_cuartil, ratio_citas_docs, sjr_score_zscore, h_index_zscore, sjr_score_minmax, h_index_minmax"
1692-3960,Revista@E-Mercatoria,mercatoria,CO,Ciencias Sociales,685,imputado,872.91,2297.13,True,False,"apc_monto, apc_moneda","issn_electronic, issn_linking, institucion_editora_2, institucion_editora_3, rank, sourceid, tipo_publicacion, titulo_normalizado_scimago_dup, open_access, sjr_score, cuartil_sjr, h_index, total_docs, total_docs_3y, total_refs, total_citas_3y, docs_citables_3y, citas_por_doc_2y, refs_por_doc, pct_female, overton, cobertura, categorias, areas, titulo_alternativo, issn_electronico, Other organisation, Country of other organisation, atributos_licencia, cc_legible_maquina, apc_amount_raw, Waiver policy information URL, Other fees information URL, Preservation Service: national library, Deposit policy directory, URL for deposit policy, identificadores_persistentes, Continues, Continued By, apc_monto_original, apc_moneda_original, tasa_usd_utilizada, apc_monto, apc_moneda, titulo_normalizado_facts_dup, is_hybrid, titulo_normalizado_openapc_dup, contraste_publindex_cuartil, ratio_citas_docs, sjr_score_zscore, h_index_zscore, sjr_score_minmax, h_index_minmax"
0123-5931,"Literatura: Teoria, Historia, Critica",literatura teoria historia critica,CO,Humanidades,686,observado,1205.28,3171.79,False,False,apc_metodo_imputacion,"issn_linking, institucion_editora_2, institucion_editora_3, titulo_alternativo, Other organisation, Country of other organisation, atributos_licencia, apc_amount_raw, Waiver policy information URL, Other fees information URL, servicios_preservacion, Preservation Service: national library, Preservation information URL, Deposit policy directory, URL for deposit policy, Continues, Continued By, titulo_normalizado_facts_dup, titulo_normalizado_openapc_dup, apc_metodo_imputacion"
2027-1840,Revista Colombiana De Ciencia Animal,colombiana ciencia animal,CO,Ciencias Agrícolas,687,observado,2424.55,6380.39,False,False,apc_metodo_imputacion,"issn_linking, institucion_editora_2, institucion_editora_3, titulo_normalizado_scimago_dup, titulo_alternativo, atributos_licencia, Other fees information URL, Preservation Service: national library, Deposit policy directory, URL for deposit policy, Continues, Continued By, titulo_normalizado_doaj_dup, titulo_normalizado_facts_dup, titulo_normalizado_openapc_dup, apc_metodo_imputacion"
1692-0899,Ingenium,ingenium,CO,Ingeniería y Tecnología,688,imputado,1016.3,2674.47,True,False,"apc_monto, apc_moneda","issn_electronic, issn_linking, codigo_dane, institucion_editora_2, institucion_editora_3, rank, sourceid, tipo_publicacion, titulo_normalizado_scimago_dup, editorial, open_access, sjr_score, cuartil_sjr, h_index, total_docs, total_docs_3y, total_refs, total_citas_3y, docs_citables_3y, citas_por_doc_2y, refs_por_doc, pct_female, overton, cobertura, categorias, areas, url_revista, url, When did the journal start to publish all content using an open license?, titulo_alternativo, issn_impreso, issn_electronico, palabras_clave, idiomas, pais_editorial, Other organisation, Country of other organisation, licencia, atributos_licencia, URL for license terms, cc_legible_maquina, autor_retiene_copyright, Copyright information URL, tipo_revision, Review process information URL, politica_plagio, URL for journal's aims & scope, URL for the Editorial Board page, URL for journal's instructions for authors, semanas_submission_publicacion, tiene_apc, APC information URL, apc_amount_raw, politica_exencion, Waiver policy information URL, tiene_otros_cobros, Other fees information URL, servicios_preservacion, Preservation Service: national library, Preservation information URL, Deposit policy directory, URL for deposit policy, identificadores_persistentes, cumple_oa, Continues, Continued By, codigos_lcc, subscribe_to_open, Mirror Journal, Open Journals Collective, materias, fecha_incorporacion, fecha_actualizacion, Last Full Review Date, num_articulos, fecha_ultimo_articulo, titulo_normalizado_doaj_dup, apc_monto_original, apc_moneda_original, tasa_usd_utilizada, apc_conversion_estado, apc_monto, apc_moneda, titulo_normalizado_facts_dup, is_hybrid, titulo_normalizado_openapc_dup, contraste_publindex_cuartil, semanas_pub, editorial_rapida, ratio_citas_docs, sjr_score_zscore, h_index_zscore, semanas_pub_zscore, sjr_score_minmax, h_index_minmax, semanas_pub_minmax"
2011-5318,Educacion Y Desarrollo Social,educacion desarrollo social,CO,Ciencias Sociales,689,observado,2890.36,7606.21,False,False,apc_metodo_imputacion,"issn_linking, institucion_editora_2, institucion_editora_3, titulo_normalizado_scimago_dup, titulo_alternativo, Country of other organisation, atributos_licencia, cc_legible_maquina, apc_amount_raw, Waiver policy information URL, servicios_preservacion, Preservation Service: national library, Preservation information URL, Deposit policy directory, URL for deposit policy, identificadores_persistentes, Continues, Continued By, fecha_ultimo_articulo, titulo_normalizado_doaj_dup, titulo_normalizado_facts_dup, titulo_normalizado_openapc_dup, apc_metodo_imputacion"
1900-9771,Revista Gestión Y Región,gestion region,CO,Ciencias Sociales,690,observado,112.5,296.05,False,False,apc_metodo_imputacion,"issn_electronic, issn_linking, institucion_editora_2, institucion_editora_3, rank, sourceid, tipo_publicacion, titulo_normalizado_scimago_dup, open_access, sjr_score, cuartil_sjr, h_index, total_docs, total_docs_3y, total_refs, total_citas_3y, docs_citables_3y, citas_por_doc_2y, refs_por_doc, pct_female, overton, cobertura, categorias, areas, titulo_alternativo, issn_impreso, atributos_licencia, apc_amount_raw, Waiver policy information URL, Other fees information URL, Preservation Service: national library, Continues, Continued By, titulo_normalizado_doaj_dup, titulo_normalizado_facts_dup, titulo_normalizado_openapc_dup, apc_metodo_imputacion, contraste_publindex_cuartil, ratio_citas_docs, sjr_score_zscore, h_index_zscore, sjr_score_minmax, h_index_minmax"
2215-7190,Revista Análisis Internacional (Rai),analisis internacional rai,CO,Ciencias Sociales,691,observado,2438.85,6418.03,False,False,apc_metodo_imputacion,"issn_linking, codigo_dane, institucion_editora_2, institucion_editora_3, titulo_normalizado_scimago_dup, issn_impreso, Country of other organisation, atributos_licencia, cc_legible_maquina, apc_amount_raw, Waiver policy information URL, servicios_preservacion, Preservation Service: national library, Preservation information URL, URL for deposit policy, Continues, Continued By, fecha_ultimo_articulo, titulo_normalizado_doaj_dup, titulo_normalizado_facts_dup, titulo_normalizado_openapc_dup, apc_metodo_imputacion"
1909-7778,Revista De Derecho Publico,derecho publico,CO,Ciencias Sociales,692,imputado,894.17,2353.08,True,False,"apc_monto, apc_moneda","issn_linking, institucion_editora_2, institucion_editora_3, titulo_normalizado_scimago_dup, titulo_alternativo, atributos_licencia, cc_legible_maquina, apc_amount_raw, Waiver policy information URL, Other fees information URL, servicios_preservacion, Preservation Service: national library, Preservation information URL, Deposit policy directory, URL for deposit policy, Continues, Continued By, titulo_normalizado_doaj_dup, apc_monto_original, apc_moneda_original, tasa_usd_utilizada, apc_monto, apc_moneda, titulo_normalizado_facts_dup, is_hybrid, titulo_normalizado_openapc_dup"
1900-771X,"Revista Ingeniería, Investigación Y Desarrollo",ingenieria investigacion desarrollo,CO,Ingeniería y Tecnología,693,imputado,1032.91,2718.18,True,False,"apc_monto, apc_moneda","issn_linking, institucion_editora_2, institucion_editora_3, titulo_normalizado_scimago_dup, issn_electronico, Other organisation, Country of other organisation, atributos_licencia, cc_legible_maquina, apc_amount_raw, Waiver policy information URL, Other fees information URL, servicios_preservacion, Preservation Service: national library, Preservation information URL, Deposit policy directory, URL for deposit policy, Continues, Continued By, apc_monto_original, apc_moneda_original, tasa_usd_utilizada, apc_monto, apc_moneda, titulo_normalizado_facts_dup, is_hybrid, titulo_normalizado_openapc_dup"
1900-4257,Perspectivas Internacionales,perspectivas internacionales,CO,Ciencias Sociales,694,imputado,870.41,2290.55,True,False,"apc_monto, apc_moneda","issn_electronic, issn_linking, institucion_editora_2, institucion_editora_3, rank, sourceid, tipo_publicacion, titulo_normalizado_scimago_dup, open_access, sjr_score, cuartil_sjr, h_index, total_docs, total_docs_3y, total_refs, total_citas_3y, docs_citables_3y, citas_por_doc_2y, refs_por_doc, pct_female, overton, cobertura, categorias, areas, issn_impreso, atributos_licencia, cc_legible_maquina, apc_amount_raw, Waiver policy information URL, Other fees information URL, servicios_preservacion, Preservation Service: national library, Preservation information URL, Continues, Continued By, fecha_ultimo_articulo, titulo_normalizado_doaj_dup, apc_monto_original, apc_moneda_original, tasa_usd_utilizada, apc_monto, apc_moneda, titulo_normalizado_facts_dup, is_hybrid, titulo_normalizado_openapc_dup, contraste_publindex_cuartil, ratio_citas_docs, sjr_score_zscore, h_index_zscore, sjr_score_minmax, h_index_minmax"
2145-5074,Mundo Amazonico,mundo amazonico,CO,Humanidades,695,imputado,646.45,1701.18,True,False,"apc_monto, apc_moneda","issn_electronic, issn_linking, institucion_editora_2, institucion_editora_3, rank, sourceid, tipo_publicacion, titulo_normalizado_scimago_dup, open_access, sjr_score, cuartil_sjr, h_index, total_docs, total_docs_3y, total_refs, total_citas_3y, docs_citables_3y, citas_por_doc_2y, refs_por_doc, pct_female, overton, cobertura, categorias, areas, titulo_alternativo, Other organisation, Country of other organisation, atributos_licencia, apc_amount_raw, Waiver policy information URL, Preservation Service: national library, URL for deposit policy, identificadores_persistentes, Continues, Continued By, apc_monto_original, apc_moneda_original, tasa_usd_utilizada, apc_monto, apc_moneda, titulo_normalizado_facts_dup, is_hybrid, titulo_normalizado_openapc_dup, contraste_publindex_cuartil, ratio_citas_docs, sjr_score_zscore, h_index_zscore, sjr_score_minmax, h_index_minmax"
0120-6222,Colombia Amazónica,colombia amazonica,CO,Ciencias Naturales,696,imputado,1113.66,2930.68,True,False,"apc_monto, apc_moneda","issn_electronic, issn_linking, codigo_dane, institucion_editora_2, institucion_editora_3, rank, sourceid, tipo_publicacion, titulo_normalizado_scimago_dup, open_access, sjr_score, cuartil_sjr, h_index, total_docs, total_docs_3y, total_refs, total_citas_3y, docs_citables_3y, citas_por_doc_2y, refs_por_doc, pct_female, overton, cobertura, categorias, areas, titulo_alternativo, issn_electronico, Other organisation, Country of other organisation, atributos_licencia, apc_amount_raw, Waiver policy information URL, Preservation Service: national library, Deposit policy directory, URL for deposit policy, Continues, Continued By, Last Full Review Date, titulo_normalizado_doaj_dup, apc_monto_original, apc_moneda_original, tasa_usd_utilizada, apc_monto, apc_moneda, titulo_normalizado_facts_dup, is_hybrid, titulo_normalizado_openapc_dup, contraste_publindex_cuartil, ratio_citas_docs, sjr_score_zscore, h_index_zscore, sjr_score_minmax, h_index_minmax"
1657-6799,Revista Jurídica Piélagus,juridica pielagus,CO,Ciencias Sociales,697,imputado,870.05,2289.61,True,False,"apc_monto, apc_moneda","issn_electronic, issn_linking, institucion_editora_2, institucion_editora_3, rank, sourceid, tipo_publicacion, titulo_normalizado_scimago_dup, open_access, sjr_score, cuartil_sjr, h_index, total_docs, total_docs_3y, total_refs, total_citas_3y, docs_citables_3y, citas_por_doc_2y, refs_por_doc, pct_female, overton, cobertura, categorias, areas, titulo_alternativo, Other organisation, Country of other organisation, atributos_licencia, cc_legible_maquina, apc_amount_raw, Waiver policy information URL, Other fees information URL, servicios_preservacion, Preservation Service: national library, Preservation information URL, Deposit policy directory, URL for deposit policy, Continues, Continued By, fecha_ultimo_articulo, apc_monto_original, apc_moneda_original, tasa_usd_utilizada, apc_monto, apc_moneda, titulo_normalizado_facts_dup, is_hybrid, titulo_normalizado_openapc_dup, contraste_publindex_cuartil, ratio_citas_docs, sjr_score_zscore, h_index_zscore, sjr_score_minmax, h_index_minmax"
0122-1213,Prospectiva,prospectiva,CO,Ciencias Sociales,698,observado,3065.04,8065.89,False,False,apc_metodo_imputacion,"issn_electronic, issn_linking, institucion_editora_2, institucion_editora_3, rank, sourceid, tipo_publicacion, titulo_normalizado_scimago_dup, open_access, sjr_score, cuartil_sjr, h_index, total_docs, total_docs_3y, total_refs, total_citas_3y, docs_citables_3y, citas_por_doc_2y, refs_por_doc, pct_female, overton, cobertura, categorias, areas, titulo_alternativo, Other organisation, Country of other organisation, atributos_licencia, apc_amount_raw, Waiver policy information URL, Other fees information URL, servicios_preservacion, Preservation Service: national library, Preservation information URL, Deposit policy directory, URL for deposit policy, Continues, Continued By, titulo_normalizado_facts_dup, titulo_normalizado_openapc_dup, apc_metodo_imputacion, contraste_publindex_cuartil, ratio_citas_docs, sjr_score_zscore, h_index_zscore, sjr_score_minmax, h_index_minmax"
1657-7558,Oasis,oasis,CO,Ciencias Sociales,699,imputado,872.91,2297.13,True,False,"apc_monto, apc_moneda","issn_linking, institucion_editora_2, institucion_editora_3, rank, sourceid, tipo_publicacion, titulo_normalizado_scimago_dup, open_access, sjr_score, cuartil_sjr, h_index, total_docs, total_docs_3y, total_refs, total_citas_3y, docs_citables_3y, citas_por_doc_2y, refs_por_doc, pct_female, overton, cobertura, categorias, areas, Other organisation, Country of other organisation, atributos_licencia, apc_amount_raw, Waiver policy information URL, Other fees information URL, Preservation Service: national library, Continues, Continued By, apc_monto_original, apc_moneda_original, tasa_usd_utilizada, apc_monto, apc_moneda, titulo_normalizado_facts_dup, is_hybrid, titulo_normalizado_openapc_dup, contraste_publindex_cuartil, ratio_citas_docs, sjr_score_zscore, h_index_zscore, sjr_score_minmax, h_index_minmax"
0120-5498,Medicina,medicina,CO,Ciencias Médicas y de la Salud,700,observado,1564.49,4117.08,False,False,apc_metodo_imputacion,"issn_linking, institucion_editora_2, institucion_editora_3, titulo_normalizado_scimago_dup, titulo_alternativo, Country of other organisation, atributos_licencia, cc_legible_maquina, apc_amount_raw, Waiver policy information URL, Other fees information URL, servicios_preservacion, Preservation Service: national library, Preservation information URL, Deposit policy directory, URL for deposit policy, identificadores_persistentes, Continues, Continued By, titulo_normalizado_facts_dup, titulo_normalizado_openapc_dup, apc_metodo_imputacion"
0124-3691,Revista Gastrohnup,gastrohnup,CO,Ciencias Médicas y de la Salud,701,imputado,1285.38,3382.58,True,False,"apc_monto, apc_moneda","issn_electronic, issn_linking, codigo_dane, institucion_editora_2, institucion_editora_3, rank, sourceid, tipo_publicacion, titulo_normalizado_scimago_dup, editorial, open_access, sjr_score, cuartil_sjr, h_index, total_docs, total_docs_3y, total_refs, total_citas_3y, docs_citables_3y, citas_por_doc_2y, refs_por_doc, pct_female, overton, cobertura, categorias, areas, url_revista, url, When did the journal start to publish all content using an open license?, titulo_alternativo, issn_impreso, issn_electronico, palabras_clave, idiomas, pais_editorial, Other organisation, Country of other organisation, licencia, atributos_licencia, URL for license terms, cc_legible_maquina, autor_retiene_copyright, Copyright information URL, tipo_revision, Review process information URL, politica_plagio, URL for journal's aims & scope, URL for the Editorial Board page, URL for journal's instructions for authors, semanas_submission_publicacion, tiene_apc, APC information URL, apc_amount_raw, politica_exencion, Waiver policy information URL, tiene_otros_cobros, Other fees information URL, servicios_preservacion, Preservation Service: national library, Preservation information URL, Deposit policy directory, URL for deposit policy, identificadores_persistentes, cumple_oa, Continues, Continued By, codigos_lcc, subscribe_to_open, Mirror Journal, Open Journals Collective, materias, fecha_incorporacion, fecha_actualizacion, Last Full Review Date, num_articulos, fecha_ultimo_articulo, titulo_normalizado_doaj_dup, apc_monto_original, apc_moneda_original, tasa_usd_utilizada, apc_conversion_estado, apc_monto, apc_moneda, titulo_normalizado_facts_dup, is_hybrid, titulo_normalizado_openapc_dup, contraste_publindex_cuartil, semanas_pub, editorial_rapida, ratio_citas_docs, sjr_score_zscore, h_index_zscore, semanas_pub_zscore, sjr_score_minmax, h_index_minmax, semanas_pub_minmax"
0123-8264,Horizontes Pedagógicos,horizontes pedagogicos,CO,Ciencias Sociales,702,imputado,871.12,2292.42,True,False,"apc_monto, apc_moneda","issn_electronic, issn_linking, institucion_editora_2, institucion_editora_3, rank, sourceid, tipo_publicacion, titulo_normalizado_scimago_dup, open_access, sjr_score, cuartil_sjr, h_index, total_docs, total_docs_3y, total_refs, total_citas_3y, docs_citables_3y, citas_por_doc_2y, refs_por_doc, pct_female, overton, cobertura, categorias, areas, titulo_alternativo, Country of other organisation, atributos_licencia, Copyright information URL, apc_amount_raw, Waiver policy information URL, servicios_preservacion, Preservation Service: national library, Preservation information URL, Deposit policy directory, URL for deposit policy, identificadores_persistentes, Continues, Continued By, apc_monto_original, apc_moneda_original, tasa_usd_utilizada, apc_monto, apc_moneda, titulo_normalizado_facts_dup, is_hybrid, titulo_normalizado_openapc_dup, contraste_publindex_cuartil, ratio_citas_docs, sjr_score_zscore, h_index_zscore, sjr_score_minmax, h_index_minmax"
0120-3630,Boletín De Ciencias De La Tierra,ciencias tierra,CO,Ciencias Naturales,703,observado,2160.0,5684.21,False,False,apc_metodo_imputacion,"issn_linking, institucion_editora_2, institucion_editora_3, titulo_alternativo, Other organisation, Country of other organisation, atributos_licencia, cc_legible_maquina, Copyright information URL, apc_amount_raw, Waiver policy information URL, Other fees information URL, servicios_preservacion, Preservation Service: national library, Preservation information URL, URL for deposit policy, identificadores_persistentes, Continues, Continued By, titulo_normalizado_facts_dup, titulo_normalizado_openapc_dup, apc_metodo_imputacion"
1657-3978,Criterio Jurídico,criterio juridico,CO,Ciencias Sociales,704,imputado,870.05,2289.61,True,False,"apc_monto, apc_moneda","issn_electronic, issn_linking, institucion_editora_2, institucion_editora_3, rank, sourceid, tipo_publicacion, titulo_normalizado_scimago_dup, open_access, sjr_score, cuartil_sjr, h_index, total_docs, total_docs_3y, total_refs, total_citas_3y, docs_citables_3y, citas_por_doc_2y, refs_por_doc, pct_female, overton, cobertura, categorias, areas, titulo_alternativo, Other organisation, Country of other organisation, atributos_licencia, cc_legible_maquina, apc_amount_raw, Waiver policy information URL, Other fees information URL, servicios_preservacion, Preservation Service: national library, Preservation information URL, Deposit policy directory, URL for deposit policy, Continues, Continued By, titulo_normalizado_doaj_dup, apc_monto_original, apc_moneda_original, tasa_usd_utilizada, apc_monto, apc_moneda, titulo_normalizado_facts_dup, is_hybrid, titulo_normalizado_openapc_dup, contraste_publindex_cuartil, ratio_citas_docs, sjr_score_zscore, h_index_zscore, sjr_score_minmax, h_index_minmax"
2011-3757,Calle14,calle14,CO,Humanidades,705,imputado,635.37,1672.03,True,False,"apc_monto, apc_moneda","issn_electronic, issn_linking, institucion_editora_2, institucion_editora_3, rank, sourceid, tipo_publicacion, titulo_normalizado_scimago_dup, open_access, sjr_score, cuartil_sjr, h_index, total_docs, total_docs_3y, total_refs, total_citas_3y, docs_citables_3y, citas_por_doc_2y, refs_por_doc, pct_female, overton, cobertura, categorias, areas, Other organisation, Country of other organisation, atributos_licencia, apc_amount_raw, Waiver policy information URL, Other fees information URL, servicios_preservacion, Preservation Service: national library, Preservation information URL, Deposit policy directory, URL for deposit policy, Continues, Continued By, apc_monto_original, apc_moneda_original, tasa_usd_utilizada, apc_monto, apc_moneda, titulo_normalizado_facts_dup, is_hybrid, titulo_normalizado_openapc_dup, contraste_publindex_cuartil, ratio_citas_docs, sjr_score_zscore, h_index_zscore, sjr_score_minmax, h_index_minmax"
0123-4072,Lumina,lumina,CO,Ciencias Sociales,706,imputado,870.76,2291.47,True,False,"apc_monto, apc_moneda","issn_electronic, issn_linking, institucion_editora_2, institucion_editora_3, rank, sourceid, tipo_publicacion, titulo_normalizado_scimago_dup, open_access, sjr_score, cuartil_sjr, h_index, total_docs, total_docs_3y, total_refs, total_citas_3y, docs_citables_3y, citas_por_doc_2y, refs_por_doc, pct_female, overton, cobertura, categorias, areas, titulo_alternativo, Other organisation, Country of other organisation, atributos_licencia, cc_legible_maquina, apc_amount_raw, Waiver policy information URL, Other fees information URL, servicios_preservacion, Preservation Service: national library, Preservation information URL, Deposit policy directory, URL for deposit policy, identificadores_persistentes, Continues, Continued By, titulo_normalizado_doaj_dup, apc_monto_original, apc_moneda_original, tasa_usd_utilizada, apc_monto, apc_moneda, titulo_normalizado_facts_dup, is_hybrid, titulo_normalizado_openapc_dup, contraste_publindex_cuartil, ratio_citas_docs, sjr_score_zscore, h_index_zscore, sjr_score_minmax, h_index_minmax"
2215-8812,Textos Y Sentidos,textos sentidos,CO,Ciencias Sociales,707,imputado,870.05,2289.61,True,False,"apc_monto, apc_moneda","issn_electronic, issn_linking, institucion_editora_2, institucion_editora_3, rank, sourceid, tipo_publicacion, titulo_normalizado_scimago_dup, open_access, sjr_score, cuartil_sjr, h_index, total_docs, total_docs_3y, total_refs, total_citas_3y, docs_citables_3y, citas_por_doc_2y, refs_por_doc, pct_female, overton, cobertura, categorias, areas, issn_impreso, Other organisation, Country of other organisation, atributos_licencia, apc_amount_raw, Waiver policy information URL, Other fees information URL, servicios_preservacion, Preservation Service: national library, Preservation information URL, Continues, Continued By, titulo_normalizado_doaj_dup, apc_monto_original, apc_moneda_original, tasa_usd_utilizada, apc_monto, apc_moneda, titulo_normalizado_facts_dup, is_hybrid, titulo_normalizado_openapc_dup, contraste_publindex_cuartil, ratio_citas_docs, sjr_score_zscore, h_index_zscore, sjr_score_minmax, h_index_minmax"
2145-9282,Ingenio Magno,ingenio magno,CO,Ingeniería y Tecnología,708,imputado,1005.93,2647.18,True,False,"apc_monto, apc_moneda","issn_linking, institucion_editora_2, institucion_editora_3, rank, sourceid, tipo_publicacion, titulo_normalizado_scimago_dup, open_access, sjr_score, cuartil_sjr, h_index, total_docs, total_docs_3y, total_refs, total_citas_3y, docs_citables_3y, citas_por_doc_2y, refs_por_doc, pct_female, overton, cobertura, categorias, areas, titulo_alternativo, issn_electronico, Country of other organisation, atributos_licencia, cc_legible_maquina, apc_amount_raw, Waiver policy information URL, Other fees information URL, servicios_preservacion, Preservation Service: national library, Preservation information URL, Deposit policy directory, URL for deposit policy, identificadores_persistentes, Continues, Continued By, apc_monto_original, apc_moneda_original, tasa_usd_utilizada, apc_monto, apc_moneda, titulo_normalizado_facts_dup, is_hybrid, titulo_normalizado_openapc_dup, contraste_publindex_cuartil, ratio_citas_docs, sjr_score_zscore, h_index_zscore, sjr_score_minmax, h_index_minmax"
0120-131X,Cuestiones Teológicas Y Filosóficas,cuestiones teologicas filosoficas,CO,Humanidades,709,observado,1404.0,3694.74,False,False,apc_metodo_imputacion,"issn_linking, institucion_editora_2, institucion_editora_3, titulo_normalizado_scimago_dup, titulo_alternativo, Country of other organisation, atributos_licencia, cc_legible_maquina, apc_amount_raw, Waiver policy information URL, servicios_preservacion, Preservation Service: national library, Preservation information URL, Deposit policy directory, URL for deposit policy, identificadores_persistentes, Continues, Continued By, titulo_normalizado_facts_dup, titulo_normalizado_openapc_dup, apc_metodo_imputacion"
1692-8156,International Law : Revista Colombiana De Derecho Internacional,law colombiana derecho internacional,CO,Ciencias Sociales,710,observado,2859.39,7524.71,False,False,apc_metodo_imputacion,"issn_linking, institucion_editora_2, institucion_editora_3, titulo_normalizado_scimago_dup, issn_impreso, Other organisation, Country of other organisation, atributos_licencia, apc_amount_raw, Waiver policy information URL, Other fees information URL, servicios_preservacion, Preservation Service: national library, Preservation information URL, Deposit policy directory, URL for deposit policy, Continues, Continued By, titulo_normalizado_doaj_dup, titulo_normalizado_facts_dup, titulo_normalizado_openapc_dup, apc_metodo_imputacion"
0123-4471,Revista Del Departamento De Antropología Y Sociología Facultad De Ciencias Jurídicas Y Sociales,departamento antropologia sociologia facultad ciencias juridicas sociales,CO,Ciencias Sociales,711,observado,2895.48,7619.68,False,False,apc_metodo_imputacion,"issn_electronic, issn_linking, institucion_editora_2, institucion_editora_3, titulo_normalizado_scimago_dup, titulo_alternativo, Other organisation, Country of other organisation, atributos_licencia, apc_amount_raw, Waiver policy information URL, Other fees information URL, servicios_preservacion, Preservation Service: national library, Preservation information URL, Deposit policy directory, URL for deposit policy, Continues, Continued By, titulo_normalizado_facts_dup, titulo_normalizado_openapc_dup, apc_metodo_imputacion"
1794-7030,Hojas Y Hablas,hojas hablas,CO,Ciencias Sociales,712,imputado,883.28,2324.42,True,False,"apc_monto, apc_moneda","issn_electronic, issn_linking, institucion_editora_2, institucion_editora_3, rank, sourceid, tipo_publicacion, titulo_normalizado_scimago_dup, editorial, open_access, sjr_score, cuartil_sjr, h_index, total_docs, total_docs_3y, total_refs, total_citas_3y, docs_citables_3y, citas_por_doc_2y, refs_por_doc, pct_female, overton, cobertura, categorias, areas, url_revista, url, When did the journal start to publish all content using an open license?, titulo_alternativo, issn_impreso, issn_electronico, palabras_clave, idiomas, pais_editorial, Other organisation, Country of other organisation, licencia, atributos_licencia, URL for license terms, cc_legible_maquina, autor_retiene_copyright, Copyright information URL, tipo_revision, Review process information URL, politica_plagio, URL for journal's aims & scope, URL for the Editorial Board page, URL for journal's instructions for authors, semanas_submission_publicacion, tiene_apc, APC information URL, apc_amount_raw, politica_exencion, Waiver policy information URL, tiene_otros_cobros, Other fees information URL, servicios_preservacion, Preservation Service: national library, Preservation information URL, Deposit policy directory, URL for deposit policy, identificadores_persistentes, cumple_oa, Continues, Continued By, codigos_lcc, subscribe_to_open, Mirror Journal, Open Journals Collective, materias, fecha_incorporacion, fecha_actualizacion, Last Full Review Date, num_articulos, fecha_ultimo_articulo, titulo_normalizado_doaj_dup, apc_monto_original, apc_moneda_original, tasa_usd_utilizada, apc_conversion_estado, apc_monto, apc_moneda, titulo_normalizado_facts_dup, is_hybrid, titulo_normalizado_openapc_dup, contraste_publindex_cuartil, semanas_pub, editorial_rapida, ratio_citas_docs, sjr_score_zscore, h_index_zscore, semanas_pub_zscore, sjr_score_minmax, h_index_minmax, semanas_pub_minmax"
1909-2407,"Revista Salud, Historia Y Sanidad On-Line",salud historia sanidad line,CO,Ciencias Médicas y de la Salud,713,observado,1205.28,3171.79,False,False,apc_metodo_imputacion,"issn_electronic, issn_linking, institucion_editora_3, rank, sourceid, tipo_publicacion, titulo_normalizado_scimago_dup, open_access, sjr_score, cuartil_sjr, h_index, total_docs, total_docs_3y, total_refs, total_citas_3y, docs_citables_3y, citas_por_doc_2y, refs_por_doc, pct_female, overton, cobertura, categorias, areas, titulo_alternativo, Country of other organisation, atributos_licencia, cc_legible_maquina, Copyright information URL, apc_amount_raw, Waiver policy information URL, Other fees information URL, servicios_preservacion, Preservation Service: national library, Preservation information URL, Deposit policy directory, URL for deposit policy, identificadores_persistentes, Continues, Continued By, titulo_normalizado_doaj_dup, titulo_normalizado_facts_dup, titulo_normalizado_openapc_dup, apc_metodo_imputacion, contraste_publindex_cuartil, ratio_citas_docs, sjr_score_zscore, h_index_zscore, sjr_score_minmax, h_index_minmax"
0121-2923,Palmas,palmas,CO,Ciencias Agrícolas,714,imputado,1242.68,3270.21,True,False,"apc_monto, apc_moneda","issn_electronic, issn_linking, codigo_dane, institucion_editora_2, institucion_editora_3, rank, sourceid, tipo_publicacion, titulo_normalizado_scimago_dup, open_access, sjr_score, cuartil_sjr, h_index, total_docs, total_docs_3y, total_refs, total_citas_3y, docs_citables_3y, citas_por_doc_2y, refs_por_doc, pct_female, overton, cobertura, categorias, areas, issn_impreso, Other organisation, Country of other organisation, atributos_licencia, cc_legible_maquina, apc_amount_raw, Waiver policy information URL, Other fees information URL, servicios_preservacion, Preservation Service: national library, Preservation information URL, Deposit policy directory, URL for deposit policy, identificadores_persistentes, Continues, Continued By, fecha_ultimo_articulo, titulo_normalizado_doaj_dup, apc_monto_original, apc_moneda_original, tasa_usd_utilizada, apc_monto, apc_moneda, titulo_normalizado_facts_dup, is_hybrid, titulo_normalizado_openapc_dup, contraste_publindex_cuartil, ratio_citas_docs, sjr_score_zscore, h_index_zscore, sjr_score_minmax, h_index_minmax"
2248-7441,Revista Antioqueña De Las Ciencias Computacionales Y La Ingeniería De Software (Raccis),antioquena ciencias computacionales ingenieria software raccis,CO,Ciencias Naturales,715,observado,1188.94,3128.79,False,False,apc_metodo_imputacion,"issn_electronic, issn_linking, institucion_editora_2, institucion_editora_3, titulo_normalizado_scimago_dup, titulo_alternativo, issn_impreso, Other organisation, Country of other organisation, atributos_licencia, Other fees information URL, Continues, Continued By, titulo_normalizado_doaj_dup, titulo_normalizado_facts_dup, titulo_normalizado_openapc_dup, apc_metodo_imputacion"
1794-161X,Revista Intropica,intropica,CO,Ciencias Naturales,716,observado,3007.31,7913.97,False,False,apc_metodo_imputacion,"issn_linking, institucion_editora_2, institucion_editora_3, rank, sourceid, tipo_publicacion, titulo_normalizado_scimago_dup, open_access, sjr_score, cuartil_sjr, h_index, total_docs, total_docs_3y, total_refs, total_citas_3y, docs_citables_3y, citas_por_doc_2y, refs_por_doc, pct_female, overton, cobertura, categorias, areas, titulo_alternativo, Country of other organisation, atributos_licencia, Copyright information URL, apc_amount_raw, Waiver policy information URL, servicios_preservacion, Preservation Service: national library, Preservation information URL, URL for deposit policy, identificadores_persistentes, Continues, Continued By, titulo_normalizado_facts_dup, titulo_normalizado_openapc_dup, apc_metodo_imputacion, contraste_publindex_cuartil, ratio_citas_docs, sjr_score_zscore, h_index_zscore, sjr_score_minmax, h_index_minmax"
0124-0102,Advocatus,advocatus,CO,Ciencias Sociales,717,imputado,872.55,2296.18,True,False,"apc_monto, apc_moneda","issn_linking, institucion_editora_2, institucion_editora_3, rank, sourceid, tipo_publicacion, titulo_normalizado_scimago_dup, open_access, sjr_score, cuartil_sjr, h_index, total_docs, total_docs_3y, total_refs, total_citas_3y, docs_citables_3y, citas_por_doc_2y, refs_por_doc, pct_female, overton, cobertura, categorias, areas, titulo_alternativo, Country of other organisation, atributos_licencia, cc_legible_maquina, Copyright information URL, apc_amount_raw, Waiver policy information URL, Other fees information URL, servicios_preservacion, Preservation Service: national library, Preservation information URL, Deposit policy directory, URL for deposit policy, identificadores_persistentes, Continues, Continued By, apc_monto_original, apc_moneda_original, tasa_usd_utilizada, apc_monto, apc_moneda, titulo_normalizado_facts_dup, is_hybrid, titulo_normalizado_openapc_dup, contraste_publindex_cuartil, ratio_citas_docs, sjr_score_zscore, h_index_zscore, sjr_score_minmax, h_index_minmax"
2145-0935,Revista Inge@Uan,inge uan,CO,Ingeniería y Tecnología,718,imputado,1016.3,2674.47,True,False,"apc_monto, apc_moneda","issn_electronic, issn_linking, institucion_editora_2, institucion_editora_3, rank, sourceid, tipo_publicacion, titulo_normalizado_scimago_dup, editorial, open_access, sjr_score, cuartil_sjr, h_index, total_docs, total_docs_3y, total_refs, total_citas_3y, docs_citables_3y, citas_por_doc_2y, refs_por_doc, pct_female, overton, cobertura, categorias, areas, url_revista, url, When did the journal start to publish all content using an open license?, titulo_alternativo, issn_impreso, issn_electronico, palabras_clave, idiomas, pais_editorial, Other organisation, Country of other organisation, licencia, atributos_licencia, URL for license terms, cc_legible_maquina, autor_retiene_copyright, Copyright information URL, tipo_revision, Review process information URL, politica_plagio, URL for journal's aims & scope, URL for the Editorial Board page, URL for journal's instructions for authors, semanas_submission_publicacion, tiene_apc, APC information URL, apc_amount_raw, politica_exencion, Waiver policy information URL, tiene_otros_cobros, Other fees information URL, servicios_preservacion, Preservation Service: national library, Preservation information URL, Deposit policy directory, URL for deposit policy, identificadores_persistentes, cumple_oa, Continues, Continued By, codigos_lcc, subscribe_to_open, Mirror Journal, Open Journals Collective, materias, fecha_incorporacion, fecha_actualizacion, Last Full Review Date, num_articulos, fecha_ultimo_articulo, titulo_normalizado_doaj_dup, apc_monto_original, apc_moneda_original, tasa_usd_utilizada, apc_conversion_estado, apc_monto, apc_moneda, titulo_normalizado_facts_dup, is_hybrid, titulo_normalizado_openapc_dup, contraste_publindex_cuartil, semanas_pub, editorial_rapida, ratio_citas_docs, sjr_score_zscore, h_index_zscore, semanas_pub_zscore, sjr_score_minmax, h_index_minmax, semanas_pub_minmax"
0120-4874,Medicina Upb,medicina upb,CO,Ciencias Médicas y de la Salud,719,observado,1564.49,4117.08,False,False,apc_metodo_imputacion,"issn_linking, institucion_editora_2, institucion_editora_3, titulo_normalizado_scimago_dup, titulo_alternativo, atributos_licencia, Waiver policy information URL, Other fees information URL, Preservation Service: national library, Continues, Continued By, titulo_normalizado_doaj_dup, titulo_normalizado_facts_dup, titulo_normalizado_openapc_dup, apc_metodo_imputacion"
1909-7794,Revista De Derecho Privado,derecho privado,CO,Ciencias Sociales,720,imputado,894.17,2353.08,True,False,"apc_monto, apc_moneda","issn_linking, codigo_dane, institucion_editora_2, institucion_editora_3, titulo_normalizado_scimago_dup, issn_impreso, Other organisation, Country of other organisation, atributos_licencia, apc_amount_raw, Waiver policy information URL, Other fees information URL, servicios_preservacion, Preservation Service: national library, Preservation information URL, Deposit policy directory, URL for deposit policy, Continues, Continued By, titulo_normalizado_doaj_dup, apc_monto_original, apc_moneda_original, tasa_usd_utilizada, apc_monto, apc_moneda, titulo_normalizado_facts_dup, is_hybrid, titulo_normalizado_openapc_dup"
0123-8574,Asfaltos Y Pavimentos,asfaltos pavimentos,CO,Ingeniería y Tecnología,721,imputado,1016.3,2674.47,True,False,"apc_monto, apc_moneda","issn_electronic, issn_linking, institucion_editora_2, institucion_editora_3, rank, sourceid, tipo_publicacion, titulo_normalizado_scimago_dup, editorial, open_access, sjr_score, cuartil_sjr, h_index, total_docs, total_docs_3y, total_refs, total_citas_3y, docs_citables_3y, citas_por_doc_2y, refs_por_doc, pct_female, overton, cobertura, categorias, areas, url_revista, url, When did the journal start to publish all content using an open license?, titulo_alternativo, issn_impreso, issn_electronico, palabras_clave, idiomas, pais_editorial, Other organisation, Country of other organisation, licencia, atributos_licencia, URL for license terms, cc_legible_maquina, autor_retiene_copyright, Copyright information URL, tipo_revision, Review process information URL, politica_plagio, URL for journal's aims & scope, URL for the Editorial Board page, URL for journal's instructions for authors, semanas_submission_publicacion, tiene_apc, APC information URL, apc_amount_raw, politica_exencion, Waiver policy information URL, tiene_otros_cobros, Other fees information URL, servicios_preservacion, Preservation Service: national library, Preservation information URL, Deposit policy directory, URL for deposit policy, identificadores_persistentes, cumple_oa, Continues, Continued By, codigos_lcc, subscribe_to_open, Mirror Journal, Open Journals Collective, materias, fecha_incorporacion, fecha_actualizacion, Last Full Review Date, num_articulos, fecha_ultimo_articulo, titulo_normalizado_doaj_dup, apc_monto_original, apc_moneda_original, tasa_usd_utilizada, apc_conversion_estado, apc_monto, apc_moneda, titulo_normalizado_facts_dup, is_hybrid, titulo_normalizado_openapc_dup, contraste_publindex_cuartil, semanas_pub, editorial_rapida, ratio_citas_docs, sjr_score_zscore, h_index_zscore, semanas_pub_zscore, sjr_score_minmax, h_index_minmax, semanas_pub_minmax"
2027-3355,Comunicaciones En Estadística,comunicaciones estadistica,CO,Ciencias Naturales,722,imputado,1114.37,2932.55,True,False,"apc_monto, apc_moneda","issn_electronic, issn_linking, institucion_editora_2, institucion_editora_3, rank, sourceid, tipo_publicacion, titulo_normalizado_scimago_dup, open_access, sjr_score, cuartil_sjr, h_index, total_docs, total_docs_3y, total_refs, total_citas_3y, docs_citables_3y, citas_por_doc_2y, refs_por_doc, pct_female, overton, cobertura, categorias, areas, titulo_alternativo, Country of other organisation, atributos_licencia, cc_legible_maquina, apc_amount_raw, Waiver policy information URL, Other fees information URL, servicios_preservacion, Preservation Service: national library, Preservation information URL, Deposit policy directory, URL for deposit policy, identificadores_persistentes, Continues, Continued By, titulo_normalizado_doaj_dup, apc_monto_original, apc_moneda_original, tasa_usd_utilizada, apc_monto, apc_moneda, titulo_normalizado_facts_dup, is_hybrid, titulo_normalizado_openapc_dup, contraste_publindex_cuartil, ratio_citas_docs, sjr_score_zscore, h_index_zscore, sjr_score_minmax, h_index_minmax"
0121-067X,Revista De Investigaciones,investigaciones,CO,Ciencias Sociales,723,imputado,870.05,2289.61,True,False,"apc_monto, apc_moneda","issn_electronic, issn_linking, institucion_editora_2, institucion_editora_3, rank, sourceid, tipo_publicacion, titulo_normalizado_scimago_dup, open_access, sjr_score, cuartil_sjr, h_index, total_docs, total_docs_3y, total_refs, total_citas_3y, docs_citables_3y, citas_por_doc_2y, refs_por_doc, pct_female, overton, cobertura, categorias, areas, atributos_licencia, apc_amount_raw, Waiver policy information URL, Other fees information URL, Preservation Service: national library, Continues, Continued By, titulo_normalizado_doaj_dup, apc_monto_original, apc_moneda_original, tasa_usd_utilizada, apc_monto, apc_moneda, titulo_normalizado_facts_dup, is_hybrid, titulo_normalizado_openapc_dup, contraste_publindex_cuartil, ratio_citas_docs, sjr_score_zscore, h_index_zscore, sjr_score_minmax, h_index_minmax"
1692-9403,Iustitia,iustitia,CO,Ciencias Sociales,724,imputado,872.91,2297.13,True,False,"apc_monto, apc_moneda","issn_electronic, issn_linking, institucion_editora_2, institucion_editora_3, rank, sourceid, tipo_publicacion, titulo_normalizado_scimago_dup, open_access, sjr_score, cuartil_sjr, h_index, total_docs, total_docs_3y, total_refs, total_citas_3y, docs_citables_3y, citas_por_doc_2y, refs_por_doc, pct_female, overton, cobertura, categorias, areas, titulo_alternativo, issn_impreso, Other organisation, Country of other organisation, atributos_licencia, apc_amount_raw, Waiver policy information URL, Other fees information URL, servicios_preservacion, Preservation Service: national library, Preservation information URL, Deposit policy directory, URL for deposit policy, Continues, Continued By, titulo_normalizado_doaj_dup, apc_monto_original, apc_moneda_original, tasa_usd_utilizada, apc_monto, apc_moneda, titulo_normalizado_facts_dup, is_hybrid, titulo_normalizado_openapc_dup, contraste_publindex_cuartil, ratio_citas_docs, sjr_score_zscore, h_index_zscore, sjr_score_minmax, h_index_minmax"
0120-1867,Estudios De Derecho,estudios derecho,CO,Ciencias Sociales,725,imputado,889.72,2341.37,True,False,"apc_monto, apc_moneda","issn_linking, institucion_editora_2, institucion_editora_3, titulo_normalizado_scimago_dup, titulo_alternativo, Other organisation, Country of other organisation, atributos_licencia, apc_amount_raw, Waiver policy information URL, servicios_preservacion, Preservation Service: national library, Preservation information URL, Deposit policy directory, URL for deposit policy, identificadores_persistentes, Continues, Continued By, apc_monto_original, apc_moneda_original, tasa_usd_utilizada, apc_monto, apc_moneda, titulo_normalizado_facts_dup, is_hybrid, titulo_normalizado_openapc_dup"
1692-6250,Grafía. Cuaderno De Trabajo De Los Profesores De La Facultad De Ciencias Humanas Universidad Autónoma De Colombia,grafia cuaderno trabajo profesores facultad ciencias humanas universidad autonoma colombia,CO,Humanidades,726,imputado,643.59,1693.66,True,False,"apc_monto, apc_moneda","issn_linking, institucion_editora_2, institucion_editora_3, titulo_normalizado_scimago_dup, issn_electronico, Country of other organisation, atributos_licencia, cc_legible_maquina, apc_amount_raw, Waiver policy information URL, Other fees information URL, servicios_preservacion, Preservation Service: national library, Preservation information URL, Deposit policy directory, URL for deposit policy, identificadores_persistentes, Continues, Continued By, apc_monto_original, apc_moneda_original, tasa_usd_utilizada, apc_monto, apc_moneda, titulo_normalizado_facts_dup, is_hybrid, titulo_normalizado_openapc_dup"
1657-723X,Audiología Hoy,audiologia hoy,CO,Ciencias Médicas y de la Salud,727,declarado,162.0,426.32,False,False,apc_metodo_imputacion,"issn_electronic, issn_linking, institucion_editora_2, institucion_editora_3, rank, sourceid, tipo_publicacion, titulo_normalizado_scimago_dup, open_access, sjr_score, cuartil_sjr, h_index, total_docs, total_docs_3y, total_refs, total_citas_3y, docs_citables_3y, citas_por_doc_2y, refs_por_doc, pct_female, overton, cobertura, categorias, areas, issn_impreso, atributos_licencia, Waiver policy information URL, Preservation Service: national library, Deposit policy directory, URL for deposit policy, Continues, Continued By, titulo_normalizado_doaj_dup, titulo_normalizado_facts_dup, is_hybrid, titulo_normalizado_openapc_dup, apc_metodo_imputacion, contraste_publindex_cuartil, ratio_citas_docs, sjr_score_zscore, h_index_zscore, sjr_score_minmax, h_index_minmax"
1692-6226,Temas,temas,CO,Ciencias Sociales,728,imputado,870.05,2289.61,True,False,"apc_monto, apc_moneda","issn_electronic, issn_linking, institucion_editora_2, institucion_editora_3, rank, sourceid, tipo_publicacion, titulo_normalizado_scimago_dup, open_access, sjr_score, cuartil_sjr, h_index, total_docs, total_docs_3y, total_refs, total_citas_3y, docs_citables_3y, citas_por_doc_2y, refs_por_doc, pct_female, overton, cobertura, categorias, areas, titulo_alternativo, issn_impreso, Country of other organisation, atributos_licencia, cc_legible_maquina, apc_amount_raw, Waiver policy information URL, servicios_preservacion, Preservation Service: national library, URL for deposit policy, Continues, Continued By, fecha_ultimo_articulo, titulo_normalizado_doaj_dup, apc_monto_original, apc_moneda_original, tasa_usd_utilizada, apc_monto, apc_moneda, titulo_normalizado_facts_dup, is_hybrid, titulo_normalizado_openapc_dup, contraste_publindex_cuartil, ratio_citas_docs, sjr_score_zscore, h_index_zscore, sjr_score_minmax, h_index_minmax"
0121-5426,Revista Colombiana De Neumología,colombiana neumologia,CO,Ciencias Médicas y de la Salud,729,imputado,1293.77,3404.66,True,False,"apc_monto, apc_moneda","issn_linking, institucion_editora_2, institucion_editora_3, titulo_normalizado_scimago_dup, titulo_alternativo, issn_impreso, Other organisation, Country of other organisation, atributos_licencia, apc_amount_raw, Waiver policy information URL, Other fees information URL, servicios_preservacion, Preservation Service: national library, Preservation information URL, Deposit policy directory, URL for deposit policy, Continues, Continued By, titulo_normalizado_doaj_dup, apc_monto_original, apc_moneda_original, tasa_usd_utilizada, apc_monto, apc_moneda, titulo_normalizado_facts_dup, is_hybrid, titulo_normalizado_openapc_dup"
2011-0472,Quaestiones Disputatae,quaestiones disputatae,CO,Humanidades,730,imputado,645.38,1698.37,True,False,"apc_monto, apc_moneda","issn_linking, institucion_editora_2, institucion_editora_3, rank, sourceid, tipo_publicacion, titulo_normalizado_scimago_dup, editorial, open_access, sjr_score, cuartil_sjr, h_index, total_docs, total_docs_3y, total_refs, total_citas_3y, docs_citables_3y, citas_por_doc_2y, refs_por_doc, pct_female, overton, cobertura, categorias, areas, url_revista, url, When did the journal start to publish all content using an open license?, titulo_alternativo, issn_impreso, issn_electronico, palabras_clave, idiomas, pais_editorial, Other organisation, Country of other organisation, licencia, atributos_licencia, URL for license terms, cc_legible_maquina, autor_retiene_copyright, Copyright information URL, tipo_revision, Review process information URL, politica_plagio, URL for journal's aims & scope, URL for the Editorial Board page, URL for journal's instructions for authors, semanas_submission_publicacion, tiene_apc, APC information URL, apc_amount_raw, politica_exencion, Waiver policy information URL, tiene_otros_cobros, Other fees information URL, servicios_preservacion, Preservation Service: national library, Preservation information URL, Deposit policy directory, URL for deposit policy, identificadores_persistentes, cumple_oa, Continues, Continued By, codigos_lcc, subscribe_to_open, Mirror Journal, Open Journals Collective, materias, fecha_incorporacion, fecha_actualizacion, Last Full Review Date, num_articulos, fecha_ultimo_articulo, titulo_normalizado_doaj_dup, apc_monto_original, apc_moneda_original, tasa_usd_utilizada, apc_conversion_estado, apc_monto, apc_moneda, titulo_normalizado_facts_dup, is_hybrid, titulo_normalizado_openapc_dup, contraste_publindex_cuartil, semanas_pub, editorial_rapida, ratio_citas_docs, sjr_score_zscore, h_index_zscore, semanas_pub_zscore, sjr_score_minmax, h_index_minmax, semanas_pub_minmax"
1900-6608,Publicaciones E Investigación,publicaciones investigacion,CO,Ciencias Naturales,731,imputado,1113.66,2930.68,True,False,"apc_monto, apc_moneda","issn_electronic, issn_linking, institucion_editora_2, institucion_editora_3, rank, sourceid, tipo_publicacion, titulo_normalizado_scimago_dup, open_access, sjr_score, cuartil_sjr, h_index, total_docs, total_docs_3y, total_refs, total_citas_3y, docs_citables_3y, citas_por_doc_2y, refs_por_doc, pct_female, overton, cobertura, categorias, areas, titulo_alternativo, Other organisation, Country of other organisation, atributos_licencia, cc_legible_maquina, apc_amount_raw, Waiver policy information URL, Other fees information URL, servicios_preservacion, Preservation Service: national library, Preservation information URL, Deposit policy directory, URL for deposit policy, Continues, Continued By, apc_monto_original, apc_moneda_original, tasa_usd_utilizada, apc_monto, apc_moneda, titulo_normalizado_facts_dup, is_hybrid, titulo_normalizado_openapc_dup, contraste_publindex_cuartil, ratio_citas_docs, sjr_score_zscore, h_index_zscore, sjr_score_minmax, h_index_minmax"
1657-3986,Desde El Jardín De Freud,desde jardin freud,CO,Ciencias Sociales,732,imputado,884.35,2327.24,True,False,"apc_monto, apc_moneda","issn_linking, institucion_editora_2, institucion_editora_3, rank, sourceid, tipo_publicacion, titulo_normalizado_scimago_dup, open_access, sjr_score, cuartil_sjr, h_index, total_docs, total_docs_3y, total_refs, total_citas_3y, docs_citables_3y, citas_por_doc_2y, refs_por_doc, pct_female, overton, cobertura, categorias, areas, Other organisation, Country of other organisation, atributos_licencia, apc_amount_raw, Waiver policy information URL, Other fees information URL, servicios_preservacion, Preservation Service: national library, Preservation information URL, Deposit policy directory, URL for deposit policy, Continues, Continued By, apc_monto_original, apc_moneda_original, tasa_usd_utilizada, apc_monto, apc_moneda, titulo_normalizado_facts_dup, is_hybrid, titulo_normalizado_openapc_dup, contraste_publindex_cuartil, ratio_citas_docs, sjr_score_zscore, h_index_zscore, sjr_score_minmax, h_index_minmax"
0120-7180,Cooperativismo & Desarrollo,cooperativismo desarrollo,CO,Ciencias Sociales,733,imputado,899.89,2368.13,True,False,"apc_monto, apc_moneda","issn_linking, institucion_editora_2, institucion_editora_3, titulo_normalizado_scimago_dup, Country of other organisation, atributos_licencia, Copyright information URL, apc_amount_raw, Waiver policy information URL, Other fees information URL, Preservation Service: national library, Deposit policy directory, URL for deposit policy, Continues, Continued By, fecha_ultimo_articulo, apc_monto_original, apc_moneda_original, tasa_usd_utilizada, apc_monto, apc_moneda, titulo_normalizado_facts_dup, is_hybrid, titulo_normalizado_openapc_dup"
0122-4328,Nodos Y Nudos,nodos nudos,CO,Ciencias Sociales,734,imputado,871.84,2294.32,True,False,"apc_monto, apc_moneda","issn_electronic, issn_linking, institucion_editora_2, institucion_editora_3, rank, sourceid, tipo_publicacion, titulo_normalizado_scimago_dup, open_access, sjr_score, cuartil_sjr, h_index, total_docs, total_docs_3y, total_refs, total_citas_3y, docs_citables_3y, citas_por_doc_2y, refs_por_doc, pct_female, overton, cobertura, categorias, areas, titulo_alternativo, issn_impreso, Other organisation, Country of other organisation, atributos_licencia, apc_amount_raw, Waiver policy information URL, Other fees information URL, Preservation Service: national library, Deposit policy directory, URL for deposit policy, Continues, Continued By, Last Full Review Date, titulo_normalizado_doaj_dup, apc_monto_original, apc_moneda_original, tasa_usd_utilizada, apc_monto, apc_moneda, titulo_normalizado_facts_dup, is_hybrid, titulo_normalizado_openapc_dup, contraste_publindex_cuartil, ratio_citas_docs, sjr_score_zscore, h_index_zscore, sjr_score_minmax, h_index_minmax"
2011-642X,Revista Ingenio Ufpso,ingenio ufpso,CO,Ingeniería y Tecnología,735,imputado,1003.07,2639.66,True,False,"apc_monto, apc_moneda","issn_electronic, issn_linking, institucion_editora_2, institucion_editora_3, rank, sourceid, tipo_publicacion, titulo_normalizado_scimago_dup, open_access, sjr_score, cuartil_sjr, h_index, total_docs, total_docs_3y, total_refs, total_citas_3y, docs_citables_3y, citas_por_doc_2y, refs_por_doc, pct_female, overton, cobertura, categorias, areas, titulo_alternativo, Other organisation, Country of other organisation, atributos_licencia, apc_amount_raw, Waiver policy information URL, Other fees information URL, Preservation Service: national library, Deposit policy directory, URL for deposit policy, Continues, Continued By, apc_monto_original, apc_moneda_original, tasa_usd_utilizada, apc_monto, apc_moneda, titulo_normalizado_facts_dup, is_hybrid, titulo_normalizado_openapc_dup, contraste_publindex_cuartil, ratio_citas_docs, sjr_score_zscore, h_index_zscore, sjr_score_minmax, h_index_minmax"
0122-9729,Tendencias & Retos,tendencias retos,CO,Ciencias Sociales,736,observado,257.04,676.42,False,False,apc_metodo_imputacion,"issn_electronic, issn_linking, institucion_editora_2, institucion_editora_3, rank, sourceid, tipo_publicacion, titulo_normalizado_scimago_dup, open_access, sjr_score, cuartil_sjr, h_index, total_docs, total_docs_3y, total_refs, total_citas_3y, docs_citables_3y, citas_por_doc_2y, refs_por_doc, pct_female, overton, cobertura, categorias, areas, Country of other organisation, atributos_licencia, apc_amount_raw, Waiver policy information URL, Other fees information URL, servicios_preservacion, Preservation Service: national library, Preservation information URL, Continues, Continued By, titulo_normalizado_doaj_dup, titulo_normalizado_facts_dup, titulo_normalizado_openapc_dup, apc_metodo_imputacion, contraste_publindex_cuartil, ratio_citas_docs, sjr_score_zscore, h_index_zscore, sjr_score_minmax, h_index_minmax"
2248-762X,Redes De Ingenieria,redes ingenieria,CO,Ingeniería y Tecnología,737,imputado,1004.14,2642.47,True,False,"apc_monto, apc_moneda","issn_electronic, issn_linking, institucion_editora_2, institucion_editora_3, rank, sourceid, tipo_publicacion, titulo_normalizado_scimago_dup, open_access, sjr_score, cuartil_sjr, h_index, total_docs, total_docs_3y, total_refs, total_citas_3y, docs_citables_3y, citas_por_doc_2y, refs_por_doc, pct_female, overton, cobertura, categorias, areas, titulo_alternativo, issn_impreso, Country of other organisation, atributos_licencia, Copyright information URL, apc_amount_raw, Waiver policy information URL, servicios_preservacion, Preservation Service: national library, Preservation information URL, Deposit policy directory, URL for deposit policy, identificadores_persistentes, Continues, Continued By, apc_monto_original, apc_moneda_original, tasa_usd_utilizada, apc_monto, apc_moneda, titulo_normalizado_facts_dup, is_hybrid, titulo_normalizado_openapc_dup, contraste_publindex_cuartil, ratio_citas_docs, sjr_score_zscore, h_index_zscore, sjr_score_minmax, h_index_minmax"
2322-9721,Latin American Journal Of Content & Language Integrated Learning,latin american content language integrated learning,CO,Humanidades,738,observado,2029.82,5341.63,False,False,apc_metodo_imputacion,"issn_linking, institucion_editora_2, institucion_editora_3, rank, sourceid, tipo_publicacion, titulo_normalizado_scimago_dup, open_access, sjr_score, cuartil_sjr, h_index, total_docs, total_docs_3y, total_refs, total_citas_3y, docs_citables_3y, citas_por_doc_2y, refs_por_doc, pct_female, overton, cobertura, categorias, areas, Other organisation, Country of other organisation, atributos_licencia, cc_legible_maquina, apc_amount_raw, Waiver policy information URL, Other fees information URL, servicios_preservacion, Preservation Service: national library, Preservation information URL, Deposit policy directory, URL for deposit policy, Continues, Continued By, titulo_normalizado_doaj_dup, titulo_normalizado_facts_dup, titulo_normalizado_openapc_dup, apc_metodo_imputacion, contraste_publindex_cuartil, ratio_citas_docs, sjr_score_zscore, h_index_zscore, sjr_score_minmax, h_index_minmax"
0120-8748,Acta Neurológica Colombiana,neurologica colombiana,CO,Ciencias Médicas y de la Salud,739,observado,4453.61,11720.03,False,False,apc_metodo_imputacion,"issn_electronic, issn_linking, institucion_editora_2, institucion_editora_3, titulo_normalizado_scimago_dup, titulo_alternativo, Other organisation, Country of other organisation, atributos_licencia, apc_amount_raw, Waiver policy information URL, Other fees information URL, servicios_preservacion, Preservation Service: national library, Preservation information URL, Deposit policy directory, URL for deposit policy, Continues, Continued By, titulo_normalizado_facts_dup, titulo_normalizado_openapc_dup, apc_metodo_imputacion"
0120-0143,Fitopatologia Colombiana,fitopatologia colombiana,CO,Ciencias Agrícolas,740,imputado,1262.15,3321.45,True,False,"apc_monto, apc_moneda","issn_linking, institucion_editora_2, institucion_editora_3, titulo_normalizado_scimago_dup, Other organisation, Country of other organisation, atributos_licencia, apc_amount_raw, Waiver policy information URL, Other fees information URL, Deposit policy directory, URL for deposit policy, Continues, Continued By, Last Full Review Date, titulo_normalizado_doaj_dup, apc_monto_original, apc_moneda_original, tasa_usd_utilizada, apc_monto, apc_moneda, titulo_normalizado_facts_dup, is_hybrid, titulo_normalizado_openapc_dup"
0562-5351,Suelos Ecuatoriales,suelos ecuatoriales,CO,Ciencias Agrícolas,741,imputado,1243.39,3272.08,True,False,"apc_monto, apc_moneda","issn_electronic, issn_linking, institucion_editora_2, institucion_editora_3, rank, sourceid, tipo_publicacion, titulo_normalizado_scimago_dup, open_access, sjr_score, cuartil_sjr, h_index, total_docs, total_docs_3y, total_refs, total_citas_3y, docs_citables_3y, citas_por_doc_2y, refs_por_doc, pct_female, overton, cobertura, categorias, areas, atributos_licencia, cc_legible_maquina, apc_amount_raw, Waiver policy information URL, Other fees information URL, servicios_preservacion, Preservation Service: national library, Preservation information URL, Deposit policy directory, URL for deposit policy, Continues, Continued By, titulo_normalizado_doaj_dup, apc_monto_original, apc_moneda_original, tasa_usd_utilizada, apc_monto, apc_moneda, titulo_normalizado_facts_dup, is_hybrid, titulo_normalizado_openapc_dup, contraste_publindex_cuartil, ratio_citas_docs, sjr_score_zscore, h_index_zscore, sjr_score_minmax, h_index_minmax"
1692-5106,Revista Ustasalud Odontología,ustasalud odontologia,CO,Ciencias Naturales,742,declarado,162.0,426.32,False,False,apc_metodo_imputacion,"issn_electronic, issn_linking, institucion_editora_2, institucion_editora_3, rank, sourceid, tipo_publicacion, titulo_normalizado_scimago_dup, open_access, sjr_score, cuartil_sjr, h_index, total_docs, total_docs_3y, total_refs, total_citas_3y, docs_citables_3y, citas_por_doc_2y, refs_por_doc, pct_female, overton, cobertura, categorias, areas, issn_impreso, atributos_licencia, Waiver policy information URL, Preservation Service: national library, Deposit policy directory, URL for deposit policy, Continues, Continued By, titulo_normalizado_doaj_dup, titulo_normalizado_facts_dup, is_hybrid, titulo_normalizado_openapc_dup, apc_metodo_imputacion, contraste_publindex_cuartil, ratio_citas_docs, sjr_score_zscore, h_index_zscore, sjr_score_minmax, h_index_minmax"
1692-8989,Economía & Región,economia region,CO,Ciencias Sociales,743,observado,221.31,582.39,False,False,apc_metodo_imputacion,"issn_electronic, issn_linking, institucion_editora_2, institucion_editora_3, rank, sourceid, tipo_publicacion, titulo_normalizado_scimago_dup, open_access, sjr_score, cuartil_sjr, h_index, total_docs, total_docs_3y, total_refs, total_citas_3y, docs_citables_3y, citas_por_doc_2y, refs_por_doc, pct_female, overton, cobertura, categorias, areas, titulo_alternativo, issn_impreso, Country of other organisation, atributos_licencia, cc_legible_maquina, apc_amount_raw, Waiver policy information URL, servicios_preservacion, Preservation Service: national library, Preservation information URL, Deposit policy directory, URL for deposit policy, Continues, Continued By, titulo_normalizado_doaj_dup, titulo_normalizado_facts_dup, titulo_normalizado_openapc_dup, apc_metodo_imputacion, contraste_publindex_cuartil, ratio_citas_docs, sjr_score_zscore, h_index_zscore, sjr_score_minmax, h_index_minmax"
2145-3381,Criterio Juridico Garantista,criterio juridico garantista,CO,Ciencias Sociales,744,imputado,870.41,2290.55,True,False,"apc_monto, apc_moneda","issn_electronic, issn_linking, institucion_editora_2, institucion_editora_3, rank, sourceid, tipo_publicacion, titulo_normalizado_scimago_dup, open_access, sjr_score, cuartil_sjr, h_index, total_docs, total_docs_3y, total_refs, total_citas_3y, docs_citables_3y, citas_por_doc_2y, refs_por_doc, pct_female, overton, cobertura, categorias, areas, titulo_alternativo, Other organisation, Country of other organisation, atributos_licencia, apc_amount_raw, Waiver policy information URL, Other fees information URL, Preservation Service: national library, Deposit policy directory, URL for deposit policy, Continues, Continued By, titulo_normalizado_doaj_dup, apc_monto_original, apc_moneda_original, tasa_usd_utilizada, apc_monto, apc_moneda, titulo_normalizado_facts_dup, is_hybrid, titulo_normalizado_openapc_dup, contraste_publindex_cuartil, ratio_citas_docs, sjr_score_zscore, h_index_zscore, sjr_score_minmax, h_index_minmax"
0041-9095,Universitas Médica,universitas medica,CO,Ciencias Médicas y de la Salud,745,observado,324.0,852.63,False,False,apc_metodo_imputacion,"issn_linking, codigo_dane, institucion_editora_2, institucion_editora_3, rank, sourceid, tipo_publicacion, titulo_normalizado_scimago_dup, open_access, sjr_score, cuartil_sjr, h_index, total_docs, total_docs_3y, total_refs, total_citas_3y, docs_citables_3y, citas_por_doc_2y, refs_por_doc, pct_female, overton, cobertura, categorias, areas, titulo_alternativo, Country of other organisation, atributos_licencia, cc_legible_maquina, apc_amount_raw, Waiver policy information URL, servicios_preservacion, Preservation Service: national library, Preservation information URL, URL for deposit policy, identificadores_persistentes, Continues, Continued By, titulo_normalizado_facts_dup, titulo_normalizado_openapc_dup, apc_metodo_imputacion, contraste_publindex_cuartil, ratio_citas_docs, sjr_score_zscore, h_index_zscore, sjr_score_minmax, h_index_minmax"
1909-7786,"Revista De Derecho, Comunicaciones Y Nuevas Tecnologias",derecho comunicaciones nuevas tecnologias,CO,Ciencias Sociales,746,imputado,889.72,2341.37,True,False,"apc_monto, apc_moneda","issn_linking, institucion_editora_2, institucion_editora_3, titulo_normalizado_scimago_dup, issn_impreso, Other organisation, Country of other organisation, atributos_licencia, apc_amount_raw, Waiver policy information URL, Other fees information URL, servicios_preservacion, Preservation Service: national library, Preservation information URL, Deposit policy directory, URL for deposit policy, Continues, Continued By, titulo_normalizado_doaj_dup, apc_monto_original, apc_moneda_original, tasa_usd_utilizada, apc_monto, apc_moneda, titulo_normalizado_facts_dup, is_hybrid, titulo_normalizado_openapc_dup"
0122-8420,Ciencia Y Agricultura,ciencia agricultura,CO,Ciencias Agrícolas,747,imputado,1271.09,3344.97,True,False,"apc_monto, apc_moneda","issn_electronic, issn_linking, institucion_editora_2, institucion_editora_3, titulo_normalizado_scimago_dup, titulo_alternativo, Other organisation, Country of other organisation, atributos_licencia, cc_legible_maquina, Copyright information URL, apc_amount_raw, Waiver policy information URL, Other fees information URL, servicios_preservacion, Preservation Service: national library, Preservation information URL, Deposit policy directory, URL for deposit policy, Continues, Continued By, apc_monto_original, apc_moneda_original, tasa_usd_utilizada, apc_monto, apc_moneda, titulo_normalizado_facts_dup, is_hybrid, titulo_normalizado_openapc_dup"
0121-2095,Revista Colombiana De Radiología,colombiana radiologia,CO,Ciencias Médicas y de la Salud,748,observado,2735.91,7199.76,False,False,apc_metodo_imputacion,"issn_linking, institucion_editora_2, institucion_editora_3, titulo_normalizado_scimago_dup, issn_impreso, atributos_licencia, Waiver policy information URL, Preservation Service: national library, Deposit policy directory, URL for deposit policy, Continues, Continued By, titulo_normalizado_doaj_dup, titulo_normalizado_facts_dup, titulo_normalizado_openapc_dup, apc_metodo_imputacion"
2027-9035,Historia 2.0,historia 2 0,CO,Humanidades,749,observado,1205.28,3171.79,False,False,apc_metodo_imputacion,"issn_electronic, issn_linking, institucion_editora_2, institucion_editora_3, titulo_normalizado_scimago_dup, titulo_alternativo, Country of other organisation, atributos_licencia, cc_legible_maquina, Copyright information URL, apc_amount_raw, Waiver policy information URL, Other fees information URL, servicios_preservacion, Preservation Service: national library, Preservation information URL, Deposit policy directory, URL for deposit policy, identificadores_persistentes, Continues, Continued By, titulo_normalizado_doaj_dup, titulo_normalizado_facts_dup, titulo_normalizado_openapc_dup, apc_metodo_imputacion"
0121-2133,Cuarzo,cuarzo,CO,Ciencias Médicas y de la Salud,750,imputado,1272.15,3347.76,True,False,"apc_monto, apc_moneda","issn_electronic, issn_linking, institucion_editora_2, institucion_editora_3, rank, sourceid, tipo_publicacion, titulo_normalizado_scimago_dup, open_access, sjr_score, cuartil_sjr, h_index, total_docs, total_docs_3y, total_refs, total_citas_3y, docs_citables_3y, citas_por_doc_2y, refs_por_doc, pct_female, overton, cobertura, categorias, areas, titulo_alternativo, Other organisation, Country of other organisation, atributos_licencia, apc_amount_raw, Waiver policy information URL, Other fees information URL, servicios_preservacion, Preservation Service: national library, Preservation information URL, Deposit policy directory, URL for deposit policy, Continues, Continued By, apc_monto_original, apc_moneda_original, tasa_usd_utilizada, apc_monto, apc_moneda, titulo_normalizado_facts_dup, is_hybrid, titulo_normalizado_openapc_dup, contraste_publindex_cuartil, ratio_citas_docs, sjr_score_zscore, h_index_zscore, sjr_score_minmax, h_index_minmax"
2011-804X,"(Pensamiento), (Palabra) Y Obra",pensamiento palabra obra,CO,Humanidades,751,imputado,633.94,1668.26,True,False,"apc_monto, apc_moneda","issn_electronic, issn_linking, institucion_editora_2, institucion_editora_3, rank, sourceid, tipo_publicacion, titulo_normalizado_scimago_dup, open_access, sjr_score, cuartil_sjr, h_index, total_docs, total_docs_3y, total_refs, total_citas_3y, docs_citables_3y, citas_por_doc_2y, refs_por_doc, pct_female, overton, cobertura, categorias, areas, titulo_alternativo, Other organisation, Country of other organisation, atributos_licencia, apc_amount_raw, Waiver policy information URL, Other fees information URL, servicios_preservacion, Preservation Service: national library, Preservation information URL, Deposit policy directory, URL for deposit policy, Continues, Continued By, apc_monto_original, apc_moneda_original, tasa_usd_utilizada, apc_monto, apc_moneda, titulo_normalizado_facts_dup, is_hybrid, titulo_normalizado_openapc_dup, contraste_publindex_cuartil, ratio_citas_docs, sjr_score_zscore, h_index_zscore, sjr_score_minmax, h_index_minmax"
1794-600X,Mision Juridica,mision juridica,CO,Ciencias Sociales,752,imputado,870.76,2291.47,True,False,"apc_monto, apc_moneda","issn_electronic, issn_linking, institucion_editora_2, institucion_editora_3, rank, sourceid, tipo_publicacion, titulo_normalizado_scimago_dup, open_access, sjr_score, cuartil_sjr, h_index, total_docs, total_docs_3y, total_refs, total_citas_3y, docs_citables_3y, citas_por_doc_2y, refs_por_doc, pct_female, overton, cobertura, categorias, areas, titulo_alternativo, atributos_licencia, cc_legible_maquina, apc_amount_raw, Waiver policy information URL, Other fees information URL, servicios_preservacion, Preservation Service: national library, Preservation information URL, Deposit policy directory, URL for deposit policy, Continues, Continued By, fecha_ultimo_articulo, titulo_normalizado_doaj_dup, apc_monto_original, apc_moneda_original, tasa_usd_utilizada, apc_monto, apc_moneda, titulo_normalizado_facts_dup, is_hybrid, titulo_normalizado_openapc_dup, contraste_publindex_cuartil, ratio_citas_docs, sjr_score_zscore, h_index_zscore, sjr_score_minmax, h_index_minmax"
2145-5996,Revista Lebret,lebret,CO,Ciencias Sociales,753,imputado,883.28,2324.42,True,False,"apc_monto, apc_moneda","issn_electronic, issn_linking, institucion_editora_2, institucion_editora_3, rank, sourceid, tipo_publicacion, titulo_normalizado_scimago_dup, editorial, open_access, sjr_score, cuartil_sjr, h_index, total_docs, total_docs_3y, total_refs, total_citas_3y, docs_citables_3y, citas_por_doc_2y, refs_por_doc, pct_female, overton, cobertura, categorias, areas, url_revista, url, When did the journal start to publish all content using an open license?, titulo_alternativo, issn_impreso, issn_electronico, palabras_clave, idiomas, pais_editorial, Other organisation, Country of other organisation, licencia, atributos_licencia, URL for license terms, cc_legible_maquina, autor_retiene_copyright, Copyright information URL, tipo_revision, Review process information URL, politica_plagio, URL for journal's aims & scope, URL for the Editorial Board page, URL for journal's instructions for authors, semanas_submission_publicacion, tiene_apc, APC information URL, apc_amount_raw, politica_exencion, Waiver policy information URL, tiene_otros_cobros, Other fees information URL, servicios_preservacion, Preservation Service: national library, Preservation information URL, Deposit policy directory, URL for deposit policy, identificadores_persistentes, cumple_oa, Continues, Continued By, codigos_lcc, subscribe_to_open, Mirror Journal, Open Journals Collective, materias, fecha_incorporacion, fecha_actualizacion, Last Full Review Date, num_articulos, fecha_ultimo_articulo, titulo_normalizado_doaj_dup, apc_monto_original, apc_moneda_original, tasa_usd_utilizada, apc_conversion_estado, apc_monto, apc_moneda, titulo_normalizado_facts_dup, is_hybrid, titulo_normalizado_openapc_dup, contraste_publindex_cuartil, semanas_pub, editorial_rapida, ratio_citas_docs, sjr_score_zscore, h_index_zscore, semanas_pub_zscore, sjr_score_minmax, h_index_minmax, semanas_pub_minmax"
2145-2776,Psicoespacios,psicoespacios,CO,Ciencias Sociales,754,imputado,870.05,2289.61,True,False,"apc_monto, apc_moneda","issn_electronic, issn_linking, institucion_editora_2, institucion_editora_3, rank, sourceid, tipo_publicacion, titulo_normalizado_scimago_dup, open_access, sjr_score, cuartil_sjr, h_index, total_docs, total_docs_3y, total_refs, total_citas_3y, docs_citables_3y, citas_por_doc_2y, refs_por_doc, pct_female, overton, cobertura, categorias, areas, titulo_alternativo, issn_impreso, Other organisation, Country of other organisation, atributos_licencia, apc_amount_raw, Waiver policy information URL, Other fees information URL, Preservation Service: national library, Continues, Continued By, apc_monto_original, apc_moneda_original, tasa_usd_utilizada, apc_monto, apc_moneda, titulo_normalizado_facts_dup, is_hybrid, titulo_normalizado_openapc_dup, contraste_publindex_cuartil, ratio_citas_docs, sjr_score_zscore, h_index_zscore, sjr_score_minmax, h_index_minmax"
0121-747X,Revista De La Facultad De Ciencias,facultad ciencias,CO,Ciencias Naturales,755,observado,2160.0,5684.21,False,False,apc_metodo_imputacion,"issn_linking, institucion_editora_2, institucion_editora_3, titulo_alternativo, Other organisation, Country of other organisation, atributos_licencia, cc_legible_maquina, Copyright information URL, apc_amount_raw, Waiver policy information URL, Other fees information URL, servicios_preservacion, Preservation Service: national library, Preservation information URL, Deposit policy directory, URL for deposit policy, Continues, Continued By, titulo_normalizado_facts_dup, titulo_normalizado_openapc_dup, apc_metodo_imputacion"
1909-4841,Tumbaga,tumbaga,CO,Ciencias Naturales,756,imputado,1126.89,2965.5,True,False,"apc_monto, apc_moneda","issn_electronic, issn_linking, institucion_editora_2, institucion_editora_3, rank, sourceid, tipo_publicacion, titulo_normalizado_scimago_dup, editorial, open_access, sjr_score, cuartil_sjr, h_index, total_docs, total_docs_3y, total_refs, total_citas_3y, docs_citables_3y, citas_por_doc_2y, refs_por_doc, pct_female, overton, cobertura, categorias, areas, url_revista, url, When did the journal start to publish all content using an open license?, titulo_alternativo, issn_impreso, issn_electronico, palabras_clave, idiomas, pais_editorial, Other organisation, Country of other organisation, licencia, atributos_licencia, URL for license terms, cc_legible_maquina, autor_retiene_copyright, Copyright information URL, tipo_revision, Review process information URL, politica_plagio, URL for journal's aims & scope, URL for the Editorial Board page, URL for journal's instructions for authors, semanas_submission_publicacion, tiene_apc, APC information URL, apc_amount_raw, politica_exencion, Waiver policy information URL, tiene_otros_cobros, Other fees information URL, servicios_preservacion, Preservation Service: national library, Preservation information URL, Deposit policy directory, URL for deposit policy, identificadores_persistentes, cumple_oa, Continues, Continued By, codigos_lcc, subscribe_to_open, Mirror Journal, Open Journals Collective, materias, fecha_incorporacion, fecha_actualizacion, Last Full Review Date, num_articulos, fecha_ultimo_articulo, titulo_normalizado_doaj_dup, apc_monto_original, apc_moneda_original, tasa_usd_utilizada, apc_conversion_estado, apc_monto, apc_moneda, titulo_normalizado_facts_dup, is_hybrid, titulo_normalizado_openapc_dup, contraste_publindex_cuartil, semanas_pub, editorial_rapida, ratio_citas_docs, sjr_score_zscore, h_index_zscore, semanas_pub_zscore, sjr_score_minmax, h_index_minmax, semanas_pub_minmax"
0123-2479,Revista Del Instituto Colombiano De Derecho Procesal,instituto colombiano derecho procesal,CO,Ciencias Sociales,757,imputado,889.72,2341.37,True,False,"apc_monto, apc_moneda","issn_linking, institucion_editora_2, institucion_editora_3, titulo_normalizado_scimago_dup, issn_impreso, Other organisation, Country of other organisation, atributos_licencia, apc_amount_raw, Waiver policy information URL, Other fees information URL, servicios_preservacion, Preservation Service: national library, Preservation information URL, Deposit policy directory, URL for deposit policy, Continues, Continued By, titulo_normalizado_doaj_dup, apc_monto_original, apc_moneda_original, tasa_usd_utilizada, apc_monto, apc_moneda, titulo_normalizado_facts_dup, is_hybrid, titulo_normalizado_openapc_dup"
1909-793X,Revista Teckne,teckne,CO,Ciencias Sociales,758,imputado,873.62,2299.0,True,False,"apc_monto, apc_moneda","issn_electronic, issn_linking, institucion_editora_2, institucion_editora_3, rank, sourceid, tipo_publicacion, titulo_normalizado_scimago_dup, open_access, sjr_score, cuartil_sjr, h_index, total_docs, total_docs_3y, total_refs, total_citas_3y, docs_citables_3y, citas_por_doc_2y, refs_por_doc, pct_female, overton, cobertura, categorias, areas, titulo_alternativo, atributos_licencia, apc_amount_raw, Waiver policy information URL, Other fees information URL, servicios_preservacion, Preservation Service: national library, Preservation information URL, Deposit policy directory, URL for deposit policy, identificadores_persistentes, Continues, Continued By, fecha_ultimo_articulo, titulo_normalizado_doaj_dup, apc_monto_original, apc_moneda_original, tasa_usd_utilizada, apc_monto, apc_moneda, titulo_normalizado_facts_dup, is_hybrid, titulo_normalizado_openapc_dup, contraste_publindex_cuartil, ratio_citas_docs, sjr_score_zscore, h_index_zscore, sjr_score_minmax, h_index_minmax"
0120-971X,Ces Odontología,ces odontologia,CO,Ciencias Médicas y de la Salud,759,imputado,1274.66,3354.37,True,False,"apc_monto, apc_moneda","issn_electronic, issn_linking, codigo_dane, institucion_editora_2, institucion_editora_3, rank, sourceid, tipo_publicacion, titulo_normalizado_scimago_dup, open_access, sjr_score, cuartil_sjr, h_index, total_docs, total_docs_3y, total_refs, total_citas_3y, docs_citables_3y, citas_por_doc_2y, refs_por_doc, pct_female, overton, cobertura, categorias, areas, Country of other organisation, atributos_licencia, apc_amount_raw, Waiver policy information URL, Other fees information URL, servicios_preservacion, Preservation Service: national library, Preservation information URL, Continues, Continued By, titulo_normalizado_doaj_dup, apc_monto_original, apc_moneda_original, tasa_usd_utilizada, apc_monto, apc_moneda, titulo_normalizado_facts_dup, is_hybrid, titulo_normalizado_openapc_dup, contraste_publindex_cuartil, ratio_citas_docs, sjr_score_zscore, h_index_zscore, sjr_score_minmax, h_index_minmax"
2215-8987,Arka Revista De Arquitectura,arka arquitectura,CO,Humanidades,760,observado,3065.04,8065.89,False,False,apc_metodo_imputacion,"issn_electronic, issn_linking, codigo_dane, institucion_editora_2, institucion_editora_3, rank, sourceid, tipo_publicacion, titulo_normalizado_scimago_dup, open_access, sjr_score, cuartil_sjr, h_index, total_docs, total_docs_3y, total_refs, total_citas_3y, docs_citables_3y, citas_por_doc_2y, refs_por_doc, pct_female, overton, cobertura, categorias, areas, issn_impreso, Other organisation, Country of other organisation, atributos_licencia, apc_amount_raw, Waiver policy information URL, Other fees information URL, servicios_preservacion, Preservation Service: national library, Preservation information URL, Deposit policy directory, URL for deposit policy, Continues, Continued By, titulo_normalizado_doaj_dup, titulo_normalizado_facts_dup, titulo_normalizado_openapc_dup, apc_metodo_imputacion, contraste_publindex_cuartil, ratio_citas_docs, sjr_score_zscore, h_index_zscore, sjr_score_minmax, h_index_minmax"
1794-3159,Poliantea,poliantea,CO,Ciencias Sociales,761,imputado,883.28,2324.42,True,False,"apc_monto, apc_moneda","issn_electronic, issn_linking, institucion_editora_2, institucion_editora_3, rank, sourceid, tipo_publicacion, titulo_normalizado_scimago_dup, editorial, open_access, sjr_score, cuartil_sjr, h_index, total_docs, total_docs_3y, total_refs, total_citas_3y, docs_citables_3y, citas_por_doc_2y, refs_por_doc, pct_female, overton, cobertura, categorias, areas, url_revista, url, When did the journal start to publish all content using an open license?, titulo_alternativo, issn_impreso, issn_electronico, palabras_clave, idiomas, pais_editorial, Other organisation, Country of other organisation, licencia, atributos_licencia, URL for license terms, cc_legible_maquina, autor_retiene_copyright, Copyright information URL, tipo_revision, Review process information URL, politica_plagio, URL for journal's aims & scope, URL for the Editorial Board page, URL for journal's instructions for authors, semanas_submission_publicacion, tiene_apc, APC information URL, apc_amount_raw, politica_exencion, Waiver policy information URL, tiene_otros_cobros, Other fees information URL, servicios_preservacion, Preservation Service: national library, Preservation information URL, Deposit policy directory, URL for deposit policy, identificadores_persistentes, cumple_oa, Continues, Continued By, codigos_lcc, subscribe_to_open, Mirror Journal, Open Journals Collective, materias, fecha_incorporacion, fecha_actualizacion, Last Full Review Date, num_articulos, fecha_ultimo_articulo, titulo_normalizado_doaj_dup, apc_monto_original, apc_moneda_original, tasa_usd_utilizada, apc_conversion_estado, apc_monto, apc_moneda, titulo_normalizado_facts_dup, is_hybrid, titulo_normalizado_openapc_dup, contraste_publindex_cuartil, semanas_pub, editorial_rapida, ratio_citas_docs, sjr_score_zscore, h_index_zscore, semanas_pub_zscore, sjr_score_minmax, h_index_minmax, semanas_pub_minmax"
0124-406X,Rastros Rostros,rastros rostros,CO,Ciencias Sociales,762,imputado,883.28,2324.42,True,False,"apc_monto, apc_moneda","issn_linking, institucion_editora_2, institucion_editora_3, rank, sourceid, tipo_publicacion, titulo_normalizado_scimago_dup, editorial, open_access, sjr_score, cuartil_sjr, h_index, total_docs, total_docs_3y, total_refs, total_citas_3y, docs_citables_3y, citas_por_doc_2y, refs_por_doc, pct_female, overton, cobertura, categorias, areas, url_revista, url, When did the journal start to publish all content using an open license?, titulo_alternativo, issn_impreso, issn_electronico, palabras_clave, idiomas, pais_editorial, Other organisation, Country of other organisation, licencia, atributos_licencia, URL for license terms, cc_legible_maquina, autor_retiene_copyright, Copyright information URL, tipo_revision, Review process information URL, politica_plagio, URL for journal's aims & scope, URL for the Editorial Board page, URL for journal's instructions for authors, semanas_submission_publicacion, tiene_apc, APC information URL, apc_amount_raw, politica_exencion, Waiver policy information URL, tiene_otros_cobros, Other fees information URL, servicios_preservacion, Preservation Service: national library, Preservation information URL, Deposit policy directory, URL for deposit policy, identificadores_persistentes, cumple_oa, Continues, Continued By, codigos_lcc, subscribe_to_open, Mirror Journal, Open Journals Collective, materias, fecha_incorporacion, fecha_actualizacion, Last Full Review Date, num_articulos, fecha_ultimo_articulo, titulo_normalizado_doaj_dup, apc_monto_original, apc_moneda_original, tasa_usd_utilizada, apc_conversion_estado, apc_monto, apc_moneda, titulo_normalizado_facts_dup, is_hybrid, titulo_normalizado_openapc_dup, contraste_publindex_cuartil, semanas_pub, editorial_rapida, ratio_citas_docs, sjr_score_zscore, h_index_zscore, semanas_pub_zscore, sjr_score_minmax, h_index_minmax, semanas_pub_minmax"
2216-0647,Traza,traza,CO,Ciencias Sociales,763,imputado,883.28,2324.42,True,False,"apc_monto, apc_moneda","issn_electronic, issn_linking, institucion_editora_2, institucion_editora_3, rank, sourceid, tipo_publicacion, titulo_normalizado_scimago_dup, editorial, open_access, sjr_score, cuartil_sjr, h_index, total_docs, total_docs_3y, total_refs, total_citas_3y, docs_citables_3y, citas_por_doc_2y, refs_por_doc, pct_female, overton, cobertura, categorias, areas, url_revista, url, When did the journal start to publish all content using an open license?, titulo_alternativo, issn_impreso, issn_electronico, palabras_clave, idiomas, pais_editorial, Other organisation, Country of other organisation, licencia, atributos_licencia, URL for license terms, cc_legible_maquina, autor_retiene_copyright, Copyright information URL, tipo_revision, Review process information URL, politica_plagio, URL for journal's aims & scope, URL for the Editorial Board page, URL for journal's instructions for authors, semanas_submission_publicacion, tiene_apc, APC information URL, apc_amount_raw, politica_exencion, Waiver policy information URL, tiene_otros_cobros, Other fees information URL, servicios_preservacion, Preservation Service: national library, Preservation information URL, Deposit policy directory, URL for deposit policy, identificadores_persistentes, cumple_oa, Continues, Continued By, codigos_lcc, subscribe_to_open, Mirror Journal, Open Journals Collective, materias, fecha_incorporacion, fecha_actualizacion, Last Full Review Date, num_articulos, fecha_ultimo_articulo, titulo_normalizado_doaj_dup, apc_monto_original, apc_moneda_original, tasa_usd_utilizada, apc_conversion_estado, apc_monto, apc_moneda, titulo_normalizado_facts_dup, is_hybrid, titulo_normalizado_openapc_dup, contraste_publindex_cuartil, semanas_pub, editorial_rapida, ratio_citas_docs, sjr_score_zscore, h_index_zscore, semanas_pub_zscore, sjr_score_minmax, h_index_minmax, semanas_pub_minmax"
1794-1180,Escenarios,escenarios,CO,Ciencias Sociales,764,imputado,870.05,2289.61,True,False,"apc_monto, apc_moneda","issn_electronic, issn_linking, codigo_dane, institucion_editora_2, institucion_editora_3, rank, sourceid, tipo_publicacion, titulo_normalizado_scimago_dup, open_access, sjr_score, cuartil_sjr, h_index, total_docs, total_docs_3y, total_refs, total_citas_3y, docs_citables_3y, citas_por_doc_2y, refs_por_doc, pct_female, overton, cobertura, categorias, areas, Country of other organisation, atributos_licencia, apc_amount_raw, Waiver policy information URL, Other fees information URL, servicios_preservacion, Preservation Service: national library, Preservation information URL, Deposit policy directory, URL for deposit policy, Continues, Continued By, titulo_normalizado_doaj_dup, apc_monto_original, apc_moneda_original, tasa_usd_utilizada, apc_monto, apc_moneda, titulo_normalizado_facts_dup, is_hybrid, titulo_normalizado_openapc_dup, contraste_publindex_cuartil, ratio_citas_docs, sjr_score_zscore, h_index_zscore, sjr_score_minmax, h_index_minmax"
0123-7047,Medunab,medunab,CO,Ciencias Médicas y de la Salud,765,observado,5590.21,14711.08,False,False,apc_metodo_imputacion,"issn_linking, institucion_editora_2, institucion_editora_3, titulo_alternativo, Country of other organisation, atributos_licencia, cc_legible_maquina, Copyright information URL, apc_amount_raw, Waiver policy information URL, Other fees information URL, servicios_preservacion, Preservation Service: national library, Preservation information URL, Deposit policy directory, URL for deposit policy, identificadores_persistentes, Continues, Continued By, titulo_normalizado_facts_dup, titulo_normalizado_openapc_dup, apc_metodo_imputacion"
1909-1621,Revista Colombiana De Enfermeria,colombiana enfermeria,CO,Ciencias Médicas y de la Salud,766,imputado,1293.42,3403.74,True,False,"apc_monto, apc_moneda","issn_linking, institucion_editora_2, institucion_editora_3, titulo_normalizado_scimago_dup, titulo_alternativo, atributos_licencia, apc_amount_raw, Waiver policy information URL, Other fees information URL, servicios_preservacion, Preservation Service: national library, Preservation information URL, Continues, Continued By, titulo_normalizado_doaj_dup, apc_monto_original, apc_moneda_original, tasa_usd_utilizada, apc_monto, apc_moneda, titulo_normalizado_facts_dup, is_hybrid, titulo_normalizado_openapc_dup"
1900-5016,Cuadernos Latinoamericanos De Administración,latinoamericanos administracion,CO,Ciencias Sociales,767,observado,1974.5,5196.05,False,False,apc_metodo_imputacion,"issn_linking, institucion_editora_2, institucion_editora_3, rank, sourceid, tipo_publicacion, titulo_normalizado_scimago_dup, open_access, sjr_score, cuartil_sjr, h_index, total_docs, total_docs_3y, total_refs, total_citas_3y, docs_citables_3y, citas_por_doc_2y, refs_por_doc, pct_female, overton, cobertura, categorias, areas, titulo_alternativo, Country of other organisation, atributos_licencia, cc_legible_maquina, Copyright information URL, apc_amount_raw, Waiver policy information URL, servicios_preservacion, Preservation Service: national library, Preservation information URL, Deposit policy directory, URL for deposit policy, identificadores_persistentes, Continues, Continued By, titulo_normalizado_facts_dup, titulo_normalizado_openapc_dup, apc_metodo_imputacion, contraste_publindex_cuartil, ratio_citas_docs, sjr_score_zscore, h_index_zscore, sjr_score_minmax, h_index_minmax"
1657-463X,Cultura Científica,cultura cientifica,CO,Ciencias Naturales,768,observado,966.76,2544.11,False,False,apc_metodo_imputacion,"issn_electronic, issn_linking, institucion_editora_2, institucion_editora_3, rank, sourceid, tipo_publicacion, titulo_normalizado_scimago_dup, open_access, sjr_score, cuartil_sjr, h_index, total_docs, total_docs_3y, total_refs, total_citas_3y, docs_citables_3y, citas_por_doc_2y, refs_por_doc, pct_female, overton, cobertura, categorias, areas, titulo_alternativo, issn_impreso, atributos_licencia, apc_amount_raw, Waiver policy information URL, Other fees information URL, servicios_preservacion, Preservation Service: national library, Preservation information URL, Deposit policy directory, URL for deposit policy, Continues, Continued By, titulo_normalizado_doaj_dup, titulo_normalizado_facts_dup, titulo_normalizado_openapc_dup, apc_metodo_imputacion, contraste_publindex_cuartil, ratio_citas_docs, sjr_score_zscore, h_index_zscore, sjr_score_minmax, h_index_minmax"
2027-307X,Revista Juridica Ideas De Ideas,juridica ideas ideas,CO,Ciencias Sociales,769,imputado,870.41,2290.55,True,False,"apc_monto, apc_moneda","issn_electronic, issn_linking, institucion_editora_2, institucion_editora_3, rank, sourceid, tipo_publicacion, titulo_normalizado_scimago_dup, open_access, sjr_score, cuartil_sjr, h_index, total_docs, total_docs_3y, total_refs, total_citas_3y, docs_citables_3y, citas_por_doc_2y, refs_por_doc, pct_female, overton, cobertura, categorias, areas, Country of other organisation, atributos_licencia, apc_amount_raw, Waiver policy information URL, servicios_preservacion, Preservation Service: national library, URL for deposit policy, identificadores_persistentes, Continues, Continued By, titulo_normalizado_doaj_dup, apc_monto_original, apc_moneda_original, tasa_usd_utilizada, apc_monto, apc_moneda, titulo_normalizado_facts_dup, is_hybrid, titulo_normalizado_openapc_dup, contraste_publindex_cuartil, ratio_citas_docs, sjr_score_zscore, h_index_zscore, sjr_score_minmax, h_index_minmax"
0124-7492,Ingenium,ingenium,CO,Ingeniería y Tecnología,770,imputado,1016.3,2674.47,True,False,"apc_monto, apc_moneda","issn_electronic, issn_linking, institucion_editora_2, institucion_editora_3, rank, sourceid, tipo_publicacion, titulo_normalizado_scimago_dup, editorial, open_access, sjr_score, cuartil_sjr, h_index, total_docs, total_docs_3y, total_refs, total_citas_3y, docs_citables_3y, citas_por_doc_2y, refs_por_doc, pct_female, overton, cobertura, categorias, areas, url_revista, url, When did the journal start to publish all content using an open license?, titulo_alternativo, issn_impreso, issn_electronico, palabras_clave, idiomas, pais_editorial, Other organisation, Country of other organisation, licencia, atributos_licencia, URL for license terms, cc_legible_maquina, autor_retiene_copyright, Copyright information URL, tipo_revision, Review process information URL, politica_plagio, URL for journal's aims & scope, URL for the Editorial Board page, URL for journal's instructions for authors, semanas_submission_publicacion, tiene_apc, APC information URL, apc_amount_raw, politica_exencion, Waiver policy information URL, tiene_otros_cobros, Other fees information URL, servicios_preservacion, Preservation Service: national library, Preservation information URL, Deposit policy directory, URL for deposit policy, identificadores_persistentes, cumple_oa, Continues, Continued By, codigos_lcc, subscribe_to_open, Mirror Journal, Open Journals Collective, materias, fecha_incorporacion, fecha_actualizacion, Last Full Review Date, num_articulos, fecha_ultimo_articulo, titulo_normalizado_doaj_dup, apc_monto_original, apc_moneda_original, tasa_usd_utilizada, apc_conversion_estado, apc_monto, apc_moneda, titulo_normalizado_facts_dup, is_hybrid, titulo_normalizado_openapc_dup, contraste_publindex_cuartil, semanas_pub, editorial_rapida, ratio_citas_docs, sjr_score_zscore, h_index_zscore, semanas_pub_zscore, sjr_score_minmax, h_index_minmax, semanas_pub_minmax"
2216-0965,Eafit Journal Of International Law,eafit law,CO,Ciencias Sociales,771,observado,2516.29,6621.82,False,False,apc_metodo_imputacion,"issn_electronic, issn_linking, institucion_editora_2, institucion_editora_3, rank, sourceid, tipo_publicacion, titulo_normalizado_scimago_dup, open_access, sjr_score, cuartil_sjr, h_index, total_docs, total_docs_3y, total_refs, total_citas_3y, docs_citables_3y, citas_por_doc_2y, refs_por_doc, pct_female, overton, cobertura, categorias, areas, atributos_licencia, apc_amount_raw, Waiver policy information URL, Other fees information URL, Preservation Service: national library, Continues, Continued By, titulo_normalizado_doaj_dup, titulo_normalizado_facts_dup, titulo_normalizado_openapc_dup, apc_metodo_imputacion, contraste_publindex_cuartil, ratio_citas_docs, sjr_score_zscore, h_index_zscore, sjr_score_minmax, h_index_minmax"
1692-6900,Pre-Til,pre til,CO,Ciencias Sociales,772,imputado,870.05,2289.61,True,False,"apc_monto, apc_moneda","issn_electronic, issn_linking, institucion_editora_2, institucion_editora_3, rank, sourceid, tipo_publicacion, titulo_normalizado_scimago_dup, open_access, sjr_score, cuartil_sjr, h_index, total_docs, total_docs_3y, total_refs, total_citas_3y, docs_citables_3y, citas_por_doc_2y, refs_por_doc, pct_female, overton, cobertura, categorias, areas, titulo_alternativo, Country of other organisation, atributos_licencia, cc_legible_maquina, Copyright information URL, apc_amount_raw, Waiver policy information URL, Preservation Service: national library, Deposit policy directory, URL for deposit policy, Continues, Continued By, titulo_normalizado_doaj_dup, apc_monto_original, apc_moneda_original, tasa_usd_utilizada, apc_monto, apc_moneda, titulo_normalizado_facts_dup, is_hybrid, titulo_normalizado_openapc_dup, contraste_publindex_cuartil, ratio_citas_docs, sjr_score_zscore, h_index_zscore, sjr_score_minmax, h_index_minmax"
0121-0777,El Hombre Y La Máquina,hombre maquina,CO,Ciencias Sociales,773,imputado,870.05,2289.61,True,False,"apc_monto, apc_moneda","issn_electronic, issn_linking, codigo_dane, institucion_editora_2, institucion_editora_3, rank, sourceid, tipo_publicacion, titulo_normalizado_scimago_dup, open_access, sjr_score, cuartil_sjr, h_index, total_docs, total_docs_3y, total_refs, total_citas_3y, docs_citables_3y, citas_por_doc_2y, refs_por_doc, pct_female, overton, cobertura, categorias, areas, atributos_licencia, apc_amount_raw, Waiver policy information URL, Other fees information URL, Preservation Service: national library, Deposit policy directory, URL for deposit policy, Continues, titulo_normalizado_doaj_dup, apc_monto_original, apc_moneda_original, tasa_usd_utilizada, apc_monto, apc_moneda, titulo_normalizado_facts_dup, is_hybrid, titulo_normalizado_openapc_dup, contraste_publindex_cuartil, ratio_citas_docs, sjr_score_zscore, h_index_zscore, sjr_score_minmax, h_index_minmax"
2027-1034,Bio-Grafia,bio grafia,CO,Ciencias Naturales,774,observado,872.91,2297.13,False,False,apc_metodo_imputacion,"issn_electronic, issn_linking, institucion_editora_2, institucion_editora_3, rank, sourceid, tipo_publicacion, titulo_normalizado_scimago_dup, open_access, sjr_score, cuartil_sjr, h_index, total_docs, total_docs_3y, total_refs, total_citas_3y, docs_citables_3y, citas_por_doc_2y, refs_por_doc, pct_female, overton, cobertura, categorias, areas, Other organisation, Country of other organisation, atributos_licencia, apc_amount_raw, Waiver policy information URL, Other fees information URL, servicios_preservacion, Preservation Service: national library, Preservation information URL, Deposit policy directory, URL for deposit policy, Continues, Continued By, titulo_normalizado_facts_dup, titulo_normalizado_openapc_dup, apc_metodo_imputacion, contraste_publindex_cuartil, ratio_citas_docs, sjr_score_zscore, h_index_zscore, sjr_score_minmax, h_index_minmax"
0120-677X,Educación Física Y Deporte,educacion fisica deporte,CO,Ciencias Médicas y de la Salud,775,observado,449.28,1182.32,False,False,apc_metodo_imputacion,"issn_linking, institucion_editora_2, institucion_editora_3, rank, sourceid, tipo_publicacion, titulo_normalizado_scimago_dup, open_access, sjr_score, cuartil_sjr, h_index, total_docs, total_docs_3y, total_refs, total_citas_3y, docs_citables_3y, citas_por_doc_2y, refs_por_doc, pct_female, overton, cobertura, categorias, areas, titulo_alternativo, Other organisation, Country of other organisation, atributos_licencia, cc_legible_maquina, apc_amount_raw, Waiver policy information URL, Other fees information URL, servicios_preservacion, Preservation Service: national library, Preservation information URL, Deposit policy directory, URL for deposit policy, identificadores_persistentes, Continues, Continued By, titulo_normalizado_facts_dup, titulo_normalizado_openapc_dup, apc_metodo_imputacion, contraste_publindex_cuartil, ratio_citas_docs, sjr_score_zscore, h_index_zscore, sjr_score_minmax, h_index_minmax"
0123-5583,Actualizaciones En Enfermería,actualizaciones enfermeria,CO,Ciencias Médicas y de la Salud,776,imputado,1272.15,3347.76,True,False,"apc_monto, apc_moneda","issn_linking, codigo_dane, institucion_editora_2, institucion_editora_3, rank, sourceid, tipo_publicacion, titulo_normalizado_scimago_dup, open_access, sjr_score, cuartil_sjr, h_index, total_docs, total_docs_3y, total_refs, total_citas_3y, docs_citables_3y, citas_por_doc_2y, refs_por_doc, pct_female, overton, cobertura, categorias, areas, issn_impreso, Other organisation, Country of other organisation, atributos_licencia, Copyright information URL, apc_amount_raw, Waiver policy information URL, Other fees information URL, servicios_preservacion, Preservation Service: national library, Preservation information URL, URL for deposit policy, identificadores_persistentes, Continues, Continued By, titulo_normalizado_doaj_dup, apc_monto_original, apc_moneda_original, tasa_usd_utilizada, apc_monto, apc_moneda, titulo_normalizado_facts_dup, is_hybrid, titulo_normalizado_openapc_dup, contraste_publindex_cuartil, ratio_citas_docs, sjr_score_zscore, h_index_zscore, sjr_score_minmax, h_index_minmax"
2346-4712,"Góndola, Enseñanza Y Aprendizaje De Las Ciencias",gondola ensenanza aprendizaje ciencias,CO,Ciencias Sociales,777,observado,2160.0,5684.21,False,False,apc_metodo_imputacion,"issn_print, issn_linking, institucion_editora_2, institucion_editora_3, rank, sourceid, tipo_publicacion, titulo_normalizado_scimago_dup, open_access, sjr_score, cuartil_sjr, h_index, total_docs, total_docs_3y, total_refs, total_citas_3y, docs_citables_3y, citas_por_doc_2y, refs_por_doc, pct_female, overton, cobertura, categorias, areas, titulo_alternativo, Country of other organisation, atributos_licencia, cc_legible_maquina, apc_amount_raw, Waiver policy information URL, servicios_preservacion, Preservation Service: national library, Deposit policy directory, URL for deposit policy, identificadores_persistentes, Continued By, titulo_normalizado_doaj_dup, titulo_normalizado_facts_dup, titulo_normalizado_openapc_dup, apc_metodo_imputacion, contraste_publindex_cuartil, ratio_citas_docs, sjr_score_zscore, h_index_zscore, sjr_score_minmax, h_index_minmax"
0121-4470,Momento,momento,CO,Ciencias Naturales,778,imputado,1127.96,2968.32,True,False,"apc_monto, apc_moneda","issn_linking, institucion_editora_2, institucion_editora_3, titulo_alternativo, Other organisation, Country of other organisation, atributos_licencia, cc_legible_maquina, apc_amount_raw, Waiver policy information URL, Other fees information URL, Preservation Service: national library, Continues, Continued By, apc_monto_original, apc_moneda_original, tasa_usd_utilizada, apc_monto, apc_moneda, titulo_normalizado_facts_dup, is_hybrid, titulo_normalizado_openapc_dup"
0124-308X,Revista De La Facultad Ciencias De La Salud Universidad Del Cauca,facultad ciencias salud universidad cauca,CO,Ciencias Médicas y de la Salud,779,observado,2160.0,5684.21,False,False,apc_metodo_imputacion,"issn_electronic, issn_linking, institucion_editora_2, institucion_editora_3, rank, sourceid, tipo_publicacion, titulo_normalizado_scimago_dup, open_access, sjr_score, cuartil_sjr, h_index, total_docs, total_docs_3y, total_refs, total_citas_3y, docs_citables_3y, citas_por_doc_2y, refs_por_doc, pct_female, overton, cobertura, categorias, areas, titulo_alternativo, Country of other organisation, atributos_licencia, cc_legible_maquina, Copyright information URL, apc_amount_raw, Waiver policy information URL, servicios_preservacion, Preservation Service: national library, Preservation information URL, Deposit policy directory, URL for deposit policy, identificadores_persistentes, Continues, Continued By, titulo_normalizado_facts_dup, titulo_normalizado_openapc_dup, apc_metodo_imputacion, contraste_publindex_cuartil, ratio_citas_docs, sjr_score_zscore, h_index_zscore, sjr_score_minmax, h_index_minmax"
0120-2650,Revista Colombiana De Física,colombiana fisica,CO,Ciencias Naturales,780,observado,449.28,1182.32,False,False,apc_metodo_imputacion,"issn_linking, institucion_editora_2, institucion_editora_3, titulo_normalizado_scimago_dup, issn_impreso, Other organisation, Country of other organisation, atributos_licencia, apc_amount_raw, Waiver policy information URL, Other fees information URL, Preservation Service: national library, Deposit policy directory, URL for deposit policy, Continues, Continued By, titulo_normalizado_doaj_dup, titulo_normalizado_facts_dup, titulo_normalizado_openapc_dup, apc_metodo_imputacion"
0124-4620,Revista Colombiana De Filosofía De La Ciencia,colombiana filosofia ciencia,CO,Humanidades,781,imputado,652.34,1716.68,True,False,"apc_monto, apc_moneda","issn_linking, institucion_editora_2, institucion_editora_3, titulo_normalizado_scimago_dup, titulo_alternativo, Other organisation, Country of other organisation, atributos_licencia, cc_legible_maquina, Copyright information URL, apc_amount_raw, Waiver policy information URL, servicios_preservacion, Preservation Service: national library, Preservation information URL, Deposit policy directory, URL for deposit policy, Continues, Continued By, apc_monto_original, apc_moneda_original, tasa_usd_utilizada, apc_monto, apc_moneda, titulo_normalizado_facts_dup, is_hybrid, titulo_normalizado_openapc_dup"
0120-8845,Revista Colombiana De Ortopedia Y Traumatología,colombiana ortopedia traumatologia,CO,Ciencias Médicas y de la Salud,782,imputado,1295.92,3410.32,True,False,"apc_monto, apc_moneda","issn_electronic, issn_linking, institucion_editora_2, institucion_editora_3, titulo_normalizado_scimago_dup, titulo_alternativo, issn_impreso, Other organisation, Country of other organisation, atributos_licencia, apc_amount_raw, Waiver policy information URL, Other fees information URL, Preservation Service: national library, Deposit policy directory, URL for deposit policy, Continues, Continued By, titulo_normalizado_doaj_dup, apc_monto_original, apc_moneda_original, tasa_usd_utilizada, apc_monto, apc_moneda, titulo_normalizado_facts_dup, is_hybrid, titulo_normalizado_openapc_dup"
2256-1552,Revista Ib De La Información Básica Estadística,ib informacion basica estadistica,CO,Ciencias Naturales,783,declarado,31.5,82.89,False,False,apc_metodo_imputacion,"issn_electronic, issn_linking, institucion_editora_2, institucion_editora_3, rank, sourceid, tipo_publicacion, titulo_normalizado_scimago_dup, open_access, sjr_score, cuartil_sjr, h_index, total_docs, total_docs_3y, total_refs, total_citas_3y, docs_citables_3y, citas_por_doc_2y, refs_por_doc, pct_female, overton, cobertura, categorias, areas, Other organisation, Country of other organisation, atributos_licencia, Waiver policy information URL, Other fees information URL, servicios_preservacion, Preservation Service: national library, Preservation information URL, Deposit policy directory, URL for deposit policy, Continues, Continued By, titulo_normalizado_doaj_dup, titulo_normalizado_facts_dup, is_hybrid, titulo_normalizado_openapc_dup, apc_metodo_imputacion, contraste_publindex_cuartil, ratio_citas_docs, sjr_score_zscore, h_index_zscore, sjr_score_minmax, h_index_minmax"
0123-2576,Medicina & Laboratorio,medicina laboratorio,CO,Ciencias Médicas y de la Salud,784,observado,1564.49,4117.08,False,False,apc_metodo_imputacion,"issn_linking, codigo_dane, institucion_editora_2, institucion_editora_3, titulo_normalizado_scimago_dup, atributos_licencia, apc_amount_raw, Waiver policy information URL, Other fees information URL, Preservation Service: national library, Deposit policy directory, URL for deposit policy, Continues, Continued By, fecha_ultimo_articulo, titulo_normalizado_facts_dup, titulo_normalizado_openapc_dup, apc_metodo_imputacion"
0120-0380,Boletín De Matemáticas,matematicas,CO,Ciencias Naturales,785,observado,256.91,676.08,False,False,apc_metodo_imputacion,"issn_electronic, issn_linking, institucion_editora_2, institucion_editora_3, rank, sourceid, tipo_publicacion, titulo_normalizado_scimago_dup, open_access, sjr_score, cuartil_sjr, h_index, total_docs, total_docs_3y, total_refs, total_citas_3y, docs_citables_3y, citas_por_doc_2y, refs_por_doc, pct_female, overton, cobertura, categorias, areas, titulo_alternativo, issn_impreso, Other organisation, Country of other organisation, atributos_licencia, Waiver policy information URL, Other fees information URL, Continues, Continued By, titulo_normalizado_doaj_dup, titulo_normalizado_facts_dup, titulo_normalizado_openapc_dup, apc_metodo_imputacion, contraste_publindex_cuartil, ratio_citas_docs, sjr_score_zscore, h_index_zscore, sjr_score_minmax, h_index_minmax"
0120-8454,Análisis,analisis,CO,Humanidades,786,observado,2438.85,6418.03,False,False,apc_metodo_imputacion,"issn_linking, institucion_editora_2, institucion_editora_3, rank, sourceid, tipo_publicacion, titulo_normalizado_scimago_dup, open_access, sjr_score, cuartil_sjr, h_index, total_docs, total_docs_3y, total_refs, total_citas_3y, docs_citables_3y, citas_por_doc_2y, refs_por_doc, pct_female, overton, cobertura, categorias, areas, Country of other organisation, atributos_licencia, apc_amount_raw, Waiver policy information URL, Other fees information URL, servicios_preservacion, Preservation Service: national library, Preservation information URL, Deposit policy directory, URL for deposit policy, identificadores_persistentes, Continues, Continued By, titulo_normalizado_facts_dup, titulo_normalizado_openapc_dup, apc_metodo_imputacion, contraste_publindex_cuartil, ratio_citas_docs, sjr_score_zscore, h_index_zscore, sjr_score_minmax, h_index_minmax"
2145-5333,Ciencia Y Salud Virtual,ciencia salud virtual,CO,Ciencias Médicas y de la Salud,787,observado,1509.08,3971.26,False,False,apc_metodo_imputacion,"issn_linking, institucion_editora_2, institucion_editora_3, titulo_normalizado_scimago_dup, titulo_alternativo, issn_impreso, atributos_licencia, apc_amount_raw, Waiver policy information URL, Other fees information URL, servicios_preservacion, Preservation Service: national library, Preservation information URL, Deposit policy directory, URL for deposit policy, Continues, Continued By, titulo_normalizado_doaj_dup, titulo_normalizado_facts_dup, titulo_normalizado_openapc_dup, apc_metodo_imputacion"
2027-8918,Revista Biodiversidad Tropical,biodiversidad tropical,CO,Ciencias Naturales,788,observado,3007.31,7913.97,False,False,apc_metodo_imputacion,"issn_electronic, issn_linking, institucion_editora_2, institucion_editora_3, rank, sourceid, tipo_publicacion, titulo_normalizado_scimago_dup, open_access, sjr_score, cuartil_sjr, h_index, total_docs, total_docs_3y, total_refs, total_citas_3y, docs_citables_3y, citas_por_doc_2y, refs_por_doc, pct_female, overton, cobertura, categorias, areas, Other organisation, Country of other organisation, atributos_licencia, Waiver policy information URL, Other fees information URL, servicios_preservacion, Preservation Service: national library, Preservation information URL, Deposit policy directory, URL for deposit policy, Continues, Continued By, fecha_ultimo_articulo, titulo_normalizado_doaj_dup, titulo_normalizado_facts_dup, titulo_normalizado_openapc_dup, apc_metodo_imputacion, contraste_publindex_cuartil, ratio_citas_docs, sjr_score_zscore, h_index_zscore, sjr_score_minmax, h_index_minmax"
2145-6194,Revista Civilizar De Empresa Y Economía,civilizar empresa economia,CO,Ciencias Sociales,789,observado,3140.96,8265.68,False,False,apc_metodo_imputacion,"issn_linking, codigo_dane, institucion_editora_2, institucion_editora_3, titulo_normalizado_scimago_dup, titulo_alternativo, atributos_licencia, apc_amount_raw, Waiver policy information URL, Other fees information URL, Preservation Service: national library, Deposit policy directory, URL for deposit policy, Continues, Continued By, titulo_normalizado_doaj_dup, titulo_normalizado_facts_dup, titulo_normalizado_openapc_dup, apc_metodo_imputacion"
0122-9354,Revista De Medicina Veterinaria,medicina veterinaria,CO,Ciencias Agrícolas,790,observado,411.26,1082.26,False,False,apc_metodo_imputacion,"issn_electronic, issn_linking, institucion_editora_2, institucion_editora_3, rank, sourceid, tipo_publicacion, titulo_normalizado_scimago_dup, open_access, sjr_score, cuartil_sjr, h_index, total_docs, total_docs_3y, total_refs, total_citas_3y, docs_citables_3y, citas_por_doc_2y, refs_por_doc, pct_female, overton, cobertura, categorias, areas, Country of other organisation, atributos_licencia, cc_legible_maquina, apc_amount_raw, Waiver policy information URL, Other fees information URL, servicios_preservacion, Preservation Service: national library, Preservation information URL, Deposit policy directory, URL for deposit policy, Continues, Continued By, titulo_normalizado_facts_dup, titulo_normalizado_openapc_dup, apc_metodo_imputacion, contraste_publindex_cuartil, ratio_citas_docs, sjr_score_zscore, h_index_zscore, sjr_score_minmax, h_index_minmax"
0123-7810,Revista Odontos Odontologia Integral,odontos odontologia integral,CO,Ciencias Médicas y de la Salud,791,imputado,1272.15,3347.76,True,False,"apc_monto, apc_moneda","issn_electronic, issn_linking, codigo_dane, institucion_editora_2, institucion_editora_3, rank, sourceid, tipo_publicacion, titulo_normalizado_scimago_dup, open_access, sjr_score, cuartil_sjr, h_index, total_docs, total_docs_3y, total_refs, total_citas_3y, docs_citables_3y, citas_por_doc_2y, refs_por_doc, pct_female, overton, cobertura, categorias, areas, titulo_alternativo, issn_impreso, Other organisation, Country of other organisation, atributos_licencia, cc_legible_maquina, apc_amount_raw, Waiver policy information URL, Other fees information URL, servicios_preservacion, Preservation Service: national library, Preservation information URL, Deposit policy directory, URL for deposit policy, identificadores_persistentes, Continues, Continued By, titulo_normalizado_doaj_dup, apc_monto_original, apc_moneda_original, tasa_usd_utilizada, apc_monto, apc_moneda, titulo_normalizado_facts_dup, is_hybrid, titulo_normalizado_openapc_dup, contraste_publindex_cuartil, ratio_citas_docs, sjr_score_zscore, h_index_zscore, sjr_score_minmax, h_index_minmax"
2145-1362,R.F.S. Revista Facultad De Salud Universidad Surcolombiana,r f s facultad salud universidad surcolombiana,CO,Ciencias Médicas y de la Salud,792,observado,1419.12,3734.53,False,False,apc_metodo_imputacion,"issn_electronic, issn_linking, institucion_editora_2, institucion_editora_3, rank, sourceid, tipo_publicacion, titulo_normalizado_scimago_dup, open_access, sjr_score, cuartil_sjr, h_index, total_docs, total_docs_3y, total_refs, total_citas_3y, docs_citables_3y, citas_por_doc_2y, refs_por_doc, pct_female, overton, cobertura, categorias, areas, atributos_licencia, apc_amount_raw, Waiver policy information URL, Other fees information URL, Preservation Service: national library, Deposit policy directory, URL for deposit policy, Continues, Continued By, titulo_normalizado_doaj_dup, titulo_normalizado_facts_dup, titulo_normalizado_openapc_dup, apc_metodo_imputacion, contraste_publindex_cuartil, ratio_citas_docs, sjr_score_zscore, h_index_zscore, sjr_score_minmax, h_index_minmax"
2027-291X,Revista Alimentos Hoy,alimentos hoy,CO,Ingeniería y Tecnología,793,imputado,1003.07,2639.66,True,False,"apc_monto, apc_moneda","issn_electronic, issn_linking, codigo_dane, institucion_editora_2, institucion_editora_3, rank, sourceid, tipo_publicacion, titulo_normalizado_scimago_dup, open_access, sjr_score, cuartil_sjr, h_index, total_docs, total_docs_3y, total_refs, total_citas_3y, docs_citables_3y, citas_por_doc_2y, refs_por_doc, pct_female, overton, cobertura, categorias, areas, titulo_alternativo, Other organisation, Country of other organisation, atributos_licencia, cc_legible_maquina, apc_amount_raw, Waiver policy information URL, Other fees information URL, servicios_preservacion, Preservation Service: national library, Preservation information URL, Deposit policy directory, URL for deposit policy, Continues, Continued By, fecha_ultimo_articulo, titulo_normalizado_doaj_dup, apc_monto_original, apc_moneda_original, tasa_usd_utilizada, apc_monto, apc_moneda, titulo_normalizado_facts_dup, is_hybrid, titulo_normalizado_openapc_dup, contraste_publindex_cuartil, ratio_citas_docs, sjr_score_zscore, h_index_zscore, sjr_score_minmax, h_index_minmax"
2145-969X,Sinapsis,sinapsis,CO,Ciencias Sociales,794,imputado,870.41,2290.55,True,False,"apc_monto, apc_moneda","issn_linking, institucion_editora_2, institucion_editora_3, rank, sourceid, tipo_publicacion, titulo_normalizado_scimago_dup, open_access, sjr_score, cuartil_sjr, h_index, total_docs, total_docs_3y, total_refs, total_citas_3y, docs_citables_3y, citas_por_doc_2y, refs_por_doc, pct_female, overton, cobertura, categorias, areas, issn_impreso, Other organisation, Country of other organisation, atributos_licencia, apc_amount_raw, Waiver policy information URL, Other fees information URL, servicios_preservacion, Preservation Service: national library, Preservation information URL, URL for deposit policy, Continues, Continued By, titulo_normalizado_doaj_dup, apc_monto_original, apc_moneda_original, tasa_usd_utilizada, apc_monto, apc_moneda, titulo_normalizado_facts_dup, is_hybrid, titulo_normalizado_openapc_dup, contraste_publindex_cuartil, ratio_citas_docs, sjr_score_zscore, h_index_zscore, sjr_score_minmax, h_index_minmax"
0120-8705,Revista Ces Medicina,ces medicina,CO,Ciencias Médicas y de la Salud,795,observado,1564.49,4117.08,False,False,apc_metodo_imputacion,"issn_linking, codigo_dane, institucion_editora_2, institucion_editora_3, titulo_normalizado_scimago_dup, titulo_alternativo, atributos_licencia, Waiver policy information URL, Other fees information URL, Preservation Service: national library, Continues, Continued By, titulo_normalizado_doaj_dup, titulo_normalizado_facts_dup, titulo_normalizado_openapc_dup, apc_metodo_imputacion"
2011-5415,Veterinaria Y Zootecnia,veterinaria zootecnia,CO,Ciencias Agrícolas,796,observado,540.0,1421.05,False,False,apc_metodo_imputacion,"issn_electronic, issn_linking, institucion_editora_2, institucion_editora_3, rank, sourceid, tipo_publicacion, titulo_normalizado_scimago_dup, open_access, sjr_score, cuartil_sjr, h_index, total_docs, total_docs_3y, total_refs, total_citas_3y, docs_citables_3y, citas_por_doc_2y, refs_por_doc, pct_female, overton, cobertura, categorias, areas, titulo_alternativo, issn_impreso, Other organisation, Country of other organisation, atributos_licencia, apc_amount_raw, Waiver policy information URL, Other fees information URL, servicios_preservacion, Preservation Service: national library, Preservation information URL, Continues, Continued By, titulo_normalizado_doaj_dup, titulo_normalizado_facts_dup, titulo_normalizado_openapc_dup, apc_metodo_imputacion, contraste_publindex_cuartil, ratio_citas_docs, sjr_score_zscore, h_index_zscore, sjr_score_minmax, h_index_minmax"
2215-8405,Teuken Bidikay,teuken bidikay,CO,Ciencias Naturales,797,observado,1838.38,4837.84,False,False,apc_metodo_imputacion,"issn_electronic, issn_linking, institucion_editora_2, institucion_editora_3, rank, sourceid, tipo_publicacion, titulo_normalizado_scimago_dup, open_access, sjr_score, cuartil_sjr, h_index, total_docs, total_docs_3y, total_refs, total_citas_3y, docs_citables_3y, citas_por_doc_2y, refs_por_doc, pct_female, overton, cobertura, categorias, areas, titulo_alternativo, Country of other organisation, atributos_licencia, cc_legible_maquina, Copyright information URL, apc_amount_raw, Waiver policy information URL, servicios_preservacion, Preservation Service: national library, Preservation information URL, Deposit policy directory, URL for deposit policy, identificadores_persistentes, Continues, Continued By, titulo_normalizado_facts_dup, titulo_normalizado_openapc_dup, apc_metodo_imputacion, contraste_publindex_cuartil, ratio_citas_docs, sjr_score_zscore, h_index_zscore, sjr_score_minmax, h_index_minmax"
1909-9843,Iter Ad Veritatem,iter ad veritatem,CO,Humanidades,798,imputado,632.15,1663.55,True,False,"apc_monto, apc_moneda","issn_electronic, issn_linking, institucion_editora_2, institucion_editora_3, rank, sourceid, tipo_publicacion, titulo_normalizado_scimago_dup, open_access, sjr_score, cuartil_sjr, h_index, total_docs, total_docs_3y, total_refs, total_citas_3y, docs_citables_3y, citas_por_doc_2y, refs_por_doc, pct_female, overton, cobertura, categorias, areas, issn_impreso, Other organisation, Country of other organisation, atributos_licencia, cc_legible_maquina, apc_amount_raw, Waiver policy information URL, Other fees information URL, servicios_preservacion, Preservation Service: national library, Preservation information URL, Deposit policy directory, URL for deposit policy, identificadores_persistentes, Continues, Continued By, titulo_normalizado_doaj_dup, apc_monto_original, apc_moneda_original, tasa_usd_utilizada, apc_monto, apc_moneda, titulo_normalizado_facts_dup, is_hybrid, titulo_normalizado_openapc_dup, contraste_publindex_cuartil, ratio_citas_docs, sjr_score_zscore, h_index_zscore, sjr_score_minmax, h_index_minmax"
1657-1959,La Propiedad Inmaterial,propiedad inmaterial,CO,Ciencias Sociales,799,imputado,872.91,2297.13,True,False,"apc_monto, apc_moneda","issn_linking, institucion_editora_2, institucion_editora_3, rank, sourceid, tipo_publicacion, titulo_normalizado_scimago_dup, open_access, sjr_score, cuartil_sjr, h_index, total_docs, total_docs_3y, total_refs, total_citas_3y, docs_citables_3y, citas_por_doc_2y, refs_por_doc, pct_female, overton, cobertura, categorias, areas, Country of other organisation, atributos_licencia, cc_legible_maquina, apc_amount_raw, Waiver policy information URL, servicios_preservacion, Preservation Service: national library, Preservation information URL, URL for deposit policy, Continues, Continued By, apc_monto_original, apc_moneda_original, tasa_usd_utilizada, apc_monto, apc_moneda, titulo_normalizado_facts_dup, is_hybrid, titulo_normalizado_openapc_dup, contraste_publindex_cuartil, ratio_citas_docs, sjr_score_zscore, h_index_zscore, sjr_score_minmax, h_index_minmax"
0124-3551,Revista Cife,cife,CO,Ciencias Sociales,800,imputado,873.62,2299.0,True,False,"apc_monto, apc_moneda","issn_electronic, issn_linking, institucion_editora_2, institucion_editora_3, rank, sourceid, tipo_publicacion, titulo_normalizado_scimago_dup, open_access, sjr_score, cuartil_sjr, h_index, total_docs, total_docs_3y, total_refs, total_citas_3y, docs_citables_3y, citas_por_doc_2y, refs_por_doc, pct_female, overton, cobertura, categorias, areas, titulo_alternativo, atributos_licencia, apc_amount_raw, Waiver policy information URL, Other fees information URL, servicios_preservacion, Preservation Service: national library, Preservation information URL, Deposit policy directory, URL for deposit policy, identificadores_persistentes, Continues, Continued By, fecha_ultimo_articulo, titulo_normalizado_doaj_dup, apc_monto_original, apc_moneda_original, tasa_usd_utilizada, apc_monto, apc_moneda, titulo_normalizado_facts_dup, is_hybrid, titulo_normalizado_openapc_dup, contraste_publindex_cuartil, ratio_citas_docs, sjr_score_zscore, h_index_zscore, sjr_score_minmax, h_index_minmax"
1657-8236,Gerencia Tecnológica Informática - Gti,gerencia tecnologica informatica gti,CO,Ciencias Naturales,801,observado,2851.2,7503.16,False,False,apc_metodo_imputacion,"issn_electronic, issn_linking, codigo_dane, institucion_editora_3, rank, sourceid, tipo_publicacion, titulo_normalizado_scimago_dup, open_access, sjr_score, cuartil_sjr, h_index, total_docs, total_docs_3y, total_refs, total_citas_3y, docs_citables_3y, citas_por_doc_2y, refs_por_doc, pct_female, overton, cobertura, categorias, areas, Other organisation, Country of other organisation, atributos_licencia, Copyright information URL, apc_amount_raw, Waiver policy information URL, servicios_preservacion, Preservation Service: national library, Preservation information URL, Deposit policy directory, URL for deposit policy, identificadores_persistentes, Continues, Continued By, titulo_normalizado_doaj_dup, titulo_normalizado_facts_dup, titulo_normalizado_openapc_dup, apc_metodo_imputacion, contraste_publindex_cuartil, ratio_citas_docs, sjr_score_zscore, h_index_zscore, sjr_score_minmax, h_index_minmax"
1692-1879,Revista Colombiana De Rehabilitacion,colombiana rehabilitacion,CO,Ciencias Médicas y de la Salud,802,imputado,1293.42,3403.74,True,False,"apc_monto, apc_moneda","issn_linking, institucion_editora_2, institucion_editora_3, titulo_normalizado_scimago_dup, titulo_alternativo, atributos_licencia, apc_amount_raw, Waiver policy information URL, Other fees information URL, servicios_preservacion, Preservation Service: national library, Preservation information URL, Continues, Continued By, titulo_normalizado_doaj_dup, apc_monto_original, apc_moneda_original, tasa_usd_utilizada, apc_monto, apc_moneda, titulo_normalizado_facts_dup, is_hybrid, titulo_normalizado_openapc_dup"
0120-0542,Boletín Científico Cioh,cientifico cioh,CO,Ciencias Naturales,803,imputado,1114.37,2932.55,True,False,"apc_monto, apc_moneda","issn_electronic, issn_linking, institucion_editora_2, institucion_editora_3, rank, sourceid, tipo_publicacion, titulo_normalizado_scimago_dup, open_access, sjr_score, cuartil_sjr, h_index, total_docs, total_docs_3y, total_refs, total_citas_3y, docs_citables_3y, citas_por_doc_2y, refs_por_doc, pct_female, overton, cobertura, categorias, areas, titulo_alternativo, issn_impreso, Country of other organisation, atributos_licencia, cc_legible_maquina, Copyright information URL, apc_amount_raw, Waiver policy information URL, servicios_preservacion, Preservation Service: national library, Preservation information URL, URL for deposit policy, identificadores_persistentes, Continues, Continued By, fecha_ultimo_articulo, titulo_normalizado_doaj_dup, apc_monto_original, apc_moneda_original, tasa_usd_utilizada, apc_monto, apc_moneda, titulo_normalizado_facts_dup, is_hybrid, titulo_normalizado_openapc_dup, contraste_publindex_cuartil, ratio_citas_docs, sjr_score_zscore, h_index_zscore, sjr_score_minmax, h_index_minmax"
2027-8101,Cuaderno Activa,cuaderno activa,CO,Ciencias Naturales,804,imputado,1115.09,2934.45,True,False,"apc_monto, apc_moneda","issn_electronic, issn_linking, institucion_editora_2, institucion_editora_3, rank, sourceid, tipo_publicacion, titulo_normalizado_scimago_dup, open_access, sjr_score, cuartil_sjr, h_index, total_docs, total_docs_3y, total_refs, total_citas_3y, docs_citables_3y, citas_por_doc_2y, refs_por_doc, pct_female, overton, cobertura, categorias, areas, issn_impreso, Other organisation, Country of other organisation, atributos_licencia, apc_amount_raw, Waiver policy information URL, Other fees information URL, servicios_preservacion, Preservation Service: national library, Preservation information URL, Deposit policy directory, URL for deposit policy, Continues, Continued By, titulo_normalizado_doaj_dup, apc_monto_original, apc_moneda_original, tasa_usd_utilizada, apc_monto, apc_moneda, titulo_normalizado_facts_dup, is_hybrid, titulo_normalizado_openapc_dup, contraste_publindex_cuartil, ratio_citas_docs, sjr_score_zscore, h_index_zscore, sjr_score_minmax, h_index_minmax"
0120-6788,Matemáticas: Enseñanza Universitaria,matematicas ensenanza universitaria,CO,Ciencias Naturales,805,observado,2518.03,6626.39,False,False,apc_metodo_imputacion,"issn_electronic, issn_linking, codigo_dane, institucion_editora_2, institucion_editora_3, rank, sourceid, tipo_publicacion, titulo_normalizado_scimago_dup, open_access, sjr_score, cuartil_sjr, h_index, total_docs, total_docs_3y, total_refs, total_citas_3y, docs_citables_3y, citas_por_doc_2y, refs_por_doc, pct_female, overton, cobertura, categorias, areas, titulo_alternativo, Country of other organisation, atributos_licencia, cc_legible_maquina, apc_amount_raw, Waiver policy information URL, Preservation Service: national library, URL for deposit policy, Continues, Continued By, fecha_ultimo_articulo, titulo_normalizado_doaj_dup, titulo_normalizado_facts_dup, titulo_normalizado_openapc_dup, apc_metodo_imputacion, contraste_publindex_cuartil, ratio_citas_docs, sjr_score_zscore, h_index_zscore, sjr_score_minmax, h_index_minmax"
2027-3335,Revista Comunicaciones En Estadística,comunicaciones estadistica,CO,Ciencias Naturales,806,imputado,1114.37,2932.55,True,False,"apc_monto, apc_moneda","issn_electronic, issn_linking, institucion_editora_2, institucion_editora_3, id_revista_publindex, rank, sourceid, tipo_publicacion, titulo_normalizado_scimago_dup, open_access, sjr_score, cuartil_sjr, h_index, total_docs, total_docs_3y, total_refs, total_citas_3y, docs_citables_3y, citas_por_doc_2y, refs_por_doc, pct_female, overton, cobertura, categorias, areas, titulo_alternativo, Country of other organisation, atributos_licencia, cc_legible_maquina, apc_amount_raw, Waiver policy information URL, Other fees information URL, servicios_preservacion, Preservation Service: national library, Preservation information URL, Deposit policy directory, URL for deposit policy, identificadores_persistentes, Continues, Continued By, titulo_normalizado_doaj_dup, apc_monto_original, apc_moneda_original, tasa_usd_utilizada, apc_monto, apc_moneda, titulo_normalizado_facts_dup, is_hybrid, titulo_normalizado_openapc_dup, contraste_publindex_cuartil, ratio_citas_docs, sjr_score_zscore, h_index_zscore, sjr_score_minmax, h_index_minmax"
1909-5775,"I+T+C Investigación, Tecnología Y Ciencia",i t c investigacion tecnologia ciencia,CO,Ingeniería y Tecnología,807,observado,438.25,1153.29,False,False,apc_metodo_imputacion,"issn_electronic, issn_linking, institucion_editora_2, institucion_editora_3, rank, sourceid, tipo_publicacion, titulo_normalizado_scimago_dup, open_access, sjr_score, cuartil_sjr, h_index, total_docs, total_docs_3y, total_refs, total_citas_3y, docs_citables_3y, citas_por_doc_2y, refs_por_doc, pct_female, overton, cobertura, categorias, areas, issn_impreso, atributos_licencia, cc_legible_maquina, Other fees information URL, Preservation Service: national library, Deposit policy directory, URL for deposit policy, Continues, Continued By, titulo_normalizado_doaj_dup, titulo_normalizado_facts_dup, titulo_normalizado_openapc_dup, apc_metodo_imputacion, contraste_publindex_cuartil, ratio_citas_docs, sjr_score_zscore, h_index_zscore, sjr_score_minmax, h_index_minmax"
1900-8325,Estudios En Seguridad Y Defensa,estudios seguridad defensa,CO,Ciencias Sociales,808,imputado,889.72,2341.37,True,False,"apc_monto, apc_moneda","issn_linking, institucion_editora_2, institucion_editora_3, titulo_normalizado_scimago_dup, titulo_alternativo, atributos_licencia, apc_amount_raw, Waiver policy information URL, Other fees information URL, Preservation Service: national library, Deposit policy directory, URL for deposit policy, Continues, Continued By, apc_monto_original, apc_moneda_original, tasa_usd_utilizada, apc_monto, apc_moneda, titulo_normalizado_facts_dup, is_hybrid, titulo_normalizado_openapc_dup"
0122-7262,Acta Colombiana De Cuidado Intensivo,colombiana cuidado intensivo,CO,Ciencias Médicas y de la Salud,809,imputado,1293.42,3403.74,True,False,"apc_monto, apc_moneda","issn_linking, institucion_editora_2, institucion_editora_3, titulo_normalizado_scimago_dup, titulo_alternativo, atributos_licencia, apc_amount_raw, Waiver policy information URL, Other fees information URL, servicios_preservacion, Preservation Service: national library, Preservation information URL, Continues, Continued By, titulo_normalizado_doaj_dup, apc_monto_original, apc_moneda_original, tasa_usd_utilizada, apc_monto, apc_moneda, titulo_normalizado_facts_dup, is_hybrid, titulo_normalizado_openapc_dup"
1692-1259,Epsilon,epsilon,CO,Ingeniería y Tecnología,810,imputado,1003.43,2640.61,True,False,"apc_monto, apc_moneda","issn_electronic, issn_linking, codigo_dane, institucion_editora_2, institucion_editora_3, rank, sourceid, tipo_publicacion, titulo_normalizado_scimago_dup, open_access, sjr_score, cuartil_sjr, h_index, total_docs, total_docs_3y, total_refs, total_citas_3y, docs_citables_3y, citas_por_doc_2y, refs_por_doc, pct_female, overton, cobertura, categorias, areas, titulo_alternativo, issn_impreso, Country of other organisation, atributos_licencia, apc_amount_raw, Waiver policy information URL, Other fees information URL, servicios_preservacion, Preservation Service: national library, Preservation information URL, Deposit policy directory, URL for deposit policy, identificadores_persistentes, Continues, Continued By, titulo_normalizado_doaj_dup, apc_monto_original, apc_moneda_original, tasa_usd_utilizada, apc_monto, apc_moneda, titulo_normalizado_facts_dup, is_hybrid, titulo_normalizado_openapc_dup, contraste_publindex_cuartil, ratio_citas_docs, sjr_score_zscore, h_index_zscore, sjr_score_minmax, h_index_minmax"
2011-3188,Dearquitectura,dearquitectura,CO,Humanidades,811,observado,3065.04,8065.89,False,False,apc_metodo_imputacion,"issn_linking, institucion_editora_2, institucion_editora_3, issn_impreso, Other organisation, Country of other organisation, atributos_licencia, apc_amount_raw, Waiver policy information URL, Other fees information URL, servicios_preservacion, Preservation Service: national library, Preservation information URL, Deposit policy directory, URL for deposit policy, Continues, Continued By, titulo_normalizado_doaj_dup, titulo_normalizado_facts_dup, titulo_normalizado_openapc_dup, apc_metodo_imputacion"
0120-4165,Controversia,controversia,CO,Ciencias Sociales,812,imputado,870.05,2289.61,True,False,"apc_monto, apc_moneda","issn_electronic, issn_linking, codigo_dane, institucion_editora_2, institucion_editora_3, rank, sourceid, tipo_publicacion, titulo_normalizado_scimago_dup, open_access, sjr_score, cuartil_sjr, h_index, total_docs, total_docs_3y, total_refs, total_citas_3y, docs_citables_3y, citas_por_doc_2y, refs_por_doc, pct_female, overton, cobertura, categorias, areas, titulo_alternativo, atributos_licencia, cc_legible_maquina, apc_amount_raw, Waiver policy information URL, Other fees information URL, servicios_preservacion, Preservation Service: national library, Preservation information URL, Deposit policy directory, URL for deposit policy, Continues, Continued By, apc_monto_original, apc_moneda_original, tasa_usd_utilizada, apc_monto, apc_moneda, titulo_normalizado_facts_dup, is_hybrid, titulo_normalizado_openapc_dup, contraste_publindex_cuartil, ratio_citas_docs, sjr_score_zscore, h_index_zscore, sjr_score_minmax, h_index_minmax"
0121-7593,Revista Educación Y Pedagogía,educacion pedagogia,CO,Ciencias Sociales,813,imputado,872.91,2297.13,True,False,"apc_monto, apc_moneda","issn_electronic, issn_linking, codigo_dane, institucion_editora_2, institucion_editora_3, rank, sourceid, tipo_publicacion, titulo_normalizado_scimago_dup, open_access, sjr_score, cuartil_sjr, h_index, total_docs, total_docs_3y, total_refs, total_citas_3y, docs_citables_3y, citas_por_doc_2y, refs_por_doc, pct_female, overton, cobertura, categorias, areas, titulo_alternativo, Country of other organisation, atributos_licencia, cc_legible_maquina, apc_amount_raw, Waiver policy information URL, servicios_preservacion, Preservation Service: national library, Preservation information URL, Deposit policy directory, URL for deposit policy, identificadores_persistentes, Continues, Continued By, fecha_ultimo_articulo, titulo_normalizado_doaj_dup, apc_monto_original, apc_moneda_original, tasa_usd_utilizada, apc_monto, apc_moneda, titulo_normalizado_facts_dup, is_hybrid, titulo_normalizado_openapc_dup, contraste_publindex_cuartil, ratio_citas_docs, sjr_score_zscore, h_index_zscore, sjr_score_minmax, h_index_minmax"
0120-4173,Revista De La Asociación Colombiana De Ciencias Biológicas,asociacion colombiana ciencias biologicas,CO,Ciencias Naturales,814,observado,2859.92,7526.11,False,False,apc_metodo_imputacion,"issn_linking, institucion_editora_2, institucion_editora_3, titulo_normalizado_scimago_dup, titulo_alternativo, Other organisation, Country of other organisation, atributos_licencia, cc_legible_maquina, apc_amount_raw, Waiver policy information URL, Other fees information URL, servicios_preservacion, Preservation Service: national library, Preservation information URL, Continues, Continued By, titulo_normalizado_doaj_dup, titulo_normalizado_facts_dup, titulo_normalizado_openapc_dup, apc_metodo_imputacion"
0120-2729,Revista Colombiana De Cirugia Plastica Y Reconstructiva,colombiana cirugia plastica reconstructiva,CO,Ciencias Médicas y de la Salud,815,imputado,1295.92,3410.32,True,False,"apc_monto, apc_moneda","issn_electronic, issn_linking, institucion_editora_2, institucion_editora_3, titulo_normalizado_scimago_dup, titulo_alternativo, atributos_licencia, apc_amount_raw, Waiver policy information URL, Other fees information URL, servicios_preservacion, Preservation Service: national library, Preservation information URL, Deposit policy directory, URL for deposit policy, Continues, Continued By, titulo_normalizado_doaj_dup, apc_monto_original, apc_moneda_original, tasa_usd_utilizada, apc_monto, apc_moneda, titulo_normalizado_facts_dup, is_hybrid, titulo_normalizado_openapc_dup"
2011-4990,Ud Y La Geomatica,ud geomatica,CO,Ciencias Naturales,816,declarado,865.0,2276.32,False,False,apc_metodo_imputacion,"issn_electronic, issn_linking, institucion_editora_2, institucion_editora_3, rank, sourceid, tipo_publicacion, titulo_normalizado_scimago_dup, open_access, sjr_score, cuartil_sjr, h_index, total_docs, total_docs_3y, total_refs, total_citas_3y, docs_citables_3y, citas_por_doc_2y, refs_por_doc, pct_female, overton, cobertura, categorias, areas, titulo_alternativo, atributos_licencia, Other fees information URL, Deposit policy directory, URL for deposit policy, Continues, Continued By, titulo_normalizado_doaj_dup, titulo_normalizado_facts_dup, is_hybrid, titulo_normalizado_openapc_dup, apc_metodo_imputacion, contraste_publindex_cuartil, ratio_citas_docs, sjr_score_zscore, h_index_zscore, sjr_score_minmax, h_index_minmax"
0123-0670,Papeles,papeles,CO,Humanidades,817,imputado,632.51,1664.5,True,False,"apc_monto, apc_moneda","issn_electronic, issn_linking, institucion_editora_2, institucion_editora_3, rank, sourceid, tipo_publicacion, titulo_normalizado_scimago_dup, open_access, sjr_score, cuartil_sjr, h_index, total_docs, total_docs_3y, total_refs, total_citas_3y, docs_citables_3y, citas_por_doc_2y, refs_por_doc, pct_female, overton, cobertura, categorias, areas, titulo_alternativo, Other organisation, Country of other organisation, atributos_licencia, apc_amount_raw, Waiver policy information URL, Other fees information URL, servicios_preservacion, Deposit policy directory, URL for deposit policy, Continues, Continued By, apc_monto_original, apc_moneda_original, tasa_usd_utilizada, apc_monto, apc_moneda, titulo_normalizado_facts_dup, is_hybrid, titulo_normalizado_openapc_dup, contraste_publindex_cuartil, ratio_citas_docs, sjr_score_zscore, h_index_zscore, sjr_score_minmax, h_index_minmax"
1692-3375,Umbral Científico,umbral cientifico,CO,Ciencias Naturales,818,imputado,1113.66,2930.68,True,False,"apc_monto, apc_moneda","issn_electronic, issn_linking, institucion_editora_2, institucion_editora_3, rank, sourceid, tipo_publicacion, titulo_normalizado_scimago_dup, open_access, sjr_score, cuartil_sjr, h_index, total_docs, total_docs_3y, total_refs, total_citas_3y, docs_citables_3y, citas_por_doc_2y, refs_por_doc, pct_female, overton, cobertura, categorias, areas, issn_impreso, Country of other organisation, atributos_licencia, cc_legible_maquina, Copyright information URL, apc_amount_raw, Waiver policy information URL, Other fees information URL, servicios_preservacion, Preservation Service: national library, Preservation information URL, Deposit policy directory, URL for deposit policy, identificadores_persistentes, Continues, Continued By, fecha_ultimo_articulo, titulo_normalizado_doaj_dup, apc_monto_original, apc_moneda_original, tasa_usd_utilizada, apc_monto, apc_moneda, titulo_normalizado_facts_dup, is_hybrid, titulo_normalizado_openapc_dup, contraste_publindex_cuartil, ratio_citas_docs, sjr_score_zscore, h_index_zscore, sjr_score_minmax, h_index_minmax"
1692-5114,Revista M,m,CO,Humanidades,819,observado,997.92,2626.11,False,False,apc_metodo_imputacion,"issn_electronic, issn_linking, institucion_editora_2, institucion_editora_3, rank, sourceid, tipo_publicacion, titulo_normalizado_scimago_dup, open_access, sjr_score, cuartil_sjr, h_index, total_docs, total_docs_3y, total_refs, total_citas_3y, docs_citables_3y, citas_por_doc_2y, refs_por_doc, pct_female, overton, cobertura, categorias, areas, issn_impreso, Country of other organisation, atributos_licencia, cc_legible_maquina, apc_amount_raw, Waiver policy information URL, Other fees information URL, servicios_preservacion, Preservation Service: national library, Preservation information URL, Deposit policy directory, URL for deposit policy, Continues, Continued By, titulo_normalizado_doaj_dup, titulo_normalizado_facts_dup, titulo_normalizado_openapc_dup, apc_metodo_imputacion, contraste_publindex_cuartil, ratio_citas_docs, sjr_score_zscore, h_index_zscore, sjr_score_minmax, h_index_minmax"
0123-4250,Revista Medica Sanitas,medica sanitas,CO,Ciencias Médicas y de la Salud,820,declarado,3000.0,7894.74,False,False,apc_metodo_imputacion,"issn_electronic, issn_linking, institucion_editora_2, institucion_editora_3, rank, sourceid, tipo_publicacion, titulo_normalizado_scimago_dup, open_access, sjr_score, cuartil_sjr, h_index, total_docs, total_docs_3y, total_refs, total_citas_3y, docs_citables_3y, citas_por_doc_2y, refs_por_doc, pct_female, overton, cobertura, categorias, areas, titulo_alternativo, Country of other organisation, atributos_licencia, Other fees information URL, Preservation Service: national library, Continues, Continued By, Last Full Review Date, titulo_normalizado_doaj_dup, titulo_normalizado_facts_dup, titulo_normalizado_openapc_dup, apc_metodo_imputacion, contraste_publindex_cuartil, ratio_citas_docs, sjr_score_zscore, h_index_zscore, sjr_score_minmax, h_index_minmax"
0120-3800,Revista Interamericana De Psicología Ocupacional,interamericana psicologia ocupacional,CO,Ciencias Sociales,821,observado,1974.5,5196.05,False,False,apc_metodo_imputacion,"issn_electronic, issn_linking, codigo_dane, institucion_editora_2, institucion_editora_3, rank, sourceid, tipo_publicacion, titulo_normalizado_scimago_dup, open_access, sjr_score, cuartil_sjr, h_index, total_docs, total_docs_3y, total_refs, total_citas_3y, docs_citables_3y, citas_por_doc_2y, refs_por_doc, pct_female, overton, cobertura, categorias, areas, titulo_alternativo, Country of other organisation, atributos_licencia, cc_legible_maquina, Copyright information URL, apc_amount_raw, Waiver policy information URL, servicios_preservacion, Preservation Service: national library, Preservation information URL, Deposit policy directory, URL for deposit policy, identificadores_persistentes, Continues, Continued By, titulo_normalizado_doaj_dup, titulo_normalizado_facts_dup, titulo_normalizado_openapc_dup, apc_metodo_imputacion, contraste_publindex_cuartil, ratio_citas_docs, sjr_score_zscore, h_index_zscore, sjr_score_minmax, h_index_minmax"
0123-2614,Nova Et Vetera,nova et vetera,CO,Ciencias Sociales,822,observado,2890.36,7606.21,False,False,apc_metodo_imputacion,"issn_electronic, issn_linking, institucion_editora_2, institucion_editora_3, rank, sourceid, tipo_publicacion, titulo_normalizado_scimago_dup, open_access, sjr_score, cuartil_sjr, h_index, total_docs, total_docs_3y, total_refs, total_citas_3y, docs_citables_3y, citas_por_doc_2y, refs_por_doc, pct_female, overton, cobertura, categorias, areas, titulo_alternativo, Other organisation, Country of other organisation, atributos_licencia, apc_amount_raw, Waiver policy information URL, Other fees information URL, servicios_preservacion, Preservation Service: national library, Preservation information URL, Deposit policy directory, URL for deposit policy, Continues, Continued By, Last Full Review Date, titulo_normalizado_facts_dup, titulo_normalizado_openapc_dup, apc_metodo_imputacion, contraste_publindex_cuartil, ratio_citas_docs, sjr_score_zscore, h_index_zscore, sjr_score_minmax, h_index_minmax"
0120-3045,Maguaré,maguare,CO,Ciencias Sociales,823,imputado,884.35,2327.24,True,False,"apc_monto, apc_moneda","issn_electronic, issn_linking, institucion_editora_2, institucion_editora_3, rank, sourceid, tipo_publicacion, titulo_normalizado_scimago_dup, open_access, sjr_score, cuartil_sjr, h_index, total_docs, total_docs_3y, total_refs, total_citas_3y, docs_citables_3y, citas_por_doc_2y, refs_por_doc, pct_female, overton, cobertura, categorias, areas, titulo_alternativo, Other organisation, Country of other organisation, atributos_licencia, apc_amount_raw, Waiver policy information URL, Other fees information URL, servicios_preservacion, Preservation Service: national library, Preservation information URL, Continues, Continued By, apc_monto_original, apc_moneda_original, tasa_usd_utilizada, apc_monto, apc_moneda, titulo_normalizado_facts_dup, is_hybrid, titulo_normalizado_openapc_dup, contraste_publindex_cuartil, ratio_citas_docs, sjr_score_zscore, h_index_zscore, sjr_score_minmax, h_index_minmax"
2027-3029,Rostros & Rastros,rostros rastros,CO,Ciencias Sociales,824,imputado,883.28,2324.42,True,False,"apc_monto, apc_moneda","issn_electronic, issn_linking, institucion_editora_2, institucion_editora_3, rank, sourceid, tipo_publicacion, titulo_normalizado_scimago_dup, editorial, open_access, sjr_score, cuartil_sjr, h_index, total_docs, total_docs_3y, total_refs, total_citas_3y, docs_citables_3y, citas_por_doc_2y, refs_por_doc, pct_female, overton, cobertura, categorias, areas, url_revista, url, When did the journal start to publish all content using an open license?, titulo_alternativo, issn_impreso, issn_electronico, palabras_clave, idiomas, pais_editorial, Other organisation, Country of other organisation, licencia, atributos_licencia, URL for license terms, cc_legible_maquina, autor_retiene_copyright, Copyright information URL, tipo_revision, Review process information URL, politica_plagio, URL for journal's aims & scope, URL for the Editorial Board page, URL for journal's instructions for authors, semanas_submission_publicacion, tiene_apc, APC information URL, apc_amount_raw, politica_exencion, Waiver policy information URL, tiene_otros_cobros, Other fees information URL, servicios_preservacion, Preservation Service: national library, Preservation information URL, Deposit policy directory, URL for deposit policy, identificadores_persistentes, cumple_oa, Continues, Continued By, codigos_lcc, subscribe_to_open, Mirror Journal, Open Journals Collective, materias, fecha_incorporacion, fecha_actualizacion, Last Full Review Date, num_articulos, fecha_ultimo_articulo, titulo_normalizado_doaj_dup, apc_monto_original, apc_moneda_original, tasa_usd_utilizada, apc_conversion_estado, apc_monto, apc_moneda, titulo_normalizado_facts_dup, is_hybrid, titulo_normalizado_openapc_dup, contraste_publindex_cuartil, semanas_pub, editorial_rapida, ratio_citas_docs, sjr_score_zscore, h_index_zscore, semanas_pub_zscore, sjr_score_minmax, h_index_minmax, semanas_pub_minmax"
1909-8642,Ciencia Y Tecnología De Buques /Ship Science And Technology,ciencia tecnologia buques ship science technology,CO,Ingeniería y Tecnología,825,observado,1935.31,5092.92,False,False,apc_metodo_imputacion,"issn_electronic, issn_linking, institucion_editora_2, institucion_editora_3, titulo_normalizado_scimago_dup, titulo_alternativo, Other organisation, Country of other organisation, atributos_licencia, apc_amount_raw, Waiver policy information URL, Other fees information URL, Preservation Service: national library, Deposit policy directory, URL for deposit policy, Continues, Continued By, Last Full Review Date, fecha_ultimo_articulo, titulo_normalizado_facts_dup, titulo_normalizado_openapc_dup, apc_metodo_imputacion"
1909-230X,Ciencia Política,ciencia politica,CO,Ciencias Sociales,826,observado,2638.47,6943.34,False,False,apc_metodo_imputacion,"issn_electronic, issn_linking, institucion_editora_2, institucion_editora_3, titulo_normalizado_scimago_dup, Other organisation, Country of other organisation, atributos_licencia, cc_legible_maquina, apc_amount_raw, Waiver policy information URL, Other fees information URL, Preservation Service: national library, Deposit policy directory, URL for deposit policy, Continues, Continued By, titulo_normalizado_facts_dup, titulo_normalizado_openapc_dup, apc_metodo_imputacion"
2027-0658,Derrotero,derrotero,CO,Ingeniería y Tecnología,827,imputado,1003.07,2639.66,True,False,"apc_monto, apc_moneda","issn_electronic, issn_linking, institucion_editora_2, institucion_editora_3, rank, sourceid, tipo_publicacion, titulo_normalizado_scimago_dup, open_access, sjr_score, cuartil_sjr, h_index, total_docs, total_docs_3y, total_refs, total_citas_3y, docs_citables_3y, citas_por_doc_2y, refs_por_doc, pct_female, overton, cobertura, categorias, areas, Other organisation, Country of other organisation, atributos_licencia, apc_amount_raw, Waiver policy information URL, Other fees information URL, servicios_preservacion, Preservation Service: national library, Preservation information URL, Deposit policy directory, URL for deposit policy, identificadores_persistentes, Continues, Continued By, apc_monto_original, apc_moneda_original, tasa_usd_utilizada, apc_monto, apc_moneda, titulo_normalizado_facts_dup, is_hybrid, titulo_normalizado_openapc_dup, contraste_publindex_cuartil, ratio_citas_docs, sjr_score_zscore, h_index_zscore, sjr_score_minmax, h_index_minmax"
0120-095X,Revista Uis Humanidades,uis humanidades,CO,Humanidades,828,observado,2827.44,7440.63,False,False,apc_metodo_imputacion,"issn_electronic, issn_linking, codigo_dane, institucion_editora_2, institucion_editora_3, rank, sourceid, tipo_publicacion, titulo_normalizado_scimago_dup, open_access, sjr_score, cuartil_sjr, h_index, total_docs, total_docs_3y, total_refs, total_citas_3y, docs_citables_3y, citas_por_doc_2y, refs_por_doc, pct_female, overton, cobertura, categorias, areas, Country of other organisation, atributos_licencia, cc_legible_maquina, apc_amount_raw, Waiver policy information URL, Preservation Service: national library, Deposit policy directory, URL for deposit policy, Continues, Continued By, titulo_normalizado_doaj_dup, titulo_normalizado_facts_dup, titulo_normalizado_openapc_dup, apc_metodo_imputacion, contraste_publindex_cuartil, ratio_citas_docs, sjr_score_zscore, h_index_zscore, sjr_score_minmax, h_index_minmax"
1900-0448,Iusta,iusta,CO,Ciencias Sociales,829,imputado,872.91,2297.13,True,False,"apc_monto, apc_moneda","issn_electronic, issn_linking, institucion_editora_2, institucion_editora_3, rank, sourceid, tipo_publicacion, titulo_normalizado_scimago_dup, open_access, sjr_score, cuartil_sjr, h_index, total_docs, total_docs_3y, total_refs, total_citas_3y, docs_citables_3y, citas_por_doc_2y, refs_por_doc, pct_female, overton, cobertura, categorias, areas, titulo_alternativo, Country of other organisation, atributos_licencia, cc_legible_maquina, Copyright information URL, apc_amount_raw, Waiver policy information URL, servicios_preservacion, Preservation Service: national library, Preservation information URL, Deposit policy directory, URL for deposit policy, Continues, Continued By, apc_monto_original, apc_moneda_original, tasa_usd_utilizada, apc_monto, apc_moneda, titulo_normalizado_facts_dup, is_hybrid, titulo_normalizado_openapc_dup, contraste_publindex_cuartil, ratio_citas_docs, sjr_score_zscore, h_index_zscore, sjr_score_minmax, h_index_minmax"
2027-1433,Gestión & Sociedad,gestion sociedad,CO,Ciencias Naturales,830,observado,2156.34,5674.58,False,False,apc_metodo_imputacion,"issn_electronic, issn_linking, institucion_editora_2, institucion_editora_3, rank, sourceid, tipo_publicacion, titulo_normalizado_scimago_dup, open_access, sjr_score, cuartil_sjr, h_index, total_docs, total_docs_3y, total_refs, total_citas_3y, docs_citables_3y, citas_por_doc_2y, refs_por_doc, pct_female, overton, cobertura, categorias, areas, issn_impreso, Other organisation, Country of other organisation, atributos_licencia, apc_amount_raw, Waiver policy information URL, Other fees information URL, servicios_preservacion, Preservation Service: national library, Preservation information URL, Deposit policy directory, URL for deposit policy, Continues, Continued By, titulo_normalizado_doaj_dup, titulo_normalizado_facts_dup, titulo_normalizado_openapc_dup, apc_metodo_imputacion, contraste_publindex_cuartil, ratio_citas_docs, sjr_score_zscore, h_index_zscore, sjr_score_minmax, h_index_minmax"
0123-0999,Pensamiento Y Cultura,pensamiento cultura,CO,Humanidades,831,imputado,632.86,1665.42,True,False,"apc_monto, apc_moneda","issn_electronic, issn_linking, institucion_editora_2, institucion_editora_3, rank, sourceid, tipo_publicacion, titulo_normalizado_scimago_dup, open_access, sjr_score, cuartil_sjr, h_index, total_docs, total_docs_3y, total_refs, total_citas_3y, docs_citables_3y, citas_por_doc_2y, refs_por_doc, pct_female, overton, cobertura, categorias, areas, issn_impreso, atributos_licencia, cc_legible_maquina, apc_amount_raw, Waiver policy information URL, Other fees information URL, servicios_preservacion, Preservation Service: national library, Preservation information URL, Deposit policy directory, URL for deposit policy, Continues, Continued By, fecha_ultimo_articulo, titulo_normalizado_doaj_dup, apc_monto_original, apc_moneda_original, tasa_usd_utilizada, apc_monto, apc_moneda, titulo_normalizado_facts_dup, is_hybrid, titulo_normalizado_openapc_dup, contraste_publindex_cuartil, ratio_citas_docs, sjr_score_zscore, h_index_zscore, sjr_score_minmax, h_index_minmax"
1900-9909,Nexus,nexus,CO,Ciencias Sociales,832,observado,1053.0,2771.05,False,False,apc_metodo_imputacion,"issn_electronic, issn_linking, institucion_editora_2, institucion_editora_3, rank, sourceid, tipo_publicacion, titulo_normalizado_scimago_dup, open_access, sjr_score, cuartil_sjr, h_index, total_docs, total_docs_3y, total_refs, total_citas_3y, docs_citables_3y, citas_por_doc_2y, refs_por_doc, pct_female, overton, cobertura, categorias, areas, issn_impreso, Other organisation, Country of other organisation, atributos_licencia, cc_legible_maquina, apc_amount_raw, Waiver policy information URL, Other fees information URL, servicios_preservacion, Preservation Service: national library, Preservation information URL, Deposit policy directory, URL for deposit policy, Continues, Continued By, Last Full Review Date, fecha_ultimo_articulo, titulo_normalizado_doaj_dup, titulo_normalizado_facts_dup, titulo_normalizado_openapc_dup, apc_metodo_imputacion, contraste_publindex_cuartil, ratio_citas_docs, sjr_score_zscore, h_index_zscore, sjr_score_minmax, h_index_minmax"
2811-3854,Soluciones De Postgrados Eia,soluciones postgrados eia,CO,Ciencias Sociales,833,imputado,883.28,2324.42,True,False,"apc_monto, apc_moneda","issn_electronic, issn_linking, institucion_editora_2, institucion_editora_3, id_revista_publindex, rank, sourceid, tipo_publicacion, titulo_normalizado_scimago_dup, editorial, open_access, sjr_score, cuartil_sjr, h_index, total_docs, total_docs_3y, total_refs, total_citas_3y, docs_citables_3y, citas_por_doc_2y, refs_por_doc, pct_female, overton, cobertura, categorias, areas, url_revista, url, When did the journal start to publish all content using an open license?, titulo_alternativo, issn_impreso, issn_electronico, palabras_clave, idiomas, pais_editorial, Other organisation, Country of other organisation, licencia, atributos_licencia, URL for license terms, cc_legible_maquina, autor_retiene_copyright, Copyright information URL, tipo_revision, Review process information URL, politica_plagio, URL for journal's aims & scope, URL for the Editorial Board page, URL for journal's instructions for authors, semanas_submission_publicacion, tiene_apc, APC information URL, apc_amount_raw, politica_exencion, Waiver policy information URL, tiene_otros_cobros, Other fees information URL, servicios_preservacion, Preservation Service: national library, Preservation information URL, Deposit policy directory, URL for deposit policy, identificadores_persistentes, cumple_oa, Continues, Continued By, codigos_lcc, subscribe_to_open, Mirror Journal, Open Journals Collective, materias, fecha_incorporacion, fecha_actualizacion, Last Full Review Date, num_articulos, fecha_ultimo_articulo, titulo_normalizado_doaj_dup, apc_monto_original, apc_moneda_original, tasa_usd_utilizada, apc_conversion_estado, apc_monto, apc_moneda, titulo_normalizado_facts_dup, is_hybrid, titulo_normalizado_openapc_dup, contraste_publindex_cuartil, semanas_pub, editorial_rapida, ratio_citas_docs, sjr_score_zscore, h_index_zscore, semanas_pub_zscore, sjr_score_minmax, h_index_minmax, semanas_pub_minmax"
2145-8987,"Perífrasis. Revista De Literatura, Teoría Y Crítica",perifrasis literatura teoria critica,CO,Humanidades,834,imputado,634.29,1669.18,True,False,"apc_monto, apc_moneda","issn_linking, institucion_editora_2, institucion_editora_3, titulo_alternativo, Other organisation, Country of other organisation, atributos_licencia, cc_legible_maquina, apc_amount_raw, Waiver policy information URL, Other fees information URL, servicios_preservacion, Preservation Service: national library, Preservation information URL, Deposit policy directory, URL for deposit policy, Continues, Continued By, apc_monto_original, apc_moneda_original, tasa_usd_utilizada, apc_monto, apc_moneda, titulo_normalizado_facts_dup, is_hybrid, titulo_normalizado_openapc_dup"
0122-0799,Revista Instituto Colombiano De Derecho Tributario - Icdt,instituto colombiano derecho tributario icdt,CO,Ciencias Sociales,835,imputado,889.72,2341.37,True,False,"apc_monto, apc_moneda","issn_linking, institucion_editora_2, institucion_editora_3, titulo_normalizado_scimago_dup, issn_impreso, Other organisation, Country of other organisation, atributos_licencia, apc_amount_raw, Waiver policy information URL, Other fees information URL, servicios_preservacion, Preservation Service: national library, Preservation information URL, Deposit policy directory, URL for deposit policy, Continues, Continued By, titulo_normalizado_doaj_dup, apc_monto_original, apc_moneda_original, tasa_usd_utilizada, apc_monto, apc_moneda, titulo_normalizado_facts_dup, is_hybrid, titulo_normalizado_openapc_dup"
0120-0445,Revista De La Sociedad Colombiana De Psicoanálisis,sociedad colombiana psicoanalisis,CO,Ciencias Sociales,836,imputado,893.81,2352.13,True,False,"apc_monto, apc_moneda","issn_electronic, issn_linking, institucion_editora_2, institucion_editora_3, titulo_normalizado_scimago_dup, issn_impreso, Country of other organisation, atributos_licencia, cc_legible_maquina, apc_amount_raw, Waiver policy information URL, servicios_preservacion, Preservation Service: national library, Preservation information URL, URL for deposit policy, Continues, Continued By, fecha_ultimo_articulo, titulo_normalizado_doaj_dup, apc_monto_original, apc_moneda_original, tasa_usd_utilizada, apc_monto, apc_moneda, titulo_normalizado_facts_dup, is_hybrid, titulo_normalizado_openapc_dup"
2011-074X,Revista S,s,CO,Ciencias Sociales,837,observado,1100.84,2896.95,False,False,apc_metodo_imputacion,"issn_electronic, issn_linking, codigo_dane, institucion_editora_2, institucion_editora_3, rank, sourceid, tipo_publicacion, titulo_normalizado_scimago_dup, open_access, sjr_score, cuartil_sjr, h_index, total_docs, total_docs_3y, total_refs, total_citas_3y, docs_citables_3y, citas_por_doc_2y, refs_por_doc, pct_female, overton, cobertura, categorias, areas, titulo_alternativo, issn_impreso, Country of other organisation, atributos_licencia, cc_legible_maquina, Copyright information URL, apc_amount_raw, Waiver policy information URL, Other fees information URL, servicios_preservacion, Preservation Service: national library, Preservation information URL, Deposit policy directory, URL for deposit policy, identificadores_persistentes, Continues, Continued By, titulo_normalizado_doaj_dup, titulo_normalizado_facts_dup, titulo_normalizado_openapc_dup, apc_metodo_imputacion, contraste_publindex_cuartil, ratio_citas_docs, sjr_score_zscore, h_index_zscore, sjr_score_minmax, h_index_minmax"
1657-6985,Ingeniería Y Región,ingenieria region,CO,Ingeniería y Tecnología,838,imputado,1003.43,2640.61,True,False,"apc_monto, apc_moneda","issn_electronic, issn_linking, institucion_editora_2, institucion_editora_3, rank, sourceid, tipo_publicacion, titulo_normalizado_scimago_dup, open_access, sjr_score, cuartil_sjr, h_index, total_docs, total_docs_3y, total_refs, total_citas_3y, docs_citables_3y, citas_por_doc_2y, refs_por_doc, pct_female, overton, cobertura, categorias, areas, titulo_alternativo, issn_impreso, atributos_licencia, apc_amount_raw, Waiver policy information URL, Other fees information URL, Preservation Service: national library, Continues, Continued By, titulo_normalizado_doaj_dup, apc_monto_original, apc_moneda_original, tasa_usd_utilizada, apc_monto, apc_moneda, titulo_normalizado_facts_dup, is_hybrid, titulo_normalizado_openapc_dup, contraste_publindex_cuartil, ratio_citas_docs, sjr_score_zscore, h_index_zscore, sjr_score_minmax, h_index_minmax"
1657-2831,Revista Colombiana De Computación,colombiana computacion,CO,Ingeniería y Tecnología,839,imputado,1022.9,2691.84,True,False,"apc_monto, apc_moneda","issn_linking, institucion_editora_2, institucion_editora_3, titulo_alternativo, Country of other organisation, atributos_licencia, cc_legible_maquina, Copyright information URL, apc_amount_raw, Waiver policy information URL, servicios_preservacion, Preservation Service: national library, Preservation information URL, Deposit policy directory, URL for deposit policy, identificadores_persistentes, Continues, Continued By, apc_monto_original, apc_moneda_original, tasa_usd_utilizada, apc_monto, apc_moneda, titulo_normalizado_facts_dup, is_hybrid, titulo_normalizado_openapc_dup"
2011-7213,Pensamiento Y Poder,pensamiento poder,CO,Ciencias Sociales,840,imputado,872.19,2295.24,True,False,"apc_monto, apc_moneda","issn_electronic, issn_linking, codigo_dane, institucion_editora_2, institucion_editora_3, rank, sourceid, tipo_publicacion, titulo_normalizado_scimago_dup, open_access, sjr_score, cuartil_sjr, h_index, total_docs, total_docs_3y, total_refs, total_citas_3y, docs_citables_3y, citas_por_doc_2y, refs_por_doc, pct_female, overton, cobertura, categorias, areas, titulo_alternativo, Other organisation, Country of other organisation, atributos_licencia, apc_amount_raw, Waiver policy information URL, Other fees information URL, Preservation Service: national library, Continues, Continued By, titulo_normalizado_doaj_dup, apc_monto_original, apc_moneda_original, tasa_usd_utilizada, apc_monto, apc_moneda, titulo_normalizado_facts_dup, is_hybrid, titulo_normalizado_openapc_dup, contraste_publindex_cuartil, ratio_citas_docs, sjr_score_zscore, h_index_zscore, sjr_score_minmax, h_index_minmax"
2146-5147,Desarrollo Gerencial. Revista De La Facultad De Ciencias Económicas Administrativas Y Contables.,desarrollo gerencial facultad ciencias economicas administrativas contables,CO,Ciencias Sociales,841,imputado,881.49,2319.71,True,False,"apc_monto, apc_moneda","issn_electronic, issn_linking, institucion_editora_2, institucion_editora_3, id_revista_publindex, titulo_normalizado_scimago_dup, titulo_alternativo, Country of other organisation, atributos_licencia, cc_legible_maquina, apc_amount_raw, Waiver policy information URL, Other fees information URL, servicios_preservacion, Preservation Service: national library, Preservation information URL, Deposit policy directory, URL for deposit policy, Continues, Continued By, titulo_normalizado_doaj_dup, apc_monto_original, apc_moneda_original, tasa_usd_utilizada, apc_monto, apc_moneda, titulo_normalizado_facts_dup, is_hybrid, titulo_normalizado_openapc_dup"
1657-6276,Pensamiento & Gestión,pensamiento gestion,CO,Ciencias Sociales,842,imputado,872.19,2295.24,True,False,"apc_monto, apc_moneda","issn_electronic, issn_linking, institucion_editora_2, institucion_editora_3, rank, sourceid, tipo_publicacion, titulo_normalizado_scimago_dup, open_access, sjr_score, cuartil_sjr, h_index, total_docs, total_docs_3y, total_refs, total_citas_3y, docs_citables_3y, citas_por_doc_2y, refs_por_doc, pct_female, overton, cobertura, categorias, areas, titulo_alternativo, Other organisation, Country of other organisation, atributos_licencia, apc_amount_raw, Waiver policy information URL, Other fees information URL, Preservation Service: national library, Continues, Continued By, titulo_normalizado_doaj_dup, apc_monto_original, apc_moneda_original, tasa_usd_utilizada, apc_monto, apc_moneda, titulo_normalizado_facts_dup, is_hybrid, titulo_normalizado_openapc_dup, contraste_publindex_cuartil, ratio_citas_docs, sjr_score_zscore, h_index_zscore, sjr_score_minmax, h_index_minmax"
2027-7458,Analecta Política,analecta politica,CO,Ciencias Sociales,843,observado,2638.47,6943.34,False,False,apc_metodo_imputacion,"issn_electronic, issn_linking, institucion_editora_2, institucion_editora_3, titulo_normalizado_scimago_dup, titulo_alternativo, Other organisation, Country of other organisation, atributos_licencia, apc_amount_raw, Waiver policy information URL, Other fees information URL, servicios_preservacion, Preservation Service: national library, Preservation information URL, Deposit policy directory, URL for deposit policy, identificadores_persistentes, Continues, Continued By, fecha_ultimo_articulo, titulo_normalizado_facts_dup, titulo_normalizado_openapc_dup, apc_metodo_imputacion"
0121-0483,Derecho Penal Y Criminología,derecho penal criminologia,CO,Ciencias Sociales,844,imputado,889.72,2341.37,True,False,"apc_monto, apc_moneda","issn_linking, institucion_editora_2, institucion_editora_3, titulo_normalizado_scimago_dup, Country of other organisation, atributos_licencia, cc_legible_maquina, apc_amount_raw, Waiver policy information URL, servicios_preservacion, Preservation Service: national library, Preservation information URL, URL for deposit policy, Continues, Continued By, apc_monto_original, apc_moneda_original, tasa_usd_utilizada, apc_monto, apc_moneda, titulo_normalizado_facts_dup, is_hybrid, titulo_normalizado_openapc_dup"
0072-0992,Geología Colombiana,geologia colombiana,CO,Ciencias Naturales,845,declarado,162.0,426.32,False,False,apc_metodo_imputacion,"issn_electronic, issn_linking, institucion_editora_2, institucion_editora_3, titulo_normalizado_scimago_dup, issn_impreso, atributos_licencia, Waiver policy information URL, Preservation Service: national library, Deposit policy directory, URL for deposit policy, Continues, Continued By, titulo_normalizado_doaj_dup, titulo_normalizado_facts_dup, is_hybrid, titulo_normalizado_openapc_dup, apc_metodo_imputacion"
0120-0453,Revista Sociedad Colombiana De Oftalmología,sociedad colombiana oftalmologia,CO,Ciencias Médicas y de la Salud,846,imputado,1293.77,3404.66,True,False,"apc_monto, apc_moneda","issn_linking, institucion_editora_2, institucion_editora_3, titulo_normalizado_scimago_dup, titulo_alternativo, Other organisation, Country of other organisation, atributos_licencia, apc_amount_raw, Waiver policy information URL, Other fees information URL, servicios_preservacion, Preservation Service: national library, Preservation information URL, Deposit policy directory, URL for deposit policy, Continues, Continued By, fecha_ultimo_articulo, titulo_normalizado_doaj_dup, apc_monto_original, apc_moneda_original, tasa_usd_utilizada, apc_monto, apc_moneda, titulo_normalizado_facts_dup, is_hybrid, titulo_normalizado_openapc_dup"
0123-9678,Ventana Informática,ventana informatica,CO,Ciencias Naturales,847,observado,2851.2,7503.16,False,False,apc_metodo_imputacion,"issn_electronic, issn_linking, institucion_editora_2, institucion_editora_3, rank, sourceid, tipo_publicacion, titulo_normalizado_scimago_dup, open_access, sjr_score, cuartil_sjr, h_index, total_docs, total_docs_3y, total_refs, total_citas_3y, docs_citables_3y, citas_por_doc_2y, refs_por_doc, pct_female, overton, cobertura, categorias, areas, titulo_alternativo, Country of other organisation, atributos_licencia, apc_amount_raw, Waiver policy information URL, Other fees information URL, servicios_preservacion, Preservation Service: national library, Preservation information URL, Deposit policy directory, URL for deposit policy, Continues, Continued By, titulo_normalizado_doaj_dup, titulo_normalizado_facts_dup, titulo_normalizado_openapc_dup, apc_metodo_imputacion, contraste_publindex_cuartil, ratio_citas_docs, sjr_score_zscore, h_index_zscore, sjr_score_minmax, h_index_minmax"
0121-7372,Repertorio De Medicina Y Cirugía,repertorio medicina cirugia,CO,Ciencias Médicas y de la Salud,848,observado,1564.49,4117.08,False,False,apc_metodo_imputacion,"issn_linking, institucion_editora_2, institucion_editora_3, titulo_normalizado_scimago_dup, titulo_alternativo, Country of other organisation, atributos_licencia, apc_amount_raw, Waiver policy information URL, Other fees information URL, servicios_preservacion, Preservation Service: national library, Preservation information URL, Deposit policy directory, URL for deposit policy, Continues, Continued By, titulo_normalizado_facts_dup, titulo_normalizado_openapc_dup, apc_metodo_imputacion"
2011-4540,Nuevo Derecho,nuevo derecho,CO,Ciencias Sociales,849,imputado,870.05,2289.61,True,False,"apc_monto, apc_moneda","issn_linking, institucion_editora_2, institucion_editora_3, titulo_alternativo, Other organisation, atributos_licencia, cc_legible_maquina, apc_amount_raw, Waiver policy information URL, Other fees information URL, servicios_preservacion, Preservation Service: national library, Preservation information URL, Deposit policy directory, URL for deposit policy, Continues, Continued By, apc_monto_original, apc_moneda_original, tasa_usd_utilizada, apc_monto, apc_moneda, titulo_normalizado_facts_dup, is_hybrid, titulo_normalizado_openapc_dup"
0124-7905,Entornos,entornos,CO,Ciencias Sociales,850,imputado,883.28,2324.42,True,False,"apc_monto, apc_moneda","issn_electronic, issn_linking, institucion_editora_2, institucion_editora_3, rank, sourceid, tipo_publicacion, titulo_normalizado_scimago_dup, editorial, open_access, sjr_score, cuartil_sjr, h_index, total_docs, total_docs_3y, total_refs, total_citas_3y, docs_citables_3y, citas_por_doc_2y, refs_por_doc, pct_female, overton, cobertura, categorias, areas, url_revista, url, When did the journal start to publish all content using an open license?, titulo_alternativo, issn_impreso, issn_electronico, palabras_clave, idiomas, pais_editorial, Other organisation, Country of other organisation, licencia, atributos_licencia, URL for license terms, cc_legible_maquina, autor_retiene_copyright, Copyright information URL, tipo_revision, Review process information URL, politica_plagio, URL for journal's aims & scope, URL for the Editorial Board page, URL for journal's instructions for authors, semanas_submission_publicacion, tiene_apc, APC information URL, apc_amount_raw, politica_exencion, Waiver policy information URL, tiene_otros_cobros, Other fees information URL, servicios_preservacion, Preservation Service: national library, Preservation information URL, Deposit policy directory, URL for deposit policy, identificadores_persistentes, cumple_oa, Continues, Continued By, codigos_lcc, subscribe_to_open, Mirror Journal, Open Journals Collective, materias, fecha_incorporacion, fecha_actualizacion, Last Full Review Date, num_articulos, fecha_ultimo_articulo, titulo_normalizado_doaj_dup, apc_monto_original, apc_moneda_original, tasa_usd_utilizada, apc_conversion_estado, apc_monto, apc_moneda, titulo_normalizado_facts_dup, is_hybrid, titulo_normalizado_openapc_dup, contraste_publindex_cuartil, semanas_pub, editorial_rapida, ratio_citas_docs, sjr_score_zscore, h_index_zscore, semanas_pub_zscore, sjr_score_minmax, h_index_minmax, semanas_pub_minmax"
2145-7735,Revista Colombiana De Investigacion En Odontologia,colombiana investigacion odontologia,CO,Ciencias Médicas y de la Salud,851,imputado,1295.92,3410.32,True,False,"apc_monto, apc_moneda","issn_electronic, issn_linking, codigo_dane, institucion_editora_2, institucion_editora_3, titulo_normalizado_scimago_dup, Other organisation, Country of other organisation, atributos_licencia, apc_amount_raw, Waiver policy information URL, Other fees information URL, servicios_preservacion, Preservation Service: national library, Preservation information URL, Deposit policy directory, URL for deposit policy, Continues, Continued By, fecha_ultimo_articulo, titulo_normalizado_doaj_dup, apc_monto_original, apc_moneda_original, tasa_usd_utilizada, apc_monto, apc_moneda, titulo_normalizado_facts_dup, is_hybrid, titulo_normalizado_openapc_dup"
0123-1022,Folios,folios,CO,Ciencias Sociales,852,imputado,883.28,2324.42,True,False,"apc_monto, apc_moneda","issn_electronic, issn_linking, codigo_dane, institucion_editora_2, institucion_editora_3, rank, sourceid, tipo_publicacion, titulo_normalizado_scimago_dup, editorial, open_access, sjr_score, cuartil_sjr, h_index, total_docs, total_docs_3y, total_refs, total_citas_3y, docs_citables_3y, citas_por_doc_2y, refs_por_doc, pct_female, overton, cobertura, categorias, areas, url_revista, url, When did the journal start to publish all content using an open license?, titulo_alternativo, issn_impreso, issn_electronico, palabras_clave, idiomas, pais_editorial, Other organisation, Country of other organisation, licencia, atributos_licencia, URL for license terms, cc_legible_maquina, autor_retiene_copyright, Copyright information URL, tipo_revision, Review process information URL, politica_plagio, URL for journal's aims & scope, URL for the Editorial Board page, URL for journal's instructions for authors, semanas_submission_publicacion, tiene_apc, APC information URL, apc_amount_raw, politica_exencion, Waiver policy information URL, tiene_otros_cobros, Other fees information URL, servicios_preservacion, Preservation Service: national library, Preservation information URL, Deposit policy directory, URL for deposit policy, identificadores_persistentes, cumple_oa, Continues, Continued By, codigos_lcc, subscribe_to_open, Mirror Journal, Open Journals Collective, materias, fecha_incorporacion, fecha_actualizacion, Last Full Review Date, num_articulos, fecha_ultimo_articulo, titulo_normalizado_doaj_dup, apc_monto_original, apc_moneda_original, tasa_usd_utilizada, apc_conversion_estado, apc_monto, apc_moneda, titulo_normalizado_facts_dup, is_hybrid, titulo_normalizado_openapc_dup, contraste_publindex_cuartil, semanas_pub, editorial_rapida, ratio_citas_docs, sjr_score_zscore, h_index_zscore, semanas_pub_zscore, sjr_score_minmax, h_index_minmax, semanas_pub_minmax"
1692-9918,Ingenieria De Recursos Naturales Y Del Ambiente,ingenieria recursos naturales ambiente,CO,Ciencias Naturales,853,observado,2518.03,6626.39,False,False,apc_metodo_imputacion,"issn_electronic, issn_linking, codigo_dane, institucion_editora_2, institucion_editora_3, rank, sourceid, tipo_publicacion, titulo_normalizado_scimago_dup, open_access, sjr_score, cuartil_sjr, h_index, total_docs, total_docs_3y, total_refs, total_citas_3y, docs_citables_3y, citas_por_doc_2y, refs_por_doc, pct_female, overton, cobertura, categorias, areas, issn_impreso, Other organisation, Country of other organisation, atributos_licencia, cc_legible_maquina, Copyright information URL, apc_amount_raw, Waiver policy information URL, servicios_preservacion, Preservation Service: national library, URL for deposit policy, Continues, Continued By, titulo_normalizado_doaj_dup, titulo_normalizado_facts_dup, titulo_normalizado_openapc_dup, apc_metodo_imputacion, contraste_publindex_cuartil, ratio_citas_docs, sjr_score_zscore, h_index_zscore, sjr_score_minmax, h_index_minmax"
0122-7017,Enterese,enterese,CO,Ciencias Sociales,854,imputado,872.55,2296.18,True,False,"apc_monto, apc_moneda","issn_electronic, issn_linking, institucion_editora_2, institucion_editora_3, rank, sourceid, tipo_publicacion, titulo_normalizado_scimago_dup, open_access, sjr_score, cuartil_sjr, h_index, total_docs, total_docs_3y, total_refs, total_citas_3y, docs_citables_3y, citas_por_doc_2y, refs_por_doc, pct_female, overton, cobertura, categorias, areas, Country of other organisation, atributos_licencia, apc_amount_raw, Waiver policy information URL, Other fees information URL, servicios_preservacion, Preservation Service: national library, Preservation information URL, Continues, Continued By, titulo_normalizado_doaj_dup, apc_monto_original, apc_moneda_original, tasa_usd_utilizada, apc_monto, apc_moneda, titulo_normalizado_facts_dup, is_hybrid, titulo_normalizado_openapc_dup, contraste_publindex_cuartil, ratio_citas_docs, sjr_score_zscore, h_index_zscore, sjr_score_minmax, h_index_minmax"
2145-6836,Expeditio,expeditio,CO,Ciencias Sociales,855,imputado,883.28,2324.42,True,False,"apc_monto, apc_moneda","issn_electronic, issn_linking, codigo_dane, institucion_editora_2, institucion_editora_3, rank, sourceid, tipo_publicacion, titulo_normalizado_scimago_dup, editorial, open_access, sjr_score, cuartil_sjr, h_index, total_docs, total_docs_3y, total_refs, total_citas_3y, docs_citables_3y, citas_por_doc_2y, refs_por_doc, pct_female, overton, cobertura, categorias, areas, url_revista, url, When did the journal start to publish all content using an open license?, titulo_alternativo, issn_impreso, issn_electronico, palabras_clave, idiomas, pais_editorial, Other organisation, Country of other organisation, licencia, atributos_licencia, URL for license terms, cc_legible_maquina, autor_retiene_copyright, Copyright information URL, tipo_revision, Review process information URL, politica_plagio, URL for journal's aims & scope, URL for the Editorial Board page, URL for journal's instructions for authors, semanas_submission_publicacion, tiene_apc, APC information URL, apc_amount_raw, politica_exencion, Waiver policy information URL, tiene_otros_cobros, Other fees information URL, servicios_preservacion, Preservation Service: national library, Preservation information URL, Deposit policy directory, URL for deposit policy, identificadores_persistentes, cumple_oa, Continues, Continued By, codigos_lcc, subscribe_to_open, Mirror Journal, Open Journals Collective, materias, fecha_incorporacion, fecha_actualizacion, Last Full Review Date, num_articulos, fecha_ultimo_articulo, titulo_normalizado_doaj_dup, apc_monto_original, apc_moneda_original, tasa_usd_utilizada, apc_conversion_estado, apc_monto, apc_moneda, titulo_normalizado_facts_dup, is_hybrid, titulo_normalizado_openapc_dup, contraste_publindex_cuartil, semanas_pub, editorial_rapida, ratio_citas_docs, sjr_score_zscore, h_index_zscore, semanas_pub_zscore, sjr_score_minmax, h_index_minmax, semanas_pub_minmax"
1909-258X,Revista Especializada En Sistemas Informáticos,especializada sistemas informaticos,CO,Ciencias Naturales,856,imputado,1114.37,2932.55,True,False,"apc_monto, apc_moneda","issn_electronic, issn_linking, institucion_editora_2, institucion_editora_3, rank, sourceid, tipo_publicacion, titulo_normalizado_scimago_dup, open_access, sjr_score, cuartil_sjr, h_index, total_docs, total_docs_3y, total_refs, total_citas_3y, docs_citables_3y, citas_por_doc_2y, refs_por_doc, pct_female, overton, cobertura, categorias, areas, titulo_alternativo, Other organisation, Country of other organisation, atributos_licencia, apc_amount_raw, Waiver policy information URL, Other fees information URL, servicios_preservacion, Preservation Service: national library, Preservation information URL, Continues, Continued By, titulo_normalizado_doaj_dup, apc_monto_original, apc_moneda_original, tasa_usd_utilizada, apc_monto, apc_moneda, titulo_normalizado_facts_dup, is_hybrid, titulo_normalizado_openapc_dup, contraste_publindex_cuartil, ratio_citas_docs, sjr_score_zscore, h_index_zscore, sjr_score_minmax, h_index_minmax"
1692-3502,Ensayos. Historia Y Teoría Del Arte,ensayos historia teoria arte,CO,Ciencias Sociales,857,observado,1205.28,3171.79,False,False,apc_metodo_imputacion,"issn_electronic, issn_linking, institucion_editora_2, institucion_editora_3, rank, sourceid, tipo_publicacion, titulo_normalizado_scimago_dup, open_access, sjr_score, cuartil_sjr, h_index, total_docs, total_docs_3y, total_refs, total_citas_3y, docs_citables_3y, citas_por_doc_2y, refs_por_doc, pct_female, overton, cobertura, categorias, areas, titulo_alternativo, Country of other organisation, atributos_licencia, cc_legible_maquina, Copyright information URL, apc_amount_raw, Waiver policy information URL, Other fees information URL, servicios_preservacion, Preservation Service: national library, Preservation information URL, Deposit policy directory, URL for deposit policy, identificadores_persistentes, Continues, Continued By, titulo_normalizado_doaj_dup, titulo_normalizado_facts_dup, titulo_normalizado_openapc_dup, apc_metodo_imputacion, contraste_publindex_cuartil, ratio_citas_docs, sjr_score_zscore, h_index_zscore, sjr_score_minmax, h_index_minmax"
0122-3641,Ingenieria Y Desarrollo,ingenieria desarrollo,CO,Ingeniería y Tecnología,858,imputado,1008.79,2654.71,True,False,"apc_monto, apc_moneda","issn_electronic, issn_linking, institucion_editora_2, institucion_editora_3, id_revista_publindex, rank, sourceid, tipo_publicacion, titulo_normalizado_scimago_dup, open_access, sjr_score, cuartil_sjr, h_index, total_docs, total_docs_3y, total_refs, total_citas_3y, docs_citables_3y, citas_por_doc_2y, refs_por_doc, pct_female, overton, cobertura, categorias, areas, Country of other organisation, atributos_licencia, apc_amount_raw, Waiver policy information URL, Other fees information URL, servicios_preservacion, Preservation Service: national library, Preservation information URL, Deposit policy directory, URL for deposit policy, Continues, Continued By, titulo_normalizado_doaj_dup, apc_monto_original, apc_moneda_original, tasa_usd_utilizada, apc_monto, apc_moneda, titulo_normalizado_facts_dup, is_hybrid, titulo_normalizado_openapc_dup, contraste_publindex_cuartil, ratio_citas_docs, sjr_score_zscore, h_index_zscore, sjr_score_minmax, h_index_minmax"
1794-4732,Ustasalud Oftometria,ustasalud oftometria,CO,Ciencias Médicas y de la Salud,859,imputado,1272.15,3347.76,True,False,"apc_monto, apc_moneda","issn_electronic, issn_linking, institucion_editora_2, institucion_editora_3, rank, sourceid, tipo_publicacion, titulo_normalizado_scimago_dup, open_access, sjr_score, cuartil_sjr, h_index, total_docs, total_docs_3y, total_refs, total_citas_3y, docs_citables_3y, citas_por_doc_2y, refs_por_doc, pct_female, overton, cobertura, categorias, areas, titulo_alternativo, Other organisation, Country of other organisation, cc_legible_maquina, Copyright information URL, apc_amount_raw, Waiver policy information URL, Other fees information URL, Preservation Service: national library, Deposit policy directory, URL for deposit policy, Continues, Continued By, titulo_normalizado_doaj_dup, apc_monto_original, apc_moneda_original, tasa_usd_utilizada, apc_monto, apc_moneda, titulo_normalizado_facts_dup, is_hybrid, titulo_normalizado_openapc_dup, contraste_publindex_cuartil, ratio_citas_docs, sjr_score_zscore, h_index_zscore, sjr_score_minmax, h_index_minmax"
0124-7972,Holística Jurídica,holistica juridica,CO,Ciencias Sociales,860,imputado,870.76,2291.47,True,False,"apc_monto, apc_moneda","issn_electronic, issn_linking, codigo_dane, institucion_editora_2, institucion_editora_3, rank, sourceid, tipo_publicacion, titulo_normalizado_scimago_dup, open_access, sjr_score, cuartil_sjr, h_index, total_docs, total_docs_3y, total_refs, total_citas_3y, docs_citables_3y, citas_por_doc_2y, refs_por_doc, pct_female, overton, cobertura, categorias, areas, titulo_alternativo, atributos_licencia, cc_legible_maquina, apc_amount_raw, Waiver policy information URL, Other fees information URL, servicios_preservacion, Preservation Service: national library, Preservation information URL, Deposit policy directory, URL for deposit policy, Continues, Continued By, fecha_ultimo_articulo, titulo_normalizado_doaj_dup, apc_monto_original, apc_moneda_original, tasa_usd_utilizada, apc_monto, apc_moneda, titulo_normalizado_facts_dup, is_hybrid, titulo_normalizado_openapc_dup, contraste_publindex_cuartil, ratio_citas_docs, sjr_score_zscore, h_index_zscore, sjr_score_minmax, h_index_minmax"
2027-8047,Una Salud Revista Sapuvet De Salud Pública,una salud sapuvet salud publica,CO,Ciencias Médicas y de la Salud,861,observado,2581.2,6792.63,False,False,apc_metodo_imputacion,"issn_electronic, issn_linking, institucion_editora_2, institucion_editora_3, rank, sourceid, tipo_publicacion, titulo_normalizado_scimago_dup, open_access, sjr_score, cuartil_sjr, h_index, total_docs, total_docs_3y, total_refs, total_citas_3y, docs_citables_3y, citas_por_doc_2y, refs_por_doc, pct_female, overton, cobertura, categorias, areas, atributos_licencia, cc_legible_maquina, apc_amount_raw, Waiver policy information URL, Other fees information URL, Preservation Service: national library, Deposit policy directory, URL for deposit policy, Continues, Continued By, titulo_normalizado_doaj_dup, titulo_normalizado_facts_dup, titulo_normalizado_openapc_dup, apc_metodo_imputacion, contraste_publindex_cuartil, ratio_citas_docs, sjr_score_zscore, h_index_zscore, sjr_score_minmax, h_index_minmax"
0123-2592,Dialéctica,dialectica,CO,Ciencias Sociales,862,observado,3065.04,8065.89,False,False,apc_metodo_imputacion,"issn_electronic, issn_linking, institucion_editora_2, institucion_editora_3, rank, sourceid, tipo_publicacion, titulo_normalizado_scimago_dup, open_access, sjr_score, cuartil_sjr, h_index, total_docs, total_docs_3y, total_refs, total_citas_3y, docs_citables_3y, citas_por_doc_2y, refs_por_doc, pct_female, overton, cobertura, categorias, areas, titulo_alternativo, atributos_licencia, cc_legible_maquina, apc_amount_raw, Waiver policy information URL, Other fees information URL, servicios_preservacion, Preservation Service: national library, Preservation information URL, Deposit policy directory, URL for deposit policy, Continues, Continued By, titulo_normalizado_doaj_dup, titulo_normalizado_facts_dup, titulo_normalizado_openapc_dup, apc_metodo_imputacion, contraste_publindex_cuartil, ratio_citas_docs, sjr_score_zscore, h_index_zscore, sjr_score_minmax, h_index_minmax"
1657-7663,Avances En Sistema E Informática,avances sistema informatica,CO,Ciencias Naturales,863,observado,2851.2,7503.16,False,False,apc_metodo_imputacion,"issn_electronic, issn_linking, codigo_dane, institucion_editora_2, institucion_editora_3, rank, sourceid, tipo_publicacion, titulo_normalizado_scimago_dup, open_access, sjr_score, cuartil_sjr, h_index, total_docs, total_docs_3y, total_refs, total_citas_3y, docs_citables_3y, citas_por_doc_2y, refs_por_doc, pct_female, overton, cobertura, categorias, areas, titulo_alternativo, Country of other organisation, atributos_licencia, apc_amount_raw, Waiver policy information URL, Other fees information URL, servicios_preservacion, Preservation Service: national library, Preservation information URL, Deposit policy directory, URL for deposit policy, Continues, Continued By, titulo_normalizado_doaj_dup, titulo_normalizado_facts_dup, titulo_normalizado_openapc_dup, apc_metodo_imputacion, contraste_publindex_cuartil, ratio_citas_docs, sjr_score_zscore, h_index_zscore, sjr_score_minmax, h_index_minmax"
2145-1389,Signos,signos,CO,Ciencias Sociales,864,imputado,872.91,2297.13,True,False,"apc_monto, apc_moneda","issn_electronic, issn_linking, codigo_dane, institucion_editora_2, institucion_editora_3, rank, sourceid, tipo_publicacion, titulo_normalizado_scimago_dup, open_access, sjr_score, cuartil_sjr, h_index, total_docs, total_docs_3y, total_refs, total_citas_3y, docs_citables_3y, citas_por_doc_2y, refs_por_doc, pct_female, overton, cobertura, categorias, areas, Other organisation, Country of other organisation, atributos_licencia, cc_legible_maquina, apc_amount_raw, Waiver policy information URL, Other fees information URL, servicios_preservacion, Preservation Service: national library, Preservation information URL, Continues, Continued By, apc_monto_original, apc_moneda_original, tasa_usd_utilizada, apc_monto, apc_moneda, titulo_normalizado_facts_dup, is_hybrid, titulo_normalizado_openapc_dup, contraste_publindex_cuartil, ratio_citas_docs, sjr_score_zscore, h_index_zscore, sjr_score_minmax, h_index_minmax"
0120-1363,Revista Escritos,escritos,CO,Humanidades,865,imputado,635.72,1672.95,True,False,"apc_monto, apc_moneda","issn_electronic, issn_linking, institucion_editora_2, institucion_editora_3, id_revista_publindex, rank, sourceid, tipo_publicacion, titulo_normalizado_scimago_dup, open_access, sjr_score, cuartil_sjr, h_index, total_docs, total_docs_3y, total_refs, total_citas_3y, docs_citables_3y, citas_por_doc_2y, refs_por_doc, pct_female, overton, cobertura, categorias, areas, titulo_alternativo, atributos_licencia, apc_amount_raw, Waiver policy information URL, Other fees information URL, servicios_preservacion, Preservation Service: national library, Preservation information URL, Deposit policy directory, URL for deposit policy, identificadores_persistentes, Continues, Continued By, fecha_ultimo_articulo, titulo_normalizado_doaj_dup, apc_monto_original, apc_moneda_original, tasa_usd_utilizada, apc_monto, apc_moneda, titulo_normalizado_facts_dup, is_hybrid, titulo_normalizado_openapc_dup, contraste_publindex_cuartil, ratio_citas_docs, sjr_score_zscore, h_index_zscore, sjr_score_minmax, h_index_minmax"
1900-1355,Revista Clepsidra,clepsidra,CO,Ingeniería y Tecnología,866,imputado,1003.07,2639.66,True,False,"apc_monto, apc_moneda","issn_electronic, issn_linking, institucion_editora_2, institucion_editora_3, rank, sourceid, tipo_publicacion, titulo_normalizado_scimago_dup, open_access, sjr_score, cuartil_sjr, h_index, total_docs, total_docs_3y, total_refs, total_citas_3y, docs_citables_3y, citas_por_doc_2y, refs_por_doc, pct_female, overton, cobertura, categorias, areas, issn_impreso, Other organisation, Country of other organisation, atributos_licencia, apc_amount_raw, Waiver policy information URL, Other fees information URL, servicios_preservacion, Preservation Service: national library, Preservation information URL, Deposit policy directory, URL for deposit policy, Continues, Continued By, fecha_ultimo_articulo, titulo_normalizado_doaj_dup, apc_monto_original, apc_moneda_original, tasa_usd_utilizada, apc_monto, apc_moneda, titulo_normalizado_facts_dup, is_hybrid, titulo_normalizado_openapc_dup, contraste_publindex_cuartil, ratio_citas_docs, sjr_score_zscore, h_index_zscore, sjr_score_minmax, h_index_minmax"
1909-9051,Puente Revista Cientifica Universidad Pontificia Bolivariana Seccional Bucaramanga,puente cientifica universidad pontificia bolivariana seccional bucaramanga,CO,Ingeniería y Tecnología,867,imputado,1005.21,2645.29,True,False,"apc_monto, apc_moneda","issn_electronic, issn_linking, institucion_editora_2, institucion_editora_3, id_revista_publindex, rank, sourceid, tipo_publicacion, titulo_normalizado_scimago_dup, open_access, sjr_score, cuartil_sjr, h_index, total_docs, total_docs_3y, total_refs, total_citas_3y, docs_citables_3y, citas_por_doc_2y, refs_por_doc, pct_female, overton, cobertura, categorias, areas, atributos_licencia, apc_amount_raw, Waiver policy information URL, Other fees information URL, Preservation Service: national library, Deposit policy directory, URL for deposit policy, Continues, Continued By, titulo_normalizado_doaj_dup, apc_monto_original, apc_moneda_original, tasa_usd_utilizada, apc_monto, apc_moneda, titulo_normalizado_facts_dup, is_hybrid, titulo_normalizado_openapc_dup, contraste_publindex_cuartil, ratio_citas_docs, sjr_score_zscore, h_index_zscore, sjr_score_minmax, h_index_minmax"
1794-8614,El Artista / The Artist,artista artist,CO,Humanidades,868,imputado,632.51,1664.5,True,False,"apc_monto, apc_moneda","issn_electronic, issn_linking, institucion_editora_2, institucion_editora_3, rank, sourceid, tipo_publicacion, titulo_normalizado_scimago_dup, open_access, sjr_score, cuartil_sjr, h_index, total_docs, total_docs_3y, total_refs, total_citas_3y, docs_citables_3y, citas_por_doc_2y, refs_por_doc, pct_female, overton, cobertura, categorias, areas, titulo_alternativo, issn_impreso, Other organisation, Country of other organisation, atributos_licencia, cc_legible_maquina, apc_amount_raw, Waiver policy information URL, Other fees information URL, Preservation Service: national library, Deposit policy directory, URL for deposit policy, Continues, Continued By, titulo_normalizado_doaj_dup, apc_monto_original, apc_moneda_original, tasa_usd_utilizada, apc_monto, apc_moneda, titulo_normalizado_facts_dup, is_hybrid, titulo_normalizado_openapc_dup, contraste_publindex_cuartil, ratio_citas_docs, sjr_score_zscore, h_index_zscore, sjr_score_minmax, h_index_minmax"
1657-2416,Zona Próxima,zona proxima,CO,Ciencias Sociales,869,imputado,883.28,2324.42,True,False,"apc_monto, apc_moneda","issn_electronic, issn_linking, codigo_dane, institucion_editora_2, institucion_editora_3, id_revista_publindex, rank, sourceid, tipo_publicacion, titulo_normalizado_scimago_dup, editorial, open_access, sjr_score, cuartil_sjr, h_index, total_docs, total_docs_3y, total_refs, total_citas_3y, docs_citables_3y, citas_por_doc_2y, refs_por_doc, pct_female, overton, cobertura, categorias, areas, url_revista, url, When did the journal start to publish all content using an open license?, titulo_alternativo, issn_impreso, issn_electronico, palabras_clave, idiomas, pais_editorial, Other organisation, Country of other organisation, licencia, atributos_licencia, URL for license terms, cc_legible_maquina, autor_retiene_copyright, Copyright information URL, tipo_revision, Review process information URL, politica_plagio, URL for journal's aims & scope, URL for the Editorial Board page, URL for journal's instructions for authors, semanas_submission_publicacion, tiene_apc, APC information URL, apc_amount_raw, politica_exencion, Waiver policy information URL, tiene_otros_cobros, Other fees information URL, servicios_preservacion, Preservation Service: national library, Preservation information URL, Deposit policy directory, URL for deposit policy, identificadores_persistentes, cumple_oa, Continues, Continued By, codigos_lcc, subscribe_to_open, Mirror Journal, Open Journals Collective, materias, fecha_incorporacion, fecha_actualizacion, Last Full Review Date, num_articulos, fecha_ultimo_articulo, titulo_normalizado_doaj_dup, apc_monto_original, apc_moneda_original, tasa_usd_utilizada, apc_conversion_estado, apc_monto, apc_moneda, titulo_normalizado_facts_dup, is_hybrid, titulo_normalizado_openapc_dup, contraste_publindex_cuartil, semanas_pub, editorial_rapida, ratio_citas_docs, sjr_score_zscore, h_index_zscore, semanas_pub_zscore, sjr_score_minmax, h_index_minmax, semanas_pub_minmax"
0122-011X,"Literatura : Teoría, Historia, Crítica",literatura teoria historia critica,CO,Humanidades,870,observado,1205.28,3171.79,False,False,apc_metodo_imputacion,"issn_electronic, issn_linking, institucion_editora_2, institucion_editora_3, id_revista_publindex, rank, sourceid, tipo_publicacion, titulo_normalizado_scimago_dup, open_access, sjr_score, cuartil_sjr, h_index, total_docs, total_docs_3y, total_refs, total_citas_3y, docs_citables_3y, citas_por_doc_2y, refs_por_doc, pct_female, overton, cobertura, categorias, areas, titulo_alternativo, Country of other organisation, atributos_licencia, cc_legible_maquina, Copyright information URL, apc_amount_raw, Waiver policy information URL, Other fees information URL, servicios_preservacion, Preservation Service: national library, Preservation information URL, Deposit policy directory, URL for deposit policy, identificadores_persistentes, Continues, Continued By, titulo_normalizado_doaj_dup, titulo_normalizado_facts_dup, titulo_normalizado_openapc_dup, apc_metodo_imputacion, contraste_publindex_cuartil, ratio_citas_docs, sjr_score_zscore, h_index_zscore, sjr_score_minmax, h_index_minmax"
1692-8857,Eidos,eidos,CO,Humanidades,871,imputado,632.86,1665.42,True,False,"apc_monto, apc_moneda","issn_linking, codigo_dane, institucion_editora_2, institucion_editora_3, Other organisation, Country of other organisation, atributos_licencia, apc_amount_raw, Waiver policy information URL, Other fees information URL, servicios_preservacion, Preservation Service: national library, Preservation information URL, Continues, Continued By, titulo_normalizado_doaj_dup, apc_monto_original, apc_moneda_original, tasa_usd_utilizada, apc_monto, apc_moneda, titulo_normalizado_facts_dup, is_hybrid, titulo_normalizado_openapc_dup"
0121-3261,Investigación & Desarrollo,investigacion desarrollo,CO,Humanidades,872,imputado,643.59,1693.66,True,False,"apc_monto, apc_moneda","issn_electronic, issn_linking, institucion_editora_2, institucion_editora_3, titulo_normalizado_scimago_dup, titulo_alternativo, Other organisation, Country of other organisation, atributos_licencia, cc_legible_maquina, apc_amount_raw, Waiver policy information URL, Other fees information URL, servicios_preservacion, Preservation Service: national library, Preservation information URL, Deposit policy directory, URL for deposit policy, identificadores_persistentes, Continues, Continued By, apc_monto_original, apc_moneda_original, tasa_usd_utilizada, apc_monto, apc_moneda, titulo_normalizado_facts_dup, is_hybrid, titulo_normalizado_openapc_dup"
1900-5121,Tipica: Boletin Electronico De Salud Escolar,tipica electronico salud escolar,CO,Ciencias Médicas y de la Salud,873,declarado,3200.0,8421.05,False,False,apc_metodo_imputacion,"issn_electronic, issn_linking, codigo_dane, institucion_editora_2, institucion_editora_3, rank, sourceid, tipo_publicacion, titulo_normalizado_scimago_dup, open_access, sjr_score, cuartil_sjr, h_index, total_docs, total_docs_3y, total_refs, total_citas_3y, docs_citables_3y, citas_por_doc_2y, refs_por_doc, pct_female, overton, cobertura, categorias, areas, titulo_alternativo, Other organisation, Country of other organisation, atributos_licencia, Other fees information URL, Preservation Service: national library, Continues, Continued By, titulo_normalizado_doaj_dup, titulo_normalizado_facts_dup, is_hybrid, titulo_normalizado_openapc_dup, apc_metodo_imputacion, contraste_publindex_cuartil, ratio_citas_docs, sjr_score_zscore, h_index_zscore, sjr_score_minmax, h_index_minmax"
0123-4676,Fronteras De La Historia,fronteras historia,CO,Humanidades,874,observado,1205.28,3171.79,False,False,apc_metodo_imputacion,"issn_electronic, issn_linking, codigo_dane, institucion_editora_2, institucion_editora_3, titulo_normalizado_scimago_dup, titulo_alternativo, Country of other organisation, atributos_licencia, cc_legible_maquina, Copyright information URL, apc_amount_raw, Waiver policy information URL, Other fees information URL, servicios_preservacion, Preservation Service: national library, Preservation information URL, Deposit policy directory, URL for deposit policy, identificadores_persistentes, Continues, Continued By, titulo_normalizado_doaj_dup, titulo_normalizado_facts_dup, titulo_normalizado_openapc_dup, apc_metodo_imputacion"
0121-5132,Revista De La Escuela Colombiana De Ingeniería,escuela colombiana ingenieria,CO,Ingeniería y Tecnología,875,imputado,1028.26,2705.95,True,False,"apc_monto, apc_moneda","issn_linking, codigo_dane, institucion_editora_2, institucion_editora_3, titulo_normalizado_scimago_dup, Country of other organisation, atributos_licencia, apc_amount_raw, Waiver policy information URL, Other fees information URL, servicios_preservacion, Preservation Service: national library, Preservation information URL, Deposit policy directory, URL for deposit policy, Continues, Continued By, titulo_normalizado_doaj_dup, apc_monto_original, apc_moneda_original, tasa_usd_utilizada, apc_monto, apc_moneda, titulo_normalizado_facts_dup, is_hybrid, titulo_normalizado_openapc_dup"
0120-5552,Salud Uninorte,salud uninorte,CO,Ciencias Médicas y de la Salud,876,imputado,1283.6,3377.89,True,False,"apc_monto, apc_moneda","issn_electronic, issn_linking, institucion_editora_2, institucion_editora_3, titulo_normalizado_scimago_dup, titulo_alternativo, Other organisation, Country of other organisation, atributos_licencia, apc_amount_raw, Waiver policy information URL, Other fees information URL, servicios_preservacion, Preservation Service: national library, Preservation information URL, Continues, Continued By, titulo_normalizado_doaj_dup, apc_monto_original, apc_moneda_original, tasa_usd_utilizada, apc_monto, apc_moneda, titulo_normalizado_facts_dup, is_hybrid, titulo_normalizado_openapc_dup"
1909-7891,Vector,vector,CO,Ingeniería y Tecnología,877,observado,1192.32,3137.68,False,False,apc_metodo_imputacion,"issn_electronic, issn_linking, institucion_editora_2, institucion_editora_3, rank, sourceid, tipo_publicacion, titulo_normalizado_scimago_dup, open_access, sjr_score, cuartil_sjr, h_index, total_docs, total_docs_3y, total_refs, total_citas_3y, docs_citables_3y, citas_por_doc_2y, refs_por_doc, pct_female, overton, cobertura, categorias, areas, Other organisation, Country of other organisation, atributos_licencia, cc_legible_maquina, apc_amount_raw, Waiver policy information URL, Other fees information URL, servicios_preservacion, Preservation Service: national library, Preservation information URL, Continues, Continued By, titulo_normalizado_doaj_dup, titulo_normalizado_facts_dup, titulo_normalizado_openapc_dup, apc_metodo_imputacion, contraste_publindex_cuartil, ratio_citas_docs, sjr_score_zscore, h_index_zscore, sjr_score_minmax, h_index_minmax"
1692-3103,Revista De La Maestría De Derecho Económico,maestria derecho economico,CO,Ciencias Sociales,878,observado,1974.77,5196.76,False,False,apc_metodo_imputacion,"issn_linking, codigo_dane, institucion_editora_2, institucion_editora_3, titulo_normalizado_scimago_dup, issn_impreso, Other organisation, Country of other organisation, atributos_licencia, apc_amount_raw, Waiver policy information URL, Other fees information URL, servicios_preservacion, Preservation Service: national library, Preservation information URL, Deposit policy directory, URL for deposit policy, Continues, Continued By, titulo_normalizado_doaj_dup, titulo_normalizado_facts_dup, titulo_normalizado_openapc_dup, apc_metodo_imputacion"
0120-6680,Revista Logos,logos,CO,Humanidades,879,observado,262.81,691.61,False,False,apc_metodo_imputacion,"issn_electronic, issn_linking, institucion_editora_2, institucion_editora_3, rank, sourceid, tipo_publicacion, titulo_normalizado_scimago_dup, open_access, sjr_score, cuartil_sjr, h_index, total_docs, total_docs_3y, total_refs, total_citas_3y, docs_citables_3y, citas_por_doc_2y, refs_por_doc, pct_female, overton, cobertura, categorias, areas, titulo_alternativo, Country of other organisation, atributos_licencia, cc_legible_maquina, Copyright information URL, apc_amount_raw, Waiver policy information URL, servicios_preservacion, Preservation Service: national library, Preservation information URL, URL for deposit policy, Continues, Continued By, titulo_normalizado_doaj_dup, titulo_normalizado_facts_dup, titulo_normalizado_openapc_dup, apc_metodo_imputacion, contraste_publindex_cuartil, ratio_citas_docs, sjr_score_zscore, h_index_zscore, sjr_score_minmax, h_index_minmax"
0123-417X,Psicología Desde El Caribe,psicologia desde caribe,CO,Ciencias Sociales,880,imputado,873.27,2298.08,True,False,"apc_monto, apc_moneda","issn_electronic, issn_linking, institucion_editora_2, institucion_editora_3, rank, sourceid, tipo_publicacion, titulo_normalizado_scimago_dup, open_access, sjr_score, cuartil_sjr, h_index, total_docs, total_docs_3y, total_refs, total_citas_3y, docs_citables_3y, citas_por_doc_2y, refs_por_doc, pct_female, overton, cobertura, categorias, areas, titulo_alternativo, issn_impreso, atributos_licencia, cc_legible_maquina, apc_amount_raw, Waiver policy information URL, Other fees information URL, servicios_preservacion, Preservation Service: national library, Preservation information URL, Deposit policy directory, URL for deposit policy, Continues, Continued By, fecha_ultimo_articulo, titulo_normalizado_doaj_dup, apc_monto_original, apc_moneda_original, tasa_usd_utilizada, apc_monto, apc_moneda, titulo_normalizado_facts_dup, is_hybrid, titulo_normalizado_openapc_dup, contraste_publindex_cuartil, ratio_citas_docs, sjr_score_zscore, h_index_zscore, sjr_score_minmax, h_index_minmax"
1657-5946,"Economía, Gestión Y Desarrollo",economia gestion desarrollo,CO,Ciencias Sociales,881,observado,3140.96,8265.68,False,False,apc_metodo_imputacion,"issn_linking, codigo_dane, institucion_editora_2, institucion_editora_3, titulo_normalizado_scimago_dup, titulo_alternativo, Country of other organisation, atributos_licencia, cc_legible_maquina, apc_amount_raw, Waiver policy information URL, Other fees information URL, servicios_preservacion, Preservation Service: national library, Preservation information URL, Deposit policy directory, URL for deposit policy, identificadores_persistentes, Continues, Continued By, fecha_ultimo_articulo, titulo_normalizado_doaj_dup, titulo_normalizado_facts_dup, titulo_normalizado_openapc_dup, apc_metodo_imputacion"
0120-9833,Energética,energetica,CO,Ingeniería y Tecnología,882,observado,2885.5,7593.42,False,False,apc_metodo_imputacion,"issn_electronic, issn_linking, institucion_editora_2, institucion_editora_3, rank, sourceid, tipo_publicacion, titulo_normalizado_scimago_dup, open_access, sjr_score, cuartil_sjr, h_index, total_docs, total_docs_3y, total_refs, total_citas_3y, docs_citables_3y, citas_por_doc_2y, refs_por_doc, pct_female, overton, cobertura, categorias, areas, titulo_alternativo, issn_impreso, atributos_licencia, apc_amount_raw, Waiver policy information URL, Other fees information URL, servicios_preservacion, Preservation Service: national library, Preservation information URL, Deposit policy directory, URL for deposit policy, Continues, Continued By, titulo_normalizado_doaj_dup, titulo_normalizado_facts_dup, titulo_normalizado_openapc_dup, apc_metodo_imputacion, contraste_publindex_cuartil, ratio_citas_docs, sjr_score_zscore, h_index_zscore, sjr_score_minmax, h_index_minmax"
0120-341X,Revista Universidad Eafit,universidad eafit,CO,Ciencias Sociales,883,imputado,872.19,2295.24,True,False,"apc_monto, apc_moneda","issn_electronic, issn_linking, codigo_dane, institucion_editora_2, institucion_editora_3, rank, sourceid, tipo_publicacion, titulo_normalizado_scimago_dup, open_access, sjr_score, cuartil_sjr, h_index, total_docs, total_docs_3y, total_refs, total_citas_3y, docs_citables_3y, citas_por_doc_2y, refs_por_doc, pct_female, overton, cobertura, categorias, areas, atributos_licencia, apc_amount_raw, Waiver policy information URL, Other fees information URL, Preservation Service: national library, Deposit policy directory, URL for deposit policy, Continues, Continued By, titulo_normalizado_doaj_dup, apc_monto_original, apc_moneda_original, tasa_usd_utilizada, apc_monto, apc_moneda, titulo_normalizado_facts_dup, is_hybrid, titulo_normalizado_openapc_dup, contraste_publindex_cuartil, ratio_citas_docs, sjr_score_zscore, h_index_zscore, sjr_score_minmax, h_index_minmax"
1692-3901,Economía Y Desarrollo,economia desarrollo,CO,Ciencias Sociales,884,imputado,870.05,2289.61,True,False,"apc_monto, apc_moneda","issn_electronic, issn_linking, institucion_editora_2, institucion_editora_3, rank, sourceid, tipo_publicacion, titulo_normalizado_scimago_dup, open_access, sjr_score, cuartil_sjr, h_index, total_docs, total_docs_3y, total_refs, total_citas_3y, docs_citables_3y, citas_por_doc_2y, refs_por_doc, pct_female, overton, cobertura, categorias, areas, titulo_alternativo, Country of other organisation, atributos_licencia, cc_legible_maquina, apc_amount_raw, Waiver policy information URL, Other fees information URL, servicios_preservacion, Preservation Service: national library, Preservation information URL, Deposit policy directory, URL for deposit policy, identificadores_persistentes, Continues, Continued By, fecha_ultimo_articulo, titulo_normalizado_doaj_dup, apc_monto_original, apc_moneda_original, tasa_usd_utilizada, apc_monto, apc_moneda, titulo_normalizado_facts_dup, is_hybrid, titulo_normalizado_openapc_dup, contraste_publindex_cuartil, ratio_citas_docs, sjr_score_zscore, h_index_zscore, sjr_score_minmax, h_index_minmax"
0122-3461,Ingeniería & Desarrollo,ingenieria desarrollo,CO,Ingeniería y Tecnología,885,imputado,1008.79,2654.71,True,False,"apc_monto, apc_moneda","issn_electronic, issn_linking, institucion_editora_2, institucion_editora_3, rank, sourceid, tipo_publicacion, titulo_normalizado_scimago_dup, open_access, sjr_score, cuartil_sjr, h_index, total_docs, total_docs_3y, total_refs, total_citas_3y, docs_citables_3y, citas_por_doc_2y, refs_por_doc, pct_female, overton, cobertura, categorias, areas, Country of other organisation, atributos_licencia, apc_amount_raw, Waiver policy information URL, Other fees information URL, servicios_preservacion, Preservation Service: national library, Preservation information URL, Deposit policy directory, URL for deposit policy, Continues, Continued By, titulo_normalizado_doaj_dup, apc_monto_original, apc_moneda_original, tasa_usd_utilizada, apc_monto, apc_moneda, titulo_normalizado_facts_dup, is_hybrid, titulo_normalizado_openapc_dup, contraste_publindex_cuartil, ratio_citas_docs, sjr_score_zscore, h_index_zscore, sjr_score_minmax, h_index_minmax"
0121-5701,Avances En Recursos Hidráulicos,avances recursos hidraulicos,CO,Ciencias Naturales,886,imputado,1113.66,2930.68,True,False,"apc_monto, apc_moneda","issn_electronic, issn_linking, codigo_dane, institucion_editora_2, institucion_editora_3, rank, sourceid, tipo_publicacion, titulo_normalizado_scimago_dup, open_access, sjr_score, cuartil_sjr, h_index, total_docs, total_docs_3y, total_refs, total_citas_3y, docs_citables_3y, citas_por_doc_2y, refs_por_doc, pct_female, overton, cobertura, categorias, areas, titulo_alternativo, Other organisation, Country of other organisation, atributos_licencia, apc_amount_raw, Waiver policy information URL, Other fees information URL, servicios_preservacion, Preservation Service: national library, Preservation information URL, Continues, Continued By, fecha_ultimo_articulo, titulo_normalizado_doaj_dup, apc_monto_original, apc_moneda_original, tasa_usd_utilizada, apc_monto, apc_moneda, titulo_normalizado_facts_dup, is_hybrid, titulo_normalizado_openapc_dup, contraste_publindex_cuartil, ratio_citas_docs, sjr_score_zscore, h_index_zscore, sjr_score_minmax, h_index_minmax"
0120-4130,Poligramas,poligramas,CO,Humanidades,887,imputado,614.46,1617.0,True,False,"apc_monto, apc_moneda","issn_electronic, issn_linking, institucion_editora_2, institucion_editora_3, titulo_normalizado_scimago_dup, titulo_alternativo, Country of other organisation, atributos_licencia, cc_legible_maquina, apc_amount_raw, Waiver policy information URL, Other fees information URL, Preservation Service: national library, Deposit policy directory, URL for deposit policy, Continues, Continued By, apc_monto_original, apc_moneda_original, tasa_usd_utilizada, apc_monto, apc_moneda, titulo_normalizado_facts_dup, is_hybrid, titulo_normalizado_openapc_dup"
1692-0880,Medicina,medicina,CO,Ciencias Médicas y de la Salud,888,observado,1564.49,4117.08,False,False,apc_metodo_imputacion,"issn_linking, institucion_editora_2, institucion_editora_3, titulo_normalizado_scimago_dup, titulo_alternativo, atributos_licencia, Waiver policy information URL, Other fees information URL, Preservation Service: national library, Continues, Continued By, titulo_normalizado_doaj_dup, titulo_normalizado_facts_dup, titulo_normalizado_openapc_dup, apc_metodo_imputacion"
0123-2304,Temas Y Reflexiones,temas reflexiones,CO,Humanidades,889,declarado,432.0,1136.84,False,False,apc_metodo_imputacion,"issn_electronic, issn_linking, institucion_editora_2, institucion_editora_3, rank, sourceid, tipo_publicacion, titulo_normalizado_scimago_dup, open_access, sjr_score, cuartil_sjr, h_index, total_docs, total_docs_3y, total_refs, total_citas_3y, docs_citables_3y, citas_por_doc_2y, refs_por_doc, pct_female, overton, cobertura, categorias, areas, issn_impreso, atributos_licencia, Waiver policy information URL, Other fees information URL, Preservation Service: national library, Deposit policy directory, URL for deposit policy, Continues, Continued By, Last Full Review Date, titulo_normalizado_doaj_dup, titulo_normalizado_facts_dup, is_hybrid, titulo_normalizado_openapc_dup, apc_metodo_imputacion, contraste_publindex_cuartil, ratio_citas_docs, sjr_score_zscore, h_index_zscore, sjr_score_minmax, h_index_minmax"
1657-480X,Boletín Del Observatorio Colombiano De Energía,observatorio colombiano energia,CO,Ingeniería y Tecnología,890,imputado,1003.07,2639.66,True,False,"apc_monto, apc_moneda","issn_electronic, issn_linking, institucion_editora_2, institucion_editora_3, rank, sourceid, tipo_publicacion, titulo_normalizado_scimago_dup, open_access, sjr_score, cuartil_sjr, h_index, total_docs, total_docs_3y, total_refs, total_citas_3y, docs_citables_3y, citas_por_doc_2y, refs_por_doc, pct_female, overton, cobertura, categorias, areas, titulo_alternativo, Other organisation, Country of other organisation, atributos_licencia, cc_legible_maquina, apc_amount_raw, Waiver policy information URL, Other fees information URL, servicios_preservacion, Preservation Service: national library, Preservation information URL, Deposit policy directory, URL for deposit policy, Continues, Continued By, titulo_normalizado_doaj_dup, apc_monto_original, apc_moneda_original, tasa_usd_utilizada, apc_monto, apc_moneda, titulo_normalizado_facts_dup, is_hybrid, titulo_normalizado_openapc_dup, contraste_publindex_cuartil, ratio_citas_docs, sjr_score_zscore, h_index_zscore, sjr_score_minmax, h_index_minmax"
0120-856X,Revista Colombiana De Cirugía,colombiana cirugia,CO,Ciencias Médicas y de la Salud,891,imputado,1293.42,3403.74,True,False,"apc_monto, apc_moneda","issn_linking, codigo_dane, institucion_editora_2, institucion_editora_3, id_revista_publindex, titulo_normalizado_scimago_dup, titulo_alternativo, atributos_licencia, apc_amount_raw, Waiver policy information URL, Other fees information URL, servicios_preservacion, Preservation Service: national library, Preservation information URL, Continues, Continued By, titulo_normalizado_doaj_dup, apc_monto_original, apc_moneda_original, tasa_usd_utilizada, apc_monto, apc_moneda, titulo_normalizado_facts_dup, is_hybrid, titulo_normalizado_openapc_dup"
0121-3423,Boletín Científico Cccp,cientifico cccp,CO,Ciencias Naturales,892,imputado,1114.37,2932.55,True,False,"apc_monto, apc_moneda","issn_electronic, issn_linking, institucion_editora_2, institucion_editora_3, rank, sourceid, tipo_publicacion, titulo_normalizado_scimago_dup, open_access, sjr_score, cuartil_sjr, h_index, total_docs, total_docs_3y, total_refs, total_citas_3y, docs_citables_3y, citas_por_doc_2y, refs_por_doc, pct_female, overton, cobertura, categorias, areas, titulo_alternativo, issn_impreso, Country of other organisation, atributos_licencia, cc_legible_maquina, Copyright information URL, apc_amount_raw, Waiver policy information URL, servicios_preservacion, Preservation Service: national library, Preservation information URL, URL for deposit policy, identificadores_persistentes, Continues, Continued By, fecha_ultimo_articulo, titulo_normalizado_doaj_dup, apc_monto_original, apc_moneda_original, tasa_usd_utilizada, apc_monto, apc_moneda, titulo_normalizado_facts_dup, is_hybrid, titulo_normalizado_openapc_dup, contraste_publindex_cuartil, ratio_citas_docs, sjr_score_zscore, h_index_zscore, sjr_score_minmax, h_index_minmax"
0123-1286,Fitotecnia Colombiana,fitotecnia colombiana,CO,Ciencias Agrícolas,893,imputado,1263.94,3326.16,True,False,"apc_monto, apc_moneda","issn_linking, institucion_editora_2, institucion_editora_3, titulo_normalizado_scimago_dup, titulo_alternativo, atributos_licencia, apc_amount_raw, Waiver policy information URL, Other fees information URL, servicios_preservacion, Preservation Service: national library, Preservation information URL, Continues, Continued By, titulo_normalizado_doaj_dup, apc_monto_original, apc_moneda_original, tasa_usd_utilizada, apc_monto, apc_moneda, titulo_normalizado_facts_dup, is_hybrid, titulo_normalizado_openapc_dup"
0122-9534,Revista De Medicina Veterinaria,medicina veterinaria,CO,Ciencias Agrícolas,894,observado,411.26,1082.26,False,False,apc_metodo_imputacion,"issn_electronic, issn_linking, institucion_editora_2, institucion_editora_3, id_revista_publindex, rank, sourceid, tipo_publicacion, titulo_normalizado_scimago_dup, open_access, sjr_score, cuartil_sjr, h_index, total_docs, total_docs_3y, total_refs, total_citas_3y, docs_citables_3y, citas_por_doc_2y, refs_por_doc, pct_female, overton, cobertura, categorias, areas, titulo_alternativo, atributos_licencia, apc_amount_raw, Waiver policy information URL, Other fees information URL, Preservation Service: national library, Deposit policy directory, URL for deposit policy, Continues, Continued By, titulo_normalizado_doaj_dup, titulo_normalizado_facts_dup, titulo_normalizado_openapc_dup, apc_metodo_imputacion, contraste_publindex_cuartil, ratio_citas_docs, sjr_score_zscore, h_index_zscore, sjr_score_minmax, h_index_minmax"
1657-6772,Revista De Investigación,investigacion,CO,Ciencias Sociales,895,imputado,881.49,2319.71,True,False,"apc_monto, apc_moneda","issn_electronic, issn_linking, codigo_dane, institucion_editora_2, institucion_editora_3, titulo_normalizado_scimago_dup, titulo_alternativo, Country of other organisation, atributos_licencia, cc_legible_maquina, apc_amount_raw, Waiver policy information URL, Other fees information URL, servicios_preservacion, Preservation Service: national library, Preservation information URL, Deposit policy directory, URL for deposit policy, identificadores_persistentes, Continues, Continued By, titulo_normalizado_doaj_dup, apc_monto_original, apc_moneda_original, tasa_usd_utilizada, apc_monto, apc_moneda, titulo_normalizado_facts_dup, is_hybrid, titulo_normalizado_openapc_dup"
1012-7410,Pasturas Tropicales,pasturas tropicales,CO,Ciencias Agrícolas,896,observado,3007.31,7913.97,False,False,apc_metodo_imputacion,"issn_electronic, issn_linking, institucion_editora_2, institucion_editora_3, rank, sourceid, tipo_publicacion, titulo_normalizado_scimago_dup, open_access, sjr_score, cuartil_sjr, h_index, total_docs, total_docs_3y, total_refs, total_citas_3y, docs_citables_3y, citas_por_doc_2y, refs_por_doc, pct_female, overton, cobertura, categorias, areas, atributos_licencia, cc_legible_maquina, apc_amount_raw, Waiver policy information URL, Other fees information URL, servicios_preservacion, Preservation Service: national library, Preservation information URL, Deposit policy directory, URL for deposit policy, Continues, Continued By, titulo_normalizado_doaj_dup, titulo_normalizado_facts_dup, titulo_normalizado_openapc_dup, apc_metodo_imputacion, contraste_publindex_cuartil, ratio_citas_docs, sjr_score_zscore, h_index_zscore, sjr_score_minmax, h_index_minmax"
1657-9526,Entreartes,entreartes,CO,Humanidades,897,imputado,632.51,1664.5,True,False,"apc_monto, apc_moneda","issn_electronic, issn_linking, codigo_dane, institucion_editora_2, institucion_editora_3, rank, sourceid, tipo_publicacion, titulo_normalizado_scimago_dup, open_access, sjr_score, cuartil_sjr, h_index, total_docs, total_docs_3y, total_refs, total_citas_3y, docs_citables_3y, citas_por_doc_2y, refs_por_doc, pct_female, overton, cobertura, categorias, areas, titulo_alternativo, issn_impreso, Other organisation, Country of other organisation, atributos_licencia, cc_legible_maquina, apc_amount_raw, Waiver policy information URL, Other fees information URL, Preservation Service: national library, Deposit policy directory, URL for deposit policy, Continues, Continued By, titulo_normalizado_doaj_dup, apc_monto_original, apc_moneda_original, tasa_usd_utilizada, apc_monto, apc_moneda, titulo_normalizado_facts_dup, is_hybrid, titulo_normalizado_openapc_dup, contraste_publindex_cuartil, ratio_citas_docs, sjr_score_zscore, h_index_zscore, sjr_score_minmax, h_index_minmax"
1692-6323,Revista Institucional De La Facultad De Salud. Clon,institucional facultad salud clon,CO,Ciencias Médicas y de la Salud,898,imputado,1272.15,3347.76,True,False,"apc_monto, apc_moneda","issn_electronic, issn_linking, institucion_editora_2, institucion_editora_3, rank, sourceid, tipo_publicacion, titulo_normalizado_scimago_dup, open_access, sjr_score, cuartil_sjr, h_index, total_docs, total_docs_3y, total_refs, total_citas_3y, docs_citables_3y, citas_por_doc_2y, refs_por_doc, pct_female, overton, cobertura, categorias, areas, titulo_alternativo, Other organisation, Country of other organisation, atributos_licencia, apc_amount_raw, Waiver policy information URL, Other fees information URL, servicios_preservacion, Preservation Service: national library, Preservation information URL, Continues, Continued By, titulo_normalizado_doaj_dup, apc_monto_original, apc_moneda_original, tasa_usd_utilizada, apc_monto, apc_moneda, titulo_normalizado_facts_dup, is_hybrid, titulo_normalizado_openapc_dup, contraste_publindex_cuartil, ratio_citas_docs, sjr_score_zscore, h_index_zscore, sjr_score_minmax, h_index_minmax"
0120-0275,Revista Del Centro Nacional De Investigaciones De Café - Cenicafé,centro nacional investigaciones cafe cenicafe,CO,Ciencias Agrícolas,899,imputado,1242.68,3270.21,True,False,"apc_monto, apc_moneda","issn_electronic, issn_linking, institucion_editora_2, institucion_editora_3, rank, sourceid, tipo_publicacion, titulo_normalizado_scimago_dup, open_access, sjr_score, cuartil_sjr, h_index, total_docs, total_docs_3y, total_refs, total_citas_3y, docs_citables_3y, citas_por_doc_2y, refs_por_doc, pct_female, overton, cobertura, categorias, areas, titulo_alternativo, issn_impreso, atributos_licencia, apc_amount_raw, Waiver policy information URL, Other fees information URL, servicios_preservacion, Preservation Service: national library, Preservation information URL, Deposit policy directory, URL for deposit policy, identificadores_persistentes, Continued By, titulo_normalizado_doaj_dup, apc_monto_original, apc_moneda_original, tasa_usd_utilizada, apc_monto, apc_moneda, titulo_normalizado_facts_dup, is_hybrid, titulo_normalizado_openapc_dup, contraste_publindex_cuartil, ratio_citas_docs, sjr_score_zscore, h_index_zscore, sjr_score_minmax, h_index_minmax"
0123-1952,Utopía Siglo Xxi,utopia siglo xxi,CO,Humanidades,900,declarado,16.2,42.63,False,False,apc_metodo_imputacion,"issn_electronic, issn_linking, institucion_editora_2, institucion_editora_3, rank, sourceid, tipo_publicacion, titulo_normalizado_scimago_dup, open_access, sjr_score, cuartil_sjr, h_index, total_docs, total_docs_3y, total_refs, total_citas_3y, docs_citables_3y, citas_por_doc_2y, refs_por_doc, pct_female, overton, cobertura, categorias, areas, titulo_alternativo, Other organisation, Country of other organisation, atributos_licencia, cc_legible_maquina, Waiver policy information URL, Other fees information URL, servicios_preservacion, Preservation Service: national library, Preservation information URL, Deposit policy directory, URL for deposit policy, Continues, Continued By, titulo_normalizado_doaj_dup, titulo_normalizado_facts_dup, is_hybrid, titulo_normalizado_openapc_dup, apc_metodo_imputacion, contraste_publindex_cuartil, ratio_citas_docs, sjr_score_zscore, h_index_zscore, sjr_score_minmax, h_index_minmax"
0121-2532,Coyuntura Social,coyuntura social,CO,Ciencias Sociales,901,observado,289.17,760.97,False,False,apc_metodo_imputacion,"issn_electronic, issn_linking, codigo_dane, institucion_editora_2, institucion_editora_3, rank, sourceid, tipo_publicacion, titulo_normalizado_scimago_dup, open_access, sjr_score, cuartil_sjr, h_index, total_docs, total_docs_3y, total_refs, total_citas_3y, docs_citables_3y, citas_por_doc_2y, refs_por_doc, pct_female, overton, cobertura, categorias, areas, titulo_alternativo, atributos_licencia, apc_amount_raw, Waiver policy information URL, Other fees information URL, servicios_preservacion, Preservation Service: national library, Preservation information URL, Deposit policy directory, URL for deposit policy, identificadores_persistentes, Continues, Continued By, fecha_ultimo_articulo, titulo_normalizado_doaj_dup, titulo_normalizado_facts_dup, titulo_normalizado_openapc_dup, apc_metodo_imputacion, contraste_publindex_cuartil, ratio_citas_docs, sjr_score_zscore, h_index_zscore, sjr_score_minmax, h_index_minmax"
1657-5636,Epiciclos,epiciclos,CO,Ingeniería y Tecnología,902,imputado,1016.3,2674.47,True,False,"apc_monto, apc_moneda","issn_electronic, issn_linking, institucion_editora_2, institucion_editora_3, rank, sourceid, tipo_publicacion, titulo_normalizado_scimago_dup, editorial, open_access, sjr_score, cuartil_sjr, h_index, total_docs, total_docs_3y, total_refs, total_citas_3y, docs_citables_3y, citas_por_doc_2y, refs_por_doc, pct_female, overton, cobertura, categorias, areas, url_revista, url, When did the journal start to publish all content using an open license?, titulo_alternativo, issn_impreso, issn_electronico, palabras_clave, idiomas, pais_editorial, Other organisation, Country of other organisation, licencia, atributos_licencia, URL for license terms, cc_legible_maquina, autor_retiene_copyright, Copyright information URL, tipo_revision, Review process information URL, politica_plagio, URL for journal's aims & scope, URL for the Editorial Board page, URL for journal's instructions for authors, semanas_submission_publicacion, tiene_apc, APC information URL, apc_amount_raw, politica_exencion, Waiver policy information URL, tiene_otros_cobros, Other fees information URL, servicios_preservacion, Preservation Service: national library, Preservation information URL, Deposit policy directory, URL for deposit policy, identificadores_persistentes, cumple_oa, Continues, Continued By, codigos_lcc, subscribe_to_open, Mirror Journal, Open Journals Collective, materias, fecha_incorporacion, fecha_actualizacion, Last Full Review Date, num_articulos, fecha_ultimo_articulo, titulo_normalizado_doaj_dup, apc_monto_original, apc_moneda_original, tasa_usd_utilizada, apc_conversion_estado, apc_monto, apc_moneda, titulo_normalizado_facts_dup, is_hybrid, titulo_normalizado_openapc_dup, contraste_publindex_cuartil, semanas_pub, editorial_rapida, ratio_citas_docs, sjr_score_zscore, h_index_zscore, semanas_pub_zscore, sjr_score_minmax, h_index_minmax, semanas_pub_minmax"
0121-5299,Energía Y Computación,energia computacion,CO,Ingeniería y Tecnología,903,imputado,1003.07,2639.66,True,False,"apc_monto, apc_moneda","issn_electronic, issn_linking, codigo_dane, institucion_editora_2, institucion_editora_3, rank, sourceid, tipo_publicacion, titulo_normalizado_scimago_dup, open_access, sjr_score, cuartil_sjr, h_index, total_docs, total_docs_3y, total_refs, total_citas_3y, docs_citables_3y, citas_por_doc_2y, refs_por_doc, pct_female, overton, cobertura, categorias, areas, issn_impreso, Other organisation, Country of other organisation, atributos_licencia, apc_amount_raw, Waiver policy information URL, Other fees information URL, servicios_preservacion, Preservation Service: national library, Preservation information URL, Deposit policy directory, URL for deposit policy, Continues, Continued By, titulo_normalizado_doaj_dup, apc_monto_original, apc_moneda_original, tasa_usd_utilizada, apc_monto, apc_moneda, titulo_normalizado_facts_dup, is_hybrid, titulo_normalizado_openapc_dup, contraste_publindex_cuartil, ratio_citas_docs, sjr_score_zscore, h_index_zscore, sjr_score_minmax, h_index_minmax"
1657-4229,Uni-Pluriversidad,uni pluriversidad,CO,Ciencias Sociales,904,imputado,889.72,2341.37,True,False,"apc_monto, apc_moneda","issn_electronic, issn_linking, institucion_editora_2, institucion_editora_3, id_revista_publindex, rank, sourceid, tipo_publicacion, titulo_normalizado_scimago_dup, open_access, sjr_score, cuartil_sjr, h_index, total_docs, total_docs_3y, total_refs, total_citas_3y, docs_citables_3y, citas_por_doc_2y, refs_por_doc, pct_female, overton, cobertura, categorias, areas, titulo_alternativo, issn_impreso, Country of other organisation, atributos_licencia, cc_legible_maquina, Copyright information URL, apc_amount_raw, Waiver policy information URL, Other fees information URL, servicios_preservacion, Preservation Service: national library, Preservation information URL, Deposit policy directory, URL for deposit policy, identificadores_persistentes, Continues, Continued By, titulo_normalizado_doaj_dup, apc_monto_original, apc_moneda_original, tasa_usd_utilizada, apc_monto, apc_moneda, titulo_normalizado_facts_dup, is_hybrid, titulo_normalizado_openapc_dup, contraste_publindex_cuartil, ratio_citas_docs, sjr_score_zscore, h_index_zscore, sjr_score_minmax, h_index_minmax"
0121-0696,Revista De Derecho Privado,derecho privado,CO,Ciencias Sociales,905,imputado,894.17,2353.08,True,False,"apc_monto, apc_moneda","issn_linking, institucion_editora_2, institucion_editora_3, titulo_normalizado_scimago_dup, issn_impreso, Other organisation, Country of other organisation, atributos_licencia, apc_amount_raw, Waiver policy information URL, Other fees information URL, servicios_preservacion, Preservation Service: national library, Preservation information URL, Deposit policy directory, URL for deposit policy, Continues, Continued By, titulo_normalizado_doaj_dup, apc_monto_original, apc_moneda_original, tasa_usd_utilizada, apc_monto, apc_moneda, titulo_normalizado_facts_dup, is_hybrid, titulo_normalizado_openapc_dup"
0121-2974,Geofísica Colombiana,geofisica colombiana,CO,Ciencias Naturales,906,imputado,1134.56,2985.68,True,False,"apc_monto, apc_moneda","issn_linking, institucion_editora_2, institucion_editora_3, titulo_normalizado_scimago_dup, issn_impreso, Other organisation, Country of other organisation, atributos_licencia, apc_amount_raw, Waiver policy information URL, Other fees information URL, Preservation Service: national library, Deposit policy directory, URL for deposit policy, Continues, Continued By, titulo_normalizado_doaj_dup, apc_monto_original, apc_moneda_original, tasa_usd_utilizada, apc_monto, apc_moneda, titulo_normalizado_facts_dup, is_hybrid, titulo_normalizado_openapc_dup"
0120-3797,Avances En Psicología Clínica Latinoamericana,avances psicologia clinica latinoamericana,CO,Ciencias Sociales,907,observado,1974.5,5196.05,False,False,apc_metodo_imputacion,"issn_electronic, issn_linking, institucion_editora_2, institucion_editora_3, id_revista_publindex, rank, sourceid, tipo_publicacion, titulo_normalizado_scimago_dup, open_access, sjr_score, cuartil_sjr, h_index, total_docs, total_docs_3y, total_refs, total_citas_3y, docs_citables_3y, citas_por_doc_2y, refs_por_doc, pct_female, overton, cobertura, categorias, areas, titulo_alternativo, issn_impreso, atributos_licencia, cc_legible_maquina, apc_amount_raw, Waiver policy information URL, Other fees information URL, servicios_preservacion, Preservation Service: national library, Preservation information URL, Deposit policy directory, URL for deposit policy, Continues, Continued By, fecha_ultimo_articulo, titulo_normalizado_doaj_dup, titulo_normalizado_facts_dup, titulo_normalizado_openapc_dup, apc_metodo_imputacion, contraste_publindex_cuartil, ratio_citas_docs, sjr_score_zscore, h_index_zscore, sjr_score_minmax, h_index_minmax"
