issn,fuente,tipo_cruce,resultado,similitud
1909-4450,scimago,issn_primario,coincidencia,100.0
0120-2456,scimago,issn_primario,coincidencia,100.0
2346-206X,scimago,issn_primario,coincidencia,100.0
2027-1174,scimago,issn_primario,coincidencia,100.0
2248-8723,scimago,issn_primario,coincidencia,100.0
0120-548X,scimago,issn_primario,coincidencia,100.0
2145-9797,scimago,issn_primario,coincidencia,100.0
0120-0062,scimago,issn_primario,coincidencia,100.0
0121-4470,scimago,issn_primario,coincidencia,100.0
1657-5997,scimago,issn_primario,coincidencia,100.0
2145-4507,scimago,issn_primario,coincidencia,100.0
1900-5180,scimago,issn_primario,coincidencia,100.0
2145-8553,scimago,issn_primario,coincidencia,100.0
2344-8393,scimago,issn_primario,coincidencia,100.0
2145-2660,scimago,issn_primario,coincidencia,100.0
0120-2804,scimago,issn_primario,coincidencia,100.0
2216-0280,scimago,issn_primario,coincidencia,100.0
2539-4711,scimago,issn_primario,coincidencia,100.0
1794-6190,scimago,issn_primario,coincidencia,100.0
0041-9060,scimago,issn_primario,coincidencia,100.0
2389-9980,scimago,issn_primario,coincidencia,100.0
0120-4823,scimago,issn_primario,coincidencia,100.0
1909-0528,scimago,issn_primario,coincidencia,100.0
1794-3108,scimago,issn_primario,coincidencia,100.0
2389-7732,scimago,issn_primario,coincidencia,100.0
2322-9675,scimago,issn_primario,coincidencia,100.0
0120-3886,scimago,issn_primario,coincidencia,100.0
2011-3080,scimago,issn_primario,coincidencia,100.0
2357-3848,scimago,issn_primario,coincidencia,100.0
0120-159X,scimago,issn_primario,coincidencia,100.0
2346-1829,scimago,issn_primario,coincidencia,100.0
1900-6586,scimago,issn_primario,coincidencia,100.0
0120-4157,scimago,issn_primario,coincidencia,100.0
0121-7577,scimago,issn_primario,coincidencia,100.0
0122-8706,scimago,issn_primario,coincidencia,100.0
2011-7531,scimago,issn_primario,coincidencia,100.0
0121-4705,scimago,issn_primario,coincidencia,100.0
2357-3732,scimago,issn_primario,coincidencia,100.0
1900-6004,scimago,issn_primario,coincidencia,100.0
0034-7426,scimago,issn_primario,coincidencia,100.0
0124-7913,scimago,issn_primario,coincidencia,100.0
0120-4483,scimago,issn_primario,coincidencia,100.0
0120-3584,scimago,issn_primario,coincidencia,100.0
2145-8987,scimago,issn_primario,coincidencia,100.0
0034-7418,scimago,issn_primario,coincidencia,100.0
2346-2426,scimago,issn_primario,coincidencia,100.0
0366-5232,scimago,issn_primario,coincidencia,100.0
2346-3864,scimago,issn_primario,coincidencia,100.0
1657-9550,scimago,issn_primario,coincidencia,100.0
1794-6670,scimago,issn_primario,coincidencia,100.0
2011-799X,scimago,issn_primario,coincidencia,100.0
0122-0268,scimago,issn_primario,coincidencia,100.0
2344-8644,scimago,issn_primario,coincidencia,100.0
0124-5996,scimago,issn_primario,coincidencia,100.0
0120-0739,scimago,issn_primario,coincidencia,100.0
2011-7582,scimago,issn_primario,coincidencia,100.0
0120-1751,scimago,issn_primario,coincidencia,100.0
2619-2551,scimago,issn_primario,coincidencia,100.0
1909-9711,scimago,issn_primario,coincidencia,100.0
0123-4366,scimago,issn_primario,coincidencia,100.0
2256-2958,scimago,issn_primario,coincidencia,100.0
1657-9267,scimago,issn_primario,coincidencia,100.0
1692-6013,scimago,issn_primario,coincidencia,100.0
0120-338X,scimago,issn_primario,coincidencia,100.0
1909-2474,scimago,issn_primario,coincidencia,100.0
2323-0134,scimago,issn_primario,coincidencia,100.0
0123-3068,scimago,issn_primario,coincidencia,100.0
0124-6127,scimago,issn_primario,coincidencia,100.0
2346-2051,scimago,issn_primario,coincidencia,100.0
0124-0064,scimago,issn_primario,coincidencia,100.0
2322-6889,scimago,issn_primario,coincidencia,100.0
2346-3775,scimago,issn_primario,coincidencia,100.0
2256-3938,scimago,issn_primario,coincidencia,100.0
2346-1780,scimago,issn_primario,coincidencia,100.0
2538-9866,scimago,issn_primario,coincidencia,100.0
0120-0534,scimago,issn_primario,coincidencia,100.0
1657-9534,scimago,issn_primario,coincidencia,100.0
0121-8123,scimago,issn_primario,coincidencia,100.0
0120-6230,scimago,issn_primario,coincidencia,100.0
1900-1592,scimago,issn_primario,coincidencia,100.0
2256-3334,scimago,issn_primario,coincidencia,100.0
2145-8502,scimago,issn_primario,coincidencia,100.0
0124-5376,scimago,issn_primario,coincidencia,100.0
2027-212X,scimago,issn_primario,coincidencia,100.0
0120-9957,scimago,issn_primario,coincidencia,100.0
2665-2420,scimago,issn_primario,coincidencia,100.0
2215-910X,scimago,issn_primario,coincidencia,100.0
2011-7922,scimago,issn_primario,coincidencia,100.0
2011-3188,scimago,issn_primario,coincidencia,100.0
0121-3784,scimago,issn_primario,coincidencia,100.0
2389-7716,scimago,issn_primario,coincidencia,100.0
1900-5407,scimago,issn_primario,coincidencia,100.0
0123-5923,scimago,issn_primario,coincidencia,100.0
2323-0703,scimago,issn_primario,coincidencia,100.0
0123-4412,scimago,issn_primario,coincidencia,100.0
0123-2126,scimago,issn_primario,coincidencia,100.0
2500-6177,scimago,issn_primario,coincidencia,100.0
1794-8886,scimago,issn_primario,coincidencia,100.0
1794-0915,scimago,issn_primario,coincidencia,100.0
1657-0790,scimago,issn_primario,coincidencia,100.0
0122-8285,scimago,issn_primario,coincidencia,100.0
2216-0973,scimago,issn_primario,coincidencia,100.0
1794-4724,scimago,issn_primario,coincidencia,100.0
1794-5887,scimago,issn_primario,coincidencia,100.0
0120-3630,scimago,issn_primario,coincidencia,100.0
2357-3260,scimago,issn_primario,coincidencia,100.0
1900-7205,scimago,issn_primario,coincidencia,100.0
0122-8102,scimago,issn_primario,coincidencia,100.0
0121-215X,scimago,issn_primario,coincidencia,100.0
2382-4980,scimago,issn_primario,coincidencia,100.0
2248-4337,scimago,issn_primario,coincidencia,100.0
0012-7353,scimago,issn_primario,coincidencia,100.0
2590-4671,scimago,issn_primario,coincidencia,100.0
0121-0793,scimago,issn_primario,coincidencia,100.0
0123-7047,scimago,issn_primario,coincidencia,100.0
1692-8857,scimago,issn_primario,coincidencia,100.0
2011-4540,scimago,issn_primario,coincidencia,100.0
2346-030X,scimago,issn_primario,coincidencia,100.0
1856-9536,scimago,issn_primario,coincidencia,100.0
1794-192X,scimago,issn_primario,coincidencia,100.0
0304-2847,scimago,issn_primario,coincidencia,100.0
1794-7111,scimago,issn_primario,coincidencia,100.0
0034-7434,scimago,issn_primario,coincidencia,100.0
0120-3649,scimago,issn_primario,coincidencia,100.0
2539-4762,scimago,issn_primario,coincidencia,100.0
2027-5137,scimago,issn_primario,coincidencia,100.0
2145-132X,scimago,issn_primario,coincidencia,100.0
1657-2831,scimago,issn_primario,coincidencia,100.0
2590-4566,scimago,issn_primario,coincidencia,100.0
0120-3053,scimago,issn_primario,coincidencia,100.0
2248-4078,scimago,issn_primario,coincidencia,100.0
2422-3794,scimago,issn_primario,coincidencia,100.0
2323-0118,scimago,issn_primario,coincidencia,100.0
2248-6046,scimago,issn_primario,coincidencia,100.0
2382-4581,scimago,issn_primario,coincidencia,100.0
0121-3628,scimago,issn_primario,coincidencia,100.0
0120-8942,scimago,issn_primario,coincidencia,100.0
2027-7679,scimago,issn_primario,coincidencia,100.0
2027-1352,scimago,issn_primario,coincidencia,100.0
1900-6152,scimago,issn_primario,coincidencia,100.0
0123-5931,scimago,issn_primario,coincidencia,100.0
0121-747X,scimago,issn_primario,coincidencia,100.0
2422-3719,scimago,issn_primario,coincidencia,100.0
0120-0488,scimago,issn_primario,coincidencia,100.0
2539-472X,scimago,issn_primario,coincidencia,100.0
1794-2918,scimago,issn_primario,coincidencia,100.0
0123-8418,scimago,issn_primario,coincidencia,100.0
0123-3432,scimago,issn_primario,coincidencia,100.0
0034-7450,scimago,titulo_secundario_fuzzy,coincidencia,85.5
2539-3669,scimago,titulo_secundario_fuzzy,coincidencia,85.5
2215-7727,scimago,titulo_secundario_exacto,coincidencia,100.0
2590-8669,scimago,titulo_secundario_fuzzy,coincidencia,85.5
2346-2442,scimago,titulo_secundario_fuzzy,coincidencia,85.5
2665-4385,scimago,titulo_secundario_fuzzy,coincidencia,85.5
2539-3596,scimago,titulo_secundario_fuzzy,coincidencia,85.5
0123-5362,scimago,titulo_secundario_exacto,coincidencia,100.0
2357-4720,scimago,titulo_secundario_fuzzy,coincidencia,85.5
2500-5227,scimago,titulo_secundario_fuzzy,coincidencia,85.5
2500-5324,scimago,titulo_secundario_fuzzy,coincidencia,85.5
2027-128X,scimago,titulo_secundario_fuzzy,coincidencia,85.5
2462-991X,scimago,titulo_secundario_fuzzy,coincidencia,85.5
0120-2596,scimago,titulo_secundario_exacto,coincidencia,100.0
2665-3273,scimago,titulo_secundario_fuzzy,coincidencia,85.5
2462-7658,scimago,titulo_secundario_fuzzy,coincidencia,85.5
2256-2273,scimago,titulo_secundario_fuzzy,coincidencia,85.5
2256-4314,scimago,titulo_secundario_fuzzy,coincidencia,85.5
2145-8529,scimago,titulo_secundario_fuzzy,coincidencia,85.5
2463-0225,scimago,titulo_secundario_fuzzy,coincidencia,85.5
2011-7574,scimago,titulo_secundario_fuzzy,coincidencia,85.5
2145-7719,scimago,titulo_secundario_fuzzy,coincidencia,85.5
1900-1649,scimago,titulo_secundario_fuzzy,coincidencia,85.71428571428572
1909-7700,scimago,titulo_secundario_fuzzy,coincidencia,90.0
2145-8464,scimago,titulo_secundario_fuzzy,coincidencia,85.5
2357-4100,scimago,titulo_secundario_fuzzy,coincidencia,85.5
2462-8425,scimago,titulo_secundario_fuzzy,coincidencia,85.5
2256-5485,scimago,titulo_secundario_fuzzy,coincidencia,85.5
2389-9417,scimago,titulo_secundario_fuzzy,coincidencia,85.5
2390-0016,scimago,titulo_secundario_fuzzy,coincidencia,85.5
1909-8758,scimago,titulo_secundario_fuzzy,coincidencia,85.5
2145-4531,scimago,titulo_secundario_fuzzy,coincidencia,85.5
2389-8976,scimago,titulo_secundario_fuzzy,coincidencia,85.5
2357-3791,scimago,titulo_secundario_fuzzy,coincidencia,85.5
2322-777X,scimago,titulo_secundario_fuzzy,coincidencia,85.5
2145-4604,scimago,titulo_secundario_fuzzy,coincidencia,89.79591836734694
2500-5316,scimago,titulo_secundario_fuzzy,coincidencia,85.5
2357-6308,scimago,titulo_secundario_fuzzy,coincidencia,85.5
2215-8944,scimago,titulo_secundario_fuzzy,coincidencia,85.5
1692-7257,scimago,titulo_secundario_fuzzy,coincidencia,85.5
2027-9000,scimago,titulo_secundario_fuzzy,coincidencia,85.5
2215-9177,scimago,titulo_secundario_fuzzy,coincidencia,85.5
2248-6054,scimago,titulo_secundario_fuzzy,coincidencia,85.5
2500-7440,scimago,titulo_secundario_fuzzy,coincidencia,85.5
2145-8480,scimago,titulo_secundario_fuzzy,coincidencia,90.0
2027-0119,scimago,titulo_secundario_fuzzy,coincidencia,92.6829268292683
0121-5051,scimago,titulo_secundario_fuzzy,coincidencia,90.0
2539-200X,scimago,titulo_secundario_fuzzy,coincidencia,85.5
2322-7028,scimago,titulo_secundario_fuzzy,coincidencia,85.5
2500-8692,scimago,titulo_secundario_fuzzy,coincidencia,85.5
2590-9452,scimago,titulo_secundario_fuzzy,coincidencia,85.5
2346-0199,scimago,titulo_secundario_fuzzy,coincidencia,90.9090909090909
2322-634X,scimago,titulo_secundario_fuzzy,coincidencia,85.5
2216-1201,scimago,titulo_secundario_fuzzy,coincidencia,85.5
2145-9355,scimago,titulo_secundario_fuzzy,coincidencia,90.0
2389-7066,scimago,titulo_secundario_fuzzy,coincidencia,85.5
2344-8636,scimago,titulo_secundario_fuzzy,coincidencia,85.5
0120-4661,scimago,titulo_secundario_fuzzy,coincidencia,85.5
2027-8306,scimago,titulo_secundario_fuzzy,coincidencia,85.5
0370-3908,scimago,titulo_secundario_fuzzy,coincidencia,85.5
0120-100X,scimago,titulo_secundario_fuzzy,coincidencia,90.0
0123-9015,scimago,titulo_secundario_fuzzy,coincidencia,90.9090909090909
2145-2628,scimago,titulo_secundario_fuzzy,coincidencia,85.5
1794-4449,scimago,titulo_secundario_fuzzy,coincidencia,85.5
0122-9893,scimago,titulo_secundario_fuzzy,coincidencia,85.5
0122-8803,scimago,titulo_secundario_fuzzy,coincidencia,85.5
0124-0579,scimago,titulo_secundario_fuzzy,coincidencia,85.5
0120-2448,scimago,titulo_secundario_fuzzy,coincidencia,85.5
0120-789X,scimago,titulo_secundario_fuzzy,coincidencia,92.6829268292683
0124-2059,scimago,titulo_secundario_fuzzy,coincidencia,85.5
0120-3347,scimago,titulo_secundario_fuzzy,coincidencia,89.79591836734694
1657-7027,scimago,titulo_secundario_fuzzy,coincidencia,85.5
0121-5469,scimago,titulo_secundario_fuzzy,coincidencia,85.5
0120-9965,scimago,titulo_secundario_fuzzy,coincidencia,85.5
2027-4688,scimago,titulo_secundario_fuzzy,coincidencia,85.5
0123-9155,scimago,titulo_secundario_fuzzy,coincidencia,85.5
0121-7488,scimago,titulo_secundario_fuzzy,coincidencia,85.5
1900-9895,scimago,titulo_secundario_fuzzy,coincidencia,85.5
2248-5759,scimago,titulo_secundario_fuzzy,coincidencia,85.5
0121-8417,scimago,titulo_secundario_fuzzy,coincidencia,85.5
0124-7107,scimago,titulo_secundario_fuzzy,coincidencia,85.5
0121-0807,scimago,titulo_secundario_fuzzy,coincidencia,85.5
0120-2952,scimago,titulo_secundario_fuzzy,coincidencia,85.5
1900-6896,scimago,titulo_secundario_fuzzy,coincidencia,85.5
0121-1617,scimago,titulo_secundario_fuzzy,coincidencia,85.5
0120-0690,scimago,titulo_secundario_fuzzy,coincidencia,85.5
0121-4772,scimago,titulo_secundario_fuzzy,coincidencia,90.0
0121-5612,scimago,titulo_secundario_fuzzy,coincidencia,85.5
0120-3916,scimago,titulo_secundario_fuzzy,coincidencia,85.5
1794-9831,scimago,titulo_secundario_fuzzy,coincidencia,85.5
2011-2173,scimago,titulo_secundario_fuzzy,coincidencia,85.5
0120-0011,scimago,titulo_secundario_fuzzy,coincidencia,85.5
0121-8697,scimago,titulo_secundario_fuzzy,coincidencia,90.0
0120-5609,scimago,titulo_secundario_fuzzy,coincidencia,85.5
0486-6525,scimago,titulo_secundario_fuzzy,coincidencia,86.36363636363636
1900-4699,scimago,titulo_secundario_fuzzy,coincidencia,85.5
1794-9165,scimago,titulo_secundario_fuzzy,coincidencia,85.5
0120-5633,scimago,titulo_secundario_fuzzy,coincidencia,85.5
2382-5014,scimago,titulo_secundario_fuzzy,coincidencia,85.5
0123-3475,scimago,titulo_secundario_fuzzy,coincidencia,85.5
0124-0781,scimago,titulo_secundario_fuzzy,coincidencia,85.5
1900-9607,scimago,titulo_secundario_fuzzy,coincidencia,85.5
1900-7841,scimago,titulo_secundario_fuzzy,coincidencia,85.5
2027-7822,scimago,titulo_secundario_fuzzy,coincidencia,85.5
2346-0466,scimago,titulo_secundario_fuzzy,coincidencia,85.5
2145-9932,scimago,titulo_secundario_fuzzy,coincidencia,85.5
0121-0041,scimago,titulo_secundario_fuzzy,coincidencia,85.5
0123-5095,scimago,titulo_secundario_exacto,coincidencia,100.0
1794-6298,scimago,titulo_secundario_fuzzy,coincidencia,85.5
0120-3754,scimago,titulo_secundario_fuzzy,coincidencia,85.5
1657-9553,scimago,titulo_secundario_fuzzy,coincidencia,85.5
1909-7050,scimago,titulo_secundario_fuzzy,coincidencia,85.5
1794-8347,scimago,titulo_secundario_fuzzy,coincidencia,85.5
2145-6445,scimago,titulo_secundario_fuzzy,coincidencia,85.5
2011-513X,scimago,titulo_secundario_fuzzy,coincidencia,85.5
2215-7840,scimago,titulo_secundario_fuzzy,coincidencia,85.5
1692-7427,scimago,titulo_secundario_fuzzy,coincidencia,85.5
0121-1935,scimago,titulo_secundario_fuzzy,coincidencia,90.0
1692-5491,scimago,titulo_secundario_fuzzy,coincidencia,85.5
2027-4297,scimago,titulo_secundario_fuzzy,coincidencia,85.5
2011-222X,scimago,titulo_secundario_fuzzy,coincidencia,85.5
0121-5256,scimago,titulo_secundario_fuzzy,coincidencia,90.0
0123-7756,scimago,titulo_secundario_fuzzy,coincidencia,85.5
1692-7273,scimago,titulo_secundario_fuzzy,coincidencia,90.0
0120-0135,scimago,titulo_secundario_fuzzy,coincidencia,85.5
2011-639X,scimago,titulo_secundario_fuzzy,coincidencia,90.0
2145-2946,scimago,titulo_secundario_fuzzy,coincidencia,85.5
1657-0448,scimago,titulo_secundario_exacto,coincidencia,100.0
1692-2484,scimago,titulo_secundario_fuzzy,coincidencia,85.5
2027-1840,scimago,titulo_secundario_fuzzy,coincidencia,85.5
2011-5318,scimago,titulo_secundario_fuzzy,coincidencia,85.5
2215-7190,scimago,titulo_secundario_fuzzy,coincidencia,85.5
1909-7778,scimago,titulo_secundario_fuzzy,coincidencia,85.5
1900-771X,scimago,titulo_secundario_fuzzy,coincidencia,85.5
0120-5498,scimago,titulo_secundario_fuzzy,coincidencia,90.0
0120-131X,scimago,titulo_secundario_fuzzy,coincidencia,85.5
1692-8156,scimago,titulo_secundario_fuzzy,coincidencia,85.5
0123-4471,scimago,titulo_secundario_fuzzy,coincidencia,85.5
2248-7441,scimago,titulo_secundario_fuzzy,coincidencia,85.5
0120-4874,scimago,titulo_secundario_fuzzy,coincidencia,85.5
1909-7794,scimago,titulo_secundario_fuzzy,coincidencia,85.5
0120-1867,scimago,titulo_secundario_exacto,coincidencia,100.0
1692-6250,scimago,titulo_secundario_fuzzy,coincidencia,85.5
0121-5426,scimago,titulo_secundario_fuzzy,coincidencia,90.47619047619048
0120-7180,scimago,titulo_secundario_fuzzy,coincidencia,85.5
0120-8748,scimago,titulo_secundario_exacto,coincidencia,100.0
0120-0143,scimago,titulo_secundario_fuzzy,coincidencia,85.5
1909-7786,scimago,titulo_secundario_fuzzy,coincidencia,85.5
0122-8420,scimago,titulo_secundario_fuzzy,coincidencia,85.5
0121-2095,scimago,titulo_secundario_fuzzy,coincidencia,85.71428571428572
2027-9035,scimago,titulo_secundario_fuzzy,coincidencia,85.5
0123-2479,scimago,titulo_secundario_fuzzy,coincidencia,85.5
1909-1621,scimago,titulo_secundario_fuzzy,coincidencia,85.5
0120-2650,scimago,titulo_secundario_fuzzy,coincidencia,85.5
0124-4620,scimago,titulo_secundario_fuzzy,coincidencia,85.5
0120-8845,scimago,titulo_secundario_fuzzy,coincidencia,85.5
0123-2576,scimago,titulo_secundario_exacto,coincidencia,100.0
2145-5333,scimago,titulo_secundario_fuzzy,coincidencia,85.5
2145-6194,scimago,titulo_secundario_fuzzy,coincidencia,85.5
0120-8705,scimago,titulo_secundario_fuzzy,coincidencia,85.5
1692-1879,scimago,titulo_secundario_fuzzy,coincidencia,85.5
1900-8325,scimago,titulo_secundario_fuzzy,coincidencia,85.5
0122-7262,scimago,titulo_secundario_fuzzy,coincidencia,85.5
0120-4173,scimago,titulo_secundario_fuzzy,coincidencia,85.5
0120-2729,scimago,titulo_secundario_fuzzy,coincidencia,85.5
1909-8642,scimago,titulo_secundario_fuzzy,coincidencia,85.5
1909-230X,scimago,titulo_secundario_fuzzy,coincidencia,85.5
0122-0799,scimago,titulo_secundario_fuzzy,coincidencia,85.5
0120-0445,scimago,titulo_secundario_fuzzy,coincidencia,85.5
2146-5147,scimago,titulo_secundario_fuzzy,coincidencia,85.5
2027-7458,scimago,titulo_secundario_fuzzy,coincidencia,85.5
0121-0483,scimago,titulo_secundario_fuzzy,coincidencia,85.5
0072-0992,scimago,titulo_secundario_fuzzy,coincidencia,87.8048780487805
0120-0453,scimago,titulo_secundario_fuzzy,coincidencia,85.5
0121-7372,scimago,titulo_secundario_fuzzy,coincidencia,85.5
2145-7735,scimago,titulo_secundario_fuzzy,coincidencia,85.5
0121-3261,scimago,titulo_secundario_fuzzy,coincidencia,85.5
0123-4676,scimago,titulo_secundario_fuzzy,coincidencia,85.5
0121-5132,scimago,titulo_secundario_fuzzy,coincidencia,85.5
0120-5552,scimago,titulo_secundario_fuzzy,coincidencia,85.5
1692-3103,scimago,titulo_secundario_fuzzy,coincidencia,85.5
1657-5946,scimago,titulo_secundario_fuzzy,coincidencia,85.5
0120-4130,scimago,titulo_secundario_exacto,coincidencia,100.0
1692-0880,scimago,titulo_secundario_fuzzy,coincidencia,90.0
0120-856X,scimago,titulo_secundario_fuzzy,coincidencia,85.5
0123-1286,scimago,titulo_secundario_fuzzy,coincidencia,85.5
1657-6772,scimago,titulo_secundario_fuzzy,coincidencia,90.0
0121-0696,scimago,titulo_secundario_fuzzy,coincidencia,85.5
0121-2974,scimago,titulo_secundario_fuzzy,coincidencia,85.5
2500-5308,doaj,issn_primario,coincidencia,100.0
0124-4639,doaj,issn_primario,coincidencia,100.0
0120-3916,doaj,issn_primario,coincidencia,100.0
2027-1174,doaj,issn_primario,coincidencia,100.0
2027-4688,doaj,issn_primario,coincidencia,100.0
1900-3099,doaj,issn_primario,coincidencia,100.0
1900-2351,doaj,issn_primario,coincidencia,100.0
0041-9095,doaj,issn_primario,coincidencia,100.0
0120-386X,doaj,issn_primario,coincidencia,100.0
0120-8454,doaj,issn_primario,coincidencia,100.0
0120-2804,doaj,issn_primario,coincidencia,100.0
1909-941X,doaj,issn_primario,coincidencia,100.0
0121-2133,doaj,issn_primario,coincidencia,100.0
1657-7558,doaj,issn_primario,coincidencia,100.0
1900-9895,doaj,issn_primario,coincidencia,100.0
1657-6527,doaj,issn_primario,coincidencia,100.0
0124-4035,doaj,issn_primario,coincidencia,100.0
2215-7840,doaj,issn_primario,coincidencia,100.0
2011-7531,doaj,issn_primario,coincidencia,100.0
1794-3841,doaj,issn_primario,coincidencia,100.0
1657-8031,doaj,issn_primario,coincidencia,100.0
2027-0658,doaj,issn_primario,coincidencia,100.0
1657-4583,doaj,issn_primario,coincidencia,100.0
0120-3584,doaj,issn_primario,coincidencia,100.0
2215-969X,doaj,issn_primario,coincidencia,100.0
2027-4297,doaj,issn_primario,coincidencia,100.0
0121-117X,doaj,issn_primario,coincidencia,100.0
0121-8697,doaj,issn_primario,coincidencia,100.0
1900-3102,doaj,issn_primario,coincidencia,100.0
0124-5821,doaj,issn_primario,coincidencia,100.0
0120-0739,doaj,issn_primario,coincidencia,100.0
0120-1751,doaj,issn_primario,coincidencia,100.0
0120-4688,doaj,issn_primario,coincidencia,100.0
0122-7238,doaj,issn_primario,coincidencia,100.0
0121-1617,doaj,issn_primario,coincidencia,100.0
1900-0448,doaj,issn_primario,coincidencia,100.0
2027-5846,doaj,issn_primario,coincidencia,100.0
0121-1935,doaj,issn_primario,coincidencia,100.0
0120-789X,doaj,issn_primario,coincidencia,100.0
1794-7154,doaj,issn_primario,coincidencia,100.0
0120-2596,doaj,issn_primario,coincidencia,100.0
1657-4923,doaj,issn_primario,coincidencia,100.0
0120-8160,doaj,issn_primario,coincidencia,100.0
2011-5253,doaj,issn_primario,coincidencia,100.0
0124-4108,doaj,issn_primario,coincidencia,100.0
1692-7257,doaj,issn_primario,coincidencia,100.0
1794-6638,doaj,issn_primario,coincidencia,100.0
0122-1213,doaj,issn_primario,coincidencia,100.0
1900-771X,doaj,issn_primario,coincidencia,100.0
2011-9836,doaj,issn_primario,coincidencia,100.0
0121-7550,doaj,issn_primario,coincidencia,100.0
1657-0308,doaj,issn_primario,coincidencia,100.0
2027-7458,doaj,issn_primario,coincidencia,100.0
2590-9215,doaj,issn_primario,coincidencia,100.0
0122-8285,doaj,issn_primario,coincidencia,100.0
2346-3279,doaj,issn_primario,coincidencia,100.0
2011-804X,doaj,issn_primario,coincidencia,100.0
1794-5887,doaj,issn_primario,coincidencia,100.0
0122-1108,doaj,issn_primario,coincidencia,100.0
1794-1598,doaj,issn_primario,coincidencia,100.0
2145-1389,doaj,issn_primario,coincidencia,100.0
1794-2470,doaj,issn_primario,coincidencia,100.0
2027-2391,doaj,issn_primario,coincidencia,100.0
0121-0793,doaj,issn_primario,coincidencia,100.0
2346-030X,doaj,issn_primario,coincidencia,100.0
0124-0102,doaj,issn_primario,coincidencia,100.0
0122-5383,doaj,issn_primario,coincidencia,100.0
1909-2458,doaj,issn_primario,coincidencia,100.0
0124-308X,doaj,issn_primario,coincidencia,100.0
2145-2946,doaj,issn_primario,coincidencia,100.0
0120-5498,doaj,issn_primario,coincidencia,100.0
2145-2776,doaj,issn_primario,coincidencia,100.0
0120-2812,doaj,issn_primario,coincidencia,100.0
1692-715X,doaj,issn_primario,coincidencia,100.0
1657-8961,doaj,issn_primario,coincidencia,100.0
0123-2614,doaj,issn_primario,coincidencia,100.0
2145-5147,doaj,issn_primario,coincidencia,100.0
1794-161X,doaj,issn_primario,coincidencia,100.0
0121-182X,doaj,issn_primario,coincidencia,100.0
2027-1786,doaj,issn_primario,coincidencia,100.0
0120-0135,doaj,issn_primario,coincidencia,100.0
1794-2918,doaj,issn_primario,coincidencia,100.0
0123-7799,doaj,issn_primario,coincidencia,100.0
1657-0448,doaj,issn_primario,coincidencia,100.0
1692-3561,doaj,issn_primario,coincidencia,100.0
0120-4130,doaj,issn_primario,coincidencia,100.0
0120-548X,doaj,issn_primario,coincidencia,100.0
0124-7441,doaj,issn_primario,coincidencia,100.0
0120-1867,doaj,issn_primario,coincidencia,100.0
2322-634X,doaj,issn_primario,coincidencia,100.0
2216-1201,doaj,issn_primario,coincidencia,100.0
1909-8367,doaj,issn_primario,coincidencia,100.0
0123-5095,doaj,issn_primario,coincidencia,100.0
0123-1294,doaj,issn_primario,coincidencia,100.0
0120-3886,doaj,issn_primario,coincidencia,100.0
0123-4226,doaj,issn_primario,coincidencia,100.0
0121-6538,doaj,issn_primario,coincidencia,100.0
0370-3908,doaj,issn_primario,coincidencia,100.0
0120-4645,doaj,issn_primario,coincidencia,100.0
0120-3045,doaj,issn_primario,coincidencia,100.0
2027-8306,doaj,issn_primario,coincidencia,100.0
0122-9354,doaj,issn_primario,coincidencia,100.0
0123-3769,doaj,issn_primario,coincidencia,100.0
1900-8325,doaj,issn_primario,coincidencia,100.0
2215-8405,doaj,issn_primario,coincidencia,100.0
0121-4004,doaj,issn_primario,coincidencia,100.0
0124-8693,doaj,issn_primario,coincidencia,100.0
2011-799X,doaj,issn_primario,coincidencia,100.0
2011-7582,doaj,issn_primario,coincidencia,100.0
2216-1473,doaj,issn_primario,coincidencia,100.0
0121-4772,doaj,issn_primario,coincidencia,100.0
2145-6445,doaj,issn_primario,coincidencia,100.0
1692-6013,doaj,issn_primario,coincidencia,100.0
2011-639X,doaj,issn_primario,coincidencia,100.0
1692-3960,doaj,issn_primario,coincidencia,100.0
0120-8748,doaj,issn_primario,coincidencia,100.0
2011-0324,doaj,issn_primario,coincidencia,100.0
0121-053X,doaj,issn_primario,coincidencia,100.0
1692-2522,doaj,issn_primario,coincidencia,100.0
2346-1780,doaj,issn_primario,coincidencia,100.0
0121-0483,doaj,issn_primario,coincidencia,100.0
1692-8415,doaj,issn_primario,coincidencia,100.0
0120-100X,doaj,issn_primario,coincidencia,100.0
0120-4203,doaj,issn_primario,coincidencia,100.0
2145-549X,doaj,issn_primario,coincidencia,100.0
0121-8417,doaj,issn_primario,coincidencia,100.0
2145-6097,doaj,issn_primario,coincidencia,100.0
1794-631X,doaj,issn_primario,coincidencia,100.0
0123-5923,doaj,issn_primario,coincidencia,100.0
1794-4953,doaj,issn_primario,coincidencia,100.0
2256-1498,doaj,issn_primario,coincidencia,100.0
0120-0976,doaj,issn_primario,coincidencia,100.0
1794-4724,doaj,issn_primario,coincidencia,100.0
2216-0973,doaj,issn_primario,coincidencia,100.0
2215-8421,doaj,issn_primario,coincidencia,100.0
1794-1237,doaj,issn_primario,coincidencia,100.0
2011-4540,doaj,issn_primario,coincidencia,100.0
0121-0041,doaj,issn_primario,coincidencia,100.0
1794-2489,doaj,issn_primario,coincidencia,100.0
0304-2847,doaj,issn_primario,coincidencia,100.0
0124-0137,doaj,issn_primario,coincidencia,100.0
1794-7111,doaj,issn_primario,coincidencia,100.0
1692-2484,doaj,issn_primario,coincidencia,100.0
2145-9258,doaj,issn_primario,coincidencia,100.0
1657-3412,doaj,issn_primario,coincidencia,100.0
1657-8953,doaj,issn_primario,coincidencia,100.0
1692-1798,doaj,issn_primario,coincidencia,100.0
2145-132X,doaj,issn_primario,coincidencia,100.0
2248-5759,doaj,issn_primario,coincidencia,100.0
0120-3053,doaj,issn_primario,coincidencia,100.0
1657-0111,doaj,issn_primario,coincidencia,100.0
1657-6799,doaj,issn_primario,coincidencia,100.0
1909-230X,doaj,issn_primario,coincidencia,100.0
1692-8261,doaj,issn_primario,coincidencia,100.0
0120-5307,doaj,issn_primario,coincidencia,100.0
0124-2253,doaj,issn_primario,coincidencia,100.0
2382-5014,doaj,issn_primario,coincidencia,100.0
1900-7922,doaj,issn_primario,coincidencia,100.0
0486-6525,doaj,issn_primario,coincidencia,100.0
1692-2530,doaj,issn_primario,coincidencia,100.0
0120-0062,doaj,issn_primario,coincidencia,100.0
0121-4470,doaj,issn_primario,coincidencia,100.0
1657-5997,doaj,issn_primario,coincidencia,100.0
0120-0690,doaj,issn_primario,coincidencia,100.0
1692-6250,doaj,issn_primario,coincidencia,100.0
1909-3888,doaj,issn_primario,coincidencia,100.0
1794-6190,doaj,issn_primario,coincidencia,100.0
0121-4500,doaj,issn_primario,coincidencia,100.0
1692-5777,doaj,issn_primario,coincidencia,100.0
1794-3108,doaj,issn_primario,coincidencia,100.0
0304-3584,doaj,issn_primario,coincidencia,100.0
1794-9831,doaj,issn_primario,coincidencia,100.0
0121-5612,doaj,issn_primario,coincidencia,100.0
1909-9746,doaj,issn_primario,coincidencia,100.0
0121-3261,doaj,issn_primario,coincidencia,100.0
0120-4157,doaj,issn_primario,coincidencia,100.0
0123-4471,doaj,issn_primario,coincidencia,100.0
2145-4086,doaj,issn_primario,coincidencia,100.0
0123-921X,doaj,issn_primario,coincidencia,100.0
2389-9050,doaj,issn_primario,coincidencia,100.0
2145-8987,doaj,issn_primario,coincidencia,100.0
0120-1263,doaj,issn_primario,coincidencia,100.0
1794-9998,doaj,issn_primario,coincidencia,100.0
0366-5232,doaj,issn_primario,coincidencia,100.0
0120-7180,doaj,issn_primario,coincidencia,100.0
0124-7107,doaj,issn_primario,coincidencia,100.0
0124-5996,doaj,issn_primario,coincidencia,100.0
1900-3803,doaj,issn_primario,coincidencia,100.0
1794-9165,doaj,issn_primario,coincidencia,100.0
1657-4206,doaj,issn_primario,coincidencia,100.0
0123-4366,doaj,issn_primario,coincidencia,100.0
0124-7255,doaj,issn_primario,coincidencia,100.0
1657-1959,doaj,issn_primario,coincidencia,100.0
2145-4426,doaj,issn_primario,coincidencia,100.0
2011-0731,doaj,issn_primario,coincidencia,100.0
1900-5016,doaj,issn_primario,coincidencia,100.0
0121-2494,doaj,issn_primario,coincidencia,100.0
0120-7555,doaj,issn_primario,coincidencia,100.0
0121-0807,doaj,issn_primario,coincidencia,100.0
1909-8642,doaj,issn_primario,coincidencia,100.0
0122-8900,doaj,issn_primario,coincidencia,100.0
2346-3775,doaj,issn_primario,coincidencia,100.0
2145-5074,doaj,issn_primario,coincidencia,100.0
1794-5992,doaj,issn_primario,coincidencia,100.0
0123-2576,doaj,issn_primario,coincidencia,100.0
0122-7610,doaj,issn_primario,coincidencia,100.0
0120-3754,doaj,issn_primario,coincidencia,100.0
2011-5474,doaj,issn_primario,coincidencia,100.0
0120-4165,doaj,issn_primario,coincidencia,100.0
2215-910X,doaj,issn_primario,coincidencia,100.0
0121-7372,doaj,issn_primario,coincidencia,100.0
0122-9893,doaj,issn_primario,coincidencia,100.0
0122-056X,doaj,issn_primario,coincidencia,100.0
0121-5167,doaj,issn_primario,coincidencia,100.0
1657-0790,doaj,issn_primario,coincidencia,100.0
1909-3063,doaj,issn_primario,coincidencia,100.0
0121-215X,doaj,issn_primario,coincidencia,100.0
0012-7353,doaj,issn_primario,coincidencia,100.0
0121-8530,doaj,issn_primario,coincidencia,100.0
0123-0425,doaj,issn_primario,coincidencia,100.0
0123-7047,doaj,issn_primario,coincidencia,100.0
2011-4532,doaj,issn_primario,coincidencia,100.0
0123-4986,doaj,issn_primario,coincidencia,100.0
0120-5609,doaj,issn_primario,coincidencia,100.0
1692-0279,doaj,issn_primario,coincidencia,100.0
0120-4327,doaj,issn_primario,coincidencia,100.0
2027-5137,doaj,issn_primario,coincidencia,100.0
0121-5051,doaj,issn_primario,coincidencia,100.0
0123-9155,doaj,issn_primario,coincidencia,100.0
1657-4702,doaj,issn_primario,coincidencia,100.0
0121-246X,doaj,issn_primario,coincidencia,100.0
0120-419X,doaj,issn_primario,coincidencia,100.0
0120-8942,doaj,issn_primario,coincidencia,100.0
2011-7191,doaj,issn_primario,coincidencia,100.0
0121-1129,doaj,issn_primario,coincidencia,100.0
0122-8420,doaj,issn_primario,coincidencia,100.0
1900-6608,doaj,issn_primario,coincidencia,100.0
1794-5658,doaj,issn_primario,coincidencia,100.0
1692-3324,doaj,issn_primario,coincidencia,100.0
0123-8418,doaj,issn_primario,coincidencia,100.0
2462-8603,doaj,issn_primario,coincidencia,100.0
0120-6346,doaj,issn_primario,coincidencia,100.0
0120-2456,doaj,issn_primario,coincidencia,100.0
1657-9089,doaj,issn_primario,coincidencia,100.0
2344-8652,doaj,issn_primario,coincidencia,100.0
0124-0579,doaj,issn_primario,coincidencia,100.0
0120-1468,doaj,issn_primario,coincidencia,100.0
0120-4823,doaj,issn_primario,coincidencia,100.0
1909-0528,doaj,issn_primario,coincidencia,100.0
2011-3757,doaj,issn_primario,coincidencia,100.0
0121-4128,doaj,issn_primario,coincidencia,100.0
2745-1402,doaj,issn_primario,coincidencia,100.0
0120-2952,doaj,issn_primario,coincidencia,100.0
1657-4915,doaj,issn_primario,coincidencia,100.0
1900-6586,doaj,issn_primario,coincidencia,100.0
0121-7577,doaj,issn_primario,coincidencia,100.0
1794-211X,doaj,issn_primario,coincidencia,100.0
1657-2513,doaj,issn_primario,coincidencia,100.0
0120-4807,doaj,issn_primario,coincidencia,100.0
0120-677X,doaj,issn_primario,coincidencia,100.0
0124-0099,doaj,issn_primario,coincidencia,100.0
0124-7913,doaj,issn_primario,coincidencia,100.0
0124-8170,doaj,issn_primario,coincidencia,100.0
0120-0283,doaj,issn_primario,coincidencia,100.0
2256-1676,doaj,issn_primario,coincidencia,100.0
2357-6308,doaj,issn_primario,coincidencia,100.0
1909-7050,doaj,issn_primario,coincidencia,100.0
0123-9392,doaj,issn_primario,coincidencia,100.0
0124-2121,doaj,issn_primario,coincidencia,100.0
0124-177X,doaj,issn_primario,coincidencia,100.0
0120-9965,doaj,issn_primario,coincidencia,100.0
1657-8651,doaj,issn_primario,coincidencia,100.0
0123-885X,doaj,issn_primario,coincidencia,100.0
0120-131X,doaj,issn_primario,coincidencia,100.0
0120-0011,doaj,issn_primario,coincidencia,100.0
0120-338X,doaj,issn_primario,coincidencia,100.0
0121-8670,doaj,issn_primario,coincidencia,100.0
1900-3080,doaj,issn_primario,coincidencia,100.0
2011-642X,doaj,issn_primario,coincidencia,100.0
0120-6230,doaj,issn_primario,coincidencia,100.0
0123-4641,doaj,issn_primario,coincidencia,100.0
0124-5376,doaj,issn_primario,coincidencia,100.0
2500-5375,doaj,issn_primario,coincidencia,100.0
2027-7822,doaj,issn_primario,coincidencia,100.0
1657-4672,doaj,issn_primario,coincidencia,100.0
0121-6805,doaj,issn_primario,coincidencia,100.0
2248-762X,doaj,issn_primario,coincidencia,100.0
2346-0466,doaj,issn_primario,coincidencia,100.0
1692-8563,doaj,issn_primario,coincidencia,100.0
1900-5407,doaj,issn_primario,coincidencia,100.0
0123-4412,doaj,issn_primario,coincidencia,100.0
1909-0544,doaj,issn_primario,coincidencia,100.0
0123-8884,doaj,issn_primario,coincidencia,100.0
0122-6339,doaj,issn_primario,coincidencia,100.0
0123-3475,doaj,issn_primario,coincidencia,100.0
0120-3630,doaj,issn_primario,coincidencia,100.0
1657-3986,doaj,issn_primario,coincidencia,100.0
1692-7273,doaj,issn_primario,coincidencia,100.0
1856-9536,doaj,issn_primario,coincidencia,100.0
1794-192X,doaj,issn_primario,coincidencia,100.0
2145-9282,doaj,issn_primario,coincidencia,100.0
1657-6535,doaj,issn_primario,coincidencia,100.0
2027-1034,doaj,issn_primario,coincidencia,100.0
0034-7434,doaj,issn_primario,coincidencia,100.0
0121-750X,doaj,issn_primario,coincidencia,100.0
0122-7483,doaj,issn_primario,coincidencia,100.0
1900-0642,doaj,issn_primario,coincidencia,100.0
2500-7440,doaj,issn_primario,coincidencia,100.0
0120-4661,doaj,issn_primario,coincidencia,100.0
0123-0670,doaj,issn_primario,coincidencia,100.0
0124-0781,doaj,issn_primario,coincidencia,100.0
1657-2831,doaj,issn_primario,coincidencia,100.0
0120-5633,doaj,issn_primario,coincidencia,100.0
2248-6046,doaj,issn_primario,coincidencia,100.0
0121-3628,doaj,issn_primario,coincidencia,100.0
0124-4620,doaj,issn_primario,coincidencia,100.0
2382-4018,doaj,issn_primario,coincidencia,100.0
0123-5931,doaj,issn_primario,coincidencia,100.0
0121-747X,doaj,issn_primario,coincidencia,100.0
0123-8264,doaj,issn_primario,coincidencia,100.0
0120-5927,doaj,issn_primario,coincidencia,100.0
1900-6896,doaj,issn_primario,coincidencia,100.0
0123-3432,doaj,issn_primario,coincidencia,100.0
0034-7450,doaj,titulo_secundario_fuzzy,coincidencia,90.0
2539-3669,doaj,titulo_secundario_fuzzy,coincidencia,85.5
2215-7727,doaj,titulo_secundario_fuzzy,coincidencia,90.0
2590-4566,doaj,titulo_secundario_fuzzy,coincidencia,90.0
1657-9267,doaj,titulo_secundario_fuzzy,coincidencia,90.0
2590-8669,doaj,titulo_secundario_fuzzy,coincidencia,90.0
2462-8794,doaj,titulo_secundario_exacto,coincidencia,100.0
2027-5374,doaj,titulo_secundario_fuzzy,coincidencia,90.0
2346-2442,doaj,titulo_secundario_fuzzy,coincidencia,90.0
2382-4980,doaj,titulo_secundario_fuzzy,coincidencia,90.0
2389-7716,doaj,titulo_secundario_fuzzy,coincidencia,90.0
2346-2450,doaj,titulo_secundario_fuzzy,coincidencia,90.0
2346-206X,doaj,titulo_secundario_fuzzy,coincidencia,90.0
2145-566X,doaj,titulo_secundario_fuzzy,coincidencia,85.5
2382-4700,doaj,titulo_secundario_fuzzy,coincidencia,90.0
2665-4385,doaj,titulo_secundario_fuzzy,coincidencia,90.0
2539-3596,doaj,titulo_secundario_exacto,coincidencia,100.0
2665-2420,doaj,titulo_secundario_fuzzy,coincidencia,90.0
2357-5905,doaj,titulo_secundario_fuzzy,coincidencia,90.0
0123-5362,doaj,titulo_secundario_exacto,coincidencia,100.0
2357-4720,doaj,titulo_secundario_fuzzy,coincidencia,90.0
2346-0806,doaj,titulo_secundario_exacto,coincidencia,100.0
2389-8844,doaj,titulo_secundario_fuzzy,coincidencia,85.5
2500-5227,doaj,titulo_secundario_fuzzy,coincidencia,85.5
2256-4322,doaj,titulo_secundario_fuzzy,coincidencia,85.5
2500-5324,doaj,titulo_secundario_exacto,coincidencia,100.0
2422-4200,doaj,titulo_secundario_fuzzy,coincidencia,95.0
2462-9596,doaj,titulo_secundario_fuzzy,coincidencia,90.0
2216-0280,doaj,titulo_secundario_fuzzy,coincidencia,90.0
2665-1327,doaj,titulo_secundario_fuzzy,coincidencia,95.0
2027-128X,doaj,titulo_secundario_fuzzy,coincidencia,85.5
2256-3938,doaj,titulo_secundario_fuzzy,coincidencia,90.0
2422-5053,doaj,titulo_secundario_fuzzy,coincidencia,90.0
2145-9371,doaj,titulo_secundario_fuzzy,coincidencia,90.0
2322-6889,doaj,titulo_secundario_fuzzy,coincidencia,90.0
2011-4273,doaj,titulo_secundario_fuzzy,coincidencia,90.0
2256-5779,doaj,titulo_secundario_fuzzy,coincidencia,90.0
2011-219X,doaj,titulo_secundario_fuzzy,coincidencia,90.0
2462-991X,doaj,titulo_secundario_fuzzy,coincidencia,90.0
2382-3240,doaj,titulo_secundario_fuzzy,coincidencia,90.0
2665-3273,doaj,titulo_secundario_fuzzy,coincidencia,90.0
2389-9980,doaj,titulo_secundario_fuzzy,coincidencia,90.0
2500-6436,doaj,titulo_secundario_fuzzy,coincidencia,90.0
2463-1140,doaj,titulo_secundario_fuzzy,coincidencia,90.9090909090909
2357-3848,doaj,titulo_secundario_fuzzy,coincidencia,90.0
2011-1711,doaj,titulo_secundario_fuzzy,coincidencia,90.9090909090909
2590-4604,doaj,titulo_secundario_fuzzy,coincidencia,90.0
2462-7658,doaj,titulo_secundario_fuzzy,coincidencia,85.5
2590-4671,doaj,titulo_secundario_fuzzy,coincidencia,95.0
2665-6744,doaj,titulo_secundario_fuzzy,coincidencia,90.0
2256-358X,doaj,titulo_secundario_fuzzy,coincidencia,90.0
2027-212X,doaj,titulo_secundario_fuzzy,coincidencia,90.0
0121-4705,doaj,titulo_secundario_fuzzy,coincidencia,90.0
2422-3182,doaj,titulo_secundario_exacto,coincidencia,100.0
2389-8755,doaj,titulo_secundario_fuzzy,coincidencia,90.0
2145-6453,doaj,titulo_secundario_fuzzy,coincidencia,95.0
2248-4345,doaj,titulo_secundario_exacto,coincidencia,100.0
2256-5442,doaj,titulo_secundario_fuzzy,coincidencia,90.0
2382-4581,doaj,titulo_secundario_fuzzy,coincidencia,90.0
1900-6152,doaj,titulo_secundario_fuzzy,coincidencia,92.12121212121211
2256-5469,doaj,titulo_secundario_fuzzy,coincidencia,85.5
2500-5421,doaj,titulo_secundario_fuzzy,coincidencia,90.0
2248-7026,doaj,titulo_secundario_fuzzy,coincidencia,85.5
2216-135X,doaj,titulo_secundario_exacto,coincidencia,100.0
2256-2273,doaj,titulo_secundario_fuzzy,coincidencia,94.11764705882352
2027-7679,doaj,titulo_secundario_fuzzy,coincidencia,90.0
2145-4515,doaj,titulo_secundario_fuzzy,coincidencia,90.0
2462-8115,doaj,titulo_secundario_fuzzy,coincidencia,90.0
2256-4314,doaj,titulo_secundario_fuzzy,coincidencia,95.0
2665-3281,doaj,titulo_secundario_fuzzy,coincidencia,90.0
2011-3080,doaj,titulo_secundario_fuzzy,coincidencia,95.0
2539-0279,doaj,titulo_secundario_fuzzy,coincidencia,94.73684210526316
1794-0915,doaj,titulo_secundario_fuzzy,coincidencia,90.0
2145-8529,doaj,titulo_secundario_fuzzy,coincidencia,95.0
1794-5240,doaj,titulo_secundario_fuzzy,coincidencia,90.0
2463-0225,doaj,titulo_secundario_fuzzy,coincidencia,86.15384615384616
2344-8644,doaj,titulo_secundario_fuzzy,coincidencia,90.0
2248-4337,doaj,titulo_secundario_exacto,coincidencia,100.0
2248-8723,doaj,titulo_secundario_fuzzy,coincidencia,90.0
2462-8190,doaj,titulo_secundario_fuzzy,coincidencia,90.0
2357-3260,doaj,titulo_secundario_fuzzy,coincidencia,90.0
2346-2051,doaj,titulo_secundario_fuzzy,coincidencia,90.0
1909-7735,doaj,titulo_secundario_fuzzy,coincidencia,90.0
2357-6014,doaj,titulo_secundario_fuzzy,coincidencia,90.0
2011-7477,doaj,titulo_secundario_exacto,coincidencia,100.0
2346-0261,doaj,titulo_secundario_fuzzy,coincidencia,90.0
2145-2660,doaj,titulo_secundario_fuzzy,coincidencia,90.0
2256-2958,doaj,titulo_secundario_fuzzy,coincidencia,85.71428571428572
2145-941X,doaj,titulo_secundario_fuzzy,coincidencia,90.0
2422-3794,doaj,titulo_secundario_fuzzy,coincidencia,94.11764705882352
1900-7205,doaj,titulo_secundario_fuzzy,coincidencia,92.85714285714286
2256-5450,doaj,titulo_secundario_fuzzy,coincidencia,90.0
2357-626X,doaj,titulo_secundario_exacto,coincidencia,100.0
2346-2426,doaj,titulo_secundario_fuzzy,coincidencia,90.0
2145-0366,doaj,titulo_secundario_fuzzy,coincidencia,90.0
2711-0044,doaj,titulo_secundario_exacto,coincidencia,100.0
2027-8284,doaj,titulo_secundario_fuzzy,coincidencia,90.0
2027-5358,doaj,titulo_secundario_fuzzy,coincidencia,90.0
2011-7574,doaj,titulo_secundario_exacto,coincidencia,100.0
2145-7719,doaj,titulo_secundario_fuzzy,coincidencia,90.0
1692-7125,doaj,titulo_secundario_fuzzy,coincidencia,90.0
2539-4711,doaj,titulo_secundario_fuzzy,coincidencia,90.0
1900-1649,doaj,titulo_secundario_fuzzy,coincidencia,90.0
2323-0134,doaj,titulo_secundario_fuzzy,coincidencia,90.0
2215-9959,doaj,titulo_secundario_fuzzy,coincidencia,90.0
2256-5647,doaj,titulo_secundario_fuzzy,coincidencia,90.0
2011-7663,doaj,titulo_secundario_fuzzy,coincidencia,90.0
2248-7638,doaj,titulo_secundario_fuzzy,coincidencia,90.0
2390-0032,doaj,titulo_secundario_fuzzy,coincidencia,90.0
2216-1368,doaj,titulo_secundario_fuzzy,coincidencia,90.9090909090909
1909-7700,doaj,titulo_secundario_exacto,coincidencia,100.0
2539-1208,doaj,titulo_secundario_fuzzy,coincidencia,90.0
2145-4507,doaj,titulo_secundario_fuzzy,coincidencia,96.2962962962963
2256-5027,doaj,titulo_secundario_fuzzy,coincidencia,90.0
2145-8464,doaj,titulo_secundario_fuzzy,coincidencia,85.5
2665-4814,doaj,titulo_secundario_fuzzy,coincidencia,90.0
2389-7856,doaj,titulo_secundario_exacto,coincidencia,100.0
2463-0950,doaj,titulo_secundario_fuzzy,coincidencia,90.0
0120-0534,doaj,titulo_secundario_fuzzy,coincidencia,90.0
2539-472X,doaj,titulo_secundario_fuzzy,coincidencia,90.0
1794-9920,doaj,titulo_secundario_fuzzy,coincidencia,90.0
2619-2551,doaj,titulo_secundario_fuzzy,coincidencia,90.0
2462-859X,doaj,titulo_secundario_fuzzy,coincidencia,90.0
2011-2742,doaj,titulo_secundario_fuzzy,coincidencia,90.0
2322-9675,doaj,titulo_secundario_fuzzy,coincidencia,90.0
2389-7724,doaj,titulo_secundario_fuzzy,coincidencia,95.0
2344-8350,doaj,titulo_secundario_exacto,coincidencia,100.0
2357-4100,doaj,titulo_secundario_fuzzy,coincidencia,90.0
0120-5587,doaj,titulo_secundario_fuzzy,coincidencia,95.0
2346-1829,doaj,titulo_secundario_fuzzy,coincidencia,90.0
2462-9448,doaj,titulo_secundario_fuzzy,coincidencia,90.0
2462-8425,doaj,titulo_secundario_fuzzy,coincidencia,85.5
2256-5485,doaj,titulo_secundario_fuzzy,coincidencia,90.0
2346-3864,doaj,titulo_secundario_fuzzy,coincidencia,90.0
2145-8456,doaj,titulo_secundario_fuzzy,coincidencia,90.0
2011-7485,doaj,titulo_secundario_fuzzy,coincidencia,90.0
2344-8393,doaj,titulo_secundario_exacto,coincidencia,100.0
2389-8526,doaj,titulo_secundario_exacto,coincidencia,100.0
2619-3752,doaj,titulo_secundario_fuzzy,coincidencia,90.0
2463-0470,doaj,titulo_secundario_fuzzy,coincidencia,90.0
2248-6941,doaj,titulo_secundario_fuzzy,coincidencia,92.3076923076923
2256-5337,doaj,titulo_secundario_fuzzy,coincidencia,91.66666666666666
2500-8684,doaj,titulo_secundario_fuzzy,coincidencia,90.0
2462-8441,doaj,titulo_secundario_fuzzy,coincidencia,90.0
2389-7848,doaj,titulo_secundario_fuzzy,coincidencia,90.0
2011-3668,doaj,titulo_secundario_fuzzy,coincidencia,90.0
2256-3202,doaj,titulo_secundario_fuzzy,coincidencia,90.0
2389-9417,doaj,titulo_secundario_fuzzy,coincidencia,95.0
2500-6177,doaj,titulo_secundario_fuzzy,coincidencia,90.0
2248-4094,doaj,titulo_secundario_fuzzy,coincidencia,90.0
2323-0118,doaj,titulo_secundario_fuzzy,coincidencia,90.0
2248-4078,doaj,titulo_secundario_fuzzy,coincidencia,90.0
2390-0016,doaj,titulo_secundario_fuzzy,coincidencia,90.0
1909-8758,doaj,titulo_secundario_fuzzy,coincidencia,90.0
2256-5531,doaj,titulo_secundario_fuzzy,coincidencia,90.0
0121-3784,doaj,titulo_secundario_fuzzy,coincidencia,90.0
2145-9797,doaj,titulo_secundario_fuzzy,coincidencia,95.0
2389-993X,doaj,titulo_secundario_fuzzy,coincidencia,90.9090909090909
2339-3459,doaj,titulo_secundario_fuzzy,coincidencia,95.0
2665-3354,doaj,titulo_secundario_fuzzy,coincidencia,90.0
2145-4531,doaj,titulo_secundario_fuzzy,coincidencia,90.0
1794-8886,doaj,titulo_secundario_fuzzy,coincidencia,90.0
2323-0126,doaj,titulo_secundario_fuzzy,coincidencia,90.0
2389-8976,doaj,titulo_secundario_fuzzy,coincidencia,85.71428571428572
2539-4169,doaj,titulo_secundario_fuzzy,coincidencia,95.0
2145-8502,doaj,titulo_secundario_fuzzy,coincidencia,90.0
2027-1352,doaj,titulo_secundario_fuzzy,coincidencia,90.0
2256-2796,doaj,titulo_secundario_exacto,coincidencia,100.0
2357-3791,doaj,titulo_secundario_fuzzy,coincidencia,90.0
2346-2183,doaj,titulo_secundario_fuzzy,coincidencia,90.0
2590-7379,doaj,titulo_secundario_exacto,coincidencia,100.0
2256-3334,doaj,titulo_secundario_fuzzy,coincidencia,90.0
2357-3759,doaj,titulo_secundario_fuzzy,coincidencia,90.0
2462-8433,doaj,titulo_secundario_fuzzy,coincidencia,90.0
2256-201X,doaj,titulo_secundario_fuzzy,coincidencia,90.0
2322-777X,doaj,titulo_secundario_fuzzy,coincidencia,90.0
1900-1592,doaj,titulo_secundario_fuzzy,coincidencia,85.5
2248-6011,doaj,titulo_secundario_fuzzy,coincidencia,90.0
2500-6045,doaj,titulo_secundario_fuzzy,coincidencia,90.0
2500-7645,doaj,titulo_secundario_fuzzy,coincidencia,90.0
2346-1691,doaj,titulo_secundario_exacto,coincidencia,100.0
2145-4604,doaj,titulo_secundario_fuzzy,coincidencia,90.0
2590-521X,doaj,titulo_secundario_fuzzy,coincidencia,85.5
2500-5316,doaj,titulo_secundario_fuzzy,coincidencia,90.0
2389-7732,doaj,titulo_secundario_fuzzy,coincidencia,90.0
2027-534X,doaj,titulo_secundario_fuzzy,coincidencia,95.0
2539-0554,doaj,titulo_secundario_fuzzy,coincidencia,90.0
1909-7743,doaj,titulo_secundario_fuzzy,coincidencia,90.0
1657-9534,doaj,titulo_secundario_fuzzy,coincidencia,90.0
1900-7760,doaj,titulo_secundario_fuzzy,coincidencia,90.0
2215-8944,doaj,titulo_secundario_fuzzy,coincidencia,90.0
2215-9185,doaj,titulo_secundario_fuzzy,coincidencia,90.0
1900-9178,doaj,titulo_secundario_fuzzy,coincidencia,85.5
2256-5493,doaj,titulo_secundario_exacto,coincidencia,100.0
2145-8499,doaj,titulo_secundario_fuzzy,coincidencia,90.0
2027-145X,doaj,titulo_secundario_fuzzy,coincidencia,90.0
2145-9169,doaj,titulo_secundario_exacto,coincidencia,100.0
2248-4086,doaj,titulo_secundario_fuzzy,coincidencia,90.0
2216-0388,doaj,titulo_secundario_exacto,coincidencia,100.0
0122-4409,doaj,titulo_secundario_fuzzy,coincidencia,90.0
1012-8255,doaj,titulo_secundario_fuzzy,coincidencia,90.0
2027-9000,doaj,titulo_secundario_fuzzy,coincidencia,90.0
2215-9177,doaj,titulo_secundario_fuzzy,coincidencia,90.0
1900-5180,doaj,titulo_secundario_exacto,coincidencia,100.0
2027-2731,doaj,titulo_secundario_fuzzy,coincidencia,90.0
2619-4066,doaj,titulo_secundario_fuzzy,coincidencia,90.0
2256-5248,doaj,titulo_secundario_fuzzy,coincidencia,90.0
2027-5382,doaj,titulo_secundario_fuzzy,coincidencia,90.0
2539-4762,doaj,titulo_secundario_fuzzy,coincidencia,90.0
2145-0706,doaj,titulo_secundario_fuzzy,coincidencia,90.0
1909-9711,doaj,titulo_secundario_fuzzy,coincidencia,90.0
2357-5328,doaj,titulo_secundario_fuzzy,coincidencia,90.0
2538-9866,doaj,titulo_secundario_fuzzy,coincidencia,90.0
2382-3860,doaj,titulo_secundario_fuzzy,coincidencia,90.0
1909-7719,doaj,titulo_secundario_fuzzy,coincidencia,90.0
2248-6054,doaj,titulo_secundario_fuzzy,coincidencia,90.0
2357-3732,doaj,titulo_secundario_fuzzy,coincidencia,90.0
1909-7727,doaj,titulo_secundario_fuzzy,coincidencia,90.0
2357-6286,doaj,titulo_secundario_fuzzy,coincidencia,90.0
2145-8480,doaj,titulo_secundario_fuzzy,coincidencia,90.0
2422-3719,doaj,titulo_secundario_fuzzy,coincidencia,85.5
2145-8553,doaj,titulo_secundario_fuzzy,coincidencia,94.11764705882352
1900-2386,doaj,titulo_secundario_fuzzy,coincidencia,90.0
2422-3271,doaj,titulo_secundario_fuzzy,coincidencia,90.0
2027-0119,doaj,titulo_secundario_fuzzy,coincidencia,90.0
0120-4211,doaj,titulo_secundario_fuzzy,coincidencia,90.0
2256-5760,doaj,titulo_secundario_fuzzy,coincidencia,92.3076923076923
2539-3804,doaj,titulo_secundario_exacto,coincidencia,100.0
2027-1182,doaj,titulo_secundario_fuzzy,coincidencia,90.0
2011-2769,doaj,titulo_secundario_fuzzy,coincidencia,90.0
2422-409X,doaj,titulo_secundario_fuzzy,coincidencia,90.0
2256-5078,doaj,titulo_secundario_fuzzy,coincidencia,92.85714285714286
2256-3067,doaj,titulo_secundario_fuzzy,coincidencia,90.0
2539-4991,doaj,titulo_secundario_exacto,coincidencia,100.0
2011-7922,doaj,titulo_secundario_exacto,coincidencia,100.0
2619-4244,doaj,titulo_secundario_fuzzy,coincidencia,90.0
2145-7778,doaj,titulo_secundario_fuzzy,coincidencia,90.0
1900-6004,doaj,titulo_secundario_fuzzy,coincidencia,90.0
2539-200X,doaj,titulo_secundario_fuzzy,coincidencia,90.0
2145-308X,doaj,titulo_secundario_exacto,coincidencia,100.0
2344-7214,doaj,titulo_secundario_fuzzy,coincidencia,90.0
2027-5366,doaj,titulo_secundario_fuzzy,coincidencia,90.0
1909-9959,doaj,titulo_secundario_fuzzy,coincidencia,90.0
0034-7426,doaj,titulo_secundario_fuzzy,coincidencia,90.0
2027-2448,doaj,titulo_secundario_fuzzy,coincidencia,90.0
2539-5203,doaj,titulo_secundario_fuzzy,coincidencia,90.0
2322-7028,doaj,titulo_secundario_fuzzy,coincidencia,90.0
2145-7166,doaj,titulo_secundario_fuzzy,coincidencia,90.0
2500-8692,doaj,titulo_secundario_fuzzy,coincidencia,90.0
2590-9452,doaj,titulo_secundario_fuzzy,coincidencia,90.0
2346-0199,doaj,titulo_secundario_fuzzy,coincidencia,90.9090909090909
2500-6517,doaj,titulo_secundario_fuzzy,coincidencia,90.0
2665-3834,doaj,titulo_secundario_fuzzy,coincidencia,90.0
2027-2103,doaj,titulo_secundario_fuzzy,coincidencia,90.0
2346-3414,doaj,titulo_secundario_exacto,coincidencia,100.0
2145-9355,doaj,titulo_secundario_exacto,coincidencia,100.0
2322-956X,doaj,titulo_secundario_fuzzy,coincidencia,85.5
2389-9387,doaj,titulo_secundario_fuzzy,coincidencia,90.0
2346-0253,doaj,titulo_secundario_fuzzy,coincidencia,90.0
2256-1536,doaj,titulo_secundario_exacto,coincidencia,100.0
2389-7066,doaj,titulo_secundario_fuzzy,coincidencia,90.0
2339-3874,doaj,titulo_secundario_fuzzy,coincidencia,90.0
0121-7607,doaj,titulo_secundario_fuzzy,coincidencia,90.0
2344-8636,doaj,titulo_secundario_fuzzy,coincidencia,90.0
2665-5837,doaj,titulo_secundario_fuzzy,coincidencia,85.5
2390-0504,doaj,titulo_secundario_fuzzy,coincidencia,90.0
2389-8194,doaj,titulo_secundario_exacto,coincidencia,100.0
2027-5692,doaj,titulo_secundario_fuzzy,coincidencia,85.5
0120-4483,doaj,titulo_secundario_fuzzy,coincidencia,95.0
2422-2844,doaj,titulo_secundario_fuzzy,coincidencia,90.0
0120-2510,doaj,titulo_secundario_exacto,coincidencia,100.0
1794-8932,doaj,titulo_secundario_exacto,coincidencia,100.0
1692-5858,doaj,titulo_secundario_exacto,coincidencia,100.0
1909-5759,doaj,titulo_secundario_fuzzy,coincidencia,90.0
0123-9015,doaj,titulo_secundario_fuzzy,coincidencia,90.9090909090909
2145-2628,doaj,titulo_secundario_exacto,coincidencia,100.0
1794-4449,doaj,titulo_secundario_fuzzy,coincidencia,90.0
0122-8803,doaj,titulo_secundario_fuzzy,coincidencia,90.0
0122-5197,doaj,titulo_secundario_fuzzy,coincidencia,90.0
0123-3033,doaj,titulo_secundario_fuzzy,coincidencia,90.0
0120-2448,doaj,titulo_secundario_fuzzy,coincidencia,90.0
0124-2059,doaj,titulo_secundario_fuzzy,coincidencia,85.5
1794-8290,doaj,titulo_secundario_fuzzy,coincidencia,90.0
0120-3347,doaj,titulo_secundario_fuzzy,coincidencia,90.0
0034-7418,doaj,titulo_secundario_fuzzy,coincidencia,85.5
1657-7027,doaj,titulo_secundario_fuzzy,coincidencia,90.0
1657-320X,doaj,titulo_secundario_fuzzy,coincidencia,90.0
0121-5469,doaj,titulo_secundario_fuzzy,coincidencia,90.0
0120-159X,doaj,titulo_secundario_fuzzy,coincidencia,90.0
0122-8706,doaj,titulo_secundario_fuzzy,coincidencia,90.0
0121-0319,doaj,titulo_secundario_fuzzy,coincidencia,90.0
0121-7488,doaj,titulo_secundario_fuzzy,coincidencia,85.5
1909-9762,doaj,titulo_secundario_fuzzy,coincidencia,90.0
2011-2106,doaj,titulo_secundario_fuzzy,coincidencia,90.0
1794-6670,doaj,titulo_secundario_fuzzy,coincidencia,90.0
0120-0488,doaj,titulo_secundario_fuzzy,coincidencia,90.0
0123-3068,doaj,titulo_secundario_fuzzy,coincidencia,90.0
0121-3474,doaj,titulo_secundario_fuzzy,coincidencia,90.0
2322-9381,doaj,titulo_secundario_fuzzy,coincidencia,90.0
0120-1700,doaj,titulo_secundario_fuzzy,coincidencia,90.0
1909-4450,doaj,titulo_secundario_fuzzy,coincidencia,90.0
0122-1701,doaj,titulo_secundario_fuzzy,coincidencia,90.0
1657-6357,doaj,titulo_secundario_fuzzy,coincidencia,95.0
0122-6517,doaj,titulo_secundario_fuzzy,coincidencia,90.0
1657-107X,doaj,titulo_secundario_fuzzy,coincidencia,90.0
0123-1472,doaj,titulo_secundario_fuzzy,coincidencia,90.0
1900-8260,doaj,titulo_secundario_fuzzy,coincidencia,90.0
0122-820X,doaj,titulo_secundario_fuzzy,coincidencia,90.0
2216-0159,doaj,titulo_secundario_fuzzy,coincidencia,90.0
0124-8146,doaj,titulo_secundario_fuzzy,coincidencia,90.0
0121-4381,doaj,titulo_secundario_fuzzy,coincidencia,95.0
0120-3649,doaj,titulo_secundario_fuzzy,coincidencia,90.0
1794-7200,doaj,titulo_secundario_fuzzy,coincidencia,85.5
0124-0064,doaj,titulo_secundario_exacto,coincidencia,100.0
0120-9957,doaj,titulo_secundario_fuzzy,coincidencia,90.0
1657-4249,doaj,titulo_secundario_exacto,coincidencia,100.0
0121-3814,doaj,titulo_secundario_fuzzy,coincidencia,90.0
0121-8123,doaj,titulo_secundario_fuzzy,coincidencia,90.0
0120-3932,doaj,titulo_secundario_fuzzy,coincidencia,90.0
0120-3592,doaj,titulo_secundario_fuzzy,coincidencia,92.85714285714286
0123-2126,doaj,titulo_secundario_fuzzy,coincidencia,90.0
2011-2173,doaj,titulo_secundario_fuzzy,coincidencia,85.5
1909-8391,doaj,titulo_secundario_fuzzy,coincidencia,90.0
0122-9761,doaj,titulo_secundario_fuzzy,coincidencia,95.0
2145-3535,doaj,titulo_secundario_fuzzy,coincidencia,90.0
0122-0268,doaj,titulo_secundario_fuzzy,coincidencia,90.0
0122-8102,doaj,titulo_secundario_exacto,coincidencia,100.0
0120-5323,doaj,titulo_secundario_fuzzy,coincidencia,90.0
0041-9060,doaj,titulo_secundario_fuzzy,coincidencia,90.9090909090909
1657-9763,doaj,titulo_secundario_fuzzy,coincidencia,90.0
0124-6127,doaj,titulo_secundario_fuzzy,coincidencia,90.0
2145-4892,doaj,titulo_secundario_fuzzy,coincidencia,90.0
1900-4699,doaj,titulo_secundario_fuzzy,coincidencia,90.0
1692-7311,doaj,titulo_secundario_fuzzy,coincidencia,85.5
1692-3030,doaj,titulo_secundario_fuzzy,coincidencia,90.0
0124-0021,doaj,titulo_secundario_fuzzy,coincidencia,90.0
1909-3667,doaj,titulo_secundario_fuzzy,coincidencia,90.9090909090909
0120-8462,doaj,titulo_secundario_fuzzy,coincidencia,95.0
0123-3122,doaj,titulo_secundario_fuzzy,coincidencia,90.0
2027-1557,doaj,titulo_secundario_fuzzy,coincidencia,85.5
1900-9607,doaj,titulo_secundario_fuzzy,coincidencia,90.0
0124-2067,doaj,titulo_secundario_fuzzy,coincidencia,90.0
0122-2066,doaj,titulo_secundario_fuzzy,coincidencia,90.0
0120-3576,doaj,titulo_secundario_fuzzy,coincidencia,90.0
0124-793X,doaj,titulo_secundario_fuzzy,coincidencia,89.47368421052632
1900-7841,doaj,titulo_secundario_fuzzy,coincidencia,85.5
2145-3985,doaj,titulo_secundario_fuzzy,coincidencia,94.73684210526316
2145-9932,doaj,titulo_secundario_fuzzy,coincidencia,95.0
2339-3084,doaj,titulo_secundario_exacto,coincidencia,100.0
1794-7561,doaj,titulo_secundario_fuzzy,coincidencia,90.0
1657-4214,doaj,titulo_secundario_fuzzy,coincidencia,90.0
0120-8411,doaj,titulo_secundario_fuzzy,coincidencia,85.5
0124-4361,doaj,titulo_secundario_fuzzy,coincidencia,90.0
1794-5232,doaj,titulo_secundario_fuzzy,coincidencia,90.0
1794-6298,doaj,titulo_secundario_fuzzy,coincidencia,90.0
1692-1399,doaj,titulo_secundario_exacto,coincidencia,100.0
1657-2815,doaj,titulo_secundario_fuzzy,coincidencia,90.0
0121-3652,doaj,titulo_secundario_fuzzy,coincidencia,90.0
2011-3501,doaj,titulo_secundario_fuzzy,coincidencia,90.0
1657-9553,doaj,titulo_secundario_fuzzy,coincidencia,90.0
0123-9465,doaj,titulo_secundario_fuzzy,coincidencia,90.0
1794-8347,doaj,titulo_secundario_fuzzy,coincidencia,85.5
1909-9851,doaj,titulo_secundario_fuzzy,coincidencia,90.0
2011-8643,doaj,titulo_secundario_fuzzy,coincidencia,90.0
1692-5238,doaj,titulo_secundario_fuzzy,coincidencia,90.0
2011-513X,doaj,titulo_secundario_fuzzy,coincidencia,90.0
2011-0413,doaj,titulo_secundario_fuzzy,coincidencia,85.5
2027-3401,doaj,titulo_secundario_fuzzy,coincidencia,90.0
1692-7427,doaj,titulo_secundario_fuzzy,coincidencia,85.5
2027-923X,doaj,titulo_secundario_fuzzy,coincidencia,90.0
0122-994X,doaj,titulo_secundario_fuzzy,coincidencia,90.0
0122-6150,doaj,titulo_secundario_fuzzy,coincidencia,90.0
0120-4319,doaj,titulo_secundario_fuzzy,coincidencia,90.0
1657-3498,doaj,titulo_secundario_fuzzy,coincidencia,90.0
0123-3734,doaj,titulo_secundario_fuzzy,coincidencia,90.0
1692-5491,doaj,titulo_secundario_fuzzy,coincidencia,85.5
1794-9815,doaj,titulo_secundario_fuzzy,coincidencia,90.0
0124-6542,doaj,titulo_secundario_fuzzy,coincidencia,90.0
2011-222X,doaj,titulo_secundario_fuzzy,coincidencia,90.0
1692-7389,doaj,titulo_secundario_fuzzy,coincidencia,90.0
1900-2785,doaj,titulo_secundario_fuzzy,coincidencia,90.0
0121-5256,doaj,titulo_secundario_exacto,coincidencia,100.0
1909-2814,doaj,titulo_secundario_fuzzy,coincidencia,90.0
0122-0667,doaj,titulo_secundario_fuzzy,coincidencia,90.0
0124-7816,doaj,titulo_secundario_fuzzy,coincidencia,90.0
0121-2753,doaj,titulo_secundario_fuzzy,coincidencia,90.0
0123-7756,doaj,titulo_secundario_fuzzy,coincidencia,90.0
0121-4993,doaj,titulo_secundario_exacto,coincidencia,100.0
0568-3076,doaj,titulo_secundario_fuzzy,coincidencia,90.0
2145-6569,doaj,titulo_secundario_fuzzy,coincidencia,90.0
2215-9444,doaj,titulo_secundario_fuzzy,coincidencia,90.0
1657-9550,doaj,titulo_secundario_fuzzy,coincidencia,90.0
0123-580X,doaj,titulo_secundario_fuzzy,coincidencia,90.0
2256-3342,doaj,titulo_secundario_fuzzy,coincidencia,90.0
2256-151X,doaj,titulo_secundario_exacto,coincidencia,100.0
1692-8571,doaj,titulo_secundario_fuzzy,coincidencia,90.0
0123-1154,doaj,titulo_secundario_fuzzy,coincidencia,90.0
2027-1840,doaj,titulo_secundario_fuzzy,coincidencia,90.0
2011-5318,doaj,titulo_secundario_fuzzy,coincidencia,90.0
1900-9771,doaj,titulo_secundario_fuzzy,coincidencia,90.0
2215-7190,doaj,titulo_secundario_fuzzy,coincidencia,90.0
1909-7778,doaj,titulo_secundario_exacto,coincidencia,100.0
1900-4257,doaj,titulo_secundario_fuzzy,coincidencia,90.0
0120-6222,doaj,titulo_secundario_fuzzy,coincidencia,90.0
1657-3978,doaj,titulo_secundario_fuzzy,coincidencia,85.5
0123-4072,doaj,titulo_secundario_exacto,coincidencia,100.0
2215-8812,doaj,titulo_secundario_fuzzy,coincidencia,85.5
1692-8156,doaj,titulo_secundario_fuzzy,coincidencia,90.0
1909-2407,doaj,titulo_secundario_fuzzy,coincidencia,90.0
0121-2923,doaj,titulo_secundario_fuzzy,coincidencia,90.0
2248-7441,doaj,titulo_secundario_fuzzy,coincidencia,90.0
0120-4874,doaj,titulo_secundario_fuzzy,coincidencia,90.0
1909-7794,doaj,titulo_secundario_fuzzy,coincidencia,90.0
2027-3355,doaj,titulo_secundario_fuzzy,coincidencia,90.0
0121-067X,doaj,titulo_secundario_fuzzy,coincidencia,92.85714285714286
1692-9403,doaj,titulo_secundario_exacto,coincidencia,100.0
1657-723X,doaj,titulo_secundario_fuzzy,coincidencia,90.0
1692-6226,doaj,titulo_secundario_fuzzy,coincidencia,90.0
0121-5426,doaj,titulo_secundario_fuzzy,coincidencia,90.47619047619048
0122-4328,doaj,titulo_secundario_exacto,coincidencia,100.0
0122-9729,doaj,titulo_secundario_fuzzy,coincidencia,90.0
2322-9721,doaj,titulo_secundario_exacto,coincidencia,100.0
0120-0143,doaj,titulo_secundario_fuzzy,coincidencia,90.0
0562-5351,doaj,titulo_secundario_fuzzy,coincidencia,90.0
1692-5106,doaj,titulo_secundario_fuzzy,coincidencia,90.0
1692-8989,doaj,titulo_secundario_fuzzy,coincidencia,93.33333333333333
2145-3381,doaj,titulo_secundario_fuzzy,coincidencia,85.5
1909-7786,doaj,titulo_secundario_fuzzy,coincidencia,90.0
0121-2095,doaj,titulo_secundario_fuzzy,coincidencia,90.0
2027-9035,doaj,titulo_secundario_fuzzy,coincidencia,90.0
1794-600X,doaj,titulo_secundario_fuzzy,coincidencia,90.0
0123-2479,doaj,titulo_secundario_fuzzy,coincidencia,90.0
1909-793X,doaj,titulo_secundario_fuzzy,coincidencia,90.0
0120-971X,doaj,titulo_secundario_fuzzy,coincidencia,90.0
2215-8987,doaj,titulo_secundario_fuzzy,coincidencia,95.0
1794-1180,doaj,titulo_secundario_fuzzy,coincidencia,90.0
1909-1621,doaj,titulo_secundario_fuzzy,coincidencia,85.5
1657-463X,doaj,titulo_secundario_fuzzy,coincidencia,94.73684210526316
2027-307X,doaj,titulo_secundario_fuzzy,coincidencia,90.0
2216-0965,doaj,titulo_secundario_fuzzy,coincidencia,90.0
1692-6900,doaj,titulo_secundario_fuzzy,coincidencia,85.5
0121-0777,doaj,titulo_secundario_fuzzy,coincidencia,85.5
0123-5583,doaj,titulo_secundario_fuzzy,coincidencia,85.5
2346-4712,doaj,titulo_secundario_exacto,coincidencia,100.0
0120-2650,doaj,titulo_secundario_fuzzy,coincidencia,90.0
0120-8845,doaj,titulo_secundario_exacto,coincidencia,100.0
2256-1552,doaj,titulo_secundario_fuzzy,coincidencia,90.0
0120-0380,doaj,titulo_secundario_fuzzy,coincidencia,90.9090909090909
2145-5333,doaj,titulo_secundario_fuzzy,coincidencia,90.0
2027-8918,doaj,titulo_secundario_fuzzy,coincidencia,90.0
2145-6194,doaj,titulo_secundario_fuzzy,coincidencia,90.0
0123-7810,doaj,titulo_secundario_fuzzy,coincidencia,90.0
2145-1362,doaj,titulo_secundario_fuzzy,coincidencia,90.0
2027-291X,doaj,titulo_secundario_fuzzy,coincidencia,85.5
2145-969X,doaj,titulo_secundario_fuzzy,coincidencia,90.0
0120-8705,doaj,titulo_secundario_fuzzy,coincidencia,90.0
2011-5415,doaj,titulo_secundario_fuzzy,coincidencia,95.0
1909-9843,doaj,titulo_secundario_fuzzy,coincidencia,85.5
0124-3551,doaj,titulo_secundario_fuzzy,coincidencia,90.0
1657-8236,doaj,titulo_secundario_fuzzy,coincidencia,90.0
1692-1879,doaj,titulo_secundario_fuzzy,coincidencia,85.5
0120-0542,doaj,titulo_secundario_fuzzy,coincidencia,90.0
2027-8101,doaj,titulo_secundario_fuzzy,coincidencia,90.0
0120-6788,doaj,titulo_secundario_fuzzy,coincidencia,90.0
2027-3335,doaj,titulo_secundario_fuzzy,coincidencia,90.0
1909-5775,doaj,titulo_secundario_fuzzy,coincidencia,90.0
0122-7262,doaj,titulo_secundario_fuzzy,coincidencia,85.5
1692-1259,doaj,titulo_secundario_fuzzy,coincidencia,90.0
2011-3188,doaj,titulo_secundario_fuzzy,coincidencia,92.3076923076923
0121-7593,doaj,titulo_secundario_fuzzy,coincidencia,90.0
0120-4173,doaj,titulo_secundario_fuzzy,coincidencia,90.0
0120-2729,doaj,titulo_secundario_fuzzy,coincidencia,85.5
2011-4990,doaj,titulo_secundario_fuzzy,coincidencia,95.0
1692-3375,doaj,titulo_secundario_fuzzy,coincidencia,85.5
1692-5114,doaj,titulo_secundario_fuzzy,coincidencia,90.0
0123-4250,doaj,titulo_secundario_fuzzy,coincidencia,90.0
0120-3800,doaj,titulo_secundario_exacto,coincidencia,100.0
0120-095X,doaj,titulo_secundario_fuzzy,coincidencia,95.0
2027-1433,doaj,titulo_secundario_fuzzy,coincidencia,90.0
0123-0999,doaj,titulo_secundario_fuzzy,coincidencia,90.0
1900-9909,doaj,titulo_secundario_exacto,coincidencia,100.0
0122-0799,doaj,titulo_secundario_fuzzy,coincidencia,90.0
0120-0445,doaj,titulo_secundario_fuzzy,coincidencia,90.0
2011-074X,doaj,titulo_secundario_fuzzy,coincidencia,90.0
1657-6985,doaj,titulo_secundario_fuzzy,coincidencia,90.0
2011-7213,doaj,titulo_secundario_fuzzy,coincidencia,90.0
2146-5147,doaj,titulo_secundario_fuzzy,coincidencia,90.0
1657-6276,doaj,titulo_secundario_fuzzy,coincidencia,90.0
0072-0992,doaj,titulo_secundario_fuzzy,coincidencia,90.0
0120-0453,doaj,titulo_secundario_fuzzy,coincidencia,90.0
0123-9678,doaj,titulo_secundario_fuzzy,coincidencia,90.0
2145-7735,doaj,titulo_secundario_fuzzy,coincidencia,85.5
1692-9918,doaj,titulo_secundario_fuzzy,coincidencia,90.0
0122-7017,doaj,titulo_secundario_fuzzy,coincidencia,90.0
1909-258X,doaj,titulo_secundario_fuzzy,coincidencia,90.0
1692-3502,doaj,titulo_secundario_fuzzy,coincidencia,90.0
0122-3641,doaj,titulo_secundario_fuzzy,coincidencia,90.0
1794-4732,doaj,titulo_secundario_fuzzy,coincidencia,90.0
0124-7972,doaj,titulo_secundario_fuzzy,coincidencia,90.0
2027-8047,doaj,titulo_secundario_fuzzy,coincidencia,90.0
0123-2592,doaj,titulo_secundario_exacto,coincidencia,100.0
1657-7663,doaj,titulo_secundario_fuzzy,coincidencia,90.0
0120-1363,doaj,titulo_secundario_fuzzy,coincidencia,90.0
1900-1355,doaj,titulo_secundario_exacto,coincidencia,100.0
1909-9051,doaj,titulo_secundario_fuzzy,coincidencia,90.0
1794-8614,doaj,titulo_secundario_fuzzy,coincidencia,90.0
0122-011X,doaj,titulo_secundario_fuzzy,coincidencia,90.0
1692-8857,doaj,titulo_secundario_exacto,coincidencia,100.0
1900-5121,doaj,titulo_secundario_fuzzy,coincidencia,90.0
0123-4676,doaj,titulo_secundario_fuzzy,coincidencia,90.0
0121-5132,doaj,titulo_secundario_fuzzy,coincidencia,90.0
0120-5552,doaj,titulo_secundario_fuzzy,coincidencia,85.5
1909-7891,doaj,titulo_secundario_fuzzy,coincidencia,90.9090909090909
1692-3103,doaj,titulo_secundario_fuzzy,coincidencia,90.0
0120-6680,doaj,titulo_secundario_exacto,coincidencia,100.0
0123-417X,doaj,titulo_secundario_fuzzy,coincidencia,90.0
1657-5946,doaj,titulo_secundario_fuzzy,coincidencia,95.0
0120-9833,doaj,titulo_secundario_exacto,coincidencia,100.0
0120-341X,doaj,titulo_secundario_fuzzy,coincidencia,90.0
1692-3901,doaj,titulo_secundario_exacto,coincidencia,100.0
0122-3461,doaj,titulo_secundario_fuzzy,coincidencia,90.0
0121-5701,doaj,titulo_secundario_fuzzy,coincidencia,90.0
1692-0880,doaj,titulo_secundario_exacto,coincidencia,100.0
0123-2304,doaj,titulo_secundario_fuzzy,coincidencia,90.0
1657-480X,doaj,titulo_secundario_fuzzy,coincidencia,85.5
0120-856X,doaj,titulo_secundario_fuzzy,coincidencia,85.5
0121-3423,doaj,titulo_secundario_fuzzy,coincidencia,90.0
0123-1286,doaj,titulo_secundario_fuzzy,coincidencia,85.5
0122-9534,doaj,titulo_secundario_exacto,coincidencia,100.0
1657-6772,doaj,titulo_secundario_fuzzy,coincidencia,95.0
1012-7410,doaj,titulo_secundario_fuzzy,coincidencia,90.0
1657-9526,doaj,titulo_secundario_fuzzy,coincidencia,90.0
1692-6323,doaj,titulo_secundario_fuzzy,coincidencia,85.5
0120-0275,doaj,titulo_secundario_fuzzy,coincidencia,85.5
0123-1952,doaj,titulo_secundario_fuzzy,coincidencia,85.5
0121-2532,doaj,titulo_secundario_fuzzy,coincidencia,90.0
0121-5299,doaj,titulo_secundario_fuzzy,coincidencia,85.5
1657-4229,doaj,titulo_secundario_exacto,coincidencia,100.0
0121-0696,doaj,titulo_secundario_fuzzy,coincidencia,90.0
0121-2974,doaj,titulo_secundario_fuzzy,coincidencia,90.0
0120-3797,doaj,titulo_secundario_fuzzy,coincidencia,90.0
2215-7727,facts,titulo_secundario_fuzzy,coincidencia,90.0
1657-9267,facts,titulo_secundario_fuzzy,coincidencia,90.0
2590-8669,facts,titulo_secundario_fuzzy,coincidencia,90.0
2462-8794,facts,titulo_secundario_fuzzy,coincidencia,90.0
2027-5846,facts,titulo_secundario_fuzzy,coincidencia,90.0
2346-206X,facts,titulo_secundario_fuzzy,coincidencia,85.5
2665-4385,facts,titulo_secundario_fuzzy,coincidencia,85.5
2665-2420,facts,titulo_secundario_fuzzy,coincidencia,90.0
0123-5362,facts,titulo_secundario_fuzzy,coincidencia,85.5
2357-4720,facts,titulo_secundario_fuzzy,coincidencia,90.0
2346-0806,facts,titulo_secundario_fuzzy,coincidencia,90.0
2346-3775,facts,titulo_secundario_fuzzy,coincidencia,90.0
2256-4322,facts,titulo_secundario_fuzzy,coincidencia,85.5
2500-5324,facts,titulo_secundario_fuzzy,coincidencia,90.0
2422-4200,facts,titulo_secundario_fuzzy,coincidencia,90.0
2665-1327,facts,titulo_secundario_fuzzy,coincidencia,90.0
2389-7864,facts,titulo_secundario_fuzzy,coincidencia,87.5
2322-6889,facts,titulo_secundario_fuzzy,coincidencia,90.0
0123-4641,facts,titulo_secundario_fuzzy,coincidencia,90.0
2389-9050,facts,titulo_secundario_fuzzy,coincidencia,85.5
2462-991X,facts,titulo_secundario_fuzzy,coincidencia,90.0
0120-2596,facts,titulo_secundario_fuzzy,coincidencia,90.0
2389-9980,facts,titulo_secundario_fuzzy,coincidencia,85.5
2357-3848,facts,titulo_secundario_fuzzy,coincidencia,90.0
2011-799X,facts,titulo_secundario_fuzzy,coincidencia,90.0
1909-0528,facts,titulo_secundario_fuzzy,coincidencia,85.5
0121-4705,facts,titulo_secundario_fuzzy,coincidencia,90.0
2422-3182,facts,titulo_secundario_fuzzy,coincidencia,90.0
2248-4345,facts,titulo_secundario_fuzzy,coincidencia,90.0
2256-5442,facts,titulo_secundario_fuzzy,coincidencia,90.0
2382-4581,facts,titulo_secundario_fuzzy,coincidencia,85.5
1900-6152,facts,titulo_secundario_fuzzy,coincidencia,90.0
2500-5421,facts,titulo_secundario_fuzzy,coincidencia,90.0
2256-2273,facts,titulo_secundario_fuzzy,coincidencia,85.5
2027-7679,facts,titulo_secundario_fuzzy,coincidencia,90.0
2145-4515,facts,titulo_secundario_fuzzy,coincidencia,90.0
1856-9536,facts,titulo_secundario_fuzzy,coincidencia,85.5
2011-3080,facts,titulo_secundario_fuzzy,coincidencia,85.5
1794-5240,facts,titulo_secundario_fuzzy,coincidencia,90.0
2248-4337,facts,titulo_secundario_fuzzy,coincidencia,90.0
2462-8190,facts,titulo_secundario_fuzzy,coincidencia,90.0
1909-7735,facts,titulo_secundario_fuzzy,coincidencia,90.0
2145-2660,facts,titulo_secundario_fuzzy,coincidencia,90.0
2256-2958,facts,titulo_secundario_fuzzy,coincidencia,85.5
2422-3794,facts,titulo_secundario_fuzzy,coincidencia,94.11764705882352
2256-5450,facts,titulo_secundario_fuzzy,coincidencia,90.0
2357-626X,facts,titulo_secundario_fuzzy,coincidencia,90.0
2346-2426,facts,titulo_secundario_fuzzy,coincidencia,86.4
2539-4711,facts,titulo_secundario_fuzzy,coincidencia,90.0
1900-1649,facts,titulo_secundario_fuzzy,coincidencia,85.26315789473685
2215-9959,facts,titulo_secundario_fuzzy,coincidencia,90.0
2256-5647,facts,titulo_secundario_fuzzy,coincidencia,90.0
2011-7663,facts,titulo_secundario_fuzzy,coincidencia,90.0
2216-1368,facts,titulo_secundario_fuzzy,coincidencia,90.0
1909-7700,facts,titulo_secundario_exacto,coincidencia,100.0
2145-4507,facts,titulo_secundario_fuzzy,coincidencia,85.5
2665-4814,facts,titulo_secundario_fuzzy,coincidencia,90.0
2389-7856,facts,titulo_secundario_fuzzy,coincidencia,90.0
0120-0534,facts,titulo_secundario_fuzzy,coincidencia,90.0
1794-9920,facts,titulo_secundario_fuzzy,coincidencia,90.0
2619-2551,facts,titulo_secundario_fuzzy,coincidencia,85.71428571428571
2462-859X,facts,titulo_secundario_fuzzy,coincidencia,90.0
2382-4018,facts,titulo_secundario_fuzzy,coincidencia,85.5
2322-9675,facts,titulo_secundario_fuzzy,coincidencia,90.0
2344-8350,facts,titulo_secundario_fuzzy,coincidencia,95.23809523809523
2357-4100,facts,titulo_secundario_fuzzy,coincidencia,85.5
0120-5587,facts,titulo_secundario_fuzzy,coincidencia,90.0
2346-1829,facts,titulo_secundario_fuzzy,coincidencia,90.0
2462-9448,facts,titulo_secundario_fuzzy,coincidencia,85.5
2256-5485,facts,titulo_secundario_fuzzy,coincidencia,85.71428571428571
2745-1402,facts,titulo_secundario_fuzzy,coincidencia,90.0
2389-8526,facts,titulo_secundario_fuzzy,coincidencia,90.25
2463-0470,facts,titulo_secundario_fuzzy,coincidencia,90.0
2500-8684,facts,titulo_secundario_fuzzy,coincidencia,90.0
2389-7848,facts,titulo_secundario_fuzzy,coincidencia,86.95652173913044
2011-3668,facts,titulo_secundario_fuzzy,coincidencia,85.5
2145-132X,facts,titulo_secundario_fuzzy,coincidencia,90.0
2500-6177,facts,titulo_secundario_fuzzy,coincidencia,90.0
2248-4078,facts,titulo_secundario_fuzzy,coincidencia,85.5
2390-0016,facts,titulo_secundario_fuzzy,coincidencia,90.0
1909-8758,facts,titulo_secundario_fuzzy,coincidencia,90.0
0121-3784,facts,titulo_secundario_fuzzy,coincidencia,90.0
2145-9797,facts,titulo_secundario_fuzzy,coincidencia,85.5
2389-993X,facts,titulo_secundario_fuzzy,coincidencia,90.0
2339-3459,facts,titulo_secundario_exacto,coincidencia,100.0
2145-4531,facts,titulo_secundario_fuzzy,coincidencia,85.5
2323-0126,facts,titulo_secundario_fuzzy,coincidencia,90.0
2027-1352,facts,titulo_secundario_fuzzy,coincidencia,90.0
2256-2796,facts,titulo_secundario_fuzzy,coincidencia,85.5
0120-4807,facts,titulo_secundario_fuzzy,coincidencia,90.0
2346-2183,facts,titulo_secundario_fuzzy,coincidencia,90.0
2590-7379,facts,titulo_secundario_fuzzy,coincidencia,94.73684210526316
2256-3334,facts,titulo_secundario_fuzzy,coincidencia,85.5
2256-201X,facts,titulo_secundario_fuzzy,coincidencia,90.0
2011-0731,facts,titulo_secundario_fuzzy,coincidencia,85.5
2322-777X,facts,titulo_secundario_fuzzy,coincidencia,90.0
0124-5821,facts,titulo_secundario_fuzzy,coincidencia,85.5
2248-6011,facts,titulo_secundario_fuzzy,coincidencia,90.0
2500-7645,facts,titulo_secundario_fuzzy,coincidencia,85.71428571428571
2590-9215,facts,titulo_secundario_fuzzy,coincidencia,90.0
2346-1691,facts,titulo_secundario_fuzzy,coincidencia,85.26315789473685
2500-5316,facts,titulo_secundario_fuzzy,coincidencia,85.5
2389-7732,facts,titulo_secundario_fuzzy,coincidencia,90.0
2357-6308,facts,titulo_secundario_fuzzy,coincidencia,90.0
1657-9534,facts,titulo_secundario_fuzzy,coincidencia,90.0
2462-8603,facts,titulo_secundario_fuzzy,coincidencia,85.5
2215-8944,facts,titulo_secundario_fuzzy,coincidencia,85.5
2256-5493,facts,titulo_secundario_fuzzy,coincidencia,85.5
2145-8499,facts,titulo_secundario_fuzzy,coincidencia,90.0
2463-1469,facts,titulo_secundario_fuzzy,coincidencia,90.0
2027-145X,facts,titulo_secundario_fuzzy,coincidencia,90.0
2145-9169,facts,titulo_secundario_fuzzy,coincidencia,90.0
1012-8255,facts,titulo_secundario_fuzzy,coincidencia,90.0
2215-9177,facts,titulo_secundario_fuzzy,coincidencia,90.0
2619-4066,facts,titulo_secundario_exacto,coincidencia,100.0
2256-5248,facts,titulo_secundario_fuzzy,coincidencia,90.0
2538-9866,facts,titulo_secundario_fuzzy,coincidencia,90.0
2382-3860,facts,titulo_secundario_fuzzy,coincidencia,90.0
1909-7719,facts,titulo_secundario_fuzzy,coincidencia,90.0
2248-6054,facts,titulo_secundario_fuzzy,coincidencia,90.0
2145-8480,facts,titulo_secundario_fuzzy,coincidencia,90.0
2422-3719,facts,titulo_secundario_fuzzy,coincidencia,85.5
2145-8553,facts,titulo_secundario_fuzzy,coincidencia,90.0
1900-2386,facts,titulo_secundario_fuzzy,coincidencia,90.0
2500-5375,facts,titulo_secundario_fuzzy,coincidencia,90.0
0120-4211,facts,titulo_secundario_fuzzy,coincidencia,85.5
2539-3804,facts,titulo_secundario_fuzzy,coincidencia,90.0
2256-3067,facts,titulo_secundario_fuzzy,coincidencia,85.5
2011-7922,facts,titulo_secundario_exacto,coincidencia,100.0
0121-5051,facts,titulo_secundario_fuzzy,coincidencia,85.5
1900-6004,facts,titulo_secundario_fuzzy,coincidencia,90.0
2539-200X,facts,titulo_secundario_fuzzy,coincidencia,90.0
2344-7214,facts,titulo_secundario_fuzzy,coincidencia,90.0
2027-5366,facts,titulo_secundario_fuzzy,coincidencia,90.0
1909-9959,facts,titulo_secundario_fuzzy,coincidencia,85.5
0034-7426,facts,titulo_secundario_fuzzy,coincidencia,85.5
2027-2448,facts,titulo_secundario_fuzzy,coincidencia,90.0
2215-969X,facts,titulo_secundario_fuzzy,coincidencia,90.0
2539-5203,facts,titulo_secundario_fuzzy,coincidencia,90.0
2145-7166,facts,titulo_secundario_fuzzy,coincidencia,85.71428571428571
2500-8692,facts,titulo_secundario_fuzzy,coincidencia,90.0
2346-0199,facts,titulo_secundario_fuzzy,coincidencia,90.0
2500-6517,facts,titulo_secundario_fuzzy,coincidencia,90.0
2027-2103,facts,titulo_secundario_fuzzy,coincidencia,90.0
2216-1201,facts,titulo_secundario_fuzzy,coincidencia,85.5
2389-9387,facts,titulo_secundario_fuzzy,coincidencia,85.5
0120-5927,facts,titulo_secundario_fuzzy,coincidencia,90.0
2346-0253,facts,titulo_secundario_fuzzy,coincidencia,90.0
2339-3874,facts,titulo_secundario_fuzzy,coincidencia,90.0
2665-5837,facts,titulo_secundario_fuzzy,coincidencia,85.5
2389-8194,facts,titulo_secundario_fuzzy,coincidencia,90.0
0120-4483,facts,titulo_secundario_fuzzy,coincidencia,90.0
0120-548X,facts,titulo_secundario_fuzzy,coincidencia,85.26315789473685
0120-4661,facts,titulo_secundario_fuzzy,coincidencia,90.0
0124-5376,facts,titulo_secundario_fuzzy,coincidencia,90.0
1794-8932,facts,titulo_secundario_fuzzy,coincidencia,90.0
0120-100X,facts,titulo_secundario_fuzzy,coincidencia,90.0
2011-4532,facts,titulo_secundario_fuzzy,coincidencia,90.0
0123-9015,facts,titulo_secundario_fuzzy,coincidencia,90.0
0120-3886,facts,titulo_secundario_fuzzy,coincidencia,90.0
0124-2121,facts,titulo_secundario_fuzzy,coincidencia,90.0
0120-0283,facts,titulo_secundario_fuzzy,coincidencia,90.0
0122-8803,facts,titulo_secundario_fuzzy,coincidencia,90.0
1692-5777,facts,titulo_secundario_fuzzy,coincidencia,95.0
0122-7483,facts,titulo_secundario_fuzzy,coincidencia,90.0
2011-5474,facts,titulo_secundario_fuzzy,coincidencia,90.0
1692-6013,facts,titulo_secundario_fuzzy,coincidencia,90.0
0122-5197,facts,titulo_secundario_fuzzy,coincidencia,85.5
0124-0579,facts,titulo_secundario_fuzzy,coincidencia,85.5
0120-2448,facts,titulo_secundario_fuzzy,coincidencia,90.0
0122-7238,facts,titulo_secundario_fuzzy,coincidencia,90.0
1692-2530,facts,titulo_secundario_fuzzy,coincidencia,85.5
1657-4702,facts,titulo_secundario_fuzzy,coincidencia,90.0
1692-715X,facts,titulo_secundario_fuzzy,coincidencia,90.0
2011-0324,facts,titulo_secundario_fuzzy,coincidencia,90.0
0034-7418,facts,titulo_secundario_fuzzy,coincidencia,85.5
1657-7027,facts,titulo_secundario_fuzzy,coincidencia,90.0
2248-6046,facts,titulo_secundario_fuzzy,coincidencia,90.0
1657-320X,facts,titulo_secundario_fuzzy,coincidencia,90.0
0120-159X,facts,titulo_secundario_fuzzy,coincidencia,85.71428571428571
1692-0279,facts,titulo_secundario_fuzzy,coincidencia,85.5
2027-1786,facts,titulo_secundario_fuzzy,coincidencia,90.0
2027-4688,facts,titulo_secundario_fuzzy,coincidencia,90.0
0120-386X,facts,titulo_secundario_fuzzy,coincidencia,85.5
0121-0319,facts,titulo_secundario_fuzzy,coincidencia,90.0
1909-9762,facts,titulo_secundario_fuzzy,coincidencia,90.0
0123-4226,facts,titulo_secundario_fuzzy,coincidencia,85.71428571428571
1900-9895,facts,titulo_secundario_fuzzy,coincidencia,90.0
2011-2106,facts,titulo_secundario_fuzzy,coincidencia,85.5
1794-6670,facts,titulo_secundario_fuzzy,coincidencia,90.0
1794-6190,facts,titulo_secundario_exacto,coincidencia,100.0
0120-0488,facts,titulo_secundario_fuzzy,coincidencia,85.5
0123-3068,facts,titulo_secundario_fuzzy,coincidencia,90.0
0123-4986,facts,titulo_secundario_fuzzy,coincidencia,85.5
0120-4157,facts,titulo_secundario_fuzzy,coincidencia,94.73684210526316
2322-9381,facts,titulo_secundario_fuzzy,coincidencia,90.0
0120-4688,facts,titulo_secundario_fuzzy,coincidencia,85.5
0121-8417,facts,titulo_secundario_fuzzy,coincidencia,90.0
0122-1701,facts,titulo_secundario_fuzzy,coincidencia,90.0
1657-6357,facts,titulo_secundario_fuzzy,coincidencia,85.5
1657-0308,facts,titulo_secundario_fuzzy,coincidencia,90.0
1657-107X,facts,titulo_secundario_fuzzy,coincidencia,90.0
0120-0976,facts,titulo_secundario_fuzzy,coincidencia,90.0
1692-3561,facts,titulo_secundario_fuzzy,coincidencia,85.5
0120-2952,facts,titulo_secundario_fuzzy,coincidencia,90.0
0124-4108,facts,titulo_secundario_fuzzy,coincidencia,90.0
0121-1617,facts,titulo_secundario_fuzzy,coincidencia,90.0
2216-0159,facts,titulo_secundario_fuzzy,coincidencia,85.5
0121-053X,facts,titulo_secundario_fuzzy,coincidencia,90.0
0120-0690,facts,titulo_secundario_fuzzy,coincidencia,85.5
0124-2253,facts,titulo_secundario_fuzzy,coincidencia,95.23809523809523
0121-4381,facts,titulo_secundario_fuzzy,coincidencia,85.5
1657-4206,facts,titulo_secundario_fuzzy,coincidencia,85.5
0124-7913,facts,titulo_secundario_fuzzy,coincidencia,90.0
1794-9998,facts,titulo_secundario_fuzzy,coincidencia,85.5
0121-4772,facts,titulo_secundario_fuzzy,coincidencia,90.0
0121-5612,facts,titulo_secundario_fuzzy,coincidencia,90.0
0121-215X,facts,titulo_secundario_fuzzy,coincidencia,90.0
0121-3814,facts,titulo_secundario_fuzzy,coincidencia,90.0
0120-0739,facts,titulo_secundario_fuzzy,coincidencia,90.0
0120-3932,facts,titulo_secundario_fuzzy,coincidencia,90.0
0012-7353,facts,titulo_secundario_fuzzy,coincidencia,90.0
2011-2173,facts,titulo_secundario_fuzzy,coincidencia,85.5
0120-6346,facts,titulo_secundario_fuzzy,coincidencia,90.0
2027-5137,facts,titulo_secundario_fuzzy,coincidencia,90.0
0124-8170,facts,titulo_secundario_fuzzy,coincidencia,90.0
1909-8391,facts,titulo_secundario_fuzzy,coincidencia,85.5
0120-0011,facts,titulo_secundario_fuzzy,coincidencia,90.0
1909-941X,facts,titulo_secundario_fuzzy,coincidencia,86.95652173913044
0121-6805,facts,titulo_secundario_fuzzy,coincidencia,90.0
0122-8102,facts,titulo_secundario_fuzzy,coincidencia,85.26315789473685
1900-6586,facts,titulo_secundario_fuzzy,coincidencia,85.71428571428571
1794-2470,facts,titulo_secundario_fuzzy,coincidencia,85.5
1657-4915,facts,titulo_secundario_fuzzy,coincidencia,90.0
0120-5323,facts,titulo_secundario_fuzzy,coincidencia,86.4
0120-419X,facts,titulo_secundario_fuzzy,coincidencia,86.95652173913044
0121-4004,facts,titulo_secundario_fuzzy,coincidencia,90.0
0120-2456,facts,titulo_secundario_fuzzy,coincidencia,90.0
1692-8261,facts,titulo_secundario_fuzzy,coincidencia,90.0
2145-4892,facts,titulo_secundario_fuzzy,coincidencia,85.5
2145-549X,facts,titulo_secundario_fuzzy,coincidencia,90.0
0120-0062,facts,titulo_secundario_fuzzy,coincidencia,85.5
0122-5383,facts,titulo_secundario_fuzzy,coincidencia,85.5
1900-4699,facts,titulo_secundario_fuzzy,coincidencia,85.5
0124-0021,facts,titulo_secundario_fuzzy,coincidencia,90.0
0120-8942,facts,titulo_secundario_fuzzy,coincidencia,90.0
1909-9746,facts,titulo_secundario_fuzzy,coincidencia,90.0
0120-8462,facts,titulo_secundario_fuzzy,coincidencia,90.0
2027-1557,facts,titulo_secundario_fuzzy,coincidencia,90.0
0123-3769,facts,titulo_secundario_fuzzy,coincidencia,90.0
0123-3475,facts,titulo_secundario_fuzzy,coincidencia,90.0
0124-0781,facts,titulo_secundario_fuzzy,coincidencia,90.0
0120-7555,facts,titulo_secundario_fuzzy,coincidencia,85.5
1657-9089,facts,titulo_secundario_fuzzy,coincidencia,90.0
0121-117X,facts,titulo_secundario_fuzzy,coincidencia,85.5
0123-9392,facts,titulo_secundario_fuzzy,coincidencia,94.11764705882352
1900-9607,facts,titulo_secundario_fuzzy,coincidencia,90.0
2027-2391,facts,titulo_secundario_fuzzy,coincidencia,90.0
0122-8900,facts,titulo_secundario_fuzzy,coincidencia,90.0
0122-2066,facts,titulo_secundario_fuzzy,coincidencia,90.0
0120-3576,facts,titulo_secundario_fuzzy,coincidencia,90.0
2027-7822,facts,titulo_secundario_fuzzy,coincidencia,85.5
2145-9932,facts,titulo_secundario_fuzzy,coincidencia,85.5
1657-8651,facts,titulo_secundario_fuzzy,coincidencia,85.5
1657-4214,facts,titulo_secundario_fuzzy,coincidencia,90.0
0121-0041,facts,titulo_secundario_fuzzy,coincidencia,90.0
1692-8415,facts,titulo_secundario_fuzzy,coincidencia,90.0
0123-8884,facts,titulo_secundario_fuzzy,coincidencia,90.0
1794-6638,facts,titulo_secundario_exacto,coincidencia,100.0
1794-6298,facts,titulo_secundario_fuzzy,coincidencia,85.5
2011-3501,facts,titulo_secundario_fuzzy,coincidencia,90.0
1657-9553,facts,titulo_secundario_fuzzy,coincidencia,90.0
1794-8347,facts,titulo_secundario_fuzzy,coincidencia,90.0
1909-9851,facts,titulo_secundario_fuzzy,coincidencia,85.71428571428571
2011-8643,facts,titulo_secundario_fuzzy,coincidencia,90.0
1692-5238,facts,titulo_secundario_fuzzy,coincidencia,85.5
2145-6445,facts,titulo_secundario_fuzzy,coincidencia,90.0
2011-513X,facts,titulo_secundario_fuzzy,coincidencia,90.0
2215-7840,facts,titulo_secundario_fuzzy,coincidencia,90.0
2027-3401,facts,titulo_secundario_fuzzy,coincidencia,90.0
1692-7427,facts,titulo_secundario_fuzzy,coincidencia,90.0
2027-923X,facts,titulo_secundario_fuzzy,coincidencia,94.11764705882352
0122-6150,facts,titulo_secundario_fuzzy,coincidencia,85.71428571428571
0120-4319,facts,titulo_secundario_fuzzy,coincidencia,85.5
2027-4297,facts,titulo_secundario_fuzzy,coincidencia,90.0
0124-6542,facts,titulo_secundario_fuzzy,coincidencia,90.0
1794-4724,facts,titulo_secundario_fuzzy,coincidencia,90.0
0121-5256,facts,titulo_secundario_exacto,coincidencia,100.0
1909-2814,facts,titulo_secundario_fuzzy,coincidencia,90.0
0304-3584,facts,titulo_secundario_fuzzy,coincidencia,85.71428571428571
0122-0667,facts,titulo_secundario_fuzzy,coincidencia,90.0
0123-7756,facts,titulo_secundario_fuzzy,coincidencia,90.0
2216-1473,facts,titulo_secundario_fuzzy,coincidencia,85.5
1692-7273,facts,titulo_secundario_fuzzy,coincidencia,85.5
0120-0135,facts,titulo_secundario_fuzzy,coincidencia,85.5
1657-3412,facts,titulo_secundario_fuzzy,coincidencia,90.0
2145-6569,facts,titulo_secundario_fuzzy,coincidencia,85.5
2145-2946,facts,titulo_secundario_fuzzy,coincidencia,90.0
2256-3342,facts,titulo_secundario_fuzzy,coincidencia,90.0
1657-0448,facts,titulo_secundario_fuzzy,coincidencia,90.0
2256-1676,facts,titulo_secundario_fuzzy,coincidencia,85.5
0123-1154,facts,titulo_secundario_fuzzy,coincidencia,90.0
0123-5931,facts,titulo_secundario_fuzzy,coincidencia,90.0
2027-1840,facts,titulo_secundario_fuzzy,coincidencia,90.0
2011-5318,facts,titulo_secundario_fuzzy,coincidencia,85.5
1900-9771,facts,titulo_secundario_fuzzy,coincidencia,85.5
2215-7190,facts,titulo_secundario_fuzzy,coincidencia,90.0
0122-1213,facts,titulo_secundario_fuzzy,coincidencia,90.0
0120-5498,facts,titulo_secundario_exacto,coincidencia,100.0
0120-3630,facts,titulo_secundario_fuzzy,coincidencia,85.5
0120-131X,facts,titulo_secundario_fuzzy,coincidencia,85.5
1692-8156,facts,titulo_secundario_fuzzy,coincidencia,85.5
0123-4471,facts,titulo_secundario_fuzzy,coincidencia,85.5
1909-2407,facts,titulo_secundario_fuzzy,coincidencia,90.0
2248-7441,facts,titulo_secundario_fuzzy,coincidencia,90.0
1794-161X,facts,titulo_secundario_fuzzy,coincidencia,87.5
0120-4874,facts,titulo_secundario_fuzzy,coincidencia,90.0
0122-9729,facts,titulo_secundario_fuzzy,coincidencia,90.0
2322-9721,facts,titulo_secundario_fuzzy,coincidencia,90.0
0120-8748,facts,titulo_secundario_fuzzy,coincidencia,86.08695652173914
1692-8989,facts,titulo_secundario_fuzzy,coincidencia,85.5
0041-9095,facts,titulo_secundario_fuzzy,coincidencia,90.0
0121-2095,facts,titulo_secundario_fuzzy,coincidencia,85.71428571428571
2027-9035,facts,titulo_secundario_fuzzy,coincidencia,90.0
0121-747X,facts,titulo_secundario_fuzzy,coincidencia,85.5
2215-8987,facts,titulo_secundario_fuzzy,coincidencia,90.0
0123-7047,facts,titulo_secundario_fuzzy,coincidencia,90.0
1900-5016,facts,titulo_secundario_fuzzy,coincidencia,90.0
1657-463X,facts,titulo_secundario_fuzzy,coincidencia,85.71428571428571
2216-0965,facts,titulo_secundario_fuzzy,coincidencia,85.5
2027-1034,facts,titulo_secundario_fuzzy,coincidencia,85.5
0120-677X,facts,titulo_secundario_fuzzy,coincidencia,85.5
2346-4712,facts,titulo_secundario_fuzzy,coincidencia,85.5
0124-308X,facts,titulo_secundario_fuzzy,coincidencia,85.5
0120-2650,facts,titulo_secundario_fuzzy,coincidencia,85.5
0123-2576,facts,titulo_secundario_fuzzy,coincidencia,90.0
0120-0380,facts,titulo_secundario_fuzzy,coincidencia,90.9090909090909
0120-8454,facts,titulo_secundario_fuzzy,coincidencia,90.0
2145-5333,facts,titulo_secundario_fuzzy,coincidencia,85.5
2027-8918,facts,titulo_secundario_fuzzy,coincidencia,90.0
2145-6194,facts,titulo_secundario_fuzzy,coincidencia,85.5
0122-9354,facts,titulo_secundario_fuzzy,coincidencia,90.25
2145-1362,facts,titulo_secundario_fuzzy,coincidencia,85.5
0120-8705,facts,titulo_secundario_fuzzy,coincidencia,90.0
2011-5415,facts,titulo_secundario_fuzzy,coincidencia,85.26315789473685
2215-8405,facts,titulo_secundario_fuzzy,coincidencia,90.0
1657-8236,facts,titulo_secundario_fuzzy,coincidencia,90.0
0120-6788,facts,titulo_secundario_fuzzy,coincidencia,85.5
1909-5775,facts,titulo_secundario_fuzzy,coincidencia,85.5
2011-3188,facts,titulo_secundario_fuzzy,coincidencia,90.0
0120-4173,facts,titulo_secundario_fuzzy,coincidencia,85.71428571428571
1692-5114,facts,titulo_secundario_fuzzy,coincidencia,90.0
0123-4250,facts,titulo_secundario_fuzzy,coincidencia,90.0
0120-3800,facts,titulo_secundario_fuzzy,coincidencia,90.0
0123-2614,facts,titulo_secundario_fuzzy,coincidencia,85.5
1909-8642,facts,titulo_secundario_fuzzy,coincidencia,90.0
1909-230X,facts,titulo_secundario_fuzzy,coincidencia,90.0
0120-095X,facts,titulo_secundario_fuzzy,coincidencia,90.0
2027-1433,facts,titulo_secundario_fuzzy,coincidencia,85.5
1900-9909,facts,titulo_secundario_fuzzy,coincidencia,90.0
2011-074X,facts,titulo_secundario_fuzzy,coincidencia,90.0
2027-7458,facts,titulo_secundario_fuzzy,coincidencia,90.0
0123-9678,facts,titulo_secundario_fuzzy,coincidencia,90.0
0121-7372,facts,titulo_secundario_fuzzy,coincidencia,90.0
1692-9918,facts,titulo_secundario_fuzzy,coincidencia,85.5
1692-3502,facts,titulo_secundario_fuzzy,coincidencia,90.0
2027-8047,facts,titulo_secundario_fuzzy,coincidencia,85.5
0123-2592,facts,titulo_secundario_exacto,coincidencia,100.0
1657-7663,facts,titulo_secundario_fuzzy,coincidencia,90.0
0122-011X,facts,titulo_secundario_fuzzy,coincidencia,90.0
0123-4676,facts,titulo_secundario_fuzzy,coincidencia,90.0
1909-7891,facts,titulo_secundario_fuzzy,coincidencia,90.0
1692-3103,facts,titulo_secundario_fuzzy,coincidencia,90.0
0120-6680,facts,titulo_secundario_exacto,coincidencia,100.0
1657-5946,facts,titulo_secundario_fuzzy,coincidencia,85.5
0120-9833,facts,titulo_secundario_fuzzy,coincidencia,85.26315789473685
1692-0880,facts,titulo_secundario_exacto,coincidencia,100.0
0122-9534,facts,titulo_secundario_fuzzy,coincidencia,90.25
1012-7410,facts,titulo_secundario_fuzzy,coincidencia,90.0
0121-2532,facts,titulo_secundario_fuzzy,coincidencia,85.5
0120-3797,facts,titulo_secundario_fuzzy,coincidencia,90.0
2215-7727,openapc,titulo_secundario_fuzzy,coincidencia,90.0
1657-9267,openapc,titulo_secundario_fuzzy,coincidencia,90.0
2590-8669,openapc,titulo_secundario_fuzzy,coincidencia,90.0
2462-8794,openapc,titulo_secundario_fuzzy,coincidencia,90.0
2346-206X,openapc,titulo_secundario_fuzzy,coincidencia,85.5
2665-4385,openapc,titulo_secundario_fuzzy,coincidencia,85.5
2665-2420,openapc,titulo_secundario_fuzzy,coincidencia,90.0
0123-5362,openapc,titulo_secundario_fuzzy,coincidencia,85.5
2357-4720,openapc,titulo_secundario_fuzzy,coincidencia,90.0
2346-0806,openapc,titulo_secundario_fuzzy,coincidencia,90.0
2346-3775,openapc,titulo_secundario_fuzzy,coincidencia,90.0
2256-4322,openapc,titulo_secundario_fuzzy,coincidencia,85.5
2500-5324,openapc,titulo_secundario_fuzzy,coincidencia,90.0
2422-4200,openapc,titulo_secundario_fuzzy,coincidencia,90.0
2665-1327,openapc,titulo_secundario_fuzzy,coincidencia,90.0
2389-7864,openapc,titulo_secundario_fuzzy,coincidencia,87.5
2322-6889,openapc,titulo_secundario_fuzzy,coincidencia,90.0
0123-4641,openapc,titulo_secundario_fuzzy,coincidencia,90.0
2389-9050,openapc,titulo_secundario_fuzzy,coincidencia,85.5
2462-991X,openapc,titulo_secundario_fuzzy,coincidencia,90.0
0120-2596,openapc,titulo_secundario_fuzzy,coincidencia,90.0
2389-9980,openapc,titulo_secundario_fuzzy,coincidencia,85.5
2357-3848,openapc,titulo_secundario_fuzzy,coincidencia,90.0
2011-799X,openapc,titulo_secundario_fuzzy,coincidencia,90.0
1909-0528,openapc,titulo_secundario_fuzzy,coincidencia,85.5
0121-4705,openapc,titulo_secundario_fuzzy,coincidencia,90.0
2422-3182,openapc,titulo_secundario_fuzzy,coincidencia,90.0
2248-4345,openapc,titulo_secundario_fuzzy,coincidencia,90.0
2256-5442,openapc,titulo_secundario_fuzzy,coincidencia,90.0
2382-4581,openapc,titulo_secundario_fuzzy,coincidencia,85.5
1900-6152,openapc,titulo_secundario_fuzzy,coincidencia,90.0
2500-5421,openapc,titulo_secundario_fuzzy,coincidencia,90.0
2256-2273,openapc,titulo_secundario_fuzzy,coincidencia,85.5
2027-7679,openapc,titulo_secundario_fuzzy,coincidencia,90.0
2145-4515,openapc,titulo_secundario_fuzzy,coincidencia,90.0
1856-9536,openapc,titulo_secundario_fuzzy,coincidencia,85.5
2011-3080,openapc,titulo_secundario_fuzzy,coincidencia,85.5
2248-4337,openapc,titulo_secundario_fuzzy,coincidencia,90.0
2462-8190,openapc,titulo_secundario_fuzzy,coincidencia,90.0
1909-7735,openapc,titulo_secundario_fuzzy,coincidencia,90.0
2145-2660,openapc,titulo_secundario_fuzzy,coincidencia,90.0
2256-2958,openapc,titulo_secundario_fuzzy,coincidencia,85.5
2422-3794,openapc,titulo_secundario_fuzzy,coincidencia,94.11764705882352
2256-5450,openapc,titulo_secundario_fuzzy,coincidencia,90.0
2357-626X,openapc,titulo_secundario_fuzzy,coincidencia,90.0
2346-2426,openapc,titulo_secundario_fuzzy,coincidencia,86.4
2539-4711,openapc,titulo_secundario_fuzzy,coincidencia,90.0
1900-1649,openapc,titulo_secundario_fuzzy,coincidencia,85.26315789473685
2215-9959,openapc,titulo_secundario_fuzzy,coincidencia,90.0
2256-5647,openapc,titulo_secundario_fuzzy,coincidencia,90.0
2011-7663,openapc,titulo_secundario_fuzzy,coincidencia,90.0
2216-1368,openapc,titulo_secundario_fuzzy,coincidencia,90.0
1909-7700,openapc,titulo_secundario_fuzzy,coincidencia,90.0
2145-4507,openapc,titulo_secundario_fuzzy,coincidencia,85.5
2665-4814,openapc,titulo_secundario_fuzzy,coincidencia,90.0
2389-7856,openapc,titulo_secundario_fuzzy,coincidencia,90.0
0120-0534,openapc,titulo_secundario_fuzzy,coincidencia,90.0
1794-9920,openapc,titulo_secundario_fuzzy,coincidencia,90.0
2619-2551,openapc,titulo_secundario_fuzzy,coincidencia,85.71428571428571
2462-859X,openapc,titulo_secundario_fuzzy,coincidencia,90.0
2382-4018,openapc,titulo_secundario_fuzzy,coincidencia,85.5
2322-9675,openapc,titulo_secundario_fuzzy,coincidencia,90.0
2344-8350,openapc,titulo_secundario_fuzzy,coincidencia,95.23809523809523
0120-5587,openapc,titulo_secundario_fuzzy,coincidencia,90.0
2346-1829,openapc,titulo_secundario_fuzzy,coincidencia,90.0
2462-9448,openapc,titulo_secundario_fuzzy,coincidencia,85.5
2256-5485,openapc,titulo_secundario_fuzzy,coincidencia,85.71428571428571
2745-1402,openapc,titulo_secundario_fuzzy,coincidencia,90.0
2389-8526,openapc,titulo_secundario_fuzzy,coincidencia,90.25
2463-0470,openapc,titulo_secundario_fuzzy,coincidencia,90.0
2500-8684,openapc,titulo_secundario_fuzzy,coincidencia,90.0
2389-7848,openapc,titulo_secundario_fuzzy,coincidencia,86.95652173913044
2011-3668,openapc,titulo_secundario_fuzzy,coincidencia,85.5
2145-132X,openapc,titulo_secundario_fuzzy,coincidencia,90.0
2500-6177,openapc,titulo_secundario_fuzzy,coincidencia,90.0
2248-4078,openapc,titulo_secundario_fuzzy,coincidencia,85.5
2390-0016,openapc,titulo_secundario_fuzzy,coincidencia,90.0
1909-8758,openapc,titulo_secundario_fuzzy,coincidencia,90.0
0121-3784,openapc,titulo_secundario_fuzzy,coincidencia,90.0
2145-9797,openapc,titulo_secundario_fuzzy,coincidencia,85.5
2389-993X,openapc,titulo_secundario_fuzzy,coincidencia,90.0
2339-3459,openapc,titulo_secundario_exacto,coincidencia,100.0
2145-4531,openapc,titulo_secundario_fuzzy,coincidencia,85.5
2323-0126,openapc,titulo_secundario_fuzzy,coincidencia,90.0
2027-1352,openapc,titulo_secundario_fuzzy,coincidencia,90.0
2256-2796,openapc,titulo_secundario_fuzzy,coincidencia,85.5
0120-4807,openapc,titulo_secundario_fuzzy,coincidencia,90.0
2346-2183,openapc,titulo_secundario_fuzzy,coincidencia,90.0
2590-7379,openapc,titulo_secundario_fuzzy,coincidencia,94.73684210526316
2256-3334,openapc,titulo_secundario_fuzzy,coincidencia,85.5
2256-201X,openapc,titulo_secundario_fuzzy,coincidencia,90.0
2322-777X,openapc,titulo_secundario_fuzzy,coincidencia,90.0
0124-5821,openapc,titulo_secundario_fuzzy,coincidencia,85.5
2248-6011,openapc,titulo_secundario_fuzzy,coincidencia,90.0
2500-7645,openapc,titulo_secundario_fuzzy,coincidencia,85.71428571428571
2590-9215,openapc,titulo_secundario_fuzzy,coincidencia,90.0
2346-1691,openapc,titulo_secundario_fuzzy,coincidencia,85.26315789473685
2500-5316,openapc,titulo_secundario_fuzzy,coincidencia,85.5
2389-7732,openapc,titulo_secundario_fuzzy,coincidencia,90.0
2357-6308,openapc,titulo_secundario_fuzzy,coincidencia,90.0
1657-9534,openapc,titulo_secundario_fuzzy,coincidencia,85.5
2462-8603,openapc,titulo_secundario_fuzzy,coincidencia,85.5
2256-5493,openapc,titulo_secundario_fuzzy,coincidencia,85.5
2145-8499,openapc,titulo_secundario_fuzzy,coincidencia,90.0
2463-1469,openapc,titulo_secundario_fuzzy,coincidencia,90.0
2027-145X,openapc,titulo_secundario_fuzzy,coincidencia,90.0
2145-9169,openapc,titulo_secundario_fuzzy,coincidencia,90.0
1012-8255,openapc,titulo_secundario_fuzzy,coincidencia,90.0
2215-9177,openapc,titulo_secundario_fuzzy,coincidencia,90.0
2619-4066,openapc,titulo_secundario_exacto,coincidencia,100.0
2256-5248,openapc,titulo_secundario_fuzzy,coincidencia,90.0
2538-9866,openapc,titulo_secundario_fuzzy,coincidencia,90.0
2382-3860,openapc,titulo_secundario_fuzzy,coincidencia,90.0
1909-7719,openapc,titulo_secundario_fuzzy,coincidencia,90.0
2248-6054,openapc,titulo_secundario_fuzzy,coincidencia,85.5
2145-8480,openapc,titulo_secundario_fuzzy,coincidencia,90.0
2422-3719,openapc,titulo_secundario_fuzzy,coincidencia,85.5
2145-8553,openapc,titulo_secundario_fuzzy,coincidencia,90.0
1900-2386,openapc,titulo_secundario_fuzzy,coincidencia,90.0
2500-5375,openapc,titulo_secundario_fuzzy,coincidencia,90.0
0120-4211,openapc,titulo_secundario_fuzzy,coincidencia,85.5
2539-3804,openapc,titulo_secundario_fuzzy,coincidencia,90.0
2256-3067,openapc,titulo_secundario_fuzzy,coincidencia,85.5
2011-7922,openapc,titulo_secundario_exacto,coincidencia,100.0
0121-5051,openapc,titulo_secundario_fuzzy,coincidencia,85.5
1900-6004,openapc,titulo_secundario_fuzzy,coincidencia,90.0
2539-200X,openapc,titulo_secundario_fuzzy,coincidencia,90.0
2344-7214,openapc,titulo_secundario_fuzzy,coincidencia,90.0
2027-5366,openapc,titulo_secundario_fuzzy,coincidencia,90.0
1909-9959,openapc,titulo_secundario_fuzzy,coincidencia,85.5
2027-2448,openapc,titulo_secundario_fuzzy,coincidencia,90.0
2215-969X,openapc,titulo_secundario_fuzzy,coincidencia,90.0
2539-5203,openapc,titulo_secundario_fuzzy,coincidencia,85.5
2145-7166,openapc,titulo_secundario_fuzzy,coincidencia,85.71428571428571
2500-8692,openapc,titulo_secundario_fuzzy,coincidencia,90.0
2346-0199,openapc,titulo_secundario_fuzzy,coincidencia,90.0
2500-6517,openapc,titulo_secundario_fuzzy,coincidencia,90.0
2027-2103,openapc,titulo_secundario_fuzzy,coincidencia,90.0
2216-1201,openapc,titulo_secundario_fuzzy,coincidencia,85.5
2389-9387,openapc,titulo_secundario_fuzzy,coincidencia,85.5
0120-5927,openapc,titulo_secundario_fuzzy,coincidencia,90.0
2346-0253,openapc,titulo_secundario_fuzzy,coincidencia,90.0
2339-3874,openapc,titulo_secundario_fuzzy,coincidencia,90.0
2665-5837,openapc,titulo_secundario_fuzzy,coincidencia,85.5
2389-8194,openapc,titulo_secundario_fuzzy,coincidencia,90.0
0120-4483,openapc,titulo_secundario_fuzzy,coincidencia,90.0
0120-548X,openapc,titulo_secundario_fuzzy,coincidencia,85.26315789473685
0120-4661,openapc,titulo_secundario_fuzzy,coincidencia,90.0
0124-5376,openapc,titulo_secundario_fuzzy,coincidencia,90.0
1794-8932,openapc,titulo_secundario_fuzzy,coincidencia,90.0
0120-100X,openapc,titulo_secundario_fuzzy,coincidencia,90.0
2011-4532,openapc,titulo_secundario_fuzzy,coincidencia,90.0
0123-9015,openapc,titulo_secundario_fuzzy,coincidencia,90.0
0120-3886,openapc,titulo_secundario_fuzzy,coincidencia,90.0
0124-2121,openapc,titulo_secundario_fuzzy,coincidencia,90.0
0120-0283,openapc,titulo_secundario_fuzzy,coincidencia,90.0
0122-8803,openapc,titulo_secundario_fuzzy,coincidencia,90.0
1692-5777,openapc,titulo_secundario_fuzzy,coincidencia,95.0
0122-7483,openapc,titulo_secundario_fuzzy,coincidencia,90.0
2011-5474,openapc,titulo_secundario_fuzzy,coincidencia,90.0
1692-6013,openapc,titulo_secundario_fuzzy,coincidencia,90.0
0122-5197,openapc,titulo_secundario_fuzzy,coincidencia,85.5
0124-0579,openapc,titulo_secundario_fuzzy,coincidencia,85.5
0120-2448,openapc,titulo_secundario_fuzzy,coincidencia,85.5
0122-7238,openapc,titulo_secundario_fuzzy,coincidencia,90.0
1692-2530,openapc,titulo_secundario_fuzzy,coincidencia,85.5
1657-4702,openapc,titulo_secundario_fuzzy,coincidencia,90.0
1692-715X,openapc,titulo_secundario_fuzzy,coincidencia,90.0
2011-0324,openapc,titulo_secundario_fuzzy,coincidencia,90.0
0034-7418,openapc,titulo_secundario_fuzzy,coincidencia,85.5
1657-7027,openapc,titulo_secundario_fuzzy,coincidencia,90.0
2248-6046,openapc,titulo_secundario_fuzzy,coincidencia,90.0
1657-320X,openapc,titulo_secundario_fuzzy,coincidencia,90.0
0120-159X,openapc,titulo_secundario_fuzzy,coincidencia,85.71428571428571
1692-0279,openapc,titulo_secundario_fuzzy,coincidencia,85.5
2027-1786,openapc,titulo_secundario_fuzzy,coincidencia,90.0
2027-4688,openapc,titulo_secundario_fuzzy,coincidencia,90.0
0120-386X,openapc,titulo_secundario_fuzzy,coincidencia,85.5
1909-9762,openapc,titulo_secundario_fuzzy,coincidencia,90.0
0123-4226,openapc,titulo_secundario_fuzzy,coincidencia,85.71428571428571
1900-9895,openapc,titulo_secundario_fuzzy,coincidencia,90.0
2011-2106,openapc,titulo_secundario_fuzzy,coincidencia,85.5
1794-6670,openapc,titulo_secundario_fuzzy,coincidencia,90.0
1794-6190,openapc,titulo_secundario_exacto,coincidencia,100.0
0120-0488,openapc,titulo_secundario_fuzzy,coincidencia,85.5
0123-3068,openapc,titulo_secundario_fuzzy,coincidencia,90.0
0123-4986,openapc,titulo_secundario_fuzzy,coincidencia,85.5
0120-4157,openapc,titulo_secundario_fuzzy,coincidencia,94.73684210526316
2322-9381,openapc,titulo_secundario_fuzzy,coincidencia,90.0
0120-4688,openapc,titulo_secundario_fuzzy,coincidencia,85.5
0121-8417,openapc,titulo_secundario_fuzzy,coincidencia,90.0
0122-1701,openapc,titulo_secundario_fuzzy,coincidencia,90.0
1657-6357,openapc,titulo_secundario_fuzzy,coincidencia,85.5
1657-0308,openapc,titulo_secundario_fuzzy,coincidencia,90.0
1657-107X,openapc,titulo_secundario_fuzzy,coincidencia,90.0
0120-0976,openapc,titulo_secundario_fuzzy,coincidencia,90.0
1692-3561,openapc,titulo_secundario_fuzzy,coincidencia,85.5
0120-2952,openapc,titulo_secundario_fuzzy,coincidencia,90.0
0124-4108,openapc,titulo_secundario_fuzzy,coincidencia,90.0
0121-1617,openapc,titulo_secundario_fuzzy,coincidencia,90.0
2216-0159,openapc,titulo_secundario_fuzzy,coincidencia,85.5
0121-053X,openapc,titulo_secundario_fuzzy,coincidencia,90.0
0120-0690,openapc,titulo_secundario_fuzzy,coincidencia,85.5
0124-2253,openapc,titulo_secundario_fuzzy,coincidencia,95.23809523809523
0121-4381,openapc,titulo_secundario_fuzzy,coincidencia,85.5
1657-4206,openapc,titulo_secundario_fuzzy,coincidencia,85.5
0124-7913,openapc,titulo_secundario_fuzzy,coincidencia,90.0
1794-9998,openapc,titulo_secundario_fuzzy,coincidencia,85.5
0121-4772,openapc,titulo_secundario_fuzzy,coincidencia,90.0
0121-5612,openapc,titulo_secundario_fuzzy,coincidencia,90.0
0121-215X,openapc,titulo_secundario_fuzzy,coincidencia,90.0
0121-3814,openapc,titulo_secundario_fuzzy,coincidencia,90.0
0120-0739,openapc,titulo_secundario_fuzzy,coincidencia,90.0
0120-3932,openapc,titulo_secundario_fuzzy,coincidencia,90.0
0012-7353,openapc,titulo_secundario_fuzzy,coincidencia,90.0
2011-2173,openapc,titulo_secundario_fuzzy,coincidencia,85.5
0120-6346,openapc,titulo_secundario_fuzzy,coincidencia,90.0
2027-5137,openapc,titulo_secundario_fuzzy,coincidencia,90.0
0124-8170,openapc,titulo_secundario_fuzzy,coincidencia,90.0
1909-8391,openapc,titulo_secundario_fuzzy,coincidencia,85.5
0120-0011,openapc,titulo_secundario_fuzzy,coincidencia,90.0
1909-941X,openapc,titulo_secundario_fuzzy,coincidencia,86.95652173913044
0121-6805,openapc,titulo_secundario_fuzzy,coincidencia,90.0
0122-8102,openapc,titulo_secundario_fuzzy,coincidencia,85.26315789473685
1900-6586,openapc,titulo_secundario_fuzzy,coincidencia,85.71428571428571
1794-2470,openapc,titulo_secundario_fuzzy,coincidencia,85.5
1657-4915,openapc,titulo_secundario_fuzzy,coincidencia,90.0
0120-5323,openapc,titulo_secundario_fuzzy,coincidencia,86.4
0120-419X,openapc,titulo_secundario_fuzzy,coincidencia,86.95652173913044
0121-4004,openapc,titulo_secundario_fuzzy,coincidencia,90.0
0120-2456,openapc,titulo_secundario_fuzzy,coincidencia,90.0
1692-8261,openapc,titulo_secundario_fuzzy,coincidencia,90.0
2145-4892,openapc,titulo_secundario_fuzzy,coincidencia,85.5
2145-549X,openapc,titulo_secundario_fuzzy,coincidencia,90.0
0120-0062,openapc,titulo_secundario_fuzzy,coincidencia,85.5
0122-5383,openapc,titulo_secundario_fuzzy,coincidencia,85.5
1900-4699,openapc,titulo_secundario_fuzzy,coincidencia,85.5
0124-0021,openapc,titulo_secundario_fuzzy,coincidencia,90.0
0120-8942,openapc,titulo_secundario_fuzzy,coincidencia,90.0
1909-9746,openapc,titulo_secundario_fuzzy,coincidencia,90.0
0120-8462,openapc,titulo_secundario_fuzzy,coincidencia,90.0
2027-1557,openapc,titulo_secundario_fuzzy,coincidencia,90.0
0123-3769,openapc,titulo_secundario_fuzzy,coincidencia,90.0
0123-3475,openapc,titulo_secundario_fuzzy,coincidencia,90.0
0124-0781,openapc,titulo_secundario_fuzzy,coincidencia,90.0
0120-7555,openapc,titulo_secundario_fuzzy,coincidencia,85.5
1657-9089,openapc,titulo_secundario_fuzzy,coincidencia,90.0
0121-117X,openapc,titulo_secundario_fuzzy,coincidencia,85.5
0123-9392,openapc,titulo_secundario_fuzzy,coincidencia,94.11764705882352
1900-9607,openapc,titulo_secundario_fuzzy,coincidencia,90.0
2027-2391,openapc,titulo_secundario_fuzzy,coincidencia,90.0
0122-8900,openapc,titulo_secundario_fuzzy,coincidencia,90.0
0122-2066,openapc,titulo_secundario_fuzzy,coincidencia,90.0
0120-3576,openapc,titulo_secundario_fuzzy,coincidencia,90.0
2027-7822,openapc,titulo_secundario_fuzzy,coincidencia,85.5
2145-9932,openapc,titulo_secundario_fuzzy,coincidencia,85.5
1657-8651,openapc,titulo_secundario_fuzzy,coincidencia,85.5
1657-4214,openapc,titulo_secundario_fuzzy,coincidencia,90.0
0121-0041,openapc,titulo_secundario_fuzzy,coincidencia,90.0
1692-8415,openapc,titulo_secundario_fuzzy,coincidencia,90.0
0123-8884,openapc,titulo_secundario_fuzzy,coincidencia,90.0
1794-6638,openapc,titulo_secundario_exacto,coincidencia,100.0
1794-6298,openapc,titulo_secundario_fuzzy,coincidencia,85.5
2011-3501,openapc,titulo_secundario_fuzzy,coincidencia,90.0
1657-9553,openapc,titulo_secundario_fuzzy,coincidencia,90.0
1794-8347,openapc,titulo_secundario_fuzzy,coincidencia,90.0
1909-9851,openapc,titulo_secundario_fuzzy,coincidencia,85.71428571428571
2011-8643,openapc,titulo_secundario_fuzzy,coincidencia,90.0
1692-5238,openapc,titulo_secundario_fuzzy,coincidencia,85.5
2145-6445,openapc,titulo_secundario_fuzzy,coincidencia,90.0
2011-513X,openapc,titulo_secundario_fuzzy,coincidencia,90.0
2215-7840,openapc,titulo_secundario_fuzzy,coincidencia,90.0
2027-3401,openapc,titulo_secundario_fuzzy,coincidencia,90.0
1692-7427,openapc,titulo_secundario_fuzzy,coincidencia,90.0
2027-923X,openapc,titulo_secundario_fuzzy,coincidencia,94.11764705882352
0122-6150,openapc,titulo_secundario_fuzzy,coincidencia,85.71428571428571
0120-4319,openapc,titulo_secundario_fuzzy,coincidencia,85.5
2027-4297,openapc,titulo_secundario_fuzzy,coincidencia,90.0
0124-6542,openapc,titulo_secundario_fuzzy,coincidencia,90.0
1794-4724,openapc,titulo_secundario_fuzzy,coincidencia,90.0
0121-5256,openapc,titulo_secundario_fuzzy,coincidencia,90.0
1909-2814,openapc,titulo_secundario_fuzzy,coincidencia,90.0
0304-3584,openapc,titulo_secundario_fuzzy,coincidencia,85.71428571428571
0122-0667,openapc,titulo_secundario_fuzzy,coincidencia,85.5
0123-7756,openapc,titulo_secundario_fuzzy,coincidencia,90.0
2216-1473,openapc,titulo_secundario_fuzzy,coincidencia,85.5
1692-7273,openapc,titulo_secundario_fuzzy,coincidencia,85.5
0120-0135,openapc,titulo_secundario_fuzzy,coincidencia,85.5
1657-3412,openapc,titulo_secundario_fuzzy,coincidencia,90.0
2145-6569,openapc,titulo_secundario_fuzzy,coincidencia,85.5
2145-2946,openapc,titulo_secundario_fuzzy,coincidencia,90.0
2256-3342,openapc,titulo_secundario_fuzzy,coincidencia,90.0
1657-0448,openapc,titulo_secundario_fuzzy,coincidencia,90.0
2256-1676,openapc,titulo_secundario_fuzzy,coincidencia,85.5
0123-1154,openapc,titulo_secundario_fuzzy,coincidencia,90.0
0123-5931,openapc,titulo_secundario_fuzzy,coincidencia,90.0
2027-1840,openapc,titulo_secundario_fuzzy,coincidencia,90.0
2011-5318,openapc,titulo_secundario_fuzzy,coincidencia,85.5
1900-9771,openapc,titulo_secundario_fuzzy,coincidencia,85.5
2215-7190,openapc,titulo_secundario_fuzzy,coincidencia,90.0
0122-1213,openapc,titulo_secundario_fuzzy,coincidencia,90.0
0120-5498,openapc,titulo_secundario_exacto,coincidencia,100.0
0120-3630,openapc,titulo_secundario_fuzzy,coincidencia,85.5
0120-131X,openapc,titulo_secundario_fuzzy,coincidencia,85.5
1692-8156,openapc,titulo_secundario_fuzzy,coincidencia,85.5
0123-4471,openapc,titulo_secundario_fuzzy,coincidencia,85.5
1909-2407,openapc,titulo_secundario_fuzzy,coincidencia,90.0
2248-7441,openapc,titulo_secundario_fuzzy,coincidencia,90.0
1794-161X,openapc,titulo_secundario_fuzzy,coincidencia,87.5
0120-4874,openapc,titulo_secundario_fuzzy,coincidencia,90.0
0122-9729,openapc,titulo_secundario_fuzzy,coincidencia,90.0
2322-9721,openapc,titulo_secundario_fuzzy,coincidencia,90.0
0120-8748,openapc,titulo_secundario_fuzzy,coincidencia,86.08695652173914
1692-8989,openapc,titulo_secundario_fuzzy,coincidencia,85.5
0041-9095,openapc,titulo_secundario_fuzzy,coincidencia,85.5
0121-2095,openapc,titulo_secundario_fuzzy,coincidencia,85.71428571428571
2027-9035,openapc,titulo_secundario_fuzzy,coincidencia,90.0
0121-747X,openapc,titulo_secundario_fuzzy,coincidencia,85.5
2215-8987,openapc,titulo_secundario_fuzzy,coincidencia,90.0
1900-5016,openapc,titulo_secundario_fuzzy,coincidencia,90.0
1657-463X,openapc,titulo_secundario_fuzzy,coincidencia,85.71428571428571
2216-0965,openapc,titulo_secundario_fuzzy,coincidencia,85.5
2027-1034,openapc,titulo_secundario_fuzzy,coincidencia,85.5
0120-677X,openapc,titulo_secundario_fuzzy,coincidencia,85.5
2346-4712,openapc,titulo_secundario_fuzzy,coincidencia,85.5
0124-308X,openapc,titulo_secundario_fuzzy,coincidencia,85.5
0120-2650,openapc,titulo_secundario_fuzzy,coincidencia,85.5
0123-2576,openapc,titulo_secundario_fuzzy,coincidencia,90.0
0120-0380,openapc,titulo_secundario_fuzzy,coincidencia,90.9090909090909
0120-8454,openapc,titulo_secundario_fuzzy,coincidencia,90.0
2145-5333,openapc,titulo_secundario_fuzzy,coincidencia,85.5
2027-8918,openapc,titulo_secundario_fuzzy,coincidencia,90.0
2145-6194,openapc,titulo_secundario_fuzzy,coincidencia,85.5
0122-9354,openapc,titulo_secundario_fuzzy,coincidencia,90.25
2145-1362,openapc,titulo_secundario_fuzzy,coincidencia,85.5
0120-8705,openapc,titulo_secundario_fuzzy,coincidencia,90.0
2011-5415,openapc,titulo_secundario_fuzzy,coincidencia,85.26315789473685
2215-8405,openapc,titulo_secundario_fuzzy,coincidencia,90.0
1657-8236,openapc,titulo_secundario_fuzzy,coincidencia,90.0
1909-5775,openapc,titulo_secundario_fuzzy,coincidencia,85.5
2011-3188,openapc,titulo_secundario_fuzzy,coincidencia,90.0
0120-4173,openapc,titulo_secundario_fuzzy,coincidencia,85.71428571428571
1692-5114,openapc,titulo_secundario_fuzzy,coincidencia,90.0
0120-3800,openapc,titulo_secundario_fuzzy,coincidencia,90.0
0123-2614,openapc,titulo_secundario_fuzzy,coincidencia,85.5
1909-8642,openapc,titulo_secundario_fuzzy,coincidencia,90.0
1909-230X,openapc,titulo_secundario_fuzzy,coincidencia,90.0
0120-095X,openapc,titulo_secundario_fuzzy,coincidencia,90.0
2027-1433,openapc,titulo_secundario_fuzzy,coincidencia,85.5
1900-9909,openapc,titulo_secundario_fuzzy,coincidencia,90.0
2011-074X,openapc,titulo_secundario_fuzzy,coincidencia,90.0
2027-7458,openapc,titulo_secundario_fuzzy,coincidencia,90.0
0123-9678,openapc,titulo_secundario_fuzzy,coincidencia,90.0
0121-7372,openapc,titulo_secundario_fuzzy,coincidencia,90.0
1692-3502,openapc,titulo_secundario_fuzzy,coincidencia,90.0
2027-8047,openapc,titulo_secundario_fuzzy,coincidencia,85.5
0123-2592,openapc,titulo_secundario_fuzzy,coincidencia,90.0
1657-7663,openapc,titulo_secundario_fuzzy,coincidencia,90.0
0122-011X,openapc,titulo_secundario_fuzzy,coincidencia,90.0
0123-4676,openapc,titulo_secundario_fuzzy,coincidencia,90.0
1909-7891,openapc,titulo_secundario_fuzzy,coincidencia,90.0
1692-3103,openapc,titulo_secundario_fuzzy,coincidencia,90.0
0120-6680,openapc,titulo_secundario_exacto,coincidencia,100.0
1657-5946,openapc,titulo_secundario_fuzzy,coincidencia,85.5
0120-9833,openapc,titulo_secundario_fuzzy,coincidencia,85.26315789473685
1692-0880,openapc,titulo_secundario_exacto,coincidencia,100.0
0122-9534,openapc,titulo_secundario_fuzzy,coincidencia,90.25
1012-7410,openapc,titulo_secundario_fuzzy,coincidencia,90.0
0121-2532,openapc,titulo_secundario_fuzzy,coincidencia,85.5
0120-3797,openapc,titulo_secundario_fuzzy,coincidencia,90.0
