issn_normalizado,titulo,titulo_normalizado,fila_gold,apc_tipo,apc_monto_usd,apc_imputado,faltan_campos_apc,faltan_campos_todos
0034-7450,Revista Colombiana De Psiquiatría,colombiana psiquiatria,2,imputado,150.0,True,"apc_monto, apc_moneda","issn_electronic, issn_linking, institucion_editora_2, institucion_editora_3, url_revista, url_doaj, When did the journal start to publish all content using an open license?, titulo_alternativo, issn_impreso, issn_electronico, palabras_clave, idiomas, editorial, pais_editorial, Other organisation, Country of other organisation, licencia, atributos_licencia, URL for license terms, cc_legible_maquina, autor_retiene_copyright, Copyright information URL, tipo_revision, Review process information URL, politica_plagio, URL for journal's aims & scope, URL for the Editorial Board page, URL for journal's instructions for authors, semanas_submission_publicacion, tiene_apc, APC information URL, politica_exencion, Waiver policy information URL, tiene_otros_cobros, Other fees information URL, servicios_preservacion, Preservation Service: national library, Preservation information URL, Deposit policy directory, URL for deposit policy, identificadores_persistentes, cumple_oa_doaj, Continues, Continued By, codigos_lcc, subscribe_to_open, Mirror Journal, Open Journals Collective, materias, fecha_incorporacion_doaj, fecha_actualizacion_doaj, Last Full Review Date, num_articulos, fecha_ultimo_articulo, apc_monto, apc_moneda, editorial_rapida"
2539-3669,GESTIÓN Y DESARROLLO LIBRE,gestion desarrollo libre,3,imputado,150.0,True,"apc_monto, apc_moneda","issn_electronic, institucion_editora_2, institucion_editora_3, url_revista, url_doaj, When did the journal start to publish all content using an open license?, titulo_alternativo, issn_impreso, issn_electronico, palabras_clave, idiomas, editorial, pais_editorial, Other organisation, Country of other organisation, licencia, atributos_licencia, URL for license terms, cc_legible_maquina, autor_retiene_copyright, Copyright information URL, tipo_revision, Review process information URL, politica_plagio, URL for journal's aims & scope, URL for the Editorial Board page, URL for journal's instructions for authors, semanas_submission_publicacion, tiene_apc, APC information URL, politica_exencion, Waiver policy information URL, tiene_otros_cobros, Other fees information URL, servicios_preservacion, Preservation Service: national library, Preservation information URL, Deposit policy directory, URL for deposit policy, identificadores_persistentes, cumple_oa_doaj, Continues, Continued By, codigos_lcc, subscribe_to_open, Mirror Journal, Open Journals Collective, materias, fecha_incorporacion_doaj, fecha_actualizacion_doaj, Last Full Review Date, num_articulos, fecha_ultimo_articulo, apc_monto, apc_moneda, editorial_rapida"
2215-7727,Cuadernos De Desarrollo Rural,cuadernos desarrollo rural,4,imputado,150.0,True,"apc_monto, apc_moneda","issn_electronic, institucion_editora_2, institucion_editora_3, url_revista, url_doaj, When did the journal start to publish all content using an open license?, titulo_alternativo, issn_impreso, issn_electronico, palabras_clave, idiomas, editorial, pais_editorial, Other organisation, Country of other organisation, licencia, atributos_licencia, URL for license terms, cc_legible_maquina, autor_retiene_copyright, Copyright information URL, tipo_revision, Review process information URL, politica_plagio, URL for journal's aims & scope, URL for the Editorial Board page, URL for journal's instructions for authors, semanas_submission_publicacion, tiene_apc, APC information URL, politica_exencion, Waiver policy information URL, tiene_otros_cobros, Other fees information URL, servicios_preservacion, Preservation Service: national library, Preservation information URL, Deposit policy directory, URL for deposit policy, identificadores_persistentes, cumple_oa_doaj, Continues, Continued By, codigos_lcc, subscribe_to_open, Mirror Journal, Open Journals Collective, materias, fecha_incorporacion_doaj, fecha_actualizacion_doaj, Last Full Review Date, num_articulos, fecha_ultimo_articulo, apc_monto, apc_moneda, editorial_rapida"
2590-4566,Justicia,justicia,5,imputado,150.0,True,"apc_monto, apc_moneda","issn_electronic, institucion_editora_2, institucion_editora_3, url_revista, url_doaj, When did the journal start to publish all content using an open license?, titulo_alternativo, issn_impreso, issn_electronico, palabras_clave, idiomas, editorial, pais_editorial, Other organisation, Country of other organisation, licencia, atributos_licencia, URL for license terms, cc_legible_maquina, autor_retiene_copyright, Copyright information URL, tipo_revision, Review process information URL, politica_plagio, URL for journal's aims & scope, URL for the Editorial Board page, URL for journal's instructions for authors, semanas_submission_publicacion, tiene_apc, APC information URL, politica_exencion, Waiver policy information URL, tiene_otros_cobros, Other fees information URL, servicios_preservacion, Preservation Service: national library, Preservation information URL, Deposit policy directory, URL for deposit policy, identificadores_persistentes, cumple_oa_doaj, Continues, Continued By, codigos_lcc, subscribe_to_open, Mirror Journal, Open Journals Collective, materias, fecha_incorporacion_doaj, fecha_actualizacion_doaj, Last Full Review Date, num_articulos, fecha_ultimo_articulo, apc_monto, apc_moneda, editorial_rapida"
1657-9267,Universitas Psychologica,universitas psychologica,6,imputado,150.0,True,"apc_monto, apc_moneda","issn_electronic, issn_linking, institucion_editora_2, institucion_editora_3, url_revista, url_doaj, When did the journal start to publish all content using an open license?, titulo_alternativo, issn_impreso, issn_electronico, palabras_clave, idiomas, editorial, pais_editorial, Other organisation, Country of other organisation, licencia, atributos_licencia, URL for license terms, cc_legible_maquina, autor_retiene_copyright, Copyright information URL, tipo_revision, Review process information URL, politica_plagio, URL for journal's aims & scope, URL for the Editorial Board page, URL for journal's instructions for authors, semanas_submission_publicacion, tiene_apc, APC information URL, politica_exencion, Waiver policy information URL, tiene_otros_cobros, Other fees information URL, servicios_preservacion, Preservation Service: national library, Preservation information URL, Deposit policy directory, URL for deposit policy, identificadores_persistentes, cumple_oa_doaj, Continues, Continued By, codigos_lcc, subscribe_to_open, Mirror Journal, Open Journals Collective, materias, fecha_incorporacion_doaj, fecha_actualizacion_doaj, Last Full Review Date, num_articulos, fecha_ultimo_articulo, apc_monto, apc_moneda, editorial_rapida"
2590-8669,Reflexión Política,reflexion politica,7,imputado,150.0,True,"apc_monto, apc_moneda","issn_electronic, institucion_editora_2, institucion_editora_3, url_revista, url_doaj, When did the journal start to publish all content using an open license?, titulo_alternativo, issn_impreso, issn_electronico, palabras_clave, idiomas, editorial, pais_editorial, Other organisation, Country of other organisation, licencia, atributos_licencia, URL for license terms, cc_legible_maquina, autor_retiene_copyright, Copyright information URL, tipo_revision, Review process information URL, politica_plagio, URL for journal's aims & scope, URL for the Editorial Board page, URL for journal's instructions for authors, semanas_submission_publicacion, tiene_apc, APC information URL, politica_exencion, Waiver policy information URL, tiene_otros_cobros, Other fees information URL, servicios_preservacion, Preservation Service: national library, Preservation information URL, Deposit policy directory, URL for deposit policy, identificadores_persistentes, cumple_oa_doaj, Continues, Continued By, codigos_lcc, subscribe_to_open, Mirror Journal, Open Journals Collective, materias, fecha_incorporacion_doaj, fecha_actualizacion_doaj, Last Full Review Date, num_articulos, fecha_ultimo_articulo, apc_monto, apc_moneda, editorial_rapida"
2462-8794,Ecomatematico,ecomatematico,8,imputado,150.0,True,"apc_monto, apc_moneda","issn_electronic, institucion_editora_2, institucion_editora_3, url_revista, url_doaj, When did the journal start to publish all content using an open license?, titulo_alternativo, issn_impreso, issn_electronico, palabras_clave, idiomas, editorial, pais_editorial, Other organisation, Country of other organisation, licencia, atributos_licencia, URL for license terms, cc_legible_maquina, autor_retiene_copyright, Copyright information URL, tipo_revision, Review process information URL, politica_plagio, URL for journal's aims & scope, URL for the Editorial Board page, URL for journal's instructions for authors, semanas_submission_publicacion, tiene_apc, APC information URL, politica_exencion, Waiver policy information URL, tiene_otros_cobros, Other fees information URL, servicios_preservacion, Preservation Service: national library, Preservation information URL, Deposit policy directory, URL for deposit policy, identificadores_persistentes, cumple_oa_doaj, Continues, Continued By, codigos_lcc, subscribe_to_open, Mirror Journal, Open Journals Collective, materias, fecha_incorporacion_doaj, fecha_actualizacion_doaj, Last Full Review Date, num_articulos, fecha_ultimo_articulo, apc_monto, apc_moneda, editorial_rapida"
2500-7769,Amauta,amauta,9,imputado,150.0,True,"apc_monto, apc_moneda","issn_electronic, institucion_editora_2, institucion_editora_3, url_revista, url_doaj, When did the journal start to publish all content using an open license?, titulo_alternativo, issn_impreso, issn_electronico, palabras_clave, idiomas, editorial, pais_editorial, Other organisation, Country of other organisation, licencia, atributos_licencia, URL for license terms, cc_legible_maquina, autor_retiene_copyright, Copyright information URL, tipo_revision, Review process information URL, politica_plagio, URL for journal's aims & scope, URL for the Editorial Board page, URL for journal's instructions for authors, semanas_submission_publicacion, tiene_apc, APC information URL, politica_exencion, Waiver policy information URL, tiene_otros_cobros, Other fees information URL, servicios_preservacion, Preservation Service: national library, Preservation information URL, Deposit policy directory, URL for deposit policy, identificadores_persistentes, cumple_oa_doaj, Continues, Continued By, codigos_lcc, subscribe_to_open, Mirror Journal, Open Journals Collective, materias, fecha_incorporacion_doaj, fecha_actualizacion_doaj, Last Full Review Date, num_articulos, fecha_ultimo_articulo, apc_monto, apc_moneda, editorial_rapida"
2027-5374,Aquichan,aquichan,10,imputado,150.0,True,"apc_monto, apc_moneda","issn_electronic, institucion_editora_2, institucion_editora_3, url_revista, url_doaj, When did the journal start to publish all content using an open license?, titulo_alternativo, issn_impreso, issn_electronico, palabras_clave, idiomas, editorial, pais_editorial, Other organisation, Country of other organisation, licencia, atributos_licencia, URL for license terms, cc_legible_maquina, autor_retiene_copyright, Copyright information URL, tipo_revision, Review process information URL, politica_plagio, URL for journal's aims & scope, URL for the Editorial Board page, URL for journal's instructions for authors, semanas_submission_publicacion, tiene_apc, APC information URL, politica_exencion, Waiver policy information URL, tiene_otros_cobros, Other fees information URL, servicios_preservacion, Preservation Service: national library, Preservation information URL, Deposit policy directory, URL for deposit policy, identificadores_persistentes, cumple_oa_doaj, Continues, Continued By, codigos_lcc, subscribe_to_open, Mirror Journal, Open Journals Collective, materias, fecha_incorporacion_doaj, fecha_actualizacion_doaj, Last Full Review Date, num_articulos, fecha_ultimo_articulo, apc_monto, apc_moneda, editorial_rapida"
2346-2442,Revista De Derecho Privado,derecho privado,11,imputado,150.0,True,"apc_monto, apc_moneda","issn_electronic, institucion_editora_2, institucion_editora_3, url_revista, url_doaj, When did the journal start to publish all content using an open license?, titulo_alternativo, issn_impreso, issn_electronico, palabras_clave, idiomas, editorial, pais_editorial, Other organisation, Country of other organisation, licencia, atributos_licencia, URL for license terms, cc_legible_maquina, autor_retiene_copyright, Copyright information URL, tipo_revision, Review process information URL, politica_plagio, URL for journal's aims & scope, URL for the Editorial Board page, URL for journal's instructions for authors, semanas_submission_publicacion, tiene_apc, APC information URL, politica_exencion, Waiver policy information URL, tiene_otros_cobros, Other fees information URL, servicios_preservacion, Preservation Service: national library, Preservation information URL, Deposit policy directory, URL for deposit policy, identificadores_persistentes, cumple_oa_doaj, Continues, Continued By, codigos_lcc, subscribe_to_open, Mirror Journal, Open Journals Collective, materias, fecha_incorporacion_doaj, fecha_actualizacion_doaj, Last Full Review Date, num_articulos, fecha_ultimo_articulo, apc_monto, apc_moneda, editorial_rapida"
2382-4980,"Revista De La Academia Colombiana De Ciencias Exactas, Físicas Y Naturales",academia colombiana ciencias exactas fisicas naturales,12,imputado,150.0,True,"apc_monto, apc_moneda","issn_electronic, institucion_editora_2, institucion_editora_3, url_revista, url_doaj, When did the journal start to publish all content using an open license?, titulo_alternativo, issn_impreso, issn_electronico, palabras_clave, idiomas, editorial, pais_editorial, Other organisation, Country of other organisation, licencia, atributos_licencia, URL for license terms, cc_legible_maquina, autor_retiene_copyright, Copyright information URL, tipo_revision, Review process information URL, politica_plagio, URL for journal's aims & scope, URL for the Editorial Board page, URL for journal's instructions for authors, semanas_submission_publicacion, tiene_apc, APC information URL, politica_exencion, Waiver policy information URL, tiene_otros_cobros, Other fees information URL, servicios_preservacion, Preservation Service: national library, Preservation information URL, Deposit policy directory, URL for deposit policy, identificadores_persistentes, cumple_oa_doaj, Continues, Continued By, codigos_lcc, subscribe_to_open, Mirror Journal, Open Journals Collective, materias, fecha_incorporacion_doaj, fecha_actualizacion_doaj, Last Full Review Date, num_articulos, fecha_ultimo_articulo, apc_monto, apc_moneda, editorial_rapida"
2027-5846,Ingenierias Usbmed,ingenierias usbmed,13,imputado,150.0,True,"apc_monto, apc_moneda","issn_print, issn_electronic, institucion_editora_2, institucion_editora_3, issn_electronico, Other organisation, Country of other organisation, atributos_licencia, Waiver policy information URL, Other fees information URL, servicios_preservacion, Preservation Service: national library, Preservation information URL, Deposit policy directory, URL for deposit policy, Continues, Continued By, apc_monto, apc_moneda"
2389-7716,Juridicas Cuc,juridicas cuc,14,imputado,150.0,True,"apc_monto, apc_moneda","issn_electronic, institucion_editora_2, institucion_editora_3, url_revista, url_doaj, When did the journal start to publish all content using an open license?, titulo_alternativo, issn_impreso, issn_electronico, palabras_clave, idiomas, editorial, pais_editorial, Other organisation, Country of other organisation, licencia, atributos_licencia, URL for license terms, cc_legible_maquina, autor_retiene_copyright, Copyright information URL, tipo_revision, Review process information URL, politica_plagio, URL for journal's aims & scope, URL for the Editorial Board page, URL for journal's instructions for authors, semanas_submission_publicacion, tiene_apc, APC information URL, politica_exencion, Waiver policy information URL, tiene_otros_cobros, Other fees information URL, servicios_preservacion, Preservation Service: national library, Preservation information URL, Deposit policy directory, URL for deposit policy, identificadores_persistentes, cumple_oa_doaj, Continues, Continued By, codigos_lcc, subscribe_to_open, Mirror Journal, Open Journals Collective, materias, fecha_incorporacion_doaj, fecha_actualizacion_doaj, Last Full Review Date, num_articulos, fecha_ultimo_articulo, apc_monto, apc_moneda, editorial_rapida"
2346-2450,Revista De Economía Institucional,economia institucional,15,imputado,150.0,True,"apc_monto, apc_moneda","issn_electronic, institucion_editora_2, institucion_editora_3, url_revista, url_doaj, When did the journal start to publish all content using an open license?, titulo_alternativo, issn_impreso, issn_electronico, palabras_clave, idiomas, editorial, pais_editorial, Other organisation, Country of other organisation, licencia, atributos_licencia, URL for license terms, cc_legible_maquina, autor_retiene_copyright, Copyright information URL, tipo_revision, Review process information URL, politica_plagio, URL for journal's aims & scope, URL for the Editorial Board page, URL for journal's instructions for authors, semanas_submission_publicacion, tiene_apc, APC information URL, politica_exencion, Waiver policy information URL, tiene_otros_cobros, Other fees information URL, servicios_preservacion, Preservation Service: national library, Preservation information URL, Deposit policy directory, URL for deposit policy, identificadores_persistentes, cumple_oa_doaj, Continues, Continued By, codigos_lcc, subscribe_to_open, Mirror Journal, Open Journals Collective, materias, fecha_incorporacion_doaj, fecha_actualizacion_doaj, Last Full Review Date, num_articulos, fecha_ultimo_articulo, apc_monto, apc_moneda, editorial_rapida"
2346-206X,Turismo Y Sociedad,turismo sociedad,16,imputado,150.0,True,"apc_monto, apc_moneda","issn_electronic, institucion_editora_2, institucion_editora_3, url_revista, url_doaj, When did the journal start to publish all content using an open license?, titulo_alternativo, issn_impreso, issn_electronico, palabras_clave, idiomas, editorial, pais_editorial, Other organisation, Country of other organisation, licencia, atributos_licencia, URL for license terms, cc_legible_maquina, autor_retiene_copyright, Copyright information URL, tipo_revision, Review process information URL, politica_plagio, URL for journal's aims & scope, URL for the Editorial Board page, URL for journal's instructions for authors, semanas_submission_publicacion, tiene_apc, APC information URL, politica_exencion, Waiver policy information URL, tiene_otros_cobros, Other fees information URL, servicios_preservacion, Preservation Service: national library, Preservation information URL, Deposit policy directory, URL for deposit policy, identificadores_persistentes, cumple_oa_doaj, Continues, Continued By, codigos_lcc, subscribe_to_open, Mirror Journal, Open Journals Collective, materias, fecha_incorporacion_doaj, fecha_actualizacion_doaj, Last Full Review Date, num_articulos, fecha_ultimo_articulo, apc_monto, apc_moneda, editorial_rapida"
2145-566X,Íkala,ikala,17,imputado,150.0,True,"apc_monto, apc_moneda","issn_electronic, institucion_editora_2, institucion_editora_3, url_revista, url_doaj, When did the journal start to publish all content using an open license?, titulo_alternativo, issn_impreso, issn_electronico, palabras_clave, idiomas, editorial, pais_editorial, Other organisation, Country of other organisation, licencia, atributos_licencia, URL for license terms, cc_legible_maquina, autor_retiene_copyright, Copyright information URL, tipo_revision, Review process information URL, politica_plagio, URL for journal's aims & scope, URL for the Editorial Board page, URL for journal's instructions for authors, semanas_submission_publicacion, tiene_apc, APC information URL, politica_exencion, Waiver policy information URL, tiene_otros_cobros, Other fees information URL, servicios_preservacion, Preservation Service: national library, Preservation information URL, Deposit policy directory, URL for deposit policy, identificadores_persistentes, cumple_oa_doaj, Continues, Continued By, codigos_lcc, subscribe_to_open, Mirror Journal, Open Journals Collective, materias, fecha_incorporacion_doaj, fecha_actualizacion_doaj, Last Full Review Date, num_articulos, fecha_ultimo_articulo, apc_monto, apc_moneda, editorial_rapida"
2382-4700,Inge-Cuc,inge cuc,18,imputado,150.0,True,"apc_monto, apc_moneda","issn_electronic, institucion_editora_2, institucion_editora_3, url_revista, url_doaj, When did the journal start to publish all content using an open license?, titulo_alternativo, issn_impreso, issn_electronico, palabras_clave, idiomas, editorial, pais_editorial, Other organisation, Country of other organisation, licencia, atributos_licencia, URL for license terms, cc_legible_maquina, autor_retiene_copyright, Copyright information URL, tipo_revision, Review process information URL, politica_plagio, URL for journal's aims & scope, URL for the Editorial Board page, URL for journal's instructions for authors, semanas_submission_publicacion, tiene_apc, APC information URL, politica_exencion, Waiver policy information URL, tiene_otros_cobros, Other fees information URL, servicios_preservacion, Preservation Service: national library, Preservation information URL, Deposit policy directory, URL for deposit policy, identificadores_persistentes, cumple_oa_doaj, Continues, Continued By, codigos_lcc, subscribe_to_open, Mirror Journal, Open Journals Collective, materias, fecha_incorporacion_doaj, fecha_actualizacion_doaj, Last Full Review Date, num_articulos, fecha_ultimo_articulo, apc_monto, apc_moneda, editorial_rapida"
2665-4385,Revista Colombiana De Entomología,colombiana entomologia,19,imputado,200.0,True,"apc_monto, apc_moneda","issn_electronic, institucion_editora_3, url_revista, url_doaj, When did the journal start to publish all content using an open license?, titulo_alternativo, issn_impreso, issn_electronico, palabras_clave, idiomas, editorial, pais_editorial, Other organisation, Country of other organisation, licencia, atributos_licencia, URL for license terms, cc_legible_maquina, autor_retiene_copyright, Copyright information URL, tipo_revision, Review process information URL, politica_plagio, URL for journal's aims & scope, URL for the Editorial Board page, URL for journal's instructions for authors, semanas_submission_publicacion, tiene_apc, APC information URL, politica_exencion, Waiver policy information URL, tiene_otros_cobros, Other fees information URL, servicios_preservacion, Preservation Service: national library, Preservation information URL, Deposit policy directory, URL for deposit policy, identificadores_persistentes, cumple_oa_doaj, Continues, Continued By, codigos_lcc, subscribe_to_open, Mirror Journal, Open Journals Collective, materias, fecha_incorporacion_doaj, fecha_actualizacion_doaj, Last Full Review Date, num_articulos, fecha_ultimo_articulo, apc_monto, apc_moneda, editorial_rapida"
2539-3596,Revista De Salud Pública,salud publica,20,imputado,150.0,True,"apc_monto, apc_moneda","issn_electronic, codigo_dane, institucion_editora_1, institucion_editora_2, institucion_editora_3, pais_iso, url_revista, url_doaj, When did the journal start to publish all content using an open license?, titulo_alternativo, issn_impreso, issn_electronico, palabras_clave, idiomas, editorial, pais_editorial, Other organisation, Country of other organisation, licencia, atributos_licencia, URL for license terms, cc_legible_maquina, autor_retiene_copyright, Copyright information URL, tipo_revision, Review process information URL, politica_plagio, URL for journal's aims & scope, URL for the Editorial Board page, URL for journal's instructions for authors, semanas_submission_publicacion, tiene_apc, APC information URL, politica_exencion, Waiver policy information URL, tiene_otros_cobros, Other fees information URL, servicios_preservacion, Preservation Service: national library, Preservation information URL, Deposit policy directory, URL for deposit policy, identificadores_persistentes, cumple_oa_doaj, Continues, Continued By, codigos_lcc, subscribe_to_open, Mirror Journal, Open Journals Collective, materias, fecha_incorporacion_doaj, fecha_actualizacion_doaj, Last Full Review Date, num_articulos, fecha_ultimo_articulo, apc_monto, apc_moneda, editorial_rapida"
2323-0703,Producción + Limpia,produccion limpia,21,imputado,150.0,True,"apc_monto, apc_moneda","issn_electronic, institucion_editora_2, institucion_editora_3, url_revista, url_doaj, When did the journal start to publish all content using an open license?, titulo_alternativo, issn_impreso, issn_electronico, palabras_clave, idiomas, editorial, pais_editorial, Other organisation, Country of other organisation, licencia, atributos_licencia, URL for license terms, cc_legible_maquina, autor_retiene_copyright, Copyright information URL, tipo_revision, Review process information URL, politica_plagio, URL for journal's aims & scope, URL for the Editorial Board page, URL for journal's instructions for authors, semanas_submission_publicacion, tiene_apc, APC information URL, politica_exencion, Waiver policy information URL, tiene_otros_cobros, Other fees information URL, servicios_preservacion, Preservation Service: national library, Preservation information URL, Deposit policy directory, URL for deposit policy, identificadores_persistentes, cumple_oa_doaj, Continues, Continued By, codigos_lcc, subscribe_to_open, Mirror Journal, Open Journals Collective, materias, fecha_incorporacion_doaj, fecha_actualizacion_doaj, Last Full Review Date, num_articulos, fecha_ultimo_articulo, apc_monto, apc_moneda, editorial_rapida"
2665-2420,Educacion Y Humanismo,educacion humanismo,22,imputado,150.0,True,"apc_monto, apc_moneda","issn_electronic, institucion_editora_2, institucion_editora_3, url_revista, url_doaj, When did the journal start to publish all content using an open license?, titulo_alternativo, issn_impreso, issn_electronico, palabras_clave, idiomas, editorial, pais_editorial, Other organisation, Country of other organisation, licencia, atributos_licencia, URL for license terms, cc_legible_maquina, autor_retiene_copyright, Copyright information URL, tipo_revision, Review process information URL, politica_plagio, URL for journal's aims & scope, URL for the Editorial Board page, URL for journal's instructions for authors, semanas_submission_publicacion, tiene_apc, APC information URL, politica_exencion, Waiver policy information URL, tiene_otros_cobros, Other fees information URL, servicios_preservacion, Preservation Service: national library, Preservation information URL, Deposit policy directory, URL for deposit policy, identificadores_persistentes, cumple_oa_doaj, Continues, Continued By, codigos_lcc, subscribe_to_open, Mirror Journal, Open Journals Collective, materias, fecha_incorporacion_doaj, fecha_actualizacion_doaj, Last Full Review Date, num_articulos, fecha_ultimo_articulo, apc_monto, apc_moneda, editorial_rapida"
2357-5905,Gestión Y Ambiente,gestion ambiente,23,imputado,150.0,True,"apc_monto, apc_moneda","issn_electronic, institucion_editora_3, url_revista, url_doaj, When did the journal start to publish all content using an open license?, titulo_alternativo, issn_impreso, issn_electronico, palabras_clave, idiomas, editorial, pais_editorial, Other organisation, Country of other organisation, licencia, atributos_licencia, URL for license terms, cc_legible_maquina, autor_retiene_copyright, Copyright information URL, tipo_revision, Review process information URL, politica_plagio, URL for journal's aims & scope, URL for the Editorial Board page, URL for journal's instructions for authors, semanas_submission_publicacion, tiene_apc, APC information URL, politica_exencion, Waiver policy information URL, tiene_otros_cobros, Other fees information URL, servicios_preservacion, Preservation Service: national library, Preservation information URL, Deposit policy directory, URL for deposit policy, identificadores_persistentes, cumple_oa_doaj, Continues, Continued By, codigos_lcc, subscribe_to_open, Mirror Journal, Open Journals Collective, materias, fecha_incorporacion_doaj, fecha_actualizacion_doaj, Last Full Review Date, num_articulos, fecha_ultimo_articulo, apc_monto, apc_moneda, editorial_rapida"
0123-5362,Revista De Economía Del Rosario,economia rosario,24,imputado,150.0,True,"apc_monto, apc_moneda","issn_electronic, issn_linking, institucion_editora_1, institucion_editora_2, institucion_editora_3, url_revista, url_doaj, When did the journal start to publish all content using an open license?, titulo_alternativo, issn_impreso, issn_electronico, palabras_clave, idiomas, editorial, pais_editorial, Other organisation, Country of other organisation, licencia, atributos_licencia, URL for license terms, cc_legible_maquina, autor_retiene_copyright, Copyright information URL, tipo_revision, Review process information URL, politica_plagio, URL for journal's aims & scope, URL for the Editorial Board page, URL for journal's instructions for authors, semanas_submission_publicacion, tiene_apc, APC information URL, politica_exencion, Waiver policy information URL, tiene_otros_cobros, Other fees information URL, servicios_preservacion, Preservation Service: national library, Preservation information URL, Deposit policy directory, URL for deposit policy, identificadores_persistentes, cumple_oa_doaj, Continues, Continued By, codigos_lcc, subscribe_to_open, Mirror Journal, Open Journals Collective, materias, fecha_incorporacion_doaj, fecha_actualizacion_doaj, Last Full Review Date, num_articulos, fecha_ultimo_articulo, apc_monto, apc_moneda, editorial_rapida"
2357-4720,Revista Historia Y Sociedad,historia sociedad,25,imputado,150.0,True,"apc_monto, apc_moneda","issn_electronic, institucion_editora_2, institucion_editora_3, url_revista, url_doaj, When did the journal start to publish all content using an open license?, titulo_alternativo, issn_impreso, issn_electronico, palabras_clave, idiomas, editorial, pais_editorial, Other organisation, Country of other organisation, licencia, atributos_licencia, URL for license terms, cc_legible_maquina, autor_retiene_copyright, Copyright information URL, tipo_revision, Review process information URL, politica_plagio, URL for journal's aims & scope, URL for the Editorial Board page, URL for journal's instructions for authors, semanas_submission_publicacion, tiene_apc, APC information URL, politica_exencion, Waiver policy information URL, tiene_otros_cobros, Other fees information URL, servicios_preservacion, Preservation Service: national library, Preservation information URL, Deposit policy directory, URL for deposit policy, identificadores_persistentes, cumple_oa_doaj, Continues, Continued By, codigos_lcc, subscribe_to_open, Mirror Journal, Open Journals Collective, materias, fecha_incorporacion_doaj, fecha_actualizacion_doaj, Last Full Review Date, num_articulos, fecha_ultimo_articulo, apc_monto, apc_moneda, editorial_rapida"
2346-0806,Sophia,sophia,26,imputado,150.0,True,"apc_monto, apc_moneda","issn_electronic, institucion_editora_2, institucion_editora_3, url_revista, url_doaj, When did the journal start to publish all content using an open license?, titulo_alternativo, issn_impreso, issn_electronico, palabras_clave, idiomas, editorial, pais_editorial, Other organisation, Country of other organisation, licencia, atributos_licencia, URL for license terms, cc_legible_maquina, autor_retiene_copyright, Copyright information URL, tipo_revision, Review process information URL, politica_plagio, URL for journal's aims & scope, URL for the Editorial Board page, URL for journal's instructions for authors, semanas_submission_publicacion, tiene_apc, APC information URL, politica_exencion, Waiver policy information URL, tiene_otros_cobros, Other fees information URL, servicios_preservacion, Preservation Service: national library, Preservation information URL, Deposit policy directory, URL for deposit policy, identificadores_persistentes, cumple_oa_doaj, Continues, Continued By, codigos_lcc, subscribe_to_open, Mirror Journal, Open Journals Collective, materias, fecha_incorporacion_doaj, fecha_actualizacion_doaj, Last Full Review Date, num_articulos, fecha_ultimo_articulo, apc_monto, apc_moneda, editorial_rapida"
2389-8844,Equidad & Desarrollo,equidad desarrollo,27,imputado,150.0,True,"apc_monto, apc_moneda","issn_electronic, institucion_editora_2, institucion_editora_3, url_revista, url_doaj, When did the journal start to publish all content using an open license?, titulo_alternativo, issn_impreso, issn_electronico, palabras_clave, idiomas, editorial, pais_editorial, Other organisation, Country of other organisation, licencia, atributos_licencia, URL for license terms, cc_legible_maquina, autor_retiene_copyright, Copyright information URL, tipo_revision, Review process information URL, politica_plagio, URL for journal's aims & scope, URL for the Editorial Board page, URL for journal's instructions for authors, semanas_submission_publicacion, tiene_apc, APC information URL, politica_exencion, Waiver policy information URL, tiene_otros_cobros, Other fees information URL, servicios_preservacion, Preservation Service: national library, Preservation information URL, Deposit policy directory, URL for deposit policy, identificadores_persistentes, cumple_oa_doaj, Continues, Continued By, codigos_lcc, subscribe_to_open, Mirror Journal, Open Journals Collective, materias, fecha_incorporacion_doaj, fecha_actualizacion_doaj, Last Full Review Date, num_articulos, fecha_ultimo_articulo, apc_monto, apc_moneda, editorial_rapida"
2500-5227,Administración & Desarrollo,administracion desarrollo,28,imputado,150.0,True,"apc_monto, apc_moneda","issn_electronic, institucion_editora_2, institucion_editora_3, url_revista, url_doaj, When did the journal start to publish all content using an open license?, titulo_alternativo, issn_impreso, issn_electronico, palabras_clave, idiomas, editorial, pais_editorial, Other organisation, Country of other organisation, licencia, atributos_licencia, URL for license terms, cc_legible_maquina, autor_retiene_copyright, Copyright information URL, tipo_revision, Review process information URL, politica_plagio, URL for journal's aims & scope, URL for the Editorial Board page, URL for journal's instructions for authors, semanas_submission_publicacion, tiene_apc, APC information URL, politica_exencion, Waiver policy information URL, tiene_otros_cobros, Other fees information URL, servicios_preservacion, Preservation Service: national library, Preservation information URL, Deposit policy directory, URL for deposit policy, identificadores_persistentes, cumple_oa_doaj, Continues, Continued By, codigos_lcc, subscribe_to_open, Mirror Journal, Open Journals Collective, materias, fecha_incorporacion_doaj, fecha_actualizacion_doaj, Last Full Review Date, num_articulos, fecha_ultimo_articulo, apc_monto, apc_moneda, editorial_rapida"
2346-3775,Tropical Grasslands-Forrajes Tropicales,tropical grasslands forrajes tropicales,29,imputado,200.0,True,"apc_monto, apc_moneda","issn_electronic, institucion_editora_2, institucion_editora_3, titulo_alternativo, issn_impreso, Other organisation, Country of other organisation, atributos_licencia, Waiver policy information URL, Other fees information URL, servicios_preservacion, Preservation Service: national library, Preservation information URL, Deposit policy directory, URL for deposit policy, Continues, Continued By, apc_monto, apc_moneda"
2256-4322,Ad-Minister Revista Escuela De Administración,ad minister escuela administracion,30,imputado,150.0,True,"apc_monto, apc_moneda","issn_electronic, institucion_editora_2, institucion_editora_3, url_revista, url_doaj, When did the journal start to publish all content using an open license?, titulo_alternativo, issn_impreso, issn_electronico, palabras_clave, idiomas, editorial, pais_editorial, Other organisation, Country of other organisation, licencia, atributos_licencia, URL for license terms, cc_legible_maquina, autor_retiene_copyright, Copyright information URL, tipo_revision, Review process information URL, politica_plagio, URL for journal's aims & scope, URL for the Editorial Board page, URL for journal's instructions for authors, semanas_submission_publicacion, tiene_apc, APC information URL, politica_exencion, Waiver policy information URL, tiene_otros_cobros, Other fees information URL, servicios_preservacion, Preservation Service: national library, Preservation information URL, Deposit policy directory, URL for deposit policy, identificadores_persistentes, cumple_oa_doaj, Continues, Continued By, codigos_lcc, subscribe_to_open, Mirror Journal, Open Journals Collective, materias, fecha_incorporacion_doaj, fecha_actualizacion_doaj, Last Full Review Date, num_articulos, fecha_ultimo_articulo, apc_monto, apc_moneda, editorial_rapida"
2500-5324,Latinoamericana De Estudios Educativos,latinoamericana estudios educativos,31,imputado,150.0,True,"apc_monto, apc_moneda","issn_electronic, institucion_editora_2, institucion_editora_3, url_revista, url_doaj, When did the journal start to publish all content using an open license?, titulo_alternativo, issn_impreso, issn_electronico, palabras_clave, idiomas, editorial, pais_editorial, Other organisation, Country of other organisation, licencia, atributos_licencia, URL for license terms, cc_legible_maquina, autor_retiene_copyright, Copyright information URL, tipo_revision, Review process information URL, politica_plagio, URL for journal's aims & scope, URL for the Editorial Board page, URL for journal's instructions for authors, semanas_submission_publicacion, tiene_apc, APC information URL, politica_exencion, Waiver policy information URL, tiene_otros_cobros, Other fees information URL, servicios_preservacion, Preservation Service: national library, Preservation information URL, Deposit policy directory, URL for deposit policy, identificadores_persistentes, cumple_oa_doaj, Continues, Continued By, codigos_lcc, subscribe_to_open, Mirror Journal, Open Journals Collective, materias, fecha_incorporacion_doaj, fecha_actualizacion_doaj, Last Full Review Date, num_articulos, fecha_ultimo_articulo, apc_monto, apc_moneda, editorial_rapida"
2422-4200,Revista Logos Ciencia & Tecnología,logos ciencia tecnologia,32,imputado,150.0,True,"apc_monto, apc_moneda","issn_electronic, institucion_editora_2, institucion_editora_3, url_revista, url_doaj, When did the journal start to publish all content using an open license?, titulo_alternativo, issn_impreso, issn_electronico, palabras_clave, idiomas, editorial, pais_editorial, Other organisation, Country of other organisation, licencia, atributos_licencia, URL for license terms, cc_legible_maquina, autor_retiene_copyright, Copyright information URL, tipo_revision, Review process information URL, politica_plagio, URL for journal's aims & scope, URL for the Editorial Board page, URL for journal's instructions for authors, semanas_submission_publicacion, tiene_apc, APC information URL, politica_exencion, Waiver policy information URL, tiene_otros_cobros, Other fees information URL, servicios_preservacion, Preservation Service: national library, Preservation information URL, Deposit policy directory, URL for deposit policy, identificadores_persistentes, cumple_oa_doaj, Continues, Continued By, codigos_lcc, subscribe_to_open, Mirror Journal, Open Journals Collective, materias, fecha_incorporacion_doaj, fecha_actualizacion_doaj, Last Full Review Date, num_articulos, fecha_ultimo_articulo, apc_monto, apc_moneda, editorial_rapida"
2462-9596,Discusiones Filosóficas,discusiones filosoficas,33,imputado,150.0,True,"apc_monto, apc_moneda","issn_electronic, codigo_dane, institucion_editora_2, institucion_editora_3, pais_iso, url_revista, url_doaj, When did the journal start to publish all content using an open license?, titulo_alternativo, issn_impreso, issn_electronico, palabras_clave, idiomas, editorial, pais_editorial, Other organisation, Country of other organisation, licencia, atributos_licencia, URL for license terms, cc_legible_maquina, autor_retiene_copyright, Copyright information URL, tipo_revision, Review process information URL, politica_plagio, URL for journal's aims & scope, URL for the Editorial Board page, URL for journal's instructions for authors, semanas_submission_publicacion, tiene_apc, APC information URL, politica_exencion, Waiver policy information URL, tiene_otros_cobros, Other fees information URL, servicios_preservacion, Preservation Service: national library, Preservation information URL, Deposit policy directory, URL for deposit policy, identificadores_persistentes, cumple_oa_doaj, Continues, Continued By, codigos_lcc, subscribe_to_open, Mirror Journal, Open Journals Collective, materias, fecha_incorporacion_doaj, fecha_actualizacion_doaj, Last Full Review Date, num_articulos, fecha_ultimo_articulo, apc_monto, apc_moneda, editorial_rapida"
2216-0280,Investigación Y Educación En Enfermería,investigacion educacion enfermeria,34,imputado,150.0,True,"apc_monto, apc_moneda","issn_electronic, institucion_editora_2, institucion_editora_3, url_revista, url_doaj, When did the journal start to publish all content using an open license?, titulo_alternativo, issn_impreso, issn_electronico, palabras_clave, idiomas, editorial, pais_editorial, Other organisation, Country of other organisation, licencia, atributos_licencia, URL for license terms, cc_legible_maquina, autor_retiene_copyright, Copyright information URL, tipo_revision, Review process information URL, politica_plagio, URL for journal's aims & scope, URL for the Editorial Board page, URL for journal's instructions for authors, semanas_submission_publicacion, tiene_apc, APC information URL, politica_exencion, Waiver policy information URL, tiene_otros_cobros, Other fees information URL, servicios_preservacion, Preservation Service: national library, Preservation information URL, Deposit policy directory, URL for deposit policy, identificadores_persistentes, cumple_oa_doaj, Continues, Continued By, codigos_lcc, subscribe_to_open, Mirror Journal, Open Journals Collective, materias, fecha_incorporacion_doaj, fecha_actualizacion_doaj, Last Full Review Date, num_articulos, fecha_ultimo_articulo, apc_monto, apc_moneda, editorial_rapida"
0124-4639,Revista Universidad Y Empresa,universidad empresa,35,imputado,150.0,True,"apc_monto, apc_moneda","issn_electronic, issn_linking, institucion_editora_2, institucion_editora_3, Other organisation, Country of other organisation, atributos_licencia, Waiver policy information URL, Other fees information URL, servicios_preservacion, Preservation Service: national library, Preservation information URL, Deposit policy directory, URL for deposit policy, Continues, Continued By, apc_monto, apc_moneda"
2665-1327,Ensayos Sobre Política Económica,ensayos sobre politica economica,36,imputado,150.0,True,"apc_monto, apc_moneda","issn_electronic, institucion_editora_1, institucion_editora_2, institucion_editora_3, url_revista, url_doaj, When did the journal start to publish all content using an open license?, titulo_alternativo, issn_impreso, issn_electronico, palabras_clave, idiomas, editorial, pais_editorial, Other organisation, Country of other organisation, licencia, atributos_licencia, URL for license terms, cc_legible_maquina, autor_retiene_copyright, Copyright information URL, tipo_revision, Review process information URL, politica_plagio, URL for journal's aims & scope, URL for the Editorial Board page, URL for journal's instructions for authors, semanas_submission_publicacion, tiene_apc, APC information URL, politica_exencion, Waiver policy information URL, tiene_otros_cobros, Other fees information URL, servicios_preservacion, Preservation Service: national library, Preservation information URL, Deposit policy directory, URL for deposit policy, identificadores_persistentes, cumple_oa_doaj, Continues, Continued By, codigos_lcc, subscribe_to_open, Mirror Journal, Open Journals Collective, materias, fecha_incorporacion_doaj, fecha_actualizacion_doaj, Last Full Review Date, num_articulos, fecha_ultimo_articulo, apc_monto, apc_moneda, editorial_rapida"
2389-783X,Duazary,duazary,37,imputado,150.0,True,"apc_monto, apc_moneda","issn_electronic, institucion_editora_2, institucion_editora_3, url_revista, url_doaj, When did the journal start to publish all content using an open license?, titulo_alternativo, issn_impreso, issn_electronico, palabras_clave, idiomas, editorial, pais_editorial, Other organisation, Country of other organisation, licencia, atributos_licencia, URL for license terms, cc_legible_maquina, autor_retiene_copyright, Copyright information URL, tipo_revision, Review process information URL, politica_plagio, URL for journal's aims & scope, URL for the Editorial Board page, URL for journal's instructions for authors, semanas_submission_publicacion, tiene_apc, APC information URL, politica_exencion, Waiver policy information URL, tiene_otros_cobros, Other fees information URL, servicios_preservacion, Preservation Service: national library, Preservation information URL, Deposit policy directory, URL for deposit policy, identificadores_persistentes, cumple_oa_doaj, Continues, Continued By, codigos_lcc, subscribe_to_open, Mirror Journal, Open Journals Collective, materias, fecha_incorporacion_doaj, fecha_actualizacion_doaj, Last Full Review Date, num_articulos, fecha_ultimo_articulo, apc_monto, apc_moneda, editorial_rapida"
2027-128X,Investigación En Enfermería :Imagen Y Desarrollo,investigacion enfermeria imagen desarrollo,38,imputado,150.0,True,"apc_monto, apc_moneda","issn_electronic, institucion_editora_2, institucion_editora_3, url_revista, url_doaj, When did the journal start to publish all content using an open license?, titulo_alternativo, issn_impreso, issn_electronico, palabras_clave, idiomas, editorial, pais_editorial, Other organisation, Country of other organisation, licencia, atributos_licencia, URL for license terms, cc_legible_maquina, autor_retiene_copyright, Copyright information URL, tipo_revision, Review process information URL, politica_plagio, URL for journal's aims & scope, URL for the Editorial Board page, URL for journal's instructions for authors, semanas_submission_publicacion, tiene_apc, APC information URL, politica_exencion, Waiver policy information URL, tiene_otros_cobros, Other fees information URL, servicios_preservacion, Preservation Service: national library, Preservation information URL, Deposit policy directory, URL for deposit policy, identificadores_persistentes, cumple_oa_doaj, Continues, Continued By, codigos_lcc, subscribe_to_open, Mirror Journal, Open Journals Collective, materias, fecha_incorporacion_doaj, fecha_actualizacion_doaj, Last Full Review Date, num_articulos, fecha_ultimo_articulo, apc_monto, apc_moneda, editorial_rapida"
2389-7864,Revista Intropica,intropica,39,imputado,150.0,True,"apc_monto, apc_moneda","issn_electronic, institucion_editora_2, institucion_editora_3, url_revista, url_doaj, When did the journal start to publish all content using an open license?, titulo_alternativo, issn_impreso, issn_electronico, palabras_clave, idiomas, editorial, pais_editorial, Other organisation, Country of other organisation, licencia, atributos_licencia, URL for license terms, cc_legible_maquina, autor_retiene_copyright, Copyright information URL, tipo_revision, Review process information URL, politica_plagio, URL for journal's aims & scope, URL for the Editorial Board page, URL for journal's instructions for authors, semanas_submission_publicacion, tiene_apc, APC information URL, politica_exencion, Waiver policy information URL, tiene_otros_cobros, Other fees information URL, servicios_preservacion, Preservation Service: national library, Preservation information URL, Deposit policy directory, URL for deposit policy, identificadores_persistentes, cumple_oa_doaj, Continues, Continued By, codigos_lcc, subscribe_to_open, Mirror Journal, Open Journals Collective, materias, fecha_incorporacion_doaj, fecha_actualizacion_doaj, Last Full Review Date, num_articulos, fecha_ultimo_articulo, apc_monto, apc_moneda, editorial_rapida"
2256-3938,Revista Lasallista De Investigación,lasallista investigacion,40,imputado,150.0,True,"apc_monto, apc_moneda","issn_electronic, institucion_editora_2, institucion_editora_3, url_revista, url_doaj, When did the journal start to publish all content using an open license?, titulo_alternativo, issn_impreso, issn_electronico, palabras_clave, idiomas, editorial, pais_editorial, Other organisation, Country of other organisation, licencia, atributos_licencia, URL for license terms, cc_legible_maquina, autor_retiene_copyright, Copyright information URL, tipo_revision, Review process information URL, politica_plagio, URL for journal's aims & scope, URL for the Editorial Board page, URL for journal's instructions for authors, semanas_submission_publicacion, tiene_apc, APC information URL, politica_exencion, Waiver policy information URL, tiene_otros_cobros, Other fees information URL, servicios_preservacion, Preservation Service: national library, Preservation information URL, Deposit policy directory, URL for deposit policy, identificadores_persistentes, cumple_oa_doaj, Continues, Continued By, codigos_lcc, subscribe_to_open, Mirror Journal, Open Journals Collective, materias, fecha_incorporacion_doaj, fecha_actualizacion_doaj, Last Full Review Date, num_articulos, fecha_ultimo_articulo, apc_monto, apc_moneda, editorial_rapida"
2422-5053,Revista Respuestas,respuestas,41,imputado,150.0,True,"apc_monto, apc_moneda","issn_electronic, institucion_editora_3, url_revista, url_doaj, When did the journal start to publish all content using an open license?, titulo_alternativo, issn_impreso, issn_electronico, palabras_clave, idiomas, editorial, pais_editorial, Other organisation, Country of other organisation, licencia, atributos_licencia, URL for license terms, cc_legible_maquina, autor_retiene_copyright, Copyright information URL, tipo_revision, Review process information URL, politica_plagio, URL for journal's aims & scope, URL for the Editorial Board page, URL for journal's instructions for authors, semanas_submission_publicacion, tiene_apc, APC information URL, politica_exencion, Waiver policy information URL, tiene_otros_cobros, Other fees information URL, servicios_preservacion, Preservation Service: national library, Preservation information URL, Deposit policy directory, URL for deposit policy, identificadores_persistentes, cumple_oa_doaj, Continues, Continued By, codigos_lcc, subscribe_to_open, Mirror Journal, Open Journals Collective, materias, fecha_incorporacion_doaj, fecha_actualizacion_doaj, Last Full Review Date, num_articulos, fecha_ultimo_articulo, apc_monto, apc_moneda, editorial_rapida"
2145-9371,Ingenieria Y Desarrollo,ingenieria desarrollo,42,imputado,150.0,True,"apc_monto, apc_moneda","issn_electronic, issn_linking, institucion_editora_2, institucion_editora_3, url_revista, url_doaj, When did the journal start to publish all content using an open license?, titulo_alternativo, issn_impreso, issn_electronico, palabras_clave, idiomas, editorial, pais_editorial, Other organisation, Country of other organisation, licencia, atributos_licencia, URL for license terms, cc_legible_maquina, autor_retiene_copyright, Copyright information URL, tipo_revision, Review process information URL, politica_plagio, URL for journal's aims & scope, URL for the Editorial Board page, URL for journal's instructions for authors, semanas_submission_publicacion, tiene_apc, APC information URL, politica_exencion, Waiver policy information URL, tiene_otros_cobros, Other fees information URL, servicios_preservacion, Preservation Service: national library, Preservation information URL, Deposit policy directory, URL for deposit policy, identificadores_persistentes, cumple_oa_doaj, Continues, Continued By, codigos_lcc, subscribe_to_open, Mirror Journal, Open Journals Collective, materias, fecha_incorporacion_doaj, fecha_actualizacion_doaj, Last Full Review Date, num_articulos, fecha_ultimo_articulo, apc_monto, apc_moneda, editorial_rapida"
2322-6889,Historia Caribe,historia caribe,43,imputado,150.0,True,"apc_monto, apc_moneda","issn_electronic, codigo_dane, institucion_editora_2, institucion_editora_3, pais_iso, url_revista, url_doaj, When did the journal start to publish all content using an open license?, titulo_alternativo, issn_impreso, issn_electronico, palabras_clave, idiomas, editorial, pais_editorial, Other organisation, Country of other organisation, licencia, atributos_licencia, URL for license terms, cc_legible_maquina, autor_retiene_copyright, Copyright information URL, tipo_revision, Review process information URL, politica_plagio, URL for journal's aims & scope, URL for the Editorial Board page, URL for journal's instructions for authors, semanas_submission_publicacion, tiene_apc, APC information URL, politica_exencion, Waiver policy information URL, tiene_otros_cobros, Other fees information URL, servicios_preservacion, Preservation Service: national library, Preservation information URL, Deposit policy directory, URL for deposit policy, identificadores_persistentes, cumple_oa_doaj, Continues, Continued By, codigos_lcc, subscribe_to_open, Mirror Journal, Open Journals Collective, materias, fecha_incorporacion_doaj, fecha_actualizacion_doaj, Last Full Review Date, num_articulos, fecha_ultimo_articulo, apc_monto, apc_moneda, editorial_rapida"
2011-4273,Antípoda : Revista De Antropología Y Arqueología,antipoda antropologia arqueologia,44,imputado,150.0,True,"apc_monto, apc_moneda","issn_electronic, institucion_editora_2, institucion_editora_3, url_revista, url_doaj, When did the journal start to publish all content using an open license?, titulo_alternativo, issn_impreso, issn_electronico, palabras_clave, idiomas, editorial, pais_editorial, Other organisation, Country of other organisation, licencia, atributos_licencia, URL for license terms, cc_legible_maquina, autor_retiene_copyright, Copyright information URL, tipo_revision, Review process information URL, politica_plagio, URL for journal's aims & scope, URL for the Editorial Board page, URL for journal's instructions for authors, semanas_submission_publicacion, tiene_apc, APC information URL, politica_exencion, Waiver policy information URL, tiene_otros_cobros, Other fees information URL, servicios_preservacion, Preservation Service: national library, Preservation information URL, Deposit policy directory, URL for deposit policy, identificadores_persistentes, cumple_oa_doaj, Continues, Continued By, codigos_lcc, subscribe_to_open, Mirror Journal, Open Journals Collective, materias, fecha_incorporacion_doaj, fecha_actualizacion_doaj, Last Full Review Date, num_articulos, fecha_ultimo_articulo, apc_monto, apc_moneda, editorial_rapida"
2215-8421,Voces Y Silencios,voces silencios,45,imputado,150.0,True,"apc_monto, apc_moneda","issn_electronic, institucion_editora_2, institucion_editora_3, titulo_alternativo, issn_impreso, Other organisation, Country of other organisation, atributos_licencia, cc_legible_maquina, Waiver policy information URL, Other fees information URL, servicios_preservacion, Preservation Service: national library, Preservation information URL, Deposit policy directory, URL for deposit policy, Continues, Continued By, apc_monto, apc_moneda"
0123-4641,Colombian Applied Linguistics Journal,colombian applied linguistics,46,imputado,150.0,True,"apc_monto, apc_moneda","issn_electronic, issn_linking, institucion_editora_2, institucion_editora_3, titulo_alternativo, atributos_licencia, cc_legible_maquina, Waiver policy information URL, Other fees information URL, servicios_preservacion, Preservation Service: national library, Preservation information URL, Deposit policy directory, URL for deposit policy, Continues, Continued By, apc_monto, apc_moneda"
2256-5779,Apuntes Del Cenes,apuntes cenes,47,imputado,150.0,True,"apc_monto, apc_moneda","issn_electronic, institucion_editora_2, institucion_editora_3, url_revista, url_doaj, When did the journal start to publish all content using an open license?, titulo_alternativo, issn_impreso, issn_electronico, palabras_clave, idiomas, editorial, pais_editorial, Other organisation, Country of other organisation, licencia, atributos_licencia, URL for license terms, cc_legible_maquina, autor_retiene_copyright, Copyright information URL, tipo_revision, Review process information URL, politica_plagio, URL for journal's aims & scope, URL for the Editorial Board page, URL for journal's instructions for authors, semanas_submission_publicacion, tiene_apc, APC information URL, politica_exencion, Waiver policy information URL, tiene_otros_cobros, Other fees information URL, servicios_preservacion, Preservation Service: national library, Preservation information URL, Deposit policy directory, URL for deposit policy, identificadores_persistentes, cumple_oa_doaj, Continues, Continued By, codigos_lcc, subscribe_to_open, Mirror Journal, Open Journals Collective, materias, fecha_incorporacion_doaj, fecha_actualizacion_doaj, Last Full Review Date, num_articulos, fecha_ultimo_articulo, apc_monto, apc_moneda, editorial_rapida"
2389-9050,Sociedad Y Economía,sociedad economia,48,imputado,150.0,True,"apc_monto, apc_moneda","issn_electronic, institucion_editora_2, institucion_editora_3, titulo_alternativo, issn_impreso, Other organisation, Country of other organisation, atributos_licencia, Waiver policy information URL, Other fees information URL, servicios_preservacion, Preservation Service: national library, Preservation information URL, Deposit policy directory, URL for deposit policy, Continues, Continued By, apc_monto, apc_moneda"
2011-219X,Theologica Xaveriana,theologica xaveriana,49,imputado,150.0,True,"apc_monto, apc_moneda","issn_electronic, institucion_editora_2, institucion_editora_3, url_revista, url_doaj, When did the journal start to publish all content using an open license?, titulo_alternativo, issn_impreso, issn_electronico, palabras_clave, idiomas, editorial, pais_editorial, Other organisation, Country of other organisation, licencia, atributos_licencia, URL for license terms, cc_legible_maquina, autor_retiene_copyright, Copyright information URL, tipo_revision, Review process information URL, politica_plagio, URL for journal's aims & scope, URL for the Editorial Board page, URL for journal's instructions for authors, semanas_submission_publicacion, tiene_apc, APC information URL, politica_exencion, Waiver policy information URL, tiene_otros_cobros, Other fees information URL, servicios_preservacion, Preservation Service: national library, Preservation information URL, Deposit policy directory, URL for deposit policy, identificadores_persistentes, cumple_oa_doaj, Continues, Continued By, codigos_lcc, subscribe_to_open, Mirror Journal, Open Journals Collective, materias, fecha_incorporacion_doaj, fecha_actualizacion_doaj, Last Full Review Date, num_articulos, fecha_ultimo_articulo, apc_monto, apc_moneda, editorial_rapida"
2462-991X,Repertorio De Medicina Y Cirugía,repertorio medicina cirugia,50,imputado,150.0,True,"apc_monto, apc_moneda","issn_electronic, institucion_editora_3, url_revista, url_doaj, When did the journal start to publish all content using an open license?, titulo_alternativo, issn_impreso, issn_electronico, palabras_clave, idiomas, editorial, pais_editorial, Other organisation, Country of other organisation, licencia, atributos_licencia, URL for license terms, cc_legible_maquina, autor_retiene_copyright, Copyright information URL, tipo_revision, Review process information URL, politica_plagio, URL for journal's aims & scope, URL for the Editorial Board page, URL for journal's instructions for authors, semanas_submission_publicacion, tiene_apc, APC information URL, politica_exencion, Waiver policy information URL, tiene_otros_cobros, Other fees information URL, servicios_preservacion, Preservation Service: national library, Preservation information URL, Deposit policy directory, URL for deposit policy, identificadores_persistentes, cumple_oa_doaj, Continues, Continued By, codigos_lcc, subscribe_to_open, Mirror Journal, Open Journals Collective, materias, fecha_incorporacion_doaj, fecha_actualizacion_doaj, Last Full Review Date, num_articulos, fecha_ultimo_articulo, apc_monto, apc_moneda, editorial_rapida"
2382-3240,"Saber, Ciencia Y Libertad",saber ciencia libertad,51,imputado,150.0,True,"apc_monto, apc_moneda","issn_electronic, institucion_editora_2, institucion_editora_3, url_revista, url_doaj, When did the journal start to publish all content using an open license?, titulo_alternativo, issn_impreso, issn_electronico, palabras_clave, idiomas, editorial, pais_editorial, Other organisation, Country of other organisation, licencia, atributos_licencia, URL for license terms, cc_legible_maquina, autor_retiene_copyright, Copyright information URL, tipo_revision, Review process information URL, politica_plagio, URL for journal's aims & scope, URL for the Editorial Board page, URL for journal's instructions for authors, semanas_submission_publicacion, tiene_apc, APC information URL, politica_exencion, Waiver policy information URL, tiene_otros_cobros, Other fees information URL, servicios_preservacion, Preservation Service: national library, Preservation information URL, Deposit policy directory, URL for deposit policy, identificadores_persistentes, cumple_oa_doaj, Continues, Continued By, codigos_lcc, subscribe_to_open, Mirror Journal, Open Journals Collective, materias, fecha_incorporacion_doaj, fecha_actualizacion_doaj, Last Full Review Date, num_articulos, fecha_ultimo_articulo, apc_monto, apc_moneda, editorial_rapida"
0120-2596,Lecturas De Economía,lecturas economia,52,imputado,150.0,True,"apc_monto, apc_moneda","issn_electronic, issn_linking, institucion_editora_2, institucion_editora_3, titulo_alternativo, atributos_licencia, Waiver policy information URL, Other fees information URL, Preservation Service: national library, identificadores_persistentes, Continues, Continued By, apc_monto, apc_moneda"
2665-3273,Estudios De Literatura Colombiana,estudios literatura colombiana,53,imputado,150.0,True,"apc_monto, apc_moneda","issn_electronic, institucion_editora_2, institucion_editora_3, url_revista, url_doaj, When did the journal start to publish all content using an open license?, titulo_alternativo, issn_impreso, issn_electronico, palabras_clave, idiomas, editorial, pais_editorial, Other organisation, Country of other organisation, licencia, atributos_licencia, URL for license terms, cc_legible_maquina, autor_retiene_copyright, Copyright information URL, tipo_revision, Review process information URL, politica_plagio, URL for journal's aims & scope, URL for the Editorial Board page, URL for journal's instructions for authors, semanas_submission_publicacion, tiene_apc, APC information URL, politica_exencion, Waiver policy information URL, tiene_otros_cobros, Other fees information URL, servicios_preservacion, Preservation Service: national library, Preservation information URL, Deposit policy directory, URL for deposit policy, identificadores_persistentes, cumple_oa_doaj, Continues, Continued By, codigos_lcc, subscribe_to_open, Mirror Journal, Open Journals Collective, materias, fecha_incorporacion_doaj, fecha_actualizacion_doaj, Last Full Review Date, num_articulos, fecha_ultimo_articulo, apc_monto, apc_moneda, editorial_rapida"
2389-9980,Cuestiones Teológicas Y Filosóficas,cuestiones teologicas filosoficas,54,imputado,150.0,True,"apc_monto, apc_moneda","issn_electronic, institucion_editora_2, institucion_editora_3, url_revista, url_doaj, When did the journal start to publish all content using an open license?, titulo_alternativo, issn_impreso, issn_electronico, palabras_clave, idiomas, editorial, pais_editorial, Other organisation, Country of other organisation, licencia, atributos_licencia, URL for license terms, cc_legible_maquina, autor_retiene_copyright, Copyright information URL, tipo_revision, Review process information URL, politica_plagio, URL for journal's aims & scope, URL for the Editorial Board page, URL for journal's instructions for authors, semanas_submission_publicacion, tiene_apc, APC information URL, politica_exencion, Waiver policy information URL, tiene_otros_cobros, Other fees information URL, servicios_preservacion, Preservation Service: national library, Preservation information URL, Deposit policy directory, URL for deposit policy, identificadores_persistentes, cumple_oa_doaj, Continues, Continued By, codigos_lcc, subscribe_to_open, Mirror Journal, Open Journals Collective, materias, fecha_incorporacion_doaj, fecha_actualizacion_doaj, Last Full Review Date, num_articulos, fecha_ultimo_articulo, apc_monto, apc_moneda, editorial_rapida"
2500-6436,Pedagogía Y Saberes,pedagogia saberes,55,imputado,150.0,True,"apc_monto, apc_moneda","issn_electronic, institucion_editora_2, institucion_editora_3, url_revista, url_doaj, When did the journal start to publish all content using an open license?, titulo_alternativo, issn_impreso, issn_electronico, palabras_clave, idiomas, editorial, pais_editorial, Other organisation, Country of other organisation, licencia, atributos_licencia, URL for license terms, cc_legible_maquina, autor_retiene_copyright, Copyright information URL, tipo_revision, Review process information URL, politica_plagio, URL for journal's aims & scope, URL for the Editorial Board page, URL for journal's instructions for authors, semanas_submission_publicacion, tiene_apc, APC information URL, politica_exencion, Waiver policy information URL, tiene_otros_cobros, Other fees information URL, servicios_preservacion, Preservation Service: national library, Preservation information URL, Deposit policy directory, URL for deposit policy, identificadores_persistentes, cumple_oa_doaj, Continues, Continued By, codigos_lcc, subscribe_to_open, Mirror Journal, Open Journals Collective, materias, fecha_incorporacion_doaj, fecha_actualizacion_doaj, Last Full Review Date, num_articulos, fecha_ultimo_articulo, apc_monto, apc_moneda, editorial_rapida"
2463-1140,Signos,signos,56,imputado,150.0,True,"apc_monto, apc_moneda","issn_electronic, codigo_dane, institucion_editora_2, institucion_editora_3, pais_iso, url_revista, url_doaj, When did the journal start to publish all content using an open license?, titulo_alternativo, issn_impreso, issn_electronico, palabras_clave, idiomas, editorial, pais_editorial, Other organisation, Country of other organisation, licencia, atributos_licencia, URL for license terms, cc_legible_maquina, autor_retiene_copyright, Copyright information URL, tipo_revision, Review process information URL, politica_plagio, URL for journal's aims & scope, URL for the Editorial Board page, URL for journal's instructions for authors, semanas_submission_publicacion, tiene_apc, APC information URL, politica_exencion, Waiver policy information URL, tiene_otros_cobros, Other fees information URL, servicios_preservacion, Preservation Service: national library, Preservation information URL, Deposit policy directory, URL for deposit policy, identificadores_persistentes, cumple_oa_doaj, Continues, Continued By, codigos_lcc, subscribe_to_open, Mirror Journal, Open Journals Collective, materias, fecha_incorporacion_doaj, fecha_actualizacion_doaj, Last Full Review Date, num_articulos, fecha_ultimo_articulo, apc_monto, apc_moneda, editorial_rapida"
2357-3848,Revista De La Facultad De Medicina De La Universidad Nacional De Colombia,facultad medicina universidad nacional colombia,57,imputado,150.0,True,"apc_monto, apc_moneda","issn_electronic, institucion_editora_1, institucion_editora_2, institucion_editora_3, url_revista, url_doaj, When did the journal start to publish all content using an open license?, titulo_alternativo, issn_impreso, issn_electronico, palabras_clave, idiomas, editorial, pais_editorial, Other organisation, Country of other organisation, licencia, atributos_licencia, URL for license terms, cc_legible_maquina, autor_retiene_copyright, Copyright information URL, tipo_revision, Review process information URL, politica_plagio, URL for journal's aims & scope, URL for the Editorial Board page, URL for journal's instructions for authors, semanas_submission_publicacion, tiene_apc, APC information URL, politica_exencion, Waiver policy information URL, tiene_otros_cobros, Other fees information URL, servicios_preservacion, Preservation Service: national library, Preservation information URL, Deposit policy directory, URL for deposit policy, identificadores_persistentes, cumple_oa_doaj, Continues, Continued By, codigos_lcc, subscribe_to_open, Mirror Journal, Open Journals Collective, materias, fecha_incorporacion_doaj, fecha_actualizacion_doaj, Last Full Review Date, num_articulos, fecha_ultimo_articulo, apc_monto, apc_moneda, editorial_rapida"
2011-1711,Vniversitas,vniversitas,58,imputado,150.0,True,"apc_monto, apc_moneda","issn_electronic, institucion_editora_2, institucion_editora_3, url_revista, url_doaj, When did the journal start to publish all content using an open license?, titulo_alternativo, issn_impreso, issn_electronico, palabras_clave, idiomas, editorial, pais_editorial, Other organisation, Country of other organisation, licencia, atributos_licencia, URL for license terms, cc_legible_maquina, autor_retiene_copyright, Copyright information URL, tipo_revision, Review process information URL, politica_plagio, URL for journal's aims & scope, URL for the Editorial Board page, URL for journal's instructions for authors, semanas_submission_publicacion, tiene_apc, APC information URL, politica_exencion, Waiver policy information URL, tiene_otros_cobros, Other fees information URL, servicios_preservacion, Preservation Service: national library, Preservation information URL, Deposit policy directory, URL for deposit policy, identificadores_persistentes, cumple_oa_doaj, Continues, Continued By, codigos_lcc, subscribe_to_open, Mirror Journal, Open Journals Collective, materias, fecha_incorporacion_doaj, fecha_actualizacion_doaj, Last Full Review Date, num_articulos, fecha_ultimo_articulo, apc_monto, apc_moneda, editorial_rapida"
2590-4604,Contaduría Universidad De Antioquia,contaduria universidad antioquia,59,imputado,150.0,True,"apc_monto, apc_moneda","issn_electronic, institucion_editora_2, institucion_editora_3, url_revista, url_doaj, When did the journal start to publish all content using an open license?, titulo_alternativo, issn_impreso, issn_electronico, palabras_clave, idiomas, editorial, pais_editorial, Other organisation, Country of other organisation, licencia, atributos_licencia, URL for license terms, cc_legible_maquina, autor_retiene_copyright, Copyright information URL, tipo_revision, Review process information URL, politica_plagio, URL for journal's aims & scope, URL for the Editorial Board page, URL for journal's instructions for authors, semanas_submission_publicacion, tiene_apc, APC information URL, politica_exencion, Waiver policy information URL, tiene_otros_cobros, Other fees information URL, servicios_preservacion, Preservation Service: national library, Preservation information URL, Deposit policy directory, URL for deposit policy, identificadores_persistentes, cumple_oa_doaj, Continues, Continued By, codigos_lcc, subscribe_to_open, Mirror Journal, Open Journals Collective, materias, fecha_incorporacion_doaj, fecha_actualizacion_doaj, Last Full Review Date, num_articulos, fecha_ultimo_articulo, apc_monto, apc_moneda, editorial_rapida"
2011-799X,Mutatis Mutandis. Revista Latinoamericana De Traducción.,mutatis mutandis latinoamericana traduccion,60,imputado,150.0,True,"apc_monto, apc_moneda","issn_print, issn_electronic, institucion_editora_2, institucion_editora_3, issn_impreso, Other organisation, Country of other organisation, atributos_licencia, Waiver policy information URL, Other fees information URL, servicios_preservacion, Preservation Service: national library, Preservation information URL, identificadores_persistentes, Continues, Continued By, apc_monto, apc_moneda"
2462-7658,Ciencia En Desarrollo,ciencia desarrollo,61,imputado,150.0,True,"apc_monto, apc_moneda","issn_electronic, institucion_editora_2, institucion_editora_3, url_revista, url_doaj, When did the journal start to publish all content using an open license?, titulo_alternativo, issn_impreso, issn_electronico, palabras_clave, idiomas, editorial, pais_editorial, Other organisation, Country of other organisation, licencia, atributos_licencia, URL for license terms, cc_legible_maquina, autor_retiene_copyright, Copyright information URL, tipo_revision, Review process information URL, politica_plagio, URL for journal's aims & scope, URL for the Editorial Board page, URL for journal's instructions for authors, semanas_submission_publicacion, tiene_apc, APC information URL, politica_exencion, Waiver policy information URL, tiene_otros_cobros, Other fees information URL, servicios_preservacion, Preservation Service: national library, Preservation information URL, Deposit policy directory, URL for deposit policy, identificadores_persistentes, cumple_oa_doaj, Continues, Continued By, codigos_lcc, subscribe_to_open, Mirror Journal, Open Journals Collective, materias, fecha_incorporacion_doaj, fecha_actualizacion_doaj, Last Full Review Date, num_articulos, fecha_ultimo_articulo, apc_monto, apc_moneda, editorial_rapida"
2590-4671,Boletín De Investigaciones Marinas Y Costeras,boletin investigaciones marinas costeras,62,imputado,150.0,True,"apc_monto, apc_moneda","issn_electronic, institucion_editora_2, institucion_editora_3, url_revista, url_doaj, When did the journal start to publish all content using an open license?, titulo_alternativo, issn_impreso, issn_electronico, palabras_clave, idiomas, editorial, pais_editorial, Other organisation, Country of other organisation, licencia, atributos_licencia, URL for license terms, cc_legible_maquina, autor_retiene_copyright, Copyright information URL, tipo_revision, Review process information URL, politica_plagio, URL for journal's aims & scope, URL for the Editorial Board page, URL for journal's instructions for authors, semanas_submission_publicacion, tiene_apc, APC information URL, politica_exencion, Waiver policy information URL, tiene_otros_cobros, Other fees information URL, servicios_preservacion, Preservation Service: national library, Preservation information URL, Deposit policy directory, URL for deposit policy, identificadores_persistentes, cumple_oa_doaj, Continues, Continued By, codigos_lcc, subscribe_to_open, Mirror Journal, Open Journals Collective, materias, fecha_incorporacion_doaj, fecha_actualizacion_doaj, Last Full Review Date, num_articulos, fecha_ultimo_articulo, apc_monto, apc_moneda, editorial_rapida"
1909-0528,Via Inveniendi Et Iudicandi Revista Virtual,via inveniendi et iudicandi virtual,63,imputado,150.0,True,"apc_monto, apc_moneda","issn_electronic, institucion_editora_2, institucion_editora_3, issn_impreso, Country of other organisation, atributos_licencia, cc_legible_maquina, Copyright information URL, Waiver policy information URL, servicios_preservacion, Preservation Service: national library, Preservation information URL, Deposit policy directory, URL for deposit policy, identificadores_persistentes, Continues, Continued By, apc_monto, apc_moneda"
2665-6744,Estudios Gerenciales,estudios gerenciales,64,imputado,150.0,True,"apc_monto, apc_moneda","issn_electronic, institucion_editora_2, institucion_editora_3, url_revista, url_doaj, When did the journal start to publish all content using an open license?, titulo_alternativo, issn_impreso, issn_electronico, palabras_clave, idiomas, editorial, pais_editorial, Other organisation, Country of other organisation, licencia, atributos_licencia, URL for license terms, cc_legible_maquina, autor_retiene_copyright, Copyright information URL, tipo_revision, Review process information URL, politica_plagio, URL for journal's aims & scope, URL for the Editorial Board page, URL for journal's instructions for authors, semanas_submission_publicacion, tiene_apc, APC information URL, politica_exencion, Waiver policy information URL, tiene_otros_cobros, Other fees information URL, servicios_preservacion, Preservation Service: national library, Preservation information URL, Deposit policy directory, URL for deposit policy, identificadores_persistentes, cumple_oa_doaj, Continues, Continued By, codigos_lcc, subscribe_to_open, Mirror Journal, Open Journals Collective, materias, fecha_incorporacion_doaj, fecha_actualizacion_doaj, Last Full Review Date, num_articulos, fecha_ultimo_articulo, apc_monto, apc_moneda, editorial_rapida"
2256-358X,Estudios De Filosofía,estudios filosofia,65,imputado,150.0,True,"apc_monto, apc_moneda","issn_electronic, institucion_editora_2, institucion_editora_3, url_revista, url_doaj, When did the journal start to publish all content using an open license?, titulo_alternativo, issn_impreso, issn_electronico, palabras_clave, idiomas, editorial, pais_editorial, Other organisation, Country of other organisation, licencia, atributos_licencia, URL for license terms, cc_legible_maquina, autor_retiene_copyright, Copyright information URL, tipo_revision, Review process information URL, politica_plagio, URL for journal's aims & scope, URL for the Editorial Board page, URL for journal's instructions for authors, semanas_submission_publicacion, tiene_apc, APC information URL, politica_exencion, Waiver policy information URL, tiene_otros_cobros, Other fees information URL, servicios_preservacion, Preservation Service: national library, Preservation information URL, Deposit policy directory, URL for deposit policy, identificadores_persistentes, cumple_oa_doaj, Continues, Continued By, codigos_lcc, subscribe_to_open, Mirror Journal, Open Journals Collective, materias, fecha_incorporacion_doaj, fecha_actualizacion_doaj, Last Full Review Date, num_articulos, fecha_ultimo_articulo, apc_monto, apc_moneda, editorial_rapida"
2027-212X,Revista Psicogente,psicogente,66,imputado,150.0,True,"apc_monto, apc_moneda","issn_electronic, institucion_editora_2, institucion_editora_3, url_revista, url_doaj, When did the journal start to publish all content using an open license?, titulo_alternativo, issn_impreso, issn_electronico, palabras_clave, idiomas, editorial, pais_editorial, Other organisation, Country of other organisation, licencia, atributos_licencia, URL for license terms, cc_legible_maquina, autor_retiene_copyright, Copyright information URL, tipo_revision, Review process information URL, politica_plagio, URL for journal's aims & scope, URL for the Editorial Board page, URL for journal's instructions for authors, semanas_submission_publicacion, tiene_apc, APC information URL, politica_exencion, Waiver policy information URL, tiene_otros_cobros, Other fees information URL, servicios_preservacion, Preservation Service: national library, Preservation information URL, Deposit policy directory, URL for deposit policy, identificadores_persistentes, cumple_oa_doaj, Continues, Continued By, codigos_lcc, subscribe_to_open, Mirror Journal, Open Journals Collective, materias, fecha_incorporacion_doaj, fecha_actualizacion_doaj, Last Full Review Date, num_articulos, fecha_ultimo_articulo, apc_monto, apc_moneda, editorial_rapida"
0121-4705,Análisis Político,analisis politico,67,imputado,150.0,True,"apc_monto, apc_moneda","issn_electronic, issn_linking, institucion_editora_2, institucion_editora_3, url_revista, url_doaj, When did the journal start to publish all content using an open license?, titulo_alternativo, issn_impreso, issn_electronico, palabras_clave, idiomas, editorial, pais_editorial, Other organisation, Country of other organisation, licencia, atributos_licencia, URL for license terms, cc_legible_maquina, autor_retiene_copyright, Copyright information URL, tipo_revision, Review process information URL, politica_plagio, URL for journal's aims & scope, URL for the Editorial Board page, URL for journal's instructions for authors, semanas_submission_publicacion, tiene_apc, APC information URL, politica_exencion, Waiver policy information URL, tiene_otros_cobros, Other fees information URL, servicios_preservacion, Preservation Service: national library, Preservation information URL, Deposit policy directory, URL for deposit policy, identificadores_persistentes, cumple_oa_doaj, Continues, Continued By, codigos_lcc, subscribe_to_open, Mirror Journal, Open Journals Collective, materias, fecha_incorporacion_doaj, fecha_actualizacion_doaj, Last Full Review Date, num_articulos, fecha_ultimo_articulo, apc_monto, apc_moneda, editorial_rapida"
2422-3182,Revista CEA,cea,68,imputado,150.0,True,"apc_monto, apc_moneda","issn_electronic, institucion_editora_2, institucion_editora_3, url_revista, url_doaj, When did the journal start to publish all content using an open license?, titulo_alternativo, issn_impreso, issn_electronico, palabras_clave, idiomas, editorial, pais_editorial, Other organisation, Country of other organisation, licencia, atributos_licencia, URL for license terms, cc_legible_maquina, autor_retiene_copyright, Copyright information URL, tipo_revision, Review process information URL, politica_plagio, URL for journal's aims & scope, URL for the Editorial Board page, URL for journal's instructions for authors, semanas_submission_publicacion, tiene_apc, APC information URL, politica_exencion, Waiver policy information URL, tiene_otros_cobros, Other fees information URL, servicios_preservacion, Preservation Service: national library, Preservation information URL, Deposit policy directory, URL for deposit policy, identificadores_persistentes, cumple_oa_doaj, Continues, Continued By, codigos_lcc, subscribe_to_open, Mirror Journal, Open Journals Collective, materias, fecha_incorporacion_doaj, fecha_actualizacion_doaj, Last Full Review Date, num_articulos, fecha_ultimo_articulo, apc_monto, apc_moneda, editorial_rapida"
2389-8755,Actualidades Pedagógicas,actualidades pedagogicas,69,imputado,150.0,True,"apc_monto, apc_moneda","issn_electronic, institucion_editora_2, institucion_editora_3, url_revista, url_doaj, When did the journal start to publish all content using an open license?, titulo_alternativo, issn_impreso, issn_electronico, palabras_clave, idiomas, editorial, pais_editorial, Other organisation, Country of other organisation, licencia, atributos_licencia, URL for license terms, cc_legible_maquina, autor_retiene_copyright, Copyright information URL, tipo_revision, Review process information URL, politica_plagio, URL for journal's aims & scope, URL for the Editorial Board page, URL for journal's instructions for authors, semanas_submission_publicacion, tiene_apc, APC information URL, politica_exencion, Waiver policy information URL, tiene_otros_cobros, Other fees information URL, servicios_preservacion, Preservation Service: national library, Preservation information URL, Deposit policy directory, URL for deposit policy, identificadores_persistentes, cumple_oa_doaj, Continues, Continued By, codigos_lcc, subscribe_to_open, Mirror Journal, Open Journals Collective, materias, fecha_incorporacion_doaj, fecha_actualizacion_doaj, Last Full Review Date, num_articulos, fecha_ultimo_articulo, apc_monto, apc_moneda, editorial_rapida"
2145-6453,Revista De Investigacion Agraria Ambiental,investigacion agraria ambiental,70,imputado,200.0,True,"apc_monto, apc_moneda","issn_electronic, institucion_editora_2, institucion_editora_3, url_revista, url_doaj, When did the journal start to publish all content using an open license?, titulo_alternativo, issn_impreso, issn_electronico, palabras_clave, idiomas, editorial, pais_editorial, Other organisation, Country of other organisation, licencia, atributos_licencia, URL for license terms, cc_legible_maquina, autor_retiene_copyright, Copyright information URL, tipo_revision, Review process information URL, politica_plagio, URL for journal's aims & scope, URL for the Editorial Board page, URL for journal's instructions for authors, semanas_submission_publicacion, tiene_apc, APC information URL, politica_exencion, Waiver policy information URL, tiene_otros_cobros, Other fees information URL, servicios_preservacion, Preservation Service: national library, Preservation information URL, Deposit policy directory, URL for deposit policy, identificadores_persistentes, cumple_oa_doaj, Continues, Continued By, codigos_lcc, subscribe_to_open, Mirror Journal, Open Journals Collective, materias, fecha_incorporacion_doaj, fecha_actualizacion_doaj, Last Full Review Date, num_articulos, fecha_ultimo_articulo, apc_monto, apc_moneda, editorial_rapida"
2248-4345,Semestre Económico,semestre economico,71,imputado,150.0,True,"apc_monto, apc_moneda","issn_electronic, institucion_editora_2, institucion_editora_3, url_revista, url_doaj, When did the journal start to publish all content using an open license?, titulo_alternativo, issn_impreso, issn_electronico, palabras_clave, idiomas, editorial, pais_editorial, Other organisation, Country of other organisation, licencia, atributos_licencia, URL for license terms, cc_legible_maquina, autor_retiene_copyright, Copyright information URL, tipo_revision, Review process information URL, politica_plagio, URL for journal's aims & scope, URL for the Editorial Board page, URL for journal's instructions for authors, semanas_submission_publicacion, tiene_apc, APC information URL, politica_exencion, Waiver policy information URL, tiene_otros_cobros, Other fees information URL, servicios_preservacion, Preservation Service: national library, Preservation information URL, Deposit policy directory, URL for deposit policy, identificadores_persistentes, cumple_oa_doaj, Continues, Continued By, codigos_lcc, subscribe_to_open, Mirror Journal, Open Journals Collective, materias, fecha_incorporacion_doaj, fecha_actualizacion_doaj, Last Full Review Date, num_articulos, fecha_ultimo_articulo, apc_monto, apc_moneda, editorial_rapida"
2256-5442,Cuadernos De Geografía,cuadernos geografia,72,imputado,150.0,True,"apc_monto, apc_moneda","issn_electronic, institucion_editora_1, institucion_editora_2, institucion_editora_3, url_revista, url_doaj, When did the journal start to publish all content using an open license?, titulo_alternativo, issn_impreso, issn_electronico, palabras_clave, idiomas, editorial, pais_editorial, Other organisation, Country of other organisation, licencia, atributos_licencia, URL for license terms, cc_legible_maquina, autor_retiene_copyright, Copyright information URL, tipo_revision, Review process information URL, politica_plagio, URL for journal's aims & scope, URL for the Editorial Board page, URL for journal's instructions for authors, semanas_submission_publicacion, tiene_apc, APC information URL, politica_exencion, Waiver policy information URL, tiene_otros_cobros, Other fees information URL, servicios_preservacion, Preservation Service: national library, Preservation information URL, Deposit policy directory, URL for deposit policy, identificadores_persistentes, cumple_oa_doaj, Continues, Continued By, codigos_lcc, subscribe_to_open, Mirror Journal, Open Journals Collective, materias, fecha_incorporacion_doaj, fecha_actualizacion_doaj, Last Full Review Date, num_articulos, fecha_ultimo_articulo, apc_monto, apc_moneda, editorial_rapida"
2382-4581,"Ct&F Ciencia, Tecnología Y Futuro",ct f ciencia tecnologia futuro,73,imputado,150.0,True,"apc_monto, apc_moneda","issn_electronic, institucion_editora_2, institucion_editora_3, url_revista, url_doaj, When did the journal start to publish all content using an open license?, titulo_alternativo, issn_impreso, issn_electronico, palabras_clave, idiomas, editorial, pais_editorial, Other organisation, Country of other organisation, licencia, atributos_licencia, URL for license terms, cc_legible_maquina, autor_retiene_copyright, Copyright information URL, tipo_revision, Review process information URL, politica_plagio, URL for journal's aims & scope, URL for the Editorial Board page, URL for journal's instructions for authors, semanas_submission_publicacion, tiene_apc, APC information URL, politica_exencion, Waiver policy information URL, tiene_otros_cobros, Other fees information URL, servicios_preservacion, Preservation Service: national library, Preservation information URL, Deposit policy directory, URL for deposit policy, identificadores_persistentes, cumple_oa_doaj, Continues, Continued By, codigos_lcc, subscribe_to_open, Mirror Journal, Open Journals Collective, materias, fecha_incorporacion_doaj, fecha_actualizacion_doaj, Last Full Review Date, num_articulos, fecha_ultimo_articulo, apc_monto, apc_moneda, editorial_rapida"
1900-6152,Historia Crítica,historia critica,74,imputado,150.0,True,"apc_monto, apc_moneda","issn_electronic, institucion_editora_2, institucion_editora_3, url_revista, url_doaj, When did the journal start to publish all content using an open license?, titulo_alternativo, issn_impreso, issn_electronico, palabras_clave, idiomas, editorial, pais_editorial, Other organisation, Country of other organisation, licencia, atributos_licencia, URL for license terms, cc_legible_maquina, autor_retiene_copyright, Copyright information URL, tipo_revision, Review process information URL, politica_plagio, URL for journal's aims & scope, URL for the Editorial Board page, URL for journal's instructions for authors, semanas_submission_publicacion, tiene_apc, APC information URL, politica_exencion, Waiver policy information URL, tiene_otros_cobros, Other fees information URL, servicios_preservacion, Preservation Service: national library, Preservation information URL, Deposit policy directory, URL for deposit policy, identificadores_persistentes, cumple_oa_doaj, Continues, Continued By, codigos_lcc, subscribe_to_open, Mirror Journal, Open Journals Collective, materias, fecha_incorporacion_doaj, fecha_actualizacion_doaj, Last Full Review Date, num_articulos, fecha_ultimo_articulo, apc_monto, apc_moneda, editorial_rapida"
2256-5469,Forma Y Función,forma funcion,75,imputado,150.0,True,"apc_monto, apc_moneda","issn_electronic, institucion_editora_2, institucion_editora_3, url_revista, url_doaj, When did the journal start to publish all content using an open license?, titulo_alternativo, issn_impreso, issn_electronico, palabras_clave, idiomas, editorial, pais_editorial, Other organisation, Country of other organisation, licencia, atributos_licencia, URL for license terms, cc_legible_maquina, autor_retiene_copyright, Copyright information URL, tipo_revision, Review process information URL, politica_plagio, URL for journal's aims & scope, URL for the Editorial Board page, URL for journal's instructions for authors, semanas_submission_publicacion, tiene_apc, APC information URL, politica_exencion, Waiver policy information URL, tiene_otros_cobros, Other fees information URL, servicios_preservacion, Preservation Service: national library, Preservation information URL, Deposit policy directory, URL for deposit policy, identificadores_persistentes, cumple_oa_doaj, Continues, Continued By, codigos_lcc, subscribe_to_open, Mirror Journal, Open Journals Collective, materias, fecha_incorporacion_doaj, fecha_actualizacion_doaj, Last Full Review Date, num_articulos, fecha_ultimo_articulo, apc_monto, apc_moneda, editorial_rapida"
2500-5421,Revista Interamericana De Investigación Educación Y Pedagogía,interamericana investigacion educacion pedagogia,76,imputado,150.0,True,"apc_monto, apc_moneda","issn_electronic, institucion_editora_3, url_revista, url_doaj, When did the journal start to publish all content using an open license?, titulo_alternativo, issn_impreso, issn_electronico, palabras_clave, idiomas, editorial, pais_editorial, Other organisation, Country of other organisation, licencia, atributos_licencia, URL for license terms, cc_legible_maquina, autor_retiene_copyright, Copyright information URL, tipo_revision, Review process information URL, politica_plagio, URL for journal's aims & scope, URL for the Editorial Board page, URL for journal's instructions for authors, semanas_submission_publicacion, tiene_apc, APC information URL, politica_exencion, Waiver policy information URL, tiene_otros_cobros, Other fees information URL, servicios_preservacion, Preservation Service: national library, Preservation information URL, Deposit policy directory, URL for deposit policy, identificadores_persistentes, cumple_oa_doaj, Continues, Continued By, codigos_lcc, subscribe_to_open, Mirror Journal, Open Journals Collective, materias, fecha_incorporacion_doaj, fecha_actualizacion_doaj, Last Full Review Date, num_articulos, fecha_ultimo_articulo, apc_monto, apc_moneda, editorial_rapida"
2248-7026,Revista Facultad Nacional De Agronomía - Medellín,facultad nacional agronomia medellin,77,imputado,200.0,True,"apc_monto, apc_moneda","issn_electronic, institucion_editora_1, institucion_editora_2, institucion_editora_3, url_revista, url_doaj, When did the journal start to publish all content using an open license?, titulo_alternativo, issn_impreso, issn_electronico, palabras_clave, idiomas, editorial, pais_editorial, Other organisation, Country of other organisation, licencia, atributos_licencia, URL for license terms, cc_legible_maquina, autor_retiene_copyright, Copyright information URL, tipo_revision, Review process information URL, politica_plagio, URL for journal's aims & scope, URL for the Editorial Board page, URL for journal's instructions for authors, semanas_submission_publicacion, tiene_apc, APC information URL, politica_exencion, Waiver policy information URL, tiene_otros_cobros, Other fees information URL, servicios_preservacion, Preservation Service: national library, Preservation information URL, Deposit policy directory, URL for deposit policy, identificadores_persistentes, cumple_oa_doaj, Continues, Continued By, codigos_lcc, subscribe_to_open, Mirror Journal, Open Journals Collective, materias, fecha_incorporacion_doaj, fecha_actualizacion_doaj, Last Full Review Date, num_articulos, fecha_ultimo_articulo, apc_monto, apc_moneda, editorial_rapida"
2216-135X,Encuentros,encuentros,78,imputado,150.0,True,"apc_monto, apc_moneda","issn_electronic, institucion_editora_2, institucion_editora_3, url_revista, url_doaj, When did the journal start to publish all content using an open license?, titulo_alternativo, issn_impreso, issn_electronico, palabras_clave, idiomas, editorial, pais_editorial, Other organisation, Country of other organisation, licencia, atributos_licencia, URL for license terms, cc_legible_maquina, autor_retiene_copyright, Copyright information URL, tipo_revision, Review process information URL, politica_plagio, URL for journal's aims & scope, URL for the Editorial Board page, URL for journal's instructions for authors, semanas_submission_publicacion, tiene_apc, APC information URL, politica_exencion, Waiver policy information URL, tiene_otros_cobros, Other fees information URL, servicios_preservacion, Preservation Service: national library, Preservation information URL, Deposit policy directory, URL for deposit policy, identificadores_persistentes, cumple_oa_doaj, Continues, Continued By, codigos_lcc, subscribe_to_open, Mirror Journal, Open Journals Collective, materias, fecha_incorporacion_doaj, fecha_actualizacion_doaj, Last Full Review Date, num_articulos, fecha_ultimo_articulo, apc_monto, apc_moneda, editorial_rapida"
2256-2273,Revista De Ciencias Agricolas,ciencias agricolas,79,imputado,200.0,True,"apc_monto, apc_moneda","issn_electronic, institucion_editora_2, institucion_editora_3, url_revista, url_doaj, When did the journal start to publish all content using an open license?, titulo_alternativo, issn_impreso, issn_electronico, palabras_clave, idiomas, editorial, pais_editorial, Other organisation, Country of other organisation, licencia, atributos_licencia, URL for license terms, cc_legible_maquina, autor_retiene_copyright, Copyright information URL, tipo_revision, Review process information URL, politica_plagio, URL for journal's aims & scope, URL for the Editorial Board page, URL for journal's instructions for authors, semanas_submission_publicacion, tiene_apc, APC information URL, politica_exencion, Waiver policy information URL, tiene_otros_cobros, Other fees information URL, servicios_preservacion, Preservation Service: national library, Preservation information URL, Deposit policy directory, URL for deposit policy, identificadores_persistentes, cumple_oa_doaj, Continues, Continued By, codigos_lcc, subscribe_to_open, Mirror Journal, Open Journals Collective, materias, fecha_incorporacion_doaj, fecha_actualizacion_doaj, Last Full Review Date, num_articulos, fecha_ultimo_articulo, apc_monto, apc_moneda, editorial_rapida"
2027-7679,"Revista Latinoamericana De Ciencias Sociales, Niñez Y Juventud",latinoamericana ciencias sociales ninez juventud,80,imputado,150.0,True,"apc_monto, apc_moneda","issn_electronic, institucion_editora_3, url_revista, url_doaj, When did the journal start to publish all content using an open license?, titulo_alternativo, issn_impreso, issn_electronico, palabras_clave, idiomas, editorial, pais_editorial, Other organisation, Country of other organisation, licencia, atributos_licencia, URL for license terms, cc_legible_maquina, autor_retiene_copyright, Copyright information URL, tipo_revision, Review process information URL, politica_plagio, URL for journal's aims & scope, URL for the Editorial Board page, URL for journal's instructions for authors, semanas_submission_publicacion, tiene_apc, APC information URL, politica_exencion, Waiver policy information URL, tiene_otros_cobros, Other fees information URL, servicios_preservacion, Preservation Service: national library, Preservation information URL, Deposit policy directory, URL for deposit policy, identificadores_persistentes, cumple_oa_doaj, Continues, Continued By, codigos_lcc, subscribe_to_open, Mirror Journal, Open Journals Collective, materias, fecha_incorporacion_doaj, fecha_actualizacion_doaj, Last Full Review Date, num_articulos, fecha_ultimo_articulo, apc_monto, apc_moneda, editorial_rapida"
2145-4515,Avances En Psicología Latinoamericana,avances psicologia latinoamericana,81,imputado,150.0,True,"apc_monto, apc_moneda","issn_electronic, institucion_editora_1, institucion_editora_2, institucion_editora_3, url_revista, url_doaj, When did the journal start to publish all content using an open license?, titulo_alternativo, issn_impreso, issn_electronico, palabras_clave, idiomas, editorial, pais_editorial, Other organisation, Country of other organisation, licencia, atributos_licencia, URL for license terms, cc_legible_maquina, autor_retiene_copyright, Copyright information URL, tipo_revision, Review process information URL, politica_plagio, URL for journal's aims & scope, URL for the Editorial Board page, URL for journal's instructions for authors, semanas_submission_publicacion, tiene_apc, APC information URL, politica_exencion, Waiver policy information URL, tiene_otros_cobros, Other fees information URL, servicios_preservacion, Preservation Service: national library, Preservation information URL, Deposit policy directory, URL for deposit policy, identificadores_persistentes, cumple_oa_doaj, Continues, Continued By, codigos_lcc, subscribe_to_open, Mirror Journal, Open Journals Collective, materias, fecha_incorporacion_doaj, fecha_actualizacion_doaj, Last Full Review Date, num_articulos, fecha_ultimo_articulo, apc_monto, apc_moneda, editorial_rapida"
2145-9444,Zona Proxima,zona proxima,82,imputado,150.0,True,"apc_monto, apc_moneda","issn_electronic, institucion_editora_2, institucion_editora_3, url_revista, url_doaj, When did the journal start to publish all content using an open license?, titulo_alternativo, issn_impreso, issn_electronico, palabras_clave, idiomas, editorial, pais_editorial, Other organisation, Country of other organisation, licencia, atributos_licencia, URL for license terms, cc_legible_maquina, autor_retiene_copyright, Copyright information URL, tipo_revision, Review process information URL, politica_plagio, URL for journal's aims & scope, URL for the Editorial Board page, URL for journal's instructions for authors, semanas_submission_publicacion, tiene_apc, APC information URL, politica_exencion, Waiver policy information URL, tiene_otros_cobros, Other fees information URL, servicios_preservacion, Preservation Service: national library, Preservation information URL, Deposit policy directory, URL for deposit policy, identificadores_persistentes, cumple_oa_doaj, Continues, Continued By, codigos_lcc, subscribe_to_open, Mirror Journal, Open Journals Collective, materias, fecha_incorporacion_doaj, fecha_actualizacion_doaj, Last Full Review Date, num_articulos, fecha_ultimo_articulo, apc_monto, apc_moneda, editorial_rapida"
1856-9536,"Anuario Electrónico De Estudios En Comunicación Social ""Disertarciones""",anuario electronico estudios comunicacion social disertarciones,83,imputado,150.0,True,"apc_monto, apc_moneda","issn_electronic, issn_linking, institucion_editora_2, institucion_editora_3, titulo_alternativo, issn_impreso, Other organisation, Country of other organisation, atributos_licencia, Waiver policy information URL, Other fees information URL, Preservation Service: national library, Deposit policy directory, URL for deposit policy, Continues, Continued By, Last Full Review Date, fecha_ultimo_articulo, apc_monto, apc_moneda"
2462-8115,Kepes,kepes,84,imputado,150.0,True,"apc_monto, apc_moneda","issn_electronic, institucion_editora_2, institucion_editora_3, url_revista, url_doaj, When did the journal start to publish all content using an open license?, titulo_alternativo, issn_impreso, issn_electronico, palabras_clave, idiomas, editorial, pais_editorial, Other organisation, Country of other organisation, licencia, atributos_licencia, URL for license terms, cc_legible_maquina, autor_retiene_copyright, Copyright information URL, tipo_revision, Review process information URL, politica_plagio, URL for journal's aims & scope, URL for the Editorial Board page, URL for journal's instructions for authors, semanas_submission_publicacion, tiene_apc, APC information URL, politica_exencion, Waiver policy information URL, tiene_otros_cobros, Other fees information URL, servicios_preservacion, Preservation Service: national library, Preservation information URL, Deposit policy directory, URL for deposit policy, identificadores_persistentes, cumple_oa_doaj, Continues, Continued By, codigos_lcc, subscribe_to_open, Mirror Journal, Open Journals Collective, materias, fecha_incorporacion_doaj, fecha_actualizacion_doaj, Last Full Review Date, num_articulos, fecha_ultimo_articulo, apc_monto, apc_moneda, editorial_rapida"
2619-189X,Civilizar,civilizar,85,imputado,150.0,True,"apc_monto, apc_moneda","issn_electronic, institucion_editora_2, institucion_editora_3, url_revista, url_doaj, When did the journal start to publish all content using an open license?, titulo_alternativo, issn_impreso, issn_electronico, palabras_clave, idiomas, editorial, pais_editorial, Other organisation, Country of other organisation, licencia, atributos_licencia, URL for license terms, cc_legible_maquina, autor_retiene_copyright, Copyright information URL, tipo_revision, Review process information URL, politica_plagio, URL for journal's aims & scope, URL for the Editorial Board page, URL for journal's instructions for authors, semanas_submission_publicacion, tiene_apc, APC information URL, politica_exencion, Waiver policy information URL, tiene_otros_cobros, Other fees information URL, servicios_preservacion, Preservation Service: national library, Preservation information URL, Deposit policy directory, URL for deposit policy, identificadores_persistentes, cumple_oa_doaj, Continues, Continued By, codigos_lcc, subscribe_to_open, Mirror Journal, Open Journals Collective, materias, fecha_incorporacion_doaj, fecha_actualizacion_doaj, Last Full Review Date, num_articulos, fecha_ultimo_articulo, apc_monto, apc_moneda, editorial_rapida"
2256-4314,Ingeniería Y Ciencia,ingenieria ciencia,86,imputado,150.0,True,"apc_monto, apc_moneda","issn_electronic, institucion_editora_2, institucion_editora_3, url_revista, url_doaj, When did the journal start to publish all content using an open license?, titulo_alternativo, issn_impreso, issn_electronico, palabras_clave, idiomas, editorial, pais_editorial, Other organisation, Country of other organisation, licencia, atributos_licencia, URL for license terms, cc_legible_maquina, autor_retiene_copyright, Copyright information URL, tipo_revision, Review process information URL, politica_plagio, URL for journal's aims & scope, URL for the Editorial Board page, URL for journal's instructions for authors, semanas_submission_publicacion, tiene_apc, APC information URL, politica_exencion, Waiver policy information URL, tiene_otros_cobros, Other fees information URL, servicios_preservacion, Preservation Service: national library, Preservation information URL, Deposit policy directory, URL for deposit policy, identificadores_persistentes, cumple_oa_doaj, Continues, Continued By, codigos_lcc, subscribe_to_open, Mirror Journal, Open Journals Collective, materias, fecha_incorporacion_doaj, fecha_actualizacion_doaj, Last Full Review Date, num_articulos, fecha_ultimo_articulo, apc_monto, apc_moneda, editorial_rapida"
2665-3281,Pensamiento Psicológico,pensamiento psicologico,87,imputado,150.0,True,"apc_monto, apc_moneda","issn_electronic, institucion_editora_2, institucion_editora_3, url_revista, url_doaj, When did the journal start to publish all content using an open license?, titulo_alternativo, issn_impreso, issn_electronico, palabras_clave, idiomas, editorial, pais_editorial, Other organisation, Country of other organisation, licencia, atributos_licencia, URL for license terms, cc_legible_maquina, autor_retiene_copyright, Copyright information URL, tipo_revision, Review process information URL, politica_plagio, URL for journal's aims & scope, URL for the Editorial Board page, URL for journal's instructions for authors, semanas_submission_publicacion, tiene_apc, APC information URL, politica_exencion, Waiver policy information URL, tiene_otros_cobros, Other fees information URL, servicios_preservacion, Preservation Service: national library, Preservation information URL, Deposit policy directory, URL for deposit policy, identificadores_persistentes, cumple_oa_doaj, Continues, Continued By, codigos_lcc, subscribe_to_open, Mirror Journal, Open Journals Collective, materias, fecha_incorporacion_doaj, fecha_actualizacion_doaj, Last Full Review Date, num_articulos, fecha_ultimo_articulo, apc_monto, apc_moneda, editorial_rapida"
2011-3080,Revista Ces Psicología,ces psicologia,88,imputado,150.0,True,"apc_monto, apc_moneda","issn_electronic, institucion_editora_2, institucion_editora_3, url_revista, url_doaj, When did the journal start to publish all content using an open license?, titulo_alternativo, issn_impreso, issn_electronico, palabras_clave, idiomas, editorial, pais_editorial, Other organisation, Country of other organisation, licencia, atributos_licencia, URL for license terms, cc_legible_maquina, autor_retiene_copyright, Copyright information URL, tipo_revision, Review process information URL, politica_plagio, URL for journal's aims & scope, URL for the Editorial Board page, URL for journal's instructions for authors, semanas_submission_publicacion, tiene_apc, APC information URL, politica_exencion, Waiver policy information URL, tiene_otros_cobros, Other fees information URL, servicios_preservacion, Preservation Service: national library, Preservation information URL, Deposit policy directory, URL for deposit policy, identificadores_persistentes, cumple_oa_doaj, Continues, Continued By, codigos_lcc, subscribe_to_open, Mirror Journal, Open Journals Collective, materias, fecha_incorporacion_doaj, fecha_actualizacion_doaj, Last Full Review Date, num_articulos, fecha_ultimo_articulo, apc_monto, apc_moneda, editorial_rapida"
2539-0279,Entramado,entramado,89,imputado,150.0,True,"apc_monto, apc_moneda","issn_electronic, institucion_editora_2, institucion_editora_3, url_revista, url_doaj, When did the journal start to publish all content using an open license?, titulo_alternativo, issn_impreso, issn_electronico, palabras_clave, idiomas, editorial, pais_editorial, Other organisation, Country of other organisation, licencia, atributos_licencia, URL for license terms, cc_legible_maquina, autor_retiene_copyright, Copyright information URL, tipo_revision, Review process information URL, politica_plagio, URL for journal's aims & scope, URL for the Editorial Board page, URL for journal's instructions for authors, semanas_submission_publicacion, tiene_apc, APC information URL, politica_exencion, Waiver policy information URL, tiene_otros_cobros, Other fees information URL, servicios_preservacion, Preservation Service: national library, Preservation information URL, Deposit policy directory, URL for deposit policy, identificadores_persistentes, cumple_oa_doaj, Continues, Continued By, codigos_lcc, subscribe_to_open, Mirror Journal, Open Journals Collective, materias, fecha_incorporacion_doaj, fecha_actualizacion_doaj, Last Full Review Date, num_articulos, fecha_ultimo_articulo, apc_monto, apc_moneda, editorial_rapida"
1794-0915,Ornitología Colombiana,ornitologia colombiana,90,imputado,150.0,True,"apc_monto, apc_moneda","issn_electronic, issn_linking, institucion_editora_1, institucion_editora_2, institucion_editora_3, url_revista, url_doaj, When did the journal start to publish all content using an open license?, titulo_alternativo, issn_impreso, issn_electronico, palabras_clave, idiomas, editorial, pais_editorial, Other organisation, Country of other organisation, licencia, atributos_licencia, URL for license terms, cc_legible_maquina, autor_retiene_copyright, Copyright information URL, tipo_revision, Review process information URL, politica_plagio, URL for journal's aims & scope, URL for the Editorial Board page, URL for journal's instructions for authors, semanas_submission_publicacion, tiene_apc, APC information URL, politica_exencion, Waiver policy information URL, tiene_otros_cobros, Other fees information URL, servicios_preservacion, Preservation Service: national library, Preservation information URL, Deposit policy directory, URL for deposit policy, identificadores_persistentes, cumple_oa_doaj, Continues, Continued By, codigos_lcc, subscribe_to_open, Mirror Journal, Open Journals Collective, materias, fecha_incorporacion_doaj, fecha_actualizacion_doaj, Last Full Review Date, num_articulos, fecha_ultimo_articulo, apc_monto, apc_moneda, editorial_rapida"
2145-8529,Revista Filosofía Uis,filosofia uis,91,imputado,150.0,True,"apc_monto, apc_moneda","issn_electronic, institucion_editora_2, institucion_editora_3, url_revista, url_doaj, When did the journal start to publish all content using an open license?, titulo_alternativo, issn_impreso, issn_electronico, palabras_clave, idiomas, editorial, pais_editorial, Other organisation, Country of other organisation, licencia, atributos_licencia, URL for license terms, cc_legible_maquina, autor_retiene_copyright, Copyright information URL, tipo_revision, Review process information URL, politica_plagio, URL for journal's aims & scope, URL for the Editorial Board page, URL for journal's instructions for authors, semanas_submission_publicacion, tiene_apc, APC information URL, politica_exencion, Waiver policy information URL, tiene_otros_cobros, Other fees information URL, servicios_preservacion, Preservation Service: national library, Preservation information URL, Deposit policy directory, URL for deposit policy, identificadores_persistentes, cumple_oa_doaj, Continues, Continued By, codigos_lcc, subscribe_to_open, Mirror Journal, Open Journals Collective, materias, fecha_incorporacion_doaj, fecha_actualizacion_doaj, Last Full Review Date, num_articulos, fecha_ultimo_articulo, apc_monto, apc_moneda, editorial_rapida"
1794-5240,Médicas Uis,medicas uis,92,imputado,150.0,True,"apc_monto, apc_moneda","issn_electronic, institucion_editora_2, institucion_editora_3, url_revista, url_doaj, When did the journal start to publish all content using an open license?, titulo_alternativo, issn_impreso, issn_electronico, palabras_clave, idiomas, editorial, pais_editorial, Other organisation, Country of other organisation, licencia, atributos_licencia, URL for license terms, cc_legible_maquina, autor_retiene_copyright, Copyright information URL, tipo_revision, Review process information URL, politica_plagio, URL for journal's aims & scope, URL for the Editorial Board page, URL for journal's instructions for authors, semanas_submission_publicacion, tiene_apc, APC information URL, politica_exencion, Waiver policy information URL, tiene_otros_cobros, Other fees information URL, servicios_preservacion, Preservation Service: national library, Preservation information URL, Deposit policy directory, URL for deposit policy, identificadores_persistentes, cumple_oa_doaj, Continues, Continued By, codigos_lcc, subscribe_to_open, Mirror Journal, Open Journals Collective, materias, fecha_incorporacion_doaj, fecha_actualizacion_doaj, Last Full Review Date, num_articulos, fecha_ultimo_articulo, apc_monto, apc_moneda, editorial_rapida"
2463-0225,Revista Colombiana De Obstetricia Y Ginecología,colombiana obstetricia ginecologia,93,imputado,150.0,True,"apc_monto, apc_moneda","issn_electronic, institucion_editora_2, institucion_editora_3, url_revista, url_doaj, When did the journal start to publish all content using an open license?, titulo_alternativo, issn_impreso, issn_electronico, palabras_clave, idiomas, editorial, pais_editorial, Other organisation, Country of other organisation, licencia, atributos_licencia, URL for license terms, cc_legible_maquina, autor_retiene_copyright, Copyright information URL, tipo_revision, Review process information URL, politica_plagio, URL for journal's aims & scope, URL for the Editorial Board page, URL for journal's instructions for authors, semanas_submission_publicacion, tiene_apc, APC information URL, politica_exencion, Waiver policy information URL, tiene_otros_cobros, Other fees information URL, servicios_preservacion, Preservation Service: national library, Preservation information URL, Deposit policy directory, URL for deposit policy, identificadores_persistentes, cumple_oa_doaj, Continues, Continued By, codigos_lcc, subscribe_to_open, Mirror Journal, Open Journals Collective, materias, fecha_incorporacion_doaj, fecha_actualizacion_doaj, Last Full Review Date, num_articulos, fecha_ultimo_articulo, apc_monto, apc_moneda, editorial_rapida"
2344-8644,Revista Colombiana De Psicología,colombiana psicologia,94,imputado,150.0,True,"apc_monto, apc_moneda","issn_electronic, institucion_editora_2, institucion_editora_3, url_revista, url_doaj, When did the journal start to publish all content using an open license?, titulo_alternativo, issn_impreso, issn_electronico, palabras_clave, idiomas, editorial, pais_editorial, Other organisation, Country of other organisation, licencia, atributos_licencia, URL for license terms, cc_legible_maquina, autor_retiene_copyright, Copyright information URL, tipo_revision, Review process information URL, politica_plagio, URL for journal's aims & scope, URL for the Editorial Board page, URL for journal's instructions for authors, semanas_submission_publicacion, tiene_apc, APC information URL, politica_exencion, Waiver policy information URL, tiene_otros_cobros, Other fees information URL, servicios_preservacion, Preservation Service: national library, Preservation information URL, Deposit policy directory, URL for deposit policy, identificadores_persistentes, cumple_oa_doaj, Continues, Continued By, codigos_lcc, subscribe_to_open, Mirror Journal, Open Journals Collective, materias, fecha_incorporacion_doaj, fecha_actualizacion_doaj, Last Full Review Date, num_articulos, fecha_ultimo_articulo, apc_monto, apc_moneda, editorial_rapida"
2248-4337,Revista Cuadernos De Economía,cuadernos economia,95,imputado,150.0,True,"apc_monto, apc_moneda","issn_electronic, institucion_editora_1, institucion_editora_2, institucion_editora_3, url_revista, url_doaj, When did the journal start to publish all content using an open license?, titulo_alternativo, issn_impreso, issn_electronico, palabras_clave, idiomas, editorial, pais_editorial, Other organisation, Country of other organisation, licencia, atributos_licencia, URL for license terms, cc_legible_maquina, autor_retiene_copyright, Copyright information URL, tipo_revision, Review process information URL, politica_plagio, URL for journal's aims & scope, URL for the Editorial Board page, URL for journal's instructions for authors, semanas_submission_publicacion, tiene_apc, APC information URL, politica_exencion, Waiver policy information URL, tiene_otros_cobros, Other fees information URL, servicios_preservacion, Preservation Service: national library, Preservation information URL, Deposit policy directory, URL for deposit policy, identificadores_persistentes, cumple_oa_doaj, Continues, Continued By, codigos_lcc, subscribe_to_open, Mirror Journal, Open Journals Collective, materias, fecha_incorporacion_doaj, fecha_actualizacion_doaj, Last Full Review Date, num_articulos, fecha_ultimo_articulo, apc_monto, apc_moneda, editorial_rapida"
2248-8723,Ingeniería E Investigación,ingenieria e investigacion,96,imputado,150.0,True,"apc_monto, apc_moneda","issn_electronic, institucion_editora_2, institucion_editora_3, url_revista, url_doaj, When did the journal start to publish all content using an open license?, titulo_alternativo, issn_impreso, issn_electronico, palabras_clave, idiomas, editorial, pais_editorial, Other organisation, Country of other organisation, licencia, atributos_licencia, URL for license terms, cc_legible_maquina, autor_retiene_copyright, Copyright information URL, tipo_revision, Review process information URL, politica_plagio, URL for journal's aims & scope, URL for the Editorial Board page, URL for journal's instructions for authors, semanas_submission_publicacion, tiene_apc, APC information URL, politica_exencion, Waiver policy information URL, tiene_otros_cobros, Other fees information URL, servicios_preservacion, Preservation Service: national library, Preservation information URL, Deposit policy directory, URL for deposit policy, identificadores_persistentes, cumple_oa_doaj, Continues, Continued By, codigos_lcc, subscribe_to_open, Mirror Journal, Open Journals Collective, materias, fecha_incorporacion_doaj, fecha_actualizacion_doaj, Last Full Review Date, num_articulos, fecha_ultimo_articulo, apc_monto, apc_moneda, editorial_rapida"
2462-8190,Boletín Científico Del Museo De Historia Natural,boletin cientifico museo historia natural,97,imputado,150.0,True,"apc_monto, apc_moneda","issn_electronic, institucion_editora_2, institucion_editora_3, url_revista, url_doaj, When did the journal start to publish all content using an open license?, titulo_alternativo, issn_impreso, issn_electronico, palabras_clave, idiomas, editorial, pais_editorial, Other organisation, Country of other organisation, licencia, atributos_licencia, URL for license terms, cc_legible_maquina, autor_retiene_copyright, Copyright information URL, tipo_revision, Review process information URL, politica_plagio, URL for journal's aims & scope, URL for the Editorial Board page, URL for journal's instructions for authors, semanas_submission_publicacion, tiene_apc, APC information URL, politica_exencion, Waiver policy information URL, tiene_otros_cobros, Other fees information URL, servicios_preservacion, Preservation Service: national library, Preservation information URL, Deposit policy directory, URL for deposit policy, identificadores_persistentes, cumple_oa_doaj, Continues, Continued By, codigos_lcc, subscribe_to_open, Mirror Journal, Open Journals Collective, materias, fecha_incorporacion_doaj, fecha_actualizacion_doaj, Last Full Review Date, num_articulos, fecha_ultimo_articulo, apc_monto, apc_moneda, editorial_rapida"
2357-3260,Revista Colombiana De Cardiología,colombiana cardiologia,98,imputado,150.0,True,"apc_monto, apc_moneda","issn_electronic, institucion_editora_2, institucion_editora_3, url_revista, url_doaj, When did the journal start to publish all content using an open license?, titulo_alternativo, issn_impreso, issn_electronico, palabras_clave, idiomas, editorial, pais_editorial, Other organisation, Country of other organisation, licencia, atributos_licencia, URL for license terms, cc_legible_maquina, autor_retiene_copyright, Copyright information URL, tipo_revision, Review process information URL, politica_plagio, URL for journal's aims & scope, URL for the Editorial Board page, URL for journal's instructions for authors, semanas_submission_publicacion, tiene_apc, APC information URL, politica_exencion, Waiver policy information URL, tiene_otros_cobros, Other fees information URL, servicios_preservacion, Preservation Service: national library, Preservation information URL, Deposit policy directory, URL for deposit policy, identificadores_persistentes, cumple_oa_doaj, Continues, Continued By, codigos_lcc, subscribe_to_open, Mirror Journal, Open Journals Collective, materias, fecha_incorporacion_doaj, fecha_actualizacion_doaj, Last Full Review Date, num_articulos, fecha_ultimo_articulo, apc_monto, apc_moneda, editorial_rapida"
0124-4035,Desafíos,desafios,99,imputado,150.0,True,"apc_monto, apc_moneda","issn_electronic, issn_linking, institucion_editora_2, institucion_editora_3, titulo_alternativo, Country of other organisation, atributos_licencia, cc_legible_maquina, Copyright information URL, Waiver policy information URL, servicios_preservacion, Preservation Service: national library, Preservation information URL, Deposit policy directory, URL for deposit policy, Continues, Continued By, apc_monto, apc_moneda"
2346-2051,Revista Derecho Del Estado,derecho estado,100,imputado,150.0,True,"apc_monto, apc_moneda","issn_electronic, institucion_editora_2, institucion_editora_3, url_revista, url_doaj, When did the journal start to publish all content using an open license?, titulo_alternativo, issn_impreso, issn_electronico, palabras_clave, idiomas, editorial, pais_editorial, Other organisation, Country of other organisation, licencia, atributos_licencia, URL for license terms, cc_legible_maquina, autor_retiene_copyright, Copyright information URL, tipo_revision, Review process information URL, politica_plagio, URL for journal's aims & scope, URL for the Editorial Board page, URL for journal's instructions for authors, semanas_submission_publicacion, tiene_apc, APC information URL, politica_exencion, Waiver policy information URL, tiene_otros_cobros, Other fees information URL, servicios_preservacion, Preservation Service: national library, Preservation information URL, Deposit policy directory, URL for deposit policy, identificadores_persistentes, cumple_oa_doaj, Continues, Continued By, codigos_lcc, subscribe_to_open, Mirror Journal, Open Journals Collective, materias, fecha_incorporacion_doaj, fecha_actualizacion_doaj, Last Full Review Date, num_articulos, fecha_ultimo_articulo, apc_monto, apc_moneda, editorial_rapida"
0123-8418,Territorios,territorios,101,imputado,150.0,True,"apc_monto, apc_moneda","issn_electronic, issn_linking, codigo_dane, institucion_editora_2, institucion_editora_3, pais_iso, titulo_alternativo, Other organisation, Country of other organisation, atributos_licencia, cc_legible_maquina, Waiver policy information URL, Other fees information URL, servicios_preservacion, Preservation Service: national library, Preservation information URL, Deposit policy directory, URL for deposit policy, Continues, Continued By, apc_monto, apc_moneda"
1909-7735,Ciencia E Ingeniería Neogranadina,ciencia e ingenieria neogranadina,102,imputado,150.0,True,"apc_monto, apc_moneda","issn_electronic, institucion_editora_2, institucion_editora_3, url_revista, url_doaj, When did the journal start to publish all content using an open license?, titulo_alternativo, issn_impreso, issn_electronico, palabras_clave, idiomas, editorial, pais_editorial, Other organisation, Country of other organisation, licencia, atributos_licencia, URL for license terms, cc_legible_maquina, autor_retiene_copyright, Copyright information URL, tipo_revision, Review process information URL, politica_plagio, URL for journal's aims & scope, URL for the Editorial Board page, URL for journal's instructions for authors, semanas_submission_publicacion, tiene_apc, APC information URL, politica_exencion, Waiver policy information URL, tiene_otros_cobros, Other fees information URL, servicios_preservacion, Preservation Service: national library, Preservation information URL, Deposit policy directory, URL for deposit policy, identificadores_persistentes, cumple_oa_doaj, Continues, Continued By, codigos_lcc, subscribe_to_open, Mirror Journal, Open Journals Collective, materias, fecha_incorporacion_doaj, fecha_actualizacion_doaj, Last Full Review Date, num_articulos, fecha_ultimo_articulo, apc_monto, apc_moneda, editorial_rapida"
2357-6014,Ingenieria Solidaria,ingenieria solidaria,103,imputado,150.0,True,"apc_monto, apc_moneda","issn_electronic, institucion_editora_2, institucion_editora_3, url_revista, url_doaj, When did the journal start to publish all content using an open license?, titulo_alternativo, issn_impreso, issn_electronico, palabras_clave, idiomas, editorial, pais_editorial, Other organisation, Country of other organisation, licencia, atributos_licencia, URL for license terms, cc_legible_maquina, autor_retiene_copyright, Copyright information URL, tipo_revision, Review process information URL, politica_plagio, URL for journal's aims & scope, URL for the Editorial Board page, URL for journal's instructions for authors, semanas_submission_publicacion, tiene_apc, APC information URL, politica_exencion, Waiver policy information URL, tiene_otros_cobros, Other fees information URL, servicios_preservacion, Preservation Service: national library, Preservation information URL, Deposit policy directory, URL for deposit policy, identificadores_persistentes, cumple_oa_doaj, Continues, Continued By, codigos_lcc, subscribe_to_open, Mirror Journal, Open Journals Collective, materias, fecha_incorporacion_doaj, fecha_actualizacion_doaj, Last Full Review Date, num_articulos, fecha_ultimo_articulo, apc_monto, apc_moneda, editorial_rapida"
2011-7477,Eidos,eidos,104,imputado,150.0,True,"apc_monto, apc_moneda","issn_print, issn_electronic, institucion_editora_2, institucion_editora_3, url_revista, url_doaj, When did the journal start to publish all content using an open license?, titulo_alternativo, issn_impreso, issn_electronico, palabras_clave, idiomas, editorial, pais_editorial, Other organisation, Country of other organisation, licencia, atributos_licencia, URL for license terms, cc_legible_maquina, autor_retiene_copyright, Copyright information URL, tipo_revision, Review process information URL, politica_plagio, URL for journal's aims & scope, URL for the Editorial Board page, URL for journal's instructions for authors, semanas_submission_publicacion, tiene_apc, APC information URL, politica_exencion, Waiver policy information URL, tiene_otros_cobros, Other fees information URL, servicios_preservacion, Preservation Service: national library, Preservation information URL, Deposit policy directory, URL for deposit policy, identificadores_persistentes, cumple_oa_doaj, Continues, Continued By, codigos_lcc, subscribe_to_open, Mirror Journal, Open Journals Collective, materias, fecha_incorporacion_doaj, fecha_actualizacion_doaj, Last Full Review Date, num_articulos, fecha_ultimo_articulo, apc_monto, apc_moneda, editorial_rapida"
2346-0261,Avances De Enfermería,avances enfermeria,105,imputado,150.0,True,"apc_monto, apc_moneda","issn_electronic, institucion_editora_2, institucion_editora_3, url_revista, url_doaj, When did the journal start to publish all content using an open license?, titulo_alternativo, issn_impreso, issn_electronico, palabras_clave, idiomas, editorial, pais_editorial, Other organisation, Country of other organisation, licencia, atributos_licencia, URL for license terms, cc_legible_maquina, autor_retiene_copyright, Copyright information URL, tipo_revision, Review process information URL, politica_plagio, URL for journal's aims & scope, URL for the Editorial Board page, URL for journal's instructions for authors, semanas_submission_publicacion, tiene_apc, APC information URL, politica_exencion, Waiver policy information URL, tiene_otros_cobros, Other fees information URL, servicios_preservacion, Preservation Service: national library, Preservation information URL, Deposit policy directory, URL for deposit policy, identificadores_persistentes, cumple_oa_doaj, Continues, Continued By, codigos_lcc, subscribe_to_open, Mirror Journal, Open Journals Collective, materias, fecha_incorporacion_doaj, fecha_actualizacion_doaj, Last Full Review Date, num_articulos, fecha_ultimo_articulo, apc_monto, apc_moneda, editorial_rapida"
2145-2660,Vitae,vitae,106,imputado,150.0,True,"apc_monto, apc_moneda","issn_electronic, institucion_editora_2, institucion_editora_3, url_revista, url_doaj, When did the journal start to publish all content using an open license?, titulo_alternativo, issn_impreso, issn_electronico, palabras_clave, idiomas, editorial, pais_editorial, Other organisation, Country of other organisation, licencia, atributos_licencia, URL for license terms, cc_legible_maquina, autor_retiene_copyright, Copyright information URL, tipo_revision, Review process information URL, politica_plagio, URL for journal's aims & scope, URL for the Editorial Board page, URL for journal's instructions for authors, semanas_submission_publicacion, tiene_apc, APC information URL, politica_exencion, Waiver policy information URL, tiene_otros_cobros, Other fees information URL, servicios_preservacion, Preservation Service: national library, Preservation information URL, Deposit policy directory, URL for deposit policy, identificadores_persistentes, cumple_oa_doaj, Continues, Continued By, codigos_lcc, subscribe_to_open, Mirror Journal, Open Journals Collective, materias, fecha_incorporacion_doaj, fecha_actualizacion_doaj, Last Full Review Date, num_articulos, fecha_ultimo_articulo, apc_monto, apc_moneda, editorial_rapida"
2256-2958,Revista Colombiana De Ciencias Pecuarias,colombiana ciencias pecuarias,107,imputado,200.0,True,"apc_monto, apc_moneda","issn_electronic, institucion_editora_2, institucion_editora_3, url_revista, url_doaj, When did the journal start to publish all content using an open license?, titulo_alternativo, issn_impreso, issn_electronico, palabras_clave, idiomas, editorial, pais_editorial, Other organisation, Country of other organisation, licencia, atributos_licencia, URL for license terms, cc_legible_maquina, autor_retiene_copyright, Copyright information URL, tipo_revision, Review process information URL, politica_plagio, URL for journal's aims & scope, URL for the Editorial Board page, URL for journal's instructions for authors, semanas_submission_publicacion, tiene_apc, APC information URL, politica_exencion, Waiver policy information URL, tiene_otros_cobros, Other fees information URL, servicios_preservacion, Preservation Service: national library, Preservation information URL, Deposit policy directory, URL for deposit policy, identificadores_persistentes, cumple_oa_doaj, Continues, Continued By, codigos_lcc, subscribe_to_open, Mirror Journal, Open Journals Collective, materias, fecha_incorporacion_doaj, fecha_actualizacion_doaj, Last Full Review Date, num_articulos, fecha_ultimo_articulo, apc_monto, apc_moneda, editorial_rapida"
1909-2474,Revista Luna Azul,luna azul,108,imputado,150.0,True,"apc_monto, apc_moneda","issn_electronic, institucion_editora_2, institucion_editora_3, url_revista, url_doaj, When did the journal start to publish all content using an open license?, titulo_alternativo, issn_impreso, issn_electronico, palabras_clave, idiomas, editorial, pais_editorial, Other organisation, Country of other organisation, licencia, atributos_licencia, URL for license terms, cc_legible_maquina, autor_retiene_copyright, Copyright information URL, tipo_revision, Review process information URL, politica_plagio, URL for journal's aims & scope, URL for the Editorial Board page, URL for journal's instructions for authors, semanas_submission_publicacion, tiene_apc, APC information URL, politica_exencion, Waiver policy information URL, tiene_otros_cobros, Other fees information URL, servicios_preservacion, Preservation Service: national library, Preservation information URL, Deposit policy directory, URL for deposit policy, identificadores_persistentes, cumple_oa_doaj, Continues, Continued By, codigos_lcc, subscribe_to_open, Mirror Journal, Open Journals Collective, materias, fecha_incorporacion_doaj, fecha_actualizacion_doaj, Last Full Review Date, num_articulos, fecha_ultimo_articulo, apc_monto, apc_moneda, editorial_rapida"
2145-941X,Pensamiento & Gestión,pensamiento gestion,109,imputado,150.0,True,"apc_monto, apc_moneda","issn_electronic, institucion_editora_2, institucion_editora_3, url_revista, url_doaj, When did the journal start to publish all content using an open license?, titulo_alternativo, issn_impreso, issn_electronico, palabras_clave, idiomas, editorial, pais_editorial, Other organisation, Country of other organisation, licencia, atributos_licencia, URL for license terms, cc_legible_maquina, autor_retiene_copyright, Copyright information URL, tipo_revision, Review process information URL, politica_plagio, URL for journal's aims & scope, URL for the Editorial Board page, URL for journal's instructions for authors, semanas_submission_publicacion, tiene_apc, APC information URL, politica_exencion, Waiver policy information URL, tiene_otros_cobros, Other fees information URL, servicios_preservacion, Preservation Service: national library, Preservation information URL, Deposit policy directory, URL for deposit policy, identificadores_persistentes, cumple_oa_doaj, Continues, Continued By, codigos_lcc, subscribe_to_open, Mirror Journal, Open Journals Collective, materias, fecha_incorporacion_doaj, fecha_actualizacion_doaj, Last Full Review Date, num_articulos, fecha_ultimo_articulo, apc_monto, apc_moneda, editorial_rapida"
2422-3794,Infectio,infectio,110,imputado,150.0,True,"apc_monto, apc_moneda","issn_electronic, institucion_editora_2, institucion_editora_3, url_revista, url_doaj, When did the journal start to publish all content using an open license?, titulo_alternativo, issn_impreso, issn_electronico, palabras_clave, idiomas, editorial, pais_editorial, Other organisation, Country of other organisation, licencia, atributos_licencia, URL for license terms, cc_legible_maquina, autor_retiene_copyright, Copyright information URL, tipo_revision, Review process information URL, politica_plagio, URL for journal's aims & scope, URL for the Editorial Board page, URL for journal's instructions for authors, semanas_submission_publicacion, tiene_apc, APC information URL, politica_exencion, Waiver policy information URL, tiene_otros_cobros, Other fees information URL, servicios_preservacion, Preservation Service: national library, Preservation information URL, Deposit policy directory, URL for deposit policy, identificadores_persistentes, cumple_oa_doaj, Continues, Continued By, codigos_lcc, subscribe_to_open, Mirror Journal, Open Journals Collective, materias, fecha_incorporacion_doaj, fecha_actualizacion_doaj, Last Full Review Date, num_articulos, fecha_ultimo_articulo, apc_monto, apc_moneda, editorial_rapida"
1900-7205,Cuadernos De Administración,cuadernos administracion,111,imputado,150.0,True,"apc_monto, apc_moneda","issn_electronic, institucion_editora_2, institucion_editora_3, url_revista, url_doaj, When did the journal start to publish all content using an open license?, titulo_alternativo, issn_impreso, issn_electronico, palabras_clave, idiomas, editorial, pais_editorial, Other organisation, Country of other organisation, licencia, atributos_licencia, URL for license terms, cc_legible_maquina, autor_retiene_copyright, Copyright information URL, tipo_revision, Review process information URL, politica_plagio, URL for journal's aims & scope, URL for the Editorial Board page, URL for journal's instructions for authors, semanas_submission_publicacion, tiene_apc, APC information URL, politica_exencion, Waiver policy information URL, tiene_otros_cobros, Other fees information URL, servicios_preservacion, Preservation Service: national library, Preservation information URL, Deposit policy directory, URL for deposit policy, identificadores_persistentes, cumple_oa_doaj, Continues, Continued By, codigos_lcc, subscribe_to_open, Mirror Journal, Open Journals Collective, materias, fecha_incorporacion_doaj, fecha_actualizacion_doaj, Last Full Review Date, num_articulos, fecha_ultimo_articulo, apc_monto, apc_moneda, editorial_rapida"
2256-5450,"Literatura: Teoria, Historia, Critica",literatura teoria historia critica,112,imputado,150.0,True,"apc_monto, apc_moneda","issn_electronic, institucion_editora_1, institucion_editora_2, institucion_editora_3, url_revista, url_doaj, When did the journal start to publish all content using an open license?, titulo_alternativo, issn_impreso, issn_electronico, palabras_clave, idiomas, editorial, pais_editorial, Other organisation, Country of other organisation, licencia, atributos_licencia, URL for license terms, cc_legible_maquina, autor_retiene_copyright, Copyright information URL, tipo_revision, Review process information URL, politica_plagio, URL for journal's aims & scope, URL for the Editorial Board page, URL for journal's instructions for authors, semanas_submission_publicacion, tiene_apc, APC information URL, politica_exencion, Waiver policy information URL, tiene_otros_cobros, Other fees information URL, servicios_preservacion, Preservation Service: national library, Preservation information URL, Deposit policy directory, URL for deposit policy, identificadores_persistentes, cumple_oa_doaj, Continues, Continued By, codigos_lcc, subscribe_to_open, Mirror Journal, Open Journals Collective, materias, fecha_incorporacion_doaj, fecha_actualizacion_doaj, Last Full Review Date, num_articulos, fecha_ultimo_articulo, apc_monto, apc_moneda, editorial_rapida"
2389-7872,Jangwa Pana,jangwa pana,113,imputado,150.0,True,"apc_monto, apc_moneda","issn_electronic, institucion_editora_2, institucion_editora_3, url_revista, url_doaj, When did the journal start to publish all content using an open license?, titulo_alternativo, issn_impreso, issn_electronico, palabras_clave, idiomas, editorial, pais_editorial, Other organisation, Country of other organisation, licencia, atributos_licencia, URL for license terms, cc_legible_maquina, autor_retiene_copyright, Copyright information URL, tipo_revision, Review process information URL, politica_plagio, URL for journal's aims & scope, URL for the Editorial Board page, URL for journal's instructions for authors, semanas_submission_publicacion, tiene_apc, APC information URL, politica_exencion, Waiver policy information URL, tiene_otros_cobros, Other fees information URL, servicios_preservacion, Preservation Service: national library, Preservation information URL, Deposit policy directory, URL for deposit policy, identificadores_persistentes, cumple_oa_doaj, Continues, Continued By, codigos_lcc, subscribe_to_open, Mirror Journal, Open Journals Collective, materias, fecha_incorporacion_doaj, fecha_actualizacion_doaj, Last Full Review Date, num_articulos, fecha_ultimo_articulo, apc_monto, apc_moneda, editorial_rapida"
2357-626X,Revista De Arquitectura,arquitectura,114,imputado,150.0,True,"apc_monto, apc_moneda","issn_electronic, institucion_editora_2, institucion_editora_3, url_revista, url_doaj, When did the journal start to publish all content using an open license?, titulo_alternativo, issn_impreso, issn_electronico, palabras_clave, idiomas, editorial, pais_editorial, Other organisation, Country of other organisation, licencia, atributos_licencia, URL for license terms, cc_legible_maquina, autor_retiene_copyright, Copyright information URL, tipo_revision, Review process information URL, politica_plagio, URL for journal's aims & scope, URL for the Editorial Board page, URL for journal's instructions for authors, semanas_submission_publicacion, tiene_apc, APC information URL, politica_exencion, Waiver policy information URL, tiene_otros_cobros, Other fees information URL, servicios_preservacion, Preservation Service: national library, Preservation information URL, Deposit policy directory, URL for deposit policy, identificadores_persistentes, cumple_oa_doaj, Continues, Continued By, codigos_lcc, subscribe_to_open, Mirror Journal, Open Journals Collective, materias, fecha_incorporacion_doaj, fecha_actualizacion_doaj, Last Full Review Date, num_articulos, fecha_ultimo_articulo, apc_monto, apc_moneda, editorial_rapida"
2346-2426,Universitas Philosophica,universitas philosophica,115,imputado,150.0,True,"apc_monto, apc_moneda","issn_electronic, institucion_editora_2, institucion_editora_3, url_revista, url_doaj, When did the journal start to publish all content using an open license?, titulo_alternativo, issn_impreso, issn_electronico, palabras_clave, idiomas, editorial, pais_editorial, Other organisation, Country of other organisation, licencia, atributos_licencia, URL for license terms, cc_legible_maquina, autor_retiene_copyright, Copyright information URL, tipo_revision, Review process information URL, politica_plagio, URL for journal's aims & scope, URL for the Editorial Board page, URL for journal's instructions for authors, semanas_submission_publicacion, tiene_apc, APC information URL, politica_exencion, Waiver policy information URL, tiene_otros_cobros, Other fees information URL, servicios_preservacion, Preservation Service: national library, Preservation information URL, Deposit policy directory, URL for deposit policy, identificadores_persistentes, cumple_oa_doaj, Continues, Continued By, codigos_lcc, subscribe_to_open, Mirror Journal, Open Journals Collective, materias, fecha_incorporacion_doaj, fecha_actualizacion_doaj, Last Full Review Date, num_articulos, fecha_ultimo_articulo, apc_monto, apc_moneda, editorial_rapida"
2145-0366,Aletheia,aletheia,116,imputado,150.0,True,"apc_monto, apc_moneda","issn_electronic, institucion_editora_2, institucion_editora_3, url_revista, url_doaj, When did the journal start to publish all content using an open license?, titulo_alternativo, issn_impreso, issn_electronico, palabras_clave, idiomas, editorial, pais_editorial, Other organisation, Country of other organisation, licencia, atributos_licencia, URL for license terms, cc_legible_maquina, autor_retiene_copyright, Copyright information URL, tipo_revision, Review process information URL, politica_plagio, URL for journal's aims & scope, URL for the Editorial Board page, URL for journal's instructions for authors, semanas_submission_publicacion, tiene_apc, APC information URL, politica_exencion, Waiver policy information URL, tiene_otros_cobros, Other fees information URL, servicios_preservacion, Preservation Service: national library, Preservation information URL, Deposit policy directory, URL for deposit policy, identificadores_persistentes, cumple_oa_doaj, Continues, Continued By, codigos_lcc, subscribe_to_open, Mirror Journal, Open Journals Collective, materias, fecha_incorporacion_doaj, fecha_actualizacion_doaj, Last Full Review Date, num_articulos, fecha_ultimo_articulo, apc_monto, apc_moneda, editorial_rapida"
2711-0044,En Contexto,contexto,117,imputado,150.0,True,"apc_monto, apc_moneda","issn_electronic, institucion_editora_2, institucion_editora_3, url_revista, url_doaj, When did the journal start to publish all content using an open license?, titulo_alternativo, issn_impreso, issn_electronico, palabras_clave, idiomas, editorial, pais_editorial, Other organisation, Country of other organisation, licencia, atributos_licencia, URL for license terms, cc_legible_maquina, autor_retiene_copyright, Copyright information URL, tipo_revision, Review process information URL, politica_plagio, URL for journal's aims & scope, URL for the Editorial Board page, URL for journal's instructions for authors, semanas_submission_publicacion, tiene_apc, APC information URL, politica_exencion, Waiver policy information URL, tiene_otros_cobros, Other fees information URL, servicios_preservacion, Preservation Service: national library, Preservation information URL, Deposit policy directory, URL for deposit policy, identificadores_persistentes, cumple_oa_doaj, Continues, Continued By, codigos_lcc, subscribe_to_open, Mirror Journal, Open Journals Collective, materias, fecha_incorporacion_doaj, fecha_actualizacion_doaj, Last Full Review Date, num_articulos, fecha_ultimo_articulo, apc_monto, apc_moneda, editorial_rapida"
2027-8284,Ingeniería Y Competitividad,ingenieria competitividad,118,imputado,150.0,True,"apc_monto, apc_moneda","issn_electronic, institucion_editora_2, institucion_editora_3, url_revista, url_doaj, When did the journal start to publish all content using an open license?, titulo_alternativo, issn_impreso, issn_electronico, palabras_clave, idiomas, editorial, pais_editorial, Other organisation, Country of other organisation, licencia, atributos_licencia, URL for license terms, cc_legible_maquina, autor_retiene_copyright, Copyright information URL, tipo_revision, Review process information URL, politica_plagio, URL for journal's aims & scope, URL for the Editorial Board page, URL for journal's instructions for authors, semanas_submission_publicacion, tiene_apc, APC information URL, politica_exencion, Waiver policy information URL, tiene_otros_cobros, Other fees information URL, servicios_preservacion, Preservation Service: national library, Preservation information URL, Deposit policy directory, URL for deposit policy, identificadores_persistentes, cumple_oa_doaj, Continues, Continued By, codigos_lcc, subscribe_to_open, Mirror Journal, Open Journals Collective, materias, fecha_incorporacion_doaj, fecha_actualizacion_doaj, Last Full Review Date, num_articulos, fecha_ultimo_articulo, apc_monto, apc_moneda, editorial_rapida"
2027-5358,Educación Y Educadores,educacion educadores,119,imputado,150.0,True,"apc_monto, apc_moneda","issn_electronic, institucion_editora_2, institucion_editora_3, url_revista, url_doaj, When did the journal start to publish all content using an open license?, titulo_alternativo, issn_impreso, issn_electronico, palabras_clave, idiomas, editorial, pais_editorial, Other organisation, Country of other organisation, licencia, atributos_licencia, URL for license terms, cc_legible_maquina, autor_retiene_copyright, Copyright information URL, tipo_revision, Review process information URL, politica_plagio, URL for journal's aims & scope, URL for the Editorial Board page, URL for journal's instructions for authors, semanas_submission_publicacion, tiene_apc, APC information URL, politica_exencion, Waiver policy information URL, tiene_otros_cobros, Other fees information URL, servicios_preservacion, Preservation Service: national library, Preservation information URL, Deposit policy directory, URL for deposit policy, identificadores_persistentes, cumple_oa_doaj, Continues, Continued By, codigos_lcc, subscribe_to_open, Mirror Journal, Open Journals Collective, materias, fecha_incorporacion_doaj, fecha_actualizacion_doaj, Last Full Review Date, num_articulos, fecha_ultimo_articulo, apc_monto, apc_moneda, editorial_rapida"
2011-7574,Investigación & Desarrollo,investigacion desarrollo,120,imputado,150.0,True,"apc_monto, apc_moneda","issn_electronic, institucion_editora_2, institucion_editora_3, url_revista, url_doaj, When did the journal start to publish all content using an open license?, titulo_alternativo, issn_impreso, issn_electronico, palabras_clave, idiomas, editorial, pais_editorial, Other organisation, Country of other organisation, licencia, atributos_licencia, URL for license terms, cc_legible_maquina, autor_retiene_copyright, Copyright information URL, tipo_revision, Review process information URL, politica_plagio, URL for journal's aims & scope, URL for the Editorial Board page, URL for journal's instructions for authors, semanas_submission_publicacion, tiene_apc, APC information URL, politica_exencion, Waiver policy information URL, tiene_otros_cobros, Other fees information URL, servicios_preservacion, Preservation Service: national library, Preservation information URL, Deposit policy directory, URL for deposit policy, identificadores_persistentes, cumple_oa_doaj, Continues, Continued By, codigos_lcc, subscribe_to_open, Mirror Journal, Open Journals Collective, materias, fecha_incorporacion_doaj, fecha_actualizacion_doaj, Last Full Review Date, num_articulos, fecha_ultimo_articulo, apc_monto, apc_moneda, editorial_rapida"
2145-7719,Revista Ces Derecho,ces derecho,121,imputado,150.0,True,"apc_monto, apc_moneda","issn_electronic, institucion_editora_2, institucion_editora_3, url_revista, url_doaj, When did the journal start to publish all content using an open license?, titulo_alternativo, issn_impreso, issn_electronico, palabras_clave, idiomas, editorial, pais_editorial, Other organisation, Country of other organisation, licencia, atributos_licencia, URL for license terms, cc_legible_maquina, autor_retiene_copyright, Copyright information URL, tipo_revision, Review process information URL, politica_plagio, URL for journal's aims & scope, URL for the Editorial Board page, URL for journal's instructions for authors, semanas_submission_publicacion, tiene_apc, APC information URL, politica_exencion, Waiver policy information URL, tiene_otros_cobros, Other fees information URL, servicios_preservacion, Preservation Service: national library, Preservation information URL, Deposit policy directory, URL for deposit policy, identificadores_persistentes, cumple_oa_doaj, Continues, Continued By, codigos_lcc, subscribe_to_open, Mirror Journal, Open Journals Collective, materias, fecha_incorporacion_doaj, fecha_actualizacion_doaj, Last Full Review Date, num_articulos, fecha_ultimo_articulo, apc_monto, apc_moneda, editorial_rapida"
1692-7125,@Limenth,limenth,122,imputado,150.0,True,"apc_monto, apc_moneda","issn_electronic, issn_linking, institucion_editora_2, institucion_editora_3, url_revista, url_doaj, When did the journal start to publish all content using an open license?, titulo_alternativo, issn_impreso, issn_electronico, palabras_clave, idiomas, editorial, pais_editorial, Other organisation, Country of other organisation, licencia, atributos_licencia, URL for license terms, cc_legible_maquina, autor_retiene_copyright, Copyright information URL, tipo_revision, Review process information URL, politica_plagio, URL for journal's aims & scope, URL for the Editorial Board page, URL for journal's instructions for authors, semanas_submission_publicacion, tiene_apc, APC information URL, politica_exencion, Waiver policy information URL, tiene_otros_cobros, Other fees information URL, servicios_preservacion, Preservation Service: national library, Preservation information URL, Deposit policy directory, URL for deposit policy, identificadores_persistentes, cumple_oa_doaj, Continues, Continued By, codigos_lcc, subscribe_to_open, Mirror Journal, Open Journals Collective, materias, fecha_incorporacion_doaj, fecha_actualizacion_doaj, Last Full Review Date, num_articulos, fecha_ultimo_articulo, apc_monto, apc_moneda, editorial_rapida"
2539-4711,Fronteras De La Historia,fronteras historia,123,imputado,150.0,True,"apc_monto, apc_moneda","issn_electronic, institucion_editora_2, institucion_editora_3, url_revista, url_doaj, When did the journal start to publish all content using an open license?, titulo_alternativo, issn_impreso, issn_electronico, palabras_clave, idiomas, editorial, pais_editorial, Other organisation, Country of other organisation, licencia, atributos_licencia, URL for license terms, cc_legible_maquina, autor_retiene_copyright, Copyright information URL, tipo_revision, Review process information URL, politica_plagio, URL for journal's aims & scope, URL for the Editorial Board page, URL for journal's instructions for authors, semanas_submission_publicacion, tiene_apc, APC information URL, politica_exencion, Waiver policy information URL, tiene_otros_cobros, Other fees information URL, servicios_preservacion, Preservation Service: national library, Preservation information URL, Deposit policy directory, URL for deposit policy, identificadores_persistentes, cumple_oa_doaj, Continues, Continued By, codigos_lcc, subscribe_to_open, Mirror Journal, Open Journals Collective, materias, fecha_incorporacion_doaj, fecha_actualizacion_doaj, Last Full Review Date, num_articulos, fecha_ultimo_articulo, apc_monto, apc_moneda, editorial_rapida"
1900-1649,Acta Biológica Colombiana,acta biologica colombiana,124,imputado,150.0,True,"apc_monto, apc_moneda","issn_electronic, institucion_editora_2, institucion_editora_3, url_revista, url_doaj, When did the journal start to publish all content using an open license?, titulo_alternativo, issn_impreso, issn_electronico, palabras_clave, idiomas, editorial, pais_editorial, Other organisation, Country of other organisation, licencia, atributos_licencia, URL for license terms, cc_legible_maquina, autor_retiene_copyright, Copyright information URL, tipo_revision, Review process information URL, politica_plagio, URL for journal's aims & scope, URL for the Editorial Board page, URL for journal's instructions for authors, semanas_submission_publicacion, tiene_apc, APC information URL, politica_exencion, Waiver policy information URL, tiene_otros_cobros, Other fees information URL, servicios_preservacion, Preservation Service: national library, Preservation information URL, Deposit policy directory, URL for deposit policy, identificadores_persistentes, cumple_oa_doaj, Continues, Continued By, codigos_lcc, subscribe_to_open, Mirror Journal, Open Journals Collective, materias, fecha_incorporacion_doaj, fecha_actualizacion_doaj, Last Full Review Date, num_articulos, fecha_ultimo_articulo, apc_monto, apc_moneda, editorial_rapida"
2500-5286,Iusta,iusta,125,imputado,150.0,True,"apc_monto, apc_moneda","issn_electronic, institucion_editora_2, institucion_editora_3, url_revista, url_doaj, When did the journal start to publish all content using an open license?, titulo_alternativo, issn_impreso, issn_electronico, palabras_clave, idiomas, editorial, pais_editorial, Other organisation, Country of other organisation, licencia, atributos_licencia, URL for license terms, cc_legible_maquina, autor_retiene_copyright, Copyright information URL, tipo_revision, Review process information URL, politica_plagio, URL for journal's aims & scope, URL for the Editorial Board page, URL for journal's instructions for authors, semanas_submission_publicacion, tiene_apc, APC information URL, politica_exencion, Waiver policy information URL, tiene_otros_cobros, Other fees information URL, servicios_preservacion, Preservation Service: national library, Preservation information URL, Deposit policy directory, URL for deposit policy, identificadores_persistentes, cumple_oa_doaj, Continues, Continued By, codigos_lcc, subscribe_to_open, Mirror Journal, Open Journals Collective, materias, fecha_incorporacion_doaj, fecha_actualizacion_doaj, Last Full Review Date, num_articulos, fecha_ultimo_articulo, apc_monto, apc_moneda, editorial_rapida"
2323-0134,Revista Colombiana De Educación,colombiana educacion,126,imputado,150.0,True,"apc_monto, apc_moneda","issn_electronic, institucion_editora_2, institucion_editora_3, url_revista, url_doaj, When did the journal start to publish all content using an open license?, titulo_alternativo, issn_impreso, issn_electronico, palabras_clave, idiomas, editorial, pais_editorial, Other organisation, Country of other organisation, licencia, atributos_licencia, URL for license terms, cc_legible_maquina, autor_retiene_copyright, Copyright information URL, tipo_revision, Review process information URL, politica_plagio, URL for journal's aims & scope, URL for the Editorial Board page, URL for journal's instructions for authors, semanas_submission_publicacion, tiene_apc, APC information URL, politica_exencion, Waiver policy information URL, tiene_otros_cobros, Other fees information URL, servicios_preservacion, Preservation Service: national library, Preservation information URL, Deposit policy directory, URL for deposit policy, identificadores_persistentes, cumple_oa_doaj, Continues, Continued By, codigos_lcc, subscribe_to_open, Mirror Journal, Open Journals Collective, materias, fecha_incorporacion_doaj, fecha_actualizacion_doaj, Last Full Review Date, num_articulos, fecha_ultimo_articulo, apc_monto, apc_moneda, editorial_rapida"
2215-9959,"Cuadernos De Música, Artes Visuales Y Artes Escénicas",cuadernos musica artes visuales artes escenicas,127,imputado,150.0,True,"apc_monto, apc_moneda","issn_electronic, institucion_editora_2, institucion_editora_3, url_revista, url_doaj, When did the journal start to publish all content using an open license?, titulo_alternativo, issn_impreso, issn_electronico, palabras_clave, idiomas, editorial, pais_editorial, Other organisation, Country of other organisation, licencia, atributos_licencia, URL for license terms, cc_legible_maquina, autor_retiene_copyright, Copyright information URL, tipo_revision, Review process information URL, politica_plagio, URL for journal's aims & scope, URL for the Editorial Board page, URL for journal's instructions for authors, semanas_submission_publicacion, tiene_apc, APC information URL, politica_exencion, Waiver policy information URL, tiene_otros_cobros, Other fees information URL, servicios_preservacion, Preservation Service: national library, Preservation information URL, Deposit policy directory, URL for deposit policy, identificadores_persistentes, cumple_oa_doaj, Continues, Continued By, codigos_lcc, subscribe_to_open, Mirror Journal, Open Journals Collective, materias, fecha_incorporacion_doaj, fecha_actualizacion_doaj, Last Full Review Date, num_articulos, fecha_ultimo_articulo, apc_monto, apc_moneda, editorial_rapida"
2256-5647,Anuario Colombiano De Historia Social,anuario colombiano historia social,128,imputado,150.0,True,"apc_monto, apc_moneda","issn_electronic, institucion_editora_2, institucion_editora_3, url_revista, url_doaj, When did the journal start to publish all content using an open license?, titulo_alternativo, issn_impreso, issn_electronico, palabras_clave, idiomas, editorial, pais_editorial, Other organisation, Country of other organisation, licencia, atributos_licencia, URL for license terms, cc_legible_maquina, autor_retiene_copyright, Copyright information URL, tipo_revision, Review process information URL, politica_plagio, URL for journal's aims & scope, URL for the Editorial Board page, URL for journal's instructions for authors, semanas_submission_publicacion, tiene_apc, APC information URL, politica_exencion, Waiver policy information URL, tiene_otros_cobros, Other fees information URL, servicios_preservacion, Preservation Service: national library, Preservation information URL, Deposit policy directory, URL for deposit policy, identificadores_persistentes, cumple_oa_doaj, Continues, Continued By, codigos_lcc, subscribe_to_open, Mirror Journal, Open Journals Collective, materias, fecha_incorporacion_doaj, fecha_actualizacion_doaj, Last Full Review Date, num_articulos, fecha_ultimo_articulo, apc_monto, apc_moneda, editorial_rapida"
2011-7663,Finanzas Y Política Económica,finanzas politica economica,129,imputado,150.0,True,"apc_monto, apc_moneda","issn_electronic, institucion_editora_2, institucion_editora_3, url_revista, url_doaj, When did the journal start to publish all content using an open license?, titulo_alternativo, issn_impreso, issn_electronico, palabras_clave, idiomas, editorial, pais_editorial, Other organisation, Country of other organisation, licencia, atributos_licencia, URL for license terms, cc_legible_maquina, autor_retiene_copyright, Copyright information URL, tipo_revision, Review process information URL, politica_plagio, URL for journal's aims & scope, URL for the Editorial Board page, URL for journal's instructions for authors, semanas_submission_publicacion, tiene_apc, APC information URL, politica_exencion, Waiver policy information URL, tiene_otros_cobros, Other fees information URL, servicios_preservacion, Preservation Service: national library, Preservation information URL, Deposit policy directory, URL for deposit policy, identificadores_persistentes, cumple_oa_doaj, Continues, Continued By, codigos_lcc, subscribe_to_open, Mirror Journal, Open Journals Collective, materias, fecha_incorporacion_doaj, fecha_actualizacion_doaj, Last Full Review Date, num_articulos, fecha_ultimo_articulo, apc_monto, apc_moneda, editorial_rapida"
2248-7638,Tecnura,tecnura,130,imputado,150.0,True,"apc_monto, apc_moneda","issn_electronic, institucion_editora_2, institucion_editora_3, url_revista, url_doaj, When did the journal start to publish all content using an open license?, titulo_alternativo, issn_impreso, issn_electronico, palabras_clave, idiomas, editorial, pais_editorial, Other organisation, Country of other organisation, licencia, atributos_licencia, URL for license terms, cc_legible_maquina, autor_retiene_copyright, Copyright information URL, tipo_revision, Review process information URL, politica_plagio, URL for journal's aims & scope, URL for the Editorial Board page, URL for journal's instructions for authors, semanas_submission_publicacion, tiene_apc, APC information URL, politica_exencion, Waiver policy information URL, tiene_otros_cobros, Other fees information URL, servicios_preservacion, Preservation Service: national library, Preservation information URL, Deposit policy directory, URL for deposit policy, identificadores_persistentes, cumple_oa_doaj, Continues, Continued By, codigos_lcc, subscribe_to_open, Mirror Journal, Open Journals Collective, materias, fecha_incorporacion_doaj, fecha_actualizacion_doaj, Last Full Review Date, num_articulos, fecha_ultimo_articulo, apc_monto, apc_moneda, editorial_rapida"
2390-0032,Escritos,escritos,131,imputado,150.0,True,"apc_monto, apc_moneda","issn_electronic, institucion_editora_2, institucion_editora_3, url_revista, url_doaj, When did the journal start to publish all content using an open license?, titulo_alternativo, issn_impreso, issn_electronico, palabras_clave, idiomas, editorial, pais_editorial, Other organisation, Country of other organisation, licencia, atributos_licencia, URL for license terms, cc_legible_maquina, autor_retiene_copyright, Copyright information URL, tipo_revision, Review process information URL, politica_plagio, URL for journal's aims & scope, URL for the Editorial Board page, URL for journal's instructions for authors, semanas_submission_publicacion, tiene_apc, APC information URL, politica_exencion, Waiver policy information URL, tiene_otros_cobros, Other fees information URL, servicios_preservacion, Preservation Service: national library, Preservation information URL, Deposit policy directory, URL for deposit policy, identificadores_persistentes, cumple_oa_doaj, Continues, Continued By, codigos_lcc, subscribe_to_open, Mirror Journal, Open Journals Collective, materias, fecha_incorporacion_doaj, fecha_actualizacion_doaj, Last Full Review Date, num_articulos, fecha_ultimo_articulo, apc_monto, apc_moneda, editorial_rapida"
2216-1368,Prospectiva,prospectiva,132,imputado,150.0,True,"apc_monto, apc_moneda","issn_electronic, institucion_editora_3, url_revista, url_doaj, When did the journal start to publish all content using an open license?, titulo_alternativo, issn_impreso, issn_electronico, palabras_clave, idiomas, editorial, pais_editorial, Other organisation, Country of other organisation, licencia, atributos_licencia, URL for license terms, cc_legible_maquina, autor_retiene_copyright, Copyright information URL, tipo_revision, Review process information URL, politica_plagio, URL for journal's aims & scope, URL for the Editorial Board page, URL for journal's instructions for authors, semanas_submission_publicacion, tiene_apc, APC information URL, politica_exencion, Waiver policy information URL, tiene_otros_cobros, Other fees information URL, servicios_preservacion, Preservation Service: national library, Preservation information URL, Deposit policy directory, URL for deposit policy, identificadores_persistentes, cumple_oa_doaj, Continues, Continued By, codigos_lcc, subscribe_to_open, Mirror Journal, Open Journals Collective, materias, fecha_incorporacion_doaj, fecha_actualizacion_doaj, Last Full Review Date, num_articulos, fecha_ultimo_articulo, apc_monto, apc_moneda, editorial_rapida"
1909-7700,Revista Med,med,133,imputado,150.0,True,"apc_monto, apc_moneda","issn_electronic, institucion_editora_2, institucion_editora_3, url_revista, url_doaj, When did the journal start to publish all content using an open license?, titulo_alternativo, issn_impreso, issn_electronico, palabras_clave, idiomas, editorial, pais_editorial, Other organisation, Country of other organisation, licencia, atributos_licencia, URL for license terms, cc_legible_maquina, autor_retiene_copyright, Copyright information URL, tipo_revision, Review process information URL, politica_plagio, URL for journal's aims & scope, URL for the Editorial Board page, URL for journal's instructions for authors, semanas_submission_publicacion, tiene_apc, APC information URL, politica_exencion, Waiver policy information URL, tiene_otros_cobros, Other fees information URL, servicios_preservacion, Preservation Service: national library, Preservation information URL, Deposit policy directory, URL for deposit policy, identificadores_persistentes, cumple_oa_doaj, Continues, Continued By, codigos_lcc, subscribe_to_open, Mirror Journal, Open Journals Collective, materias, fecha_incorporacion_doaj, fecha_actualizacion_doaj, Last Full Review Date, num_articulos, fecha_ultimo_articulo, apc_monto, apc_moneda, editorial_rapida"
2539-1208,Co-Herencia,co herencia,134,imputado,150.0,True,"apc_monto, apc_moneda","issn_electronic, institucion_editora_2, institucion_editora_3, url_revista, url_doaj, When did the journal start to publish all content using an open license?, titulo_alternativo, issn_impreso, issn_electronico, palabras_clave, idiomas, editorial, pais_editorial, Other organisation, Country of other organisation, licencia, atributos_licencia, URL for license terms, cc_legible_maquina, autor_retiene_copyright, Copyright information URL, tipo_revision, Review process information URL, politica_plagio, URL for journal's aims & scope, URL for the Editorial Board page, URL for journal's instructions for authors, semanas_submission_publicacion, tiene_apc, APC information URL, politica_exencion, Waiver policy information URL, tiene_otros_cobros, Other fees information URL, servicios_preservacion, Preservation Service: national library, Preservation information URL, Deposit policy directory, URL for deposit policy, identificadores_persistentes, cumple_oa_doaj, Continues, Continued By, codigos_lcc, subscribe_to_open, Mirror Journal, Open Journals Collective, materias, fecha_incorporacion_doaj, fecha_actualizacion_doaj, Last Full Review Date, num_articulos, fecha_ultimo_articulo, apc_monto, apc_moneda, editorial_rapida"
2145-4507,Revista Ciencias De La Salud,ciencias salud,135,imputado,150.0,True,"apc_monto, apc_moneda","issn_electronic, institucion_editora_1, institucion_editora_2, institucion_editora_3, url_revista, url_doaj, When did the journal start to publish all content using an open license?, titulo_alternativo, issn_impreso, issn_electronico, palabras_clave, idiomas, editorial, pais_editorial, Other organisation, Country of other organisation, licencia, atributos_licencia, URL for license terms, cc_legible_maquina, autor_retiene_copyright, Copyright information URL, tipo_revision, Review process information URL, politica_plagio, URL for journal's aims & scope, URL for the Editorial Board page, URL for journal's instructions for authors, semanas_submission_publicacion, tiene_apc, APC information URL, politica_exencion, Waiver policy information URL, tiene_otros_cobros, Other fees information URL, servicios_preservacion, Preservation Service: national library, Preservation information URL, Deposit policy directory, URL for deposit policy, identificadores_persistentes, cumple_oa_doaj, Continues, Continued By, codigos_lcc, subscribe_to_open, Mirror Journal, Open Journals Collective, materias, fecha_incorporacion_doaj, fecha_actualizacion_doaj, Last Full Review Date, num_articulos, fecha_ultimo_articulo, apc_monto, apc_moneda, editorial_rapida"
2256-5027,Revista Republicana,republicana,136,imputado,150.0,True,"apc_monto, apc_moneda","issn_electronic, institucion_editora_2, institucion_editora_3, url_revista, url_doaj, When did the journal start to publish all content using an open license?, titulo_alternativo, issn_impreso, issn_electronico, palabras_clave, idiomas, editorial, pais_editorial, Other organisation, Country of other organisation, licencia, atributos_licencia, URL for license terms, cc_legible_maquina, autor_retiene_copyright, Copyright information URL, tipo_revision, Review process information URL, politica_plagio, URL for journal's aims & scope, URL for the Editorial Board page, URL for journal's instructions for authors, semanas_submission_publicacion, tiene_apc, APC information URL, politica_exencion, Waiver policy information URL, tiene_otros_cobros, Other fees information URL, servicios_preservacion, Preservation Service: national library, Preservation information URL, Deposit policy directory, URL for deposit policy, identificadores_persistentes, cumple_oa_doaj, Continues, Continued By, codigos_lcc, subscribe_to_open, Mirror Journal, Open Journals Collective, materias, fecha_incorporacion_doaj, fecha_actualizacion_doaj, Last Full Review Date, num_articulos, fecha_ultimo_articulo, apc_monto, apc_moneda, editorial_rapida"
2145-8464,Salud Uis,salud uis,137,imputado,150.0,True,"apc_monto, apc_moneda","issn_electronic, codigo_dane, institucion_editora_2, institucion_editora_3, pais_iso, url_revista, url_doaj, When did the journal start to publish all content using an open license?, titulo_alternativo, issn_impreso, issn_electronico, palabras_clave, idiomas, editorial, pais_editorial, Other organisation, Country of other organisation, licencia, atributos_licencia, URL for license terms, cc_legible_maquina, autor_retiene_copyright, Copyright information URL, tipo_revision, Review process information URL, politica_plagio, URL for journal's aims & scope, URL for the Editorial Board page, URL for journal's instructions for authors, semanas_submission_publicacion, tiene_apc, APC information URL, politica_exencion, Waiver policy information URL, tiene_otros_cobros, Other fees information URL, servicios_preservacion, Preservation Service: national library, Preservation information URL, Deposit policy directory, URL for deposit policy, identificadores_persistentes, cumple_oa_doaj, Continues, Continued By, codigos_lcc, subscribe_to_open, Mirror Journal, Open Journals Collective, materias, fecha_incorporacion_doaj, fecha_actualizacion_doaj, Last Full Review Date, num_articulos, fecha_ultimo_articulo, apc_monto, apc_moneda, editorial_rapida"
2665-4814,Cs,cs,138,imputado,150.0,True,"apc_monto, apc_moneda","issn_electronic, institucion_editora_2, institucion_editora_3, url_revista, url_doaj, When did the journal start to publish all content using an open license?, titulo_alternativo, issn_impreso, issn_electronico, palabras_clave, idiomas, editorial, pais_editorial, Other organisation, Country of other organisation, licencia, atributos_licencia, URL for license terms, cc_legible_maquina, autor_retiene_copyright, Copyright information URL, tipo_revision, Review process information URL, politica_plagio, URL for journal's aims & scope, URL for the Editorial Board page, URL for journal's instructions for authors, semanas_submission_publicacion, tiene_apc, APC information URL, politica_exencion, Waiver policy information URL, tiene_otros_cobros, Other fees information URL, servicios_preservacion, Preservation Service: national library, Preservation information URL, Deposit policy directory, URL for deposit policy, identificadores_persistentes, cumple_oa_doaj, Continues, Continued By, codigos_lcc, subscribe_to_open, Mirror Journal, Open Journals Collective, materias, fecha_incorporacion_doaj, fecha_actualizacion_doaj, Last Full Review Date, num_articulos, fecha_ultimo_articulo, apc_monto, apc_moneda, editorial_rapida"
2389-7856,Praxis,praxis,139,imputado,150.0,True,"apc_monto, apc_moneda","issn_electronic, institucion_editora_2, institucion_editora_3, url_revista, url_doaj, When did the journal start to publish all content using an open license?, titulo_alternativo, issn_impreso, issn_electronico, palabras_clave, idiomas, editorial, pais_editorial, Other organisation, Country of other organisation, licencia, atributos_licencia, URL for license terms, cc_legible_maquina, autor_retiene_copyright, Copyright information URL, tipo_revision, Review process information URL, politica_plagio, URL for journal's aims & scope, URL for the Editorial Board page, URL for journal's instructions for authors, semanas_submission_publicacion, tiene_apc, APC information URL, politica_exencion, Waiver policy information URL, tiene_otros_cobros, Other fees information URL, servicios_preservacion, Preservation Service: national library, Preservation information URL, Deposit policy directory, URL for deposit policy, identificadores_persistentes, cumple_oa_doaj, Continues, Continued By, codigos_lcc, subscribe_to_open, Mirror Journal, Open Journals Collective, materias, fecha_incorporacion_doaj, fecha_actualizacion_doaj, Last Full Review Date, num_articulos, fecha_ultimo_articulo, apc_monto, apc_moneda, editorial_rapida"
2463-0950,Revista Eia,eia,140,imputado,150.0,True,"apc_monto, apc_moneda","issn_electronic, institucion_editora_2, institucion_editora_3, url_revista, url_doaj, When did the journal start to publish all content using an open license?, titulo_alternativo, issn_impreso, issn_electronico, palabras_clave, idiomas, editorial, pais_editorial, Other organisation, Country of other organisation, licencia, atributos_licencia, URL for license terms, cc_legible_maquina, autor_retiene_copyright, Copyright information URL, tipo_revision, Review process information URL, politica_plagio, URL for journal's aims & scope, URL for the Editorial Board page, URL for journal's instructions for authors, semanas_submission_publicacion, tiene_apc, APC information URL, politica_exencion, Waiver policy information URL, tiene_otros_cobros, Other fees information URL, servicios_preservacion, Preservation Service: national library, Preservation information URL, Deposit policy directory, URL for deposit policy, identificadores_persistentes, cumple_oa_doaj, Continues, Continued By, codigos_lcc, subscribe_to_open, Mirror Journal, Open Journals Collective, materias, fecha_incorporacion_doaj, fecha_actualizacion_doaj, Last Full Review Date, num_articulos, fecha_ultimo_articulo, apc_monto, apc_moneda, editorial_rapida"
0120-0534,Revista Latinoamericana De Psicología,latinoamericana psicologia,141,imputado,150.0,True,"apc_monto, apc_moneda","issn_electronic, issn_linking, institucion_editora_2, institucion_editora_3, url_revista, url_doaj, When did the journal start to publish all content using an open license?, titulo_alternativo, issn_impreso, issn_electronico, palabras_clave, idiomas, editorial, pais_editorial, Other organisation, Country of other organisation, licencia, atributos_licencia, URL for license terms, cc_legible_maquina, autor_retiene_copyright, Copyright information URL, tipo_revision, Review process information URL, politica_plagio, URL for journal's aims & scope, URL for the Editorial Board page, URL for journal's instructions for authors, semanas_submission_publicacion, tiene_apc, APC information URL, politica_exencion, Waiver policy information URL, tiene_otros_cobros, Other fees information URL, servicios_preservacion, Preservation Service: national library, Preservation information URL, Deposit policy directory, URL for deposit policy, identificadores_persistentes, cumple_oa_doaj, Continues, Continued By, codigos_lcc, subscribe_to_open, Mirror Journal, Open Journals Collective, materias, fecha_incorporacion_doaj, fecha_actualizacion_doaj, Last Full Review Date, num_articulos, fecha_ultimo_articulo, apc_monto, apc_moneda, editorial_rapida"
2539-472X,Revista Colombiana De Antropología,colombiana antropologia,142,imputado,150.0,True,"apc_monto, apc_moneda","issn_electronic, institucion_editora_2, institucion_editora_3, url_revista, url_doaj, When did the journal start to publish all content using an open license?, titulo_alternativo, issn_impreso, issn_electronico, palabras_clave, idiomas, editorial, pais_editorial, Other organisation, Country of other organisation, licencia, atributos_licencia, URL for license terms, cc_legible_maquina, autor_retiene_copyright, Copyright information URL, tipo_revision, Review process information URL, politica_plagio, URL for journal's aims & scope, URL for the Editorial Board page, URL for journal's instructions for authors, semanas_submission_publicacion, tiene_apc, APC information URL, politica_exencion, Waiver policy information URL, tiene_otros_cobros, Other fees information URL, servicios_preservacion, Preservation Service: national library, Preservation information URL, Deposit policy directory, URL for deposit policy, identificadores_persistentes, cumple_oa_doaj, Continues, Continued By, codigos_lcc, subscribe_to_open, Mirror Journal, Open Journals Collective, materias, fecha_incorporacion_doaj, fecha_actualizacion_doaj, Last Full Review Date, num_articulos, fecha_ultimo_articulo, apc_monto, apc_moneda, editorial_rapida"
1794-9920,Face Revista De La Facultad De Ciencias Economicas U De Pamplona,face facultad ciencias economicas u pamplona,143,imputado,150.0,True,"apc_monto, apc_moneda","issn_electronic, issn_linking, institucion_editora_2, institucion_editora_3, url_revista, url_doaj, When did the journal start to publish all content using an open license?, titulo_alternativo, issn_impreso, issn_electronico, palabras_clave, idiomas, editorial, pais_editorial, Other organisation, Country of other organisation, licencia, atributos_licencia, URL for license terms, cc_legible_maquina, autor_retiene_copyright, Copyright information URL, tipo_revision, Review process information URL, politica_plagio, URL for journal's aims & scope, URL for the Editorial Board page, URL for journal's instructions for authors, semanas_submission_publicacion, tiene_apc, APC information URL, politica_exencion, Waiver policy information URL, tiene_otros_cobros, Other fees information URL, servicios_preservacion, Preservation Service: national library, Preservation information URL, Deposit policy directory, URL for deposit policy, identificadores_persistentes, cumple_oa_doaj, Continues, Continued By, codigos_lcc, subscribe_to_open, Mirror Journal, Open Journals Collective, materias, fecha_incorporacion_doaj, fecha_actualizacion_doaj, Last Full Review Date, num_articulos, fecha_ultimo_articulo, apc_monto, apc_moneda, editorial_rapida"
2619-2551,Revista U.D.C.A. Actualidad & Divulgación Científica,u d c actualidad divulgacion cientifica,144,imputado,200.0,True,"apc_monto, apc_moneda","issn_electronic, institucion_editora_2, institucion_editora_3, url_revista, url_doaj, When did the journal start to publish all content using an open license?, titulo_alternativo, issn_impreso, issn_electronico, palabras_clave, idiomas, editorial, pais_editorial, Other organisation, Country of other organisation, licencia, atributos_licencia, URL for license terms, cc_legible_maquina, autor_retiene_copyright, Copyright information URL, tipo_revision, Review process information URL, politica_plagio, URL for journal's aims & scope, URL for the Editorial Board page, URL for journal's instructions for authors, semanas_submission_publicacion, tiene_apc, APC information URL, politica_exencion, Waiver policy information URL, tiene_otros_cobros, Other fees information URL, servicios_preservacion, Preservation Service: national library, Preservation information URL, Deposit policy directory, URL for deposit policy, identificadores_persistentes, cumple_oa_doaj, Continues, Continued By, codigos_lcc, subscribe_to_open, Mirror Journal, Open Journals Collective, materias, fecha_incorporacion_doaj, fecha_actualizacion_doaj, Last Full Review Date, num_articulos, fecha_ultimo_articulo, apc_monto, apc_moneda, editorial_rapida"
2462-859X,Revista Latinoamericana De Bioetica/Latinamerican Journal Of Bioethics,latinoamericana bioetica latinamerican bioethics,145,imputado,150.0,True,"apc_monto, apc_moneda","issn_electronic, institucion_editora_2, institucion_editora_3, url_revista, url_doaj, When did the journal start to publish all content using an open license?, titulo_alternativo, issn_impreso, issn_electronico, palabras_clave, idiomas, editorial, pais_editorial, Other organisation, Country of other organisation, licencia, atributos_licencia, URL for license terms, cc_legible_maquina, autor_retiene_copyright, Copyright information URL, tipo_revision, Review process information URL, politica_plagio, URL for journal's aims & scope, URL for the Editorial Board page, URL for journal's instructions for authors, semanas_submission_publicacion, tiene_apc, APC information URL, politica_exencion, Waiver policy information URL, tiene_otros_cobros, Other fees information URL, servicios_preservacion, Preservation Service: national library, Preservation information URL, Deposit policy directory, URL for deposit policy, identificadores_persistentes, cumple_oa_doaj, Continues, Continued By, codigos_lcc, subscribe_to_open, Mirror Journal, Open Journals Collective, materias, fecha_incorporacion_doaj, fecha_actualizacion_doaj, Last Full Review Date, num_articulos, fecha_ultimo_articulo, apc_monto, apc_moneda, editorial_rapida"
2011-2742,Tabula Rasa,tabula rasa,146,imputado,150.0,True,"apc_monto, apc_moneda","issn_electronic, institucion_editora_2, institucion_editora_3, url_revista, url_doaj, When did the journal start to publish all content using an open license?, titulo_alternativo, issn_impreso, issn_electronico, palabras_clave, idiomas, editorial, pais_editorial, Other organisation, Country of other organisation, licencia, atributos_licencia, URL for license terms, cc_legible_maquina, autor_retiene_copyright, Copyright information URL, tipo_revision, Review process information URL, politica_plagio, URL for journal's aims & scope, URL for the Editorial Board page, URL for journal's instructions for authors, semanas_submission_publicacion, tiene_apc, APC information URL, politica_exencion, Waiver policy information URL, tiene_otros_cobros, Other fees information URL, servicios_preservacion, Preservation Service: national library, Preservation information URL, Deposit policy directory, URL for deposit policy, identificadores_persistentes, cumple_oa_doaj, Continues, Continued By, codigos_lcc, subscribe_to_open, Mirror Journal, Open Journals Collective, materias, fecha_incorporacion_doaj, fecha_actualizacion_doaj, Last Full Review Date, num_articulos, fecha_ultimo_articulo, apc_monto, apc_moneda, editorial_rapida"
2382-4018,Collectivus. Revista de Ciencias Sociales,collectivus ciencias sociales,147,imputado,150.0,True,"apc_monto, apc_moneda","issn_electronic, institucion_editora_2, institucion_editora_3, titulo_alternativo, issn_impreso, Country of other organisation, atributos_licencia, cc_legible_maquina, Copyright information URL, Waiver policy information URL, servicios_preservacion, Preservation Service: national library, Preservation information URL, Deposit policy directory, URL for deposit policy, identificadores_persistentes, Continues, Continued By, apc_monto, apc_moneda"
2322-9675,Trashumante,trashumante,148,imputado,150.0,True,"apc_monto, apc_moneda","issn_electronic, institucion_editora_2, institucion_editora_3, url_revista, url_doaj, When did the journal start to publish all content using an open license?, titulo_alternativo, issn_impreso, issn_electronico, palabras_clave, idiomas, editorial, pais_editorial, Other organisation, Country of other organisation, licencia, atributos_licencia, URL for license terms, cc_legible_maquina, autor_retiene_copyright, Copyright information URL, tipo_revision, Review process information URL, politica_plagio, URL for journal's aims & scope, URL for the Editorial Board page, URL for journal's instructions for authors, semanas_submission_publicacion, tiene_apc, APC information URL, politica_exencion, Waiver policy information URL, tiene_otros_cobros, Other fees information URL, servicios_preservacion, Preservation Service: national library, Preservation information URL, Deposit policy directory, URL for deposit policy, identificadores_persistentes, cumple_oa_doaj, Continues, Continued By, codigos_lcc, subscribe_to_open, Mirror Journal, Open Journals Collective, materias, fecha_incorporacion_doaj, fecha_actualizacion_doaj, Last Full Review Date, num_articulos, fecha_ultimo_articulo, apc_monto, apc_moneda, editorial_rapida"
2389-7724,Cultura Educacion Y Sociedad,cultura educacion sociedad,149,imputado,150.0,True,"apc_monto, apc_moneda","issn_electronic, institucion_editora_2, institucion_editora_3, url_revista, url_doaj, When did the journal start to publish all content using an open license?, titulo_alternativo, issn_impreso, issn_electronico, palabras_clave, idiomas, editorial, pais_editorial, Other organisation, Country of other organisation, licencia, atributos_licencia, URL for license terms, cc_legible_maquina, autor_retiene_copyright, Copyright information URL, tipo_revision, Review process information URL, politica_plagio, URL for journal's aims & scope, URL for the Editorial Board page, URL for journal's instructions for authors, semanas_submission_publicacion, tiene_apc, APC information URL, politica_exencion, Waiver policy information URL, tiene_otros_cobros, Other fees information URL, servicios_preservacion, Preservation Service: national library, Preservation information URL, Deposit policy directory, URL for deposit policy, identificadores_persistentes, cumple_oa_doaj, Continues, Continued By, codigos_lcc, subscribe_to_open, Mirror Journal, Open Journals Collective, materias, fecha_incorporacion_doaj, fecha_actualizacion_doaj, Last Full Review Date, num_articulos, fecha_ultimo_articulo, apc_monto, apc_moneda, editorial_rapida"
2344-8350,Revista Científica,cientifica,150,imputado,150.0,True,"apc_monto, apc_moneda","issn_electronic, institucion_editora_2, institucion_editora_3, url_revista, url_doaj, When did the journal start to publish all content using an open license?, titulo_alternativo, issn_impreso, issn_electronico, palabras_clave, idiomas, editorial, pais_editorial, Other organisation, Country of other organisation, licencia, atributos_licencia, URL for license terms, cc_legible_maquina, autor_retiene_copyright, Copyright information URL, tipo_revision, Review process information URL, politica_plagio, URL for journal's aims & scope, URL for the Editorial Board page, URL for journal's instructions for authors, semanas_submission_publicacion, tiene_apc, APC information URL, politica_exencion, Waiver policy information URL, tiene_otros_cobros, Other fees information URL, servicios_preservacion, Preservation Service: national library, Preservation information URL, Deposit policy directory, URL for deposit policy, identificadores_persistentes, cumple_oa_doaj, Continues, Continued By, codigos_lcc, subscribe_to_open, Mirror Journal, Open Journals Collective, materias, fecha_incorporacion_doaj, fecha_actualizacion_doaj, Last Full Review Date, num_articulos, fecha_ultimo_articulo, apc_monto, apc_moneda, editorial_rapida"
2357-4100,Revista Colombiana De Matemáticas,colombiana matematicas,151,imputado,150.0,True,"apc_monto, apc_moneda","issn_electronic, institucion_editora_2, institucion_editora_3, url_revista, url_doaj, When did the journal start to publish all content using an open license?, titulo_alternativo, issn_impreso, issn_electronico, palabras_clave, idiomas, editorial, pais_editorial, Other organisation, Country of other organisation, licencia, atributos_licencia, URL for license terms, cc_legible_maquina, autor_retiene_copyright, Copyright information URL, tipo_revision, Review process information URL, politica_plagio, URL for journal's aims & scope, URL for the Editorial Board page, URL for journal's instructions for authors, semanas_submission_publicacion, tiene_apc, APC information URL, politica_exencion, Waiver policy information URL, tiene_otros_cobros, Other fees information URL, servicios_preservacion, Preservation Service: national library, Preservation information URL, Deposit policy directory, URL for deposit policy, identificadores_persistentes, cumple_oa_doaj, Continues, Continued By, codigos_lcc, subscribe_to_open, Mirror Journal, Open Journals Collective, materias, fecha_incorporacion_doaj, fecha_actualizacion_doaj, Last Full Review Date, num_articulos, fecha_ultimo_articulo, apc_monto, apc_moneda, editorial_rapida"
0120-5587,Lingüística Y Literatura,linguistica literatura,152,imputado,150.0,True,"apc_monto, apc_moneda","issn_electronic, issn_linking, institucion_editora_2, institucion_editora_3, url_revista, url_doaj, When did the journal start to publish all content using an open license?, titulo_alternativo, issn_impreso, issn_electronico, palabras_clave, idiomas, editorial, pais_editorial, Other organisation, Country of other organisation, licencia, atributos_licencia, URL for license terms, cc_legible_maquina, autor_retiene_copyright, Copyright information URL, tipo_revision, Review process information URL, politica_plagio, URL for journal's aims & scope, URL for the Editorial Board page, URL for journal's instructions for authors, semanas_submission_publicacion, tiene_apc, APC information URL, politica_exencion, Waiver policy information URL, tiene_otros_cobros, Other fees information URL, servicios_preservacion, Preservation Service: national library, Preservation information URL, Deposit policy directory, URL for deposit policy, identificadores_persistentes, cumple_oa_doaj, Continues, Continued By, codigos_lcc, subscribe_to_open, Mirror Journal, Open Journals Collective, materias, fecha_incorporacion_doaj, fecha_actualizacion_doaj, Last Full Review Date, num_articulos, fecha_ultimo_articulo, apc_monto, apc_moneda, editorial_rapida"
2346-1829,Cuadernos De Lingüística Hispánica,cuadernos linguistica hispanica,153,imputado,150.0,True,"apc_monto, apc_moneda","issn_electronic, institucion_editora_2, institucion_editora_3, url_revista, url_doaj, When did the journal start to publish all content using an open license?, titulo_alternativo, issn_impreso, issn_electronico, palabras_clave, idiomas, editorial, pais_editorial, Other organisation, Country of other organisation, licencia, atributos_licencia, URL for license terms, cc_legible_maquina, autor_retiene_copyright, Copyright information URL, tipo_revision, Review process information URL, politica_plagio, URL for journal's aims & scope, URL for the Editorial Board page, URL for journal's instructions for authors, semanas_submission_publicacion, tiene_apc, APC information URL, politica_exencion, Waiver policy information URL, tiene_otros_cobros, Other fees information URL, servicios_preservacion, Preservation Service: national library, Preservation information URL, Deposit policy directory, URL for deposit policy, identificadores_persistentes, cumple_oa_doaj, Continues, Continued By, codigos_lcc, subscribe_to_open, Mirror Journal, Open Journals Collective, materias, fecha_incorporacion_doaj, fecha_actualizacion_doaj, Last Full Review Date, num_articulos, fecha_ultimo_articulo, apc_monto, apc_moneda, editorial_rapida"
2462-9448,Nova: Publicación Científica En Ciencias Médicas,nova publicacion cientifica ciencias medicas,154,imputado,150.0,True,"apc_monto, apc_moneda","issn_electronic, codigo_dane, institucion_editora_3, pais_iso, url_revista, url_doaj, When did the journal start to publish all content using an open license?, titulo_alternativo, issn_impreso, issn_electronico, palabras_clave, idiomas, editorial, pais_editorial, Other organisation, Country of other organisation, licencia, atributos_licencia, URL for license terms, cc_legible_maquina, autor_retiene_copyright, Copyright information URL, tipo_revision, Review process information URL, politica_plagio, URL for journal's aims & scope, URL for the Editorial Board page, URL for journal's instructions for authors, semanas_submission_publicacion, tiene_apc, APC information URL, politica_exencion, Waiver policy information URL, tiene_otros_cobros, Other fees information URL, servicios_preservacion, Preservation Service: national library, Preservation information URL, Deposit policy directory, URL for deposit policy, identificadores_persistentes, cumple_oa_doaj, Continues, Continued By, codigos_lcc, subscribe_to_open, Mirror Journal, Open Journals Collective, materias, fecha_incorporacion_doaj, fecha_actualizacion_doaj, Last Full Review Date, num_articulos, fecha_ultimo_articulo, apc_monto, apc_moneda, editorial_rapida"
2344-8652,Investigación e Innovación en Ingenierías,investigacion e innovacion ingenierias,155,imputado,150.0,True,"apc_monto, apc_moneda","issn_electronic, institucion_editora_2, institucion_editora_3, titulo_alternativo, issn_impreso, Other organisation, Country of other organisation, atributos_licencia, Waiver policy information URL, Other fees information URL, servicios_preservacion, Preservation Service: national library, Preservation information URL, Deposit policy directory, URL for deposit policy, Continues, Continued By, apc_monto, apc_moneda"
2462-8425,Hacia La Promoción De La Salud,hacia promocion salud,156,imputado,150.0,True,"apc_monto, apc_moneda","issn_electronic, institucion_editora_2, institucion_editora_3, url_revista, url_doaj, When did the journal start to publish all content using an open license?, titulo_alternativo, issn_impreso, issn_electronico, palabras_clave, idiomas, editorial, pais_editorial, Other organisation, Country of other organisation, licencia, atributos_licencia, URL for license terms, cc_legible_maquina, autor_retiene_copyright, Copyright information URL, tipo_revision, Review process information URL, politica_plagio, URL for journal's aims & scope, URL for the Editorial Board page, URL for journal's instructions for authors, semanas_submission_publicacion, tiene_apc, APC information URL, politica_exencion, Waiver policy information URL, tiene_otros_cobros, Other fees information URL, servicios_preservacion, Preservation Service: national library, Preservation information URL, Deposit policy directory, URL for deposit policy, identificadores_persistentes, cumple_oa_doaj, Continues, Continued By, codigos_lcc, subscribe_to_open, Mirror Journal, Open Journals Collective, materias, fecha_incorporacion_doaj, fecha_actualizacion_doaj, Last Full Review Date, num_articulos, fecha_ultimo_articulo, apc_monto, apc_moneda, editorial_rapida"
2256-5485,Revista Colombiana De Sociología,colombiana sociologia,157,imputado,150.0,True,"apc_monto, apc_moneda","issn_electronic, institucion_editora_1, institucion_editora_2, institucion_editora_3, url_revista, url_doaj, When did the journal start to publish all content using an open license?, titulo_alternativo, issn_impreso, issn_electronico, palabras_clave, idiomas, editorial, pais_editorial, Other organisation, Country of other organisation, licencia, atributos_licencia, URL for license terms, cc_legible_maquina, autor_retiene_copyright, Copyright information URL, tipo_revision, Review process information URL, politica_plagio, URL for journal's aims & scope, URL for the Editorial Board page, URL for journal's instructions for authors, semanas_submission_publicacion, tiene_apc, APC information URL, politica_exencion, Waiver policy information URL, tiene_otros_cobros, Other fees information URL, servicios_preservacion, Preservation Service: national library, Preservation information URL, Deposit policy directory, URL for deposit policy, identificadores_persistentes, cumple_oa_doaj, Continues, Continued By, codigos_lcc, subscribe_to_open, Mirror Journal, Open Journals Collective, materias, fecha_incorporacion_doaj, fecha_actualizacion_doaj, Last Full Review Date, num_articulos, fecha_ultimo_articulo, apc_monto, apc_moneda, editorial_rapida"
2346-3864,La Palabra,palabra,158,imputado,150.0,True,"apc_monto, apc_moneda","issn_electronic, institucion_editora_2, institucion_editora_3, url_revista, url_doaj, When did the journal start to publish all content using an open license?, titulo_alternativo, issn_impreso, issn_electronico, palabras_clave, idiomas, editorial, pais_editorial, Other organisation, Country of other organisation, licencia, atributos_licencia, URL for license terms, cc_legible_maquina, autor_retiene_copyright, Copyright information URL, tipo_revision, Review process information URL, politica_plagio, URL for journal's aims & scope, URL for the Editorial Board page, URL for journal's instructions for authors, semanas_submission_publicacion, tiene_apc, APC information URL, politica_exencion, Waiver policy information URL, tiene_otros_cobros, Other fees information URL, servicios_preservacion, Preservation Service: national library, Preservation information URL, Deposit policy directory, URL for deposit policy, identificadores_persistentes, cumple_oa_doaj, Continues, Continued By, codigos_lcc, subscribe_to_open, Mirror Journal, Open Journals Collective, materias, fecha_incorporacion_doaj, fecha_actualizacion_doaj, Last Full Review Date, num_articulos, fecha_ultimo_articulo, apc_monto, apc_moneda, editorial_rapida"
2145-8456,Uis Ingenierías,uis ingenierias,159,imputado,150.0,True,"apc_monto, apc_moneda","issn_electronic, institucion_editora_2, institucion_editora_3, url_revista, url_doaj, When did the journal start to publish all content using an open license?, titulo_alternativo, issn_impreso, issn_electronico, palabras_clave, idiomas, editorial, pais_editorial, Other organisation, Country of other organisation, licencia, atributos_licencia, URL for license terms, cc_legible_maquina, autor_retiene_copyright, Copyright information URL, tipo_revision, Review process information URL, politica_plagio, URL for journal's aims & scope, URL for the Editorial Board page, URL for journal's instructions for authors, semanas_submission_publicacion, tiene_apc, APC information URL, politica_exencion, Waiver policy information URL, tiene_otros_cobros, Other fees information URL, servicios_preservacion, Preservation Service: national library, Preservation information URL, Deposit policy directory, URL for deposit policy, identificadores_persistentes, cumple_oa_doaj, Continues, Continued By, codigos_lcc, subscribe_to_open, Mirror Journal, Open Journals Collective, materias, fecha_incorporacion_doaj, fecha_actualizacion_doaj, Last Full Review Date, num_articulos, fecha_ultimo_articulo, apc_monto, apc_moneda, editorial_rapida"
2011-7485,Psicología Desde El Caribe,psicologia desde caribe,160,imputado,150.0,True,"apc_monto, apc_moneda","issn_electronic, codigo_dane, institucion_editora_2, institucion_editora_3, pais_iso, url_revista, url_doaj, When did the journal start to publish all content using an open license?, titulo_alternativo, issn_impreso, issn_electronico, palabras_clave, idiomas, editorial, pais_editorial, Other organisation, Country of other organisation, licencia, atributos_licencia, URL for license terms, cc_legible_maquina, autor_retiene_copyright, Copyright information URL, tipo_revision, Review process information URL, politica_plagio, URL for journal's aims & scope, URL for the Editorial Board page, URL for journal's instructions for authors, semanas_submission_publicacion, tiene_apc, APC information URL, politica_exencion, Waiver policy information URL, tiene_otros_cobros, Other fees information URL, servicios_preservacion, Preservation Service: national library, Preservation information URL, Deposit policy directory, URL for deposit policy, identificadores_persistentes, cumple_oa_doaj, Continues, Continued By, codigos_lcc, subscribe_to_open, Mirror Journal, Open Journals Collective, materias, fecha_incorporacion_doaj, fecha_actualizacion_doaj, Last Full Review Date, num_articulos, fecha_ultimo_articulo, apc_monto, apc_moneda, editorial_rapida"
2344-8393,Ingeniería,ingenieria,161,imputado,150.0,True,"apc_monto, apc_moneda","issn_electronic, institucion_editora_2, institucion_editora_3, url_revista, url_doaj, When did the journal start to publish all content using an open license?, titulo_alternativo, issn_impreso, issn_electronico, palabras_clave, idiomas, editorial, pais_editorial, Other organisation, Country of other organisation, licencia, atributos_licencia, URL for license terms, cc_legible_maquina, autor_retiene_copyright, Copyright information URL, tipo_revision, Review process information URL, politica_plagio, URL for journal's aims & scope, URL for the Editorial Board page, URL for journal's instructions for authors, semanas_submission_publicacion, tiene_apc, APC information URL, politica_exencion, Waiver policy information URL, tiene_otros_cobros, Other fees information URL, servicios_preservacion, Preservation Service: national library, Preservation information URL, Deposit policy directory, URL for deposit policy, identificadores_persistentes, cumple_oa_doaj, Continues, Continued By, codigos_lcc, subscribe_to_open, Mirror Journal, Open Journals Collective, materias, fecha_incorporacion_doaj, fecha_actualizacion_doaj, Last Full Review Date, num_articulos, fecha_ultimo_articulo, apc_monto, apc_moneda, editorial_rapida"
2745-1402,Revista Pensamiento Americano,pensamiento americano,162,imputado,150.0,True,"apc_monto, apc_moneda","issn_electronic, institucion_editora_2, institucion_editora_3, titulo_alternativo, issn_impreso, Other organisation, Country of other organisation, atributos_licencia, Waiver policy information URL, Other fees information URL, servicios_preservacion, Preservation Service: national library, Preservation information URL, Deposit policy directory, URL for deposit policy, Continues, Continued By, apc_monto, apc_moneda"
2389-8526,Revista De Medicina Veterinaria,medicina veterinaria,163,imputado,200.0,True,"apc_monto, apc_moneda","issn_electronic, institucion_editora_2, institucion_editora_3, url_revista, url_doaj, When did the journal start to publish all content using an open license?, titulo_alternativo, issn_impreso, issn_electronico, palabras_clave, idiomas, editorial, pais_editorial, Other organisation, Country of other organisation, licencia, atributos_licencia, URL for license terms, cc_legible_maquina, autor_retiene_copyright, Copyright information URL, tipo_revision, Review process information URL, politica_plagio, URL for journal's aims & scope, URL for the Editorial Board page, URL for journal's instructions for authors, semanas_submission_publicacion, tiene_apc, APC information URL, politica_exencion, Waiver policy information URL, tiene_otros_cobros, Other fees information URL, servicios_preservacion, Preservation Service: national library, Preservation information URL, Deposit policy directory, URL for deposit policy, identificadores_persistentes, cumple_oa_doaj, Continues, Continued By, codigos_lcc, subscribe_to_open, Mirror Journal, Open Journals Collective, materias, fecha_incorporacion_doaj, fecha_actualizacion_doaj, Last Full Review Date, num_articulos, fecha_ultimo_articulo, apc_monto, apc_moneda, editorial_rapida"
2619-3752,Verba Iuris,verba iuris,164,imputado,150.0,True,"apc_monto, apc_moneda","issn_electronic, institucion_editora_2, institucion_editora_3, url_revista, url_doaj, When did the journal start to publish all content using an open license?, titulo_alternativo, issn_impreso, issn_electronico, palabras_clave, idiomas, editorial, pais_editorial, Other organisation, Country of other organisation, licencia, atributos_licencia, URL for license terms, cc_legible_maquina, autor_retiene_copyright, Copyright information URL, tipo_revision, Review process information URL, politica_plagio, URL for journal's aims & scope, URL for the Editorial Board page, URL for journal's instructions for authors, semanas_submission_publicacion, tiene_apc, APC information URL, politica_exencion, Waiver policy information URL, tiene_otros_cobros, Other fees information URL, servicios_preservacion, Preservation Service: national library, Preservation information URL, Deposit policy directory, URL for deposit policy, identificadores_persistentes, cumple_oa_doaj, Continues, Continued By, codigos_lcc, subscribe_to_open, Mirror Journal, Open Journals Collective, materias, fecha_incorporacion_doaj, fecha_actualizacion_doaj, Last Full Review Date, num_articulos, fecha_ultimo_articulo, apc_monto, apc_moneda, editorial_rapida"
0120-2146,Folios,folios,165,imputado,150.0,True,"apc_monto, apc_moneda","issn_electronic, institucion_editora_2, institucion_editora_3, url_revista, url_doaj, When did the journal start to publish all content using an open license?, titulo_alternativo, issn_impreso, issn_electronico, palabras_clave, idiomas, editorial, pais_editorial, Other organisation, Country of other organisation, licencia, atributos_licencia, URL for license terms, cc_legible_maquina, autor_retiene_copyright, Copyright information URL, tipo_revision, Review process information URL, politica_plagio, URL for journal's aims & scope, URL for the Editorial Board page, URL for journal's instructions for authors, semanas_submission_publicacion, tiene_apc, APC information URL, politica_exencion, Waiver policy information URL, tiene_otros_cobros, Other fees information URL, servicios_preservacion, Preservation Service: national library, Preservation information URL, Deposit policy directory, URL for deposit policy, identificadores_persistentes, cumple_oa_doaj, Continues, Continued By, codigos_lcc, subscribe_to_open, Mirror Journal, Open Journals Collective, materias, fecha_incorporacion_doaj, fecha_actualizacion_doaj, Last Full Review Date, num_articulos, fecha_ultimo_articulo, apc_monto, apc_moneda, editorial_rapida"
2463-0470,Panorama Económico,panorama economico,166,imputado,150.0,True,"apc_monto, apc_moneda","issn_electronic, institucion_editora_2, institucion_editora_3, url_revista, url_doaj, When did the journal start to publish all content using an open license?, titulo_alternativo, issn_impreso, issn_electronico, palabras_clave, idiomas, editorial, pais_editorial, Other organisation, Country of other organisation, licencia, atributos_licencia, URL for license terms, cc_legible_maquina, autor_retiene_copyright, Copyright information URL, tipo_revision, Review process information URL, politica_plagio, URL for journal's aims & scope, URL for the Editorial Board page, URL for journal's instructions for authors, semanas_submission_publicacion, tiene_apc, APC information URL, politica_exencion, Waiver policy information URL, tiene_otros_cobros, Other fees information URL, servicios_preservacion, Preservation Service: national library, Preservation information URL, Deposit policy directory, URL for deposit policy, identificadores_persistentes, cumple_oa_doaj, Continues, Continued By, codigos_lcc, subscribe_to_open, Mirror Journal, Open Journals Collective, materias, fecha_incorporacion_doaj, fecha_actualizacion_doaj, Last Full Review Date, num_articulos, fecha_ultimo_articulo, apc_monto, apc_moneda, editorial_rapida"
2248-6941,Ánfora,anfora,167,imputado,150.0,True,"apc_monto, apc_moneda","issn_electronic, institucion_editora_2, institucion_editora_3, url_revista, url_doaj, When did the journal start to publish all content using an open license?, titulo_alternativo, issn_impreso, issn_electronico, palabras_clave, idiomas, editorial, pais_editorial, Other organisation, Country of other organisation, licencia, atributos_licencia, URL for license terms, cc_legible_maquina, autor_retiene_copyright, Copyright information URL, tipo_revision, Review process information URL, politica_plagio, URL for journal's aims & scope, URL for the Editorial Board page, URL for journal's instructions for authors, semanas_submission_publicacion, tiene_apc, APC information URL, politica_exencion, Waiver policy information URL, tiene_otros_cobros, Other fees information URL, servicios_preservacion, Preservation Service: national library, Preservation information URL, Deposit policy directory, URL for deposit policy, identificadores_persistentes, cumple_oa_doaj, Continues, Continued By, codigos_lcc, subscribe_to_open, Mirror Journal, Open Journals Collective, materias, fecha_incorporacion_doaj, fecha_actualizacion_doaj, Last Full Review Date, num_articulos, fecha_ultimo_articulo, apc_monto, apc_moneda, editorial_rapida"
2256-5337,Tecno Lógicas,tecno logicas,168,imputado,150.0,True,"apc_monto, apc_moneda","issn_electronic, institucion_editora_2, institucion_editora_3, url_revista, url_doaj, When did the journal start to publish all content using an open license?, titulo_alternativo, issn_impreso, issn_electronico, palabras_clave, idiomas, editorial, pais_editorial, Other organisation, Country of other organisation, licencia, atributos_licencia, URL for license terms, cc_legible_maquina, autor_retiene_copyright, Copyright information URL, tipo_revision, Review process information URL, politica_plagio, URL for journal's aims & scope, URL for the Editorial Board page, URL for journal's instructions for authors, semanas_submission_publicacion, tiene_apc, APC information URL, politica_exencion, Waiver policy information URL, tiene_otros_cobros, Other fees information URL, servicios_preservacion, Preservation Service: national library, Preservation information URL, Deposit policy directory, URL for deposit policy, identificadores_persistentes, cumple_oa_doaj, Continues, Continued By, codigos_lcc, subscribe_to_open, Mirror Journal, Open Journals Collective, materias, fecha_incorporacion_doaj, fecha_actualizacion_doaj, Last Full Review Date, num_articulos, fecha_ultimo_articulo, apc_monto, apc_moneda, editorial_rapida"
2500-5308,Revista Corpoica,corpoica,169,imputado,200.0,True,"apc_monto, apc_moneda","issn_electronic, institucion_editora_2, institucion_editora_3, titulo_alternativo, issn_impreso, Other organisation, Country of other organisation, atributos_licencia, Waiver policy information URL, Other fees information URL, Preservation Service: national library, Deposit policy directory, URL for deposit policy, Continues, Continued By, apc_monto, apc_moneda"
2500-8684,Perspectiva Geográfica,perspectiva geografica,170,imputado,150.0,True,"apc_monto, apc_moneda","issn_electronic, institucion_editora_3, url_revista, url_doaj, When did the journal start to publish all content using an open license?, titulo_alternativo, issn_impreso, issn_electronico, palabras_clave, idiomas, editorial, pais_editorial, Other organisation, Country of other organisation, licencia, atributos_licencia, URL for license terms, cc_legible_maquina, autor_retiene_copyright, Copyright information URL, tipo_revision, Review process information URL, politica_plagio, URL for journal's aims & scope, URL for the Editorial Board page, URL for journal's instructions for authors, semanas_submission_publicacion, tiene_apc, APC information URL, politica_exencion, Waiver policy information URL, tiene_otros_cobros, Other fees information URL, servicios_preservacion, Preservation Service: national library, Preservation information URL, Deposit policy directory, URL for deposit policy, identificadores_persistentes, cumple_oa_doaj, Continues, Continued By, codigos_lcc, subscribe_to_open, Mirror Journal, Open Journals Collective, materias, fecha_incorporacion_doaj, fecha_actualizacion_doaj, Last Full Review Date, num_articulos, fecha_ultimo_articulo, apc_monto, apc_moneda, editorial_rapida"
2462-8441,"(Pensamiento), (Palabra) Y Obra",pensamiento palabra obra,171,imputado,150.0,True,"apc_monto, apc_moneda","issn_electronic, institucion_editora_2, institucion_editora_3, url_revista, url_doaj, When did the journal start to publish all content using an open license?, titulo_alternativo, issn_impreso, issn_electronico, palabras_clave, idiomas, editorial, pais_editorial, Other organisation, Country of other organisation, licencia, atributos_licencia, URL for license terms, cc_legible_maquina, autor_retiene_copyright, Copyright information URL, tipo_revision, Review process information URL, politica_plagio, URL for journal's aims & scope, URL for the Editorial Board page, URL for journal's instructions for authors, semanas_submission_publicacion, tiene_apc, APC information URL, politica_exencion, Waiver policy information URL, tiene_otros_cobros, Other fees information URL, servicios_preservacion, Preservation Service: national library, Preservation information URL, Deposit policy directory, URL for deposit policy, identificadores_persistentes, cumple_oa_doaj, Continues, Continued By, codigos_lcc, subscribe_to_open, Mirror Journal, Open Journals Collective, materias, fecha_incorporacion_doaj, fecha_actualizacion_doaj, Last Full Review Date, num_articulos, fecha_ultimo_articulo, apc_monto, apc_moneda, editorial_rapida"
2389-7848,Clio América,clio america,172,imputado,150.0,True,"apc_monto, apc_moneda","issn_electronic, institucion_editora_2, institucion_editora_3, url_revista, url_doaj, When did the journal start to publish all content using an open license?, titulo_alternativo, issn_impreso, issn_electronico, palabras_clave, idiomas, editorial, pais_editorial, Other organisation, Country of other organisation, licencia, atributos_licencia, URL for license terms, cc_legible_maquina, autor_retiene_copyright, Copyright information URL, tipo_revision, Review process information URL, politica_plagio, URL for journal's aims & scope, URL for the Editorial Board page, URL for journal's instructions for authors, semanas_submission_publicacion, tiene_apc, APC information URL, politica_exencion, Waiver policy information URL, tiene_otros_cobros, Other fees information URL, servicios_preservacion, Preservation Service: national library, Preservation information URL, Deposit policy directory, URL for deposit policy, identificadores_persistentes, cumple_oa_doaj, Continues, Continued By, codigos_lcc, subscribe_to_open, Mirror Journal, Open Journals Collective, materias, fecha_incorporacion_doaj, fecha_actualizacion_doaj, Last Full Review Date, num_articulos, fecha_ultimo_articulo, apc_monto, apc_moneda, editorial_rapida"
2011-3668,Ideas Y Valores,ideas valores,173,imputado,150.0,True,"apc_monto, apc_moneda","issn_electronic, institucion_editora_2, institucion_editora_3, url_revista, url_doaj, When did the journal start to publish all content using an open license?, titulo_alternativo, issn_impreso, issn_electronico, palabras_clave, idiomas, editorial, pais_editorial, Other organisation, Country of other organisation, licencia, atributos_licencia, URL for license terms, cc_legible_maquina, autor_retiene_copyright, Copyright information URL, tipo_revision, Review process information URL, politica_plagio, URL for journal's aims & scope, URL for the Editorial Board page, URL for journal's instructions for authors, semanas_submission_publicacion, tiene_apc, APC information URL, politica_exencion, Waiver policy information URL, tiene_otros_cobros, Other fees information URL, servicios_preservacion, Preservation Service: national library, Preservation information URL, Deposit policy directory, URL for deposit policy, identificadores_persistentes, cumple_oa_doaj, Continues, Continued By, codigos_lcc, subscribe_to_open, Mirror Journal, Open Journals Collective, materias, fecha_incorporacion_doaj, fecha_actualizacion_doaj, Last Full Review Date, num_articulos, fecha_ultimo_articulo, apc_monto, apc_moneda, editorial_rapida"
2145-132X,Historelo : Revista De Historia Regional Y Local,historelo historia regional local,174,imputado,150.0,True,"apc_monto, apc_moneda","issn_electronic, institucion_editora_2, institucion_editora_3, issn_impreso, Other organisation, Country of other organisation, atributos_licencia, cc_legible_maquina, Waiver policy information URL, Other fees information URL, servicios_preservacion, Preservation Service: national library, Preservation information URL, Deposit policy directory, URL for deposit policy, Continues, Continued By, apc_monto, apc_moneda"
2256-3202,Revista Guillermo De Ockman,guillermo ockman,175,imputado,150.0,True,"apc_monto, apc_moneda","issn_electronic, institucion_editora_2, institucion_editora_3, url_revista, url_doaj, When did the journal start to publish all content using an open license?, titulo_alternativo, issn_impreso, issn_electronico, palabras_clave, idiomas, editorial, pais_editorial, Other organisation, Country of other organisation, licencia, atributos_licencia, URL for license terms, cc_legible_maquina, autor_retiene_copyright, Copyright information URL, tipo_revision, Review process information URL, politica_plagio, URL for journal's aims & scope, URL for the Editorial Board page, URL for journal's instructions for authors, semanas_submission_publicacion, tiene_apc, APC information URL, politica_exencion, Waiver policy information URL, tiene_otros_cobros, Other fees information URL, servicios_preservacion, Preservation Service: national library, Preservation information URL, Deposit policy directory, URL for deposit policy, identificadores_persistentes, cumple_oa_doaj, Continues, Continued By, codigos_lcc, subscribe_to_open, Mirror Journal, Open Journals Collective, materias, fecha_incorporacion_doaj, fecha_actualizacion_doaj, Last Full Review Date, num_articulos, fecha_ultimo_articulo, apc_monto, apc_moneda, editorial_rapida"
2389-9417,"Revista De Investigacion, Desarrollo E Innovacion",investigacion desarrollo e innovacion,176,imputado,150.0,True,"apc_monto, apc_moneda","issn_electronic, institucion_editora_2, institucion_editora_3, url_revista, url_doaj, When did the journal start to publish all content using an open license?, titulo_alternativo, issn_impreso, issn_electronico, palabras_clave, idiomas, editorial, pais_editorial, Other organisation, Country of other organisation, licencia, atributos_licencia, URL for license terms, cc_legible_maquina, autor_retiene_copyright, Copyright information URL, tipo_revision, Review process information URL, politica_plagio, URL for journal's aims & scope, URL for the Editorial Board page, URL for journal's instructions for authors, semanas_submission_publicacion, tiene_apc, APC information URL, politica_exencion, Waiver policy information URL, tiene_otros_cobros, Other fees information URL, servicios_preservacion, Preservation Service: national library, Preservation information URL, Deposit policy directory, URL for deposit policy, identificadores_persistentes, cumple_oa_doaj, Continues, Continued By, codigos_lcc, subscribe_to_open, Mirror Journal, Open Journals Collective, materias, fecha_incorporacion_doaj, fecha_actualizacion_doaj, Last Full Review Date, num_articulos, fecha_ultimo_articulo, apc_monto, apc_moneda, editorial_rapida"
2500-6177,Revista Gerencia Y Políticas De Salud,gerencia politicas salud,177,imputado,150.0,True,"apc_monto, apc_moneda","issn_electronic, institucion_editora_2, institucion_editora_3, url_revista, url_doaj, When did the journal start to publish all content using an open license?, titulo_alternativo, issn_impreso, issn_electronico, palabras_clave, idiomas, editorial, pais_editorial, Other organisation, Country of other organisation, licencia, atributos_licencia, URL for license terms, cc_legible_maquina, autor_retiene_copyright, Copyright information URL, tipo_revision, Review process information URL, politica_plagio, URL for journal's aims & scope, URL for the Editorial Board page, URL for journal's instructions for authors, semanas_submission_publicacion, tiene_apc, APC information URL, politica_exencion, Waiver policy information URL, tiene_otros_cobros, Other fees information URL, servicios_preservacion, Preservation Service: national library, Preservation information URL, Deposit policy directory, URL for deposit policy, identificadores_persistentes, cumple_oa_doaj, Continues, Continued By, codigos_lcc, subscribe_to_open, Mirror Journal, Open Journals Collective, materias, fecha_incorporacion_doaj, fecha_actualizacion_doaj, Last Full Review Date, num_articulos, fecha_ultimo_articulo, apc_monto, apc_moneda, editorial_rapida"
2248-4094,Revista Ingenierías Universidad De Medellín,ingenierias universidad medellin,178,imputado,150.0,True,"apc_monto, apc_moneda","issn_electronic, institucion_editora_2, institucion_editora_3, url_revista, url_doaj, When did the journal start to publish all content using an open license?, titulo_alternativo, issn_impreso, issn_electronico, palabras_clave, idiomas, editorial, pais_editorial, Other organisation, Country of other organisation, licencia, atributos_licencia, URL for license terms, cc_legible_maquina, autor_retiene_copyright, Copyright information URL, tipo_revision, Review process information URL, politica_plagio, URL for journal's aims & scope, URL for the Editorial Board page, URL for journal's instructions for authors, semanas_submission_publicacion, tiene_apc, APC information URL, politica_exencion, Waiver policy information URL, tiene_otros_cobros, Other fees information URL, servicios_preservacion, Preservation Service: national library, Preservation information URL, Deposit policy directory, URL for deposit policy, identificadores_persistentes, cumple_oa_doaj, Continues, Continued By, codigos_lcc, subscribe_to_open, Mirror Journal, Open Journals Collective, materias, fecha_incorporacion_doaj, fecha_actualizacion_doaj, Last Full Review Date, num_articulos, fecha_ultimo_articulo, apc_monto, apc_moneda, editorial_rapida"
2323-0118,Acta Agronómica,acta agronomica,179,imputado,150.0,True,"apc_monto, apc_moneda","issn_electronic, institucion_editora_2, institucion_editora_3, url_revista, url_doaj, When did the journal start to publish all content using an open license?, titulo_alternativo, issn_impreso, issn_electronico, palabras_clave, idiomas, editorial, pais_editorial, Other organisation, Country of other organisation, licencia, atributos_licencia, URL for license terms, cc_legible_maquina, autor_retiene_copyright, Copyright information URL, tipo_revision, Review process information URL, politica_plagio, URL for journal's aims & scope, URL for the Editorial Board page, URL for journal's instructions for authors, semanas_submission_publicacion, tiene_apc, APC information URL, politica_exencion, Waiver policy information URL, tiene_otros_cobros, Other fees information URL, servicios_preservacion, Preservation Service: national library, Preservation information URL, Deposit policy directory, URL for deposit policy, identificadores_persistentes, cumple_oa_doaj, Continues, Continued By, codigos_lcc, subscribe_to_open, Mirror Journal, Open Journals Collective, materias, fecha_incorporacion_doaj, fecha_actualizacion_doaj, Last Full Review Date, num_articulos, fecha_ultimo_articulo, apc_monto, apc_moneda, editorial_rapida"
2248-4078,Opinión Jurídica,opinion juridica,180,imputado,150.0,True,"apc_monto, apc_moneda","issn_electronic, institucion_editora_2, institucion_editora_3, url_revista, url_doaj, When did the journal start to publish all content using an open license?, titulo_alternativo, issn_impreso, issn_electronico, palabras_clave, idiomas, editorial, pais_editorial, Other organisation, Country of other organisation, licencia, atributos_licencia, URL for license terms, cc_legible_maquina, autor_retiene_copyright, Copyright information URL, tipo_revision, Review process information URL, politica_plagio, URL for journal's aims & scope, URL for the Editorial Board page, URL for journal's instructions for authors, semanas_submission_publicacion, tiene_apc, APC information URL, politica_exencion, Waiver policy information URL, tiene_otros_cobros, Other fees information URL, servicios_preservacion, Preservation Service: national library, Preservation information URL, Deposit policy directory, URL for deposit policy, identificadores_persistentes, cumple_oa_doaj, Continues, Continued By, codigos_lcc, subscribe_to_open, Mirror Journal, Open Journals Collective, materias, fecha_incorporacion_doaj, fecha_actualizacion_doaj, Last Full Review Date, num_articulos, fecha_ultimo_articulo, apc_monto, apc_moneda, editorial_rapida"
2390-0016,Revista Facultad De Derecho Y Ciencias Políticas,facultad derecho ciencias politicas,181,imputado,150.0,True,"apc_monto, apc_moneda","issn_electronic, institucion_editora_2, institucion_editora_3, url_revista, url_doaj, When did the journal start to publish all content using an open license?, titulo_alternativo, issn_impreso, issn_electronico, palabras_clave, idiomas, editorial, pais_editorial, Other organisation, Country of other organisation, licencia, atributos_licencia, URL for license terms, cc_legible_maquina, autor_retiene_copyright, Copyright information URL, tipo_revision, Review process information URL, politica_plagio, URL for journal's aims & scope, URL for the Editorial Board page, URL for journal's instructions for authors, semanas_submission_publicacion, tiene_apc, APC information URL, politica_exencion, Waiver policy information URL, tiene_otros_cobros, Other fees information URL, servicios_preservacion, Preservation Service: national library, Preservation information URL, Deposit policy directory, URL for deposit policy, identificadores_persistentes, cumple_oa_doaj, Continues, Continued By, codigos_lcc, subscribe_to_open, Mirror Journal, Open Journals Collective, materias, fecha_incorporacion_doaj, fecha_actualizacion_doaj, Last Full Review Date, num_articulos, fecha_ultimo_articulo, apc_monto, apc_moneda, editorial_rapida"
2215-7360,Aglala,aglala,182,imputado,150.0,True,"apc_monto, apc_moneda","issn_electronic, institucion_editora_2, institucion_editora_3, url_revista, url_doaj, When did the journal start to publish all content using an open license?, titulo_alternativo, issn_impreso, issn_electronico, palabras_clave, idiomas, editorial, pais_editorial, Other organisation, Country of other organisation, licencia, atributos_licencia, URL for license terms, cc_legible_maquina, autor_retiene_copyright, Copyright information URL, tipo_revision, Review process information URL, politica_plagio, URL for journal's aims & scope, URL for the Editorial Board page, URL for journal's instructions for authors, semanas_submission_publicacion, tiene_apc, APC information URL, politica_exencion, Waiver policy information URL, tiene_otros_cobros, Other fees information URL, servicios_preservacion, Preservation Service: national library, Preservation information URL, Deposit policy directory, URL for deposit policy, identificadores_persistentes, cumple_oa_doaj, Continues, Continued By, codigos_lcc, subscribe_to_open, Mirror Journal, Open Journals Collective, materias, fecha_incorporacion_doaj, fecha_actualizacion_doaj, Last Full Review Date, num_articulos, fecha_ultimo_articulo, apc_monto, apc_moneda, editorial_rapida"
1909-8758,Revista Colombiana De Biotecnología,colombiana biotecnologia,183,imputado,200.0,True,"apc_monto, apc_moneda","issn_electronic, institucion_editora_2, institucion_editora_3, url_revista, url_doaj, When did the journal start to publish all content using an open license?, titulo_alternativo, issn_impreso, issn_electronico, palabras_clave, idiomas, editorial, pais_editorial, Other organisation, Country of other organisation, licencia, atributos_licencia, URL for license terms, cc_legible_maquina, autor_retiene_copyright, Copyright information URL, tipo_revision, Review process information URL, politica_plagio, URL for journal's aims & scope, URL for the Editorial Board page, URL for journal's instructions for authors, semanas_submission_publicacion, tiene_apc, APC information URL, politica_exencion, Waiver policy information URL, tiene_otros_cobros, Other fees information URL, servicios_preservacion, Preservation Service: national library, Preservation information URL, Deposit policy directory, URL for deposit policy, identificadores_persistentes, cumple_oa_doaj, Continues, Continued By, codigos_lcc, subscribe_to_open, Mirror Journal, Open Journals Collective, materias, fecha_incorporacion_doaj, fecha_actualizacion_doaj, Last Full Review Date, num_articulos, fecha_ultimo_articulo, apc_monto, apc_moneda, editorial_rapida"
2256-5531,Revista Criminalidad,criminalidad,184,imputado,150.0,True,"apc_monto, apc_moneda","issn_electronic, institucion_editora_2, institucion_editora_3, url_revista, url_doaj, When did the journal start to publish all content using an open license?, titulo_alternativo, issn_impreso, issn_electronico, palabras_clave, idiomas, editorial, pais_editorial, Other organisation, Country of other organisation, licencia, atributos_licencia, URL for license terms, cc_legible_maquina, autor_retiene_copyright, Copyright information URL, tipo_revision, Review process information URL, politica_plagio, URL for journal's aims & scope, URL for the Editorial Board page, URL for journal's instructions for authors, semanas_submission_publicacion, tiene_apc, APC information URL, politica_exencion, Waiver policy information URL, tiene_otros_cobros, Other fees information URL, servicios_preservacion, Preservation Service: national library, Preservation information URL, Deposit policy directory, URL for deposit policy, identificadores_persistentes, cumple_oa_doaj, Continues, Continued By, codigos_lcc, subscribe_to_open, Mirror Journal, Open Journals Collective, materias, fecha_incorporacion_doaj, fecha_actualizacion_doaj, Last Full Review Date, num_articulos, fecha_ultimo_articulo, apc_monto, apc_moneda, editorial_rapida"
0121-3784,Livestock Research For Rural Development,livestock rural development,185,imputado,200.0,True,"apc_monto, apc_moneda","issn_electronic, issn_linking, institucion_editora_1, institucion_editora_2, institucion_editora_3, url_revista, url_doaj, When did the journal start to publish all content using an open license?, titulo_alternativo, issn_impreso, issn_electronico, palabras_clave, idiomas, editorial, pais_editorial, Other organisation, Country of other organisation, licencia, atributos_licencia, URL for license terms, cc_legible_maquina, autor_retiene_copyright, Copyright information URL, tipo_revision, Review process information URL, politica_plagio, URL for journal's aims & scope, URL for the Editorial Board page, URL for journal's instructions for authors, semanas_submission_publicacion, tiene_apc, APC information URL, politica_exencion, Waiver policy information URL, tiene_otros_cobros, Other fees information URL, servicios_preservacion, Preservation Service: national library, Preservation information URL, Deposit policy directory, URL for deposit policy, identificadores_persistentes, cumple_oa_doaj, Continues, Continued By, codigos_lcc, subscribe_to_open, Mirror Journal, Open Journals Collective, materias, fecha_incorporacion_doaj, fecha_actualizacion_doaj, Last Full Review Date, num_articulos, fecha_ultimo_articulo, apc_monto, apc_moneda, editorial_rapida"
2145-9797,Suma Psicológica,suma psicologica,186,imputado,150.0,True,"apc_monto, apc_moneda","issn_electronic, institucion_editora_2, institucion_editora_3, url_revista, url_doaj, When did the journal start to publish all content using an open license?, titulo_alternativo, issn_impreso, issn_electronico, palabras_clave, idiomas, editorial, pais_editorial, Other organisation, Country of other organisation, licencia, atributos_licencia, URL for license terms, cc_legible_maquina, autor_retiene_copyright, Copyright information URL, tipo_revision, Review process information URL, politica_plagio, URL for journal's aims & scope, URL for the Editorial Board page, URL for journal's instructions for authors, semanas_submission_publicacion, tiene_apc, APC information URL, politica_exencion, Waiver policy information URL, tiene_otros_cobros, Other fees information URL, servicios_preservacion, Preservation Service: national library, Preservation information URL, Deposit policy directory, URL for deposit policy, identificadores_persistentes, cumple_oa_doaj, Continues, Continued By, codigos_lcc, subscribe_to_open, Mirror Journal, Open Journals Collective, materias, fecha_incorporacion_doaj, fecha_actualizacion_doaj, Last Full Review Date, num_articulos, fecha_ultimo_articulo, apc_monto, apc_moneda, editorial_rapida"
2389-993X,Prospectiva,prospectiva,187,imputado,150.0,True,"apc_monto, apc_moneda","issn_electronic, institucion_editora_2, institucion_editora_3, url_revista, url_doaj, When did the journal start to publish all content using an open license?, titulo_alternativo, issn_impreso, issn_electronico, palabras_clave, idiomas, editorial, pais_editorial, Other organisation, Country of other organisation, licencia, atributos_licencia, URL for license terms, cc_legible_maquina, autor_retiene_copyright, Copyright information URL, tipo_revision, Review process information URL, politica_plagio, URL for journal's aims & scope, URL for the Editorial Board page, URL for journal's instructions for authors, semanas_submission_publicacion, tiene_apc, APC information URL, politica_exencion, Waiver policy information URL, tiene_otros_cobros, Other fees information URL, servicios_preservacion, Preservation Service: national library, Preservation information URL, Deposit policy directory, URL for deposit policy, identificadores_persistentes, cumple_oa_doaj, Continues, Continued By, codigos_lcc, subscribe_to_open, Mirror Journal, Open Journals Collective, materias, fecha_incorporacion_doaj, fecha_actualizacion_doaj, Last Full Review Date, num_articulos, fecha_ultimo_articulo, apc_monto, apc_moneda, editorial_rapida"
2339-3459,Earth Sciences Research Journal,earth sciences,188,imputado,150.0,True,"apc_monto, apc_moneda","issn_electronic, institucion_editora_2, institucion_editora_3, url_revista, url_doaj, When did the journal start to publish all content using an open license?, titulo_alternativo, issn_impreso, issn_electronico, palabras_clave, idiomas, editorial, pais_editorial, Other organisation, Country of other organisation, licencia, atributos_licencia, URL for license terms, cc_legible_maquina, autor_retiene_copyright, Copyright information URL, tipo_revision, Review process information URL, politica_plagio, URL for journal's aims & scope, URL for the Editorial Board page, URL for journal's instructions for authors, semanas_submission_publicacion, tiene_apc, APC information URL, politica_exencion, Waiver policy information URL, tiene_otros_cobros, Other fees information URL, servicios_preservacion, Preservation Service: national library, Preservation information URL, Deposit policy directory, URL for deposit policy, identificadores_persistentes, cumple_oa_doaj, Continues, Continued By, codigos_lcc, subscribe_to_open, Mirror Journal, Open Journals Collective, materias, fecha_incorporacion_doaj, fecha_actualizacion_doaj, Last Full Review Date, num_articulos, fecha_ultimo_articulo, apc_monto, apc_moneda, editorial_rapida"
2665-3354,El Ágora Usb,agora usb,189,imputado,150.0,True,"apc_monto, apc_moneda","issn_electronic, institucion_editora_2, institucion_editora_3, url_revista, url_doaj, When did the journal start to publish all content using an open license?, titulo_alternativo, issn_impreso, issn_electronico, palabras_clave, idiomas, editorial, pais_editorial, Other organisation, Country of other organisation, licencia, atributos_licencia, URL for license terms, cc_legible_maquina, autor_retiene_copyright, Copyright information URL, tipo_revision, Review process information URL, politica_plagio, URL for journal's aims & scope, URL for the Editorial Board page, URL for journal's instructions for authors, semanas_submission_publicacion, tiene_apc, APC information URL, politica_exencion, Waiver policy information URL, tiene_otros_cobros, Other fees information URL, servicios_preservacion, Preservation Service: national library, Preservation information URL, Deposit policy directory, URL for deposit policy, identificadores_persistentes, cumple_oa_doaj, Continues, Continued By, codigos_lcc, subscribe_to_open, Mirror Journal, Open Journals Collective, materias, fecha_incorporacion_doaj, fecha_actualizacion_doaj, Last Full Review Date, num_articulos, fecha_ultimo_articulo, apc_monto, apc_moneda, editorial_rapida"
2145-4531,Estudios Socio-Jurídicos,estudios socio juridicos,190,imputado,150.0,True,"apc_monto, apc_moneda","issn_electronic, institucion_editora_2, institucion_editora_3, url_revista, url_doaj, When did the journal start to publish all content using an open license?, titulo_alternativo, issn_impreso, issn_electronico, palabras_clave, idiomas, editorial, pais_editorial, Other organisation, Country of other organisation, licencia, atributos_licencia, URL for license terms, cc_legible_maquina, autor_retiene_copyright, Copyright information URL, tipo_revision, Review process information URL, politica_plagio, URL for journal's aims & scope, URL for the Editorial Board page, URL for journal's instructions for authors, semanas_submission_publicacion, tiene_apc, APC information URL, politica_exencion, Waiver policy information URL, tiene_otros_cobros, Other fees information URL, servicios_preservacion, Preservation Service: national library, Preservation information URL, Deposit policy directory, URL for deposit policy, identificadores_persistentes, cumple_oa_doaj, Continues, Continued By, codigos_lcc, subscribe_to_open, Mirror Journal, Open Journals Collective, materias, fecha_incorporacion_doaj, fecha_actualizacion_doaj, Last Full Review Date, num_articulos, fecha_ultimo_articulo, apc_monto, apc_moneda, editorial_rapida"
1794-8886,Memorias,memorias,191,imputado,150.0,True,"apc_monto, apc_moneda","issn_electronic, institucion_editora_2, institucion_editora_3, url_revista, url_doaj, When did the journal start to publish all content using an open license?, titulo_alternativo, issn_impreso, issn_electronico, palabras_clave, idiomas, editorial, pais_editorial, Other organisation, Country of other organisation, licencia, atributos_licencia, URL for license terms, cc_legible_maquina, autor_retiene_copyright, Copyright information URL, tipo_revision, Review process information URL, politica_plagio, URL for journal's aims & scope, URL for the Editorial Board page, URL for journal's instructions for authors, semanas_submission_publicacion, tiene_apc, APC information URL, politica_exencion, Waiver policy information URL, tiene_otros_cobros, Other fees information URL, servicios_preservacion, Preservation Service: national library, Preservation information URL, Deposit policy directory, URL for deposit policy, identificadores_persistentes, cumple_oa_doaj, Continues, Continued By, codigos_lcc, subscribe_to_open, Mirror Journal, Open Journals Collective, materias, fecha_incorporacion_doaj, fecha_actualizacion_doaj, Last Full Review Date, num_articulos, fecha_ultimo_articulo, apc_monto, apc_moneda, editorial_rapida"
2323-0126,"Tea Tecné, Episteme Y Didaxis",tea tecne episteme didaxis,192,imputado,150.0,True,"apc_monto, apc_moneda","issn_electronic, institucion_editora_2, institucion_editora_3, url_revista, url_doaj, When did the journal start to publish all content using an open license?, titulo_alternativo, issn_impreso, issn_electronico, palabras_clave, idiomas, editorial, pais_editorial, Other organisation, Country of other organisation, licencia, atributos_licencia, URL for license terms, cc_legible_maquina, autor_retiene_copyright, Copyright information URL, tipo_revision, Review process information URL, politica_plagio, URL for journal's aims & scope, URL for the Editorial Board page, URL for journal's instructions for authors, semanas_submission_publicacion, tiene_apc, APC information URL, politica_exencion, Waiver policy information URL, tiene_otros_cobros, Other fees information URL, servicios_preservacion, Preservation Service: national library, Preservation information URL, Deposit policy directory, URL for deposit policy, identificadores_persistentes, cumple_oa_doaj, Continues, Continued By, codigos_lcc, subscribe_to_open, Mirror Journal, Open Journals Collective, materias, fecha_incorporacion_doaj, fecha_actualizacion_doaj, Last Full Review Date, num_articulos, fecha_ultimo_articulo, apc_monto, apc_moneda, editorial_rapida"
2389-8976,Revista Colombiana De Estadística,colombiana estadistica,193,imputado,150.0,True,"apc_monto, apc_moneda","issn_electronic, institucion_editora_2, institucion_editora_3, url_revista, url_doaj, When did the journal start to publish all content using an open license?, titulo_alternativo, issn_impreso, issn_electronico, palabras_clave, idiomas, editorial, pais_editorial, Other organisation, Country of other organisation, licencia, atributos_licencia, URL for license terms, cc_legible_maquina, autor_retiene_copyright, Copyright information URL, tipo_revision, Review process information URL, politica_plagio, URL for journal's aims & scope, URL for the Editorial Board page, URL for journal's instructions for authors, semanas_submission_publicacion, tiene_apc, APC information URL, politica_exencion, Waiver policy information URL, tiene_otros_cobros, Other fees information URL, servicios_preservacion, Preservation Service: national library, Preservation information URL, Deposit policy directory, URL for deposit policy, identificadores_persistentes, cumple_oa_doaj, Continues, Continued By, codigos_lcc, subscribe_to_open, Mirror Journal, Open Journals Collective, materias, fecha_incorporacion_doaj, fecha_actualizacion_doaj, Last Full Review Date, num_articulos, fecha_ultimo_articulo, apc_monto, apc_moneda, editorial_rapida"
2539-4169,Entre Ciencia E Ingenieria,entre ciencia e ingenieria,194,imputado,150.0,True,"apc_monto, apc_moneda","issn_electronic, institucion_editora_2, institucion_editora_3, url_revista, url_doaj, When did the journal start to publish all content using an open license?, titulo_alternativo, issn_impreso, issn_electronico, palabras_clave, idiomas, editorial, pais_editorial, Other organisation, Country of other organisation, licencia, atributos_licencia, URL for license terms, cc_legible_maquina, autor_retiene_copyright, Copyright information URL, tipo_revision, Review process information URL, politica_plagio, URL for journal's aims & scope, URL for the Editorial Board page, URL for journal's instructions for authors, semanas_submission_publicacion, tiene_apc, APC information URL, politica_exencion, Waiver policy information URL, tiene_otros_cobros, Other fees information URL, servicios_preservacion, Preservation Service: national library, Preservation information URL, Deposit policy directory, URL for deposit policy, identificadores_persistentes, cumple_oa_doaj, Continues, Continued By, codigos_lcc, subscribe_to_open, Mirror Journal, Open Journals Collective, materias, fecha_incorporacion_doaj, fecha_actualizacion_doaj, Last Full Review Date, num_articulos, fecha_ultimo_articulo, apc_monto, apc_moneda, editorial_rapida"
2145-8502,"Fuentes, El Reventón Energético",fuentes reventon energetico,195,imputado,150.0,True,"apc_monto, apc_moneda","issn_electronic, institucion_editora_2, institucion_editora_3, url_revista, url_doaj, When did the journal start to publish all content using an open license?, titulo_alternativo, issn_impreso, issn_electronico, palabras_clave, idiomas, editorial, pais_editorial, Other organisation, Country of other organisation, licencia, atributos_licencia, URL for license terms, cc_legible_maquina, autor_retiene_copyright, Copyright information URL, tipo_revision, Review process information URL, politica_plagio, URL for journal's aims & scope, URL for the Editorial Board page, URL for journal's instructions for authors, semanas_submission_publicacion, tiene_apc, APC information URL, politica_exencion, Waiver policy information URL, tiene_otros_cobros, Other fees information URL, servicios_preservacion, Preservation Service: national library, Preservation information URL, Deposit policy directory, URL for deposit policy, identificadores_persistentes, cumple_oa_doaj, Continues, Continued By, codigos_lcc, subscribe_to_open, Mirror Journal, Open Journals Collective, materias, fecha_incorporacion_doaj, fecha_actualizacion_doaj, Last Full Review Date, num_articulos, fecha_ultimo_articulo, apc_monto, apc_moneda, editorial_rapida"
2027-1352,Universitas Scientiarum,universitas scientiarum,196,imputado,150.0,True,"apc_monto, apc_moneda","issn_electronic, institucion_editora_2, institucion_editora_3, url_revista, url_doaj, When did the journal start to publish all content using an open license?, titulo_alternativo, issn_impreso, issn_electronico, palabras_clave, idiomas, editorial, pais_editorial, Other organisation, Country of other organisation, licencia, atributos_licencia, URL for license terms, cc_legible_maquina, autor_retiene_copyright, Copyright information URL, tipo_revision, Review process information URL, politica_plagio, URL for journal's aims & scope, URL for the Editorial Board page, URL for journal's instructions for authors, semanas_submission_publicacion, tiene_apc, APC information URL, politica_exencion, Waiver policy information URL, tiene_otros_cobros, Other fees information URL, servicios_preservacion, Preservation Service: national library, Preservation information URL, Deposit policy directory, URL for deposit policy, identificadores_persistentes, cumple_oa_doaj, Continues, Continued By, codigos_lcc, subscribe_to_open, Mirror Journal, Open Journals Collective, materias, fecha_incorporacion_doaj, fecha_actualizacion_doaj, Last Full Review Date, num_articulos, fecha_ultimo_articulo, apc_monto, apc_moneda, editorial_rapida"
2256-2796,Revista Jurídica Mario Alario D´ Filippo,juridica mario alario d filippo,197,imputado,150.0,True,"apc_monto, apc_moneda","issn_electronic, institucion_editora_2, institucion_editora_3, url_revista, url_doaj, When did the journal start to publish all content using an open license?, titulo_alternativo, issn_impreso, issn_electronico, palabras_clave, idiomas, editorial, pais_editorial, Other organisation, Country of other organisation, licencia, atributos_licencia, URL for license terms, cc_legible_maquina, autor_retiene_copyright, Copyright information URL, tipo_revision, Review process information URL, politica_plagio, URL for journal's aims & scope, URL for the Editorial Board page, URL for journal's instructions for authors, semanas_submission_publicacion, tiene_apc, APC information URL, politica_exencion, Waiver policy information URL, tiene_otros_cobros, Other fees information URL, servicios_preservacion, Preservation Service: national library, Preservation information URL, Deposit policy directory, URL for deposit policy, identificadores_persistentes, cumple_oa_doaj, Continues, Continued By, codigos_lcc, subscribe_to_open, Mirror Journal, Open Journals Collective, materias, fecha_incorporacion_doaj, fecha_actualizacion_doaj, Last Full Review Date, num_articulos, fecha_ultimo_articulo, apc_monto, apc_moneda, editorial_rapida"
0120-4807,Universitas Humanística,universitas humanistica,198,imputado,150.0,True,"apc_monto, apc_moneda","issn_electronic, issn_linking, codigo_dane, institucion_editora_2, institucion_editora_3, pais_iso, titulo_alternativo, Country of other organisation, atributos_licencia, Waiver policy information URL, Other fees information URL, servicios_preservacion, Preservation Service: national library, Preservation information URL, URL for deposit policy, identificadores_persistentes, Continues, Continued By, apc_monto, apc_moneda"
2357-3791,Revista Colombiana De Química,colombiana quimica,199,imputado,150.0,True,"apc_monto, apc_moneda","issn_electronic, institucion_editora_2, institucion_editora_3, url_revista, url_doaj, When did the journal start to publish all content using an open license?, titulo_alternativo, issn_impreso, issn_electronico, palabras_clave, idiomas, editorial, pais_editorial, Other organisation, Country of other organisation, licencia, atributos_licencia, URL for license terms, cc_legible_maquina, autor_retiene_copyright, Copyright information URL, tipo_revision, Review process information URL, politica_plagio, URL for journal's aims & scope, URL for the Editorial Board page, URL for journal's instructions for authors, semanas_submission_publicacion, tiene_apc, APC information URL, politica_exencion, Waiver policy information URL, tiene_otros_cobros, Other fees information URL, servicios_preservacion, Preservation Service: national library, Preservation information URL, Deposit policy directory, URL for deposit policy, identificadores_persistentes, cumple_oa_doaj, Continues, Continued By, codigos_lcc, subscribe_to_open, Mirror Journal, Open Journals Collective, materias, fecha_incorporacion_doaj, fecha_actualizacion_doaj, Last Full Review Date, num_articulos, fecha_ultimo_articulo, apc_monto, apc_moneda, editorial_rapida"
2248-6798,Enunciación,enunciacion,200,imputado,150.0,True,"apc_monto, apc_moneda","issn_electronic, institucion_editora_2, institucion_editora_3, url_revista, url_doaj, When did the journal start to publish all content using an open license?, titulo_alternativo, issn_impreso, issn_electronico, palabras_clave, idiomas, editorial, pais_editorial, Other organisation, Country of other organisation, licencia, atributos_licencia, URL for license terms, cc_legible_maquina, autor_retiene_copyright, Copyright information URL, tipo_revision, Review process information URL, politica_plagio, URL for journal's aims & scope, URL for the Editorial Board page, URL for journal's instructions for authors, semanas_submission_publicacion, tiene_apc, APC information URL, politica_exencion, Waiver policy information URL, tiene_otros_cobros, Other fees information URL, servicios_preservacion, Preservation Service: national library, Preservation information URL, Deposit policy directory, URL for deposit policy, identificadores_persistentes, cumple_oa_doaj, Continues, Continued By, codigos_lcc, subscribe_to_open, Mirror Journal, Open Journals Collective, materias, fecha_incorporacion_doaj, fecha_actualizacion_doaj, Last Full Review Date, num_articulos, fecha_ultimo_articulo, apc_monto, apc_moneda, editorial_rapida"
2346-2183,Dyna,dyna,201,imputado,150.0,True,"apc_monto, apc_moneda","issn_electronic, institucion_editora_2, institucion_editora_3, url_revista, url_doaj, When did the journal start to publish all content using an open license?, titulo_alternativo, issn_impreso, issn_electronico, palabras_clave, idiomas, editorial, pais_editorial, Other organisation, Country of other organisation, licencia, atributos_licencia, URL for license terms, cc_legible_maquina, autor_retiene_copyright, Copyright information URL, tipo_revision, Review process information URL, politica_plagio, URL for journal's aims & scope, URL for the Editorial Board page, URL for journal's instructions for authors, semanas_submission_publicacion, tiene_apc, APC information URL, politica_exencion, Waiver policy information URL, tiene_otros_cobros, Other fees information URL, servicios_preservacion, Preservation Service: national library, Preservation information URL, Deposit policy directory, URL for deposit policy, identificadores_persistentes, cumple_oa_doaj, Continues, Continued By, codigos_lcc, subscribe_to_open, Mirror Journal, Open Journals Collective, materias, fecha_incorporacion_doaj, fecha_actualizacion_doaj, Last Full Review Date, num_articulos, fecha_ultimo_articulo, apc_monto, apc_moneda, editorial_rapida"
2590-7379,Biomédica,biomedica,202,imputado,150.0,True,"apc_monto, apc_moneda","issn_electronic, institucion_editora_2, institucion_editora_3, url_revista, url_doaj, When did the journal start to publish all content using an open license?, titulo_alternativo, issn_impreso, issn_electronico, palabras_clave, idiomas, editorial, pais_editorial, Other organisation, Country of other organisation, licencia, atributos_licencia, URL for license terms, cc_legible_maquina, autor_retiene_copyright, Copyright information URL, tipo_revision, Review process information URL, politica_plagio, URL for journal's aims & scope, URL for the Editorial Board page, URL for journal's instructions for authors, semanas_submission_publicacion, tiene_apc, APC information URL, politica_exencion, Waiver policy information URL, tiene_otros_cobros, Other fees information URL, servicios_preservacion, Preservation Service: national library, Preservation information URL, Deposit policy directory, URL for deposit policy, identificadores_persistentes, cumple_oa_doaj, Continues, Continued By, codigos_lcc, subscribe_to_open, Mirror Journal, Open Journals Collective, materias, fecha_incorporacion_doaj, fecha_actualizacion_doaj, Last Full Review Date, num_articulos, fecha_ultimo_articulo, apc_monto, apc_moneda, editorial_rapida"
2256-3334,Revista Facultad Nacional De Salud Publica,facultad nacional salud publica,203,imputado,150.0,True,"apc_monto, apc_moneda","issn_electronic, institucion_editora_2, institucion_editora_3, url_revista, url_doaj, When did the journal start to publish all content using an open license?, titulo_alternativo, issn_impreso, issn_electronico, palabras_clave, idiomas, editorial, pais_editorial, Other organisation, Country of other organisation, licencia, atributos_licencia, URL for license terms, cc_legible_maquina, autor_retiene_copyright, Copyright information URL, tipo_revision, Review process information URL, politica_plagio, URL for journal's aims & scope, URL for the Editorial Board page, URL for journal's instructions for authors, semanas_submission_publicacion, tiene_apc, APC information URL, politica_exencion, Waiver policy information URL, tiene_otros_cobros, Other fees information URL, servicios_preservacion, Preservation Service: national library, Preservation information URL, Deposit policy directory, URL for deposit policy, identificadores_persistentes, cumple_oa_doaj, Continues, Continued By, codigos_lcc, subscribe_to_open, Mirror Journal, Open Journals Collective, materias, fecha_incorporacion_doaj, fecha_actualizacion_doaj, Last Full Review Date, num_articulos, fecha_ultimo_articulo, apc_monto, apc_moneda, editorial_rapida"
2357-3759,Caldasia,caldasia,204,imputado,150.0,True,"apc_monto, apc_moneda","issn_electronic, institucion_editora_2, institucion_editora_3, url_revista, url_doaj, When did the journal start to publish all content using an open license?, titulo_alternativo, issn_impreso, issn_electronico, palabras_clave, idiomas, editorial, pais_editorial, Other organisation, Country of other organisation, licencia, atributos_licencia, URL for license terms, cc_legible_maquina, autor_retiene_copyright, Copyright information URL, tipo_revision, Review process information URL, politica_plagio, URL for journal's aims & scope, URL for the Editorial Board page, URL for journal's instructions for authors, semanas_submission_publicacion, tiene_apc, APC information URL, politica_exencion, Waiver policy information URL, tiene_otros_cobros, Other fees information URL, servicios_preservacion, Preservation Service: national library, Preservation information URL, Deposit policy directory, URL for deposit policy, identificadores_persistentes, cumple_oa_doaj, Continues, Continued By, codigos_lcc, subscribe_to_open, Mirror Journal, Open Journals Collective, materias, fecha_incorporacion_doaj, fecha_actualizacion_doaj, Last Full Review Date, num_articulos, fecha_ultimo_articulo, apc_monto, apc_moneda, editorial_rapida"
2462-8433,Estudios Políticos,estudios politicos,205,imputado,150.0,True,"apc_monto, apc_moneda","issn_electronic, institucion_editora_2, institucion_editora_3, url_revista, url_doaj, When did the journal start to publish all content using an open license?, titulo_alternativo, issn_impreso, issn_electronico, palabras_clave, idiomas, editorial, pais_editorial, Other organisation, Country of other organisation, licencia, atributos_licencia, URL for license terms, cc_legible_maquina, autor_retiene_copyright, Copyright information URL, tipo_revision, Review process information URL, politica_plagio, URL for journal's aims & scope, URL for the Editorial Board page, URL for journal's instructions for authors, semanas_submission_publicacion, tiene_apc, APC information URL, politica_exencion, Waiver policy information URL, tiene_otros_cobros, Other fees information URL, servicios_preservacion, Preservation Service: national library, Preservation information URL, Deposit policy directory, URL for deposit policy, identificadores_persistentes, cumple_oa_doaj, Continues, Continued By, codigos_lcc, subscribe_to_open, Mirror Journal, Open Journals Collective, materias, fecha_incorporacion_doaj, fecha_actualizacion_doaj, Last Full Review Date, num_articulos, fecha_ultimo_articulo, apc_monto, apc_moneda, editorial_rapida"
2256-201X,Colombia Forestal,colombia forestal,206,imputado,200.0,True,"apc_monto, apc_moneda","issn_electronic, institucion_editora_2, institucion_editora_3, url_revista, url_doaj, When did the journal start to publish all content using an open license?, titulo_alternativo, issn_impreso, issn_electronico, palabras_clave, idiomas, editorial, pais_editorial, Other organisation, Country of other organisation, licencia, atributos_licencia, URL for license terms, cc_legible_maquina, autor_retiene_copyright, Copyright information URL, tipo_revision, Review process information URL, politica_plagio, URL for journal's aims & scope, URL for the Editorial Board page, URL for journal's instructions for authors, semanas_submission_publicacion, tiene_apc, APC information URL, politica_exencion, Waiver policy information URL, tiene_otros_cobros, Other fees information URL, servicios_preservacion, Preservation Service: national library, Preservation information URL, Deposit policy directory, URL for deposit policy, identificadores_persistentes, cumple_oa_doaj, Continues, Continued By, codigos_lcc, subscribe_to_open, Mirror Journal, Open Journals Collective, materias, fecha_incorporacion_doaj, fecha_actualizacion_doaj, Last Full Review Date, num_articulos, fecha_ultimo_articulo, apc_monto, apc_moneda, editorial_rapida"
2011-0731,Academia Y Virtualidad,academia virtualidad,207,imputado,150.0,True,"apc_monto, apc_moneda","issn_electronic, institucion_editora_2, institucion_editora_3, titulo_alternativo, issn_impreso, atributos_licencia, Waiver policy information URL, Other fees information URL, Preservation Service: national library, Continues, Continued By, apc_monto, apc_moneda"
2322-777X,Historia Y Memoria,historia memoria,208,imputado,150.0,True,"apc_monto, apc_moneda","issn_electronic, institucion_editora_2, institucion_editora_3, url_revista, url_doaj, When did the journal start to publish all content using an open license?, titulo_alternativo, issn_impreso, issn_electronico, palabras_clave, idiomas, editorial, pais_editorial, Other organisation, Country of other organisation, licencia, atributos_licencia, URL for license terms, cc_legible_maquina, autor_retiene_copyright, Copyright information URL, tipo_revision, Review process information URL, politica_plagio, URL for journal's aims & scope, URL for the Editorial Board page, URL for journal's instructions for authors, semanas_submission_publicacion, tiene_apc, APC information URL, politica_exencion, Waiver policy information URL, tiene_otros_cobros, Other fees information URL, servicios_preservacion, Preservation Service: national library, Preservation information URL, Deposit policy directory, URL for deposit policy, identificadores_persistentes, cumple_oa_doaj, Continues, Continued By, codigos_lcc, subscribe_to_open, Mirror Journal, Open Journals Collective, materias, fecha_incorporacion_doaj, fecha_actualizacion_doaj, Last Full Review Date, num_articulos, fecha_ultimo_articulo, apc_monto, apc_moneda, editorial_rapida"
1900-1592,Conservacion Colombiana,conservacion colombiana,209,imputado,150.0,True,"apc_monto, apc_moneda","issn_electronic, issn_linking, codigo_dane, institucion_editora_1, institucion_editora_2, institucion_editora_3, pais_iso, url_revista, url_doaj, When did the journal start to publish all content using an open license?, titulo_alternativo, issn_impreso, issn_electronico, palabras_clave, idiomas, editorial, pais_editorial, Other organisation, Country of other organisation, licencia, atributos_licencia, URL for license terms, cc_legible_maquina, autor_retiene_copyright, Copyright information URL, tipo_revision, Review process information URL, politica_plagio, URL for journal's aims & scope, URL for the Editorial Board page, URL for journal's instructions for authors, semanas_submission_publicacion, tiene_apc, APC information URL, politica_exencion, Waiver policy information URL, tiene_otros_cobros, Other fees information URL, servicios_preservacion, Preservation Service: national library, Preservation information URL, Deposit policy directory, URL for deposit policy, identificadores_persistentes, cumple_oa_doaj, Continues, Continued By, codigos_lcc, subscribe_to_open, Mirror Journal, Open Journals Collective, materias, fecha_incorporacion_doaj, fecha_actualizacion_doaj, Last Full Review Date, num_articulos, fecha_ultimo_articulo, apc_monto, apc_moneda, editorial_rapida"
0124-5821,Revista Virtual Universidad Católica Del Norte,virtual universidad catolica norte,210,imputado,150.0,True,"apc_monto, apc_moneda","issn_electronic, institucion_editora_2, institucion_editora_3, titulo_alternativo, issn_impreso, Other organisation, Country of other organisation, atributos_licencia, cc_legible_maquina, Waiver policy information URL, Other fees information URL, servicios_preservacion, Preservation Service: national library, Preservation information URL, Deposit policy directory, URL for deposit policy, identificadores_persistentes, Continues, Continued By, apc_monto, apc_moneda"
2248-6011,Cuadernos Latinoamericanos De Administración,cuadernos latinoamericanos administracion,211,imputado,150.0,True,"apc_monto, apc_moneda","issn_electronic, institucion_editora_2, institucion_editora_3, url_revista, url_doaj, When did the journal start to publish all content using an open license?, titulo_alternativo, issn_impreso, issn_electronico, palabras_clave, idiomas, editorial, pais_editorial, Other organisation, Country of other organisation, licencia, atributos_licencia, URL for license terms, cc_legible_maquina, autor_retiene_copyright, Copyright information URL, tipo_revision, Review process information URL, politica_plagio, URL for journal's aims & scope, URL for the Editorial Board page, URL for journal's instructions for authors, semanas_submission_publicacion, tiene_apc, APC information URL, politica_exencion, Waiver policy information URL, tiene_otros_cobros, Other fees information URL, servicios_preservacion, Preservation Service: national library, Preservation information URL, Deposit policy directory, URL for deposit policy, identificadores_persistentes, cumple_oa_doaj, Continues, Continued By, codigos_lcc, subscribe_to_open, Mirror Journal, Open Journals Collective, materias, fecha_incorporacion_doaj, fecha_actualizacion_doaj, Last Full Review Date, num_articulos, fecha_ultimo_articulo, apc_monto, apc_moneda, editorial_rapida"
2500-6045,Cuadernos De Contabilidad,cuadernos contabilidad,212,imputado,150.0,True,"apc_monto, apc_moneda","issn_electronic, institucion_editora_2, institucion_editora_3, url_revista, url_doaj, When did the journal start to publish all content using an open license?, titulo_alternativo, issn_impreso, issn_electronico, palabras_clave, idiomas, editorial, pais_editorial, Other organisation, Country of other organisation, licencia, atributos_licencia, URL for license terms, cc_legible_maquina, autor_retiene_copyright, Copyright information URL, tipo_revision, Review process information URL, politica_plagio, URL for journal's aims & scope, URL for the Editorial Board page, URL for journal's instructions for authors, semanas_submission_publicacion, tiene_apc, APC information URL, politica_exencion, Waiver policy information URL, tiene_otros_cobros, Other fees information URL, servicios_preservacion, Preservation Service: national library, Preservation information URL, Deposit policy directory, URL for deposit policy, identificadores_persistentes, cumple_oa_doaj, Continues, Continued By, codigos_lcc, subscribe_to_open, Mirror Journal, Open Journals Collective, materias, fecha_incorporacion_doaj, fecha_actualizacion_doaj, Last Full Review Date, num_articulos, fecha_ultimo_articulo, apc_monto, apc_moneda, editorial_rapida"
2500-7645,"Revista Científica ""General José María Córdova""",cientifica general jose maria cordova,213,imputado,150.0,True,"apc_monto, apc_moneda","issn_electronic, institucion_editora_2, institucion_editora_3, url_revista, url_doaj, When did the journal start to publish all content using an open license?, titulo_alternativo, issn_impreso, issn_electronico, palabras_clave, idiomas, editorial, pais_editorial, Other organisation, Country of other organisation, licencia, atributos_licencia, URL for license terms, cc_legible_maquina, autor_retiene_copyright, Copyright information URL, tipo_revision, Review process information URL, politica_plagio, URL for journal's aims & scope, URL for the Editorial Board page, URL for journal's instructions for authors, semanas_submission_publicacion, tiene_apc, APC information URL, politica_exencion, Waiver policy information URL, tiene_otros_cobros, Other fees information URL, servicios_preservacion, Preservation Service: national library, Preservation information URL, Deposit policy directory, URL for deposit policy, identificadores_persistentes, cumple_oa_doaj, Continues, Continued By, codigos_lcc, subscribe_to_open, Mirror Journal, Open Journals Collective, materias, fecha_incorporacion_doaj, fecha_actualizacion_doaj, Last Full Review Date, num_articulos, fecha_ultimo_articulo, apc_monto, apc_moneda, editorial_rapida"
2590-9215,Revista Perspectivas,perspectivas,214,imputado,150.0,True,"apc_monto, apc_moneda","issn_electronic, institucion_editora_2, institucion_editora_3, titulo_alternativo, issn_impreso, Country of other organisation, atributos_licencia, cc_legible_maquina, Copyright information URL, Waiver policy information URL, Other fees information URL, servicios_preservacion, Preservation Service: national library, Preservation information URL, Deposit policy directory, URL for deposit policy, Continues, Continued By, apc_monto, apc_moneda"
2346-1691,Cuadernos De Literatura,cuadernos literatura,215,imputado,150.0,True,"apc_monto, apc_moneda","issn_electronic, codigo_dane, institucion_editora_2, institucion_editora_3, pais_iso, url_revista, url_doaj, When did the journal start to publish all content using an open license?, titulo_alternativo, issn_impreso, issn_electronico, palabras_clave, idiomas, editorial, pais_editorial, Other organisation, Country of other organisation, licencia, atributos_licencia, URL for license terms, cc_legible_maquina, autor_retiene_copyright, Copyright information URL, tipo_revision, Review process information URL, politica_plagio, URL for journal's aims & scope, URL for the Editorial Board page, URL for journal's instructions for authors, semanas_submission_publicacion, tiene_apc, APC information URL, politica_exencion, Waiver policy information URL, tiene_otros_cobros, Other fees information URL, servicios_preservacion, Preservation Service: national library, Preservation information URL, Deposit policy directory, URL for deposit policy, identificadores_persistentes, cumple_oa_doaj, Continues, Continued By, codigos_lcc, subscribe_to_open, Mirror Journal, Open Journals Collective, materias, fecha_incorporacion_doaj, fecha_actualizacion_doaj, Last Full Review Date, num_articulos, fecha_ultimo_articulo, apc_monto, apc_moneda, editorial_rapida"
2145-4604,Revista Colombiana De Anestesiología,colombiana anestesiologia,216,imputado,150.0,True,"apc_monto, apc_moneda","issn_electronic, institucion_editora_2, institucion_editora_3, url_revista, url_doaj, When did the journal start to publish all content using an open license?, titulo_alternativo, issn_impreso, issn_electronico, palabras_clave, idiomas, editorial, pais_editorial, Other organisation, Country of other organisation, licencia, atributos_licencia, URL for license terms, cc_legible_maquina, autor_retiene_copyright, Copyright information URL, tipo_revision, Review process information URL, politica_plagio, URL for journal's aims & scope, URL for the Editorial Board page, URL for journal's instructions for authors, semanas_submission_publicacion, tiene_apc, APC information URL, politica_exencion, Waiver policy information URL, tiene_otros_cobros, Other fees information URL, servicios_preservacion, Preservation Service: national library, Preservation information URL, Deposit policy directory, URL for deposit policy, identificadores_persistentes, cumple_oa_doaj, Continues, Continued By, codigos_lcc, subscribe_to_open, Mirror Journal, Open Journals Collective, materias, fecha_incorporacion_doaj, fecha_actualizacion_doaj, Last Full Review Date, num_articulos, fecha_ultimo_articulo, apc_monto, apc_moneda, editorial_rapida"
2590-521X,Revista Escuela De Administración De Negocios,escuela administracion negocios,217,imputado,150.0,True,"apc_monto, apc_moneda","issn_electronic, institucion_editora_2, institucion_editora_3, url_revista, url_doaj, When did the journal start to publish all content using an open license?, titulo_alternativo, issn_impreso, issn_electronico, palabras_clave, idiomas, editorial, pais_editorial, Other organisation, Country of other organisation, licencia, atributos_licencia, URL for license terms, cc_legible_maquina, autor_retiene_copyright, Copyright information URL, tipo_revision, Review process information URL, politica_plagio, URL for journal's aims & scope, URL for the Editorial Board page, URL for journal's instructions for authors, semanas_submission_publicacion, tiene_apc, APC information URL, politica_exencion, Waiver policy information URL, tiene_otros_cobros, Other fees information URL, servicios_preservacion, Preservation Service: national library, Preservation information URL, Deposit policy directory, URL for deposit policy, identificadores_persistentes, cumple_oa_doaj, Continues, Continued By, codigos_lcc, subscribe_to_open, Mirror Journal, Open Journals Collective, materias, fecha_incorporacion_doaj, fecha_actualizacion_doaj, Last Full Review Date, num_articulos, fecha_ultimo_articulo, apc_monto, apc_moneda, editorial_rapida"
2500-5316,Revista Facultad De Ciencias Básicas,facultad ciencias basicas,218,imputado,150.0,True,"apc_monto, apc_moneda","issn_electronic, institucion_editora_2, institucion_editora_3, url_revista, url_doaj, When did the journal start to publish all content using an open license?, titulo_alternativo, issn_impreso, issn_electronico, palabras_clave, idiomas, editorial, pais_editorial, Other organisation, Country of other organisation, licencia, atributos_licencia, URL for license terms, cc_legible_maquina, autor_retiene_copyright, Copyright information URL, tipo_revision, Review process information URL, politica_plagio, URL for journal's aims & scope, URL for the Editorial Board page, URL for journal's instructions for authors, semanas_submission_publicacion, tiene_apc, APC information URL, politica_exencion, Waiver policy information URL, tiene_otros_cobros, Other fees information URL, servicios_preservacion, Preservation Service: national library, Preservation information URL, Deposit policy directory, URL for deposit policy, identificadores_persistentes, cumple_oa_doaj, Continues, Continued By, codigos_lcc, subscribe_to_open, Mirror Journal, Open Journals Collective, materias, fecha_incorporacion_doaj, fecha_actualizacion_doaj, Last Full Review Date, num_articulos, fecha_ultimo_articulo, apc_monto, apc_moneda, editorial_rapida"
2323-0886,Criterio Libre,criterio libre,219,imputado,150.0,True,"apc_monto, apc_moneda","issn_electronic, institucion_editora_2, institucion_editora_3, url_revista, url_doaj, When did the journal start to publish all content using an open license?, titulo_alternativo, issn_impreso, issn_electronico, palabras_clave, idiomas, editorial, pais_editorial, Other organisation, Country of other organisation, licencia, atributos_licencia, URL for license terms, cc_legible_maquina, autor_retiene_copyright, Copyright information URL, tipo_revision, Review process information URL, politica_plagio, URL for journal's aims & scope, URL for the Editorial Board page, URL for journal's instructions for authors, semanas_submission_publicacion, tiene_apc, APC information URL, politica_exencion, Waiver policy information URL, tiene_otros_cobros, Other fees information URL, servicios_preservacion, Preservation Service: national library, Preservation information URL, Deposit policy directory, URL for deposit policy, identificadores_persistentes, cumple_oa_doaj, Continues, Continued By, codigos_lcc, subscribe_to_open, Mirror Journal, Open Journals Collective, materias, fecha_incorporacion_doaj, fecha_actualizacion_doaj, Last Full Review Date, num_articulos, fecha_ultimo_articulo, apc_monto, apc_moneda, editorial_rapida"
2389-7732,Modulo Arquitectura- Cuc,modulo arquitectura cuc,220,imputado,150.0,True,"apc_monto, apc_moneda","issn_electronic, institucion_editora_2, institucion_editora_3, url_revista, url_doaj, When did the journal start to publish all content using an open license?, titulo_alternativo, issn_impreso, issn_electronico, palabras_clave, idiomas, editorial, pais_editorial, Other organisation, Country of other organisation, licencia, atributos_licencia, URL for license terms, cc_legible_maquina, autor_retiene_copyright, Copyright information URL, tipo_revision, Review process information URL, politica_plagio, URL for journal's aims & scope, URL for the Editorial Board page, URL for journal's instructions for authors, semanas_submission_publicacion, tiene_apc, APC information URL, politica_exencion, Waiver policy information URL, tiene_otros_cobros, Other fees information URL, servicios_preservacion, Preservation Service: national library, Preservation information URL, Deposit policy directory, URL for deposit policy, identificadores_persistentes, cumple_oa_doaj, Continues, Continued By, codigos_lcc, subscribe_to_open, Mirror Journal, Open Journals Collective, materias, fecha_incorporacion_doaj, fecha_actualizacion_doaj, Last Full Review Date, num_articulos, fecha_ultimo_articulo, apc_monto, apc_moneda, editorial_rapida"
2027-534X,Palabra Clave,palabra clave,221,imputado,150.0,True,"apc_monto, apc_moneda","issn_electronic, institucion_editora_2, institucion_editora_3, url_revista, url_doaj, When did the journal start to publish all content using an open license?, titulo_alternativo, issn_impreso, issn_electronico, palabras_clave, idiomas, editorial, pais_editorial, Other organisation, Country of other organisation, licencia, atributos_licencia, URL for license terms, cc_legible_maquina, autor_retiene_copyright, Copyright information URL, tipo_revision, Review process information URL, politica_plagio, URL for journal's aims & scope, URL for the Editorial Board page, URL for journal's instructions for authors, semanas_submission_publicacion, tiene_apc, APC information URL, politica_exencion, Waiver policy information URL, tiene_otros_cobros, Other fees information URL, servicios_preservacion, Preservation Service: national library, Preservation information URL, Deposit policy directory, URL for deposit policy, identificadores_persistentes, cumple_oa_doaj, Continues, Continued By, codigos_lcc, subscribe_to_open, Mirror Journal, Open Journals Collective, materias, fecha_incorporacion_doaj, fecha_actualizacion_doaj, Last Full Review Date, num_articulos, fecha_ultimo_articulo, apc_monto, apc_moneda, editorial_rapida"
2357-6308,Medicina Upb,medicina upb,222,imputado,150.0,True,"apc_monto, apc_moneda","issn_electronic, institucion_editora_2, institucion_editora_3, titulo_alternativo, issn_impreso, Other organisation, Country of other organisation, atributos_licencia, cc_legible_maquina, Waiver policy information URL, Other fees information URL, servicios_preservacion, Preservation Service: national library, Preservation information URL, Continues, Continued By, apc_monto, apc_moneda"
2011-7965,Iatreia,iatreia,223,imputado,150.0,True,"apc_monto, apc_moneda","issn_electronic, institucion_editora_2, institucion_editora_3, url_revista, url_doaj, When did the journal start to publish all content using an open license?, titulo_alternativo, issn_impreso, issn_electronico, palabras_clave, idiomas, editorial, pais_editorial, Other organisation, Country of other organisation, licencia, atributos_licencia, URL for license terms, cc_legible_maquina, autor_retiene_copyright, Copyright information URL, tipo_revision, Review process information URL, politica_plagio, URL for journal's aims & scope, URL for the Editorial Board page, URL for journal's instructions for authors, semanas_submission_publicacion, tiene_apc, APC information URL, politica_exencion, Waiver policy information URL, tiene_otros_cobros, Other fees information URL, servicios_preservacion, Preservation Service: national library, Preservation information URL, Deposit policy directory, URL for deposit policy, identificadores_persistentes, cumple_oa_doaj, Continues, Continued By, codigos_lcc, subscribe_to_open, Mirror Journal, Open Journals Collective, materias, fecha_incorporacion_doaj, fecha_actualizacion_doaj, Last Full Review Date, num_articulos, fecha_ultimo_articulo, apc_monto, apc_moneda, editorial_rapida"
2539-0554,Tendencias,tendencias,224,imputado,150.0,True,"apc_monto, apc_moneda","issn_electronic, institucion_editora_2, institucion_editora_3, url_revista, url_doaj, When did the journal start to publish all content using an open license?, titulo_alternativo, issn_impreso, issn_electronico, palabras_clave, idiomas, editorial, pais_editorial, Other organisation, Country of other organisation, licencia, atributos_licencia, URL for license terms, cc_legible_maquina, autor_retiene_copyright, Copyright information URL, tipo_revision, Review process information URL, politica_plagio, URL for journal's aims & scope, URL for the Editorial Board page, URL for journal's instructions for authors, semanas_submission_publicacion, tiene_apc, APC information URL, politica_exencion, Waiver policy information URL, tiene_otros_cobros, Other fees information URL, servicios_preservacion, Preservation Service: national library, Preservation information URL, Deposit policy directory, URL for deposit policy, identificadores_persistentes, cumple_oa_doaj, Continues, Continued By, codigos_lcc, subscribe_to_open, Mirror Journal, Open Journals Collective, materias, fecha_incorporacion_doaj, fecha_actualizacion_doaj, Last Full Review Date, num_articulos, fecha_ultimo_articulo, apc_monto, apc_moneda, editorial_rapida"
1909-7743,"Revista De Relaciones Internacionales, Estrategia Y Seguridad",relaciones internacionales estrategia seguridad,225,imputado,150.0,True,"apc_monto, apc_moneda","issn_electronic, institucion_editora_2, institucion_editora_3, url_revista, url_doaj, When did the journal start to publish all content using an open license?, titulo_alternativo, issn_impreso, issn_electronico, palabras_clave, idiomas, editorial, pais_editorial, Other organisation, Country of other organisation, licencia, atributos_licencia, URL for license terms, cc_legible_maquina, autor_retiene_copyright, Copyright information URL, tipo_revision, Review process information URL, politica_plagio, URL for journal's aims & scope, URL for the Editorial Board page, URL for journal's instructions for authors, semanas_submission_publicacion, tiene_apc, APC information URL, politica_exencion, Waiver policy information URL, tiene_otros_cobros, Other fees information URL, servicios_preservacion, Preservation Service: national library, Preservation information URL, Deposit policy directory, URL for deposit policy, identificadores_persistentes, cumple_oa_doaj, Continues, Continued By, codigos_lcc, subscribe_to_open, Mirror Journal, Open Journals Collective, materias, fecha_incorporacion_doaj, fecha_actualizacion_doaj, Last Full Review Date, num_articulos, fecha_ultimo_articulo, apc_monto, apc_moneda, editorial_rapida"
1657-9534,Colombia Médica,colombia medica,226,imputado,150.0,True,"apc_monto, apc_moneda","issn_print, issn_electronic, institucion_editora_2, institucion_editora_3, url_revista, url_doaj, When did the journal start to publish all content using an open license?, titulo_alternativo, issn_impreso, issn_electronico, palabras_clave, idiomas, editorial, pais_editorial, Other organisation, Country of other organisation, licencia, atributos_licencia, URL for license terms, cc_legible_maquina, autor_retiene_copyright, Copyright information URL, tipo_revision, Review process information URL, politica_plagio, URL for journal's aims & scope, URL for the Editorial Board page, URL for journal's instructions for authors, semanas_submission_publicacion, tiene_apc, APC information URL, politica_exencion, Waiver policy information URL, tiene_otros_cobros, Other fees information URL, servicios_preservacion, Preservation Service: national library, Preservation information URL, Deposit policy directory, URL for deposit policy, identificadores_persistentes, cumple_oa_doaj, Continues, Continued By, codigos_lcc, subscribe_to_open, Mirror Journal, Open Journals Collective, materias, fecha_incorporacion_doaj, fecha_actualizacion_doaj, Last Full Review Date, num_articulos, fecha_ultimo_articulo, apc_monto, apc_moneda, editorial_rapida"
1900-7760,Desarrollo Y Sociedad,desarrollo sociedad,227,imputado,150.0,True,"apc_monto, apc_moneda","issn_electronic, institucion_editora_2, institucion_editora_3, url_revista, url_doaj, When did the journal start to publish all content using an open license?, titulo_alternativo, issn_impreso, issn_electronico, palabras_clave, idiomas, editorial, pais_editorial, Other organisation, Country of other organisation, licencia, atributos_licencia, URL for license terms, cc_legible_maquina, autor_retiene_copyright, Copyright information URL, tipo_revision, Review process information URL, politica_plagio, URL for journal's aims & scope, URL for the Editorial Board page, URL for journal's instructions for authors, semanas_submission_publicacion, tiene_apc, APC information URL, politica_exencion, Waiver policy information URL, tiene_otros_cobros, Other fees information URL, servicios_preservacion, Preservation Service: national library, Preservation information URL, Deposit policy directory, URL for deposit policy, identificadores_persistentes, cumple_oa_doaj, Continues, Continued By, codigos_lcc, subscribe_to_open, Mirror Journal, Open Journals Collective, materias, fecha_incorporacion_doaj, fecha_actualizacion_doaj, Last Full Review Date, num_articulos, fecha_ultimo_articulo, apc_monto, apc_moneda, editorial_rapida"
2462-8603,Praxis & Saber,praxis saber,228,imputado,150.0,True,"apc_monto, apc_moneda","issn_electronic, institucion_editora_2, institucion_editora_3, titulo_alternativo, issn_impreso, Other organisation, Country of other organisation, atributos_licencia, Waiver policy information URL, Other fees information URL, Preservation Service: national library, Deposit policy directory, URL for deposit policy, Continues, Continued By, apc_monto, apc_moneda"
2215-8944,Academia & Derecho,academia derecho,229,imputado,150.0,True,"apc_monto, apc_moneda","issn_electronic, issn_linking, institucion_editora_2, institucion_editora_3, url_revista, url_doaj, When did the journal start to publish all content using an open license?, titulo_alternativo, issn_impreso, issn_electronico, palabras_clave, idiomas, editorial, pais_editorial, Other organisation, Country of other organisation, licencia, atributos_licencia, URL for license terms, cc_legible_maquina, autor_retiene_copyright, Copyright information URL, tipo_revision, Review process information URL, politica_plagio, URL for journal's aims & scope, URL for the Editorial Board page, URL for journal's instructions for authors, semanas_submission_publicacion, tiene_apc, APC information URL, politica_exencion, Waiver policy information URL, tiene_otros_cobros, Other fees information URL, servicios_preservacion, Preservation Service: national library, Preservation information URL, Deposit policy directory, URL for deposit policy, identificadores_persistentes, cumple_oa_doaj, Continues, Continued By, codigos_lcc, subscribe_to_open, Mirror Journal, Open Journals Collective, materias, fecha_incorporacion_doaj, fecha_actualizacion_doaj, Last Full Review Date, num_articulos, fecha_ultimo_articulo, apc_monto, apc_moneda, editorial_rapida"
2215-9185,Ces Odontología,ces odontologia,230,imputado,150.0,True,"apc_monto, apc_moneda","issn_electronic, institucion_editora_2, institucion_editora_3, url_revista, url_doaj, When did the journal start to publish all content using an open license?, titulo_alternativo, issn_impreso, issn_electronico, palabras_clave, idiomas, editorial, pais_editorial, Other organisation, Country of other organisation, licencia, atributos_licencia, URL for license terms, cc_legible_maquina, autor_retiene_copyright, Copyright information URL, tipo_revision, Review process information URL, politica_plagio, URL for journal's aims & scope, URL for the Editorial Board page, URL for journal's instructions for authors, semanas_submission_publicacion, tiene_apc, APC information URL, politica_exencion, Waiver policy information URL, tiene_otros_cobros, Other fees information URL, servicios_preservacion, Preservation Service: national library, Preservation information URL, Deposit policy directory, URL for deposit policy, identificadores_persistentes, cumple_oa_doaj, Continues, Continued By, codigos_lcc, subscribe_to_open, Mirror Journal, Open Journals Collective, materias, fecha_incorporacion_doaj, fecha_actualizacion_doaj, Last Full Review Date, num_articulos, fecha_ultimo_articulo, apc_monto, apc_moneda, editorial_rapida"
1900-9178,"Revista Ambiental Agua, Aire Y Suelo",ambiental agua aire suelo,231,imputado,150.0,True,"apc_monto, apc_moneda","issn_electronic, issn_linking, institucion_editora_2, institucion_editora_3, url_revista, url_doaj, When did the journal start to publish all content using an open license?, titulo_alternativo, issn_impreso, issn_electronico, palabras_clave, idiomas, editorial, pais_editorial, Other organisation, Country of other organisation, licencia, atributos_licencia, URL for license terms, cc_legible_maquina, autor_retiene_copyright, Copyright information URL, tipo_revision, Review process information URL, politica_plagio, URL for journal's aims & scope, URL for the Editorial Board page, URL for journal's instructions for authors, semanas_submission_publicacion, tiene_apc, APC information URL, politica_exencion, Waiver policy information URL, tiene_otros_cobros, Other fees information URL, servicios_preservacion, Preservation Service: national library, Preservation information URL, Deposit policy directory, URL for deposit policy, identificadores_persistentes, cumple_oa_doaj, Continues, Continued By, codigos_lcc, subscribe_to_open, Mirror Journal, Open Journals Collective, materias, fecha_incorporacion_doaj, fecha_actualizacion_doaj, Last Full Review Date, num_articulos, fecha_ultimo_articulo, apc_monto, apc_moneda, editorial_rapida"
2256-5493,Trabajo Social,trabajo social,232,imputado,150.0,True,"apc_monto, apc_moneda","issn_electronic, institucion_editora_2, institucion_editora_3, url_revista, url_doaj, When did the journal start to publish all content using an open license?, titulo_alternativo, issn_impreso, issn_electronico, palabras_clave, idiomas, editorial, pais_editorial, Other organisation, Country of other organisation, licencia, atributos_licencia, URL for license terms, cc_legible_maquina, autor_retiene_copyright, Copyright information URL, tipo_revision, Review process information URL, politica_plagio, URL for journal's aims & scope, URL for the Editorial Board page, URL for journal's instructions for authors, semanas_submission_publicacion, tiene_apc, APC information URL, politica_exencion, Waiver policy information URL, tiene_otros_cobros, Other fees information URL, servicios_preservacion, Preservation Service: national library, Preservation information URL, Deposit policy directory, URL for deposit policy, identificadores_persistentes, cumple_oa_doaj, Continues, Continued By, codigos_lcc, subscribe_to_open, Mirror Journal, Open Journals Collective, materias, fecha_incorporacion_doaj, fecha_actualizacion_doaj, Last Full Review Date, num_articulos, fecha_ultimo_articulo, apc_monto, apc_moneda, editorial_rapida"
1692-7257,Revista Colombiana De Tecnologías De Avanzada,colombiana tecnologias avanzada,233,imputado,150.0,True,"apc_monto, apc_moneda","issn_electronic, issn_linking, institucion_editora_2, institucion_editora_3, titulo_alternativo, Other organisation, Country of other organisation, atributos_licencia, Waiver policy information URL, Other fees information URL, Preservation Service: national library, Deposit policy directory, URL for deposit policy, Continues, Continued By, apc_monto, apc_moneda"
2145-8499,Anuario De Historia Regional Y De Las Fronteras,anuario historia regional fronteras,234,imputado,150.0,True,"apc_monto, apc_moneda","issn_electronic, institucion_editora_2, institucion_editora_3, url_revista, url_doaj, When did the journal start to publish all content using an open license?, titulo_alternativo, issn_impreso, issn_electronico, palabras_clave, idiomas, editorial, pais_editorial, Other organisation, Country of other organisation, licencia, atributos_licencia, URL for license terms, cc_legible_maquina, autor_retiene_copyright, Copyright information URL, tipo_revision, Review process information URL, politica_plagio, URL for journal's aims & scope, URL for the Editorial Board page, URL for journal's instructions for authors, semanas_submission_publicacion, tiene_apc, APC information URL, politica_exencion, Waiver policy information URL, tiene_otros_cobros, Other fees information URL, servicios_preservacion, Preservation Service: national library, Preservation information URL, Deposit policy directory, URL for deposit policy, identificadores_persistentes, cumple_oa_doaj, Continues, Continued By, codigos_lcc, subscribe_to_open, Mirror Journal, Open Journals Collective, materias, fecha_incorporacion_doaj, fecha_actualizacion_doaj, Last Full Review Date, num_articulos, fecha_ultimo_articulo, apc_monto, apc_moneda, editorial_rapida"
2463-1469,Eleuthera,eleuthera,235,imputado,150.0,True,"apc_monto, apc_moneda","issn_electronic, institucion_editora_2, institucion_editora_3, url_revista, url_doaj, When did the journal start to publish all content using an open license?, titulo_alternativo, issn_impreso, issn_electronico, palabras_clave, idiomas, editorial, pais_editorial, Other organisation, Country of other organisation, licencia, atributos_licencia, URL for license terms, cc_legible_maquina, autor_retiene_copyright, Copyright information URL, tipo_revision, Review process information URL, politica_plagio, URL for journal's aims & scope, URL for the Editorial Board page, URL for journal's instructions for authors, semanas_submission_publicacion, tiene_apc, APC information URL, politica_exencion, Waiver policy information URL, tiene_otros_cobros, Other fees information URL, servicios_preservacion, Preservation Service: national library, Preservation information URL, Deposit policy directory, URL for deposit policy, identificadores_persistentes, cumple_oa_doaj, Continues, Continued By, codigos_lcc, subscribe_to_open, Mirror Journal, Open Journals Collective, materias, fecha_incorporacion_doaj, fecha_actualizacion_doaj, Last Full Review Date, num_articulos, fecha_ultimo_articulo, apc_monto, apc_moneda, editorial_rapida"
2027-145X,Bitácora Urbano Territorial,bitacora urbano territorial,236,imputado,150.0,True,"apc_monto, apc_moneda","issn_electronic, institucion_editora_1, institucion_editora_2, institucion_editora_3, url_revista, url_doaj, When did the journal start to publish all content using an open license?, titulo_alternativo, issn_impreso, issn_electronico, palabras_clave, idiomas, editorial, pais_editorial, Other organisation, Country of other organisation, licencia, atributos_licencia, URL for license terms, cc_legible_maquina, autor_retiene_copyright, Copyright information URL, tipo_revision, Review process information URL, politica_plagio, URL for journal's aims & scope, URL for the Editorial Board page, URL for journal's instructions for authors, semanas_submission_publicacion, tiene_apc, APC information URL, politica_exencion, Waiver policy information URL, tiene_otros_cobros, Other fees information URL, servicios_preservacion, Preservation Service: national library, Preservation information URL, Deposit policy directory, URL for deposit policy, identificadores_persistentes, cumple_oa_doaj, Continues, Continued By, codigos_lcc, subscribe_to_open, Mirror Journal, Open Journals Collective, materias, fecha_incorporacion_doaj, fecha_actualizacion_doaj, Last Full Review Date, num_articulos, fecha_ultimo_articulo, apc_monto, apc_moneda, editorial_rapida"
2145-9169,Análisis,analisis,237,imputado,150.0,True,"apc_monto, apc_moneda","issn_electronic, institucion_editora_2, institucion_editora_3, url_revista, url_doaj, When did the journal start to publish all content using an open license?, titulo_alternativo, issn_impreso, issn_electronico, palabras_clave, idiomas, editorial, pais_editorial, Other organisation, Country of other organisation, licencia, atributos_licencia, URL for license terms, cc_legible_maquina, autor_retiene_copyright, Copyright information URL, tipo_revision, Review process information URL, politica_plagio, URL for journal's aims & scope, URL for the Editorial Board page, URL for journal's instructions for authors, semanas_submission_publicacion, tiene_apc, APC information URL, politica_exencion, Waiver policy information URL, tiene_otros_cobros, Other fees information URL, servicios_preservacion, Preservation Service: national library, Preservation information URL, Deposit policy directory, URL for deposit policy, identificadores_persistentes, cumple_oa_doaj, Continues, Continued By, codigos_lcc, subscribe_to_open, Mirror Journal, Open Journals Collective, materias, fecha_incorporacion_doaj, fecha_actualizacion_doaj, Last Full Review Date, num_articulos, fecha_ultimo_articulo, apc_monto, apc_moneda, editorial_rapida"
2011-7531,Salud Uninorte,salud uninorte,238,imputado,150.0,True,"apc_monto, apc_moneda","issn_electronic, institucion_editora_2, institucion_editora_3, titulo_alternativo, issn_impreso, Country of other organisation, atributos_licencia, cc_legible_maquina, Copyright information URL, Waiver policy information URL, Other fees information URL, servicios_preservacion, Preservation Service: national library, Preservation information URL, Deposit policy directory, URL for deposit policy, identificadores_persistentes, Continues, Continued By, apc_monto, apc_moneda"
2248-4086,Anagramas : Rumbos Y Sentidos De La Comunicación,anagramas rumbos sentidos comunicacion,239,imputado,150.0,True,"apc_monto, apc_moneda","issn_electronic, codigo_dane, institucion_editora_2, institucion_editora_3, pais_iso, url_revista, url_doaj, When did the journal start to publish all content using an open license?, titulo_alternativo, issn_impreso, issn_electronico, palabras_clave, idiomas, editorial, pais_editorial, Other organisation, Country of other organisation, licencia, atributos_licencia, URL for license terms, cc_legible_maquina, autor_retiene_copyright, Copyright information URL, tipo_revision, Review process information URL, politica_plagio, URL for journal's aims & scope, URL for the Editorial Board page, URL for journal's instructions for authors, semanas_submission_publicacion, tiene_apc, APC information URL, politica_exencion, Waiver policy information URL, tiene_otros_cobros, Other fees information URL, servicios_preservacion, Preservation Service: national library, Preservation information URL, Deposit policy directory, URL for deposit policy, identificadores_persistentes, cumple_oa_doaj, Continues, Continued By, codigos_lcc, subscribe_to_open, Mirror Journal, Open Journals Collective, materias, fecha_incorporacion_doaj, fecha_actualizacion_doaj, Last Full Review Date, num_articulos, fecha_ultimo_articulo, apc_monto, apc_moneda, editorial_rapida"
2216-0388,MUNDO FESC,mundo fesc,240,imputado,150.0,True,"apc_monto, apc_moneda","issn_electronic, institucion_editora_2, institucion_editora_3, url_revista, url_doaj, When did the journal start to publish all content using an open license?, titulo_alternativo, issn_impreso, issn_electronico, palabras_clave, idiomas, editorial, pais_editorial, Other organisation, Country of other organisation, licencia, atributos_licencia, URL for license terms, cc_legible_maquina, autor_retiene_copyright, Copyright information URL, tipo_revision, Review process information URL, politica_plagio, URL for journal's aims & scope, URL for the Editorial Board page, URL for journal's instructions for authors, semanas_submission_publicacion, tiene_apc, APC information URL, politica_exencion, Waiver policy information URL, tiene_otros_cobros, Other fees information URL, servicios_preservacion, Preservation Service: national library, Preservation information URL, Deposit policy directory, URL for deposit policy, identificadores_persistentes, cumple_oa_doaj, Continues, Continued By, codigos_lcc, subscribe_to_open, Mirror Journal, Open Journals Collective, materias, fecha_incorporacion_doaj, fecha_actualizacion_doaj, Last Full Review Date, num_articulos, fecha_ultimo_articulo, apc_monto, apc_moneda, editorial_rapida"
0122-4409,Papel Político,papel politico,241,imputado,150.0,True,"apc_monto, apc_moneda","issn_electronic, issn_linking, institucion_editora_2, institucion_editora_3, url_revista, url_doaj, When did the journal start to publish all content using an open license?, titulo_alternativo, issn_impreso, issn_electronico, palabras_clave, idiomas, editorial, pais_editorial, Other organisation, Country of other organisation, licencia, atributos_licencia, URL for license terms, cc_legible_maquina, autor_retiene_copyright, Copyright information URL, tipo_revision, Review process information URL, politica_plagio, URL for journal's aims & scope, URL for the Editorial Board page, URL for journal's instructions for authors, semanas_submission_publicacion, tiene_apc, APC information URL, politica_exencion, Waiver policy information URL, tiene_otros_cobros, Other fees information URL, servicios_preservacion, Preservation Service: national library, Preservation information URL, Deposit policy directory, URL for deposit policy, identificadores_persistentes, cumple_oa_doaj, Continues, Continued By, codigos_lcc, subscribe_to_open, Mirror Journal, Open Journals Collective, materias, fecha_incorporacion_doaj, fecha_actualizacion_doaj, Last Full Review Date, num_articulos, fecha_ultimo_articulo, apc_monto, apc_moneda, editorial_rapida"
1012-8255,ACADEMIA. REVISTA LATINOAMERICANA DE ADMINISTRACIÓN,academia latinoamericana administracion,242,imputado,150.0,True,"apc_monto, apc_moneda","issn_electronic, issn_linking, institucion_editora_1, institucion_editora_2, institucion_editora_3, url_revista, url_doaj, When did the journal start to publish all content using an open license?, titulo_alternativo, issn_impreso, issn_electronico, palabras_clave, idiomas, editorial, pais_editorial, Other organisation, Country of other organisation, licencia, atributos_licencia, URL for license terms, cc_legible_maquina, autor_retiene_copyright, Copyright information URL, tipo_revision, Review process information URL, politica_plagio, URL for journal's aims & scope, URL for the Editorial Board page, URL for journal's instructions for authors, semanas_submission_publicacion, tiene_apc, APC information URL, politica_exencion, Waiver policy information URL, tiene_otros_cobros, Other fees information URL, servicios_preservacion, Preservation Service: national library, Preservation information URL, Deposit policy directory, URL for deposit policy, identificadores_persistentes, cumple_oa_doaj, Continues, Continued By, codigos_lcc, subscribe_to_open, Mirror Journal, Open Journals Collective, materias, fecha_incorporacion_doaj, fecha_actualizacion_doaj, Last Full Review Date, num_articulos, fecha_ultimo_articulo, apc_monto, apc_moneda, editorial_rapida"
2027-9000,Revista Colombiana De Reumatología,colombiana reumatologia,243,imputado,150.0,True,"apc_monto, apc_moneda","issn_electronic, institucion_editora_2, institucion_editora_3, url_revista, url_doaj, When did the journal start to publish all content using an open license?, titulo_alternativo, issn_impreso, issn_electronico, palabras_clave, idiomas, editorial, pais_editorial, Other organisation, Country of other organisation, licencia, atributos_licencia, URL for license terms, cc_legible_maquina, autor_retiene_copyright, Copyright information URL, tipo_revision, Review process information URL, politica_plagio, URL for journal's aims & scope, URL for the Editorial Board page, URL for journal's instructions for authors, semanas_submission_publicacion, tiene_apc, APC information URL, politica_exencion, Waiver policy information URL, tiene_otros_cobros, Other fees information URL, servicios_preservacion, Preservation Service: national library, Preservation information URL, Deposit policy directory, URL for deposit policy, identificadores_persistentes, cumple_oa_doaj, Continues, Continued By, codigos_lcc, subscribe_to_open, Mirror Journal, Open Journals Collective, materias, fecha_incorporacion_doaj, fecha_actualizacion_doaj, Last Full Review Date, num_articulos, fecha_ultimo_articulo, apc_monto, apc_moneda, editorial_rapida"
2215-9177,Ces Medicina,ces medicina,244,imputado,150.0,True,"apc_monto, apc_moneda","issn_electronic, institucion_editora_2, institucion_editora_3, url_revista, url_doaj, When did the journal start to publish all content using an open license?, titulo_alternativo, issn_impreso, issn_electronico, palabras_clave, idiomas, editorial, pais_editorial, Other organisation, Country of other organisation, licencia, atributos_licencia, URL for license terms, cc_legible_maquina, autor_retiene_copyright, Copyright information URL, tipo_revision, Review process information URL, politica_plagio, URL for journal's aims & scope, URL for the Editorial Board page, URL for journal's instructions for authors, semanas_submission_publicacion, tiene_apc, APC information URL, politica_exencion, Waiver policy information URL, tiene_otros_cobros, Other fees information URL, servicios_preservacion, Preservation Service: national library, Preservation information URL, Deposit policy directory, URL for deposit policy, identificadores_persistentes, cumple_oa_doaj, Continues, Continued By, codigos_lcc, subscribe_to_open, Mirror Journal, Open Journals Collective, materias, fecha_incorporacion_doaj, fecha_actualizacion_doaj, Last Full Review Date, num_articulos, fecha_ultimo_articulo, apc_monto, apc_moneda, editorial_rapida"
1900-5180,Revista De Estudios Sociales,estudios sociales,245,imputado,150.0,True,"apc_monto, apc_moneda","issn_electronic, institucion_editora_2, institucion_editora_3, url_revista, url_doaj, When did the journal start to publish all content using an open license?, titulo_alternativo, issn_impreso, issn_electronico, palabras_clave, idiomas, editorial, pais_editorial, Other organisation, Country of other organisation, licencia, atributos_licencia, URL for license terms, cc_legible_maquina, autor_retiene_copyright, Copyright information URL, tipo_revision, Review process information URL, politica_plagio, URL for journal's aims & scope, URL for the Editorial Board page, URL for journal's instructions for authors, semanas_submission_publicacion, tiene_apc, APC information URL, politica_exencion, Waiver policy information URL, tiene_otros_cobros, Other fees information URL, servicios_preservacion, Preservation Service: national library, Preservation information URL, Deposit policy directory, URL for deposit policy, identificadores_persistentes, cumple_oa_doaj, Continues, Continued By, codigos_lcc, subscribe_to_open, Mirror Journal, Open Journals Collective, materias, fecha_incorporacion_doaj, fecha_actualizacion_doaj, Last Full Review Date, num_articulos, fecha_ultimo_articulo, apc_monto, apc_moneda, editorial_rapida"
2027-2731,Signo Y Pensamiento,signo pensamiento,246,imputado,150.0,True,"apc_monto, apc_moneda","issn_electronic, institucion_editora_3, url_revista, url_doaj, When did the journal start to publish all content using an open license?, titulo_alternativo, issn_impreso, issn_electronico, palabras_clave, idiomas, editorial, pais_editorial, Other organisation, Country of other organisation, licencia, atributos_licencia, URL for license terms, cc_legible_maquina, autor_retiene_copyright, Copyright information URL, tipo_revision, Review process information URL, politica_plagio, URL for journal's aims & scope, URL for the Editorial Board page, URL for journal's instructions for authors, semanas_submission_publicacion, tiene_apc, APC information URL, politica_exencion, Waiver policy information URL, tiene_otros_cobros, Other fees information URL, servicios_preservacion, Preservation Service: national library, Preservation information URL, Deposit policy directory, URL for deposit policy, identificadores_persistentes, cumple_oa_doaj, Continues, Continued By, codigos_lcc, subscribe_to_open, Mirror Journal, Open Journals Collective, materias, fecha_incorporacion_doaj, fecha_actualizacion_doaj, Last Full Review Date, num_articulos, fecha_ultimo_articulo, apc_monto, apc_moneda, editorial_rapida"
2145-5147,Desarrollo Gerencial,desarrollo gerencial,247,imputado,150.0,True,"apc_monto, apc_moneda","issn_electronic, institucion_editora_2, institucion_editora_3, issn_impreso, Country of other organisation, atributos_licencia, cc_legible_maquina, Copyright information URL, Waiver policy information URL, servicios_preservacion, Preservation Service: national library, Preservation information URL, Deposit policy directory, URL for deposit policy, identificadores_persistentes, Continues, Continued By, apc_monto, apc_moneda"
2619-4066,Ratio Juris,ratio juris,248,imputado,150.0,True,"apc_monto, apc_moneda","issn_electronic, institucion_editora_2, institucion_editora_3, url_revista, url_doaj, When did the journal start to publish all content using an open license?, titulo_alternativo, issn_impreso, issn_electronico, palabras_clave, idiomas, editorial, pais_editorial, Other organisation, Country of other organisation, licencia, atributos_licencia, URL for license terms, cc_legible_maquina, autor_retiene_copyright, Copyright information URL, tipo_revision, Review process information URL, politica_plagio, URL for journal's aims & scope, URL for the Editorial Board page, URL for journal's instructions for authors, semanas_submission_publicacion, tiene_apc, APC information URL, politica_exencion, Waiver policy information URL, tiene_otros_cobros, Other fees information URL, servicios_preservacion, Preservation Service: national library, Preservation information URL, Deposit policy directory, URL for deposit policy, identificadores_persistentes, cumple_oa_doaj, Continues, Continued By, codigos_lcc, subscribe_to_open, Mirror Journal, Open Journals Collective, materias, fecha_incorporacion_doaj, fecha_actualizacion_doaj, Last Full Review Date, num_articulos, fecha_ultimo_articulo, apc_monto, apc_moneda, editorial_rapida"
2256-5248,Revista Historia De La Educación Latinoamericana,historia educacion latinoamericana,249,imputado,150.0,True,"apc_monto, apc_moneda","issn_electronic, institucion_editora_2, institucion_editora_3, url_revista, url_doaj, When did the journal start to publish all content using an open license?, titulo_alternativo, issn_impreso, issn_electronico, palabras_clave, idiomas, editorial, pais_editorial, Other organisation, Country of other organisation, licencia, atributos_licencia, URL for license terms, cc_legible_maquina, autor_retiene_copyright, Copyright information URL, tipo_revision, Review process information URL, politica_plagio, URL for journal's aims & scope, URL for the Editorial Board page, URL for journal's instructions for authors, semanas_submission_publicacion, tiene_apc, APC information URL, politica_exencion, Waiver policy information URL, tiene_otros_cobros, Other fees information URL, servicios_preservacion, Preservation Service: national library, Preservation information URL, Deposit policy directory, URL for deposit policy, identificadores_persistentes, cumple_oa_doaj, Continues, Continued By, codigos_lcc, subscribe_to_open, Mirror Journal, Open Journals Collective, materias, fecha_incorporacion_doaj, fecha_actualizacion_doaj, Last Full Review Date, num_articulos, fecha_ultimo_articulo, apc_monto, apc_moneda, editorial_rapida"
2027-5382,Persona Y Bioética,persona bioetica,250,imputado,150.0,True,"apc_monto, apc_moneda","issn_electronic, institucion_editora_2, institucion_editora_3, url_revista, url_doaj, When did the journal start to publish all content using an open license?, titulo_alternativo, issn_impreso, issn_electronico, palabras_clave, idiomas, editorial, pais_editorial, Other organisation, Country of other organisation, licencia, atributos_licencia, URL for license terms, cc_legible_maquina, autor_retiene_copyright, Copyright information URL, tipo_revision, Review process information URL, politica_plagio, URL for journal's aims & scope, URL for the Editorial Board page, URL for journal's instructions for authors, semanas_submission_publicacion, tiene_apc, APC information URL, politica_exencion, Waiver policy information URL, tiene_otros_cobros, Other fees information URL, servicios_preservacion, Preservation Service: national library, Preservation information URL, Deposit policy directory, URL for deposit policy, identificadores_persistentes, cumple_oa_doaj, Continues, Continued By, codigos_lcc, subscribe_to_open, Mirror Journal, Open Journals Collective, materias, fecha_incorporacion_doaj, fecha_actualizacion_doaj, Last Full Review Date, num_articulos, fecha_ultimo_articulo, apc_monto, apc_moneda, editorial_rapida"
2539-4762,Nomadas,nomadas,251,imputado,150.0,True,"apc_monto, apc_moneda","issn_electronic, institucion_editora_2, institucion_editora_3, url_revista, url_doaj, When did the journal start to publish all content using an open license?, titulo_alternativo, issn_impreso, issn_electronico, palabras_clave, idiomas, editorial, pais_editorial, Other organisation, Country of other organisation, licencia, atributos_licencia, URL for license terms, cc_legible_maquina, autor_retiene_copyright, Copyright information URL, tipo_revision, Review process information URL, politica_plagio, URL for journal's aims & scope, URL for the Editorial Board page, URL for journal's instructions for authors, semanas_submission_publicacion, tiene_apc, APC information URL, politica_exencion, Waiver policy information URL, tiene_otros_cobros, Other fees information URL, servicios_preservacion, Preservation Service: national library, Preservation information URL, Deposit policy directory, URL for deposit policy, identificadores_persistentes, cumple_oa_doaj, Continues, Continued By, codigos_lcc, subscribe_to_open, Mirror Journal, Open Journals Collective, materias, fecha_incorporacion_doaj, fecha_actualizacion_doaj, Last Full Review Date, num_articulos, fecha_ultimo_articulo, apc_monto, apc_moneda, editorial_rapida"
2145-0706,Calle14,calle14,252,imputado,150.0,True,"apc_monto, apc_moneda","issn_electronic, institucion_editora_2, institucion_editora_3, url_revista, url_doaj, When did the journal start to publish all content using an open license?, titulo_alternativo, issn_impreso, issn_electronico, palabras_clave, idiomas, editorial, pais_editorial, Other organisation, Country of other organisation, licencia, atributos_licencia, URL for license terms, cc_legible_maquina, autor_retiene_copyright, Copyright information URL, tipo_revision, Review process information URL, politica_plagio, URL for journal's aims & scope, URL for the Editorial Board page, URL for journal's instructions for authors, semanas_submission_publicacion, tiene_apc, APC information URL, politica_exencion, Waiver policy information URL, tiene_otros_cobros, Other fees information URL, servicios_preservacion, Preservation Service: national library, Preservation information URL, Deposit policy directory, URL for deposit policy, identificadores_persistentes, cumple_oa_doaj, Continues, Continued By, codigos_lcc, subscribe_to_open, Mirror Journal, Open Journals Collective, materias, fecha_incorporacion_doaj, fecha_actualizacion_doaj, Last Full Review Date, num_articulos, fecha_ultimo_articulo, apc_monto, apc_moneda, editorial_rapida"
1909-9711,Acta Colombiana De Psicología,acta colombiana psicologia,253,imputado,150.0,True,"apc_monto, apc_moneda","issn_electronic, institucion_editora_2, institucion_editora_3, url_revista, url_doaj, When did the journal start to publish all content using an open license?, titulo_alternativo, issn_impreso, issn_electronico, palabras_clave, idiomas, editorial, pais_editorial, Other organisation, Country of other organisation, licencia, atributos_licencia, URL for license terms, cc_legible_maquina, autor_retiene_copyright, Copyright information URL, tipo_revision, Review process information URL, politica_plagio, URL for journal's aims & scope, URL for the Editorial Board page, URL for journal's instructions for authors, semanas_submission_publicacion, tiene_apc, APC information URL, politica_exencion, Waiver policy information URL, tiene_otros_cobros, Other fees information URL, servicios_preservacion, Preservation Service: national library, Preservation information URL, Deposit policy directory, URL for deposit policy, identificadores_persistentes, cumple_oa_doaj, Continues, Continued By, codigos_lcc, subscribe_to_open, Mirror Journal, Open Journals Collective, materias, fecha_incorporacion_doaj, fecha_actualizacion_doaj, Last Full Review Date, num_articulos, fecha_ultimo_articulo, apc_monto, apc_moneda, editorial_rapida"
2357-5328,Revista Facultad De Ingeniería,facultad ingenieria,254,imputado,150.0,True,"apc_monto, apc_moneda","issn_electronic, institucion_editora_2, institucion_editora_3, url_revista, url_doaj, When did the journal start to publish all content using an open license?, titulo_alternativo, issn_impreso, issn_electronico, palabras_clave, idiomas, editorial, pais_editorial, Other organisation, Country of other organisation, licencia, atributos_licencia, URL for license terms, cc_legible_maquina, autor_retiene_copyright, Copyright information URL, tipo_revision, Review process information URL, politica_plagio, URL for journal's aims & scope, URL for the Editorial Board page, URL for journal's instructions for authors, semanas_submission_publicacion, tiene_apc, APC information URL, politica_exencion, Waiver policy information URL, tiene_otros_cobros, Other fees information URL, servicios_preservacion, Preservation Service: national library, Preservation information URL, Deposit policy directory, URL for deposit policy, identificadores_persistentes, cumple_oa_doaj, Continues, Continued By, codigos_lcc, subscribe_to_open, Mirror Journal, Open Journals Collective, materias, fecha_incorporacion_doaj, fecha_actualizacion_doaj, Last Full Review Date, num_articulos, fecha_ultimo_articulo, apc_monto, apc_moneda, editorial_rapida"
2346-1780,Perseitas,perseitas,255,imputado,150.0,True,"apc_monto, apc_moneda","issn_electronic, institucion_editora_2, institucion_editora_3, titulo_alternativo, issn_impreso, Other organisation, Country of other organisation, atributos_licencia, Waiver policy information URL, Other fees information URL, servicios_preservacion, Preservation Service: national library, Preservation information URL, Continues, Continued By, apc_monto, apc_moneda"
2538-9866,Revista Interamericana De Bibliotecología,interamericana bibliotecologia,256,imputado,150.0,True,"apc_monto, apc_moneda","issn_electronic, institucion_editora_2, institucion_editora_3, url_revista, url_doaj, When did the journal start to publish all content using an open license?, titulo_alternativo, issn_impreso, issn_electronico, palabras_clave, idiomas, editorial, pais_editorial, Other organisation, Country of other organisation, licencia, atributos_licencia, URL for license terms, cc_legible_maquina, autor_retiene_copyright, Copyright information URL, tipo_revision, Review process information URL, politica_plagio, URL for journal's aims & scope, URL for the Editorial Board page, URL for journal's instructions for authors, semanas_submission_publicacion, tiene_apc, APC information URL, politica_exencion, Waiver policy information URL, tiene_otros_cobros, Other fees information URL, servicios_preservacion, Preservation Service: national library, Preservation information URL, Deposit policy directory, URL for deposit policy, identificadores_persistentes, cumple_oa_doaj, Continues, Continued By, codigos_lcc, subscribe_to_open, Mirror Journal, Open Journals Collective, materias, fecha_incorporacion_doaj, fecha_actualizacion_doaj, Last Full Review Date, num_articulos, fecha_ultimo_articulo, apc_monto, apc_moneda, editorial_rapida"
2382-3860,Economicas Cuc,economicas cuc,257,imputado,150.0,True,"apc_monto, apc_moneda","issn_electronic, institucion_editora_2, institucion_editora_3, url_revista, url_doaj, When did the journal start to publish all content using an open license?, titulo_alternativo, issn_impreso, issn_electronico, palabras_clave, idiomas, editorial, pais_editorial, Other organisation, Country of other organisation, licencia, atributos_licencia, URL for license terms, cc_legible_maquina, autor_retiene_copyright, Copyright information URL, tipo_revision, Review process information URL, politica_plagio, URL for journal's aims & scope, URL for the Editorial Board page, URL for journal's instructions for authors, semanas_submission_publicacion, tiene_apc, APC information URL, politica_exencion, Waiver policy information URL, tiene_otros_cobros, Other fees information URL, servicios_preservacion, Preservation Service: national library, Preservation information URL, Deposit policy directory, URL for deposit policy, identificadores_persistentes, cumple_oa_doaj, Continues, Continued By, codigos_lcc, subscribe_to_open, Mirror Journal, Open Journals Collective, materias, fecha_incorporacion_doaj, fecha_actualizacion_doaj, Last Full Review Date, num_articulos, fecha_ultimo_articulo, apc_monto, apc_moneda, editorial_rapida"
1909-7719,Revista Facultad De Ciencias Económicas : Investigación Y Reflexión,facultad ciencias economicas investigacion reflexion,258,imputado,150.0,True,"apc_monto, apc_moneda","issn_electronic, institucion_editora_2, institucion_editora_3, url_revista, url_doaj, When did the journal start to publish all content using an open license?, titulo_alternativo, issn_impreso, issn_electronico, palabras_clave, idiomas, editorial, pais_editorial, Other organisation, Country of other organisation, licencia, atributos_licencia, URL for license terms, cc_legible_maquina, autor_retiene_copyright, Copyright information URL, tipo_revision, Review process information URL, politica_plagio, URL for journal's aims & scope, URL for the Editorial Board page, URL for journal's instructions for authors, semanas_submission_publicacion, tiene_apc, APC information URL, politica_exencion, Waiver policy information URL, tiene_otros_cobros, Other fees information URL, servicios_preservacion, Preservation Service: national library, Preservation information URL, Deposit policy directory, URL for deposit policy, identificadores_persistentes, cumple_oa_doaj, Continues, Continued By, codigos_lcc, subscribe_to_open, Mirror Journal, Open Journals Collective, materias, fecha_incorporacion_doaj, fecha_actualizacion_doaj, Last Full Review Date, num_articulos, fecha_ultimo_articulo, apc_monto, apc_moneda, editorial_rapida"
1794-2918,Jurídicas,juridicas,259,imputado,150.0,True,"apc_monto, apc_moneda","issn_electronic, issn_linking, institucion_editora_2, institucion_editora_3, titulo_alternativo, Country of other organisation, atributos_licencia, Waiver policy information URL, Other fees information URL, servicios_preservacion, Preservation Service: national library, Preservation information URL, Deposit policy directory, URL for deposit policy, Continues, Continued By, apc_monto, apc_moneda"
2248-6054,Acta Médica Colombiana,acta medica colombiana,260,imputado,150.0,True,"apc_monto, apc_moneda","issn_electronic, codigo_dane, institucion_editora_2, institucion_editora_3, pais_iso, url_revista, url_doaj, When did the journal start to publish all content using an open license?, titulo_alternativo, issn_impreso, issn_electronico, palabras_clave, idiomas, editorial, pais_editorial, Other organisation, Country of other organisation, licencia, atributos_licencia, URL for license terms, cc_legible_maquina, autor_retiene_copyright, Copyright information URL, tipo_revision, Review process information URL, politica_plagio, URL for journal's aims & scope, URL for the Editorial Board page, URL for journal's instructions for authors, semanas_submission_publicacion, tiene_apc, APC information URL, politica_exencion, Waiver policy information URL, tiene_otros_cobros, Other fees information URL, servicios_preservacion, Preservation Service: national library, Preservation information URL, Deposit policy directory, URL for deposit policy, identificadores_persistentes, cumple_oa_doaj, Continues, Continued By, codigos_lcc, subscribe_to_open, Mirror Journal, Open Journals Collective, materias, fecha_incorporacion_doaj, fecha_actualizacion_doaj, Last Full Review Date, num_articulos, fecha_ultimo_articulo, apc_monto, apc_moneda, editorial_rapida"
2357-3732,Agronomía Colombiana,agronomia colombiana,261,imputado,200.0,True,"apc_monto, apc_moneda","issn_electronic, institucion_editora_1, institucion_editora_2, institucion_editora_3, url_revista, url_doaj, When did the journal start to publish all content using an open license?, titulo_alternativo, issn_impreso, issn_electronico, palabras_clave, idiomas, editorial, pais_editorial, Other organisation, Country of other organisation, licencia, atributos_licencia, URL for license terms, cc_legible_maquina, autor_retiene_copyright, Copyright information URL, tipo_revision, Review process information URL, politica_plagio, URL for journal's aims & scope, URL for the Editorial Board page, URL for journal's instructions for authors, semanas_submission_publicacion, tiene_apc, APC information URL, politica_exencion, Waiver policy information URL, tiene_otros_cobros, Other fees information URL, servicios_preservacion, Preservation Service: national library, Preservation information URL, Deposit policy directory, URL for deposit policy, identificadores_persistentes, cumple_oa_doaj, Continues, Continued By, codigos_lcc, subscribe_to_open, Mirror Journal, Open Journals Collective, materias, fecha_incorporacion_doaj, fecha_actualizacion_doaj, Last Full Review Date, num_articulos, fecha_ultimo_articulo, apc_monto, apc_moneda, editorial_rapida"
1909-7727,Prolegomenos : Derechos Y Valores,prolegomenos derechos valores,262,imputado,150.0,True,"apc_monto, apc_moneda","issn_electronic, institucion_editora_2, institucion_editora_3, url_revista, url_doaj, When did the journal start to publish all content using an open license?, titulo_alternativo, issn_impreso, issn_electronico, palabras_clave, idiomas, editorial, pais_editorial, Other organisation, Country of other organisation, licencia, atributos_licencia, URL for license terms, cc_legible_maquina, autor_retiene_copyright, Copyright information URL, tipo_revision, Review process information URL, politica_plagio, URL for journal's aims & scope, URL for the Editorial Board page, URL for journal's instructions for authors, semanas_submission_publicacion, tiene_apc, APC information URL, politica_exencion, Waiver policy information URL, tiene_otros_cobros, Other fees information URL, servicios_preservacion, Preservation Service: national library, Preservation information URL, Deposit policy directory, URL for deposit policy, identificadores_persistentes, cumple_oa_doaj, Continues, Continued By, codigos_lcc, subscribe_to_open, Mirror Journal, Open Journals Collective, materias, fecha_incorporacion_doaj, fecha_actualizacion_doaj, Last Full Review Date, num_articulos, fecha_ultimo_articulo, apc_monto, apc_moneda, editorial_rapida"
2357-6286,Educación Y Ciudad,educacion ciudad,263,imputado,150.0,True,"apc_monto, apc_moneda","issn_electronic, institucion_editora_2, institucion_editora_3, url_revista, url_doaj, When did the journal start to publish all content using an open license?, titulo_alternativo, issn_impreso, issn_electronico, palabras_clave, idiomas, editorial, pais_editorial, Other organisation, Country of other organisation, licencia, atributos_licencia, URL for license terms, cc_legible_maquina, autor_retiene_copyright, Copyright information URL, tipo_revision, Review process information URL, politica_plagio, URL for journal's aims & scope, URL for the Editorial Board page, URL for journal's instructions for authors, semanas_submission_publicacion, tiene_apc, APC information URL, politica_exencion, Waiver policy information URL, tiene_otros_cobros, Other fees information URL, servicios_preservacion, Preservation Service: national library, Preservation information URL, Deposit policy directory, URL for deposit policy, identificadores_persistentes, cumple_oa_doaj, Continues, Continued By, codigos_lcc, subscribe_to_open, Mirror Journal, Open Journals Collective, materias, fecha_incorporacion_doaj, fecha_actualizacion_doaj, Last Full Review Date, num_articulos, fecha_ultimo_articulo, apc_monto, apc_moneda, editorial_rapida"
2500-7440,Revista Colombiana De Gastroenterología,colombiana gastroenterologia,264,imputado,150.0,True,"apc_monto, apc_moneda","issn_electronic, institucion_editora_2, institucion_editora_3, titulo_alternativo, issn_impreso, Other organisation, Country of other organisation, atributos_licencia, Waiver policy information URL, Other fees information URL, servicios_preservacion, Preservation Service: national library, Preservation information URL, Deposit policy directory, URL for deposit policy, Continues, Continued By, apc_monto, apc_moneda"
2145-8480,Ion,ion,265,imputado,150.0,True,"apc_monto, apc_moneda","issn_electronic, institucion_editora_2, institucion_editora_3, url_revista, url_doaj, When did the journal start to publish all content using an open license?, titulo_alternativo, issn_impreso, issn_electronico, palabras_clave, idiomas, editorial, pais_editorial, Other organisation, Country of other organisation, licencia, atributos_licencia, URL for license terms, cc_legible_maquina, autor_retiene_copyright, Copyright information URL, tipo_revision, Review process information URL, politica_plagio, URL for journal's aims & scope, URL for the Editorial Board page, URL for journal's instructions for authors, semanas_submission_publicacion, tiene_apc, APC information URL, politica_exencion, Waiver policy information URL, tiene_otros_cobros, Other fees information URL, servicios_preservacion, Preservation Service: national library, Preservation information URL, Deposit policy directory, URL for deposit policy, identificadores_persistentes, cumple_oa_doaj, Continues, Continued By, codigos_lcc, subscribe_to_open, Mirror Journal, Open Journals Collective, materias, fecha_incorporacion_doaj, fecha_actualizacion_doaj, Last Full Review Date, num_articulos, fecha_ultimo_articulo, apc_monto, apc_moneda, editorial_rapida"
2422-3719,Revista Colombiana De Ciencias Hortícolas,colombiana ciencias horticolas,266,imputado,200.0,True,"apc_monto, apc_moneda","issn_electronic, institucion_editora_3, url_revista, url_doaj, When did the journal start to publish all content using an open license?, titulo_alternativo, issn_impreso, issn_electronico, palabras_clave, idiomas, editorial, pais_editorial, Other organisation, Country of other organisation, licencia, atributos_licencia, URL for license terms, cc_legible_maquina, autor_retiene_copyright, Copyright information URL, tipo_revision, Review process information URL, politica_plagio, URL for journal's aims & scope, URL for the Editorial Board page, URL for journal's instructions for authors, semanas_submission_publicacion, tiene_apc, APC information URL, politica_exencion, Waiver policy information URL, tiene_otros_cobros, Other fees information URL, servicios_preservacion, Preservation Service: national library, Preservation information URL, Deposit policy directory, URL for deposit policy, identificadores_persistentes, cumple_oa_doaj, Continues, Continued By, codigos_lcc, subscribe_to_open, Mirror Journal, Open Journals Collective, materias, fecha_incorporacion_doaj, fecha_actualizacion_doaj, Last Full Review Date, num_articulos, fecha_ultimo_articulo, apc_monto, apc_moneda, editorial_rapida"
2145-8553,Boletín De Geología,boletin geologia,267,imputado,150.0,True,"apc_monto, apc_moneda","issn_electronic, institucion_editora_2, institucion_editora_3, url_revista, url_doaj, When did the journal start to publish all content using an open license?, titulo_alternativo, issn_impreso, issn_electronico, palabras_clave, idiomas, editorial, pais_editorial, Other organisation, Country of other organisation, licencia, atributos_licencia, URL for license terms, cc_legible_maquina, autor_retiene_copyright, Copyright information URL, tipo_revision, Review process information URL, politica_plagio, URL for journal's aims & scope, URL for the Editorial Board page, URL for journal's instructions for authors, semanas_submission_publicacion, tiene_apc, APC information URL, politica_exencion, Waiver policy information URL, tiene_otros_cobros, Other fees information URL, servicios_preservacion, Preservation Service: national library, Preservation information URL, Deposit policy directory, URL for deposit policy, identificadores_persistentes, cumple_oa_doaj, Continues, Continued By, codigos_lcc, subscribe_to_open, Mirror Journal, Open Journals Collective, materias, fecha_incorporacion_doaj, fecha_actualizacion_doaj, Last Full Review Date, num_articulos, fecha_ultimo_articulo, apc_monto, apc_moneda, editorial_rapida"
1900-2386,Psychologia. Avances De La Disciplina,psychologia avances disciplina,268,imputado,150.0,True,"apc_monto, apc_moneda","issn_electronic, issn_linking, institucion_editora_2, institucion_editora_3, url_revista, url_doaj, When did the journal start to publish all content using an open license?, titulo_alternativo, issn_impreso, issn_electronico, palabras_clave, idiomas, editorial, pais_editorial, Other organisation, Country of other organisation, licencia, atributos_licencia, URL for license terms, cc_legible_maquina, autor_retiene_copyright, Copyright information URL, tipo_revision, Review process information URL, politica_plagio, URL for journal's aims & scope, URL for the Editorial Board page, URL for journal's instructions for authors, semanas_submission_publicacion, tiene_apc, APC information URL, politica_exencion, Waiver policy information URL, tiene_otros_cobros, Other fees information URL, servicios_preservacion, Preservation Service: national library, Preservation information URL, Deposit policy directory, URL for deposit policy, identificadores_persistentes, cumple_oa_doaj, Continues, Continued By, codigos_lcc, subscribe_to_open, Mirror Journal, Open Journals Collective, materias, fecha_incorporacion_doaj, fecha_actualizacion_doaj, Last Full Review Date, num_articulos, fecha_ultimo_articulo, apc_monto, apc_moneda, editorial_rapida"
2500-5375,Cuadernos De Filosofía Latinoamericana,cuadernos filosofia latinoamericana,269,imputado,150.0,True,"apc_monto, apc_moneda","issn_electronic, institucion_editora_2, institucion_editora_3, titulo_alternativo, issn_impreso, Other organisation, Country of other organisation, atributos_licencia, Waiver policy information URL, Other fees information URL, servicios_preservacion, Preservation Service: national library, Preservation information URL, Continues, Continued By, apc_monto, apc_moneda"
2422-3271,Informes Psicológicos,informes psicologicos,270,imputado,150.0,True,"apc_monto, apc_moneda","issn_electronic, institucion_editora_2, institucion_editora_3, url_revista, url_doaj, When did the journal start to publish all content using an open license?, titulo_alternativo, issn_impreso, issn_electronico, palabras_clave, idiomas, editorial, pais_editorial, Other organisation, Country of other organisation, licencia, atributos_licencia, URL for license terms, cc_legible_maquina, autor_retiene_copyright, Copyright information URL, tipo_revision, Review process information URL, politica_plagio, URL for journal's aims & scope, URL for the Editorial Board page, URL for journal's instructions for authors, semanas_submission_publicacion, tiene_apc, APC information URL, politica_exencion, Waiver policy information URL, tiene_otros_cobros, Other fees information URL, servicios_preservacion, Preservation Service: national library, Preservation information URL, Deposit policy directory, URL for deposit policy, identificadores_persistentes, cumple_oa_doaj, Continues, Continued By, codigos_lcc, subscribe_to_open, Mirror Journal, Open Journals Collective, materias, fecha_incorporacion_doaj, fecha_actualizacion_doaj, Last Full Review Date, num_articulos, fecha_ultimo_articulo, apc_monto, apc_moneda, editorial_rapida"
2027-0119,Revista Urologia Colombiana,urologia colombiana,271,imputado,150.0,True,"apc_monto, apc_moneda","issn_electronic, institucion_editora_2, institucion_editora_3, url_revista, url_doaj, When did the journal start to publish all content using an open license?, titulo_alternativo, issn_impreso, issn_electronico, palabras_clave, idiomas, editorial, pais_editorial, Other organisation, Country of other organisation, licencia, atributos_licencia, URL for license terms, cc_legible_maquina, autor_retiene_copyright, Copyright information URL, tipo_revision, Review process information URL, politica_plagio, URL for journal's aims & scope, URL for the Editorial Board page, URL for journal's instructions for authors, semanas_submission_publicacion, tiene_apc, APC information URL, politica_exencion, Waiver policy information URL, tiene_otros_cobros, Other fees information URL, servicios_preservacion, Preservation Service: national library, Preservation information URL, Deposit policy directory, URL for deposit policy, identificadores_persistentes, cumple_oa_doaj, Continues, Continued By, codigos_lcc, subscribe_to_open, Mirror Journal, Open Journals Collective, materias, fecha_incorporacion_doaj, fecha_actualizacion_doaj, Last Full Review Date, num_articulos, fecha_ultimo_articulo, apc_monto, apc_moneda, editorial_rapida"
0120-4211,Bistua : Revista  De La Facultad De Ciencias Básicas,bistua facultad ciencias basicas,272,imputado,150.0,True,"apc_monto, apc_moneda","issn_electronic, issn_linking, codigo_dane, institucion_editora_2, institucion_editora_3, pais_iso, url_revista, url_doaj, When did the journal start to publish all content using an open license?, titulo_alternativo, issn_impreso, issn_electronico, palabras_clave, idiomas, editorial, pais_editorial, Other organisation, Country of other organisation, licencia, atributos_licencia, URL for license terms, cc_legible_maquina, autor_retiene_copyright, Copyright information URL, tipo_revision, Review process information URL, politica_plagio, URL for journal's aims & scope, URL for the Editorial Board page, URL for journal's instructions for authors, semanas_submission_publicacion, tiene_apc, APC information URL, politica_exencion, Waiver policy information URL, tiene_otros_cobros, Other fees information URL, servicios_preservacion, Preservation Service: national library, Preservation information URL, Deposit policy directory, URL for deposit policy, identificadores_persistentes, cumple_oa_doaj, Continues, Continued By, codigos_lcc, subscribe_to_open, Mirror Journal, Open Journals Collective, materias, fecha_incorporacion_doaj, fecha_actualizacion_doaj, Last Full Review Date, num_articulos, fecha_ultimo_articulo, apc_monto, apc_moneda, editorial_rapida"
2256-5760,Profile,profile,273,imputado,150.0,True,"apc_monto, apc_moneda","issn_electronic, institucion_editora_1, institucion_editora_2, institucion_editora_3, url_revista, url_doaj, When did the journal start to publish all content using an open license?, titulo_alternativo, issn_impreso, issn_electronico, palabras_clave, idiomas, editorial, pais_editorial, Other organisation, Country of other organisation, licencia, atributos_licencia, URL for license terms, cc_legible_maquina, autor_retiene_copyright, Copyright information URL, tipo_revision, Review process information URL, politica_plagio, URL for journal's aims & scope, URL for the Editorial Board page, URL for journal's instructions for authors, semanas_submission_publicacion, tiene_apc, APC information URL, politica_exencion, Waiver policy information URL, tiene_otros_cobros, Other fees information URL, servicios_preservacion, Preservation Service: national library, Preservation information URL, Deposit policy directory, URL for deposit policy, identificadores_persistentes, cumple_oa_doaj, Continues, Continued By, codigos_lcc, subscribe_to_open, Mirror Journal, Open Journals Collective, materias, fecha_incorporacion_doaj, fecha_actualizacion_doaj, Last Full Review Date, num_articulos, fecha_ultimo_articulo, apc_monto, apc_moneda, editorial_rapida"
2539-3804,Lenguaje,lenguaje,274,imputado,150.0,True,"apc_monto, apc_moneda","issn_electronic, institucion_editora_2, institucion_editora_3, url_revista, url_doaj, When did the journal start to publish all content using an open license?, titulo_alternativo, issn_impreso, issn_electronico, palabras_clave, idiomas, editorial, pais_editorial, Other organisation, Country of other organisation, licencia, atributos_licencia, URL for license terms, cc_legible_maquina, autor_retiene_copyright, Copyright information URL, tipo_revision, Review process information URL, politica_plagio, URL for journal's aims & scope, URL for the Editorial Board page, URL for journal's instructions for authors, semanas_submission_publicacion, tiene_apc, APC information URL, politica_exencion, Waiver policy information URL, tiene_otros_cobros, Other fees information URL, servicios_preservacion, Preservation Service: national library, Preservation information URL, Deposit policy directory, URL for deposit policy, identificadores_persistentes, cumple_oa_doaj, Continues, Continued By, codigos_lcc, subscribe_to_open, Mirror Journal, Open Journals Collective, materias, fecha_incorporacion_doaj, fecha_actualizacion_doaj, Last Full Review Date, num_articulos, fecha_ultimo_articulo, apc_monto, apc_moneda, editorial_rapida"
2027-1182,Magis - Revista Internacional De Investigación En Educación,magis internacional investigacion educacion,275,imputado,150.0,True,"apc_monto, apc_moneda","issn_electronic, institucion_editora_2, institucion_editora_3, url_revista, url_doaj, When did the journal start to publish all content using an open license?, titulo_alternativo, issn_impreso, issn_electronico, palabras_clave, idiomas, editorial, pais_editorial, Other organisation, Country of other organisation, licencia, atributos_licencia, URL for license terms, cc_legible_maquina, autor_retiene_copyright, Copyright information URL, tipo_revision, Review process information URL, politica_plagio, URL for journal's aims & scope, URL for the Editorial Board page, URL for journal's instructions for authors, semanas_submission_publicacion, tiene_apc, APC information URL, politica_exencion, Waiver policy information URL, tiene_otros_cobros, Other fees information URL, servicios_preservacion, Preservation Service: national library, Preservation information URL, Deposit policy directory, URL for deposit policy, identificadores_persistentes, cumple_oa_doaj, Continues, Continued By, codigos_lcc, subscribe_to_open, Mirror Journal, Open Journals Collective, materias, fecha_incorporacion_doaj, fecha_actualizacion_doaj, Last Full Review Date, num_articulos, fecha_ultimo_articulo, apc_monto, apc_moneda, editorial_rapida"
2011-2769,Ingeniería Y Universidad,ingenieria universidad,276,imputado,150.0,True,"apc_monto, apc_moneda","issn_electronic, institucion_editora_2, institucion_editora_3, url_revista, url_doaj, When did the journal start to publish all content using an open license?, titulo_alternativo, issn_impreso, issn_electronico, palabras_clave, idiomas, editorial, pais_editorial, Other organisation, Country of other organisation, licencia, atributos_licencia, URL for license terms, cc_legible_maquina, autor_retiene_copyright, Copyright information URL, tipo_revision, Review process information URL, politica_plagio, URL for journal's aims & scope, URL for the Editorial Board page, URL for journal's instructions for authors, semanas_submission_publicacion, tiene_apc, APC information URL, politica_exencion, Waiver policy information URL, tiene_otros_cobros, Other fees information URL, servicios_preservacion, Preservation Service: national library, Preservation information URL, Deposit policy directory, URL for deposit policy, identificadores_persistentes, cumple_oa_doaj, Continues, Continued By, codigos_lcc, subscribe_to_open, Mirror Journal, Open Journals Collective, materias, fecha_incorporacion_doaj, fecha_actualizacion_doaj, Last Full Review Date, num_articulos, fecha_ultimo_articulo, apc_monto, apc_moneda, editorial_rapida"
2422-409X,Hallazgos,hallazgos,277,imputado,150.0,True,"apc_monto, apc_moneda","issn_electronic, institucion_editora_2, institucion_editora_3, url_revista, url_doaj, When did the journal start to publish all content using an open license?, titulo_alternativo, issn_impreso, issn_electronico, palabras_clave, idiomas, editorial, pais_editorial, Other organisation, Country of other organisation, licencia, atributos_licencia, URL for license terms, cc_legible_maquina, autor_retiene_copyright, Copyright information URL, tipo_revision, Review process information URL, politica_plagio, URL for journal's aims & scope, URL for the Editorial Board page, URL for journal's instructions for authors, semanas_submission_publicacion, tiene_apc, APC information URL, politica_exencion, Waiver policy information URL, tiene_otros_cobros, Other fees information URL, servicios_preservacion, Preservation Service: national library, Preservation information URL, Deposit policy directory, URL for deposit policy, identificadores_persistentes, cumple_oa_doaj, Continues, Continued By, codigos_lcc, subscribe_to_open, Mirror Journal, Open Journals Collective, materias, fecha_incorporacion_doaj, fecha_actualizacion_doaj, Last Full Review Date, num_articulos, fecha_ultimo_articulo, apc_monto, apc_moneda, editorial_rapida"
2256-5078,Cuadernos De Administración,cuadernos administracion,278,imputado,150.0,True,"apc_monto, apc_moneda","issn_electronic, institucion_editora_2, institucion_editora_3, url_revista, url_doaj, When did the journal start to publish all content using an open license?, titulo_alternativo, issn_impreso, issn_electronico, palabras_clave, idiomas, editorial, pais_editorial, Other organisation, Country of other organisation, licencia, atributos_licencia, URL for license terms, cc_legible_maquina, autor_retiene_copyright, Copyright information URL, tipo_revision, Review process information URL, politica_plagio, URL for journal's aims & scope, URL for the Editorial Board page, URL for journal's instructions for authors, semanas_submission_publicacion, tiene_apc, APC information URL, politica_exencion, Waiver policy information URL, tiene_otros_cobros, Other fees information URL, servicios_preservacion, Preservation Service: national library, Preservation information URL, Deposit policy directory, URL for deposit policy, identificadores_persistentes, cumple_oa_doaj, Continues, Continued By, codigos_lcc, subscribe_to_open, Mirror Journal, Open Journals Collective, materias, fecha_incorporacion_doaj, fecha_actualizacion_doaj, Last Full Review Date, num_articulos, fecha_ultimo_articulo, apc_monto, apc_moneda, editorial_rapida"
2256-3067,Diversitas : Perspectivas En Psicología,diversitas perspectivas psicologia,279,imputado,150.0,True,"apc_monto, apc_moneda","issn_electronic, institucion_editora_2, institucion_editora_3, url_revista, url_doaj, When did the journal start to publish all content using an open license?, titulo_alternativo, issn_impreso, issn_electronico, palabras_clave, idiomas, editorial, pais_editorial, Other organisation, Country of other organisation, licencia, atributos_licencia, URL for license terms, cc_legible_maquina, autor_retiene_copyright, Copyright information URL, tipo_revision, Review process information URL, politica_plagio, URL for journal's aims & scope, URL for the Editorial Board page, URL for journal's instructions for authors, semanas_submission_publicacion, tiene_apc, APC information URL, politica_exencion, Waiver policy information URL, tiene_otros_cobros, Other fees information URL, servicios_preservacion, Preservation Service: national library, Preservation information URL, Deposit policy directory, URL for deposit policy, identificadores_persistentes, cumple_oa_doaj, Continues, Continued By, codigos_lcc, subscribe_to_open, Mirror Journal, Open Journals Collective, materias, fecha_incorporacion_doaj, fecha_actualizacion_doaj, Last Full Review Date, num_articulos, fecha_ultimo_articulo, apc_monto, apc_moneda, editorial_rapida"
2539-4991,Nuevo Foro Penal,nuevo foro penal,280,imputado,150.0,True,"apc_monto, apc_moneda","issn_electronic, institucion_editora_2, institucion_editora_3, url_revista, url_doaj, When did the journal start to publish all content using an open license?, titulo_alternativo, issn_impreso, issn_electronico, palabras_clave, idiomas, editorial, pais_editorial, Other organisation, Country of other organisation, licencia, atributos_licencia, URL for license terms, cc_legible_maquina, autor_retiene_copyright, Copyright information URL, tipo_revision, Review process information URL, politica_plagio, URL for journal's aims & scope, URL for the Editorial Board page, URL for journal's instructions for authors, semanas_submission_publicacion, tiene_apc, APC information URL, politica_exencion, Waiver policy information URL, tiene_otros_cobros, Other fees information URL, servicios_preservacion, Preservation Service: national library, Preservation information URL, Deposit policy directory, URL for deposit policy, identificadores_persistentes, cumple_oa_doaj, Continues, Continued By, codigos_lcc, subscribe_to_open, Mirror Journal, Open Journals Collective, materias, fecha_incorporacion_doaj, fecha_actualizacion_doaj, Last Full Review Date, num_articulos, fecha_ultimo_articulo, apc_monto, apc_moneda, editorial_rapida"
0120-6230,Revista Facultad De Ingeniería,facultad ingenieria,281,imputado,150.0,True,"apc_monto, apc_moneda","issn_electronic, issn_linking, institucion_editora_2, institucion_editora_3, Other organisation, Country of other organisation, atributos_licencia, Waiver policy information URL, Other fees information URL, servicios_preservacion, Preservation Service: national library, Preservation information URL, Continues, Continued By, apc_monto, apc_moneda"
2011-7922,International Journal Of Psychological Research,psychological,282,imputado,150.0,True,"apc_monto, apc_moneda","issn_electronic, institucion_editora_2, institucion_editora_3, url_revista, url_doaj, When did the journal start to publish all content using an open license?, titulo_alternativo, issn_impreso, issn_electronico, palabras_clave, idiomas, editorial, pais_editorial, Other organisation, Country of other organisation, licencia, atributos_licencia, URL for license terms, cc_legible_maquina, autor_retiene_copyright, Copyright information URL, tipo_revision, Review process information URL, politica_plagio, URL for journal's aims & scope, URL for the Editorial Board page, URL for journal's instructions for authors, semanas_submission_publicacion, tiene_apc, APC information URL, politica_exencion, Waiver policy information URL, tiene_otros_cobros, Other fees information URL, servicios_preservacion, Preservation Service: national library, Preservation information URL, Deposit policy directory, URL for deposit policy, identificadores_persistentes, cumple_oa_doaj, Continues, Continued By, codigos_lcc, subscribe_to_open, Mirror Journal, Open Journals Collective, materias, fecha_incorporacion_doaj, fecha_actualizacion_doaj, Last Full Review Date, num_articulos, fecha_ultimo_articulo, apc_monto, apc_moneda, editorial_rapida"
2619-4244,Dictamen Libre,dictamen libre,283,imputado,150.0,True,"apc_monto, apc_moneda","issn_electronic, codigo_dane, institucion_editora_2, institucion_editora_3, pais_iso, url_revista, url_doaj, When did the journal start to publish all content using an open license?, titulo_alternativo, issn_impreso, issn_electronico, palabras_clave, idiomas, editorial, pais_editorial, Other organisation, Country of other organisation, licencia, atributos_licencia, URL for license terms, cc_legible_maquina, autor_retiene_copyright, Copyright information URL, tipo_revision, Review process information URL, politica_plagio, URL for journal's aims & scope, URL for the Editorial Board page, URL for journal's instructions for authors, semanas_submission_publicacion, tiene_apc, APC information URL, politica_exencion, Waiver policy information URL, tiene_otros_cobros, Other fees information URL, servicios_preservacion, Preservation Service: national library, Preservation information URL, Deposit policy directory, URL for deposit policy, identificadores_persistentes, cumple_oa_doaj, Continues, Continued By, codigos_lcc, subscribe_to_open, Mirror Journal, Open Journals Collective, materias, fecha_incorporacion_doaj, fecha_actualizacion_doaj, Last Full Review Date, num_articulos, fecha_ultimo_articulo, apc_monto, apc_moneda, editorial_rapida"
2145-7778,"Trilogía. Ciencia, Tecnologia Y Sociedad",trilogia ciencia tecnologia sociedad,284,imputado,150.0,True,"apc_monto, apc_moneda","issn_electronic, institucion_editora_2, institucion_editora_3, url_revista, url_doaj, When did the journal start to publish all content using an open license?, titulo_alternativo, issn_impreso, issn_electronico, palabras_clave, idiomas, editorial, pais_editorial, Other organisation, Country of other organisation, licencia, atributos_licencia, URL for license terms, cc_legible_maquina, autor_retiene_copyright, Copyright information URL, tipo_revision, Review process information URL, politica_plagio, URL for journal's aims & scope, URL for the Editorial Board page, URL for journal's instructions for authors, semanas_submission_publicacion, tiene_apc, APC information URL, politica_exencion, Waiver policy information URL, tiene_otros_cobros, Other fees information URL, servicios_preservacion, Preservation Service: national library, Preservation information URL, Deposit policy directory, URL for deposit policy, identificadores_persistentes, cumple_oa_doaj, Continues, Continued By, codigos_lcc, subscribe_to_open, Mirror Journal, Open Journals Collective, materias, fecha_incorporacion_doaj, fecha_actualizacion_doaj, Last Full Review Date, num_articulos, fecha_ultimo_articulo, apc_monto, apc_moneda, editorial_rapida"
0121-5051,"Innovar, Revista De Ciencias Administrativas Y Sociales",innovar ciencias administrativas sociales,285,imputado,150.0,True,"apc_monto, apc_moneda","issn_electronic, issn_linking, institucion_editora_2, institucion_editora_3, Other organisation, Country of other organisation, atributos_licencia, cc_legible_maquina, Waiver policy information URL, Other fees information URL, servicios_preservacion, Preservation Service: national library, Preservation information URL, Deposit policy directory, URL for deposit policy, Continues, Continued By, apc_monto, apc_moneda"
1900-6004,Colombia Internacional,colombia internacional,286,imputado,150.0,True,"apc_monto, apc_moneda","issn_electronic, institucion_editora_2, institucion_editora_3, url_revista, url_doaj, When did the journal start to publish all content using an open license?, titulo_alternativo, issn_impreso, issn_electronico, palabras_clave, idiomas, editorial, pais_editorial, Other organisation, Country of other organisation, licencia, atributos_licencia, URL for license terms, cc_legible_maquina, autor_retiene_copyright, Copyright information URL, tipo_revision, Review process information URL, politica_plagio, URL for journal's aims & scope, URL for the Editorial Board page, URL for journal's instructions for authors, semanas_submission_publicacion, tiene_apc, APC information URL, politica_exencion, Waiver policy information URL, tiene_otros_cobros, Other fees information URL, servicios_preservacion, Preservation Service: national library, Preservation information URL, Deposit policy directory, URL for deposit policy, identificadores_persistentes, cumple_oa_doaj, Continues, Continued By, codigos_lcc, subscribe_to_open, Mirror Journal, Open Journals Collective, materias, fecha_incorporacion_doaj, fecha_actualizacion_doaj, Last Full Review Date, num_articulos, fecha_ultimo_articulo, apc_monto, apc_moneda, editorial_rapida"
1909-0544,Revista Mvz Córdoba,mvz cordoba,287,imputado,200.0,True,"apc_monto, apc_moneda","issn_electronic, institucion_editora_2, institucion_editora_3, titulo_alternativo, issn_impreso, Other organisation, Country of other organisation, atributos_licencia, Waiver policy information URL, Other fees information URL, Deposit policy directory, URL for deposit policy, Continues, Continued By, Last Full Review Date, apc_monto, apc_moneda"
2539-200X,Biota Colombiana,biota colombiana,288,imputado,150.0,True,"apc_monto, apc_moneda","issn_electronic, institucion_editora_2, institucion_editora_3, url_revista, url_doaj, When did the journal start to publish all content using an open license?, titulo_alternativo, issn_impreso, issn_electronico, palabras_clave, idiomas, editorial, pais_editorial, Other organisation, Country of other organisation, licencia, atributos_licencia, URL for license terms, cc_legible_maquina, autor_retiene_copyright, Copyright information URL, tipo_revision, Review process information URL, politica_plagio, URL for journal's aims & scope, URL for the Editorial Board page, URL for journal's instructions for authors, semanas_submission_publicacion, tiene_apc, APC information URL, politica_exencion, Waiver policy information URL, tiene_otros_cobros, Other fees information URL, servicios_preservacion, Preservation Service: national library, Preservation information URL, Deposit policy directory, URL for deposit policy, identificadores_persistentes, cumple_oa_doaj, Continues, Continued By, codigos_lcc, subscribe_to_open, Mirror Journal, Open Journals Collective, materias, fecha_incorporacion_doaj, fecha_actualizacion_doaj, Last Full Review Date, num_articulos, fecha_ultimo_articulo, apc_monto, apc_moneda, editorial_rapida"
2145-308X,Panorama,panorama,289,imputado,150.0,True,"apc_monto, apc_moneda","issn_print, issn_electronic, institucion_editora_2, institucion_editora_3, url_revista, url_doaj, When did the journal start to publish all content using an open license?, titulo_alternativo, issn_impreso, issn_electronico, palabras_clave, idiomas, editorial, pais_editorial, Other organisation, Country of other organisation, licencia, atributos_licencia, URL for license terms, cc_legible_maquina, autor_retiene_copyright, Copyright information URL, tipo_revision, Review process information URL, politica_plagio, URL for journal's aims & scope, URL for the Editorial Board page, URL for journal's instructions for authors, semanas_submission_publicacion, tiene_apc, APC information URL, politica_exencion, Waiver policy information URL, tiene_otros_cobros, Other fees information URL, servicios_preservacion, Preservation Service: national library, Preservation information URL, Deposit policy directory, URL for deposit policy, identificadores_persistentes, cumple_oa_doaj, Continues, Continued By, codigos_lcc, subscribe_to_open, Mirror Journal, Open Journals Collective, materias, fecha_incorporacion_doaj, fecha_actualizacion_doaj, Last Full Review Date, num_articulos, fecha_ultimo_articulo, apc_monto, apc_moneda, editorial_rapida"
2344-7214,Scientia Et Technica,scientia et technica,290,imputado,150.0,True,"apc_monto, apc_moneda","issn_electronic, institucion_editora_2, institucion_editora_3, url_revista, url_doaj, When did the journal start to publish all content using an open license?, titulo_alternativo, issn_impreso, issn_electronico, palabras_clave, idiomas, editorial, pais_editorial, Other organisation, Country of other organisation, licencia, atributos_licencia, URL for license terms, cc_legible_maquina, autor_retiene_copyright, Copyright information URL, tipo_revision, Review process information URL, politica_plagio, URL for journal's aims & scope, URL for the Editorial Board page, URL for journal's instructions for authors, semanas_submission_publicacion, tiene_apc, APC information URL, politica_exencion, Waiver policy information URL, tiene_otros_cobros, Other fees information URL, servicios_preservacion, Preservation Service: national library, Preservation information URL, Deposit policy directory, URL for deposit policy, identificadores_persistentes, cumple_oa_doaj, Continues, Continued By, codigos_lcc, subscribe_to_open, Mirror Journal, Open Journals Collective, materias, fecha_incorporacion_doaj, fecha_actualizacion_doaj, Last Full Review Date, num_articulos, fecha_ultimo_articulo, apc_monto, apc_moneda, editorial_rapida"
2027-5366,Dikaion - Lo Justo,dikaion lo justo,291,imputado,150.0,True,"apc_monto, apc_moneda","issn_electronic, institucion_editora_2, institucion_editora_3, url_revista, url_doaj, When did the journal start to publish all content using an open license?, titulo_alternativo, issn_impreso, issn_electronico, palabras_clave, idiomas, editorial, pais_editorial, Other organisation, Country of other organisation, licencia, atributos_licencia, URL for license terms, cc_legible_maquina, autor_retiene_copyright, Copyright information URL, tipo_revision, Review process information URL, politica_plagio, URL for journal's aims & scope, URL for the Editorial Board page, URL for journal's instructions for authors, semanas_submission_publicacion, tiene_apc, APC information URL, politica_exencion, Waiver policy information URL, tiene_otros_cobros, Other fees information URL, servicios_preservacion, Preservation Service: national library, Preservation information URL, Deposit policy directory, URL for deposit policy, identificadores_persistentes, cumple_oa_doaj, Continues, Continued By, codigos_lcc, subscribe_to_open, Mirror Journal, Open Journals Collective, materias, fecha_incorporacion_doaj, fecha_actualizacion_doaj, Last Full Review Date, num_articulos, fecha_ultimo_articulo, apc_monto, apc_moneda, editorial_rapida"
1909-9959,Biotecnología En El Sector Agropecuario Y Agroindustrial,biotecnologia sector agropecuario agroindustrial,292,imputado,200.0,True,"apc_monto, apc_moneda","issn_electronic, institucion_editora_2, institucion_editora_3, url_revista, url_doaj, When did the journal start to publish all content using an open license?, titulo_alternativo, issn_impreso, issn_electronico, palabras_clave, idiomas, editorial, pais_editorial, Other organisation, Country of other organisation, licencia, atributos_licencia, URL for license terms, cc_legible_maquina, autor_retiene_copyright, Copyright information URL, tipo_revision, Review process information URL, politica_plagio, URL for journal's aims & scope, URL for the Editorial Board page, URL for journal's instructions for authors, semanas_submission_publicacion, tiene_apc, APC information URL, politica_exencion, Waiver policy information URL, tiene_otros_cobros, Other fees information URL, servicios_preservacion, Preservation Service: national library, Preservation information URL, Deposit policy directory, URL for deposit policy, identificadores_persistentes, cumple_oa_doaj, Continues, Continued By, codigos_lcc, subscribe_to_open, Mirror Journal, Open Journals Collective, materias, fecha_incorporacion_doaj, fecha_actualizacion_doaj, Last Full Review Date, num_articulos, fecha_ultimo_articulo, apc_monto, apc_moneda, editorial_rapida"
0034-7426,Revista Colombiana De Matemáticas,colombiana matematicas,293,imputado,150.0,True,"apc_monto, apc_moneda","issn_electronic, issn_linking, institucion_editora_2, institucion_editora_3, url_revista, url_doaj, When did the journal start to publish all content using an open license?, titulo_alternativo, issn_impreso, issn_electronico, palabras_clave, idiomas, editorial, pais_editorial, Other organisation, Country of other organisation, licencia, atributos_licencia, URL for license terms, cc_legible_maquina, autor_retiene_copyright, Copyright information URL, tipo_revision, Review process information URL, politica_plagio, URL for journal's aims & scope, URL for the Editorial Board page, URL for journal's instructions for authors, semanas_submission_publicacion, tiene_apc, APC information URL, politica_exencion, Waiver policy information URL, tiene_otros_cobros, Other fees information URL, servicios_preservacion, Preservation Service: national library, Preservation information URL, Deposit policy directory, URL for deposit policy, identificadores_persistentes, cumple_oa_doaj, Continues, Continued By, codigos_lcc, subscribe_to_open, Mirror Journal, Open Journals Collective, materias, fecha_incorporacion_doaj, fecha_actualizacion_doaj, Last Full Review Date, num_articulos, fecha_ultimo_articulo, apc_monto, apc_moneda, editorial_rapida"
2027-2448,Revista Pensamiento Americano,pensamiento americano,294,imputado,150.0,True,"apc_monto, apc_moneda","issn_electronic, issn_linking, institucion_editora_2, institucion_editora_3, url_revista, url_doaj, When did the journal start to publish all content using an open license?, titulo_alternativo, issn_impreso, issn_electronico, palabras_clave, idiomas, editorial, pais_editorial, Other organisation, Country of other organisation, licencia, atributos_licencia, URL for license terms, cc_legible_maquina, autor_retiene_copyright, Copyright information URL, tipo_revision, Review process information URL, politica_plagio, URL for journal's aims & scope, URL for the Editorial Board page, URL for journal's instructions for authors, semanas_submission_publicacion, tiene_apc, APC information URL, politica_exencion, Waiver policy information URL, tiene_otros_cobros, Other fees information URL, servicios_preservacion, Preservation Service: national library, Preservation information URL, Deposit policy directory, URL for deposit policy, identificadores_persistentes, cumple_oa_doaj, Continues, Continued By, codigos_lcc, subscribe_to_open, Mirror Journal, Open Journals Collective, materias, fecha_incorporacion_doaj, fecha_actualizacion_doaj, Last Full Review Date, num_articulos, fecha_ultimo_articulo, apc_monto, apc_moneda, editorial_rapida"
2215-969X,Dearquitectura,dearquitectura,295,imputado,150.0,True,"apc_monto, apc_moneda","issn_electronic, institucion_editora_2, institucion_editora_3, titulo_alternativo, issn_impreso, Other organisation, Country of other organisation, atributos_licencia, cc_legible_maquina, Waiver policy information URL, Other fees information URL, servicios_preservacion, Preservation Service: national library, Preservation information URL, Deposit policy directory, URL for deposit policy, Continues, Continued By, apc_monto, apc_moneda"
2539-5203,Revista Medica De Risaralda,medica risaralda,296,imputado,150.0,True,"apc_monto, apc_moneda","issn_electronic, institucion_editora_2, institucion_editora_3, url_revista, url_doaj, When did the journal start to publish all content using an open license?, titulo_alternativo, issn_impreso, issn_electronico, palabras_clave, idiomas, editorial, pais_editorial, Other organisation, Country of other organisation, licencia, atributos_licencia, URL for license terms, cc_legible_maquina, autor_retiene_copyright, Copyright information URL, tipo_revision, Review process information URL, politica_plagio, URL for journal's aims & scope, URL for the Editorial Board page, URL for journal's instructions for authors, semanas_submission_publicacion, tiene_apc, APC information URL, politica_exencion, Waiver policy information URL, tiene_otros_cobros, Other fees information URL, servicios_preservacion, Preservation Service: national library, Preservation information URL, Deposit policy directory, URL for deposit policy, identificadores_persistentes, cumple_oa_doaj, Continues, Continued By, codigos_lcc, subscribe_to_open, Mirror Journal, Open Journals Collective, materias, fecha_incorporacion_doaj, fecha_actualizacion_doaj, Last Full Review Date, num_articulos, fecha_ultimo_articulo, apc_monto, apc_moneda, editorial_rapida"
2322-7028,Ciencia Y Cuidado,ciencia cuidado,297,imputado,150.0,True,"apc_monto, apc_moneda","issn_electronic, institucion_editora_2, institucion_editora_3, url_revista, url_doaj, When did the journal start to publish all content using an open license?, titulo_alternativo, issn_impreso, issn_electronico, palabras_clave, idiomas, editorial, pais_editorial, Other organisation, Country of other organisation, licencia, atributos_licencia, URL for license terms, cc_legible_maquina, autor_retiene_copyright, Copyright information URL, tipo_revision, Review process information URL, politica_plagio, URL for journal's aims & scope, URL for the Editorial Board page, URL for journal's instructions for authors, semanas_submission_publicacion, tiene_apc, APC information URL, politica_exencion, Waiver policy information URL, tiene_otros_cobros, Other fees information URL, servicios_preservacion, Preservation Service: national library, Preservation information URL, Deposit policy directory, URL for deposit policy, identificadores_persistentes, cumple_oa_doaj, Continues, Continued By, codigos_lcc, subscribe_to_open, Mirror Journal, Open Journals Collective, materias, fecha_incorporacion_doaj, fecha_actualizacion_doaj, Last Full Review Date, num_articulos, fecha_ultimo_articulo, apc_monto, apc_moneda, editorial_rapida"
2145-7166,Actualidades Biológicas,actualidades biologicas,298,imputado,150.0,True,"apc_monto, apc_moneda","issn_electronic, institucion_editora_2, institucion_editora_3, url_revista, url_doaj, When did the journal start to publish all content using an open license?, titulo_alternativo, issn_impreso, issn_electronico, palabras_clave, idiomas, editorial, pais_editorial, Other organisation, Country of other organisation, licencia, atributos_licencia, URL for license terms, cc_legible_maquina, autor_retiene_copyright, Copyright information URL, tipo_revision, Review process information URL, politica_plagio, URL for journal's aims & scope, URL for the Editorial Board page, URL for journal's instructions for authors, semanas_submission_publicacion, tiene_apc, APC information URL, politica_exencion, Waiver policy information URL, tiene_otros_cobros, Other fees information URL, servicios_preservacion, Preservation Service: national library, Preservation information URL, Deposit policy directory, URL for deposit policy, identificadores_persistentes, cumple_oa_doaj, Continues, Continued By, codigos_lcc, subscribe_to_open, Mirror Journal, Open Journals Collective, materias, fecha_incorporacion_doaj, fecha_actualizacion_doaj, Last Full Review Date, num_articulos, fecha_ultimo_articulo, apc_monto, apc_moneda, editorial_rapida"
2500-8692,Novum Jus: Revista Especializada en Sociología Jurídica y Política,novum jus especializada sociologia juridica politica,299,imputado,150.0,True,"apc_monto, apc_moneda","issn_electronic, codigo_dane, institucion_editora_2, institucion_editora_3, pais_iso, url_revista, url_doaj, When did the journal start to publish all content using an open license?, titulo_alternativo, issn_impreso, issn_electronico, palabras_clave, idiomas, editorial, pais_editorial, Other organisation, Country of other organisation, licencia, atributos_licencia, URL for license terms, cc_legible_maquina, autor_retiene_copyright, Copyright information URL, tipo_revision, Review process information URL, politica_plagio, URL for journal's aims & scope, URL for the Editorial Board page, URL for journal's instructions for authors, semanas_submission_publicacion, tiene_apc, APC information URL, politica_exencion, Waiver policy information URL, tiene_otros_cobros, Other fees information URL, servicios_preservacion, Preservation Service: national library, Preservation information URL, Deposit policy directory, URL for deposit policy, identificadores_persistentes, cumple_oa_doaj, Continues, Continued By, codigos_lcc, subscribe_to_open, Mirror Journal, Open Journals Collective, materias, fecha_incorporacion_doaj, fecha_actualizacion_doaj, Last Full Review Date, num_articulos, fecha_ultimo_articulo, apc_monto, apc_moneda, editorial_rapida"
2590-9452,Revista Colombiana De Bioética,colombiana bioetica,300,imputado,150.0,True,"apc_monto, apc_moneda","issn_electronic, institucion_editora_2, institucion_editora_3, url_revista, url_doaj, When did the journal start to publish all content using an open license?, titulo_alternativo, issn_impreso, issn_electronico, palabras_clave, idiomas, editorial, pais_editorial, Other organisation, Country of other organisation, licencia, atributos_licencia, URL for license terms, cc_legible_maquina, autor_retiene_copyright, Copyright information URL, tipo_revision, Review process information URL, politica_plagio, URL for journal's aims & scope, URL for the Editorial Board page, URL for journal's instructions for authors, semanas_submission_publicacion, tiene_apc, APC information URL, politica_exencion, Waiver policy information URL, tiene_otros_cobros, Other fees information URL, servicios_preservacion, Preservation Service: national library, Preservation information URL, Deposit policy directory, URL for deposit policy, identificadores_persistentes, cumple_oa_doaj, Continues, Continued By, codigos_lcc, subscribe_to_open, Mirror Journal, Open Journals Collective, materias, fecha_incorporacion_doaj, fecha_actualizacion_doaj, Last Full Review Date, num_articulos, fecha_ultimo_articulo, apc_monto, apc_moneda, editorial_rapida"
2346-0199,Revista Colombiana De Cancerología,colombiana cancerologia,301,imputado,150.0,True,"apc_monto, apc_moneda","issn_electronic, institucion_editora_2, institucion_editora_3, url_revista, url_doaj, When did the journal start to publish all content using an open license?, titulo_alternativo, issn_impreso, issn_electronico, palabras_clave, idiomas, editorial, pais_editorial, Other organisation, Country of other organisation, licencia, atributos_licencia, URL for license terms, cc_legible_maquina, autor_retiene_copyright, Copyright information URL, tipo_revision, Review process information URL, politica_plagio, URL for journal's aims & scope, URL for the Editorial Board page, URL for journal's instructions for authors, semanas_submission_publicacion, tiene_apc, APC information URL, politica_exencion, Waiver policy information URL, tiene_otros_cobros, Other fees information URL, servicios_preservacion, Preservation Service: national library, Preservation information URL, Deposit policy directory, URL for deposit policy, identificadores_persistentes, cumple_oa_doaj, Continues, Continued By, codigos_lcc, subscribe_to_open, Mirror Journal, Open Journals Collective, materias, fecha_incorporacion_doaj, fecha_actualizacion_doaj, Last Full Review Date, num_articulos, fecha_ultimo_articulo, apc_monto, apc_moneda, editorial_rapida"
2500-6517,Revista Iberoamericana De Psicología: Ciencia Y Tecnología,iberoamericana psicologia ciencia tecnologia,302,imputado,150.0,True,"apc_monto, apc_moneda","issn_electronic, institucion_editora_2, institucion_editora_3, url_revista, url_doaj, When did the journal start to publish all content using an open license?, titulo_alternativo, issn_impreso, issn_electronico, palabras_clave, idiomas, editorial, pais_editorial, Other organisation, Country of other organisation, licencia, atributos_licencia, URL for license terms, cc_legible_maquina, autor_retiene_copyright, Copyright information URL, tipo_revision, Review process information URL, politica_plagio, URL for journal's aims & scope, URL for the Editorial Board page, URL for journal's instructions for authors, semanas_submission_publicacion, tiene_apc, APC information URL, politica_exencion, Waiver policy information URL, tiene_otros_cobros, Other fees information URL, servicios_preservacion, Preservation Service: national library, Preservation information URL, Deposit policy directory, URL for deposit policy, identificadores_persistentes, cumple_oa_doaj, Continues, Continued By, codigos_lcc, subscribe_to_open, Mirror Journal, Open Journals Collective, materias, fecha_incorporacion_doaj, fecha_actualizacion_doaj, Last Full Review Date, num_articulos, fecha_ultimo_articulo, apc_monto, apc_moneda, editorial_rapida"
2665-3834,Franciscanum,franciscanum,303,imputado,150.0,True,"apc_monto, apc_moneda","issn_electronic, institucion_editora_2, institucion_editora_3, url_revista, url_doaj, When did the journal start to publish all content using an open license?, titulo_alternativo, issn_impreso, issn_electronico, palabras_clave, idiomas, editorial, pais_editorial, Other organisation, Country of other organisation, licencia, atributos_licencia, URL for license terms, cc_legible_maquina, autor_retiene_copyright, Copyright information URL, tipo_revision, Review process information URL, politica_plagio, URL for journal's aims & scope, URL for the Editorial Board page, URL for journal's instructions for authors, semanas_submission_publicacion, tiene_apc, APC information URL, politica_exencion, Waiver policy information URL, tiene_otros_cobros, Other fees information URL, servicios_preservacion, Preservation Service: national library, Preservation information URL, Deposit policy directory, URL for deposit policy, identificadores_persistentes, cumple_oa_doaj, Continues, Continued By, codigos_lcc, subscribe_to_open, Mirror Journal, Open Journals Collective, materias, fecha_incorporacion_doaj, fecha_actualizacion_doaj, Last Full Review Date, num_articulos, fecha_ultimo_articulo, apc_monto, apc_moneda, editorial_rapida"
2027-2103,Cuadernos De Vivienda Y Urbanismo,cuadernos vivienda urbanismo,304,imputado,150.0,True,"apc_monto, apc_moneda","issn_electronic, issn_linking, institucion_editora_2, institucion_editora_3, url_revista, url_doaj, When did the journal start to publish all content using an open license?, titulo_alternativo, issn_impreso, issn_electronico, palabras_clave, idiomas, editorial, pais_editorial, Other organisation, Country of other organisation, licencia, atributos_licencia, URL for license terms, cc_legible_maquina, autor_retiene_copyright, Copyright information URL, tipo_revision, Review process information URL, politica_plagio, URL for journal's aims & scope, URL for the Editorial Board page, URL for journal's instructions for authors, semanas_submission_publicacion, tiene_apc, APC information URL, politica_exencion, Waiver policy information URL, tiene_otros_cobros, Other fees information URL, servicios_preservacion, Preservation Service: national library, Preservation information URL, Deposit policy directory, URL for deposit policy, identificadores_persistentes, cumple_oa_doaj, Continues, Continued By, codigos_lcc, subscribe_to_open, Mirror Journal, Open Journals Collective, materias, fecha_incorporacion_doaj, fecha_actualizacion_doaj, Last Full Review Date, num_articulos, fecha_ultimo_articulo, apc_monto, apc_moneda, editorial_rapida"
2322-634X,Revista Colombiana de Salud Ocupacional,colombiana salud ocupacional,305,imputado,150.0,True,"apc_monto, apc_moneda","issn_print, issn_electronic, institucion_editora_2, institucion_editora_3, titulo_alternativo, issn_impreso, Other organisation, Country of other organisation, atributos_licencia, Waiver policy information URL, Other fees information URL, servicios_preservacion, Preservation Service: national library, Preservation information URL, Deposit policy directory, URL for deposit policy, Continues, Continued By, apc_monto, apc_moneda"
2346-3279,En Contexto,contexto,306,imputado,150.0,True,"apc_monto, apc_moneda","issn_electronic, issn_linking, institucion_editora_2, institucion_editora_3, titulo_alternativo, atributos_licencia, Waiver policy information URL, Other fees information URL, servicios_preservacion, Preservation Service: national library, Preservation information URL, Deposit policy directory, URL for deposit policy, Continues, Continued By, Last Full Review Date, apc_monto, apc_moneda"
2216-1201,Revista Colombiana De Ciencias Sociales,colombiana ciencias sociales,307,imputado,150.0,True,"apc_monto, apc_moneda","issn_print, issn_electronic, institucion_editora_2, institucion_editora_3, titulo_alternativo, issn_impreso, Other organisation, Country of other organisation, atributos_licencia, Waiver policy information URL, Other fees information URL, servicios_preservacion, Preservation Service: national library, Preservation information URL, Continues, Continued By, apc_monto, apc_moneda"
2256-1498,Mutis,mutis,308,imputado,150.0,True,"apc_monto, apc_moneda","issn_print, issn_electronic, institucion_editora_2, institucion_editora_3, issn_impreso, Other organisation, Country of other organisation, atributos_licencia, Waiver policy information URL, servicios_preservacion, Preservation Service: national library, Preservation information URL, Deposit policy directory, URL for deposit policy, Continues, Continued By, apc_monto, apc_moneda"
2346-3414,Revista Cuidarte,cuidarte,309,imputado,150.0,True,"apc_monto, apc_moneda","issn_electronic, institucion_editora_2, institucion_editora_3, url_revista, url_doaj, When did the journal start to publish all content using an open license?, titulo_alternativo, issn_impreso, issn_electronico, palabras_clave, idiomas, editorial, pais_editorial, Other organisation, Country of other organisation, licencia, atributos_licencia, URL for license terms, cc_legible_maquina, autor_retiene_copyright, Copyright information URL, tipo_revision, Review process information URL, politica_plagio, URL for journal's aims & scope, URL for the Editorial Board page, URL for journal's instructions for authors, semanas_submission_publicacion, tiene_apc, APC information URL, politica_exencion, Waiver policy information URL, tiene_otros_cobros, Other fees information URL, servicios_preservacion, Preservation Service: national library, Preservation information URL, Deposit policy directory, URL for deposit policy, identificadores_persistentes, cumple_oa_doaj, Continues, Continued By, codigos_lcc, subscribe_to_open, Mirror Journal, Open Journals Collective, materias, fecha_incorporacion_doaj, fecha_actualizacion_doaj, Last Full Review Date, num_articulos, fecha_ultimo_articulo, apc_monto, apc_moneda, editorial_rapida"
2145-9355,Revista De Derecho,derecho,310,imputado,150.0,True,"apc_monto, apc_moneda","issn_electronic, institucion_editora_2, institucion_editora_3, url_revista, url_doaj, When did the journal start to publish all content using an open license?, titulo_alternativo, issn_impreso, issn_electronico, palabras_clave, idiomas, editorial, pais_editorial, Other organisation, Country of other organisation, licencia, atributos_licencia, URL for license terms, cc_legible_maquina, autor_retiene_copyright, Copyright information URL, tipo_revision, Review process information URL, politica_plagio, URL for journal's aims & scope, URL for the Editorial Board page, URL for journal's instructions for authors, semanas_submission_publicacion, tiene_apc, APC information URL, politica_exencion, Waiver policy information URL, tiene_otros_cobros, Other fees information URL, servicios_preservacion, Preservation Service: national library, Preservation information URL, Deposit policy directory, URL for deposit policy, identificadores_persistentes, cumple_oa_doaj, Continues, Continued By, codigos_lcc, subscribe_to_open, Mirror Journal, Open Journals Collective, materias, fecha_incorporacion_doaj, fecha_actualizacion_doaj, Last Full Review Date, num_articulos, fecha_ultimo_articulo, apc_monto, apc_moneda, editorial_rapida"
2322-956X,Dimensión Empresarial,dimension empresarial,311,imputado,150.0,True,"apc_monto, apc_moneda","issn_electronic, institucion_editora_2, institucion_editora_3, url_revista, url_doaj, When did the journal start to publish all content using an open license?, titulo_alternativo, issn_impreso, issn_electronico, palabras_clave, idiomas, editorial, pais_editorial, Other organisation, Country of other organisation, licencia, atributos_licencia, URL for license terms, cc_legible_maquina, autor_retiene_copyright, Copyright information URL, tipo_revision, Review process information URL, politica_plagio, URL for journal's aims & scope, URL for the Editorial Board page, URL for journal's instructions for authors, semanas_submission_publicacion, tiene_apc, APC information URL, politica_exencion, Waiver policy information URL, tiene_otros_cobros, Other fees information URL, servicios_preservacion, Preservation Service: national library, Preservation information URL, Deposit policy directory, URL for deposit policy, identificadores_persistentes, cumple_oa_doaj, Continues, Continued By, codigos_lcc, subscribe_to_open, Mirror Journal, Open Journals Collective, materias, fecha_incorporacion_doaj, fecha_actualizacion_doaj, Last Full Review Date, num_articulos, fecha_ultimo_articulo, apc_monto, apc_moneda, editorial_rapida"
2389-9387,Praxis Filosófica,praxis filosofica,312,imputado,150.0,True,"apc_monto, apc_moneda","issn_electronic, institucion_editora_2, institucion_editora_3, url_revista, url_doaj, When did the journal start to publish all content using an open license?, titulo_alternativo, issn_impreso, issn_electronico, palabras_clave, idiomas, editorial, pais_editorial, Other organisation, Country of other organisation, licencia, atributos_licencia, URL for license terms, cc_legible_maquina, autor_retiene_copyright, Copyright information URL, tipo_revision, Review process information URL, politica_plagio, URL for journal's aims & scope, URL for the Editorial Board page, URL for journal's instructions for authors, semanas_submission_publicacion, tiene_apc, APC information URL, politica_exencion, Waiver policy information URL, tiene_otros_cobros, Other fees information URL, servicios_preservacion, Preservation Service: national library, Preservation information URL, Deposit policy directory, URL for deposit policy, identificadores_persistentes, cumple_oa_doaj, Continues, Continued By, codigos_lcc, subscribe_to_open, Mirror Journal, Open Journals Collective, materias, fecha_incorporacion_doaj, fecha_actualizacion_doaj, Last Full Review Date, num_articulos, fecha_ultimo_articulo, apc_monto, apc_moneda, editorial_rapida"
0120-5927,How,how,313,imputado,150.0,True,"apc_monto, apc_moneda","issn_electronic, issn_linking, institucion_editora_2, institucion_editora_3, titulo_alternativo, issn_electronico, Other organisation, Country of other organisation, atributos_licencia, Waiver policy information URL, Other fees information URL, Preservation Service: national library, Deposit policy directory, URL for deposit policy, Continues, Continued By, Last Full Review Date, apc_monto, apc_moneda"
2346-0253,Cuadernos Hispanoamericanos De Psicología,cuadernos hispanoamericanos psicologia,314,imputado,150.0,True,"apc_monto, apc_moneda","issn_electronic, institucion_editora_2, institucion_editora_3, url_revista, url_doaj, When did the journal start to publish all content using an open license?, titulo_alternativo, issn_impreso, issn_electronico, palabras_clave, idiomas, editorial, pais_editorial, Other organisation, Country of other organisation, licencia, atributos_licencia, URL for license terms, cc_legible_maquina, autor_retiene_copyright, Copyright information URL, tipo_revision, Review process information URL, politica_plagio, URL for journal's aims & scope, URL for the Editorial Board page, URL for journal's instructions for authors, semanas_submission_publicacion, tiene_apc, APC information URL, politica_exencion, Waiver policy information URL, tiene_otros_cobros, Other fees information URL, servicios_preservacion, Preservation Service: national library, Preservation information URL, Deposit policy directory, URL for deposit policy, identificadores_persistentes, cumple_oa_doaj, Continues, Continued By, codigos_lcc, subscribe_to_open, Mirror Journal, Open Journals Collective, materias, fecha_incorporacion_doaj, fecha_actualizacion_doaj, Last Full Review Date, num_articulos, fecha_ultimo_articulo, apc_monto, apc_moneda, editorial_rapida"
2256-1536,REVISTA BOLETÍN REDIPE,boletin redipe,315,imputado,150.0,True,"apc_monto, apc_moneda","issn_print, issn_electronic, institucion_editora_2, institucion_editora_3, url_revista, url_doaj, When did the journal start to publish all content using an open license?, titulo_alternativo, issn_impreso, issn_electronico, palabras_clave, idiomas, editorial, pais_editorial, Other organisation, Country of other organisation, licencia, atributos_licencia, URL for license terms, cc_legible_maquina, autor_retiene_copyright, Copyright information URL, tipo_revision, Review process information URL, politica_plagio, URL for journal's aims & scope, URL for the Editorial Board page, URL for journal's instructions for authors, semanas_submission_publicacion, tiene_apc, APC information URL, politica_exencion, Waiver policy information URL, tiene_otros_cobros, Other fees information URL, servicios_preservacion, Preservation Service: national library, Preservation information URL, Deposit policy directory, URL for deposit policy, identificadores_persistentes, cumple_oa_doaj, Continues, Continued By, codigos_lcc, subscribe_to_open, Mirror Journal, Open Journals Collective, materias, fecha_incorporacion_doaj, fecha_actualizacion_doaj, Last Full Review Date, num_articulos, fecha_ultimo_articulo, apc_monto, apc_moneda, editorial_rapida"
2389-7066,Universidad Y Salud,universidad salud,316,imputado,150.0,True,"apc_monto, apc_moneda","issn_electronic, institucion_editora_2, institucion_editora_3, url_revista, url_doaj, When did the journal start to publish all content using an open license?, titulo_alternativo, issn_impreso, issn_electronico, palabras_clave, idiomas, editorial, pais_editorial, Other organisation, Country of other organisation, licencia, atributos_licencia, URL for license terms, cc_legible_maquina, autor_retiene_copyright, Copyright information URL, tipo_revision, Review process information URL, politica_plagio, URL for journal's aims & scope, URL for the Editorial Board page, URL for journal's instructions for authors, semanas_submission_publicacion, tiene_apc, APC information URL, politica_exencion, Waiver policy information URL, tiene_otros_cobros, Other fees information URL, servicios_preservacion, Preservation Service: national library, Preservation information URL, Deposit policy directory, URL for deposit policy, identificadores_persistentes, cumple_oa_doaj, Continues, Continued By, codigos_lcc, subscribe_to_open, Mirror Journal, Open Journals Collective, materias, fecha_incorporacion_doaj, fecha_actualizacion_doaj, Last Full Review Date, num_articulos, fecha_ultimo_articulo, apc_monto, apc_moneda, editorial_rapida"
2339-3874,Archivos De Medicina,archivos medicina,317,imputado,150.0,True,"apc_monto, apc_moneda","issn_electronic, institucion_editora_2, institucion_editora_3, url_revista, url_doaj, When did the journal start to publish all content using an open license?, titulo_alternativo, issn_impreso, issn_electronico, palabras_clave, idiomas, editorial, pais_editorial, Other organisation, Country of other organisation, licencia, atributos_licencia, URL for license terms, cc_legible_maquina, autor_retiene_copyright, Copyright information URL, tipo_revision, Review process information URL, politica_plagio, URL for journal's aims & scope, URL for the Editorial Board page, URL for journal's instructions for authors, semanas_submission_publicacion, tiene_apc, APC information URL, politica_exencion, Waiver policy information URL, tiene_otros_cobros, Other fees information URL, servicios_preservacion, Preservation Service: national library, Preservation information URL, Deposit policy directory, URL for deposit policy, identificadores_persistentes, cumple_oa_doaj, Continues, Continued By, codigos_lcc, subscribe_to_open, Mirror Journal, Open Journals Collective, materias, fecha_incorporacion_doaj, fecha_actualizacion_doaj, Last Full Review Date, num_articulos, fecha_ultimo_articulo, apc_monto, apc_moneda, editorial_rapida"
0121-7607,Ambiente Y Desarrollo,ambiente desarrollo,318,imputado,150.0,True,"apc_monto, apc_moneda","issn_electronic, issn_linking, institucion_editora_2, institucion_editora_3, url_revista, url_doaj, When did the journal start to publish all content using an open license?, titulo_alternativo, issn_impreso, issn_electronico, palabras_clave, idiomas, editorial, pais_editorial, Other organisation, Country of other organisation, licencia, atributos_licencia, URL for license terms, cc_legible_maquina, autor_retiene_copyright, Copyright information URL, tipo_revision, Review process information URL, politica_plagio, URL for journal's aims & scope, URL for the Editorial Board page, URL for journal's instructions for authors, semanas_submission_publicacion, tiene_apc, APC information URL, politica_exencion, Waiver policy information URL, tiene_otros_cobros, Other fees information URL, servicios_preservacion, Preservation Service: national library, Preservation information URL, Deposit policy directory, URL for deposit policy, identificadores_persistentes, cumple_oa_doaj, Continues, Continued By, codigos_lcc, subscribe_to_open, Mirror Journal, Open Journals Collective, materias, fecha_incorporacion_doaj, fecha_actualizacion_doaj, Last Full Review Date, num_articulos, fecha_ultimo_articulo, apc_monto, apc_moneda, editorial_rapida"
2344-8636,Ciencia e Innovación en Salud,ciencia e innovacion salud,319,imputado,150.0,True,"apc_monto, apc_moneda","issn_print, issn_electronic, institucion_editora_2, institucion_editora_3, url_revista, url_doaj, When did the journal start to publish all content using an open license?, titulo_alternativo, issn_impreso, issn_electronico, palabras_clave, idiomas, editorial, pais_editorial, Other organisation, Country of other organisation, licencia, atributos_licencia, URL for license terms, cc_legible_maquina, autor_retiene_copyright, Copyright information URL, tipo_revision, Review process information URL, politica_plagio, URL for journal's aims & scope, URL for the Editorial Board page, URL for journal's instructions for authors, semanas_submission_publicacion, tiene_apc, APC information URL, politica_exencion, Waiver policy information URL, tiene_otros_cobros, Other fees information URL, servicios_preservacion, Preservation Service: national library, Preservation information URL, Deposit policy directory, URL for deposit policy, identificadores_persistentes, cumple_oa_doaj, Continues, Continued By, codigos_lcc, subscribe_to_open, Mirror Journal, Open Journals Collective, materias, fecha_incorporacion_doaj, fecha_actualizacion_doaj, Last Full Review Date, num_articulos, fecha_ultimo_articulo, apc_monto, apc_moneda, editorial_rapida"
2665-5837,Conocimiento Global,conocimiento global,320,imputado,150.0,True,"apc_monto, apc_moneda","issn_print, issn_electronic, institucion_editora_2, institucion_editora_3, url_revista, url_doaj, When did the journal start to publish all content using an open license?, titulo_alternativo, issn_impreso, issn_electronico, palabras_clave, idiomas, editorial, pais_editorial, Other organisation, Country of other organisation, licencia, atributos_licencia, URL for license terms, cc_legible_maquina, autor_retiene_copyright, Copyright information URL, tipo_revision, Review process information URL, politica_plagio, URL for journal's aims & scope, URL for the Editorial Board page, URL for journal's instructions for authors, semanas_submission_publicacion, tiene_apc, APC information URL, politica_exencion, Waiver policy information URL, tiene_otros_cobros, Other fees information URL, servicios_preservacion, Preservation Service: national library, Preservation information URL, Deposit policy directory, URL for deposit policy, identificadores_persistentes, cumple_oa_doaj, Continues, Continued By, codigos_lcc, subscribe_to_open, Mirror Journal, Open Journals Collective, materias, fecha_incorporacion_doaj, fecha_actualizacion_doaj, Last Full Review Date, num_articulos, fecha_ultimo_articulo, apc_monto, apc_moneda, editorial_rapida"
2390-0504,Ingeniare,ingeniare,321,imputado,150.0,True,"apc_monto, apc_moneda","issn_electronic, institucion_editora_2, institucion_editora_3, url_revista, url_doaj, When did the journal start to publish all content using an open license?, titulo_alternativo, issn_impreso, issn_electronico, palabras_clave, idiomas, editorial, pais_editorial, Other organisation, Country of other organisation, licencia, atributos_licencia, URL for license terms, cc_legible_maquina, autor_retiene_copyright, Copyright information URL, tipo_revision, Review process information URL, politica_plagio, URL for journal's aims & scope, URL for the Editorial Board page, URL for journal's instructions for authors, semanas_submission_publicacion, tiene_apc, APC information URL, politica_exencion, Waiver policy information URL, tiene_otros_cobros, Other fees information URL, servicios_preservacion, Preservation Service: national library, Preservation information URL, Deposit policy directory, URL for deposit policy, identificadores_persistentes, cumple_oa_doaj, Continues, Continued By, codigos_lcc, subscribe_to_open, Mirror Journal, Open Journals Collective, materias, fecha_incorporacion_doaj, fecha_actualizacion_doaj, Last Full Review Date, num_articulos, fecha_ultimo_articulo, apc_monto, apc_moneda, editorial_rapida"
2389-8194,Revista Perspectiva Empresarial,perspectiva empresarial,322,imputado,150.0,True,"apc_monto, apc_moneda","issn_electronic, institucion_editora_2, institucion_editora_3, url_revista, url_doaj, When did the journal start to publish all content using an open license?, titulo_alternativo, issn_impreso, issn_electronico, palabras_clave, idiomas, editorial, pais_editorial, Other organisation, Country of other organisation, licencia, atributos_licencia, URL for license terms, cc_legible_maquina, autor_retiene_copyright, Copyright information URL, tipo_revision, Review process information URL, politica_plagio, URL for journal's aims & scope, URL for the Editorial Board page, URL for journal's instructions for authors, semanas_submission_publicacion, tiene_apc, APC information URL, politica_exencion, Waiver policy information URL, tiene_otros_cobros, Other fees information URL, servicios_preservacion, Preservation Service: national library, Preservation information URL, Deposit policy directory, URL for deposit policy, identificadores_persistentes, cumple_oa_doaj, Continues, Continued By, codigos_lcc, subscribe_to_open, Mirror Journal, Open Journals Collective, materias, fecha_incorporacion_doaj, fecha_actualizacion_doaj, Last Full Review Date, num_articulos, fecha_ultimo_articulo, apc_monto, apc_moneda, editorial_rapida"
2027-5692,Suma De Negocios,suma negocios,323,imputado,150.0,True,"apc_monto, apc_moneda","issn_electronic, institucion_editora_2, institucion_editora_3, url_revista, url_doaj, When did the journal start to publish all content using an open license?, titulo_alternativo, issn_impreso, issn_electronico, palabras_clave, idiomas, editorial, pais_editorial, Other organisation, Country of other organisation, licencia, atributos_licencia, URL for license terms, cc_legible_maquina, autor_retiene_copyright, Copyright information URL, tipo_revision, Review process information URL, politica_plagio, URL for journal's aims & scope, URL for the Editorial Board page, URL for journal's instructions for authors, semanas_submission_publicacion, tiene_apc, APC information URL, politica_exencion, Waiver policy information URL, tiene_otros_cobros, Other fees information URL, servicios_preservacion, Preservation Service: national library, Preservation information URL, Deposit policy directory, URL for deposit policy, identificadores_persistentes, cumple_oa_doaj, Continues, Continued By, codigos_lcc, subscribe_to_open, Mirror Journal, Open Journals Collective, materias, fecha_incorporacion_doaj, fecha_actualizacion_doaj, Last Full Review Date, num_articulos, fecha_ultimo_articulo, apc_monto, apc_moneda, editorial_rapida"
0120-4483,Ensayos Sobre Política Económica,ensayos sobre politica economica,324,imputado,150.0,True,"apc_monto, apc_moneda","issn_electronic, issn_linking, institucion_editora_1, institucion_editora_2, institucion_editora_3, url_revista, url_doaj, When did the journal start to publish all content using an open license?, titulo_alternativo, issn_impreso, issn_electronico, palabras_clave, idiomas, editorial, pais_editorial, Other organisation, Country of other organisation, licencia, atributos_licencia, URL for license terms, cc_legible_maquina, autor_retiene_copyright, Copyright information URL, tipo_revision, Review process information URL, politica_plagio, URL for journal's aims & scope, URL for the Editorial Board page, URL for journal's instructions for authors, semanas_submission_publicacion, tiene_apc, APC information URL, politica_exencion, Waiver policy information URL, tiene_otros_cobros, Other fees information URL, servicios_preservacion, Preservation Service: national library, Preservation information URL, Deposit policy directory, URL for deposit policy, identificadores_persistentes, cumple_oa_doaj, Continues, Continued By, codigos_lcc, subscribe_to_open, Mirror Journal, Open Journals Collective, materias, fecha_incorporacion_doaj, fecha_actualizacion_doaj, Last Full Review Date, num_articulos, fecha_ultimo_articulo, apc_monto, apc_moneda, editorial_rapida"
2422-2844,Revista Facultad De Ingeniería,facultad ingenieria,325,imputado,150.0,True,"apc_monto, apc_moneda","issn_electronic, institucion_editora_2, institucion_editora_3, url_revista, url_doaj, When did the journal start to publish all content using an open license?, titulo_alternativo, issn_impreso, issn_electronico, palabras_clave, idiomas, editorial, pais_editorial, Other organisation, Country of other organisation, licencia, atributos_licencia, URL for license terms, cc_legible_maquina, autor_retiene_copyright, Copyright information URL, tipo_revision, Review process information URL, politica_plagio, URL for journal's aims & scope, URL for the Editorial Board page, URL for journal's instructions for authors, semanas_submission_publicacion, tiene_apc, APC information URL, politica_exencion, Waiver policy information URL, tiene_otros_cobros, Other fees information URL, servicios_preservacion, Preservation Service: national library, Preservation information URL, Deposit policy directory, URL for deposit policy, identificadores_persistentes, cumple_oa_doaj, Continues, Continued By, codigos_lcc, subscribe_to_open, Mirror Journal, Open Journals Collective, materias, fecha_incorporacion_doaj, fecha_actualizacion_doaj, Last Full Review Date, num_articulos, fecha_ultimo_articulo, apc_monto, apc_moneda, editorial_rapida"
0120-548X,Acta Biológica Colombiana,acta biologica colombiana,326,imputado,150.0,True,"apc_monto, apc_moneda","issn_linking, institucion_editora_2, institucion_editora_3, titulo_alternativo, Country of other organisation, atributos_licencia, cc_legible_maquina, Waiver policy information URL, Other fees information URL, servicios_preservacion, Preservation Service: national library, Preservation information URL, URL for deposit policy, Continues, Continued By, apc_monto, apc_moneda"
0120-2510,Boletín De Antropología,boletin antropologia,327,imputado,150.0,True,"apc_monto, apc_moneda","issn_electronic, issn_linking, institucion_editora_2, institucion_editora_3, url_revista, url_doaj, When did the journal start to publish all content using an open license?, titulo_alternativo, issn_impreso, issn_electronico, palabras_clave, idiomas, editorial, pais_editorial, Other organisation, Country of other organisation, licencia, atributos_licencia, URL for license terms, cc_legible_maquina, autor_retiene_copyright, Copyright information URL, tipo_revision, Review process information URL, politica_plagio, URL for journal's aims & scope, URL for the Editorial Board page, URL for journal's instructions for authors, semanas_submission_publicacion, tiene_apc, APC information URL, politica_exencion, Waiver policy information URL, tiene_otros_cobros, Other fees information URL, servicios_preservacion, Preservation Service: national library, Preservation information URL, Deposit policy directory, URL for deposit policy, identificadores_persistentes, cumple_oa_doaj, Continues, Continued By, codigos_lcc, subscribe_to_open, Mirror Journal, Open Journals Collective, materias, fecha_incorporacion_doaj, fecha_actualizacion_doaj, Last Full Review Date, num_articulos, fecha_ultimo_articulo, apc_monto, apc_moneda, editorial_rapida"
0120-4661,Historia Y Espacio,historia espacio,328,imputado,150.0,True,"apc_monto, apc_moneda","issn_electronic, issn_linking, institucion_editora_2, institucion_editora_3, titulo_alternativo, Country of other organisation, atributos_licencia, cc_legible_maquina, Copyright information URL, Waiver policy information URL, servicios_preservacion, Preservation Service: national library, Preservation information URL, Deposit policy directory, URL for deposit policy, Continues, Continued By, apc_monto, apc_moneda"
0124-5376,Biota Colombiana,biota colombiana,329,imputado,150.0,True,"apc_monto, apc_moneda","issn_electronic, issn_linking, institucion_editora_2, institucion_editora_3, titulo_alternativo, Other organisation, Country of other organisation, atributos_licencia, Waiver policy information URL, Other fees information URL, Preservation Service: national library, Deposit policy directory, URL for deposit policy, Continues, Continued By, Last Full Review Date, apc_monto, apc_moneda"
2027-8306,"Revista De Investigacion, Desarrollo E Innovacion",investigacion desarrollo e innovacion,330,imputado,150.0,True,"apc_monto, apc_moneda","issn_electronic, issn_linking, institucion_editora_2, institucion_editora_3, titulo_alternativo, Other organisation, Country of other organisation, atributos_licencia, cc_legible_maquina, Waiver policy information URL, Other fees information URL, Preservation Service: national library, Deposit policy directory, URL for deposit policy, Continues, Continued By, apc_monto, apc_moneda"
0370-3908,"Revista De La Academia Colombiana De Ciencias Exactas, Físicas Y Naturales",academia colombiana ciencias exactas fisicas naturales,331,imputado,150.0,True,"apc_monto, apc_moneda","issn_electronic, issn_linking, institucion_editora_2, institucion_editora_3, titulo_alternativo, Other organisation, Country of other organisation, atributos_licencia, Waiver policy information URL, Other fees information URL, servicios_preservacion, Preservation Service: national library, Preservation information URL, Deposit policy directory, URL for deposit policy, Continues, Continued By, apc_monto, apc_moneda"
1657-5997,Aquichan,aquichan,332,imputado,150.0,True,"apc_monto, apc_moneda","issn_electronic, issn_linking, institucion_editora_2, institucion_editora_3, titulo_alternativo, Country of other organisation, atributos_licencia, cc_legible_maquina, Copyright information URL, Waiver policy information URL, servicios_preservacion, Preservation Service: national library, Deposit policy directory, URL for deposit policy, Continues, Continued By, apc_monto, apc_moneda"
1794-8932,Sophia,sophia,333,imputado,150.0,True,"apc_monto, apc_moneda","issn_electronic, issn_linking, institucion_editora_2, institucion_editora_3, url_revista, url_doaj, When did the journal start to publish all content using an open license?, titulo_alternativo, issn_impreso, issn_electronico, palabras_clave, idiomas, editorial, pais_editorial, Other organisation, Country of other organisation, licencia, atributos_licencia, URL for license terms, cc_legible_maquina, autor_retiene_copyright, Copyright information URL, tipo_revision, Review process information URL, politica_plagio, URL for journal's aims & scope, URL for the Editorial Board page, URL for journal's instructions for authors, semanas_submission_publicacion, tiene_apc, APC information URL, politica_exencion, Waiver policy information URL, tiene_otros_cobros, Other fees information URL, servicios_preservacion, Preservation Service: national library, Preservation information URL, Deposit policy directory, URL for deposit policy, identificadores_persistentes, cumple_oa_doaj, Continues, Continued By, codigos_lcc, subscribe_to_open, Mirror Journal, Open Journals Collective, materias, fecha_incorporacion_doaj, fecha_actualizacion_doaj, Last Full Review Date, num_articulos, fecha_ultimo_articulo, apc_monto, apc_moneda, editorial_rapida"
1692-5858,Encuentros,encuentros,334,imputado,150.0,True,"apc_monto, apc_moneda","issn_electronic, issn_linking, institucion_editora_2, institucion_editora_3, url_revista, url_doaj, When did the journal start to publish all content using an open license?, titulo_alternativo, issn_impreso, issn_electronico, palabras_clave, idiomas, editorial, pais_editorial, Other organisation, Country of other organisation, licencia, atributos_licencia, URL for license terms, cc_legible_maquina, autor_retiene_copyright, Copyright information URL, tipo_revision, Review process information URL, politica_plagio, URL for journal's aims & scope, URL for the Editorial Board page, URL for journal's instructions for authors, semanas_submission_publicacion, tiene_apc, APC information URL, politica_exencion, Waiver policy information URL, tiene_otros_cobros, Other fees information URL, servicios_preservacion, Preservation Service: national library, Preservation information URL, Deposit policy directory, URL for deposit policy, identificadores_persistentes, cumple_oa_doaj, Continues, Continued By, codigos_lcc, subscribe_to_open, Mirror Journal, Open Journals Collective, materias, fecha_incorporacion_doaj, fecha_actualizacion_doaj, Last Full Review Date, num_articulos, fecha_ultimo_articulo, apc_monto, apc_moneda, editorial_rapida"
0120-100X,Ion,ion,335,imputado,150.0,True,"apc_monto, apc_moneda","issn_linking, institucion_editora_2, institucion_editora_3, titulo_alternativo, Other organisation, Country of other organisation, atributos_licencia, Waiver policy information URL, Other fees information URL, servicios_preservacion, Preservation Service: national library, Preservation information URL, Deposit policy directory, URL for deposit policy, Continues, Continued By, apc_monto, apc_moneda"
1909-5759,Revista Via Iuris,via iuris,336,imputado,150.0,True,"apc_monto, apc_moneda","issn_electronic, issn_linking, institucion_editora_2, institucion_editora_3, url_revista, url_doaj, When did the journal start to publish all content using an open license?, titulo_alternativo, issn_impreso, issn_electronico, palabras_clave, idiomas, editorial, pais_editorial, Other organisation, Country of other organisation, licencia, atributos_licencia, URL for license terms, cc_legible_maquina, autor_retiene_copyright, Copyright information URL, tipo_revision, Review process information URL, politica_plagio, URL for journal's aims & scope, URL for the Editorial Board page, URL for journal's instructions for authors, semanas_submission_publicacion, tiene_apc, APC information URL, politica_exencion, Waiver policy information URL, tiene_otros_cobros, Other fees information URL, servicios_preservacion, Preservation Service: national library, Preservation information URL, Deposit policy directory, URL for deposit policy, identificadores_persistentes, cumple_oa_doaj, Continues, Continued By, codigos_lcc, subscribe_to_open, Mirror Journal, Open Journals Collective, materias, fecha_incorporacion_doaj, fecha_actualizacion_doaj, Last Full Review Date, num_articulos, fecha_ultimo_articulo, apc_monto, apc_moneda, editorial_rapida"
2011-4532,Eleuthera,eleuthera,337,imputado,150.0,True,"apc_monto, apc_moneda","issn_electronic, issn_linking, institucion_editora_2, institucion_editora_3, Other organisation, Country of other organisation, atributos_licencia, Waiver policy information URL, Other fees information URL, servicios_preservacion, Preservation Service: national library, Preservation information URL, Deposit policy directory, URL for deposit policy, Continues, Continued By, apc_monto, apc_moneda"
0123-9015,Revista Colombiana De Cancerología,colombiana cancerologia,338,imputado,150.0,True,"apc_monto, apc_moneda","issn_electronic, issn_linking, institucion_editora_2, institucion_editora_3, url_revista, url_doaj, When did the journal start to publish all content using an open license?, titulo_alternativo, issn_impreso, issn_electronico, palabras_clave, idiomas, editorial, pais_editorial, Other organisation, Country of other organisation, licencia, atributos_licencia, URL for license terms, cc_legible_maquina, autor_retiene_copyright, Copyright information URL, tipo_revision, Review process information URL, politica_plagio, URL for journal's aims & scope, URL for the Editorial Board page, URL for journal's instructions for authors, semanas_submission_publicacion, tiene_apc, APC information URL, politica_exencion, Waiver policy information URL, tiene_otros_cobros, Other fees information URL, servicios_preservacion, Preservation Service: national library, Preservation information URL, Deposit policy directory, URL for deposit policy, identificadores_persistentes, cumple_oa_doaj, Continues, Continued By, codigos_lcc, subscribe_to_open, Mirror Journal, Open Journals Collective, materias, fecha_incorporacion_doaj, fecha_actualizacion_doaj, Last Full Review Date, num_articulos, fecha_ultimo_articulo, apc_monto, apc_moneda, editorial_rapida"
2145-2628,Journal De Ciencia E Ingenieria,ciencia e ingenieria,339,imputado,150.0,True,"apc_monto, apc_moneda","issn_electronic, issn_linking, institucion_editora_2, institucion_editora_3, url_revista, url_doaj, When did the journal start to publish all content using an open license?, titulo_alternativo, issn_impreso, issn_electronico, palabras_clave, idiomas, editorial, pais_editorial, Other organisation, Country of other organisation, licencia, atributos_licencia, URL for license terms, cc_legible_maquina, autor_retiene_copyright, Copyright information URL, tipo_revision, Review process information URL, politica_plagio, URL for journal's aims & scope, URL for the Editorial Board page, URL for journal's instructions for authors, semanas_submission_publicacion, tiene_apc, APC information URL, politica_exencion, Waiver policy information URL, tiene_otros_cobros, Other fees information URL, servicios_preservacion, Preservation Service: national library, Preservation information URL, Deposit policy directory, URL for deposit policy, identificadores_persistentes, cumple_oa_doaj, Continues, Continued By, codigos_lcc, subscribe_to_open, Mirror Journal, Open Journals Collective, materias, fecha_incorporacion_doaj, fecha_actualizacion_doaj, Last Full Review Date, num_articulos, fecha_ultimo_articulo, apc_monto, apc_moneda, editorial_rapida"
0120-3886,Revista Facultad De Derecho Y Ciencias Políticas,facultad derecho ciencias politicas,340,imputado,150.0,True,"apc_monto, apc_moneda","issn_electronic, issn_linking, institucion_editora_2, institucion_editora_3, titulo_alternativo, Country of other organisation, atributos_licencia, cc_legible_maquina, Waiver policy information URL, servicios_preservacion, Preservation Service: national library, Preservation information URL, Deposit policy directory, URL for deposit policy, identificadores_persistentes, Continues, Continued By, apc_monto, apc_moneda"
0123-1294,Educación Y Educadores,educacion educadores,341,imputado,150.0,True,"apc_monto, apc_moneda","issn_electronic, issn_linking, institucion_editora_2, institucion_editora_3, titulo_alternativo, issn_electronico, Other organisation, Country of other organisation, atributos_licencia, cc_legible_maquina, Waiver policy information URL, Other fees information URL, servicios_preservacion, Preservation Service: national library, Preservation information URL, Deposit policy directory, URL for deposit policy, identificadores_persistentes, Continues, Continued By, apc_monto, apc_moneda"
1794-4449,Revista Lasallista De Investigación,lasallista investigacion,342,imputado,150.0,True,"apc_monto, apc_moneda","issn_linking, institucion_editora_2, institucion_editora_3, url_revista, url_doaj, When did the journal start to publish all content using an open license?, titulo_alternativo, issn_impreso, issn_electronico, palabras_clave, idiomas, editorial, pais_editorial, Other organisation, Country of other organisation, licencia, atributos_licencia, URL for license terms, cc_legible_maquina, autor_retiene_copyright, Copyright information URL, tipo_revision, Review process information URL, politica_plagio, URL for journal's aims & scope, URL for the Editorial Board page, URL for journal's instructions for authors, semanas_submission_publicacion, tiene_apc, APC information URL, politica_exencion, Waiver policy information URL, tiene_otros_cobros, Other fees information URL, servicios_preservacion, Preservation Service: national library, Preservation information URL, Deposit policy directory, URL for deposit policy, identificadores_persistentes, cumple_oa_doaj, Continues, Continued By, codigos_lcc, subscribe_to_open, Mirror Journal, Open Journals Collective, materias, fecha_incorporacion_doaj, fecha_actualizacion_doaj, Last Full Review Date, num_articulos, fecha_ultimo_articulo, apc_monto, apc_moneda, editorial_rapida"
1909-0455,Producción + Limpia,produccion limpia,343,imputado,150.0,True,"apc_monto, apc_moneda","issn_electronic, issn_linking, institucion_editora_3, url_revista, url_doaj, When did the journal start to publish all content using an open license?, titulo_alternativo, issn_impreso, issn_electronico, palabras_clave, idiomas, editorial, pais_editorial, Other organisation, Country of other organisation, licencia, atributos_licencia, URL for license terms, cc_legible_maquina, autor_retiene_copyright, Copyright information URL, tipo_revision, Review process information URL, politica_plagio, URL for journal's aims & scope, URL for the Editorial Board page, URL for journal's instructions for authors, semanas_submission_publicacion, tiene_apc, APC information URL, politica_exencion, Waiver policy information URL, tiene_otros_cobros, Other fees information URL, servicios_preservacion, Preservation Service: national library, Preservation information URL, Deposit policy directory, URL for deposit policy, identificadores_persistentes, cumple_oa_doaj, Continues, Continued By, codigos_lcc, subscribe_to_open, Mirror Journal, Open Journals Collective, materias, fecha_incorporacion_doaj, fecha_actualizacion_doaj, Last Full Review Date, num_articulos, fecha_ultimo_articulo, apc_monto, apc_moneda, editorial_rapida"
0124-2121,Educacion Y Humanismo,educacion humanismo,344,imputado,150.0,True,"apc_monto, apc_moneda","issn_electronic, issn_linking, institucion_editora_2, institucion_editora_3, titulo_alternativo, Other organisation, Country of other organisation, atributos_licencia, cc_legible_maquina, Copyright information URL, Waiver policy information URL, servicios_preservacion, Preservation Service: national library, Deposit policy directory, URL for deposit policy, identificadores_persistentes, Continues, Continued By, apc_monto, apc_moneda"
0122-6339,Enunciación,enunciacion,345,imputado,150.0,True,"apc_monto, apc_moneda","issn_linking, institucion_editora_2, institucion_editora_3, titulo_alternativo, Other organisation, Country of other organisation, atributos_licencia, Waiver policy information URL, Other fees information URL, servicios_preservacion, Preservation Service: national library, Preservation information URL, Deposit policy directory, URL for deposit policy, Continues, Continued By, apc_monto, apc_moneda"
0122-9893,Revista Derecho Del Estado,derecho estado,346,imputado,150.0,True,"apc_monto, apc_moneda","issn_linking, institucion_editora_2, institucion_editora_3, titulo_alternativo, Other organisation, Country of other organisation, atributos_licencia, cc_legible_maquina, Waiver policy information URL, Other fees information URL, servicios_preservacion, Preservation Service: national library, Preservation information URL, Continues, Continued By, apc_monto, apc_moneda"
0120-0283,Boletín De Geología,boletin geologia,347,imputado,150.0,True,"apc_monto, apc_moneda","issn_electronic, issn_linking, institucion_editora_2, institucion_editora_3, titulo_alternativo, Other organisation, Country of other organisation, atributos_licencia, Copyright information URL, Waiver policy information URL, servicios_preservacion, Preservation Service: national library, Preservation information URL, Deposit policy directory, URL for deposit policy, identificadores_persistentes, Continues, Continued By, fecha_ultimo_articulo, apc_monto, apc_moneda"
0366-5232,Caldasia,caldasia,348,imputado,150.0,True,"apc_monto, apc_moneda","issn_electronic, issn_linking, institucion_editora_3, titulo_alternativo, Other organisation, Country of other organisation, atributos_licencia, Waiver policy information URL, Other fees information URL, servicios_preservacion, Preservation Service: national library, Preservation information URL, Deposit policy directory, URL for deposit policy, Continues, Continued By, apc_monto, apc_moneda"
0122-8803,Historia Caribe,historia caribe,349,imputado,150.0,True,"apc_monto, apc_moneda","issn_linking, codigo_dane, institucion_editora_2, institucion_editora_3, pais_iso, url_revista, url_doaj, When did the journal start to publish all content using an open license?, titulo_alternativo, issn_impreso, issn_electronico, palabras_clave, idiomas, editorial, pais_editorial, Other organisation, Country of other organisation, licencia, atributos_licencia, URL for license terms, cc_legible_maquina, autor_retiene_copyright, Copyright information URL, tipo_revision, Review process information URL, politica_plagio, URL for journal's aims & scope, URL for the Editorial Board page, URL for journal's instructions for authors, semanas_submission_publicacion, tiene_apc, APC information URL, politica_exencion, Waiver policy information URL, tiene_otros_cobros, Other fees information URL, servicios_preservacion, Preservation Service: national library, Preservation information URL, Deposit policy directory, URL for deposit policy, identificadores_persistentes, cumple_oa_doaj, Continues, Continued By, codigos_lcc, subscribe_to_open, Mirror Journal, Open Journals Collective, materias, fecha_incorporacion_doaj, fecha_actualizacion_doaj, Last Full Review Date, num_articulos, fecha_ultimo_articulo, apc_monto, apc_moneda, editorial_rapida"
1692-5777,"Gist, Education And Learning Research Journal",gist education learning,350,imputado,150.0,True,"apc_monto, apc_moneda","issn_electronic, issn_linking, institucion_editora_2, institucion_editora_3, titulo_alternativo, Country of other organisation, atributos_licencia, cc_legible_maquina, Copyright information URL, Waiver policy information URL, servicios_preservacion, Preservation Service: national library, Preservation information URL, Deposit policy directory, URL for deposit policy, identificadores_persistentes, Continues, Continued By, fecha_ultimo_articulo, apc_monto, apc_moneda"
1657-8031,El Ágora Usb,agora usb,351,imputado,150.0,True,"apc_monto, apc_moneda","issn_electronic, issn_linking, institucion_editora_2, institucion_editora_3, titulo_alternativo, Other organisation, Country of other organisation, atributos_licencia, Waiver policy information URL, Other fees information URL, servicios_preservacion, Preservation Service: national library, Preservation information URL, Deposit policy directory, URL for deposit policy, Continues, Continued By, apc_monto, apc_moneda"
0122-7483,Universitas Scientiarum,universitas scientiarum,352,imputado,150.0,True,"apc_monto, apc_moneda","issn_linking, institucion_editora_2, institucion_editora_3, titulo_alternativo, issn_electronico, Other organisation, Country of other organisation, atributos_licencia, Waiver policy information URL, Other fees information URL, servicios_preservacion, Preservation Service: national library, Preservation information URL, Deposit policy directory, URL for deposit policy, Continues, Continued By, apc_monto, apc_moneda"
2011-5474,Revista Latinoamericana De Etnomatemática,latinoamericana etnomatematica,353,imputado,150.0,True,"apc_monto, apc_moneda","issn_electronic, issn_linking, institucion_editora_2, institucion_editora_3, titulo_alternativo, issn_electronico, Country of other organisation, atributos_licencia, cc_legible_maquina, Copyright information URL, Waiver policy information URL, servicios_preservacion, Preservation Service: national library, Deposit policy directory, URL for deposit policy, identificadores_persistentes, Continues, Continued By, apc_monto, apc_moneda"
1692-6013,Novum Jus: Revista Especializada en Sociología Jurídica y Política,novum jus especializada sociologia juridica politica,354,imputado,150.0,True,"apc_monto, apc_moneda","issn_electronic, issn_linking, codigo_dane, institucion_editora_2, institucion_editora_3, pais_iso, titulo_alternativo, Country of other organisation, atributos_licencia, cc_legible_maquina, Copyright information URL, Waiver policy information URL, servicios_preservacion, Preservation Service: national library, Deposit policy directory, URL for deposit policy, Continues, Continued By, apc_monto, apc_moneda"
0122-5197,Memoria Y Sociedad,memoria sociedad,355,imputado,150.0,True,"apc_monto, apc_moneda","issn_electronic, issn_linking, codigo_dane, institucion_editora_2, institucion_editora_3, pais_iso, url_revista, url_doaj, When did the journal start to publish all content using an open license?, titulo_alternativo, issn_impreso, issn_electronico, palabras_clave, idiomas, editorial, pais_editorial, Other organisation, Country of other organisation, licencia, atributos_licencia, URL for license terms, cc_legible_maquina, autor_retiene_copyright, Copyright information URL, tipo_revision, Review process information URL, politica_plagio, URL for journal's aims & scope, URL for the Editorial Board page, URL for journal's instructions for authors, semanas_submission_publicacion, tiene_apc, APC information URL, politica_exencion, Waiver policy information URL, tiene_otros_cobros, Other fees information URL, servicios_preservacion, Preservation Service: national library, Preservation information URL, Deposit policy directory, URL for deposit policy, identificadores_persistentes, cumple_oa_doaj, Continues, Continued By, codigos_lcc, subscribe_to_open, Mirror Journal, Open Journals Collective, materias, fecha_incorporacion_doaj, fecha_actualizacion_doaj, Last Full Review Date, num_articulos, fecha_ultimo_articulo, apc_monto, apc_moneda, editorial_rapida"
0123-3033,Ingeniería Y Competitividad,ingenieria competitividad,356,imputado,150.0,True,"apc_monto, apc_moneda","issn_electronic, issn_linking, institucion_editora_2, institucion_editora_3, url_revista, url_doaj, When did the journal start to publish all content using an open license?, titulo_alternativo, issn_impreso, issn_electronico, palabras_clave, idiomas, editorial, pais_editorial, Other organisation, Country of other organisation, licencia, atributos_licencia, URL for license terms, cc_legible_maquina, autor_retiene_copyright, Copyright information URL, tipo_revision, Review process information URL, politica_plagio, URL for journal's aims & scope, URL for the Editorial Board page, URL for journal's instructions for authors, semanas_submission_publicacion, tiene_apc, APC information URL, politica_exencion, Waiver policy information URL, tiene_otros_cobros, Other fees information URL, servicios_preservacion, Preservation Service: national library, Preservation information URL, Deposit policy directory, URL for deposit policy, identificadores_persistentes, cumple_oa_doaj, Continues, Continued By, codigos_lcc, subscribe_to_open, Mirror Journal, Open Journals Collective, materias, fecha_incorporacion_doaj, fecha_actualizacion_doaj, Last Full Review Date, num_articulos, fecha_ultimo_articulo, apc_monto, apc_moneda, editorial_rapida"
0121-7577,Hacia La Promoción De La Salud,hacia promocion salud,357,imputado,150.0,True,"apc_monto, apc_moneda","issn_electronic, issn_linking, institucion_editora_2, institucion_editora_3, titulo_alternativo, Other organisation, Country of other organisation, atributos_licencia, Waiver policy information URL, Other fees information URL, servicios_preservacion, Preservation Service: national library, Preservation information URL, Deposit policy directory, URL for deposit policy, Continues, Continued By, apc_monto, apc_moneda"
0121-5167,Estudios Políticos,estudios politicos,358,imputado,150.0,True,"apc_monto, apc_moneda","issn_linking, institucion_editora_2, institucion_editora_3, titulo_alternativo, Country of other organisation, atributos_licencia, Copyright information URL, Waiver policy information URL, Other fees information URL, servicios_preservacion, Preservation Service: national library, Preservation information URL, Deposit policy directory, URL for deposit policy, identificadores_persistentes, Continues, Continued By, apc_monto, apc_moneda"
0124-0579,Estudios Socio-Jurídicos,estudios socio juridicos,359,imputado,150.0,True,"apc_monto, apc_moneda","issn_electronic, issn_linking, institucion_editora_2, institucion_editora_3, titulo_alternativo, Other organisation, Country of other organisation, atributos_licencia, Waiver policy information URL, Other fees information URL, servicios_preservacion, Preservation Service: national library, Preservation information URL, Deposit policy directory, URL for deposit policy, Continues, Continued By, apc_monto, apc_moneda"
0120-2448,Acta Médica Colombiana,acta medica colombiana,360,imputado,150.0,True,"apc_monto, apc_moneda","issn_electronic, issn_linking, codigo_dane, institucion_editora_2, institucion_editora_3, pais_iso, url_revista, url_doaj, When did the journal start to publish all content using an open license?, titulo_alternativo, issn_impreso, issn_electronico, palabras_clave, idiomas, editorial, pais_editorial, Other organisation, Country of other organisation, licencia, atributos_licencia, URL for license terms, cc_legible_maquina, autor_retiene_copyright, Copyright information URL, tipo_revision, Review process information URL, politica_plagio, URL for journal's aims & scope, URL for the Editorial Board page, URL for journal's instructions for authors, semanas_submission_publicacion, tiene_apc, APC information URL, politica_exencion, Waiver policy information URL, tiene_otros_cobros, Other fees information URL, servicios_preservacion, Preservation Service: national library, Preservation information URL, Deposit policy directory, URL for deposit policy, identificadores_persistentes, cumple_oa_doaj, Continues, Continued By, codigos_lcc, subscribe_to_open, Mirror Journal, Open Journals Collective, materias, fecha_incorporacion_doaj, fecha_actualizacion_doaj, Last Full Review Date, num_articulos, fecha_ultimo_articulo, apc_monto, apc_moneda, editorial_rapida"
1794-7154,"Saber, Ciencia Y Libertad",saber ciencia libertad,361,imputado,150.0,True,"apc_monto, apc_moneda","issn_electronic, issn_linking, institucion_editora_2, institucion_editora_3, titulo_alternativo, Other organisation, Country of other organisation, atributos_licencia, Waiver policy information URL, Other fees information URL, servicios_preservacion, Preservation Service: national library, Preservation information URL, Deposit policy directory, URL for deposit policy, Continues, Continued By, apc_monto, apc_moneda"
0122-7238,Revista Historia De La Educación Latinoamericana,historia educacion latinoamericana,362,imputado,150.0,True,"apc_monto, apc_moneda","issn_linking, institucion_editora_3, titulo_alternativo, Country of other organisation, atributos_licencia, cc_legible_maquina, Waiver policy information URL, Other fees information URL, servicios_preservacion, Preservation Service: national library, Preservation information URL, Deposit policy directory, URL for deposit policy, Continues, Continued By, apc_monto, apc_moneda"
0120-789X,Revista Urologia Colombiana,urologia colombiana,363,imputado,150.0,True,"apc_monto, apc_moneda","issn_electronic, issn_linking, institucion_editora_2, institucion_editora_3, titulo_alternativo, Other organisation, Country of other organisation, atributos_licencia, Waiver policy information URL, Other fees information URL, Preservation Service: national library, Deposit policy directory, URL for deposit policy, Continues, Continued By, apc_monto, apc_moneda"
0124-0099,Dictamen Libre,dictamen libre,364,imputado,150.0,True,"apc_monto, apc_moneda","issn_electronic, issn_linking, codigo_dane, institucion_editora_2, institucion_editora_3, pais_iso, titulo_alternativo, issn_electronico, Country of other organisation, atributos_licencia, cc_legible_maquina, Copyright information URL, Waiver policy information URL, servicios_preservacion, Preservation Service: national library, Preservation information URL, Deposit policy directory, URL for deposit policy, identificadores_persistentes, Continues, Continued By, apc_monto, apc_moneda"
1692-2530,Opinión Jurídica,opinion juridica,365,imputado,150.0,True,"apc_monto, apc_moneda","issn_electronic, issn_linking, institucion_editora_2, institucion_editora_3, titulo_alternativo, Other organisation, Country of other organisation, atributos_licencia, cc_legible_maquina, Waiver policy information URL, Other fees information URL, servicios_preservacion, Preservation Service: national library, Preservation information URL, Deposit policy directory, URL for deposit policy, Continues, Continued By, apc_monto, apc_moneda"
0121-2494,Pedagogía Y Saberes,pedagogia saberes,366,imputado,150.0,True,"apc_monto, apc_moneda","issn_electronic, issn_linking, institucion_editora_2, institucion_editora_3, titulo_alternativo, Other organisation, Country of other organisation, atributos_licencia, Waiver policy information URL, Other fees information URL, servicios_preservacion, Preservation Service: national library, Preservation information URL, Deposit policy directory, URL for deposit policy, Continues, Continued By, apc_monto, apc_moneda"
0124-2059,Investigación En Enfermería :Imagen Y Desarrollo,investigacion enfermeria imagen desarrollo,367,imputado,150.0,True,"apc_monto, apc_moneda","issn_electronic, issn_linking, institucion_editora_2, institucion_editora_3, url_revista, url_doaj, When did the journal start to publish all content using an open license?, titulo_alternativo, issn_impreso, issn_electronico, palabras_clave, idiomas, editorial, pais_editorial, Other organisation, Country of other organisation, licencia, atributos_licencia, URL for license terms, cc_legible_maquina, autor_retiene_copyright, Copyright information URL, tipo_revision, Review process information URL, politica_plagio, URL for journal's aims & scope, URL for the Editorial Board page, URL for journal's instructions for authors, semanas_submission_publicacion, tiene_apc, APC information URL, politica_exencion, Waiver policy information URL, tiene_otros_cobros, Other fees information URL, servicios_preservacion, Preservation Service: national library, Preservation information URL, Deposit policy directory, URL for deposit policy, identificadores_persistentes, cumple_oa_doaj, Continues, Continued By, codigos_lcc, subscribe_to_open, Mirror Journal, Open Journals Collective, materias, fecha_incorporacion_doaj, fecha_actualizacion_doaj, Last Full Review Date, num_articulos, fecha_ultimo_articulo, apc_monto, apc_moneda, editorial_rapida"
1794-7111,Kepes,kepes,368,imputado,150.0,True,"apc_monto, apc_moneda","issn_electronic, issn_linking, institucion_editora_2, institucion_editora_3, titulo_alternativo, Other organisation, Country of other organisation, atributos_licencia, Waiver policy information URL, Other fees information URL, servicios_preservacion, Preservation Service: national library, Preservation information URL, Deposit policy directory, URL for deposit policy, Continues, Continued By, apc_monto, apc_moneda"
1657-4702,Revista Latinoamericana De Bioetica/Latinamerican Journal Of Bioethics,latinoamericana bioetica latinamerican bioethics,369,imputado,150.0,True,"apc_monto, apc_moneda","issn_electronic, issn_linking, institucion_editora_2, institucion_editora_3, titulo_alternativo, atributos_licencia, Waiver policy information URL, Other fees information URL, Preservation Service: national library, Deposit policy directory, URL for deposit policy, Continues, Continued By, apc_monto, apc_moneda"
1794-8290,Cuadernos De Literatura Del Caribe E Hispanoamérica,cuadernos literatura caribe e hispanoamerica,370,imputado,150.0,True,"apc_monto, apc_moneda","issn_linking, institucion_editora_3, url_revista, url_doaj, When did the journal start to publish all content using an open license?, titulo_alternativo, issn_impreso, issn_electronico, palabras_clave, idiomas, editorial, pais_editorial, Other organisation, Country of other organisation, licencia, atributos_licencia, URL for license terms, cc_legible_maquina, autor_retiene_copyright, Copyright information URL, tipo_revision, Review process information URL, politica_plagio, URL for journal's aims & scope, URL for the Editorial Board page, URL for journal's instructions for authors, semanas_submission_publicacion, tiene_apc, APC information URL, politica_exencion, Waiver policy information URL, tiene_otros_cobros, Other fees information URL, servicios_preservacion, Preservation Service: national library, Preservation information URL, Deposit policy directory, URL for deposit policy, identificadores_persistentes, cumple_oa_doaj, Continues, Continued By, codigos_lcc, subscribe_to_open, Mirror Journal, Open Journals Collective, materias, fecha_incorporacion_doaj, fecha_actualizacion_doaj, Last Full Review Date, num_articulos, fecha_ultimo_articulo, apc_monto, apc_moneda, editorial_rapida"
1692-715X,"Revista Latinoamericana De Ciencias Sociales, Niñez Y Juventud",latinoamericana ciencias sociales ninez juventud,371,imputado,150.0,True,"apc_monto, apc_moneda","issn_linking, institucion_editora_2, institucion_editora_3, titulo_alternativo, Country of other organisation, atributos_licencia, cc_legible_maquina, Copyright information URL, Waiver policy information URL, servicios_preservacion, Preservation Service: national library, Deposit policy directory, URL for deposit policy, identificadores_persistentes, Continues, Continued By, apc_monto, apc_moneda"
0120-3347,Revista Colombiana De Anestesiología,colombiana anestesiologia,372,imputado,150.0,True,"apc_monto, apc_moneda","issn_linking, institucion_editora_2, institucion_editora_3, url_revista, url_doaj, When did the journal start to publish all content using an open license?, titulo_alternativo, issn_impreso, issn_electronico, palabras_clave, idiomas, editorial, pais_editorial, Other organisation, Country of other organisation, licencia, atributos_licencia, URL for license terms, cc_legible_maquina, autor_retiene_copyright, Copyright information URL, tipo_revision, Review process information URL, politica_plagio, URL for journal's aims & scope, URL for the Editorial Board page, URL for journal's instructions for authors, semanas_submission_publicacion, tiene_apc, APC information URL, politica_exencion, Waiver policy information URL, tiene_otros_cobros, Other fees information URL, servicios_preservacion, Preservation Service: national library, Preservation information URL, Deposit policy directory, URL for deposit policy, identificadores_persistentes, cumple_oa_doaj, Continues, Continued By, codigos_lcc, subscribe_to_open, Mirror Journal, Open Journals Collective, materias, fecha_incorporacion_doaj, fecha_actualizacion_doaj, Last Full Review Date, num_articulos, fecha_ultimo_articulo, apc_monto, apc_moneda, editorial_rapida"
2011-0324,Cs,cs,373,imputado,150.0,True,"apc_monto, apc_moneda","issn_electronic, issn_linking, institucion_editora_2, institucion_editora_3, titulo_alternativo, atributos_licencia, Waiver policy information URL, Other fees information URL, Preservation Service: national library, Deposit policy directory, URL for deposit policy, Continues, Continued By, apc_monto, apc_moneda"
0034-7418,Revista Colombiana De Ciencias Químico Farmacéuticas,colombiana ciencias quimico farmaceuticas,374,imputado,150.0,True,"apc_monto, apc_moneda","issn_linking, institucion_editora_2, institucion_editora_3, url_revista, url_doaj, When did the journal start to publish all content using an open license?, titulo_alternativo, issn_impreso, issn_electronico, palabras_clave, idiomas, editorial, pais_editorial, Other organisation, Country of other organisation, licencia, atributos_licencia, URL for license terms, cc_legible_maquina, autor_retiene_copyright, Copyright information URL, tipo_revision, Review process information URL, politica_plagio, URL for journal's aims & scope, URL for the Editorial Board page, URL for journal's instructions for authors, semanas_submission_publicacion, tiene_apc, APC information URL, politica_exencion, Waiver policy information URL, tiene_otros_cobros, Other fees information URL, servicios_preservacion, Preservation Service: national library, Preservation information URL, Deposit policy directory, URL for deposit policy, identificadores_persistentes, cumple_oa_doaj, Continues, Continued By, codigos_lcc, subscribe_to_open, Mirror Journal, Open Journals Collective, materias, fecha_incorporacion_doaj, fecha_actualizacion_doaj, Last Full Review Date, num_articulos, fecha_ultimo_articulo, apc_monto, apc_moneda, editorial_rapida"
1657-7027,Revista Gerencia Y Políticas De Salud,gerencia politicas salud,375,imputado,150.0,True,"apc_monto, apc_moneda","issn_electronic, issn_linking, institucion_editora_2, institucion_editora_3, url_revista, url_doaj, When did the journal start to publish all content using an open license?, titulo_alternativo, issn_impreso, issn_electronico, palabras_clave, idiomas, editorial, pais_editorial, Other organisation, Country of other organisation, licencia, atributos_licencia, URL for license terms, cc_legible_maquina, autor_retiene_copyright, Copyright information URL, tipo_revision, Review process information URL, politica_plagio, URL for journal's aims & scope, URL for the Editorial Board page, URL for journal's instructions for authors, semanas_submission_publicacion, tiene_apc, APC information URL, politica_exencion, Waiver policy information URL, tiene_otros_cobros, Other fees information URL, servicios_preservacion, Preservation Service: national library, Preservation information URL, Deposit policy directory, URL for deposit policy, identificadores_persistentes, cumple_oa_doaj, Continues, Continued By, codigos_lcc, subscribe_to_open, Mirror Journal, Open Journals Collective, materias, fecha_incorporacion_doaj, fecha_actualizacion_doaj, Last Full Review Date, num_articulos, fecha_ultimo_articulo, apc_monto, apc_moneda, editorial_rapida"
2248-6046,Finanzas Y Política Económica,finanzas politica economica,376,imputado,150.0,True,"apc_monto, apc_moneda","issn_linking, institucion_editora_2, institucion_editora_3, Other organisation, Country of other organisation, atributos_licencia, Waiver policy information URL, Other fees information URL, servicios_preservacion, Preservation Service: national library, Preservation information URL, Deposit policy directory, URL for deposit policy, identificadores_persistentes, Continues, Continued By, apc_monto, apc_moneda"
1657-320X,Archivos De Medicina,archivos medicina,377,imputado,150.0,True,"apc_monto, apc_moneda","issn_electronic, issn_linking, institucion_editora_2, institucion_editora_3, url_revista, url_doaj, When did the journal start to publish all content using an open license?, titulo_alternativo, issn_impreso, issn_electronico, palabras_clave, idiomas, editorial, pais_editorial, Other organisation, Country of other organisation, licencia, atributos_licencia, URL for license terms, cc_legible_maquina, autor_retiene_copyright, Copyright information URL, tipo_revision, Review process information URL, politica_plagio, URL for journal's aims & scope, URL for the Editorial Board page, URL for journal's instructions for authors, semanas_submission_publicacion, tiene_apc, APC information URL, politica_exencion, Waiver policy information URL, tiene_otros_cobros, Other fees information URL, servicios_preservacion, Preservation Service: national library, Preservation information URL, Deposit policy directory, URL for deposit policy, identificadores_persistentes, cumple_oa_doaj, Continues, Continued By, codigos_lcc, subscribe_to_open, Mirror Journal, Open Journals Collective, materias, fecha_incorporacion_doaj, fecha_actualizacion_doaj, Last Full Review Date, num_articulos, fecha_ultimo_articulo, apc_monto, apc_moneda, editorial_rapida"
0120-5307,Investigación Y Educación En Enfermería,investigacion educacion enfermeria,378,imputado,150.0,True,"apc_monto, apc_moneda","issn_linking, institucion_editora_2, institucion_editora_3, titulo_alternativo, Country of other organisation, atributos_licencia, Waiver policy information URL, Other fees information URL, Preservation Service: national library, Deposit policy directory, URL for deposit policy, Continues, Continued By, apc_monto, apc_moneda"
0121-5469,Revista Colombiana De Psicología,colombiana psicologia,379,imputado,150.0,True,"apc_monto, apc_moneda","issn_linking, institucion_editora_2, institucion_editora_3, url_revista, url_doaj, When did the journal start to publish all content using an open license?, titulo_alternativo, issn_impreso, issn_electronico, palabras_clave, idiomas, editorial, pais_editorial, Other organisation, Country of other organisation, licencia, atributos_licencia, URL for license terms, cc_legible_maquina, autor_retiene_copyright, Copyright information URL, tipo_revision, Review process information URL, politica_plagio, URL for journal's aims & scope, URL for the Editorial Board page, URL for journal's instructions for authors, semanas_submission_publicacion, tiene_apc, APC information URL, politica_exencion, Waiver policy information URL, tiene_otros_cobros, Other fees information URL, servicios_preservacion, Preservation Service: national library, Preservation information URL, Deposit policy directory, URL for deposit policy, identificadores_persistentes, cumple_oa_doaj, Continues, Continued By, codigos_lcc, subscribe_to_open, Mirror Journal, Open Journals Collective, materias, fecha_incorporacion_doaj, fecha_actualizacion_doaj, Last Full Review Date, num_articulos, fecha_ultimo_articulo, apc_monto, apc_moneda, editorial_rapida"
0120-1468,Franciscanum,franciscanum,380,imputado,150.0,True,"apc_monto, apc_moneda","issn_electronic, issn_linking, institucion_editora_2, institucion_editora_3, Other organisation, Country of other organisation, atributos_licencia, Waiver policy information URL, Other fees information URL, servicios_preservacion, Preservation Service: national library, Preservation information URL, Deposit policy directory, URL for deposit policy, Continues, Continued By, apc_monto, apc_moneda"
0120-159X,Revista Colombiana De Sociología,colombiana sociologia,381,imputado,150.0,True,"apc_monto, apc_moneda","issn_electronic, issn_linking, institucion_editora_2, institucion_editora_3, url_revista, url_doaj, When did the journal start to publish all content using an open license?, titulo_alternativo, issn_impreso, issn_electronico, palabras_clave, idiomas, editorial, pais_editorial, Other organisation, Country of other organisation, licencia, atributos_licencia, URL for license terms, cc_legible_maquina, autor_retiene_copyright, Copyright information URL, tipo_revision, Review process information URL, politica_plagio, URL for journal's aims & scope, URL for the Editorial Board page, URL for journal's instructions for authors, semanas_submission_publicacion, tiene_apc, APC information URL, politica_exencion, Waiver policy information URL, tiene_otros_cobros, Other fees information URL, servicios_preservacion, Preservation Service: national library, Preservation information URL, Deposit policy directory, URL for deposit policy, identificadores_persistentes, cumple_oa_doaj, Continues, Continued By, codigos_lcc, subscribe_to_open, Mirror Journal, Open Journals Collective, materias, fecha_incorporacion_doaj, fecha_actualizacion_doaj, Last Full Review Date, num_articulos, fecha_ultimo_articulo, apc_monto, apc_moneda, editorial_rapida"
1692-0279,Ad-Minister Revista Escuela De Administración,ad minister escuela administracion,382,imputado,150.0,True,"apc_monto, apc_moneda","issn_linking, institucion_editora_2, institucion_editora_3, titulo_alternativo, Other organisation, Country of other organisation, atributos_licencia, Waiver policy information URL, Preservation Service: national library, URL for deposit policy, identificadores_persistentes, Continues, Continued By, apc_monto, apc_moneda"
0122-8706,Revista Corpoica,corpoica,383,imputado,200.0,True,"apc_monto, apc_moneda","issn_linking, institucion_editora_2, institucion_editora_3, url_revista, url_doaj, When did the journal start to publish all content using an open license?, titulo_alternativo, issn_impreso, issn_electronico, palabras_clave, idiomas, editorial, pais_editorial, Other organisation, Country of other organisation, licencia, atributos_licencia, URL for license terms, cc_legible_maquina, autor_retiene_copyright, Copyright information URL, tipo_revision, Review process information URL, politica_plagio, URL for journal's aims & scope, URL for the Editorial Board page, URL for journal's instructions for authors, semanas_submission_publicacion, tiene_apc, APC information URL, politica_exencion, Waiver policy information URL, tiene_otros_cobros, Other fees information URL, servicios_preservacion, Preservation Service: national library, Preservation information URL, Deposit policy directory, URL for deposit policy, identificadores_persistentes, cumple_oa_doaj, Continues, Continued By, codigos_lcc, subscribe_to_open, Mirror Journal, Open Journals Collective, materias, fecha_incorporacion_doaj, fecha_actualizacion_doaj, Last Full Review Date, num_articulos, fecha_ultimo_articulo, apc_monto, apc_moneda, editorial_rapida"
0121-1129,Revista Facultad De Ingeniería,facultad ingenieria,384,imputado,150.0,True,"apc_monto, apc_moneda","issn_linking, institucion_editora_2, institucion_editora_3, titulo_alternativo, Other organisation, Country of other organisation, atributos_licencia, Waiver policy information URL, Other fees information URL, servicios_preservacion, Preservation Service: national library, Preservation information URL, Deposit policy directory, URL for deposit policy, Continues, Continued By, apc_monto, apc_moneda"
0120-9965,Agronomía Colombiana,agronomia colombiana,385,imputado,200.0,True,"apc_monto, apc_moneda","issn_electronic, issn_linking, institucion_editora_2, institucion_editora_3, titulo_alternativo, Country of other organisation, atributos_licencia, Copyright information URL, Waiver policy information URL, Other fees information URL, servicios_preservacion, Preservation Service: national library, Preservation information URL, URL for deposit policy, Continues, Continued By, apc_monto, apc_moneda"
0121-6538,Ánfora,anfora,386,imputado,150.0,True,"apc_monto, apc_moneda","issn_linking, institucion_editora_2, institucion_editora_3, titulo_alternativo, Other organisation, Country of other organisation, atributos_licencia, Waiver policy information URL, Other fees information URL, servicios_preservacion, Preservation Service: national library, Preservation information URL, Deposit policy directory, URL for deposit policy, Continues, Continued By, fecha_ultimo_articulo, apc_monto, apc_moneda"
2027-1786,Revista Iberoamericana De Psicología: Ciencia Y Tecnología,iberoamericana psicologia ciencia tecnologia,387,imputado,150.0,True,"apc_monto, apc_moneda","issn_electronic, issn_linking, institucion_editora_2, institucion_editora_3, atributos_licencia, Waiver policy information URL, Other fees information URL, servicios_preservacion, Preservation Service: national library, Preservation information URL, Deposit policy directory, URL for deposit policy, Continues, Continued By, apc_monto, apc_moneda"
2027-4688,Fronteras De La Historia,fronteras historia,388,imputado,150.0,True,"apc_monto, apc_moneda","issn_electronic, issn_linking, institucion_editora_2, institucion_editora_3, Country of other organisation, atributos_licencia, cc_legible_maquina, Copyright information URL, Waiver policy information URL, servicios_preservacion, Preservation Service: national library, Preservation information URL, Deposit policy directory, URL for deposit policy, identificadores_persistentes, Continues, Continued By, apc_monto, apc_moneda"
0123-9155,Acta Colombiana De Psicología,acta colombiana psicologia,389,imputado,150.0,True,"apc_monto, apc_moneda","issn_electronic, issn_linking, institucion_editora_2, institucion_editora_3, Other organisation, Country of other organisation, atributos_licencia, cc_legible_maquina, Waiver policy information URL, Other fees information URL, Deposit policy directory, URL for deposit policy, Continues, Continued By, apc_monto, apc_moneda"
0124-0137,Revista Psicogente,psicogente,390,imputado,150.0,True,"apc_monto, apc_moneda","issn_linking, institucion_editora_2, institucion_editora_3, titulo_alternativo, Other organisation, Country of other organisation, atributos_licencia, cc_legible_maquina, Copyright information URL, Waiver policy information URL, servicios_preservacion, Preservation Service: national library, URL for deposit policy, identificadores_persistentes, Continues, Continued By, apc_monto, apc_moneda"
0120-386X,Revista Facultad Nacional De Salud Publica,facultad nacional salud publica,391,imputado,150.0,True,"apc_monto, apc_moneda","issn_linking, institucion_editora_2, institucion_editora_3, titulo_alternativo, issn_electronico, Other organisation, Country of other organisation, atributos_licencia, Copyright information URL, Waiver policy information URL, servicios_preservacion, Preservation Service: national library, Preservation information URL, Deposit policy directory, URL for deposit policy, identificadores_persistentes, Continues, Continued By, apc_monto, apc_moneda"
0120-4823,Signo Y Pensamiento,signo pensamiento,392,imputado,150.0,True,"apc_monto, apc_moneda","issn_linking, institucion_editora_2, institucion_editora_3, titulo_alternativo, Country of other organisation, atributos_licencia, cc_legible_maquina, Copyright information URL, Waiver policy information URL, Other fees information URL, servicios_preservacion, Preservation Service: national library, Preservation information URL, URL for deposit policy, Continues, Continued By, apc_monto, apc_moneda"
1909-3063,"Revista De Relaciones Internacionales, Estrategia Y Seguridad",relaciones internacionales estrategia seguridad,393,imputado,150.0,True,"apc_monto, apc_moneda","issn_electronic, issn_linking, institucion_editora_2, institucion_editora_3, atributos_licencia, Waiver policy information URL, Other fees information URL, Preservation Service: national library, Deposit policy directory, URL for deposit policy, Continues, Continued By, apc_monto, apc_moneda"
0121-0319,Médicas Uis,medicas uis,394,imputado,150.0,True,"apc_monto, apc_moneda","issn_electronic, issn_linking, institucion_editora_2, institucion_editora_3, url_revista, url_doaj, When did the journal start to publish all content using an open license?, titulo_alternativo, issn_impreso, issn_electronico, palabras_clave, idiomas, editorial, pais_editorial, Other organisation, Country of other organisation, licencia, atributos_licencia, URL for license terms, cc_legible_maquina, autor_retiene_copyright, Copyright information URL, tipo_revision, Review process information URL, politica_plagio, URL for journal's aims & scope, URL for the Editorial Board page, URL for journal's instructions for authors, semanas_submission_publicacion, tiene_apc, APC information URL, politica_exencion, Waiver policy information URL, tiene_otros_cobros, Other fees information URL, servicios_preservacion, Preservation Service: national library, Preservation information URL, Deposit policy directory, URL for deposit policy, identificadores_persistentes, cumple_oa_doaj, Continues, Continued By, codigos_lcc, subscribe_to_open, Mirror Journal, Open Journals Collective, materias, fecha_incorporacion_doaj, fecha_actualizacion_doaj, Last Full Review Date, num_articulos, fecha_ultimo_articulo, apc_monto, apc_moneda, editorial_rapida"
0121-7488,Ciencia En Desarrollo,ciencia desarrollo,395,imputado,150.0,True,"apc_monto, apc_moneda","issn_linking, institucion_editora_2, institucion_editora_3, url_revista, url_doaj, When did the journal start to publish all content using an open license?, titulo_alternativo, issn_impreso, issn_electronico, palabras_clave, idiomas, editorial, pais_editorial, Other organisation, Country of other organisation, licencia, atributos_licencia, URL for license terms, cc_legible_maquina, autor_retiene_copyright, Copyright information URL, tipo_revision, Review process information URL, politica_plagio, URL for journal's aims & scope, URL for the Editorial Board page, URL for journal's instructions for authors, semanas_submission_publicacion, tiene_apc, APC information URL, politica_exencion, Waiver policy information URL, tiene_otros_cobros, Other fees information URL, servicios_preservacion, Preservation Service: national library, Preservation information URL, Deposit policy directory, URL for deposit policy, identificadores_persistentes, cumple_oa_doaj, Continues, Continued By, codigos_lcc, subscribe_to_open, Mirror Journal, Open Journals Collective, materias, fecha_incorporacion_doaj, fecha_actualizacion_doaj, Last Full Review Date, num_articulos, fecha_ultimo_articulo, apc_monto, apc_moneda, editorial_rapida"
1692-2522,Anagramas : Rumbos Y Sentidos De La Comunicación,anagramas rumbos sentidos comunicacion,396,imputado,150.0,True,"apc_monto, apc_moneda","issn_electronic, issn_linking, codigo_dane, institucion_editora_2, institucion_editora_3, pais_iso, titulo_alternativo, Country of other organisation, atributos_licencia, Waiver policy information URL, Other fees information URL, servicios_preservacion, Preservation Service: national library, Preservation information URL, Deposit policy directory, URL for deposit policy, identificadores_persistentes, Continues, Continued By, apc_monto, apc_moneda"
1692-3324,Revista Ingenierías Universidad De Medellín,ingenierias universidad medellin,397,imputado,150.0,True,"apc_monto, apc_moneda","issn_electronic, issn_linking, institucion_editora_2, institucion_editora_3, Other organisation, Country of other organisation, atributos_licencia, cc_legible_maquina, Waiver policy information URL, Other fees information URL, servicios_preservacion, Preservation Service: national library, Preservation information URL, Deposit policy directory, URL for deposit policy, identificadores_persistentes, Continues, Continued By, apc_monto, apc_moneda"
1909-9762,Revista Ingeniería Biomédica,ingenieria biomedica,398,imputado,150.0,True,"apc_monto, apc_moneda","issn_electronic, issn_linking, institucion_editora_3, url_revista, url_doaj, When did the journal start to publish all content using an open license?, titulo_alternativo, issn_impreso, issn_electronico, palabras_clave, idiomas, editorial, pais_editorial, Other organisation, Country of other organisation, licencia, atributos_licencia, URL for license terms, cc_legible_maquina, autor_retiene_copyright, Copyright information URL, tipo_revision, Review process information URL, politica_plagio, URL for journal's aims & scope, URL for the Editorial Board page, URL for journal's instructions for authors, semanas_submission_publicacion, tiene_apc, APC information URL, politica_exencion, Waiver policy information URL, tiene_otros_cobros, Other fees information URL, servicios_preservacion, Preservation Service: national library, Preservation information URL, Deposit policy directory, URL for deposit policy, identificadores_persistentes, cumple_oa_doaj, Continues, Continued By, codigos_lcc, subscribe_to_open, Mirror Journal, Open Journals Collective, materias, fecha_incorporacion_doaj, fecha_actualizacion_doaj, Last Full Review Date, num_articulos, fecha_ultimo_articulo, apc_monto, apc_moneda, editorial_rapida"
0122-056X,Informador Tecnico,informador tecnico,399,imputado,150.0,True,"apc_monto, apc_moneda","issn_linking, institucion_editora_2, institucion_editora_3, titulo_alternativo, Other organisation, Country of other organisation, atributos_licencia, Copyright information URL, Waiver policy information URL, servicios_preservacion, Preservation Service: national library, Preservation information URL, URL for deposit policy, Continues, Continued By, apc_monto, apc_moneda"
0123-4226,Revista U.D.C.A. Actualidad & Divulgación Científica,u d c actualidad divulgacion cientifica,400,imputado,200.0,True,"apc_monto, apc_moneda","issn_electronic, issn_linking, institucion_editora_2, institucion_editora_3, titulo_alternativo, Country of other organisation, atributos_licencia, cc_legible_maquina, Waiver policy information URL, servicios_preservacion, Preservation Service: national library, Preservation information URL, Deposit policy directory, URL for deposit policy, identificadores_persistentes, Continues, Continued By, apc_monto, apc_moneda"
1900-9895,Latinoamericana De Estudios Educativos,latinoamericana estudios educativos,401,imputado,150.0,True,"apc_monto, apc_moneda","issn_electronic, issn_linking, institucion_editora_2, institucion_editora_3, titulo_alternativo, Other organisation, Country of other organisation, atributos_licencia, Waiver policy information URL, Other fees information URL, servicios_preservacion, Preservation Service: national library, Preservation information URL, Continues, Continued By, apc_monto, apc_moneda"
2216-0973,Revista Cuidarte,cuidarte,402,imputado,150.0,True,"apc_monto, apc_moneda","issn_electronic, issn_linking, institucion_editora_2, institucion_editora_3, titulo_alternativo, Country of other organisation, atributos_licencia, cc_legible_maquina, Waiver policy information URL, Other fees information URL, Preservation Service: national library, URL for deposit policy, Continues, Continued By, apc_monto, apc_moneda"
2011-2106,Revista De Economía Del Caribe,economia caribe,403,imputado,150.0,True,"apc_monto, apc_moneda","issn_electronic, issn_linking, institucion_editora_2, institucion_editora_3, url_revista, url_doaj, When did the journal start to publish all content using an open license?, titulo_alternativo, issn_impreso, issn_electronico, palabras_clave, idiomas, editorial, pais_editorial, Other organisation, Country of other organisation, licencia, atributos_licencia, URL for license terms, cc_legible_maquina, autor_retiene_copyright, Copyright information URL, tipo_revision, Review process information URL, politica_plagio, URL for journal's aims & scope, URL for the Editorial Board page, URL for journal's instructions for authors, semanas_submission_publicacion, tiene_apc, APC information URL, politica_exencion, Waiver policy information URL, tiene_otros_cobros, Other fees information URL, servicios_preservacion, Preservation Service: national library, Preservation information URL, Deposit policy directory, URL for deposit policy, identificadores_persistentes, cumple_oa_doaj, Continues, Continued By, codigos_lcc, subscribe_to_open, Mirror Journal, Open Journals Collective, materias, fecha_incorporacion_doaj, fecha_actualizacion_doaj, Last Full Review Date, num_articulos, fecha_ultimo_articulo, apc_monto, apc_moneda, editorial_rapida"
1794-6670,"Cuadernos De Música, Artes Visuales Y Artes Escénicas",cuadernos musica artes visuales artes escenicas,404,imputado,150.0,True,"apc_monto, apc_moneda","issn_electronic, issn_linking, institucion_editora_2, institucion_editora_3, url_revista, url_doaj, When did the journal start to publish all content using an open license?, titulo_alternativo, issn_impreso, issn_electronico, palabras_clave, idiomas, editorial, pais_editorial, Other organisation, Country of other organisation, licencia, atributos_licencia, URL for license terms, cc_legible_maquina, autor_retiene_copyright, Copyright information URL, tipo_revision, Review process information URL, politica_plagio, URL for journal's aims & scope, URL for the Editorial Board page, URL for journal's instructions for authors, semanas_submission_publicacion, tiene_apc, APC information URL, politica_exencion, Waiver policy information URL, tiene_otros_cobros, Other fees information URL, servicios_preservacion, Preservation Service: national library, Preservation information URL, Deposit policy directory, URL for deposit policy, identificadores_persistentes, cumple_oa_doaj, Continues, Continued By, codigos_lcc, subscribe_to_open, Mirror Journal, Open Journals Collective, materias, fecha_incorporacion_doaj, fecha_actualizacion_doaj, Last Full Review Date, num_articulos, fecha_ultimo_articulo, apc_monto, apc_moneda, editorial_rapida"
0124-8693,Tendencias,tendencias,405,imputado,150.0,True,"apc_monto, apc_moneda","issn_electronic, issn_linking, institucion_editora_2, institucion_editora_3, titulo_alternativo, Country of other organisation, atributos_licencia, Waiver policy information URL, Other fees information URL, Preservation Service: national library, Deposit policy directory, URL for deposit policy, Continues, Continued By, apc_monto, apc_moneda"
0120-2812,Acta Agronómica,acta agronomica,406,imputado,150.0,True,"apc_monto, apc_moneda","issn_linking, institucion_editora_2, institucion_editora_3, titulo_alternativo, Other organisation, Country of other organisation, atributos_licencia, Waiver policy information URL, Other fees information URL, Preservation Service: national library, Deposit policy directory, URL for deposit policy, Continues, Continued By, apc_monto, apc_moneda"
0124-7441,Justicia,justicia,407,imputado,150.0,True,"apc_monto, apc_moneda","issn_electronic, issn_linking, institucion_editora_2, institucion_editora_3, titulo_alternativo, Other organisation, Country of other organisation, atributos_licencia, Waiver policy information URL, Other fees information URL, servicios_preservacion, Preservation Service: national library, Preservation information URL, Deposit policy directory, URL for deposit policy, Continues, Continued By, apc_monto, apc_moneda"
1794-6190,Earth Sciences Research Journal,earth sciences,408,imputado,150.0,True,"apc_monto, apc_moneda","issn_linking, institucion_editora_2, institucion_editora_3, issn_electronico, Country of other organisation, atributos_licencia, Waiver policy information URL, Other fees information URL, servicios_preservacion, Preservation Service: national library, Preservation information URL, Deposit policy directory, URL for deposit policy, identificadores_persistentes, Continues, Continued By, apc_monto, apc_moneda"
0120-0488,Revista Colombiana De Entomología,colombiana entomologia,409,imputado,150.0,True,"apc_monto, apc_moneda","issn_electronic, issn_linking, institucion_editora_2, institucion_editora_3, url_revista, url_doaj, When did the journal start to publish all content using an open license?, titulo_alternativo, issn_impreso, issn_electronico, palabras_clave, idiomas, editorial, pais_editorial, Other organisation, Country of other organisation, licencia, atributos_licencia, URL for license terms, cc_legible_maquina, autor_retiene_copyright, Copyright information URL, tipo_revision, Review process information URL, politica_plagio, URL for journal's aims & scope, URL for the Editorial Board page, URL for journal's instructions for authors, semanas_submission_publicacion, tiene_apc, APC information URL, politica_exencion, Waiver policy information URL, tiene_otros_cobros, Other fees information URL, servicios_preservacion, Preservation Service: national library, Preservation information URL, Deposit policy directory, URL for deposit policy, identificadores_persistentes, cumple_oa_doaj, Continues, Continued By, codigos_lcc, subscribe_to_open, Mirror Journal, Open Journals Collective, materias, fecha_incorporacion_doaj, fecha_actualizacion_doaj, Last Full Review Date, num_articulos, fecha_ultimo_articulo, apc_monto, apc_moneda, editorial_rapida"
0123-3068,Boletín Científico Del Museo De Historia Natural,boletin cientifico museo historia natural,410,imputado,150.0,True,"apc_monto, apc_moneda","issn_electronic, issn_linking, institucion_editora_2, institucion_editora_3, url_revista, url_doaj, When did the journal start to publish all content using an open license?, titulo_alternativo, issn_impreso, issn_electronico, palabras_clave, idiomas, editorial, pais_editorial, Other organisation, Country of other organisation, licencia, atributos_licencia, URL for license terms, cc_legible_maquina, autor_retiene_copyright, Copyright information URL, tipo_revision, Review process information URL, politica_plagio, URL for journal's aims & scope, URL for the Editorial Board page, URL for journal's instructions for authors, semanas_submission_publicacion, tiene_apc, APC information URL, politica_exencion, Waiver policy information URL, tiene_otros_cobros, Other fees information URL, servicios_preservacion, Preservation Service: national library, Preservation information URL, Deposit policy directory, URL for deposit policy, identificadores_persistentes, cumple_oa_doaj, Continues, Continued By, codigos_lcc, subscribe_to_open, Mirror Journal, Open Journals Collective, materias, fecha_incorporacion_doaj, fecha_actualizacion_doaj, Last Full Review Date, num_articulos, fecha_ultimo_articulo, apc_monto, apc_moneda, editorial_rapida"
0121-3474,Verba Iuris,verba iuris,411,imputado,150.0,True,"apc_monto, apc_moneda","issn_electronic, issn_linking, institucion_editora_2, institucion_editora_3, url_revista, url_doaj, When did the journal start to publish all content using an open license?, titulo_alternativo, issn_impreso, issn_electronico, palabras_clave, idiomas, editorial, pais_editorial, Other organisation, Country of other organisation, licencia, atributos_licencia, URL for license terms, cc_legible_maquina, autor_retiene_copyright, Copyright information URL, tipo_revision, Review process information URL, politica_plagio, URL for journal's aims & scope, URL for the Editorial Board page, URL for journal's instructions for authors, semanas_submission_publicacion, tiene_apc, APC information URL, politica_exencion, Waiver policy information URL, tiene_otros_cobros, Other fees information URL, servicios_preservacion, Preservation Service: national library, Preservation information URL, Deposit policy directory, URL for deposit policy, identificadores_persistentes, cumple_oa_doaj, Continues, Continued By, codigos_lcc, subscribe_to_open, Mirror Journal, Open Journals Collective, materias, fecha_incorporacion_doaj, fecha_actualizacion_doaj, Last Full Review Date, num_articulos, fecha_ultimo_articulo, apc_monto, apc_moneda, editorial_rapida"
0123-4986,Trabajo Social,trabajo social,412,imputado,150.0,True,"apc_monto, apc_moneda","issn_electronic, issn_linking, institucion_editora_2, institucion_editora_3, titulo_alternativo, Other organisation, Country of other organisation, atributos_licencia, cc_legible_maquina, Waiver policy information URL, servicios_preservacion, Preservation Service: national library, Preservation information URL, Deposit policy directory, URL for deposit policy, identificadores_persistentes, Continues, Continued By, apc_monto, apc_moneda"
0120-4157,Biomédica,biomedica,413,imputado,150.0,True,"apc_monto, apc_moneda","issn_electronic, issn_linking, institucion_editora_2, institucion_editora_3, titulo_alternativo, Country of other organisation, cc_legible_maquina, Copyright information URL, Waiver policy information URL, Other fees information URL, Preservation Service: national library, Deposit policy directory, URL for deposit policy, Continues, Continued By, apc_monto, apc_moneda"
2322-9381,Trashumante,trashumante,414,imputado,150.0,True,"apc_monto, apc_moneda","issn_linking, institucion_editora_2, institucion_editora_3, url_revista, url_doaj, When did the journal start to publish all content using an open license?, titulo_alternativo, issn_impreso, issn_electronico, palabras_clave, idiomas, editorial, pais_editorial, Other organisation, Country of other organisation, licencia, atributos_licencia, URL for license terms, cc_legible_maquina, autor_retiene_copyright, Copyright information URL, tipo_revision, Review process information URL, politica_plagio, URL for journal's aims & scope, URL for the Editorial Board page, URL for journal's instructions for authors, semanas_submission_publicacion, tiene_apc, APC information URL, politica_exencion, Waiver policy information URL, tiene_otros_cobros, Other fees information URL, servicios_preservacion, Preservation Service: national library, Preservation information URL, Deposit policy directory, URL for deposit policy, identificadores_persistentes, cumple_oa_doaj, Continues, Continued By, codigos_lcc, subscribe_to_open, Mirror Journal, Open Journals Collective, materias, fecha_incorporacion_doaj, fecha_actualizacion_doaj, Last Full Review Date, num_articulos, fecha_ultimo_articulo, apc_monto, apc_moneda, editorial_rapida"
0120-1751,Revista Colombiana De Estadística,colombiana estadistica,415,imputado,150.0,True,"apc_monto, apc_moneda","issn_electronic, issn_linking, institucion_editora_2, institucion_editora_3, titulo_alternativo, issn_impreso, Other organisation, Country of other organisation, atributos_licencia, cc_legible_maquina, Waiver policy information URL, Other fees information URL, servicios_preservacion, Preservation Service: national library, Preservation information URL, Deposit policy directory, URL for deposit policy, Continues, Continued By, apc_monto, apc_moneda"
0120-4688,Praxis Filosófica,praxis filosofica,416,imputado,150.0,True,"apc_monto, apc_moneda","issn_electronic, issn_linking, institucion_editora_2, institucion_editora_3, titulo_alternativo, Country of other organisation, atributos_licencia, Waiver policy information URL, Other fees information URL, Preservation Service: national library, Deposit policy directory, URL for deposit policy, Continues, Continued By, apc_monto, apc_moneda"
2248-5759,Revista Salud Bosque,salud bosque,417,imputado,150.0,True,"apc_monto, apc_moneda","issn_linking, institucion_editora_2, institucion_editora_3, titulo_alternativo, Other organisation, Country of other organisation, atributos_licencia, Waiver policy information URL, Other fees information URL, servicios_preservacion, Preservation Service: national library, Preservation information URL, Deposit policy directory, URL for deposit policy, Continues, Continued By, apc_monto, apc_moneda"
0120-1700,Actualidades Pedagógicas,actualidades pedagogicas,418,imputado,150.0,True,"apc_monto, apc_moneda","issn_linking, institucion_editora_2, institucion_editora_3, url_revista, url_doaj, When did the journal start to publish all content using an open license?, titulo_alternativo, issn_impreso, issn_electronico, palabras_clave, idiomas, editorial, pais_editorial, Other organisation, Country of other organisation, licencia, atributos_licencia, URL for license terms, cc_legible_maquina, autor_retiene_copyright, Copyright information URL, tipo_revision, Review process information URL, politica_plagio, URL for journal's aims & scope, URL for the Editorial Board page, URL for journal's instructions for authors, semanas_submission_publicacion, tiene_apc, APC information URL, politica_exencion, Waiver policy information URL, tiene_otros_cobros, Other fees information URL, servicios_preservacion, Preservation Service: national library, Preservation information URL, Deposit policy directory, URL for deposit policy, identificadores_persistentes, cumple_oa_doaj, Continues, Continued By, codigos_lcc, subscribe_to_open, Mirror Journal, Open Journals Collective, materias, fecha_incorporacion_doaj, fecha_actualizacion_doaj, Last Full Review Date, num_articulos, fecha_ultimo_articulo, apc_monto, apc_moneda, editorial_rapida"
1909-4450,Revista Republicana,republicana,419,imputado,150.0,True,"apc_monto, apc_moneda","issn_electronic, issn_linking, institucion_editora_2, institucion_editora_3, url_revista, url_doaj, When did the journal start to publish all content using an open license?, titulo_alternativo, issn_impreso, issn_electronico, palabras_clave, idiomas, editorial, pais_editorial, Other organisation, Country of other organisation, licencia, atributos_licencia, URL for license terms, cc_legible_maquina, autor_retiene_copyright, Copyright information URL, tipo_revision, Review process information URL, politica_plagio, URL for journal's aims & scope, URL for the Editorial Board page, URL for journal's instructions for authors, semanas_submission_publicacion, tiene_apc, APC information URL, politica_exencion, Waiver policy information URL, tiene_otros_cobros, Other fees information URL, servicios_preservacion, Preservation Service: national library, Preservation information URL, Deposit policy directory, URL for deposit policy, identificadores_persistentes, cumple_oa_doaj, Continues, Continued By, codigos_lcc, subscribe_to_open, Mirror Journal, Open Journals Collective, materias, fecha_incorporacion_doaj, fecha_actualizacion_doaj, Last Full Review Date, num_articulos, fecha_ultimo_articulo, apc_monto, apc_moneda, editorial_rapida"
0034-7434,Revista Colombiana De Obstetricia Y Ginecología,colombiana obstetricia ginecologia,420,imputado,150.0,True,"apc_monto, apc_moneda","issn_electronic, issn_linking, institucion_editora_2, institucion_editora_3, titulo_alternativo, Country of other organisation, atributos_licencia, cc_legible_maquina, Copyright information URL, Waiver policy information URL, Other fees information URL, Preservation Service: national library, Deposit policy directory, URL for deposit policy, identificadores_persistentes, Continues, Continued By, apc_monto, apc_moneda"
0121-8417,Revista Historia Y Sociedad,historia sociedad,421,imputado,150.0,True,"apc_monto, apc_moneda","issn_electronic, issn_linking, institucion_editora_2, institucion_editora_3, titulo_alternativo, Country of other organisation, atributos_licencia, cc_legible_maquina, Waiver policy information URL, Other fees information URL, servicios_preservacion, Preservation Service: national library, Preservation information URL, URL for deposit policy, Continues, Continued By, apc_monto, apc_moneda"
0123-885X,Revista De Estudios Sociales,estudios sociales,422,imputado,150.0,True,"apc_monto, apc_moneda","issn_linking, institucion_editora_2, institucion_editora_3, titulo_alternativo, Other organisation, Country of other organisation, atributos_licencia, cc_legible_maquina, Waiver policy information URL, Other fees information URL, servicios_preservacion, Preservation Service: national library, Preservation information URL, Deposit policy directory, URL for deposit policy, Continues, Continued By, apc_monto, apc_moneda"
0123-4366,Revista De Derecho Privado,derecho privado,423,imputado,150.0,True,"apc_monto, apc_moneda","issn_electronic, issn_linking, institucion_editora_2, institucion_editora_3, titulo_alternativo, Other organisation, Country of other organisation, atributos_licencia, cc_legible_maquina, Waiver policy information URL, Other fees information URL, Preservation Service: national library, Continues, Continued By, apc_monto, apc_moneda"
0122-1701,Scientia Et Technica,scientia et technica,424,imputado,150.0,True,"apc_monto, apc_moneda","issn_electronic, issn_linking, institucion_editora_2, institucion_editora_3, url_revista, url_doaj, When did the journal start to publish all content using an open license?, titulo_alternativo, issn_impreso, issn_electronico, palabras_clave, idiomas, editorial, pais_editorial, Other organisation, Country of other organisation, licencia, atributos_licencia, URL for license terms, cc_legible_maquina, autor_retiene_copyright, Copyright information URL, tipo_revision, Review process information URL, politica_plagio, URL for journal's aims & scope, URL for the Editorial Board page, URL for journal's instructions for authors, semanas_submission_publicacion, tiene_apc, APC information URL, politica_exencion, Waiver policy information URL, tiene_otros_cobros, Other fees information URL, servicios_preservacion, Preservation Service: national library, Preservation information URL, Deposit policy directory, URL for deposit policy, identificadores_persistentes, cumple_oa_doaj, Continues, Continued By, codigos_lcc, subscribe_to_open, Mirror Journal, Open Journals Collective, materias, fecha_incorporacion_doaj, fecha_actualizacion_doaj, Last Full Review Date, num_articulos, fecha_ultimo_articulo, apc_monto, apc_moneda, editorial_rapida"
1657-6357,Sociedad Y Economía,sociedad economia,425,imputado,150.0,True,"apc_monto, apc_moneda","issn_electronic, issn_linking, institucion_editora_2, institucion_editora_3, url_revista, url_doaj, When did the journal start to publish all content using an open license?, titulo_alternativo, issn_impreso, issn_electronico, palabras_clave, idiomas, editorial, pais_editorial, Other organisation, Country of other organisation, licencia, atributos_licencia, URL for license terms, cc_legible_maquina, autor_retiene_copyright, Copyright information URL, tipo_revision, Review process information URL, politica_plagio, URL for journal's aims & scope, URL for the Editorial Board page, URL for journal's instructions for authors, semanas_submission_publicacion, tiene_apc, APC information URL, politica_exencion, Waiver policy information URL, tiene_otros_cobros, Other fees information URL, servicios_preservacion, Preservation Service: national library, Preservation information URL, Deposit policy directory, URL for deposit policy, identificadores_persistentes, cumple_oa_doaj, Continues, Continued By, codigos_lcc, subscribe_to_open, Mirror Journal, Open Journals Collective, materias, fecha_incorporacion_doaj, fecha_actualizacion_doaj, Last Full Review Date, num_articulos, fecha_ultimo_articulo, apc_monto, apc_moneda, editorial_rapida"
1657-0308,Revista De Arquitectura,arquitectura,426,imputado,150.0,True,"apc_monto, apc_moneda","issn_linking, institucion_editora_2, institucion_editora_3, titulo_alternativo, atributos_licencia, Waiver policy information URL, Other fees information URL, servicios_preservacion, Preservation Service: national library, Preservation information URL, Deposit policy directory, URL for deposit policy, Continues, Continued By, Last Full Review Date, apc_monto, apc_moneda"
0122-6517,Inge-Cuc,inge cuc,427,imputado,150.0,True,"apc_monto, apc_moneda","issn_linking, institucion_editora_2, institucion_editora_3, url_revista, url_doaj, When did the journal start to publish all content using an open license?, titulo_alternativo, issn_impreso, issn_electronico, palabras_clave, idiomas, editorial, pais_editorial, Other organisation, Country of other organisation, licencia, atributos_licencia, URL for license terms, cc_legible_maquina, autor_retiene_copyright, Copyright information URL, tipo_revision, Review process information URL, politica_plagio, URL for journal's aims & scope, URL for the Editorial Board page, URL for journal's instructions for authors, semanas_submission_publicacion, tiene_apc, APC information URL, politica_exencion, Waiver policy information URL, tiene_otros_cobros, Other fees information URL, servicios_preservacion, Preservation Service: national library, Preservation information URL, Deposit policy directory, URL for deposit policy, identificadores_persistentes, cumple_oa_doaj, Continues, Continued By, codigos_lcc, subscribe_to_open, Mirror Journal, Open Journals Collective, materias, fecha_incorporacion_doaj, fecha_actualizacion_doaj, Last Full Review Date, num_articulos, fecha_ultimo_articulo, apc_monto, apc_moneda, editorial_rapida"
1657-107X,Revista Interamericana De Investigación Educación Y Pedagogía,interamericana investigacion educacion pedagogia,428,imputado,150.0,True,"apc_monto, apc_moneda","issn_electronic, issn_linking, institucion_editora_2, institucion_editora_3, url_revista, url_doaj, When did the journal start to publish all content using an open license?, titulo_alternativo, issn_impreso, issn_electronico, palabras_clave, idiomas, editorial, pais_editorial, Other organisation, Country of other organisation, licencia, atributos_licencia, URL for license terms, cc_legible_maquina, autor_retiene_copyright, Copyright information URL, tipo_revision, Review process information URL, politica_plagio, URL for journal's aims & scope, URL for the Editorial Board page, URL for journal's instructions for authors, semanas_submission_publicacion, tiene_apc, APC information URL, politica_exencion, Waiver policy information URL, tiene_otros_cobros, Other fees information URL, servicios_preservacion, Preservation Service: national library, Preservation information URL, Deposit policy directory, URL for deposit policy, identificadores_persistentes, cumple_oa_doaj, Continues, Continued By, codigos_lcc, subscribe_to_open, Mirror Journal, Open Journals Collective, materias, fecha_incorporacion_doaj, fecha_actualizacion_doaj, Last Full Review Date, num_articulos, fecha_ultimo_articulo, apc_monto, apc_moneda, editorial_rapida"
0124-7107,Universidad Y Salud,universidad salud,429,imputado,150.0,True,"apc_monto, apc_moneda","issn_linking, institucion_editora_2, institucion_editora_3, titulo_alternativo, Other organisation, Country of other organisation, atributos_licencia, Waiver policy information URL, Other fees information URL, Preservation Service: national library, Deposit policy directory, URL for deposit policy, Continues, Continued By, Last Full Review Date, apc_monto, apc_moneda"
0121-0807,Salud Uis,salud uis,430,imputado,150.0,True,"apc_monto, apc_moneda","issn_linking, codigo_dane, institucion_editora_2, institucion_editora_3, pais_iso, atributos_licencia, Waiver policy information URL, Other fees information URL, servicios_preservacion, Preservation Service: national library, Preservation information URL, identificadores_persistentes, Continues, Continued By, apc_monto, apc_moneda"
0120-0976,Revista Interamericana De Bibliotecología,interamericana bibliotecologia,431,imputado,150.0,True,"apc_monto, apc_moneda","issn_electronic, issn_linking, institucion_editora_3, titulo_alternativo, Country of other organisation, atributos_licencia, cc_legible_maquina, Waiver policy information URL, Other fees information URL, servicios_preservacion, Preservation Service: national library, Preservation information URL, Deposit policy directory, URL for deposit policy, Continues, Continued By, apc_monto, apc_moneda"
0124-5996,Revista De Economía Institucional,economia institucional,432,imputado,150.0,True,"apc_monto, apc_moneda","issn_electronic, issn_linking, institucion_editora_2, institucion_editora_3, titulo_alternativo, Other organisation, Country of other organisation, atributos_licencia, cc_legible_maquina, Waiver policy information URL, Other fees information URL, Preservation Service: national library, Continues, Continued By, apc_monto, apc_moneda"
0123-1472,Cuadernos De Contabilidad,cuadernos contabilidad,433,imputado,150.0,True,"apc_monto, apc_moneda","issn_electronic, issn_linking, institucion_editora_2, institucion_editora_3, url_revista, url_doaj, When did the journal start to publish all content using an open license?, titulo_alternativo, issn_impreso, issn_electronico, palabras_clave, idiomas, editorial, pais_editorial, Other organisation, Country of other organisation, licencia, atributos_licencia, URL for license terms, cc_legible_maquina, autor_retiene_copyright, Copyright information URL, tipo_revision, Review process information URL, politica_plagio, URL for journal's aims & scope, URL for the Editorial Board page, URL for journal's instructions for authors, semanas_submission_publicacion, tiene_apc, APC information URL, politica_exencion, Waiver policy information URL, tiene_otros_cobros, Other fees information URL, servicios_preservacion, Preservation Service: national library, Preservation information URL, Deposit policy directory, URL for deposit policy, identificadores_persistentes, cumple_oa_doaj, Continues, Continued By, codigos_lcc, subscribe_to_open, Mirror Journal, Open Journals Collective, materias, fecha_incorporacion_doaj, fecha_actualizacion_doaj, Last Full Review Date, num_articulos, fecha_ultimo_articulo, apc_monto, apc_moneda, editorial_rapida"
1692-3561,Biotecnología En El Sector Agropecuario Y Agroindustrial,biotecnologia sector agropecuario agroindustrial,434,imputado,200.0,True,"apc_monto, apc_moneda","issn_linking, institucion_editora_2, institucion_editora_3, titulo_alternativo, Country of other organisation, atributos_licencia, cc_legible_maquina, Copyright information URL, Waiver policy information URL, servicios_preservacion, Preservation Service: national library, Preservation information URL, Deposit policy directory, URL for deposit policy, identificadores_persistentes, Continues, Continued By, apc_monto, apc_moneda"
0120-2952,Revista De La Facultad De Medicina Veterinaria Y De Zootecnia,facultad medicina veterinaria zootecnia,435,imputado,200.0,True,"apc_monto, apc_moneda","issn_electronic, issn_linking, codigo_dane, institucion_editora_2, institucion_editora_3, pais_iso, titulo_alternativo, Country of other organisation, atributos_licencia, cc_legible_maquina, Waiver policy information URL, Other fees information URL, servicios_preservacion, Preservation Service: national library, Preservation information URL, Deposit policy directory, URL for deposit policy, identificadores_persistentes, Continues, Continued By, apc_monto, apc_moneda"
0123-5923,Estudios Gerenciales,estudios gerenciales,436,imputado,150.0,True,"apc_monto, apc_moneda","issn_electronic, issn_linking, institucion_editora_2, institucion_editora_3, titulo_alternativo, issn_electronico, Other organisation, Country of other organisation, atributos_licencia, cc_legible_maquina, Copyright information URL, Waiver policy information URL, Other fees information URL, servicios_preservacion, URL for deposit policy, Continues, Continued By, apc_monto, apc_moneda"
1900-6896,Revista Colombiana De Bioética,colombiana bioetica,437,imputado,150.0,True,"apc_monto, apc_moneda","issn_electronic, issn_linking, institucion_editora_2, institucion_editora_3, titulo_alternativo, Other organisation, Country of other organisation, atributos_licencia, Waiver policy information URL, Other fees information URL, Preservation Service: national library, Deposit policy directory, URL for deposit policy, Continues, Continued By, apc_monto, apc_moneda"
1900-3102,Ingenieria Solidaria,ingenieria solidaria,438,imputado,150.0,True,"apc_monto, apc_moneda","issn_electronic, issn_linking, institucion_editora_2, institucion_editora_3, titulo_alternativo, Other organisation, Country of other organisation, atributos_licencia, Waiver policy information URL, Other fees information URL, Preservation Service: national library, Continues, Continued By, fecha_ultimo_articulo, apc_monto, apc_moneda"
1900-7922,La Manzana De La Discordia,manzana discordia,439,imputado,150.0,True,"apc_monto, apc_moneda","issn_linking, institucion_editora_2, institucion_editora_3, titulo_alternativo, Country of other organisation, atributos_licencia, Waiver policy information URL, Other fees information URL, Preservation Service: national library, Deposit policy directory, URL for deposit policy, Continues, Continued By, apc_monto, apc_moneda"
1900-8260,Revista De Educación En Ingeniería,educacion ingenieria,440,imputado,150.0,True,"apc_monto, apc_moneda","issn_electronic, issn_linking, institucion_editora_2, institucion_editora_3, url_revista, url_doaj, When did the journal start to publish all content using an open license?, titulo_alternativo, issn_impreso, issn_electronico, palabras_clave, idiomas, editorial, pais_editorial, Other organisation, Country of other organisation, licencia, atributos_licencia, URL for license terms, cc_legible_maquina, autor_retiene_copyright, Copyright information URL, tipo_revision, Review process information URL, politica_plagio, URL for journal's aims & scope, URL for the Editorial Board page, URL for journal's instructions for authors, semanas_submission_publicacion, tiene_apc, APC information URL, politica_exencion, Waiver policy information URL, tiene_otros_cobros, Other fees information URL, servicios_preservacion, Preservation Service: national library, Preservation information URL, Deposit policy directory, URL for deposit policy, identificadores_persistentes, cumple_oa_doaj, Continues, Continued By, codigos_lcc, subscribe_to_open, Mirror Journal, Open Journals Collective, materias, fecha_incorporacion_doaj, fecha_actualizacion_doaj, Last Full Review Date, num_articulos, fecha_ultimo_articulo, apc_monto, apc_moneda, editorial_rapida"
0121-750X,Ingeniería,ingenieria,441,imputado,150.0,True,"apc_monto, apc_moneda","issn_electronic, issn_linking, institucion_editora_2, institucion_editora_3, titulo_alternativo, Country of other organisation, atributos_licencia, URL for license terms, Waiver policy information URL, servicios_preservacion, Preservation Service: national library, Deposit policy directory, URL for deposit policy, Continues, Continued By, apc_monto, apc_moneda"
0124-4108,Perspectivas En Nutrición Humana,perspectivas nutricion humana,442,imputado,150.0,True,"apc_monto, apc_moneda","issn_linking, institucion_editora_2, institucion_editora_3, titulo_alternativo, Other organisation, Country of other organisation, atributos_licencia, Waiver policy information URL, Other fees information URL, servicios_preservacion, Preservation Service: national library, Preservation information URL, Deposit policy directory, URL for deposit policy, Continues, Continued By, apc_monto, apc_moneda"
0121-8530,La Palabra,palabra,443,imputado,150.0,True,"apc_monto, apc_moneda","issn_linking, institucion_editora_2, institucion_editora_3, titulo_alternativo, Other organisation, Country of other organisation, atributos_licencia, Waiver policy information URL, Other fees information URL, Preservation Service: national library, Deposit policy directory, URL for deposit policy, Continues, Continued By, apc_monto, apc_moneda"
0122-820X,Revista Respuestas,respuestas,444,imputado,150.0,True,"apc_monto, apc_moneda","issn_electronic, issn_linking, institucion_editora_2, institucion_editora_3, url_revista, url_doaj, When did the journal start to publish all content using an open license?, titulo_alternativo, issn_impreso, issn_electronico, palabras_clave, idiomas, editorial, pais_editorial, Other organisation, Country of other organisation, licencia, atributos_licencia, URL for license terms, cc_legible_maquina, autor_retiene_copyright, Copyright information URL, tipo_revision, Review process information URL, politica_plagio, URL for journal's aims & scope, URL for the Editorial Board page, URL for journal's instructions for authors, semanas_submission_publicacion, tiene_apc, APC information URL, politica_exencion, Waiver policy information URL, tiene_otros_cobros, Other fees information URL, servicios_preservacion, Preservation Service: national library, Preservation information URL, Deposit policy directory, URL for deposit policy, identificadores_persistentes, cumple_oa_doaj, Continues, Continued By, codigos_lcc, subscribe_to_open, Mirror Journal, Open Journals Collective, materias, fecha_incorporacion_doaj, fecha_actualizacion_doaj, Last Full Review Date, num_articulos, fecha_ultimo_articulo, apc_monto, apc_moneda, editorial_rapida"
0121-1617,Historia Crítica,historia critica,445,imputado,150.0,True,"apc_monto, apc_moneda","issn_electronic, issn_linking, institucion_editora_2, institucion_editora_3, titulo_alternativo, Other organisation, Country of other organisation, atributos_licencia, cc_legible_maquina, Waiver policy information URL, Other fees information URL, Preservation Service: national library, Deposit policy directory, URL for deposit policy, Continues, Continued By, apc_monto, apc_moneda"
0120-8160,Revista Escuela De Administración De Negocios,escuela administracion negocios,446,imputado,150.0,True,"apc_monto, apc_moneda","issn_electronic, issn_linking, institucion_editora_2, institucion_editora_3, titulo_alternativo, Other organisation, Country of other organisation, atributos_licencia, Waiver policy information URL, Other fees information URL, servicios_preservacion, Preservation Service: national library, Preservation information URL, Deposit policy directory, URL for deposit policy, Continues, Continued By, apc_monto, apc_moneda"
2216-0159,Praxis & Saber,praxis saber,447,imputado,150.0,True,"apc_monto, apc_moneda","issn_linking, institucion_editora_2, institucion_editora_3, url_revista, url_doaj, When did the journal start to publish all content using an open license?, titulo_alternativo, issn_impreso, issn_electronico, palabras_clave, idiomas, editorial, pais_editorial, Other organisation, Country of other organisation, licencia, atributos_licencia, URL for license terms, cc_legible_maquina, autor_retiene_copyright, Copyright information URL, tipo_revision, Review process information URL, politica_plagio, URL for journal's aims & scope, URL for the Editorial Board page, URL for journal's instructions for authors, semanas_submission_publicacion, tiene_apc, APC information URL, politica_exencion, Waiver policy information URL, tiene_otros_cobros, Other fees information URL, servicios_preservacion, Preservation Service: national library, Preservation information URL, Deposit policy directory, URL for deposit policy, identificadores_persistentes, cumple_oa_doaj, Continues, Continued By, codigos_lcc, subscribe_to_open, Mirror Journal, Open Journals Collective, materias, fecha_incorporacion_doaj, fecha_actualizacion_doaj, Last Full Review Date, num_articulos, fecha_ultimo_articulo, apc_monto, apc_moneda, editorial_rapida"
0121-0793,Iatreia,iatreia,448,imputado,150.0,True,"apc_monto, apc_moneda","issn_linking, institucion_editora_2, institucion_editora_3, titulo_alternativo, Other organisation, Country of other organisation, atributos_licencia, cc_legible_maquina, Copyright information URL, Waiver policy information URL, servicios_preservacion, Preservation Service: national library, Preservation information URL, Deposit policy directory, URL for deposit policy, Continues, Continued By, apc_monto, apc_moneda"
1794-3108,Revista Criminalidad,criminalidad,449,imputado,150.0,True,"apc_monto, apc_moneda","issn_electronic, issn_linking, institucion_editora_2, institucion_editora_3, titulo_alternativo, atributos_licencia, cc_legible_maquina, Waiver policy information URL, Other fees information URL, servicios_preservacion, Preservation Service: national library, Preservation information URL, Deposit policy directory, URL for deposit policy, Continues, Continued By, apc_monto, apc_moneda"
0124-8146,Investigaciones Andina,investigaciones andina,450,imputado,150.0,True,"apc_monto, apc_moneda","issn_electronic, issn_linking, institucion_editora_2, institucion_editora_3, url_revista, url_doaj, When did the journal start to publish all content using an open license?, titulo_alternativo, issn_impreso, issn_electronico, palabras_clave, idiomas, editorial, pais_editorial, Other organisation, Country of other organisation, licencia, atributos_licencia, URL for license terms, cc_legible_maquina, autor_retiene_copyright, Copyright information URL, tipo_revision, Review process information URL, politica_plagio, URL for journal's aims & scope, URL for the Editorial Board page, URL for journal's instructions for authors, semanas_submission_publicacion, tiene_apc, APC information URL, politica_exencion, Waiver policy information URL, tiene_otros_cobros, Other fees information URL, servicios_preservacion, Preservation Service: national library, Preservation information URL, Deposit policy directory, URL for deposit policy, identificadores_persistentes, cumple_oa_doaj, Continues, Continued By, codigos_lcc, subscribe_to_open, Mirror Journal, Open Journals Collective, materias, fecha_incorporacion_doaj, fecha_actualizacion_doaj, Last Full Review Date, num_articulos, fecha_ultimo_articulo, apc_monto, apc_moneda, editorial_rapida"
0121-053X,Cuadernos De Lingüística Hispánica,cuadernos linguistica hispanica,451,imputado,150.0,True,"apc_monto, apc_moneda","issn_linking, institucion_editora_2, institucion_editora_3, titulo_alternativo, Country of other organisation, atributos_licencia, cc_legible_maquina, Waiver policy information URL, Other fees information URL, servicios_preservacion, Preservation Service: national library, Preservation information URL, Continues, Continued By, apc_monto, apc_moneda"
1794-1237,Revista Eia,eia,452,imputado,150.0,True,"apc_monto, apc_moneda","issn_electronic, issn_linking, institucion_editora_2, institucion_editora_3, titulo_alternativo, issn_electronico, Other organisation, Country of other organisation, atributos_licencia, Waiver policy information URL, Other fees information URL, Preservation Service: national library, Deposit policy directory, URL for deposit policy, Continues, Continued By, apc_monto, apc_moneda"
1657-4672,Plumilla Educativa,plumilla educativa,453,imputado,150.0,True,"apc_monto, apc_moneda","issn_electronic, issn_linking, institucion_editora_2, institucion_editora_3, titulo_alternativo, Other organisation, Country of other organisation, atributos_licencia, cc_legible_maquina, Waiver policy information URL, Other fees information URL, servicios_preservacion, Preservation Service: national library, Preservation information URL, Deposit policy directory, URL for deposit policy, Continues, Continued By, apc_monto, apc_moneda"
1794-5992,Duazary,duazary,454,imputado,150.0,True,"apc_monto, apc_moneda","issn_linking, institucion_editora_2, institucion_editora_3, Country of other organisation, atributos_licencia, cc_legible_maquina, Copyright information URL, Waiver policy information URL, servicios_preservacion, Preservation Service: national library, Preservation information URL, Deposit policy directory, URL for deposit policy, Continues, Continued By, apc_monto, apc_moneda"
0120-0690,Revista Colombiana De Ciencias Pecuarias,colombiana ciencias pecuarias,455,declarado,200.0,False,apc_metodo_imputacion,"issn_electronic, issn_linking, institucion_editora_2, institucion_editora_3, titulo_alternativo, Country of other organisation, atributos_licencia, cc_legible_maquina, Copyright information URL, Waiver policy information URL, Other fees information URL, servicios_preservacion, Preservation Service: national library, Preservation information URL, Deposit policy directory, URL for deposit policy, identificadores_persistentes, Continues, Continued By, apc_metodo_imputacion"
0124-2253,Revista Científica,cientifica,456,imputado,150.0,True,"apc_monto, apc_moneda","issn_linking, institucion_editora_2, institucion_editora_3, titulo_alternativo, Other organisation, Country of other organisation, atributos_licencia, Copyright information URL, Waiver policy information URL, servicios_preservacion, Preservation Service: national library, Preservation information URL, URL for deposit policy, identificadores_persistentes, Continues, Continued By, apc_monto, apc_moneda"
0124-177X,Gestión Y Ambiente,gestion ambiente,457,imputado,150.0,True,"apc_monto, apc_moneda","issn_electronic, issn_linking, institucion_editora_3, titulo_alternativo, atributos_licencia, Waiver policy information URL, Other fees information URL, Preservation Service: national library, Deposit policy directory, URL for deposit policy, Continues, Continued By, apc_monto, apc_moneda"
1900-5407,Antípoda : Revista De Antropología Y Arqueología,antipoda antropologia arqueologia,458,imputado,150.0,True,"apc_monto, apc_moneda","issn_linking, institucion_editora_2, institucion_editora_3, titulo_alternativo, Other organisation, Country of other organisation, atributos_licencia, cc_legible_maquina, Waiver policy information URL, Other fees information URL, servicios_preservacion, Preservation Service: national library, Preservation information URL, Deposit policy directory, URL for deposit policy, Continues, Continued By, apc_monto, apc_moneda"
2346-030X,"Aibi revista de investigación, administración e ingeniería",aibi investigacion administracion e ingenieria,459,imputado,150.0,True,"apc_monto, apc_moneda","issn_electronic, issn_linking, institucion_editora_2, institucion_editora_3, titulo_alternativo, issn_impreso, Other organisation, Country of other organisation, atributos_licencia, Waiver policy information URL, Other fees information URL, servicios_preservacion, Preservation Service: national library, Preservation information URL, Deposit policy directory, URL for deposit policy, Continues, Continued By, apc_monto, apc_moneda"
0121-4500,Avances De Enfermería,avances enfermeria,460,imputado,150.0,True,"apc_monto, apc_moneda","issn_electronic, issn_linking, institucion_editora_2, institucion_editora_3, Other organisation, Country of other organisation, atributos_licencia, Waiver policy information URL, Other fees information URL, servicios_preservacion, Preservation Service: national library, Preservation information URL, Deposit policy directory, URL for deposit policy, Continues, Continued By, apc_monto, apc_moneda"
0121-4381,Suma Psicológica,suma psicologica,461,imputado,150.0,True,"apc_monto, apc_moneda","issn_electronic, issn_linking, institucion_editora_2, institucion_editora_3, url_revista, url_doaj, When did the journal start to publish all content using an open license?, titulo_alternativo, issn_impreso, issn_electronico, palabras_clave, idiomas, editorial, pais_editorial, Other organisation, Country of other organisation, licencia, atributos_licencia, URL for license terms, cc_legible_maquina, autor_retiene_copyright, Copyright information URL, tipo_revision, Review process information URL, politica_plagio, URL for journal's aims & scope, URL for the Editorial Board page, URL for journal's instructions for authors, semanas_submission_publicacion, tiene_apc, APC information URL, politica_exencion, Waiver policy information URL, tiene_otros_cobros, Other fees information URL, servicios_preservacion, Preservation Service: national library, Preservation information URL, Deposit policy directory, URL for deposit policy, identificadores_persistentes, cumple_oa_doaj, Continues, Continued By, codigos_lcc, subscribe_to_open, Mirror Journal, Open Journals Collective, materias, fecha_incorporacion_doaj, fecha_actualizacion_doaj, Last Full Review Date, num_articulos, fecha_ultimo_articulo, apc_monto, apc_moneda, editorial_rapida"
1909-8367,Entre Ciencia E Ingenieria,entre ciencia e ingenieria,462,imputado,150.0,True,"apc_monto, apc_moneda","issn_electronic, issn_linking, institucion_editora_2, institucion_editora_3, titulo_alternativo, Other organisation, Country of other organisation, atributos_licencia, Waiver policy information URL, Other fees information URL, servicios_preservacion, Preservation Service: national library, Preservation information URL, Deposit policy directory, URL for deposit policy, Continues, Continued By, apc_monto, apc_moneda"
1657-4206,Ecos De Economía,ecos economia,463,imputado,150.0,True,"apc_monto, apc_moneda","issn_linking, institucion_editora_2, institucion_editora_3, titulo_alternativo, issn_electronico, Country of other organisation, atributos_licencia, cc_legible_maquina, Waiver policy information URL, Preservation Service: national library, URL for deposit policy, identificadores_persistentes, Continues, Continued By, apc_monto, apc_moneda"
1909-2458,Ingeniare,ingeniare,464,imputado,150.0,True,"apc_monto, apc_moneda","issn_electronic, issn_linking, institucion_editora_2, institucion_editora_3, Other organisation, Country of other organisation, atributos_licencia, cc_legible_maquina, Copyright information URL, Waiver policy information URL, Other fees information URL, servicios_preservacion, Preservation Service: national library, Preservation information URL, Deposit policy directory, URL for deposit policy, Continues, Continued By, apc_monto, apc_moneda"
0122-8285,Palabra Clave,palabra clave,465,imputado,150.0,True,"apc_monto, apc_moneda","issn_electronic, issn_linking, institucion_editora_2, institucion_editora_3, titulo_alternativo, Country of other organisation, atributos_licencia, cc_legible_maquina, Copyright information URL, Waiver policy information URL, servicios_preservacion, Preservation Service: national library, Deposit policy directory, URL for deposit policy, Continues, Continued By, apc_monto, apc_moneda"
0124-7913,Bitácora Urbano Territorial,bitacora urbano territorial,466,imputado,150.0,True,"apc_monto, apc_moneda","issn_electronic, issn_linking, institucion_editora_2, institucion_editora_3, titulo_alternativo, Country of other organisation, atributos_licencia, cc_legible_maquina, Copyright information URL, Waiver policy information URL, servicios_preservacion, Preservation Service: national library, Preservation information URL, URL for deposit policy, Continues, Continued By, apc_monto, apc_moneda"
0120-3649,Theologica Xaveriana,theologica xaveriana,467,imputado,150.0,True,"apc_monto, apc_moneda","issn_linking, institucion_editora_2, institucion_editora_3, url_revista, url_doaj, When did the journal start to publish all content using an open license?, titulo_alternativo, issn_impreso, issn_electronico, palabras_clave, idiomas, editorial, pais_editorial, Other organisation, Country of other organisation, licencia, atributos_licencia, URL for license terms, cc_legible_maquina, autor_retiene_copyright, Copyright information URL, tipo_revision, Review process information URL, politica_plagio, URL for journal's aims & scope, URL for the Editorial Board page, URL for journal's instructions for authors, semanas_submission_publicacion, tiene_apc, APC information URL, politica_exencion, Waiver policy information URL, tiene_otros_cobros, Other fees information URL, servicios_preservacion, Preservation Service: national library, Preservation information URL, Deposit policy directory, URL for deposit policy, identificadores_persistentes, cumple_oa_doaj, Continues, Continued By, codigos_lcc, subscribe_to_open, Mirror Journal, Open Journals Collective, materias, fecha_incorporacion_doaj, fecha_actualizacion_doaj, Last Full Review Date, num_articulos, fecha_ultimo_articulo, apc_monto, apc_moneda, editorial_rapida"
2011-7582,Revista Colombiana De Cirugía,colombiana cirugia,468,imputado,150.0,True,"apc_monto, apc_moneda","issn_electronic, issn_linking, institucion_editora_2, institucion_editora_3, titulo_alternativo, Other organisation, Country of other organisation, atributos_licencia, Waiver policy information URL, Other fees information URL, Preservation Service: national library, Deposit policy directory, URL for deposit policy, Continues, Continued By, apc_monto, apc_moneda"
1794-9998,Diversitas : Perspectivas En Psicología,diversitas perspectivas psicologia,469,imputado,150.0,True,"apc_monto, apc_moneda","issn_linking, institucion_editora_2, institucion_editora_3, titulo_alternativo, Other organisation, Country of other organisation, atributos_licencia, Copyright information URL, Waiver policy information URL, Other fees information URL, servicios_preservacion, Preservation Service: national library, Preservation information URL, Deposit policy directory, URL for deposit policy, Continues, Continued By, apc_monto, apc_moneda"
1794-7200,Criterio Libre Jurídico,criterio libre juridico,470,imputado,150.0,True,"apc_monto, apc_moneda","issn_electronic, issn_linking, institucion_editora_2, institucion_editora_3, url_revista, url_doaj, When did the journal start to publish all content using an open license?, titulo_alternativo, issn_impreso, issn_electronico, palabras_clave, idiomas, editorial, pais_editorial, Other organisation, Country of other organisation, licencia, atributos_licencia, URL for license terms, cc_legible_maquina, autor_retiene_copyright, Copyright information URL, tipo_revision, Review process information URL, politica_plagio, URL for journal's aims & scope, URL for the Editorial Board page, URL for journal's instructions for authors, semanas_submission_publicacion, tiene_apc, APC information URL, politica_exencion, Waiver policy information URL, tiene_otros_cobros, Other fees information URL, servicios_preservacion, Preservation Service: national library, Preservation information URL, Deposit policy directory, URL for deposit policy, identificadores_persistentes, cumple_oa_doaj, Continues, Continued By, codigos_lcc, subscribe_to_open, Mirror Journal, Open Journals Collective, materias, fecha_incorporacion_doaj, fecha_actualizacion_doaj, Last Full Review Date, num_articulos, fecha_ultimo_articulo, apc_monto, apc_moneda, editorial_rapida"
0120-3053,Apuntes Del Cenes,apuntes cenes,471,imputado,150.0,True,"apc_monto, apc_moneda","issn_electronic, issn_linking, institucion_editora_2, institucion_editora_3, Other organisation, Country of other organisation, atributos_licencia, Waiver policy information URL, Other fees information URL, servicios_preservacion, Preservation Service: national library, Preservation information URL, Continues, Continued By, apc_monto, apc_moneda"
0121-4772,Revista Cuadernos De Economía,cuadernos economia,472,imputado,150.0,True,"apc_monto, apc_moneda","issn_electronic, issn_linking, institucion_editora_2, institucion_editora_3, titulo_alternativo, Other organisation, Country of other organisation, atributos_licencia, cc_legible_maquina, Waiver policy information URL, Other fees information URL, servicios_preservacion, Preservation Service: national library, Preservation information URL, Deposit policy directory, URL for deposit policy, identificadores_persistentes, Continues, Continued By, apc_monto, apc_moneda"
0124-0064,Revista De Salud Pública,salud publica,473,imputado,150.0,True,"apc_monto, apc_moneda","issn_electronic, issn_linking, codigo_dane, institucion_editora_2, institucion_editora_3, pais_iso, url_revista, url_doaj, When did the journal start to publish all content using an open license?, titulo_alternativo, issn_impreso, issn_electronico, palabras_clave, idiomas, editorial, pais_editorial, Other organisation, Country of other organisation, licencia, atributos_licencia, URL for license terms, cc_legible_maquina, autor_retiene_copyright, Copyright information URL, tipo_revision, Review process information URL, politica_plagio, URL for journal's aims & scope, URL for the Editorial Board page, URL for journal's instructions for authors, semanas_submission_publicacion, tiene_apc, APC information URL, politica_exencion, Waiver policy information URL, tiene_otros_cobros, Other fees information URL, servicios_preservacion, Preservation Service: national library, Preservation information URL, Deposit policy directory, URL for deposit policy, identificadores_persistentes, cumple_oa_doaj, Continues, Continued By, codigos_lcc, subscribe_to_open, Mirror Journal, Open Journals Collective, materias, fecha_incorporacion_doaj, fecha_actualizacion_doaj, Last Full Review Date, num_articulos, fecha_ultimo_articulo, apc_monto, apc_moneda, editorial_rapida"
0120-9957,Revista Colombiana De Gastroenterología,colombiana gastroenterologia,474,imputado,150.0,True,"apc_monto, apc_moneda","issn_electronic, issn_linking, institucion_editora_2, institucion_editora_3, url_revista, url_doaj, When did the journal start to publish all content using an open license?, titulo_alternativo, issn_impreso, issn_electronico, palabras_clave, idiomas, editorial, pais_editorial, Other organisation, Country of other organisation, licencia, atributos_licencia, URL for license terms, cc_legible_maquina, autor_retiene_copyright, Copyright information URL, tipo_revision, Review process information URL, politica_plagio, URL for journal's aims & scope, URL for the Editorial Board page, URL for journal's instructions for authors, semanas_submission_publicacion, tiene_apc, APC information URL, politica_exencion, Waiver policy information URL, tiene_otros_cobros, Other fees information URL, servicios_preservacion, Preservation Service: national library, Preservation information URL, Deposit policy directory, URL for deposit policy, identificadores_persistentes, cumple_oa_doaj, Continues, Continued By, codigos_lcc, subscribe_to_open, Mirror Journal, Open Journals Collective, materias, fecha_incorporacion_doaj, fecha_actualizacion_doaj, Last Full Review Date, num_articulos, fecha_ultimo_articulo, apc_monto, apc_moneda, editorial_rapida"
1657-4249,Uni-Pluriversidad,uni pluriversidad,475,imputado,150.0,True,"apc_monto, apc_moneda","issn_electronic, issn_linking, institucion_editora_2, institucion_editora_3, url_revista, url_doaj, When did the journal start to publish all content using an open license?, titulo_alternativo, issn_impreso, issn_electronico, palabras_clave, idiomas, editorial, pais_editorial, Other organisation, Country of other organisation, licencia, atributos_licencia, URL for license terms, cc_legible_maquina, autor_retiene_copyright, Copyright information URL, tipo_revision, Review process information URL, politica_plagio, URL for journal's aims & scope, URL for the Editorial Board page, URL for journal's instructions for authors, semanas_submission_publicacion, tiene_apc, APC information URL, politica_exencion, Waiver policy information URL, tiene_otros_cobros, Other fees information URL, servicios_preservacion, Preservation Service: national library, Preservation information URL, Deposit policy directory, URL for deposit policy, identificadores_persistentes, cumple_oa_doaj, Continues, Continued By, codigos_lcc, subscribe_to_open, Mirror Journal, Open Journals Collective, materias, fecha_incorporacion_doaj, fecha_actualizacion_doaj, Last Full Review Date, num_articulos, fecha_ultimo_articulo, apc_monto, apc_moneda, editorial_rapida"
0121-5612,Colombia Internacional,colombia internacional,476,imputado,150.0,True,"apc_monto, apc_moneda","issn_linking, institucion_editora_2, institucion_editora_3, titulo_alternativo, Country of other organisation, atributos_licencia, cc_legible_maquina, Waiver policy information URL, Other fees information URL, Preservation Service: national library, Deposit policy directory, URL for deposit policy, Continues, Continued By, apc_monto, apc_moneda"
0120-3916,Revista Colombiana De Educación,colombiana educacion,477,imputado,150.0,True,"apc_monto, apc_moneda","issn_electronic, issn_linking, institucion_editora_3, titulo_alternativo, Other organisation, Country of other organisation, atributos_licencia, Waiver policy information URL, Other fees information URL, servicios_preservacion, Preservation Service: national library, Preservation information URL, Deposit policy directory, URL for deposit policy, Continues, Continued By, apc_monto, apc_moneda"
1794-9831,Ciencia Y Cuidado,ciencia cuidado,478,imputado,150.0,True,"apc_monto, apc_moneda","issn_electronic, issn_linking, institucion_editora_2, institucion_editora_3, titulo_alternativo, Country of other organisation, atributos_licencia, Copyright information URL, Waiver policy information URL, servicios_preservacion, Preservation Service: national library, Deposit policy directory, URL for deposit policy, Continues, Continued By, apc_monto, apc_moneda"
0121-215X,Cuadernos De Geografía,cuadernos geografia,479,imputado,150.0,True,"apc_monto, apc_moneda","issn_electronic, issn_linking, institucion_editora_2, institucion_editora_3, Country of other organisation, atributos_licencia, cc_legible_maquina, Waiver policy information URL, Other fees information URL, Preservation Service: national library, identificadores_persistentes, Continues, Continued By, apc_monto, apc_moneda"
0120-338X,Forma Y Función,forma funcion,480,imputado,150.0,True,"apc_monto, apc_moneda","issn_electronic, issn_linking, institucion_editora_2, institucion_editora_3, titulo_alternativo, Other organisation, Country of other organisation, atributos_licencia, cc_legible_maquina, Copyright information URL, Waiver policy information URL, Other fees information URL, servicios_preservacion, Preservation Service: national library, Preservation information URL, URL for deposit policy, identificadores_persistentes, Continues, Continued By, apc_monto, apc_moneda"
0121-3814,"Tea Tecné, Episteme Y Didaxis",tea tecne episteme didaxis,481,imputado,150.0,True,"apc_monto, apc_moneda","issn_electronic, issn_linking, institucion_editora_2, institucion_editora_3, url_revista, url_doaj, When did the journal start to publish all content using an open license?, titulo_alternativo, issn_impreso, issn_electronico, palabras_clave, idiomas, editorial, pais_editorial, Other organisation, Country of other organisation, licencia, atributos_licencia, URL for license terms, cc_legible_maquina, autor_retiene_copyright, Copyright information URL, tipo_revision, Review process information URL, politica_plagio, URL for journal's aims & scope, URL for the Editorial Board page, URL for journal's instructions for authors, semanas_submission_publicacion, tiene_apc, APC information URL, politica_exencion, Waiver policy information URL, tiene_otros_cobros, Other fees information URL, servicios_preservacion, Preservation Service: national library, Preservation information URL, Deposit policy directory, URL for deposit policy, identificadores_persistentes, cumple_oa_doaj, Continues, Continued By, codigos_lcc, subscribe_to_open, Mirror Journal, Open Journals Collective, materias, fecha_incorporacion_doaj, fecha_actualizacion_doaj, Last Full Review Date, num_articulos, fecha_ultimo_articulo, apc_monto, apc_moneda, editorial_rapida"
0121-8123,Revista Colombiana De Reumatología,colombiana reumatologia,482,imputado,150.0,True,"apc_monto, apc_moneda","issn_electronic, issn_linking, institucion_editora_2, institucion_editora_3, url_revista, url_doaj, When did the journal start to publish all content using an open license?, titulo_alternativo, issn_impreso, issn_electronico, palabras_clave, idiomas, editorial, pais_editorial, Other organisation, Country of other organisation, licencia, atributos_licencia, URL for license terms, cc_legible_maquina, autor_retiene_copyright, Copyright information URL, tipo_revision, Review process information URL, politica_plagio, URL for journal's aims & scope, URL for the Editorial Board page, URL for journal's instructions for authors, semanas_submission_publicacion, tiene_apc, APC information URL, politica_exencion, Waiver policy information URL, tiene_otros_cobros, Other fees information URL, servicios_preservacion, Preservation Service: national library, Preservation information URL, Deposit policy directory, URL for deposit policy, identificadores_persistentes, cumple_oa_doaj, Continues, Continued By, codigos_lcc, subscribe_to_open, Mirror Journal, Open Journals Collective, materias, fecha_incorporacion_doaj, fecha_actualizacion_doaj, Last Full Review Date, num_articulos, fecha_ultimo_articulo, apc_monto, apc_moneda, editorial_rapida"
0120-2804,Revista Colombiana De Química,colombiana quimica,483,imputado,150.0,True,"apc_monto, apc_moneda","issn_linking, institucion_editora_2, institucion_editora_3, titulo_alternativo, Country of other organisation, atributos_licencia, Waiver policy information URL, Other fees information URL, Preservation Service: national library, Deposit policy directory, URL for deposit policy, Continues, Continued By, apc_monto, apc_moneda"
2145-6097,Revista De Investigacion Agraria Ambiental,investigacion agraria ambiental,484,imputado,200.0,True,"apc_monto, apc_moneda","issn_electronic, issn_linking, institucion_editora_2, institucion_editora_3, titulo_alternativo, Country of other organisation, atributos_licencia, cc_legible_maquina, Copyright information URL, Waiver policy information URL, servicios_preservacion, Preservation Service: national library, Preservation information URL, Deposit policy directory, URL for deposit policy, Continues, Continued By, apc_monto, apc_moneda"
0123-921X,Tecnura,tecnura,485,imputado,150.0,True,"apc_monto, apc_moneda","issn_electronic, issn_linking, institucion_editora_2, institucion_editora_3, titulo_alternativo, Other organisation, Country of other organisation, atributos_licencia, cc_legible_maquina, Waiver policy information URL, Other fees information URL, servicios_preservacion, Preservation Service: national library, Preservation information URL, Deposit policy directory, URL for deposit policy, identificadores_persistentes, Continues, Continued By, apc_monto, apc_moneda"
0120-4203,Contaduría Universidad De Antioquia,contaduria universidad antioquia,486,imputado,150.0,True,"apc_monto, apc_moneda","issn_electronic, issn_linking, institucion_editora_2, institucion_editora_3, Country of other organisation, atributos_licencia, cc_legible_maquina, Copyright information URL, Waiver policy information URL, servicios_preservacion, Preservation Service: national library, Preservation information URL, Deposit policy directory, URL for deposit policy, identificadores_persistentes, Continues, Continued By, apc_monto, apc_moneda"
0120-0739,Colombia Forestal,colombia forestal,487,imputado,200.0,True,"apc_monto, apc_moneda","issn_electronic, issn_linking, institucion_editora_2, institucion_editora_3, titulo_alternativo, Other organisation, Country of other organisation, atributos_licencia, cc_legible_maquina, Waiver policy information URL, Other fees information URL, Preservation Service: national library, Deposit policy directory, URL for deposit policy, Continues, Continued By, apc_monto, apc_moneda"
0120-3932,Economicas Cuc,economicas cuc,488,imputado,150.0,True,"apc_monto, apc_moneda","issn_electronic, issn_linking, institucion_editora_2, institucion_editora_3, url_revista, url_doaj, When did the journal start to publish all content using an open license?, titulo_alternativo, issn_impreso, issn_electronico, palabras_clave, idiomas, editorial, pais_editorial, Other organisation, Country of other organisation, licencia, atributos_licencia, URL for license terms, cc_legible_maquina, autor_retiene_copyright, Copyright information URL, tipo_revision, Review process information URL, politica_plagio, URL for journal's aims & scope, URL for the Editorial Board page, URL for journal's instructions for authors, semanas_submission_publicacion, tiene_apc, APC information URL, politica_exencion, Waiver policy information URL, tiene_otros_cobros, Other fees information URL, servicios_preservacion, Preservation Service: national library, Preservation information URL, Deposit policy directory, URL for deposit policy, identificadores_persistentes, cumple_oa_doaj, Continues, Continued By, codigos_lcc, subscribe_to_open, Mirror Journal, Open Journals Collective, materias, fecha_incorporacion_doaj, fecha_actualizacion_doaj, Last Full Review Date, num_articulos, fecha_ultimo_articulo, apc_monto, apc_moneda, editorial_rapida"
0120-3592,Cuadernos De Administración,cuadernos administracion,489,imputado,150.0,True,"apc_monto, apc_moneda","issn_electronic, issn_linking, institucion_editora_2, institucion_editora_3, url_revista, url_doaj, When did the journal start to publish all content using an open license?, titulo_alternativo, issn_impreso, issn_electronico, palabras_clave, idiomas, editorial, pais_editorial, Other organisation, Country of other organisation, licencia, atributos_licencia, URL for license terms, cc_legible_maquina, autor_retiene_copyright, Copyright information URL, tipo_revision, Review process information URL, politica_plagio, URL for journal's aims & scope, URL for the Editorial Board page, URL for journal's instructions for authors, semanas_submission_publicacion, tiene_apc, APC information URL, politica_exencion, Waiver policy information URL, tiene_otros_cobros, Other fees information URL, servicios_preservacion, Preservation Service: national library, Preservation information URL, Deposit policy directory, URL for deposit policy, identificadores_persistentes, cumple_oa_doaj, Continues, Continued By, codigos_lcc, subscribe_to_open, Mirror Journal, Open Journals Collective, materias, fecha_incorporacion_doaj, fecha_actualizacion_doaj, Last Full Review Date, num_articulos, fecha_ultimo_articulo, apc_monto, apc_moneda, editorial_rapida"
0123-2126,Ingeniería Y Universidad,ingenieria universidad,490,imputado,150.0,True,"apc_monto, apc_moneda","issn_linking, institucion_editora_2, institucion_editora_3, url_revista, url_doaj, When did the journal start to publish all content using an open license?, titulo_alternativo, issn_impreso, issn_electronico, palabras_clave, idiomas, editorial, pais_editorial, Other organisation, Country of other organisation, licencia, atributos_licencia, URL for license terms, cc_legible_maquina, autor_retiene_copyright, Copyright information URL, tipo_revision, Review process information URL, politica_plagio, URL for journal's aims & scope, URL for the Editorial Board page, URL for journal's instructions for authors, semanas_submission_publicacion, tiene_apc, APC information URL, politica_exencion, Waiver policy information URL, tiene_otros_cobros, Other fees information URL, servicios_preservacion, Preservation Service: national library, Preservation information URL, Deposit policy directory, URL for deposit policy, identificadores_persistentes, cumple_oa_doaj, Continues, Continued By, codigos_lcc, subscribe_to_open, Mirror Journal, Open Journals Collective, materias, fecha_incorporacion_doaj, fecha_actualizacion_doaj, Last Full Review Date, num_articulos, fecha_ultimo_articulo, apc_monto, apc_moneda, editorial_rapida"
0012-7353,Dyna,dyna,491,imputado,150.0,True,"apc_monto, apc_moneda","issn_electronic, issn_linking, institucion_editora_2, institucion_editora_3, titulo_alternativo, Country of other organisation, atributos_licencia, Waiver policy information URL, Other fees information URL, servicios_preservacion, Preservation Service: national library, Preservation information URL, Deposit policy directory, URL for deposit policy, identificadores_persistentes, Continues, Continued By, apc_monto, apc_moneda"
2011-2173,Revista Colombiana De Ciencias Hortícolas,colombiana ciencias horticolas,492,imputado,200.0,True,"apc_monto, apc_moneda","issn_electronic, issn_linking, institucion_editora_3, url_revista, url_doaj, When did the journal start to publish all content using an open license?, titulo_alternativo, issn_impreso, issn_electronico, palabras_clave, idiomas, editorial, pais_editorial, Other organisation, Country of other organisation, licencia, atributos_licencia, URL for license terms, cc_legible_maquina, autor_retiene_copyright, Copyright information URL, tipo_revision, Review process information URL, politica_plagio, URL for journal's aims & scope, URL for the Editorial Board page, URL for journal's instructions for authors, semanas_submission_publicacion, tiene_apc, APC information URL, politica_exencion, Waiver policy information URL, tiene_otros_cobros, Other fees information URL, servicios_preservacion, Preservation Service: national library, Preservation information URL, Deposit policy directory, URL for deposit policy, identificadores_persistentes, cumple_oa_doaj, Continues, Continued By, codigos_lcc, subscribe_to_open, Mirror Journal, Open Journals Collective, materias, fecha_incorporacion_doaj, fecha_actualizacion_doaj, Last Full Review Date, num_articulos, fecha_ultimo_articulo, apc_monto, apc_moneda, editorial_rapida"
1657-0790,Profile,profile,493,imputado,150.0,True,"apc_monto, apc_moneda","issn_electronic, issn_linking, institucion_editora_2, institucion_editora_3, titulo_alternativo, Other organisation, Country of other organisation, atributos_licencia, cc_legible_maquina, Waiver policy information URL, Other fees information URL, servicios_preservacion, Preservation Service: national library, Preservation information URL, URL for deposit policy, identificadores_persistentes, Continues, Continued By, apc_monto, apc_moneda"
0120-6346,Semestre Económico,semestre economico,494,imputado,150.0,True,"apc_monto, apc_moneda","issn_electronic, issn_linking, institucion_editora_2, institucion_editora_3, titulo_alternativo, Country of other organisation, atributos_licencia, Waiver policy information URL, Other fees information URL, servicios_preservacion, Preservation Service: national library, Preservation information URL, Deposit policy directory, URL for deposit policy, identificadores_persistentes, Continues, Continued By, apc_monto, apc_moneda"
2027-5137,Historia Y Memoria,historia memoria,495,imputado,150.0,True,"apc_monto, apc_moneda","issn_linking, institucion_editora_2, institucion_editora_3, titulo_alternativo, Other organisation, Country of other organisation, atributos_licencia, cc_legible_maquina, Waiver policy information URL, Other fees information URL, Preservation Service: national library, Continues, Continued By, apc_monto, apc_moneda"
1692-8563,Dimensión Empresarial,dimension empresarial,496,imputado,150.0,True,"apc_monto, apc_moneda","issn_linking, institucion_editora_2, institucion_editora_3, titulo_alternativo, Country of other organisation, atributos_licencia, Waiver policy information URL, Preservation Service: national library, Deposit policy directory, URL for deposit policy, Continues, Continued By, apc_monto, apc_moneda"
2215-910X,Suma De Negocios,suma negocios,497,imputado,150.0,True,"apc_monto, apc_moneda","issn_linking, institucion_editora_2, institucion_editora_3, titulo_alternativo, Other organisation, Country of other organisation, atributos_licencia, Waiver policy information URL, Other fees information URL, servicios_preservacion, Preservation Service: national library, Preservation information URL, Deposit policy directory, URL for deposit policy, identificadores_persistentes, Continues, Continued By, apc_monto, apc_moneda"
1794-2489,Tabula Rasa,tabula rasa,498,imputado,150.0,True,"apc_monto, apc_moneda","issn_electronic, issn_linking, institucion_editora_2, institucion_editora_3, titulo_alternativo, Other organisation, Country of other organisation, atributos_licencia, cc_legible_maquina, Waiver policy information URL, Other fees information URL, servicios_preservacion, Preservation Service: national library, Preservation information URL, Deposit policy directory, URL for deposit policy, identificadores_persistentes, Continues, Continued By, apc_monto, apc_moneda"
0124-8170,Ciencia E Ingeniería Neogranadina,ciencia e ingenieria neogranadina,499,imputado,150.0,True,"apc_monto, apc_moneda","issn_linking, institucion_editora_2, institucion_editora_3, titulo_alternativo, atributos_licencia, Waiver policy information URL, Other fees information URL, Preservation Service: national library, Deposit policy directory, URL for deposit policy, Continues, Continued By, apc_monto, apc_moneda"
1657-4583,Uis Ingenierías,uis ingenierias,500,imputado,150.0,True,"apc_monto, apc_moneda","issn_electronic, issn_linking, institucion_editora_2, institucion_editora_3, titulo_alternativo, Country of other organisation, atributos_licencia, cc_legible_maquina, Copyright information URL, Waiver policy information URL, servicios_preservacion, Preservation Service: national library, Preservation information URL, URL for deposit policy, identificadores_persistentes, Continues, Continued By, apc_monto, apc_moneda"
1909-8391,Tesis Psicologica,tesis psicologica,501,imputado,150.0,True,"apc_monto, apc_moneda","issn_electronic, issn_linking, institucion_editora_2, institucion_editora_3, url_revista, url_doaj, When did the journal start to publish all content using an open license?, titulo_alternativo, issn_impreso, issn_electronico, palabras_clave, idiomas, editorial, pais_editorial, Other organisation, Country of other organisation, licencia, atributos_licencia, URL for license terms, cc_legible_maquina, autor_retiene_copyright, Copyright information URL, tipo_revision, Review process information URL, politica_plagio, URL for journal's aims & scope, URL for the Editorial Board page, URL for journal's instructions for authors, semanas_submission_publicacion, tiene_apc, APC information URL, politica_exencion, Waiver policy information URL, tiene_otros_cobros, Other fees information URL, servicios_preservacion, Preservation Service: national library, Preservation information URL, Deposit policy directory, URL for deposit policy, identificadores_persistentes, cumple_oa_doaj, Continues, Continued By, codigos_lcc, subscribe_to_open, Mirror Journal, Open Journals Collective, materias, fecha_incorporacion_doaj, fecha_actualizacion_doaj, Last Full Review Date, num_articulos, fecha_ultimo_articulo, apc_monto, apc_moneda, editorial_rapida"
0121-182X,Prolegomenos : Derechos Y Valores,prolegomenos derechos valores,502,imputado,150.0,True,"apc_monto, apc_moneda","issn_electronic, issn_linking, institucion_editora_2, institucion_editora_3, titulo_alternativo, Country of other organisation, atributos_licencia, Copyright information URL, Waiver policy information URL, Other fees information URL, servicios_preservacion, Preservation Service: national library, Preservation information URL, Deposit policy directory, URL for deposit policy, Continues, Continued By, apc_monto, apc_moneda"
1794-192X,Revista Guillermo De Ockman,guillermo ockman,503,imputado,150.0,True,"apc_monto, apc_moneda","issn_electronic, issn_linking, institucion_editora_2, institucion_editora_3, titulo_alternativo, Other organisation, Country of other organisation, atributos_licencia, Other fees information URL, servicios_preservacion, Preservation Service: national library, Preservation information URL, Deposit policy directory, URL for deposit policy, Continues, Continued By, apc_monto, apc_moneda"
0120-0011,Revista De La Facultad De Medicina De La Universidad Nacional De Colombia,facultad medicina universidad nacional colombia,504,imputado,150.0,True,"apc_monto, apc_moneda","issn_electronic, issn_linking, institucion_editora_2, institucion_editora_3, Other organisation, Country of other organisation, atributos_licencia, cc_legible_maquina, Waiver policy information URL, Other fees information URL, servicios_preservacion, Preservation Service: national library, Preservation information URL, Deposit policy directory, URL for deposit policy, Continues, Continued By, apc_monto, apc_moneda"
0122-9761,Boletín De Investigaciones Marinas Y Costeras,boletin investigaciones marinas costeras,505,imputado,150.0,True,"apc_monto, apc_moneda","issn_electronic, issn_linking, institucion_editora_2, institucion_editora_3, url_revista, url_doaj, When did the journal start to publish all content using an open license?, titulo_alternativo, issn_impreso, issn_electronico, palabras_clave, idiomas, editorial, pais_editorial, Other organisation, Country of other organisation, licencia, atributos_licencia, URL for license terms, cc_legible_maquina, autor_retiene_copyright, Copyright information URL, tipo_revision, Review process information URL, politica_plagio, URL for journal's aims & scope, URL for the Editorial Board page, URL for journal's instructions for authors, semanas_submission_publicacion, tiene_apc, APC information URL, politica_exencion, Waiver policy information URL, tiene_otros_cobros, Other fees information URL, servicios_preservacion, Preservation Service: national library, Preservation information URL, Deposit policy directory, URL for deposit policy, identificadores_persistentes, cumple_oa_doaj, Continues, Continued By, codigos_lcc, subscribe_to_open, Mirror Journal, Open Journals Collective, materias, fecha_incorporacion_doaj, fecha_actualizacion_doaj, Last Full Review Date, num_articulos, fecha_ultimo_articulo, apc_monto, apc_moneda, editorial_rapida"
1909-941X,Clio América,clio america,506,imputado,150.0,True,"apc_monto, apc_moneda","issn_linking, institucion_editora_2, institucion_editora_3, titulo_alternativo, Other organisation, Country of other organisation, atributos_licencia, Waiver policy information URL, Other fees information URL, Preservation Service: national library, Continues, Continued By, apc_monto, apc_moneda"
2145-3535,Informes Psicológicos,informes psicologicos,507,imputado,150.0,True,"apc_monto, apc_moneda","issn_linking, institucion_editora_2, institucion_editora_3, url_revista, url_doaj, When did the journal start to publish all content using an open license?, titulo_alternativo, issn_impreso, issn_electronico, palabras_clave, idiomas, editorial, pais_editorial, Other organisation, Country of other organisation, licencia, atributos_licencia, URL for license terms, cc_legible_maquina, autor_retiene_copyright, Copyright information URL, tipo_revision, Review process information URL, politica_plagio, URL for journal's aims & scope, URL for the Editorial Board page, URL for journal's instructions for authors, semanas_submission_publicacion, tiene_apc, APC information URL, politica_exencion, Waiver policy information URL, tiene_otros_cobros, Other fees information URL, servicios_preservacion, Preservation Service: national library, Preservation information URL, Deposit policy directory, URL for deposit policy, identificadores_persistentes, cumple_oa_doaj, Continues, Continued By, codigos_lcc, subscribe_to_open, Mirror Journal, Open Journals Collective, materias, fecha_incorporacion_doaj, fecha_actualizacion_doaj, Last Full Review Date, num_articulos, fecha_ultimo_articulo, apc_monto, apc_moneda, editorial_rapida"
0122-0268,Revista Mvz Córdoba,mvz cordoba,508,imputado,200.0,True,"apc_monto, apc_moneda","issn_linking, institucion_editora_2, institucion_editora_3, url_revista, url_doaj, When did the journal start to publish all content using an open license?, titulo_alternativo, issn_impreso, issn_electronico, palabras_clave, idiomas, editorial, pais_editorial, Other organisation, Country of other organisation, licencia, atributos_licencia, URL for license terms, cc_legible_maquina, autor_retiene_copyright, Copyright information URL, tipo_revision, Review process information URL, politica_plagio, URL for journal's aims & scope, URL for the Editorial Board page, URL for journal's instructions for authors, semanas_submission_publicacion, tiene_apc, APC information URL, politica_exencion, Waiver policy information URL, tiene_otros_cobros, Other fees information URL, servicios_preservacion, Preservation Service: national library, Preservation information URL, Deposit policy directory, URL for deposit policy, identificadores_persistentes, cumple_oa_doaj, Continues, Continued By, codigos_lcc, subscribe_to_open, Mirror Journal, Open Journals Collective, materias, fecha_incorporacion_doaj, fecha_actualizacion_doaj, Last Full Review Date, num_articulos, fecha_ultimo_articulo, apc_monto, apc_moneda, editorial_rapida"
0121-6805,Revista Facultad De Ciencias Económicas : Investigación Y Reflexión,facultad ciencias economicas investigacion reflexion,509,imputado,150.0,True,"apc_monto, apc_moneda","issn_electronic, issn_linking, institucion_editora_2, institucion_editora_3, atributos_licencia, Waiver policy information URL, Other fees information URL, Preservation Service: national library, Deposit policy directory, URL for deposit policy, Continues, Continued By, apc_monto, apc_moneda"
1900-3803,Entramado,entramado,510,imputado,150.0,True,"apc_monto, apc_moneda","issn_electronic, issn_linking, institucion_editora_2, institucion_editora_3, titulo_alternativo, Other organisation, Country of other organisation, atributos_licencia, Waiver policy information URL, Preservation Service: national library, Deposit policy directory, URL for deposit policy, identificadores_persistentes, Continues, Continued By, apc_monto, apc_moneda"
1794-5887,Co-Herencia,co herencia,511,imputado,150.0,True,"apc_monto, apc_moneda","issn_electronic, issn_linking, institucion_editora_2, institucion_editora_3, titulo_alternativo, Other organisation, Country of other organisation, atributos_licencia, cc_legible_maquina, Waiver policy information URL, Other fees information URL, Preservation Service: national library, Deposit policy directory, URL for deposit policy, Continues, Continued By, Last Full Review Date, apc_monto, apc_moneda"
0122-8102,Cuadernos De Literatura,cuadernos literatura,512,imputado,150.0,True,"apc_monto, apc_moneda","issn_linking, codigo_dane, institucion_editora_2, institucion_editora_3, pais_iso, url_revista, url_doaj, When did the journal start to publish all content using an open license?, titulo_alternativo, issn_impreso, issn_electronico, palabras_clave, idiomas, editorial, pais_editorial, Other organisation, Country of other organisation, licencia, atributos_licencia, URL for license terms, cc_legible_maquina, autor_retiene_copyright, Copyright information URL, tipo_revision, Review process information URL, politica_plagio, URL for journal's aims & scope, URL for the Editorial Board page, URL for journal's instructions for authors, semanas_submission_publicacion, tiene_apc, APC information URL, politica_exencion, Waiver policy information URL, tiene_otros_cobros, Other fees information URL, servicios_preservacion, Preservation Service: national library, Preservation information URL, Deposit policy directory, URL for deposit policy, identificadores_persistentes, cumple_oa_doaj, Continues, Continued By, codigos_lcc, subscribe_to_open, Mirror Journal, Open Journals Collective, materias, fecha_incorporacion_doaj, fecha_actualizacion_doaj, Last Full Review Date, num_articulos, fecha_ultimo_articulo, apc_monto, apc_moneda, editorial_rapida"
1900-0642,Criterio Libre,criterio libre,513,imputado,150.0,True,"apc_monto, apc_moneda","issn_electronic, issn_linking, institucion_editora_2, institucion_editora_3, titulo_alternativo, atributos_licencia, cc_legible_maquina, Waiver policy information URL, Other fees information URL, servicios_preservacion, Preservation Service: national library, Preservation information URL, Deposit policy directory, URL for deposit policy, Continues, Continued By, apc_monto, apc_moneda"
0121-8697,Revista De Derecho,derecho,514,imputado,150.0,True,"apc_monto, apc_moneda","issn_electronic, issn_linking, institucion_editora_2, institucion_editora_3, titulo_alternativo, Country of other organisation, atributos_licencia, cc_legible_maquina, Copyright information URL, Waiver policy information URL, servicios_preservacion, Preservation Service: national library, Preservation information URL, Deposit policy directory, URL for deposit policy, Continues, Continued By, apc_monto, apc_moneda"
0304-2847,Revista Facultad Nacional De Agronomía - Medellín,facultad nacional agronomia medellin,515,imputado,200.0,True,"apc_monto, apc_moneda","issn_electronic, issn_linking, institucion_editora_2, institucion_editora_3, titulo_alternativo, Country of other organisation, atributos_licencia, Copyright information URL, Waiver policy information URL, Other fees information URL, servicios_preservacion, Preservation Service: national library, Preservation information URL, URL for deposit policy, identificadores_persistentes, Continues, Continued By, apc_monto, apc_moneda"
1900-6586,"Revista Científica ""General José María Córdova""",cientifica general jose maria cordova,516,imputado,150.0,True,"apc_monto, apc_moneda","issn_electronic, issn_linking, institucion_editora_2, institucion_editora_3, Other organisation, Country of other organisation, atributos_licencia, Waiver policy information URL, Other fees information URL, Preservation Service: national library, Deposit policy directory, URL for deposit policy, Continues, Continued By, apc_monto, apc_moneda"
0120-3584,Desarrollo Y Sociedad,desarrollo sociedad,517,imputado,150.0,True,"apc_monto, apc_moneda","issn_electronic, issn_linking, institucion_editora_3, titulo_alternativo, Country of other organisation, atributos_licencia, cc_legible_maquina, Waiver policy information URL, servicios_preservacion, Preservation Service: national library, Preservation information URL, Deposit policy directory, URL for deposit policy, Continues, Continued By, apc_monto, apc_moneda"
1794-2470,Nova: Publicación Científica En Ciencias Médicas,nova publicacion cientifica ciencias medicas,518,imputado,150.0,True,"apc_monto, apc_moneda","issn_electronic, issn_linking, codigo_dane, institucion_editora_3, pais_iso, titulo_alternativo, issn_electronico, Country of other organisation, atributos_licencia, cc_legible_maquina, Waiver policy information URL, servicios_preservacion, Preservation Service: national library, Deposit policy directory, URL for deposit policy, identificadores_persistentes, Continues, Continued By, apc_monto, apc_moneda"
0123-7799,Tecno Lógicas,tecno logicas,519,imputado,150.0,True,"apc_monto, apc_moneda","issn_electronic, issn_linking, institucion_editora_2, institucion_editora_3, Other organisation, Country of other organisation, atributos_licencia, cc_legible_maquina, Copyright information URL, Waiver policy information URL, servicios_preservacion, Preservation Service: national library, Preservation information URL, Deposit policy directory, URL for deposit policy, identificadores_persistentes, Continues, Continued By, apc_monto, apc_moneda"
0120-5609,Ingeniería E Investigación,ingenieria e investigacion,520,imputado,150.0,True,"apc_monto, apc_moneda","issn_linking, institucion_editora_2, institucion_editora_3, Other organisation, Country of other organisation, atributos_licencia, Waiver policy information URL, Other fees information URL, servicios_preservacion, Preservation Service: national library, Preservation information URL, Continues, Continued By, apc_monto, apc_moneda"
1657-4915,Praxis,praxis,521,imputado,150.0,True,"apc_monto, apc_moneda","issn_linking, institucion_editora_2, institucion_editora_3, titulo_alternativo, Country of other organisation, atributos_licencia, Copyright information URL, Waiver policy information URL, servicios_preservacion, Preservation Service: national library, URL for deposit policy, identificadores_persistentes, Continues, Continued By, apc_monto, apc_moneda"
0120-5323,Universitas Philosophica,universitas philosophica,522,imputado,150.0,True,"apc_monto, apc_moneda","issn_electronic, issn_linking, institucion_editora_2, institucion_editora_3, url_revista, url_doaj, When did the journal start to publish all content using an open license?, titulo_alternativo, issn_impreso, issn_electronico, palabras_clave, idiomas, editorial, pais_editorial, Other organisation, Country of other organisation, licencia, atributos_licencia, URL for license terms, cc_legible_maquina, autor_retiene_copyright, Copyright information URL, tipo_revision, Review process information URL, politica_plagio, URL for journal's aims & scope, URL for the Editorial Board page, URL for journal's instructions for authors, semanas_submission_publicacion, tiene_apc, APC information URL, politica_exencion, Waiver policy information URL, tiene_otros_cobros, Other fees information URL, servicios_preservacion, Preservation Service: national library, Preservation information URL, Deposit policy directory, URL for deposit policy, identificadores_persistentes, cumple_oa_doaj, Continues, Continued By, codigos_lcc, subscribe_to_open, Mirror Journal, Open Journals Collective, materias, fecha_incorporacion_doaj, fecha_actualizacion_doaj, Last Full Review Date, num_articulos, fecha_ultimo_articulo, apc_monto, apc_moneda, editorial_rapida"
0041-9060,Vniversitas,vniversitas,523,imputado,150.0,True,"apc_monto, apc_moneda","issn_electronic, issn_linking, institucion_editora_2, institucion_editora_3, url_revista, url_doaj, When did the journal start to publish all content using an open license?, titulo_alternativo, issn_impreso, issn_electronico, palabras_clave, idiomas, editorial, pais_editorial, Other organisation, Country of other organisation, licencia, atributos_licencia, URL for license terms, cc_legible_maquina, autor_retiene_copyright, Copyright information URL, tipo_revision, Review process information URL, politica_plagio, URL for journal's aims & scope, URL for the Editorial Board page, URL for journal's instructions for authors, semanas_submission_publicacion, tiene_apc, APC information URL, politica_exencion, Waiver policy information URL, tiene_otros_cobros, Other fees information URL, servicios_preservacion, Preservation Service: national library, Preservation information URL, Deposit policy directory, URL for deposit policy, identificadores_persistentes, cumple_oa_doaj, Continues, Continued By, codigos_lcc, subscribe_to_open, Mirror Journal, Open Journals Collective, materias, fecha_incorporacion_doaj, fecha_actualizacion_doaj, Last Full Review Date, num_articulos, fecha_ultimo_articulo, apc_monto, apc_moneda, editorial_rapida"
0120-419X,Revista Integración,integracion,524,imputado,150.0,True,"apc_monto, apc_moneda","issn_electronic, issn_linking, institucion_editora_2, institucion_editora_3, titulo_alternativo, Country of other organisation, atributos_licencia, cc_legible_maquina, Copyright information URL, Waiver policy information URL, servicios_preservacion, Preservation Service: national library, Preservation information URL, Deposit policy directory, URL for deposit policy, Continues, Continued By, apc_monto, apc_moneda"
0121-4004,Vitae,vitae,525,declarado,100.0,False,apc_metodo_imputacion,"issn_linking, institucion_editora_2, institucion_editora_3, titulo_alternativo, atributos_licencia, cc_legible_maquina, Waiver policy information URL, Other fees information URL, servicios_preservacion, Preservation Service: national library, Preservation information URL, Deposit policy directory, URL for deposit policy, identificadores_persistentes, Continues, Continued By, apc_metodo_imputacion"
0123-3432,Íkala,ikala,526,imputado,150.0,True,"apc_monto, apc_moneda","issn_linking, institucion_editora_2, institucion_editora_3, Other organisation, Country of other organisation, atributos_licencia, Waiver policy information URL, Other fees information URL, servicios_preservacion, Preservation Service: national library, Preservation information URL, Continues, Continued By, apc_monto, apc_moneda"
1657-8961,Pensamiento Psicológico,pensamiento psicologico,527,imputado,150.0,True,"apc_monto, apc_moneda","issn_electronic, issn_linking, institucion_editora_2, institucion_editora_3, titulo_alternativo, Country of other organisation, atributos_licencia, cc_legible_maquina, Waiver policy information URL, Preservation Service: national library, URL for deposit policy, Continues, Continued By, apc_monto, apc_moneda"
0120-2456,Anuario Colombiano De Historia Social,anuario colombiano historia social,528,imputado,150.0,True,"apc_monto, apc_moneda","issn_electronic, issn_linking, institucion_editora_2, institucion_editora_3, titulo_alternativo, Country of other organisation, atributos_licencia, Waiver policy information URL, Other fees information URL, servicios_preservacion, Preservation Service: national library, Preservation information URL, Continues, Continued By, apc_monto, apc_moneda"
1657-9763,Apuntes,apuntes,529,imputado,150.0,True,"apc_monto, apc_moneda","issn_electronic, issn_linking, institucion_editora_2, institucion_editora_3, url_revista, url_doaj, When did the journal start to publish all content using an open license?, titulo_alternativo, issn_impreso, issn_electronico, palabras_clave, idiomas, editorial, pais_editorial, Other organisation, Country of other organisation, licencia, atributos_licencia, URL for license terms, cc_legible_maquina, autor_retiene_copyright, Copyright information URL, tipo_revision, Review process information URL, politica_plagio, URL for journal's aims & scope, URL for the Editorial Board page, URL for journal's instructions for authors, semanas_submission_publicacion, tiene_apc, APC information URL, politica_exencion, Waiver policy information URL, tiene_otros_cobros, Other fees information URL, servicios_preservacion, Preservation Service: national library, Preservation information URL, Deposit policy directory, URL for deposit policy, identificadores_persistentes, cumple_oa_doaj, Continues, Continued By, codigos_lcc, subscribe_to_open, Mirror Journal, Open Journals Collective, materias, fecha_incorporacion_doaj, fecha_actualizacion_doaj, Last Full Review Date, num_articulos, fecha_ultimo_articulo, apc_monto, apc_moneda, editorial_rapida"
1692-8261,Prospectiva,prospectiva,530,imputado,150.0,True,"apc_monto, apc_moneda","issn_linking, institucion_editora_2, institucion_editora_3, titulo_alternativo, Country of other organisation, atributos_licencia, cc_legible_maquina, Copyright information URL, Waiver policy information URL, Preservation Service: national library, Deposit policy directory, URL for deposit policy, Continues, Continued By, apc_monto, apc_moneda"
0124-6127,Discusiones Filosóficas,discusiones filosoficas,531,imputado,150.0,True,"apc_monto, apc_moneda","issn_electronic, issn_linking, codigo_dane, institucion_editora_2, institucion_editora_3, pais_iso, url_revista, url_doaj, When did the journal start to publish all content using an open license?, titulo_alternativo, issn_impreso, issn_electronico, palabras_clave, idiomas, editorial, pais_editorial, Other organisation, Country of other organisation, licencia, atributos_licencia, URL for license terms, cc_legible_maquina, autor_retiene_copyright, Copyright information URL, tipo_revision, Review process information URL, politica_plagio, URL for journal's aims & scope, URL for the Editorial Board page, URL for journal's instructions for authors, semanas_submission_publicacion, tiene_apc, APC information URL, politica_exencion, Waiver policy information URL, tiene_otros_cobros, Other fees information URL, servicios_preservacion, Preservation Service: national library, Preservation information URL, Deposit policy directory, URL for deposit policy, identificadores_persistentes, cumple_oa_doaj, Continues, Continued By, codigos_lcc, subscribe_to_open, Mirror Journal, Open Journals Collective, materias, fecha_incorporacion_doaj, fecha_actualizacion_doaj, Last Full Review Date, num_articulos, fecha_ultimo_articulo, apc_monto, apc_moneda, editorial_rapida"
2145-4892,Revista De Psicología Universidad De Antioquia,psicologia universidad antioquia,532,imputado,150.0,True,"apc_monto, apc_moneda","issn_linking, institucion_editora_2, institucion_editora_3, url_revista, url_doaj, When did the journal start to publish all content using an open license?, titulo_alternativo, issn_impreso, issn_electronico, palabras_clave, idiomas, editorial, pais_editorial, Other organisation, Country of other organisation, licencia, atributos_licencia, URL for license terms, cc_legible_maquina, autor_retiene_copyright, Copyright information URL, tipo_revision, Review process information URL, politica_plagio, URL for journal's aims & scope, URL for the Editorial Board page, URL for journal's instructions for authors, semanas_submission_publicacion, tiene_apc, APC information URL, politica_exencion, Waiver policy information URL, tiene_otros_cobros, Other fees information URL, servicios_preservacion, Preservation Service: national library, Preservation information URL, Deposit policy directory, URL for deposit policy, identificadores_persistentes, cumple_oa_doaj, Continues, Continued By, codigos_lcc, subscribe_to_open, Mirror Journal, Open Journals Collective, materias, fecha_incorporacion_doaj, fecha_actualizacion_doaj, Last Full Review Date, num_articulos, fecha_ultimo_articulo, apc_monto, apc_moneda, editorial_rapida"
2027-1174,Magis - Revista Internacional De Investigación En Educación,magis internacional investigacion educacion,533,imputado,150.0,True,"apc_monto, apc_moneda","issn_electronic, issn_linking, institucion_editora_2, institucion_editora_3, Other organisation, Country of other organisation, atributos_licencia, Waiver policy information URL, Other fees information URL, servicios_preservacion, Preservation Service: national library, Preservation information URL, Deposit policy directory, URL for deposit policy, Continues, Continued By, apc_monto, apc_moneda"
2145-549X,Revista Logos Ciencia 6& Tecnologia,logos ciencia 6 tecnologia,534,imputado,150.0,True,"apc_monto, apc_moneda","issn_linking, institucion_editora_2, institucion_editora_3, issn_electronico, Other organisation, Country of other organisation, atributos_licencia, Waiver policy information URL, Other fees information URL, servicios_preservacion, Preservation Service: national library, Preservation information URL, Deposit policy directory, URL for deposit policy, identificadores_persistentes, Continues, Continued By, apc_monto, apc_moneda"
0486-6525,Revista Colombiana De Antropología,colombiana antropologia,535,imputado,150.0,True,"apc_monto, apc_moneda","issn_electronic, issn_linking, institucion_editora_2, institucion_editora_3, titulo_alternativo, Country of other organisation, atributos_licencia, cc_legible_maquina, Copyright information URL, Waiver policy information URL, Other fees information URL, Preservation Service: national library, Deposit policy directory, URL for deposit policy, Continues, Continued By, apc_monto, apc_moneda"
1900-3080,Revista Nacional De Odontología,nacional odontologia,536,imputado,150.0,True,"apc_monto, apc_moneda","issn_electronic, issn_linking, institucion_editora_2, institucion_editora_3, titulo_alternativo, Country of other organisation, atributos_licencia, Copyright information URL, Waiver policy information URL, Other fees information URL, servicios_preservacion, Preservation Service: national library, Preservation information URL, Deposit policy directory, URL for deposit policy, Continues, Continued By, fecha_ultimo_articulo, apc_monto, apc_moneda"
0120-0062,Ideas Y Valores,ideas valores,537,imputado,150.0,True,"apc_monto, apc_moneda","issn_linking, institucion_editora_2, institucion_editora_3, Country of other organisation, atributos_licencia, cc_legible_maquina, Waiver policy information URL, Other fees information URL, Preservation Service: national library, Continues, Continued By, apc_monto, apc_moneda"
0122-5383,"Ct&F Ciencia, Tecnología Y Futuro",ct f ciencia tecnologia futuro,538,imputado,150.0,True,"apc_monto, apc_moneda","issn_linking, institucion_editora_2, institucion_editora_3, titulo_alternativo, atributos_licencia, cc_legible_maquina, Waiver policy information URL, Other fees information URL, Preservation Service: national library, Deposit policy directory, URL for deposit policy, Continues, Continued By, apc_monto, apc_moneda"
1900-4699,Revista Facultad De Ciencias Básicas,facultad ciencias basicas,539,imputado,150.0,True,"apc_monto, apc_moneda","issn_electronic, issn_linking, institucion_editora_2, institucion_editora_3, url_revista, url_doaj, When did the journal start to publish all content using an open license?, titulo_alternativo, issn_impreso, issn_electronico, palabras_clave, idiomas, editorial, pais_editorial, Other organisation, Country of other organisation, licencia, atributos_licencia, URL for license terms, cc_legible_maquina, autor_retiene_copyright, Copyright information URL, tipo_revision, Review process information URL, politica_plagio, URL for journal's aims & scope, URL for the Editorial Board page, URL for journal's instructions for authors, semanas_submission_publicacion, tiene_apc, APC information URL, politica_exencion, Waiver policy information URL, tiene_otros_cobros, Other fees information URL, servicios_preservacion, Preservation Service: national library, Preservation information URL, Deposit policy directory, URL for deposit policy, identificadores_persistentes, cumple_oa_doaj, Continues, Continued By, codigos_lcc, subscribe_to_open, Mirror Journal, Open Journals Collective, materias, fecha_incorporacion_doaj, fecha_actualizacion_doaj, Last Full Review Date, num_articulos, fecha_ultimo_articulo, apc_monto, apc_moneda, editorial_rapida"
1692-7311,Equidad & Desarrollo,equidad desarrollo,540,imputado,150.0,True,"apc_monto, apc_moneda","issn_electronic, issn_linking, institucion_editora_2, institucion_editora_3, url_revista, url_doaj, When did the journal start to publish all content using an open license?, titulo_alternativo, issn_impreso, issn_electronico, palabras_clave, idiomas, editorial, pais_editorial, Other organisation, Country of other organisation, licencia, atributos_licencia, URL for license terms, cc_legible_maquina, autor_retiene_copyright, Copyright information URL, tipo_revision, Review process information URL, politica_plagio, URL for journal's aims & scope, URL for the Editorial Board page, URL for journal's instructions for authors, semanas_submission_publicacion, tiene_apc, APC information URL, politica_exencion, Waiver policy information URL, tiene_otros_cobros, Other fees information URL, servicios_preservacion, Preservation Service: national library, Preservation information URL, Deposit policy directory, URL for deposit policy, identificadores_persistentes, cumple_oa_doaj, Continues, Continued By, codigos_lcc, subscribe_to_open, Mirror Journal, Open Journals Collective, materias, fecha_incorporacion_doaj, fecha_actualizacion_doaj, Last Full Review Date, num_articulos, fecha_ultimo_articulo, apc_monto, apc_moneda, editorial_rapida"
1794-9165,Ingeniería Y Ciencia,ingenieria ciencia,541,imputado,150.0,True,"apc_monto, apc_moneda","issn_linking, institucion_editora_2, institucion_editora_3, titulo_alternativo, Other organisation, Country of other organisation, atributos_licencia, Waiver policy information URL, Other fees information URL, servicios_preservacion, Preservation Service: national library, Preservation information URL, Deposit policy directory, URL for deposit policy, identificadores_persistentes, Continues, Continued By, apc_monto, apc_moneda"
2145-9258,Cultura Educacion Y Sociedad,cultura educacion sociedad,542,imputado,150.0,True,"apc_monto, apc_moneda","issn_electronic, issn_linking, institucion_editora_2, institucion_editora_3, titulo_alternativo, Country of other organisation, atributos_licencia, cc_legible_maquina, Waiver policy information URL, servicios_preservacion, Preservation Service: national library, Deposit policy directory, URL for deposit policy, Continues, Continued By, apc_monto, apc_moneda"
1657-8953,Civilizar,civilizar,543,imputado,150.0,True,"apc_monto, apc_moneda","issn_electronic, issn_linking, institucion_editora_2, institucion_editora_3, Other organisation, Country of other organisation, atributos_licencia, cc_legible_maquina, Copyright information URL, Waiver policy information URL, Preservation Service: national library, Deposit policy directory, URL for deposit policy, Continues, Continued By, apc_monto, apc_moneda"
0120-4645,Cuadernos De Administración,cuadernos administracion,544,imputado,150.0,True,"apc_monto, apc_moneda","issn_linking, institucion_editora_2, institucion_editora_3, titulo_alternativo, Other organisation, Country of other organisation, atributos_licencia, cc_legible_maquina, Copyright information URL, Waiver policy information URL, Other fees information URL, servicios_preservacion, Preservation Service: national library, Preservation information URL, Deposit policy directory, URL for deposit policy, Continues, Continued By, apc_monto, apc_moneda"
1692-3030,Juridicas Cuc,juridicas cuc,545,imputado,150.0,True,"apc_monto, apc_moneda","issn_electronic, issn_linking, institucion_editora_2, institucion_editora_3, url_revista, url_doaj, When did the journal start to publish all content using an open license?, titulo_alternativo, issn_impreso, issn_electronico, palabras_clave, idiomas, editorial, pais_editorial, Other organisation, Country of other organisation, licencia, atributos_licencia, URL for license terms, cc_legible_maquina, autor_retiene_copyright, Copyright information URL, tipo_revision, Review process information URL, politica_plagio, URL for journal's aims & scope, URL for the Editorial Board page, URL for journal's instructions for authors, semanas_submission_publicacion, tiene_apc, APC information URL, politica_exencion, Waiver policy information URL, tiene_otros_cobros, Other fees information URL, servicios_preservacion, Preservation Service: national library, Preservation information URL, Deposit policy directory, URL for deposit policy, identificadores_persistentes, cumple_oa_doaj, Continues, Continued By, codigos_lcc, subscribe_to_open, Mirror Journal, Open Journals Collective, materias, fecha_incorporacion_doaj, fecha_actualizacion_doaj, Last Full Review Date, num_articulos, fecha_ultimo_articulo, apc_monto, apc_moneda, editorial_rapida"
0123-4870,Folios,folios,546,imputado,150.0,True,"apc_monto, apc_moneda","issn_electronic, issn_linking, institucion_editora_2, institucion_editora_3, url_revista, url_doaj, When did the journal start to publish all content using an open license?, titulo_alternativo, issn_impreso, issn_electronico, palabras_clave, idiomas, editorial, pais_editorial, Other organisation, Country of other organisation, licencia, atributos_licencia, URL for license terms, cc_legible_maquina, autor_retiene_copyright, Copyright information URL, tipo_revision, Review process information URL, politica_plagio, URL for journal's aims & scope, URL for the Editorial Board page, URL for journal's instructions for authors, semanas_submission_publicacion, tiene_apc, APC information URL, politica_exencion, Waiver policy information URL, tiene_otros_cobros, Other fees information URL, servicios_preservacion, Preservation Service: national library, Preservation information URL, Deposit policy directory, URL for deposit policy, identificadores_persistentes, cumple_oa_doaj, Continues, Continued By, codigos_lcc, subscribe_to_open, Mirror Journal, Open Journals Collective, materias, fecha_incorporacion_doaj, fecha_actualizacion_doaj, Last Full Review Date, num_articulos, fecha_ultimo_articulo, apc_monto, apc_moneda, editorial_rapida"
0124-0021,Diálogos De Saberes,dialogos saberes,547,imputado,150.0,True,"apc_monto, apc_moneda","issn_electronic, issn_linking, institucion_editora_2, institucion_editora_3, url_revista, url_doaj, When did the journal start to publish all content using an open license?, titulo_alternativo, issn_impreso, issn_electronico, palabras_clave, idiomas, editorial, pais_editorial, Other organisation, Country of other organisation, licencia, atributos_licencia, URL for license terms, cc_legible_maquina, autor_retiene_copyright, Copyright information URL, tipo_revision, Review process information URL, politica_plagio, URL for journal's aims & scope, URL for the Editorial Board page, URL for journal's instructions for authors, semanas_submission_publicacion, tiene_apc, APC information URL, politica_exencion, Waiver policy information URL, tiene_otros_cobros, Other fees information URL, servicios_preservacion, Preservation Service: national library, Preservation information URL, Deposit policy directory, URL for deposit policy, identificadores_persistentes, cumple_oa_doaj, Continues, Continued By, codigos_lcc, subscribe_to_open, Mirror Journal, Open Journals Collective, materias, fecha_incorporacion_doaj, fecha_actualizacion_doaj, Last Full Review Date, num_articulos, fecha_ultimo_articulo, apc_monto, apc_moneda, editorial_rapida"
1909-3667,Tecciencia,tecciencia,548,imputado,150.0,True,"apc_monto, apc_moneda","issn_electronic, issn_linking, institucion_editora_3, url_revista, url_doaj, When did the journal start to publish all content using an open license?, titulo_alternativo, issn_impreso, issn_electronico, palabras_clave, idiomas, editorial, pais_editorial, Other organisation, Country of other organisation, licencia, atributos_licencia, URL for license terms, cc_legible_maquina, autor_retiene_copyright, Copyright information URL, tipo_revision, Review process information URL, politica_plagio, URL for journal's aims & scope, URL for the Editorial Board page, URL for journal's instructions for authors, semanas_submission_publicacion, tiene_apc, APC information URL, politica_exencion, Waiver policy information URL, tiene_otros_cobros, Other fees information URL, servicios_preservacion, Preservation Service: national library, Preservation information URL, Deposit policy directory, URL for deposit policy, identificadores_persistentes, cumple_oa_doaj, Continues, Continued By, codigos_lcc, subscribe_to_open, Mirror Journal, Open Journals Collective, materias, fecha_incorporacion_doaj, fecha_actualizacion_doaj, Last Full Review Date, num_articulos, fecha_ultimo_articulo, apc_monto, apc_moneda, editorial_rapida"
1900-3099,Pensando Psicologia,pensando psicologia,549,imputado,150.0,True,"apc_monto, apc_moneda","issn_electronic, issn_linking, institucion_editora_2, institucion_editora_3, titulo_alternativo, Country of other organisation, atributos_licencia, Waiver policy information URL, Other fees information URL, servicios_preservacion, Preservation Service: national library, Preservation information URL, Deposit policy directory, URL for deposit policy, Continues, Continued By, fecha_ultimo_articulo, apc_monto, apc_moneda"
0120-8942,Dikaion - Lo Justo,dikaion lo justo,550,imputado,150.0,True,"apc_monto, apc_moneda","issn_electronic, issn_linking, institucion_editora_2, institucion_editora_3, titulo_alternativo, Other organisation, Country of other organisation, atributos_licencia, cc_legible_maquina, Waiver policy information URL, Other fees information URL, servicios_preservacion, Preservation Service: national library, Preservation information URL, Continues, Continued By, apc_monto, apc_moneda"
1692-1798,Revista Iteckne,iteckne,551,imputado,150.0,True,"apc_monto, apc_moneda","issn_linking, institucion_editora_2, institucion_editora_3, titulo_alternativo, Country of other organisation, atributos_licencia, Waiver policy information URL, Preservation Service: national library, Deposit policy directory, URL for deposit policy, identificadores_persistentes, Continues, Continued By, apc_monto, apc_moneda"
0121-246X,Revista Facultad De Odontología,facultad odontologia,552,imputado,150.0,True,"apc_monto, apc_moneda","issn_linking, institucion_editora_2, institucion_editora_3, titulo_alternativo, Other organisation, Country of other organisation, atributos_licencia, Copyright information URL, Waiver policy information URL, Other fees information URL, Preservation Service: national library, URL for deposit policy, identificadores_persistentes, Continues, Continued By, apc_monto, apc_moneda"
2145-4086,Lámpsakos,lampsakos,553,imputado,150.0,True,"apc_monto, apc_moneda","issn_electronic, issn_linking, institucion_editora_2, institucion_editora_3, issn_impreso, Other organisation, Country of other organisation, atributos_licencia, Waiver policy information URL, Other fees information URL, servicios_preservacion, Preservation Service: national library, Preservation information URL, Continues, Continued By, apc_monto, apc_moneda"
1909-9746,Visión Electrónica: Algo Más Que Un Estado Sólido,vision electronica algo mas que un estado solido,554,imputado,150.0,True,"apc_monto, apc_moneda","issn_electronic, issn_linking, institucion_editora_2, institucion_editora_3, titulo_alternativo, Other organisation, Country of other organisation, atributos_licencia, cc_legible_maquina, Waiver policy information URL, Other fees information URL, servicios_preservacion, Preservation Service: national library, Preservation information URL, Deposit policy directory, URL for deposit policy, identificadores_persistentes, Continues, Continued By, apc_monto, apc_moneda"
0121-3709,Orinoquia,orinoquia,555,imputado,200.0,True,"apc_monto, apc_moneda","issn_electronic, issn_linking, institucion_editora_2, institucion_editora_3, url_revista, url_doaj, When did the journal start to publish all content using an open license?, titulo_alternativo, issn_impreso, issn_electronico, palabras_clave, idiomas, editorial, pais_editorial, Other organisation, Country of other organisation, licencia, atributos_licencia, URL for license terms, cc_legible_maquina, autor_retiene_copyright, Copyright information URL, tipo_revision, Review process information URL, politica_plagio, URL for journal's aims & scope, URL for the Editorial Board page, URL for journal's instructions for authors, semanas_submission_publicacion, tiene_apc, APC information URL, politica_exencion, Waiver policy information URL, tiene_otros_cobros, Other fees information URL, servicios_preservacion, Preservation Service: national library, Preservation information URL, Deposit policy directory, URL for deposit policy, identificadores_persistentes, cumple_oa_doaj, Continues, Continued By, codigos_lcc, subscribe_to_open, Mirror Journal, Open Journals Collective, materias, fecha_incorporacion_doaj, fecha_actualizacion_doaj, Last Full Review Date, num_articulos, fecha_ultimo_articulo, apc_monto, apc_moneda, editorial_rapida"
1657-4923,Jangwa Pana,jangwa pana,556,imputado,150.0,True,"apc_monto, apc_moneda","issn_linking, institucion_editora_2, institucion_editora_3, titulo_alternativo, Country of other organisation, atributos_licencia, Copyright information URL, Waiver policy information URL, servicios_preservacion, Preservation Service: national library, Preservation information URL, Deposit policy directory, URL for deposit policy, identificadores_persistentes, Continues, Continued By, apc_monto, apc_moneda"
0120-5633,Revista Colombiana De Cardiología,colombiana cardiologia,557,imputado,150.0,True,"apc_monto, apc_moneda","issn_linking, institucion_editora_2, institucion_editora_3, titulo_alternativo, atributos_licencia, Waiver policy information URL, Other fees information URL, Preservation Service: national library, Deposit policy directory, URL for deposit policy, Continues, Continued By, apc_monto, apc_moneda"
0120-8462,Cuadernos De Filosofía Latinoamericana,cuadernos filosofia latinoamericana,558,imputado,150.0,True,"apc_monto, apc_moneda","issn_linking, institucion_editora_2, institucion_editora_3, url_revista, url_doaj, When did the journal start to publish all content using an open license?, titulo_alternativo, issn_impreso, issn_electronico, palabras_clave, idiomas, editorial, pais_editorial, Other organisation, Country of other organisation, licencia, atributos_licencia, URL for license terms, cc_legible_maquina, autor_retiene_copyright, Copyright information URL, tipo_revision, Review process information URL, politica_plagio, URL for journal's aims & scope, URL for the Editorial Board page, URL for journal's instructions for authors, semanas_submission_publicacion, tiene_apc, APC information URL, politica_exencion, Waiver policy information URL, tiene_otros_cobros, Other fees information URL, servicios_preservacion, Preservation Service: national library, Preservation information URL, Deposit policy directory, URL for deposit policy, identificadores_persistentes, cumple_oa_doaj, Continues, Continued By, codigos_lcc, subscribe_to_open, Mirror Journal, Open Journals Collective, materias, fecha_incorporacion_doaj, fecha_actualizacion_doaj, Last Full Review Date, num_articulos, fecha_ultimo_articulo, apc_monto, apc_moneda, editorial_rapida"
0123-3122,Persona Y Bioética,persona bioetica,559,imputado,150.0,True,"apc_monto, apc_moneda","issn_linking, institucion_editora_2, institucion_editora_3, url_revista, url_doaj, When did the journal start to publish all content using an open license?, titulo_alternativo, issn_impreso, issn_electronico, palabras_clave, idiomas, editorial, pais_editorial, Other organisation, Country of other organisation, licencia, atributos_licencia, URL for license terms, cc_legible_maquina, autor_retiene_copyright, Copyright information URL, tipo_revision, Review process information URL, politica_plagio, URL for journal's aims & scope, URL for the Editorial Board page, URL for journal's instructions for authors, semanas_submission_publicacion, tiene_apc, APC information URL, politica_exencion, Waiver policy information URL, tiene_otros_cobros, Other fees information URL, servicios_preservacion, Preservation Service: national library, Preservation information URL, Deposit policy directory, URL for deposit policy, identificadores_persistentes, cumple_oa_doaj, Continues, Continued By, codigos_lcc, subscribe_to_open, Mirror Journal, Open Journals Collective, materias, fecha_incorporacion_doaj, fecha_actualizacion_doaj, Last Full Review Date, num_articulos, fecha_ultimo_articulo, apc_monto, apc_moneda, editorial_rapida"
0123-0425,Educación Y Ciudad,educacion ciudad,560,imputado,150.0,True,"apc_monto, apc_moneda","issn_electronic, issn_linking, institucion_editora_2, institucion_editora_3, titulo_alternativo, Other organisation, Country of other organisation, atributos_licencia, Waiver policy information URL, Other fees information URL, servicios_preservacion, Preservation Service: national library, Preservation information URL, Deposit policy directory, URL for deposit policy, Continues, Continued By, apc_monto, apc_moneda"
2027-1557,Luciernaga : Revista Virtual,luciernaga virtual,561,imputado,150.0,True,"apc_monto, apc_moneda","issn_print, issn_linking, institucion_editora_2, institucion_editora_3, url_revista, url_doaj, When did the journal start to publish all content using an open license?, titulo_alternativo, issn_impreso, issn_electronico, palabras_clave, idiomas, editorial, pais_editorial, Other organisation, Country of other organisation, licencia, atributos_licencia, URL for license terms, cc_legible_maquina, autor_retiene_copyright, Copyright information URL, tipo_revision, Review process information URL, politica_plagio, URL for journal's aims & scope, URL for the Editorial Board page, URL for journal's instructions for authors, semanas_submission_publicacion, tiene_apc, APC information URL, politica_exencion, Waiver policy information URL, tiene_otros_cobros, Other fees information URL, servicios_preservacion, Preservation Service: national library, Preservation information URL, Deposit policy directory, URL for deposit policy, identificadores_persistentes, cumple_oa_doaj, Continues, Continued By, codigos_lcc, subscribe_to_open, Mirror Journal, Open Journals Collective, materias, fecha_incorporacion_doaj, fecha_actualizacion_doaj, Last Full Review Date, num_articulos, fecha_ultimo_articulo, apc_monto, apc_moneda, editorial_rapida"
1794-3841,Hallazgos,hallazgos,562,imputado,150.0,True,"apc_monto, apc_moneda","issn_electronic, issn_linking, institucion_editora_2, institucion_editora_3, titulo_alternativo, Other organisation, Country of other organisation, atributos_licencia, cc_legible_maquina, Waiver policy information URL, Other fees information URL, servicios_preservacion, Preservation Service: national library, Preservation information URL, Deposit policy directory, URL for deposit policy, identificadores_persistentes, Continues, Continued By, apc_monto, apc_moneda"
0123-3769,Perspectiva Geográfica,perspectiva geografica,563,imputado,150.0,True,"apc_monto, apc_moneda","issn_electronic, issn_linking, institucion_editora_3, titulo_alternativo, Other organisation, Country of other organisation, atributos_licencia, cc_legible_maquina, Waiver policy information URL, Other fees information URL, Preservation Service: national library, Deposit policy directory, URL for deposit policy, Continues, Continued By, apc_monto, apc_moneda"
0120-1263,Escritos,escritos,564,imputado,150.0,True,"apc_monto, apc_moneda","issn_electronic, issn_linking, institucion_editora_2, institucion_editora_3, titulo_alternativo, Country of other organisation, atributos_licencia, cc_legible_maquina, Waiver policy information URL, servicios_preservacion, Preservation Service: national library, Preservation information URL, Deposit policy directory, URL for deposit policy, identificadores_persistentes, Continues, Continued By, apc_monto, apc_moneda"
0123-4412,Estudios De Literatura Colombiana,estudios literatura colombiana,565,imputado,150.0,True,"apc_monto, apc_moneda","issn_electronic, issn_linking, institucion_editora_2, institucion_editora_3, titulo_alternativo, Other organisation, Country of other organisation, atributos_licencia, Waiver policy information URL, Other fees information URL, Preservation Service: national library, Continues, Continued By, apc_monto, apc_moneda"
2382-5014,Revista Internacional De Cooperación Y Desarrollo,internacional cooperacion desarrollo,566,imputado,150.0,True,"apc_monto, apc_moneda","issn_electronic, issn_linking, institucion_editora_2, institucion_editora_3, titulo_alternativo, issn_impreso, Other organisation, Country of other organisation, atributos_licencia, Waiver policy information URL, Other fees information URL, servicios_preservacion, Preservation Service: national library, Preservation information URL, Deposit policy directory, URL for deposit policy, Continues, Continued By, apc_monto, apc_moneda"
0123-3475,Revista Colombiana De Biotecnología,colombiana biotecnologia,567,imputado,200.0,True,"apc_monto, apc_moneda","issn_linking, institucion_editora_3, titulo_alternativo, Country of other organisation, atributos_licencia, Waiver policy information URL, Other fees information URL, Preservation Service: national library, Deposit policy directory, URL for deposit policy, Continues, Continued By, apc_monto, apc_moneda"
1794-4953,Revista Avancesinvestigacion En Ingenieria,avancesinvestigacion ingenieria,568,imputado,150.0,True,"apc_monto, apc_moneda","issn_electronic, issn_linking, institucion_editora_2, institucion_editora_3, issn_electronico, Country of other organisation, atributos_licencia, cc_legible_maquina, Waiver policy information URL, servicios_preservacion, Preservation Service: national library, Preservation information URL, Deposit policy directory, URL for deposit policy, identificadores_persistentes, Continues, Continued By, apc_monto, apc_moneda"
0124-0781,Reflexión Política,reflexion politica,569,imputado,150.0,True,"apc_monto, apc_moneda","issn_electronic, issn_linking, institucion_editora_3, titulo_alternativo, Other organisation, Country of other organisation, atributos_licencia, cc_legible_maquina, Waiver policy information URL, Other fees information URL, servicios_preservacion, Preservation Service: national library, Preservation information URL, Deposit policy directory, URL for deposit policy, Continues, Continued By, apc_monto, apc_moneda"
2145-4426,"Trilogía. Ciencia, Tecnologia Y Sociedad",trilogia ciencia tecnologia sociedad,570,imputado,150.0,True,"apc_monto, apc_moneda","issn_linking, institucion_editora_2, institucion_editora_3, titulo_alternativo, Country of other organisation, atributos_licencia, cc_legible_maquina, Waiver policy information URL, Other fees information URL, servicios_preservacion, Preservation Service: national library, Preservation information URL, URL for deposit policy, Continues, Continued By, apc_monto, apc_moneda"
0121-3628,Estudios De Filosofía,estudios filosofia,571,imputado,150.0,True,"apc_monto, apc_moneda","issn_linking, institucion_editora_2, institucion_editora_3, titulo_alternativo, Country of other organisation, atributos_licencia, cc_legible_maquina, Waiver policy information URL, servicios_preservacion, Preservation Service: national library, Preservation information URL, Deposit policy directory, URL for deposit policy, identificadores_persistentes, Continues, Continued By, apc_monto, apc_moneda"
0120-7555,Turismo Y Sociedad,turismo sociedad,572,imputado,150.0,True,"apc_monto, apc_moneda","issn_linking, institucion_editora_2, institucion_editora_3, titulo_alternativo, Other organisation, Country of other organisation, atributos_licencia, cc_legible_maquina, Waiver policy information URL, servicios_preservacion, Preservation Service: national library, URL for deposit policy, identificadores_persistentes, Continues, Continued By, apc_monto, apc_moneda"
1657-9089,Infancias Imágenes,infancias imagenes,573,imputado,150.0,True,"apc_monto, apc_moneda","issn_electronic, issn_linking, institucion_editora_2, institucion_editora_3, titulo_alternativo, Country of other organisation, atributos_licencia, cc_legible_maquina, Copyright information URL, Waiver policy information URL, servicios_preservacion, Preservation Service: national library, Preservation information URL, Deposit policy directory, URL for deposit policy, identificadores_persistentes, Continues, Continued By, apc_monto, apc_moneda"
1794-211X,Vínculos,vinculos,574,imputado,150.0,True,"apc_monto, apc_moneda","issn_linking, institucion_editora_2, institucion_editora_3, titulo_alternativo, Country of other organisation, atributos_licencia, cc_legible_maquina, Copyright information URL, Waiver policy information URL, servicios_preservacion, Preservation Service: national library, Preservation information URL, Deposit policy directory, URL for deposit policy, identificadores_persistentes, Continues, Continued By, apc_monto, apc_moneda"
0121-7550,Nomadas,nomadas,575,imputado,150.0,True,"apc_monto, apc_moneda","issn_electronic, issn_linking, institucion_editora_2, institucion_editora_3, titulo_alternativo, Other organisation, Country of other organisation, atributos_licencia, cc_legible_maquina, Waiver policy information URL, Other fees information URL, servicios_preservacion, Preservation Service: national library, Preservation information URL, Deposit policy directory, URL for deposit policy, identificadores_persistentes, Continues, Continued By, apc_monto, apc_moneda"
0121-117X,Ensayos De Economía,ensayos economia,576,imputado,150.0,True,"apc_monto, apc_moneda","issn_electronic, issn_linking, institucion_editora_2, institucion_editora_3, titulo_alternativo, Country of other organisation, atributos_licencia, Copyright information URL, Waiver policy information URL, servicios_preservacion, Preservation Service: national library, Preservation information URL, URL for deposit policy, identificadores_persistentes, Continues, Continued By, apc_monto, apc_moneda"
1657-0111,Palobra Palabra Que Obra,palobra palabra que obra,577,imputado,150.0,True,"apc_monto, apc_moneda","issn_electronic, issn_linking, institucion_editora_2, institucion_editora_3, Country of other organisation, atributos_licencia, cc_legible_maquina, Copyright information URL, Waiver policy information URL, servicios_preservacion, Preservation Service: national library, Deposit policy directory, URL for deposit policy, Continues, Continued By, apc_monto, apc_moneda"
1900-2351,Revista Politecnica,politecnica,578,imputado,150.0,True,"apc_monto, apc_moneda","issn_electronic, issn_linking, institucion_editora_2, institucion_editora_3, Other organisation, Country of other organisation, atributos_licencia, cc_legible_maquina, Waiver policy information URL, Preservation Service: national library, Deposit policy directory, URL for deposit policy, identificadores_persistentes, Continues, Continued By, apc_monto, apc_moneda"
0123-9392,Infectio,infectio,579,declarado,100.0,False,apc_metodo_imputacion,"issn_electronic, issn_linking, institucion_editora_2, institucion_editora_3, titulo_alternativo, issn_electronico, Country of other organisation, atributos_licencia, cc_legible_maquina, Copyright information URL, Other fees information URL, servicios_preservacion, Preservation Service: national library, Preservation information URL, Deposit policy directory, URL for deposit policy, identificadores_persistentes, Continues, Continued By, apc_metodo_imputacion"
1900-9607,Revista Ces Medicina Veterinaria Y Zootecnia,ces medicina veterinaria zootecnia,580,imputado,200.0,True,"apc_monto, apc_moneda","issn_electronic, issn_linking, institucion_editora_2, institucion_editora_3, url_revista, url_doaj, When did the journal start to publish all content using an open license?, titulo_alternativo, issn_impreso, issn_electronico, palabras_clave, idiomas, editorial, pais_editorial, Other organisation, Country of other organisation, licencia, atributos_licencia, URL for license terms, cc_legible_maquina, autor_retiene_copyright, Copyright information URL, tipo_revision, Review process information URL, politica_plagio, URL for journal's aims & scope, URL for the Editorial Board page, URL for journal's instructions for authors, semanas_submission_publicacion, tiene_apc, APC information URL, politica_exencion, Waiver policy information URL, tiene_otros_cobros, Other fees information URL, servicios_preservacion, Preservation Service: national library, Preservation information URL, Deposit policy directory, URL for deposit policy, identificadores_persistentes, cumple_oa_doaj, Continues, Continued By, codigos_lcc, subscribe_to_open, Mirror Journal, Open Journals Collective, materias, fecha_incorporacion_doaj, fecha_actualizacion_doaj, Last Full Review Date, num_articulos, fecha_ultimo_articulo, apc_monto, apc_moneda, editorial_rapida"
0124-2067,Principia Iuris,principia iuris,581,imputado,150.0,True,"apc_monto, apc_moneda","issn_electronic, issn_linking, institucion_editora_2, institucion_editora_3, url_revista, url_doaj, When did the journal start to publish all content using an open license?, titulo_alternativo, issn_impreso, issn_electronico, palabras_clave, idiomas, editorial, pais_editorial, Other organisation, Country of other organisation, licencia, atributos_licencia, URL for license terms, cc_legible_maquina, autor_retiene_copyright, Copyright information URL, tipo_revision, Review process information URL, politica_plagio, URL for journal's aims & scope, URL for the Editorial Board page, URL for journal's instructions for authors, semanas_submission_publicacion, tiene_apc, APC information URL, politica_exencion, Waiver policy information URL, tiene_otros_cobros, Other fees information URL, servicios_preservacion, Preservation Service: national library, Preservation information URL, Deposit policy directory, URL for deposit policy, identificadores_persistentes, cumple_oa_doaj, Continues, Continued By, codigos_lcc, subscribe_to_open, Mirror Journal, Open Journals Collective, materias, fecha_incorporacion_doaj, fecha_actualizacion_doaj, Last Full Review Date, num_articulos, fecha_ultimo_articulo, apc_monto, apc_moneda, editorial_rapida"
2027-2391,Revista Kavilando,kavilando,582,imputado,150.0,True,"apc_monto, apc_moneda","issn_electronic, issn_linking, institucion_editora_2, institucion_editora_3, titulo_alternativo, Country of other organisation, atributos_licencia, cc_legible_maquina, Waiver policy information URL, Preservation Service: national library, Deposit policy directory, URL for deposit policy, Continues, Continued By, apc_monto, apc_moneda"
0122-8900,Panorama Económico,panorama economico,583,imputado,150.0,True,"apc_monto, apc_moneda","issn_electronic, issn_linking, institucion_editora_2, institucion_editora_3, titulo_alternativo, Country of other organisation, atributos_licencia, cc_legible_maquina, Copyright information URL, Waiver policy information URL, servicios_preservacion, Preservation Service: national library, Preservation information URL, Deposit policy directory, URL for deposit policy, identificadores_persistentes, Continues, Continued By, apc_monto, apc_moneda"
0122-2066,Anuario De Historia Regional Y De Las Fronteras,anuario historia regional fronteras,584,imputado,150.0,True,"apc_monto, apc_moneda","issn_linking, institucion_editora_2, institucion_editora_3, url_revista, url_doaj, When did the journal start to publish all content using an open license?, titulo_alternativo, issn_impreso, issn_electronico, palabras_clave, idiomas, editorial, pais_editorial, Other organisation, Country of other organisation, licencia, atributos_licencia, URL for license terms, cc_legible_maquina, autor_retiene_copyright, Copyright information URL, tipo_revision, Review process information URL, politica_plagio, URL for journal's aims & scope, URL for the Editorial Board page, URL for journal's instructions for authors, semanas_submission_publicacion, tiene_apc, APC information URL, politica_exencion, Waiver policy information URL, tiene_otros_cobros, Other fees information URL, servicios_preservacion, Preservation Service: national library, Preservation information URL, Deposit policy directory, URL for deposit policy, identificadores_persistentes, cumple_oa_doaj, Continues, Continued By, codigos_lcc, subscribe_to_open, Mirror Journal, Open Journals Collective, materias, fecha_incorporacion_doaj, fecha_actualizacion_doaj, Last Full Review Date, num_articulos, fecha_ultimo_articulo, apc_monto, apc_moneda, editorial_rapida"
0120-3576,Coyuntura Económica,coyuntura economica,585,imputado,150.0,True,"apc_monto, apc_moneda","issn_electronic, issn_linking, institucion_editora_2, institucion_editora_3, url_revista, url_doaj, When did the journal start to publish all content using an open license?, titulo_alternativo, issn_impreso, issn_electronico, palabras_clave, idiomas, editorial, pais_editorial, Other organisation, Country of other organisation, licencia, atributos_licencia, URL for license terms, cc_legible_maquina, autor_retiene_copyright, Copyright information URL, tipo_revision, Review process information URL, politica_plagio, URL for journal's aims & scope, URL for the Editorial Board page, URL for journal's instructions for authors, semanas_submission_publicacion, tiene_apc, APC information URL, politica_exencion, Waiver policy information URL, tiene_otros_cobros, Other fees information URL, servicios_preservacion, Preservation Service: national library, Preservation information URL, Deposit policy directory, URL for deposit policy, identificadores_persistentes, cumple_oa_doaj, Continues, Continued By, codigos_lcc, subscribe_to_open, Mirror Journal, Open Journals Collective, materias, fecha_incorporacion_doaj, fecha_actualizacion_doaj, Last Full Review Date, num_articulos, fecha_ultimo_articulo, apc_monto, apc_moneda, editorial_rapida"
0124-793X,Revista De Investigaciones Unad,investigaciones unad,586,imputado,150.0,True,"apc_monto, apc_moneda","issn_electronic, issn_linking, codigo_dane, institucion_editora_2, institucion_editora_3, pais_iso, url_revista, url_doaj, When did the journal start to publish all content using an open license?, titulo_alternativo, issn_impreso, issn_electronico, palabras_clave, idiomas, editorial, pais_editorial, Other organisation, Country of other organisation, licencia, atributos_licencia, URL for license terms, cc_legible_maquina, autor_retiene_copyright, Copyright information URL, tipo_revision, Review process information URL, politica_plagio, URL for journal's aims & scope, URL for the Editorial Board page, URL for journal's instructions for authors, semanas_submission_publicacion, tiene_apc, APC information URL, politica_exencion, Waiver policy information URL, tiene_otros_cobros, Other fees information URL, servicios_preservacion, Preservation Service: national library, Preservation information URL, Deposit policy directory, URL for deposit policy, identificadores_persistentes, cumple_oa_doaj, Continues, Continued By, codigos_lcc, subscribe_to_open, Mirror Journal, Open Journals Collective, materias, fecha_incorporacion_doaj, fecha_actualizacion_doaj, Last Full Review Date, num_articulos, fecha_ultimo_articulo, apc_monto, apc_moneda, editorial_rapida"
1900-7841,Revista Colombiana Salud Libre,colombiana salud libre,587,imputado,150.0,True,"apc_monto, apc_moneda","issn_electronic, issn_linking, institucion_editora_2, institucion_editora_3, url_revista, url_doaj, When did the journal start to publish all content using an open license?, titulo_alternativo, issn_impreso, issn_electronico, palabras_clave, idiomas, editorial, pais_editorial, Other organisation, Country of other organisation, licencia, atributos_licencia, URL for license terms, cc_legible_maquina, autor_retiene_copyright, Copyright information URL, tipo_revision, Review process information URL, politica_plagio, URL for journal's aims & scope, URL for the Editorial Board page, URL for journal's instructions for authors, semanas_submission_publicacion, tiene_apc, APC information URL, politica_exencion, Waiver policy information URL, tiene_otros_cobros, Other fees information URL, servicios_preservacion, Preservation Service: national library, Preservation information URL, Deposit policy directory, URL for deposit policy, identificadores_persistentes, cumple_oa_doaj, Continues, Continued By, codigos_lcc, subscribe_to_open, Mirror Journal, Open Journals Collective, materias, fecha_incorporacion_doaj, fecha_actualizacion_doaj, Last Full Review Date, num_articulos, fecha_ultimo_articulo, apc_monto, apc_moneda, editorial_rapida"
1794-631X,Revista De Investigaciones,investigaciones,588,imputado,150.0,True,"apc_monto, apc_moneda","issn_linking, institucion_editora_2, institucion_editora_3, titulo_alternativo, Country of other organisation, atributos_licencia, cc_legible_maquina, Copyright information URL, Waiver policy information URL, servicios_preservacion, Preservation Service: national library, Preservation information URL, Deposit policy directory, URL for deposit policy, identificadores_persistentes, Continues, Continued By, apc_monto, apc_moneda"
2145-3985,Contextos,contextos,589,imputado,150.0,True,"apc_monto, apc_moneda","issn_electronic, issn_linking, institucion_editora_2, institucion_editora_3, url_revista, url_doaj, When did the journal start to publish all content using an open license?, titulo_alternativo, issn_impreso, issn_electronico, palabras_clave, idiomas, editorial, pais_editorial, Other organisation, Country of other organisation, licencia, atributos_licencia, URL for license terms, cc_legible_maquina, autor_retiene_copyright, Copyright information URL, tipo_revision, Review process information URL, politica_plagio, URL for journal's aims & scope, URL for the Editorial Board page, URL for journal's instructions for authors, semanas_submission_publicacion, tiene_apc, APC information URL, politica_exencion, Waiver policy information URL, tiene_otros_cobros, Other fees information URL, servicios_preservacion, Preservation Service: national library, Preservation information URL, Deposit policy directory, URL for deposit policy, identificadores_persistentes, cumple_oa_doaj, Continues, Continued By, codigos_lcc, subscribe_to_open, Mirror Journal, Open Journals Collective, materias, fecha_incorporacion_doaj, fecha_actualizacion_doaj, Last Full Review Date, num_articulos, fecha_ultimo_articulo, apc_monto, apc_moneda, editorial_rapida"
2027-7822,Acta Odontologica Colombiana,acta odontologica colombiana,590,imputado,150.0,True,"apc_monto, apc_moneda","issn_electronic, issn_linking, institucion_editora_2, institucion_editora_3, titulo_alternativo, issn_impreso, Country of other organisation, atributos_licencia, cc_legible_maquina, Waiver policy information URL, Other fees information URL, servicios_preservacion, Preservation Service: national library, Preservation information URL, Deposit policy directory, URL for deposit policy, identificadores_persistentes, Continues, Continued By, apc_monto, apc_moneda"
2346-0466,Ingenieria E Innovacion,ingenieria e innovacion,591,imputado,150.0,True,"apc_monto, apc_moneda","issn_electronic, issn_linking, institucion_editora_2, institucion_editora_3, Country of other organisation, atributos_licencia, cc_legible_maquina, Copyright information URL, Waiver policy information URL, servicios_preservacion, Preservation Service: national library, Preservation information URL, Deposit policy directory, URL for deposit policy, identificadores_persistentes, Continues, Continued By, fecha_ultimo_articulo, apc_monto, apc_moneda"
2145-9932,Revista Ces Salud Publica,ces salud publica,592,imputado,150.0,True,"apc_monto, apc_moneda","issn_electronic, issn_linking, institucion_editora_2, institucion_editora_3, url_revista, url_doaj, When did the journal start to publish all content using an open license?, titulo_alternativo, issn_impreso, issn_electronico, palabras_clave, idiomas, editorial, pais_editorial, Other organisation, Country of other organisation, licencia, atributos_licencia, URL for license terms, cc_legible_maquina, autor_retiene_copyright, Copyright information URL, tipo_revision, Review process information URL, politica_plagio, URL for journal's aims & scope, URL for the Editorial Board page, URL for journal's instructions for authors, semanas_submission_publicacion, tiene_apc, APC information URL, politica_exencion, Waiver policy information URL, tiene_otros_cobros, Other fees information URL, servicios_preservacion, Preservation Service: national library, Preservation information URL, Deposit policy directory, URL for deposit policy, identificadores_persistentes, cumple_oa_doaj, Continues, Continued By, codigos_lcc, subscribe_to_open, Mirror Journal, Open Journals Collective, materias, fecha_incorporacion_doaj, fecha_actualizacion_doaj, Last Full Review Date, num_articulos, fecha_ultimo_articulo, apc_monto, apc_moneda, editorial_rapida"
1909-3888,Nodo,nodo,593,imputado,150.0,True,"apc_monto, apc_moneda","issn_electronic, issn_linking, institucion_editora_2, institucion_editora_3, titulo_alternativo, Other organisation, Country of other organisation, atributos_licencia, cc_legible_maquina, Waiver policy information URL, Other fees information URL, servicios_preservacion, Preservation Service: national library, Preservation information URL, Deposit policy directory, URL for deposit policy, identificadores_persistentes, Continues, Continued By, fecha_ultimo_articulo, apc_monto, apc_moneda"
1794-1598,Inciso,inciso,594,imputado,150.0,True,"apc_monto, apc_moneda","issn_linking, institucion_editora_2, institucion_editora_3, titulo_alternativo, issn_electronico, Country of other organisation, atributos_licencia, cc_legible_maquina, Copyright information URL, Waiver policy information URL, servicios_preservacion, Preservation Service: national library, Preservation information URL, Deposit policy directory, URL for deposit policy, identificadores_persistentes, Continues, Continued By, apc_monto, apc_moneda"
2339-3084,Contexto,contexto,595,imputado,150.0,True,"apc_monto, apc_moneda","issn_linking, codigo_dane, institucion_editora_2, institucion_editora_3, pais_iso, url_revista, url_doaj, When did the journal start to publish all content using an open license?, titulo_alternativo, issn_impreso, issn_electronico, palabras_clave, idiomas, editorial, pais_editorial, Other organisation, Country of other organisation, licencia, atributos_licencia, URL for license terms, cc_legible_maquina, autor_retiene_copyright, Copyright information URL, tipo_revision, Review process information URL, politica_plagio, URL for journal's aims & scope, URL for the Editorial Board page, URL for journal's instructions for authors, semanas_submission_publicacion, tiene_apc, APC information URL, politica_exencion, Waiver policy information URL, tiene_otros_cobros, Other fees information URL, servicios_preservacion, Preservation Service: national library, Preservation information URL, Deposit policy directory, URL for deposit policy, identificadores_persistentes, cumple_oa_doaj, Continues, Continued By, codigos_lcc, subscribe_to_open, Mirror Journal, Open Journals Collective, materias, fecha_incorporacion_doaj, fecha_actualizacion_doaj, Last Full Review Date, num_articulos, fecha_ultimo_articulo, apc_monto, apc_moneda, editorial_rapida"
1657-8651,"Revista Opera - Observatorio De Políticas, Ejecución Y Resultados De La Administración Pública",opera observatorio politicas ejecucion resultados administracion publica,596,imputado,150.0,True,"apc_monto, apc_moneda","issn_linking, institucion_editora_2, institucion_editora_3, titulo_alternativo, Other organisation, Country of other organisation, atributos_licencia, cc_legible_maquina, Waiver policy information URL, Other fees information URL, Preservation Service: national library, Continues, Continued By, apc_monto, apc_moneda"
1657-6527,"Fuentes, El Reventón Energético",fuentes reventon energetico,597,imputado,150.0,True,"apc_monto, apc_moneda","issn_electronic, issn_linking, institucion_editora_2, institucion_editora_3, titulo_alternativo, Other organisation, Country of other organisation, atributos_licencia, Waiver policy information URL, Other fees information URL, servicios_preservacion, Preservation Service: national library, Preservation information URL, Deposit policy directory, URL for deposit policy, Continues, Continued By, apc_monto, apc_moneda"
0122-1108,Pensamiento Jurídico,pensamiento juridico,598,imputado,150.0,True,"apc_monto, apc_moneda","issn_electronic, issn_linking, institucion_editora_2, institucion_editora_3, titulo_alternativo, Other organisation, Country of other organisation, atributos_licencia, cc_legible_maquina, Waiver policy information URL, Other fees information URL, Preservation Service: national library, Deposit policy directory, URL for deposit policy, identificadores_persistentes, Continues, Continued By, apc_monto, apc_moneda"
1794-7561,Revista De Economía & Administración,economia administracion,599,imputado,150.0,True,"apc_monto, apc_moneda","issn_linking, institucion_editora_2, institucion_editora_3, url_revista, url_doaj, When did the journal start to publish all content using an open license?, titulo_alternativo, issn_impreso, issn_electronico, palabras_clave, idiomas, editorial, pais_editorial, Other organisation, Country of other organisation, licencia, atributos_licencia, URL for license terms, cc_legible_maquina, autor_retiene_copyright, Copyright information URL, tipo_revision, Review process information URL, politica_plagio, URL for journal's aims & scope, URL for the Editorial Board page, URL for journal's instructions for authors, semanas_submission_publicacion, tiene_apc, APC information URL, politica_exencion, Waiver policy information URL, tiene_otros_cobros, Other fees information URL, servicios_preservacion, Preservation Service: national library, Preservation information URL, Deposit policy directory, URL for deposit policy, identificadores_persistentes, cumple_oa_doaj, Continues, Continued By, codigos_lcc, subscribe_to_open, Mirror Journal, Open Journals Collective, materias, fecha_incorporacion_doaj, fecha_actualizacion_doaj, Last Full Review Date, num_articulos, fecha_ultimo_articulo, apc_monto, apc_moneda, editorial_rapida"
1657-4214,Perfil De Coyuntura Economica,perfil coyuntura economica,600,imputado,150.0,True,"apc_monto, apc_moneda","issn_electronic, issn_linking, codigo_dane, institucion_editora_2, institucion_editora_3, pais_iso, url_revista, url_doaj, When did the journal start to publish all content using an open license?, titulo_alternativo, issn_impreso, issn_electronico, palabras_clave, idiomas, editorial, pais_editorial, Other organisation, Country of other organisation, licencia, atributos_licencia, URL for license terms, cc_legible_maquina, autor_retiene_copyright, Copyright information URL, tipo_revision, Review process information URL, politica_plagio, URL for journal's aims & scope, URL for the Editorial Board page, URL for journal's instructions for authors, semanas_submission_publicacion, tiene_apc, APC information URL, politica_exencion, Waiver policy information URL, tiene_otros_cobros, Other fees information URL, servicios_preservacion, Preservation Service: national library, Preservation information URL, Deposit policy directory, URL for deposit policy, identificadores_persistentes, cumple_oa_doaj, Continues, Continued By, codigos_lcc, subscribe_to_open, Mirror Journal, Open Journals Collective, materias, fecha_incorporacion_doaj, fecha_actualizacion_doaj, Last Full Review Date, num_articulos, fecha_ultimo_articulo, apc_monto, apc_moneda, editorial_rapida"
0120-8411,Acta De Otorrinolaringología & Cirugía De Cabeza Y Cuello,acta otorrinolaringologia cirugia cabeza cuello,601,imputado,150.0,True,"apc_monto, apc_moneda","issn_electronic, issn_linking, institucion_editora_2, institucion_editora_3, url_revista, url_doaj, When did the journal start to publish all content using an open license?, titulo_alternativo, issn_impreso, issn_electronico, palabras_clave, idiomas, editorial, pais_editorial, Other organisation, Country of other organisation, licencia, atributos_licencia, URL for license terms, cc_legible_maquina, autor_retiene_copyright, Copyright information URL, tipo_revision, Review process information URL, politica_plagio, URL for journal's aims & scope, URL for the Editorial Board page, URL for journal's instructions for authors, semanas_submission_publicacion, tiene_apc, APC information URL, politica_exencion, Waiver policy information URL, tiene_otros_cobros, Other fees information URL, servicios_preservacion, Preservation Service: national library, Preservation information URL, Deposit policy directory, URL for deposit policy, identificadores_persistentes, cumple_oa_doaj, Continues, Continued By, codigos_lcc, subscribe_to_open, Mirror Journal, Open Journals Collective, materias, fecha_incorporacion_doaj, fecha_actualizacion_doaj, Last Full Review Date, num_articulos, fecha_ultimo_articulo, apc_monto, apc_moneda, editorial_rapida"
2011-9836,In Vestigium Ire,vestigium ire,602,imputado,150.0,True,"apc_monto, apc_moneda","issn_electronic, issn_linking, institucion_editora_2, institucion_editora_3, titulo_alternativo, Country of other organisation, atributos_licencia, cc_legible_maquina, Copyright information URL, Waiver policy information URL, servicios_preservacion, Preservation Service: national library, Preservation information URL, Deposit policy directory, URL for deposit policy, identificadores_persistentes, Continues, Continued By, fecha_ultimo_articulo, apc_monto, apc_moneda"
0124-4361,Memorias,memorias,603,imputado,150.0,True,"apc_monto, apc_moneda","issn_electronic, issn_linking, institucion_editora_2, institucion_editora_3, url_revista, url_doaj, When did the journal start to publish all content using an open license?, titulo_alternativo, issn_impreso, issn_electronico, palabras_clave, idiomas, editorial, pais_editorial, Other organisation, Country of other organisation, licencia, atributos_licencia, URL for license terms, cc_legible_maquina, autor_retiene_copyright, Copyright information URL, tipo_revision, Review process information URL, politica_plagio, URL for journal's aims & scope, URL for the Editorial Board page, URL for journal's instructions for authors, semanas_submission_publicacion, tiene_apc, APC information URL, politica_exencion, Waiver policy information URL, tiene_otros_cobros, Other fees information URL, servicios_preservacion, Preservation Service: national library, Preservation information URL, Deposit policy directory, URL for deposit policy, identificadores_persistentes, cumple_oa_doaj, Continues, Continued By, codigos_lcc, subscribe_to_open, Mirror Journal, Open Journals Collective, materias, fecha_incorporacion_doaj, fecha_actualizacion_doaj, Last Full Review Date, num_articulos, fecha_ultimo_articulo, apc_monto, apc_moneda, editorial_rapida"
0121-0041,Revista Colombiana De Medicina Física Y Rehabilitación,colombiana medicina fisica rehabilitacion,604,imputado,150.0,True,"apc_monto, apc_moneda","issn_electronic, issn_linking, institucion_editora_2, institucion_editora_3, titulo_alternativo, Other organisation, Country of other organisation, atributos_licencia, Waiver policy information URL, Other fees information URL, servicios_preservacion, Preservation Service: national library, Preservation information URL, Deposit policy directory, URL for deposit policy, Continues, Continued By, apc_monto, apc_moneda"
1794-5232,Cultura Del Cuidado Enfermeria,cultura cuidado enfermeria,605,imputado,150.0,True,"apc_monto, apc_moneda","issn_electronic, issn_linking, institucion_editora_2, institucion_editora_3, url_revista, url_doaj, When did the journal start to publish all content using an open license?, titulo_alternativo, issn_impreso, issn_electronico, palabras_clave, idiomas, editorial, pais_editorial, Other organisation, Country of other organisation, licencia, atributos_licencia, URL for license terms, cc_legible_maquina, autor_retiene_copyright, Copyright information URL, tipo_revision, Review process information URL, politica_plagio, URL for journal's aims & scope, URL for the Editorial Board page, URL for journal's instructions for authors, semanas_submission_publicacion, tiene_apc, APC information URL, politica_exencion, Waiver policy information URL, tiene_otros_cobros, Other fees information URL, servicios_preservacion, Preservation Service: national library, Preservation information URL, Deposit policy directory, URL for deposit policy, identificadores_persistentes, cumple_oa_doaj, Continues, Continued By, codigos_lcc, subscribe_to_open, Mirror Journal, Open Journals Collective, materias, fecha_incorporacion_doaj, fecha_actualizacion_doaj, Last Full Review Date, num_articulos, fecha_ultimo_articulo, apc_monto, apc_moneda, editorial_rapida"
1692-8415,Revista Ciencia  Y Tecnología Para La Salud Visual Y Ocular,ciencia tecnologia para salud visual ocular,606,imputado,150.0,True,"apc_monto, apc_moneda","issn_electronic, issn_linking, institucion_editora_2, institucion_editora_3, titulo_alternativo, issn_electronico, Country of other organisation, atributos_licencia, cc_legible_maquina, Copyright information URL, Waiver policy information URL, servicios_preservacion, Preservation Service: national library, Deposit policy directory, URL for deposit policy, Continues, Continued By, fecha_ultimo_articulo, apc_monto, apc_moneda"
0123-8884,Affectio Societatis,affectio societatis,607,imputado,150.0,True,"apc_monto, apc_moneda","issn_print, issn_linking, institucion_editora_2, institucion_editora_3, titulo_alternativo, issn_electronico, Other organisation, Country of other organisation, atributos_licencia, cc_legible_maquina, Waiver policy information URL, Other fees information URL, Preservation Service: national library, Deposit policy directory, URL for deposit policy, identificadores_persistentes, Continues, Continued By, apc_monto, apc_moneda"
0123-5095,Cuestiones De Filosofía,cuestiones filosofia,608,imputado,150.0,True,"apc_monto, apc_moneda","issn_linking, institucion_editora_2, institucion_editora_3, titulo_alternativo, Country of other organisation, atributos_licencia, cc_legible_maquina, Copyright information URL, Waiver policy information URL, servicios_preservacion, Preservation Service: national library, Preservation information URL, Deposit policy directory, URL for deposit policy, identificadores_persistentes, Continues, Continued By, apc_monto, apc_moneda"
1794-6638,Ratio Juris,ratio juris,609,imputado,150.0,True,"apc_monto, apc_moneda","issn_electronic, issn_linking, institucion_editora_2, institucion_editora_3, titulo_alternativo, Country of other organisation, atributos_licencia, cc_legible_maquina, Waiver policy information URL, Other fees information URL, servicios_preservacion, Preservation Service: national library, Preservation information URL, Deposit policy directory, URL for deposit policy, identificadores_persistentes, Continues, Continued By, apc_monto, apc_moneda"
1794-6298,Vox Populi- Revista De La Escuela De Finanzas Y Estudios Internacionales De La Fundación Universitaria San Martín (Sede Bogotá),vox populi escuela finanzas estudios internacionales fundacion universitaria san martin sede bogota,610,imputado,150.0,True,"apc_monto, apc_moneda","issn_electronic, issn_linking, codigo_dane, institucion_editora_2, institucion_editora_3, pais_iso, url_revista, url_doaj, When did the journal start to publish all content using an open license?, titulo_alternativo, issn_impreso, issn_electronico, palabras_clave, idiomas, editorial, pais_editorial, Other organisation, Country of other organisation, licencia, atributos_licencia, URL for license terms, cc_legible_maquina, autor_retiene_copyright, Copyright information URL, tipo_revision, Review process information URL, politica_plagio, URL for journal's aims & scope, URL for the Editorial Board page, URL for journal's instructions for authors, semanas_submission_publicacion, tiene_apc, APC information URL, politica_exencion, Waiver policy information URL, tiene_otros_cobros, Other fees information URL, servicios_preservacion, Preservation Service: national library, Preservation information URL, Deposit policy directory, URL for deposit policy, identificadores_persistentes, cumple_oa_doaj, Continues, Continued By, codigos_lcc, subscribe_to_open, Mirror Journal, Open Journals Collective, materias, fecha_incorporacion_doaj, fecha_actualizacion_doaj, Last Full Review Date, num_articulos, fecha_ultimo_articulo, apc_monto, apc_moneda, editorial_rapida"
1692-1399,Revista De Tecnología,tecnologia,611,imputado,150.0,True,"apc_monto, apc_moneda","issn_electronic, issn_linking, institucion_editora_2, institucion_editora_3, url_revista, url_doaj, When did the journal start to publish all content using an open license?, titulo_alternativo, issn_impreso, issn_electronico, palabras_clave, idiomas, editorial, pais_editorial, Other organisation, Country of other organisation, licencia, atributos_licencia, URL for license terms, cc_legible_maquina, autor_retiene_copyright, Copyright information URL, tipo_revision, Review process information URL, politica_plagio, URL for journal's aims & scope, URL for the Editorial Board page, URL for journal's instructions for authors, semanas_submission_publicacion, tiene_apc, APC information URL, politica_exencion, Waiver policy information URL, tiene_otros_cobros, Other fees information URL, servicios_preservacion, Preservation Service: national library, Preservation information URL, Deposit policy directory, URL for deposit policy, identificadores_persistentes, cumple_oa_doaj, Continues, Continued By, codigos_lcc, subscribe_to_open, Mirror Journal, Open Journals Collective, materias, fecha_incorporacion_doaj, fecha_actualizacion_doaj, Last Full Review Date, num_articulos, fecha_ultimo_articulo, apc_monto, apc_moneda, editorial_rapida"
1657-2815,Libre Empresa,libre empresa,612,imputado,150.0,True,"apc_monto, apc_moneda","issn_electronic, issn_linking, institucion_editora_2, institucion_editora_3, url_revista, url_doaj, When did the journal start to publish all content using an open license?, titulo_alternativo, issn_impreso, issn_electronico, palabras_clave, idiomas, editorial, pais_editorial, Other organisation, Country of other organisation, licencia, atributos_licencia, URL for license terms, cc_legible_maquina, autor_retiene_copyright, Copyright information URL, tipo_revision, Review process information URL, politica_plagio, URL for journal's aims & scope, URL for the Editorial Board page, URL for journal's instructions for authors, semanas_submission_publicacion, tiene_apc, APC information URL, politica_exencion, Waiver policy information URL, tiene_otros_cobros, Other fees information URL, servicios_preservacion, Preservation Service: national library, Preservation information URL, Deposit policy directory, URL for deposit policy, identificadores_persistentes, cumple_oa_doaj, Continues, Continued By, codigos_lcc, subscribe_to_open, Mirror Journal, Open Journals Collective, materias, fecha_incorporacion_doaj, fecha_actualizacion_doaj, Last Full Review Date, num_articulos, fecha_ultimo_articulo, apc_monto, apc_moneda, editorial_rapida"
0121-3652,Revista Uninpahu,uninpahu,613,imputado,150.0,True,"apc_monto, apc_moneda","issn_electronic, issn_linking, institucion_editora_2, institucion_editora_3, url_revista, url_doaj, When did the journal start to publish all content using an open license?, titulo_alternativo, issn_impreso, issn_electronico, palabras_clave, idiomas, editorial, pais_editorial, Other organisation, Country of other organisation, licencia, atributos_licencia, URL for license terms, cc_legible_maquina, autor_retiene_copyright, Copyright information URL, tipo_revision, Review process information URL, politica_plagio, URL for journal's aims & scope, URL for the Editorial Board page, URL for journal's instructions for authors, semanas_submission_publicacion, tiene_apc, APC information URL, politica_exencion, Waiver policy information URL, tiene_otros_cobros, Other fees information URL, servicios_preservacion, Preservation Service: national library, Preservation information URL, Deposit policy directory, URL for deposit policy, identificadores_persistentes, cumple_oa_doaj, Continues, Continued By, codigos_lcc, subscribe_to_open, Mirror Journal, Open Journals Collective, materias, fecha_incorporacion_doaj, fecha_actualizacion_doaj, Last Full Review Date, num_articulos, fecha_ultimo_articulo, apc_monto, apc_moneda, editorial_rapida"
2011-3501,Dialectica Libertadora,dialectica libertadora,614,imputado,150.0,True,"apc_monto, apc_moneda","issn_electronic, issn_linking, institucion_editora_2, institucion_editora_3, url_revista, url_doaj, When did the journal start to publish all content using an open license?, titulo_alternativo, issn_impreso, issn_electronico, palabras_clave, idiomas, editorial, pais_editorial, Other organisation, Country of other organisation, licencia, atributos_licencia, URL for license terms, cc_legible_maquina, autor_retiene_copyright, Copyright information URL, tipo_revision, Review process information URL, politica_plagio, URL for journal's aims & scope, URL for the Editorial Board page, URL for journal's instructions for authors, semanas_submission_publicacion, tiene_apc, APC information URL, politica_exencion, Waiver policy information URL, tiene_otros_cobros, Other fees information URL, servicios_preservacion, Preservation Service: national library, Preservation information URL, Deposit policy directory, URL for deposit policy, identificadores_persistentes, cumple_oa_doaj, Continues, Continued By, codigos_lcc, subscribe_to_open, Mirror Journal, Open Journals Collective, materias, fecha_incorporacion_doaj, fecha_actualizacion_doaj, Last Full Review Date, num_articulos, fecha_ultimo_articulo, apc_monto, apc_moneda, editorial_rapida"
0120-3754,Administración & Desarrollo,administracion desarrollo,615,imputado,150.0,True,"apc_monto, apc_moneda","issn_linking, institucion_editora_2, institucion_editora_3, titulo_alternativo, Other organisation, Country of other organisation, atributos_licencia, Waiver policy information URL, Other fees information URL, Preservation Service: national library, Deposit policy directory, URL for deposit policy, Continues, Continued By, apc_monto, apc_moneda"
0121-8670,Criterios,criterios,616,imputado,150.0,True,"apc_monto, apc_moneda","issn_electronic, issn_linking, institucion_editora_2, institucion_editora_3, titulo_alternativo, atributos_licencia, Waiver policy information URL, Other fees information URL, servicios_preservacion, Preservation Service: national library, Preservation information URL, Deposit policy directory, URL for deposit policy, Continues, Continued By, apc_monto, apc_moneda"
2011-4680,Impetus,impetus,617,imputado,150.0,True,"apc_monto, apc_moneda","issn_electronic, issn_linking, institucion_editora_2, institucion_editora_3, url_revista, url_doaj, When did the journal start to publish all content using an open license?, titulo_alternativo, issn_impreso, issn_electronico, palabras_clave, idiomas, editorial, pais_editorial, Other organisation, Country of other organisation, licencia, atributos_licencia, URL for license terms, cc_legible_maquina, autor_retiene_copyright, Copyright information URL, tipo_revision, Review process information URL, politica_plagio, URL for journal's aims & scope, URL for the Editorial Board page, URL for journal's instructions for authors, semanas_submission_publicacion, tiene_apc, APC information URL, politica_exencion, Waiver policy information URL, tiene_otros_cobros, Other fees information URL, servicios_preservacion, Preservation Service: national library, Preservation information URL, Deposit policy directory, URL for deposit policy, identificadores_persistentes, cumple_oa_doaj, Continues, Continued By, codigos_lcc, subscribe_to_open, Mirror Journal, Open Journals Collective, materias, fecha_incorporacion_doaj, fecha_actualizacion_doaj, Last Full Review Date, num_articulos, fecha_ultimo_articulo, apc_monto, apc_moneda, editorial_rapida"
1657-9553,Revista Facultad De Ciencias Contables Económicas Y Administrativas Faccea,facultad ciencias contables economicas administrativas faccea,618,imputado,150.0,True,"apc_monto, apc_moneda","issn_electronic, issn_linking, institucion_editora_2, institucion_editora_3, id_revista_publindex, url_revista, url_doaj, When did the journal start to publish all content using an open license?, titulo_alternativo, issn_impreso, issn_electronico, palabras_clave, idiomas, editorial, pais_editorial, Other organisation, Country of other organisation, licencia, atributos_licencia, URL for license terms, cc_legible_maquina, autor_retiene_copyright, Copyright information URL, tipo_revision, Review process information URL, politica_plagio, URL for journal's aims & scope, URL for the Editorial Board page, URL for journal's instructions for authors, semanas_submission_publicacion, tiene_apc, APC information URL, politica_exencion, Waiver policy information URL, tiene_otros_cobros, Other fees information URL, servicios_preservacion, Preservation Service: national library, Preservation information URL, Deposit policy directory, URL for deposit policy, identificadores_persistentes, cumple_oa_doaj, Continues, Continued By, codigos_lcc, subscribe_to_open, Mirror Journal, Open Journals Collective, materias, fecha_incorporacion_doaj, fecha_actualizacion_doaj, Last Full Review Date, num_articulos, fecha_ultimo_articulo, apc_monto, apc_moneda, editorial_rapida"
0123-9465,Ambiente Jurídico,ambiente juridico,619,imputado,150.0,True,"apc_monto, apc_moneda","issn_electronic, issn_linking, institucion_editora_2, institucion_editora_3, url_revista, url_doaj, When did the journal start to publish all content using an open license?, titulo_alternativo, issn_impreso, issn_electronico, palabras_clave, idiomas, editorial, pais_editorial, Other organisation, Country of other organisation, licencia, atributos_licencia, URL for license terms, cc_legible_maquina, autor_retiene_copyright, Copyright information URL, tipo_revision, Review process information URL, politica_plagio, URL for journal's aims & scope, URL for the Editorial Board page, URL for journal's instructions for authors, semanas_submission_publicacion, tiene_apc, APC information URL, politica_exencion, Waiver policy information URL, tiene_otros_cobros, Other fees information URL, servicios_preservacion, Preservation Service: national library, Preservation information URL, Deposit policy directory, URL for deposit policy, identificadores_persistentes, cumple_oa_doaj, Continues, Continued By, codigos_lcc, subscribe_to_open, Mirror Journal, Open Journals Collective, materias, fecha_incorporacion_doaj, fecha_actualizacion_doaj, Last Full Review Date, num_articulos, fecha_ultimo_articulo, apc_monto, apc_moneda, editorial_rapida"
1909-7050,Ciencia Y Poder Aéreo,ciencia poder aereo,620,imputado,150.0,True,"apc_monto, apc_moneda","issn_linking, institucion_editora_3, titulo_alternativo, Other organisation, Country of other organisation, atributos_licencia, cc_legible_maquina, Waiver policy information URL, Other fees information URL, servicios_preservacion, Preservation Service: national library, Preservation information URL, Deposit policy directory, URL for deposit policy, identificadores_persistentes, Continues, Continued By, apc_monto, apc_moneda"
1794-8347,Revista Ciencias Estratégicas,ciencias estrategicas,621,imputado,150.0,True,"apc_monto, apc_moneda","issn_electronic, issn_linking, institucion_editora_2, institucion_editora_3, url_revista, url_doaj, When did the journal start to publish all content using an open license?, titulo_alternativo, issn_impreso, issn_electronico, palabras_clave, idiomas, editorial, pais_editorial, Other organisation, Country of other organisation, licencia, atributos_licencia, URL for license terms, cc_legible_maquina, autor_retiene_copyright, Copyright information URL, tipo_revision, Review process information URL, politica_plagio, URL for journal's aims & scope, URL for the Editorial Board page, URL for journal's instructions for authors, semanas_submission_publicacion, tiene_apc, APC information URL, politica_exencion, Waiver policy information URL, tiene_otros_cobros, Other fees information URL, servicios_preservacion, Preservation Service: national library, Preservation information URL, Deposit policy directory, URL for deposit policy, identificadores_persistentes, cumple_oa_doaj, Continues, Continued By, codigos_lcc, subscribe_to_open, Mirror Journal, Open Journals Collective, materias, fecha_incorporacion_doaj, fecha_actualizacion_doaj, Last Full Review Date, num_articulos, fecha_ultimo_articulo, apc_monto, apc_moneda, editorial_rapida"
1909-9851,Puente Revista Científica,puente cientifica,622,imputado,150.0,True,"apc_monto, apc_moneda","issn_electronic, issn_linking, codigo_dane, institucion_editora_2, institucion_editora_3, pais_iso, url_revista, url_doaj, When did the journal start to publish all content using an open license?, titulo_alternativo, issn_impreso, issn_electronico, palabras_clave, idiomas, editorial, pais_editorial, Other organisation, Country of other organisation, licencia, atributos_licencia, URL for license terms, cc_legible_maquina, autor_retiene_copyright, Copyright information URL, tipo_revision, Review process information URL, politica_plagio, URL for journal's aims & scope, URL for the Editorial Board page, URL for journal's instructions for authors, semanas_submission_publicacion, tiene_apc, APC information URL, politica_exencion, Waiver policy information URL, tiene_otros_cobros, Other fees information URL, servicios_preservacion, Preservation Service: national library, Preservation information URL, Deposit policy directory, URL for deposit policy, identificadores_persistentes, cumple_oa_doaj, Continues, Continued By, codigos_lcc, subscribe_to_open, Mirror Journal, Open Journals Collective, materias, fecha_incorporacion_doaj, fecha_actualizacion_doaj, Last Full Review Date, num_articulos, fecha_ultimo_articulo, apc_monto, apc_moneda, editorial_rapida"
2011-5253,Ciudad Paz-Ando,ciudad paz ando,623,imputado,150.0,True,"apc_monto, apc_moneda","issn_linking, institucion_editora_2, institucion_editora_3, titulo_alternativo, atributos_licencia, Waiver policy information URL, Other fees information URL, servicios_preservacion, Preservation Service: national library, Preservation information URL, Deposit policy directory, URL for deposit policy, Continues, Continued By, apc_monto, apc_moneda"
2011-8643,Magistro,magistro,624,imputado,150.0,True,"apc_monto, apc_moneda","issn_electronic, issn_linking, codigo_dane, institucion_editora_2, institucion_editora_3, pais_iso, url_revista, url_doaj, When did the journal start to publish all content using an open license?, titulo_alternativo, issn_impreso, issn_electronico, palabras_clave, idiomas, editorial, pais_editorial, Other organisation, Country of other organisation, licencia, atributos_licencia, URL for license terms, cc_legible_maquina, autor_retiene_copyright, Copyright information URL, tipo_revision, Review process information URL, politica_plagio, URL for journal's aims & scope, URL for the Editorial Board page, URL for journal's instructions for authors, semanas_submission_publicacion, tiene_apc, APC information URL, politica_exencion, Waiver policy information URL, tiene_otros_cobros, Other fees information URL, servicios_preservacion, Preservation Service: national library, Preservation information URL, Deposit policy directory, URL for deposit policy, identificadores_persistentes, cumple_oa_doaj, Continues, Continued By, codigos_lcc, subscribe_to_open, Mirror Journal, Open Journals Collective, materias, fecha_incorporacion_doaj, fecha_actualizacion_doaj, Last Full Review Date, num_articulos, fecha_ultimo_articulo, apc_monto, apc_moneda, editorial_rapida"
1692-5238,S&T : Sistemas Y Telemática,s t sistemas telematica,625,imputado,150.0,True,"apc_monto, apc_moneda","issn_electronic, issn_linking, institucion_editora_2, institucion_editora_3, url_revista, url_doaj, When did the journal start to publish all content using an open license?, titulo_alternativo, issn_impreso, issn_electronico, palabras_clave, idiomas, editorial, pais_editorial, Other organisation, Country of other organisation, licencia, atributos_licencia, URL for license terms, cc_legible_maquina, autor_retiene_copyright, Copyright information URL, tipo_revision, Review process information URL, politica_plagio, URL for journal's aims & scope, URL for the Editorial Board page, URL for journal's instructions for authors, semanas_submission_publicacion, tiene_apc, APC information URL, politica_exencion, Waiver policy information URL, tiene_otros_cobros, Other fees information URL, servicios_preservacion, Preservation Service: national library, Preservation information URL, Deposit policy directory, URL for deposit policy, identificadores_persistentes, cumple_oa_doaj, Continues, Continued By, codigos_lcc, subscribe_to_open, Mirror Journal, Open Journals Collective, materias, fecha_incorporacion_doaj, fecha_actualizacion_doaj, Last Full Review Date, num_articulos, fecha_ultimo_articulo, apc_monto, apc_moneda, editorial_rapida"
2145-6445,Revista Latinoamericana De Estudios De Familia,latinoamericana estudios familia,626,imputado,150.0,True,"apc_monto, apc_moneda","issn_electronic, issn_linking, institucion_editora_2, institucion_editora_3, titulo_alternativo, Other organisation, Country of other organisation, atributos_licencia, Waiver policy information URL, Other fees information URL, servicios_preservacion, Preservation Service: national library, Preservation information URL, Deposit policy directory, URL for deposit policy, identificadores_persistentes, Continues, Continued By, apc_monto, apc_moneda"
2011-513X,Revista Ciencia Animal,ciencia animal,627,imputado,200.0,True,"apc_monto, apc_moneda","issn_electronic, issn_linking, institucion_editora_2, institucion_editora_3, url_revista, url_doaj, When did the journal start to publish all content using an open license?, titulo_alternativo, issn_impreso, issn_electronico, palabras_clave, idiomas, editorial, pais_editorial, Other organisation, Country of other organisation, licencia, atributos_licencia, URL for license terms, cc_legible_maquina, autor_retiene_copyright, Copyright information URL, tipo_revision, Review process information URL, politica_plagio, URL for journal's aims & scope, URL for the Editorial Board page, URL for journal's instructions for authors, semanas_submission_publicacion, tiene_apc, APC information URL, politica_exencion, Waiver policy information URL, tiene_otros_cobros, Other fees information URL, servicios_preservacion, Preservation Service: national library, Preservation information URL, Deposit policy directory, URL for deposit policy, identificadores_persistentes, cumple_oa_doaj, Continues, Continued By, codigos_lcc, subscribe_to_open, Mirror Journal, Open Journals Collective, materias, fecha_incorporacion_doaj, fecha_actualizacion_doaj, Last Full Review Date, num_articulos, fecha_ultimo_articulo, apc_monto, apc_moneda, editorial_rapida"
2215-7840,Revista Ciencias Biomédicas,ciencias biomedicas,628,imputado,150.0,True,"apc_monto, apc_moneda","issn_linking, institucion_editora_2, institucion_editora_3, titulo_alternativo, Other organisation, Country of other organisation, atributos_licencia, Waiver policy information URL, Other fees information URL, servicios_preservacion, Preservation Service: national library, Preservation information URL, Deposit policy directory, URL for deposit policy, Continues, Continued By, apc_monto, apc_moneda"
2011-7191,Movimiento Científico,movimiento cientifico,629,imputado,150.0,True,"apc_monto, apc_moneda","issn_electronic, issn_linking, institucion_editora_2, institucion_editora_3, titulo_alternativo, atributos_licencia, Waiver policy information URL, Other fees information URL, servicios_preservacion, Preservation Service: national library, Preservation information URL, Deposit policy directory, URL for deposit policy, Continues, Continued By, apc_monto, apc_moneda"
2011-0413,Revista Investigaciones Aplicadas,investigaciones aplicadas,630,imputado,150.0,True,"apc_monto, apc_moneda","issn_electronic, issn_linking, codigo_dane, institucion_editora_2, institucion_editora_3, pais_iso, url_revista, url_doaj, When did the journal start to publish all content using an open license?, titulo_alternativo, issn_impreso, issn_electronico, palabras_clave, idiomas, editorial, pais_editorial, Other organisation, Country of other organisation, licencia, atributos_licencia, URL for license terms, cc_legible_maquina, autor_retiene_copyright, Copyright information URL, tipo_revision, Review process information URL, politica_plagio, URL for journal's aims & scope, URL for the Editorial Board page, URL for journal's instructions for authors, semanas_submission_publicacion, tiene_apc, APC information URL, politica_exencion, Waiver policy information URL, tiene_otros_cobros, Other fees information URL, servicios_preservacion, Preservation Service: national library, Preservation information URL, Deposit policy directory, URL for deposit policy, identificadores_persistentes, cumple_oa_doaj, Continues, Continued By, codigos_lcc, subscribe_to_open, Mirror Journal, Open Journals Collective, materias, fecha_incorporacion_doaj, fecha_actualizacion_doaj, Last Full Review Date, num_articulos, fecha_ultimo_articulo, apc_monto, apc_moneda, editorial_rapida"
2027-3401,Perspectivas Educativas,perspectivas educativas,631,imputado,150.0,True,"apc_monto, apc_moneda","issn_electronic, issn_linking, codigo_dane, institucion_editora_2, institucion_editora_3, pais_iso, url_revista, url_doaj, When did the journal start to publish all content using an open license?, titulo_alternativo, issn_impreso, issn_electronico, palabras_clave, idiomas, editorial, pais_editorial, Other organisation, Country of other organisation, licencia, atributos_licencia, URL for license terms, cc_legible_maquina, autor_retiene_copyright, Copyright information URL, tipo_revision, Review process information URL, politica_plagio, URL for journal's aims & scope, URL for the Editorial Board page, URL for journal's instructions for authors, semanas_submission_publicacion, tiene_apc, APC information URL, politica_exencion, Waiver policy information URL, tiene_otros_cobros, Other fees information URL, servicios_preservacion, Preservation Service: national library, Preservation information URL, Deposit policy directory, URL for deposit policy, identificadores_persistentes, cumple_oa_doaj, Continues, Continued By, codigos_lcc, subscribe_to_open, Mirror Journal, Open Journals Collective, materias, fecha_incorporacion_doaj, fecha_actualizacion_doaj, Last Full Review Date, num_articulos, fecha_ultimo_articulo, apc_monto, apc_moneda, editorial_rapida"
1692-7427,Revista Actividad Fisica Y Desarrollo Humano,actividad fisica desarrollo humano,632,imputado,150.0,True,"apc_monto, apc_moneda","issn_electronic, issn_linking, institucion_editora_2, institucion_editora_3, url_revista, url_doaj, When did the journal start to publish all content using an open license?, titulo_alternativo, issn_impreso, issn_electronico, palabras_clave, idiomas, editorial, pais_editorial, Other organisation, Country of other organisation, licencia, atributos_licencia, URL for license terms, cc_legible_maquina, autor_retiene_copyright, Copyright information URL, tipo_revision, Review process information URL, politica_plagio, URL for journal's aims & scope, URL for the Editorial Board page, URL for journal's instructions for authors, semanas_submission_publicacion, tiene_apc, APC information URL, politica_exencion, Waiver policy information URL, tiene_otros_cobros, Other fees information URL, servicios_preservacion, Preservation Service: national library, Preservation information URL, Deposit policy directory, URL for deposit policy, identificadores_persistentes, cumple_oa_doaj, Continues, Continued By, codigos_lcc, subscribe_to_open, Mirror Journal, Open Journals Collective, materias, fecha_incorporacion_doaj, fecha_actualizacion_doaj, Last Full Review Date, num_articulos, fecha_ultimo_articulo, apc_monto, apc_moneda, editorial_rapida"
2027-923X,Elementos,elementos,633,imputado,150.0,True,"apc_monto, apc_moneda","issn_electronic, issn_linking, institucion_editora_2, institucion_editora_3, url_revista, url_doaj, When did the journal start to publish all content using an open license?, titulo_alternativo, issn_impreso, issn_electronico, palabras_clave, idiomas, editorial, pais_editorial, Other organisation, Country of other organisation, licencia, atributos_licencia, URL for license terms, cc_legible_maquina, autor_retiene_copyright, Copyright information URL, tipo_revision, Review process information URL, politica_plagio, URL for journal's aims & scope, URL for the Editorial Board page, URL for journal's instructions for authors, semanas_submission_publicacion, tiene_apc, APC information URL, politica_exencion, Waiver policy information URL, tiene_otros_cobros, Other fees information URL, servicios_preservacion, Preservation Service: national library, Preservation information URL, Deposit policy directory, URL for deposit policy, identificadores_persistentes, cumple_oa_doaj, Continues, Continued By, codigos_lcc, subscribe_to_open, Mirror Journal, Open Journals Collective, materias, fecha_incorporacion_doaj, fecha_actualizacion_doaj, Last Full Review Date, num_articulos, fecha_ultimo_articulo, apc_monto, apc_moneda, editorial_rapida"
0122-994X,Miradas,miradas,634,imputado,150.0,True,"apc_monto, apc_moneda","issn_electronic, issn_linking, codigo_dane, institucion_editora_2, institucion_editora_3, pais_iso, url_revista, url_doaj, When did the journal start to publish all content using an open license?, titulo_alternativo, issn_impreso, issn_electronico, palabras_clave, idiomas, editorial, pais_editorial, Other organisation, Country of other organisation, licencia, atributos_licencia, URL for license terms, cc_legible_maquina, autor_retiene_copyright, Copyright information URL, tipo_revision, Review process information URL, politica_plagio, URL for journal's aims & scope, URL for the Editorial Board page, URL for journal's instructions for authors, semanas_submission_publicacion, tiene_apc, APC information URL, politica_exencion, Waiver policy information URL, tiene_otros_cobros, Other fees information URL, servicios_preservacion, Preservation Service: national library, Preservation information URL, Deposit policy directory, URL for deposit policy, identificadores_persistentes, cumple_oa_doaj, Continues, Continued By, codigos_lcc, subscribe_to_open, Mirror Journal, Open Journals Collective, materias, fecha_incorporacion_doaj, fecha_actualizacion_doaj, Last Full Review Date, num_articulos, fecha_ultimo_articulo, apc_monto, apc_moneda, editorial_rapida"
0122-6150,Revista Cientifica De Unincca,cientifica unincca,635,imputado,150.0,True,"apc_monto, apc_moneda","issn_electronic, issn_linking, codigo_dane, institucion_editora_2, institucion_editora_3, pais_iso, url_revista, url_doaj, When did the journal start to publish all content using an open license?, titulo_alternativo, issn_impreso, issn_electronico, palabras_clave, idiomas, editorial, pais_editorial, Other organisation, Country of other organisation, licencia, atributos_licencia, URL for license terms, cc_legible_maquina, autor_retiene_copyright, Copyright information URL, tipo_revision, Review process information URL, politica_plagio, URL for journal's aims & scope, URL for the Editorial Board page, URL for journal's instructions for authors, semanas_submission_publicacion, tiene_apc, APC information URL, politica_exencion, Waiver policy information URL, tiene_otros_cobros, Other fees information URL, servicios_preservacion, Preservation Service: national library, Preservation information URL, Deposit policy directory, URL for deposit policy, identificadores_persistentes, cumple_oa_doaj, Continues, Continued By, codigos_lcc, subscribe_to_open, Mirror Journal, Open Journals Collective, materias, fecha_incorporacion_doaj, fecha_actualizacion_doaj, Last Full Review Date, num_articulos, fecha_ultimo_articulo, apc_monto, apc_moneda, editorial_rapida"
0121-1935,Revista De Ciencias,ciencias,636,imputado,150.0,True,"apc_monto, apc_moneda","issn_electronic, issn_linking, institucion_editora_2, institucion_editora_3, titulo_alternativo, Country of other organisation, atributos_licencia, cc_legible_maquina, Copyright information URL, Waiver policy information URL, servicios_preservacion, Preservation Service: national library, Preservation information URL, Deposit policy directory, URL for deposit policy, Continues, Continued By, apc_monto, apc_moneda"
0120-4319,Universitas Odontologica,universitas odontologica,637,imputado,150.0,True,"apc_monto, apc_moneda","issn_electronic, issn_linking, institucion_editora_2, institucion_editora_3, url_revista, url_doaj, When did the journal start to publish all content using an open license?, titulo_alternativo, issn_impreso, issn_electronico, palabras_clave, idiomas, editorial, pais_editorial, Other organisation, Country of other organisation, licencia, atributos_licencia, URL for license terms, cc_legible_maquina, autor_retiene_copyright, Copyright information URL, tipo_revision, Review process information URL, politica_plagio, URL for journal's aims & scope, URL for the Editorial Board page, URL for journal's instructions for authors, semanas_submission_publicacion, tiene_apc, APC information URL, politica_exencion, Waiver policy information URL, tiene_otros_cobros, Other fees information URL, servicios_preservacion, Preservation Service: national library, Preservation information URL, Deposit policy directory, URL for deposit policy, identificadores_persistentes, cumple_oa_doaj, Continues, Continued By, codigos_lcc, subscribe_to_open, Mirror Journal, Open Journals Collective, materias, fecha_incorporacion_doaj, fecha_actualizacion_doaj, Last Full Review Date, num_articulos, fecha_ultimo_articulo, apc_monto, apc_moneda, editorial_rapida"
1900-0332,Ugciencia,ugciencia,638,imputado,150.0,True,"apc_monto, apc_moneda","issn_electronic, issn_linking, institucion_editora_2, institucion_editora_3, url_revista, url_doaj, When did the journal start to publish all content using an open license?, titulo_alternativo, issn_impreso, issn_electronico, palabras_clave, idiomas, editorial, pais_editorial, Other organisation, Country of other organisation, licencia, atributos_licencia, URL for license terms, cc_legible_maquina, autor_retiene_copyright, Copyright information URL, tipo_revision, Review process information URL, politica_plagio, URL for journal's aims & scope, URL for the Editorial Board page, URL for journal's instructions for authors, semanas_submission_publicacion, tiene_apc, APC information URL, politica_exencion, Waiver policy information URL, tiene_otros_cobros, Other fees information URL, servicios_preservacion, Preservation Service: national library, Preservation information URL, Deposit policy directory, URL for deposit policy, identificadores_persistentes, cumple_oa_doaj, Continues, Continued By, codigos_lcc, subscribe_to_open, Mirror Journal, Open Journals Collective, materias, fecha_incorporacion_doaj, fecha_actualizacion_doaj, Last Full Review Date, num_articulos, fecha_ultimo_articulo, apc_monto, apc_moneda, editorial_rapida"
1657-3498,Revista Institucional De La Universidad Tecnológica Del Chocó,institucional universidad tecnologica choco,639,imputado,150.0,True,"apc_monto, apc_moneda","issn_electronic, issn_linking, institucion_editora_2, institucion_editora_3, url_revista, url_doaj, When did the journal start to publish all content using an open license?, titulo_alternativo, issn_impreso, issn_electronico, palabras_clave, idiomas, editorial, pais_editorial, Other organisation, Country of other organisation, licencia, atributos_licencia, URL for license terms, cc_legible_maquina, autor_retiene_copyright, Copyright information URL, tipo_revision, Review process information URL, politica_plagio, URL for journal's aims & scope, URL for the Editorial Board page, URL for journal's instructions for authors, semanas_submission_publicacion, tiene_apc, APC information URL, politica_exencion, Waiver policy information URL, tiene_otros_cobros, Other fees information URL, servicios_preservacion, Preservation Service: national library, Preservation information URL, Deposit policy directory, URL for deposit policy, identificadores_persistentes, cumple_oa_doaj, Continues, Continued By, codigos_lcc, subscribe_to_open, Mirror Journal, Open Journals Collective, materias, fecha_incorporacion_doaj, fecha_actualizacion_doaj, Last Full Review Date, num_articulos, fecha_ultimo_articulo, apc_monto, apc_moneda, editorial_rapida"
0123-3734,Sotavento Mba,sotavento mba,640,imputado,150.0,True,"apc_monto, apc_moneda","issn_electronic, issn_linking, institucion_editora_2, institucion_editora_3, url_revista, url_doaj, When did the journal start to publish all content using an open license?, titulo_alternativo, issn_impreso, issn_electronico, palabras_clave, idiomas, editorial, pais_editorial, Other organisation, Country of other organisation, licencia, atributos_licencia, URL for license terms, cc_legible_maquina, autor_retiene_copyright, Copyright information URL, tipo_revision, Review process information URL, politica_plagio, URL for journal's aims & scope, URL for the Editorial Board page, URL for journal's instructions for authors, semanas_submission_publicacion, tiene_apc, APC information URL, politica_exencion, Waiver policy information URL, tiene_otros_cobros, Other fees information URL, servicios_preservacion, Preservation Service: national library, Preservation information URL, Deposit policy directory, URL for deposit policy, identificadores_persistentes, cumple_oa_doaj, Continues, Continued By, codigos_lcc, subscribe_to_open, Mirror Journal, Open Journals Collective, materias, fecha_incorporacion_doaj, fecha_actualizacion_doaj, Last Full Review Date, num_articulos, fecha_ultimo_articulo, apc_monto, apc_moneda, editorial_rapida"
1692-5491,Momentos De Ciencia,momentos ciencia,641,imputado,150.0,True,"apc_monto, apc_moneda","issn_electronic, issn_linking, institucion_editora_2, institucion_editora_3, url_revista, url_doaj, When did the journal start to publish all content using an open license?, titulo_alternativo, issn_impreso, issn_electronico, palabras_clave, idiomas, editorial, pais_editorial, Other organisation, Country of other organisation, licencia, atributos_licencia, URL for license terms, cc_legible_maquina, autor_retiene_copyright, Copyright information URL, tipo_revision, Review process information URL, politica_plagio, URL for journal's aims & scope, URL for the Editorial Board page, URL for journal's instructions for authors, semanas_submission_publicacion, tiene_apc, APC information URL, politica_exencion, Waiver policy information URL, tiene_otros_cobros, Other fees information URL, servicios_preservacion, Preservation Service: national library, Preservation information URL, Deposit policy directory, URL for deposit policy, identificadores_persistentes, cumple_oa_doaj, Continues, Continued By, codigos_lcc, subscribe_to_open, Mirror Journal, Open Journals Collective, materias, fecha_incorporacion_doaj, fecha_actualizacion_doaj, Last Full Review Date, num_articulos, fecha_ultimo_articulo, apc_monto, apc_moneda, editorial_rapida"
2011-5733,Revista Criterios,criterios,642,imputado,150.0,True,"apc_monto, apc_moneda","issn_electronic, issn_linking, institucion_editora_2, institucion_editora_3, url_revista, url_doaj, When did the journal start to publish all content using an open license?, titulo_alternativo, issn_impreso, issn_electronico, palabras_clave, idiomas, editorial, pais_editorial, Other organisation, Country of other organisation, licencia, atributos_licencia, URL for license terms, cc_legible_maquina, autor_retiene_copyright, Copyright information URL, tipo_revision, Review process information URL, politica_plagio, URL for journal's aims & scope, URL for the Editorial Board page, URL for journal's instructions for authors, semanas_submission_publicacion, tiene_apc, APC information URL, politica_exencion, Waiver policy information URL, tiene_otros_cobros, Other fees information URL, servicios_preservacion, Preservation Service: national library, Preservation information URL, Deposit policy directory, URL for deposit policy, identificadores_persistentes, cumple_oa_doaj, Continues, Continued By, codigos_lcc, subscribe_to_open, Mirror Journal, Open Journals Collective, materias, fecha_incorporacion_doaj, fecha_actualizacion_doaj, Last Full Review Date, num_articulos, fecha_ultimo_articulo, apc_monto, apc_moneda, editorial_rapida"
2027-4297,Revista Colombiana De Ciencias Animal-Recia,colombiana ciencias animal recia,643,imputado,200.0,True,"apc_monto, apc_moneda","issn_electronic, issn_linking, institucion_editora_2, institucion_editora_3, titulo_alternativo, issn_impreso, Other organisation, Country of other organisation, atributos_licencia, cc_legible_maquina, Waiver policy information URL, Other fees information URL, servicios_preservacion, Preservation Service: national library, Preservation information URL, Deposit policy directory, URL for deposit policy, identificadores_persistentes, Continues, Continued By, apc_monto, apc_moneda"
1794-9815,Códices,codices,644,imputado,150.0,True,"apc_monto, apc_moneda","issn_electronic, issn_linking, institucion_editora_2, institucion_editora_3, url_revista, url_doaj, When did the journal start to publish all content using an open license?, titulo_alternativo, issn_impreso, issn_electronico, palabras_clave, idiomas, editorial, pais_editorial, Other organisation, Country of other organisation, licencia, atributos_licencia, URL for license terms, cc_legible_maquina, autor_retiene_copyright, Copyright information URL, tipo_revision, Review process information URL, politica_plagio, URL for journal's aims & scope, URL for the Editorial Board page, URL for journal's instructions for authors, semanas_submission_publicacion, tiene_apc, APC information URL, politica_exencion, Waiver policy information URL, tiene_otros_cobros, Other fees information URL, servicios_preservacion, Preservation Service: national library, Preservation information URL, Deposit policy directory, URL for deposit policy, identificadores_persistentes, cumple_oa_doaj, Continues, Continued By, codigos_lcc, subscribe_to_open, Mirror Journal, Open Journals Collective, materias, fecha_incorporacion_doaj, fecha_actualizacion_doaj, Last Full Review Date, num_articulos, fecha_ultimo_articulo, apc_monto, apc_moneda, editorial_rapida"
0124-6542,Modulo Arquitectura- Cuc,modulo arquitectura cuc,645,imputado,150.0,True,"apc_monto, apc_moneda","issn_electronic, issn_linking, institucion_editora_2, institucion_editora_3, url_revista, url_doaj, When did the journal start to publish all content using an open license?, titulo_alternativo, issn_impreso, issn_electronico, palabras_clave, idiomas, editorial, pais_editorial, Other organisation, Country of other organisation, licencia, atributos_licencia, URL for license terms, cc_legible_maquina, autor_retiene_copyright, Copyright information URL, tipo_revision, Review process information URL, politica_plagio, URL for journal's aims & scope, URL for the Editorial Board page, URL for journal's instructions for authors, semanas_submission_publicacion, tiene_apc, APC information URL, politica_exencion, Waiver policy information URL, tiene_otros_cobros, Other fees information URL, servicios_preservacion, Preservation Service: national library, Preservation information URL, Deposit policy directory, URL for deposit policy, identificadores_persistentes, cumple_oa_doaj, Continues, Continued By, codigos_lcc, subscribe_to_open, Mirror Journal, Open Journals Collective, materias, fecha_incorporacion_doaj, fecha_actualizacion_doaj, Last Full Review Date, num_articulos, fecha_ultimo_articulo, apc_monto, apc_moneda, editorial_rapida"
1794-7928,Spei Domus,spei domus,646,imputado,200.0,True,"apc_monto, apc_moneda","issn_electronic, issn_linking, institucion_editora_2, institucion_editora_3, url_revista, url_doaj, When did the journal start to publish all content using an open license?, titulo_alternativo, issn_impreso, issn_electronico, palabras_clave, idiomas, editorial, pais_editorial, Other organisation, Country of other organisation, licencia, atributos_licencia, URL for license terms, cc_legible_maquina, autor_retiene_copyright, Copyright information URL, tipo_revision, Review process information URL, politica_plagio, URL for journal's aims & scope, URL for the Editorial Board page, URL for journal's instructions for authors, semanas_submission_publicacion, tiene_apc, APC information URL, politica_exencion, Waiver policy information URL, tiene_otros_cobros, Other fees information URL, servicios_preservacion, Preservation Service: national library, Preservation information URL, Deposit policy directory, URL for deposit policy, identificadores_persistentes, cumple_oa_doaj, Continues, Continued By, codigos_lcc, subscribe_to_open, Mirror Journal, Open Journals Collective, materias, fecha_incorporacion_doaj, fecha_actualizacion_doaj, Last Full Review Date, num_articulos, fecha_ultimo_articulo, apc_monto, apc_moneda, editorial_rapida"
2011-222X,Revista Colombiana De Las Artes Escénicas,colombiana artes escenicas,647,imputado,150.0,True,"apc_monto, apc_moneda","issn_electronic, issn_linking, codigo_dane, institucion_editora_2, institucion_editora_3, pais_iso, url_revista, url_doaj, When did the journal start to publish all content using an open license?, titulo_alternativo, issn_impreso, issn_electronico, palabras_clave, idiomas, editorial, pais_editorial, Other organisation, Country of other organisation, licencia, atributos_licencia, URL for license terms, cc_legible_maquina, autor_retiene_copyright, Copyright information URL, tipo_revision, Review process information URL, politica_plagio, URL for journal's aims & scope, URL for the Editorial Board page, URL for journal's instructions for authors, semanas_submission_publicacion, tiene_apc, APC information URL, politica_exencion, Waiver policy information URL, tiene_otros_cobros, Other fees information URL, servicios_preservacion, Preservation Service: national library, Preservation information URL, Deposit policy directory, URL for deposit policy, identificadores_persistentes, cumple_oa_doaj, Continues, Continued By, codigos_lcc, subscribe_to_open, Mirror Journal, Open Journals Collective, materias, fecha_incorporacion_doaj, fecha_actualizacion_doaj, Last Full Review Date, num_articulos, fecha_ultimo_articulo, apc_monto, apc_moneda, editorial_rapida"
1794-4724,Avances En Psicología Latinoamericana,avances psicologia latinoamericana,648,imputado,150.0,True,"apc_monto, apc_moneda","issn_linking, institucion_editora_2, institucion_editora_3, titulo_alternativo, Other organisation, Country of other organisation, atributos_licencia, cc_legible_maquina, Waiver policy information URL, Other fees information URL, servicios_preservacion, Preservation Service: national library, Preservation information URL, Deposit policy directory, URL for deposit policy, Continues, Continued By, apc_monto, apc_moneda"
1692-7389,Ingenierias & Amazonia,ingenierias amazonia,649,imputado,150.0,True,"apc_monto, apc_moneda","issn_electronic, issn_linking, institucion_editora_2, institucion_editora_3, url_revista, url_doaj, When did the journal start to publish all content using an open license?, titulo_alternativo, issn_impreso, issn_electronico, palabras_clave, idiomas, editorial, pais_editorial, Other organisation, Country of other organisation, licencia, atributos_licencia, URL for license terms, cc_legible_maquina, autor_retiene_copyright, Copyright information URL, tipo_revision, Review process information URL, politica_plagio, URL for journal's aims & scope, URL for the Editorial Board page, URL for journal's instructions for authors, semanas_submission_publicacion, tiene_apc, APC information URL, politica_exencion, Waiver policy information URL, tiene_otros_cobros, Other fees information URL, servicios_preservacion, Preservation Service: national library, Preservation information URL, Deposit policy directory, URL for deposit policy, identificadores_persistentes, cumple_oa_doaj, Continues, Continued By, codigos_lcc, subscribe_to_open, Mirror Journal, Open Journals Collective, materias, fecha_incorporacion_doaj, fecha_actualizacion_doaj, Last Full Review Date, num_articulos, fecha_ultimo_articulo, apc_monto, apc_moneda, editorial_rapida"
1900-2785,Iconofacto,iconofacto,650,imputado,150.0,True,"apc_monto, apc_moneda","issn_electronic, issn_linking, institucion_editora_2, institucion_editora_3, url_revista, url_doaj, When did the journal start to publish all content using an open license?, titulo_alternativo, issn_impreso, issn_electronico, palabras_clave, idiomas, editorial, pais_editorial, Other organisation, Country of other organisation, licencia, atributos_licencia, URL for license terms, cc_legible_maquina, autor_retiene_copyright, Copyright information URL, tipo_revision, Review process information URL, politica_plagio, URL for journal's aims & scope, URL for the Editorial Board page, URL for journal's instructions for authors, semanas_submission_publicacion, tiene_apc, APC information URL, politica_exencion, Waiver policy information URL, tiene_otros_cobros, Other fees information URL, servicios_preservacion, Preservation Service: national library, Preservation information URL, Deposit policy directory, URL for deposit policy, identificadores_persistentes, cumple_oa_doaj, Continues, Continued By, codigos_lcc, subscribe_to_open, Mirror Journal, Open Journals Collective, materias, fecha_incorporacion_doaj, fecha_actualizacion_doaj, Last Full Review Date, num_articulos, fecha_ultimo_articulo, apc_monto, apc_moneda, editorial_rapida"
0121-5256,Revista Med,med,651,imputado,150.0,True,"apc_monto, apc_moneda","issn_electronic, issn_linking, institucion_editora_2, institucion_editora_3, url_revista, url_doaj, When did the journal start to publish all content using an open license?, titulo_alternativo, issn_impreso, issn_electronico, palabras_clave, idiomas, editorial, pais_editorial, Other organisation, Country of other organisation, licencia, atributos_licencia, URL for license terms, cc_legible_maquina, autor_retiene_copyright, Copyright information URL, tipo_revision, Review process information URL, politica_plagio, URL for journal's aims & scope, URL for the Editorial Board page, URL for journal's instructions for authors, semanas_submission_publicacion, tiene_apc, APC information URL, politica_exencion, Waiver policy information URL, tiene_otros_cobros, Other fees information URL, servicios_preservacion, Preservation Service: national library, Preservation information URL, Deposit policy directory, URL for deposit policy, identificadores_persistentes, cumple_oa_doaj, Continues, Continued By, codigos_lcc, subscribe_to_open, Mirror Journal, Open Journals Collective, materias, fecha_incorporacion_doaj, fecha_actualizacion_doaj, Last Full Review Date, num_articulos, fecha_ultimo_articulo, apc_monto, apc_moneda, editorial_rapida"
1909-2814,Revista Q,q,652,imputado,150.0,True,"apc_monto, apc_moneda","issn_electronic, issn_linking, institucion_editora_2, institucion_editora_3, url_revista, url_doaj, When did the journal start to publish all content using an open license?, titulo_alternativo, issn_impreso, issn_electronico, palabras_clave, idiomas, editorial, pais_editorial, Other organisation, Country of other organisation, licencia, atributos_licencia, URL for license terms, cc_legible_maquina, autor_retiene_copyright, Copyright information URL, tipo_revision, Review process information URL, politica_plagio, URL for journal's aims & scope, URL for the Editorial Board page, URL for journal's instructions for authors, semanas_submission_publicacion, tiene_apc, APC information URL, politica_exencion, Waiver policy information URL, tiene_otros_cobros, Other fees information URL, servicios_preservacion, Preservation Service: national library, Preservation information URL, Deposit policy directory, URL for deposit policy, identificadores_persistentes, cumple_oa_doaj, Continues, Continued By, codigos_lcc, subscribe_to_open, Mirror Journal, Open Journals Collective, materias, fecha_incorporacion_doaj, fecha_actualizacion_doaj, Last Full Review Date, num_articulos, fecha_ultimo_articulo, apc_monto, apc_moneda, editorial_rapida"
0304-3584,Actualidades Biológicas,actualidades biologicas,653,imputado,150.0,True,"apc_monto, apc_moneda","issn_linking, institucion_editora_2, institucion_editora_3, titulo_alternativo, atributos_licencia, Waiver policy information URL, Other fees information URL, Preservation Service: national library, Deposit policy directory, URL for deposit policy, Continues, Continued By, Last Full Review Date, apc_monto, apc_moneda"
0122-0667,Revista Medica De Risaralda,medica risaralda,654,imputado,150.0,True,"apc_monto, apc_moneda","issn_electronic, issn_linking, institucion_editora_2, institucion_editora_3, url_revista, url_doaj, When did the journal start to publish all content using an open license?, titulo_alternativo, issn_impreso, issn_electronico, palabras_clave, idiomas, editorial, pais_editorial, Other organisation, Country of other organisation, licencia, atributos_licencia, URL for license terms, cc_legible_maquina, autor_retiene_copyright, Copyright information URL, tipo_revision, Review process information URL, politica_plagio, URL for journal's aims & scope, URL for the Editorial Board page, URL for journal's instructions for authors, semanas_submission_publicacion, tiene_apc, APC information URL, politica_exencion, Waiver policy information URL, tiene_otros_cobros, Other fees information URL, servicios_preservacion, Preservation Service: national library, Preservation information URL, Deposit policy directory, URL for deposit policy, identificadores_persistentes, cumple_oa_doaj, Continues, Continued By, codigos_lcc, subscribe_to_open, Mirror Journal, Open Journals Collective, materias, fecha_incorporacion_doaj, fecha_actualizacion_doaj, Last Full Review Date, num_articulos, fecha_ultimo_articulo, apc_monto, apc_moneda, editorial_rapida"
0120-4327,Revista Unimar,unimar,655,imputado,150.0,True,"apc_monto, apc_moneda","issn_electronic, issn_linking, institucion_editora_2, institucion_editora_3, titulo_alternativo, Other organisation, Country of other organisation, atributos_licencia, Waiver policy information URL, Other fees information URL, servicios_preservacion, Preservation Service: national library, Preservation information URL, Deposit policy directory, URL for deposit policy, Continues, Continued By, apc_monto, apc_moneda"
0124-7816,Katharsis,katharsis,656,imputado,150.0,True,"apc_monto, apc_moneda","issn_electronic, issn_linking, institucion_editora_2, institucion_editora_3, url_revista, url_doaj, When did the journal start to publish all content using an open license?, titulo_alternativo, issn_impreso, issn_electronico, palabras_clave, idiomas, editorial, pais_editorial, Other organisation, Country of other organisation, licencia, atributos_licencia, URL for license terms, cc_legible_maquina, autor_retiene_copyright, Copyright information URL, tipo_revision, Review process information URL, politica_plagio, URL for journal's aims & scope, URL for the Editorial Board page, URL for journal's instructions for authors, semanas_submission_publicacion, tiene_apc, APC information URL, politica_exencion, Waiver policy information URL, tiene_otros_cobros, Other fees information URL, servicios_preservacion, Preservation Service: national library, Preservation information URL, Deposit policy directory, URL for deposit policy, identificadores_persistentes, cumple_oa_doaj, Continues, Continued By, codigos_lcc, subscribe_to_open, Mirror Journal, Open Journals Collective, materias, fecha_incorporacion_doaj, fecha_actualizacion_doaj, Last Full Review Date, num_articulos, fecha_ultimo_articulo, apc_monto, apc_moneda, editorial_rapida"
0122-7610,Temas Agrarios,temas agrarios,657,imputado,200.0,True,"apc_monto, apc_moneda","issn_linking, institucion_editora_2, institucion_editora_3, titulo_alternativo, Country of other organisation, atributos_licencia, Waiver policy information URL, Other fees information URL, servicios_preservacion, Preservation Service: national library, Preservation information URL, Deposit policy directory, URL for deposit policy, Continues, Continued By, apc_monto, apc_moneda"
1657-2513,Revista Areté,arete,658,imputado,150.0,True,"apc_monto, apc_moneda","issn_electronic, issn_linking, institucion_editora_2, institucion_editora_3, titulo_alternativo, atributos_licencia, Waiver policy information URL, Other fees information URL, servicios_preservacion, Preservation Service: national library, Preservation information URL, Deposit policy directory, URL for deposit policy, Continues, Continued By, Last Full Review Date, apc_monto, apc_moneda"
0121-2753,Itinerario Educativo : Revista De La Facultad De Educación,itinerario educativo facultad educacion,659,imputado,150.0,True,"apc_monto, apc_moneda","issn_electronic, issn_linking, institucion_editora_2, institucion_editora_3, url_revista, url_doaj, When did the journal start to publish all content using an open license?, titulo_alternativo, issn_impreso, issn_electronico, palabras_clave, idiomas, editorial, pais_editorial, Other organisation, Country of other organisation, licencia, atributos_licencia, URL for license terms, cc_legible_maquina, autor_retiene_copyright, Copyright information URL, tipo_revision, Review process information URL, politica_plagio, URL for journal's aims & scope, URL for the Editorial Board page, URL for journal's instructions for authors, semanas_submission_publicacion, tiene_apc, APC information URL, politica_exencion, Waiver policy information URL, tiene_otros_cobros, Other fees information URL, servicios_preservacion, Preservation Service: national library, Preservation information URL, Deposit policy directory, URL for deposit policy, identificadores_persistentes, cumple_oa_doaj, Continues, Continued By, codigos_lcc, subscribe_to_open, Mirror Journal, Open Journals Collective, materias, fecha_incorporacion_doaj, fecha_actualizacion_doaj, Last Full Review Date, num_articulos, fecha_ultimo_articulo, apc_monto, apc_moneda, editorial_rapida"
1794-5658,Amauta,amauta,660,imputado,150.0,True,"apc_monto, apc_moneda","issn_linking, institucion_editora_2, institucion_editora_3, titulo_alternativo, Country of other organisation, atributos_licencia, cc_legible_maquina, Waiver policy information URL, servicios_preservacion, Preservation Service: national library, Preservation information URL, Deposit policy directory, URL for deposit policy, identificadores_persistentes, Continues, Continued By, apc_monto, apc_moneda"
0123-7756,Revista Historia De La Educacion Colombiana,historia educacion colombiana,661,imputado,150.0,True,"apc_monto, apc_moneda","issn_electronic, issn_linking, institucion_editora_2, institucion_editora_3, url_revista, url_doaj, When did the journal start to publish all content using an open license?, titulo_alternativo, issn_impreso, issn_electronico, palabras_clave, idiomas, editorial, pais_editorial, Other organisation, Country of other organisation, licencia, atributos_licencia, URL for license terms, cc_legible_maquina, autor_retiene_copyright, Copyright information URL, tipo_revision, Review process information URL, politica_plagio, URL for journal's aims & scope, URL for the Editorial Board page, URL for journal's instructions for authors, semanas_submission_publicacion, tiene_apc, APC information URL, politica_exencion, Waiver policy information URL, tiene_otros_cobros, Other fees information URL, servicios_preservacion, Preservation Service: national library, Preservation information URL, Deposit policy directory, URL for deposit policy, identificadores_persistentes, cumple_oa_doaj, Continues, Continued By, codigos_lcc, subscribe_to_open, Mirror Journal, Open Journals Collective, materias, fecha_incorporacion_doaj, fecha_actualizacion_doaj, Last Full Review Date, num_articulos, fecha_ultimo_articulo, apc_monto, apc_moneda, editorial_rapida"
2216-1473,Revista Investigium Ire: Ciencias Sociales Y Humanas,investigium ire ciencias sociales humanas,662,imputado,150.0,True,"apc_monto, apc_moneda","issn_electronic, issn_linking, institucion_editora_2, institucion_editora_3, Country of other organisation, atributos_licencia, cc_legible_maquina, Copyright information URL, Waiver policy information URL, Other fees information URL, servicios_preservacion, Preservation Service: national library, Preservation information URL, Deposit policy directory, URL for deposit policy, identificadores_persistentes, Continues, Continued By, apc_monto, apc_moneda"
1692-7273,Revista Ciencias De La Salud,ciencias salud,663,imputado,150.0,True,"apc_monto, apc_moneda","issn_linking, institucion_editora_2, institucion_editora_3, titulo_alternativo, Other organisation, Country of other organisation, atributos_licencia, Copyright information URL, Waiver policy information URL, Other fees information URL, servicios_preservacion, Preservation Service: national library, Preservation information URL, Deposit policy directory, URL for deposit policy, identificadores_persistentes, Continues, Continued By, apc_monto, apc_moneda"
0121-4128,Lúdica Pedagógica,ludica pedagogica,664,imputado,150.0,True,"apc_monto, apc_moneda","issn_electronic, issn_linking, institucion_editora_2, institucion_editora_3, titulo_alternativo, Other organisation, Country of other organisation, atributos_licencia, cc_legible_maquina, Waiver policy information URL, Other fees information URL, servicios_preservacion, Preservation Service: national library, Preservation information URL, Deposit policy directory, URL for deposit policy, identificadores_persistentes, Continues, Continued By, apc_monto, apc_moneda"
0120-0135,Revista De Ciencias Agricolas,ciencias agricolas,665,imputado,200.0,True,"apc_monto, apc_moneda","issn_linking, institucion_editora_2, institucion_editora_3, titulo_alternativo, Country of other organisation, atributos_licencia, Copyright information URL, Other fees information URL, servicios_preservacion, Preservation Service: national library, Preservation information URL, Deposit policy directory, URL for deposit policy, Continues, Continued By, apc_monto, apc_moneda"
2011-639X,Revista De Investigación,investigacion,666,imputado,150.0,True,"apc_monto, apc_moneda","issn_electronic, issn_linking, institucion_editora_2, institucion_editora_3, titulo_alternativo, Country of other organisation, atributos_licencia, cc_legible_maquina, Copyright information URL, Waiver policy information URL, servicios_preservacion, Preservation Service: national library, Preservation information URL, Deposit policy directory, URL for deposit policy, Continues, Continued By, apc_monto, apc_moneda"
1657-3412,Cuadernos Hispanoamericanos De Psicología,cuadernos hispanoamericanos psicologia,667,imputado,150.0,True,"apc_monto, apc_moneda","issn_electronic, issn_linking, institucion_editora_2, institucion_editora_3, titulo_alternativo, issn_electronico, Other organisation, Country of other organisation, atributos_licencia, Waiver policy information URL, Other fees information URL, servicios_preservacion, Preservation Service: national library, Preservation information URL, Deposit policy directory, URL for deposit policy, Continues, Continued By, apc_monto, apc_moneda"
0121-4993,Revista De Ingeniería,ingenieria,668,imputado,150.0,True,"apc_monto, apc_moneda","issn_electronic, issn_linking, institucion_editora_2, institucion_editora_3, url_revista, url_doaj, When did the journal start to publish all content using an open license?, titulo_alternativo, issn_impreso, issn_electronico, palabras_clave, idiomas, editorial, pais_editorial, Other organisation, Country of other organisation, licencia, atributos_licencia, URL for license terms, cc_legible_maquina, autor_retiene_copyright, Copyright information URL, tipo_revision, Review process information URL, politica_plagio, URL for journal's aims & scope, URL for the Editorial Board page, URL for journal's instructions for authors, semanas_submission_publicacion, tiene_apc, APC information URL, politica_exencion, Waiver policy information URL, tiene_otros_cobros, Other fees information URL, servicios_preservacion, Preservation Service: national library, Preservation information URL, Deposit policy directory, URL for deposit policy, identificadores_persistentes, cumple_oa_doaj, Continues, Continued By, codigos_lcc, subscribe_to_open, Mirror Journal, Open Journals Collective, materias, fecha_incorporacion_doaj, fecha_actualizacion_doaj, Last Full Review Date, num_articulos, fecha_ultimo_articulo, apc_monto, apc_moneda, editorial_rapida"
0568-3076,Agronomía,agronomia,669,imputado,200.0,True,"apc_monto, apc_moneda","issn_electronic, issn_linking, institucion_editora_2, institucion_editora_3, url_revista, url_doaj, When did the journal start to publish all content using an open license?, titulo_alternativo, issn_impreso, issn_electronico, palabras_clave, idiomas, editorial, pais_editorial, Other organisation, Country of other organisation, licencia, atributos_licencia, URL for license terms, cc_legible_maquina, autor_retiene_copyright, Copyright information URL, tipo_revision, Review process information URL, politica_plagio, URL for journal's aims & scope, URL for the Editorial Board page, URL for journal's instructions for authors, semanas_submission_publicacion, tiene_apc, APC information URL, politica_exencion, Waiver policy information URL, tiene_otros_cobros, Other fees information URL, servicios_preservacion, Preservation Service: national library, Preservation information URL, Deposit policy directory, URL for deposit policy, identificadores_persistentes, cumple_oa_doaj, Continues, Continued By, codigos_lcc, subscribe_to_open, Mirror Journal, Open Journals Collective, materias, fecha_incorporacion_doaj, fecha_actualizacion_doaj, Last Full Review Date, num_articulos, fecha_ultimo_articulo, apc_monto, apc_moneda, editorial_rapida"
2145-6569,Revista De Psicologia Gepu,psicologia gepu,670,imputado,150.0,True,"apc_monto, apc_moneda","issn_electronic, issn_linking, institucion_editora_2, institucion_editora_3, url_revista, url_doaj, When did the journal start to publish all content using an open license?, titulo_alternativo, issn_impreso, issn_electronico, palabras_clave, idiomas, editorial, pais_editorial, Other organisation, Country of other organisation, licencia, atributos_licencia, URL for license terms, cc_legible_maquina, autor_retiene_copyright, Copyright information URL, tipo_revision, Review process information URL, politica_plagio, URL for journal's aims & scope, URL for the Editorial Board page, URL for journal's instructions for authors, semanas_submission_publicacion, tiene_apc, APC information URL, politica_exencion, Waiver policy information URL, tiene_otros_cobros, Other fees information URL, servicios_preservacion, Preservation Service: national library, Preservation information URL, Deposit policy directory, URL for deposit policy, identificadores_persistentes, cumple_oa_doaj, Continues, Continued By, codigos_lcc, subscribe_to_open, Mirror Journal, Open Journals Collective, materias, fecha_incorporacion_doaj, fecha_actualizacion_doaj, Last Full Review Date, num_articulos, fecha_ultimo_articulo, apc_monto, apc_moneda, editorial_rapida"
2215-9444,Arquetipo,arquetipo,671,imputado,150.0,True,"apc_monto, apc_moneda","issn_electronic, issn_linking, institucion_editora_2, institucion_editora_3, url_revista, url_doaj, When did the journal start to publish all content using an open license?, titulo_alternativo, issn_impreso, issn_electronico, palabras_clave, idiomas, editorial, pais_editorial, Other organisation, Country of other organisation, licencia, atributos_licencia, URL for license terms, cc_legible_maquina, autor_retiene_copyright, Copyright information URL, tipo_revision, Review process information URL, politica_plagio, URL for journal's aims & scope, URL for the Editorial Board page, URL for journal's instructions for authors, semanas_submission_publicacion, tiene_apc, APC information URL, politica_exencion, Waiver policy information URL, tiene_otros_cobros, Other fees information URL, servicios_preservacion, Preservation Service: national library, Preservation information URL, Deposit policy directory, URL for deposit policy, identificadores_persistentes, cumple_oa_doaj, Continues, Continued By, codigos_lcc, subscribe_to_open, Mirror Journal, Open Journals Collective, materias, fecha_incorporacion_doaj, fecha_actualizacion_doaj, Last Full Review Date, num_articulos, fecha_ultimo_articulo, apc_monto, apc_moneda, editorial_rapida"
2145-2946,Revista Digital De Derecho Administrativo,digital derecho administrativo,672,imputado,150.0,True,"apc_monto, apc_moneda","issn_print, issn_linking, institucion_editora_2, institucion_editora_3, titulo_alternativo, issn_impreso, Other organisation, Country of other organisation, atributos_licencia, cc_legible_maquina, Waiver policy information URL, Other fees information URL, Preservation Service: national library, Continues, Continued By, apc_monto, apc_moneda"
1657-9550,Biosalud,biosalud,673,imputado,150.0,True,"apc_monto, apc_moneda","issn_electronic, issn_linking, institucion_editora_2, institucion_editora_3, url_revista, url_doaj, When did the journal start to publish all content using an open license?, titulo_alternativo, issn_impreso, issn_electronico, palabras_clave, idiomas, editorial, pais_editorial, Other organisation, Country of other organisation, licencia, atributos_licencia, URL for license terms, cc_legible_maquina, autor_retiene_copyright, Copyright information URL, tipo_revision, Review process information URL, politica_plagio, URL for journal's aims & scope, URL for the Editorial Board page, URL for journal's instructions for authors, semanas_submission_publicacion, tiene_apc, APC information URL, politica_exencion, Waiver policy information URL, tiene_otros_cobros, Other fees information URL, servicios_preservacion, Preservation Service: national library, Preservation information URL, Deposit policy directory, URL for deposit policy, identificadores_persistentes, cumple_oa_doaj, Continues, Continued By, codigos_lcc, subscribe_to_open, Mirror Journal, Open Journals Collective, materias, fecha_incorporacion_doaj, fecha_actualizacion_doaj, Last Full Review Date, num_articulos, fecha_ultimo_articulo, apc_monto, apc_moneda, editorial_rapida"
0123-580X,Punto De Vista,punto vista,674,imputado,150.0,True,"apc_monto, apc_moneda","issn_electronic, issn_linking, institucion_editora_2, institucion_editora_3, url_revista, url_doaj, When did the journal start to publish all content using an open license?, titulo_alternativo, issn_impreso, issn_electronico, palabras_clave, idiomas, editorial, pais_editorial, Other organisation, Country of other organisation, licencia, atributos_licencia, URL for license terms, cc_legible_maquina, autor_retiene_copyright, Copyright information URL, tipo_revision, Review process information URL, politica_plagio, URL for journal's aims & scope, URL for the Editorial Board page, URL for journal's instructions for authors, semanas_submission_publicacion, tiene_apc, APC information URL, politica_exencion, Waiver policy information URL, tiene_otros_cobros, Other fees information URL, servicios_preservacion, Preservation Service: national library, Preservation information URL, Deposit policy directory, URL for deposit policy, identificadores_persistentes, cumple_oa_doaj, Continues, Continued By, codigos_lcc, subscribe_to_open, Mirror Journal, Open Journals Collective, materias, fecha_incorporacion_doaj, fecha_actualizacion_doaj, Last Full Review Date, num_articulos, fecha_ultimo_articulo, apc_monto, apc_moneda, editorial_rapida"
2256-3342,Journal Of Agriculture And Animal Sciences,agriculture animal sciences,675,imputado,200.0,True,"apc_monto, apc_moneda","issn_electronic, issn_linking, institucion_editora_2, institucion_editora_3, url_revista, url_doaj, When did the journal start to publish all content using an open license?, titulo_alternativo, issn_impreso, issn_electronico, palabras_clave, idiomas, editorial, pais_editorial, Other organisation, Country of other organisation, licencia, atributos_licencia, URL for license terms, cc_legible_maquina, autor_retiene_copyright, Copyright information URL, tipo_revision, Review process information URL, politica_plagio, URL for journal's aims & scope, URL for the Editorial Board page, URL for journal's instructions for authors, semanas_submission_publicacion, tiene_apc, APC information URL, politica_exencion, Waiver policy information URL, tiene_otros_cobros, Other fees information URL, servicios_preservacion, Preservation Service: national library, Preservation information URL, Deposit policy directory, URL for deposit policy, identificadores_persistentes, cumple_oa_doaj, Continues, Continued By, codigos_lcc, subscribe_to_open, Mirror Journal, Open Journals Collective, materias, fecha_incorporacion_doaj, fecha_actualizacion_doaj, Last Full Review Date, num_articulos, fecha_ultimo_articulo, apc_monto, apc_moneda, editorial_rapida"
2011-9771,Albertus Magnus,albertus magnus,676,imputado,150.0,True,"apc_monto, apc_moneda","issn_electronic, issn_linking, institucion_editora_2, institucion_editora_3, url_revista, url_doaj, When did the journal start to publish all content using an open license?, titulo_alternativo, issn_impreso, issn_electronico, palabras_clave, idiomas, editorial, pais_editorial, Other organisation, Country of other organisation, licencia, atributos_licencia, URL for license terms, cc_legible_maquina, autor_retiene_copyright, Copyright information URL, tipo_revision, Review process information URL, politica_plagio, URL for journal's aims & scope, URL for the Editorial Board page, URL for journal's instructions for authors, semanas_submission_publicacion, tiene_apc, APC information URL, politica_exencion, Waiver policy information URL, tiene_otros_cobros, Other fees information URL, servicios_preservacion, Preservation Service: national library, Preservation information URL, Deposit policy directory, URL for deposit policy, identificadores_persistentes, cumple_oa_doaj, Continues, Continued By, codigos_lcc, subscribe_to_open, Mirror Journal, Open Journals Collective, materias, fecha_incorporacion_doaj, fecha_actualizacion_doaj, Last Full Review Date, num_articulos, fecha_ultimo_articulo, apc_monto, apc_moneda, editorial_rapida"
1657-0448,Revista De La Asociación Colombiana De Dermatología Y Cirugía Dermatológica,asociacion colombiana dermatologia cirugia dermatologica,677,imputado,150.0,True,"apc_monto, apc_moneda","issn_electronic, issn_linking, institucion_editora_2, institucion_editora_3, titulo_alternativo, Other organisation, Country of other organisation, atributos_licencia, Waiver policy information URL, Other fees information URL, Preservation Service: national library, Deposit policy directory, URL for deposit policy, Continues, Continued By, apc_monto, apc_moneda"
1657-6535,Precedente,precedente,678,imputado,150.0,True,"apc_monto, apc_moneda","issn_electronic, issn_linking, codigo_dane, institucion_editora_2, institucion_editora_3, pais_iso, issn_impreso, Other organisation, Country of other organisation, atributos_licencia, Waiver policy information URL, Other fees information URL, servicios_preservacion, Preservation Service: national library, Preservation information URL, Deposit policy directory, URL for deposit policy, Continues, Continued By, apc_monto, apc_moneda"
2256-1676,I+D Revista De Investigaciones,i d investigaciones,679,imputado,150.0,True,"apc_monto, apc_moneda","issn_electronic, issn_linking, institucion_editora_2, institucion_editora_3, titulo_alternativo, Other organisation, Country of other organisation, atributos_licencia, cc_legible_maquina, Waiver policy information URL, Other fees information URL, servicios_preservacion, Preservation Service: national library, Preservation information URL, Deposit policy directory, URL for deposit policy, Continues, Continued By, Last Full Review Date, apc_monto, apc_moneda"
0124-7255,Dixi,dixi,680,imputado,150.0,True,"apc_monto, apc_moneda","issn_electronic, issn_linking, institucion_editora_2, institucion_editora_3, titulo_alternativo, Country of other organisation, atributos_licencia, Copyright information URL, Waiver policy information URL, Other fees information URL, Preservation Service: national library, Deposit policy directory, URL for deposit policy, identificadores_persistentes, Continues, Continued By, fecha_ultimo_articulo, apc_monto, apc_moneda"
1692-2484,Revista Filosofía Uis,filosofia uis,681,imputado,150.0,True,"apc_monto, apc_moneda","issn_electronic, issn_linking, institucion_editora_2, institucion_editora_3, titulo_alternativo, Country of other organisation, atributos_licencia, Copyright information URL, Waiver policy information URL, servicios_preservacion, Preservation Service: national library, Preservation information URL, Deposit policy directory, URL for deposit policy, identificadores_persistentes, Continues, Continued By, apc_monto, apc_moneda"
2256-151X,Espiral,espiral,682,imputado,150.0,True,"apc_monto, apc_moneda","issn_linking, institucion_editora_2, institucion_editora_3, url_revista, url_doaj, When did the journal start to publish all content using an open license?, titulo_alternativo, issn_impreso, issn_electronico, palabras_clave, idiomas, editorial, pais_editorial, Other organisation, Country of other organisation, licencia, atributos_licencia, URL for license terms, cc_legible_maquina, autor_retiene_copyright, Copyright information URL, tipo_revision, Review process information URL, politica_plagio, URL for journal's aims & scope, URL for the Editorial Board page, URL for journal's instructions for authors, semanas_submission_publicacion, tiene_apc, APC information URL, politica_exencion, Waiver policy information URL, tiene_otros_cobros, Other fees information URL, servicios_preservacion, Preservation Service: national library, Preservation information URL, Deposit policy directory, URL for deposit policy, identificadores_persistentes, cumple_oa_doaj, Continues, Continued By, codigos_lcc, subscribe_to_open, Mirror Journal, Open Journals Collective, materias, fecha_incorporacion_doaj, fecha_actualizacion_doaj, Last Full Review Date, num_articulos, fecha_ultimo_articulo, apc_monto, apc_moneda, editorial_rapida"
1692-8571,Justicia Juris,justicia juris,683,imputado,150.0,True,"apc_monto, apc_moneda","issn_electronic, issn_linking, institucion_editora_2, institucion_editora_3, url_revista, url_doaj, When did the journal start to publish all content using an open license?, titulo_alternativo, issn_impreso, issn_electronico, palabras_clave, idiomas, editorial, pais_editorial, Other organisation, Country of other organisation, licencia, atributos_licencia, URL for license terms, cc_legible_maquina, autor_retiene_copyright, Copyright information URL, tipo_revision, Review process information URL, politica_plagio, URL for journal's aims & scope, URL for the Editorial Board page, URL for journal's instructions for authors, semanas_submission_publicacion, tiene_apc, APC information URL, politica_exencion, Waiver policy information URL, tiene_otros_cobros, Other fees information URL, servicios_preservacion, Preservation Service: national library, Preservation information URL, Deposit policy directory, URL for deposit policy, identificadores_persistentes, cumple_oa_doaj, Continues, Continued By, codigos_lcc, subscribe_to_open, Mirror Journal, Open Journals Collective, materias, fecha_incorporacion_doaj, fecha_actualizacion_doaj, Last Full Review Date, num_articulos, fecha_ultimo_articulo, apc_monto, apc_moneda, editorial_rapida"
0123-1154,Revista Ibero- Latinoamericana De Seguros,ibero latinoamericana seguros,684,imputado,150.0,True,"apc_monto, apc_moneda","issn_electronic, issn_linking, institucion_editora_2, institucion_editora_3, url_revista, url_doaj, When did the journal start to publish all content using an open license?, titulo_alternativo, issn_impreso, issn_electronico, palabras_clave, idiomas, editorial, pais_editorial, Other organisation, Country of other organisation, licencia, atributos_licencia, URL for license terms, cc_legible_maquina, autor_retiene_copyright, Copyright information URL, tipo_revision, Review process information URL, politica_plagio, URL for journal's aims & scope, URL for the Editorial Board page, URL for journal's instructions for authors, semanas_submission_publicacion, tiene_apc, APC information URL, politica_exencion, Waiver policy information URL, tiene_otros_cobros, Other fees information URL, servicios_preservacion, Preservation Service: national library, Preservation information URL, Deposit policy directory, URL for deposit policy, identificadores_persistentes, cumple_oa_doaj, Continues, Continued By, codigos_lcc, subscribe_to_open, Mirror Journal, Open Journals Collective, materias, fecha_incorporacion_doaj, fecha_actualizacion_doaj, Last Full Review Date, num_articulos, fecha_ultimo_articulo, apc_monto, apc_moneda, editorial_rapida"
1692-3960,Revista@E-Mercatoria,e mercatoria,685,imputado,150.0,True,"apc_monto, apc_moneda","issn_electronic, issn_linking, institucion_editora_2, institucion_editora_3, titulo_alternativo, issn_electronico, Other organisation, Country of other organisation, atributos_licencia, cc_legible_maquina, Waiver policy information URL, Other fees information URL, Preservation Service: national library, Deposit policy directory, URL for deposit policy, identificadores_persistentes, Continues, Continued By, apc_monto, apc_moneda"
0123-5931,"Literatura: Teoria, Historia, Critica",literatura teoria historia critica,686,imputado,150.0,True,"apc_monto, apc_moneda","issn_electronic, issn_linking, institucion_editora_2, institucion_editora_3, titulo_alternativo, Other organisation, Country of other organisation, atributos_licencia, Waiver policy information URL, Other fees information URL, servicios_preservacion, Preservation Service: national library, Preservation information URL, Deposit policy directory, URL for deposit policy, Continues, Continued By, apc_monto, apc_moneda"
2027-1840,Revista Colombiana De Ciencia Animal,colombiana ciencia animal,687,imputado,200.0,True,"apc_monto, apc_moneda","issn_electronic, issn_linking, institucion_editora_2, institucion_editora_3, url_revista, url_doaj, When did the journal start to publish all content using an open license?, titulo_alternativo, issn_impreso, issn_electronico, palabras_clave, idiomas, editorial, pais_editorial, Other organisation, Country of other organisation, licencia, atributos_licencia, URL for license terms, cc_legible_maquina, autor_retiene_copyright, Copyright information URL, tipo_revision, Review process information URL, politica_plagio, URL for journal's aims & scope, URL for the Editorial Board page, URL for journal's instructions for authors, semanas_submission_publicacion, tiene_apc, APC information URL, politica_exencion, Waiver policy information URL, tiene_otros_cobros, Other fees information URL, servicios_preservacion, Preservation Service: national library, Preservation information URL, Deposit policy directory, URL for deposit policy, identificadores_persistentes, cumple_oa_doaj, Continues, Continued By, codigos_lcc, subscribe_to_open, Mirror Journal, Open Journals Collective, materias, fecha_incorporacion_doaj, fecha_actualizacion_doaj, Last Full Review Date, num_articulos, fecha_ultimo_articulo, apc_monto, apc_moneda, editorial_rapida"
1692-0899,Ingenium,ingenium,688,imputado,150.0,True,"apc_monto, apc_moneda","issn_electronic, issn_linking, codigo_dane, institucion_editora_2, institucion_editora_3, pais_iso, url_revista, url_doaj, When did the journal start to publish all content using an open license?, titulo_alternativo, issn_impreso, issn_electronico, palabras_clave, idiomas, editorial, pais_editorial, Other organisation, Country of other organisation, licencia, atributos_licencia, URL for license terms, cc_legible_maquina, autor_retiene_copyright, Copyright information URL, tipo_revision, Review process information URL, politica_plagio, URL for journal's aims & scope, URL for the Editorial Board page, URL for journal's instructions for authors, semanas_submission_publicacion, tiene_apc, APC information URL, politica_exencion, Waiver policy information URL, tiene_otros_cobros, Other fees information URL, servicios_preservacion, Preservation Service: national library, Preservation information URL, Deposit policy directory, URL for deposit policy, identificadores_persistentes, cumple_oa_doaj, Continues, Continued By, codigos_lcc, subscribe_to_open, Mirror Journal, Open Journals Collective, materias, fecha_incorporacion_doaj, fecha_actualizacion_doaj, Last Full Review Date, num_articulos, fecha_ultimo_articulo, apc_monto, apc_moneda, editorial_rapida"
2011-5318,Educacion Y Desarrollo Social,educacion desarrollo social,689,imputado,150.0,True,"apc_monto, apc_moneda","issn_linking, institucion_editora_2, institucion_editora_3, url_revista, url_doaj, When did the journal start to publish all content using an open license?, titulo_alternativo, issn_impreso, issn_electronico, palabras_clave, idiomas, editorial, pais_editorial, Other organisation, Country of other organisation, licencia, atributos_licencia, URL for license terms, cc_legible_maquina, autor_retiene_copyright, Copyright information URL, tipo_revision, Review process information URL, politica_plagio, URL for journal's aims & scope, URL for the Editorial Board page, URL for journal's instructions for authors, semanas_submission_publicacion, tiene_apc, APC information URL, politica_exencion, Waiver policy information URL, tiene_otros_cobros, Other fees information URL, servicios_preservacion, Preservation Service: national library, Preservation information URL, Deposit policy directory, URL for deposit policy, identificadores_persistentes, cumple_oa_doaj, Continues, Continued By, codigos_lcc, subscribe_to_open, Mirror Journal, Open Journals Collective, materias, fecha_incorporacion_doaj, fecha_actualizacion_doaj, Last Full Review Date, num_articulos, fecha_ultimo_articulo, apc_monto, apc_moneda, editorial_rapida"
1900-9771,Revista Gestión Y Región,gestion region,690,imputado,150.0,True,"apc_monto, apc_moneda","issn_electronic, issn_linking, institucion_editora_2, institucion_editora_3, url_revista, url_doaj, When did the journal start to publish all content using an open license?, titulo_alternativo, issn_impreso, issn_electronico, palabras_clave, idiomas, editorial, pais_editorial, Other organisation, Country of other organisation, licencia, atributos_licencia, URL for license terms, cc_legible_maquina, autor_retiene_copyright, Copyright information URL, tipo_revision, Review process information URL, politica_plagio, URL for journal's aims & scope, URL for the Editorial Board page, URL for journal's instructions for authors, semanas_submission_publicacion, tiene_apc, APC information URL, politica_exencion, Waiver policy information URL, tiene_otros_cobros, Other fees information URL, servicios_preservacion, Preservation Service: national library, Preservation information URL, Deposit policy directory, URL for deposit policy, identificadores_persistentes, cumple_oa_doaj, Continues, Continued By, codigos_lcc, subscribe_to_open, Mirror Journal, Open Journals Collective, materias, fecha_incorporacion_doaj, fecha_actualizacion_doaj, Last Full Review Date, num_articulos, fecha_ultimo_articulo, apc_monto, apc_moneda, editorial_rapida"
2215-7190,Revista Análisis Internacional (Rai),analisis internacional rai,691,imputado,150.0,True,"apc_monto, apc_moneda","issn_electronic, issn_linking, codigo_dane, institucion_editora_2, institucion_editora_3, pais_iso, url_revista, url_doaj, When did the journal start to publish all content using an open license?, titulo_alternativo, issn_impreso, issn_electronico, palabras_clave, idiomas, editorial, pais_editorial, Other organisation, Country of other organisation, licencia, atributos_licencia, URL for license terms, cc_legible_maquina, autor_retiene_copyright, Copyright information URL, tipo_revision, Review process information URL, politica_plagio, URL for journal's aims & scope, URL for the Editorial Board page, URL for journal's instructions for authors, semanas_submission_publicacion, tiene_apc, APC information URL, politica_exencion, Waiver policy information URL, tiene_otros_cobros, Other fees information URL, servicios_preservacion, Preservation Service: national library, Preservation information URL, Deposit policy directory, URL for deposit policy, identificadores_persistentes, cumple_oa_doaj, Continues, Continued By, codigos_lcc, subscribe_to_open, Mirror Journal, Open Journals Collective, materias, fecha_incorporacion_doaj, fecha_actualizacion_doaj, Last Full Review Date, num_articulos, fecha_ultimo_articulo, apc_monto, apc_moneda, editorial_rapida"
1909-7778,Revista De Derecho Publico,derecho publico,692,imputado,150.0,True,"apc_monto, apc_moneda","issn_electronic, issn_linking, institucion_editora_2, institucion_editora_3, url_revista, url_doaj, When did the journal start to publish all content using an open license?, titulo_alternativo, issn_impreso, issn_electronico, palabras_clave, idiomas, editorial, pais_editorial, Other organisation, Country of other organisation, licencia, atributos_licencia, URL for license terms, cc_legible_maquina, autor_retiene_copyright, Copyright information URL, tipo_revision, Review process information URL, politica_plagio, URL for journal's aims & scope, URL for the Editorial Board page, URL for journal's instructions for authors, semanas_submission_publicacion, tiene_apc, APC information URL, politica_exencion, Waiver policy information URL, tiene_otros_cobros, Other fees information URL, servicios_preservacion, Preservation Service: national library, Preservation information URL, Deposit policy directory, URL for deposit policy, identificadores_persistentes, cumple_oa_doaj, Continues, Continued By, codigos_lcc, subscribe_to_open, Mirror Journal, Open Journals Collective, materias, fecha_incorporacion_doaj, fecha_actualizacion_doaj, Last Full Review Date, num_articulos, fecha_ultimo_articulo, apc_monto, apc_moneda, editorial_rapida"
1900-771X,"Revista Ingeniería, Investigación Y Desarrollo",ingenieria investigacion desarrollo,693,imputado,150.0,True,"apc_monto, apc_moneda","issn_linking, institucion_editora_2, institucion_editora_3, issn_electronico, Other organisation, Country of other organisation, atributos_licencia, cc_legible_maquina, Waiver policy information URL, Other fees information URL, servicios_preservacion, Preservation Service: national library, Preservation information URL, Deposit policy directory, URL for deposit policy, Continues, Continued By, apc_monto, apc_moneda"
1900-4257,Perspectivas Internacionales,perspectivas internacionales,694,imputado,150.0,True,"apc_monto, apc_moneda","issn_electronic, issn_linking, institucion_editora_2, institucion_editora_3, url_revista, url_doaj, When did the journal start to publish all content using an open license?, titulo_alternativo, issn_impreso, issn_electronico, palabras_clave, idiomas, editorial, pais_editorial, Other organisation, Country of other organisation, licencia, atributos_licencia, URL for license terms, cc_legible_maquina, autor_retiene_copyright, Copyright information URL, tipo_revision, Review process information URL, politica_plagio, URL for journal's aims & scope, URL for the Editorial Board page, URL for journal's instructions for authors, semanas_submission_publicacion, tiene_apc, APC information URL, politica_exencion, Waiver policy information URL, tiene_otros_cobros, Other fees information URL, servicios_preservacion, Preservation Service: national library, Preservation information URL, Deposit policy directory, URL for deposit policy, identificadores_persistentes, cumple_oa_doaj, Continues, Continued By, codigos_lcc, subscribe_to_open, Mirror Journal, Open Journals Collective, materias, fecha_incorporacion_doaj, fecha_actualizacion_doaj, Last Full Review Date, num_articulos, fecha_ultimo_articulo, apc_monto, apc_moneda, editorial_rapida"
2145-5074,Mundo Amazonico,mundo amazonico,695,imputado,150.0,True,"apc_monto, apc_moneda","issn_electronic, issn_linking, institucion_editora_2, institucion_editora_3, titulo_alternativo, Other organisation, Country of other organisation, atributos_licencia, Waiver policy information URL, Preservation Service: national library, URL for deposit policy, identificadores_persistentes, Continues, Continued By, apc_monto, apc_moneda"
0120-6222,Colombia Amazónica,colombia amazonica,696,imputado,150.0,True,"apc_monto, apc_moneda","issn_electronic, issn_linking, codigo_dane, institucion_editora_2, institucion_editora_3, pais_iso, url_revista, url_doaj, When did the journal start to publish all content using an open license?, titulo_alternativo, issn_impreso, issn_electronico, palabras_clave, idiomas, editorial, pais_editorial, Other organisation, Country of other organisation, licencia, atributos_licencia, URL for license terms, cc_legible_maquina, autor_retiene_copyright, Copyright information URL, tipo_revision, Review process information URL, politica_plagio, URL for journal's aims & scope, URL for the Editorial Board page, URL for journal's instructions for authors, semanas_submission_publicacion, tiene_apc, APC information URL, politica_exencion, Waiver policy information URL, tiene_otros_cobros, Other fees information URL, servicios_preservacion, Preservation Service: national library, Preservation information URL, Deposit policy directory, URL for deposit policy, identificadores_persistentes, cumple_oa_doaj, Continues, Continued By, codigos_lcc, subscribe_to_open, Mirror Journal, Open Journals Collective, materias, fecha_incorporacion_doaj, fecha_actualizacion_doaj, Last Full Review Date, num_articulos, fecha_ultimo_articulo, apc_monto, apc_moneda, editorial_rapida"
1657-6799,Revista Jurídica Piélagus,juridica pielagus,697,imputado,150.0,True,"apc_monto, apc_moneda","issn_electronic, issn_linking, institucion_editora_2, institucion_editora_3, titulo_alternativo, Other organisation, Country of other organisation, atributos_licencia, cc_legible_maquina, Waiver policy information URL, Other fees information URL, servicios_preservacion, Preservation Service: national library, Preservation information URL, Deposit policy directory, URL for deposit policy, Continues, Continued By, fecha_ultimo_articulo, apc_monto, apc_moneda"
0122-1213,Prospectiva,prospectiva,698,imputado,150.0,True,"apc_monto, apc_moneda","issn_electronic, issn_linking, institucion_editora_2, institucion_editora_3, titulo_alternativo, Other organisation, Country of other organisation, atributos_licencia, Waiver policy information URL, Other fees information URL, servicios_preservacion, Preservation Service: national library, Preservation information URL, Deposit policy directory, URL for deposit policy, Continues, Continued By, apc_monto, apc_moneda"
1657-7558,Oasis,oasis,699,imputado,150.0,True,"apc_monto, apc_moneda","issn_linking, institucion_editora_2, institucion_editora_3, Other organisation, Country of other organisation, atributos_licencia, Waiver policy information URL, Other fees information URL, Preservation Service: national library, Continues, Continued By, apc_monto, apc_moneda"
0120-5498,Medicina,medicina,700,imputado,150.0,True,"apc_monto, apc_moneda","issn_linking, institucion_editora_2, institucion_editora_3, titulo_alternativo, Country of other organisation, atributos_licencia, cc_legible_maquina, Waiver policy information URL, Other fees information URL, servicios_preservacion, Preservation Service: national library, Preservation information URL, Deposit policy directory, URL for deposit policy, identificadores_persistentes, Continues, Continued By, apc_monto, apc_moneda"
0124-3691,Revista Gastrohnup,gastrohnup,701,imputado,150.0,True,"apc_monto, apc_moneda","issn_electronic, issn_linking, codigo_dane, institucion_editora_2, institucion_editora_3, pais_iso, url_revista, url_doaj, When did the journal start to publish all content using an open license?, titulo_alternativo, issn_impreso, issn_electronico, palabras_clave, idiomas, editorial, pais_editorial, Other organisation, Country of other organisation, licencia, atributos_licencia, URL for license terms, cc_legible_maquina, autor_retiene_copyright, Copyright information URL, tipo_revision, Review process information URL, politica_plagio, URL for journal's aims & scope, URL for the Editorial Board page, URL for journal's instructions for authors, semanas_submission_publicacion, tiene_apc, APC information URL, politica_exencion, Waiver policy information URL, tiene_otros_cobros, Other fees information URL, servicios_preservacion, Preservation Service: national library, Preservation information URL, Deposit policy directory, URL for deposit policy, identificadores_persistentes, cumple_oa_doaj, Continues, Continued By, codigos_lcc, subscribe_to_open, Mirror Journal, Open Journals Collective, materias, fecha_incorporacion_doaj, fecha_actualizacion_doaj, Last Full Review Date, num_articulos, fecha_ultimo_articulo, apc_monto, apc_moneda, editorial_rapida"
0123-8264,Horizontes Pedagógicos,horizontes pedagogicos,702,imputado,150.0,True,"apc_monto, apc_moneda","issn_electronic, issn_linking, institucion_editora_2, institucion_editora_3, titulo_alternativo, Country of other organisation, atributos_licencia, Copyright information URL, Waiver policy information URL, servicios_preservacion, Preservation Service: national library, Preservation information URL, Deposit policy directory, URL for deposit policy, identificadores_persistentes, Continues, Continued By, apc_monto, apc_moneda"
0120-3630,Boletín De Ciencias De La Tierra,boletin ciencias tierra,703,imputado,150.0,True,"apc_monto, apc_moneda","issn_electronic, issn_linking, institucion_editora_2, institucion_editora_3, titulo_alternativo, Other organisation, Country of other organisation, atributos_licencia, cc_legible_maquina, Copyright information URL, Waiver policy information URL, Other fees information URL, servicios_preservacion, Preservation Service: national library, Preservation information URL, URL for deposit policy, identificadores_persistentes, Continues, Continued By, apc_monto, apc_moneda"
1657-3978,Criterio Jurídico,criterio juridico,704,imputado,150.0,True,"apc_monto, apc_moneda","issn_electronic, issn_linking, institucion_editora_2, institucion_editora_3, url_revista, url_doaj, When did the journal start to publish all content using an open license?, titulo_alternativo, issn_impreso, issn_electronico, palabras_clave, idiomas, editorial, pais_editorial, Other organisation, Country of other organisation, licencia, atributos_licencia, URL for license terms, cc_legible_maquina, autor_retiene_copyright, Copyright information URL, tipo_revision, Review process information URL, politica_plagio, URL for journal's aims & scope, URL for the Editorial Board page, URL for journal's instructions for authors, semanas_submission_publicacion, tiene_apc, APC information URL, politica_exencion, Waiver policy information URL, tiene_otros_cobros, Other fees information URL, servicios_preservacion, Preservation Service: national library, Preservation information URL, Deposit policy directory, URL for deposit policy, identificadores_persistentes, cumple_oa_doaj, Continues, Continued By, codigos_lcc, subscribe_to_open, Mirror Journal, Open Journals Collective, materias, fecha_incorporacion_doaj, fecha_actualizacion_doaj, Last Full Review Date, num_articulos, fecha_ultimo_articulo, apc_monto, apc_moneda, editorial_rapida"
2011-3757,Calle14,calle14,705,imputado,150.0,True,"apc_monto, apc_moneda","issn_electronic, issn_linking, institucion_editora_2, institucion_editora_3, Other organisation, Country of other organisation, atributos_licencia, Waiver policy information URL, Other fees information URL, servicios_preservacion, Preservation Service: national library, Preservation information URL, Deposit policy directory, URL for deposit policy, Continues, Continued By, apc_monto, apc_moneda"
0123-4072,Lumina,lumina,706,imputado,150.0,True,"apc_monto, apc_moneda","issn_electronic, issn_linking, institucion_editora_2, institucion_editora_3, url_revista, url_doaj, When did the journal start to publish all content using an open license?, titulo_alternativo, issn_impreso, issn_electronico, palabras_clave, idiomas, editorial, pais_editorial, Other organisation, Country of other organisation, licencia, atributos_licencia, URL for license terms, cc_legible_maquina, autor_retiene_copyright, Copyright information URL, tipo_revision, Review process information URL, politica_plagio, URL for journal's aims & scope, URL for the Editorial Board page, URL for journal's instructions for authors, semanas_submission_publicacion, tiene_apc, APC information URL, politica_exencion, Waiver policy information URL, tiene_otros_cobros, Other fees information URL, servicios_preservacion, Preservation Service: national library, Preservation information URL, Deposit policy directory, URL for deposit policy, identificadores_persistentes, cumple_oa_doaj, Continues, Continued By, codigos_lcc, subscribe_to_open, Mirror Journal, Open Journals Collective, materias, fecha_incorporacion_doaj, fecha_actualizacion_doaj, Last Full Review Date, num_articulos, fecha_ultimo_articulo, apc_monto, apc_moneda, editorial_rapida"
2215-8812,Textos Y Sentidos,textos sentidos,707,imputado,150.0,True,"apc_monto, apc_moneda","issn_electronic, issn_linking, institucion_editora_2, institucion_editora_3, url_revista, url_doaj, When did the journal start to publish all content using an open license?, titulo_alternativo, issn_impreso, issn_electronico, palabras_clave, idiomas, editorial, pais_editorial, Other organisation, Country of other organisation, licencia, atributos_licencia, URL for license terms, cc_legible_maquina, autor_retiene_copyright, Copyright information URL, tipo_revision, Review process information URL, politica_plagio, URL for journal's aims & scope, URL for the Editorial Board page, URL for journal's instructions for authors, semanas_submission_publicacion, tiene_apc, APC information URL, politica_exencion, Waiver policy information URL, tiene_otros_cobros, Other fees information URL, servicios_preservacion, Preservation Service: national library, Preservation information URL, Deposit policy directory, URL for deposit policy, identificadores_persistentes, cumple_oa_doaj, Continues, Continued By, codigos_lcc, subscribe_to_open, Mirror Journal, Open Journals Collective, materias, fecha_incorporacion_doaj, fecha_actualizacion_doaj, Last Full Review Date, num_articulos, fecha_ultimo_articulo, apc_monto, apc_moneda, editorial_rapida"
2145-9282,Ingenio Magno,ingenio magno,708,imputado,150.0,True,"apc_monto, apc_moneda","issn_linking, institucion_editora_2, institucion_editora_3, titulo_alternativo, issn_electronico, Country of other organisation, atributos_licencia, cc_legible_maquina, Waiver policy information URL, Other fees information URL, servicios_preservacion, Preservation Service: national library, Preservation information URL, Deposit policy directory, URL for deposit policy, identificadores_persistentes, Continues, Continued By, apc_monto, apc_moneda"
0120-131X,Cuestiones Teológicas Y Filosóficas,cuestiones teologicas filosoficas,709,imputado,150.0,True,"apc_monto, apc_moneda","issn_electronic, issn_linking, institucion_editora_2, institucion_editora_3, titulo_alternativo, Country of other organisation, atributos_licencia, cc_legible_maquina, Waiver policy information URL, servicios_preservacion, Preservation Service: national library, Preservation information URL, Deposit policy directory, URL for deposit policy, identificadores_persistentes, Continues, Continued By, apc_monto, apc_moneda"
1692-8156,International Law : Revista Colombiana De Derecho Internacional,law colombiana derecho internacional,710,imputado,150.0,True,"apc_monto, apc_moneda","issn_linking, institucion_editora_2, institucion_editora_3, url_revista, url_doaj, When did the journal start to publish all content using an open license?, titulo_alternativo, issn_impreso, issn_electronico, palabras_clave, idiomas, editorial, pais_editorial, Other organisation, Country of other organisation, licencia, atributos_licencia, URL for license terms, cc_legible_maquina, autor_retiene_copyright, Copyright information URL, tipo_revision, Review process information URL, politica_plagio, URL for journal's aims & scope, URL for the Editorial Board page, URL for journal's instructions for authors, semanas_submission_publicacion, tiene_apc, APC information URL, politica_exencion, Waiver policy information URL, tiene_otros_cobros, Other fees information URL, servicios_preservacion, Preservation Service: national library, Preservation information URL, Deposit policy directory, URL for deposit policy, identificadores_persistentes, cumple_oa_doaj, Continues, Continued By, codigos_lcc, subscribe_to_open, Mirror Journal, Open Journals Collective, materias, fecha_incorporacion_doaj, fecha_actualizacion_doaj, Last Full Review Date, num_articulos, fecha_ultimo_articulo, apc_monto, apc_moneda, editorial_rapida"
0123-4471,Revista Del Departamento De Antropología Y Sociología Facultad De Ciencias Jurídicas Y Sociales,departamento antropologia sociologia facultad ciencias juridicas sociales,711,imputado,150.0,True,"apc_monto, apc_moneda","issn_electronic, issn_linking, institucion_editora_2, institucion_editora_3, titulo_alternativo, Other organisation, Country of other organisation, atributos_licencia, Waiver policy information URL, Other fees information URL, servicios_preservacion, Preservation Service: national library, Preservation information URL, Deposit policy directory, URL for deposit policy, Continues, Continued By, apc_monto, apc_moneda"
1794-7030,Hojas Y Hablas,hojas hablas,712,imputado,150.0,True,"apc_monto, apc_moneda","issn_electronic, issn_linking, institucion_editora_2, institucion_editora_3, url_revista, url_doaj, When did the journal start to publish all content using an open license?, titulo_alternativo, issn_impreso, issn_electronico, palabras_clave, idiomas, editorial, pais_editorial, Other organisation, Country of other organisation, licencia, atributos_licencia, URL for license terms, cc_legible_maquina, autor_retiene_copyright, Copyright information URL, tipo_revision, Review process information URL, politica_plagio, URL for journal's aims & scope, URL for the Editorial Board page, URL for journal's instructions for authors, semanas_submission_publicacion, tiene_apc, APC information URL, politica_exencion, Waiver policy information URL, tiene_otros_cobros, Other fees information URL, servicios_preservacion, Preservation Service: national library, Preservation information URL, Deposit policy directory, URL for deposit policy, identificadores_persistentes, cumple_oa_doaj, Continues, Continued By, codigos_lcc, subscribe_to_open, Mirror Journal, Open Journals Collective, materias, fecha_incorporacion_doaj, fecha_actualizacion_doaj, Last Full Review Date, num_articulos, fecha_ultimo_articulo, apc_monto, apc_moneda, editorial_rapida"
1909-2407,"Revista Salud, Historia Y Sanidad On-Line",salud historia sanidad line,713,imputado,150.0,True,"apc_monto, apc_moneda","issn_electronic, issn_linking, institucion_editora_3, url_revista, url_doaj, When did the journal start to publish all content using an open license?, titulo_alternativo, issn_impreso, issn_electronico, palabras_clave, idiomas, editorial, pais_editorial, Other organisation, Country of other organisation, licencia, atributos_licencia, URL for license terms, cc_legible_maquina, autor_retiene_copyright, Copyright information URL, tipo_revision, Review process information URL, politica_plagio, URL for journal's aims & scope, URL for the Editorial Board page, URL for journal's instructions for authors, semanas_submission_publicacion, tiene_apc, APC information URL, politica_exencion, Waiver policy information URL, tiene_otros_cobros, Other fees information URL, servicios_preservacion, Preservation Service: national library, Preservation information URL, Deposit policy directory, URL for deposit policy, identificadores_persistentes, cumple_oa_doaj, Continues, Continued By, codigos_lcc, subscribe_to_open, Mirror Journal, Open Journals Collective, materias, fecha_incorporacion_doaj, fecha_actualizacion_doaj, Last Full Review Date, num_articulos, fecha_ultimo_articulo, apc_monto, apc_moneda, editorial_rapida"
0121-2923,Palmas,palmas,714,imputado,200.0,True,"apc_monto, apc_moneda","issn_electronic, issn_linking, codigo_dane, institucion_editora_2, institucion_editora_3, pais_iso, url_revista, url_doaj, When did the journal start to publish all content using an open license?, titulo_alternativo, issn_impreso, issn_electronico, palabras_clave, idiomas, editorial, pais_editorial, Other organisation, Country of other organisation, licencia, atributos_licencia, URL for license terms, cc_legible_maquina, autor_retiene_copyright, Copyright information URL, tipo_revision, Review process information URL, politica_plagio, URL for journal's aims & scope, URL for the Editorial Board page, URL for journal's instructions for authors, semanas_submission_publicacion, tiene_apc, APC information URL, politica_exencion, Waiver policy information URL, tiene_otros_cobros, Other fees information URL, servicios_preservacion, Preservation Service: national library, Preservation information URL, Deposit policy directory, URL for deposit policy, identificadores_persistentes, cumple_oa_doaj, Continues, Continued By, codigos_lcc, subscribe_to_open, Mirror Journal, Open Journals Collective, materias, fecha_incorporacion_doaj, fecha_actualizacion_doaj, Last Full Review Date, num_articulos, fecha_ultimo_articulo, apc_monto, apc_moneda, editorial_rapida"
2248-7441,Revista Antioqueña De Las Ciencias Computacionales Y La Ingeniería De Software (Raccis),antioquena ciencias computacionales ingenieria software raccis,715,imputado,150.0,True,"apc_monto, apc_moneda","issn_electronic, issn_linking, institucion_editora_2, institucion_editora_3, url_revista, url_doaj, When did the journal start to publish all content using an open license?, titulo_alternativo, issn_impreso, issn_electronico, palabras_clave, idiomas, editorial, pais_editorial, Other organisation, Country of other organisation, licencia, atributos_licencia, URL for license terms, cc_legible_maquina, autor_retiene_copyright, Copyright information URL, tipo_revision, Review process information URL, politica_plagio, URL for journal's aims & scope, URL for the Editorial Board page, URL for journal's instructions for authors, semanas_submission_publicacion, tiene_apc, APC information URL, politica_exencion, Waiver policy information URL, tiene_otros_cobros, Other fees information URL, servicios_preservacion, Preservation Service: national library, Preservation information URL, Deposit policy directory, URL for deposit policy, identificadores_persistentes, cumple_oa_doaj, Continues, Continued By, codigos_lcc, subscribe_to_open, Mirror Journal, Open Journals Collective, materias, fecha_incorporacion_doaj, fecha_actualizacion_doaj, Last Full Review Date, num_articulos, fecha_ultimo_articulo, apc_monto, apc_moneda, editorial_rapida"
1794-161X,Revista Intropica,intropica,716,imputado,150.0,True,"apc_monto, apc_moneda","issn_linking, institucion_editora_2, institucion_editora_3, titulo_alternativo, Country of other organisation, atributos_licencia, Copyright information URL, Waiver policy information URL, servicios_preservacion, Preservation Service: national library, Preservation information URL, URL for deposit policy, identificadores_persistentes, Continues, Continued By, apc_monto, apc_moneda"
0124-0102,Advocatus,advocatus,717,imputado,150.0,True,"apc_monto, apc_moneda","issn_linking, institucion_editora_2, institucion_editora_3, titulo_alternativo, Country of other organisation, atributos_licencia, cc_legible_maquina, Copyright information URL, Waiver policy information URL, Other fees information URL, servicios_preservacion, Preservation Service: national library, Preservation information URL, Deposit policy directory, URL for deposit policy, identificadores_persistentes, Continues, Continued By, apc_monto, apc_moneda"
2145-0935,Revista Inge@Uan,inge uan,718,imputado,150.0,True,"apc_monto, apc_moneda","issn_electronic, issn_linking, institucion_editora_2, institucion_editora_3, url_revista, url_doaj, When did the journal start to publish all content using an open license?, titulo_alternativo, issn_impreso, issn_electronico, palabras_clave, idiomas, editorial, pais_editorial, Other organisation, Country of other organisation, licencia, atributos_licencia, URL for license terms, cc_legible_maquina, autor_retiene_copyright, Copyright information URL, tipo_revision, Review process information URL, politica_plagio, URL for journal's aims & scope, URL for the Editorial Board page, URL for journal's instructions for authors, semanas_submission_publicacion, tiene_apc, APC information URL, politica_exencion, Waiver policy information URL, tiene_otros_cobros, Other fees information URL, servicios_preservacion, Preservation Service: national library, Preservation information URL, Deposit policy directory, URL for deposit policy, identificadores_persistentes, cumple_oa_doaj, Continues, Continued By, codigos_lcc, subscribe_to_open, Mirror Journal, Open Journals Collective, materias, fecha_incorporacion_doaj, fecha_actualizacion_doaj, Last Full Review Date, num_articulos, fecha_ultimo_articulo, apc_monto, apc_moneda, editorial_rapida"
0120-4874,Medicina Upb,medicina upb,719,imputado,150.0,True,"apc_monto, apc_moneda","issn_linking, institucion_editora_2, institucion_editora_3, url_revista, url_doaj, When did the journal start to publish all content using an open license?, titulo_alternativo, issn_impreso, issn_electronico, palabras_clave, idiomas, editorial, pais_editorial, Other organisation, Country of other organisation, licencia, atributos_licencia, URL for license terms, cc_legible_maquina, autor_retiene_copyright, Copyright information URL, tipo_revision, Review process information URL, politica_plagio, URL for journal's aims & scope, URL for the Editorial Board page, URL for journal's instructions for authors, semanas_submission_publicacion, tiene_apc, APC information URL, politica_exencion, Waiver policy information URL, tiene_otros_cobros, Other fees information URL, servicios_preservacion, Preservation Service: national library, Preservation information URL, Deposit policy directory, URL for deposit policy, identificadores_persistentes, cumple_oa_doaj, Continues, Continued By, codigos_lcc, subscribe_to_open, Mirror Journal, Open Journals Collective, materias, fecha_incorporacion_doaj, fecha_actualizacion_doaj, Last Full Review Date, num_articulos, fecha_ultimo_articulo, apc_monto, apc_moneda, editorial_rapida"
1909-7794,Revista De Derecho Privado,derecho privado,720,imputado,150.0,True,"apc_monto, apc_moneda","issn_electronic, issn_linking, codigo_dane, institucion_editora_2, institucion_editora_3, pais_iso, url_revista, url_doaj, When did the journal start to publish all content using an open license?, titulo_alternativo, issn_impreso, issn_electronico, palabras_clave, idiomas, editorial, pais_editorial, Other organisation, Country of other organisation, licencia, atributos_licencia, URL for license terms, cc_legible_maquina, autor_retiene_copyright, Copyright information URL, tipo_revision, Review process information URL, politica_plagio, URL for journal's aims & scope, URL for the Editorial Board page, URL for journal's instructions for authors, semanas_submission_publicacion, tiene_apc, APC information URL, politica_exencion, Waiver policy information URL, tiene_otros_cobros, Other fees information URL, servicios_preservacion, Preservation Service: national library, Preservation information URL, Deposit policy directory, URL for deposit policy, identificadores_persistentes, cumple_oa_doaj, Continues, Continued By, codigos_lcc, subscribe_to_open, Mirror Journal, Open Journals Collective, materias, fecha_incorporacion_doaj, fecha_actualizacion_doaj, Last Full Review Date, num_articulos, fecha_ultimo_articulo, apc_monto, apc_moneda, editorial_rapida"
0123-8574,Asfaltos Y Pavimentos,asfaltos pavimentos,721,imputado,150.0,True,"apc_monto, apc_moneda","issn_electronic, issn_linking, institucion_editora_2, institucion_editora_3, url_revista, url_doaj, When did the journal start to publish all content using an open license?, titulo_alternativo, issn_impreso, issn_electronico, palabras_clave, idiomas, editorial, pais_editorial, Other organisation, Country of other organisation, licencia, atributos_licencia, URL for license terms, cc_legible_maquina, autor_retiene_copyright, Copyright information URL, tipo_revision, Review process information URL, politica_plagio, URL for journal's aims & scope, URL for the Editorial Board page, URL for journal's instructions for authors, semanas_submission_publicacion, tiene_apc, APC information URL, politica_exencion, Waiver policy information URL, tiene_otros_cobros, Other fees information URL, servicios_preservacion, Preservation Service: national library, Preservation information URL, Deposit policy directory, URL for deposit policy, identificadores_persistentes, cumple_oa_doaj, Continues, Continued By, codigos_lcc, subscribe_to_open, Mirror Journal, Open Journals Collective, materias, fecha_incorporacion_doaj, fecha_actualizacion_doaj, Last Full Review Date, num_articulos, fecha_ultimo_articulo, apc_monto, apc_moneda, editorial_rapida"
2027-3355,Comunicaciones En Estadística,comunicaciones estadistica,722,imputado,150.0,True,"apc_monto, apc_moneda","issn_electronic, issn_linking, institucion_editora_2, institucion_editora_3, url_revista, url_doaj, When did the journal start to publish all content using an open license?, titulo_alternativo, issn_impreso, issn_electronico, palabras_clave, idiomas, editorial, pais_editorial, Other organisation, Country of other organisation, licencia, atributos_licencia, URL for license terms, cc_legible_maquina, autor_retiene_copyright, Copyright information URL, tipo_revision, Review process information URL, politica_plagio, URL for journal's aims & scope, URL for the Editorial Board page, URL for journal's instructions for authors, semanas_submission_publicacion, tiene_apc, APC information URL, politica_exencion, Waiver policy information URL, tiene_otros_cobros, Other fees information URL, servicios_preservacion, Preservation Service: national library, Preservation information URL, Deposit policy directory, URL for deposit policy, identificadores_persistentes, cumple_oa_doaj, Continues, Continued By, codigos_lcc, subscribe_to_open, Mirror Journal, Open Journals Collective, materias, fecha_incorporacion_doaj, fecha_actualizacion_doaj, Last Full Review Date, num_articulos, fecha_ultimo_articulo, apc_monto, apc_moneda, editorial_rapida"
0121-067X,Revista De Investigaciones,investigaciones,723,imputado,150.0,True,"apc_monto, apc_moneda","issn_electronic, issn_linking, institucion_editora_2, institucion_editora_3, url_revista, url_doaj, When did the journal start to publish all content using an open license?, titulo_alternativo, issn_impreso, issn_electronico, palabras_clave, idiomas, editorial, pais_editorial, Other organisation, Country of other organisation, licencia, atributos_licencia, URL for license terms, cc_legible_maquina, autor_retiene_copyright, Copyright information URL, tipo_revision, Review process information URL, politica_plagio, URL for journal's aims & scope, URL for the Editorial Board page, URL for journal's instructions for authors, semanas_submission_publicacion, tiene_apc, APC information URL, politica_exencion, Waiver policy information URL, tiene_otros_cobros, Other fees information URL, servicios_preservacion, Preservation Service: national library, Preservation information URL, Deposit policy directory, URL for deposit policy, identificadores_persistentes, cumple_oa_doaj, Continues, Continued By, codigos_lcc, subscribe_to_open, Mirror Journal, Open Journals Collective, materias, fecha_incorporacion_doaj, fecha_actualizacion_doaj, Last Full Review Date, num_articulos, fecha_ultimo_articulo, apc_monto, apc_moneda, editorial_rapida"
1692-9403,Iustitia,iustitia,724,imputado,150.0,True,"apc_monto, apc_moneda","issn_electronic, issn_linking, institucion_editora_2, institucion_editora_3, url_revista, url_doaj, When did the journal start to publish all content using an open license?, titulo_alternativo, issn_impreso, issn_electronico, palabras_clave, idiomas, editorial, pais_editorial, Other organisation, Country of other organisation, licencia, atributos_licencia, URL for license terms, cc_legible_maquina, autor_retiene_copyright, Copyright information URL, tipo_revision, Review process information URL, politica_plagio, URL for journal's aims & scope, URL for the Editorial Board page, URL for journal's instructions for authors, semanas_submission_publicacion, tiene_apc, APC information URL, politica_exencion, Waiver policy information URL, tiene_otros_cobros, Other fees information URL, servicios_preservacion, Preservation Service: national library, Preservation information URL, Deposit policy directory, URL for deposit policy, identificadores_persistentes, cumple_oa_doaj, Continues, Continued By, codigos_lcc, subscribe_to_open, Mirror Journal, Open Journals Collective, materias, fecha_incorporacion_doaj, fecha_actualizacion_doaj, Last Full Review Date, num_articulos, fecha_ultimo_articulo, apc_monto, apc_moneda, editorial_rapida"
0120-1867,Estudios De Derecho,estudios derecho,725,imputado,150.0,True,"apc_monto, apc_moneda","issn_electronic, issn_linking, institucion_editora_2, institucion_editora_3, titulo_alternativo, Other organisation, Country of other organisation, atributos_licencia, Waiver policy information URL, servicios_preservacion, Preservation Service: national library, Preservation information URL, Deposit policy directory, URL for deposit policy, identificadores_persistentes, Continues, Continued By, apc_monto, apc_moneda"
1692-6250,Grafía. Cuaderno De Trabajo De Los Profesores De La Facultad De Ciencias Humanas Universidad Autónoma De Colombia,grafia cuaderno trabajo profesores facultad ciencias humanas universidad autonoma colombia,726,imputado,150.0,True,"apc_monto, apc_moneda","issn_linking, institucion_editora_2, institucion_editora_3, issn_electronico, Country of other organisation, atributos_licencia, cc_legible_maquina, Waiver policy information URL, Other fees information URL, servicios_preservacion, Preservation Service: national library, Preservation information URL, Deposit policy directory, URL for deposit policy, identificadores_persistentes, Continues, Continued By, apc_monto, apc_moneda"
1657-723X,Audiología Hoy,audiologia hoy,727,imputado,150.0,True,"apc_monto, apc_moneda","issn_electronic, issn_linking, institucion_editora_2, institucion_editora_3, url_revista, url_doaj, When did the journal start to publish all content using an open license?, titulo_alternativo, issn_impreso, issn_electronico, palabras_clave, idiomas, editorial, pais_editorial, Other organisation, Country of other organisation, licencia, atributos_licencia, URL for license terms, cc_legible_maquina, autor_retiene_copyright, Copyright information URL, tipo_revision, Review process information URL, politica_plagio, URL for journal's aims & scope, URL for the Editorial Board page, URL for journal's instructions for authors, semanas_submission_publicacion, tiene_apc, APC information URL, politica_exencion, Waiver policy information URL, tiene_otros_cobros, Other fees information URL, servicios_preservacion, Preservation Service: national library, Preservation information URL, Deposit policy directory, URL for deposit policy, identificadores_persistentes, cumple_oa_doaj, Continues, Continued By, codigos_lcc, subscribe_to_open, Mirror Journal, Open Journals Collective, materias, fecha_incorporacion_doaj, fecha_actualizacion_doaj, Last Full Review Date, num_articulos, fecha_ultimo_articulo, apc_monto, apc_moneda, editorial_rapida"
1692-6226,Temas,temas,728,imputado,150.0,True,"apc_monto, apc_moneda","issn_electronic, issn_linking, institucion_editora_2, institucion_editora_3, url_revista, url_doaj, When did the journal start to publish all content using an open license?, titulo_alternativo, issn_impreso, issn_electronico, palabras_clave, idiomas, editorial, pais_editorial, Other organisation, Country of other organisation, licencia, atributos_licencia, URL for license terms, cc_legible_maquina, autor_retiene_copyright, Copyright information URL, tipo_revision, Review process information URL, politica_plagio, URL for journal's aims & scope, URL for the Editorial Board page, URL for journal's instructions for authors, semanas_submission_publicacion, tiene_apc, APC information URL, politica_exencion, Waiver policy information URL, tiene_otros_cobros, Other fees information URL, servicios_preservacion, Preservation Service: national library, Preservation information URL, Deposit policy directory, URL for deposit policy, identificadores_persistentes, cumple_oa_doaj, Continues, Continued By, codigos_lcc, subscribe_to_open, Mirror Journal, Open Journals Collective, materias, fecha_incorporacion_doaj, fecha_actualizacion_doaj, Last Full Review Date, num_articulos, fecha_ultimo_articulo, apc_monto, apc_moneda, editorial_rapida"
0121-5426,Revista Colombiana De Neumología,colombiana neumologia,729,imputado,150.0,True,"apc_monto, apc_moneda","issn_electronic, issn_linking, institucion_editora_2, institucion_editora_3, url_revista, url_doaj, When did the journal start to publish all content using an open license?, titulo_alternativo, issn_impreso, issn_electronico, palabras_clave, idiomas, editorial, pais_editorial, Other organisation, Country of other organisation, licencia, atributos_licencia, URL for license terms, cc_legible_maquina, autor_retiene_copyright, Copyright information URL, tipo_revision, Review process information URL, politica_plagio, URL for journal's aims & scope, URL for the Editorial Board page, URL for journal's instructions for authors, semanas_submission_publicacion, tiene_apc, APC information URL, politica_exencion, Waiver policy information URL, tiene_otros_cobros, Other fees information URL, servicios_preservacion, Preservation Service: national library, Preservation information URL, Deposit policy directory, URL for deposit policy, identificadores_persistentes, cumple_oa_doaj, Continues, Continued By, codigos_lcc, subscribe_to_open, Mirror Journal, Open Journals Collective, materias, fecha_incorporacion_doaj, fecha_actualizacion_doaj, Last Full Review Date, num_articulos, fecha_ultimo_articulo, apc_monto, apc_moneda, editorial_rapida"
2011-0472,Quaestiones Disputatae,quaestiones disputatae,730,imputado,150.0,True,"apc_monto, apc_moneda","issn_linking, institucion_editora_2, institucion_editora_3, url_revista, url_doaj, When did the journal start to publish all content using an open license?, titulo_alternativo, issn_impreso, issn_electronico, palabras_clave, idiomas, editorial, pais_editorial, Other organisation, Country of other organisation, licencia, atributos_licencia, URL for license terms, cc_legible_maquina, autor_retiene_copyright, Copyright information URL, tipo_revision, Review process information URL, politica_plagio, URL for journal's aims & scope, URL for the Editorial Board page, URL for journal's instructions for authors, semanas_submission_publicacion, tiene_apc, APC information URL, politica_exencion, Waiver policy information URL, tiene_otros_cobros, Other fees information URL, servicios_preservacion, Preservation Service: national library, Preservation information URL, Deposit policy directory, URL for deposit policy, identificadores_persistentes, cumple_oa_doaj, Continues, Continued By, codigos_lcc, subscribe_to_open, Mirror Journal, Open Journals Collective, materias, fecha_incorporacion_doaj, fecha_actualizacion_doaj, Last Full Review Date, num_articulos, fecha_ultimo_articulo, apc_monto, apc_moneda, editorial_rapida"
1900-6608,Publicaciones E Investigación,publicaciones e investigacion,731,imputado,150.0,True,"apc_monto, apc_moneda","issn_electronic, issn_linking, institucion_editora_2, institucion_editora_3, titulo_alternativo, Other organisation, Country of other organisation, atributos_licencia, cc_legible_maquina, Waiver policy information URL, Other fees information URL, servicios_preservacion, Preservation Service: national library, Preservation information URL, Deposit policy directory, URL for deposit policy, Continues, Continued By, apc_monto, apc_moneda"
1657-3986,Desde El Jardín De Freud,desde jardin freud,732,imputado,150.0,True,"apc_monto, apc_moneda","issn_linking, institucion_editora_2, institucion_editora_3, Other organisation, Country of other organisation, atributos_licencia, Waiver policy information URL, Other fees information URL, servicios_preservacion, Preservation Service: national library, Preservation information URL, Deposit policy directory, URL for deposit policy, Continues, Continued By, apc_monto, apc_moneda"
0120-7180,Cooperativismo & Desarrollo,cooperativismo desarrollo,733,imputado,150.0,True,"apc_monto, apc_moneda","issn_electronic, issn_linking, institucion_editora_2, institucion_editora_3, Country of other organisation, atributos_licencia, Copyright information URL, Waiver policy information URL, Other fees information URL, Preservation Service: national library, Deposit policy directory, URL for deposit policy, Continues, Continued By, fecha_ultimo_articulo, apc_monto, apc_moneda"
0122-4328,Nodos Y Nudos,nodos nudos,734,imputado,150.0,True,"apc_monto, apc_moneda","issn_electronic, issn_linking, institucion_editora_2, institucion_editora_3, url_revista, url_doaj, When did the journal start to publish all content using an open license?, titulo_alternativo, issn_impreso, issn_electronico, palabras_clave, idiomas, editorial, pais_editorial, Other organisation, Country of other organisation, licencia, atributos_licencia, URL for license terms, cc_legible_maquina, autor_retiene_copyright, Copyright information URL, tipo_revision, Review process information URL, politica_plagio, URL for journal's aims & scope, URL for the Editorial Board page, URL for journal's instructions for authors, semanas_submission_publicacion, tiene_apc, APC information URL, politica_exencion, Waiver policy information URL, tiene_otros_cobros, Other fees information URL, servicios_preservacion, Preservation Service: national library, Preservation information URL, Deposit policy directory, URL for deposit policy, identificadores_persistentes, cumple_oa_doaj, Continues, Continued By, codigos_lcc, subscribe_to_open, Mirror Journal, Open Journals Collective, materias, fecha_incorporacion_doaj, fecha_actualizacion_doaj, Last Full Review Date, num_articulos, fecha_ultimo_articulo, apc_monto, apc_moneda, editorial_rapida"
2011-642X,Revista Ingenio Ufpso,ingenio ufpso,735,imputado,150.0,True,"apc_monto, apc_moneda","issn_electronic, issn_linking, institucion_editora_2, institucion_editora_3, titulo_alternativo, Other organisation, Country of other organisation, atributos_licencia, Waiver policy information URL, Other fees information URL, Preservation Service: national library, Deposit policy directory, URL for deposit policy, Continues, Continued By, apc_monto, apc_moneda"
0122-9729,Tendencias & Retos,tendencias retos,736,imputado,150.0,True,"apc_monto, apc_moneda","issn_electronic, issn_linking, institucion_editora_2, institucion_editora_3, url_revista, url_doaj, When did the journal start to publish all content using an open license?, titulo_alternativo, issn_impreso, issn_electronico, palabras_clave, idiomas, editorial, pais_editorial, Other organisation, Country of other organisation, licencia, atributos_licencia, URL for license terms, cc_legible_maquina, autor_retiene_copyright, Copyright information URL, tipo_revision, Review process information URL, politica_plagio, URL for journal's aims & scope, URL for the Editorial Board page, URL for journal's instructions for authors, semanas_submission_publicacion, tiene_apc, APC information URL, politica_exencion, Waiver policy information URL, tiene_otros_cobros, Other fees information URL, servicios_preservacion, Preservation Service: national library, Preservation information URL, Deposit policy directory, URL for deposit policy, identificadores_persistentes, cumple_oa_doaj, Continues, Continued By, codigos_lcc, subscribe_to_open, Mirror Journal, Open Journals Collective, materias, fecha_incorporacion_doaj, fecha_actualizacion_doaj, Last Full Review Date, num_articulos, fecha_ultimo_articulo, apc_monto, apc_moneda, editorial_rapida"
2248-762X,Redes De Ingenieria,redes ingenieria,737,imputado,150.0,True,"apc_monto, apc_moneda","issn_electronic, issn_linking, institucion_editora_2, institucion_editora_3, titulo_alternativo, issn_impreso, Country of other organisation, atributos_licencia, Copyright information URL, Waiver policy information URL, servicios_preservacion, Preservation Service: national library, Preservation information URL, Deposit policy directory, URL for deposit policy, identificadores_persistentes, Continues, Continued By, apc_monto, apc_moneda"
2322-9721,Latin American Journal Of Content & Language Integrated Learning,latin american content language integrated learning,738,imputado,150.0,True,"apc_monto, apc_moneda","issn_linking, institucion_editora_2, institucion_editora_3, url_revista, url_doaj, When did the journal start to publish all content using an open license?, titulo_alternativo, issn_impreso, issn_electronico, palabras_clave, idiomas, editorial, pais_editorial, Other organisation, Country of other organisation, licencia, atributos_licencia, URL for license terms, cc_legible_maquina, autor_retiene_copyright, Copyright information URL, tipo_revision, Review process information URL, politica_plagio, URL for journal's aims & scope, URL for the Editorial Board page, URL for journal's instructions for authors, semanas_submission_publicacion, tiene_apc, APC information URL, politica_exencion, Waiver policy information URL, tiene_otros_cobros, Other fees information URL, servicios_preservacion, Preservation Service: national library, Preservation information URL, Deposit policy directory, URL for deposit policy, identificadores_persistentes, cumple_oa_doaj, Continues, Continued By, codigos_lcc, subscribe_to_open, Mirror Journal, Open Journals Collective, materias, fecha_incorporacion_doaj, fecha_actualizacion_doaj, Last Full Review Date, num_articulos, fecha_ultimo_articulo, apc_monto, apc_moneda, editorial_rapida"
0120-8748,Acta Neurológica Colombiana,acta neurologica colombiana,739,imputado,150.0,True,"apc_monto, apc_moneda","issn_electronic, issn_linking, institucion_editora_2, institucion_editora_3, titulo_alternativo, Other organisation, Country of other organisation, atributos_licencia, Waiver policy information URL, Other fees information URL, servicios_preservacion, Preservation Service: national library, Preservation information URL, Deposit policy directory, URL for deposit policy, Continues, Continued By, apc_monto, apc_moneda"
0120-0143,Fitopatologia Colombiana,fitopatologia colombiana,740,imputado,200.0,True,"apc_monto, apc_moneda","issn_electronic, issn_linking, institucion_editora_2, institucion_editora_3, url_revista, url_doaj, When did the journal start to publish all content using an open license?, titulo_alternativo, issn_impreso, issn_electronico, palabras_clave, idiomas, editorial, pais_editorial, Other organisation, Country of other organisation, licencia, atributos_licencia, URL for license terms, cc_legible_maquina, autor_retiene_copyright, Copyright information URL, tipo_revision, Review process information URL, politica_plagio, URL for journal's aims & scope, URL for the Editorial Board page, URL for journal's instructions for authors, semanas_submission_publicacion, tiene_apc, APC information URL, politica_exencion, Waiver policy information URL, tiene_otros_cobros, Other fees information URL, servicios_preservacion, Preservation Service: national library, Preservation information URL, Deposit policy directory, URL for deposit policy, identificadores_persistentes, cumple_oa_doaj, Continues, Continued By, codigos_lcc, subscribe_to_open, Mirror Journal, Open Journals Collective, materias, fecha_incorporacion_doaj, fecha_actualizacion_doaj, Last Full Review Date, num_articulos, fecha_ultimo_articulo, apc_monto, apc_moneda, editorial_rapida"
0562-5351,Suelos Ecuatoriales,suelos ecuatoriales,741,imputado,200.0,True,"apc_monto, apc_moneda","issn_electronic, issn_linking, institucion_editora_2, institucion_editora_3, url_revista, url_doaj, When did the journal start to publish all content using an open license?, titulo_alternativo, issn_impreso, issn_electronico, palabras_clave, idiomas, editorial, pais_editorial, Other organisation, Country of other organisation, licencia, atributos_licencia, URL for license terms, cc_legible_maquina, autor_retiene_copyright, Copyright information URL, tipo_revision, Review process information URL, politica_plagio, URL for journal's aims & scope, URL for the Editorial Board page, URL for journal's instructions for authors, semanas_submission_publicacion, tiene_apc, APC information URL, politica_exencion, Waiver policy information URL, tiene_otros_cobros, Other fees information URL, servicios_preservacion, Preservation Service: national library, Preservation information URL, Deposit policy directory, URL for deposit policy, identificadores_persistentes, cumple_oa_doaj, Continues, Continued By, codigos_lcc, subscribe_to_open, Mirror Journal, Open Journals Collective, materias, fecha_incorporacion_doaj, fecha_actualizacion_doaj, Last Full Review Date, num_articulos, fecha_ultimo_articulo, apc_monto, apc_moneda, editorial_rapida"
1692-5106,Revista Ustasalud Odontología,ustasalud odontologia,742,imputado,150.0,True,"apc_monto, apc_moneda","issn_electronic, issn_linking, institucion_editora_2, institucion_editora_3, url_revista, url_doaj, When did the journal start to publish all content using an open license?, titulo_alternativo, issn_impreso, issn_electronico, palabras_clave, idiomas, editorial, pais_editorial, Other organisation, Country of other organisation, licencia, atributos_licencia, URL for license terms, cc_legible_maquina, autor_retiene_copyright, Copyright information URL, tipo_revision, Review process information URL, politica_plagio, URL for journal's aims & scope, URL for the Editorial Board page, URL for journal's instructions for authors, semanas_submission_publicacion, tiene_apc, APC information URL, politica_exencion, Waiver policy information URL, tiene_otros_cobros, Other fees information URL, servicios_preservacion, Preservation Service: national library, Preservation information URL, Deposit policy directory, URL for deposit policy, identificadores_persistentes, cumple_oa_doaj, Continues, Continued By, codigos_lcc, subscribe_to_open, Mirror Journal, Open Journals Collective, materias, fecha_incorporacion_doaj, fecha_actualizacion_doaj, Last Full Review Date, num_articulos, fecha_ultimo_articulo, apc_monto, apc_moneda, editorial_rapida"
1692-8989,Economía & Región,economia region,743,imputado,150.0,True,"apc_monto, apc_moneda","issn_electronic, issn_linking, institucion_editora_2, institucion_editora_3, url_revista, url_doaj, When did the journal start to publish all content using an open license?, titulo_alternativo, issn_impreso, issn_electronico, palabras_clave, idiomas, editorial, pais_editorial, Other organisation, Country of other organisation, licencia, atributos_licencia, URL for license terms, cc_legible_maquina, autor_retiene_copyright, Copyright information URL, tipo_revision, Review process information URL, politica_plagio, URL for journal's aims & scope, URL for the Editorial Board page, URL for journal's instructions for authors, semanas_submission_publicacion, tiene_apc, APC information URL, politica_exencion, Waiver policy information URL, tiene_otros_cobros, Other fees information URL, servicios_preservacion, Preservation Service: national library, Preservation information URL, Deposit policy directory, URL for deposit policy, identificadores_persistentes, cumple_oa_doaj, Continues, Continued By, codigos_lcc, subscribe_to_open, Mirror Journal, Open Journals Collective, materias, fecha_incorporacion_doaj, fecha_actualizacion_doaj, Last Full Review Date, num_articulos, fecha_ultimo_articulo, apc_monto, apc_moneda, editorial_rapida"
2145-3381,Criterio Juridico Garantista,criterio juridico garantista,744,imputado,150.0,True,"apc_monto, apc_moneda","issn_electronic, issn_linking, institucion_editora_2, institucion_editora_3, url_revista, url_doaj, When did the journal start to publish all content using an open license?, titulo_alternativo, issn_impreso, issn_electronico, palabras_clave, idiomas, editorial, pais_editorial, Other organisation, Country of other organisation, licencia, atributos_licencia, URL for license terms, cc_legible_maquina, autor_retiene_copyright, Copyright information URL, tipo_revision, Review process information URL, politica_plagio, URL for journal's aims & scope, URL for the Editorial Board page, URL for journal's instructions for authors, semanas_submission_publicacion, tiene_apc, APC information URL, politica_exencion, Waiver policy information URL, tiene_otros_cobros, Other fees information URL, servicios_preservacion, Preservation Service: national library, Preservation information URL, Deposit policy directory, URL for deposit policy, identificadores_persistentes, cumple_oa_doaj, Continues, Continued By, codigos_lcc, subscribe_to_open, Mirror Journal, Open Journals Collective, materias, fecha_incorporacion_doaj, fecha_actualizacion_doaj, Last Full Review Date, num_articulos, fecha_ultimo_articulo, apc_monto, apc_moneda, editorial_rapida"
0041-9095,Universitas Médica,universitas medica,745,imputado,150.0,True,"apc_monto, apc_moneda","issn_linking, codigo_dane, institucion_editora_2, institucion_editora_3, pais_iso, titulo_alternativo, Country of other organisation, atributos_licencia, cc_legible_maquina, Waiver policy information URL, servicios_preservacion, Preservation Service: national library, Preservation information URL, URL for deposit policy, identificadores_persistentes, Continues, Continued By, apc_monto, apc_moneda"
1909-7786,"Revista De Derecho, Comunicaciones Y Nuevas Tecnologias",derecho comunicaciones nuevas tecnologias,746,imputado,150.0,True,"apc_monto, apc_moneda","issn_electronic, issn_linking, institucion_editora_2, institucion_editora_3, url_revista, url_doaj, When did the journal start to publish all content using an open license?, titulo_alternativo, issn_impreso, issn_electronico, palabras_clave, idiomas, editorial, pais_editorial, Other organisation, Country of other organisation, licencia, atributos_licencia, URL for license terms, cc_legible_maquina, autor_retiene_copyright, Copyright information URL, tipo_revision, Review process information URL, politica_plagio, URL for journal's aims & scope, URL for the Editorial Board page, URL for journal's instructions for authors, semanas_submission_publicacion, tiene_apc, APC information URL, politica_exencion, Waiver policy information URL, tiene_otros_cobros, Other fees information URL, servicios_preservacion, Preservation Service: national library, Preservation information URL, Deposit policy directory, URL for deposit policy, identificadores_persistentes, cumple_oa_doaj, Continues, Continued By, codigos_lcc, subscribe_to_open, Mirror Journal, Open Journals Collective, materias, fecha_incorporacion_doaj, fecha_actualizacion_doaj, Last Full Review Date, num_articulos, fecha_ultimo_articulo, apc_monto, apc_moneda, editorial_rapida"
0122-8420,Ciencia Y Agricultura,ciencia agricultura,747,imputado,200.0,True,"apc_monto, apc_moneda","issn_electronic, issn_linking, institucion_editora_2, institucion_editora_3, titulo_alternativo, Other organisation, Country of other organisation, atributos_licencia, cc_legible_maquina, Copyright information URL, Waiver policy information URL, Other fees information URL, servicios_preservacion, Preservation Service: national library, Preservation information URL, Deposit policy directory, URL for deposit policy, Continues, Continued By, apc_monto, apc_moneda"
0121-2095,Revista Colombiana De Radiología,colombiana radiologia,748,imputado,150.0,True,"apc_monto, apc_moneda","issn_electronic, issn_linking, institucion_editora_2, institucion_editora_3, url_revista, url_doaj, When did the journal start to publish all content using an open license?, titulo_alternativo, issn_impreso, issn_electronico, palabras_clave, idiomas, editorial, pais_editorial, Other organisation, Country of other organisation, licencia, atributos_licencia, URL for license terms, cc_legible_maquina, autor_retiene_copyright, Copyright information URL, tipo_revision, Review process information URL, politica_plagio, URL for journal's aims & scope, URL for the Editorial Board page, URL for journal's instructions for authors, semanas_submission_publicacion, tiene_apc, APC information URL, politica_exencion, Waiver policy information URL, tiene_otros_cobros, Other fees information URL, servicios_preservacion, Preservation Service: national library, Preservation information URL, Deposit policy directory, URL for deposit policy, identificadores_persistentes, cumple_oa_doaj, Continues, Continued By, codigos_lcc, subscribe_to_open, Mirror Journal, Open Journals Collective, materias, fecha_incorporacion_doaj, fecha_actualizacion_doaj, Last Full Review Date, num_articulos, fecha_ultimo_articulo, apc_monto, apc_moneda, editorial_rapida"
2027-9035,Historia 2.0,historia 2 0,749,imputado,150.0,True,"apc_monto, apc_moneda","issn_electronic, issn_linking, institucion_editora_2, institucion_editora_3, url_revista, url_doaj, When did the journal start to publish all content using an open license?, titulo_alternativo, issn_impreso, issn_electronico, palabras_clave, idiomas, editorial, pais_editorial, Other organisation, Country of other organisation, licencia, atributos_licencia, URL for license terms, cc_legible_maquina, autor_retiene_copyright, Copyright information URL, tipo_revision, Review process information URL, politica_plagio, URL for journal's aims & scope, URL for the Editorial Board page, URL for journal's instructions for authors, semanas_submission_publicacion, tiene_apc, APC information URL, politica_exencion, Waiver policy information URL, tiene_otros_cobros, Other fees information URL, servicios_preservacion, Preservation Service: national library, Preservation information URL, Deposit policy directory, URL for deposit policy, identificadores_persistentes, cumple_oa_doaj, Continues, Continued By, codigos_lcc, subscribe_to_open, Mirror Journal, Open Journals Collective, materias, fecha_incorporacion_doaj, fecha_actualizacion_doaj, Last Full Review Date, num_articulos, fecha_ultimo_articulo, apc_monto, apc_moneda, editorial_rapida"
0121-2133,Cuarzo,cuarzo,750,imputado,150.0,True,"apc_monto, apc_moneda","issn_electronic, issn_linking, institucion_editora_2, institucion_editora_3, titulo_alternativo, Other organisation, Country of other organisation, atributos_licencia, Waiver policy information URL, Other fees information URL, servicios_preservacion, Preservation Service: national library, Preservation information URL, Deposit policy directory, URL for deposit policy, Continues, Continued By, apc_monto, apc_moneda"
2011-804X,"(Pensamiento), (Palabra) Y Obra",pensamiento palabra obra,751,imputado,150.0,True,"apc_monto, apc_moneda","issn_electronic, issn_linking, institucion_editora_2, institucion_editora_3, titulo_alternativo, Other organisation, Country of other organisation, atributos_licencia, Waiver policy information URL, Other fees information URL, servicios_preservacion, Preservation Service: national library, Preservation information URL, Deposit policy directory, URL for deposit policy, Continues, Continued By, apc_monto, apc_moneda"
1794-600X,Mision Juridica,mision juridica,752,imputado,150.0,True,"apc_monto, apc_moneda","issn_electronic, issn_linking, institucion_editora_2, institucion_editora_3, url_revista, url_doaj, When did the journal start to publish all content using an open license?, titulo_alternativo, issn_impreso, issn_electronico, palabras_clave, idiomas, editorial, pais_editorial, Other organisation, Country of other organisation, licencia, atributos_licencia, URL for license terms, cc_legible_maquina, autor_retiene_copyright, Copyright information URL, tipo_revision, Review process information URL, politica_plagio, URL for journal's aims & scope, URL for the Editorial Board page, URL for journal's instructions for authors, semanas_submission_publicacion, tiene_apc, APC information URL, politica_exencion, Waiver policy information URL, tiene_otros_cobros, Other fees information URL, servicios_preservacion, Preservation Service: national library, Preservation information URL, Deposit policy directory, URL for deposit policy, identificadores_persistentes, cumple_oa_doaj, Continues, Continued By, codigos_lcc, subscribe_to_open, Mirror Journal, Open Journals Collective, materias, fecha_incorporacion_doaj, fecha_actualizacion_doaj, Last Full Review Date, num_articulos, fecha_ultimo_articulo, apc_monto, apc_moneda, editorial_rapida"
2145-5996,Revista Lebret,lebret,753,imputado,150.0,True,"apc_monto, apc_moneda","issn_electronic, issn_linking, institucion_editora_2, institucion_editora_3, url_revista, url_doaj, When did the journal start to publish all content using an open license?, titulo_alternativo, issn_impreso, issn_electronico, palabras_clave, idiomas, editorial, pais_editorial, Other organisation, Country of other organisation, licencia, atributos_licencia, URL for license terms, cc_legible_maquina, autor_retiene_copyright, Copyright information URL, tipo_revision, Review process information URL, politica_plagio, URL for journal's aims & scope, URL for the Editorial Board page, URL for journal's instructions for authors, semanas_submission_publicacion, tiene_apc, APC information URL, politica_exencion, Waiver policy information URL, tiene_otros_cobros, Other fees information URL, servicios_preservacion, Preservation Service: national library, Preservation information URL, Deposit policy directory, URL for deposit policy, identificadores_persistentes, cumple_oa_doaj, Continues, Continued By, codigos_lcc, subscribe_to_open, Mirror Journal, Open Journals Collective, materias, fecha_incorporacion_doaj, fecha_actualizacion_doaj, Last Full Review Date, num_articulos, fecha_ultimo_articulo, apc_monto, apc_moneda, editorial_rapida"
2145-2776,Psicoespacios,psicoespacios,754,imputado,150.0,True,"apc_monto, apc_moneda","issn_electronic, issn_linking, institucion_editora_2, institucion_editora_3, titulo_alternativo, issn_impreso, Other organisation, Country of other organisation, atributos_licencia, Waiver policy information URL, Other fees information URL, Preservation Service: national library, Continues, Continued By, apc_monto, apc_moneda"
0121-747X,Revista De La Facultad De Ciencias,facultad ciencias,755,imputado,150.0,True,"apc_monto, apc_moneda","issn_electronic, issn_linking, institucion_editora_2, institucion_editora_3, titulo_alternativo, Other organisation, Country of other organisation, atributos_licencia, cc_legible_maquina, Copyright information URL, Waiver policy information URL, Other fees information URL, servicios_preservacion, Preservation Service: national library, Preservation information URL, Deposit policy directory, URL for deposit policy, Continues, Continued By, apc_monto, apc_moneda"
1909-4841,Tumbaga,tumbaga,756,imputado,150.0,True,"apc_monto, apc_moneda","issn_electronic, issn_linking, institucion_editora_2, institucion_editora_3, url_revista, url_doaj, When did the journal start to publish all content using an open license?, titulo_alternativo, issn_impreso, issn_electronico, palabras_clave, idiomas, editorial, pais_editorial, Other organisation, Country of other organisation, licencia, atributos_licencia, URL for license terms, cc_legible_maquina, autor_retiene_copyright, Copyright information URL, tipo_revision, Review process information URL, politica_plagio, URL for journal's aims & scope, URL for the Editorial Board page, URL for journal's instructions for authors, semanas_submission_publicacion, tiene_apc, APC information URL, politica_exencion, Waiver policy information URL, tiene_otros_cobros, Other fees information URL, servicios_preservacion, Preservation Service: national library, Preservation information URL, Deposit policy directory, URL for deposit policy, identificadores_persistentes, cumple_oa_doaj, Continues, Continued By, codigos_lcc, subscribe_to_open, Mirror Journal, Open Journals Collective, materias, fecha_incorporacion_doaj, fecha_actualizacion_doaj, Last Full Review Date, num_articulos, fecha_ultimo_articulo, apc_monto, apc_moneda, editorial_rapida"
0123-2479,Revista Del Instituto Colombiano De Derecho Procesal,instituto colombiano derecho procesal,757,imputado,150.0,True,"apc_monto, apc_moneda","issn_electronic, issn_linking, institucion_editora_2, institucion_editora_3, url_revista, url_doaj, When did the journal start to publish all content using an open license?, titulo_alternativo, issn_impreso, issn_electronico, palabras_clave, idiomas, editorial, pais_editorial, Other organisation, Country of other organisation, licencia, atributos_licencia, URL for license terms, cc_legible_maquina, autor_retiene_copyright, Copyright information URL, tipo_revision, Review process information URL, politica_plagio, URL for journal's aims & scope, URL for the Editorial Board page, URL for journal's instructions for authors, semanas_submission_publicacion, tiene_apc, APC information URL, politica_exencion, Waiver policy information URL, tiene_otros_cobros, Other fees information URL, servicios_preservacion, Preservation Service: national library, Preservation information URL, Deposit policy directory, URL for deposit policy, identificadores_persistentes, cumple_oa_doaj, Continues, Continued By, codigos_lcc, subscribe_to_open, Mirror Journal, Open Journals Collective, materias, fecha_incorporacion_doaj, fecha_actualizacion_doaj, Last Full Review Date, num_articulos, fecha_ultimo_articulo, apc_monto, apc_moneda, editorial_rapida"
1909-793X,Revista Teckne,teckne,758,imputado,150.0,True,"apc_monto, apc_moneda","issn_electronic, issn_linking, institucion_editora_2, institucion_editora_3, url_revista, url_doaj, When did the journal start to publish all content using an open license?, titulo_alternativo, issn_impreso, issn_electronico, palabras_clave, idiomas, editorial, pais_editorial, Other organisation, Country of other organisation, licencia, atributos_licencia, URL for license terms, cc_legible_maquina, autor_retiene_copyright, Copyright information URL, tipo_revision, Review process information URL, politica_plagio, URL for journal's aims & scope, URL for the Editorial Board page, URL for journal's instructions for authors, semanas_submission_publicacion, tiene_apc, APC information URL, politica_exencion, Waiver policy information URL, tiene_otros_cobros, Other fees information URL, servicios_preservacion, Preservation Service: national library, Preservation information URL, Deposit policy directory, URL for deposit policy, identificadores_persistentes, cumple_oa_doaj, Continues, Continued By, codigos_lcc, subscribe_to_open, Mirror Journal, Open Journals Collective, materias, fecha_incorporacion_doaj, fecha_actualizacion_doaj, Last Full Review Date, num_articulos, fecha_ultimo_articulo, apc_monto, apc_moneda, editorial_rapida"
0120-971X,Ces Odontología,ces odontologia,759,imputado,150.0,True,"apc_monto, apc_moneda","issn_electronic, issn_linking, codigo_dane, institucion_editora_2, institucion_editora_3, pais_iso, url_revista, url_doaj, When did the journal start to publish all content using an open license?, titulo_alternativo, issn_impreso, issn_electronico, palabras_clave, idiomas, editorial, pais_editorial, Other organisation, Country of other organisation, licencia, atributos_licencia, URL for license terms, cc_legible_maquina, autor_retiene_copyright, Copyright information URL, tipo_revision, Review process information URL, politica_plagio, URL for journal's aims & scope, URL for the Editorial Board page, URL for journal's instructions for authors, semanas_submission_publicacion, tiene_apc, APC information URL, politica_exencion, Waiver policy information URL, tiene_otros_cobros, Other fees information URL, servicios_preservacion, Preservation Service: national library, Preservation information URL, Deposit policy directory, URL for deposit policy, identificadores_persistentes, cumple_oa_doaj, Continues, Continued By, codigos_lcc, subscribe_to_open, Mirror Journal, Open Journals Collective, materias, fecha_incorporacion_doaj, fecha_actualizacion_doaj, Last Full Review Date, num_articulos, fecha_ultimo_articulo, apc_monto, apc_moneda, editorial_rapida"
2215-8987,Arka Revista De Arquitectura,arka arquitectura,760,imputado,150.0,True,"apc_monto, apc_moneda","issn_electronic, issn_linking, codigo_dane, institucion_editora_2, institucion_editora_3, pais_iso, url_revista, url_doaj, When did the journal start to publish all content using an open license?, titulo_alternativo, issn_impreso, issn_electronico, palabras_clave, idiomas, editorial, pais_editorial, Other organisation, Country of other organisation, licencia, atributos_licencia, URL for license terms, cc_legible_maquina, autor_retiene_copyright, Copyright information URL, tipo_revision, Review process information URL, politica_plagio, URL for journal's aims & scope, URL for the Editorial Board page, URL for journal's instructions for authors, semanas_submission_publicacion, tiene_apc, APC information URL, politica_exencion, Waiver policy information URL, tiene_otros_cobros, Other fees information URL, servicios_preservacion, Preservation Service: national library, Preservation information URL, Deposit policy directory, URL for deposit policy, identificadores_persistentes, cumple_oa_doaj, Continues, Continued By, codigos_lcc, subscribe_to_open, Mirror Journal, Open Journals Collective, materias, fecha_incorporacion_doaj, fecha_actualizacion_doaj, Last Full Review Date, num_articulos, fecha_ultimo_articulo, apc_monto, apc_moneda, editorial_rapida"
1794-3159,Poliantea,poliantea,761,imputado,150.0,True,"apc_monto, apc_moneda","issn_electronic, issn_linking, institucion_editora_2, institucion_editora_3, url_revista, url_doaj, When did the journal start to publish all content using an open license?, titulo_alternativo, issn_impreso, issn_electronico, palabras_clave, idiomas, editorial, pais_editorial, Other organisation, Country of other organisation, licencia, atributos_licencia, URL for license terms, cc_legible_maquina, autor_retiene_copyright, Copyright information URL, tipo_revision, Review process information URL, politica_plagio, URL for journal's aims & scope, URL for the Editorial Board page, URL for journal's instructions for authors, semanas_submission_publicacion, tiene_apc, APC information URL, politica_exencion, Waiver policy information URL, tiene_otros_cobros, Other fees information URL, servicios_preservacion, Preservation Service: national library, Preservation information URL, Deposit policy directory, URL for deposit policy, identificadores_persistentes, cumple_oa_doaj, Continues, Continued By, codigos_lcc, subscribe_to_open, Mirror Journal, Open Journals Collective, materias, fecha_incorporacion_doaj, fecha_actualizacion_doaj, Last Full Review Date, num_articulos, fecha_ultimo_articulo, apc_monto, apc_moneda, editorial_rapida"
0124-406X,Rastros Rostros,rastros rostros,762,imputado,150.0,True,"apc_monto, apc_moneda","issn_linking, institucion_editora_2, institucion_editora_3, url_revista, url_doaj, When did the journal start to publish all content using an open license?, titulo_alternativo, issn_impreso, issn_electronico, palabras_clave, idiomas, editorial, pais_editorial, Other organisation, Country of other organisation, licencia, atributos_licencia, URL for license terms, cc_legible_maquina, autor_retiene_copyright, Copyright information URL, tipo_revision, Review process information URL, politica_plagio, URL for journal's aims & scope, URL for the Editorial Board page, URL for journal's instructions for authors, semanas_submission_publicacion, tiene_apc, APC information URL, politica_exencion, Waiver policy information URL, tiene_otros_cobros, Other fees information URL, servicios_preservacion, Preservation Service: national library, Preservation information URL, Deposit policy directory, URL for deposit policy, identificadores_persistentes, cumple_oa_doaj, Continues, Continued By, codigos_lcc, subscribe_to_open, Mirror Journal, Open Journals Collective, materias, fecha_incorporacion_doaj, fecha_actualizacion_doaj, Last Full Review Date, num_articulos, fecha_ultimo_articulo, apc_monto, apc_moneda, editorial_rapida"
2216-0647,Traza,traza,763,imputado,150.0,True,"apc_monto, apc_moneda","issn_electronic, issn_linking, institucion_editora_2, institucion_editora_3, url_revista, url_doaj, When did the journal start to publish all content using an open license?, titulo_alternativo, issn_impreso, issn_electronico, palabras_clave, idiomas, editorial, pais_editorial, Other organisation, Country of other organisation, licencia, atributos_licencia, URL for license terms, cc_legible_maquina, autor_retiene_copyright, Copyright information URL, tipo_revision, Review process information URL, politica_plagio, URL for journal's aims & scope, URL for the Editorial Board page, URL for journal's instructions for authors, semanas_submission_publicacion, tiene_apc, APC information URL, politica_exencion, Waiver policy information URL, tiene_otros_cobros, Other fees information URL, servicios_preservacion, Preservation Service: national library, Preservation information URL, Deposit policy directory, URL for deposit policy, identificadores_persistentes, cumple_oa_doaj, Continues, Continued By, codigos_lcc, subscribe_to_open, Mirror Journal, Open Journals Collective, materias, fecha_incorporacion_doaj, fecha_actualizacion_doaj, Last Full Review Date, num_articulos, fecha_ultimo_articulo, apc_monto, apc_moneda, editorial_rapida"
1794-1180,Escenarios,escenarios,764,imputado,150.0,True,"apc_monto, apc_moneda","issn_electronic, issn_linking, codigo_dane, institucion_editora_2, institucion_editora_3, pais_iso, url_revista, url_doaj, When did the journal start to publish all content using an open license?, titulo_alternativo, issn_impreso, issn_electronico, palabras_clave, idiomas, editorial, pais_editorial, Other organisation, Country of other organisation, licencia, atributos_licencia, URL for license terms, cc_legible_maquina, autor_retiene_copyright, Copyright information URL, tipo_revision, Review process information URL, politica_plagio, URL for journal's aims & scope, URL for the Editorial Board page, URL for journal's instructions for authors, semanas_submission_publicacion, tiene_apc, APC information URL, politica_exencion, Waiver policy information URL, tiene_otros_cobros, Other fees information URL, servicios_preservacion, Preservation Service: national library, Preservation information URL, Deposit policy directory, URL for deposit policy, identificadores_persistentes, cumple_oa_doaj, Continues, Continued By, codigos_lcc, subscribe_to_open, Mirror Journal, Open Journals Collective, materias, fecha_incorporacion_doaj, fecha_actualizacion_doaj, Last Full Review Date, num_articulos, fecha_ultimo_articulo, apc_monto, apc_moneda, editorial_rapida"
0123-7047,Medunab,medunab,765,imputado,150.0,True,"apc_monto, apc_moneda","issn_electronic, issn_linking, institucion_editora_2, institucion_editora_3, titulo_alternativo, Country of other organisation, atributos_licencia, cc_legible_maquina, Copyright information URL, Waiver policy information URL, Other fees information URL, servicios_preservacion, Preservation Service: national library, Preservation information URL, Deposit policy directory, URL for deposit policy, identificadores_persistentes, Continues, Continued By, apc_monto, apc_moneda"
1909-1621,Revista Colombiana De Enfermeria,colombiana enfermeria,766,imputado,150.0,True,"apc_monto, apc_moneda","issn_linking, institucion_editora_2, institucion_editora_3, url_revista, url_doaj, When did the journal start to publish all content using an open license?, titulo_alternativo, issn_impreso, issn_electronico, palabras_clave, idiomas, editorial, pais_editorial, Other organisation, Country of other organisation, licencia, atributos_licencia, URL for license terms, cc_legible_maquina, autor_retiene_copyright, Copyright information URL, tipo_revision, Review process information URL, politica_plagio, URL for journal's aims & scope, URL for the Editorial Board page, URL for journal's instructions for authors, semanas_submission_publicacion, tiene_apc, APC information URL, politica_exencion, Waiver policy information URL, tiene_otros_cobros, Other fees information URL, servicios_preservacion, Preservation Service: national library, Preservation information URL, Deposit policy directory, URL for deposit policy, identificadores_persistentes, cumple_oa_doaj, Continues, Continued By, codigos_lcc, subscribe_to_open, Mirror Journal, Open Journals Collective, materias, fecha_incorporacion_doaj, fecha_actualizacion_doaj, Last Full Review Date, num_articulos, fecha_ultimo_articulo, apc_monto, apc_moneda, editorial_rapida"
1900-5016,Cuadernos Latinoamericanos De Administración,cuadernos latinoamericanos administracion,767,imputado,150.0,True,"apc_monto, apc_moneda","issn_linking, institucion_editora_2, institucion_editora_3, titulo_alternativo, Country of other organisation, atributos_licencia, cc_legible_maquina, Copyright information URL, Waiver policy information URL, servicios_preservacion, Preservation Service: national library, Preservation information URL, Deposit policy directory, URL for deposit policy, identificadores_persistentes, Continues, Continued By, apc_monto, apc_moneda"
1657-463X,Cultura Científica,cultura cientifica,768,imputado,150.0,True,"apc_monto, apc_moneda","issn_electronic, issn_linking, institucion_editora_2, institucion_editora_3, url_revista, url_doaj, When did the journal start to publish all content using an open license?, titulo_alternativo, issn_impreso, issn_electronico, palabras_clave, idiomas, editorial, pais_editorial, Other organisation, Country of other organisation, licencia, atributos_licencia, URL for license terms, cc_legible_maquina, autor_retiene_copyright, Copyright information URL, tipo_revision, Review process information URL, politica_plagio, URL for journal's aims & scope, URL for the Editorial Board page, URL for journal's instructions for authors, semanas_submission_publicacion, tiene_apc, APC information URL, politica_exencion, Waiver policy information URL, tiene_otros_cobros, Other fees information URL, servicios_preservacion, Preservation Service: national library, Preservation information URL, Deposit policy directory, URL for deposit policy, identificadores_persistentes, cumple_oa_doaj, Continues, Continued By, codigos_lcc, subscribe_to_open, Mirror Journal, Open Journals Collective, materias, fecha_incorporacion_doaj, fecha_actualizacion_doaj, Last Full Review Date, num_articulos, fecha_ultimo_articulo, apc_monto, apc_moneda, editorial_rapida"
2027-307X,Revista Juridica Ideas De Ideas,juridica ideas ideas,769,imputado,150.0,True,"apc_monto, apc_moneda","issn_electronic, issn_linking, institucion_editora_2, institucion_editora_3, url_revista, url_doaj, When did the journal start to publish all content using an open license?, titulo_alternativo, issn_impreso, issn_electronico, palabras_clave, idiomas, editorial, pais_editorial, Other organisation, Country of other organisation, licencia, atributos_licencia, URL for license terms, cc_legible_maquina, autor_retiene_copyright, Copyright information URL, tipo_revision, Review process information URL, politica_plagio, URL for journal's aims & scope, URL for the Editorial Board page, URL for journal's instructions for authors, semanas_submission_publicacion, tiene_apc, APC information URL, politica_exencion, Waiver policy information URL, tiene_otros_cobros, Other fees information URL, servicios_preservacion, Preservation Service: national library, Preservation information URL, Deposit policy directory, URL for deposit policy, identificadores_persistentes, cumple_oa_doaj, Continues, Continued By, codigos_lcc, subscribe_to_open, Mirror Journal, Open Journals Collective, materias, fecha_incorporacion_doaj, fecha_actualizacion_doaj, Last Full Review Date, num_articulos, fecha_ultimo_articulo, apc_monto, apc_moneda, editorial_rapida"
0124-7492,Ingenium,ingenium,770,imputado,150.0,True,"apc_monto, apc_moneda","issn_electronic, issn_linking, institucion_editora_2, institucion_editora_3, url_revista, url_doaj, When did the journal start to publish all content using an open license?, titulo_alternativo, issn_impreso, issn_electronico, palabras_clave, idiomas, editorial, pais_editorial, Other organisation, Country of other organisation, licencia, atributos_licencia, URL for license terms, cc_legible_maquina, autor_retiene_copyright, Copyright information URL, tipo_revision, Review process information URL, politica_plagio, URL for journal's aims & scope, URL for the Editorial Board page, URL for journal's instructions for authors, semanas_submission_publicacion, tiene_apc, APC information URL, politica_exencion, Waiver policy information URL, tiene_otros_cobros, Other fees information URL, servicios_preservacion, Preservation Service: national library, Preservation information URL, Deposit policy directory, URL for deposit policy, identificadores_persistentes, cumple_oa_doaj, Continues, Continued By, codigos_lcc, subscribe_to_open, Mirror Journal, Open Journals Collective, materias, fecha_incorporacion_doaj, fecha_actualizacion_doaj, Last Full Review Date, num_articulos, fecha_ultimo_articulo, apc_monto, apc_moneda, editorial_rapida"
2216-0965,Eafit Journal Of International Law,eafit law,771,imputado,150.0,True,"apc_monto, apc_moneda","issn_electronic, issn_linking, institucion_editora_2, institucion_editora_3, url_revista, url_doaj, When did the journal start to publish all content using an open license?, titulo_alternativo, issn_impreso, issn_electronico, palabras_clave, idiomas, editorial, pais_editorial, Other organisation, Country of other organisation, licencia, atributos_licencia, URL for license terms, cc_legible_maquina, autor_retiene_copyright, Copyright information URL, tipo_revision, Review process information URL, politica_plagio, URL for journal's aims & scope, URL for the Editorial Board page, URL for journal's instructions for authors, semanas_submission_publicacion, tiene_apc, APC information URL, politica_exencion, Waiver policy information URL, tiene_otros_cobros, Other fees information URL, servicios_preservacion, Preservation Service: national library, Preservation information URL, Deposit policy directory, URL for deposit policy, identificadores_persistentes, cumple_oa_doaj, Continues, Continued By, codigos_lcc, subscribe_to_open, Mirror Journal, Open Journals Collective, materias, fecha_incorporacion_doaj, fecha_actualizacion_doaj, Last Full Review Date, num_articulos, fecha_ultimo_articulo, apc_monto, apc_moneda, editorial_rapida"
1692-6900,Pre-Til,pre til,772,imputado,150.0,True,"apc_monto, apc_moneda","issn_electronic, issn_linking, institucion_editora_2, institucion_editora_3, url_revista, url_doaj, When did the journal start to publish all content using an open license?, titulo_alternativo, issn_impreso, issn_electronico, palabras_clave, idiomas, editorial, pais_editorial, Other organisation, Country of other organisation, licencia, atributos_licencia, URL for license terms, cc_legible_maquina, autor_retiene_copyright, Copyright information URL, tipo_revision, Review process information URL, politica_plagio, URL for journal's aims & scope, URL for the Editorial Board page, URL for journal's instructions for authors, semanas_submission_publicacion, tiene_apc, APC information URL, politica_exencion, Waiver policy information URL, tiene_otros_cobros, Other fees information URL, servicios_preservacion, Preservation Service: national library, Preservation information URL, Deposit policy directory, URL for deposit policy, identificadores_persistentes, cumple_oa_doaj, Continues, Continued By, codigos_lcc, subscribe_to_open, Mirror Journal, Open Journals Collective, materias, fecha_incorporacion_doaj, fecha_actualizacion_doaj, Last Full Review Date, num_articulos, fecha_ultimo_articulo, apc_monto, apc_moneda, editorial_rapida"
0121-0777,El Hombre Y La Máquina,hombre maquina,773,imputado,150.0,True,"apc_monto, apc_moneda","issn_electronic, issn_linking, codigo_dane, institucion_editora_2, institucion_editora_3, pais_iso, url_revista, url_doaj, When did the journal start to publish all content using an open license?, titulo_alternativo, issn_impreso, issn_electronico, palabras_clave, idiomas, editorial, pais_editorial, Other organisation, Country of other organisation, licencia, atributos_licencia, URL for license terms, cc_legible_maquina, autor_retiene_copyright, Copyright information URL, tipo_revision, Review process information URL, politica_plagio, URL for journal's aims & scope, URL for the Editorial Board page, URL for journal's instructions for authors, semanas_submission_publicacion, tiene_apc, APC information URL, politica_exencion, Waiver policy information URL, tiene_otros_cobros, Other fees information URL, servicios_preservacion, Preservation Service: national library, Preservation information URL, Deposit policy directory, URL for deposit policy, identificadores_persistentes, cumple_oa_doaj, Continues, Continued By, codigos_lcc, subscribe_to_open, Mirror Journal, Open Journals Collective, materias, fecha_incorporacion_doaj, fecha_actualizacion_doaj, Last Full Review Date, num_articulos, fecha_ultimo_articulo, apc_monto, apc_moneda, editorial_rapida"
2027-1034,Bio-Grafia,bio grafia,774,imputado,150.0,True,"apc_monto, apc_moneda","issn_electronic, issn_linking, institucion_editora_2, institucion_editora_3, Other organisation, Country of other organisation, atributos_licencia, Waiver policy information URL, Other fees information URL, servicios_preservacion, Preservation Service: national library, Preservation information URL, Deposit policy directory, URL for deposit policy, Continues, Continued By, apc_monto, apc_moneda"
0120-677X,Educación Física Y Deporte,educacion fisica deporte,775,imputado,150.0,True,"apc_monto, apc_moneda","issn_linking, institucion_editora_2, institucion_editora_3, titulo_alternativo, Other organisation, Country of other organisation, atributos_licencia, cc_legible_maquina, Waiver policy information URL, Other fees information URL, servicios_preservacion, Preservation Service: national library, Preservation information URL, Deposit policy directory, URL for deposit policy, identificadores_persistentes, Continues, Continued By, apc_monto, apc_moneda"
0123-5583,Actualizaciones En Enfermería,actualizaciones enfermeria,776,imputado,150.0,True,"apc_monto, apc_moneda","issn_linking, codigo_dane, institucion_editora_2, institucion_editora_3, pais_iso, url_revista, url_doaj, When did the journal start to publish all content using an open license?, titulo_alternativo, issn_impreso, issn_electronico, palabras_clave, idiomas, editorial, pais_editorial, Other organisation, Country of other organisation, licencia, atributos_licencia, URL for license terms, cc_legible_maquina, autor_retiene_copyright, Copyright information URL, tipo_revision, Review process information URL, politica_plagio, URL for journal's aims & scope, URL for the Editorial Board page, URL for journal's instructions for authors, semanas_submission_publicacion, tiene_apc, APC information URL, politica_exencion, Waiver policy information URL, tiene_otros_cobros, Other fees information URL, servicios_preservacion, Preservation Service: national library, Preservation information URL, Deposit policy directory, URL for deposit policy, identificadores_persistentes, cumple_oa_doaj, Continues, Continued By, codigos_lcc, subscribe_to_open, Mirror Journal, Open Journals Collective, materias, fecha_incorporacion_doaj, fecha_actualizacion_doaj, Last Full Review Date, num_articulos, fecha_ultimo_articulo, apc_monto, apc_moneda, editorial_rapida"
2346-4712,"Góndola, Enseñanza Y Aprendizaje De Las Ciencias",gondola ensenanza aprendizaje ciencias,777,imputado,150.0,True,"apc_monto, apc_moneda","issn_print, issn_linking, institucion_editora_2, institucion_editora_3, url_revista, url_doaj, When did the journal start to publish all content using an open license?, titulo_alternativo, issn_impreso, issn_electronico, palabras_clave, idiomas, editorial, pais_editorial, Other organisation, Country of other organisation, licencia, atributos_licencia, URL for license terms, cc_legible_maquina, autor_retiene_copyright, Copyright information URL, tipo_revision, Review process information URL, politica_plagio, URL for journal's aims & scope, URL for the Editorial Board page, URL for journal's instructions for authors, semanas_submission_publicacion, tiene_apc, APC information URL, politica_exencion, Waiver policy information URL, tiene_otros_cobros, Other fees information URL, servicios_preservacion, Preservation Service: national library, Preservation information URL, Deposit policy directory, URL for deposit policy, identificadores_persistentes, cumple_oa_doaj, Continues, Continued By, codigos_lcc, subscribe_to_open, Mirror Journal, Open Journals Collective, materias, fecha_incorporacion_doaj, fecha_actualizacion_doaj, Last Full Review Date, num_articulos, fecha_ultimo_articulo, apc_monto, apc_moneda, editorial_rapida"
0121-4470,Momento,momento,778,imputado,150.0,True,"apc_monto, apc_moneda","issn_electronic, issn_linking, institucion_editora_2, institucion_editora_3, titulo_alternativo, Other organisation, Country of other organisation, atributos_licencia, cc_legible_maquina, Waiver policy information URL, Other fees information URL, Preservation Service: national library, Continues, Continued By, apc_monto, apc_moneda"
0124-308X,Revista De La Facultad Ciencias De La Salud Universidad Del Cauca,facultad ciencias salud universidad cauca,779,imputado,150.0,True,"apc_monto, apc_moneda","issn_electronic, issn_linking, institucion_editora_2, institucion_editora_3, titulo_alternativo, Country of other organisation, atributos_licencia, cc_legible_maquina, Copyright information URL, Waiver policy information URL, servicios_preservacion, Preservation Service: national library, Preservation information URL, Deposit policy directory, URL for deposit policy, identificadores_persistentes, Continues, Continued By, apc_monto, apc_moneda"
0120-2650,Revista Colombiana De Física,colombiana fisica,780,imputado,150.0,True,"apc_monto, apc_moneda","issn_electronic, issn_linking, institucion_editora_2, institucion_editora_3, url_revista, url_doaj, When did the journal start to publish all content using an open license?, titulo_alternativo, issn_impreso, issn_electronico, palabras_clave, idiomas, editorial, pais_editorial, Other organisation, Country of other organisation, licencia, atributos_licencia, URL for license terms, cc_legible_maquina, autor_retiene_copyright, Copyright information URL, tipo_revision, Review process information URL, politica_plagio, URL for journal's aims & scope, URL for the Editorial Board page, URL for journal's instructions for authors, semanas_submission_publicacion, tiene_apc, APC information URL, politica_exencion, Waiver policy information URL, tiene_otros_cobros, Other fees information URL, servicios_preservacion, Preservation Service: national library, Preservation information URL, Deposit policy directory, URL for deposit policy, identificadores_persistentes, cumple_oa_doaj, Continues, Continued By, codigos_lcc, subscribe_to_open, Mirror Journal, Open Journals Collective, materias, fecha_incorporacion_doaj, fecha_actualizacion_doaj, Last Full Review Date, num_articulos, fecha_ultimo_articulo, apc_monto, apc_moneda, editorial_rapida"
0124-4620,Revista Colombiana De Filosofía De La Ciencia,colombiana filosofia ciencia,781,imputado,150.0,True,"apc_monto, apc_moneda","issn_electronic, issn_linking, institucion_editora_2, institucion_editora_3, titulo_alternativo, Other organisation, Country of other organisation, atributos_licencia, cc_legible_maquina, Copyright information URL, Waiver policy information URL, servicios_preservacion, Preservation Service: national library, Preservation information URL, Deposit policy directory, URL for deposit policy, Continues, Continued By, apc_monto, apc_moneda"
0120-8845,Revista Colombiana De Ortopedia Y Traumatología,colombiana ortopedia traumatologia,782,imputado,150.0,True,"apc_monto, apc_moneda","issn_electronic, issn_linking, institucion_editora_2, institucion_editora_3, url_revista, url_doaj, When did the journal start to publish all content using an open license?, titulo_alternativo, issn_impreso, issn_electronico, palabras_clave, idiomas, editorial, pais_editorial, Other organisation, Country of other organisation, licencia, atributos_licencia, URL for license terms, cc_legible_maquina, autor_retiene_copyright, Copyright information URL, tipo_revision, Review process information URL, politica_plagio, URL for journal's aims & scope, URL for the Editorial Board page, URL for journal's instructions for authors, semanas_submission_publicacion, tiene_apc, APC information URL, politica_exencion, Waiver policy information URL, tiene_otros_cobros, Other fees information URL, servicios_preservacion, Preservation Service: national library, Preservation information URL, Deposit policy directory, URL for deposit policy, identificadores_persistentes, cumple_oa_doaj, Continues, Continued By, codigos_lcc, subscribe_to_open, Mirror Journal, Open Journals Collective, materias, fecha_incorporacion_doaj, fecha_actualizacion_doaj, Last Full Review Date, num_articulos, fecha_ultimo_articulo, apc_monto, apc_moneda, editorial_rapida"
2256-1552,Revista Ib De La Información Básica Estadística,ib informacion basica estadistica,783,imputado,150.0,True,"apc_monto, apc_moneda","issn_electronic, issn_linking, institucion_editora_2, institucion_editora_3, url_revista, url_doaj, When did the journal start to publish all content using an open license?, titulo_alternativo, issn_impreso, issn_electronico, palabras_clave, idiomas, editorial, pais_editorial, Other organisation, Country of other organisation, licencia, atributos_licencia, URL for license terms, cc_legible_maquina, autor_retiene_copyright, Copyright information URL, tipo_revision, Review process information URL, politica_plagio, URL for journal's aims & scope, URL for the Editorial Board page, URL for journal's instructions for authors, semanas_submission_publicacion, tiene_apc, APC information URL, politica_exencion, Waiver policy information URL, tiene_otros_cobros, Other fees information URL, servicios_preservacion, Preservation Service: national library, Preservation information URL, Deposit policy directory, URL for deposit policy, identificadores_persistentes, cumple_oa_doaj, Continues, Continued By, codigos_lcc, subscribe_to_open, Mirror Journal, Open Journals Collective, materias, fecha_incorporacion_doaj, fecha_actualizacion_doaj, Last Full Review Date, num_articulos, fecha_ultimo_articulo, apc_monto, apc_moneda, editorial_rapida"
0123-2576,Medicina & Laboratorio,medicina laboratorio,784,imputado,150.0,True,"apc_monto, apc_moneda","issn_electronic, issn_linking, codigo_dane, institucion_editora_2, institucion_editora_3, pais_iso, atributos_licencia, Waiver policy information URL, Other fees information URL, Preservation Service: national library, Deposit policy directory, URL for deposit policy, Continues, Continued By, fecha_ultimo_articulo, apc_monto, apc_moneda"
0120-0380,Boletín De Matemáticas,boletin matematicas,785,imputado,150.0,True,"apc_monto, apc_moneda","issn_electronic, issn_linking, institucion_editora_2, institucion_editora_3, url_revista, url_doaj, When did the journal start to publish all content using an open license?, titulo_alternativo, issn_impreso, issn_electronico, palabras_clave, idiomas, editorial, pais_editorial, Other organisation, Country of other organisation, licencia, atributos_licencia, URL for license terms, cc_legible_maquina, autor_retiene_copyright, Copyright information URL, tipo_revision, Review process information URL, politica_plagio, URL for journal's aims & scope, URL for the Editorial Board page, URL for journal's instructions for authors, semanas_submission_publicacion, tiene_apc, APC information URL, politica_exencion, Waiver policy information URL, tiene_otros_cobros, Other fees information URL, servicios_preservacion, Preservation Service: national library, Preservation information URL, Deposit policy directory, URL for deposit policy, identificadores_persistentes, cumple_oa_doaj, Continues, Continued By, codigos_lcc, subscribe_to_open, Mirror Journal, Open Journals Collective, materias, fecha_incorporacion_doaj, fecha_actualizacion_doaj, Last Full Review Date, num_articulos, fecha_ultimo_articulo, apc_monto, apc_moneda, editorial_rapida"
0120-8454,Análisis,analisis,786,imputado,150.0,True,"apc_monto, apc_moneda","issn_linking, institucion_editora_2, institucion_editora_3, Country of other organisation, atributos_licencia, Waiver policy information URL, Other fees information URL, servicios_preservacion, Preservation Service: national library, Preservation information URL, Deposit policy directory, URL for deposit policy, identificadores_persistentes, Continues, Continued By, apc_monto, apc_moneda"
2145-5333,Ciencia Y Salud Virtual,ciencia salud virtual,787,imputado,150.0,True,"apc_monto, apc_moneda","issn_print, issn_linking, institucion_editora_2, institucion_editora_3, url_revista, url_doaj, When did the journal start to publish all content using an open license?, titulo_alternativo, issn_impreso, issn_electronico, palabras_clave, idiomas, editorial, pais_editorial, Other organisation, Country of other organisation, licencia, atributos_licencia, URL for license terms, cc_legible_maquina, autor_retiene_copyright, Copyright information URL, tipo_revision, Review process information URL, politica_plagio, URL for journal's aims & scope, URL for the Editorial Board page, URL for journal's instructions for authors, semanas_submission_publicacion, tiene_apc, APC information URL, politica_exencion, Waiver policy information URL, tiene_otros_cobros, Other fees information URL, servicios_preservacion, Preservation Service: national library, Preservation information URL, Deposit policy directory, URL for deposit policy, identificadores_persistentes, cumple_oa_doaj, Continues, Continued By, codigos_lcc, subscribe_to_open, Mirror Journal, Open Journals Collective, materias, fecha_incorporacion_doaj, fecha_actualizacion_doaj, Last Full Review Date, num_articulos, fecha_ultimo_articulo, apc_monto, apc_moneda, editorial_rapida"
2027-8918,Revista Biodiversidad Tropical,biodiversidad tropical,788,imputado,150.0,True,"apc_monto, apc_moneda","issn_electronic, issn_linking, institucion_editora_2, institucion_editora_3, url_revista, url_doaj, When did the journal start to publish all content using an open license?, titulo_alternativo, issn_impreso, issn_electronico, palabras_clave, idiomas, editorial, pais_editorial, Other organisation, Country of other organisation, licencia, atributos_licencia, URL for license terms, cc_legible_maquina, autor_retiene_copyright, Copyright information URL, tipo_revision, Review process information URL, politica_plagio, URL for journal's aims & scope, URL for the Editorial Board page, URL for journal's instructions for authors, semanas_submission_publicacion, tiene_apc, APC information URL, politica_exencion, Waiver policy information URL, tiene_otros_cobros, Other fees information URL, servicios_preservacion, Preservation Service: national library, Preservation information URL, Deposit policy directory, URL for deposit policy, identificadores_persistentes, cumple_oa_doaj, Continues, Continued By, codigos_lcc, subscribe_to_open, Mirror Journal, Open Journals Collective, materias, fecha_incorporacion_doaj, fecha_actualizacion_doaj, Last Full Review Date, num_articulos, fecha_ultimo_articulo, apc_monto, apc_moneda, editorial_rapida"
2145-6194,Revista Civilizar De Empresa Y Economía,civilizar empresa economia,789,imputado,150.0,True,"apc_monto, apc_moneda","issn_electronic, issn_linking, codigo_dane, institucion_editora_2, institucion_editora_3, pais_iso, url_revista, url_doaj, When did the journal start to publish all content using an open license?, titulo_alternativo, issn_impreso, issn_electronico, palabras_clave, idiomas, editorial, pais_editorial, Other organisation, Country of other organisation, licencia, atributos_licencia, URL for license terms, cc_legible_maquina, autor_retiene_copyright, Copyright information URL, tipo_revision, Review process information URL, politica_plagio, URL for journal's aims & scope, URL for the Editorial Board page, URL for journal's instructions for authors, semanas_submission_publicacion, tiene_apc, APC information URL, politica_exencion, Waiver policy information URL, tiene_otros_cobros, Other fees information URL, servicios_preservacion, Preservation Service: national library, Preservation information URL, Deposit policy directory, URL for deposit policy, identificadores_persistentes, cumple_oa_doaj, Continues, Continued By, codigos_lcc, subscribe_to_open, Mirror Journal, Open Journals Collective, materias, fecha_incorporacion_doaj, fecha_actualizacion_doaj, Last Full Review Date, num_articulos, fecha_ultimo_articulo, apc_monto, apc_moneda, editorial_rapida"
0122-9354,Revista De Medicina Veterinaria,medicina veterinaria,790,imputado,200.0,True,"apc_monto, apc_moneda","issn_electronic, issn_linking, institucion_editora_2, institucion_editora_3, Country of other organisation, atributos_licencia, cc_legible_maquina, Waiver policy information URL, Other fees information URL, servicios_preservacion, Preservation Service: national library, Preservation information URL, Deposit policy directory, URL for deposit policy, Continues, Continued By, apc_monto, apc_moneda"
0123-7810,Revista Odontos Odontologia Integral,odontos odontologia integral,791,imputado,150.0,True,"apc_monto, apc_moneda","issn_electronic, issn_linking, codigo_dane, institucion_editora_2, institucion_editora_3, pais_iso, url_revista, url_doaj, When did the journal start to publish all content using an open license?, titulo_alternativo, issn_impreso, issn_electronico, palabras_clave, idiomas, editorial, pais_editorial, Other organisation, Country of other organisation, licencia, atributos_licencia, URL for license terms, cc_legible_maquina, autor_retiene_copyright, Copyright information URL, tipo_revision, Review process information URL, politica_plagio, URL for journal's aims & scope, URL for the Editorial Board page, URL for journal's instructions for authors, semanas_submission_publicacion, tiene_apc, APC information URL, politica_exencion, Waiver policy information URL, tiene_otros_cobros, Other fees information URL, servicios_preservacion, Preservation Service: national library, Preservation information URL, Deposit policy directory, URL for deposit policy, identificadores_persistentes, cumple_oa_doaj, Continues, Continued By, codigos_lcc, subscribe_to_open, Mirror Journal, Open Journals Collective, materias, fecha_incorporacion_doaj, fecha_actualizacion_doaj, Last Full Review Date, num_articulos, fecha_ultimo_articulo, apc_monto, apc_moneda, editorial_rapida"
2145-1362,R.F.S. Revista Facultad De Salud Universidad Surcolombiana,r f s facultad salud universidad surcolombiana,792,imputado,150.0,True,"apc_monto, apc_moneda","issn_electronic, issn_linking, institucion_editora_2, institucion_editora_3, url_revista, url_doaj, When did the journal start to publish all content using an open license?, titulo_alternativo, issn_impreso, issn_electronico, palabras_clave, idiomas, editorial, pais_editorial, Other organisation, Country of other organisation, licencia, atributos_licencia, URL for license terms, cc_legible_maquina, autor_retiene_copyright, Copyright information URL, tipo_revision, Review process information URL, politica_plagio, URL for journal's aims & scope, URL for the Editorial Board page, URL for journal's instructions for authors, semanas_submission_publicacion, tiene_apc, APC information URL, politica_exencion, Waiver policy information URL, tiene_otros_cobros, Other fees information URL, servicios_preservacion, Preservation Service: national library, Preservation information URL, Deposit policy directory, URL for deposit policy, identificadores_persistentes, cumple_oa_doaj, Continues, Continued By, codigos_lcc, subscribe_to_open, Mirror Journal, Open Journals Collective, materias, fecha_incorporacion_doaj, fecha_actualizacion_doaj, Last Full Review Date, num_articulos, fecha_ultimo_articulo, apc_monto, apc_moneda, editorial_rapida"
2027-291X,Revista Alimentos Hoy,alimentos hoy,793,imputado,150.0,True,"apc_monto, apc_moneda","issn_electronic, issn_linking, codigo_dane, institucion_editora_2, institucion_editora_3, pais_iso, url_revista, url_doaj, When did the journal start to publish all content using an open license?, titulo_alternativo, issn_impreso, issn_electronico, palabras_clave, idiomas, editorial, pais_editorial, Other organisation, Country of other organisation, licencia, atributos_licencia, URL for license terms, cc_legible_maquina, autor_retiene_copyright, Copyright information URL, tipo_revision, Review process information URL, politica_plagio, URL for journal's aims & scope, URL for the Editorial Board page, URL for journal's instructions for authors, semanas_submission_publicacion, tiene_apc, APC information URL, politica_exencion, Waiver policy information URL, tiene_otros_cobros, Other fees information URL, servicios_preservacion, Preservation Service: national library, Preservation information URL, Deposit policy directory, URL for deposit policy, identificadores_persistentes, cumple_oa_doaj, Continues, Continued By, codigos_lcc, subscribe_to_open, Mirror Journal, Open Journals Collective, materias, fecha_incorporacion_doaj, fecha_actualizacion_doaj, Last Full Review Date, num_articulos, fecha_ultimo_articulo, apc_monto, apc_moneda, editorial_rapida"
2145-969X,Sinapsis,sinapsis,794,imputado,150.0,True,"apc_monto, apc_moneda","issn_linking, institucion_editora_2, institucion_editora_3, url_revista, url_doaj, When did the journal start to publish all content using an open license?, titulo_alternativo, issn_impreso, issn_electronico, palabras_clave, idiomas, editorial, pais_editorial, Other organisation, Country of other organisation, licencia, atributos_licencia, URL for license terms, cc_legible_maquina, autor_retiene_copyright, Copyright information URL, tipo_revision, Review process information URL, politica_plagio, URL for journal's aims & scope, URL for the Editorial Board page, URL for journal's instructions for authors, semanas_submission_publicacion, tiene_apc, APC information URL, politica_exencion, Waiver policy information URL, tiene_otros_cobros, Other fees information URL, servicios_preservacion, Preservation Service: national library, Preservation information URL, Deposit policy directory, URL for deposit policy, identificadores_persistentes, cumple_oa_doaj, Continues, Continued By, codigos_lcc, subscribe_to_open, Mirror Journal, Open Journals Collective, materias, fecha_incorporacion_doaj, fecha_actualizacion_doaj, Last Full Review Date, num_articulos, fecha_ultimo_articulo, apc_monto, apc_moneda, editorial_rapida"
0120-8705,Revista Ces Medicina,ces medicina,795,imputado,150.0,True,"apc_monto, apc_moneda","issn_electronic, issn_linking, codigo_dane, institucion_editora_2, institucion_editora_3, pais_iso, url_revista, url_doaj, When did the journal start to publish all content using an open license?, titulo_alternativo, issn_impreso, issn_electronico, palabras_clave, idiomas, editorial, pais_editorial, Other organisation, Country of other organisation, licencia, atributos_licencia, URL for license terms, cc_legible_maquina, autor_retiene_copyright, Copyright information URL, tipo_revision, Review process information URL, politica_plagio, URL for journal's aims & scope, URL for the Editorial Board page, URL for journal's instructions for authors, semanas_submission_publicacion, tiene_apc, APC information URL, politica_exencion, Waiver policy information URL, tiene_otros_cobros, Other fees information URL, servicios_preservacion, Preservation Service: national library, Preservation information URL, Deposit policy directory, URL for deposit policy, identificadores_persistentes, cumple_oa_doaj, Continues, Continued By, codigos_lcc, subscribe_to_open, Mirror Journal, Open Journals Collective, materias, fecha_incorporacion_doaj, fecha_actualizacion_doaj, Last Full Review Date, num_articulos, fecha_ultimo_articulo, apc_monto, apc_moneda, editorial_rapida"
2011-5415,Veterinaria Y Zootecnia,veterinaria zootecnia,796,imputado,200.0,True,"apc_monto, apc_moneda","issn_electronic, issn_linking, institucion_editora_2, institucion_editora_3, url_revista, url_doaj, When did the journal start to publish all content using an open license?, titulo_alternativo, issn_impreso, issn_electronico, palabras_clave, idiomas, editorial, pais_editorial, Other organisation, Country of other organisation, licencia, atributos_licencia, URL for license terms, cc_legible_maquina, autor_retiene_copyright, Copyright information URL, tipo_revision, Review process information URL, politica_plagio, URL for journal's aims & scope, URL for the Editorial Board page, URL for journal's instructions for authors, semanas_submission_publicacion, tiene_apc, APC information URL, politica_exencion, Waiver policy information URL, tiene_otros_cobros, Other fees information URL, servicios_preservacion, Preservation Service: national library, Preservation information URL, Deposit policy directory, URL for deposit policy, identificadores_persistentes, cumple_oa_doaj, Continues, Continued By, codigos_lcc, subscribe_to_open, Mirror Journal, Open Journals Collective, materias, fecha_incorporacion_doaj, fecha_actualizacion_doaj, Last Full Review Date, num_articulos, fecha_ultimo_articulo, apc_monto, apc_moneda, editorial_rapida"
2215-8405,Teuken Bidikay,teuken bidikay,797,imputado,150.0,True,"apc_monto, apc_moneda","issn_electronic, issn_linking, institucion_editora_2, institucion_editora_3, titulo_alternativo, Country of other organisation, atributos_licencia, cc_legible_maquina, Copyright information URL, Waiver policy information URL, servicios_preservacion, Preservation Service: national library, Preservation information URL, Deposit policy directory, URL for deposit policy, identificadores_persistentes, Continues, Continued By, apc_monto, apc_moneda"
1909-9843,Iter Ad Veritatem,iter ad veritatem,798,imputado,150.0,True,"apc_monto, apc_moneda","issn_electronic, issn_linking, institucion_editora_2, institucion_editora_3, url_revista, url_doaj, When did the journal start to publish all content using an open license?, titulo_alternativo, issn_impreso, issn_electronico, palabras_clave, idiomas, editorial, pais_editorial, Other organisation, Country of other organisation, licencia, atributos_licencia, URL for license terms, cc_legible_maquina, autor_retiene_copyright, Copyright information URL, tipo_revision, Review process information URL, politica_plagio, URL for journal's aims & scope, URL for the Editorial Board page, URL for journal's instructions for authors, semanas_submission_publicacion, tiene_apc, APC information URL, politica_exencion, Waiver policy information URL, tiene_otros_cobros, Other fees information URL, servicios_preservacion, Preservation Service: national library, Preservation information URL, Deposit policy directory, URL for deposit policy, identificadores_persistentes, cumple_oa_doaj, Continues, Continued By, codigos_lcc, subscribe_to_open, Mirror Journal, Open Journals Collective, materias, fecha_incorporacion_doaj, fecha_actualizacion_doaj, Last Full Review Date, num_articulos, fecha_ultimo_articulo, apc_monto, apc_moneda, editorial_rapida"
1657-1959,La Propiedad Inmaterial,propiedad inmaterial,799,imputado,150.0,True,"apc_monto, apc_moneda","issn_linking, institucion_editora_2, institucion_editora_3, Country of other organisation, atributos_licencia, cc_legible_maquina, Waiver policy information URL, servicios_preservacion, Preservation Service: national library, Preservation information URL, URL for deposit policy, Continues, Continued By, apc_monto, apc_moneda"
0124-3551,Revista Cife,cife,800,imputado,150.0,True,"apc_monto, apc_moneda","issn_electronic, issn_linking, institucion_editora_2, institucion_editora_3, url_revista, url_doaj, When did the journal start to publish all content using an open license?, titulo_alternativo, issn_impreso, issn_electronico, palabras_clave, idiomas, editorial, pais_editorial, Other organisation, Country of other organisation, licencia, atributos_licencia, URL for license terms, cc_legible_maquina, autor_retiene_copyright, Copyright information URL, tipo_revision, Review process information URL, politica_plagio, URL for journal's aims & scope, URL for the Editorial Board page, URL for journal's instructions for authors, semanas_submission_publicacion, tiene_apc, APC information URL, politica_exencion, Waiver policy information URL, tiene_otros_cobros, Other fees information URL, servicios_preservacion, Preservation Service: national library, Preservation information URL, Deposit policy directory, URL for deposit policy, identificadores_persistentes, cumple_oa_doaj, Continues, Continued By, codigos_lcc, subscribe_to_open, Mirror Journal, Open Journals Collective, materias, fecha_incorporacion_doaj, fecha_actualizacion_doaj, Last Full Review Date, num_articulos, fecha_ultimo_articulo, apc_monto, apc_moneda, editorial_rapida"
1657-8236,Gerencia Tecnológica Informática - Gti,gerencia tecnologica informatica gti,801,imputado,150.0,True,"apc_monto, apc_moneda","issn_electronic, issn_linking, codigo_dane, institucion_editora_3, pais_iso, url_revista, url_doaj, When did the journal start to publish all content using an open license?, titulo_alternativo, issn_impreso, issn_electronico, palabras_clave, idiomas, editorial, pais_editorial, Other organisation, Country of other organisation, licencia, atributos_licencia, URL for license terms, cc_legible_maquina, autor_retiene_copyright, Copyright information URL, tipo_revision, Review process information URL, politica_plagio, URL for journal's aims & scope, URL for the Editorial Board page, URL for journal's instructions for authors, semanas_submission_publicacion, tiene_apc, APC information URL, politica_exencion, Waiver policy information URL, tiene_otros_cobros, Other fees information URL, servicios_preservacion, Preservation Service: national library, Preservation information URL, Deposit policy directory, URL for deposit policy, identificadores_persistentes, cumple_oa_doaj, Continues, Continued By, codigos_lcc, subscribe_to_open, Mirror Journal, Open Journals Collective, materias, fecha_incorporacion_doaj, fecha_actualizacion_doaj, Last Full Review Date, num_articulos, fecha_ultimo_articulo, apc_monto, apc_moneda, editorial_rapida"
1692-1879,Revista Colombiana De Rehabilitacion,colombiana rehabilitacion,802,imputado,150.0,True,"apc_monto, apc_moneda","issn_electronic, issn_linking, institucion_editora_2, institucion_editora_3, url_revista, url_doaj, When did the journal start to publish all content using an open license?, titulo_alternativo, issn_impreso, issn_electronico, palabras_clave, idiomas, editorial, pais_editorial, Other organisation, Country of other organisation, licencia, atributos_licencia, URL for license terms, cc_legible_maquina, autor_retiene_copyright, Copyright information URL, tipo_revision, Review process information URL, politica_plagio, URL for journal's aims & scope, URL for the Editorial Board page, URL for journal's instructions for authors, semanas_submission_publicacion, tiene_apc, APC information URL, politica_exencion, Waiver policy information URL, tiene_otros_cobros, Other fees information URL, servicios_preservacion, Preservation Service: national library, Preservation information URL, Deposit policy directory, URL for deposit policy, identificadores_persistentes, cumple_oa_doaj, Continues, Continued By, codigos_lcc, subscribe_to_open, Mirror Journal, Open Journals Collective, materias, fecha_incorporacion_doaj, fecha_actualizacion_doaj, Last Full Review Date, num_articulos, fecha_ultimo_articulo, apc_monto, apc_moneda, editorial_rapida"
0120-0542,Boletín Científico Cioh,boletin cientifico cioh,803,imputado,150.0,True,"apc_monto, apc_moneda","issn_electronic, issn_linking, institucion_editora_2, institucion_editora_3, url_revista, url_doaj, When did the journal start to publish all content using an open license?, titulo_alternativo, issn_impreso, issn_electronico, palabras_clave, idiomas, editorial, pais_editorial, Other organisation, Country of other organisation, licencia, atributos_licencia, URL for license terms, cc_legible_maquina, autor_retiene_copyright, Copyright information URL, tipo_revision, Review process information URL, politica_plagio, URL for journal's aims & scope, URL for the Editorial Board page, URL for journal's instructions for authors, semanas_submission_publicacion, tiene_apc, APC information URL, politica_exencion, Waiver policy information URL, tiene_otros_cobros, Other fees information URL, servicios_preservacion, Preservation Service: national library, Preservation information URL, Deposit policy directory, URL for deposit policy, identificadores_persistentes, cumple_oa_doaj, Continues, Continued By, codigos_lcc, subscribe_to_open, Mirror Journal, Open Journals Collective, materias, fecha_incorporacion_doaj, fecha_actualizacion_doaj, Last Full Review Date, num_articulos, fecha_ultimo_articulo, apc_monto, apc_moneda, editorial_rapida"
2027-8101,Cuaderno Activa,cuaderno activa,804,imputado,150.0,True,"apc_monto, apc_moneda","issn_electronic, issn_linking, institucion_editora_2, institucion_editora_3, url_revista, url_doaj, When did the journal start to publish all content using an open license?, titulo_alternativo, issn_impreso, issn_electronico, palabras_clave, idiomas, editorial, pais_editorial, Other organisation, Country of other organisation, licencia, atributos_licencia, URL for license terms, cc_legible_maquina, autor_retiene_copyright, Copyright information URL, tipo_revision, Review process information URL, politica_plagio, URL for journal's aims & scope, URL for the Editorial Board page, URL for journal's instructions for authors, semanas_submission_publicacion, tiene_apc, APC information URL, politica_exencion, Waiver policy information URL, tiene_otros_cobros, Other fees information URL, servicios_preservacion, Preservation Service: national library, Preservation information URL, Deposit policy directory, URL for deposit policy, identificadores_persistentes, cumple_oa_doaj, Continues, Continued By, codigos_lcc, subscribe_to_open, Mirror Journal, Open Journals Collective, materias, fecha_incorporacion_doaj, fecha_actualizacion_doaj, Last Full Review Date, num_articulos, fecha_ultimo_articulo, apc_monto, apc_moneda, editorial_rapida"
0120-6788,Matemáticas: Enseñanza Universitaria,matematicas ensenanza universitaria,805,imputado,150.0,True,"apc_monto, apc_moneda","issn_electronic, issn_linking, codigo_dane, institucion_editora_2, institucion_editora_3, pais_iso, url_revista, url_doaj, When did the journal start to publish all content using an open license?, titulo_alternativo, issn_impreso, issn_electronico, palabras_clave, idiomas, editorial, pais_editorial, Other organisation, Country of other organisation, licencia, atributos_licencia, URL for license terms, cc_legible_maquina, autor_retiene_copyright, Copyright information URL, tipo_revision, Review process information URL, politica_plagio, URL for journal's aims & scope, URL for the Editorial Board page, URL for journal's instructions for authors, semanas_submission_publicacion, tiene_apc, APC information URL, politica_exencion, Waiver policy information URL, tiene_otros_cobros, Other fees information URL, servicios_preservacion, Preservation Service: national library, Preservation information URL, Deposit policy directory, URL for deposit policy, identificadores_persistentes, cumple_oa_doaj, Continues, Continued By, codigos_lcc, subscribe_to_open, Mirror Journal, Open Journals Collective, materias, fecha_incorporacion_doaj, fecha_actualizacion_doaj, Last Full Review Date, num_articulos, fecha_ultimo_articulo, apc_monto, apc_moneda, editorial_rapida"
2027-3335,Revista Comunicaciones En Estadística,comunicaciones estadistica,806,imputado,150.0,True,"apc_monto, apc_moneda","issn_electronic, issn_linking, institucion_editora_2, institucion_editora_3, id_revista_publindex, url_revista, url_doaj, When did the journal start to publish all content using an open license?, titulo_alternativo, issn_impreso, issn_electronico, palabras_clave, idiomas, editorial, pais_editorial, Other organisation, Country of other organisation, licencia, atributos_licencia, URL for license terms, cc_legible_maquina, autor_retiene_copyright, Copyright information URL, tipo_revision, Review process information URL, politica_plagio, URL for journal's aims & scope, URL for the Editorial Board page, URL for journal's instructions for authors, semanas_submission_publicacion, tiene_apc, APC information URL, politica_exencion, Waiver policy information URL, tiene_otros_cobros, Other fees information URL, servicios_preservacion, Preservation Service: national library, Preservation information URL, Deposit policy directory, URL for deposit policy, identificadores_persistentes, cumple_oa_doaj, Continues, Continued By, codigos_lcc, subscribe_to_open, Mirror Journal, Open Journals Collective, materias, fecha_incorporacion_doaj, fecha_actualizacion_doaj, Last Full Review Date, num_articulos, fecha_ultimo_articulo, apc_monto, apc_moneda, editorial_rapida"
1909-5775,"I+T+C Investigación, Tecnología Y Ciencia",i t c investigacion tecnologia ciencia,807,imputado,150.0,True,"apc_monto, apc_moneda","issn_electronic, issn_linking, institucion_editora_2, institucion_editora_3, url_revista, url_doaj, When did the journal start to publish all content using an open license?, titulo_alternativo, issn_impreso, issn_electronico, palabras_clave, idiomas, editorial, pais_editorial, Other organisation, Country of other organisation, licencia, atributos_licencia, URL for license terms, cc_legible_maquina, autor_retiene_copyright, Copyright information URL, tipo_revision, Review process information URL, politica_plagio, URL for journal's aims & scope, URL for the Editorial Board page, URL for journal's instructions for authors, semanas_submission_publicacion, tiene_apc, APC information URL, politica_exencion, Waiver policy information URL, tiene_otros_cobros, Other fees information URL, servicios_preservacion, Preservation Service: national library, Preservation information URL, Deposit policy directory, URL for deposit policy, identificadores_persistentes, cumple_oa_doaj, Continues, Continued By, codigos_lcc, subscribe_to_open, Mirror Journal, Open Journals Collective, materias, fecha_incorporacion_doaj, fecha_actualizacion_doaj, Last Full Review Date, num_articulos, fecha_ultimo_articulo, apc_monto, apc_moneda, editorial_rapida"
1900-8325,Estudios En Seguridad Y Defensa,estudios seguridad defensa,808,imputado,150.0,True,"apc_monto, apc_moneda","issn_electronic, issn_linking, institucion_editora_2, institucion_editora_3, titulo_alternativo, atributos_licencia, Waiver policy information URL, Other fees information URL, Preservation Service: national library, Deposit policy directory, URL for deposit policy, Continues, Continued By, apc_monto, apc_moneda"
0122-7262,Acta Colombiana De Cuidado Intensivo,acta colombiana cuidado intensivo,809,imputado,150.0,True,"apc_monto, apc_moneda","issn_electronic, issn_linking, institucion_editora_2, institucion_editora_3, url_revista, url_doaj, When did the journal start to publish all content using an open license?, titulo_alternativo, issn_impreso, issn_electronico, palabras_clave, idiomas, editorial, pais_editorial, Other organisation, Country of other organisation, licencia, atributos_licencia, URL for license terms, cc_legible_maquina, autor_retiene_copyright, Copyright information URL, tipo_revision, Review process information URL, politica_plagio, URL for journal's aims & scope, URL for the Editorial Board page, URL for journal's instructions for authors, semanas_submission_publicacion, tiene_apc, APC information URL, politica_exencion, Waiver policy information URL, tiene_otros_cobros, Other fees information URL, servicios_preservacion, Preservation Service: national library, Preservation information URL, Deposit policy directory, URL for deposit policy, identificadores_persistentes, cumple_oa_doaj, Continues, Continued By, codigos_lcc, subscribe_to_open, Mirror Journal, Open Journals Collective, materias, fecha_incorporacion_doaj, fecha_actualizacion_doaj, Last Full Review Date, num_articulos, fecha_ultimo_articulo, apc_monto, apc_moneda, editorial_rapida"
1692-1259,Epsilon,epsilon,810,imputado,150.0,True,"apc_monto, apc_moneda","issn_electronic, issn_linking, codigo_dane, institucion_editora_2, institucion_editora_3, pais_iso, url_revista, url_doaj, When did the journal start to publish all content using an open license?, titulo_alternativo, issn_impreso, issn_electronico, palabras_clave, idiomas, editorial, pais_editorial, Other organisation, Country of other organisation, licencia, atributos_licencia, URL for license terms, cc_legible_maquina, autor_retiene_copyright, Copyright information URL, tipo_revision, Review process information URL, politica_plagio, URL for journal's aims & scope, URL for the Editorial Board page, URL for journal's instructions for authors, semanas_submission_publicacion, tiene_apc, APC information URL, politica_exencion, Waiver policy information URL, tiene_otros_cobros, Other fees information URL, servicios_preservacion, Preservation Service: national library, Preservation information URL, Deposit policy directory, URL for deposit policy, identificadores_persistentes, cumple_oa_doaj, Continues, Continued By, codigos_lcc, subscribe_to_open, Mirror Journal, Open Journals Collective, materias, fecha_incorporacion_doaj, fecha_actualizacion_doaj, Last Full Review Date, num_articulos, fecha_ultimo_articulo, apc_monto, apc_moneda, editorial_rapida"
2011-3188,Dearquitectura,dearquitectura,811,imputado,150.0,True,"apc_monto, apc_moneda","issn_electronic, issn_linking, institucion_editora_2, institucion_editora_3, url_revista, url_doaj, When did the journal start to publish all content using an open license?, titulo_alternativo, issn_impreso, issn_electronico, palabras_clave, idiomas, editorial, pais_editorial, Other organisation, Country of other organisation, licencia, atributos_licencia, URL for license terms, cc_legible_maquina, autor_retiene_copyright, Copyright information URL, tipo_revision, Review process information URL, politica_plagio, URL for journal's aims & scope, URL for the Editorial Board page, URL for journal's instructions for authors, semanas_submission_publicacion, tiene_apc, APC information URL, politica_exencion, Waiver policy information URL, tiene_otros_cobros, Other fees information URL, servicios_preservacion, Preservation Service: national library, Preservation information URL, Deposit policy directory, URL for deposit policy, identificadores_persistentes, cumple_oa_doaj, Continues, Continued By, codigos_lcc, subscribe_to_open, Mirror Journal, Open Journals Collective, materias, fecha_incorporacion_doaj, fecha_actualizacion_doaj, Last Full Review Date, num_articulos, fecha_ultimo_articulo, apc_monto, apc_moneda, editorial_rapida"
0120-4165,Controversia,controversia,812,imputado,150.0,True,"apc_monto, apc_moneda","issn_electronic, issn_linking, codigo_dane, institucion_editora_2, institucion_editora_3, pais_iso, titulo_alternativo, atributos_licencia, cc_legible_maquina, Waiver policy information URL, Other fees information URL, servicios_preservacion, Preservation Service: national library, Preservation information URL, Deposit policy directory, URL for deposit policy, Continues, Continued By, apc_monto, apc_moneda"
0121-7593,Revista Educación Y Pedagogía,educacion pedagogia,813,imputado,150.0,True,"apc_monto, apc_moneda","issn_electronic, issn_linking, codigo_dane, institucion_editora_2, institucion_editora_3, pais_iso, url_revista, url_doaj, When did the journal start to publish all content using an open license?, titulo_alternativo, issn_impreso, issn_electronico, palabras_clave, idiomas, editorial, pais_editorial, Other organisation, Country of other organisation, licencia, atributos_licencia, URL for license terms, cc_legible_maquina, autor_retiene_copyright, Copyright information URL, tipo_revision, Review process information URL, politica_plagio, URL for journal's aims & scope, URL for the Editorial Board page, URL for journal's instructions for authors, semanas_submission_publicacion, tiene_apc, APC information URL, politica_exencion, Waiver policy information URL, tiene_otros_cobros, Other fees information URL, servicios_preservacion, Preservation Service: national library, Preservation information URL, Deposit policy directory, URL for deposit policy, identificadores_persistentes, cumple_oa_doaj, Continues, Continued By, codigos_lcc, subscribe_to_open, Mirror Journal, Open Journals Collective, materias, fecha_incorporacion_doaj, fecha_actualizacion_doaj, Last Full Review Date, num_articulos, fecha_ultimo_articulo, apc_monto, apc_moneda, editorial_rapida"
0120-4173,Revista De La Asociación Colombiana De Ciencias Biológicas,asociacion colombiana ciencias biologicas,814,imputado,150.0,True,"apc_monto, apc_moneda","issn_linking, institucion_editora_2, institucion_editora_3, url_revista, url_doaj, When did the journal start to publish all content using an open license?, titulo_alternativo, issn_impreso, issn_electronico, palabras_clave, idiomas, editorial, pais_editorial, Other organisation, Country of other organisation, licencia, atributos_licencia, URL for license terms, cc_legible_maquina, autor_retiene_copyright, Copyright information URL, tipo_revision, Review process information URL, politica_plagio, URL for journal's aims & scope, URL for the Editorial Board page, URL for journal's instructions for authors, semanas_submission_publicacion, tiene_apc, APC information URL, politica_exencion, Waiver policy information URL, tiene_otros_cobros, Other fees information URL, servicios_preservacion, Preservation Service: national library, Preservation information URL, Deposit policy directory, URL for deposit policy, identificadores_persistentes, cumple_oa_doaj, Continues, Continued By, codigos_lcc, subscribe_to_open, Mirror Journal, Open Journals Collective, materias, fecha_incorporacion_doaj, fecha_actualizacion_doaj, Last Full Review Date, num_articulos, fecha_ultimo_articulo, apc_monto, apc_moneda, editorial_rapida"
0120-2729,Revista Colombiana De Cirugia Plastica Y Reconstructiva,colombiana cirugia plastica reconstructiva,815,imputado,150.0,True,"apc_monto, apc_moneda","issn_electronic, issn_linking, institucion_editora_2, institucion_editora_3, url_revista, url_doaj, When did the journal start to publish all content using an open license?, titulo_alternativo, issn_impreso, issn_electronico, palabras_clave, idiomas, editorial, pais_editorial, Other organisation, Country of other organisation, licencia, atributos_licencia, URL for license terms, cc_legible_maquina, autor_retiene_copyright, Copyright information URL, tipo_revision, Review process information URL, politica_plagio, URL for journal's aims & scope, URL for the Editorial Board page, URL for journal's instructions for authors, semanas_submission_publicacion, tiene_apc, APC information URL, politica_exencion, Waiver policy information URL, tiene_otros_cobros, Other fees information URL, servicios_preservacion, Preservation Service: national library, Preservation information URL, Deposit policy directory, URL for deposit policy, identificadores_persistentes, cumple_oa_doaj, Continues, Continued By, codigos_lcc, subscribe_to_open, Mirror Journal, Open Journals Collective, materias, fecha_incorporacion_doaj, fecha_actualizacion_doaj, Last Full Review Date, num_articulos, fecha_ultimo_articulo, apc_monto, apc_moneda, editorial_rapida"
2011-4990,Ud Y La Geomatica,ud geomatica,816,imputado,150.0,True,"apc_monto, apc_moneda","issn_electronic, issn_linking, institucion_editora_2, institucion_editora_3, url_revista, url_doaj, When did the journal start to publish all content using an open license?, titulo_alternativo, issn_impreso, issn_electronico, palabras_clave, idiomas, editorial, pais_editorial, Other organisation, Country of other organisation, licencia, atributos_licencia, URL for license terms, cc_legible_maquina, autor_retiene_copyright, Copyright information URL, tipo_revision, Review process information URL, politica_plagio, URL for journal's aims & scope, URL for the Editorial Board page, URL for journal's instructions for authors, semanas_submission_publicacion, tiene_apc, APC information URL, politica_exencion, Waiver policy information URL, tiene_otros_cobros, Other fees information URL, servicios_preservacion, Preservation Service: national library, Preservation information URL, Deposit policy directory, URL for deposit policy, identificadores_persistentes, cumple_oa_doaj, Continues, Continued By, codigos_lcc, subscribe_to_open, Mirror Journal, Open Journals Collective, materias, fecha_incorporacion_doaj, fecha_actualizacion_doaj, Last Full Review Date, num_articulos, fecha_ultimo_articulo, apc_monto, apc_moneda, editorial_rapida"
0123-0670,Papeles,papeles,817,imputado,150.0,True,"apc_monto, apc_moneda","issn_electronic, issn_linking, institucion_editora_2, institucion_editora_3, titulo_alternativo, Other organisation, Country of other organisation, atributos_licencia, Waiver policy information URL, Other fees information URL, servicios_preservacion, Deposit policy directory, URL for deposit policy, Continues, Continued By, apc_monto, apc_moneda"
1692-3375,Umbral Científico,umbral cientifico,818,imputado,150.0,True,"apc_monto, apc_moneda","issn_electronic, issn_linking, institucion_editora_2, institucion_editora_3, url_revista, url_doaj, When did the journal start to publish all content using an open license?, titulo_alternativo, issn_impreso, issn_electronico, palabras_clave, idiomas, editorial, pais_editorial, Other organisation, Country of other organisation, licencia, atributos_licencia, URL for license terms, cc_legible_maquina, autor_retiene_copyright, Copyright information URL, tipo_revision, Review process information URL, politica_plagio, URL for journal's aims & scope, URL for the Editorial Board page, URL for journal's instructions for authors, semanas_submission_publicacion, tiene_apc, APC information URL, politica_exencion, Waiver policy information URL, tiene_otros_cobros, Other fees information URL, servicios_preservacion, Preservation Service: national library, Preservation information URL, Deposit policy directory, URL for deposit policy, identificadores_persistentes, cumple_oa_doaj, Continues, Continued By, codigos_lcc, subscribe_to_open, Mirror Journal, Open Journals Collective, materias, fecha_incorporacion_doaj, fecha_actualizacion_doaj, Last Full Review Date, num_articulos, fecha_ultimo_articulo, apc_monto, apc_moneda, editorial_rapida"
1692-5114,Revista M,m,819,imputado,150.0,True,"apc_monto, apc_moneda","issn_electronic, issn_linking, institucion_editora_2, institucion_editora_3, url_revista, url_doaj, When did the journal start to publish all content using an open license?, titulo_alternativo, issn_impreso, issn_electronico, palabras_clave, idiomas, editorial, pais_editorial, Other organisation, Country of other organisation, licencia, atributos_licencia, URL for license terms, cc_legible_maquina, autor_retiene_copyright, Copyright information URL, tipo_revision, Review process information URL, politica_plagio, URL for journal's aims & scope, URL for the Editorial Board page, URL for journal's instructions for authors, semanas_submission_publicacion, tiene_apc, APC information URL, politica_exencion, Waiver policy information URL, tiene_otros_cobros, Other fees information URL, servicios_preservacion, Preservation Service: national library, Preservation information URL, Deposit policy directory, URL for deposit policy, identificadores_persistentes, cumple_oa_doaj, Continues, Continued By, codigos_lcc, subscribe_to_open, Mirror Journal, Open Journals Collective, materias, fecha_incorporacion_doaj, fecha_actualizacion_doaj, Last Full Review Date, num_articulos, fecha_ultimo_articulo, apc_monto, apc_moneda, editorial_rapida"
0123-4250,Revista Medica Sanitas,medica sanitas,820,imputado,150.0,True,"apc_monto, apc_moneda","issn_electronic, issn_linking, institucion_editora_2, institucion_editora_3, url_revista, url_doaj, When did the journal start to publish all content using an open license?, titulo_alternativo, issn_impreso, issn_electronico, palabras_clave, idiomas, editorial, pais_editorial, Other organisation, Country of other organisation, licencia, atributos_licencia, URL for license terms, cc_legible_maquina, autor_retiene_copyright, Copyright information URL, tipo_revision, Review process information URL, politica_plagio, URL for journal's aims & scope, URL for the Editorial Board page, URL for journal's instructions for authors, semanas_submission_publicacion, tiene_apc, APC information URL, politica_exencion, Waiver policy information URL, tiene_otros_cobros, Other fees information URL, servicios_preservacion, Preservation Service: national library, Preservation information URL, Deposit policy directory, URL for deposit policy, identificadores_persistentes, cumple_oa_doaj, Continues, Continued By, codigos_lcc, subscribe_to_open, Mirror Journal, Open Journals Collective, materias, fecha_incorporacion_doaj, fecha_actualizacion_doaj, Last Full Review Date, num_articulos, fecha_ultimo_articulo, apc_monto, apc_moneda, editorial_rapida"
0120-3800,Revista Interamericana De Psicología Ocupacional,interamericana psicologia ocupacional,821,imputado,150.0,True,"apc_monto, apc_moneda","issn_electronic, issn_linking, codigo_dane, institucion_editora_2, institucion_editora_3, pais_iso, url_revista, url_doaj, When did the journal start to publish all content using an open license?, titulo_alternativo, issn_impreso, issn_electronico, palabras_clave, idiomas, editorial, pais_editorial, Other organisation, Country of other organisation, licencia, atributos_licencia, URL for license terms, cc_legible_maquina, autor_retiene_copyright, Copyright information URL, tipo_revision, Review process information URL, politica_plagio, URL for journal's aims & scope, URL for the Editorial Board page, URL for journal's instructions for authors, semanas_submission_publicacion, tiene_apc, APC information URL, politica_exencion, Waiver policy information URL, tiene_otros_cobros, Other fees information URL, servicios_preservacion, Preservation Service: national library, Preservation information URL, Deposit policy directory, URL for deposit policy, identificadores_persistentes, cumple_oa_doaj, Continues, Continued By, codigos_lcc, subscribe_to_open, Mirror Journal, Open Journals Collective, materias, fecha_incorporacion_doaj, fecha_actualizacion_doaj, Last Full Review Date, num_articulos, fecha_ultimo_articulo, apc_monto, apc_moneda, editorial_rapida"
0123-2614,Nova Et Vetera,nova et vetera,822,imputado,150.0,True,"apc_monto, apc_moneda","issn_electronic, issn_linking, institucion_editora_2, institucion_editora_3, titulo_alternativo, Other organisation, Country of other organisation, atributos_licencia, Waiver policy information URL, Other fees information URL, servicios_preservacion, Preservation Service: national library, Preservation information URL, Deposit policy directory, URL for deposit policy, Continues, Continued By, Last Full Review Date, apc_monto, apc_moneda"
0120-3045,Maguaré,maguare,823,imputado,150.0,True,"apc_monto, apc_moneda","issn_electronic, issn_linking, institucion_editora_2, institucion_editora_3, titulo_alternativo, Other organisation, Country of other organisation, atributos_licencia, Waiver policy information URL, Other fees information URL, servicios_preservacion, Preservation Service: national library, Preservation information URL, Continues, Continued By, apc_monto, apc_moneda"
2027-3029,Rostros & Rastros,rostros rastros,824,imputado,150.0,True,"apc_monto, apc_moneda","issn_electronic, issn_linking, institucion_editora_2, institucion_editora_3, url_revista, url_doaj, When did the journal start to publish all content using an open license?, titulo_alternativo, issn_impreso, issn_electronico, palabras_clave, idiomas, editorial, pais_editorial, Other organisation, Country of other organisation, licencia, atributos_licencia, URL for license terms, cc_legible_maquina, autor_retiene_copyright, Copyright information URL, tipo_revision, Review process information URL, politica_plagio, URL for journal's aims & scope, URL for the Editorial Board page, URL for journal's instructions for authors, semanas_submission_publicacion, tiene_apc, APC information URL, politica_exencion, Waiver policy information URL, tiene_otros_cobros, Other fees information URL, servicios_preservacion, Preservation Service: national library, Preservation information URL, Deposit policy directory, URL for deposit policy, identificadores_persistentes, cumple_oa_doaj, Continues, Continued By, codigos_lcc, subscribe_to_open, Mirror Journal, Open Journals Collective, materias, fecha_incorporacion_doaj, fecha_actualizacion_doaj, Last Full Review Date, num_articulos, fecha_ultimo_articulo, apc_monto, apc_moneda, editorial_rapida"
1909-8642,Ciencia Y Tecnología De Buques /Ship Science And Technology,ciencia tecnologia buques ship science technology,825,imputado,150.0,True,"apc_monto, apc_moneda","issn_electronic, issn_linking, institucion_editora_2, institucion_editora_3, titulo_alternativo, Other organisation, Country of other organisation, atributos_licencia, Waiver policy information URL, Other fees information URL, Preservation Service: national library, Deposit policy directory, URL for deposit policy, Continues, Continued By, Last Full Review Date, fecha_ultimo_articulo, apc_monto, apc_moneda"
1909-230X,Ciencia Política,ciencia politica,826,imputado,150.0,True,"apc_monto, apc_moneda","issn_electronic, issn_linking, institucion_editora_2, institucion_editora_3, Other organisation, Country of other organisation, atributos_licencia, cc_legible_maquina, Waiver policy information URL, Other fees information URL, Preservation Service: national library, Deposit policy directory, URL for deposit policy, Continues, Continued By, apc_monto, apc_moneda"
2027-0658,Derrotero,derrotero,827,imputado,150.0,True,"apc_monto, apc_moneda","issn_electronic, issn_linking, institucion_editora_2, institucion_editora_3, Other organisation, Country of other organisation, atributos_licencia, Waiver policy information URL, Other fees information URL, servicios_preservacion, Preservation Service: national library, Preservation information URL, Deposit policy directory, URL for deposit policy, identificadores_persistentes, Continues, Continued By, apc_monto, apc_moneda"
0120-095X,Revista Uis Humanidades,uis humanidades,828,imputado,150.0,True,"apc_monto, apc_moneda","issn_electronic, issn_linking, codigo_dane, institucion_editora_2, institucion_editora_3, pais_iso, url_revista, url_doaj, When did the journal start to publish all content using an open license?, titulo_alternativo, issn_impreso, issn_electronico, palabras_clave, idiomas, editorial, pais_editorial, Other organisation, Country of other organisation, licencia, atributos_licencia, URL for license terms, cc_legible_maquina, autor_retiene_copyright, Copyright information URL, tipo_revision, Review process information URL, politica_plagio, URL for journal's aims & scope, URL for the Editorial Board page, URL for journal's instructions for authors, semanas_submission_publicacion, tiene_apc, APC information URL, politica_exencion, Waiver policy information URL, tiene_otros_cobros, Other fees information URL, servicios_preservacion, Preservation Service: national library, Preservation information URL, Deposit policy directory, URL for deposit policy, identificadores_persistentes, cumple_oa_doaj, Continues, Continued By, codigos_lcc, subscribe_to_open, Mirror Journal, Open Journals Collective, materias, fecha_incorporacion_doaj, fecha_actualizacion_doaj, Last Full Review Date, num_articulos, fecha_ultimo_articulo, apc_monto, apc_moneda, editorial_rapida"
1900-0448,Iusta,iusta,829,imputado,150.0,True,"apc_monto, apc_moneda","issn_electronic, issn_linking, institucion_editora_2, institucion_editora_3, titulo_alternativo, Country of other organisation, atributos_licencia, cc_legible_maquina, Copyright information URL, Waiver policy information URL, servicios_preservacion, Preservation Service: national library, Preservation information URL, Deposit policy directory, URL for deposit policy, Continues, Continued By, apc_monto, apc_moneda"
2027-1433,Gestión & Sociedad,gestion sociedad,830,imputado,150.0,True,"apc_monto, apc_moneda","issn_electronic, issn_linking, institucion_editora_2, institucion_editora_3, url_revista, url_doaj, When did the journal start to publish all content using an open license?, titulo_alternativo, issn_impreso, issn_electronico, palabras_clave, idiomas, editorial, pais_editorial, Other organisation, Country of other organisation, licencia, atributos_licencia, URL for license terms, cc_legible_maquina, autor_retiene_copyright, Copyright information URL, tipo_revision, Review process information URL, politica_plagio, URL for journal's aims & scope, URL for the Editorial Board page, URL for journal's instructions for authors, semanas_submission_publicacion, tiene_apc, APC information URL, politica_exencion, Waiver policy information URL, tiene_otros_cobros, Other fees information URL, servicios_preservacion, Preservation Service: national library, Preservation information URL, Deposit policy directory, URL for deposit policy, identificadores_persistentes, cumple_oa_doaj, Continues, Continued By, codigos_lcc, subscribe_to_open, Mirror Journal, Open Journals Collective, materias, fecha_incorporacion_doaj, fecha_actualizacion_doaj, Last Full Review Date, num_articulos, fecha_ultimo_articulo, apc_monto, apc_moneda, editorial_rapida"
0123-0999,Pensamiento Y Cultura,pensamiento cultura,831,imputado,150.0,True,"apc_monto, apc_moneda","issn_electronic, issn_linking, institucion_editora_2, institucion_editora_3, url_revista, url_doaj, When did the journal start to publish all content using an open license?, titulo_alternativo, issn_impreso, issn_electronico, palabras_clave, idiomas, editorial, pais_editorial, Other organisation, Country of other organisation, licencia, atributos_licencia, URL for license terms, cc_legible_maquina, autor_retiene_copyright, Copyright information URL, tipo_revision, Review process information URL, politica_plagio, URL for journal's aims & scope, URL for the Editorial Board page, URL for journal's instructions for authors, semanas_submission_publicacion, tiene_apc, APC information URL, politica_exencion, Waiver policy information URL, tiene_otros_cobros, Other fees information URL, servicios_preservacion, Preservation Service: national library, Preservation information URL, Deposit policy directory, URL for deposit policy, identificadores_persistentes, cumple_oa_doaj, Continues, Continued By, codigos_lcc, subscribe_to_open, Mirror Journal, Open Journals Collective, materias, fecha_incorporacion_doaj, fecha_actualizacion_doaj, Last Full Review Date, num_articulos, fecha_ultimo_articulo, apc_monto, apc_moneda, editorial_rapida"
1900-9909,Nexus,nexus,832,imputado,150.0,True,"apc_monto, apc_moneda","issn_electronic, issn_linking, institucion_editora_2, institucion_editora_3, url_revista, url_doaj, When did the journal start to publish all content using an open license?, titulo_alternativo, issn_impreso, issn_electronico, palabras_clave, idiomas, editorial, pais_editorial, Other organisation, Country of other organisation, licencia, atributos_licencia, URL for license terms, cc_legible_maquina, autor_retiene_copyright, Copyright information URL, tipo_revision, Review process information URL, politica_plagio, URL for journal's aims & scope, URL for the Editorial Board page, URL for journal's instructions for authors, semanas_submission_publicacion, tiene_apc, APC information URL, politica_exencion, Waiver policy information URL, tiene_otros_cobros, Other fees information URL, servicios_preservacion, Preservation Service: national library, Preservation information URL, Deposit policy directory, URL for deposit policy, identificadores_persistentes, cumple_oa_doaj, Continues, Continued By, codigos_lcc, subscribe_to_open, Mirror Journal, Open Journals Collective, materias, fecha_incorporacion_doaj, fecha_actualizacion_doaj, Last Full Review Date, num_articulos, fecha_ultimo_articulo, apc_monto, apc_moneda, editorial_rapida"
2811-3854,Soluciones De Postgrados Eia,soluciones postgrados eia,833,imputado,150.0,True,"apc_monto, apc_moneda","issn_electronic, issn_linking, institucion_editora_2, institucion_editora_3, id_revista_publindex, url_revista, url_doaj, When did the journal start to publish all content using an open license?, titulo_alternativo, issn_impreso, issn_electronico, palabras_clave, idiomas, editorial, pais_editorial, Other organisation, Country of other organisation, licencia, atributos_licencia, URL for license terms, cc_legible_maquina, autor_retiene_copyright, Copyright information URL, tipo_revision, Review process information URL, politica_plagio, URL for journal's aims & scope, URL for the Editorial Board page, URL for journal's instructions for authors, semanas_submission_publicacion, tiene_apc, APC information URL, politica_exencion, Waiver policy information URL, tiene_otros_cobros, Other fees information URL, servicios_preservacion, Preservation Service: national library, Preservation information URL, Deposit policy directory, URL for deposit policy, identificadores_persistentes, cumple_oa_doaj, Continues, Continued By, codigos_lcc, subscribe_to_open, Mirror Journal, Open Journals Collective, materias, fecha_incorporacion_doaj, fecha_actualizacion_doaj, Last Full Review Date, num_articulos, fecha_ultimo_articulo, apc_monto, apc_moneda, editorial_rapida"
2145-8987,"Perífrasis. Revista De Literatura, Teoría Y Crítica",perifrasis literatura teoria critica,834,imputado,150.0,True,"apc_monto, apc_moneda","issn_linking, institucion_editora_2, institucion_editora_3, titulo_alternativo, Other organisation, Country of other organisation, atributos_licencia, cc_legible_maquina, Waiver policy information URL, Other fees information URL, servicios_preservacion, Preservation Service: national library, Preservation information URL, Deposit policy directory, URL for deposit policy, Continues, Continued By, apc_monto, apc_moneda"
0122-0799,Revista Instituto Colombiano De Derecho Tributario - Icdt,instituto colombiano derecho tributario icdt,835,imputado,150.0,True,"apc_monto, apc_moneda","issn_electronic, issn_linking, institucion_editora_2, institucion_editora_3, url_revista, url_doaj, When did the journal start to publish all content using an open license?, titulo_alternativo, issn_impreso, issn_electronico, palabras_clave, idiomas, editorial, pais_editorial, Other organisation, Country of other organisation, licencia, atributos_licencia, URL for license terms, cc_legible_maquina, autor_retiene_copyright, Copyright information URL, tipo_revision, Review process information URL, politica_plagio, URL for journal's aims & scope, URL for the Editorial Board page, URL for journal's instructions for authors, semanas_submission_publicacion, tiene_apc, APC information URL, politica_exencion, Waiver policy information URL, tiene_otros_cobros, Other fees information URL, servicios_preservacion, Preservation Service: national library, Preservation information URL, Deposit policy directory, URL for deposit policy, identificadores_persistentes, cumple_oa_doaj, Continues, Continued By, codigos_lcc, subscribe_to_open, Mirror Journal, Open Journals Collective, materias, fecha_incorporacion_doaj, fecha_actualizacion_doaj, Last Full Review Date, num_articulos, fecha_ultimo_articulo, apc_monto, apc_moneda, editorial_rapida"
0120-0445,Revista De La Sociedad Colombiana De Psicoanálisis,sociedad colombiana psicoanalisis,836,imputado,150.0,True,"apc_monto, apc_moneda","issn_electronic, issn_linking, institucion_editora_2, institucion_editora_3, url_revista, url_doaj, When did the journal start to publish all content using an open license?, titulo_alternativo, issn_impreso, issn_electronico, palabras_clave, idiomas, editorial, pais_editorial, Other organisation, Country of other organisation, licencia, atributos_licencia, URL for license terms, cc_legible_maquina, autor_retiene_copyright, Copyright information URL, tipo_revision, Review process information URL, politica_plagio, URL for journal's aims & scope, URL for the Editorial Board page, URL for journal's instructions for authors, semanas_submission_publicacion, tiene_apc, APC information URL, politica_exencion, Waiver policy information URL, tiene_otros_cobros, Other fees information URL, servicios_preservacion, Preservation Service: national library, Preservation information URL, Deposit policy directory, URL for deposit policy, identificadores_persistentes, cumple_oa_doaj, Continues, Continued By, codigos_lcc, subscribe_to_open, Mirror Journal, Open Journals Collective, materias, fecha_incorporacion_doaj, fecha_actualizacion_doaj, Last Full Review Date, num_articulos, fecha_ultimo_articulo, apc_monto, apc_moneda, editorial_rapida"
2011-074X,Revista S,s,837,imputado,150.0,True,"apc_monto, apc_moneda","issn_electronic, issn_linking, codigo_dane, institucion_editora_2, institucion_editora_3, pais_iso, url_revista, url_doaj, When did the journal start to publish all content using an open license?, titulo_alternativo, issn_impreso, issn_electronico, palabras_clave, idiomas, editorial, pais_editorial, Other organisation, Country of other organisation, licencia, atributos_licencia, URL for license terms, cc_legible_maquina, autor_retiene_copyright, Copyright information URL, tipo_revision, Review process information URL, politica_plagio, URL for journal's aims & scope, URL for the Editorial Board page, URL for journal's instructions for authors, semanas_submission_publicacion, tiene_apc, APC information URL, politica_exencion, Waiver policy information URL, tiene_otros_cobros, Other fees information URL, servicios_preservacion, Preservation Service: national library, Preservation information URL, Deposit policy directory, URL for deposit policy, identificadores_persistentes, cumple_oa_doaj, Continues, Continued By, codigos_lcc, subscribe_to_open, Mirror Journal, Open Journals Collective, materias, fecha_incorporacion_doaj, fecha_actualizacion_doaj, Last Full Review Date, num_articulos, fecha_ultimo_articulo, apc_monto, apc_moneda, editorial_rapida"
1657-6985,Ingeniería Y Región,ingenieria region,838,imputado,150.0,True,"apc_monto, apc_moneda","issn_electronic, issn_linking, institucion_editora_2, institucion_editora_3, url_revista, url_doaj, When did the journal start to publish all content using an open license?, titulo_alternativo, issn_impreso, issn_electronico, palabras_clave, idiomas, editorial, pais_editorial, Other organisation, Country of other organisation, licencia, atributos_licencia, URL for license terms, cc_legible_maquina, autor_retiene_copyright, Copyright information URL, tipo_revision, Review process information URL, politica_plagio, URL for journal's aims & scope, URL for the Editorial Board page, URL for journal's instructions for authors, semanas_submission_publicacion, tiene_apc, APC information URL, politica_exencion, Waiver policy information URL, tiene_otros_cobros, Other fees information URL, servicios_preservacion, Preservation Service: national library, Preservation information URL, Deposit policy directory, URL for deposit policy, identificadores_persistentes, cumple_oa_doaj, Continues, Continued By, codigos_lcc, subscribe_to_open, Mirror Journal, Open Journals Collective, materias, fecha_incorporacion_doaj, fecha_actualizacion_doaj, Last Full Review Date, num_articulos, fecha_ultimo_articulo, apc_monto, apc_moneda, editorial_rapida"
1657-2831,Revista Colombiana De Computación,colombiana computacion,839,imputado,150.0,True,"apc_monto, apc_moneda","issn_electronic, issn_linking, institucion_editora_2, institucion_editora_3, titulo_alternativo, Country of other organisation, atributos_licencia, cc_legible_maquina, Copyright information URL, Waiver policy information URL, servicios_preservacion, Preservation Service: national library, Preservation information URL, Deposit policy directory, URL for deposit policy, identificadores_persistentes, Continues, Continued By, apc_monto, apc_moneda"
2011-7213,Pensamiento Y Poder,pensamiento poder,840,imputado,150.0,True,"apc_monto, apc_moneda","issn_electronic, issn_linking, codigo_dane, institucion_editora_2, institucion_editora_3, pais_iso, url_revista, url_doaj, When did the journal start to publish all content using an open license?, titulo_alternativo, issn_impreso, issn_electronico, palabras_clave, idiomas, editorial, pais_editorial, Other organisation, Country of other organisation, licencia, atributos_licencia, URL for license terms, cc_legible_maquina, autor_retiene_copyright, Copyright information URL, tipo_revision, Review process information URL, politica_plagio, URL for journal's aims & scope, URL for the Editorial Board page, URL for journal's instructions for authors, semanas_submission_publicacion, tiene_apc, APC information URL, politica_exencion, Waiver policy information URL, tiene_otros_cobros, Other fees information URL, servicios_preservacion, Preservation Service: national library, Preservation information URL, Deposit policy directory, URL for deposit policy, identificadores_persistentes, cumple_oa_doaj, Continues, Continued By, codigos_lcc, subscribe_to_open, Mirror Journal, Open Journals Collective, materias, fecha_incorporacion_doaj, fecha_actualizacion_doaj, Last Full Review Date, num_articulos, fecha_ultimo_articulo, apc_monto, apc_moneda, editorial_rapida"
2146-5147,Desarrollo Gerencial. Revista De La Facultad De Ciencias Económicas Administrativas Y Contables.,desarrollo gerencial facultad ciencias economicas administrativas contables,841,imputado,150.0,True,"apc_monto, apc_moneda","issn_electronic, issn_linking, institucion_editora_2, institucion_editora_3, id_revista_publindex, url_revista, url_doaj, When did the journal start to publish all content using an open license?, titulo_alternativo, issn_impreso, issn_electronico, palabras_clave, idiomas, editorial, pais_editorial, Other organisation, Country of other organisation, licencia, atributos_licencia, URL for license terms, cc_legible_maquina, autor_retiene_copyright, Copyright information URL, tipo_revision, Review process information URL, politica_plagio, URL for journal's aims & scope, URL for the Editorial Board page, URL for journal's instructions for authors, semanas_submission_publicacion, tiene_apc, APC information URL, politica_exencion, Waiver policy information URL, tiene_otros_cobros, Other fees information URL, servicios_preservacion, Preservation Service: national library, Preservation information URL, Deposit policy directory, URL for deposit policy, identificadores_persistentes, cumple_oa_doaj, Continues, Continued By, codigos_lcc, subscribe_to_open, Mirror Journal, Open Journals Collective, materias, fecha_incorporacion_doaj, fecha_actualizacion_doaj, Last Full Review Date, num_articulos, fecha_ultimo_articulo, apc_monto, apc_moneda, editorial_rapida"
1657-6276,Pensamiento & Gestión,pensamiento gestion,842,imputado,150.0,True,"apc_monto, apc_moneda","issn_electronic, issn_linking, institucion_editora_2, institucion_editora_3, url_revista, url_doaj, When did the journal start to publish all content using an open license?, titulo_alternativo, issn_impreso, issn_electronico, palabras_clave, idiomas, editorial, pais_editorial, Other organisation, Country of other organisation, licencia, atributos_licencia, URL for license terms, cc_legible_maquina, autor_retiene_copyright, Copyright information URL, tipo_revision, Review process information URL, politica_plagio, URL for journal's aims & scope, URL for the Editorial Board page, URL for journal's instructions for authors, semanas_submission_publicacion, tiene_apc, APC information URL, politica_exencion, Waiver policy information URL, tiene_otros_cobros, Other fees information URL, servicios_preservacion, Preservation Service: national library, Preservation information URL, Deposit policy directory, URL for deposit policy, identificadores_persistentes, cumple_oa_doaj, Continues, Continued By, codigos_lcc, subscribe_to_open, Mirror Journal, Open Journals Collective, materias, fecha_incorporacion_doaj, fecha_actualizacion_doaj, Last Full Review Date, num_articulos, fecha_ultimo_articulo, apc_monto, apc_moneda, editorial_rapida"
2027-7458,Analecta Política,analecta politica,843,imputado,150.0,True,"apc_monto, apc_moneda","issn_electronic, issn_linking, institucion_editora_2, institucion_editora_3, titulo_alternativo, Other organisation, Country of other organisation, atributos_licencia, Waiver policy information URL, Other fees information URL, servicios_preservacion, Preservation Service: national library, Preservation information URL, Deposit policy directory, URL for deposit policy, identificadores_persistentes, Continues, Continued By, fecha_ultimo_articulo, apc_monto, apc_moneda"
0121-0483,Derecho Penal Y Criminología,derecho penal criminologia,844,imputado,150.0,True,"apc_monto, apc_moneda","issn_electronic, issn_linking, institucion_editora_2, institucion_editora_3, Country of other organisation, atributos_licencia, cc_legible_maquina, Waiver policy information URL, servicios_preservacion, Preservation Service: national library, Preservation information URL, URL for deposit policy, Continues, Continued By, apc_monto, apc_moneda"
0072-0992,Geología Colombiana,geologia colombiana,845,imputado,150.0,True,"apc_monto, apc_moneda","issn_electronic, issn_linking, institucion_editora_2, institucion_editora_3, url_revista, url_doaj, When did the journal start to publish all content using an open license?, titulo_alternativo, issn_impreso, issn_electronico, palabras_clave, idiomas, editorial, pais_editorial, Other organisation, Country of other organisation, licencia, atributos_licencia, URL for license terms, cc_legible_maquina, autor_retiene_copyright, Copyright information URL, tipo_revision, Review process information URL, politica_plagio, URL for journal's aims & scope, URL for the Editorial Board page, URL for journal's instructions for authors, semanas_submission_publicacion, tiene_apc, APC information URL, politica_exencion, Waiver policy information URL, tiene_otros_cobros, Other fees information URL, servicios_preservacion, Preservation Service: national library, Preservation information URL, Deposit policy directory, URL for deposit policy, identificadores_persistentes, cumple_oa_doaj, Continues, Continued By, codigos_lcc, subscribe_to_open, Mirror Journal, Open Journals Collective, materias, fecha_incorporacion_doaj, fecha_actualizacion_doaj, Last Full Review Date, num_articulos, fecha_ultimo_articulo, apc_monto, apc_moneda, editorial_rapida"
0120-0453,Revista Sociedad Colombiana De Oftalmología,sociedad colombiana oftalmologia,846,imputado,150.0,True,"apc_monto, apc_moneda","issn_electronic, issn_linking, institucion_editora_2, institucion_editora_3, url_revista, url_doaj, When did the journal start to publish all content using an open license?, titulo_alternativo, issn_impreso, issn_electronico, palabras_clave, idiomas, editorial, pais_editorial, Other organisation, Country of other organisation, licencia, atributos_licencia, URL for license terms, cc_legible_maquina, autor_retiene_copyright, Copyright information URL, tipo_revision, Review process information URL, politica_plagio, URL for journal's aims & scope, URL for the Editorial Board page, URL for journal's instructions for authors, semanas_submission_publicacion, tiene_apc, APC information URL, politica_exencion, Waiver policy information URL, tiene_otros_cobros, Other fees information URL, servicios_preservacion, Preservation Service: national library, Preservation information URL, Deposit policy directory, URL for deposit policy, identificadores_persistentes, cumple_oa_doaj, Continues, Continued By, codigos_lcc, subscribe_to_open, Mirror Journal, Open Journals Collective, materias, fecha_incorporacion_doaj, fecha_actualizacion_doaj, Last Full Review Date, num_articulos, fecha_ultimo_articulo, apc_monto, apc_moneda, editorial_rapida"
0123-9678,Ventana Informática,ventana informatica,847,imputado,150.0,True,"apc_monto, apc_moneda","issn_electronic, issn_linking, institucion_editora_2, institucion_editora_3, url_revista, url_doaj, When did the journal start to publish all content using an open license?, titulo_alternativo, issn_impreso, issn_electronico, palabras_clave, idiomas, editorial, pais_editorial, Other organisation, Country of other organisation, licencia, atributos_licencia, URL for license terms, cc_legible_maquina, autor_retiene_copyright, Copyright information URL, tipo_revision, Review process information URL, politica_plagio, URL for journal's aims & scope, URL for the Editorial Board page, URL for journal's instructions for authors, semanas_submission_publicacion, tiene_apc, APC information URL, politica_exencion, Waiver policy information URL, tiene_otros_cobros, Other fees information URL, servicios_preservacion, Preservation Service: national library, Preservation information URL, Deposit policy directory, URL for deposit policy, identificadores_persistentes, cumple_oa_doaj, Continues, Continued By, codigos_lcc, subscribe_to_open, Mirror Journal, Open Journals Collective, materias, fecha_incorporacion_doaj, fecha_actualizacion_doaj, Last Full Review Date, num_articulos, fecha_ultimo_articulo, apc_monto, apc_moneda, editorial_rapida"
0121-7372,Repertorio De Medicina Y Cirugía,repertorio medicina cirugia,848,imputado,150.0,True,"apc_monto, apc_moneda","issn_linking, institucion_editora_2, institucion_editora_3, titulo_alternativo, Country of other organisation, atributos_licencia, Waiver policy information URL, Other fees information URL, servicios_preservacion, Preservation Service: national library, Preservation information URL, Deposit policy directory, URL for deposit policy, Continues, Continued By, apc_monto, apc_moneda"
2011-4540,Nuevo Derecho,nuevo derecho,849,imputado,150.0,True,"apc_monto, apc_moneda","issn_electronic, issn_linking, institucion_editora_2, institucion_editora_3, titulo_alternativo, Other organisation, atributos_licencia, cc_legible_maquina, Waiver policy information URL, Other fees information URL, servicios_preservacion, Preservation Service: national library, Preservation information URL, Deposit policy directory, URL for deposit policy, Continues, Continued By, apc_monto, apc_moneda"
0124-7905,Entornos,entornos,850,imputado,150.0,True,"apc_monto, apc_moneda","issn_electronic, issn_linking, institucion_editora_2, institucion_editora_3, url_revista, url_doaj, When did the journal start to publish all content using an open license?, titulo_alternativo, issn_impreso, issn_electronico, palabras_clave, idiomas, editorial, pais_editorial, Other organisation, Country of other organisation, licencia, atributos_licencia, URL for license terms, cc_legible_maquina, autor_retiene_copyright, Copyright information URL, tipo_revision, Review process information URL, politica_plagio, URL for journal's aims & scope, URL for the Editorial Board page, URL for journal's instructions for authors, semanas_submission_publicacion, tiene_apc, APC information URL, politica_exencion, Waiver policy information URL, tiene_otros_cobros, Other fees information URL, servicios_preservacion, Preservation Service: national library, Preservation information URL, Deposit policy directory, URL for deposit policy, identificadores_persistentes, cumple_oa_doaj, Continues, Continued By, codigos_lcc, subscribe_to_open, Mirror Journal, Open Journals Collective, materias, fecha_incorporacion_doaj, fecha_actualizacion_doaj, Last Full Review Date, num_articulos, fecha_ultimo_articulo, apc_monto, apc_moneda, editorial_rapida"
2145-7735,Revista Colombiana De Investigacion En Odontologia,colombiana investigacion odontologia,851,imputado,150.0,True,"apc_monto, apc_moneda","issn_electronic, issn_linking, codigo_dane, institucion_editora_2, institucion_editora_3, pais_iso, url_revista, url_doaj, When did the journal start to publish all content using an open license?, titulo_alternativo, issn_impreso, issn_electronico, palabras_clave, idiomas, editorial, pais_editorial, Other organisation, Country of other organisation, licencia, atributos_licencia, URL for license terms, cc_legible_maquina, autor_retiene_copyright, Copyright information URL, tipo_revision, Review process information URL, politica_plagio, URL for journal's aims & scope, URL for the Editorial Board page, URL for journal's instructions for authors, semanas_submission_publicacion, tiene_apc, APC information URL, politica_exencion, Waiver policy information URL, tiene_otros_cobros, Other fees information URL, servicios_preservacion, Preservation Service: national library, Preservation information URL, Deposit policy directory, URL for deposit policy, identificadores_persistentes, cumple_oa_doaj, Continues, Continued By, codigos_lcc, subscribe_to_open, Mirror Journal, Open Journals Collective, materias, fecha_incorporacion_doaj, fecha_actualizacion_doaj, Last Full Review Date, num_articulos, fecha_ultimo_articulo, apc_monto, apc_moneda, editorial_rapida"
0123-1022,Folios,folios,852,imputado,150.0,True,"apc_monto, apc_moneda","issn_electronic, issn_linking, codigo_dane, institucion_editora_2, institucion_editora_3, pais_iso, url_revista, url_doaj, When did the journal start to publish all content using an open license?, titulo_alternativo, issn_impreso, issn_electronico, palabras_clave, idiomas, editorial, pais_editorial, Other organisation, Country of other organisation, licencia, atributos_licencia, URL for license terms, cc_legible_maquina, autor_retiene_copyright, Copyright information URL, tipo_revision, Review process information URL, politica_plagio, URL for journal's aims & scope, URL for the Editorial Board page, URL for journal's instructions for authors, semanas_submission_publicacion, tiene_apc, APC information URL, politica_exencion, Waiver policy information URL, tiene_otros_cobros, Other fees information URL, servicios_preservacion, Preservation Service: national library, Preservation information URL, Deposit policy directory, URL for deposit policy, identificadores_persistentes, cumple_oa_doaj, Continues, Continued By, codigos_lcc, subscribe_to_open, Mirror Journal, Open Journals Collective, materias, fecha_incorporacion_doaj, fecha_actualizacion_doaj, Last Full Review Date, num_articulos, fecha_ultimo_articulo, apc_monto, apc_moneda, editorial_rapida"
1692-9918,Ingenieria De Recursos Naturales Y Del Ambiente,ingenieria recursos naturales ambiente,853,imputado,150.0,True,"apc_monto, apc_moneda","issn_electronic, issn_linking, codigo_dane, institucion_editora_2, institucion_editora_3, pais_iso, url_revista, url_doaj, When did the journal start to publish all content using an open license?, titulo_alternativo, issn_impreso, issn_electronico, palabras_clave, idiomas, editorial, pais_editorial, Other organisation, Country of other organisation, licencia, atributos_licencia, URL for license terms, cc_legible_maquina, autor_retiene_copyright, Copyright information URL, tipo_revision, Review process information URL, politica_plagio, URL for journal's aims & scope, URL for the Editorial Board page, URL for journal's instructions for authors, semanas_submission_publicacion, tiene_apc, APC information URL, politica_exencion, Waiver policy information URL, tiene_otros_cobros, Other fees information URL, servicios_preservacion, Preservation Service: national library, Preservation information URL, Deposit policy directory, URL for deposit policy, identificadores_persistentes, cumple_oa_doaj, Continues, Continued By, codigos_lcc, subscribe_to_open, Mirror Journal, Open Journals Collective, materias, fecha_incorporacion_doaj, fecha_actualizacion_doaj, Last Full Review Date, num_articulos, fecha_ultimo_articulo, apc_monto, apc_moneda, editorial_rapida"
0122-7017,Enterese,enterese,854,imputado,150.0,True,"apc_monto, apc_moneda","issn_electronic, issn_linking, institucion_editora_2, institucion_editora_3, url_revista, url_doaj, When did the journal start to publish all content using an open license?, titulo_alternativo, issn_impreso, issn_electronico, palabras_clave, idiomas, editorial, pais_editorial, Other organisation, Country of other organisation, licencia, atributos_licencia, URL for license terms, cc_legible_maquina, autor_retiene_copyright, Copyright information URL, tipo_revision, Review process information URL, politica_plagio, URL for journal's aims & scope, URL for the Editorial Board page, URL for journal's instructions for authors, semanas_submission_publicacion, tiene_apc, APC information URL, politica_exencion, Waiver policy information URL, tiene_otros_cobros, Other fees information URL, servicios_preservacion, Preservation Service: national library, Preservation information URL, Deposit policy directory, URL for deposit policy, identificadores_persistentes, cumple_oa_doaj, Continues, Continued By, codigos_lcc, subscribe_to_open, Mirror Journal, Open Journals Collective, materias, fecha_incorporacion_doaj, fecha_actualizacion_doaj, Last Full Review Date, num_articulos, fecha_ultimo_articulo, apc_monto, apc_moneda, editorial_rapida"
2145-6836,Expeditio,expeditio,855,imputado,150.0,True,"apc_monto, apc_moneda","issn_electronic, issn_linking, codigo_dane, institucion_editora_2, institucion_editora_3, pais_iso, url_revista, url_doaj, When did the journal start to publish all content using an open license?, titulo_alternativo, issn_impreso, issn_electronico, palabras_clave, idiomas, editorial, pais_editorial, Other organisation, Country of other organisation, licencia, atributos_licencia, URL for license terms, cc_legible_maquina, autor_retiene_copyright, Copyright information URL, tipo_revision, Review process information URL, politica_plagio, URL for journal's aims & scope, URL for the Editorial Board page, URL for journal's instructions for authors, semanas_submission_publicacion, tiene_apc, APC information URL, politica_exencion, Waiver policy information URL, tiene_otros_cobros, Other fees information URL, servicios_preservacion, Preservation Service: national library, Preservation information URL, Deposit policy directory, URL for deposit policy, identificadores_persistentes, cumple_oa_doaj, Continues, Continued By, codigos_lcc, subscribe_to_open, Mirror Journal, Open Journals Collective, materias, fecha_incorporacion_doaj, fecha_actualizacion_doaj, Last Full Review Date, num_articulos, fecha_ultimo_articulo, apc_monto, apc_moneda, editorial_rapida"
1909-258X,Revista Especializada En Sistemas Informáticos,especializada sistemas informaticos,856,imputado,150.0,True,"apc_monto, apc_moneda","issn_electronic, issn_linking, institucion_editora_2, institucion_editora_3, url_revista, url_doaj, When did the journal start to publish all content using an open license?, titulo_alternativo, issn_impreso, issn_electronico, palabras_clave, idiomas, editorial, pais_editorial, Other organisation, Country of other organisation, licencia, atributos_licencia, URL for license terms, cc_legible_maquina, autor_retiene_copyright, Copyright information URL, tipo_revision, Review process information URL, politica_plagio, URL for journal's aims & scope, URL for the Editorial Board page, URL for journal's instructions for authors, semanas_submission_publicacion, tiene_apc, APC information URL, politica_exencion, Waiver policy information URL, tiene_otros_cobros, Other fees information URL, servicios_preservacion, Preservation Service: national library, Preservation information URL, Deposit policy directory, URL for deposit policy, identificadores_persistentes, cumple_oa_doaj, Continues, Continued By, codigos_lcc, subscribe_to_open, Mirror Journal, Open Journals Collective, materias, fecha_incorporacion_doaj, fecha_actualizacion_doaj, Last Full Review Date, num_articulos, fecha_ultimo_articulo, apc_monto, apc_moneda, editorial_rapida"
1692-3502,Ensayos. Historia Y Teoría Del Arte,ensayos historia teoria arte,857,imputado,150.0,True,"apc_monto, apc_moneda","issn_electronic, issn_linking, institucion_editora_2, institucion_editora_3, url_revista, url_doaj, When did the journal start to publish all content using an open license?, titulo_alternativo, issn_impreso, issn_electronico, palabras_clave, idiomas, editorial, pais_editorial, Other organisation, Country of other organisation, licencia, atributos_licencia, URL for license terms, cc_legible_maquina, autor_retiene_copyright, Copyright information URL, tipo_revision, Review process information URL, politica_plagio, URL for journal's aims & scope, URL for the Editorial Board page, URL for journal's instructions for authors, semanas_submission_publicacion, tiene_apc, APC information URL, politica_exencion, Waiver policy information URL, tiene_otros_cobros, Other fees information URL, servicios_preservacion, Preservation Service: national library, Preservation information URL, Deposit policy directory, URL for deposit policy, identificadores_persistentes, cumple_oa_doaj, Continues, Continued By, codigos_lcc, subscribe_to_open, Mirror Journal, Open Journals Collective, materias, fecha_incorporacion_doaj, fecha_actualizacion_doaj, Last Full Review Date, num_articulos, fecha_ultimo_articulo, apc_monto, apc_moneda, editorial_rapida"
0122-3641,Ingenieria Y Desarrollo,ingenieria desarrollo,858,imputado,150.0,True,"apc_monto, apc_moneda","issn_electronic, issn_linking, institucion_editora_2, institucion_editora_3, id_revista_publindex, url_revista, url_doaj, When did the journal start to publish all content using an open license?, titulo_alternativo, issn_impreso, issn_electronico, palabras_clave, idiomas, editorial, pais_editorial, Other organisation, Country of other organisation, licencia, atributos_licencia, URL for license terms, cc_legible_maquina, autor_retiene_copyright, Copyright information URL, tipo_revision, Review process information URL, politica_plagio, URL for journal's aims & scope, URL for the Editorial Board page, URL for journal's instructions for authors, semanas_submission_publicacion, tiene_apc, APC information URL, politica_exencion, Waiver policy information URL, tiene_otros_cobros, Other fees information URL, servicios_preservacion, Preservation Service: national library, Preservation information URL, Deposit policy directory, URL for deposit policy, identificadores_persistentes, cumple_oa_doaj, Continues, Continued By, codigos_lcc, subscribe_to_open, Mirror Journal, Open Journals Collective, materias, fecha_incorporacion_doaj, fecha_actualizacion_doaj, Last Full Review Date, num_articulos, fecha_ultimo_articulo, apc_monto, apc_moneda, editorial_rapida"
1794-4732,Ustasalud Oftometria,ustasalud oftometria,859,imputado,150.0,True,"apc_monto, apc_moneda","issn_electronic, issn_linking, institucion_editora_2, institucion_editora_3, url_revista, url_doaj, When did the journal start to publish all content using an open license?, titulo_alternativo, issn_impreso, issn_electronico, palabras_clave, idiomas, editorial, pais_editorial, Other organisation, Country of other organisation, licencia, atributos_licencia, URL for license terms, cc_legible_maquina, autor_retiene_copyright, Copyright information URL, tipo_revision, Review process information URL, politica_plagio, URL for journal's aims & scope, URL for the Editorial Board page, URL for journal's instructions for authors, semanas_submission_publicacion, tiene_apc, APC information URL, politica_exencion, Waiver policy information URL, tiene_otros_cobros, Other fees information URL, servicios_preservacion, Preservation Service: national library, Preservation information URL, Deposit policy directory, URL for deposit policy, identificadores_persistentes, cumple_oa_doaj, Continues, Continued By, codigos_lcc, subscribe_to_open, Mirror Journal, Open Journals Collective, materias, fecha_incorporacion_doaj, fecha_actualizacion_doaj, Last Full Review Date, num_articulos, fecha_ultimo_articulo, apc_monto, apc_moneda, editorial_rapida"
0124-7972,Holística Jurídica,holistica juridica,860,imputado,150.0,True,"apc_monto, apc_moneda","issn_electronic, issn_linking, codigo_dane, institucion_editora_2, institucion_editora_3, pais_iso, url_revista, url_doaj, When did the journal start to publish all content using an open license?, titulo_alternativo, issn_impreso, issn_electronico, palabras_clave, idiomas, editorial, pais_editorial, Other organisation, Country of other organisation, licencia, atributos_licencia, URL for license terms, cc_legible_maquina, autor_retiene_copyright, Copyright information URL, tipo_revision, Review process information URL, politica_plagio, URL for journal's aims & scope, URL for the Editorial Board page, URL for journal's instructions for authors, semanas_submission_publicacion, tiene_apc, APC information URL, politica_exencion, Waiver policy information URL, tiene_otros_cobros, Other fees information URL, servicios_preservacion, Preservation Service: national library, Preservation information URL, Deposit policy directory, URL for deposit policy, identificadores_persistentes, cumple_oa_doaj, Continues, Continued By, codigos_lcc, subscribe_to_open, Mirror Journal, Open Journals Collective, materias, fecha_incorporacion_doaj, fecha_actualizacion_doaj, Last Full Review Date, num_articulos, fecha_ultimo_articulo, apc_monto, apc_moneda, editorial_rapida"
2027-8047,Una Salud Revista Sapuvet De Salud Pública,una salud sapuvet salud publica,861,imputado,150.0,True,"apc_monto, apc_moneda","issn_electronic, issn_linking, institucion_editora_2, institucion_editora_3, url_revista, url_doaj, When did the journal start to publish all content using an open license?, titulo_alternativo, issn_impreso, issn_electronico, palabras_clave, idiomas, editorial, pais_editorial, Other organisation, Country of other organisation, licencia, atributos_licencia, URL for license terms, cc_legible_maquina, autor_retiene_copyright, Copyright information URL, tipo_revision, Review process information URL, politica_plagio, URL for journal's aims & scope, URL for the Editorial Board page, URL for journal's instructions for authors, semanas_submission_publicacion, tiene_apc, APC information URL, politica_exencion, Waiver policy information URL, tiene_otros_cobros, Other fees information URL, servicios_preservacion, Preservation Service: national library, Preservation information URL, Deposit policy directory, URL for deposit policy, identificadores_persistentes, cumple_oa_doaj, Continues, Continued By, codigos_lcc, subscribe_to_open, Mirror Journal, Open Journals Collective, materias, fecha_incorporacion_doaj, fecha_actualizacion_doaj, Last Full Review Date, num_articulos, fecha_ultimo_articulo, apc_monto, apc_moneda, editorial_rapida"
0123-2592,Dialéctica,dialectica,862,imputado,150.0,True,"apc_monto, apc_moneda","issn_electronic, issn_linking, institucion_editora_2, institucion_editora_3, url_revista, url_doaj, When did the journal start to publish all content using an open license?, titulo_alternativo, issn_impreso, issn_electronico, palabras_clave, idiomas, editorial, pais_editorial, Other organisation, Country of other organisation, licencia, atributos_licencia, URL for license terms, cc_legible_maquina, autor_retiene_copyright, Copyright information URL, tipo_revision, Review process information URL, politica_plagio, URL for journal's aims & scope, URL for the Editorial Board page, URL for journal's instructions for authors, semanas_submission_publicacion, tiene_apc, APC information URL, politica_exencion, Waiver policy information URL, tiene_otros_cobros, Other fees information URL, servicios_preservacion, Preservation Service: national library, Preservation information URL, Deposit policy directory, URL for deposit policy, identificadores_persistentes, cumple_oa_doaj, Continues, Continued By, codigos_lcc, subscribe_to_open, Mirror Journal, Open Journals Collective, materias, fecha_incorporacion_doaj, fecha_actualizacion_doaj, Last Full Review Date, num_articulos, fecha_ultimo_articulo, apc_monto, apc_moneda, editorial_rapida"
1657-7663,Avances En Sistema E Informática,avances sistema e informatica,863,imputado,150.0,True,"apc_monto, apc_moneda","issn_electronic, issn_linking, codigo_dane, institucion_editora_2, institucion_editora_3, pais_iso, url_revista, url_doaj, When did the journal start to publish all content using an open license?, titulo_alternativo, issn_impreso, issn_electronico, palabras_clave, idiomas, editorial, pais_editorial, Other organisation, Country of other organisation, licencia, atributos_licencia, URL for license terms, cc_legible_maquina, autor_retiene_copyright, Copyright information URL, tipo_revision, Review process information URL, politica_plagio, URL for journal's aims & scope, URL for the Editorial Board page, URL for journal's instructions for authors, semanas_submission_publicacion, tiene_apc, APC information URL, politica_exencion, Waiver policy information URL, tiene_otros_cobros, Other fees information URL, servicios_preservacion, Preservation Service: national library, Preservation information URL, Deposit policy directory, URL for deposit policy, identificadores_persistentes, cumple_oa_doaj, Continues, Continued By, codigos_lcc, subscribe_to_open, Mirror Journal, Open Journals Collective, materias, fecha_incorporacion_doaj, fecha_actualizacion_doaj, Last Full Review Date, num_articulos, fecha_ultimo_articulo, apc_monto, apc_moneda, editorial_rapida"
2145-1389,Signos,signos,864,imputado,150.0,True,"apc_monto, apc_moneda","issn_electronic, issn_linking, codigo_dane, institucion_editora_2, institucion_editora_3, pais_iso, Other organisation, Country of other organisation, atributos_licencia, cc_legible_maquina, Waiver policy information URL, Other fees information URL, servicios_preservacion, Preservation Service: national library, Preservation information URL, Continues, Continued By, apc_monto, apc_moneda"
0120-1363,Revista Escritos,escritos,865,imputado,150.0,True,"apc_monto, apc_moneda","issn_electronic, issn_linking, institucion_editora_2, institucion_editora_3, id_revista_publindex, url_revista, url_doaj, When did the journal start to publish all content using an open license?, titulo_alternativo, issn_impreso, issn_electronico, palabras_clave, idiomas, editorial, pais_editorial, Other organisation, Country of other organisation, licencia, atributos_licencia, URL for license terms, cc_legible_maquina, autor_retiene_copyright, Copyright information URL, tipo_revision, Review process information URL, politica_plagio, URL for journal's aims & scope, URL for the Editorial Board page, URL for journal's instructions for authors, semanas_submission_publicacion, tiene_apc, APC information URL, politica_exencion, Waiver policy information URL, tiene_otros_cobros, Other fees information URL, servicios_preservacion, Preservation Service: national library, Preservation information URL, Deposit policy directory, URL for deposit policy, identificadores_persistentes, cumple_oa_doaj, Continues, Continued By, codigos_lcc, subscribe_to_open, Mirror Journal, Open Journals Collective, materias, fecha_incorporacion_doaj, fecha_actualizacion_doaj, Last Full Review Date, num_articulos, fecha_ultimo_articulo, apc_monto, apc_moneda, editorial_rapida"
1900-1355,Revista Clepsidra,clepsidra,866,imputado,150.0,True,"apc_monto, apc_moneda","issn_electronic, issn_linking, institucion_editora_2, institucion_editora_3, url_revista, url_doaj, When did the journal start to publish all content using an open license?, titulo_alternativo, issn_impreso, issn_electronico, palabras_clave, idiomas, editorial, pais_editorial, Other organisation, Country of other organisation, licencia, atributos_licencia, URL for license terms, cc_legible_maquina, autor_retiene_copyright, Copyright information URL, tipo_revision, Review process information URL, politica_plagio, URL for journal's aims & scope, URL for the Editorial Board page, URL for journal's instructions for authors, semanas_submission_publicacion, tiene_apc, APC information URL, politica_exencion, Waiver policy information URL, tiene_otros_cobros, Other fees information URL, servicios_preservacion, Preservation Service: national library, Preservation information URL, Deposit policy directory, URL for deposit policy, identificadores_persistentes, cumple_oa_doaj, Continues, Continued By, codigos_lcc, subscribe_to_open, Mirror Journal, Open Journals Collective, materias, fecha_incorporacion_doaj, fecha_actualizacion_doaj, Last Full Review Date, num_articulos, fecha_ultimo_articulo, apc_monto, apc_moneda, editorial_rapida"
1909-9051,Puente Revista Cientifica Universidad Pontificia Bolivariana Seccional Bucaramanga,puente cientifica universidad pontificia bolivariana seccional bucaramanga,867,imputado,150.0,True,"apc_monto, apc_moneda","issn_electronic, issn_linking, institucion_editora_2, institucion_editora_3, id_revista_publindex, url_revista, url_doaj, When did the journal start to publish all content using an open license?, titulo_alternativo, issn_impreso, issn_electronico, palabras_clave, idiomas, editorial, pais_editorial, Other organisation, Country of other organisation, licencia, atributos_licencia, URL for license terms, cc_legible_maquina, autor_retiene_copyright, Copyright information URL, tipo_revision, Review process information URL, politica_plagio, URL for journal's aims & scope, URL for the Editorial Board page, URL for journal's instructions for authors, semanas_submission_publicacion, tiene_apc, APC information URL, politica_exencion, Waiver policy information URL, tiene_otros_cobros, Other fees information URL, servicios_preservacion, Preservation Service: national library, Preservation information URL, Deposit policy directory, URL for deposit policy, identificadores_persistentes, cumple_oa_doaj, Continues, Continued By, codigos_lcc, subscribe_to_open, Mirror Journal, Open Journals Collective, materias, fecha_incorporacion_doaj, fecha_actualizacion_doaj, Last Full Review Date, num_articulos, fecha_ultimo_articulo, apc_monto, apc_moneda, editorial_rapida"
1794-8614,El Artista / The Artist,artista artist,868,imputado,150.0,True,"apc_monto, apc_moneda","issn_electronic, issn_linking, institucion_editora_2, institucion_editora_3, url_revista, url_doaj, When did the journal start to publish all content using an open license?, titulo_alternativo, issn_impreso, issn_electronico, palabras_clave, idiomas, editorial, pais_editorial, Other organisation, Country of other organisation, licencia, atributos_licencia, URL for license terms, cc_legible_maquina, autor_retiene_copyright, Copyright information URL, tipo_revision, Review process information URL, politica_plagio, URL for journal's aims & scope, URL for the Editorial Board page, URL for journal's instructions for authors, semanas_submission_publicacion, tiene_apc, APC information URL, politica_exencion, Waiver policy information URL, tiene_otros_cobros, Other fees information URL, servicios_preservacion, Preservation Service: national library, Preservation information URL, Deposit policy directory, URL for deposit policy, identificadores_persistentes, cumple_oa_doaj, Continues, Continued By, codigos_lcc, subscribe_to_open, Mirror Journal, Open Journals Collective, materias, fecha_incorporacion_doaj, fecha_actualizacion_doaj, Last Full Review Date, num_articulos, fecha_ultimo_articulo, apc_monto, apc_moneda, editorial_rapida"
1657-2416,Zona Próxima,zona proxima,869,imputado,150.0,True,"apc_monto, apc_moneda","issn_electronic, issn_linking, codigo_dane, institucion_editora_2, institucion_editora_3, id_revista_publindex, pais_iso, url_revista, url_doaj, When did the journal start to publish all content using an open license?, titulo_alternativo, issn_impreso, issn_electronico, palabras_clave, idiomas, editorial, pais_editorial, Other organisation, Country of other organisation, licencia, atributos_licencia, URL for license terms, cc_legible_maquina, autor_retiene_copyright, Copyright information URL, tipo_revision, Review process information URL, politica_plagio, URL for journal's aims & scope, URL for the Editorial Board page, URL for journal's instructions for authors, semanas_submission_publicacion, tiene_apc, APC information URL, politica_exencion, Waiver policy information URL, tiene_otros_cobros, Other fees information URL, servicios_preservacion, Preservation Service: national library, Preservation information URL, Deposit policy directory, URL for deposit policy, identificadores_persistentes, cumple_oa_doaj, Continues, Continued By, codigos_lcc, subscribe_to_open, Mirror Journal, Open Journals Collective, materias, fecha_incorporacion_doaj, fecha_actualizacion_doaj, Last Full Review Date, num_articulos, fecha_ultimo_articulo, apc_monto, apc_moneda, editorial_rapida"
0122-011X,"Literatura : Teoría, Historia, Crítica",literatura teoria historia critica,870,imputado,150.0,True,"apc_monto, apc_moneda","issn_electronic, issn_linking, institucion_editora_2, institucion_editora_3, id_revista_publindex, url_revista, url_doaj, When did the journal start to publish all content using an open license?, titulo_alternativo, issn_impreso, issn_electronico, palabras_clave, idiomas, editorial, pais_editorial, Other organisation, Country of other organisation, licencia, atributos_licencia, URL for license terms, cc_legible_maquina, autor_retiene_copyright, Copyright information URL, tipo_revision, Review process information URL, politica_plagio, URL for journal's aims & scope, URL for the Editorial Board page, URL for journal's instructions for authors, semanas_submission_publicacion, tiene_apc, APC information URL, politica_exencion, Waiver policy information URL, tiene_otros_cobros, Other fees information URL, servicios_preservacion, Preservation Service: national library, Preservation information URL, Deposit policy directory, URL for deposit policy, identificadores_persistentes, cumple_oa_doaj, Continues, Continued By, codigos_lcc, subscribe_to_open, Mirror Journal, Open Journals Collective, materias, fecha_incorporacion_doaj, fecha_actualizacion_doaj, Last Full Review Date, num_articulos, fecha_ultimo_articulo, apc_monto, apc_moneda, editorial_rapida"
1692-8857,Eidos,eidos,871,imputado,150.0,True,"apc_monto, apc_moneda","issn_electronic, issn_linking, codigo_dane, institucion_editora_2, institucion_editora_3, pais_iso, url_revista, url_doaj, When did the journal start to publish all content using an open license?, titulo_alternativo, issn_impreso, issn_electronico, palabras_clave, idiomas, editorial, pais_editorial, Other organisation, Country of other organisation, licencia, atributos_licencia, URL for license terms, cc_legible_maquina, autor_retiene_copyright, Copyright information URL, tipo_revision, Review process information URL, politica_plagio, URL for journal's aims & scope, URL for the Editorial Board page, URL for journal's instructions for authors, semanas_submission_publicacion, tiene_apc, APC information URL, politica_exencion, Waiver policy information URL, tiene_otros_cobros, Other fees information URL, servicios_preservacion, Preservation Service: national library, Preservation information URL, Deposit policy directory, URL for deposit policy, identificadores_persistentes, cumple_oa_doaj, Continues, Continued By, codigos_lcc, subscribe_to_open, Mirror Journal, Open Journals Collective, materias, fecha_incorporacion_doaj, fecha_actualizacion_doaj, Last Full Review Date, num_articulos, fecha_ultimo_articulo, apc_monto, apc_moneda, editorial_rapida"
0121-3261,Investigación & Desarrollo,investigacion desarrollo,872,imputado,150.0,True,"apc_monto, apc_moneda","issn_electronic, issn_linking, institucion_editora_2, institucion_editora_3, titulo_alternativo, Other organisation, Country of other organisation, atributos_licencia, cc_legible_maquina, Waiver policy information URL, Other fees information URL, servicios_preservacion, Preservation Service: national library, Preservation information URL, Deposit policy directory, URL for deposit policy, identificadores_persistentes, Continues, Continued By, apc_monto, apc_moneda"
1900-5121,Tipica: Boletin Electronico De Salud Escolar,tipica boletin electronico salud escolar,873,imputado,150.0,True,"apc_monto, apc_moneda","issn_electronic, issn_linking, codigo_dane, institucion_editora_2, institucion_editora_3, pais_iso, url_revista, url_doaj, When did the journal start to publish all content using an open license?, titulo_alternativo, issn_impreso, issn_electronico, palabras_clave, idiomas, editorial, pais_editorial, Other organisation, Country of other organisation, licencia, atributos_licencia, URL for license terms, cc_legible_maquina, autor_retiene_copyright, Copyright information URL, tipo_revision, Review process information URL, politica_plagio, URL for journal's aims & scope, URL for the Editorial Board page, URL for journal's instructions for authors, semanas_submission_publicacion, tiene_apc, APC information URL, politica_exencion, Waiver policy information URL, tiene_otros_cobros, Other fees information URL, servicios_preservacion, Preservation Service: national library, Preservation information URL, Deposit policy directory, URL for deposit policy, identificadores_persistentes, cumple_oa_doaj, Continues, Continued By, codigos_lcc, subscribe_to_open, Mirror Journal, Open Journals Collective, materias, fecha_incorporacion_doaj, fecha_actualizacion_doaj, Last Full Review Date, num_articulos, fecha_ultimo_articulo, apc_monto, apc_moneda, editorial_rapida"
0123-4676,Fronteras De La Historia,fronteras historia,874,imputado,150.0,True,"apc_monto, apc_moneda","issn_electronic, issn_linking, codigo_dane, institucion_editora_2, institucion_editora_3, pais_iso, url_revista, url_doaj, When did the journal start to publish all content using an open license?, titulo_alternativo, issn_impreso, issn_electronico, palabras_clave, idiomas, editorial, pais_editorial, Other organisation, Country of other organisation, licencia, atributos_licencia, URL for license terms, cc_legible_maquina, autor_retiene_copyright, Copyright information URL, tipo_revision, Review process information URL, politica_plagio, URL for journal's aims & scope, URL for the Editorial Board page, URL for journal's instructions for authors, semanas_submission_publicacion, tiene_apc, APC information URL, politica_exencion, Waiver policy information URL, tiene_otros_cobros, Other fees information URL, servicios_preservacion, Preservation Service: national library, Preservation information URL, Deposit policy directory, URL for deposit policy, identificadores_persistentes, cumple_oa_doaj, Continues, Continued By, codigos_lcc, subscribe_to_open, Mirror Journal, Open Journals Collective, materias, fecha_incorporacion_doaj, fecha_actualizacion_doaj, Last Full Review Date, num_articulos, fecha_ultimo_articulo, apc_monto, apc_moneda, editorial_rapida"
0121-5132,Revista De La Escuela Colombiana De Ingeniería,escuela colombiana ingenieria,875,imputado,150.0,True,"apc_monto, apc_moneda","issn_electronic, issn_linking, codigo_dane, institucion_editora_2, institucion_editora_3, pais_iso, url_revista, url_doaj, When did the journal start to publish all content using an open license?, titulo_alternativo, issn_impreso, issn_electronico, palabras_clave, idiomas, editorial, pais_editorial, Other organisation, Country of other organisation, licencia, atributos_licencia, URL for license terms, cc_legible_maquina, autor_retiene_copyright, Copyright information URL, tipo_revision, Review process information URL, politica_plagio, URL for journal's aims & scope, URL for the Editorial Board page, URL for journal's instructions for authors, semanas_submission_publicacion, tiene_apc, APC information URL, politica_exencion, Waiver policy information URL, tiene_otros_cobros, Other fees information URL, servicios_preservacion, Preservation Service: national library, Preservation information URL, Deposit policy directory, URL for deposit policy, identificadores_persistentes, cumple_oa_doaj, Continues, Continued By, codigos_lcc, subscribe_to_open, Mirror Journal, Open Journals Collective, materias, fecha_incorporacion_doaj, fecha_actualizacion_doaj, Last Full Review Date, num_articulos, fecha_ultimo_articulo, apc_monto, apc_moneda, editorial_rapida"
0120-5552,Salud Uninorte,salud uninorte,876,imputado,150.0,True,"apc_monto, apc_moneda","issn_electronic, issn_linking, institucion_editora_2, institucion_editora_3, url_revista, url_doaj, When did the journal start to publish all content using an open license?, titulo_alternativo, issn_impreso, issn_electronico, palabras_clave, idiomas, editorial, pais_editorial, Other organisation, Country of other organisation, licencia, atributos_licencia, URL for license terms, cc_legible_maquina, autor_retiene_copyright, Copyright information URL, tipo_revision, Review process information URL, politica_plagio, URL for journal's aims & scope, URL for the Editorial Board page, URL for journal's instructions for authors, semanas_submission_publicacion, tiene_apc, APC information URL, politica_exencion, Waiver policy information URL, tiene_otros_cobros, Other fees information URL, servicios_preservacion, Preservation Service: national library, Preservation information URL, Deposit policy directory, URL for deposit policy, identificadores_persistentes, cumple_oa_doaj, Continues, Continued By, codigos_lcc, subscribe_to_open, Mirror Journal, Open Journals Collective, materias, fecha_incorporacion_doaj, fecha_actualizacion_doaj, Last Full Review Date, num_articulos, fecha_ultimo_articulo, apc_monto, apc_moneda, editorial_rapida"
1909-7891,Vector,vector,877,imputado,150.0,True,"apc_monto, apc_moneda","issn_electronic, issn_linking, institucion_editora_2, institucion_editora_3, url_revista, url_doaj, When did the journal start to publish all content using an open license?, titulo_alternativo, issn_impreso, issn_electronico, palabras_clave, idiomas, editorial, pais_editorial, Other organisation, Country of other organisation, licencia, atributos_licencia, URL for license terms, cc_legible_maquina, autor_retiene_copyright, Copyright information URL, tipo_revision, Review process information URL, politica_plagio, URL for journal's aims & scope, URL for the Editorial Board page, URL for journal's instructions for authors, semanas_submission_publicacion, tiene_apc, APC information URL, politica_exencion, Waiver policy information URL, tiene_otros_cobros, Other fees information URL, servicios_preservacion, Preservation Service: national library, Preservation information URL, Deposit policy directory, URL for deposit policy, identificadores_persistentes, cumple_oa_doaj, Continues, Continued By, codigos_lcc, subscribe_to_open, Mirror Journal, Open Journals Collective, materias, fecha_incorporacion_doaj, fecha_actualizacion_doaj, Last Full Review Date, num_articulos, fecha_ultimo_articulo, apc_monto, apc_moneda, editorial_rapida"
1692-3103,Revista De La Maestría De Derecho Económico,maestria derecho economico,878,imputado,150.0,True,"apc_monto, apc_moneda","issn_electronic, issn_linking, codigo_dane, institucion_editora_2, institucion_editora_3, pais_iso, url_revista, url_doaj, When did the journal start to publish all content using an open license?, titulo_alternativo, issn_impreso, issn_electronico, palabras_clave, idiomas, editorial, pais_editorial, Other organisation, Country of other organisation, licencia, atributos_licencia, URL for license terms, cc_legible_maquina, autor_retiene_copyright, Copyright information URL, tipo_revision, Review process information URL, politica_plagio, URL for journal's aims & scope, URL for the Editorial Board page, URL for journal's instructions for authors, semanas_submission_publicacion, tiene_apc, APC information URL, politica_exencion, Waiver policy information URL, tiene_otros_cobros, Other fees information URL, servicios_preservacion, Preservation Service: national library, Preservation information URL, Deposit policy directory, URL for deposit policy, identificadores_persistentes, cumple_oa_doaj, Continues, Continued By, codigos_lcc, subscribe_to_open, Mirror Journal, Open Journals Collective, materias, fecha_incorporacion_doaj, fecha_actualizacion_doaj, Last Full Review Date, num_articulos, fecha_ultimo_articulo, apc_monto, apc_moneda, editorial_rapida"
0120-6680,Revista Logos,logos,879,imputado,150.0,True,"apc_monto, apc_moneda","issn_electronic, issn_linking, institucion_editora_2, institucion_editora_3, url_revista, url_doaj, When did the journal start to publish all content using an open license?, titulo_alternativo, issn_impreso, issn_electronico, palabras_clave, idiomas, editorial, pais_editorial, Other organisation, Country of other organisation, licencia, atributos_licencia, URL for license terms, cc_legible_maquina, autor_retiene_copyright, Copyright information URL, tipo_revision, Review process information URL, politica_plagio, URL for journal's aims & scope, URL for the Editorial Board page, URL for journal's instructions for authors, semanas_submission_publicacion, tiene_apc, APC information URL, politica_exencion, Waiver policy information URL, tiene_otros_cobros, Other fees information URL, servicios_preservacion, Preservation Service: national library, Preservation information URL, Deposit policy directory, URL for deposit policy, identificadores_persistentes, cumple_oa_doaj, Continues, Continued By, codigos_lcc, subscribe_to_open, Mirror Journal, Open Journals Collective, materias, fecha_incorporacion_doaj, fecha_actualizacion_doaj, Last Full Review Date, num_articulos, fecha_ultimo_articulo, apc_monto, apc_moneda, editorial_rapida"
0123-417X,Psicología Desde El Caribe,psicologia desde caribe,880,imputado,150.0,True,"apc_monto, apc_moneda","issn_electronic, issn_linking, institucion_editora_2, institucion_editora_3, url_revista, url_doaj, When did the journal start to publish all content using an open license?, titulo_alternativo, issn_impreso, issn_electronico, palabras_clave, idiomas, editorial, pais_editorial, Other organisation, Country of other organisation, licencia, atributos_licencia, URL for license terms, cc_legible_maquina, autor_retiene_copyright, Copyright information URL, tipo_revision, Review process information URL, politica_plagio, URL for journal's aims & scope, URL for the Editorial Board page, URL for journal's instructions for authors, semanas_submission_publicacion, tiene_apc, APC information URL, politica_exencion, Waiver policy information URL, tiene_otros_cobros, Other fees information URL, servicios_preservacion, Preservation Service: national library, Preservation information URL, Deposit policy directory, URL for deposit policy, identificadores_persistentes, cumple_oa_doaj, Continues, Continued By, codigos_lcc, subscribe_to_open, Mirror Journal, Open Journals Collective, materias, fecha_incorporacion_doaj, fecha_actualizacion_doaj, Last Full Review Date, num_articulos, fecha_ultimo_articulo, apc_monto, apc_moneda, editorial_rapida"
1657-5946,"Economía, Gestión Y Desarrollo",economia gestion desarrollo,881,imputado,150.0,True,"apc_monto, apc_moneda","issn_electronic, issn_linking, codigo_dane, institucion_editora_2, institucion_editora_3, pais_iso, url_revista, url_doaj, When did the journal start to publish all content using an open license?, titulo_alternativo, issn_impreso, issn_electronico, palabras_clave, idiomas, editorial, pais_editorial, Other organisation, Country of other organisation, licencia, atributos_licencia, URL for license terms, cc_legible_maquina, autor_retiene_copyright, Copyright information URL, tipo_revision, Review process information URL, politica_plagio, URL for journal's aims & scope, URL for the Editorial Board page, URL for journal's instructions for authors, semanas_submission_publicacion, tiene_apc, APC information URL, politica_exencion, Waiver policy information URL, tiene_otros_cobros, Other fees information URL, servicios_preservacion, Preservation Service: national library, Preservation information URL, Deposit policy directory, URL for deposit policy, identificadores_persistentes, cumple_oa_doaj, Continues, Continued By, codigos_lcc, subscribe_to_open, Mirror Journal, Open Journals Collective, materias, fecha_incorporacion_doaj, fecha_actualizacion_doaj, Last Full Review Date, num_articulos, fecha_ultimo_articulo, apc_monto, apc_moneda, editorial_rapida"
0120-9833,Energética,energetica,882,imputado,150.0,True,"apc_monto, apc_moneda","issn_electronic, issn_linking, institucion_editora_2, institucion_editora_3, url_revista, url_doaj, When did the journal start to publish all content using an open license?, titulo_alternativo, issn_impreso, issn_electronico, palabras_clave, idiomas, editorial, pais_editorial, Other organisation, Country of other organisation, licencia, atributos_licencia, URL for license terms, cc_legible_maquina, autor_retiene_copyright, Copyright information URL, tipo_revision, Review process information URL, politica_plagio, URL for journal's aims & scope, URL for the Editorial Board page, URL for journal's instructions for authors, semanas_submission_publicacion, tiene_apc, APC information URL, politica_exencion, Waiver policy information URL, tiene_otros_cobros, Other fees information URL, servicios_preservacion, Preservation Service: national library, Preservation information URL, Deposit policy directory, URL for deposit policy, identificadores_persistentes, cumple_oa_doaj, Continues, Continued By, codigos_lcc, subscribe_to_open, Mirror Journal, Open Journals Collective, materias, fecha_incorporacion_doaj, fecha_actualizacion_doaj, Last Full Review Date, num_articulos, fecha_ultimo_articulo, apc_monto, apc_moneda, editorial_rapida"
0120-341X,Revista Universidad Eafit,universidad eafit,883,imputado,150.0,True,"apc_monto, apc_moneda","issn_electronic, issn_linking, codigo_dane, institucion_editora_2, institucion_editora_3, pais_iso, url_revista, url_doaj, When did the journal start to publish all content using an open license?, titulo_alternativo, issn_impreso, issn_electronico, palabras_clave, idiomas, editorial, pais_editorial, Other organisation, Country of other organisation, licencia, atributos_licencia, URL for license terms, cc_legible_maquina, autor_retiene_copyright, Copyright information URL, tipo_revision, Review process information URL, politica_plagio, URL for journal's aims & scope, URL for the Editorial Board page, URL for journal's instructions for authors, semanas_submission_publicacion, tiene_apc, APC information URL, politica_exencion, Waiver policy information URL, tiene_otros_cobros, Other fees information URL, servicios_preservacion, Preservation Service: national library, Preservation information URL, Deposit policy directory, URL for deposit policy, identificadores_persistentes, cumple_oa_doaj, Continues, Continued By, codigos_lcc, subscribe_to_open, Mirror Journal, Open Journals Collective, materias, fecha_incorporacion_doaj, fecha_actualizacion_doaj, Last Full Review Date, num_articulos, fecha_ultimo_articulo, apc_monto, apc_moneda, editorial_rapida"
1692-3901,Economía Y Desarrollo,economia desarrollo,884,imputado,150.0,True,"apc_monto, apc_moneda","issn_electronic, issn_linking, institucion_editora_2, institucion_editora_3, url_revista, url_doaj, When did the journal start to publish all content using an open license?, titulo_alternativo, issn_impreso, issn_electronico, palabras_clave, idiomas, editorial, pais_editorial, Other organisation, Country of other organisation, licencia, atributos_licencia, URL for license terms, cc_legible_maquina, autor_retiene_copyright, Copyright information URL, tipo_revision, Review process information URL, politica_plagio, URL for journal's aims & scope, URL for the Editorial Board page, URL for journal's instructions for authors, semanas_submission_publicacion, tiene_apc, APC information URL, politica_exencion, Waiver policy information URL, tiene_otros_cobros, Other fees information URL, servicios_preservacion, Preservation Service: national library, Preservation information URL, Deposit policy directory, URL for deposit policy, identificadores_persistentes, cumple_oa_doaj, Continues, Continued By, codigos_lcc, subscribe_to_open, Mirror Journal, Open Journals Collective, materias, fecha_incorporacion_doaj, fecha_actualizacion_doaj, Last Full Review Date, num_articulos, fecha_ultimo_articulo, apc_monto, apc_moneda, editorial_rapida"
0122-3461,Ingeniería & Desarrollo,ingenieria desarrollo,885,imputado,150.0,True,"apc_monto, apc_moneda","issn_electronic, issn_linking, institucion_editora_2, institucion_editora_3, url_revista, url_doaj, When did the journal start to publish all content using an open license?, titulo_alternativo, issn_impreso, issn_electronico, palabras_clave, idiomas, editorial, pais_editorial, Other organisation, Country of other organisation, licencia, atributos_licencia, URL for license terms, cc_legible_maquina, autor_retiene_copyright, Copyright information URL, tipo_revision, Review process information URL, politica_plagio, URL for journal's aims & scope, URL for the Editorial Board page, URL for journal's instructions for authors, semanas_submission_publicacion, tiene_apc, APC information URL, politica_exencion, Waiver policy information URL, tiene_otros_cobros, Other fees information URL, servicios_preservacion, Preservation Service: national library, Preservation information URL, Deposit policy directory, URL for deposit policy, identificadores_persistentes, cumple_oa_doaj, Continues, Continued By, codigos_lcc, subscribe_to_open, Mirror Journal, Open Journals Collective, materias, fecha_incorporacion_doaj, fecha_actualizacion_doaj, Last Full Review Date, num_articulos, fecha_ultimo_articulo, apc_monto, apc_moneda, editorial_rapida"
0121-5701,Avances En Recursos Hidráulicos,avances recursos hidraulicos,886,imputado,150.0,True,"apc_monto, apc_moneda","issn_electronic, issn_linking, codigo_dane, institucion_editora_2, institucion_editora_3, pais_iso, url_revista, url_doaj, When did the journal start to publish all content using an open license?, titulo_alternativo, issn_impreso, issn_electronico, palabras_clave, idiomas, editorial, pais_editorial, Other organisation, Country of other organisation, licencia, atributos_licencia, URL for license terms, cc_legible_maquina, autor_retiene_copyright, Copyright information URL, tipo_revision, Review process information URL, politica_plagio, URL for journal's aims & scope, URL for the Editorial Board page, URL for journal's instructions for authors, semanas_submission_publicacion, tiene_apc, APC information URL, politica_exencion, Waiver policy information URL, tiene_otros_cobros, Other fees information URL, servicios_preservacion, Preservation Service: national library, Preservation information URL, Deposit policy directory, URL for deposit policy, identificadores_persistentes, cumple_oa_doaj, Continues, Continued By, codigos_lcc, subscribe_to_open, Mirror Journal, Open Journals Collective, materias, fecha_incorporacion_doaj, fecha_actualizacion_doaj, Last Full Review Date, num_articulos, fecha_ultimo_articulo, apc_monto, apc_moneda, editorial_rapida"
0120-4130,Poligramas,poligramas,887,imputado,150.0,True,"apc_monto, apc_moneda","issn_electronic, issn_linking, institucion_editora_2, institucion_editora_3, titulo_alternativo, Country of other organisation, atributos_licencia, cc_legible_maquina, Waiver policy information URL, Other fees information URL, Preservation Service: national library, Deposit policy directory, URL for deposit policy, Continues, Continued By, apc_monto, apc_moneda"
1692-0880,Medicina,medicina,888,imputado,150.0,True,"apc_monto, apc_moneda","issn_electronic, issn_linking, institucion_editora_2, institucion_editora_3, url_revista, url_doaj, When did the journal start to publish all content using an open license?, titulo_alternativo, issn_impreso, issn_electronico, palabras_clave, idiomas, editorial, pais_editorial, Other organisation, Country of other organisation, licencia, atributos_licencia, URL for license terms, cc_legible_maquina, autor_retiene_copyright, Copyright information URL, tipo_revision, Review process information URL, politica_plagio, URL for journal's aims & scope, URL for the Editorial Board page, URL for journal's instructions for authors, semanas_submission_publicacion, tiene_apc, APC information URL, politica_exencion, Waiver policy information URL, tiene_otros_cobros, Other fees information URL, servicios_preservacion, Preservation Service: national library, Preservation information URL, Deposit policy directory, URL for deposit policy, identificadores_persistentes, cumple_oa_doaj, Continues, Continued By, codigos_lcc, subscribe_to_open, Mirror Journal, Open Journals Collective, materias, fecha_incorporacion_doaj, fecha_actualizacion_doaj, Last Full Review Date, num_articulos, fecha_ultimo_articulo, apc_monto, apc_moneda, editorial_rapida"
0123-2304,Temas Y Reflexiones,temas reflexiones,889,imputado,150.0,True,"apc_monto, apc_moneda","issn_electronic, issn_linking, institucion_editora_2, institucion_editora_3, url_revista, url_doaj, When did the journal start to publish all content using an open license?, titulo_alternativo, issn_impreso, issn_electronico, palabras_clave, idiomas, editorial, pais_editorial, Other organisation, Country of other organisation, licencia, atributos_licencia, URL for license terms, cc_legible_maquina, autor_retiene_copyright, Copyright information URL, tipo_revision, Review process information URL, politica_plagio, URL for journal's aims & scope, URL for the Editorial Board page, URL for journal's instructions for authors, semanas_submission_publicacion, tiene_apc, APC information URL, politica_exencion, Waiver policy information URL, tiene_otros_cobros, Other fees information URL, servicios_preservacion, Preservation Service: national library, Preservation information URL, Deposit policy directory, URL for deposit policy, identificadores_persistentes, cumple_oa_doaj, Continues, Continued By, codigos_lcc, subscribe_to_open, Mirror Journal, Open Journals Collective, materias, fecha_incorporacion_doaj, fecha_actualizacion_doaj, Last Full Review Date, num_articulos, fecha_ultimo_articulo, apc_monto, apc_moneda, editorial_rapida"
1657-480X,Boletín Del Observatorio Colombiano De Energía,boletin observatorio colombiano energia,890,imputado,150.0,True,"apc_monto, apc_moneda","issn_electronic, issn_linking, institucion_editora_2, institucion_editora_3, url_revista, url_doaj, When did the journal start to publish all content using an open license?, titulo_alternativo, issn_impreso, issn_electronico, palabras_clave, idiomas, editorial, pais_editorial, Other organisation, Country of other organisation, licencia, atributos_licencia, URL for license terms, cc_legible_maquina, autor_retiene_copyright, Copyright information URL, tipo_revision, Review process information URL, politica_plagio, URL for journal's aims & scope, URL for the Editorial Board page, URL for journal's instructions for authors, semanas_submission_publicacion, tiene_apc, APC information URL, politica_exencion, Waiver policy information URL, tiene_otros_cobros, Other fees information URL, servicios_preservacion, Preservation Service: national library, Preservation information URL, Deposit policy directory, URL for deposit policy, identificadores_persistentes, cumple_oa_doaj, Continues, Continued By, codigos_lcc, subscribe_to_open, Mirror Journal, Open Journals Collective, materias, fecha_incorporacion_doaj, fecha_actualizacion_doaj, Last Full Review Date, num_articulos, fecha_ultimo_articulo, apc_monto, apc_moneda, editorial_rapida"
0120-856X,Revista Colombiana De Cirugía,colombiana cirugia,891,imputado,150.0,True,"apc_monto, apc_moneda","issn_electronic, issn_linking, codigo_dane, institucion_editora_2, institucion_editora_3, id_revista_publindex, url_revista, url_doaj, When did the journal start to publish all content using an open license?, titulo_alternativo, issn_impreso, issn_electronico, palabras_clave, idiomas, editorial, pais_editorial, Other organisation, Country of other organisation, licencia, atributos_licencia, URL for license terms, cc_legible_maquina, autor_retiene_copyright, Copyright information URL, tipo_revision, Review process information URL, politica_plagio, URL for journal's aims & scope, URL for the Editorial Board page, URL for journal's instructions for authors, semanas_submission_publicacion, tiene_apc, APC information URL, politica_exencion, Waiver policy information URL, tiene_otros_cobros, Other fees information URL, servicios_preservacion, Preservation Service: national library, Preservation information URL, Deposit policy directory, URL for deposit policy, identificadores_persistentes, cumple_oa_doaj, Continues, Continued By, codigos_lcc, subscribe_to_open, Mirror Journal, Open Journals Collective, materias, fecha_incorporacion_doaj, fecha_actualizacion_doaj, Last Full Review Date, num_articulos, fecha_ultimo_articulo, apc_monto, apc_moneda, editorial_rapida"
0121-3423,Boletín Científico Cccp,boletin cientifico cccp,892,imputado,150.0,True,"apc_monto, apc_moneda","issn_electronic, issn_linking, institucion_editora_2, institucion_editora_3, url_revista, url_doaj, When did the journal start to publish all content using an open license?, titulo_alternativo, issn_impreso, issn_electronico, palabras_clave, idiomas, editorial, pais_editorial, Other organisation, Country of other organisation, licencia, atributos_licencia, URL for license terms, cc_legible_maquina, autor_retiene_copyright, Copyright information URL, tipo_revision, Review process information URL, politica_plagio, URL for journal's aims & scope, URL for the Editorial Board page, URL for journal's instructions for authors, semanas_submission_publicacion, tiene_apc, APC information URL, politica_exencion, Waiver policy information URL, tiene_otros_cobros, Other fees information URL, servicios_preservacion, Preservation Service: national library, Preservation information URL, Deposit policy directory, URL for deposit policy, identificadores_persistentes, cumple_oa_doaj, Continues, Continued By, codigos_lcc, subscribe_to_open, Mirror Journal, Open Journals Collective, materias, fecha_incorporacion_doaj, fecha_actualizacion_doaj, Last Full Review Date, num_articulos, fecha_ultimo_articulo, apc_monto, apc_moneda, editorial_rapida"
0123-1286,Fitotecnia Colombiana,fitotecnia colombiana,893,imputado,200.0,True,"apc_monto, apc_moneda","issn_electronic, issn_linking, institucion_editora_2, institucion_editora_3, url_revista, url_doaj, When did the journal start to publish all content using an open license?, titulo_alternativo, issn_impreso, issn_electronico, palabras_clave, idiomas, editorial, pais_editorial, Other organisation, Country of other organisation, licencia, atributos_licencia, URL for license terms, cc_legible_maquina, autor_retiene_copyright, Copyright information URL, tipo_revision, Review process information URL, politica_plagio, URL for journal's aims & scope, URL for the Editorial Board page, URL for journal's instructions for authors, semanas_submission_publicacion, tiene_apc, APC information URL, politica_exencion, Waiver policy information URL, tiene_otros_cobros, Other fees information URL, servicios_preservacion, Preservation Service: national library, Preservation information URL, Deposit policy directory, URL for deposit policy, identificadores_persistentes, cumple_oa_doaj, Continues, Continued By, codigos_lcc, subscribe_to_open, Mirror Journal, Open Journals Collective, materias, fecha_incorporacion_doaj, fecha_actualizacion_doaj, Last Full Review Date, num_articulos, fecha_ultimo_articulo, apc_monto, apc_moneda, editorial_rapida"
0122-9534,Revista De Medicina Veterinaria,medicina veterinaria,894,imputado,200.0,True,"apc_monto, apc_moneda","issn_electronic, issn_linking, institucion_editora_2, institucion_editora_3, id_revista_publindex, url_revista, url_doaj, When did the journal start to publish all content using an open license?, titulo_alternativo, issn_impreso, issn_electronico, palabras_clave, idiomas, editorial, pais_editorial, Other organisation, Country of other organisation, licencia, atributos_licencia, URL for license terms, cc_legible_maquina, autor_retiene_copyright, Copyright information URL, tipo_revision, Review process information URL, politica_plagio, URL for journal's aims & scope, URL for the Editorial Board page, URL for journal's instructions for authors, semanas_submission_publicacion, tiene_apc, APC information URL, politica_exencion, Waiver policy information URL, tiene_otros_cobros, Other fees information URL, servicios_preservacion, Preservation Service: national library, Preservation information URL, Deposit policy directory, URL for deposit policy, identificadores_persistentes, cumple_oa_doaj, Continues, Continued By, codigos_lcc, subscribe_to_open, Mirror Journal, Open Journals Collective, materias, fecha_incorporacion_doaj, fecha_actualizacion_doaj, Last Full Review Date, num_articulos, fecha_ultimo_articulo, apc_monto, apc_moneda, editorial_rapida"
1657-6772,Revista De Investigación,investigacion,895,imputado,150.0,True,"apc_monto, apc_moneda","issn_electronic, issn_linking, codigo_dane, institucion_editora_2, institucion_editora_3, pais_iso, url_revista, url_doaj, When did the journal start to publish all content using an open license?, titulo_alternativo, issn_impreso, issn_electronico, palabras_clave, idiomas, editorial, pais_editorial, Other organisation, Country of other organisation, licencia, atributos_licencia, URL for license terms, cc_legible_maquina, autor_retiene_copyright, Copyright information URL, tipo_revision, Review process information URL, politica_plagio, URL for journal's aims & scope, URL for the Editorial Board page, URL for journal's instructions for authors, semanas_submission_publicacion, tiene_apc, APC information URL, politica_exencion, Waiver policy information URL, tiene_otros_cobros, Other fees information URL, servicios_preservacion, Preservation Service: national library, Preservation information URL, Deposit policy directory, URL for deposit policy, identificadores_persistentes, cumple_oa_doaj, Continues, Continued By, codigos_lcc, subscribe_to_open, Mirror Journal, Open Journals Collective, materias, fecha_incorporacion_doaj, fecha_actualizacion_doaj, Last Full Review Date, num_articulos, fecha_ultimo_articulo, apc_monto, apc_moneda, editorial_rapida"
1012-7410,Pasturas Tropicales,pasturas tropicales,896,imputado,200.0,True,"apc_monto, apc_moneda","issn_electronic, issn_linking, institucion_editora_2, institucion_editora_3, url_revista, url_doaj, When did the journal start to publish all content using an open license?, titulo_alternativo, issn_impreso, issn_electronico, palabras_clave, idiomas, editorial, pais_editorial, Other organisation, Country of other organisation, licencia, atributos_licencia, URL for license terms, cc_legible_maquina, autor_retiene_copyright, Copyright information URL, tipo_revision, Review process information URL, politica_plagio, URL for journal's aims & scope, URL for the Editorial Board page, URL for journal's instructions for authors, semanas_submission_publicacion, tiene_apc, APC information URL, politica_exencion, Waiver policy information URL, tiene_otros_cobros, Other fees information URL, servicios_preservacion, Preservation Service: national library, Preservation information URL, Deposit policy directory, URL for deposit policy, identificadores_persistentes, cumple_oa_doaj, Continues, Continued By, codigos_lcc, subscribe_to_open, Mirror Journal, Open Journals Collective, materias, fecha_incorporacion_doaj, fecha_actualizacion_doaj, Last Full Review Date, num_articulos, fecha_ultimo_articulo, apc_monto, apc_moneda, editorial_rapida"
1657-9526,Entreartes,entreartes,897,imputado,150.0,True,"apc_monto, apc_moneda","issn_electronic, issn_linking, codigo_dane, institucion_editora_2, institucion_editora_3, pais_iso, url_revista, url_doaj, When did the journal start to publish all content using an open license?, titulo_alternativo, issn_impreso, issn_electronico, palabras_clave, idiomas, editorial, pais_editorial, Other organisation, Country of other organisation, licencia, atributos_licencia, URL for license terms, cc_legible_maquina, autor_retiene_copyright, Copyright information URL, tipo_revision, Review process information URL, politica_plagio, URL for journal's aims & scope, URL for the Editorial Board page, URL for journal's instructions for authors, semanas_submission_publicacion, tiene_apc, APC information URL, politica_exencion, Waiver policy information URL, tiene_otros_cobros, Other fees information URL, servicios_preservacion, Preservation Service: national library, Preservation information URL, Deposit policy directory, URL for deposit policy, identificadores_persistentes, cumple_oa_doaj, Continues, Continued By, codigos_lcc, subscribe_to_open, Mirror Journal, Open Journals Collective, materias, fecha_incorporacion_doaj, fecha_actualizacion_doaj, Last Full Review Date, num_articulos, fecha_ultimo_articulo, apc_monto, apc_moneda, editorial_rapida"
1692-6323,Revista Institucional De La Facultad De Salud. Clon,institucional facultad salud clon,898,imputado,150.0,True,"apc_monto, apc_moneda","issn_electronic, issn_linking, institucion_editora_2, institucion_editora_3, url_revista, url_doaj, When did the journal start to publish all content using an open license?, titulo_alternativo, issn_impreso, issn_electronico, palabras_clave, idiomas, editorial, pais_editorial, Other organisation, Country of other organisation, licencia, atributos_licencia, URL for license terms, cc_legible_maquina, autor_retiene_copyright, Copyright information URL, tipo_revision, Review process information URL, politica_plagio, URL for journal's aims & scope, URL for the Editorial Board page, URL for journal's instructions for authors, semanas_submission_publicacion, tiene_apc, APC information URL, politica_exencion, Waiver policy information URL, tiene_otros_cobros, Other fees information URL, servicios_preservacion, Preservation Service: national library, Preservation information URL, Deposit policy directory, URL for deposit policy, identificadores_persistentes, cumple_oa_doaj, Continues, Continued By, codigos_lcc, subscribe_to_open, Mirror Journal, Open Journals Collective, materias, fecha_incorporacion_doaj, fecha_actualizacion_doaj, Last Full Review Date, num_articulos, fecha_ultimo_articulo, apc_monto, apc_moneda, editorial_rapida"
0120-0275,Revista Del Centro Nacional De Investigaciones De Café - Cenicafé,centro nacional investigaciones cafe cenicafe,899,imputado,200.0,True,"apc_monto, apc_moneda","issn_electronic, issn_linking, institucion_editora_2, institucion_editora_3, url_revista, url_doaj, When did the journal start to publish all content using an open license?, titulo_alternativo, issn_impreso, issn_electronico, palabras_clave, idiomas, editorial, pais_editorial, Other organisation, Country of other organisation, licencia, atributos_licencia, URL for license terms, cc_legible_maquina, autor_retiene_copyright, Copyright information URL, tipo_revision, Review process information URL, politica_plagio, URL for journal's aims & scope, URL for the Editorial Board page, URL for journal's instructions for authors, semanas_submission_publicacion, tiene_apc, APC information URL, politica_exencion, Waiver policy information URL, tiene_otros_cobros, Other fees information URL, servicios_preservacion, Preservation Service: national library, Preservation information URL, Deposit policy directory, URL for deposit policy, identificadores_persistentes, cumple_oa_doaj, Continues, Continued By, codigos_lcc, subscribe_to_open, Mirror Journal, Open Journals Collective, materias, fecha_incorporacion_doaj, fecha_actualizacion_doaj, Last Full Review Date, num_articulos, fecha_ultimo_articulo, apc_monto, apc_moneda, editorial_rapida"
0123-1952,Utopía Siglo Xxi,utopia siglo xxi,900,imputado,150.0,True,"apc_monto, apc_moneda","issn_electronic, issn_linking, institucion_editora_2, institucion_editora_3, url_revista, url_doaj, When did the journal start to publish all content using an open license?, titulo_alternativo, issn_impreso, issn_electronico, palabras_clave, idiomas, editorial, pais_editorial, Other organisation, Country of other organisation, licencia, atributos_licencia, URL for license terms, cc_legible_maquina, autor_retiene_copyright, Copyright information URL, tipo_revision, Review process information URL, politica_plagio, URL for journal's aims & scope, URL for the Editorial Board page, URL for journal's instructions for authors, semanas_submission_publicacion, tiene_apc, APC information URL, politica_exencion, Waiver policy information URL, tiene_otros_cobros, Other fees information URL, servicios_preservacion, Preservation Service: national library, Preservation information URL, Deposit policy directory, URL for deposit policy, identificadores_persistentes, cumple_oa_doaj, Continues, Continued By, codigos_lcc, subscribe_to_open, Mirror Journal, Open Journals Collective, materias, fecha_incorporacion_doaj, fecha_actualizacion_doaj, Last Full Review Date, num_articulos, fecha_ultimo_articulo, apc_monto, apc_moneda, editorial_rapida"
0121-2532,Coyuntura Social,coyuntura social,901,imputado,150.0,True,"apc_monto, apc_moneda","issn_electronic, issn_linking, codigo_dane, institucion_editora_2, institucion_editora_3, pais_iso, url_revista, url_doaj, When did the journal start to publish all content using an open license?, titulo_alternativo, issn_impreso, issn_electronico, palabras_clave, idiomas, editorial, pais_editorial, Other organisation, Country of other organisation, licencia, atributos_licencia, URL for license terms, cc_legible_maquina, autor_retiene_copyright, Copyright information URL, tipo_revision, Review process information URL, politica_plagio, URL for journal's aims & scope, URL for the Editorial Board page, URL for journal's instructions for authors, semanas_submission_publicacion, tiene_apc, APC information URL, politica_exencion, Waiver policy information URL, tiene_otros_cobros, Other fees information URL, servicios_preservacion, Preservation Service: national library, Preservation information URL, Deposit policy directory, URL for deposit policy, identificadores_persistentes, cumple_oa_doaj, Continues, Continued By, codigos_lcc, subscribe_to_open, Mirror Journal, Open Journals Collective, materias, fecha_incorporacion_doaj, fecha_actualizacion_doaj, Last Full Review Date, num_articulos, fecha_ultimo_articulo, apc_monto, apc_moneda, editorial_rapida"
1657-5636,Epiciclos,epiciclos,902,imputado,150.0,True,"apc_monto, apc_moneda","issn_electronic, issn_linking, institucion_editora_2, institucion_editora_3, url_revista, url_doaj, When did the journal start to publish all content using an open license?, titulo_alternativo, issn_impreso, issn_electronico, palabras_clave, idiomas, editorial, pais_editorial, Other organisation, Country of other organisation, licencia, atributos_licencia, URL for license terms, cc_legible_maquina, autor_retiene_copyright, Copyright information URL, tipo_revision, Review process information URL, politica_plagio, URL for journal's aims & scope, URL for the Editorial Board page, URL for journal's instructions for authors, semanas_submission_publicacion, tiene_apc, APC information URL, politica_exencion, Waiver policy information URL, tiene_otros_cobros, Other fees information URL, servicios_preservacion, Preservation Service: national library, Preservation information URL, Deposit policy directory, URL for deposit policy, identificadores_persistentes, cumple_oa_doaj, Continues, Continued By, codigos_lcc, subscribe_to_open, Mirror Journal, Open Journals Collective, materias, fecha_incorporacion_doaj, fecha_actualizacion_doaj, Last Full Review Date, num_articulos, fecha_ultimo_articulo, apc_monto, apc_moneda, editorial_rapida"
0121-5299,Energía Y Computación,energia computacion,903,imputado,150.0,True,"apc_monto, apc_moneda","issn_electronic, issn_linking, codigo_dane, institucion_editora_2, institucion_editora_3, pais_iso, url_revista, url_doaj, When did the journal start to publish all content using an open license?, titulo_alternativo, issn_impreso, issn_electronico, palabras_clave, idiomas, editorial, pais_editorial, Other organisation, Country of other organisation, licencia, atributos_licencia, URL for license terms, cc_legible_maquina, autor_retiene_copyright, Copyright information URL, tipo_revision, Review process information URL, politica_plagio, URL for journal's aims & scope, URL for the Editorial Board page, URL for journal's instructions for authors, semanas_submission_publicacion, tiene_apc, APC information URL, politica_exencion, Waiver policy information URL, tiene_otros_cobros, Other fees information URL, servicios_preservacion, Preservation Service: national library, Preservation information URL, Deposit policy directory, URL for deposit policy, identificadores_persistentes, cumple_oa_doaj, Continues, Continued By, codigos_lcc, subscribe_to_open, Mirror Journal, Open Journals Collective, materias, fecha_incorporacion_doaj, fecha_actualizacion_doaj, Last Full Review Date, num_articulos, fecha_ultimo_articulo, apc_monto, apc_moneda, editorial_rapida"
1657-4229,Uni-Pluriversidad,uni pluriversidad,904,imputado,150.0,True,"apc_monto, apc_moneda","issn_electronic, issn_linking, institucion_editora_2, institucion_editora_3, id_revista_publindex, url_revista, url_doaj, When did the journal start to publish all content using an open license?, titulo_alternativo, issn_impreso, issn_electronico, palabras_clave, idiomas, editorial, pais_editorial, Other organisation, Country of other organisation, licencia, atributos_licencia, URL for license terms, cc_legible_maquina, autor_retiene_copyright, Copyright information URL, tipo_revision, Review process information URL, politica_plagio, URL for journal's aims & scope, URL for the Editorial Board page, URL for journal's instructions for authors, semanas_submission_publicacion, tiene_apc, APC information URL, politica_exencion, Waiver policy information URL, tiene_otros_cobros, Other fees information URL, servicios_preservacion, Preservation Service: national library, Preservation information URL, Deposit policy directory, URL for deposit policy, identificadores_persistentes, cumple_oa_doaj, Continues, Continued By, codigos_lcc, subscribe_to_open, Mirror Journal, Open Journals Collective, materias, fecha_incorporacion_doaj, fecha_actualizacion_doaj, Last Full Review Date, num_articulos, fecha_ultimo_articulo, apc_monto, apc_moneda, editorial_rapida"
0121-0696,Revista De Derecho Privado,derecho privado,905,imputado,150.0,True,"apc_monto, apc_moneda","issn_electronic, issn_linking, institucion_editora_2, institucion_editora_3, url_revista, url_doaj, When did the journal start to publish all content using an open license?, titulo_alternativo, issn_impreso, issn_electronico, palabras_clave, idiomas, editorial, pais_editorial, Other organisation, Country of other organisation, licencia, atributos_licencia, URL for license terms, cc_legible_maquina, autor_retiene_copyright, Copyright information URL, tipo_revision, Review process information URL, politica_plagio, URL for journal's aims & scope, URL for the Editorial Board page, URL for journal's instructions for authors, semanas_submission_publicacion, tiene_apc, APC information URL, politica_exencion, Waiver policy information URL, tiene_otros_cobros, Other fees information URL, servicios_preservacion, Preservation Service: national library, Preservation information URL, Deposit policy directory, URL for deposit policy, identificadores_persistentes, cumple_oa_doaj, Continues, Continued By, codigos_lcc, subscribe_to_open, Mirror Journal, Open Journals Collective, materias, fecha_incorporacion_doaj, fecha_actualizacion_doaj, Last Full Review Date, num_articulos, fecha_ultimo_articulo, apc_monto, apc_moneda, editorial_rapida"
0121-2974,Geofísica Colombiana,geofisica colombiana,906,imputado,150.0,True,"apc_monto, apc_moneda","issn_electronic, issn_linking, institucion_editora_2, institucion_editora_3, url_revista, url_doaj, When did the journal start to publish all content using an open license?, titulo_alternativo, issn_impreso, issn_electronico, palabras_clave, idiomas, editorial, pais_editorial, Other organisation, Country of other organisation, licencia, atributos_licencia, URL for license terms, cc_legible_maquina, autor_retiene_copyright, Copyright information URL, tipo_revision, Review process information URL, politica_plagio, URL for journal's aims & scope, URL for the Editorial Board page, URL for journal's instructions for authors, semanas_submission_publicacion, tiene_apc, APC information URL, politica_exencion, Waiver policy information URL, tiene_otros_cobros, Other fees information URL, servicios_preservacion, Preservation Service: national library, Preservation information URL, Deposit policy directory, URL for deposit policy, identificadores_persistentes, cumple_oa_doaj, Continues, Continued By, codigos_lcc, subscribe_to_open, Mirror Journal, Open Journals Collective, materias, fecha_incorporacion_doaj, fecha_actualizacion_doaj, Last Full Review Date, num_articulos, fecha_ultimo_articulo, apc_monto, apc_moneda, editorial_rapida"
0120-3797,Avances En Psicología Clínica Latinoamericana,avances psicologia clinica latinoamericana,907,imputado,150.0,True,"apc_monto, apc_moneda","issn_electronic, issn_linking, institucion_editora_2, institucion_editora_3, id_revista_publindex, url_revista, url_doaj, When did the journal start to publish all content using an open license?, titulo_alternativo, issn_impreso, issn_electronico, palabras_clave, idiomas, editorial, pais_editorial, Other organisation, Country of other organisation, licencia, atributos_licencia, URL for license terms, cc_legible_maquina, autor_retiene_copyright, Copyright information URL, tipo_revision, Review process information URL, politica_plagio, URL for journal's aims & scope, URL for the Editorial Board page, URL for journal's instructions for authors, semanas_submission_publicacion, tiene_apc, APC information URL, politica_exencion, Waiver policy information URL, tiene_otros_cobros, Other fees information URL, servicios_preservacion, Preservation Service: national library, Preservation information URL, Deposit policy directory, URL for deposit policy, identificadores_persistentes, cumple_oa_doaj, Continues, Continued By, codigos_lcc, subscribe_to_open, Mirror Journal, Open Journals Collective, materias, fecha_incorporacion_doaj, fecha_actualizacion_doaj, Last Full Review Date, num_articulos, fecha_ultimo_articulo, apc_monto, apc_moneda, editorial_rapida"
