issn_print,issn_electronic,issn_linking,titulo,anio_clasificacion,categoria_publindex,pais,region,departamento,municipio,codigo_dane,especialidad,area_conocimiento,gran_area,institucion_editora_1,tipo_institucion_1,institucion_editora_2,institucion_editora_3,id_revista_publindex,issn_normalizado,titulo_normalizado,pais_iso,categoria_publindex_ord,_fecha_captura,_version_proceso,_estado_calidad,_hash_registro,rank,sourceid,tipo_publicacion,titulo_normalizado_scimago_dup,editorial,open_access,oa_diamond,sjr_score,cuartil_sjr,cuartil_sjr_ord,h_index,total_docs,total_docs_3y,total_refs,total_citas_3y,docs_citables_3y,citas_por_doc_2y,refs_por_doc,pct_female,overton,cobertura,categorias,areas,url_revista,url,When did the journal start to publish all content using an open license?,titulo_alternativo,issn_impreso,issn_electronico,palabras_clave,idiomas,pais_editorial,Other organisation,Country of other organisation,licencia,atributos_licencia,URL for license terms,cc_legible_maquina,autor_retiene_copyright,Copyright information URL,tipo_revision,Review process information URL,politica_plagio,URL for journal's aims & scope,URL for the Editorial Board page,URL for journal's instructions for authors,semanas_submission_publicacion,tiene_apc,APC information URL,apc_amount_raw,politica_exencion,Waiver policy information URL,tiene_otros_cobros,Other fees information URL,servicios_preservacion,Preservation Service: national library,Preservation information URL,Deposit policy directory,URL for deposit policy,identificadores_persistentes,cumple_oa,Continues,Continued By,codigos_lcc,subscribe_to_open,Mirror Journal,Open Journals Collective,materias,fecha_incorporacion,fecha_actualizacion,Last Full Review Date,num_articulos,fecha_ultimo_articulo,titulo_normalizado_doaj_dup,apc_monto_original,apc_moneda_original,apc_monto_usd,tasa_usd_utilizada,apc_conversion_estado,apc_monto_ppp_usd,apc_monto,apc_moneda,apc_tipo,titulo_normalizado_facts_dup,is_hybrid,titulo_normalizado_openapc_dup,_fuentes,concentracion_editorial,apc_es_outlier,apc_imputado,apc_metodo_imputacion,exencion_apc_lmic,revision_abierta,indexada_doaj,es_colombiana,brecha_publindex_sjr,contraste_publindex_cuartil,semanas_pub,editorial_rapida,ratio_citas_docs,indice_calidad_costo,apc_monto_usd_zscore,sjr_score_zscore,h_index_zscore,semanas_pub_zscore,apc_monto_usd_minmax,sjr_score_minmax,h_index_minmax,semanas_pub_minmax
2215-7727,2215-7727,2215-7727,Cuadernos De Desarrollo Rural,2022,C,Colombia,Distrito Capital,"Bogotá, D. C.","Bogotá, D.C.",11001,No registra,Sociología,Ciencias Sociales,PONTIFICIA UNIVERSIDAD JAVERIANA,IES,,,353,2215-7727,desarrollo rural,CO,1,2026-09-15,1.0.0,consolidado,d4061d9f812c632f,96,19500157818,journal,,Pontificia Universidad Javeriana,True,True,0.152,Q4,1,16,7,28,319,13,28,0.27,45.57,0.2778,0,2008-2025,"Agronomy and Crop Science (Q4); Economics and Econometrics (Q4); Geography, Planning and Development (Q4)","Agricultural and Biological Sciences; Economics, Econometrics and Finance; Social Sciences",https://lljournal.commons.gc.cuny.edu/,https://doaj.org/toc/fbfecba83adc45448e1ccdef1bd97e2b,2005,,,1930-1693,"film studies, gender studies, latino studies, linguistics, iberian literature and culture, latin american literature and culture","Spanish, Portuguese, English",United States,"The Graduate Center, The City University of New York",,CC BY-NC,,https://lljournal.commons.gc.cuny.edu/aviso-de-derechos-de-autor/,,False,,Peer review,https://lljournal.commons.gc.cuny.edu/proceso-revision-pares/,False,https://lljournal.commons.gc.cuny.edu/enfoque-y-alcance/,https://lljournal.commons.gc.cuny.edu/consejo-de-redaccion/,https://lljournal.commons.gc.cuny.edu/directrices-es/,8,False,https://lljournal.commons.gc.cuny.edu/aviso-de-derechos-de-autor/,,False,,False,,,,,,,,True,,,PQ1-3999,False,No,No,Language and Literature: French literature - Italian literature - Spanish literature - Portuguese literature,2018-12-18T01:46:59Z,2023-03-21T08:07:56Z,2023-03-21,41,2026-04-02T18:32:50Z,,1783.67,EUR,1926.36,1.08,sin_monto,5069.37,1783.67,EUR,observado,,True,,"['doaj', 'facts', 'openapc', 'publindex', 'scimago']",0.033112582781456956,False,False,,True,False,True,True,0,1.0,8,True,0.4642857142857143,0.134,0.6901,-0.1242,1.1056,-0.9562,0.3427,0.0639,0.35,0.0465
1657-9267,2011-2777,,Universitas Psychologica,2022,B,Colombia,Distrito Capital,"Bogotá, D. C.","Bogotá, D.C.",11001,No registra,Psicología,Ciencias Sociales,PONTIFICIA UNIVERSIDAD JAVERIANA,IES,,,503,1657-9267,universitas psychologica,CO,2,2026-09-15,1.0.0,consolidado,ebeb724d695f41f0,108,7500153128,journal,universitas psychologica,Pontificia Universidad Javeriana,True,True,0.146,Q4,1,37,28,77,1691,32,77,0.21,60.39,0.4474,0,2007-2026,Psychology (miscellaneous) (Q4); Social Psychology (Q4),Psychology,https://impactum-journals.uc.pt/psychologica/index,https://doaj.org/toc/27abadbedbf7489f93d3e1c52c3c4594,2009,,0871-4657,1647-8606,"social sciences, social psychology, psychology, psychology of education","English, Portuguese",Portugal,"University of Coimbra, Faculty of Psychology and Education Sciences",,CC BY,,https://impactum-journals.uc.pt/psychologica/index,,True,https://impactum-journals.uc.pt/psychologica/about/submissions,Anonymous peer review,https://impactum-journals.uc.pt/psychologica/about,False,https://impactum-journals.uc.pt/psychologica/about,https://impactum-journals.uc.pt/psychologica/about/editorialTeam,https://impactum-journals.uc.pt/psychologica/about/submissions,50,False,https://impactum-journals.uc.pt/psychologica/about,,False,,False,https://impactum-journals.uc.pt/psychologica/about,,,https://impactum-journals.uc.pt/psychologica/about,,,DOI,True,,,BF1-990,False,No,No,Philosophy. Psychology. Religion: Psychology,2019-06-04T23:33:02Z,2020-05-16T14:33:41Z,2020-05-16,336,2026-07-06T09:02:27Z,,2323.34,EUR,2509.21,1.08,sin_monto,6603.18,1557.92,EUR,observado,,True,,"['doaj', 'facts', 'openapc', 'publindex', 'scimago']",0.033112582781456956,False,False,,True,False,True,True,1,2.0,50,False,0.4155844155844156,0.1043,1.3922,-0.2013,4.0682,2.6052,0.4473,0.0565,0.875,0.5349
0124-0781,,2590-8669,Reflexión Política,2022,C,Colombia,Centro Oriente,Santander,Bucaramanga,68001,Ciencias Políticas,Ciencias Políticas,Ciencias Sociales,UNIVERSIDAD AUTONOMA DE BUCARAMANGA,IES,,,"1,146",2590-8669,reflexion politica,CO,1,2026-09-15,1.0.0,consolidado,b617529392e3a4c3,164,21101145379,journal,,Technological University of Pereira,False,False,0.101,Q4,1,3,23,57,1014,4,52,0.08,44.09,0.23079999999999998,0,2019-2025,History (Q4); Political Science and International Relations (Q4),Arts and Humanities; Social Sciences,https://revistapolitica.uchile.cl/index.php/RP,https://doaj.org/toc/da5454056a0742baa5ae89b4bd03b29f,2011,Política: Revista de Ciencia Política,0716-1077,0719-5338,"political science, international relations, political sociology, latin america, public policy, political economy","Portuguese, English, Spanish",Chile,,,CC BY-SA,,https://revistapolitica.uchile.cl/index.php/RP/copyright,,True,https://revistapolitica.uchile.cl/index.php/RP/copyright,Double anonymous peer review,https://revistapolitica.uchile.cl/index.php/RP/politicas,True,https://revistapolitica.uchile.cl/index.php/RP/about,https://revistapolitica.uchile.cl/index.php/RP/about/editorialTeam,https://revistapolitica.uchile.cl/index.php/RP/about/submissions,25,False,https://revistapolitica.uchile.cl/index.php/RP/acceso,,False,,False,,,,,,,DOI,True,,,JA1-92,False,No,No,Political science: Political science (General),2024-05-29T07:00:43Z,2024-05-29T07:00:43Z,2024-05-29,0,,,2443.03,EUR,2638.47,1.08,sin_monto,6943.34,2331.51,EUR,observado,,True,,"['doaj', 'facts', 'openapc', 'publindex', 'scimago']",0.02869757174392936,False,False,,True,False,True,True,0,1.0,25,False,0.07017543859649122,0.0692,1.5479,-0.7791,-0.7284,0.4853,0.4704,0.0012,0.025,0.2442
1794-8231,,2462-8794,Ecomatematico,2022,C,Colombia,Centro Oriente,Norte de Santander,Cúcuta,54001,Matemáticas Aplicadas,Matemática,Ciencias Naturales,UNIVERSIDAD FRANCISCO DE PAULA SANTANDER,IES,,,539,2462-8794,ecomatematico,CO,1,2026-09-15,1.0.0,consolidado,b0a261c40b7d6d45,,,,,Universidad Francisco de Paula Santander,,False,,,0,,,,,,,,,,,,,,https://revistas.ufps.edu.co/index.php/ecomatematico,https://doaj.org/toc/126beac3bb124335a314263d102c207e,2010,,1794-8231,,"education, mathematics",Spanish,Colombia,Universidad Francisco de Paula Santander,,CC BY,,http://revistas.ufps.edu.co/ojs/index.php/ecomatematico/about/editorialPolicies#custom-2,,False,,Double anonymous peer review,http://revistas.ufps.edu.co/ojs/index.php/ecomatematico/about/editorialPolicies#peerReviewProcess,True,http://revistas.ufps.edu.co/ojs/index.php/ecomatematico/about/editorialPolicies#focusAndScope,http://revistas.ufps.edu.co/ojs/index.php/ecomatematico/about/editorialPolicies#custom-3,http://revistas.ufps.edu.co/ojs/index.php/ecomatematico/about/submissions#authorGuidelines,12,False,http://revistas.ufps.edu.co/ojs/index.php/ecomatematico/about/editorialPolicies#openAccessPolicy,,False,,False,,,,,,,,True,,,LC8-6691|QA1-939,False,No,No,Education: Special aspects of education | Science: Mathematics,2017-11-02T21:02:49Z,2021-11-02T08:21:20Z,2021-11-02,215,2025-07-09T14:29:00Z,,2826.34,EUR,3052.45,1.08,sin_monto,8032.76,2182.8,EUR,observado,,False,,"['doaj', 'facts', 'openapc', 'publindex']",0.002207505518763797,False,False,,True,False,True,True,1,,12,True,,0.0607,2.0466,,,-0.617,0.5447,,,0.093
,,2027-5846,Ingenierias Usbmed,2022,C,Colombia,Eje Cafetero,Antioquia,Medellín,05001,No registra,Otras Ingenierías y Tecnologías,Ingeniería y Tecnología,UNIVERSIDAD DE SAN BUENAVENTURA,IES,,,"1,121",2027-5846,ingenierias usbmed,CO,1,2026-09-15,1.0.0,consolidado,5415f1dd58311ab9,,,,,Universidad de San Buenaventura,,False,,,0,,,,,,,,,,,,,,http://revistas.usb.edu.co/index.php/IngUSBmed,https://doaj.org/toc/04235659f10b4a3e949a85ce86b6e729,2010,Ingenierias USBMed,2027-5846,,"technology, engineering, biomedical research, software engineering, computer science, data science",Spanish,Colombia,,,CC BY-NC-ND,,https://revistas.usb.edu.co/index.php/IngUSBmed/about/submissions,True,False,https://revistas.usb.edu.co/index.php/IngUSBmed/about/submissions,Double anonymous peer review,https://revistas.usb.edu.co/index.php/IngUSBmed/about,True,https://revistas.usb.edu.co/index.php/IngUSBmed/about,http://revistas.usb.edu.co/index.php/IngUSBmed/about/editorialTeam,http://revistas.usb.edu.co/index.php/IngUSBmed/about/submissions#authorGuidelines,16,False,https://revistas.usb.edu.co/index.php/IngUSBmed/about/submissions#authorGuidelines,,False,,False,,,,,,,DOI,True,,,T|TA1-2040,False,No,No,Technology: Engineering (General). Civil engineering (General),2012-01-23T13:52:39Z,2025-05-05T09:47:48Z,2025-05-05,243,2026-05-20T14:18:09Z,ingenierias usbmed,5176.12,EUR,5590.21,1.08,sin_monto,14711.08,5176.12,EUR,observado,,True,,"['doaj', 'facts', 'publindex']",0.004415011037527594,True,False,,True,False,True,True,1,,16,False,,0.0356,5.1036,,,-0.2778,1.0,,,0.1395
0120-7555,0120-7555,2346-206X,Turismo Y Sociedad,2022,C,Colombia,Distrito Capital,"Bogotá, D. C.","Bogotá, D.C.",11001,No registra,Economía y Negocios,Ciencias Sociales,UNIVERSIDAD EXTERNADO DE COLOMBIA,IES,,,732,2346-206X,turismo sociedad,CO,1,2026-09-15,1.0.0,consolidado,7bcc93e2d1c30300,113,21101216647,journal,turismo sociedad,Universidad Externado de Colombia,True,True,0.144,Q4,1,7,25,91,1351,38,88,0.34,54.04,0.434,0,2020-2026,"Geography, Planning and Development (Q4); Tourism, Leisure and Hospitality Management (Q4)","Business, Management and Accounting; Social Sciences",https://revistasinvestigacion.esic.edu/adresearch,https://doaj.org/toc/58c2c8165f3e4a06a2930ed61453fa10,2010,aDresearch ESIC: International Journal of Research in Communication,,2340-3144,"communication, new media, marketing, public relations, strategy, branding","English, Spanish",Spain,,,CC BY-NC-ND,,https://revistasinvestigacion.esic.edu/adresearch/index.php/adresearch/accesoabierto,True,False,https://revistasinvestigacion.esic.edu/adresearch/index.php/adresearch/accesoabierto,Double anonymous peer review,https://revistasinvestigacion.esic.edu/adresearch/index.php/adresearch/revision,True,https://revistasinvestigacion.esic.edu/adresearch/index.php/adresearch/about,https://revistasinvestigacion.esic.edu/adresearch/index.php/adresearch/about/editorialTeam,https://revistasinvestigacion.esic.edu/adresearch/index.php/adresearch/about/submissions,24,False,https://revistasinvestigacion.esic.edu/adresearch/index.php/adresearch/about/submissions,,False,,False,,,,,,,DOI,True,,,H|P87-96,False,No,No,Social Sciences | Language and Literature: Philology. Linguistics: Communication. Mass media,2022-04-19T13:31:45Z,2022-04-19T13:31:45Z,2022-04-19,260,2026-06-29T23:00:07Z,,1996.61,EUR,2156.34,1.08,sin_monto,5674.58,1872.1,EUR,observado,,True,,"['doaj', 'facts', 'openapc', 'publindex', 'scimago']",0.009933774834437087,False,False,,True,False,True,True,0,1.0,24,False,0.4175824175824176,0.1162,0.9671,-0.2269,-0.1641,0.4005,0.3839,0.0541,0.125,0.2326
0120-0488,1657-0448,2665-4385,Revista Colombiana De Entomología,2022,C,Colombia,Distrito Capital,"Bogotá, D. C.","Bogotá, D.C.",11001,Otras Ciencias Agrícolas,Otras Ciencias Agrícolas,Ciencias Agrícolas,SOCIEDAD COLOMBIANA DE ENTOMOLOGIA,Otras,UNIVERSIDAD DEL VALLE,,101,2665-4385,colombiana entomologia,CO,1,2026-09-15,1.0.0,consolidado,ecd809138bfe29fd,163,21101259010,journal,,Universidade Federal de Sergipe,True,True,0.105,Q4,1,2,58,123,889,5,91,0.06,15.33,0.5539999999999999,0,2020-2026,Dermatology (Q4); Surgery (Q4),Medicine,https://periodicos.ufs.br/tomo/index,https://doaj.org/toc/eab22d0177e54bf98f5e88e957cad4e4,1998,,2318-9010,1517-4549,"sociology, social sciences, antrophology, political science","Portuguese, Spanish, English",Brazil,"Universidade Federal de Sergipe, Programa de Pós-Graduação em Sociologia",,CC BY,,https://periodicos.ufs.br/tomo/about,,True,https://periodicos.ufs.br/tomo/about,Peer review,https://periodicos.ufs.br/tomo/about,True,https://periodicos.ufs.br/tomo/about,https://periodicos.ufs.br/tomo/about/editorialTeam,https://periodicos.ufs.br/tomo/about/submissions,24,False,https://periodicos.ufs.br/tomo/about,,False,,False,,,,,,,DOI,True,,,H|H1-99,False,No,No,Social Sciences: Social sciences (General),2015-12-21T21:19:29Z,2024-03-31T09:00:14Z,2024-03-31,566,2026-08-04T19:20:45Z,,2400.0,EUR,2592.0,1.08,sin_monto,6821.05,2400.0,EUR,observado,,True,,"['doaj', 'facts', 'openapc', 'publindex', 'scimago']",0.0011037527593818985,False,False,,True,False,True,True,0,1.0,24,False,0.04065040650406504,0.073,1.4919,-0.7278,-0.8695,0.4005,0.4621,0.0061,0.0,0.2326
0124-2121,0124-2121,2665-2420,Educacion Y Humanismo,2022,B,Colombia,Caribe,Atlántico,Barranquilla,08001,"Educación General (Incluye Capacitación, Pedagogía)",Ciencias de la Educación,Ciencias Sociales,UNIVERSIDAD SIMON BOLIVAR,IES,,,428,2665-2420,educacion humanismo,CO,2,2026-09-15,1.0.0,consolidado,e7c730dbcd04dbd2,122,21101128566,journal,educacion humanismo,Simon Bolivar University (Barranquilla),True,True,0.137,Q3,2,4,26,69,1274,29,67,0.32,49.0,0.4167,0,2022-2026,Cultural Studies (Q3); History and Philosophy of Science (Q3); Education (Q4); Gender Studies (Q4),Arts and Humanities; Social Sciences,https://fh.mdp.edu.ar/revistas/index.php/r_educ,https://doaj.org/toc/7ea52ed84fda4fa586ee5f3a55f33944,2010,,1853-1318,1853-1326,"education, teacher training, didactics, teaching",Spanish,Argentina,"Universidad Nacional de Mar del Plata, Facultad de Humanidades, Centro de Investigaciones multidisciplinarias en Educación",,CC BY-NC-SA,,https://fh.mdp.edu.ar/revistas/index.php/r_educ/about/submissions#copyrightNotice,,True,https://fh.mdp.edu.ar/revistas/index.php/r_educ/about/submissions#copyrightNotice,Double anonymous peer review,https://fh.mdp.edu.ar/revistas/index.php/r_educ/about/editorialPolicies#peerReviewProcess,True,https://fh.mdp.edu.ar/revistas/index.php/r_educ/about/editorialPolicies#focusAndScope,https://fh.mdp.edu.ar/revistas/index.php/r_educ/about/editorialTeam,https://fh.mdp.edu.ar/revistas/index.php/r_educ/about/submissions#authorGuidelines,8,False,https://fh.mdp.edu.ar/revistas/index.php/r_educ/about/submissions#authorGuidelines,,False,,False,https://fh.mdp.edu.ar/revistas/index.php/r_educ/about/submissions#authorGuidelines,,,,,,,True,,,L7-991|LC8-6691|LB5-3640,False,No,No,Education: Education (General) | Education: Special aspects of education | Education: Theory and practice of education,2020-08-14T14:13:13Z,2020-08-14T14:13:13Z,2020-08-14,0,,,2618.0,EUR,2827.44,1.08,sin_monto,7440.63,1872.1,EUR,observado,,True,,"['doaj', 'facts', 'openapc', 'publindex', 'scimago']",0.0033112582781456954,False,False,,True,False,True,True,0,1.0,8,True,0.42028985507246375,0.0887,1.7755,-0.3168,-0.5873,-0.9562,0.5043,0.0455,0.05,0.0465
0123-5362,0123-5362,,Revista De Economía Del Rosario,2022,C,Colombia,Distrito Capital,"Bogotá, D. C.","Bogotá, D.C.",11001,No registra,Economía y Negocios,Ciencias Sociales,,No disponible,,,58,0123-5362,economia rosario,CO,1,2026-09-15,1.0.0,consolidado,abf23d12905514fc,161,7600153109,journal,,Universidad del Rosario,True,True,0.111,Q4,1,9,0,28,0,8,28,0.26,0.0,0.0,0,2007-2024,"Economics, Econometrics and Finance (miscellaneous) (Q4)","Economics, Econometrics and Finance",http://revistas.urosario.edu.co/index.php/economia/index,https://doaj.org/toc/1e0204d5fddf41279b7ef939e4861eab,1998,,,2145-454X,"economy, policy implications","English, Spanish",Colombia,,,CC BY-NC,,https://revistas.urosario.edu.co/index.php/economia/about,,True,https://revistas.urosario.edu.co/index.php/economia/about/submissions,Double anonymous peer review,https://revistas.urosario.edu.co/index.php/economia/about,False,https://revistas.urosario.edu.co/index.php/economia/about,https://revistas.urosario.edu.co/index.php/economia/about/editorialTeam,https://revistas.urosario.edu.co/index.php/economia/about/submissions,12,False,http://revistas.urosario.edu.co/index.php/index,,False,,False,,PKP PN,,https://portal.issn.org/resource/ISSN/2145-454X,Open Policy Finder,https://openpolicyfinder.jisc.ac.uk/id/publication/37592,DOI,True,,,HB71-74,False,No,No,Social Sciences: Economic theory. Demography: Economics as a science,2015-10-27T12:28:45Z,2024-07-19T19:20:16Z,2024-07-19,250,2026-08-12T20:31:37Z,,204.92,EUR,221.31,1.08,sin_monto,582.39,204.92,EUR,observado,,False,,"['doaj', 'facts', 'openapc', 'publindex', 'scimago']",0.01545253863134658,False,False,,True,False,True,True,0,1.0,12,True,0.2857142857142857,0.3117,-1.3638,-0.6507,0.1181,-0.617,0.0368,0.0135,0.175,0.093
0121-8417,,2357-4720,Revista Historia Y Sociedad,2022,C,Colombia,Eje Cafetero,Antioquia,Medellín,05001,Historia,Historia y Arqueología,Humanidades,UNIVERSIDAD NACIONAL DE COLOMBIA,IES,,,"1,080",2357-4720,historia sociedad,CO,1,2026-09-15,1.0.0,consolidado,e59c2b779b43ba98,164,21101145379,journal,,Technological University of Pereira,False,False,0.101,Q4,1,3,23,57,1014,4,52,0.08,44.09,0.23079999999999998,0,2019-2025,History (Q4); Political Science and International Relations (Q4),Arts and Humanities; Social Sciences,http://www.revistas.una.ac.cr/historia,https://doaj.org/toc/fbee54fd818c4dee805478f8807e30a5,1985,,1012-9790,2215-4744,"history, historiography, costa rican history, central american history, latin american history",Spanish,Costa Rica,"Universidad Nacional, Costa Rica",,CC BY-NC-SA,,http://www.revistas.una.ac.cr/index.php/historia/noticeofcopyright,,False,,Double anonymous peer review,http://www.revistas.una.ac.cr/index.php/historia/arbitrationsystem,True,http://www.revistas.una.ac.cr/index.php/historia/approachandscope,http://www.revistas.una.ac.cr/index.php/historia/about/editorialTeam,http://www.revistas.una.ac.cr/index.php/historia/guidelinesforauthors,8,False,http://www.revistas.una.ac.cr/index.php/historia/policies,,False,,False,,,,,,,,True,,,D1-2009|F1201-3799|BT1313-1480,False,No,No,History (General) and history of Europe: History (General) | History America: Latin America. Spanish America | Philosophy. Psychology. Religion: Doctrinal Theology: History of specific doctrines and movements. Heresies and schisms,2019-04-25T00:54:35Z,2022-09-26T12:59:42Z,2022-09-26,731,2024-10-27T19:12:28Z,,1116.0,EUR,1205.28,1.08,sin_monto,3171.79,1116.0,EUR,observado,,True,,"['doaj', 'facts', 'openapc', 'publindex', 'scimago']",0.02869757174392936,False,False,,True,False,True,True,0,1.0,8,True,0.07017543859649122,0.1255,-0.1785,-0.7791,-0.7284,-0.9562,0.2133,0.0012,0.025,0.0465
1794-8932,,2346-0806,Sophia,2022,B,Colombia,Eje Cafetero,Quindío,Armenia,63001,No registra,Ciencias de la Educación,Ciencias Sociales,UNIVERSIDAD LA GRAN COLOMBIA SECCIONAL ARMENIA,IES,,,"1,017",2346-0806,sophia,CO,2,2026-09-15,1.0.0,consolidado,452ac3962f5f1138,,,,,scopio Editions,,False,,,0,,,,,,,,,,,,,,https://www.up.pt/revistas/index.php/sophia/index,https://doaj.org/toc/765b45f63e5b47c2bfe286685631b7b2,2016,Sophia Journal,2183-8976,2183-9468,"architecture, city, image, art, practice research, photography",English,Portugal,Center for Studies in Architecture and Urbanism (CEAU),Portugal,CC BY-NC-ND,,https://www.up.pt/revistas/index.php/sophia/OpenAccess,True,True,https://www.up.pt/revistas/index.php/sophia/Copyright,Double anonymous peer review,https://www.up.pt/revistas/index.php/sophia/about,True,https://www.up.pt/revistas/index.php/sophia/about,https://www.up.pt/revistas/index.php/sophia/about/editorialTeam,https://www.up.pt/revistas/index.php/sophia/about/submissions,24,False,https://www.up.pt/revistas/index.php/sophia/about,,False,,False,,,,,Publisher's site,https://www.up.pt/revistas/index.php/sophia/Copyright,DOI,True,,,NA1-9428|N1-9211,False,No,No,Fine Arts: Architecture | Fine Arts: Visual arts,2022-04-04T12:30:07Z,2022-10-13T16:55:40Z,2022-10-13,0,,,1294.3,EUR,1397.84,1.08,sin_monto,3678.53,1294.3,EUR,observado,,True,,"['doaj', 'facts', 'openapc', 'publindex']",0.002207505518763797,False,False,,True,False,True,True,2,,24,False,,0.112,0.0534,,,0.4005,0.2479,,,0.2326
2346-3775,,2346-3775,Tropical Grasslands-Forrajes Tropicales,2022,B,Colombia,Pacífico,Valle del Cauca,Palmira,76520,No registra,"Agricultura, Silvicultura y Pesca",Ciencias Agrícolas,CENTRO INTERNACIONAL DE AGRICULTURA TROPICAL,Otras,,,"1,221",2346-3775,tropical grasslands forrajes tropicales,CO,2,2026-09-15,1.0.0,consolidado,1599fe78d29b08dc,16,21100820898,journal,tropical grasslands forrajes tropicales,Centro Internacional de Agricultura Tropical (CIAT),True,True,0.286,Q3,2,32,8,69,291,82,69,1.11,36.38,0.3182,0,2013-2025,"Agronomy and Crop Science (Q3); Ecology, Evolution, Behavior and Systematics (Q3); Plant Science (Q3)",Agricultural and Biological Sciences,https://www.tropicalgrasslands.info/index.php/tgft,https://doaj.org/toc/6acc2f3a8af147f1af0316cbf3b34354,2013,,,2346-3775,"tropical forages, grasslands, forages","Spanish, English",Colombia,,,CC BY,,https://www.tropicalgrasslands.info/index.php/tgft/about/submissions,True,True,https://www.tropicalgrasslands.info/index.php/tgft/about/submissions,Double anonymous peer review,https://www.tropicalgrasslands.info/index.php/tgft/about/submissions,False,https://www.tropicalgrasslands.info/index.php/tgft/about,https://www.tropicalgrasslands.info/index.php/tgft/about/editorialTeam,https://www.tropicalgrasslands.info/index.php/tgft/about/submissions,16,False,https://www.tropicalgrasslands.info/index.php/tgft/about,,False,,False,,,,,,,DOI,True,,,S,False,No,No,Agriculture,2016-12-03T15:06:56Z,2026-07-31T14:50:56Z,2026-06-01,460,2025-10-01T20:53:03Z,tropical grasslands forrajes tropicales,2784.55,EUR,3007.31,1.08,sin_monto,7913.97,2784.55,EUR,observado,,True,,"['doaj', 'facts', 'openapc', 'publindex', 'scimago']",0.0011037527593818985,False,False,,True,False,True,True,0,1.0,16,False,1.1884057971014492,0.1758,1.9922,1.5965,3.3628,-0.2778,0.5366,0.2285,0.75,0.1395
1692-0279,,2256-4322,Ad-Minister Revista Escuela De Administración,2022,B,Colombia,Eje Cafetero,Antioquia,Medellín,05001,No registra,Economía y Negocios,Ciencias Sociales,UNIVERSIDAD EAFIT,IES,,,468,2256-4322,ad minister escuela administracion,CO,2,2026-09-15,1.0.0,consolidado,8bbfda0370d51394,,,,,Editorial Universidad de Sevilla,,False,,,0,,,,,,,,,,,,,,https://revistascientificas.us.es/index.php/IE/index,https://doaj.org/toc/58f38598b022408da703024f79c2838f,2015,Researching in Schools,0213-7771,2443-9991,"education, research, innovation, teacher training, didactics, teaching","Spanish, English",Spain,,,CC BY-NC-SA,,https://revistascientificas.us.es/index.php/IE/derechos-de-autor-a,True,False,https://revistascientificas.us.es/index.php/IE/derechos-de-autor-a,Double anonymous peer review,https://revistascientificas.us.es/index.php/IE/proceso-de-evaluacion,True,https://revistascientificas.us.es/index.php/IE/about,https://revistascientificas.us.es/index.php/IE/about/editorialTeam,https://revistascientificas.us.es/index.php/IE/normativa-para-autores,12,False,https://revistascientificas.us.es/index.php/IE/acceso-abierto,,False,,False,,,,,,,DOI,True,,,LB5-3640,False,No,No,Education: Theory and practice of education,2021-07-12T16:45:56Z,2021-07-12T16:45:56Z,2021-07-12,0,,,1932.16,EUR,2086.73,1.08,sin_monto,5491.39,1932.16,EUR,observado,,True,,"['doaj', 'facts', 'openapc', 'publindex']",0.0011037527593818985,False,False,,True,False,True,True,2,,12,True,,0.0828,0.8833,,,-0.617,0.3715,,,0.093
1900-9895,0120-1867,2500-5324,Latinoamericana De Estudios Educativos,2022,C,Colombia,Eje Cafetero,Caldas,Manizales,17001,No registra,Ciencias de la Educación,Ciencias Sociales,UNIVERSIDAD DE CALDAS,IES,,,208,2500-5324,latinoamericana estudios educativos,CO,1,2026-09-15,1.0.0,consolidado,bb2c5faa7afc6bcb,88,21101121920,journal,,Universidad de Antioquia,True,True,0.158,Q3,2,4,13,52,576,12,50,0.26,44.31,0.3125,0,2019-2025,Law (Q3); Political Science and International Relations (Q4),Social Sciences,https://rlee.ibero.mx/index.php/rlee,https://doaj.org/toc/5a4e824beddc4596985db2655ecd14cf,2009,Latin American Journal of Educational Studies,0185-1284,2448-878X,"education, educational policy, latin america, social justice, right to education, educational research","Spanish, English, French, Portuguese",Mexico,Campo Estratégico y Acción en Modelos y Políticas Públicas,Mexico,CC BY-NC-SA,,https://rlee.ibero.mx/index.php/rlee/about/submissions,True,False,https://rlee.ibero.mx/index.php/rlee/about/submissions,Double anonymous peer review,https://rlee.ibero.mx/index.php/rlee/about/submissions,False,https://rlee.ibero.mx/index.php/rlee/about,https://rlee.ibero.mx/index.php/rlee/ConsejoEditorial,https://rlee.ibero.mx/index.php/rlee/about/submissions,16,False,https://rlee.ibero.mx/index.php/rlee/about,,False,,False,,,,,,,DOI,True,,,L7-991,False,No,No,Education: Education (General),2021-02-03T08:48:45Z,2021-02-03T08:48:45Z,2021-02-03,651,2026-05-09T21:48:19Z,,1828.24,EUR,1974.5,1.08,sin_monto,5196.05,1828.24,EUR,observado,,True,,"['doaj', 'facts', 'openapc', 'publindex', 'scimago']",0.06181015452538632,False,False,,True,False,True,True,-1,0.5,16,False,0.23076923076923078,0.1367,0.7481,-0.0472,-0.5873,-0.2778,0.3513,0.0713,0.05,0.1395
2422-4200,,2422-4200,Revista Logos Ciencia & Tecnología,2022,C,Colombia,Distrito Capital,"Bogotá, D. C.","Bogotá, D.C.",11001,"Ciencias Sociales, Interdisciplinaria",Otras Ciencias Sociales,Ciencias Sociales,DIRECCION NACIONAL DE ESCUELAS POLICIA NACIONAL DE COLOMBIA,IES,,,"1,088",2422-4200,logos ciencia tecnologia,CO,1,2026-09-15,1.0.0,consolidado,ed3703887b48d582,,,,,Universidad Tecnologica Nacional,,False,,,0,,,,,,,,,,,,,,https://rtyc.utn.edu.ar,https://doaj.org/toc/af49cc9997914321b8ed40bc39fc29eb,2018,RTYC,1666-6917,1666-6933,"science, engineering, technology, chemistry, information technology, computer science","Spanish, English, Portuguese",Argentina,,,CC BY-NC,,https://rtyc.utn.edu.ar/index.php/rtyc/deraut,True,True,https://rtyc.utn.edu.ar/index.php/rtyc/deraut,Anonymous peer review,https://rtyc.utn.edu.ar/index.php/rtyc/sobre#h26sjo7k5er0d5z28t1uhjttg1o9sekq,True,https://rtyc.utn.edu.ar/index.php/rtyc/sobre#h33sjo7k5t7oh5l5i9q47ocf11in8vv,http://rtyc.utn.edu.ar/index.php/rtyc/about/editorialTeam,https://rtyc.utn.edu.ar/index.php/rtyc/normaspublicacion,10,False,https://rtyc.utn.edu.ar/index.php/rtyc/sobre#h20sjo7k58ec16br13b1ky7teqpkudm5,,False,,False,,PKP PN,,https://portal.issn.org/resource/ISSN/1666-6933,,,DOI,True,,,T|TA1-2040|Q1-390,False,No,No,Technology: Engineering (General). Civil engineering (General) | Science: Science (General),2019-03-24T02:07:24Z,2024-01-16T07:42:45Z,2024-01-16,328,2026-07-17T19:41:35Z,,243.34,EUR,262.81,1.08,sin_monto,691.61,243.34,EUR,observado,,False,,"['doaj', 'facts', 'openapc', 'publindex']",0.0011037527593818985,False,False,,True,False,True,True,1,,10,True,,0.2667,-1.3138,,,-0.7866,0.0442,,,0.0698
0120-4483,,2665-1327,Ensayos Sobre Política Económica,2022,B,Colombia,Distrito Capital,"Bogotá, D. C.","Bogotá, D.C.",11001,No registra,Economía y Negocios,Ciencias Sociales,,No disponible,,,220,2665-1327,ensayos sobre politica economica,CO,2,2026-09-15,1.0.0,consolidado,100096f06b8c5132,,,,,Pontificia Universidad Católica Argentina,,False,,,0,,,,,,,,,,,,,,https://erevistas.uca.edu.ar/index.php/ENSAYOS/index,https://doaj.org/toc/1b3a2824926a44ffabd938005c25d62c,2007,,1853-6999,2313-979X,"economic policy, social policy, macroeconomics, international economy, financial economy, development","English, Spanish",Argentina,Pontificia Universidad Católica Argentina,Argentina,CC BY-NC-SA,,https://erevistas.uca.edu.ar/index.php/ENSAYOS/about/submissions#copyrightNotice,,True,https://erevistas.uca.edu.ar/index.php/ENSAYOS/about/submissions#copyrightNotice,Double anonymous peer review,https://erevistas.uca.edu.ar/index.php/ENSAYOS/about/editorialPolicies#peerReviewProcess,False,https://erevistas.uca.edu.ar/index.php/ENSAYOS/about/editorialPolicies#focusAndScope,https://erevistas.uca.edu.ar/index.php/ENSAYOS/about/editorialTeam,https://erevistas.uca.edu.ar/index.php/ENSAYOS/about/submissions#authorGuidelines,48,False,https://erevistas.uca.edu.ar/index.php/ENSAYOS/about/editorialPolicies#openAccessPolicy,,False,,False,,,,,,,DOI,True,,,HB1-3840|HG1-9999|HC10-1085,False,No,No,Social Sciences: Economic theory. Demography | Social Sciences: Finance | Social Sciences: Economic history and conditions,2021-11-15T17:18:46Z,2021-11-15T17:18:46Z,2021-11-15,47,2022-05-09T18:20:24Z,,1828.49,EUR,1974.77,1.08,sin_monto,5196.76,2331.51,EUR,observado,,True,,"['doaj', 'facts', 'openapc', 'publindex']",0.0011037527593818985,False,False,,True,False,True,True,2,,48,False,,0.0865,0.7484,,,2.4356,0.3514,,,0.5116
1794-161X,,2389-7864,Revista Intropica,2022,C,Colombia,Caribe,Magdalena,Santa Marta,47001,No registra,Ciencias Biológicas,Ciencias Naturales,UNIVERSIDAD DEL MAGDALENA,IES,,,"1,005",2389-7864,intropica,CO,1,2026-09-15,1.0.0,consolidado,b231cc89c9c4bc1c,,,,,Elsevier BV,,False,,,0,,,,,,,,,,,,,,,,,,,,,,,,,,,,,,,,,,,,,,,,,,,,,,,,,,,,,,,,,,,,,,,,,2784.55,EUR,3007.31,1.08,,7913.97,2784.55,EUR,observado,,True,,"['facts', 'openapc', 'publindex']",0.0011037527593818985,False,False,,True,False,False,True,1,,,,,0.0615,1.9922,,,,0.5366,,,
0122-8803,0122-8803,2322-6889,Historia Caribe,2022,B,No disponible,No disponible,No disponible,No disponible,,Historia,Historia y Arqueología,Humanidades,UNIVERSIDAD DEL ATLANTICO,IES,,,916,2322-6889,historia caribe,CO,2,2026-09-15,1.0.0,consolidado,f5dd59d1461f3cc2,136,21100432208,journal,historia caribe,Sello editorial Universidad del Atlantico,True,True,0.129,Q3,2,5,20,76,885,8,66,0.1,44.25,0.375,0,2015-2025,History (Q3),Arts and Humanities,http://www.revistas.una.ac.cr/historia,https://doaj.org/toc/fbee54fd818c4dee805478f8807e30a5,1985,,1012-9790,2215-4744,"history, historiography, costa rican history, central american history, latin american history",Spanish,Costa Rica,"Universidad Nacional, Costa Rica",,CC BY-NC-SA,,http://www.revistas.una.ac.cr/index.php/historia/noticeofcopyright,,False,,Double anonymous peer review,http://www.revistas.una.ac.cr/index.php/historia/arbitrationsystem,True,http://www.revistas.una.ac.cr/index.php/historia/approachandscope,http://www.revistas.una.ac.cr/index.php/historia/about/editorialTeam,http://www.revistas.una.ac.cr/index.php/historia/guidelinesforauthors,8,False,http://www.revistas.una.ac.cr/index.php/historia/policies,,False,,False,,,,,,,,True,,,D1-2009|F1201-3799|BT1313-1480,False,No,No,History (General) and history of Europe: History (General) | History America: Latin America. Spanish America | Philosophy. Psychology. Religion: Doctrinal Theology: History of specific doctrines and movements. Heresies and schisms,2019-04-25T00:54:35Z,2022-09-26T12:59:42Z,2022-09-26,731,2024-10-27T19:12:28Z,,1116.0,EUR,1205.28,1.08,sin_monto,3171.79,1116.0,EUR,observado,,True,,"['doaj', 'facts', 'openapc', 'publindex', 'scimago']",0.0011037527593818985,False,False,,True,False,True,True,0,1.0,8,True,0.10526315789473684,0.1602,-0.1785,-0.4196,-0.4463,-0.9562,0.2133,0.0356,0.075,0.0465
0123-4641,,,Colombian Applied Linguistics Journal,2022,B,Colombia,Distrito Capital,"Bogotá, D. C.","Bogotá, D.C.",11001,Lingüística,Idiomas y Literatura,Humanidades,UNIVERSIDAD DISTRITAL FRANCISCO JOSE DE CALDAS,IES,,,301,0123-4641,colombian applied linguistics,CO,2,2026-09-15,1.0.0,consolidado,5429becb756b7298,,,,,Universidad Distrital Francisco José de Caldas,,False,,,0,,,,,,,,,,,,,,http://revistas.udistrital.edu.co/ojs/index.php/calj,https://doaj.org/toc/181be56ac223431194c9ebed7546e0bc,2003,,0123-4641,2248-7085,"applied linguistics, literacy, teacher education, discourse studies","English, Spanish",Colombia,Universidad Distrital Francisco José de Caldas,Colombia,CC BY-NC-ND,,http://revistas.udistrital.edu.co/ojs/index.php/calj/about/submissions#copyrightNotice,,True,http://revistas.udistrital.edu.co/ojs/index.php/calj/about/submissions#copyrightNotice,Double anonymous peer review,https://revistas.udistrital.edu.co/index.php/calj/about,False,https://revistas.udistrital.edu.co/index.php/calj/about,https://revistas.udistrital.edu.co/index.php/calj/about/editorialTeam,https://revistas.udistrital.edu.co/index.php/calj/about/submissions,5,False,https://revistas.udistrital.edu.co/index.php/calj/about,,False,,False,,,,,,,DOI,True,,,P1-1091,False,No,No,Language and Literature: Philology. Linguistics,2015-01-21T16:15:33Z,2022-08-17T18:35:48Z,2022-08-17,412,2025-11-24T13:30:59Z,colombian applied linguistics,3306.51,EUR,3571.03,1.08,sin_monto,9397.45,3306.51,EUR,observado,,True,,"['doaj', 'facts', 'openapc', 'publindex']",0.011037527593818985,False,False,,True,False,True,True,2,,5,True,,0.0531,2.6713,,,-1.2106,0.6378,,,0.0116
1657-6357,,2389-9050,Sociedad Y Economía,2022,C,Colombia,Pacífico,Valle del Cauca,Cali,76001,"Ciencias Sociales, Interdisciplinaria",Otras Ciencias Sociales,Ciencias Sociales,UNIVERSIDAD DEL VALLE,IES,,,345,2389-9050,sociedad economia,CO,1,2026-09-15,1.0.0,consolidado,37344040154fd46d,,,,,Programa Editorial de la Universidad del Valle,,False,,,0,,,,,,,,,,,,,,https://sociedadyeconomia.univalle.edu.co/index.php/sociedad_y_economia/index,https://doaj.org/toc/f3237cc9541b466bb4e3866f9914d999,2011,,,2389-9050,"social sciences, economics, econometrics, social change, sociology, social issues","English, Spanish",Colombia,,,CC BY-NC,,https://sociedadyeconomia.univalle.edu.co/index.php/sociedad_y_economia/about#openAccessPolicy,True,False,https://sociedadyeconomia.univalle.edu.co/index.php/sociedad_y_economia/derechos,Peer review,https://sociedadyeconomia.univalle.edu.co/index.php/sociedad_y_economia/evaluacion,True,https://sociedadyeconomia.univalle.edu.co/index.php/sociedad_y_economia/about,https://sociedadyeconomia.univalle.edu.co/index.php/sociedad_y_economia/about/editorialTeam,https://sociedadyeconomia.univalle.edu.co/index.php/sociedad_y_economia/information/authors,52,False,https://sociedadyeconomia.univalle.edu.co/index.php/sociedad_y_economia/financiacion,,False,,False,,,,,,,DOI,True,,,H1-99,False,No,No,Social Sciences: Social sciences (General),2024-04-30T06:20:16Z,2024-04-30T06:20:16Z,2024-04-30,578,2026-06-04T16:26:17Z,sociedad economia,1996.61,EUR,2156.34,1.08,sin_monto,5674.58,1872.1,EUR,observado,,True,,"['doaj', 'facts', 'openapc', 'publindex']",0.0011037527593818985,False,False,,True,False,True,True,1,,52,False,,0.0807,0.9671,,,2.7748,0.3839,,,0.5581
0121-7372,1657-0448,2462-991X,Repertorio De Medicina Y Cirugía,2022,C,Colombia,Distrito Capital,"Bogotá, D. C.","Bogotá, D.C.",11001,No registra,Otras Ciencias Médicas,Ciencias Médicas y de la Salud,SOCIEDAD DE CIRUGIA DE BOGOTA HOSPITAL DE SAN JOSE,Empresas,FUNDACION UNIVERSITARIA DE CIENCIAS DE LA SALUD FUCS,,494,2462-991X,repertorio medicina cirugia,CO,1,2026-09-15,1.0.0,consolidado,34184e3cb4cf3201,163,21101259010,journal,,MDPI AG,True,False,0.105,Q4,1,2,58,123,889,5,91,0.06,15.33,0.5539999999999999,0,2020-2026,Dermatology (Q4); Surgery (Q4),Medicine,https://www.mdpi.com/journal/medicina,https://doaj.org/toc/3bf5928fcb3d44c492838cf16253d5bd,2007,,1010-660X,1648-9144,"experimental medicine, clinical medicine, surgery, oncology, public health",English,Switzerland,Lithuanian University of Health Sciences,Lithuania,CC BY,,https://www.mdpi.com/openaccess,True,True,https://www.mdpi.com/journal/medicina/about,"Anonymous peer review, Open peer review",https://www.mdpi.com/journal/medicina/instructions#editorial_procedure,True,https://www.mdpi.com/journal/medicina/about,https://www.mdpi.com/journal/medicina/editors,https://www.mdpi.com/journal/medicina/instructions,6,True,https://www.mdpi.com/journal/medicina/apc,1800 CHF,False,,False,,"CLOCKSS, PMC",,https://www.mdpi.com/journal/medicina/indexing,Open Policy Finder,https://openpolicyfinder.jisc.ac.uk/id/publication/35307,DOI,True,,,R5-920,False,No,No,Medicine: Medicine (General),2016-10-25T09:25:34Z,2023-08-14T10:00:55Z,2023-08-14,13014,2026-07-27T13:45:11Z,,1448.6,EUR,1564.49,1.08,convertida,4117.08,1800.0,CHF,observado,,False,,"['doaj', 'facts', 'openapc', 'publindex', 'scimago']",0.011037527593818985,False,False,,True,True,True,True,0,1.0,6,True,0.04065040650406504,0.1084,0.2542,-0.7278,-0.8695,-1.1258,0.2778,0.0061,0.0,0.0233
0120-2596,0120-2596,,Lecturas De Economía,2022,C,Colombia,Eje Cafetero,Antioquia,Medellín,05001,Economía,Economía y Negocios,Ciencias Sociales,UNIVERSIDAD DE ANTIOQUIA,IES,,,56,0120-2596,lecturas economia,CO,1,2026-09-15,1.0.0,consolidado,d741f63070810bb3,142,21100893272,journal,,Universidad de Antioquia,True,True,0.125,Q4,1,10,15,67,437,21,66,0.41,29.13,0.2727,0,2005-2026,"Business, Management and Accounting (miscellaneous) (Q4); Economics and Econometrics (Q4); Finance (Q4); Social Sciences (miscellaneous) (Q4); Sociology and Political Science (Q4); Statistics, Probability and Uncertainty (Q4)","Business, Management and Accounting; Decision Sciences; Economics, Econometrics and Finance; Social Sciences",https://revistas.udea.edu.co/index.php/lecturasdeeconomia/,https://doaj.org/toc/7370231166024f2ca563d7972b6be962,2010,,0120-2596,2323-0622,"economics, applied economics, public policy, economic thought, economic history","English, Spanish",Colombia,"Universidad de Antioquia, Facultad de Ciencias Económicas",Colombia,CC BY-NC-SA,,https://revistas.udea.edu.co/index.php/lecturasdeeconomia/politicaopenaccess,True,True,https://revistas.udea.edu.co/index.php/lecturasdeeconomia/about/submissions,Double anonymous peer review,https://revistas.udea.edu.co/index.php/lecturasdeeconomia/about,True,https://revistas.udea.edu.co/index.php/lecturasdeeconomia/about,https://revistas.udea.edu.co/index.php/lecturasdeeconomia/about/editorialTeam,https://revistas.udea.edu.co/index.php/lecturasdeeconomia/about/submissions,25,False,https://revistas.udea.edu.co/index.php/lecturasdeeconomia/about/submissions#authorGuidelines,,False,,False,,CLOCKSS,,https://portal.issn.org/resource/ISSN/2323-0622,Open Policy Finder,https://openpolicyfinder.jisc.ac.uk/id/publication/37259?template=romeo,,True,,,HC10-1085|HB71-74,False,No,No,Social Sciences: Economic history and conditions | Social Sciences: Economic theory. Demography: Economics as a science,2017-01-20T12:26:23Z,2024-04-03T12:19:45Z,2024-04-03,1513,2026-04-08T15:17:45Z,lecturas economia,2838.0,EUR,3065.04,1.08,sin_monto,8065.89,2838.0,EUR,observado,,True,,"['doaj', 'facts', 'openapc', 'publindex', 'scimago']",0.06181015452538632,False,False,,True,False,True,True,0,1.0,25,False,0.31343283582089554,0.0756,2.0618,-0.4709,0.2591,0.4853,0.547,0.0307,0.2,0.2442
0120-131X,0120-131X,2389-9980,Cuestiones Teológicas Y Filosóficas,2022,C,Colombia,Eje Cafetero,Antioquia,Medellín,05001,Teología,Otras Humanidades,Humanidades,UNIVERSIDAD PONTIFICIA BOLIVARIANA,IES,,,44,2389-9980,cuestiones teologicas filosoficas,CO,1,2026-09-15,1.0.0,consolidado,3fce0cfd37f20397,72,21101104846,journal,cuestiones teologicas,Universidad Pontificia Bolivariana,True,True,0.18,Q2,3,4,21,69,918,12,67,0.09,43.71,0.35710000000000003,0,2019-2026,Religious Studies (Q2),Arts and Humanities,http://ojs.pnb.ac.id/index.php/LOGIC,https://doaj.org/toc/226555a9289946909561143dff2d30f3,2016,Jurnal Rancang Bangun dan Teknologi,1412-114X,2580-5649,"design, technology",Indonesian,Indonesia,,,CC BY,,http://ojs.pnb.ac.id/index.php/LOGIC/CopyrightNotice?,True,False,,Peer review,http://ojs.pnb.ac.id/index.php/LOGIC/PeerReviewProcess?,False,http://ojs.pnb.ac.id/index.php/LOGIC/FocusandScope?,http://ojs.pnb.ac.id/index.php/LOGIC/about/editorialTeam/?,http://ojs.pnb.ac.id/index.php/LOGIC/AuthorGuidelines?,24,False,http://ojs.pnb.ac.id/index.php/LOGIC/AuthorFee?,,False,,False,http://ojs.pnb.ac.id/index.php/LOGIC/AuthorFee?,,,,,,,True,,,T|TA1-2040,False,No,No,Technology: Engineering (General). Civil engineering (General),2017-10-11T14:45:09Z,2019-01-17T08:42:25Z,2019-01-17,214,2026-03-25T05:33:56Z,,1300.0,EUR,1404.0,1.08,sin_monto,3694.74,1300.0,EUR,observado,,False,,"['doaj', 'facts', 'openapc', 'publindex', 'scimago']",0.0033112582781456954,False,False,,True,False,True,True,-2,0.3333333333333333,24,False,0.17391304347826086,0.201,0.0609,0.2353,-0.5873,0.4005,0.249,0.0983,0.05,0.2326
0120-0011,0120-0011,2357-3848,Revista De La Facultad De Medicina De La Universidad Nacional De Colombia,2022,C,Colombia,Distrito Capital,"Bogotá, D. C.","Bogotá, D.C.",11001,No registra,Otras Ciencias Médicas,Ciencias Médicas y de la Salud,,No disponible,,,221,2357-3848,facultad medicina universidad nacional colombia,CO,1,2026-09-15,1.0.0,consolidado,f64961b8a6c4abf9,112,20265,journal,facultad medicina,Universidad Nacional de Colombia,True,True,0.144,Q4,1,17,21,145,702,54,122,0.21,33.43,0.34409999999999996,0,"1945-1949, 1951-1966, 1972-1974, 2007-2025",Medicine (miscellaneous) (Q4),Medicine,https://revistas.ues.edu.sv/index.php/launiversidad,https://doaj.org/toc/b2d6b51639a94a45ba625b26f28de9a1,2021,Revista La Universidad,0041-8242,3005-5857,"natural sciences, social sciences, health, mathematical logic, information tecnology, agriculture","English, Spanish",El Salvador,Editorial Universitaria UES,El Salvador,CC BY-NC-SA,,https://revistas.ues.edu.sv/index.php/launiversidad/Politica_de_acceso_y_reuso,True,True,https://revistas.ues.edu.sv/index.php/launiversidad/about/submissions,Open peer review,https://revistas.ues.edu.sv/index.php/launiversidad/sistemaarb,True,https://revistas.ues.edu.sv/index.php/launiversidad/about,https://revistas.ues.edu.sv/index.php/launiversidad/about/editorialTeam,https://revistas.ues.edu.sv/index.php/launiversidad/lineamientos,12,False,https://revistas.ues.edu.sv/index.php/launiversidad/cargos,,False,,False,,PKP PN,,https://revistas.ues.edu.sv/index.php/launiversidad/Politica_de_preservacion_digital,,,Handles,True,,,H|Q,False,No,No,Social Sciences,2024-10-22T06:38:35Z,2024-10-22T06:38:35Z,2024-10-22,1041,2026-07-01T23:20:33Z,,1448.6,EUR,1564.49,1.08,sin_monto,4117.08,1448.6,EUR,observado,,False,,"['doaj', 'facts', 'openapc', 'publindex', 'scimago']",0.04525386313465784,False,False,,True,True,True,True,0,1.0,12,True,0.3724137931034483,0.1486,0.2542,-0.2269,1.2467,-0.617,0.2778,0.0541,0.375,0.093
2011-799X,,2011-799X,Mutatis Mutandis. Revista Latinoamericana De Traducción.,2022,A2,Colombia,Eje Cafetero,Antioquia,Medellín,05001,No registra,Idiomas y Literatura,Humanidades,UNIVERSIDAD DE ANTIOQUIA,IES,,,875,2011-799X,mutatis mutandis latinoamericana traduccion,CO,3,2026-09-15,1.0.0,consolidado,68b334e56d237708,20,21100258403,journal,mutatis mutandis,Universidad de Antioquia,True,True,0.27,Q2,3,9,28,82,1481,35,75,0.36,52.89,0.7045,0,2013-2025,Linguistics and Language (Q2),Social Sciences,https://revistas.udea.edu.co/index.php/mutatismutandis/,https://doaj.org/toc/3719098d42aa46f9bb202b07ede8816c,2008,Mutatis Mutandis: Revista Latinoamericana de Traducción,,2011-799X,"translation, translation studies, translation studies research, translation practice, translation criticism, history of translation","English, French, Portuguese, Spanish",Colombia,,,CC BY-NC-SA,,https://revistas.udea.edu.co/index.php/mutatismutandis/,True,False,https://revistas.udea.edu.co/index.php/mutatismutandis/about/submissions,Double anonymous peer review,https://revistas.udea.edu.co/index.php/mutatismutandis/about,True,https://revistas.udea.edu.co/index.php/mutatismutandis/about,https://revistas.udea.edu.co/index.php/mutatismutandis/about/editorialTeam,https://revistas.udea.edu.co/index.php/mutatismutandis/pautas,15,False,https://revistas.udea.edu.co/index.php/mutatismutandis/,,False,,False,,,,,Open Policy Finder,https://openpolicyfinder.jisc.ac.uk/id/publication/45122,,True,,,P306-310,False,No,No,Language and Literature: Philology. Linguistics: Language. Linguistic theory. Comparative grammar: Translating and interpreting,2018-11-16T18:14:39Z,2024-04-12T06:20:52Z,2024-04-12,817,2026-04-10T15:17:04Z,mutatis mutandis,1828.24,EUR,1974.5,1.08,sin_monto,5196.05,1828.24,EUR,observado,,True,,"['doaj', 'facts', 'openapc', 'publindex', 'scimago']",0.06181015452538632,False,False,,True,False,True,True,0,1.0,15,False,0.4268292682926829,0.2336,0.7481,1.391,0.1181,-0.3626,0.3513,0.2088,0.175,0.1279
1909-0528,,1909-0528,Via Inveniendi Et Iudicandi Revista Virtual,2022,C,Colombia,Distrito Capital,"Bogotá, D. C.","Bogotá, D.C.",11001,Derecho,Derecho,Ciencias Sociales,UNIVERSIDAD SANTO TOMAS,IES,,,408,1909-0528,via inveniendi et iudicandi virtual,CO,1,2026-09-15,1.0.0,consolidado,af481887dac8af83,2,21101072371,journal,via inveniendi et iudicandi,Universidad de Santo Tomas,True,True,0.64,Q1,4,7,12,71,525,57,69,0.75,43.75,0.2,0,2019-2025,Law (Q1),Social Sciences,https://revistas.usantotomas.edu.co/index.php/viei,https://doaj.org/toc/e099d59cb0984b07b19fcdbd579c4718,2009,VIeI,,1909-0528,"legal sciences, law, history, politics",Spanish,Colombia,"Universidad Santo Tomás, Facultad de Derecho, Centro de Investigaciones Francisco de Vitoria",,CC BY-SA,,https://revistas.usantotomas.edu.co/index.php/viei/about/submissions#copyrightNotice,,False,,Double anonymous peer review,https://revistas.usantotomas.edu.co/index.php/viei/about/editorialPolicies#peerReviewProcess,True,https://revistas.usantotomas.edu.co/index.php/viei/about/editorialPolicies#focusAndScope,https://revistas.usantotomas.edu.co/index.php/viei/about/editorialTeam,https://revistas.usantotomas.edu.co/index.php/viei/about/submissions,20,False,https://revistas.usantotomas.edu.co/index.php/viei/about/editorialPolicies#custom-0,,False,,False,https://revistas.usantotomas.edu.co/index.php/viei/about/editorialPolicies#custom-0,,,,,,,True,,,K|JA1-92,False,No,No,Law | Political science: Political science (General),2019-04-01T02:40:41Z,2019-08-30T10:04:13Z,2019-08-30,323,2026-07-29T08:49:06Z,via inveniendi et iudicandi,2676.26,EUR,2890.36,1.08,sin_monto,7606.21,2258.06,EUR,observado,,True,,"['doaj', 'facts', 'openapc', 'publindex', 'scimago']",0.0011037527593818985,False,False,,True,False,True,True,-3,0.25,20,False,0.8028169014084507,0.4066,1.8513,6.1423,-0.1641,0.0613,0.5156,0.6634,0.125,0.186
0121-4705,,,Análisis Político,2022,A1,Colombia,Distrito Capital,"Bogotá, D. C.","Bogotá, D.C.",11001,Ciencias Políticas,Ciencias Políticas,Ciencias Sociales,UNIVERSIDAD NACIONAL DE COLOMBIA,IES,,,266,0121-4705,analisis politico,CO,4,2026-09-15,1.0.0,consolidado,422c0a735be4b66f,65,5600152973,journal,analisis politico,Universidad Nacional de Colombia,True,True,0.186,Q2,3,14,26,70,1363,41,65,0.67,52.42,0.19440000000000002,0,"1996, 2007-2012, 2014-2025",History (Q2); Political Science and International Relations (Q3); Sociology and Political Science (Q3),Arts and Humanities; Social Sciences,https://papiro.unizar.es/ojs/index.php/analisis/index,https://doaj.org/toc/fde524bcd11b4a13952117586c38c179,2014,Análisis: Revista de Investigación Filosófica,,2386-8066,"philosophy, political philosophy, ethics, philosophy of language, epistemology","English, Spanish",Spain,"Universidad de Zaragoza, Servicio de Publicaciones",,CC BY-NC-ND,,https://papiro.unizar.es/ojs/index.php/analisis/openaccess,,True,https://papiro.unizar.es/ojs/index.php/analisis/about/submissions#authorGuidelines,Double anonymous peer review,https://papiro.unizar.es/ojs/index.php/analisis/about,False,https://papiro.unizar.es/ojs/index.php/analisis/about,https://papiro.unizar.es/ojs/index.php/analisis/about/editorialTeam,https://papiro.unizar.es/ojs/index.php/analisis/about/submissions#authorGuidelines,20,False,https://papiro.unizar.es/ojs/index.php/analisis/index,,False,,False,https://papiro.unizar.es/ojs/index.php/analisis/index,,,,Dulcinea,,DOI,True,,,BD143-237|B1-5802,False,No,No,Philosophy. Psychology. Religion: Speculative philosophy: Epistemology. Theory of knowledge | Philosophy. Psychology. Religion: Philosophy (General),2019-04-04T22:57:53Z,2019-08-30T10:04:17Z,2019-08-30,0,,,2258.19,EUR,2438.85,1.08,sin_monto,6418.03,2258.19,EUR,observado,,True,,"['doaj', 'facts', 'openapc', 'publindex', 'scimago']",0.04525386313465784,False,False,,True,False,True,True,1,1.3333333333333333,20,False,0.5857142857142857,0.136,1.3074,0.3124,0.8234,0.0613,0.4346,0.1057,0.3,0.186
2390-0725,,2422-3182,Revista CEA,2022,B,Colombia,Eje Cafetero,Antioquia,Medellín,05001,Negocios y Management,Economía y Negocios,Ciencias Sociales,INSTITUTO TECNOLOGICO METROPOLITANO DE MEDELLIN,IES,,,558,2422-3182,cea,CO,2,2026-09-15,1.0.0,consolidado,883b444c70f20794,,,,,Instituto Tecnológico Metropolitano,,False,,,0,,,,,,,,,,,,,,https://revistacea.itm.edu.co,https://doaj.org/toc/8e79bd9a3dad4996839ed1b4b8f72bf4,2015,,2390-0725,2422-3182,"economy, econometrics, marketing, administration, accounting, finance",Spanish,Colombia,Instituto Tecnológico Metropolitano,,CC BY-NC-SA,,http://revistas.itm.edu.co/index.php/revista-cea/da,True,False,,Double anonymous peer review,http://revistas.itm.edu.co/index.php/revista-cea/pe,False,https://revistas.itm.edu.co/index.php/revista-cea/about,https://revistas.itm.edu.co/index.php/revista-cea/about/editorialTeam,https://revistas.itm.edu.co/index.php/revista-cea/guia_articulo,20,False,http://revistas.itm.edu.co/index.php/revista-cea/about,,False,,False,http://revistas.itm.edu.co/index.php/revista-cea/about,,,https://revistas.itm.edu.co/index.php/revista-cea/about,,,DOI,True,,,HF1-6182|HG1-9999,False,No,No,Social Sciences: Commerce | Social Sciences: Finance,2019-04-02T02:03:38Z,2019-04-02T02:03:38Z,2019-04-02,276,2026-07-08T15:18:17Z,,638.23,EUR,689.29,1.08,sin_monto,1813.92,2066.41,EUR,observado,,False,,"['doaj', 'facts', 'openapc', 'publindex']",0.002207505518763797,False,False,,True,False,True,True,2,,20,False,,0.1756,-0.8001,,,0.0613,0.1208,,,0.186
0120-6346,,2248-4345,Semestre Económico,2022,C,Colombia,Eje Cafetero,Antioquia,Medellín,05001,Economía,Economía y Negocios,Ciencias Sociales,UNIVERSIDAD DE MEDELLIN,IES,,,541,2248-4345,semestre economico,CO,1,2026-09-15,1.0.0,consolidado,d9680acd0be81f01,,,,,Universidad Nacional del Altiplano,,False,,,0,,,,,,,,,,,,,,http://semestreeconomico.unap.edu.pe/index.php/revista,https://doaj.org/toc/a7680db34fad4ff392b23f54d9cab0ec,2015,,2072-0572,2523-0840,"macroeconomic, microecomomic, ecological economics, economic development, public economics, econometrics","Spanish, English",Peru,"Universidad Nacional del Altiplano, Puno-Perú",Peru,CC BY,,http://semestreeconomico.unap.edu.pe/index.php/revista/copyrightLicensing,,True,http://semestreeconomico.unap.edu.pe/index.php/revista/copyrightLicensing,"Editorial review, Double anonymous peer review",http://semestreeconomico.unap.edu.pe/index.php/revista/openAccessPolicy,True,http://semestreeconomico.unap.edu.pe/index.php/revista/about,http://semestreeconomico.unap.edu.pe/index.php/revista/about/editorialTeam,http://semestreeconomico.unap.edu.pe/index.php/revista/about/submissions#authorGuidelines,6,False,http://semestreeconomico.unap.edu.pe/index.php/revista/authorFees,,False,,False,,,,,Publisher’s own site,http://semestreeconomico.unap.edu.pe/index.php/revista/repositoryPolicy,DOI,True,,,HB71-74|HC10-1085|HD72-88,False,No,No,"Social Sciences: Economic theory. Demography: Economics as a science | Social Sciences: Economic history and conditions | Social Sciences: Industries. Land use. Labor: Economic growth, development, planning",2022-08-24T13:07:28Z,2022-08-24T13:07:28Z,2022-08-24,119,2024-06-24T09:14:31Z,,1828.49,EUR,1974.77,1.08,sin_monto,5196.76,2441.28,EUR,observado,,True,,"['doaj', 'facts', 'openapc', 'publindex']",0.0011037527593818985,False,False,,True,False,True,True,1,,6,True,,0.0865,0.7484,,,-1.1258,0.3514,,,0.0233
0121-215X,,2256-5442,Cuadernos De Geografía,2022,B,Colombia,Distrito Capital,"Bogotá, D. C.","Bogotá, D.C.",11001,Otras Ciencias Sociales,Otras Ciencias Sociales,Ciencias Sociales,,No disponible,,,"1,011",2256-5442,geografia,CO,2,2026-09-15,1.0.0,consolidado,b3f836e2553a8611,,,,,Universidade Federal de Santa Maria (UFSM),,False,,,0,,,,,,,,,,,,,,https://periodicos.ufsm.br/geografia/index,https://doaj.org/toc/b18502219dad43a8bbca3a887f04554d,1987,,0103-1538,2236-4994,"teaching geography, environmental, cartography","Spanish, Portuguese",Brazil,Universidade Federal de Santa Maria (UFSM),,CC BY-NC-SA,,https://periodicos.ufsm.br/geografia/about/submissions#copyrightNotice,,False,,Double anonymous peer review,https://periodicos.ufsm.br/geografia/about/editorialPolicies#peerReviewProcess,False,https://periodicos.ufsm.br/geografia/about/editorialPolicies#focusAndScope,https://periodicos.ufsm.br/geografia/about/editorialTeam,https://periodicos.ufsm.br/geografia/about/submissions#authorGuidelines,35,False,https://periodicos.ufsm.br/geografia/about/editorialPolicies#openAccessPolicy,,False,,False,,Cariniana Network,,https://periodicos.ufsm.br/geografia/about/editorialPolicies#archiving,Diadorim,,,True,,,G1-922,False,No,No,Geography. Anthropology. Recreation: Geography (General),2019-06-03T16:34:30Z,2024-09-13T15:59:42Z,2024-09-13,141,2019-06-04T12:40:38Z,,416.0,EUR,449.28,1.08,sin_monto,1182.32,416.0,EUR,observado,,False,,"['doaj', 'facts', 'openapc', 'publindex']",0.0011037527593818985,False,False,,True,False,True,True,2,,35,False,,0.2174,-1.0892,,,1.3333,0.0777,,,0.3605
0122-5383,0122-5383,2382-4581,"Ct&F Ciencia, Tecnología Y Futuro",2022,C,Colombia,Centro Oriente,Santander,Piedecuesta,68547,Otras Ingenierías y Tecnologías,Otras Ingenierías y Tecnologías,Ingeniería y Tecnología,INSTITUTO COLOMBIANO DEL PETROLEO,Entidades de Gobierno,,,284,2382-4581,ct f ciencia tecnologia futuro,CO,1,2026-09-15,1.0.0,consolidado,e15be5b617c8057f,90,145059,journal,ctyf ciencia tecnologia futuro,Ecopetrol S.A.,True,False,0.155,Q4,1,21,0,37,0,24,37,0.52,0.0,0.0,0,1996-2024,"Chemical Engineering (miscellaneous) (Q4); Energy (miscellaneous) (Q4); Engineering (miscellaneous) (Q4); Fuel Technology (Q4); Geology (Q4); Geophysics (Q4); Renewable Energy, Sustainability and the Environment (Q4)",Chemical Engineering; Earth and Planetary Sciences; Energy; Engineering,http://actatecnologia.eu,https://doaj.org/toc/52d17453503849c586d6c751cece28ef,2015,International Scientific Journal about Technologies,,2453-675X,"technology, technics, industry, education",English,Slovakia,"4S go, s.r.o.",Slovakia,CC BY-NC,,http://actatecnologia.eu/index.php?stranka=openaccesspolicy,,False,https://actatecnologia.eu/index.php?stranka=copyrightnotice,Anonymous peer review,https://actatecnologia.eu/index.php?stranka=reviewprocess,False,http://actatecnologia.eu/index.php?stranka=home,http://actatecnologia.eu/index.php?stranka=editorialboard,http://actatecnologia.eu/index.php?stranka=forauthors,4,True,https://actatecnologia.eu/index.php?stranka=publishingfeewaiverpolicy,315 EUR,True,https://actatecnologia.eu/index.php?stranka=publishingfeewaiverpolicy,False,,Digital archiving and preservation policy,,https://actatecnologia.eu/index.php?stranka=archivingpreservationpolicy,,,DOI,True,,,T,False,No,No,Technology,2016-05-06T10:12:12Z,2022-02-13T18:20:38Z,2022-02-13,62,2020-02-09T20:38:37Z,,902.03,EUR,974.19,1.08,convertida,2563.66,315.0,EUR,observado,,True,,"['doaj', 'facts', 'openapc', 'publindex', 'scimago']",0.0011037527593818985,False,False,,True,False,True,True,0,1.0,4,True,0.6486486486486487,0.2216,-0.4569,-0.0857,1.811,-1.2954,0.1719,0.0676,0.475,0.0
0121-1617,0121-1617,1900-6152,Historia Crítica,2022,A1,Colombia,Distrito Capital,"Bogotá, D. C.","Bogotá, D.C.",11001,No registra,Historia y Arqueología,Humanidades,UNIVERSIDAD DE LOS ANDES,IES,,,50,1900-6152,historia critica,CO,4,2026-09-15,1.0.0,consolidado,3e832e05ec019b5c,12,5600155211,journal,historia critica,"Universidad de los Andes, Colombia",True,True,0.302,Q1,4,15,23,67,1057,32,67,0.62,45.96,0.4667,0,2002-2025,"Cultural Studies (Q1); History (Q1); Social Sciences (miscellaneous) (Q2); Geography, Planning and Development (Q3)",Arts and Humanities; Social Sciences,https://www.seer.ufal.br/index.php/criticahistorica/index,https://doaj.org/toc/3f345f0a21fd411bbfa751070a4f31ab,2010,,2177-9538,2177-9961,"history, brazil, historiography","Spanish, English, Portuguese",Brazil,Programa de Pós-graduação em História da Ufal,,CC BY-NC,,https://www.seer.ufal.br/index.php/criticahistorica/about,,True,https://www.seer.ufal.br/index.php/criticahistorica/about,Double anonymous peer review,https://www.seer.ufal.br/index.php/criticahistorica/about/submissions,True,https://www.seer.ufal.br/index.php/criticahistorica/about,https://www.seer.ufal.br/index.php/criticahistorica/about/editorialTeam,https://www.seer.ufal.br/index.php/criticahistorica/about/submissions,15,False,https://www.seer.ufal.br/index.php/criticahistorica/about,,False,,False,,,,,Diadorim,https://www.seer.ufal.br/index.php/criticahistorica/about,DOI,True,,,H,False,No,No,Social Sciences,2025-04-13T22:32:44Z,2025-04-13T22:32:44Z,2025-04-13,0,,,1116.0,EUR,1205.28,1.08,sin_monto,3171.79,1116.0,EUR,observado,,True,,"['doaj', 'facts', 'openapc', 'publindex', 'scimago']",0.00772626931567329,False,False,,True,False,True,True,0,1.0,15,False,0.47761194029850745,0.3751,-0.1785,1.802,0.9645,-0.3626,0.2133,0.2482,0.325,0.1279
1657-107X,,2500-5421,Revista Interamericana De Investigación Educación Y Pedagogía,2022,B,Colombia,Distrito Capital,"Bogotá, D. C.","Bogotá, D.C.",11001,No registra,Ciencias de la Educación,Ciencias Sociales,UNIVERSIDAD SANTO TOMAS,IES,UNIVERSIDAD NACIONAL ABIERTA Y A DISTANCIA,,310,2500-5421,interamericana investigacion educacion pedagogia,CO,2,2026-09-15,1.0.0,consolidado,174e571da845e86c,,,,,Universidad Nacional de Mar del Plata,,False,,,0,,,,,,,,,,,,,,https://fh.mdp.edu.ar/revistas/index.php/r_educ,https://doaj.org/toc/7ea52ed84fda4fa586ee5f3a55f33944,2010,,1853-1318,1853-1326,"education, teacher training, didactics, teaching",Spanish,Argentina,"Universidad Nacional de Mar del Plata, Facultad de Humanidades, Centro de Investigaciones multidisciplinarias en Educación",,CC BY-NC-SA,,https://fh.mdp.edu.ar/revistas/index.php/r_educ/about/submissions#copyrightNotice,,True,https://fh.mdp.edu.ar/revistas/index.php/r_educ/about/submissions#copyrightNotice,Double anonymous peer review,https://fh.mdp.edu.ar/revistas/index.php/r_educ/about/editorialPolicies#peerReviewProcess,True,https://fh.mdp.edu.ar/revistas/index.php/r_educ/about/editorialPolicies#focusAndScope,https://fh.mdp.edu.ar/revistas/index.php/r_educ/about/editorialTeam,https://fh.mdp.edu.ar/revistas/index.php/r_educ/about/submissions#authorGuidelines,8,False,https://fh.mdp.edu.ar/revistas/index.php/r_educ/about/submissions#authorGuidelines,,False,,False,https://fh.mdp.edu.ar/revistas/index.php/r_educ/about/submissions#authorGuidelines,,,,,,,True,,,L7-991|LC8-6691|LB5-3640,False,No,No,Education: Education (General) | Education: Special aspects of education | Education: Theory and practice of education,2020-08-14T14:13:13Z,2020-08-14T14:13:13Z,2020-08-14,0,,,1828.24,EUR,1974.5,1.08,sin_monto,5196.05,1828.24,EUR,observado,,True,,"['doaj', 'facts', 'openapc', 'publindex']",0.009933774834437087,False,False,,True,False,True,True,2,,8,True,,0.0865,0.7481,,,-0.9562,0.3513,,,0.0465
0120-0135,,2256-2273,Revista De Ciencias Agricolas,2022,B,Colombia,Pacífico,Nariño,Pasto,52001,Agronomía,"Agricultura, Silvicultura y Pesca",Ciencias Agrícolas,UNIVERSIDAD DE NARINO,IES,,,92,2256-2273,ciencias agricolas,CO,2,2026-09-15,1.0.0,consolidado,c8a2bf158022b6dd,54,21101105022,journal,,Fundacion Universitaria Maria Cano,True,True,0.195,Q3,2,6,46,89,1864,64,83,0.85,40.52,0.49439999999999995,0,2019-2026,"Health Professions (miscellaneous) (Q3); Occupational Therapy (Q3); Physical Therapy, Sports Therapy and Rehabilitation (Q4); Public Health, Environmental and Occupational Health (Q4); Speech and Hearing (Q4)",Health Professions; Medicine,http://www.seer.ufal.br/index.php/revistacienciaagricola/index,https://doaj.org/toc/960e780b65dc4d479656deaa6aad880f,2012,Revista Ciência Agrícola,0103-8699,2447-3383,"plant protection, agriculture, family farming, forestry, fruit growing","English, Portuguese",Brazil,,,CC BY,,http://www.seer.ufal.br/index.php/revistacienciaagricola/about/editorialPolicies#openAccessPolicy,,True,http://www.seer.ufal.br/index.php/revistacienciaagricola/about/submissions#copyrightNotice,Anonymous peer review,http://www.seer.ufal.br/index.php/revistacienciaagricola/about/editorialPolicies#peerReviewProcess,False,http://www.seer.ufal.br/index.php/revistacienciaagricola/about/editorialPolicies#focusAndScope,http://www.seer.ufal.br/index.php/revistacienciaagricola/about/editorialTeam,http://www.seer.ufal.br/index.php/revistacienciaagricola/about/submissions#authorGuidelines,8,False,http://www.seer.ufal.br/index.php/revistacienciaagricola/about/editorialPolicies#focusAndScope,,False,,False,http://www.seer.ufal.br/index.php/revistacienciaagricola/about/editorialPolicies#focusAndScope,Cariniana Network,,http://www.seer.ufal.br/index.php/revistacienciaagricola/about/editorialPolicies#archiving,Diadorim,,DOI,True,,,SD1-669.5|S1-972|SB1-1110,False,No,No,Agriculture: Forestry | Agriculture: Agriculture (General) | Agriculture: Plant culture,2019-11-22T00:40:44Z,2019-11-22T00:40:44Z,2019-11-22,206,2023-03-22T16:07:30Z,,2000.0,EUR,2160.0,1.08,sin_monto,5684.21,2331.51,EUR,observado,,False,,"['doaj', 'facts', 'openapc', 'publindex', 'scimago']",0.03642384105960265,False,False,,True,False,True,True,0,1.0,8,True,0.7191011235955056,0.1572,0.9715,0.428,-0.3052,-0.9562,0.3846,0.1167,0.1,0.0465
1692-715X,1692-715X,2027-7679,"Revista Latinoamericana De Ciencias Sociales, Niñez Y Juventud",2022,B,Colombia,Eje Cafetero,Caldas,Manizales,17001,"Ciencias Sociales, Interdisciplinaria",Otras Ciencias Sociales,Ciencias Sociales,UNIVERSIDAD DE MANIZALES UMANIZALES,IES,FUNDACION CENTRO INTERNACIONAL DE EDUCACION Y DESARROLLO HUMANO CINDE,,960,2027-7679,latinoamericana ciencias sociales ninez juventud,CO,2,2026-09-15,1.0.0,consolidado,2536550b8758bcd6,9,21100940999,journal,latinoamericana ciencias sociales ninez juventud,Revista Latinoamericana de Ciencias Sociales,True,True,0.34,Q2,3,11,49,174,2662,152,172,0.75,54.33,0.5827,0,2019-2025,Social Sciences (miscellaneous) (Q2); Developmental and Educational Psychology (Q3),Psychology; Social Sciences,https://www.journals.us.edu.pl/index.php/RIAS,https://doaj.org/toc/72aa9d71a2c740e6ab9a52c3b1389a70,2006,RIAS,,1991-2773,"american studies, hemispheric american studies, transoceanic american studies, cultural studies, literary studies, cultural anthropology","English, Spanish, Portuguese, French",Poland,International American Studies Association,Spain,CC BY-SA,,https://www.journals.us.edu.pl/index.php/RIAS,True,True,https://www.journals.us.edu.pl/index.php/RIAS,Double anonymous peer review,https://www.journals.us.edu.pl/index.php/RIAS/recenzja,False,https://www.journals.us.edu.pl/index.php/RIAS/cel,https://www.journals.us.edu.pl/index.php/RIAS/about/editorialTeam,https://www.journals.us.edu.pl/index.php/RIAS/about/submissions,50,False,https://www.journals.us.edu.pl/index.php/RIAS,,False,,False,,"CLOCKSS, LOCKSS, PKP PN",,,Free to re-publish the RIAS-published version.,https://www.journals.us.edu.pl/index.php/RIAS,DOI,True,,,PS1-3576,False,No,No,Language and Literature: American literature,2021-01-12T14:49:39Z,2021-01-12T14:49:38Z,2021-01-12,1,2022-10-25T10:16:22Z,,1828.24,EUR,1974.5,1.08,sin_monto,5196.05,1828.24,EUR,observado,,True,,"['doaj', 'facts', 'openapc', 'publindex', 'scimago']",0.0011037527593818985,False,False,,True,False,True,True,-1,0.6666666666666666,50,False,0.8735632183908046,0.2941,0.7481,2.2899,0.4002,2.6052,0.3513,0.2948,0.225,0.5349
1794-4724,,2145-4515,Avances En Psicología Latinoamericana,2022,C,Colombia,Distrito Capital,"Bogotá, D. C.","Bogotá, D.C.",11001,No registra,Psicología,Ciencias Sociales,,No disponible,,,392,2145-4515,avances psicologia latinoamericana,CO,1,2026-09-15,1.0.0,consolidado,2927b3c933d1ae7a,,,,,Universidad Autónoma del Estado de México,,False,,,0,,,,,,,,,,,,,,https://hemeroteca.uaemex.mx/index.php/rpsicologia,https://doaj.org/toc/5b78907ca23c4176b5c9bdd315fb003a,2016,,,2007-7149,"behavioral sciences, clinical psychology, occupational psychology, educational psychology, social psychology, psychosocial research",Spanish,Mexico,"Universidad Autónoma del Estado de México, Facultad de Ciencias de la Conducta",Mexico,CC BY-NC-SA,,https://revistapsicologia.uaemex.mx/about,,False,https://revistapsicologia.uaemex.mx/about/submissions,Double anonymous peer review,https://revistapsicologia.uaemex.mx/about,True,https://revistapsicologia.uaemex.mx/about,https://revistapsicologia.uaemex.mx/about/editorialTeam,https://hemeroteca.uaemex.mx/index.php/rpsicologia/about/submissions#authorGuidelines,16,False,https://revistapsicologia.uaemex.mx/about,,False,,False,,,,,,,DOI,True,,,BF1-990,False,No,No,Philosophy. Psychology. Religion: Psychology,2021-01-11T09:56:14Z,2021-01-11T09:56:14Z,2021-01-11,0,,,1828.24,EUR,1974.5,1.08,sin_monto,5196.05,1828.24,EUR,observado,,True,,"['doaj', 'facts', 'openapc', 'publindex']",0.011037527593818985,False,False,,True,False,True,True,1,,16,False,,0.0865,0.7481,,,-0.2778,0.3513,,,0.1395
1856-9536,,,"Anuario Electrónico De Estudios En Comunicación Social ""Disertarciones""",2022,C,Colombia,Distrito Capital,"Bogotá, D. C.","Bogotá, D.C.",11001,No registra,Periodismo y Comunicaciones,Ciencias Sociales,COLEGIO MAYOR NUESTRA SENORA DEL ROSARIO,IES,,,"1,256",1856-9536,anuario electronico estudios comunicacion social disertarciones,CO,1,2026-09-15,1.0.0,consolidado,9557b0a2b6e8ba75,84,21101114008,journal,anuario electronico estudios comunicacion social disertaciones,Universidad del Rosario,True,True,0.162,Q3,2,5,24,95,994,46,89,0.35,41.42,0.5714,0,2019-2026,Communication (Q3); Library and Information Sciences (Q3),Social Sciences,https://revistas.urosario.edu.co/index.php/disertaciones/index,https://doaj.org/toc/6b82c36bede34a1386dce609595cae84,2008,,,1856-9536,"journalism, media, media studies, cultural studies, social sciences, communication","Portuguese, English, Spanish",Colombia,,,CC BY-NC,,https://revistas.urosario.edu.co/index.php/disertaciones/about,True,True,https://revistas.urosario.edu.co/index.php/disertaciones/politica-etica#item1,Double anonymous peer review,https://revistas.urosario.edu.co/index.php/disertaciones/about,True,https://revistas.urosario.edu.co/index.php/disertaciones/about,https://revistas.urosario.edu.co/index.php/disertaciones/about/editorialTeam,https://revistas.urosario.edu.co/index.php/disertaciones/about/submissions,20,False,https://revistas.urosario.edu.co/index.php/disertaciones/about,,False,,False,,PKP PN,,https://portal.issn.org/resource/ISSN/1856-9536,,,DOI,True,,,P87-96,False,No,No,Language and Literature: Philology. Linguistics: Communication. Mass media,2026-08-10T13:42:31Z,2026-08-10T13:42:31Z,,0,,anuario electronico estudios comunicacion social disertaciones,300.05,EUR,324.05,1.08,sin_monto,852.76,1630.43,EUR,observado,,False,,"['doaj', 'facts', 'openapc', 'publindex', 'scimago']",0.01545253863134658,False,False,,True,False,True,True,-1,0.5,20,False,0.4842105263157895,0.402,-1.2401,0.0042,-0.4463,0.0613,0.0552,0.0762,0.075,0.186
2011-3080,,2011-3080,Revista Ces Psicología,2022,C,Colombia,Eje Cafetero,Antioquia,Medellín,05001,No registra,Psicología,Ciencias Sociales,UNIVERSIDAD CES,IES,,,796,2011-3080,ces psicologia,CO,1,2026-09-15,1.0.0,consolidado,68e22553d742bf5e,53,21100901169,journal,ces psicologia,Universidad CES,True,True,0.196,Q4,1,10,28,98,1588,59,97,0.51,56.71,0.5114,0,2018-2025,Psychology (miscellaneous) (Q4),Psychology,https://hemeroteca.uaemex.mx/index.php/rpsicologia,https://doaj.org/toc/5b78907ca23c4176b5c9bdd315fb003a,2016,,,2007-7149,"behavioral sciences, clinical psychology, occupational psychology, educational psychology, social psychology, psychosocial research",Spanish,Mexico,"Universidad Autónoma del Estado de México, Facultad de Ciencias de la Conducta",Mexico,CC BY-NC-SA,,https://revistapsicologia.uaemex.mx/about,,False,https://revistapsicologia.uaemex.mx/about/submissions,Double anonymous peer review,https://revistapsicologia.uaemex.mx/about,True,https://revistapsicologia.uaemex.mx/about,https://revistapsicologia.uaemex.mx/about/editorialTeam,https://hemeroteca.uaemex.mx/index.php/rpsicologia/about/submissions#authorGuidelines,16,False,https://revistapsicologia.uaemex.mx/about,,False,,False,,,,,,,DOI,True,,,BF1-990,False,No,No,Philosophy. Psychology. Religion: Psychology,2021-01-11T09:56:14Z,2021-01-11T09:56:14Z,2021-01-11,0,,,532.0,EUR,574.56,1.08,sin_monto,1512.0,799.68,EUR,observado,,False,,"['doaj', 'facts', 'openapc', 'publindex', 'scimago']",0.0011037527593818985,False,False,,True,False,True,True,0,1.0,16,False,0.6020408163265306,0.3789,-0.9383,0.4408,0.2591,-0.2778,0.1002,0.1179,0.2,0.1395
1794-0915,,,Ornitología Colombiana,2022,C,Colombia,Distrito Capital,"Bogotá, D. C.","Bogotá, D.C.",11001,No registra,Ciencias Biológicas,Ciencias Naturales,,No disponible,,,"1,027",1794-0915,ornitologia colombiana,CO,1,2026-09-15,1.0.0,consolidado,70686b214a9d8f2e,11,19200157116,journal,ornitologia colombiana,Asociacion Colombiana de Ornitologia,False,False,0.329,Q3,2,12,6,44,125,33,37,0.53,20.83,0.0588,0,"2009-2013, 2015-2017, 2019-2025","Animal Science and Zoology (Q3); Ecology, Evolution, Behavior and Systematics (Q3)",Agricultural and Biological Sciences,https://reference-global.com/journal/LOGI,https://doaj.org/toc/89ccda6268014716b8c4b6a4604ee188,2010,Logi: Scientific Journal on Transport and Logistics,,2336-3037,"transport, logistics, warehousing, handling, vehicle, sustainability",English,Poland,"Institute of Technology and Business in České Budějovice, Faculty of Technology",Czechia,CC BY-NC-ND,,https://reference-global.com/journal/LOGI?tab=copyright,True,True,https://reference-global.com/journal/LOGI?tab=copyright,Double anonymous peer review,https://sciendo-parsed-data-feed.s3.eu-central-1.amazonaws.com/LOGI/Peer_Review_Procedure.pdf,True,https://reference-global.com/journal/LOGI?tab=aims-and-scope,https://reference-global.com/journal/LOGI?tab=editorial-board,https://reference-global.com/journal/LOGI?tab=submission-guidelines,12,True,https://reference-global.com/journal/LOGI?tab=article-processing-charges,150 EUR,False,,True,https://reference-global.com/journal/LOGI?tab=article-processing-charges,Portico,,https://www.portico.org/publishers/wdg/?keyword=LOGI+%E2%80%93+Scientific+Journal+on+Transport+and+Logistics&filter_by%5B%5D=e-journal,,,DOI,True,,,TA1001-1280,False,No,No,Technology: Engineering (General). Civil engineering (General): Transportation engineering,2024-04-02T13:46:11Z,2026-07-24T16:43:03Z,2026-07-24,208,2026-07-13T05:03:03Z,,150.0,EUR,162.0,1.08,convertida,426.32,150.0,EUR,declarado,,,,"['doaj', 'publindex', 'scimago']",0.0011037527593818985,False,False,,True,False,True,True,-1,0.5,12,True,0.75,1.0,-1.4353,2.1487,0.5413,-0.617,0.0262,0.2813,0.25,0.093
0121-0319,,1794-5240,Médicas Uis,2022,C,Colombia,Centro Oriente,Santander,Bucaramanga,68001,Otras Ciencias Médicas,Otras Ciencias Médicas,Ciencias Médicas y de la Salud,UNIVERSIDAD INDUSTRIAL DE SANTANDER,IES,,,328,1794-5240,medicas uis,CO,1,2026-09-15,1.0.0,consolidado,8d03a2f91af25b78,,,,,Pafram Editores,,False,,,0,,,,,,,,,,,,,,https://actasmedicas.ec/,https://doaj.org/toc/a84497c3ea9f47318eafcc7069ad3bfd,2020,,1019-8105,2960-8309,"internal medicine, surgery, traumatology, pediatrics, ginecology","Spanish, English",Ecuador,Hospital Alcívar,Ecuador,CC BY-NC-SA,,https://actasmedicas.ec/index.php/am/AcuerdoLicenciaCopyright,True,True,https://actasmedicas.ec/index.php/am/AcuerdoLicenciaCopyright,Double anonymous peer review,https://actasmedicas.ec/index.php/am/ProcesoEvaluacionPares,True,https://actasmedicas.ec/index.php/am/EnfoqueyAlcance,https://actasmedicas.ec/index.php/am/about/editorialTeam,https://actasmedicas.ec/index.php/am/NORMASAUTORES,12,False,https://actasmedicas.ec/index.php/am/PoliticaCostosPublicacion,,False,,False,,,,,,,DOI,True,,,R5-920,False,No,No,Medicine: Medicine (General),2026-02-09T12:28:22Z,2026-02-09T12:28:22Z,,227,2026-05-23T03:37:13Z,,5176.12,EUR,5590.21,1.08,sin_monto,14711.08,5176.12,EUR,observado,,True,,"['doaj', 'facts', 'publindex']",0.002207505518763797,False,False,,True,False,True,True,1,,12,True,,0.0356,5.1036,,,-0.617,1.0,,,0.093
0034-7434,,2463-0225,Revista Colombiana De Obstetricia Y Ginecología,2022,C,Colombia,Distrito Capital,"Bogotá, D. C.","Bogotá, D.C.",11001,No registra,Medicina Clínica,Ciencias Médicas y de la Salud,FEDERACION COLOMBIANA DE OBSTETRICIA Y GINECOLOGIA FECOLSOG,Otras,,,316,2463-0225,colombiana obstetricia ginecologia,CO,1,2026-09-15,1.0.0,consolidado,8f25f11f3c9fddec,140,21101284801,journal,,Colombian Association of Neurology,True,False,0.126,Q4,1,3,48,114,1495,39,90,0.26,31.15,0.4694,0,2022-2026,Neurology (clinical) (Q4),Medicine,https://www.rechog.com/index.php,https://doaj.org/toc/9c227b756a2043f0a2732a65e594b1a7,2021,,,0717-7526,"ginecology, obstetrics, women's health, reproduction, reproductive health","Spanish, English",Spain,Sociedad Chilena de Obstetricia y Ginecología,Chile,CC BY-NC-ND,,https://www.rechog.com/seccion.php?id=67&scc=acceso-abierto-y-licencia---open-access-&-licensing-,,False,https://www.rechog.com/seccion.php?id=67&scc=acceso-abierto-y-licencia---open-access-&-licensing-,Double anonymous peer review,https://www.rechog.com/seccion.php?id=68&scc=proceso-de-revision---editorial-&-peer-review,False,https://www.rechog.com/seccion.php?id=75&scc=informacion-de-la-revista---journal-information,https://www.rechog.com/comite-editorial.php,https://www.rechog.com/seccion.php?id=73&scc=instrucciones-para-autores---instructions-for-authors,16,True,https://www.rechog.com/seccion.php?id=73&scc=instrucciones-para-autores---instructions-to-authors,350 USD,False,,False,,CLOCKSS,,https://portal.issn.org/resource/ISSN/0717-7526,,,DOI,True,,,RG1-991,False,No,No,Medicine: Gynecology and obstetrics,2022-03-18T14:46:50Z,2026-07-20T07:41:25Z,2022-09-12,1200,2026-07-20T21:32:07Z,,350.0,USD,350.0,1.0,convertida,921.05,350.0,USD,declarado,,,,"['doaj', 'publindex', 'scimago']",0.01434878587196468,False,False,,True,False,True,True,0,1.0,16,False,0.34210526315789475,0.3038,-1.2088,-0.4581,-0.7284,-0.2778,0.0599,0.0319,0.025,0.1395
0121-4772,0121-4772,2248-4337,Revista Cuadernos De Economía,2022,B,Colombia,Distrito Capital,"Bogotá, D. C.","Bogotá, D.C.",11001,No registra,Economía y Negocios,Ciencias Sociales,,No disponible,,,82,2248-4337,economia,CO,2,2026-09-15,1.0.0,consolidado,6e5346ea31688dbf,129,12100157018,journal,economia colombia,Universidad Nacional de Colombia,True,True,0.133,Q3,2,14,46,82,2124,23,82,0.27,46.17,0.4545,0,2007-2025,"Arts and Humanities (miscellaneous) (Q3); Economics, Econometrics and Finance (miscellaneous) (Q4); Social Sciences (miscellaneous) (Q4)","Arts and Humanities; Economics, Econometrics and Finance; Social Sciences",https://www.emeraldgrouppublishing.com/journal/econ,https://doaj.org/toc/c1df81e7c86948d3aecd846a81ce55a5,2013,,1517-7580,2358-2820,"real estate, finance, markets",English,United Kingdom,"National Association of Postgraduate Centers in Economics, ANPEC",Brazil,CC BY,,https://www.emeraldgrouppublishing.com/journal/econ#transparency-statement,True,True,https://www.emeraldgrouppublishing.com/journal/econ#transparency-statement,Double anonymous peer review,https://www.emeraldgrouppublishing.com/journal/econ#author-guidelines,True,https://www.emeraldgrouppublishing.com/journal/econ#aims-and-scope,https://www.emeraldgrouppublishing.com/journal/econ#editorial-team,https://www.emeraldgrouppublishing.com/journal/econ#author-guidelines,25,False,https://www.emeraldgrouppublishing.com/journal/econ#author-guidelines,,False,,False,,"CLOCKSS, Portico",,http://www.elsevier.com/about/company-information/policies/digital-archive,,,DOI,True,,,HB71-74,False,No,No,Social Sciences: Economic theory. Demography: Economics as a science,2015-11-17T19:51:04Z,2022-12-29T12:53:56Z,2022-12-29,216,2026-06-05T14:26:41Z,,2908.3,EUR,3140.96,1.08,sin_monto,8265.68,2908.3,EUR,observado,,True,,"['doaj', 'facts', 'openapc', 'publindex', 'scimago']",0.04525386313465784,False,False,,True,False,True,True,0,1.0,25,False,0.2804878048780488,0.0788,2.1532,-0.3682,0.8234,0.4853,0.5606,0.0405,0.3,0.2442
0123-3068,,2462-8190,Boletín Científico Del Museo De Historia Natural,2022,A2,Colombia,Eje Cafetero,Caldas,Manizales,17001,No registra,Ciencias Biológicas,Ciencias Naturales,UNIVERSIDAD DE CALDAS,IES,,,555,2462-8190,cientifico museo historia natural,CO,3,2026-09-15,1.0.0,consolidado,f556742d0af25b12,,,,,"Universidad Nacional, Costa Rica",,False,,,0,,,,,,,,,,,,,,http://www.revistas.una.ac.cr/historia,https://doaj.org/toc/fbee54fd818c4dee805478f8807e30a5,1985,,1012-9790,2215-4744,"history, historiography, costa rican history, central american history, latin american history",Spanish,Costa Rica,"Universidad Nacional, Costa Rica",,CC BY-NC-SA,,http://www.revistas.una.ac.cr/index.php/historia/noticeofcopyright,,False,,Double anonymous peer review,http://www.revistas.una.ac.cr/index.php/historia/arbitrationsystem,True,http://www.revistas.una.ac.cr/index.php/historia/approachandscope,http://www.revistas.una.ac.cr/index.php/historia/about/editorialTeam,http://www.revistas.una.ac.cr/index.php/historia/guidelinesforauthors,8,False,http://www.revistas.una.ac.cr/index.php/historia/policies,,False,,False,,,,,,,,True,,,D1-2009|F1201-3799|BT1313-1480,False,No,No,History (General) and history of Europe: History (General) | History America: Latin America. Spanish America | Philosophy. Psychology. Religion: Doctrinal Theology: History of specific doctrines and movements. Heresies and schisms,2019-04-25T00:54:35Z,2022-09-26T12:59:42Z,2022-09-26,731,2024-10-27T19:12:28Z,,1116.0,EUR,1205.28,1.08,sin_monto,3171.79,1116.0,EUR,observado,,True,,"['doaj', 'facts', 'openapc', 'publindex']",0.011037527593818985,False,False,,True,False,True,True,3,,8,True,,0.1242,-0.1785,,,-0.9562,0.2133,,,0.0465
0120-5633,0120-5633,2357-3260,Revista Colombiana De Cardiología,2022,C,Colombia,Distrito Capital,"Bogotá, D. C.","Bogotá, D.C.",11001,No registra,Ciencias de la Salud,Ciencias Médicas y de la Salud,SOCIEDAD COLOMBIANA DE CARDIOLOGIA Y CIRUGIA CARDIOVASCULAR,Otras,,,457,2357-3260,colombiana cardiologia,CO,1,2026-09-15,1.0.0,consolidado,6daa2187a4d9af04,147,12100154912,journal,colombiana cardiologia,Permanyer Publications,True,False,0.118,Q4,1,15,59,262,1265,36,214,0.15,21.44,0.3131,0,2008-2025,Cardiology and Cardiovascular Medicine (Q4),Medicine,https://reference-global.com/journal/LOGI,https://doaj.org/toc/89ccda6268014716b8c4b6a4604ee188,2010,Logi: Scientific Journal on Transport and Logistics,,2336-3037,"transport, logistics, warehousing, handling, vehicle, sustainability",English,Poland,"Institute of Technology and Business in České Budějovice, Faculty of Technology",Czechia,CC BY-NC-ND,,https://reference-global.com/journal/LOGI?tab=copyright,True,True,https://reference-global.com/journal/LOGI?tab=copyright,Double anonymous peer review,https://sciendo-parsed-data-feed.s3.eu-central-1.amazonaws.com/LOGI/Peer_Review_Procedure.pdf,True,https://reference-global.com/journal/LOGI?tab=aims-and-scope,https://reference-global.com/journal/LOGI?tab=editorial-board,https://reference-global.com/journal/LOGI?tab=submission-guidelines,12,True,https://reference-global.com/journal/LOGI?tab=article-processing-charges,150 EUR,False,,True,https://reference-global.com/journal/LOGI?tab=article-processing-charges,Portico,,https://www.portico.org/publishers/wdg/?keyword=LOGI+%E2%80%93+Scientific+Journal+on+Transport+and+Logistics&filter_by%5B%5D=e-journal,,,DOI,True,,,TA1001-1280,False,No,No,Technology: Engineering (General). Civil engineering (General): Transportation engineering,2024-04-02T13:46:11Z,2026-07-24T16:43:03Z,2026-07-24,208,2026-07-13T05:03:03Z,,150.0,EUR,162.0,1.08,convertida,426.32,150.0,EUR,declarado,,,,"['doaj', 'publindex', 'scimago']",0.0011037527593818985,False,False,,True,False,True,True,0,1.0,12,True,0.13740458015267176,0.3587,-1.4353,-0.5608,0.9645,-0.617,0.0262,0.0221,0.325,0.093
0124-8170,,1909-7735,Ciencia E Ingeniería Neogranadina,2022,B,Colombia,Distrito Capital,"Bogotá, D. C.","Bogotá, D.C.",11001,No registra,Otras Ingenierías y Tecnologías,Ingeniería y Tecnología,UNIVERSIDAD MILITAR NUEVA GRANADA,IES,,,264,1909-7735,ciencia ingenieria neogranadina,CO,2,2026-09-15,1.0.0,consolidado,b97c8c21bdb5397b,,,,,Universidad de Costa Rica,,False,,,0,,,,,,,,,,,,,,https://revistas.ucr.ac.cr/index.php/ingenieria,https://doaj.org/toc/f2cec0d6622d40c8be626e27293bd77d,2013,Revista de la Universidad de Costa Rica,1409-2441,2215-2652,"engineering, construction engineering, manufacturing and transport engineering, electrical engineering","Spanish, English",Costa Rica,Universidad de Costa Rica,,CC BY-NC-SA,,https://revistas.ucr.ac.cr/index.php/ingenieria/index,True,True,https://revistas.ucr.ac.cr/index.php/ingenieria/about/submissions,Double anonymous peer review,https://revistas.ucr.ac.cr/index.php/ingenieria/about,True,https://revistas.ucr.ac.cr/index.php/ingenieria/index,https://revistas.ucr.ac.cr/index.php/ingenieria/about/editorialTeam,https://revistas.ucr.ac.cr/index.php/ingenieria/about/submissions,26,False,https://revistas.ucr.ac.cr/index.php/ingenieria/about,,False,,False,,,,,,,DOI,True,,,TA1-2040,False,No,No,Technology: Engineering (General). Civil engineering (General),2020-08-01T16:33:11Z,2022-10-24T20:10:16Z,2022-10-24,565,2025-03-07T15:29:43Z,,1806.0,EUR,1950.48,1.08,sin_monto,5132.84,1806.0,EUR,observado,,True,,"['doaj', 'facts', 'openapc', 'publindex']",0.018763796909492272,False,False,,True,False,True,True,2,,26,False,,0.0873,0.7192,,,0.5701,0.347,,,0.2558
0121-4004,0121-4004,2145-2660,Vitae,2022,B,Colombia,Eje Cafetero,Antioquia,Medellín,05001,Farmacología y Farmacia,Medicina Básica,Ciencias Médicas y de la Salud,UNIVERSIDAD DE ANTIOQUIA,IES,,,85,2145-2660,vitae,CO,2,2026-09-15,1.0.0,consolidado,1989e17c1ffddf60,55,19700170837,journal,vitae,Universidad de Antioquia,True,True,0.195,Q3,2,21,14,39,502,41,39,1.04,35.86,0.7143,0,2009-2025,"Pharmacology, Toxicology and Pharmaceutics (miscellaneous) (Q3); Applied Microbiology and Biotechnology (Q4); Food Science (Q4)","Agricultural and Biological Sciences; Immunology and Microbiology; Pharmacology, Toxicology and Pharmaceutics",https://czasopisma.kul.pl/vv/,https://doaj.org/toc/20bf08b22c814553866d37a2835babf1,2002,,1644-8561,2451-280X,"theology, biblical studies, religion, philosophy","German, Italian, Spanish, Polish, English",Poland,,,CC BY-ND,,https://czasopisma.kul.pl/vv/dane,True,False,https://czasopisma.kul.pl/vv/about/submissions,Double anonymous peer review,https://czasopisma.kul.pl/index.php/vv/recenzja,True,https://czasopisma.kul.pl/vv/about,https://czasopisma.kul.pl/vv/about/editorialTeam,https://czasopisma.kul.pl/vv/about/submissions,16,False,https://czasopisma.kul.pl/vv/fees,,False,,False,,,,,,,DOI,True,,,B,False,No,No,Philosophy. Psychology. Religion,2021-03-16T11:13:58Z,2026-06-10T18:12:22Z,,865,2026-06-26T09:39:16Z,,1176.26,EUR,1270.36,1.08,sin_monto,3343.05,1176.26,EUR,observado,,False,,"['doaj', 'facts', 'openapc', 'publindex', 'scimago']",0.06181015452538632,False,False,,True,False,True,True,0,1.0,16,False,1.0512820512820513,0.2336,-0.1001,0.428,1.811,-0.2778,0.225,0.1167,0.475,0.1395
0120-0690,0120-0690,2256-2958,Revista Colombiana De Ciencias Pecuarias,2022,B,Colombia,Eje Cafetero,Antioquia,Medellín,05001,No registra,Ciencias Veterinarias,Ciencias Agrícolas,UNIVERSIDAD DE ANTIOQUIA,IES,,,70,2256-2958,colombiana ciencias pecuarias,CO,2,2026-09-15,1.0.0,consolidado,c3f230b5d2d5a2a5,79,19400157235,journal,colombiana ciencias pecuarias,Universidad de Antioquia,True,False,0.169,Q4,1,23,29,65,1076,35,62,0.45,37.1,0.3768,0,2008-2025,Animal Science and Zoology (Q4); Veterinary (miscellaneous) (Q4),Agricultural and Biological Sciences; Veterinary,http://cienciaspecuarias.inifap.gob.mx/,https://doaj.org/toc/c3aa9b7779db480ea2cb6641688f4d70,2010,,2007-1124,2448-6698,"animal production, animal welfare, livestock, animal nutrition, forage, apiculture","English, Spanish",Mexico,,,CC BY-NC-SA,,http://cienciaspecuarias.inifap.gob.mx/index.php/Pecuarias/about/submissions#copyrightNotice,,False,https://cienciaspecuarias.inifap.gob.mx/index.php/Pecuarias/about/submissions#copyrightNotice,Double anonymous peer review,https://cienciaspecuarias.inifap.gob.mx/index.php/Pecuarias/about/editorialPolicies#peerReviewProcess,False,http://cienciaspecuarias.inifap.gob.mx/index.php/Pecuarias/about/editorialPolicies#focusAndScope,http://cienciaspecuarias.inifap.gob.mx/index.php/Pecuarias/about/editorialTeam,http://cienciaspecuarias.inifap.gob.mx/index.php/Pecuarias/pages/view/Notas-autor,20,True,http://cienciaspecuarias.inifap.gob.mx/index.php/Pecuarias/about/editorialPolicies#custom-0,8445 MXN,False,,False,,,,,,,DOI,True,,,SF1-1100|SF600-1100,False,No,No,Agriculture: Animal culture: Veterinary medicine,2017-03-13T10:42:59Z,2021-11-24T09:26:53Z,2021-11-24,2324,2026-07-07T16:38:33Z,,2000.0,EUR,2160.0,1.08,convertida,5684.21,8445.0,MXN,observado,,False,,"['doaj', 'facts', 'openapc', 'publindex', 'scimago']",0.06181015452538632,False,False,,True,False,True,True,1,2.0,20,False,0.5384615384615384,0.1362,0.9715,0.0941,2.0931,0.0613,0.3846,0.0848,0.525,0.186
0123-9392,0123-9392,2422-3794,Infectio,2022,C,Colombia,Distrito Capital,"Bogotá, D. C.","Bogotá, D.C.",11001,No registra,Otras Ciencias Médicas,Ciencias Médicas y de la Salud,ASOCIACION COLOMBIANA DE INFECTOLOGIA,Otras,,,248,2422-3794,infectio,CO,1,2026-09-15,1.0.0,consolidado,aae3aad2d288a3c2,64,21100317205,journal,infectio,Asociacion Colombiana de Infectologia,True,False,0.187,Q4,1,14,45,119,1096,49,107,0.44,24.36,0.4925,0,2012-2025,Infectious Diseases (Q4); Microbiology (medical) (Q4); Pharmacology (medical) (Q4),Medicine,https://www.sciencedirect.com/journal/journal-of-infection,https://doaj.org/toc/999b2f1a31d6404cba580398be68df48,2024,,,1532-2742,"infection research, clinical practice, epidemiology, clinical infection",English,United Kingdom,The British Infection Association,United Kingdom,"CC BY, CC BY-NC-ND",,https://www.sciencedirect.com/science/journal/01634453/publish/open-access-options,True,False,https://www.sciencedirect.com/science/journal/01634453/publish/open-access-options,Anonymous peer review,https://www.sciencedirect.com/journal/journal-of-infection/publish/guide-for-authors,True,https://www.sciencedirect.com/journal/journal-of-infection/about/aims-and-scope,https://www.sciencedirect.com/journal/journal-of-infection/about/editorial-board,https://www.sciencedirect.com/journal/journal-of-infection/publish/guide-for-authors,16,True,https://www.sciencedirect.com/science/journal/01634453/publish/open-access-options,4030 USD,True,https://www.elsevier.com/authors/open-access/choice#waivers,False,,"CLOCKSS, Portico",Koninklijke Bibliotheek,https://www.elsevier.com/about/policies-and-standards/digital-archive,,,DOI,True,,,RC109-216|RA1-1270,False,No,No,Medicine: Internal medicine: Infectious and parasitic diseases | Medicine: Public aspects of medicine,2025-11-05T09:30:41Z,2026-04-27T14:25:24Z,2026-04-27,22,2026-07-12T04:15:21Z,,2675.07,EUR,2889.08,1.08,convertida,7602.84,4030.0,USD,observado,,True,,"['doaj', 'facts', 'openapc', 'publindex', 'scimago']",0.0011037527593818985,False,False,,True,False,True,True,0,1.0,16,False,0.4117647058823529,0.1189,1.8498,0.3252,0.8234,-0.2778,0.5154,0.1069,0.3,0.1395
0123-5931,,2256-5450,"Literatura: Teoria, Historia, Critica",2022,B,Colombia,Distrito Capital,"Bogotá, D. C.","Bogotá, D.C.",11001,Estudios Literarios,Idiomas y Literatura,Humanidades,,No disponible,,,"1,141",2256-5450,literatura teoria historia critica,CO,2,2026-09-15,1.0.0,consolidado,54cce453e4830e09,,,,,"Universidad Nacional, Costa Rica",,False,,,0,,,,,,,,,,,,,,http://www.revistas.una.ac.cr/historia,https://doaj.org/toc/fbee54fd818c4dee805478f8807e30a5,1985,,1012-9790,2215-4744,"history, historiography, costa rican history, central american history, latin american history",Spanish,Costa Rica,"Universidad Nacional, Costa Rica",,CC BY-NC-SA,,http://www.revistas.una.ac.cr/index.php/historia/noticeofcopyright,,False,,Double anonymous peer review,http://www.revistas.una.ac.cr/index.php/historia/arbitrationsystem,True,http://www.revistas.una.ac.cr/index.php/historia/approachandscope,http://www.revistas.una.ac.cr/index.php/historia/about/editorialTeam,http://www.revistas.una.ac.cr/index.php/historia/guidelinesforauthors,8,False,http://www.revistas.una.ac.cr/index.php/historia/policies,,False,,False,,,,,,,,True,,,D1-2009|F1201-3799|BT1313-1480,False,No,No,History (General) and history of Europe: History (General) | History America: Latin America. Spanish America | Philosophy. Psychology. Religion: Doctrinal Theology: History of specific doctrines and movements. Heresies and schisms,2019-04-25T00:54:35Z,2022-09-26T12:59:42Z,2022-09-26,731,2024-10-27T19:12:28Z,,1116.0,EUR,1205.28,1.08,sin_monto,3171.79,1116.0,EUR,observado,,True,,"['doaj', 'facts', 'openapc', 'publindex']",0.011037527593818985,False,False,,True,False,True,True,2,,8,True,,0.1242,-0.1785,,,-0.9562,0.2133,,,0.0465
1657-0308,,2357-626X,Revista De Arquitectura,2022,B,Colombia,Distrito Capital,"Bogotá, D. C.","Bogotá, D.C.",11001,Arquitectura y Urbanismo,Arte,Humanidades,UNIVERSIDAD CATOLICA DE COLOMBIA,IES,,,633,2357-626X,arquitectura,CO,2,2026-09-15,1.0.0,consolidado,7744ebafe267a639,,,,,"Universidad Nacional de Ingeniería, Nicaragua",,False,,,0,,,,,,,,,,,,,,https://www.camjol.info/index.php/arquitectura/index,https://doaj.org/toc/1ae5687cf8064edd80b013dd1afbcce9,2016,Architecture +,,2518-2943,"architecture, urbanism, urban planning, urban design, cultural heritage, history","English, Spanish",Nicaragua,,,CC BY-NC-ND,,https://www.camjol.info/index.php/arquitectura/about,True,False,https://www.camjol.info/index.php/arquitectura/about/submissions,Double anonymous peer review,https://www.camjol.info/index.php/arquitectura/arbitraje,True,https://www.camjol.info/index.php/arquitectura/about,https://www.camjol.info/index.php/arquitectura/about/editorialTeam,https://www.camjol.info/index.php/arquitectura/about/submissions,12,False,https://www.camjol.info/index.php/arquitectura/about/submissions,,False,,False,,,,,,,DOI,True,,,NA1-9428,False,No,No,Fine Arts: Architecture,2022-04-27T10:03:03Z,2024-09-03T06:42:17Z,2024-09-03,289,2026-06-28T14:55:52Z,,2838.0,EUR,3065.04,1.08,sin_monto,8065.89,2838.0,EUR,observado,,True,,"['doaj', 'facts', 'openapc', 'publindex']",0.002207505518763797,False,False,,True,False,True,True,2,,12,True,,0.0605,2.0618,,,-0.617,0.547,,,0.093
0120-5323,,2346-2426,Universitas Philosophica,2022,C,Colombia,Distrito Capital,"Bogotá, D. C.","Bogotá, D.C.",11001,No registra,Otras Humanidades,Humanidades,PONTIFICIA UNIVERSIDAD JAVERIANA,IES,,,931,2346-2426,universitas philosophica,CO,1,2026-09-15,1.0.0,consolidado,c08aff14f8b9d6dc,166,21101193865,journal,universitas philosophica,Pontificia Universidad Javeriana,False,False,0.1,Q4,1,3,20,58,615,3,56,0.05,30.75,0.07690000000000001,0,2020-2025,Philosophy (Q4),Arts and Humanities,https://e-revistas.uc3m.es/index.php/UNIV,https://doaj.org/toc/3fbb6568707b4718bbed3f7f21d56e97,2015,"Universitas: Revista de Filosofía, Derecho y Política",,1698-7950,"political philosophy, law, human rights, political science, gender, politics",Spanish,Spain,Instituto de Derechos Humanos Gregorio Peces-Barba,Spain,CC BY,,https://e-revistas.uc3m.es/index.php/UNIV/about#acercade8,,True,https://e-revistas.uc3m.es/index.php/UNIV/about#acercade8,Double anonymous peer review,https://e-revistas.uc3m.es/index.php/UNIV/about#acercade3,True,https://e-revistas.uc3m.es/index.php/UNIV/about#acercade1,https://e-revistas.uc3m.es/index.php/UNIV/about/editorialTeam,https://e-revistas.uc3m.es/index.php/UNIV/about/submissions,20,False,https://e-revistas.uc3m.es/index.php/UNIV/about#acercade4,,False,,False,,,,,Dulcinea,https://dulcinea.opensciencespain.org/ficha1844,DOI,True,,,K3150|B1-5802,False,No,No,Law: Law in general. Comparative and uniform law. Jurisprudence: Comparative law. International uniform law: Public law | Philosophy. Psychology. Religion: Philosophy (General),2025-11-12T13:49:28Z,2025-11-12T13:49:28Z,2025-11-12,0,,,2255.17,EUR,2435.58,1.08,sin_monto,6409.42,1814.27,EUR,observado,,True,,"['doaj', 'facts', 'openapc', 'publindex', 'scimago']",0.033112582781456956,False,False,,True,False,True,True,0,1.0,20,False,0.05172413793103448,0.0732,1.3035,-0.792,-0.7284,0.0613,0.434,0.0,0.025,0.186
2027-4688,2027-4688,2539-4711,Fronteras De La Historia,2022,B,Colombia,Distrito Capital,"Bogotá, D. C.","Bogotá, D.C.",11001,Historia,Historia y Arqueología,Humanidades,INSTITUTO COLOMBIANO DE ANTROPOLOGIA E HISTORIA ICANH,Entidades de Gobierno,,,"1,119",2539-4711,fronteras historia,CO,2,2026-09-15,1.0.0,consolidado,df587aabca5783e4,37,21100902945,journal,fronteras historia,Instituto Colombiano de Antropologia e Historia,True,True,0.214,Q1,4,6,28,105,1241,43,102,0.34,44.32,0.4667,0,2018-2026,History (Q1),Arts and Humanities,http://www.revistas.una.ac.cr/historia,https://doaj.org/toc/fbee54fd818c4dee805478f8807e30a5,1985,,1012-9790,2215-4744,"history, historiography, costa rican history, central american history, latin american history",Spanish,Costa Rica,"Universidad Nacional, Costa Rica",,CC BY-NC-SA,,http://www.revistas.una.ac.cr/index.php/historia/noticeofcopyright,,False,,Double anonymous peer review,http://www.revistas.una.ac.cr/index.php/historia/arbitrationsystem,True,http://www.revistas.una.ac.cr/index.php/historia/approachandscope,http://www.revistas.una.ac.cr/index.php/historia/about/editorialTeam,http://www.revistas.una.ac.cr/index.php/historia/guidelinesforauthors,8,False,http://www.revistas.una.ac.cr/index.php/historia/policies,,False,,False,,,,,,,,True,,,D1-2009|F1201-3799|BT1313-1480,False,No,No,History (General) and history of Europe: History (General) | History America: Latin America. Spanish America | Philosophy. Psychology. Religion: Doctrinal Theology: History of specific doctrines and movements. Heresies and schisms,2019-04-25T00:54:35Z,2022-09-26T12:59:42Z,2022-09-26,731,2024-10-27T19:12:28Z,,1116.0,EUR,1205.28,1.08,sin_monto,3171.79,1116.0,EUR,observado,,True,,"['doaj', 'facts', 'openapc', 'publindex', 'scimago']",0.002207505518763797,False,False,,True,False,True,True,-2,0.5,8,True,0.4095238095238095,0.2658,-0.1785,0.6719,-0.3052,-0.9562,0.2133,0.14,0.1,0.0465
0120-548X,,1900-1649,Acta Biológica Colombiana,2022,B,Colombia,Distrito Capital,"Bogotá, D. C.","Bogotá, D.C.",11001,No registra,Ciencias Biológicas,Ciencias Naturales,UNIVERSIDAD NACIONAL DE COLOMBIA,IES,,,305,1900-1649,biologica colombiana,CO,2,2026-09-15,1.0.0,consolidado,3b5c444323a4605d,140,21101284801,journal,,Colombian Association of Neurology,True,False,0.126,Q4,1,3,48,114,1495,39,90,0.26,31.15,0.4694,0,2022-2026,Neurology (clinical) (Q4),Medicine,https://www.ajol.info/index.php/br,https://doaj.org/toc/528eeea1857542f5a61412e1987e0875,2019,Journal of Biological Research and Biotechnology,1596-7409,2705-3822,"biological, biotechnology, cell and molecular biology, medical sciences",English,Nigeria,,,CC BY-NC-ND,,https://www.ajol.info/index.php/br/about,True,True,https://www.ajol.info/index.php/br/about/submissions,Double anonymous peer review,https://www.ajol.info/index.php/br/about/submissions,True,https://www.ajol.info/index.php/br/about,https://www.ajol.info/index.php/br/about/editorialTeam,https://www.ajol.info/index.php/br/about/submissions,10,True,https://www.ajol.info/index.php/br/about/submissions,30000 NGN; 100 USD,False,,False,,,,,,,DOI,True,,,R|QH301-705.5,False,No,No,Medicine | Science: Biology (General),2024-05-31T21:19:15Z,2024-05-31T21:19:15Z,2024-05-31,0,,,2206.05,EUR,2382.53,1.08,convertida,6269.82,30000.0,NGN,observado,,False,,"['doaj', 'facts', 'openapc', 'publindex', 'scimago']",0.01434878587196468,False,False,,True,False,True,True,1,2.0,10,True,0.34210526315789475,0.0939,1.2396,-0.4581,-0.7284,-0.7866,0.4245,0.0319,0.025,0.0698
1794-6670,,2215-9959,"Cuadernos De Música, Artes Visuales Y Artes Escénicas",2022,A2,Colombia,Distrito Capital,"Bogotá, D. C.","Bogotá, D.C.",11001,Otras artes,Arte,Humanidades,PONTIFICIA UNIVERSIDAD JAVERIANA,IES,,,134,2215-9959,musica artes visuales artes escenicas,CO,3,2026-09-15,1.0.0,consolidado,9dbb625a51d1c303,,,,,"Faculty of Music, University of the Visual & Performing Arts",,False,,,0,,,,,,,,,,,,,,https://jrm.sljol.info,https://doaj.org/toc/991505bf03504f42b3cdf596c806ee67,2023,JRM,,2961-5666,"research in music, music journal, culture and music, oral traditions, music performance",English,Sri Lanka,,,CC BY-NC,,https://jrm.sljol.info/about#open-access-policy,True,True,https://jrm.sljol.info/about#copyright,Double anonymous peer review,https://jrm.sljol.info/about/editorialpolicies,False,https://jrm.sljol.info/about#focus-and-scope,https://jrm.sljol.info/about/editorialteam,https://jrm.sljol.info/about/submissions,10,False,https://jrm.sljol.info/about/submissions#publication-fees,,False,,False,,,,,,,DOI,True,,,M1-5000|PN1560-1590,False,No,No,Music and books on Music: Music | Language and Literature: Literature (General): The performing arts. Show business,2024-05-28T16:56:14Z,2024-05-28T16:56:14Z,2024-05-28,0,,,3170.0,EUR,3423.6,1.08,sin_monto,9009.47,2226.0,EUR,observado,,True,,"['doaj', 'facts', 'openapc', 'publindex']",0.0011037527593818985,False,False,,True,False,True,True,3,,10,True,,0.055,2.4937,,,-0.7866,0.6113,,,0.0698
0120-2456,,2256-5647,Anuario Colombiano De Historia Social,2022,A2,Colombia,Distrito Capital,"Bogotá, D. C.","Bogotá, D.C.",11001,No registra,Historia y Arqueología,Humanidades,UNIVERSIDAD NACIONAL DE COLOMBIA,IES,,,"1,294",2256-5647,anuario colombiano historia social,CO,3,2026-09-15,1.0.0,consolidado,749239b3bc8a0501,,,,,"Universidad Nacional, Costa Rica",,False,,,0,,,,,,,,,,,,,,http://www.revistas.una.ac.cr/historia,https://doaj.org/toc/fbee54fd818c4dee805478f8807e30a5,1985,,1012-9790,2215-4744,"history, historiography, costa rican history, central american history, latin american history",Spanish,Costa Rica,"Universidad Nacional, Costa Rica",,CC BY-NC-SA,,http://www.revistas.una.ac.cr/index.php/historia/noticeofcopyright,,False,,Double anonymous peer review,http://www.revistas.una.ac.cr/index.php/historia/arbitrationsystem,True,http://www.revistas.una.ac.cr/index.php/historia/approachandscope,http://www.revistas.una.ac.cr/index.php/historia/about/editorialTeam,http://www.revistas.una.ac.cr/index.php/historia/guidelinesforauthors,8,False,http://www.revistas.una.ac.cr/index.php/historia/policies,,False,,False,,,,,,,,True,,,D1-2009|F1201-3799|BT1313-1480,False,No,No,History (General) and history of Europe: History (General) | History America: Latin America. Spanish America | Philosophy. Psychology. Religion: Doctrinal Theology: History of specific doctrines and movements. Heresies and schisms,2019-04-25T00:54:35Z,2022-09-26T12:59:42Z,2022-09-26,731,2024-10-27T19:12:28Z,,1116.0,EUR,1205.28,1.08,sin_monto,3171.79,1116.0,EUR,observado,,True,,"['doaj', 'facts', 'openapc', 'publindex']",0.011037527593818985,False,False,,True,False,True,True,3,,8,True,,0.1242,-0.1785,,,-0.9562,0.2133,,,0.0465
2248-6046,,2011-7663,Finanzas Y Política Económica,2022,C,Colombia,Distrito Capital,"Bogotá, D. C.","Bogotá, D.C.",11001,No registra,Economía y Negocios,Ciencias Sociales,UNIVERSIDAD CATOLICA DE COLOMBIA,IES,,,"1,034",2011-7663,finanzas politica economica,CO,1,2026-09-15,1.0.0,consolidado,53ad61b2479488ed,,,,,STKIP PGRI Sumatera Barat,,False,,,0,,,,,,,,,,,,,,http://ase.md/publicatii/revista-economica.html,https://doaj.org/toc/ecf599d6df444885a39f74b1f90afb08,2012,,2302-5190,,"management, economics, education, accounting",Indonesian,Indonesia,Prodi Pendidikan Ekonomi STKIP PGRI Sumatera Barat,,CC BY,,http://ejournal.stkip-pgri-sumbar.ac.id/index.php/economica/about/submissions#copyrightNotice,,False,http://ejournal.stkip-pgri-sumbar.ac.id/index.php/economica/about/submissions#copyrightNotice,Peer review,http://ejournal.stkip-pgri-sumbar.ac.id/index.php/economica/about/editorialPolicies#peerReviewProcess,False,http://ejournal.stkip-pgri-sumbar.ac.id/index.php/economica/about/editorialPolicies#focusAndScope,http://ejournal.stkip-pgri-sumbar.ac.id/index.php/economica/about/editorialTeam,http://ejournal.stkip-pgri-sumbar.ac.id/index.php/economica/about/submissions#authorGuidelines,8,True,http://ejournal.stkip-pgri-sumbar.ac.id/index.php/economica/about/editorialPolicies#custom-0,150000 IDR,False,,False,http://ejournal.stkip-pgri-sumbar.ac.id/index.php/economica/about/editorialPolicies#custom-0,,,ttp://ejournal.stkip-pgri-sumbar.ac.id/index.php/economica,,,,True,,,H|HB71-74,False,No,No,Social Sciences: Economic theory. Demography: Economics as a science,2015-11-10T13:17:26Z,2018-10-17T07:21:28Z,2018-10-17,239,2024-11-22T08:29:25Z,,1828.49,EUR,1974.77,1.08,convertida,5196.76,150000.0,IDR,observado,,True,,"['doaj', 'facts', 'openapc', 'publindex']",0.00772626931567329,False,False,,True,False,True,True,1,,8,True,,0.0865,0.7484,,,-0.9562,0.3514,,,0.0465
1692-8261,,2216-1368,Prospectiva,2022,B,Colombia,Caribe,Atlántico,Barranquilla,08001,No registra,Otras Ingenierías y Tecnologías,Ingeniería y Tecnología,UNIVERSIDAD AUTONOMA DEL CARIBE,IES,INSTITUCION UNIVERSITARIA ITSA,,"1,090",2216-1368,prospectiva,CO,2,2026-09-15,1.0.0,consolidado,d0ba93f6b9c99acb,,,,,Universidad Privada Antonio Guillermo Urrelo,,False,,,0,,,,,,,,,,,,,,http://revistas.upagu.edu.pe/index.php/PE,https://doaj.org/toc/1929b76057184240af8f7e91265760aa,2014,Revista Oficial de la Universidad Privada Antonio Guillermo Urrelo,1996-5257,1996-5389,"social sciences, law, economics, education, management",Spanish,Peru,Universidad Privada Antonio Guillermo Urrelo,,CC BY,,http://revistas.upagu.edu.pe/index.php/PE/about/submissions,,True,http://revistas.upagu.edu.pe/index.php/PE/about/submissions,Double anonymous peer review,http://revistas.upagu.edu.pe/index.php/PE/about,True,http://revistas.upagu.edu.pe/index.php/PE/about,http://revistas.upagu.edu.pe/index.php/PE/about/editorialTeam,http://revistas.upagu.edu.pe/index.php/PE/about/submissions,6,False,http://revistas.upagu.edu.pe/index.php/PE/about,,False,,False,http://revistas.upagu.edu.pe/index.php/PE/about,,,,,,,True,,,H1-99,False,No,No,Social Sciences: Social sciences (General),2020-01-09T11:25:57Z,2020-02-05T13:06:19Z,2020-02-05,0,,,2838.0,EUR,3065.04,1.08,sin_monto,8065.89,2838.0,EUR,observado,,True,,"['doaj', 'facts', 'openapc', 'publindex']",0.0033112582781456954,False,False,,True,False,True,True,2,,6,True,,0.0605,2.0618,,,-1.1258,0.547,,,0.0233
0121-5256,0123-2576,1909-7700,Revista Med,2022,C,Colombia,Distrito Capital,"Bogotá, D. C.","Bogotá, D.C.",11001,No registra,Medicina Clínica,Ciencias Médicas y de la Salud,UNIVERSIDAD MILITAR NUEVA GRANADA,IES,,,570,1909-7700,med,CO,1,2026-09-15,1.0.0,consolidado,a76db23ad4541f5a,141,21101151818,journal,,Universidad de Antioquia,True,False,0.126,Q4,1,4,0,62,0,16,50,0.28,0.0,0.0,0,2020-2023,Education (Q4); Medical Laboratory Technology (Q4); Medicine (miscellaneous) (Q4),Health Professions; Medicine; Social Sciences,https://onlinelibrary.wiley.com/journal/29984971,https://doaj.org/toc/cc53fdc020c64c72b35ec033e3ae5bc3,2025,,2998-4963,2998-4971,"medicine, biomedical science, human health, translational research, clinical practice",English,United States,International Society for Health Data Science,,CC BY,,https://onlinelibrary.wiley.com/page/journal/29984971/homepage/open-access,True,True,https://authorservices.wiley.com/author-resources/Journal-Authors/licensing/open-access-agreements.html,Double anonymous peer review,https://onlinelibrary.wiley.com/page/journal/29984971/homepage/author-guidelines,True,https://onlinelibrary.wiley.com/page/journal/29984971/homepage/overview,https://onlinelibrary.wiley.com/page/journal/29984971/homepage/editorial-board,https://onlinelibrary.wiley.com/page/journal/29984971/homepage/author-guidelines,14,True,https://onlinelibrary.wiley.com/page/journal/29984971/homepage/open-access,3000 USD; 2207 GBP; 2601 EUR,True,https://authorservices.wiley.com/open-research/open-access/for-authors/waivers-and-discounts.html,False,,"CLOCKSS, Portico",,https://onlinelibrary.wiley.com/library-info/resources/preservation,Open Policy Finder,https://openpolicyfinder.jisc.ac.uk/id/publication/46615,DOI,True,,,R,False,No,No,Medicine,2026-02-25T15:09:33Z,2026-02-25T15:09:33Z,,60,2026-06-10T10:59:22Z,,1569.89,EUR,1695.48,1.08,convertida,4461.79,3000.0,USD,observado,,False,,"['doaj', 'facts', 'openapc', 'publindex', 'scimago']",0.06181015452538632,False,False,,True,False,True,True,0,1.0,14,False,0.25806451612903225,0.1225,0.412,-0.4581,-0.5873,-0.4474,0.3013,0.0319,0.05,0.1163
1692-7273,1692-7273,2145-4507,Revista Ciencias De La Salud,2022,C,Colombia,Distrito Capital,"Bogotá, D. C.","Bogotá, D.C.",11001,No registra,Medicina Clínica,Ciencias Médicas y de la Salud,,No disponible,,,488,2145-4507,ciencias salud,CO,1,2026-09-15,1.0.0,consolidado,6de3dbc2433168ef,143,7500153124,journal,ciencias salud,Universidad del Rosario,True,True,0.123,Q4,1,15,38,102,1478,26,95,0.23,38.89,0.5428999999999999,0,2007-2025,Health Policy (Q4); Health (social science) (Q4); Medicine (miscellaneous) (Q4),Medicine; Social Sciences,http://revistacienciaysalud.ac.cr/,https://doaj.org/toc/65b502d79167472d947a7b7067b91996,2017,,,2215-4949,"health, microbiology, physiotherapy, medicine, pharmacy, nutrition","English, Spanish",Costa Rica,UCIMED,Costa Rica,CC BY-NC-ND,,http://revistacienciaysalud.ac.cr/ojs/index.php/cienciaysalud/autor,True,True,https://revistacienciaysalud.ac.cr/ojs/index.php/cienciaysalud/about/submissions#submmisions-copyright-notice,Double anonymous peer review,https://revistacienciaysalud.ac.cr/ojs/index.php/cienciaysalud/politics,True,http://revistacienciaysalud.ac.cr/ojs/index.php/cienciaysalud/sobre,https://revistacienciaysalud.ac.cr/ojs/index.php/cienciaysalud/about/editorialTeam,https://revistacienciaysalud.ac.cr/ojs/index.php/cienciaysalud/about/submissions,6,False,https://revistacienciaysalud.ac.cr/ojs/index.php/cienciaysalud/instrucciones-para-publicar,,False,,False,,,,,,,DOI,True,,,R5-920,False,No,No,Medicine: Medicine (General),2020-03-26T10:41:41Z,2024-09-13T08:12:10Z,2024-09-13,442,2026-05-12T16:54:02Z,,2000.0,EUR,2160.0,1.08,sin_monto,5684.21,2331.51,EUR,observado,,False,,"['doaj', 'facts', 'openapc', 'publindex', 'scimago']",0.01545253863134658,False,False,,True,False,True,True,0,1.0,6,True,0.2549019607843137,0.0991,0.9715,-0.4966,0.9645,-1.1258,0.3846,0.0283,0.325,0.0233
2011-0324,,2665-4814,Cs,2022,B,Colombia,Pacífico,Valle del Cauca,Cali,76001,"Ciencias Sociales, Interdisciplinaria",Otras Ciencias Sociales,Ciencias Sociales,UNIVERSIDAD ICESI,IES,,,501,2665-4814,cs,CO,2,2026-09-15,1.0.0,consolidado,c4830a99b49d3574,,,,,University of Isfahan,,False,,,0,,,,,,,,,,,,,,http://toc.ui.ac.ir/,https://doaj.org/toc/a0a1b7e2398a499cb86774b1c2256e1c,2012,,2251-8657,2251-8665,"discrete mathematics, combinatorics, graph theory, computer science",English,"Iran, Islamic Republic of",,,CC BY,,http://www.combinatorics.ir/journal/authors.note,,False,,Peer review,http://www.combinatorics.ir/journal/process,False,http://www.combinatorics.ir/journal/aim_scope,http://www.combinatorics.ir/journal/editorial.board,http://www.combinatorics.ir/journal/authors.note,30,False,http://www.combinatorics.ir,,False,,False,,,,,,,,True,,,QA1-939,False,No,No,Science: Mathematics,2013-01-18T19:03:57Z,2021-06-21T19:34:59Z,2021-06-21,278,2024-11-20T11:10:20Z,,990.0,EUR,1069.2,1.08,sin_monto,2813.68,1630.43,EUR,observado,,False,,"['doaj', 'facts', 'openapc', 'publindex']",0.0011037527593818985,False,False,,True,False,True,True,2,,30,False,,0.1346,-0.3425,,,0.9093,0.1889,,,0.3023
1657-4915,,2389-7856,Praxis,2022,C,Colombia,Caribe,Magdalena,Santa Marta,47001,No registra,Ciencias de la Educación,Ciencias Sociales,UNIVERSIDAD DEL MAGDALENA,IES,,,820,2389-7856,praxis,CO,1,2026-09-15,1.0.0,consolidado,61e0f4a6d3373f7c,,,,,"Universidad Nacional, Costa Rica",,False,,,0,,,,,,,,,,,,,,http://www.revistas.una.ac.cr/index.php/praxis/index,https://doaj.org/toc/dd3cb56e199547da8cf12fc926a0c4c9,2005,,1409-309X,2215-3659,"philosophy, bioethics, latin american thinking",Spanish,Costa Rica,Escuela de Filosofía,,CC BY-NC-SA,,http://www.revistas.una.ac.cr/index.php/praxis/about/submissions,True,False,,Double anonymous peer review,http://www.revistas.una.ac.cr/index.php/praxis/about,True,http://www.revistas.una.ac.cr/index.php/praxis/about,http://www.revistas.una.ac.cr/index.php/praxis/about/editorialTeam,http://www.revistas.una.ac.cr/index.php/praxis/about/submissions#authorGuidelines,12,False,http://www.revistas.una.ac.cr/index.php/praxis/announcement,,False,,False,,,,,Open Policy Finder,,,True,,,BD10-701|B1-5802,False,No,No,Philosophy. Psychology. Religion: Speculative philosophy | Philosophy. Psychology. Religion: Philosophy (General),2019-05-06T19:04:24Z,2022-10-24T20:13:38Z,2022-10-24,0,,,2380.0,EUR,2570.4,1.08,sin_monto,6764.21,2331.51,EUR,observado,,True,,"['doaj', 'facts', 'openapc', 'publindex']",0.011037527593818985,False,False,,True,False,True,True,1,,12,True,,0.07,1.4659,,,-0.617,0.4582,,,0.093
0120-0534,,,Revista Latinoamericana De Psicología,2022,A2,Colombia,Distrito Capital,"Bogotá, D. C.","Bogotá, D.C.",11001,No registra,Psicología,Ciencias Sociales,FUNDACION UNIVERSITARIA KONRAD LORENZ,IES,,,336,0120-0534,latinoamericana psicologia,CO,3,2026-09-15,1.0.0,consolidado,5067f29875f42b6f,4,14730,journal,latinoamericana psicologia,Konrad Lorenz Editores,True,True,0.535,Q2,3,38,7,82,358,123,82,1.38,51.14,0.39390000000000003,0,"1980, 1984, 1992, 1996-2025",Psychology (miscellaneous) (Q2); Social Sciences (miscellaneous) (Q2),Psychology; Social Sciences,https://hemeroteca.uaemex.mx/index.php/rpsicologia,https://doaj.org/toc/5b78907ca23c4176b5c9bdd315fb003a,2016,,,2007-7149,"behavioral sciences, clinical psychology, occupational psychology, educational psychology, social psychology, psychosocial research",Spanish,Mexico,"Universidad Autónoma del Estado de México, Facultad de Ciencias de la Conducta",Mexico,CC BY-NC-SA,,https://revistapsicologia.uaemex.mx/about,,False,https://revistapsicologia.uaemex.mx/about/submissions,Double anonymous peer review,https://revistapsicologia.uaemex.mx/about,True,https://revistapsicologia.uaemex.mx/about,https://revistapsicologia.uaemex.mx/about/editorialTeam,https://hemeroteca.uaemex.mx/index.php/rpsicologia/about/submissions#authorGuidelines,16,False,https://revistapsicologia.uaemex.mx/about,,False,,False,,,,,,,DOI,True,,,BF1-990,False,No,No,Philosophy. Psychology. Religion: Psychology,2021-01-11T09:56:14Z,2021-01-11T09:56:14Z,2021-01-11,0,,,1828.24,EUR,1974.5,1.08,sin_monto,5196.05,1828.24,EUR,observado,,True,,"['doaj', 'facts', 'openapc', 'publindex', 'scimago']",0.002207505518763797,False,False,,True,False,True,True,0,1.0,16,False,1.5,0.4628,0.7481,4.794,4.2093,-0.2778,0.3513,0.5344,0.9,0.1395
1794-9920,,,Face Revista De La Facultad De Ciencias Economicas U De Pamplona,2022,C,Colombia,Centro Oriente,Norte de Santander,Pamplona,54518,No registra,Economía y Negocios,Ciencias Sociales,UNIVERSIDAD DE PAMPLONA,IES,,,894,1794-9920,face facultad ciencias economicas u pamplona,CO,1,2026-09-15,1.0.0,consolidado,5128ae4dbad81b31,,,,,STKIP PGRI Sumatera Barat,,False,,,0,,,,,,,,,,,,,,http://ase.md/publicatii/revista-economica.html,https://doaj.org/toc/ecf599d6df444885a39f74b1f90afb08,2012,,2302-5190,,"management, economics, education, accounting",Indonesian,Indonesia,Prodi Pendidikan Ekonomi STKIP PGRI Sumatera Barat,,CC BY,,http://ejournal.stkip-pgri-sumbar.ac.id/index.php/economica/about/submissions#copyrightNotice,,False,http://ejournal.stkip-pgri-sumbar.ac.id/index.php/economica/about/submissions#copyrightNotice,Peer review,http://ejournal.stkip-pgri-sumbar.ac.id/index.php/economica/about/editorialPolicies#peerReviewProcess,False,http://ejournal.stkip-pgri-sumbar.ac.id/index.php/economica/about/editorialPolicies#focusAndScope,http://ejournal.stkip-pgri-sumbar.ac.id/index.php/economica/about/editorialTeam,http://ejournal.stkip-pgri-sumbar.ac.id/index.php/economica/about/submissions#authorGuidelines,8,True,http://ejournal.stkip-pgri-sumbar.ac.id/index.php/economica/about/editorialPolicies#custom-0,150000 IDR,False,,False,http://ejournal.stkip-pgri-sumbar.ac.id/index.php/economica/about/editorialPolicies#custom-0,,,ttp://ejournal.stkip-pgri-sumbar.ac.id/index.php/economica,,,,True,,,H|HB71-74,False,No,No,Social Sciences: Economic theory. Demography: Economics as a science,2015-11-10T13:17:26Z,2018-10-17T07:21:28Z,2018-10-17,239,2024-11-22T08:29:25Z,,1828.49,EUR,1974.77,1.08,convertida,5196.76,150000.0,IDR,observado,,True,,"['doaj', 'facts', 'openapc', 'publindex']",0.00772626931567329,False,False,,True,False,True,True,1,,8,True,,0.0865,0.7484,,,-0.9562,0.3514,,,0.0465
0123-4226,0123-4226,2619-2551,Revista U.D.C.A. Actualidad & Divulgación Científica,2022,B,Colombia,Distrito Capital,"Bogotá, D. C.","Bogotá, D.C.",11001,No registra,Otras Ciencias Agrícolas,Ciencias Agrícolas,UNIVERSIDAD DE CIENCIAS APLICADAS Y AMBIENTALES U D C A,IES,,,2,2619-2551,u d c actualidad divulgacion cientifica,CO,2,2026-09-15,1.0.0,consolidado,6a68823741f68f1b,97,21101067386,journal,u d c actualidad divulgacion cientifica,Universidad de Ciencias Aplicadas y Ambientales U.D.C.A,True,True,0.152,Q4,1,8,33,136,1428,66,131,0.36,43.27,0.3945,0,2019-2025,"Agricultural and Biological Sciences (miscellaneous) (Q4); Biochemistry, Genetics and Molecular Biology (miscellaneous) (Q4); Environmental Science (miscellaneous) (Q4); Geography, Planning and Development (Q4)","Agricultural and Biological Sciences; Biochemistry, Genetics and Molecular Biology; Environmental Science; Social Sciences",https://www.produccioncientificaluz.org/index.php/cientifica/instrucciones,https://doaj.org/toc/828cd4e8ef054c2a8fae44f6c3df9d94,2010,Revista Científica de la Facultad de Ciencias Veterinarias de la Universidad del Zulia,0798-2259,2521-9715,"veterinary medicine, animal science, agricultural economics, public health, food technology","Spanish, English","Venezuela, Bolivarian Republic of",,,CC BY-NC-SA,,https://www.produccioncientificaluz.org/index.php/cientifica/about,True,True,https://www.produccioncientificaluz.org/index.php/cientifica/about,Double anonymous peer review,https://www.produccioncientificaluz.org/index.php/cientifica/about,True,https://www.produccioncientificaluz.org/index.php/cientifica/about,https://www.produccioncientificaluz.org/index.php/cientifica/about/editorialTeam,https://www.produccioncientificaluz.org/index.php/cientifica/instrucciones,9,False,https://www.produccioncientificaluz.org/index.php/cientifica/instrucciones,,False,,False,,,,,Publisher's site,https://www.produccioncientificaluz.org/index.php/cientifica/about,DOI,True,,,SF191-275|SF600-1100,False,No,No,Agriculture: Animal culture: Cattle | Agriculture: Animal culture: Veterinary medicine,2023-02-27T14:36:38Z,2023-02-27T14:36:38Z,2023-02-27,2418,2026-08-08T01:05:46Z,,895.15,EUR,966.76,1.08,sin_monto,2544.11,895.15,EUR,observado,,False,,"['doaj', 'facts', 'openapc', 'publindex', 'scimago']",0.0011037527593818985,False,False,,True,False,True,True,1,2.0,9,True,0.4852941176470588,0.2183,-0.4659,-0.1242,-0.023,-0.8714,0.1705,0.0639,0.15,0.0581
1657-4702,,2462-859X,Revista Latinoamericana De Bioetica/Latinamerican Journal Of Bioethics,2022,B,Colombia,Distrito Capital,"Bogotá, D. C.","Bogotá, D.C.",11001,No registra,Otras Humanidades,Humanidades,UNIVERSIDAD MILITAR NUEVA GRANADA,IES,,,676,2462-859X,latinoamericana bioetica latinamerican bioethics,CO,2,2026-09-15,1.0.0,consolidado,1653ccbe7a6d8a7a,,,,,University of Silesia Press,,False,,,0,,,,,,,,,,,,,,https://www.journals.us.edu.pl/index.php/RIAS,https://doaj.org/toc/72aa9d71a2c740e6ab9a52c3b1389a70,2006,RIAS,,1991-2773,"american studies, hemispheric american studies, transoceanic american studies, cultural studies, literary studies, cultural anthropology","English, Spanish, Portuguese, French",Poland,International American Studies Association,Spain,CC BY-SA,,https://www.journals.us.edu.pl/index.php/RIAS,True,True,https://www.journals.us.edu.pl/index.php/RIAS,Double anonymous peer review,https://www.journals.us.edu.pl/index.php/RIAS/recenzja,False,https://www.journals.us.edu.pl/index.php/RIAS/cel,https://www.journals.us.edu.pl/index.php/RIAS/about/editorialTeam,https://www.journals.us.edu.pl/index.php/RIAS/about/submissions,50,False,https://www.journals.us.edu.pl/index.php/RIAS,,False,,False,,"CLOCKSS, LOCKSS, PKP PN",,,Free to re-publish the RIAS-published version.,https://www.journals.us.edu.pl/index.php/RIAS,DOI,True,,,PS1-3576,False,No,No,Language and Literature: American literature,2021-01-12T14:49:39Z,2021-01-12T14:49:38Z,2021-01-12,1,2022-10-25T10:16:22Z,,2492.33,EUR,2691.72,1.08,sin_monto,7083.47,1814.27,EUR,observado,,True,,"['doaj', 'facts', 'openapc', 'publindex']",0.0033112582781456954,False,False,,True,False,True,True,2,,50,False,,0.0674,1.6121,,,2.6052,0.48,,,0.5349
2382-4018,,2382-4018,Collectivus. Revista de Ciencias Sociales,2022,C,Colombia,Caribe,Atlántico,Barranquilla,08001,Otras Humanidades,Otras Humanidades,Humanidades,UNIVERSIDAD DEL ATLANTICO,IES,,,267,2382-4018,collectivus ciencias sociales,CO,1,2026-09-15,1.0.0,consolidado,fd8d37f3889c9314,,,,,Universidad del Atlántico,,False,,,0,,,,,,,,,,,,,,http://investigaciones.uniatlantico.edu.co/revistas/index.php/Collectivus/index,https://doaj.org/toc/5b2793e4195c4046856332c3943e9c5a,2014,,,2382-4018,"practics, social practices, territorial practices, economical practices",Spanish,Colombia,Universidad del Atlántico,,CC BY-NC,,http://investigaciones.uniatlantico.edu.co/revistas/index.php/Collectivus/about/submissions#copyrightNotice,,False,,Anonymous peer review,http://investigaciones.uniatlantico.edu.co/revistas/index.php/Collectivus/about/editorialPolicies#peerReviewProcess,False,http://investigaciones.uniatlantico.edu.co/revistas/index.php/Collectivus/about/editorialPolicies#focusAndScope,http://investigaciones.uniatlantico.edu.co/revistas/index.php/Collectivus/about/editorialPolicies#custom-1,http://investigaciones.uniatlantico.edu.co/revistas/index.php/Collectivus/about/submissions#onlineSubmissions,12,False,http://investigaciones.uniatlantico.edu.co/revistas/index.php/Collectivus/about/editorialPolicies#focusAndScope,,False,,False,http://investigaciones.uniatlantico.edu.co/revistas/index.php/Collectivus/about/editorialPolicies#focusAndScope,,,,,,,True,,,H|H1-99,False,No,No,Social Sciences: Social sciences (General),2016-01-08T11:44:05Z,2020-08-04T09:03:57Z,2020-08-04,18,2016-01-09T20:37:17Z,collectivus ciencias sociales,2000.0,EUR,2160.0,1.08,sin_monto,5684.21,2331.51,EUR,observado,,False,,"['doaj', 'facts', 'openapc', 'publindex']",0.002207505518763797,False,False,,True,False,True,True,1,,12,True,,0.0806,0.9715,,,-0.617,0.3846,,,0.093
2322-9381,2322-9381,2322-9675,Trashumante,2022,A2,Colombia,Eje Cafetero,Antioquia,Medellín,05001,No registra,Historia y Arqueología,Humanidades,UNIVERSIDAD DE ANTIOQUIA,IES,,,537,2322-9675,trashumante,CO,3,2026-09-15,1.0.0,consolidado,0e22ec4f0c23854d,51,21100792502,journal,trashumante,Universidad de Antioquia,True,True,0.198,Q2,3,7,21,88,724,25,87,0.29,34.48,0.6522,0,2013-2026,History (Q2); Social Sciences (miscellaneous) (Q3),Arts and Humanities; Social Sciences,https://periodicos.ufjf.br/index.php/hurevista/index,https://doaj.org/toc/5fb212cdb46e41cdb3234b32cffce286,1996,,0103-3123,1982-8047,"public health, health sciences","Portuguese, English",Brazil,Programa de Pós-Graduação em Saúde da Faculdade de Medicina da Universidade Federal de Juiz de Fora/MG,Brazil,CC BY,,https://periodicos.ufjf.br/index.php/hurevista/about/submissions,True,True,https://periodicos.ufjf.br/index.php/hurevista/about,Anonymous peer review,https://periodicos.ufjf.br/index.php/hurevista/about,False,https://periodicos.ufjf.br/index.php/hurevista/about,https://periodicos.ufjf.br/index.php/hurevista/about/editorialTeam,https://periodicos.ufjf.br/index.php/hurevista/about/submissions,16,False,https://periodicos.ufjf.br/index.php/hurevista/about,,False,,False,,,,,Diadorim,https://periodicos.ufjf.br/index.php/hurevista/about,DOI,True,,,R5-920,False,No,No,Medicine: Medicine (General),2021-02-28T21:16:35Z,2021-02-28T21:16:35Z,2021-02-28,915,2026-08-12T11:40:08Z,,2618.0,EUR,2827.44,1.08,sin_monto,7440.63,1872.1,EUR,observado,,True,,"['doaj', 'facts', 'openapc', 'publindex', 'scimago']",0.06181015452538632,False,False,,True,False,True,True,0,1.0,16,False,0.2840909090909091,0.1281,1.7755,0.4665,-0.1641,-0.2778,0.5043,0.1204,0.125,0.1395
0124-2253,,2344-8350,Revista Científica,2022,B,Colombia,Distrito Capital,"Bogotá, D. C.","Bogotá, D.C.",11001,Otras Ingenierías y Tecnologías,Otras Ingenierías y Tecnologías,Ingeniería y Tecnología,UNIVERSIDAD DISTRITAL FRANCISCO JOSE DE CALDAS,IES,,,341,2344-8350,cientifica,CO,2,2026-09-15,1.0.0,consolidado,0058ce7d7a17027c,,,,,Universidad del Zulia,,False,,,0,,,,,,,,,,,,,,https://www.produccioncientificaluz.org/index.php/cientifica/instrucciones,https://doaj.org/toc/828cd4e8ef054c2a8fae44f6c3df9d94,2010,Revista Científica de la Facultad de Ciencias Veterinarias de la Universidad del Zulia,0798-2259,2521-9715,"veterinary medicine, animal science, agricultural economics, public health, food technology","Spanish, English","Venezuela, Bolivarian Republic of",,,CC BY-NC-SA,,https://www.produccioncientificaluz.org/index.php/cientifica/about,True,True,https://www.produccioncientificaluz.org/index.php/cientifica/about,Double anonymous peer review,https://www.produccioncientificaluz.org/index.php/cientifica/about,True,https://www.produccioncientificaluz.org/index.php/cientifica/about,https://www.produccioncientificaluz.org/index.php/cientifica/about/editorialTeam,https://www.produccioncientificaluz.org/index.php/cientifica/instrucciones,9,False,https://www.produccioncientificaluz.org/index.php/cientifica/instrucciones,,False,,False,,,,,Publisher's site,https://www.produccioncientificaluz.org/index.php/cientifica/about,DOI,True,,,SF191-275|SF600-1100,False,No,No,Agriculture: Animal culture: Cattle | Agriculture: Animal culture: Veterinary medicine,2023-02-27T14:36:38Z,2023-02-27T14:36:38Z,2023-02-27,2418,2026-08-08T01:05:46Z,,895.15,EUR,966.76,1.08,sin_monto,2544.11,895.15,EUR,observado,,False,,"['doaj', 'facts', 'openapc', 'publindex']",0.004415011037527594,False,False,,True,False,True,True,2,,9,True,,0.1436,-0.4659,,,-0.8714,0.1705,,,0.0581
0034-7426,1657-0448,2357-4100,Revista Colombiana De Matemáticas,2022,C,Colombia,Distrito Capital,"Bogotá, D. C.","Bogotá, D.C.",11001,No registra,Matemática,Ciencias Naturales,UNIVERSIDAD NACIONAL DE COLOMBIA,IES,,,269,2357-4100,colombiana matematicas,CO,1,2026-09-15,1.0.0,consolidado,1830286e0310f88b,163,21101259010,journal,,UNICAMP,True,True,0.105,Q4,1,2,58,123,889,5,91,0.06,15.33,0.5539999999999999,0,2020-2026,Dermatology (Q4); Surgery (Q4),Medicine,https://econtents.bc.unicamp.br/inpec/index.php/tematicas/index,https://doaj.org/toc/206a7d3876cd4cbb81c74313609a5a05,2012,,1413-2486,2595-315X,"social science, sociology, anthropology, political science, demography",Portuguese,Brazil,UNICAMP,,CC BY-NC-SA,,https://econtents.bc.unicamp.br/inpec/index.php/tematicas/pda,,True,https://econtents.bc.unicamp.br/inpec/index.php/tematicas/pda,Double anonymous peer review,https://econtents.bc.unicamp.br/inpec/index.php/tematicas/about,True,https://econtents.bc.unicamp.br/inpec/index.php/tematicas/about,https://econtents.bc.unicamp.br/inpec/index.php/tematicas/about/editorialTeam,https://econtents.bc.unicamp.br/inpec/index.php/tematicas/about/submissions,20,False,https://econtents.bc.unicamp.br/inpec/index.php/tematicas/taxa,,False,,False,https://econtents.bc.unicamp.br/inpec/index.php/tematicas/taxa,"LOCKSS, PKP PN",,https://econtents.bc.unicamp.br/inpec/index.php/tematicas/parq,Diadorim,,DOI,True,,,JA1-92|H1-99,False,No,No,Political science: Political science (General) | Social Sciences: Social sciences (General),2020-10-13T19:59:55Z,2020-10-13T19:59:55Z,2020-10-13,0,,,2331.51,EUR,2518.03,1.08,sin_monto,6626.39,2331.51,EUR,observado,,True,,"['doaj', 'facts', 'publindex', 'scimago']",0.002207505518763797,False,False,,True,False,True,True,0,1.0,20,False,0.04065040650406504,0.0748,1.4028,-0.7278,-0.8695,0.0613,0.4488,0.0061,0.0,0.186
0120-5587,,,Lingüística Y Literatura,2022,C,Colombia,Eje Cafetero,Antioquia,Medellín,05001,Estudios Generales del Lenguaje,Idiomas y Literatura,Humanidades,UNIVERSIDAD DE ANTIOQUIA,IES,,,146,0120-5587,linguistica literatura,CO,1,2026-09-15,1.0.0,consolidado,bfa627097af18d98,,,,,UCSH,,False,,,0,,,,,,,,,,,,,,http://ediciones.ucsh.cl/index.php/lyl/index,https://doaj.org/toc/babf1c626fc84cbbac7f879b579718fa,2008,,0716-5811,0717-621X,"literature, linguistics, latin america, applied linguistics, literary theory, literary studies","English, Spanish",Chile,Universidad Católica Cardenal Raul Silva Henríquez,Chile,CC BY-NC-ND,,http://ediciones.ucsh.cl/index.php/lyl/about/submissions,,False,http://ediciones.ucsh.cl/index.php/lyl/about/submissions,Double anonymous peer review,https://ediciones.ucsh.cl/index.php/lyl/evaluacionporpares,True,http://ediciones.ucsh.cl/index.php/lyl/about,http://ediciones.ucsh.cl/index.php/lyl/about/editorialTeam,http://ediciones.ucsh.cl/index.php/lyl/about/submissions,54,False,http://ediciones.ucsh.cl/index.php/lyl/about,,False,,False,,,,,,,DOI,True,,,P,False,No,No,Language and Literature,2021-07-21T16:27:37Z,2024-10-15T19:17:00Z,2024-10-15,50,2024-10-30T19:07:41Z,,2380.0,EUR,2570.4,1.08,sin_monto,6764.21,2380.0,EUR,observado,,True,,"['doaj', 'facts', 'openapc', 'publindex']",0.0011037527593818985,False,False,,True,False,True,True,1,,54,False,,0.07,1.4659,,,2.9444,0.4582,,,0.5814
0121-053X,0121-053X,2346-1829,Cuadernos De Lingüística Hispánica,2022,B,Colombia,Centro Oriente,Boyacá,Tunja,15001,Lingüística,Idiomas y Literatura,Humanidades,UNIVERSIDAD PEDAGOGICA Y TECNOLOGICA DE COLOMBIA,IES,,,55,2346-1829,linguistica hispanica,CO,2,2026-09-15,1.0.0,consolidado,757e83f12b43837b,42,21101163374,journal,linguistica hispanica,Universidad Pedagogica y Tecnologica de Colombia,True,True,0.208,Q2,3,4,21,63,646,23,63,0.4,30.76,0.36,0,2019-2025,Linguistics and Language (Q2),Social Sciences,https://journals.uni-lj.si/linguistica,https://doaj.org/toc/ecff1e6c180c4891867f09a1eb778e9a,2008,,0024-3922,2350-420X,"linguistics, modern linguistics, romance languages, slavic languages, germanic languages","English, French, German, Italian, Slovenian",Slovenia,"University of Ljubljana, Faculty of Arts (Filozofska fakulteta Univerze v Ljubljani)",Slovenia,CC BY-SA,,https://journals.uni-lj.si/linguistica/about/submissions,True,True,https://journals.uni-lj.si/linguistica/about/submissions,Double anonymous peer review,https://journals.uni-lj.si/linguistica/about,False,https://journals.uni-lj.si/linguistica/about,https://journals.uni-lj.si/linguistica/about/editorialTeam,https://journals.uni-lj.si/linguistica/about/submissions,20,False,https://journals.uni-lj.si/linguistica/about,,False,,False,,,,,,,DOI,True,,,P1-1091,False,No,No,Language and Literature: Philology. Linguistics,2015-11-07T20:25:09Z,2022-07-27T09:21:52Z,2022-07-27,1275,2026-01-05T13:11:07Z,,1898.13,EUR,2049.98,1.08,sin_monto,5394.68,1898.13,EUR,observado,,True,,"['doaj', 'facts', 'openapc', 'publindex', 'scimago']",0.012141280353200883,False,False,,True,False,True,True,-1,0.6666666666666666,20,False,0.36507936507936506,0.1747,0.839,0.5949,-0.5873,0.0613,0.3649,0.1327,0.05,0.186
1794-2470,,2462-9448,Nova: Publicación Científica En Ciencias Médicas,2022,B,No disponible,No disponible,No disponible,No disponible,,No registra,Ciencias Biológicas,Ciencias Naturales,UNIVERSIDAD COLEGIO MAYOR DE CUNDINAMARCA,IES,UNIVERSIDAD NACIONAL ABIERTA Y A DISTANCIA,,677,2462-9448,nova publicacion cientifica ciencias medicas,CO,2,2026-09-15,1.0.0,consolidado,0ac383a7e63574c3,,,,,"FISIP UIN Sunan Gunung Djati Bandung, Jurusan Administrasi Publik",,False,,,0,,,,,,,,,,,,,,https://journal.uinsgd.ac.id/index.php/publica/index,https://doaj.org/toc/18d92c894c9742508d8119bbc68182e3,2018,Publica: Jurnal Pemikiran Administrasi Negara,2085-6555,2715-9256,"public administration, public policy, bureaucracy, public service, governance, local government",English,Indonesia,UIN Sunan Gunung Djati Bandung,Indonesia,CC BY-SA,,https://journal.uinsgd.ac.id/index.php/publica/about/submissions#copyrightNotice,,True,https://journal.uinsgd.ac.id/index.php/publica/about/submissions#copyrightNotice,Double anonymous peer review,https://journal.uinsgd.ac.id/index.php/publica/about/editorialPolicies#peerReviewProcess,True,https://journal.uinsgd.ac.id/index.php/publica/about/editorialPolicies#focusAndScope,https://journal.uinsgd.ac.id/index.php/publica/about/editorialTeam,https://journal.uinsgd.ac.id/index.php/publica/about/submissions#authorGuidelines,22,False,https://journal.uinsgd.ac.id/index.php/publica/about/editorialPolicies#custom-4,,False,,False,,Internet Archive,,https://journal.uinsgd.ac.id/index.php/publica/about/editorialPolicies#archiving,,,DOI,True,,,JQ1-6651,False,No,No,Political science: Political institutions and public administration - Asia (Asian studies only),2022-09-19T15:04:51Z,2022-09-19T15:04:51Z,2022-09-19,143,2025-12-30T10:57:02Z,,2900.0,EUR,3132.0,1.08,sin_monto,8242.11,2066.41,EUR,observado,,True,,"['doaj', 'facts', 'openapc', 'publindex']",0.0033112582781456954,False,False,,True,False,True,True,2,,22,False,,0.0594,2.1424,,,0.2309,0.559,,,0.2093
0120-159X,1657-0448,2256-5485,Revista Colombiana De Sociología,2022,B,Colombia,Distrito Capital,"Bogotá, D. C.","Bogotá, D.C.",11001,No registra,Sociología,Ciencias Sociales,,No disponible,,,937,2256-5485,colombiana sociologia,CO,2,2026-09-15,1.0.0,consolidado,66ee62741c1cace1,163,21101259010,journal,,Universidad de Chile,True,True,0.105,Q4,1,2,58,123,889,5,91,0.06,15.33,0.5539999999999999,0,2020-2026,Dermatology (Q4); Surgery (Q4),Medicine,https://revistadesociologia.uchile.cl,https://doaj.org/toc/786f705b1a1a4960aeeec9d13c39bafc,2010,,0716-632X,0719-529X,"social sciences, epistemology, chilhood, gender studies, child abuse, sociology","French, Portuguese, English, Spanish",Chile,,,CC BY-NC-SA,,https://revistadesociologia.uchile.cl/index.php/RDS/derechosautor,,True,https://revistadesociologia.uchile.cl/index.php/RDS/derechosautor,Double anonymous peer review,https://revistadesociologia.uchile.cl/index.php/RDS/politicaspublicacion,True,https://revistadesociologia.uchile.cl/index.php/RDS/about,https://revistadesociologia.uchile.cl/index.php/RDS/about/editorialTeam,https://revistadesociologia.uchile.cl/index.php/RDS/normasautores,30,False,https://revistadesociologia.uchile.cl/index.php/RDS/accesoabierto,,False,,False,,,,,,,DOI,True,,,HM401-1281,False,No,No,Social Sciences: Sociology (General),2024-01-03T07:55:15Z,2024-01-03T07:55:15Z,2024-01-03,39,2024-01-03T12:10:34Z,,2505.83,EUR,2706.3,1.08,sin_monto,7121.84,303.63,EUR,observado,,True,,"['doaj', 'facts', 'openapc', 'publindex', 'scimago']",0.002207505518763797,False,False,,True,False,True,True,1,2.0,30,False,0.04065040650406504,0.0705,1.6296,-0.7278,-0.8695,0.9093,0.4826,0.0061,0.0,0.3023
2027-2448,,2745-1402,Revista Pensamiento Americano,2022,C,Colombia,Caribe,Atlántico,Barranquilla,08001,Otras Ciencias Sociales,Otras Ciencias Sociales,Ciencias Sociales,CORPORACION UNIVERSITARIA AMERICANA,IES,,,"1,191",2745-1402,pensamiento americano,CO,1,2026-09-15,1.0.0,consolidado,18af56118e1142d6,,,,,Corporación Universitaria Americana,,False,,,0,,,,,,,,,,,,,,http://publicaciones.americana.edu.co/index.php/pensamientoamericano,https://doaj.org/toc/b1d6809d11f04224be70c2b3f2191360,2016,,,2745-1402,"law, jurisprudence, politics, philosophy, sociology","English, Spanish, Portuguese",Colombia,,,CC BY-NC-ND,,http://publicaciones.americana.edu.co/index.php/pensamientoamericano/LICC,True,False,http://publicaciones.americana.edu.co/index.php/pensamientoamericano/avderaut,Double anonymous peer review,http://publicaciones.americana.edu.co/index.php/pensamientoamericano/direeva,True,http://publicaciones.americana.edu.co/index.php/pensamientoamericano/about,http://publicaciones.americana.edu.co/index.php/pensamientoamericano/about/editorialTeam,http://publicaciones.americana.edu.co/index.php/pensamientoamericano/diraut,16,False,http://publicaciones.americana.edu.co/index.php/pensamientoamericano/opacc,,False,,False,,,,,,,DOI,True,,,H1-99,False,No,No,Social Sciences: Social sciences (General),2021-07-27T23:31:11Z,2021-07-27T23:31:11Z,2021-07-27,246,2025-10-03T13:47:45Z,pensamiento americano,1828.24,EUR,1974.5,1.08,sin_monto,5196.05,1828.24,EUR,observado,,True,,"['doaj', 'facts', 'openapc', 'publindex']",0.0011037527593818985,False,False,,True,False,True,True,1,,16,False,,0.0865,0.7481,,,-0.2778,0.3513,,,0.1395
0122-9354,,2389-8526,Revista De Medicina Veterinaria,2022,C,Colombia,Distrito Capital,"Bogotá, D. C.","Bogotá, D.C.",11001,No registra,Ciencias Veterinarias,Ciencias Agrícolas,UNIVERSIDAD DE LA SALLE,IES,,,86,2389-8526,medicina veterinaria,CO,1,2026-09-15,1.0.0,consolidado,617d3fd71fdf8bb8,,,,,Universidade Federal Rural de Pernambuco,,False,,,0,,,,,,,,,,,,,,https://www.journals.ufrpe.br/index.php/medicinaveterinaria/index,https://doaj.org/toc/77354ae8c12e445bb942bb9dea6e59f1,2007,,1809-4678,2675-6617,"veterinary medicine, animal production, biology","Spanish, Portuguese, English",Brazil,Universidade Federal Rural de Pernambuco,Brazil,CC BY-NC-SA,,https://www.journals.ufrpe.br/index.php/medicinaveterinaria/about,True,True,https://www.journals.ufrpe.br/index.php/medicinaveterinaria/about,"Anonymous peer review, Double anonymous peer review",https://www.journals.ufrpe.br/index.php/medicinaveterinaria/about,True,https://www.journals.ufrpe.br/index.php/medicinaveterinaria/about,https://www.journals.ufrpe.br/index.php/medicinaveterinaria/about/editorialTeam,https://www.journals.ufrpe.br/index.php/medicinaveterinaria/about/submissions,12,False,https://www.journals.ufrpe.br/index.php/medicinaveterinaria/about,,False,,False,,Cariniana Network,,https://www.journals.ufrpe.br/index.php/medicinaveterinaria/about,,,"DOI, PURL",True,,,SF600-1100,False,No,No,Agriculture: Animal culture: Veterinary medicine,2023-07-06T16:59:40Z,2023-07-06T16:59:40Z,2023-07-06,780,2026-06-25T23:59:07Z,,380.8,EUR,411.26,1.08,sin_monto,1082.26,380.8,EUR,observado,,False,,"['doaj', 'facts', 'openapc', 'publindex']",0.002207505518763797,False,False,,True,False,True,True,1,,12,True,,0.2259,-1.135,,,-0.617,0.0709,,,0.093
0122-8900,,2463-0470,Panorama Económico,2022,C,Colombia,Caribe,Bolívar,Cartagena de Indias,13001,No registra,Economía y Negocios,Ciencias Sociales,UNIVERSIDAD DE CARTAGENA,IES,,,938,2463-0470,panorama economico,CO,1,2026-09-15,1.0.0,consolidado,41ab2535be516b79,,,,,University of Minnesota Libraries Publishing,,False,,,0,,,,,,,,,,,,,,https://editions.lib.umn.edu/panorama/,https://doaj.org/toc/b83def017d024cd6a529801747ff9414,2015,,,2471-6839,"twentieth-century art, nineteenth-century art, african american art, contemporary art, modernism, critical theory",English,United States,Association of Historians of American Art,,CC BY-NC,,https://editions.lib.umn.edu/panorama/submissions/,,True,https://editions.lib.umn.edu/panorama/submissions/,Double anonymous peer review,https://editions.lib.umn.edu/panorama/policies/,False,https://editions.lib.umn.edu/panorama/about/,https://editions.lib.umn.edu/panorama/people/,https://editions.lib.umn.edu/panorama/submissions/,12,False,https://editions.lib.umn.edu/panorama/submissions/,,False,,False,https://editions.lib.umn.edu/panorama/submissions/,ArchiveIt,,https://www.archive-it.org/organizations/484/?q=Panorama&show=Sites&collectionIds=2135&collectionIds=4269&collectionIds=4387&collectionIds=4398&collectionIds=4432&collectionIds=4472&collectionIds=4544&collectionIds=4614&collectionIds=4847&collectionIds=4958,,,DOI,True,,,NX440-632,False,No,No,Fine Arts: Arts in general: History of the arts,2020-01-16T15:03:43Z,2020-01-16T15:03:43Z,2020-01-16,727,2026-06-15T16:56:27Z,,1828.49,EUR,1974.77,1.08,sin_monto,5196.76,2441.28,EUR,observado,,True,,"['doaj', 'facts', 'openapc', 'publindex']",0.002207505518763797,False,False,,True,False,True,True,1,,12,True,,0.0865,0.7484,,,-0.617,0.3514,,,0.093
0123-3769,,2500-8684,Perspectiva Geográfica,2022,C,Colombia,Distrito Capital,"Bogotá, D. C.","Bogotá, D.C.",11001,Otras Ciencias Sociales,Otras Ciencias Sociales,Ciencias Sociales,UNIVERSIDAD PEDAGOGICA Y TECNOLOGICA DE COLOMBIA,IES,INSTITUTO GEOGRAFICO AGUSTIN CODAZZI,,97,2500-8684,perspectiva geografica,CO,1,2026-09-15,1.0.0,consolidado,b6a30d5bf19c61d2,,,,,Universidad Privada Antonio Guillermo Urrelo,,False,,,0,,,,,,,,,,,,,,http://revistas.upagu.edu.pe/index.php/PE,https://doaj.org/toc/1929b76057184240af8f7e91265760aa,2014,Revista Oficial de la Universidad Privada Antonio Guillermo Urrelo,1996-5257,1996-5389,"social sciences, law, economics, education, management",Spanish,Peru,Universidad Privada Antonio Guillermo Urrelo,,CC BY,,http://revistas.upagu.edu.pe/index.php/PE/about/submissions,,True,http://revistas.upagu.edu.pe/index.php/PE/about/submissions,Double anonymous peer review,http://revistas.upagu.edu.pe/index.php/PE/about,True,http://revistas.upagu.edu.pe/index.php/PE/about,http://revistas.upagu.edu.pe/index.php/PE/about/editorialTeam,http://revistas.upagu.edu.pe/index.php/PE/about/submissions,6,False,http://revistas.upagu.edu.pe/index.php/PE/about,,False,,False,http://revistas.upagu.edu.pe/index.php/PE/about,,,,,,,True,,,H1-99,False,No,No,Social Sciences: Social sciences (General),2020-01-09T11:25:57Z,2020-02-05T13:06:19Z,2020-02-05,0,,,2838.0,EUR,3065.04,1.08,sin_monto,8065.89,2838.0,EUR,observado,,True,,"['doaj', 'facts', 'openapc', 'publindex']",0.0033112582781456954,False,False,,True,False,True,True,1,,6,True,,0.0605,2.0618,,,-1.1258,0.547,,,0.0233
1909-941X,,2389-7848,Clio América,2022,C,Colombia,Caribe,Magdalena,Santa Marta,47001,Economía,Economía y Negocios,Ciencias Sociales,UNIVERSIDAD DEL MAGDALENA,IES,,,219,2389-7848,clio america,CO,1,2026-09-15,1.0.0,consolidado,75cb30bfe6a757b2,,,,,Ediciones Clío,,False,,,0,,,,,,,,,,,,,,http://ojs.revistaclio.es/index.php/edicionesclio/index,https://doaj.org/toc/4ef7b3f11adb400cb98810358018788f,2021,"Clío: Revista de Historia, Ciencias Humanas y Pensamiento Crítico",,2660-9037,"history, literature, social sciences, humanities","English, Spanish",Spain,Academia de la Historia del estado Zulia,,CC BY-NC-ND,,http://ojs.revistaclio.es/index.php/edicionesclio/about/privacy,,True,https://ojs.revistaclio.es/index.php/edicionesclio/Politica-de-Acceso-abierto,Double anonymous peer review,http://ojs.revistaclio.es/index.php/edicionesclio/etapas_del_proceso_editorial,True,http://ojs.revistaclio.es/index.php/edicionesclio/about,https://ojs.revistaclio.es/index.php/edicionesclio/about/editorialTeam,http://ojs.revistaclio.es/index.php/edicionesclio/directrices-del-autor,24,False,https://ojs.revistaclio.es/index.php/edicionesclio/Politica-de-Acceso-abierto,,False,,False,,,,,,,DOI,True,,,GN1-890|C,False,No,No,Geography. Anthropology. Recreation: Anthropology | Auxiliary sciences of history,2021-11-29T08:50:41Z,2021-11-29T08:50:40Z,2021-11-29,441,2026-06-28T15:56:29Z,,2200.0,EUR,2376.0,1.08,sin_monto,6252.63,2200.0,EUR,observado,,True,,"['doaj', 'facts', 'openapc', 'publindex']",0.0011037527593818985,False,False,,True,False,True,True,1,,24,False,,0.0747,1.2317,,,0.4005,0.4234,,,0.2326
0120-0062,,2011-3668,Ideas Y Valores,2022,B,Colombia,Distrito Capital,"Bogotá, D. C.","Bogotá, D.C.",11001,Filosofía,Otras Humanidades,Humanidades,UNIVERSIDAD NACIONAL DE COLOMBIA,IES,,,139,2011-3668,ideas valores,CO,2,2026-09-15,1.0.0,consolidado,bd9fdec125c28fdc,,,,,Universidade Federal Rural do Rio de Janeiro,,False,,,0,,,,,,,,,,,,,,http://revistaideas.ufrrj.br,https://doaj.org/toc/a875f9e77b134fa08790ab637ebde8b6,2007,"Revista Interfaces em Desenvolvimento, Agricultura e Sociedade",1982-257X,1984-9834,"social sciences, rural sociology, rural antropology, rural economy, rural development, agrarian change",Portuguese,Brazil,"Universidade Federal Rural do Rio de Janeiro, Programa de Pós-Graduação de Ciências Sociais em Desenvolvimento, Agricultura e Sociedade",,CC BY,,https://revistaideas.ufrrj.br/ojs/index.php/ideas/about/submissions,True,True,https://revistaideas.ufrrj.br/ojs/index.php/ideas/about/submissions,Double anonymous peer review,https://revistaideas.ufrrj.br/ojs/index.php/ideas/avaliacao,True,https://revistaideas.ufrrj.br/ojs/index.php/ideas/about,https://revistaideas.ufrrj.br/ojs/index.php/ideas/about/editorialTeam,https://revistaideas.ufrrj.br/ojs/index.php/ideas/about/submissions,36,False,https://revistaideas.ufrrj.br/ojs/index.php/ideas/about/submissions,,False,,False,https://revistaideas.ufrrj.br/ojs/index.php/ideas/about/submissions,,,https://revistaideas.ufrrj.br/ojs/index.php/ideas/about,Diadorim,,,True,,,S,False,No,No,Agriculture,2020-06-09T16:41:37Z,2020-06-09T16:41:37Z,2020-06-09,286,2022-04-25T14:41:21Z,,2709.03,EUR,2925.75,1.08,sin_monto,7699.34,2599.8,EUR,observado,,True,,"['doaj', 'facts', 'openapc', 'publindex']",0.002207505518763797,False,False,,True,False,True,True,2,,36,False,,0.0629,1.894,,,1.4181,0.522,,,0.3721
2145-132X,,2145-132X,Historelo : Revista De Historia Regional Y Local,2022,A2,Colombia,Eje Cafetero,Antioquia,Medellín,05001,No registra,Historia y Arqueología,Humanidades,UNIVERSIDAD NACIONAL DE COLOMBIA,IES,,,840,2145-132X,historelo historia regional local,CO,3,2026-09-15,1.0.0,consolidado,3953a4cd30b0eea1,56,21100829925,journal,historelo,Universidad Nacional de Colombia,True,True,0.193,Q2,3,6,25,72,1291,18,62,0.09,51.64,0.4722,0,2013-2026,"Cultural Studies (Q2); History (Q2); Pharmacology, Toxicology and Pharmaceutics (miscellaneous) (Q3); Social Sciences (miscellaneous) (Q3)","Arts and Humanities; Pharmacology, Toxicology and Pharmaceutics; Social Sciences",http://www.revistas.unal.edu.co/index.php/historelo,https://doaj.org/toc/b404f727bddc4b53a616289d4d0c6da4,2009,HISTOReLo,,2145-132X,"local history, regional history, colombian history","Spanish, Portuguese, English",Colombia,,,CC BY-NC-ND,,http://www.revistas.unal.edu.co/index.php/historelo/about/submissions#copyrightNotice,,False,http://www.revistas.unal.edu.co/index.php/historelo/about/submissions#copyrightNotice,Peer review,https://revistas.unal.edu.co/index.php/historelo/about/submissions,False,http://www.revistas.unal.edu.co/index.php/historelo/about/editorialPolicies#focusAndScope,http://www.revistas.unal.edu.co/index.php/historelo/about/displayMembership/73,http://www.revistas.unal.edu.co/index.php/historelo/about/submissions#authorGuidelines,5,False,https://revistas.unal.edu.co/index.php/historelo/about#ArticleProcessingCharges,,False,,False,,,,,,,DOI,True,,,F1201-3799,False,No,No,History America: Latin America. Spanish America,2011-01-18T08:28:47Z,2025-04-03T05:59:48Z,2025-04-03,446,2026-05-12T20:15:09Z,historelo historia regional local,1878.22,EUR,2028.48,1.08,sin_monto,5338.11,1912.73,EUR,observado,,True,,"['doaj', 'facts', 'openapc', 'publindex', 'scimago']",0.04525386313465784,False,False,,True,False,True,True,0,1.0,5,True,0.25,0.1635,0.8131,0.4023,-0.3052,-1.2106,0.361,0.1143,0.1,0.0116
1657-7027,1657-7027,2500-6177,Revista Gerencia Y Políticas De Salud,2022,C,Colombia,Distrito Capital,"Bogotá, D. C.","Bogotá, D.C.",11001,Salud Pública,Ciencias de la Salud,Ciencias Médicas y de la Salud,PONTIFICIA UNIVERSIDAD JAVERIANA,IES,,,330,2500-6177,gerencia politicas salud,CO,1,2026-09-15,1.0.0,consolidado,3ada0f767097ad42,134,19900193218,journal,gerencia politicas salud,Pontificia Universidad Javeriana,True,True,0.13,Q4,1,12,10,61,477,17,60,0.2,47.7,0.5769,0,2011-2025,Health Policy (Q4),Medicine,https://revistapolitica.uchile.cl/index.php/RP,https://doaj.org/toc/da5454056a0742baa5ae89b4bd03b29f,2011,Política: Revista de Ciencia Política,0716-1077,0719-5338,"political science, international relations, political sociology, latin america, public policy, political economy","Portuguese, English, Spanish",Chile,,,CC BY-SA,,https://revistapolitica.uchile.cl/index.php/RP/copyright,,True,https://revistapolitica.uchile.cl/index.php/RP/copyright,Double anonymous peer review,https://revistapolitica.uchile.cl/index.php/RP/politicas,True,https://revistapolitica.uchile.cl/index.php/RP/about,https://revistapolitica.uchile.cl/index.php/RP/about/editorialTeam,https://revistapolitica.uchile.cl/index.php/RP/about/submissions,25,False,https://revistapolitica.uchile.cl/index.php/RP/acceso,,False,,False,,,,,,,DOI,True,,,JA1-92,False,No,No,Political science: Political science (General),2024-05-29T07:00:43Z,2024-05-29T07:00:43Z,2024-05-29,0,,,2443.03,EUR,2638.47,1.08,sin_monto,6943.34,2331.51,EUR,observado,,True,,"['doaj', 'facts', 'openapc', 'publindex', 'scimago']",0.033112582781456956,False,False,,True,False,True,True,0,1.0,25,False,0.2786885245901639,0.0891,1.5479,-0.4067,0.5413,0.4853,0.4704,0.0369,0.25,0.2442
0120-2812,0120-2812,2323-0118,Acta Agronómica,2022,B,Colombia,Pacífico,Valle del Cauca,Palmira,76520,No registra,Ciencias de la Tierra y Medioambientales,Ciencias Naturales,UNIVERSIDAD NACIONAL DE COLOMBIA,IES,,,535,2323-0118,agronomica,CO,2,2026-09-15,1.0.0,consolidado,949d2b2c2c643f8a,138,65755,journal,agronomica,Universidad Nacional de Colombia,True,False,0.128,Q4,1,18,24,119,784,31,119,0.2,32.67,0.3333,0,"1968, 2012-2026",Agronomy and Crop Science (Q4); Soil Science (Q4),Agricultural and Biological Sciences,https://www.scielo.br/j/rca/,https://doaj.org/toc/f78f30ade4124b9fa06783e56e6c7ce8,2010,,0045-6888,1806-6690,"animal culture, plant culture, aquaculture, forestry","Spanish, Portuguese, English",Brazil,Universidade Federal do Ceará,Brazil,CC BY,,https://www.scielo.br/journal/rca/about/#about,True,False,https://www.scielo.br/journal/rca/about/#instructions,"Peer review, Double anonymous peer review",https://www.scielo.br/journal/rca/about/#instructions,False,https://www.scielo.br/journal/rca/about/#instructions,https://www.scielo.br/journal/rca/about/#editors,https://www.scielo.br/journal/rca/about/#instructions,14,True,https://www.scielo.br/journal/rca/about/#instructions,450 BRL,False,,True,https://www.scielo.br/journal/rca/about/#instructions,Cariniana Network,,https://portal.issn.org/resource/ISSN/1806-6690,,,DOI,True,,,S1-972,False,No,No,Agriculture: Agriculture (General),2012-05-09T10:35:00Z,2022-09-18T09:25:11Z,2022-09-18,1547,2026-07-21T07:45:58Z,,450.0,BRL,90.0,0.2,convertida,236.84,450.0,BRL,declarado,,,,"['doaj', 'publindex', 'scimago']",0.04525386313465784,False,False,,True,False,True,True,1,2.0,14,False,0.2605042016806723,0.4322,-1.522,-0.4324,1.3877,-0.4474,0.0132,0.0344,0.4,0.1163
1692-2530,,2248-4078,Opinión Jurídica,2022,C,Colombia,Eje Cafetero,Antioquia,Medellín,05001,Derecho,Derecho,Ciencias Sociales,UNIVERSIDAD DE MEDELLIN,IES,,,513,2248-4078,opinion juridica,CO,1,2026-09-15,1.0.0,consolidado,79e8b689d30cadc9,137,21101302091,journal,opinion juridica,University of Medellin,True,True,0.129,Q4,1,3,27,93,1170,8,93,0.02,43.33,0.3704,0,2021-2025,Law (Q4),Social Sciences,https://ojs.utlib.ee/index.php/juridica/,https://doaj.org/toc/f883e28f3373484686d13d343f04d720,1996,,1406-1082,1406-5509,"penal code, civil code, estonian law, fundamental personal rights, european law","German, French, English",Estonia,University of Tartu,Estonia,CC BY-NC-ND,,https://ojs.utlib.ee/index.php/juridica/about,,True,https://ojs.utlib.ee/index.php/juridica/about,Anonymous peer review,https://ojs.utlib.ee/index.php/juridica/about,False,https://ojs.utlib.ee/index.php/juridica/about,https://ojs.utlib.ee/index.php/juridica/about/editorialTeam,https://ojs.utlib.ee/index.php/juridica/about/submissions,20,False,https://ojs.utlib.ee/index.php/juridica/about,,False,,False,,,,,,,DOI,True,,,KJ-KKZ,False,No,No,Law: Law of Europe,2017-08-14T17:44:36Z,2025-03-31T08:15:18Z,2025-03-31,0,,,3345.32,EUR,3612.95,1.08,sin_monto,9507.76,2095.8,EUR,observado,,True,,"['doaj', 'facts', 'openapc', 'publindex', 'scimago']",0.0011037527593818985,False,False,,True,False,True,True,0,1.0,20,False,0.08602150537634409,0.0678,2.7218,-0.4196,-0.7284,0.0613,0.6453,0.0356,0.025,0.186
0120-3886,0120-1867,2390-0016,Revista Facultad De Derecho Y Ciencias Políticas,2022,C,Colombia,Eje Cafetero,Antioquia,Medellín,05001,Derecho,Derecho,Ciencias Sociales,UNIVERSIDAD PONTIFICIA BOLIVARIANA,IES,,,155,2390-0016,facultad derecho ciencias politicas,CO,1,2026-09-15,1.0.0,consolidado,04e666887f42f564,88,21101121920,journal,,Universidad de Antioquia,True,True,0.158,Q3,2,4,13,52,576,12,50,0.26,44.31,0.3125,0,2019-2025,Law (Q3); Political Science and International Relations (Q4),Social Sciences,https://revistas.ucsc.cl/index.php/revistaderecho,https://doaj.org/toc/d5449d3810a34fafb08148c9ac0f9c25,2021,Revista de Derecho de la Universidad Católica de la Santísima Concepción,,2735-6337,"legal sciences, law, jurisprudence, history law, public law, private law","Portuguese, Italian, French, English, Spanish",Chile,,,CC BY,,https://revistas.ucsc.cl/index.php/revistaderecho/about,True,False,https://revistas.ucsc.cl/index.php/revistaderecho/about/submissions#authorGuidelines,Double anonymous peer review,https://revistas.ucsc.cl/index.php/revistaderecho/PeerReviewProcess,True,https://revistas.ucsc.cl/index.php/revistaderecho/about,https://revistas.ucsc.cl/index.php/revistaderecho/about/editorialTeam,https://revistas.ucsc.cl/index.php/revistaderecho/about/submissions#authorGuidelines,10,False,https://revistas.ucsc.cl/index.php/revistaderecho/about/submissions#authorGuidelines,,False,,False,,,,,,,DOI,True,,,K,False,No,No,Law,2024-11-05T07:14:45Z,2024-11-05T07:14:45Z,2024-11-05,126,2025-08-11T14:01:00Z,,2443.03,EUR,2638.47,1.08,sin_monto,6943.34,2331.51,EUR,observado,,True,,"['doaj', 'facts', 'openapc', 'publindex', 'scimago']",0.06181015452538632,False,False,,True,False,True,True,-1,0.5,10,True,0.23076923076923078,0.1083,1.5479,-0.0472,-0.5873,-0.7866,0.4704,0.0713,0.05,0.0698
0123-3475,1657-0448,1909-8758,Revista Colombiana De Biotecnología,2022,B,Colombia,Distrito Capital,"Bogotá, D. C.","Bogotá, D.C.",11001,No registra,Biotecnología Agrícola,Ciencias Agrícolas,UNIVERSIDAD NACIONAL DE COLOMBIA,IES,,,270,1909-8758,colombiana biotecnologia,CO,2,2026-09-15,1.0.0,consolidado,d8dcc83e5457db74,163,21101259010,journal,,MDPI AG,True,False,0.105,Q4,1,2,58,123,889,5,91,0.06,15.33,0.5539999999999999,0,2020-2026,Dermatology (Q4); Surgery (Q4),Medicine,https://www.mdpi.com/journal/IoT,https://doaj.org/toc/4e78a2aa05a04bc8805c8b3c7850dcce,2020,,,2624-831X,"artificial intelligence, practical and innovative uses of iot networks, networks of smart objects, cyber–physical systems, augmented reality and virtual reality in iot, iot-enabled devices",English,Switzerland,,,CC BY,,https://www.mdpi.com/journal/IoT/about,True,True,https://www.mdpi.com/authors/rights,Anonymous peer review,https://www.mdpi.com/journal/IoT/instructions,False,https://www.mdpi.com/journal/iot/about,https://www.mdpi.com/journal/iot/editors,https://www.mdpi.com/journal/iot/instructions,11,True,https://www.mdpi.com/journal/iot/apc,1200 CHF,True,https://www.mdpi.com/apc,False,,CLOCKSS,Swiss National Library,https://portal.issn.org/resource/ISSN/2624-831X#,Open Policy Finder,https://openpolicyfinder.jisc.ac.uk/id/publication/35297,DOI,True,,,QA76.75-76.765|T|Q300-390,False,No,No,Science: Mathematics: Instruments and machines: Electronic computers. Computer science: Computer software | Technology | Science: Science (General): Cybernetics,2021-03-29T14:33:59Z,2023-04-12T14:59:19Z,2023-04-12,250,2026-06-25T14:03:58Z,,837.19,EUR,904.17,1.08,convertida,2379.39,1200.0,CHF,observado,,False,,"['doaj', 'facts', 'openapc', 'publindex', 'scimago']",0.011037527593818985,False,False,,True,False,True,True,1,2.0,11,True,0.04065040650406504,0.1573,-0.5413,-0.7278,-0.8695,-0.7018,0.1593,0.0061,0.0,0.0814
0121-3784,,,Livestock Research For Rural Development,2022,B,Colombia,Pacífico,Valle del Cauca,Cali,76001,No registra,Ciencias Animales y Lechería,Ciencias Agrícolas,,No disponible,,,952,0121-3784,livestock rural development,CO,2,2026-09-15,1.0.0,consolidado,3fbeaec5cabcdaf4,39,79866,journal,livestock rural development,Fundacion CIPAV,True,False,0.213,Q4,1,42,60,266,1738,176,266,0.58,28.97,0.2553,0,1996-2025,Animal Science and Zoology (Q4),Agricultural and Biological Sciences,https://www.tandfonline.com/journals/rdsr,https://doaj.org/toc/a97963d7fa494914a4621b33ed9bb906,2014,,,2166-5095,"development studies, sustainability, community development, gender equality",English,United Kingdom,,,"CC BY, CC BY-NC",,https://authorservices.taylorandfrancis.com/publishing-your-research/moving-through-production/copyright-for-journal-authors/,True,False,https://authorservices.taylorandfrancis.com/publishing-your-research/moving-through-production/copyright-for-journal-authors/,Double anonymous peer review,https://www.tandfonline.com/action/authorSubmission?journalCode=RDSR&page=instructions,True,https://www.tandfonline.com/action/journalInformation?show=aimsScope&journalCode=rdsr20,https://www.tandfonline.com/action/journalInformation?show=editorialBoard&journalCode=RDSR,https://www.tandfonline.com/action/authorSubmission?journalCode=RDSR&page=instructions,12,True,https://www.tandfonline.com/action/authorSubmission?journalCode=RDSR&page=instructions,1680 USD; 1344 GBP; 1615 EUR; 2340 AUD,True,https://authorservices.taylorandfrancis.com/publishing-open-access/requesting-an-apc-waiver/,False,,"CLOCKSS, LOCKSS, Portico",Library of Congress,https://librarianresources.taylorandfrancis.com/product-info/journals/title-by-title/,Open Policy Finder,https://openpolicyfinder.jisc.ac.uk/id/publication/24533,DOI,True,,,HD72-88|HT51-65,False,No,No,"Social Sciences: Industries. Land use. Labor: Economic growth, development, planning | Social Sciences: Communities. Classes. Races: Human settlements. Communities",2018-07-30T14:59:23Z,2025-01-13T12:11:42Z,2025-01-13,196,2026-08-06T21:20:36Z,,2930.53,EUR,3164.97,1.08,convertida,8328.87,1680.0,USD,observado,,True,,"['doaj', 'facts', 'openapc', 'publindex', 'scimago']",0.0011037527593818985,False,False,,True,False,True,True,1,2.0,12,True,0.6616541353383458,0.1253,2.1821,0.6591,4.7736,-0.617,0.5649,0.1388,1.0,0.093
0121-4381,0121-4381,2145-9797,Suma Psicológica,2022,B,Colombia,Distrito Capital,"Bogotá, D. C.","Bogotá, D.C.",11001,No registra,Psicología,Ciencias Sociales,FUNDACION UNIVERSITARIA KONRAD LORENZ,IES,,,225,2145-9797,suma psicologica,CO,2,2026-09-15,1.0.0,consolidado,56285bcbaa9fa88a,22,19700188499,journal,suma psicologica,Konrad Lorenz Editores,True,True,0.248,Q3,2,20,11,48,617,39,48,0.63,56.09,0.5,0,2010-2025,Psychology (miscellaneous) (Q3),Psychology,https://psicologicajournal.com,https://doaj.org/toc/5f654e3b7f094f11a8893cf8a398e1df,2016,Journal of the Spanish Society for Experimental Psychology,0211-2159,1576-8597,"animal cognition, perception, attention, psycholinguistics, human cognition, methodology",English,Spain,Spanish Society of Experimental Psychology (SEPEX),Spain,"CC BY, CC BY-SA, CC BY-NC, CC BY-NC-SA",,https://psicologicajournal.com/about/#Open-Access-and-licensing,True,True,https://psicologicajournal.com/about/#Open-Access-and-licensing,"Post-publication peer review, Open peer review",https://psicologicajournal.com/for-reviewers/,False,https://psicologicajournal.com/about/#scope,https://psicologicajournal.com/about/#Editorial-Board,https://psicologicajournal.com/for-authors/,12,False,https://psicologicajournal.com/about/,,False,,False,,"Portico, Scholars Portal",Repository of the Spanish National Research Council,https://psicologicajournal.com/about/,Dulcinea,https://psicologicajournal.com/about/#Preprint-publication,"DOI, Handles",True,,,P1-1091|BF1-990|BF309-499,False,No,Yes,Language and Literature: Philology. Linguistics | Philosophy. Psychology. Religion: Psychology: Consciousness. Cognition,2003-09-16T00:00:00Z,2025-12-19T09:13:46Z,2025-12-19,361,2025-02-07T10:28:18Z,,1005.27,EUR,1085.69,1.08,sin_monto,2857.08,1005.27,EUR,observado,,False,,"['doaj', 'facts', 'openapc', 'publindex', 'scimago']",0.002207505518763797,False,False,,True,True,True,True,0,1.0,12,True,0.8125,0.3305,-0.3226,1.1085,1.6699,-0.617,0.1919,0.1818,0.45,0.093
0122-1213,,2389-993X,Prospectiva,2022,C,Colombia,Pacífico,Valle del Cauca,Cali,76001,Trabajo Social,Sociología,Ciencias Sociales,UNIVERSIDAD DEL VALLE,IES,,,515,2389-993X,prospectiva,CO,1,2026-09-15,1.0.0,consolidado,bb3342ca3da35271,,,,,Universidad Privada Antonio Guillermo Urrelo,,False,,,0,,,,,,,,,,,,,,http://revistas.upagu.edu.pe/index.php/PE,https://doaj.org/toc/1929b76057184240af8f7e91265760aa,2014,Revista Oficial de la Universidad Privada Antonio Guillermo Urrelo,1996-5257,1996-5389,"social sciences, law, economics, education, management",Spanish,Peru,Universidad Privada Antonio Guillermo Urrelo,,CC BY,,http://revistas.upagu.edu.pe/index.php/PE/about/submissions,,True,http://revistas.upagu.edu.pe/index.php/PE/about/submissions,Double anonymous peer review,http://revistas.upagu.edu.pe/index.php/PE/about,True,http://revistas.upagu.edu.pe/index.php/PE/about,http://revistas.upagu.edu.pe/index.php/PE/about/editorialTeam,http://revistas.upagu.edu.pe/index.php/PE/about/submissions,6,False,http://revistas.upagu.edu.pe/index.php/PE/about,,False,,False,http://revistas.upagu.edu.pe/index.php/PE/about,,,,,,,True,,,H1-99,False,No,No,Social Sciences: Social sciences (General),2020-01-09T11:25:57Z,2020-02-05T13:06:19Z,2020-02-05,0,,,2838.0,EUR,3065.04,1.08,sin_monto,8065.89,2838.0,EUR,observado,,True,,"['doaj', 'facts', 'openapc', 'publindex']",0.0033112582781456954,False,False,,True,False,True,True,1,,6,True,,0.0605,2.0618,,,-1.1258,0.547,,,0.0233
1794-6190,,2339-3459,Earth Sciences Research Journal,2022,C,Colombia,Distrito Capital,"Bogotá, D. C.","Bogotá, D.C.",11001,No registra,Ciencias de la Tierra y Medioambientales,Ciencias Naturales,UNIVERSIDAD NACIONAL DE COLOMBIA,IES,,,372,2339-3459,earth sciences,CO,1,2026-09-15,1.0.0,consolidado,8cbd43e202956d98,,,,,EDP Sciences,,False,,,0,,,,,,,,,,,,,,http://www.bsgf.fr,https://doaj.org/toc/f593ed3dfb524d6b8f33d37a370c16fd,2018,Bulletin de la Société Géologique de France,0037-9409,1777-5817,"paleontology, geochemistry, stratigraphy, geophysics, tectonics, geodynamics","English, French",France,Société Géologique de France,,CC BY,,https://www.bsgf.fr/author-information/copyright-and-license-agreement,True,True,https://www.bsgf.fr/about-the-journal/copyright-and-license-agreement,Anonymous peer review,https://www.bsgf.fr/author-information/instructions-for-authors,True,https://www.bsgf.fr/about-the-journal/aims-and-scope,https://www.bsgf.fr/about-the-journal/editorial-board,https://www.bsgf.fr/author-information/instructions-for-authors,24,True,https://www.edpsciences.org/en/publication-charges#bsgf,990 EUR,True,https://www.edpsciences.org/en/publication-charges,False,,Portico,,https://www.portico.org/publishers/edp/?keyword=1777-5817&filter_by%5B%5D=e-journal,Open Policy Finder,https://openpolicyfinder.jisc.ac.uk/id/publication/14256,DOI,True,,,QE1-996.5,False,No,No,Science: Geology,2019-07-17T09:42:29Z,2026-01-14T07:02:35Z,2026-01-14,297,2026-07-30T17:00:15Z,,2400.0,EUR,2592.0,1.08,convertida,6821.05,990.0,EUR,observado,,True,,"['doaj', 'facts', 'openapc', 'publindex']",0.0011037527593818985,False,False,,True,False,True,True,1,,24,False,,0.0696,1.4919,,,0.4005,0.4621,,,0.2326
0124-0579,0120-1867,2145-4531,Estudios Socio-Jurídicos,2022,C,Colombia,Distrito Capital,"Bogotá, D. C.","Bogotá, D.C.",11001,No registra,Derecho,Ciencias Sociales,COLEGIO MAYOR NUESTRA SENORA DEL ROSARIO,IES,,,297,2145-4531,estudios socio juridicos,CO,1,2026-09-15,1.0.0,consolidado,660a32d5ec7b46f5,88,21101121920,journal,,Universidad de Antioquia,True,True,0.158,Q3,2,4,13,52,576,12,50,0.26,44.31,0.3125,0,2019-2025,Law (Q3); Political Science and International Relations (Q4),Social Sciences,https://revistas.ucr.ac.cr/index.php/restudios/index,https://doaj.org/toc/337ce7a534424bcaa31328ba03552dea,2012,,1659-1925,1659-3316,"education, history, communication, art","Spanish, Italian, French, English",Costa Rica,,,CC BY-NC-ND,,https://revistas.ucr.ac.cr/index.php/restudios/openaccess,,True,https://revistas.ucr.ac.cr/index.php/restudios/openaccess,Double anonymous peer review,https://revistas.ucr.ac.cr/index.php/restudios/peer-review-process,False,https://revistas.ucr.ac.cr/index.php/restudios/about,https://revistas.ucr.ac.cr/index.php/restudios/about/editorialTeam,https://revistas.ucr.ac.cr/index.php/restudios/about/submissions,20,False,https://revistas.ucr.ac.cr/index.php/restudios/about,,False,,False,,,,,,,,True,,,H,False,No,No,Social Sciences,2017-05-02T18:20:18Z,2025-09-01T06:36:39Z,2025-09-01,0,,,1618.67,EUR,1748.16,1.08,sin_monto,4600.42,1618.67,EUR,observado,,True,,"['doaj', 'facts', 'openapc', 'publindex', 'scimago']",0.06181015452538632,False,False,,True,False,True,True,-1,0.5,20,False,0.23076923076923078,0.1501,0.4754,-0.0472,-0.5873,0.0613,0.3107,0.0713,0.05,0.186
0121-3814,,2323-0126,"Tea Tecné, Episteme Y Didaxis",2022,B,Colombia,Distrito Capital,"Bogotá, D. C.","Bogotá, D.C.",11001,"Educación General (Incluye Capacitación, Pedagogía)",Ciencias de la Educación,Ciencias Sociales,UNIVERSIDAD PEDAGOGICA NACIONAL,IES,,,369,2323-0126,tea tecne episteme didaxis,CO,2,2026-09-15,1.0.0,consolidado,a8186003b44e22ae,,,,,Necmettin Erbakan University Press,,False,,,0,,,,,,,,,,,,,,https://dergipark.org.tr/en/pub/istem,https://doaj.org/toc/3082cd8865dc4822b26262032241a129,2020,,1304-0618,2602-408X,"islamic culture studies, islamic archaeology, islamic history, islamic art, turkish-islamic literature, turkish-islamic music","English, Turkish",Türkiye,,,CC BY-NC,,https://dergipark.org.tr/en/pub/istem/page/14881,True,True,https://dergipark.org.tr/en/pub/istem/page/14881,Double anonymous peer review,https://dergipark.org.tr/en/pub/istem/page/9540,True,https://dergipark.org.tr/en/pub/istem/aim-and-scope,https://dergipark.org.tr/en/pub/istem/board,https://dergipark.org.tr/en/pub/istem/writing-rules,16,False,https://dergipark.org.tr/en/pub/istem/price-policy,,False,,False,,,,,Publisher’s own site,https://dergipark.org.tr/en/pub/istem/page/9537,DOI,True,,,NX440-632,False,No,No,Fine Arts: Arts in general: History of the arts,2023-12-05T08:56:54Z,2023-12-05T08:56:54Z,2023-12-05,569,2024-07-17T05:57:09Z,,2972.0,EUR,3209.76,1.08,sin_monto,8446.74,3289.98,EUR,observado,,True,,"['doaj', 'facts', 'openapc', 'publindex']",0.0033112582781456954,False,False,,True,False,True,True,2,,16,False,,0.0582,2.2361,,,-0.2778,0.5729,,,0.1395
0122-7483,0122-7483,2027-1352,Universitas Scientiarum,2022,B,Colombia,Distrito Capital,"Bogotá, D. C.","Bogotá, D.C.",11001,No registra,Matemática,Ciencias Naturales,PONTIFICIA UNIVERSIDAD JAVERIANA,IES,,,31,2027-1352,universitas scientiarum,CO,2,2026-09-15,1.0.0,consolidado,539b8fed2d40a25d,45,19700166903,journal,universitas scientiarum,Pontificia Universidad Javeriana,True,False,0.205,Q3,2,17,39,45,607,41,45,1.0,15.56,0.42200000000000004,0,2009-2025,Multidisciplinary (Q3),Multidisciplinary,https://www.mdpi.com/journal/sci,https://doaj.org/toc/c0aeec796ad246819d41b091d7a3ac28,2020,,,2413-4155,"sciences, technology, medicine, engineering, materials, physics",English,Switzerland,,,CC BY,,https://www.mdpi.com/journal/sci/about,True,True,http://www.mdpi.com/about/openaccess,Open peer review,https://www.mdpi.com/journal/sci/instructions#editorial_procedure,True,https://www.mdpi.com/journal/sci/about,https://www.mdpi.com/journal/sci/editors,https://www.mdpi.com/journal/sci/instructions,11,True,https://www.mdpi.com/journal/sci/apc,1200 CHF,True,https://www.mdpi.com/apc,False,https://www.mdpi.com/journal/sci/apc,CLOCKSS,Swiss National Library,https://portal.issn.org/resource/ISSN/2413-4155#,Open Policy Finder,,DOI,True,,,Q,False,No,No,Science,2020-09-14T16:33:21Z,2023-05-02T09:03:15Z,2023-05-02,607,2026-07-27T13:54:08Z,,1139.73,EUR,1230.91,1.08,convertida,3239.24,1200.0,CHF,observado,,False,,"['doaj', 'facts', 'openapc', 'publindex', 'scimago']",0.033112582781456956,False,False,,True,True,True,True,0,1.0,11,True,0.9111111111111111,0.251,-0.1477,0.5564,1.2467,-0.7018,0.2179,0.129,0.375,0.0814
2145-6054,,2256-2796,Revista Jurídica Mario Alario D´ Filippo,2022,C,Colombia,Caribe,Bolívar,Cartagena de Indias,13001,No registra,Derecho,Ciencias Sociales,UNIVERSIDAD DE CARTAGENA,IES,,,853,2256-2796,juridica mario alario d filippo,CO,1,2026-09-15,1.0.0,consolidado,0842a9696504d06a,,,,,Universidad de Cartagena,,False,,,0,,,,,,,,,,,,,,https://revistas.unicartagena.edu.co/index.php/marioalariodfilippo,https://doaj.org/toc/d156cfcbb0c547428369261014402da8,2009,Revista Mario Alario D'filippo,2145-6054,2256-2796,"legal systems, legal institutions, general theory of law, social security, labor law, criminal law",Spanish,Colombia,Universidad de Cartagena,,CC BY-NC,,https://revistas.unicartagena.edu.co/index.php/marioalariodfilippo/index,,False,,Double anonymous peer review,https://revistas.unicartagena.edu.co/index.php/marioalariodfilippo/pages/view/politicas-editoriales,True,https://revistas.unicartagena.edu.co/index.php/marioalariodfilippo/pages/view/politicas-editoriales,https://revistas.unicartagena.edu.co/index.php/marioalariodfilippo/pages/view/equipo-editorial,https://revistas.unicartagena.edu.co/index.php/marioalariodfilippo/pages/view/reglamento,20,False,https://revistas.unicartagena.edu.co/index.php/marioalariodfilippo/pages/view/politicas-editoriales,,False,,False,https://revistas.unicartagena.edu.co/index.php/marioalariodfilippo/pages/view/politicas-editoriales,,,,,,,True,,,K1-7720,False,No,No,Law: Law in general. Comparative and uniform law. Jurisprudence,2019-05-10T23:36:54Z,2019-08-30T10:04:29Z,2019-08-30,472,2026-05-22T01:36:48Z,,1303.34,EUR,1407.61,1.08,sin_monto,3704.24,1630.43,EUR,observado,,True,,"['doaj', 'facts', 'openapc', 'publindex']",0.0033112582781456954,False,False,,True,False,True,True,1,,20,False,,0.1114,0.0652,,,0.0613,0.2496,,,0.186
0120-4807,,,Universitas Humanística,2022,B,No disponible,No disponible,No disponible,No disponible,,No registra,Sociología,Ciencias Sociales,PONTIFICIA UNIVERSIDAD JAVERIANA,IES,,,448,0120-4807,universitas humanistica,CO,2,2026-09-15,1.0.0,consolidado,57aa2adafc075bb3,,,,,Pontificia Universidad Javeriana,,False,,,0,,,,,,,,,,,,,,http://revistas.javeriana.edu.co/index.php/univhumanistica/index,https://doaj.org/toc/6f843b032b7e4275bfd3c560964def46,1971,,0120-4807,2011-2734,"ethnography, situated knowledge, global south, critical perspectives","Spanish, Portuguese, English",Colombia,"Pontificia Universidad Javeriana, Facultad de Ciencias Sociales",,CC BY,,http://revistas.javeriana.edu.co/index.php/univhumanistica/about/submissions#copyrightNotice,True,True,http://revistas.javeriana.edu.co/index.php/univhumanistica/about/submissions#copyrightNotice,Double anonymous peer review,http://revistas.javeriana.edu.co/index.php/univhumanistica/about/editorialPolicies#peerReviewProcess,False,http://revistas.javeriana.edu.co/index.php/univhumanistica/about/editorialPolicies#focusAndScope,http://revistas.javeriana.edu.co/index.php/univhumanistica/about/displayMembership/67,http://revistas.javeriana.edu.co/index.php/univhumanistica/about/submissions#authorGuidelines,16,False,http://revistas.javeriana.edu.co/index.php/univhumanistica/about/editorialPolicies#openAccessPolicy,,False,,False,,,,,Open Policy Finder,,,True,,,GN1-890|HM401-1281,False,No,No,Geography. Anthropology. Recreation: Anthropology | Social Sciences: Sociology (General),2007-05-09T12:41:34Z,2022-08-17T18:13:37Z,2022-08-17,250,2015-03-12T02:09:28Z,universitas humanistica,2618.0,EUR,2827.44,1.08,sin_monto,7440.63,1872.1,EUR,observado,,True,,"['doaj', 'facts', 'openapc', 'publindex']",0.033112582781456956,False,False,,True,False,True,True,2,,16,False,,0.0647,1.7755,,,-0.2778,0.5043,,,0.1395
0012-7353,,2346-2183,Dyna,2022,C,Colombia,Eje Cafetero,Antioquia,Medellín,05001,No registra,Otras Ingenierías y Tecnologías,Ingeniería y Tecnología,UNIVERSIDAD NACIONAL DE COLOMBIA,IES,,,210,2346-2183,dyna,CO,1,2026-09-15,1.0.0,consolidado,e59b1e0f9b35c13e,,,,,"Research Centre for Tourism, Sustainability and Well-being - CinTurs; University of Algarve",,False,,,0,,,,,,,,,,,,,,https://www.jsod-cieo.net/journal-tsw/index.php/jtsw/index,https://doaj.org/toc/63479ac092dc489e8f79e259b0e12f18,2013,,,2183-1912,"innovation, social sciences, well-being, tourism, sustainability",English,Portugal,University of Algarve,Portugal,CC BY-NC-ND,,https://www.jsod-cieo.net/journal-tsw/index.php/jtsw/index,,False,https://www.jsod-cieo.net/journal-tsw/index.php/jtsw/navigationMenu/view/principles-of-transparency,Double anonymous peer review,https://www.jsod-cieo.net/journal-tsw/index.php/jtsw/navigationMenu/view/peer-review,False,https://www.jsod-cieo.net/journal-tsw/index.php/jtsw/navigationMenu/view/aims-and-scope,https://www.jsod-cieo.net/journal-tsw/index.php/jtsw/about/editorialTeam,https://www.jsod-cieo.net/journal-tsw/index.php/jtsw/about/submissions,12,False,https://www.jsod-cieo.net/journal-tsw/index.php/jtsw/navigationMenu/view/open-access-policy,,False,,False,,,,,,,DOI,True,,2795-5044,H1-99,False,No,No,Social Sciences: Social sciences (General),2015-09-22T16:40:48Z,2025-02-13T13:32:39Z,2025-02-13,198,2022-01-05T13:13:42Z,,1657.98,EUR,1790.62,1.08,sin_monto,4712.16,1630.43,EUR,observado,,False,,"['doaj', 'facts', 'openapc', 'publindex']",0.0011037527593818985,False,False,,True,False,True,True,1,,12,True,,0.0933,0.5266,,,-0.617,0.3183,,,0.093
0120-4157,,2590-7379,Biomédica,2022,B,Colombia,Distrito Capital,"Bogotá, D. C.","Bogotá, D.C.",11001,No registra,Otras Ciencias Médicas,Ciencias Médicas y de la Salud,INSTITUTO NACIONAL DE SALUD,Centros,,,285,2590-7379,biomedica,CO,2,2026-09-15,1.0.0,consolidado,687af3d0afb9bdd7,,,,,Discover STM Publishing Ltd,,False,,,0,,,,,,,,,,,,,,https://biomedicapk.com/,https://doaj.org/toc/23fb9f03ae7f4b9fa641ba542ffb3db4,2021,,1992-4852,2710-3471,"medicine, endocrinology, public health, radiology, pediatrics",English,Ireland,"University of Health Sciences, Lahore",Pakistan,CC BY,,https://biomedicapk.com/pages/license_information,True,True,https://biomedicapk.com/pages/copyright_information,Double anonymous peer review,https://biomedicapk.com/pages/peer_review_policy,True,https://biomedicapk.com/pages/aims_and_scope,https://biomedicapk.com/pages/editorial_board,https://biomedicapk.com/pages/guide_for_authors,6,True,https://biomedicapk.com/pages/guide_for_authors,145 USD,False,,True,https://biomedicapk.com/pages/guide_for_authors,,,,,,DOI,True,,,R|QH301-705.5,False,No,No,Medicine | Science: Biology (General),2023-11-12T11:06:42Z,2023-11-12T11:06:42Z,2023-11-12,270,2023-11-20T09:54:13Z,,1549.04,EUR,1672.96,1.08,convertida,4402.53,145.0,USD,observado,,False,,"['doaj', 'facts', 'openapc', 'publindex']",0.0011037527593818985,False,False,,True,False,True,True,2,,6,True,,0.0982,0.3848,,,-1.1258,0.2972,,,0.0233
0120-386X,0120-386X,2256-3334,Revista Facultad Nacional De Salud Publica,2022,B,Colombia,Eje Cafetero,Antioquia,Medellín,05001,No registra,Ciencias de la Salud,Ciencias Médicas y de la Salud,UNIVERSIDAD DE ANTIOQUIA,IES,,,64,2256-3334,facultad nacional salud publica,CO,2,2026-09-15,1.0.0,consolidado,c3ee1987abb0908e,128,21101040207,journal,facultad nacional salud publica,Universidad de Antioquia,True,True,0.134,Q4,1,17,31,113,1013,33,97,0.2,32.68,0.6207,0,2008-2026,"Epidemiology (Q4); Health Information Management (Q4); Health Policy (Q4); Public Health, Environmental and Occupational Health (Q4)",Health Professions; Medicine,https://journal.uinsgd.ac.id/index.php/publica/index,https://doaj.org/toc/18d92c894c9742508d8119bbc68182e3,2018,Publica: Jurnal Pemikiran Administrasi Negara,2085-6555,2715-9256,"public administration, public policy, bureaucracy, public service, governance, local government",English,Indonesia,UIN Sunan Gunung Djati Bandung,Indonesia,CC BY-SA,,https://journal.uinsgd.ac.id/index.php/publica/about/submissions#copyrightNotice,,True,https://journal.uinsgd.ac.id/index.php/publica/about/submissions#copyrightNotice,Double anonymous peer review,https://journal.uinsgd.ac.id/index.php/publica/about/editorialPolicies#peerReviewProcess,True,https://journal.uinsgd.ac.id/index.php/publica/about/editorialPolicies#focusAndScope,https://journal.uinsgd.ac.id/index.php/publica/about/editorialTeam,https://journal.uinsgd.ac.id/index.php/publica/about/submissions#authorGuidelines,22,False,https://journal.uinsgd.ac.id/index.php/publica/about/editorialPolicies#custom-4,,False,,False,,Internet Archive,,https://journal.uinsgd.ac.id/index.php/publica/about/editorialPolicies#archiving,,,DOI,True,,,JQ1-6651,False,No,No,Political science: Political institutions and public administration - Asia (Asian studies only),2022-09-19T15:04:51Z,2022-09-19T15:04:51Z,2022-09-19,143,2025-12-30T10:57:02Z,,2390.0,EUR,2581.2,1.08,sin_monto,6792.63,2390.0,EUR,observado,,True,,"['doaj', 'facts', 'openapc', 'publindex', 'scimago']",0.06181015452538632,False,False,,True,False,True,True,1,2.0,22,False,0.2920353982300885,0.0935,1.4789,-0.3554,1.2467,0.2309,0.4602,0.0418,0.375,0.2093
0120-0739,,2256-201X,Colombia Forestal,2022,B,Colombia,Distrito Capital,"Bogotá, D. C.","Bogotá, D.C.",11001,Forestal,"Agricultura, Silvicultura y Pesca",Ciencias Agrícolas,UNIVERSIDAD DISTRITAL FRANCISCO JOSE DE CALDAS,IES,,,35,2256-201X,colombia forestal,CO,2,2026-09-15,1.0.0,consolidado,c57d95a29fa0a20d,,,,,‘Marin Drăcea’ National Research-Development Institute in Forestry,,False,,,0,,,,,,,,,,,,,,http://www.afrjournal.org,https://doaj.org/toc/3c7d869f5d934c308b77acc848584a52,2008,,1844-8135,2065-2445,"forestry, silviculture, environmental sciences",English,Romania,‘Marin Drăcea’ National Research-Development Institute in Forestry,,Publisher's own license,"Attribution, No Commercial Usage",http://www.afrjournal.org/index.php/afr/pages/view/OAlicence,,False,,Double anonymous peer review,http://www.afrjournal.org/index.php/afr/pages/view/reviewerguidlines,False,http://www.afrjournal.org/index.php/afr/pages/view/journalinfo,http://www.afrjournal.org/index.php/afr/pages/view/editorialboard,http://www.afrjournal.org/index.php/afr/pages/view/authorguidlines,12,False,http://www.afrjournal.org/index.php/afr/pages/view/OAlicence,,False,,False,,CLOCKSS,,http://www.afrjournal.org/index.php/afr/index,,,DOI,True,,,SD1-669.5,False,No,No,Agriculture: Forestry,2011-02-21T10:00:52Z,2023-06-06T10:59:29Z,2023-06-06,391,2020-01-31T09:21:28Z,,1999.2,EUR,2159.14,1.08,sin_monto,5681.95,1999.2,EUR,observado,,False,,"['doaj', 'facts', 'openapc', 'publindex']",0.0011037527593818985,False,False,,True,False,True,True,2,,12,True,,0.0806,0.9705,,,-0.617,0.3845,,,0.093
2011-0731,,2011-0731,Academia Y Virtualidad,2022,C,Colombia,Distrito Capital,"Bogotá, D. C.","Bogotá, D.C.",11001,No registra,Ciencias de la Educación,Ciencias Sociales,UNIVERSIDAD MILITAR NUEVA GRANADA,IES,,,657,2011-0731,academia virtualidad,CO,1,2026-09-15,1.0.0,consolidado,96543ad9f431e61d,,,,,Editorial Neogranadina,,False,,,0,,,,,,,,,,,,,,http://revistas.unimilitar.edu.co/index.php/ravi/index,https://doaj.org/toc/a1ef7bbf094543edb1f28824507efe4e,2013,,,2011-0731,"education, teaching, online learning","Spanish, English, Portuguese",Colombia,Universidad Militar Nueva Granada,Colombia,CC BY-NC-ND,,https://revistas.unimilitar.edu.co/index.php/ravi/about,True,False,https://revistas.unimilitar.edu.co/index.php/ravi/about,Double anonymous peer review,https://revistas.unimilitar.edu.co/index.php/ravi/about,True,https://revistas.unimilitar.edu.co/index.php/ravi/about,https://revistas.unimilitar.edu.co/index.php/ravi/about/editorialTeam,https://revistas.unimilitar.edu.co/index.php/ravi/about/submissions,20,False,https://revistas.unimilitar.edu.co/index.php/ravi/about,,False,,False,,Portico,,https://www.portico.org/coverage/titles/?keyword=2011-0731&filter_by%5B%5D=e-journal,Academia y Virtualidad,https://revistas.unimilitar.edu.co/index.php/ravi/about,DOI,True,,,L,False,No,No,Education,2017-03-06T15:06:36Z,2021-07-27T18:33:57Z,2021-07-27,333,2026-08-11T17:08:31Z,academia virtualidad,2331.51,EUR,2518.03,1.08,sin_monto,6626.39,2331.51,EUR,observado,,True,,"['doaj', 'facts', 'publindex']",0.005518763796909493,False,False,,True,False,True,True,1,,20,False,,0.0712,1.4028,,,0.0613,0.4488,,,0.186
2027-5137,,2322-777X,Historia Y Memoria,2022,A2,Colombia,Centro Oriente,Boyacá,Tunja,15001,No registra,Historia y Arqueología,Humanidades,UNIVERSIDAD PEDAGOGICA Y TECNOLOGICA DE COLOMBIA,IES,,,851,2322-777X,historia memoria,CO,3,2026-09-15,1.0.0,consolidado,4e47d5a433afa1f7,164,21101145379,journal,,Technological University of Pereira,False,False,0.101,Q4,1,3,23,57,1014,4,52,0.08,44.09,0.23079999999999998,0,2019-2025,History (Q4); Political Science and International Relations (Q4),Arts and Humanities; Social Sciences,http://www.revistas.una.ac.cr/historia,https://doaj.org/toc/fbee54fd818c4dee805478f8807e30a5,1985,,1012-9790,2215-4744,"history, historiography, costa rican history, central american history, latin american history",Spanish,Costa Rica,"Universidad Nacional, Costa Rica",,CC BY-NC-SA,,http://www.revistas.una.ac.cr/index.php/historia/noticeofcopyright,,False,,Double anonymous peer review,http://www.revistas.una.ac.cr/index.php/historia/arbitrationsystem,True,http://www.revistas.una.ac.cr/index.php/historia/approachandscope,http://www.revistas.una.ac.cr/index.php/historia/about/editorialTeam,http://www.revistas.una.ac.cr/index.php/historia/guidelinesforauthors,8,False,http://www.revistas.una.ac.cr/index.php/historia/policies,,False,,False,,,,,,,,True,,,D1-2009|F1201-3799|BT1313-1480,False,No,No,History (General) and history of Europe: History (General) | History America: Latin America. Spanish America | Philosophy. Psychology. Religion: Doctrinal Theology: History of specific doctrines and movements. Heresies and schisms,2019-04-25T00:54:35Z,2022-09-26T12:59:42Z,2022-09-26,731,2024-10-27T19:12:28Z,,1116.0,EUR,1205.28,1.08,sin_monto,3171.79,1116.0,EUR,observado,,True,,"['doaj', 'facts', 'openapc', 'publindex', 'scimago']",0.02869757174392936,False,False,,True,False,True,True,2,3.0,8,True,0.07017543859649122,0.1255,-0.1785,-0.7791,-0.7284,-0.9562,0.2133,0.0012,0.025,0.0465
0124-5821,,0124-5821,Revista Virtual Universidad Católica Del Norte,2022,B,Colombia,Eje Cafetero,Antioquia,Medellín,05001,"Ciencias Sociales, Interdisciplinaria",Otras Ciencias Sociales,Ciencias Sociales,FUNDACION UNIVERSITARIA CATOLICA DEL NORTE,IES,,,"1,320",0124-5821,virtual universidad catolica norte,CO,2,2026-09-15,1.0.0,consolidado,99dfcab5651a2f6a,,,,,Universitaria Católica del Norte,,False,,,0,,,,,,,,,,,,,,http://revistavirtual.ucn.edu.co/index.php/RevistaUCN,https://doaj.org/toc/921f1ecd887643709f81f46dffb7b9f9,2003,,,0124-5821,"social sciences, education, humanities",Spanish,Colombia,,,CC BY-NC-ND,,http://revistavirtual.ucn.edu.co/index.php/RevistaUCN/about/editorialPolicies#openAccessPolicy,,False,http://revistavirtual.ucn.edu.co/index.php/RevistaUCN/about/editorialPolicies#openAccessPolicy,Double anonymous peer review,http://revistavirtual.ucn.edu.co/index.php/RevistaUCN/about/editorialPolicies#peerReviewProcess,False,http://revistavirtual.ucn.edu.co/index.php/RevistaUCN/about/editorialPolicies#focusAndScope,http://revistavirtual.ucn.edu.co/index.php/RevistaUCN/about/editorialTeam,http://revistavirtual.ucn.edu.co/index.php/RevistaUCN/about/submissions#authorGuidelines,50,False,http://revistavirtual.ucn.edu.co/index.php/RevistaUCN/about/editorialPolicies#openAccessPolicy,,False,,False,,,,,,,,True,,,L7-991|H1-99,False,No,No,Education: Education (General) | Social Sciences: Social sciences (General),2018-03-02T12:10:45Z,2021-02-11T10:06:30Z,2021-02-11,221,2026-06-03T16:50:33Z,virtual universidad catolica norte,3068.0,EUR,3313.44,1.08,sin_monto,8719.58,1832.0,EUR,observado,,False,,"['doaj', 'facts', 'openapc', 'publindex']",0.0011037527593818985,False,False,,True,False,True,True,2,,50,False,,0.0566,2.361,,,2.6052,0.5915,,,0.5349
1900-5016,,2248-6011,Cuadernos Latinoamericanos De Administración,2022,C,Colombia,Distrito Capital,"Bogotá, D. C.","Bogotá, D.C.",11001,No registra,Economía y Negocios,Ciencias Sociales,UNIVERSIDAD EL BOSQUE,IES,,,"1,006",2248-6011,latinoamericanos administracion,CO,1,2026-09-15,1.0.0,consolidado,7ce3d939b5af8cd3,,,,,University of Silesia Press,,False,,,0,,,,,,,,,,,,,,https://www.journals.us.edu.pl/index.php/RIAS,https://doaj.org/toc/72aa9d71a2c740e6ab9a52c3b1389a70,2006,RIAS,,1991-2773,"american studies, hemispheric american studies, transoceanic american studies, cultural studies, literary studies, cultural anthropology","English, Spanish, Portuguese, French",Poland,International American Studies Association,Spain,CC BY-SA,,https://www.journals.us.edu.pl/index.php/RIAS,True,True,https://www.journals.us.edu.pl/index.php/RIAS,Double anonymous peer review,https://www.journals.us.edu.pl/index.php/RIAS/recenzja,False,https://www.journals.us.edu.pl/index.php/RIAS/cel,https://www.journals.us.edu.pl/index.php/RIAS/about/editorialTeam,https://www.journals.us.edu.pl/index.php/RIAS/about/submissions,50,False,https://www.journals.us.edu.pl/index.php/RIAS,,False,,False,,"CLOCKSS, LOCKSS, PKP PN",,,Free to re-publish the RIAS-published version.,https://www.journals.us.edu.pl/index.php/RIAS,DOI,True,,,PS1-3576,False,No,No,Language and Literature: American literature,2021-01-12T14:49:39Z,2021-01-12T14:49:38Z,2021-01-12,1,2022-10-25T10:16:22Z,,1828.24,EUR,1974.5,1.08,sin_monto,5196.05,1828.24,EUR,observado,,True,,"['doaj', 'facts', 'openapc', 'publindex']",0.0033112582781456954,False,False,,True,False,True,True,1,,50,False,,0.0865,0.7481,,,2.6052,0.3513,,,0.5349
1900-6586,,2500-7645,"Revista Científica ""General José María Córdova""",2022,B,Colombia,Distrito Capital,"Bogotá, D. C.","Bogotá, D.C.",11001,"Ciencias Sociales, Interdisciplinaria",Otras Ciencias Sociales,Ciencias Sociales,ESCUELA MILITAR DE CADETES GENERAL JOSE MARIA CORDOVA,IES,,,"1,037",2500-7645,cientifica general jose maria cordova,CO,2,2026-09-15,1.0.0,consolidado,8b88db144e3666cd,,,,,Universidad del Zulia,,False,,,0,,,,,,,,,,,,,,https://www.produccioncientificaluz.org/index.php/cientifica/instrucciones,https://doaj.org/toc/828cd4e8ef054c2a8fae44f6c3df9d94,2010,Revista Científica de la Facultad de Ciencias Veterinarias de la Universidad del Zulia,0798-2259,2521-9715,"veterinary medicine, animal science, agricultural economics, public health, food technology","Spanish, English","Venezuela, Bolivarian Republic of",,,CC BY-NC-SA,,https://www.produccioncientificaluz.org/index.php/cientifica/about,True,True,https://www.produccioncientificaluz.org/index.php/cientifica/about,Double anonymous peer review,https://www.produccioncientificaluz.org/index.php/cientifica/about,True,https://www.produccioncientificaluz.org/index.php/cientifica/about,https://www.produccioncientificaluz.org/index.php/cientifica/about/editorialTeam,https://www.produccioncientificaluz.org/index.php/cientifica/instrucciones,9,False,https://www.produccioncientificaluz.org/index.php/cientifica/instrucciones,,False,,False,,,,,Publisher's site,https://www.produccioncientificaluz.org/index.php/cientifica/about,DOI,True,,,SF191-275|SF600-1100,False,No,No,Agriculture: Animal culture: Cattle | Agriculture: Animal culture: Veterinary medicine,2023-02-27T14:36:38Z,2023-02-27T14:36:38Z,2023-02-27,2418,2026-08-08T01:05:46Z,,895.15,EUR,966.76,1.08,sin_monto,2544.11,895.15,EUR,observado,,False,,"['doaj', 'facts', 'openapc', 'publindex']",0.004415011037527594,False,False,,True,False,True,True,2,,9,True,,0.1436,-0.4659,,,-0.8714,0.1705,,,0.0581
2590-9215,,2590-9215,Revista Perspectivas,2022,C,Colombia,Centro Oriente,Norte de Santander,Cúcuta,54001,"Ciencias Sociales, Interdisciplinaria",Otras Ciencias Sociales,Ciencias Sociales,UNIVERSIDAD FRANCISCO DE PAULA SANTANDER,IES,,,"1,008",2590-9215,perspectivas,CO,1,2026-09-15,1.0.0,consolidado,bb7387e074153311,,,,,Universidad Francisco de Paula Santander,,False,,,0,,,,,,,,,,,,,,https://revistas.ufps.edu.co/index.php/perspectivas,https://doaj.org/toc/f51d7a6855504ffa929446e2ff1ebe82,2016,,,2590-9215,"education, social sciences, pedagogy",Spanish,Colombia,Universidad Francisco de Paula Santander,,CC BY,,http://revistas.ufps.edu.co/ojs/index.php/perspectivas/index,,False,,Double anonymous peer review,http://revistas.ufps.edu.co/ojs/index.php/perspectivas/about/editorialPolicies#sectionPolicies,False,http://revistas.ufps.edu.co/ojs/index.php/perspectivas/about/editorialPolicies#focusAndScope,http://revistas.ufps.edu.co/ojs/index.php/perspectivas/about/editorialPolicies#custom-0,http://revistas.ufps.edu.co/ojs/index.php/perspectivas/about/submissions#authorGuidelines,18,False,http://revistas.ufps.edu.co/ojs/index.php/perspectivas/about/editorialPolicies#openAccessPolicy,,False,,False,,,,,,,DOI,True,,,L7-991|H1-99,False,No,No,Education: Education (General) | Social Sciences: Social sciences (General),2018-05-16T11:01:22Z,2021-11-02T08:22:30Z,2021-11-02,135,2026-06-23T19:10:03Z,perspectivas,2838.0,EUR,3065.04,1.08,sin_monto,8065.89,2838.0,EUR,observado,,True,,"['doaj', 'facts', 'openapc', 'publindex']",0.002207505518763797,False,False,,True,False,True,True,1,,18,False,,0.0605,2.0618,,,-0.1083,0.547,,,0.1628
0122-8102,,2346-1691,Cuadernos De Literatura,2022,C,No disponible,No disponible,No disponible,No disponible,,No registra,Idiomas y Literatura,Humanidades,PONTIFICIA UNIVERSIDAD JAVERIANA,IES,,,"1,047",2346-1691,literatura,CO,1,2026-09-15,1.0.0,consolidado,d25fbd180f1286cf,,,,,"Instituto de Letras Alfredo Veiravé, Facultad de Humanidades, Universidad Nacional del Nordeste",,False,,,0,,,,,,,,,,,,,,https://revistas.unne.edu.ar/index.php/clt,https://doaj.org/toc/60eb2f9e72d044e89ba2aac23775e20c,2020,Cuadernos de Literatura: Revista de Estudios Lingüísticos y Literarios,0326-5102,2684-0499,"literature, linguistics, discourse analysis","English, Portuguese, Spanish",Argentina,Universidad Nacional del Nordeste,Argentina,CC BY-NC,,https://revistas.unne.edu.ar/index.php/clt/about/editorialPolicies#openAccessPolicy,True,False,https://revistas.unne.edu.ar/index.php/clt/about/submissions#copyrightNotice,"Editorial review, Double anonymous peer review",https://revistas.unne.edu.ar/index.php/clt/about/editorialPolicies#peerReviewProcess,True,https://revistas.unne.edu.ar/index.php/clt/about/editorialPolicies#focusAndScope,https://revistas.unne.edu.ar/index.php/clt/about/editorialTeam,https://revistas.unne.edu.ar/index.php/clt/about/submissions#authorGuidelines,16,False,https://revistas.unne.edu.ar/index.php/clt/about/editorialPolicies#custom-4,,False,,False,,,,,,,DOI,True,,,P1-1091|PQ1-3999,False,No,No,Language and Literature: Philology. Linguistics | Language and Literature: French literature - Italian literature - Spanish literature - Portuguese literature,2022-10-11T16:13:21Z,2022-10-11T16:13:21Z,2022-10-11,85,2022-10-11T18:56:28Z,,2628.61,EUR,2838.9,1.08,sin_monto,7470.79,2628.61,EUR,observado,,True,,"['doaj', 'facts', 'openapc', 'publindex']",0.002207505518763797,False,False,,True,False,True,True,1,,16,False,,0.0645,1.7894,,,-0.2778,0.5064,,,0.1395
0120-3347,2256-2087,2145-4604,Revista Colombiana De Anestesiología,2022,C,Colombia,Distrito Capital,"Bogotá, D. C.","Bogotá, D.C.",11001,Anestesiología,Medicina Clínica,Ciencias Médicas y de la Salud,SOCIEDAD COLOMBIANA DE ANESTESIOLOGIA Y REANIMACION S C A R E,Otras,,,84,2145-4604,colombiana anestesiologia,CO,1,2026-09-15,1.0.0,consolidado,c8e28129011f5fc6,89,21100976171,journal,,Sociedad Colombiana de Anestesiologia y Reanimacion,True,False,0.156,Q4,1,9,41,113,908,51,96,0.54,22.15,0.3846,0,2018-2025,Anesthesiology and Pain Medicine (Q4); Critical Care and Intensive Care Medicine (Q4),Medicine,https://reference-global.com/journal/LOGI,https://doaj.org/toc/89ccda6268014716b8c4b6a4604ee188,2010,Logi: Scientific Journal on Transport and Logistics,,2336-3037,"transport, logistics, warehousing, handling, vehicle, sustainability",English,Poland,"Institute of Technology and Business in České Budějovice, Faculty of Technology",Czechia,CC BY-NC-ND,,https://reference-global.com/journal/LOGI?tab=copyright,True,True,https://reference-global.com/journal/LOGI?tab=copyright,Double anonymous peer review,https://sciendo-parsed-data-feed.s3.eu-central-1.amazonaws.com/LOGI/Peer_Review_Procedure.pdf,True,https://reference-global.com/journal/LOGI?tab=aims-and-scope,https://reference-global.com/journal/LOGI?tab=editorial-board,https://reference-global.com/journal/LOGI?tab=submission-guidelines,12,True,https://reference-global.com/journal/LOGI?tab=article-processing-charges,150 EUR,False,,True,https://reference-global.com/journal/LOGI?tab=article-processing-charges,Portico,,https://www.portico.org/publishers/wdg/?keyword=LOGI+%E2%80%93+Scientific+Journal+on+Transport+and+Logistics&filter_by%5B%5D=e-journal,,,DOI,True,,,TA1001-1280,False,No,No,Technology: Engineering (General). Civil engineering (General): Transportation engineering,2024-04-02T13:46:11Z,2026-07-24T16:43:03Z,2026-07-24,208,2026-07-13T05:03:03Z,,150.0,EUR,162.0,1.08,convertida,426.32,150.0,EUR,declarado,,,,"['doaj', 'publindex', 'scimago']",0.002207505518763797,False,False,,True,False,True,True,0,1.0,12,True,0.45132743362831856,0.4742,-1.4353,-0.0729,0.1181,-0.617,0.0262,0.0688,0.175,0.093
1900-4699,,2500-5316,Revista Facultad De Ciencias Básicas,2022,C,Colombia,Distrito Capital,"Bogotá, D. C.","Bogotá, D.C.",11001,No registra,Ciencias Biológicas,Ciencias Naturales,UNIVERSIDAD MILITAR NUEVA GRANADA,IES,,,206,2500-5316,facultad ciencias basicas,CO,1,2026-09-15,1.0.0,consolidado,86dd4bca349ddbe3,54,21101105022,journal,,Fundacion Universitaria Maria Cano,True,False,0.195,Q3,2,6,46,89,1864,64,83,0.85,40.52,0.49439999999999995,0,2019-2026,"Health Professions (miscellaneous) (Q3); Occupational Therapy (Q3); Physical Therapy, Sports Therapy and Rehabilitation (Q4); Public Health, Environmental and Occupational Health (Q4); Speech and Hearing (Q4)",Health Professions; Medicine,https://ejournal.insuriponorogo.ac.id/index.php/basica,https://doaj.org/toc/7691a21b4e0c47ac81fe8cb55650c5e7,2021,Basica: Journal of Primary Education,2809-9710,2797-0965,"elementary education, primary education, learning strategies, islamic elementary education",English,Indonesia,,,CC BY-NC,,https://ejournal.insuriponorogo.ac.id/index.php/basica/licensing,True,True,https://ejournal.insuriponorogo.ac.id/index.php/basica/copyright,Double anonymous peer review,https://ejournal.insuriponorogo.ac.id/index.php/basica/peerreview,False,https://ejournal.insuriponorogo.ac.id/index.php/basica/focus_scope,https://ejournal.insuriponorogo.ac.id/index.php/basica/editorial_team,https://ejournal.insuriponorogo.ac.id/index.php/basica/author_guidelines,16,True,https://ejournal.insuriponorogo.ac.id/index.php/basica/publication_fee,500000 IDR,False,,False,,,,,,,DOI,True,,,LC8-6691,False,No,No,Education: Special aspects of education,2025-05-08T05:33:59Z,2025-05-08T05:33:59Z,2025-05-08,31,2025-05-09T00:52:43Z,,2000.0,EUR,2160.0,1.08,convertida,5684.21,500000.0,IDR,observado,,False,,"['doaj', 'facts', 'openapc', 'publindex', 'scimago']",0.03642384105960265,False,False,,True,False,True,True,-1,0.5,16,False,0.7191011235955056,0.1572,0.9715,0.428,-0.3052,-0.2778,0.3846,0.1167,0.1,0.1395
0124-6542,0124-6542,2389-7732,Modulo Arquitectura- Cuc,2022,B,Colombia,Caribe,Atlántico,Barranquilla,08001,Arquitectura y Urbanismo,Arte,Humanidades,CORPORACION UNIVERSIDAD DE LA COSTA,IES,,,801,2389-7732,modulo arquitectura cuc,CO,2,2026-09-15,1.0.0,consolidado,2c41370c379bdebe,139,21101032724,journal,modulo arquitectura cuc,Universidad de la Costa,False,False,0.126,Q2,3,4,16,48,742,13,48,0.24,46.38,0.4138,0,2019-2025,Visual Arts and Performing Arts (Q2); Arts and Humanities (miscellaneous) (Q3); Architecture (Q4); Urban Studies (Q4),Arts and Humanities; Engineering; Social Sciences,https://edicionesarq.com/ARQ-Journal,https://doaj.org/toc/80dd6f06e60643f1836ca82fe91a3c75,2001,,0716-0852,0717-6996,"architecture, design, urbanism, landscape architecture, visual arts, urban studies","Spanish, English",Chile,"School of Architecture, Pontificia Universidad Católica de Chile (UC)",Chile,CC BY-NC,,https://edicionesarq.com/Open-Call#copyright,,True,https://edicionesarq.com/Open-Call#copyright,Double anonymous peer review,https://edicionesarq.com/Open-Call,False,https://edicionesarq.com/ARQ-Journal,https://edicionesarq.com/ARQ-Journal#editorial-board,https://edicionesarq.com/Open-Call#instructions,20,False,https://edicionesarq.com/Open-Call,,False,,False,,,,,,,DOI,True,,,NA1-9428,False,No,No,Fine Arts: Architecture,2023-12-08T12:27:17Z,2023-12-08T12:27:17Z,2023-12-08,1172,2026-07-29T21:28:00Z,,2838.0,EUR,3065.04,1.08,sin_monto,8065.89,2838.0,EUR,observado,,True,,"['doaj', 'facts', 'openapc', 'publindex', 'scimago']",0.0033112582781456954,False,False,,True,False,True,True,-1,0.6666666666666666,20,False,0.2708333333333333,0.0762,2.0618,-0.4581,-0.5873,0.0613,0.547,0.0319,0.05,0.186
0120-4874,0123-2576,2357-6308,Medicina Upb,2022,C,Colombia,Eje Cafetero,Antioquia,Medellín,05001,Medicina General e Interna,Medicina Clínica,Ciencias Médicas y de la Salud,UNIVERSIDAD PONTIFICIA BOLIVARIANA,IES,,,"1,117",2357-6308,medicina upb,CO,1,2026-09-15,1.0.0,consolidado,2fe6e64063c872ff,141,21101151818,journal,,Universidad de Antioquia,True,True,0.126,Q4,1,4,0,62,0,16,50,0.28,0.0,0.0,0,2020-2023,Education (Q4); Medical Laboratory Technology (Q4); Medicine (miscellaneous) (Q4),Health Professions; Medicine; Social Sciences,https://revistas.upb.edu.co/index.php/medicina,https://doaj.org/toc/bb8b4f7f20e44eb0bf520751a83811a4,2013,,,2357-6308,"clinical medicine, nursing, adult health, children's health, women's health","English, Spanish",Colombia,,,CC BY-NC-ND,,https://revistas.upb.edu.co/index.php/medicina/about,,True,https://revistas.upb.edu.co/index.php/medicina/about/submissions,Anonymous peer review,https://revistas.upb.edu.co/index.php/medicina/about,False,https://revistas.upb.edu.co/index.php/medicina,https://revistas.upb.edu.co/index.php/medicina/about/editorialTeam,https://revistas.upb.edu.co/index.php/medicina/directrices,22,False,https://revistas.upb.edu.co/index.php/medicina,,False,,False,,,,,Publisher's own site,https://revistas.upb.edu.co/index.php/medicina/about/submissions,DOI,True,,,R5-920,False,No,No,Medicine: Medicine (General),2021-07-12T18:21:26Z,2021-07-12T18:21:26Z,2021-07-12,192,2026-04-06T14:54:18Z,medicina u p b,1448.6,EUR,1564.49,1.08,sin_monto,4117.08,5176.12,EUR,observado,,False,,"['doaj', 'facts', 'openapc', 'publindex', 'scimago']",0.06181015452538632,False,False,,True,False,True,True,0,1.0,22,False,0.25806451612903225,0.13,0.2542,-0.4581,-0.5873,0.2309,0.2778,0.0319,0.05,0.2093
1657-9534,0120-8322,1657-9534,Colombia Médica,2022,B,Colombia,Pacífico,Valle del Cauca,Cali,76001,No registra,Medicina Clínica,Ciencias Médicas y de la Salud,UNIVERSIDAD DEL VALLE,IES,,,95,1657-9534,colombia medica,CO,2,2026-09-15,1.0.0,consolidado,b0a703b35e1c4d4e,63,99288,journal,colombia medica,Facultad de Salud de la Universidad del Valle,True,True,0.188,Q4,1,30,18,87,534,88,70,1.16,29.67,0.494,0,"1946, 1990, 1996-2002, 2004-2025",Medicine (miscellaneous) (Q4),Medicine,http://revistaeco.cepcordoba.org/,https://doaj.org/toc/65cb802314904b31829732393bb3901a,2010,,,1697-9745,"education, training, educational research",Spanish,Spain,Centro del Profesorado de Córdoba,,CC BY-NC-ND,,http://revistaeco.cepcordoba.org/index.php/2010/06/21/como-publicar/,,False,,Anonymous peer review,http://revistaeco.cepcordoba.org/index.php/politicas/,True,http://revistaeco.cepcordoba.org/index.php/politicas/,http://revistaeco.cepcordoba.org/index.php/organigrama/,http://revistaeco.cepcordoba.org/index.php/2010/06/21/como-publicar/,12,False,http://revistaeco.cepcordoba.org/index.php/politicas/,,False,,False,http://revistaeco.cepcordoba.org/index.php/politicas/,,,,Dulcinea,,,True,,,LC8-6691|LB5-3640,False,No,No,Education: Special aspects of education | Education: Theory and practice of education,2019-06-23T02:54:33Z,2019-06-23T02:54:33Z,2019-06-23,0,,,300.0,EUR,324.0,1.08,sin_monto,852.63,5176.12,EUR,observado,,False,,"['doaj', 'facts', 'openapc', 'publindex', 'scimago']",0.0011037527593818985,False,False,,True,False,True,True,1,2.0,12,True,1.0114942528735633,0.4666,-1.2401,0.3381,3.0807,-0.617,0.0552,0.1081,0.7,0.093
2216-0159,,2462-8603,Praxis & Saber,2022,B,Colombia,Centro Oriente,Boyacá,Tunja,15001,No registra,Ciencias de la Educación,Ciencias Sociales,UNIVERSIDAD PEDAGOGICA Y TECNOLOGICA DE COLOMBIA,IES,,,14,2462-8603,praxis saber,CO,2,2026-09-15,1.0.0,consolidado,7047dfdd0f09486c,,,,,Universidad Pedagógica y Tecnológica de Colombia (UPTC),,False,,,0,,,,,,,,,,,,,,https://revistas.uptc.edu.co/index.php/praxis_saber,https://doaj.org/toc/b4d45765621947fcacf67d3860d2cc27,2010,,,2462-8603,"education, pedagogy, didactics, teaching, culture, teacher training","Portuguese, Spanish, English",Colombia,,,CC BY-NC-ND,,https://revistas.uptc.edu.co/index.php/praxis_saber/derechos_de_autor_y_licencia,True,True,https://revistas.uptc.edu.co/index.php/praxis_saber/derechos_de_autor_y_licencia,Double anonymous peer review,https://revistas.uptc.edu.co/index.php/praxis_saber/evaluacion_por_pares,True,"https://revistas.uptc.edu.co/index.php/praxis_saber/about#:~:text=N%C3%BAm.%2040%20(2024)-,Enfoque/alcance,-Praxis%20%26%20Saber%C2%A0es",https://revistas.uptc.edu.co/index.php/praxis_saber/about/editorialTeam,https://revistas.uptc.edu.co/index.php/praxis_saber/normas_para_publicacion,16,False,https://revistas.uptc.edu.co/index.php/praxis_saber/cargo_para_los_autores,,False,,False,,PKP PN,,https://portal.issn.org/resource/ISSN/2462-8603,,,DOI,True,,,LC8-6691,False,No,No,Education: Special aspects of education,2025-04-01T07:03:57Z,2025-04-01T07:03:57Z,2025-04-01,580,2026-06-04T15:44:44Z,praxis saber,2380.0,EUR,2570.4,1.08,sin_monto,6764.21,2331.51,EUR,observado,,True,,"['doaj', 'facts', 'openapc', 'publindex']",0.0011037527593818985,False,False,,True,False,True,True,2,,16,False,,0.07,1.4659,,,-0.2778,0.4582,,,0.1395
2215-8944,2145-4493,,Academia & Derecho,2022,B,Colombia,Centro Oriente,Norte de Santander,Cúcuta,54001,No registra,Derecho,Ciencias Sociales,UNIVERSIDAD LIBRE DE COLOMBIA,IES,,,62,2215-8944,academia derecho,CO,2,2026-09-15,1.0.0,consolidado,70143225b80e9201,149,21100235613,journal,,Universidad del Rosario,True,True,0.117,Q4,1,5,7,35,453,4,16,0.12,64.71,0.5,0,2012-2025,Law (Q4),Social Sciences,https://revistas.ucsc.cl/index.php/revistaderecho,https://doaj.org/toc/d5449d3810a34fafb08148c9ac0f9c25,2021,Revista de Derecho de la Universidad Católica de la Santísima Concepción,,2735-6337,"legal sciences, law, jurisprudence, history law, public law, private law","Portuguese, Italian, French, English, Spanish",Chile,,,CC BY,,https://revistas.ucsc.cl/index.php/revistaderecho/about,True,False,https://revistas.ucsc.cl/index.php/revistaderecho/about/submissions#authorGuidelines,Double anonymous peer review,https://revistas.ucsc.cl/index.php/revistaderecho/PeerReviewProcess,True,https://revistas.ucsc.cl/index.php/revistaderecho/about,https://revistas.ucsc.cl/index.php/revistaderecho/about/editorialTeam,https://revistas.ucsc.cl/index.php/revistaderecho/about/submissions#authorGuidelines,10,False,https://revistas.ucsc.cl/index.php/revistaderecho/about/submissions#authorGuidelines,,False,,False,,,,,,,DOI,True,,,K,False,No,No,Law,2024-11-05T07:14:45Z,2024-11-05T07:14:45Z,2024-11-05,126,2025-08-11T14:01:00Z,,2331.51,EUR,2518.03,1.08,sin_monto,6626.39,2331.51,EUR,observado,,True,,"['doaj', 'facts', 'publindex', 'scimago']",0.01545253863134658,False,False,,True,False,True,True,1,2.0,10,True,0.11428571428571428,0.0833,1.4028,-0.5737,-0.4463,-0.7866,0.4488,0.0209,0.075,0.0698
1900-9178,,,"Revista Ambiental Agua, Aire Y Suelo",2022,C,Colombia,Centro Oriente,Norte de Santander,Pamplona,54518,No registra,Ingeniería Ambiental,Ingeniería y Tecnología,UNIVERSIDAD DE PAMPLONA,IES,,,"1,031",1900-9178,ambiental agua aire suelo,CO,1,2026-09-15,1.0.0,consolidado,659c7a8d2789ce74,,,,,Asociación Argentina de la Ciencia del Suelo,,False,,,0,,,,,,,,,,,,,,https://cienciadelsuelo.suelos.org.ar/,https://doaj.org/toc/48a4442ee7014643b82cc4435b57369d,2011,,0326-3169,1850-2067,"crop science, soil science, plant nutrition, environmental science, sustainable agriculture","English, Portuguese, Spanish",Argentina,,,CC BY-NC-SA,,https://cienciadelsuelo.suelos.org.ar/informacion-general/,,True,https://cienciadelsuelo.suelos.org.ar/informacion-general/,Double anonymous peer review,https://cienciadelsuelo.suelos.org.ar/informacion-general/,False,https://cienciadelsuelo.suelos.org.ar/informacion-general/,https://cienciadelsuelo.suelos.org.ar/editores/,https://cienciadelsuelo.suelos.org.ar/info-para-autores/,14,True,https://cienciadelsuelo.suelos.org.ar/info-para-autores/,60 USD,False,,False,,,,,,,,True,,,S1-972|SB1-1110,False,No,No,Agriculture: Agriculture (General) | Agriculture: Plant culture,2012-04-26T14:59:14Z,2025-02-17T13:18:01Z,2025-02-17,483,2024-10-22T07:31:42Z,,60.0,USD,60.0,1.0,convertida,157.89,60.0,USD,declarado,,,,"['doaj', 'publindex']",0.0011037527593818985,False,False,,True,False,True,True,1,,14,False,,0.354,-1.5582,,,-0.4474,0.0079,,,0.1163
0123-4986,,2256-5493,Trabajo Social,2022,C,Colombia,Distrito Capital,"Bogotá, D. C.","Bogotá, D.C.",11001,Trabajo Social,Sociología,Ciencias Sociales,UNIVERSIDAD NACIONAL DE COLOMBIA,IES,,,371,2256-5493,trabajo social,CO,1,2026-09-15,1.0.0,consolidado,9919b49e52452582,,,,,Universidad Complutense de Madrid,,False,,,0,,,,,,,,,,,,,,http://revistas.ucm.es/index.php/CUTS/,https://doaj.org/toc/cd3384a1fbbb48cca09ec19ededd642d,1987,,0214-0314,1988-8295,"social work, social services, social intervention, social politics",Spanish,Spain,"Universidad Complutense de Madrid, Facultad de Trabajo Social",,CC BY,,http://revistas.ucm.es/index.php/CUTS/about/submissions#copyrightNotice,True,False,https://revistas.ucm.es/index.php/CUTS/derechos,Peer review,https://revistas.ucm.es/index.php/CUTS/revision,True,https://revistas.ucm.es/index.php/CUTS/about,https://revistas.ucm.es/index.php/CUTS/about/editorialTeam,https://revistas.ucm.es/index.php/CUTS/about/submissions,35,False,https://revistas.ucm.es/index.php/CUTS/acceso,,False,,False,,PKP PN,,https://portal.issn.org/resource/ISSN/1988-8295,,,,True,,,HN1-995|H1-99,False,No,No,Social Sciences: Social history and conditions. Social problems. Social reform | Social Sciences: Social sciences (General),2018-05-19T10:30:57Z,2026-02-12T20:29:02Z,2026-02-12,274,2026-02-05T01:02:58Z,,267.75,EUR,289.17,1.08,sin_monto,760.97,1630.43,EUR,observado,,False,,"['doaj', 'facts', 'openapc', 'publindex']",0.002207505518763797,False,False,,True,False,True,True,1,,35,False,,0.2584,-1.2821,,,1.3333,0.049,,,0.3605
0122-2066,,2145-8499,Anuario De Historia Regional Y De Las Fronteras,2022,C,Colombia,Centro Oriente,Santander,Bucaramanga,68001,Historia,Historia y Arqueología,Humanidades,UNIVERSIDAD INDUSTRIAL DE SANTANDER,IES,,,955,2145-8499,anuario historia regional fronteras,CO,1,2026-09-15,1.0.0,consolidado,4d15443cd1cb217b,,,,,"Instituto Superior del Profesorado N° 3 ""Eduardo Lafferriére"", Villa Constitución",,False,,,0,,,,,,,,,,,,,,http://historiaregional.org/ojs/index.php/historiaregional/index,https://doaj.org/toc/597aca2527e34effb2eafb150ec7a595,2009,,0329-8213,2469-0732,"history, history didactics",Spanish,Argentina,"Instituto Superior del Profesorado N° 3 ""Eduardo Lafferriére"", Villa Constitución",,CC BY,,http://historiaregional.org/ojs/index.php/historiaregional/about/submissions#copyrightNotice,,True,http://historiaregional.org/ojs/index.php/historiaregional/about/submissions#copyrightNotice,Double anonymous peer review,https://historiaregional.org/ojs/index.php/historiaregional/about/submissions#copyrightNotice,False,https://historiaregional.org/ojs/index.php/historiaregional/about,http://historiaregional.org/ojs/index.php/historiaregional/about/editorialTeam,http://historiaregional.org/ojs/index.php/historiaregional/about/submissions#authorGuidelines,15,False,https://historiaregional.org/ojs/index.php/historiaregional/about,,False,,False,,,,,,,,True,,,D1-2009|F1201-3799,False,No,No,History (General) and history of Europe: History (General) | History America: Latin America. Spanish America,2017-03-22T16:32:34Z,2022-10-19T03:10:45Z,2022-10-19,680,2026-05-13T21:14:50Z,,1878.22,EUR,2028.48,1.08,sin_monto,5338.11,1912.73,EUR,observado,,True,,"['doaj', 'facts', 'openapc', 'publindex']",0.002207505518763797,False,False,,True,False,True,True,1,,15,False,,0.0847,0.8131,,,-0.3626,0.361,,,0.1279
2011-4532,,2463-1469,Eleuthera,2022,C,Colombia,Eje Cafetero,Caldas,Manizales,17001,No registra,Sociología,Ciencias Sociales,UNIVERSIDAD DE CALDAS,IES,,,"1,055",2463-1469,eleuthera,CO,1,2026-09-15,1.0.0,consolidado,bcb874e784cedc48,,,,,Blazon Publishing and Media,,False,,,0,,,,,,,,,,,,,,,,,,,,,,,,,,,,,,,,,,,,,,,,,,,,,,,,,,,,,,,,,,,,,,,,,1702.2,EUR,1838.38,1.08,,4837.84,1702.2,EUR,observado,,False,,"['facts', 'openapc', 'publindex']",0.0011037527593818985,False,False,,True,False,False,True,1,,,,,0.0914,0.5841,,,,0.3269,,,
0124-7913,,2027-145X,Bitácora Urbano Territorial,2022,A2,Colombia,Distrito Capital,"Bogotá, D. C.","Bogotá, D.C.",11001,Arquitectura y Urbanismo,Arte,Humanidades,,No disponible,,,"1,293",2027-145X,bitacora urbano territorial,CO,3,2026-09-15,1.0.0,consolidado,236bea627a211dab,,,,,Universidad del Bío Bío,,False,,,0,,,,,,,,,,,,,,https://revistas.ubiobio.cl/index.php/RU/index,https://doaj.org/toc/86d6f7c87a694b86a9d5792d652da6d2,2000,,0717-3997,0718-3607,"urban planning, landscape, region, mid-size cities, territory","English, Spanish",Chile,,,CC BY-SA,,https://revistas.ubiobio.cl/index.php/RU/editorial_politics,True,True,https://revistas.ubiobio.cl/index.php/RU/about/submissions,Double anonymous peer review,https://revistas.ubiobio.cl/index.php/RU/editorial_politics,True,https://revistas.ubiobio.cl/index.php/RU/about,https://revistas.ubiobio.cl/index.php/RU/about/editorialTeam,https://revistas.ubiobio.cl/index.php/RU/about/submissions,20,False,https://revistas.ubiobio.cl/index.php/RU/editorial_politics,,False,,False,,PKP PN,,https://portal.issn.org/resource/ISSN/0718-3607,,,DOI,True,,,NA1-9428|HT101-395,False,No,No,Fine Arts: Architecture | Social Sciences: Communities. Classes. Races: Urban groups. The city. Urban sociology,2011-10-20T12:52:49Z,2025-04-07T11:21:31Z,2025-04-07,682,2026-05-31T16:33:13Z,,661.3,EUR,714.2,1.08,sin_monto,1879.47,661.3,EUR,observado,,True,,"['doaj', 'facts', 'openapc', 'publindex']",0.0011037527593818985,False,False,,True,False,True,True,3,,20,False,,0.1721,-0.7701,,,0.0613,0.1252,,,0.186
0120-8454,,2145-9169,Análisis,2022,B,Colombia,Distrito Capital,"Bogotá, D. C.","Bogotá, D.C.",11001,No registra,Otras Humanidades,Humanidades,UNIVERSIDAD SANTO TOMAS,IES,,,710,2145-9169,analisis,CO,2,2026-09-15,1.0.0,consolidado,6cbbec105f7a5dc4,,,,,Universidad de Zaragoza,,False,,,0,,,,,,,,,,,,,,https://papiro.unizar.es/ojs/index.php/analisis/index,https://doaj.org/toc/fde524bcd11b4a13952117586c38c179,2014,Análisis: Revista de Investigación Filosófica,,2386-8066,"philosophy, political philosophy, ethics, philosophy of language, epistemology","English, Spanish",Spain,"Universidad de Zaragoza, Servicio de Publicaciones",,CC BY-NC-ND,,https://papiro.unizar.es/ojs/index.php/analisis/openaccess,,True,https://papiro.unizar.es/ojs/index.php/analisis/about/submissions#authorGuidelines,Double anonymous peer review,https://papiro.unizar.es/ojs/index.php/analisis/about,False,https://papiro.unizar.es/ojs/index.php/analisis/about,https://papiro.unizar.es/ojs/index.php/analisis/about/editorialTeam,https://papiro.unizar.es/ojs/index.php/analisis/about/submissions#authorGuidelines,20,False,https://papiro.unizar.es/ojs/index.php/analisis/index,,False,,False,https://papiro.unizar.es/ojs/index.php/analisis/index,,,,Dulcinea,,DOI,True,,,BD143-237|B1-5802,False,No,No,Philosophy. Psychology. Religion: Speculative philosophy: Epistemology. Theory of knowledge | Philosophy. Psychology. Religion: Philosophy (General),2019-04-04T22:57:53Z,2019-08-30T10:04:17Z,2019-08-30,0,,,2258.19,EUR,2438.85,1.08,sin_monto,6418.03,2258.19,EUR,observado,,True,,"['doaj', 'facts', 'openapc', 'publindex']",0.0011037527593818985,False,False,,True,False,True,True,2,,20,False,,0.0731,1.3074,,,0.0613,0.4346,,,0.186
1012-8255,,,ACADEMIA. REVISTA LATINOAMERICANA DE ADMINISTRACIÓN,2022,C,Colombia,Distrito Capital,"Bogotá, D. C.","Bogotá, D.C.",11001,No registra,Otras Humanidades,Humanidades,,No disponible,,,5,1012-8255,academia latinoamericana administracion,CO,1,2026-09-15,1.0.0,consolidado,f2099d080f6be339,,,,,Universidad Academia de Humanismo Cristiano,,False,,,0,,,,,,,,,,,,,,http://revistas.academia.cl/index.php/academia,https://doaj.org/toc/510fd4ce901b40f98c6a1fa77c4b4ef6,2015,,0717-1846,0719-6318,"philosophy, social sciences, humanities",Spanish,Chile,Universidad Academia de Humanismo Cristiano,,CC BY-NC-ND,,http://revistas.academia.cl/index.php/academia/about/submissions,,True,http://revistas.academia.cl/index.php/academia/about/submissions,Double anonymous peer review,http://revistas.academia.cl/index.php/academia/about,False,http://revistas.academia.cl/index.php/academia/about,http://revistas.academia.cl/index.php/academia/about/displayMembership/7,http://revistas.academia.cl/index.php/academia/about/submissions,5,False,http://revistas.academia.cl/index.php/academia/about,,False,,False,http://revistas.academia.cl/index.php/academia/about,,,http://revistas.academia.cl/index.php/academia/manager/setup/2,,,,True,,,AZ20-999|H1-99,False,No,No,General Works: History of scholarship and learning. The humanities | Social Sciences: Social sciences (General),2017-08-23T10:44:29Z,2019-12-05T23:26:22Z,2019-12-05,146,2024-01-08T20:52:22Z,,1828.24,EUR,1974.5,1.08,sin_monto,5196.05,1828.24,EUR,observado,,True,,"['doaj', 'facts', 'openapc', 'publindex']",0.0011037527593818985,False,False,,True,False,True,True,1,,5,True,,0.0865,0.7481,,,-1.2106,0.3513,,,0.0116
0121-8123,1657-0448,2027-9000,Revista Colombiana De Reumatología,2022,C,Colombia,Distrito Capital,"Bogotá, D. C.","Bogotá, D.C.",11001,Reumatología,Medicina Clínica,Ciencias Médicas y de la Salud,ASOCIACION COLOMBIANA DE REUMATOLOGIA,Otras,,,"1,324",2027-9000,colombiana reumatologia,CO,1,2026-09-15,1.0.0,consolidado,19ad3d0e577ff1f8,163,21101259010,journal,,Sciendo,True,False,0.105,Q4,1,2,58,123,889,5,91,0.06,15.33,0.5539999999999999,0,2020-2026,Dermatology (Q4); Surgery (Q4),Medicine,https://reference-global.com/journal/LOGI,https://doaj.org/toc/89ccda6268014716b8c4b6a4604ee188,2010,Logi: Scientific Journal on Transport and Logistics,,2336-3037,"transport, logistics, warehousing, handling, vehicle, sustainability",English,Poland,"Institute of Technology and Business in České Budějovice, Faculty of Technology",Czechia,CC BY-NC-ND,,https://reference-global.com/journal/LOGI?tab=copyright,True,True,https://reference-global.com/journal/LOGI?tab=copyright,Double anonymous peer review,https://sciendo-parsed-data-feed.s3.eu-central-1.amazonaws.com/LOGI/Peer_Review_Procedure.pdf,True,https://reference-global.com/journal/LOGI?tab=aims-and-scope,https://reference-global.com/journal/LOGI?tab=editorial-board,https://reference-global.com/journal/LOGI?tab=submission-guidelines,12,True,https://reference-global.com/journal/LOGI?tab=article-processing-charges,150 EUR,False,,True,https://reference-global.com/journal/LOGI?tab=article-processing-charges,Portico,,https://www.portico.org/publishers/wdg/?keyword=LOGI+%E2%80%93+Scientific+Journal+on+Transport+and+Logistics&filter_by%5B%5D=e-journal,,,DOI,True,,,TA1001-1280,False,No,No,Technology: Engineering (General). Civil engineering (General): Transportation engineering,2024-04-02T13:46:11Z,2026-07-24T16:43:03Z,2026-07-24,208,2026-07-13T05:03:03Z,,150.0,EUR,162.0,1.08,convertida,426.32,150.0,EUR,declarado,,,,"['doaj', 'publindex', 'scimago']",0.005518763796909493,False,False,,True,False,True,True,0,1.0,12,True,0.04065040650406504,0.3191,-1.4353,-0.7278,-0.8695,-0.617,0.0262,0.0061,0.0,0.093
2215-9177,0123-2576,2215-9177,Ces Medicina,2022,C,Colombia,Eje Cafetero,Antioquia,Medellín,05001,No registra,Medicina Clínica,Ciencias Médicas y de la Salud,UNIVERSIDAD CES,IES,,,945,2215-9177,ces medicina,CO,1,2026-09-15,1.0.0,consolidado,27c6380b9ae0a4a8,141,21101151818,journal,,Universidad de Antioquia,True,False,0.126,Q4,1,4,0,62,0,16,50,0.28,0.0,0.0,0,2020-2023,Education (Q4); Medical Laboratory Technology (Q4); Medicine (miscellaneous) (Q4),Health Professions; Medicine; Social Sciences,https://www.mdpi.com/journal/medicina,https://doaj.org/toc/3bf5928fcb3d44c492838cf16253d5bd,2007,,1010-660X,1648-9144,"experimental medicine, clinical medicine, surgery, oncology, public health",English,Switzerland,Lithuanian University of Health Sciences,Lithuania,CC BY,,https://www.mdpi.com/openaccess,True,True,https://www.mdpi.com/journal/medicina/about,"Anonymous peer review, Open peer review",https://www.mdpi.com/journal/medicina/instructions#editorial_procedure,True,https://www.mdpi.com/journal/medicina/about,https://www.mdpi.com/journal/medicina/editors,https://www.mdpi.com/journal/medicina/instructions,6,True,https://www.mdpi.com/journal/medicina/apc,1800 CHF,False,,False,,"CLOCKSS, PMC",,https://www.mdpi.com/journal/medicina/indexing,Open Policy Finder,https://openpolicyfinder.jisc.ac.uk/id/publication/35307,DOI,True,,,R5-920,False,No,No,Medicine: Medicine (General),2016-10-25T09:25:34Z,2023-08-14T10:00:55Z,2023-08-14,13014,2026-07-27T13:45:11Z,,1448.6,EUR,1564.49,1.08,convertida,4117.08,1800.0,CHF,observado,,False,,"['doaj', 'facts', 'openapc', 'publindex', 'scimago']",0.06181015452538632,False,False,,True,True,True,True,0,1.0,6,True,0.25806451612903225,0.13,0.2542,-0.4581,-0.5873,-1.1258,0.2778,0.0319,0.05,0.0233
1794-6638,,2619-4066,Ratio Juris,2022,C,Colombia,Eje Cafetero,Antioquia,Medellín,05001,Derecho,Derecho,Ciencias Sociales,UNIVERSIDAD AUTONOMA LATINOAMERICANA UNAULA,IES,,,"1,102",2619-4066,ratio juris,CO,1,2026-09-15,1.0.0,consolidado,ce1a220578feed45,,,,,Universidade Federal do Rio Grande,,False,,,0,,,,,,,,,,,,,,https://www.seer.furg.br/juris,https://doaj.org/toc/8be209aa27624d6fb216e8cec0382982,2005,,1413-3571,2447-3855,"rights, human rights, social justice","Spanish, Portuguese, English",Brazil,"Universidade Federal do Rio Grande, Faculdade de Direito",,CC BY,,https://www.seer.furg.br/juris/about/editorialPolicies#openAccessPolicy,,False,,Anonymous peer review,https://seer.furg.br/juris/about/editorialPolicies#peerReviewProcess,False,https://seer.furg.br/juris/about/editorialPolicies#custom-0,https://seer.furg.br/juris/about/editorialTeam,https://www.seer.furg.br/juris/about/submissions#authorGuidelines,15,False,https://www.seer.furg.br/juris/about/editorialPolicies#custom-3,,False,,False,,PKP PN,,https://seer.furg.br/juris/about/editorialPolicies#archiving,Diadorim,,,True,,,K,False,No,No,Law,2017-09-15T23:43:57Z,2022-12-15T13:23:53Z,2022-12-15,45,2017-12-04T16:45:49Z,,1410.32,EUR,1523.15,1.08,sin_monto,4008.29,1410.32,EUR,observado,,True,,"['doaj', 'facts', 'openapc', 'publindex']",0.0033112582781456954,False,False,,True,False,True,True,1,,15,False,,0.1053,0.2044,,,-0.3626,0.2704,,,0.1279
0122-7238,,2256-5248,Revista Historia De La Educación Latinoamericana,2022,B,Colombia,Centro Oriente,Boyacá,Tunja,15001,Otras Humanidades,Otras Humanidades,Humanidades,UNIVERSIDAD PEDAGOGICA Y TECNOLOGICA DE COLOMBIA,IES,,,417,2256-5248,historia educacion latinoamericana,CO,2,2026-09-15,1.0.0,consolidado,ed8fa6f1e6d9864d,,,,,Ediciones Universidad de Salamanca,,False,,,0,,,,,,,,,,,,,,http://revistas.usal.es/index.php/0212-0267/,https://doaj.org/toc/6e42b137ccbb4ca6929c7a695b8338c2,2000,,0212-0267,2386-3846,"education, history","Spanish, Portuguese, Italian, French, English",Spain,Universidad de Salamanca,,CC BY-NC-ND,,http://revistas.usal.es/index.php/0212-0267/about/editorialPolicies#custom-12,True,False,,Double anonymous peer review,http://revistas.usal.es/index.php/0212-0267/about/editorialPolicies#peerReviewProcess,True,http://revistas.usal.es/index.php/0212-0267/about/editorialPolicies#focusAndScope,http://revistas.usal.es/index.php/0212-0267/about/editorialTeam,http://revistas.usal.es/index.php/0212-0267/about/submissions#authorGuidelines,19,False,http://revistas.usal.es/index.php/0212-0267/about/editorialPolicies#custom-0,,True,http://revistas.usal.es/index.php/0212-0267/about/editorialPolicies#custom-2,False,,,National Library of Spain,http://revistas.usal.es/index.php/0212-0267/about/editorialPolicies#custom-3,,,,True,,,LA5-2396,False,No,No,Education: History of education,2013-10-01T15:20:22Z,2022-08-22T20:05:54Z,2022-08-22,2943,2023-01-30T09:25:34Z,,1828.24,EUR,1974.5,1.08,sin_monto,5196.05,1828.24,EUR,observado,,True,,"['doaj', 'facts', 'openapc', 'publindex']",0.002207505518763797,False,False,,True,False,True,True,2,,19,False,,0.0865,0.7481,,,-0.0235,0.3513,,,0.1744
0120-0976,0120-0976,2538-9866,Revista Interamericana De Bibliotecología,2022,C,Colombia,Eje Cafetero,Antioquia,Medellín,05001,Otras Ciencias Sociales,Otras Ciencias Sociales,Ciencias Sociales,UNIVERSIDAD DE ANTIOQUIA,IES,,,34,2538-9866,interamericana bibliotecologia,CO,1,2026-09-15,1.0.0,consolidado,7b8a6471e6e14bd4,66,21100888590,journal,interamericana bibliotecologia,Escuela Interamericana de Bibliotecologia,True,True,0.185,Q3,2,12,22,64,700,30,58,0.51,31.82,0.5455,0,2000-2026,Library and Information Sciences (Q3),Social Sciences,https://www.journals.us.edu.pl/index.php/RIAS,https://doaj.org/toc/72aa9d71a2c740e6ab9a52c3b1389a70,2006,RIAS,,1991-2773,"american studies, hemispheric american studies, transoceanic american studies, cultural studies, literary studies, cultural anthropology","English, Spanish, Portuguese, French",Poland,International American Studies Association,Spain,CC BY-SA,,https://www.journals.us.edu.pl/index.php/RIAS,True,True,https://www.journals.us.edu.pl/index.php/RIAS,Double anonymous peer review,https://www.journals.us.edu.pl/index.php/RIAS/recenzja,False,https://www.journals.us.edu.pl/index.php/RIAS/cel,https://www.journals.us.edu.pl/index.php/RIAS/about/editorialTeam,https://www.journals.us.edu.pl/index.php/RIAS/about/submissions,50,False,https://www.journals.us.edu.pl/index.php/RIAS,,False,,False,,"CLOCKSS, LOCKSS, PKP PN",,,Free to re-publish the RIAS-published version.,https://www.journals.us.edu.pl/index.php/RIAS,DOI,True,,,PS1-3576,False,No,No,Language and Literature: American literature,2021-01-12T14:49:39Z,2021-01-12T14:49:38Z,2021-01-12,1,2022-10-25T10:16:22Z,,1828.24,EUR,1974.5,1.08,sin_monto,5196.05,1828.24,EUR,observado,,True,,"['doaj', 'facts', 'openapc', 'publindex', 'scimago']",0.0011037527593818985,False,False,,True,False,True,True,-1,0.5,50,False,0.46875,0.16,0.7481,0.2995,0.5413,2.6052,0.3513,0.1044,0.25,0.5349
0120-3932,,2382-3860,Economicas Cuc,2022,C,Colombia,Caribe,Atlántico,Barranquilla,08001,Negocios y Management,Economía y Negocios,Ciencias Sociales,CORPORACION UNIVERSIDAD DE LA COSTA,IES,,,914,2382-3860,economicas cuc,CO,1,2026-09-15,1.0.0,consolidado,adb50bac9a38682d,,,,,STKIP PGRI Sumatera Barat,,False,,,0,,,,,,,,,,,,,,http://ase.md/publicatii/revista-economica.html,https://doaj.org/toc/ecf599d6df444885a39f74b1f90afb08,2012,,2302-5190,,"management, economics, education, accounting",Indonesian,Indonesia,Prodi Pendidikan Ekonomi STKIP PGRI Sumatera Barat,,CC BY,,http://ejournal.stkip-pgri-sumbar.ac.id/index.php/economica/about/submissions#copyrightNotice,,False,http://ejournal.stkip-pgri-sumbar.ac.id/index.php/economica/about/submissions#copyrightNotice,Peer review,http://ejournal.stkip-pgri-sumbar.ac.id/index.php/economica/about/editorialPolicies#peerReviewProcess,False,http://ejournal.stkip-pgri-sumbar.ac.id/index.php/economica/about/editorialPolicies#focusAndScope,http://ejournal.stkip-pgri-sumbar.ac.id/index.php/economica/about/editorialTeam,http://ejournal.stkip-pgri-sumbar.ac.id/index.php/economica/about/submissions#authorGuidelines,8,True,http://ejournal.stkip-pgri-sumbar.ac.id/index.php/economica/about/editorialPolicies#custom-0,150000 IDR,False,,False,http://ejournal.stkip-pgri-sumbar.ac.id/index.php/economica/about/editorialPolicies#custom-0,,,ttp://ejournal.stkip-pgri-sumbar.ac.id/index.php/economica,,,,True,,,H|HB71-74,False,No,No,Social Sciences: Economic theory. Demography: Economics as a science,2015-11-10T13:17:26Z,2018-10-17T07:21:28Z,2018-10-17,239,2024-11-22T08:29:25Z,,1828.49,EUR,1974.77,1.08,convertida,5196.76,150000.0,IDR,observado,,True,,"['doaj', 'facts', 'openapc', 'publindex']",0.00772626931567329,False,False,,True,False,True,True,1,,8,True,,0.0865,0.7484,,,-0.9562,0.3514,,,0.0465
0121-6805,,1909-7719,Revista Facultad De Ciencias Económicas : Investigación Y Reflexión,2022,B,Colombia,Distrito Capital,"Bogotá, D. C.","Bogotá, D.C.",11001,No registra,Economía y Negocios,Ciencias Sociales,UNIVERSIDAD MILITAR NUEVA GRANADA,IES,,,627,1909-7719,facultad ciencias economicas investigacion reflexion,CO,2,2026-09-15,1.0.0,consolidado,04afc85ae1988486,,,,,STKIP PGRI Sumatera Barat,,False,,,0,,,,,,,,,,,,,,http://ase.md/publicatii/revista-economica.html,https://doaj.org/toc/ecf599d6df444885a39f74b1f90afb08,2012,,2302-5190,,"management, economics, education, accounting",Indonesian,Indonesia,Prodi Pendidikan Ekonomi STKIP PGRI Sumatera Barat,,CC BY,,http://ejournal.stkip-pgri-sumbar.ac.id/index.php/economica/about/submissions#copyrightNotice,,False,http://ejournal.stkip-pgri-sumbar.ac.id/index.php/economica/about/submissions#copyrightNotice,Peer review,http://ejournal.stkip-pgri-sumbar.ac.id/index.php/economica/about/editorialPolicies#peerReviewProcess,False,http://ejournal.stkip-pgri-sumbar.ac.id/index.php/economica/about/editorialPolicies#focusAndScope,http://ejournal.stkip-pgri-sumbar.ac.id/index.php/economica/about/editorialTeam,http://ejournal.stkip-pgri-sumbar.ac.id/index.php/economica/about/submissions#authorGuidelines,8,True,http://ejournal.stkip-pgri-sumbar.ac.id/index.php/economica/about/editorialPolicies#custom-0,150000 IDR,False,,False,http://ejournal.stkip-pgri-sumbar.ac.id/index.php/economica/about/editorialPolicies#custom-0,,,ttp://ejournal.stkip-pgri-sumbar.ac.id/index.php/economica,,,,True,,,H|HB71-74,False,No,No,Social Sciences: Economic theory. Demography: Economics as a science,2015-11-10T13:17:26Z,2018-10-17T07:21:28Z,2018-10-17,239,2024-11-22T08:29:25Z,,1828.49,EUR,1974.77,1.08,convertida,5196.76,150000.0,IDR,observado,,True,,"['doaj', 'facts', 'openapc', 'publindex']",0.00772626931567329,False,False,,True,False,True,True,2,,8,True,,0.0865,0.7484,,,-0.9562,0.3514,,,0.0465
0120-2448,1657-0448,2248-6054,Acta Médica Colombiana,2022,C,No disponible,No disponible,No disponible,No disponible,,Otras Ciencias Médicas,Otras Ciencias Médicas,Ciencias Médicas y de la Salud,ASOCIACION COLOMBIANA DE MEDICINA INTERNA ACMI,Otras,,,103,2248-6054,medica colombiana,CO,1,2026-09-15,1.0.0,consolidado,aa86ffa2f4641de2,163,21101259010,journal,,Wiley,True,False,0.105,Q4,1,2,58,123,889,5,91,0.06,15.33,0.5539999999999999,0,2020-2026,Dermatology (Q4); Surgery (Q4),Medicine,https://onlinelibrary.wiley.com/journal/29984971,https://doaj.org/toc/cc53fdc020c64c72b35ec033e3ae5bc3,2025,,2998-4963,2998-4971,"medicine, biomedical science, human health, translational research, clinical practice",English,United States,International Society for Health Data Science,,CC BY,,https://onlinelibrary.wiley.com/page/journal/29984971/homepage/open-access,True,True,https://authorservices.wiley.com/author-resources/Journal-Authors/licensing/open-access-agreements.html,Double anonymous peer review,https://onlinelibrary.wiley.com/page/journal/29984971/homepage/author-guidelines,True,https://onlinelibrary.wiley.com/page/journal/29984971/homepage/overview,https://onlinelibrary.wiley.com/page/journal/29984971/homepage/editorial-board,https://onlinelibrary.wiley.com/page/journal/29984971/homepage/author-guidelines,14,True,https://onlinelibrary.wiley.com/page/journal/29984971/homepage/open-access,3000 USD; 2207 GBP; 2601 EUR,True,https://authorservices.wiley.com/open-research/open-access/for-authors/waivers-and-discounts.html,False,,"CLOCKSS, Portico",,https://onlinelibrary.wiley.com/library-info/resources/preservation,Open Policy Finder,https://openpolicyfinder.jisc.ac.uk/id/publication/46615,DOI,True,,,R,False,No,No,Medicine,2026-02-25T15:09:33Z,2026-02-25T15:09:33Z,,60,2026-06-10T10:59:22Z,,300.0,EUR,324.0,1.08,convertida,852.63,3000.0,USD,observado,,False,,"['doaj', 'facts', 'openapc', 'publindex', 'scimago']",0.006622516556291391,False,False,,True,False,True,True,0,1.0,14,False,0.04065040650406504,0.2606,-1.2401,-0.7278,-0.8695,-0.4474,0.0552,0.0061,0.0,0.1163
0120-100X,0123-5095,2145-8480,Ion,2022,C,Colombia,Centro Oriente,Santander,Bucaramanga,68001,No registra,Ingeniería Química,Ingeniería y Tecnología,UNIVERSIDAD INDUSTRIAL DE SANTANDER,IES,,,731,2145-8480,ion,CO,1,2026-09-15,1.0.0,consolidado,92573a82f9554ec1,132,21101183655,journal,,Universidad Pedagogica y Tecnologica de Colombia,True,True,0.131,Q3,2,3,26,60,530,9,52,0.08,20.38,0.35,0,2019-2026,Philosophy (Q3),Arts and Humanities,https://ijme-journal.org/index.php/ijme/index,https://doaj.org/toc/27e1ab24550044c4af54caf837f077a2,2007,,,1934-5267,"multicultural education, educational equity, cross-cultural education",English,"Korea, Republic of",,,CC BY-NC,,https://ijme-journal.org/index.php/ijme/about,,False,https://ijme-journal.org/index.php/ijme/about/submissions,Double anonymous peer review,https://ijme-journal.org/index.php/ijme/about,False,https://ijme-journal.org/index.php/ijme/about,https://ijme-journal.org/index.php/ijme/about/editorialTeam,https://ijme-journal.org/index.php/ijme/about/submissions,52,False,https://ijme-journal.org/index.php/ijme/about/submissions,,False,,False,,PKP PN,,https://portal.issn.org/resource/ISSN/1934-5267,,,DOI,True,,,LB5-3640,False,No,No,Education: Theory and practice of education,2024-01-10T14:50:23Z,2024-01-10T14:50:23Z,2024-01-10,0,,,405.79,EUR,438.25,1.08,sin_monto,1153.29,1630.43,EUR,observado,,False,,"['doaj', 'facts', 'openapc', 'publindex', 'scimago']",0.012141280353200883,False,False,,True,False,True,True,-1,0.5,52,False,0.15,0.2879,-1.1025,-0.3939,-0.7284,2.7748,0.0757,0.0381,0.025,0.5581
2011-2173,2011-2173,2422-3719,Revista Colombiana De Ciencias Hortícolas,2022,B,Colombia,Distrito Capital,"Bogotá, D. C.","Bogotá, D.C.",11001,No registra,Otras Ciencias Agrícolas,Ciencias Agrícolas,SOCIEDAD COLOMBIANA DE CIENCIAS HORTICOLAS,Otras,UNIVERSIDAD PEDAGOGICA Y TECNOLOGICA DE COLOMBIA,,927,2422-3719,colombiana ciencias horticolas,CO,2,2026-09-15,1.0.0,consolidado,c8bf4e631604ee8c,73,21101125516,journal,colombiana ciencias horticolas,Universidad Pedagogica y Tecnologica de Colombia,False,False,0.178,Q4,1,11,0,123,0,80,115,0.54,0.0,0.0,0,2019-2024,"Agricultural and Biological Sciences (miscellaneous) (Q4); Biochemistry, Genetics and Molecular Biology (miscellaneous) (Q4); Horticulture (Q4)","Agricultural and Biological Sciences; Biochemistry, Genetics and Molecular Biology",https://revistaendocrino.org/index.php/rcedm/index,https://doaj.org/toc/ae8c544f5765473ebcf6cda5963403f1,2021,,2389-9786,2805-5853,"endocrinology, diabetes, osteoporosis, obesity and nutrition, dyslipidemias, molecular biology and endocrinology","English, Spanish",Colombia,Asociación Colombiana de Endocrinología,Colombia,CC BY-NC-ND,,https://revistaendocrino.org/index.php/rcedm/submission,True,False,https://revistaendocrino.org/index.php/rcedm/submission,Double anonymous peer review,https://revistaendocrino.org/index.php/rcedm/review,True,https://revistaendocrino.org/index.php/rcedm/submission,https://revistaendocrino.org/index.php/rcedm/about/editorialTeam,https://revistaendocrino.org/index.php/rcedm/submission,12,False,https://revistaendocrino.org/index.php/rcedm/ethics,,False,,False,,,,,Own website,https://revistaendocrino.org/index.php/rcedm/submission,DOI,True,,,RC648-665,False,No,No,Medicine: Internal medicine: Specialties of internal medicine: Diseases of the endocrine glands. Clinical endocrinology,2023-02-24T12:55:55Z,2023-02-24T12:55:55Z,2023-02-24,790,2026-08-06T23:12:05Z,,2000.0,EUR,2160.0,1.08,sin_monto,5684.21,2331.51,EUR,observado,,False,,"['doaj', 'facts', 'openapc', 'publindex', 'scimago']",0.012141280353200883,False,False,,True,False,True,True,1,2.0,12,True,0.6504065040650406,0.1435,0.9715,0.2097,0.4002,-0.617,0.3846,0.0958,0.225,0.093
0120-0283,0120-0283,2145-8553,Boletín De Geología,2022,B,Colombia,Centro Oriente,Santander,Bucaramanga,68001,No registra,Ciencias de la Tierra y Medioambientales,Ciencias Naturales,UNIVERSIDAD INDUSTRIAL DE SANTANDER,IES,,,295,2145-8553,geologia,CO,2,2026-09-15,1.0.0,consolidado,73df1bc92b2c71ea,68,21100217204,journal,geologia,Universidad Industrial de Santander,True,True,0.184,Q4,1,14,19,84,1083,44,77,0.38,57.0,0.2647,0,2012-2025,Earth and Planetary Sciences (miscellaneous) (Q4),Earth and Planetary Sciences,http://www.geologija-revija.si,https://doaj.org/toc/a2f454ceaca4419eb9d3009fcab7a0f3,2016,,0016-7789,1854-620X,"geochemistry, geohazards, geological mapping, stratigraphy, palaeontology, mineralogy","English, Slovenian",Slovenia,,,CC BY,,https://www.geologija-revija.si/index.php/geologija/about,True,True,https://www.geologija-revija.si/index.php/geologija/about,Peer review,https://www.geologija-revija.si/index.php/geologija/about,False,https://www.geologija-revija.si/index.php/geologija/about,https://www.geologija-revija.si/index.php/geologija/uredniski_odbor,https://www.geologija-revija.si/index.php/geologija/about/submissions,10,False,https://www.geologija-revija.si/index.php/geologija/about,,False,,False,,,,,,,DOI,True,,,QE1-996.5,False,No,No,Science: Geology,2010-11-16T10:55:31Z,2023-01-24T08:31:24Z,2023-01-24,694,2026-07-28T10:43:22Z,,300.0,EUR,324.0,1.08,sin_monto,852.63,300.0,EUR,observado,,False,,"['doaj', 'facts', 'openapc', 'publindex', 'scimago']",0.006622516556291391,False,False,,True,False,True,True,1,2.0,10,True,0.5238095238095238,0.4567,-1.2401,0.2867,0.8234,-0.7866,0.0552,0.1032,0.3,0.0698
1900-2386,,,Psychologia. Avances De La Disciplina,2022,B,Colombia,Distrito Capital,"Bogotá, D. C.","Bogotá, D.C.",11001,Psicología (Incluye Relaciones Hombre-Máquina),Psicología,Ciencias Sociales,UNIVERSIDAD DE SAN BUENAVENTURA,IES,,,445,1900-2386,psychologia avances disciplina,CO,2,2026-09-15,1.0.0,consolidado,c35c625d99cf0bc9,,,,,MDPI AG,,False,,,0,,,,,,,,,,,,,,https://www.mdpi.com/journal/psych,https://doaj.org/toc/7b277e9dfbc744d0bb1806b2465369c9,2019,,,2624-8611,"cognitive psychology, educational psychology, social psychology, developmental psychology, clinical psychology, psychometrics and educational measurement",English,Switzerland,,,CC BY,,https://www.mdpi.com/journal/psych/about#copyright,True,True,https://www.mdpi.com/authors/rights,Double anonymous peer review,https://www.mdpi.com/journal/psych/instructions#editorial_procedure,False,https://www.mdpi.com/journal/psych/about,https://www.mdpi.com/journal/psych/editors,https://www.mdpi.com/journal/psych/instructions,7,True,https://www.mdpi.com/journal/psych/apc,1200 CHF,True,https://www.mdpi.com/apc,False,,CLOCKSS,Swiss National Library,https://portal.issn.org/resource/ISSN/2624-8611#,Open Policy Finder,https://openpolicyfinder.jisc.ac.uk/id/publication/38224,DOI,True,,2813-9844,BF1-990,False,No,No,Philosophy. Psychology. Religion: Psychology,2021-08-31T08:20:59Z,2025-05-16T17:37:47Z,2025-05-16,233,2024-03-28T10:45:55Z,,1159.0,EUR,1251.72,1.08,convertida,3294.0,1200.0,CHF,observado,,False,,"['doaj', 'facts', 'openapc', 'publindex']",0.011037527593818985,False,False,,True,False,True,True,2,,7,True,,0.121,-0.1226,,,-1.041,0.2217,,,0.0349
0120-8462,,2500-5375,Cuadernos De Filosofía Latinoamericana,2022,C,Colombia,Distrito Capital,"Bogotá, D. C.","Bogotá, D.C.",11001,No registra,Otras Humanidades,Humanidades,UNIVERSIDAD SANTO TOMAS,IES,,,638,2500-5375,filosofia latinoamericana,CO,1,2026-09-15,1.0.0,consolidado,7b834f46b34ef66e,,,,,UNIVERSIDAD SANTO TOMÁS,,False,,,0,,,,,,,,,,,,,,https://revistas.usantotomas.edu.co/index.php/cfla/,https://doaj.org/toc/5d50b0d79d1140ffa951b51abb3792fd,2009,,,2500-5375,"latin american philosophy, history of ideas, political philosophy, latin american thought, decoloniality, interculturality","French, Portuguese, English, Spanish",Colombia,,,CC BY-NC-SA,,https://revistas.usantotomas.edu.co/index.php/cfla/about,True,False,https://revistas.usantotomas.edu.co/index.php/cfla/about,Double anonymous peer review,https://revistas.usantotomas.edu.co/index.php/cfla/about,True,https://revistas.usantotomas.edu.co/index.php/cfla/about,https://revistas.usantotomas.edu.co/index.php/cfla/about/editorialTeam,https://revistas.usantotomas.edu.co/index.php/cfla/about/submissions,16,False,https://revistas.usantotomas.edu.co/index.php/cfla/about,,False,,False,,,,,Open Policy Finder,https://openpolicyfinder.jisc.ac.uk/id/publication/39652,DOI,True,,,B1-5802,False,No,No,Philosophy. Psychology. Religion: Philosophy (General),2025-12-09T07:35:10Z,2025-12-09T07:35:10Z,2025-12-09,440,2026-05-30T08:40:52Z,filosofia latinoamericana,1828.24,EUR,1974.5,1.08,sin_monto,5196.05,1828.24,EUR,observado,,True,,"['doaj', 'facts', 'openapc', 'publindex']",0.0011037527593818985,False,False,,True,False,True,True,1,,16,False,,0.0865,0.7481,,,-0.2778,0.3513,,,0.1395
0120-789X,,2027-0119,Revista Urologia Colombiana,2022,C,Colombia,Distrito Capital,"Bogotá, D. C.","Bogotá, D.C.",11001,Urología y Nefrología,Medicina Clínica,Ciencias Médicas y de la Salud,SOCIEDAD COLOMBIANA DE UROLOGIA,Otras,,,733,2027-0119,urologia colombiana,CO,1,2026-09-15,1.0.0,consolidado,cd34cccaa51cd86b,140,21101284801,journal,,Colombian Association of Neurology,True,False,0.126,Q4,1,3,48,114,1495,39,90,0.26,31.15,0.4694,0,2022-2026,Neurology (clinical) (Q4),Medicine,https://www.mdpi.com/journal/uro,https://doaj.org/toc/8738c46bc33b4ef08a0eb49f908fb4e6,2021,,,2673-4397,"oncology, translational medicine, endourology, female urology, neurourology, lithiasis",English,Switzerland,,,CC BY,,https://www.mdpi.com/journal/uro/about#copyright,True,True,https://www.mdpi.com/authors/rights,Anonymous peer review,https://www.mdpi.com/journal/uro/instructions#editorial_procedure,False,https://www.mdpi.com/journal/uro/about,https://www.mdpi.com/journal/uro/editors,https://www.mdpi.com/journal/uro/instructions,7,True,https://www.mdpi.com/journal/uro/apc,1000 CHF,True,https://www.mdpi.com/apc,False,,CLOCKSS,Swiss National Library,https://portal.issn.org/resource/ISSN/2673-4397#,Open Policy Finder,https://openpolicyfinder.jisc.ac.uk/id/publication/38234,DOI,True,,,RC870-923,False,No,No,Medicine: Internal medicine: Specialties of internal medicine: Diseases of the genitourinary system. Urology,2021-08-30T10:22:37Z,2023-04-12T15:03:23Z,2023-04-12,137,2026-06-25T14:38:27Z,,1000.0,CHF,1130.0,1.13,convertida,2973.68,1000.0,CHF,declarado,,,,"['doaj', 'publindex', 'scimago']",0.01434878587196468,False,False,,True,False,True,True,0,1.0,7,True,0.34210526315789475,0.1635,-0.2692,-0.4581,-0.7284,-1.041,0.1998,0.0319,0.025,0.0349
0120-4211,,,Bistua : Revista  De La Facultad De Ciencias Básicas,2022,C,No disponible,No disponible,No disponible,No disponible,,No registra,Ciencias Químicas,Ciencias Naturales,UNIVERSIDAD DE PAMPLONA,IES,,,632,0120-4211,bistua facultad ciencias basicas,CO,1,2026-09-15,1.0.0,consolidado,5033e55ea56ef40a,,,,,Institut Agama Islam Sunan Giri Ponorogo,,False,,,0,,,,,,,,,,,,,,https://ejournal.insuriponorogo.ac.id/index.php/basica,https://doaj.org/toc/7691a21b4e0c47ac81fe8cb55650c5e7,2021,Basica: Journal of Primary Education,2809-9710,2797-0965,"elementary education, primary education, learning strategies, islamic elementary education",English,Indonesia,,,CC BY-NC,,https://ejournal.insuriponorogo.ac.id/index.php/basica/licensing,True,True,https://ejournal.insuriponorogo.ac.id/index.php/basica/copyright,Double anonymous peer review,https://ejournal.insuriponorogo.ac.id/index.php/basica/peerreview,False,https://ejournal.insuriponorogo.ac.id/index.php/basica/focus_scope,https://ejournal.insuriponorogo.ac.id/index.php/basica/editorial_team,https://ejournal.insuriponorogo.ac.id/index.php/basica/author_guidelines,16,True,https://ejournal.insuriponorogo.ac.id/index.php/basica/publication_fee,500000 IDR,False,,False,,,,,,,DOI,True,,,LC8-6691,False,No,No,Education: Special aspects of education,2025-05-08T05:33:59Z,2025-05-08T05:33:59Z,2025-05-08,31,2025-05-09T00:52:43Z,,2000.0,EUR,2160.0,1.08,convertida,5684.21,500000.0,IDR,observado,,False,,"['doaj', 'facts', 'openapc', 'publindex']",0.002207505518763797,False,False,,True,False,True,True,1,,16,False,,0.0806,0.9715,,,-0.2778,0.3846,,,0.1395
2539-3804,,2539-3804,Lenguaje,2022,C,Colombia,Pacífico,Valle del Cauca,Cali,76001,No registra,Idiomas y Literatura,Humanidades,UNIVERSIDAD DEL VALLE,IES,,,307,2539-3804,lenguaje,CO,1,2026-09-15,1.0.0,consolidado,09a73b63617c7685,,,,,Universidad del Valle,,False,,,0,,,,,,,,,,,,,,https://revistalenguaje.univalle.edu.co/,https://doaj.org/toc/0cb6c0c53b674e2181e64e7a827531de,2004,,0120-3479,2539-3804,"language sciences, linguistics, language teaching","English, French, Spanish",Colombia,Universidad del Valle,,CC BY-NC-ND,,https://revistalenguaje.univalle.edu.co/index.php/lenguaje/about,,False,,Double anonymous peer review,https://revistalenguaje.univalle.edu.co/index.php/lenguaje/about,False,https://revistalenguaje.univalle.edu.co/index.php/lenguaje/about,https://revistalenguaje.univalle.edu.co/index.php/lenguaje/about/editorialTeam,https://revistalenguaje.univalle.edu.co/index.php/lenguaje/information/authors,30,False,https://revistalenguaje.univalle.edu.co/index.php/lenguaje/about,,False,,False,https://revistalenguaje.univalle.edu.co/index.php/lenguaje/about,,,,,,,True,,,PC1-5498|P1-1091,False,No,No,Language and Literature: Romanic languages | Language and Literature: Philology. Linguistics,2018-10-29T23:48:59Z,2020-08-06T13:43:24Z,2020-08-06,653,2026-08-01T16:30:07Z,,1348.15,EUR,1456.0,1.08,sin_monto,3831.58,1348.15,EUR,observado,,False,,"['doaj', 'facts', 'openapc', 'publindex']",0.006622516556291391,False,False,,True,False,True,True,1,,30,False,,0.1088,0.1235,,,0.9093,0.2583,,,0.3023
1794-9998,,2256-3067,Diversitas : Perspectivas En Psicología,2022,B,Colombia,Distrito Capital,"Bogotá, D. C.","Bogotá, D.C.",11001,"Psicología (Incluye Terapias de Aprendizaje, Habla, Visual y Otras Discapacidades Físicas y Mentales)",Psicología,Ciencias Sociales,UNIVERSIDAD SANTO TOMAS,IES,,,"1,014",2256-3067,diversitas perspectivas psicologia,CO,2,2026-09-15,1.0.0,consolidado,9ebce34dfed33f00,,,,,Universidad Autónoma del Estado de México,,False,,,0,,,,,,,,,,,,,,https://hemeroteca.uaemex.mx/index.php/rpsicologia,https://doaj.org/toc/5b78907ca23c4176b5c9bdd315fb003a,2016,,,2007-7149,"behavioral sciences, clinical psychology, occupational psychology, educational psychology, social psychology, psychosocial research",Spanish,Mexico,"Universidad Autónoma del Estado de México, Facultad de Ciencias de la Conducta",Mexico,CC BY-NC-SA,,https://revistapsicologia.uaemex.mx/about,,False,https://revistapsicologia.uaemex.mx/about/submissions,Double anonymous peer review,https://revistapsicologia.uaemex.mx/about,True,https://revistapsicologia.uaemex.mx/about,https://revistapsicologia.uaemex.mx/about/editorialTeam,https://hemeroteca.uaemex.mx/index.php/rpsicologia/about/submissions#authorGuidelines,16,False,https://revistapsicologia.uaemex.mx/about,,False,,False,,,,,,,DOI,True,,,BF1-990,False,No,No,Philosophy. Psychology. Religion: Psychology,2021-01-11T09:56:14Z,2021-01-11T09:56:14Z,2021-01-11,0,,,242.0,EUR,261.36,1.08,sin_monto,687.79,242.0,EUR,observado,,False,,"['doaj', 'facts', 'openapc', 'publindex']",0.011037527593818985,False,False,,True,False,True,True,2,,16,False,,0.2671,-1.3156,,,-0.2778,0.044,,,0.1395
2011-7922,2011-2084,2011-7922,International Journal Of Psychological Research,2022,B,Colombia,Eje Cafetero,Antioquia,Medellín,05001,No registra,Psicología,Ciencias Sociales,UNIVERSIDAD DE SAN BUENAVENTURA,IES,,,"1,033",2011-7922,psychological,CO,2,2026-09-15,1.0.0,consolidado,8ad7c33bbafae92e,8,21100200401,journal,psychological,Universidad de San Buenaventura,True,True,0.341,Q3,2,23,20,69,1042,90,65,1.15,52.1,0.375,0,2011-2025,Psychology (miscellaneous) (Q3),Psychology,https://revistas.usb.edu.co/index.php/IJPR/index,https://doaj.org/toc/fd97239e293d42349f4c1d9d9eb866e2,2013,,2011-2084,2011-7922,"psychology, neuroscience, behaviour, psychiatry, neurology, mental health",English,Colombia,,,CC BY-NC-ND,,https://revistas.usb.edu.co/index.php/IJPR/about,True,True,https://revistas.usb.edu.co/index.php/IJPR/about,Double anonymous peer review,https://revistas.usb.edu.co/index.php/IJPR/about#peer,False,https://revistas.usb.edu.co/index.php/IJPR/about,https://revistas.usb.edu.co/index.php/IJPR/about/editorialTeam,https://revistas.usb.edu.co/index.php/IJPR/about/submissions,26,False,https://revistas.usb.edu.co/index.php/IJPR/about#open,,False,,False,,PMC,,https://pmc.ncbi.nlm.nih.gov/journals/?term=International+Journal+of+Psychological+Research,,,DOI,True,,,BF1-990,False,No,No,Philosophy. Psychology. Religion: Psychology,2025-11-28T08:15:51Z,2025-11-28T08:15:51Z,2025-11-28,467,2025-01-27T15:32:16Z,,2640.0,EUR,2851.2,1.08,sin_monto,7503.16,2640.0,EUR,observado,,True,,"['doaj', 'facts', 'openapc', 'publindex', 'scimago']",0.004415011037527594,False,False,,True,False,True,True,0,1.0,26,False,1.3043478260869565,0.2191,1.8042,2.3028,2.0931,0.5701,0.5086,0.2961,0.525,0.2558
2145-4426,,2145-7778,"Trilogía. Ciencia, Tecnologia Y Sociedad",2022,C,Colombia,Eje Cafetero,Antioquia,Medellín,05001,"Ciencias Sociales, Interdisciplinaria",Otras Ciencias Sociales,Ciencias Sociales,INSTITUTO TECNOLOGICO METROPOLITANO DE MEDELLIN,IES,,,365,2145-7778,trilogia ciencia tecnologia sociedad,CO,1,2026-09-15,1.0.0,consolidado,53396a63f4e092a2,,,,,"4S go, s.r.o.",,False,,,0,,,,,,,,,,,,,,http://actatecnologia.eu,https://doaj.org/toc/52d17453503849c586d6c751cece28ef,2015,International Scientific Journal about Technologies,,2453-675X,"technology, technics, industry, education",English,Slovakia,"4S go, s.r.o.",Slovakia,CC BY-NC,,http://actatecnologia.eu/index.php?stranka=openaccesspolicy,,False,https://actatecnologia.eu/index.php?stranka=copyrightnotice,Anonymous peer review,https://actatecnologia.eu/index.php?stranka=reviewprocess,False,http://actatecnologia.eu/index.php?stranka=home,http://actatecnologia.eu/index.php?stranka=editorialboard,http://actatecnologia.eu/index.php?stranka=forauthors,4,True,https://actatecnologia.eu/index.php?stranka=publishingfeewaiverpolicy,315 EUR,True,https://actatecnologia.eu/index.php?stranka=publishingfeewaiverpolicy,False,,Digital archiving and preservation policy,,https://actatecnologia.eu/index.php?stranka=archivingpreservationpolicy,,,DOI,True,,,T,False,No,No,Technology,2016-05-06T10:12:12Z,2022-02-13T18:20:38Z,2022-02-13,62,2020-02-09T20:38:37Z,,315.0,EUR,340.2,1.08,convertida,895.26,315.0,EUR,declarado,,,,"['doaj', 'publindex']",0.004415011037527594,False,False,,True,False,True,True,1,,4,True,,0.2437,-1.2206,,,-1.2954,0.0581,,,0.0
0121-5051,0121-5051,,"Innovar, Revista De Ciencias Administrativas Y Sociales",2022,B,Colombia,Distrito Capital,"Bogotá, D. C.","Bogotá, D.C.",11001,No registra,Economía y Negocios,Ciencias Sociales,UNIVERSIDAD NACIONAL DE COLOMBIA,IES,,,83,0121-5051,innovar ciencias administrativas sociales,CO,2,2026-09-15,1.0.0,consolidado,eb94f19e1704fac4,101,11600153630,journal,,Universidad Nacional de Colombia,True,True,0.15,Q4,1,20,46,133,3058,91,120,0.61,66.48,0.49479999999999996,1,2008-2026,Accounting (Q4); Marketing (Q4); Public Administration (Q4); Sociology and Political Science (Q4); Strategy and Management (Q4),"Business, Management and Accounting; Social Sciences",https://revistas.unal.edu.co/index.php/innovar/index,https://doaj.org/toc/7fa3e5b91de446d9803c7bfb374cdf57,2000,INNOVAR,0121-5051,2248-6968,"management, accounting, marketing, social sciences, finance, organization","English, French, Portuguese, Spanish",Colombia,,,CC BY-NC-SA,,https://revistas.unal.edu.co/index.php/innovar/about,,False,https://revistas.unal.edu.co/index.php/innovar/about/submissions,Anonymous peer review,https://revistas.unal.edu.co/index.php/innovar/about,True,https://revistas.unal.edu.co/index.php/innovar/about,https://revistas.unal.edu.co/index.php/innovar/about/editorialTeam,https://revistas.unal.edu.co/index.php/innovar/about/submissions#authorGuidelines,53,False,https://revistas.unal.edu.co/index.php/innovar/about,,False,,False,,,,,,,DOI,True,,,H|HF1-6182|HF5001-6182,False,No,No,Social Sciences: Commerce: Business,2010-07-27T10:45:37Z,2021-02-16T07:11:15Z,2021-02-16,1476,2026-08-08T10:36:08Z,innovar ciencias administrativas sociales,2000.0,EUR,2160.0,1.08,sin_monto,5684.21,2331.51,EUR,observado,,False,,"['doaj', 'facts', 'openapc', 'publindex', 'scimago']",0.04525386313465784,False,False,,True,False,True,True,1,2.0,53,False,0.6842105263157895,0.1209,0.9715,-0.1499,1.6699,2.8596,0.3846,0.0614,0.45,0.5698
0121-5612,0121-5612,1900-6004,Colombia Internacional,2022,A1,Colombia,Distrito Capital,"Bogotá, D. C.","Bogotá, D.C.",11001,No registra,Ciencias Políticas,Ciencias Sociales,UNIVERSIDAD DE LOS ANDES,IES,,,45,1900-6004,colombia internacional,CO,4,2026-09-15,1.0.0,consolidado,efba389c43952dbf,26,5800169849,journal,colombia internacional,"Universidad de los Andes, Colombia",True,True,0.239,Q1,4,18,20,85,1414,68,85,0.6,70.7,0.5294,0,2011-2026,History (Q1); Political Science and International Relations (Q3); Sociology and Political Science (Q3),Arts and Humanities; Social Sciences,https://revistas.ufrj.br/index.php/inter/index,https://doaj.org/toc/768fcbf9be3d40758f9d030bad2caacc,2018,Inter: Revista de Direito Internacional e Direitos Humanos da UFRJ,,2596-3503,"international right, human rights, environment, humanities, social sciences","Portuguese, English, Spanish, Italian, French",Brazil,Universidade Federal do Rio de Janeiro,Brazil,CC BY-NC-ND,,https://revistas.ufrj.br/index.php/inter/index,True,False,https://revistas.ufrj.br/index.php/inter/about/submissions#copyrightNotice,Double anonymous peer review,https://revistas.ufrj.br/index.php/inter/about/editorialPolicies#peerReviewProcess,True,https://revistas.ufrj.br/index.php/inter/about/editorialPolicies#focusAndScope,https://revistas.ufrj.br/index.php/inter/about/editorialTeam,https://revistas.ufrj.br/index.php/inter/about/submissions#authorGuidelines,12,False,https://revistas.ufrj.br/index.php/inter/about/submissions#authorGuidelines,,False,,False,,,,,Diadorim,https://diadorim.ibict.br/handle/1/2046,,True,,,H|JZ2-6530,False,No,No,Social Sciences | Political science: International relations,2022-07-23T07:10:06Z,2022-07-23T07:10:06Z,2022-07-23,79,2022-07-26T21:54:07Z,,2140.37,EUR,2311.6,1.08,sin_monto,6083.16,2140.37,EUR,observado,,True,,"['doaj', 'facts', 'openapc', 'publindex', 'scimago']",0.00772626931567329,False,False,,True,False,True,True,0,1.0,12,True,0.8,0.1825,1.1542,0.993,1.3877,-0.617,0.4118,0.1708,0.4,0.093
0124-5376,1657-0448,2539-200X,Biota Colombiana,2021,B,Colombia,Distrito Capital,"Bogotá, D. C.","Bogotá, D.C.",11001,Otras Biologías,Ciencias Biológicas,Ciencias Naturales,INSTITUTO DE INVESTIGACION DE RECURSOS BIOLOGICOS ALEXANDER VON HUMBOLDT,Centros,,,477,2539-200X,biota colombiana,CO,2,2026-09-15,1.0.0,consolidado,5e862c0351489c59,163,21101259010,journal,,MDPI AG,True,False,0.105,Q4,1,2,58,123,889,5,91,0.06,15.33,0.5539999999999999,0,2020-2026,Dermatology (Q4); Surgery (Q4),Medicine,https://www.mdpi.com/journal/IoT,https://doaj.org/toc/4e78a2aa05a04bc8805c8b3c7850dcce,2020,,,2624-831X,"artificial intelligence, practical and innovative uses of iot networks, networks of smart objects, cyber–physical systems, augmented reality and virtual reality in iot, iot-enabled devices",English,Switzerland,,,CC BY,,https://www.mdpi.com/journal/IoT/about,True,True,https://www.mdpi.com/authors/rights,Anonymous peer review,https://www.mdpi.com/journal/IoT/instructions,False,https://www.mdpi.com/journal/iot/about,https://www.mdpi.com/journal/iot/editors,https://www.mdpi.com/journal/iot/instructions,11,True,https://www.mdpi.com/journal/iot/apc,1200 CHF,True,https://www.mdpi.com/apc,False,,CLOCKSS,Swiss National Library,https://portal.issn.org/resource/ISSN/2624-831X#,Open Policy Finder,https://openpolicyfinder.jisc.ac.uk/id/publication/35297,DOI,True,,,QA76.75-76.765|T|Q300-390,False,No,No,Science: Mathematics: Instruments and machines: Electronic computers. Computer science: Computer software | Technology | Science: Science (General): Cybernetics,2021-03-29T14:33:59Z,2023-04-12T14:59:19Z,2023-04-12,250,2026-06-25T14:03:58Z,,837.19,EUR,904.17,1.08,convertida,2379.39,1200.0,CHF,observado,,False,,"['doaj', 'facts', 'openapc', 'publindex', 'scimago']",0.011037527593818985,False,False,,True,False,True,True,1,2.0,11,True,0.04065040650406504,0.1573,-0.5413,-0.7278,-0.8695,-0.7018,0.1593,0.0061,0.0,0.0814
0122-1701,,2344-7214,Scientia Et Technica,2021,B,Colombia,Eje Cafetero,Risaralda,Pereira,66001,Otras Ingenierías y Tecnologías,Otras Ingenierías y Tecnologías,Ingeniería y Tecnología,UNIVERSIDAD TECNOLOGICA DE PEREIRA,IES,,,136,2344-7214,scientia et technica,CO,2,2026-09-15,1.0.0,consolidado,beb91f61b7e35e2d,,,,,MDPI AG,,False,,,0,,,,,,,,,,,,,,https://www.mdpi.com/journal/sci,https://doaj.org/toc/c0aeec796ad246819d41b091d7a3ac28,2020,,,2413-4155,"sciences, technology, medicine, engineering, materials, physics",English,Switzerland,,,CC BY,,https://www.mdpi.com/journal/sci/about,True,True,http://www.mdpi.com/about/openaccess,Open peer review,https://www.mdpi.com/journal/sci/instructions#editorial_procedure,True,https://www.mdpi.com/journal/sci/about,https://www.mdpi.com/journal/sci/editors,https://www.mdpi.com/journal/sci/instructions,11,True,https://www.mdpi.com/journal/sci/apc,1200 CHF,True,https://www.mdpi.com/apc,False,https://www.mdpi.com/journal/sci/apc,CLOCKSS,Swiss National Library,https://portal.issn.org/resource/ISSN/2413-4155#,Open Policy Finder,,DOI,True,,,Q,False,No,No,Science,2020-09-14T16:33:21Z,2023-05-02T09:03:15Z,2023-05-02,607,2026-07-27T13:54:08Z,,1139.73,EUR,1230.91,1.08,convertida,3239.24,1200.0,CHF,observado,,False,,"['doaj', 'facts', 'openapc', 'publindex']",0.011037527593818985,False,False,,True,True,True,True,2,,11,True,,0.1224,-0.1477,,,-0.7018,0.2179,,,0.0814
0120-8942,,2027-5366,Dikaion - Lo Justo,2021,C,Colombia,Centro Oriente,Cundinamarca,Chía,25175,Derecho,Derecho,Ciencias Sociales,UNIVERSIDAD DE LA SABANA,IES,,,573,2027-5366,dikaion lo justo,CO,1,2026-09-15,1.0.0,consolidado,f0296fec1a075f41,,,,,MDPI AG,,False,,,0,,,,,,,,,,,,,,https://www.mdpi.com/journal/ai,https://doaj.org/toc/557dd0fa89224513a06e64a365aaf8a3,2020,,,2673-2688,"artificial intelligence, machine learning, robotics, fuzzy logic, artificial neural networks",English,Switzerland,,,CC BY,,https://www.mdpi.com/journal/ai/about#copyright,True,True,https://www.mdpi.com/authors/rights,Anonymous peer review,http://www.mdpi.com/journal/ai/instructions#editorial_procedure,True,https://www.mdpi.com/journal/ai/about,https://www.mdpi.com/journal/ai/editors,https://www.mdpi.com/journal/ai/instructions,6,True,https://www.mdpi.com/journal/ai/apc,1600 CHF,True,https://www.mdpi.com/apc,False,,CLOCKSS,Swiss National Library,http://www.mdpi.com/journal/ai/indexing,Open Policy Finder,https://openpolicyfinder.jisc.ac.uk/id/publication/38174,DOI,True,,,QA75.5-76.95,False,No,No,Science: Mathematics: Instruments and machines: Electronic computers. Computer science,2020-10-21T19:42:31Z,2024-04-10T15:29:29Z,2024-04-10,908,2026-07-27T13:15:22Z,,682.0,EUR,736.56,1.08,convertida,1938.32,1600.0,CHF,observado,,False,,"['doaj', 'facts', 'openapc', 'publindex']",0.011037527593818985,False,False,,True,False,True,True,1,,6,True,,0.1692,-0.7432,,,-1.1258,0.1292,,,0.0233
1692-3561,,1909-9959,Biotecnología En El Sector Agropecuario Y Agroindustrial,2021,B,Colombia,Pacífico,Cauca,Popayán,19001,Otras Ciencias Agrícolas,Otras Ciencias Agrícolas,Ciencias Agrícolas,UNIVERSIDAD DEL CAUCA,IES,,,739,1909-9959,biotecnologia sector agropecuario agroindustrial,CO,2,2026-09-15,1.0.0,consolidado,b56edb6644f3f4cd,,,,,"4S go, s.r.o.",,False,,,0,,,,,,,,,,,,,,http://actatecnologia.eu,https://doaj.org/toc/52d17453503849c586d6c751cece28ef,2015,International Scientific Journal about Technologies,,2453-675X,"technology, technics, industry, education",English,Slovakia,"4S go, s.r.o.",Slovakia,CC BY-NC,,http://actatecnologia.eu/index.php?stranka=openaccesspolicy,,False,https://actatecnologia.eu/index.php?stranka=copyrightnotice,Anonymous peer review,https://actatecnologia.eu/index.php?stranka=reviewprocess,False,http://actatecnologia.eu/index.php?stranka=home,http://actatecnologia.eu/index.php?stranka=editorialboard,http://actatecnologia.eu/index.php?stranka=forauthors,4,True,https://actatecnologia.eu/index.php?stranka=publishingfeewaiverpolicy,315 EUR,True,https://actatecnologia.eu/index.php?stranka=publishingfeewaiverpolicy,False,,Digital archiving and preservation policy,,https://actatecnologia.eu/index.php?stranka=archivingpreservationpolicy,,,DOI,True,,,T,False,No,No,Technology,2016-05-06T10:12:12Z,2022-02-13T18:20:38Z,2022-02-13,62,2020-02-09T20:38:37Z,,2232.92,EUR,2411.55,1.08,convertida,6346.18,315.0,EUR,observado,,True,,"['doaj', 'facts', 'openapc', 'publindex']",0.004415011037527594,False,False,,True,False,True,True,2,,4,True,,0.0738,1.2746,,,-1.2954,0.4297,,,0.0
0034-7426,2357-4100,,Revista Colombiana De Matemáticas,2021,C,Colombia,Distrito Capital,"Bogotá, D. C.","Bogotá, D.C.",11001,No registra,Matemática,Ciencias Naturales,UNIVERSIDAD NACIONAL DE COLOMBIA,IES,,,269,0034-7426,colombiana matematicas,CO,1,2026-09-15,1.0.0,consolidado,9081f9eabe34c404,78,21100332207,journal,colombiana matematicas,Universidad Nacional de Colombia,True,True,0.171,Q4,1,10,10,38,212,25,38,0.48,21.2,0.0385,0,2014-2025,Mathematics (miscellaneous) (Q4),Mathematics,https://econtents.bc.unicamp.br/inpec/index.php/tematicas/index,https://doaj.org/toc/206a7d3876cd4cbb81c74313609a5a05,2012,,1413-2486,2595-315X,"social science, sociology, anthropology, political science, demography",Portuguese,Brazil,UNICAMP,,CC BY-NC-SA,,https://econtents.bc.unicamp.br/inpec/index.php/tematicas/pda,,True,https://econtents.bc.unicamp.br/inpec/index.php/tematicas/pda,Double anonymous peer review,https://econtents.bc.unicamp.br/inpec/index.php/tematicas/about,True,https://econtents.bc.unicamp.br/inpec/index.php/tematicas/about,https://econtents.bc.unicamp.br/inpec/index.php/tematicas/about/editorialTeam,https://econtents.bc.unicamp.br/inpec/index.php/tematicas/about/submissions,20,False,https://econtents.bc.unicamp.br/inpec/index.php/tematicas/taxa,,False,,False,https://econtents.bc.unicamp.br/inpec/index.php/tematicas/taxa,"LOCKSS, PKP PN",,https://econtents.bc.unicamp.br/inpec/index.php/tematicas/parq,Diadorim,,DOI,True,,,JA1-92|H1-99,False,No,No,Political science: Political science (General) | Social Sciences: Social sciences (General),2020-10-13T19:59:55Z,2020-10-13T19:59:55Z,2020-10-13,0,,,2331.51,EUR,2518.03,1.08,sin_monto,6626.39,2331.51,EUR,observado,,True,,"['doaj', 'facts', 'publindex', 'scimago']",0.04525386313465784,False,False,,True,False,True,True,0,1.0,20,False,0.6578947368421053,0.1218,1.4028,0.1198,0.2591,0.0613,0.4488,0.0872,0.2,0.186
2027-2448,,,Revista Pensamiento Americano,2021,C,Colombia,Caribe,Atlántico,Barranquilla,08001,Otras Ciencias Sociales,Otras Ciencias Sociales,Ciencias Sociales,CORPORACION UNIVERSITARIA AMERICANA,IES,,,"1,191",2027-2448,pensamiento americano,CO,1,2026-09-15,1.0.0,consolidado,a9beb936d24e2933,,,,,Fundación Universitaria Española,,False,,,0,,,,,,,,,,,,,,https://revistas.fuesp.com/cpe/index,https://doaj.org/toc/bb269cc9fad64f3a89ca43c91327b7fc,2018,,0214-0284,2660-6070,"philosophy, humanities, political thought, social sciences, education","Spanish, English",Spain,,,CC BY-NC,,https://revistas.fuesp.com/cpe/Openaccess,True,True,https://revistas.fuesp.com/cpe/Openaccess,Double anonymous peer review,https://revistas.fuesp.com/cpe/revisores,True,https://revistas.fuesp.com/cpe/about,https://revistas.fuesp.com/cpe/about/editorialTeam,https://revistas.fuesp.com/cpe/about,36,False,https://revistas.fuesp.com/cpe/Openaccess,,False,,False,,PKP PN,,https://portal.issn.org/resource/ISSN/2660-6070,"Dulcinea, Open Policy Finder",https://www.accesoabierto.net/dulcinea/ficha3639,DOI,True,,,B1-5802,False,No,No,Philosophy. Psychology. Religion: Philosophy (General),2022-02-14T10:27:48Z,2022-08-26T22:40:45Z,2022-08-26,117,2025-12-05T12:11:45Z,,1828.24,EUR,1974.5,1.08,sin_monto,5196.05,1828.24,EUR,observado,,True,,"['doaj', 'facts', 'openapc', 'publindex']",0.00772626931567329,False,False,,True,False,True,True,1,,36,False,,0.0865,0.7481,,,1.4181,0.3513,,,0.3721
2011-3188,,2215-969X,Dearquitectura,2021,C,Colombia,Distrito Capital,"Bogotá, D. C.","Bogotá, D.C.",11001,Arquitectura y Urbanismo,Arte,Humanidades,UNIVERSIDAD DE LOS ANDES,IES,,,135,2215-969X,dearquitectura,CO,1,2026-09-15,1.0.0,consolidado,762e34cbe617b6bb,,,,,Universidad de Los Andes,,False,,,0,,,,,,,,,,,,,,https://revistas.uniandes.edu.co/index.php/dearq/index,https://doaj.org/toc/ef445c65a895438cbf7bcbd211bbb8f0,2007,,,2215-969X,"architecture, urbanism, architectural projects","English, Spanish",Colombia,,,CC BY-NC-ND,,https://revistas.uniandes.edu.co/index.php/dearq/about,,False,https://revistas.uniandes.edu.co/index.php/dearq/editorial-policy,Double anonymous peer review,https://revistas.uniandes.edu.co/index.php/dearq/editorial-policy,False,https://revistas.uniandes.edu.co/index.php/dearq/about,https://revistas.uniandes.edu.co/index.php/dearq/executive-board,https://revistas.uniandes.edu.co/index.php/dearq/article-prep,24,False,https://revistas.uniandes.edu.co/index.php/dearq/editorial-policy,,False,,False,,,,,,,DOI,True,,,NA1-9428,False,No,No,Fine Arts: Architecture,2017-08-30T20:51:57Z,2023-03-13T15:12:11Z,2023-03-13,475,2025-12-16T16:57:00Z,dearq,2838.0,EUR,3065.04,1.08,sin_monto,8065.89,2838.0,EUR,observado,,True,,"['doaj', 'facts', 'openapc', 'publindex']",0.0011037527593818985,False,False,,True,False,True,True,1,,24,False,,0.0605,2.0618,,,0.4005,0.547,,,0.2326
0122-0667,,2539-5203,Revista Medica De Risaralda,2021,C,Colombia,Eje Cafetero,Risaralda,Pereira,66001,No registra,Medicina Clínica,Ciencias Médicas y de la Salud,UNIVERSIDAD TECNOLOGICA DE PEREIRA,IES,,,362,2539-5203,medica risaralda,CO,1,2026-09-15,1.0.0,consolidado,a49a610531c799d2,,,,,Wiley,,False,,,0,,,,,,,,,,,,,,https://onlinelibrary.wiley.com/journal/29984971,https://doaj.org/toc/cc53fdc020c64c72b35ec033e3ae5bc3,2025,,2998-4963,2998-4971,"medicine, biomedical science, human health, translational research, clinical practice",English,United States,International Society for Health Data Science,,CC BY,,https://onlinelibrary.wiley.com/page/journal/29984971/homepage/open-access,True,True,https://authorservices.wiley.com/author-resources/Journal-Authors/licensing/open-access-agreements.html,Double anonymous peer review,https://onlinelibrary.wiley.com/page/journal/29984971/homepage/author-guidelines,True,https://onlinelibrary.wiley.com/page/journal/29984971/homepage/overview,https://onlinelibrary.wiley.com/page/journal/29984971/homepage/editorial-board,https://onlinelibrary.wiley.com/page/journal/29984971/homepage/author-guidelines,14,True,https://onlinelibrary.wiley.com/page/journal/29984971/homepage/open-access,3000 USD; 2207 GBP; 2601 EUR,True,https://authorservices.wiley.com/open-research/open-access/for-authors/waivers-and-discounts.html,False,,"CLOCKSS, Portico",,https://onlinelibrary.wiley.com/library-info/resources/preservation,Open Policy Finder,https://openpolicyfinder.jisc.ac.uk/id/publication/46615,DOI,True,,,R,False,No,No,Medicine,2026-02-25T15:09:33Z,2026-02-25T15:09:33Z,,60,2026-06-10T10:59:22Z,,300.0,EUR,324.0,1.08,convertida,852.63,3000.0,USD,observado,,False,,"['doaj', 'facts', 'openapc', 'publindex']",0.006622516556291391,False,False,,True,False,True,True,1,,14,False,,0.2482,-1.2401,,,-0.4474,0.0552,,,0.1163
0304-3584,,2145-7166,Actualidades Biológicas,2021,C,Colombia,Eje Cafetero,Antioquia,Medellín,05001,No registra,Ciencias Biológicas,Ciencias Naturales,UNIVERSIDAD DE ANTIOQUIA,IES,,,17,2145-7166,actualidades biologicas,CO,1,2026-09-15,1.0.0,consolidado,19c5123752448438,,,,,"Faculty of Biological Sciences, University of Nigeria, Nsukka",,False,,,0,,,,,,,,,,,,,,https://www.ajol.info/index.php/br,https://doaj.org/toc/528eeea1857542f5a61412e1987e0875,2019,Journal of Biological Research and Biotechnology,1596-7409,2705-3822,"biological, biotechnology, cell and molecular biology, medical sciences",English,Nigeria,,,CC BY-NC-ND,,https://www.ajol.info/index.php/br/about,True,True,https://www.ajol.info/index.php/br/about/submissions,Double anonymous peer review,https://www.ajol.info/index.php/br/about/submissions,True,https://www.ajol.info/index.php/br/about,https://www.ajol.info/index.php/br/about/editorialTeam,https://www.ajol.info/index.php/br/about/submissions,10,True,https://www.ajol.info/index.php/br/about/submissions,30000 NGN; 100 USD,False,,False,,,,,,,DOI,True,,,R|QH301-705.5,False,No,No,Medicine | Science: Biology (General),2024-05-31T21:19:15Z,2024-05-31T21:19:15Z,2024-05-31,0,,,2648.07,EUR,2859.92,1.08,convertida,7526.11,30000.0,NGN,observado,,True,,"['doaj', 'facts', 'openapc', 'publindex']",0.004415011037527594,False,False,,True,False,True,True,1,,10,True,,0.0641,1.8147,,,-0.7866,0.5102,,,0.0698
1692-6013,,2500-8692,Novum Jus: Revista Especializada en Sociología Jurídica y Política,2021,C,No disponible,No disponible,No disponible,No disponible,,No registra,Otras Ciencias Sociales,Ciencias Sociales,UNIVERSIDAD CATOLICA DE COLOMBIA,IES,,,607,2500-8692,novum jus especializada sociologia juridica politica,CO,1,2026-09-15,1.0.0,consolidado,c477cab04404fa15,164,21101145379,journal,,Technological University of Pereira,False,False,0.101,Q4,1,3,23,57,1014,4,52,0.08,44.09,0.23079999999999998,0,2019-2025,History (Q4); Political Science and International Relations (Q4),Arts and Humanities; Social Sciences,https://revistadesociologia.uchile.cl,https://doaj.org/toc/786f705b1a1a4960aeeec9d13c39bafc,2010,,0716-632X,0719-529X,"social sciences, epistemology, chilhood, gender studies, child abuse, sociology","French, Portuguese, English, Spanish",Chile,,,CC BY-NC-SA,,https://revistadesociologia.uchile.cl/index.php/RDS/derechosautor,,True,https://revistadesociologia.uchile.cl/index.php/RDS/derechosautor,Double anonymous peer review,https://revistadesociologia.uchile.cl/index.php/RDS/politicaspublicacion,True,https://revistadesociologia.uchile.cl/index.php/RDS/about,https://revistadesociologia.uchile.cl/index.php/RDS/about/editorialTeam,https://revistadesociologia.uchile.cl/index.php/RDS/normasautores,30,False,https://revistadesociologia.uchile.cl/index.php/RDS/accesoabierto,,False,,False,,,,,,,DOI,True,,,HM401-1281,False,No,No,Social Sciences: Sociology (General),2024-01-03T07:55:15Z,2024-01-03T07:55:15Z,2024-01-03,39,2024-01-03T12:10:34Z,,2443.03,EUR,2638.47,1.08,sin_monto,6943.34,2331.51,EUR,observado,,True,,"['doaj', 'facts', 'openapc', 'publindex', 'scimago']",0.02869757174392936,False,False,,True,False,True,True,0,1.0,30,False,0.07017543859649122,0.0692,1.5479,-0.7791,-0.7284,0.9093,0.4704,0.0012,0.025,0.3023
1900-6896,1657-0448,2590-9452,Revista Colombiana De Bioética,2021,C,Colombia,Distrito Capital,"Bogotá, D. C.","Bogotá, D.C.",11001,No registra,Otras Humanidades,Humanidades,UNIVERSIDAD EL BOSQUE,IES,,,"1,165",2590-9452,colombiana bioetica,CO,1,2026-09-15,1.0.0,consolidado,9e657bf6838e3f18,163,21101259010,journal,,"Faculty of Biological Sciences, University of Nigeria, Nsukka",True,False,0.105,Q4,1,2,58,123,889,5,91,0.06,15.33,0.5539999999999999,0,2020-2026,Dermatology (Q4); Surgery (Q4),Medicine,https://www.ajol.info/index.php/br,https://doaj.org/toc/528eeea1857542f5a61412e1987e0875,2019,Journal of Biological Research and Biotechnology,1596-7409,2705-3822,"biological, biotechnology, cell and molecular biology, medical sciences",English,Nigeria,,,CC BY-NC-ND,,https://www.ajol.info/index.php/br/about,True,True,https://www.ajol.info/index.php/br/about/submissions,Double anonymous peer review,https://www.ajol.info/index.php/br/about/submissions,True,https://www.ajol.info/index.php/br/about,https://www.ajol.info/index.php/br/about/editorialTeam,https://www.ajol.info/index.php/br/about/submissions,10,True,https://www.ajol.info/index.php/br/about/submissions,30000 NGN; 100 USD,False,,False,,,,,,,DOI,True,,,R|QH301-705.5,False,No,No,Medicine | Science: Biology (General),2024-05-31T21:19:15Z,2024-05-31T21:19:15Z,2024-05-31,0,,,30000.0,NGN,19.5,0.00065,convertida,51.32,30000.0,NGN,declarado,,,,"['doaj', 'publindex', 'scimago']",0.004415011037527594,False,False,,True,False,True,True,0,1.0,10,True,0.04065040650406504,0.3978,-1.6069,-0.7278,-0.8695,-0.7866,0.0006,0.0061,0.0,0.0698
0123-9015,2389-7708,2346-0199,Revista Colombiana De Cancerología,2021,C,Colombia,Distrito Capital,"Bogotá, D. C.","Bogotá, D.C.",11001,Oncología,Medicina Clínica,Ciencias Médicas y de la Salud,INSTITUTO NACIONAL DE CANCEROLOGIA ESE,Centros,,,446,2346-0199,colombiana cancerologia,CO,1,2026-09-15,1.0.0,consolidado,71e949b69d4108bd,144,21101075272,journal,,Asociacion Colombiana de Nefrologia e Hipertension Arterial,True,True,0.122,Q4,1,5,44,122,1381,24,109,0.23,31.39,0.4036,0,2019-2026,Nephrology (Q4),Medicine,https://www.revistanefrologia.org/,https://doaj.org/toc/7bf1c7b28b0340a48781d4deaff8154c,2014,,,2500-5006,"nephrology, arterial hypertension, nephritis, vasculitis, renal transplant","Spanish, English",Colombia,,,CC BY-NC-ND,,https://www.revistanefrologia.org/index.php/rcn/access,True,True,https://revistanefrologia.org/index.php/rcn/about/submissions,Double anonymous peer review,https://www.revistanefrologia.org/index.php/rcn/review,True,https://www.revistanefrologia.org/index.php/rcn/about,https://www.revistanefrologia.org/index.php/rcn/about/editorialTeam,https://www.revistanefrologia.org/index.php/rcn/about/submissions,10,False,https://www.revistanefrologia.org/index.php/rcn/about/submissions,,False,,False,,,,,,,DOI,True,,,RC31-1245|RC870-923,False,No,No,Medicine: Internal medicine: Specialties of internal medicine: Diseases of the genitourinary system. Urology,2018-03-03T12:31:23Z,2022-06-22T14:58:14Z,2022-06-22,338,2024-10-21T21:06:03Z,,2400.0,EUR,2592.0,1.08,sin_monto,6821.05,2066.41,EUR,observado,,True,,"['doaj', 'facts', 'openapc', 'publindex', 'scimago']",0.00772626931567329,False,False,,True,False,True,True,0,1.0,10,True,0.19672131147540983,0.0849,1.4919,-0.5095,-0.4463,-0.7866,0.4621,0.027,0.075,0.0698
2027-1786,,2500-6517,Revista Iberoamericana De Psicología: Ciencia Y Tecnología,2021,C,Colombia,Distrito Capital,"Bogotá, D. C.","Bogotá, D.C.",11001,"Psicología (Incluye Terapias de Aprendizaje, Habla, Visual y Otras Discapacidades Físicas y Mentales)",Psicología,Ciencias Sociales,CORPORACION UNIVERSITARIA IBEROAMERICANA,IES,,,475,2500-6517,iberoamericana psicologia ciencia tecnologia,CO,1,2026-09-15,1.0.0,consolidado,cda73868f94761f7,,,,,Universidad Autónoma del Estado de México,,False,,,0,,,,,,,,,,,,,,https://hemeroteca.uaemex.mx/index.php/rpsicologia,https://doaj.org/toc/5b78907ca23c4176b5c9bdd315fb003a,2016,,,2007-7149,"behavioral sciences, clinical psychology, occupational psychology, educational psychology, social psychology, psychosocial research",Spanish,Mexico,"Universidad Autónoma del Estado de México, Facultad de Ciencias de la Conducta",Mexico,CC BY-NC-SA,,https://revistapsicologia.uaemex.mx/about,,False,https://revistapsicologia.uaemex.mx/about/submissions,Double anonymous peer review,https://revistapsicologia.uaemex.mx/about,True,https://revistapsicologia.uaemex.mx/about,https://revistapsicologia.uaemex.mx/about/editorialTeam,https://hemeroteca.uaemex.mx/index.php/rpsicologia/about/submissions#authorGuidelines,16,False,https://revistapsicologia.uaemex.mx/about,,False,,False,,,,,,,DOI,True,,,BF1-990,False,No,No,Philosophy. Psychology. Religion: Psychology,2021-01-11T09:56:14Z,2021-01-11T09:56:14Z,2021-01-11,0,,,1828.24,EUR,1974.5,1.08,sin_monto,5196.05,1828.24,EUR,observado,,True,,"['doaj', 'facts', 'openapc', 'publindex']",0.011037527593818985,False,False,,True,False,True,True,1,,16,False,,0.0865,0.7481,,,-0.2778,0.3513,,,0.1395
2027-2103,,,Cuadernos De Vivienda Y Urbanismo,2021,B,Colombia,Distrito Capital,"Bogotá, D. C.","Bogotá, D.C.",11001,No registra,Arte,Humanidades,PONTIFICIA UNIVERSIDAD JAVERIANA,IES,,,149,2027-2103,vivienda urbanismo,CO,2,2026-09-15,1.0.0,consolidado,8ecd1bd9cf67855c,,,,,"Cairo University, Faculty of Urban and Regional Planning in Cooperation with The Egyptian Knowledge Bank (EKB).",,False,,,0,,,,,,,,,,,,,,https://jur.journals.ekb.eg/,https://doaj.org/toc/9fcc2ffeb4ff48469266583652adfbab,2015,,2090-0694,2682-4515,"architecture and urbanism, urban design, landscape, urban environmental studies, urban planning, regional planning and development","English, Arabic",Egypt,,,CC BY-NC-ND,,https://jur.journals.ekb.eg/journal/about,True,True,https://jur.journals.ekb.eg/journal/about,Double anonymous peer review,https://jur.journals.ekb.eg/journal/process,True,https://jur.journals.ekb.eg/journal/aim_scope,https://jur.journals.ekb.eg/journal/editorial.board,https://jur.journals.ekb.eg/journal/authors.note,16,True,https://jur.journals.ekb.eg/journal/authors.note,79 USD; 1500 EGP,False,,True,https://jur.journals.ekb.eg/journal/authors.note,,,,,,DOI,True,,,GF125|HT361-384,False,No,No,Geography. Anthropology. Recreation: Human ecology. Anthropogeography: Settlements: Cities. Urban geography | Social Sciences: Communities. Classes. Races: Urban groups. The city. Urban sociology: Urbanization. City and country,2022-08-04T12:24:16Z,2022-08-04T12:24:16Z,2022-08-04,119,2026-01-13T10:24:34Z,,661.3,EUR,714.2,1.08,convertida,1879.47,79.0,USD,observado,,True,,"['doaj', 'facts', 'openapc', 'publindex']",0.0011037527593818985,False,False,,True,False,True,True,2,,16,False,,0.1721,-0.7701,,,-0.2778,0.1252,,,0.1395
2590-843X,1657-0448,2216-1201,Revista Colombiana De Ciencias Sociales,2021,B,Colombia,Eje Cafetero,Antioquia,Medellín,05001,No registra,Otras Ciencias Sociales,Ciencias Sociales,UNIVERSIDAD CATOLICA LUIS AMIGO,IES,,,548,2216-1201,colombiana ciencias sociales,CO,2,2026-09-15,1.0.0,consolidado,edb9e5a7f2b79d5f,163,21101259010,journal,,Universidad Católica Luis Amigó,True,True,0.105,Q4,1,2,58,123,889,5,91,0.06,15.33,0.5539999999999999,0,2020-2026,Dermatology (Q4); Surgery (Q4),Medicine,https://revistas.ucatolicaluisamigo.edu.co/index.php/RCCS/index,https://doaj.org/toc/4e951d858a294915b34878a30213a8a9,2010,,,2216-1201,"psychology, history, anthropology, sociology, family development, education","Portuguese, Spanish, English",Colombia,,,CC BY-NC-ND,,https://revistas.ucatolicaluisamigo.edu.co/index.php/RCCS/licencia,True,False,https://revistas.ucatolicaluisamigo.edu.co/index.php/RCCS/licencia,Double anonymous peer review,https://revistas.ucatolicaluisamigo.edu.co/index.php/RCCS/PATH,True,https://revistas.ucatolicaluisamigo.edu.co/index.php/RCCS/Enfoqueyalcance,https://revistas.ucatolicaluisamigo.edu.co/index.php/RCCS/about/editorialTeam,https://revistas.ucatolicaluisamigo.edu.co/index.php/RCCS/codigo_de_conducta,24,False,https://revistas.ucatolicaluisamigo.edu.co/index.php/RCCS/Politicadeaccesoabierto_apc,,False,,False,,,,,Open Policy Finder,https://openpolicyfinder.jisc.ac.uk/id/publication/27491,DOI,True,,,H|H1-99,False,No,No,Social Sciences: Social sciences (General),2013-09-12T14:52:18Z,2022-03-08T13:27:45Z,2022-03-08,539,2026-03-11T21:41:23Z,colombiana ciencias sociales,2000.0,EUR,2160.0,1.08,sin_monto,5684.21,2331.51,EUR,observado,,False,,"['doaj', 'facts', 'openapc', 'publindex', 'scimago']",0.002207505518763797,False,False,,True,False,True,True,1,2.0,24,False,0.04065040650406504,0.0846,0.9715,-0.7278,-0.8695,0.4005,0.3846,0.0061,0.0,0.2326
0120-4688,,2389-9387,Praxis Filosófica,2021,C,Colombia,Pacífico,Valle del Cauca,Cali,76001,Filosofía,Otras Humanidades,Humanidades,UNIVERSIDAD DEL VALLE,IES,,,343,2389-9387,praxis filosofica,CO,1,2026-09-15,1.0.0,consolidado,50570d2389c4c048,,,,,"Universidad Nacional, Costa Rica",,False,,,0,,,,,,,,,,,,,,http://www.revistas.una.ac.cr/index.php/praxis/index,https://doaj.org/toc/dd3cb56e199547da8cf12fc926a0c4c9,2005,,1409-309X,2215-3659,"philosophy, bioethics, latin american thinking",Spanish,Costa Rica,Escuela de Filosofía,,CC BY-NC-SA,,http://www.revistas.una.ac.cr/index.php/praxis/about/submissions,True,False,,Double anonymous peer review,http://www.revistas.una.ac.cr/index.php/praxis/about,True,http://www.revistas.una.ac.cr/index.php/praxis/about,http://www.revistas.una.ac.cr/index.php/praxis/about/editorialTeam,http://www.revistas.una.ac.cr/index.php/praxis/about/submissions#authorGuidelines,12,False,http://www.revistas.una.ac.cr/index.php/praxis/announcement,,False,,False,,,,,Open Policy Finder,,,True,,,BD10-701|B1-5802,False,No,No,Philosophy. Psychology. Religion: Speculative philosophy | Philosophy. Psychology. Religion: Philosophy (General),2019-05-06T19:04:24Z,2022-10-24T20:13:38Z,2022-10-24,0,,,2380.0,EUR,2570.4,1.08,sin_monto,6764.21,2331.51,EUR,observado,,True,,"['doaj', 'facts', 'openapc', 'publindex']",0.011037527593818985,False,False,,True,False,True,True,1,,12,True,,0.07,1.4659,,,-0.617,0.4582,,,0.093
0120-5927,,,How,2021,B,Colombia,Distrito Capital,"Bogotá, D. C.","Bogotá, D.C.",11001,No registra,Ciencias de la Educación,Ciencias Sociales,ASOCIACION COLOMBIANA DE PROFESORES DE INGLES,Otras,,,"1,112",0120-5927,how,CO,2,2026-09-15,1.0.0,consolidado,ad9d9363980e0d0d,,,,,Asociación Colombiana de Profesores de Ingles,,False,,,0,,,,,,,,,,,,,,http://www.howjournalcolombia.org,https://doaj.org/toc/d6b0fb3427f84c4085c7d3f08839bb9a,2014,,0120-5927,,"education, english as a foreign language, teaching, applied linguistics",English,Colombia,,,CC BY-NC-ND,,http://howjournalcolombia.org/index.php/how/about/submissions#copyrightNotice,True,True,https://howjournalcolombia.org/index.php/how/about/submissions#copyrightNotice,Double anonymous peer review,https://howjournalcolombia.org/index.php/how/about/,False,https://howjournalcolombia.org/index.php/how/about/,http://howjournalcolombia.org/index.php/how/about/editorialTeam,http://howjournalcolombia.org/index.php/how/about/submissions#authorGuidelines,16,False,https://www.howjournalcolombia.org/index.php/how/about,,False,,False,,PKP PN,,https://portal.issn.org/resource/ISSN/0120-5927,,,DOI,True,,,L|LB5-3640|PE1-3729,False,No,No,Education: Theory and practice of education | Language and Literature: English language,2015-06-15T20:19:50Z,2026-07-30T19:24:05Z,,608,2026-04-21T21:01:32Z,how,1870.0,EUR,2019.6,1.08,sin_monto,5314.74,1870.0,EUR,observado,,True,,"['doaj', 'facts', 'openapc', 'publindex']",0.0011037527593818985,False,False,,True,False,True,True,2,,16,False,,0.085,0.8024,,,-0.2778,0.3594,,,0.1395
1657-3412,,2346-0253,Cuadernos Hispanoamericanos De Psicología,2021,C,Colombia,Distrito Capital,"Bogotá, D. C.","Bogotá, D.C.",11001,No registra,Psicología,Ciencias Sociales,UNIVERSIDAD EL BOSQUE,IES,,,493,2346-0253,hispanoamericanos psicologia,CO,1,2026-09-15,1.0.0,consolidado,f6944fe0ae73f7bf,,,,,Universidad Autónoma del Estado de México,,False,,,0,,,,,,,,,,,,,,https://hemeroteca.uaemex.mx/index.php/rpsicologia,https://doaj.org/toc/5b78907ca23c4176b5c9bdd315fb003a,2016,,,2007-7149,"behavioral sciences, clinical psychology, occupational psychology, educational psychology, social psychology, psychosocial research",Spanish,Mexico,"Universidad Autónoma del Estado de México, Facultad de Ciencias de la Conducta",Mexico,CC BY-NC-SA,,https://revistapsicologia.uaemex.mx/about,,False,https://revistapsicologia.uaemex.mx/about/submissions,Double anonymous peer review,https://revistapsicologia.uaemex.mx/about,True,https://revistapsicologia.uaemex.mx/about,https://revistapsicologia.uaemex.mx/about/editorialTeam,https://hemeroteca.uaemex.mx/index.php/rpsicologia/about/submissions#authorGuidelines,16,False,https://revistapsicologia.uaemex.mx/about,,False,,False,,,,,,,DOI,True,,,BF1-990,False,No,No,Philosophy. Psychology. Religion: Psychology,2021-01-11T09:56:14Z,2021-01-11T09:56:14Z,2021-01-11,0,,,1828.24,EUR,1974.5,1.08,sin_monto,5196.05,1828.24,EUR,observado,,True,,"['doaj', 'facts', 'openapc', 'publindex']",0.011037527593818985,False,False,,True,False,True,True,1,,16,False,,0.0865,0.7481,,,-0.2778,0.3513,,,0.1395
1657-320X,,2339-3874,Archivos De Medicina,2021,C,Colombia,Eje Cafetero,Caldas,Manizales,17001,No registra,Ciencias de la Salud,Ciencias Médicas y de la Salud,UNIVERSIDAD DE MANIZALES UMANIZALES,IES,,,559,2339-3874,archivos medicina,CO,1,2026-09-15,1.0.0,consolidado,b8d5722e9f8e173c,,,,,MDPI AG,,False,,,0,,,,,,,,,,,,,,https://www.mdpi.com/journal/medicina,https://doaj.org/toc/3bf5928fcb3d44c492838cf16253d5bd,2007,,1010-660X,1648-9144,"experimental medicine, clinical medicine, surgery, oncology, public health",English,Switzerland,Lithuanian University of Health Sciences,Lithuania,CC BY,,https://www.mdpi.com/openaccess,True,True,https://www.mdpi.com/journal/medicina/about,"Anonymous peer review, Open peer review",https://www.mdpi.com/journal/medicina/instructions#editorial_procedure,True,https://www.mdpi.com/journal/medicina/about,https://www.mdpi.com/journal/medicina/editors,https://www.mdpi.com/journal/medicina/instructions,6,True,https://www.mdpi.com/journal/medicina/apc,1800 CHF,False,,False,,"CLOCKSS, PMC",,https://www.mdpi.com/journal/medicina/indexing,Open Policy Finder,https://openpolicyfinder.jisc.ac.uk/id/publication/35307,DOI,True,,,R5-920,False,No,No,Medicine: Medicine (General),2016-10-25T09:25:34Z,2023-08-14T10:00:55Z,2023-08-14,13014,2026-07-27T13:45:11Z,,1448.6,EUR,1564.49,1.08,convertida,4117.08,1800.0,CHF,observado,,False,,"['doaj', 'facts', 'openapc', 'publindex']",0.011037527593818985,False,False,,True,True,True,True,1,,6,True,,0.1032,0.2542,,,-1.1258,0.2778,,,0.0233
,,2665-5837,Conocimiento Global,2021,B,Colombia,Caribe,Bolívar,Cartagena de Indias,13001,"Ciencias Sociales, Interdisciplinaria",Otras Ciencias Sociales,Ciencias Sociales,CENTRO DE INVESTIGACIONES Y CAPACITACIONES INTERDISCIPLINARES,Centros,,,"158,870",2665-5837,conocimiento global,CO,2,2026-09-15,1.0.0,consolidado,c0eb7ffcd1dff682,,,,,Program Studi Hubungan Internasional Fakultas Ilmu Sosial Dan Ilmu Politik Universitas Brawijaya,,False,,,0,,,,,,,,,,,,,,https://globalfocus.ub.ac.id/index.php/globalfocus/index,https://doaj.org/toc/e86ac84163c7476da0aca3c52790c168,2021,,2723-4215,2776-9399,"international security, global political economy, global ethics and culture, transnational issues","Indonesian, English",Indonesia,,,CC BY-NC,,https://globalfocus.ub.ac.id/index.php/globalfocus/about/submissions#copyrightNotice,,True,https://globalfocus.ub.ac.id/index.php/globalfocus/about/submissions#copyrightNotice,Double anonymous peer review,https://globalfocus.ub.ac.id/index.php/globalfocus/about/editorialPolicies#peerReviewProcess,True,https://globalfocus.ub.ac.id/index.php/globalfocus/pages/view/focusandscope,https://globalfocus.ub.ac.id/index.php/globalfocus/about/editorialTeam,https://globalfocus.ub.ac.id/index.php/globalfocus/pages/view/authorguidelines,8,False,https://globalfocus.ub.ac.id/index.php/globalfocus/about/submissions#authorFees,,False,,False,,,,,,,DOI,True,,,JZ2-6530,False,No,No,Political science: International relations,2024-10-29T12:55:49Z,2024-10-29T12:57:07Z,2024-10-29,87,2026-05-01T11:31:03Z,,1571.38,EUR,1697.09,1.08,sin_monto,4466.03,1872.1,EUR,observado,,False,,"['doaj', 'facts', 'openapc', 'publindex']",0.0011037527593818985,False,False,,True,False,True,True,2,,8,True,,0.0971,0.4139,,,-0.9562,0.3016,,,0.0465
2389-8186,,2389-8194,Revista Perspectiva Empresarial,2021,C,Colombia,Eje Cafetero,Antioquia,Sabaneta,05631,Economía,Economía y Negocios,Ciencias Sociales,FUNDACION UNIVERSITARIA CEIPA,IES,,,"1,240",2389-8194,perspectiva empresarial,CO,1,2026-09-15,1.0.0,consolidado,aac1311d6b75b056,,,,,Fundación Universitaria CEIPA,,False,,,0,,,,,,,,,,,,,,https://revistas.ceipa.edu.co/index.php/perspectiva-empresarial,https://doaj.org/toc/3e1f0f5a8fca4114bd5489b78d876249,2014,,2389-8186,2389-8194,"finance, marketing, administration, business, economy","English, Portuguese, Spanish",Colombia,,,CC BY-NC-SA,,https://revistas.ceipa.edu.co/index.php/perspectiva-empresarial/accesoabierto,True,False,,Double anonymous peer review,https://revistas.ceipa.edu.co/index.php/perspectiva-empresarial/revision,True,https://revistas.ceipa.edu.co/index.php/perspectiva-empresarial/proposito,https://revistas.ceipa.edu.co/index.php/perspectiva-empresarial/about/editorialTeam,https://revistas.ceipa.edu.co/index.php/perspectiva-empresarial/about/submissions,16,False,https://revistas.ceipa.edu.co/index.php/perspectiva-empresarial/noapc,,False,,False,https://revistas.ceipa.edu.co/index.php/perspectiva-empresarial/noapc,LOCKSS,,https://revistas.ceipa.edu.co/index.php/perspectiva-empresarial/archivado,,,DOI,True,,,HF1-6182|HG1-9999,False,No,No,Social Sciences: Commerce | Social Sciences: Finance,2020-09-25T15:55:19Z,2020-09-25T15:55:19Z,2020-09-25,0,,,2838.0,EUR,3065.04,1.08,sin_monto,8065.89,2838.0,EUR,observado,,True,,"['doaj', 'facts', 'openapc', 'publindex']",0.0011037527593818985,False,False,,True,False,True,True,1,,16,False,,0.0605,2.0618,,,-0.2778,0.547,,,0.1395
0120-4483,2665-1327,,Ensayos Sobre Política Económica,2021,A2,Colombia,Distrito Capital,"Bogotá, D. C.","Bogotá, D.C.",11001,No registra,Economía y Negocios,Ciencias Sociales,,No disponible,,,220,0120-4483,ensayos sobre politica economica,CO,3,2026-09-15,1.0.0,consolidado,d8ad3e6af9e3027d,50,19700169972,journal,ensayos sobre politica economica,Banco de la Republica,True,True,0.201,Q3,2,12,3,5,426,5,4,1.0,142.0,0.3333,2,2009-2025,Political Science and International Relations (Q3); Economics and Econometrics (Q4),"Economics, Econometrics and Finance; Social Sciences",https://erevistas.uca.edu.ar/index.php/ENSAYOS/index,https://doaj.org/toc/1b3a2824926a44ffabd938005c25d62c,2007,,1853-6999,2313-979X,"economic policy, social policy, macroeconomics, international economy, financial economy, development","English, Spanish",Argentina,Pontificia Universidad Católica Argentina,Argentina,CC BY-NC-SA,,https://erevistas.uca.edu.ar/index.php/ENSAYOS/about/submissions#copyrightNotice,,True,https://erevistas.uca.edu.ar/index.php/ENSAYOS/about/submissions#copyrightNotice,Double anonymous peer review,https://erevistas.uca.edu.ar/index.php/ENSAYOS/about/editorialPolicies#peerReviewProcess,False,https://erevistas.uca.edu.ar/index.php/ENSAYOS/about/editorialPolicies#focusAndScope,https://erevistas.uca.edu.ar/index.php/ENSAYOS/about/editorialTeam,https://erevistas.uca.edu.ar/index.php/ENSAYOS/about/submissions#authorGuidelines,48,False,https://erevistas.uca.edu.ar/index.php/ENSAYOS/about/editorialPolicies#openAccessPolicy,,False,,False,,,,,,,DOI,True,,,HB1-3840|HG1-9999|HC10-1085,False,No,No,Social Sciences: Economic theory. Demography | Social Sciences: Finance | Social Sciences: Economic history and conditions,2021-11-15T17:18:46Z,2021-11-15T17:18:46Z,2021-11-15,47,2022-05-09T18:20:24Z,,1828.49,EUR,1974.77,1.08,sin_monto,5196.76,2331.51,EUR,observado,,True,,"['doaj', 'facts', 'openapc', 'publindex', 'scimago']",0.0011037527593818985,False,False,,True,False,True,True,1,1.5,48,False,1.0,0.1739,0.7484,0.505,0.5413,2.4356,0.3514,0.1241,0.25,0.5116
0120-548X,1900-1649,,Acta Biológica Colombiana,2020,B,Colombia,Distrito Capital,"Bogotá, D. C.","Bogotá, D.C.",11001,"Zoología, Ornitología, Entomología, Ciencias Biológicas del Comportamiento",Ciencias Biológicas,Ciencias Naturales,UNIVERSIDAD NACIONAL DE COLOMBIA,IES,,,305,0120-548X,biologica colombiana,CO,2,2026-09-15,1.0.0,consolidado,8c25f48b75b33144,75,17600155203,journal,biologica colombiana,Universidad Nacional de Colombia,True,True,0.175,Q4,1,25,47,170,1916,91,159,0.38,40.77,0.35259999999999997,0,2008-2025,Agricultural and Biological Sciences (miscellaneous) (Q4),Agricultural and Biological Sciences,http://www.revistas.unal.edu.co/index.php/actabiol,https://doaj.org/toc/12ecbea307d54705865e4324a9715a71,2005,,0120-548X,1900-1649,biological sciences,"English, Spanish",Colombia,Universidad Nacional de Colombia,,CC BY-NC-SA,,http://www.revistas.unal.edu.co/index.php/actabiol/about/submissions#onlineSubmissions,,False,http://www.revistas.unal.edu.co/index.php/actabiol/about/editorialPolicies#custom-3,Anonymous peer review,http://www.revistas.unal.edu.co/index.php/actabiol/about/editorialPolicies#peerReviewProcess,True,http://www.revistas.unal.edu.co/index.php/actabiol/about/editorialPolicies#focusAndScope,http://www.revistas.unal.edu.co/index.php/actabiol/about/editorialTeam,http://www.revistas.unal.edu.co/index.php/actabiol/about/submissions#authorGuidelines,13,False,https://revistas.unal.edu.co/index.php/actabiol/index,,False,,False,,,,,Open Policy Finder,,DOI,True,,,QH301-705.5,False,No,No,Science: Biology (General),2006-09-29T09:47:18Z,2025-09-27T08:03:59Z,2025-09-27,1763,2026-06-05T21:58:51Z,biologica colombiana,2206.05,EUR,2382.53,1.08,sin_monto,6269.82,1799.28,EUR,observado,,False,,"['doaj', 'facts', 'openapc', 'publindex', 'scimago']",0.04525386313465784,False,False,,True,False,True,True,1,2.0,13,False,0.5352941176470588,0.1304,1.2396,0.1711,2.3753,-0.5322,0.4245,0.0921,0.575,0.1047
0120-4661,,,Historia Y Espacio,2020,B,Colombia,Pacífico,Valle del Cauca,Cali,76001,Historia,Historia y Arqueología,Humanidades,UNIVERSIDAD DEL VALLE,IES,,,557,0120-4661,historia espacio,CO,2,2026-09-15,1.0.0,consolidado,607d8f4e71ba12a5,164,21101145379,journal,,Technological University of Pereira,False,False,0.101,Q4,1,3,23,57,1014,4,52,0.08,44.09,0.23079999999999998,0,2019-2025,History (Q4); Political Science and International Relations (Q4),Arts and Humanities; Social Sciences,http://revistas.univalle.edu.co/index.php/historia_y_espacio,https://doaj.org/toc/f1edebcb79284ca0a2c84cc71a543c6a,2013,,0120-4661,2357-6448,"history, social sciences, historiography, human sciences",Spanish,Colombia,Universidad del Valle,,CC BY-NC-SA,,http://revistas.univalle.edu.co/index.php/historia_y_espacio/about/#PoliAccAbi,,False,,Double anonymous peer review,http://revistas.univalle.edu.co/index.php/historia_y_espacio/about/#peerReviewProcess,False,http://revistas.univalle.edu.co/index.php/historia_y_espacio/about/#focusAndScope,http://revistas.univalle.edu.co/index.php/historia_y_espacio/about/editorialTeam,http://revistas.univalle.edu.co/index.php/historia_y_espacio/information/authors,25,False,http://historiayespacio.univalle.edu.co/index.php/historia_y_espacio/about#PoliAccAbi,,False,,False,http://historiayespacio.univalle.edu.co/index.php/historia_y_espacio/about#PoliAccAbi,,,,,,DOI,True,,,D1-2009|F1201-3799,False,No,No,History (General) and history of Europe: History (General) | History America: Latin America. Spanish America,2018-12-28T01:37:21Z,2019-01-23T14:09:15Z,2019-01-23,651,2026-07-18T16:28:48Z,historia espacio,1116.0,EUR,1205.28,1.08,sin_monto,3171.79,1116.0,EUR,observado,,True,,"['doaj', 'facts', 'openapc', 'publindex', 'scimago']",0.02869757174392936,False,False,,True,False,True,True,1,2.0,25,False,0.07017543859649122,0.1255,-0.1785,-0.7791,-0.7284,0.4853,0.2133,0.0012,0.025,0.2442
0124-5376,2539-200X,,Biota Colombiana,2020,C,Colombia,Distrito Capital,"Bogotá, D. C.","Bogotá, D.C.",11001,No registra,Ciencias Biológicas,Ciencias Naturales,INSTITUTO DE INVESTIGACION DE RECURSOS BIOLOGICOS ALEXANDER VON HUMBOLDT,Centros,,,477,0124-5376,biota colombiana,CO,1,2026-09-15,1.0.0,consolidado,6e743d6892748228,36,21101021454,journal,biota colombiana,Instituto de investigación de recursos biológicos Alexander von humboldt,True,True,0.216,Q3,2,7,20,71,985,45,70,0.49,49.25,0.3947,0,2019-2025,"Animal Science and Zoology (Q3); Ecology (Q3); Nature and Landscape Conservation (Q3); Ecology, Evolution, Behavior and Systematics (Q4); Plant Science (Q4)",Agricultural and Biological Sciences; Environmental Science,http://revistas.humboldt.org.co/index.php/biota,https://doaj.org/toc/ed6cd25464c6421b8ba6ce62fbfabb1d,2000,,0124-5376,2539-200X,"biology, zoology, ecology, botany, conservation, biodiversity","English, Spanish",Colombia,,,CC BY-NC-ND,,https://revistas.humboldt.org.co/index.php/biota/index,True,False,https://revistas.humboldt.org.co/index.php/biota/about/submissions,Double anonymous peer review,https://revistas.humboldt.org.co/index.php/biota/about/submissions,True,https://revistas.humboldt.org.co/index.php/biota/about,https://revistas.humboldt.org.co/index.php/biota/about/editorialTeam,http://revistas.humboldt.org.co/index.php/biota/about/submissions,30,False,http://revistas.humboldt.org.co/index.php/biota/about/,,False,,False,,PKP PN,,https://portal.issn.org/resource/ISSN/2539-200X,,,DOI,True,,,QH301-705.5,False,No,No,Science: Biology (General),2018-10-18T02:01:47Z,2026-06-19T14:37:17Z,,2255,2026-06-05T14:05:42Z,biota colombiana,837.19,EUR,904.17,1.08,sin_monto,2379.39,837.19,EUR,observado,,False,,"['doaj', 'facts', 'openapc', 'publindex', 'scimago']",0.0011037527593818985,False,False,,True,False,True,True,-1,0.5,30,False,0.6338028169014085,0.3235,-0.5413,0.6976,-0.1641,0.9093,0.1593,0.1425,0.125,0.3023
1794-8932,,,Sophia,2020,C,Colombia,Eje Cafetero,Quindío,Armenia,63001,"Educación General (Incluye Capacitación, Pedagogía)",Ciencias de la Educación,Ciencias Sociales,UNIVERSIDAD LA GRAN COLOMBIA,IES,,,"1,017",1794-8932,sophia,CO,1,2026-09-15,1.0.0,consolidado,0ddc2494331698a3,,,,,scopio Editions,,False,,,0,,,,,,,,,,,,,,https://www.up.pt/revistas/index.php/sophia/index,https://doaj.org/toc/765b45f63e5b47c2bfe286685631b7b2,2016,Sophia Journal,2183-8976,2183-9468,"architecture, city, image, art, practice research, photography",English,Portugal,Center for Studies in Architecture and Urbanism (CEAU),Portugal,CC BY-NC-ND,,https://www.up.pt/revistas/index.php/sophia/OpenAccess,True,True,https://www.up.pt/revistas/index.php/sophia/Copyright,Double anonymous peer review,https://www.up.pt/revistas/index.php/sophia/about,True,https://www.up.pt/revistas/index.php/sophia/about,https://www.up.pt/revistas/index.php/sophia/about/editorialTeam,https://www.up.pt/revistas/index.php/sophia/about/submissions,24,False,https://www.up.pt/revistas/index.php/sophia/about,,False,,False,,,,,Publisher's site,https://www.up.pt/revistas/index.php/sophia/Copyright,DOI,True,,,NA1-9428|N1-9211,False,No,No,Fine Arts: Architecture | Fine Arts: Visual arts,2022-04-04T12:30:07Z,2022-10-13T16:55:40Z,2022-10-13,0,,,1294.3,EUR,1397.84,1.08,sin_monto,3678.53,1294.3,EUR,observado,,True,,"['doaj', 'facts', 'openapc', 'publindex']",0.002207505518763797,False,False,,True,False,True,True,1,,24,False,,0.112,0.0534,,,0.4005,0.2479,,,0.2326
0120-100X,2145-8480,,Ion,2020,C,Colombia,Centro Oriente,Santander,Bucaramanga,68001,Ingeniería de Procesos,Ingeniería Química,Ingeniería y Tecnología,UNIVERSIDAD INDUSTRIAL DE SANTANDER,IES,,,731,0120-100X,ion,CO,1,2026-09-15,1.0.0,consolidado,1941b8273cccbe94,132,21101183655,journal,,Universidad Pedagogica y Tecnologica de Colombia,True,True,0.131,Q3,2,3,26,60,530,9,52,0.08,20.38,0.35,0,2019-2026,Philosophy (Q3),Arts and Humanities,http://revistas.uis.edu.co/index.php/revistaion/index,https://doaj.org/toc/38555cda4b124fb391446f69a5f58e3b,1997,,0120-100X,2145-8480,"fuels and biofuels, engineering, materials science, chemical and physics science, bioprocess and green technologies","Spanish, Portuguese, English",Colombia,,,CC BY-ND,,https://revistas.uis.edu.co/index.php/revistaion/about#t6,True,False,https://revistas.uis.edu.co/index.php/revistaion/about/submissions,Double anonymous peer review,https://revistas.uis.edu.co/index.php/revistaion/about#t5,True,https://revistas.uis.edu.co/index.php/revistaion/about#t2,http://revistas.uis.edu.co/index.php/revistaion/about/editorialTeam,https://revistas.uis.edu.co/index.php/revistaion/libraryFiles/downloadPublic/292,24,False,https://revistas.uis.edu.co/index.php/revistaion/about#t4,,False,,False,,,,,,,DOI,True,,,Q|QD1-999,False,No,No,Science: Chemistry,2016-10-07T09:30:53Z,2025-06-27T19:11:56Z,2025-06-27,77,2025-05-29T16:09:31Z,ion,405.79,EUR,438.25,1.08,sin_monto,1153.29,1630.43,EUR,observado,,False,,"['doaj', 'facts', 'openapc', 'publindex', 'scimago']",0.012141280353200883,False,False,,True,False,True,True,-1,0.5,24,False,0.15,0.2879,-1.1025,-0.3939,-0.7284,0.4005,0.0757,0.0381,0.025,0.2326
2011-4532,,,Eleuthera,2020,C,Colombia,Eje Cafetero,Caldas,Manizales,17001,No registra,Sociología,Ciencias Sociales,UNIVERSIDAD DE CALDAS,IES,,,"1,055",2011-4532,eleuthera,CO,1,2026-09-15,1.0.0,consolidado,b923feb2489b8056,,,,,Universidad de Caldas,,False,,,0,,,,,,,,,,,,,,http://eleuthera.ucaldas.edu.co,https://doaj.org/toc/6ac6c43b1bc5443d9a6cb8944e9131d2,2007,Revista Iberoamericana de Desarrollo Humano y Social,2011-4532,2463-1469,"social science, social work, human development, social development","Spanish, Portuguese, French, English",Colombia,,,CC BY,,http://eleuthera.ucaldas.edu.co/index.php/politicas-eticas,True,False,http://eleuthera.ucaldas.edu.co/index.php/politicas-eticas,Double anonymous peer review,http://eleuthera.ucaldas.edu.co/index.php/politicas-eticas,False,http://eleuthera.ucaldas.edu.co,http://eleuthera.ucaldas.edu.co/index.php/comite-editolrial,http://eleuthera.ucaldas.edu.co/index.php/orientacion-para-los-autores,30,False,http://eleuthera.ucaldas.edu.co,,False,,False,,,,,,,DOI,True,,,H1-99,False,No,No,Social Sciences: Social sciences (General),2018-11-12T20:42:31Z,2024-05-07T07:04:05Z,2024-05-07,246,2026-01-26T02:30:44Z,eleuthera,1702.2,EUR,1838.38,1.08,sin_monto,4837.84,1702.2,EUR,observado,,False,,"['doaj', 'facts', 'openapc', 'publindex']",0.008830022075055188,False,False,,True,False,True,True,1,,30,False,,0.0914,0.5841,,,0.9093,0.3269,,,0.3023
0123-9015,2389-7708,,Revista Colombiana De Cancerología,2020,C,Colombia,Distrito Capital,"Bogotá, D. C.","Bogotá, D.C.",11001,Oncología,Medicina Clínica,Ciencias Médicas y de la Salud,INSTITUTO NACIONAL DE CANCEROLOGIA ESE,Centros,,,446,0123-9015,colombiana cancerologia,CO,1,2026-09-15,1.0.0,consolidado,6ab7f0cf0fb71fbc,144,21101075272,journal,,Asociacion Colombiana de Nefrologia e Hipertension Arterial,True,True,0.122,Q4,1,5,44,122,1381,24,109,0.23,31.39,0.4036,0,2019-2026,Nephrology (Q4),Medicine,https://www.revistanefrologia.org/,https://doaj.org/toc/7bf1c7b28b0340a48781d4deaff8154c,2014,,,2500-5006,"nephrology, arterial hypertension, nephritis, vasculitis, renal transplant","Spanish, English",Colombia,,,CC BY-NC-ND,,https://www.revistanefrologia.org/index.php/rcn/access,True,True,https://revistanefrologia.org/index.php/rcn/about/submissions,Double anonymous peer review,https://www.revistanefrologia.org/index.php/rcn/review,True,https://www.revistanefrologia.org/index.php/rcn/about,https://www.revistanefrologia.org/index.php/rcn/about/editorialTeam,https://www.revistanefrologia.org/index.php/rcn/about/submissions,10,False,https://www.revistanefrologia.org/index.php/rcn/about/submissions,,False,,False,,,,,,,DOI,True,,,RC31-1245|RC870-923,False,No,No,Medicine: Internal medicine: Specialties of internal medicine: Diseases of the genitourinary system. Urology,2018-03-03T12:31:23Z,2022-06-22T14:58:14Z,2022-06-22,338,2024-10-21T21:06:03Z,,2400.0,EUR,2592.0,1.08,sin_monto,6821.05,2066.41,EUR,observado,,True,,"['doaj', 'facts', 'openapc', 'publindex', 'scimago']",0.00772626931567329,False,False,,True,False,True,True,0,1.0,10,True,0.19672131147540983,0.0849,1.4919,-0.5095,-0.4463,-0.7866,0.4621,0.027,0.075,0.0698
0120-3886,2390-0016,,Revista Facultad De Derecho Y Ciencias Políticas,2020,C,Colombia,Eje Cafetero,Antioquia,Medellín,05001,Derecho,Derecho,Ciencias Sociales,UNIVERSIDAD PONTIFICIA BOLIVARIANA,IES,,,155,0120-3886,facultad derecho ciencias politicas,CO,1,2026-09-15,1.0.0,consolidado,fc2095052c473225,77,21101152724,journal,facultad derecho ciencias politicas,Universidad Pontificia Bolivariana,True,True,0.171,Q3,2,3,8,71,295,19,71,0.36,36.88,0.22219999999999998,0,2019-2025,Law (Q3),Social Sciences,https://revistas.upb.edu.co/index.php/derecho/index,https://doaj.org/toc/1a3b791777044b068178e079440d2d7b,2013,,0120-3886,2390-0016,"law, political sciences",Spanish,Colombia,Universidad Pontificia Bolivariana,,CC BY-NC,,https://revistas.upb.edu.co/index.php/derecho/about/submissions#copyrightNotice,,True,https://revistas.upb.edu.co/index.php/derecho/about/submissions#copyrightNotice,Anonymous peer review,https://revistas.upb.edu.co/index.php/derecho/about/editorialPolicies#peerReviewProcess,False,https://revistas.upb.edu.co/index.php/derecho/about/editorialPolicies#focusAndScope,https://revistas.upb.edu.co/index.php/derecho/about/editorialTeam,https://revistas.upb.edu.co/index.php/derecho/about/submissions#authorGuidelines,16,False,https://revistas.upb.edu.co/index.php/derecho/about/editorialPolicies#openAccessPolicy,,False,,False,https://revistas.upb.edu.co/index.php/derecho/about/editorialPolicies#openAccessPolicy,,,,,,,True,,,K|K1-7720|JA1-92,False,No,No,Law: Law in general. Comparative and uniform law. Jurisprudence | Political science: Political science (General),2019-12-19T17:06:12Z,2019-12-19T17:06:12Z,2019-12-19,1499,2026-07-24T00:03:53Z,facultad derecho ciencias politicas,2443.03,EUR,2638.47,1.08,sin_monto,6943.34,2331.51,EUR,observado,,True,,"['doaj', 'facts', 'openapc', 'publindex', 'scimago']",0.0033112582781456954,False,False,,True,False,True,True,-1,0.5,16,False,0.2676056338028169,0.1172,1.5479,0.1198,-0.7284,-0.2778,0.4704,0.0872,0.025,0.1395
0124-2121,,,Educacion Y Humanismo,2020,B,Colombia,Caribe,Atlántico,Barranquilla,08001,"Educación General (Incluye Capacitación, Pedagogía)",Ciencias de la Educación,Ciencias Sociales,UNIVERSIDAD SIMON BOLIVAR,IES,,,428,0124-2121,educacion humanismo,CO,2,2026-09-15,1.0.0,consolidado,46765fec36b0e016,,,,,Universidad Simón Bolívar,,False,,,0,,,,,,,,,,,,,,http://revistas.unisimon.edu.co/index.php/educacion/index,https://doaj.org/toc/e4a938f1ac6842dd8e5a96b699c8d376,2008,,0124-2121,2665-2420,"curriculum, didactics, gender studies, pedagogy, education",Spanish,Colombia,,,CC BY-NC-ND,,http://revistas.unisimon.edu.co/index.php/educacion/Open_access,,False,,Double anonymous peer review,http://revistas.unisimon.edu.co/index.php/educacion/pares,True,http://revistas.unisimon.edu.co/index.php/educacion/about,http://revistas.unisimon.edu.co/index.php/educacion/about/editorialTeam,http://revistas.unisimon.edu.co/index.php/educacion/Guidelines_authors,16,False,http://revistas.unisimon.edu.co/index.php/educacion/Open_access,,False,,False,http://revistas.unisimon.edu.co/index.php/educacion/Open_access,,,http://publicaciones.unisimonbolivar.edu.co/rdigital/ojs/index.php/educacion/about/editorialPolicies#archiving,,,,True,,,L7-991|H1-99,False,No,No,Education: Education (General) | Social Sciences: Social sciences (General),2013-07-17T15:30:05Z,2019-09-10T15:14:59Z,2019-09-10,547,2026-06-17T21:06:29Z,educacion humanismo,2618.0,EUR,2827.44,1.08,sin_monto,7440.63,1872.1,EUR,observado,,True,,"['doaj', 'facts', 'openapc', 'publindex']",0.0033112582781456954,False,False,,True,False,True,True,2,,16,False,,0.0647,1.7755,,,-0.2778,0.5043,,,0.1395
0120-0283,,,Boletín De Geología,2020,B,Colombia,Centro Oriente,Santander,Bucaramanga,68001,No registra,Ciencias de la Tierra y Medioambientales,Ciencias Naturales,UNIVERSIDAD INDUSTRIAL DE SANTANDER,IES,,,295,0120-0283,geologia,CO,2,2026-09-15,1.0.0,consolidado,1fd720983883a45d,,,,,Universidad Industrial de Santander,,False,,,0,,,,,,,,,,,,,,http://revistas.uis.edu.co/index.php/revistaboletindegeologia,https://doaj.org/toc/d993bd0e40584779b43dd51fbc89bb52,2000,,0120-0283,2145-8553,geology,Spanish,Colombia,,,CC BY,,http://revistas.uis.edu.co/index.php/revistaboletindegeologia/index,True,False,,Anonymous peer review,https://revistas.uis.edu.co/index.php/revistaboletindegeologia/about,False,https://revistas.uis.edu.co/index.php/revistaboletindegeologia/about,https://revistas.uis.edu.co/index.php/revistaboletindegeologia/about/editorialTeam,https://revistas.uis.edu.co/index.php/revistaboletindegeologia/about/submissions#authorGuidelines,15,False,http://revistas.uis.edu.co/public/journals/4/docs/Boletin_NormasEditoriales_esES.pdf,,False,,False,http://revistas.uis.edu.co/public/journals/4/docs/Boletin_NormasEditoriales_esES.pdf,,,,,,,True,,,QE1-996.5,False,No,No,Science: Geology,2016-01-27T18:57:42Z,2019-03-13T16:14:14Z,2019-03-13,0,,geologia,300.0,EUR,324.0,1.08,sin_monto,852.63,300.0,EUR,observado,,False,,"['doaj', 'facts', 'openapc', 'publindex']",0.006622516556291391,False,False,,True,False,True,True,2,,15,False,,0.2482,-1.2401,,,-0.3626,0.0552,,,0.1279
0122-8803,2322-6889,,Historia Caribe,2020,C,No disponible,No disponible,No disponible,No disponible,,Historia,Historia y Arqueología,Humanidades,UNIVERSIDAD DEL ATLANTICO,IES,,,916,0122-8803,historia caribe,CO,1,2026-09-15,1.0.0,consolidado,c9019e2f4dd567ba,164,21101145379,journal,,Technological University of Pereira,False,False,0.101,Q4,1,3,23,57,1014,4,52,0.08,44.09,0.23079999999999998,0,2019-2025,History (Q4); Political Science and International Relations (Q4),Arts and Humanities; Social Sciences,http://www.revistas.una.ac.cr/historia,https://doaj.org/toc/fbee54fd818c4dee805478f8807e30a5,1985,,1012-9790,2215-4744,"history, historiography, costa rican history, central american history, latin american history",Spanish,Costa Rica,"Universidad Nacional, Costa Rica",,CC BY-NC-SA,,http://www.revistas.una.ac.cr/index.php/historia/noticeofcopyright,,False,,Double anonymous peer review,http://www.revistas.una.ac.cr/index.php/historia/arbitrationsystem,True,http://www.revistas.una.ac.cr/index.php/historia/approachandscope,http://www.revistas.una.ac.cr/index.php/historia/about/editorialTeam,http://www.revistas.una.ac.cr/index.php/historia/guidelinesforauthors,8,False,http://www.revistas.una.ac.cr/index.php/historia/policies,,False,,False,,,,,,,,True,,,D1-2009|F1201-3799|BT1313-1480,False,No,No,History (General) and history of Europe: History (General) | History America: Latin America. Spanish America | Philosophy. Psychology. Religion: Doctrinal Theology: History of specific doctrines and movements. Heresies and schisms,2019-04-25T00:54:35Z,2022-09-26T12:59:42Z,2022-09-26,731,2024-10-27T19:12:28Z,,1116.0,EUR,1205.28,1.08,sin_monto,3171.79,1116.0,EUR,observado,,True,,"['doaj', 'facts', 'openapc', 'publindex', 'scimago']",0.02869757174392936,False,False,,True,False,True,True,0,1.0,8,True,0.07017543859649122,0.1255,-0.1785,-0.7791,-0.7284,-0.9562,0.2133,0.0012,0.025,0.0465
1692-5777,,,"Gist, Education And Learning Research Journal",2020,B,Colombia,Distrito Capital,"Bogotá, D. C.","Bogotá, D.C.",11001,No registra,Ciencias de la Educación,Ciencias Sociales,INSTITUCION UNIVERSITARIA COLOMBO AMERICANA,IES,,,814,1692-5777,gist education learning,CO,2,2026-09-15,1.0.0,consolidado,ad2664a4fdc4fcc9,,,,,Institución Universitaria Colombo Americana,,False,,,0,,,,,,,,,,,,,,https://latinjournal.org/index.php/gist/index,https://doaj.org/toc/2d60c640bd5d4d19bf983449e19e0814,2007,,1692-5777,2248-8391,"language, education, bilingualism, teaching",English,Colombia,Institución Universitaria Colombo Americana,,CC BY-NC-ND,,https://latinjournal.org/index.php/gist/about#copyright,,False,,Double anonymous peer review,https://latinjournal.org/index.php/gist/about#peer,False,https://latinjournal.org/index.php/gist/about,https://latinjournal.org/index.php/gist/about/editorialTeam,https://latinjournal.org/index.php/gist/about/submissions,14,False,https://latinjournal.org/index.php/gist/about,,False,,False,https://latinjournal.org/index.php/gist/about,,,,,,,True,,,LC8-6691|P1-1091,False,No,No,Education: Special aspects of education | Language and Literature: Philology. Linguistics,2018-11-29T15:45:45Z,2019-12-22T16:34:17Z,2019-12-22,0,,gist education learning,369.55,EUR,399.11,1.08,sin_monto,1050.29,369.55,EUR,observado,,False,,"['doaj', 'facts', 'openapc', 'publindex']",0.0011037527593818985,False,False,,True,False,True,True,2,,14,False,,0.2287,-1.1497,,,-0.4474,0.0687,,,0.1163
0122-7483,2027-1352,,Universitas Scientiarum,2020,B,Colombia,Distrito Capital,"Bogotá, D. C.","Bogotá, D.C.",11001,Matemáticas Aplicadas,Matemática,Ciencias Naturales,PONTIFICIA UNIVERSIDAD JAVERIANA,IES,,,31,0122-7483,universitas scientiarum,CO,2,2026-09-15,1.0.0,consolidado,3fd5d33211c153ef,,,,,Pontificia Universidad Javeriana,,False,,,0,,,,,,,,,,,,,,https://ciencias.javeriana.edu.co/universitas-scientiarum,https://doaj.org/toc/c90822bb9822476aaea2f62afa99068d,1987,,0122-7483,,"biology, physics, chemistry, mathematics","English, Spanish",Colombia,,,CC BY,,https://ciencias.javeriana.edu.co/universitas-scientiarum#AUTHORS,True,True,https://ciencias.javeriana.edu.co/universitas-scientiarum#AUTHORS,Anonymous peer review,https://ciencias.javeriana.edu.co/universitas-scientiarum#REVIEWER,True,https://ciencias.javeriana.edu.co/universitas-scientiarum#PRESENTATION,https://ciencias.javeriana.edu.co/universitas-scientiarum#EDITORIAL,https://ciencias.javeriana.edu.co/universitas-scientiarum#AUTHORS,15,False,https://ciencias.javeriana.edu.co/universitas-scientiarum#PRESENTATION,,False,,False,,,,,,,DOI,True,,,Q1-390,False,No,No,Science: Science (General),2006-02-21T14:29:08Z,2025-03-24T12:19:02Z,2025-03-24,469,2026-07-01T14:58:43Z,universitas scientiarum,1139.73,EUR,1230.91,1.08,sin_monto,3239.24,1139.73,EUR,observado,,False,,"['doaj', 'facts', 'openapc', 'publindex']",0.033112582781456956,False,False,,True,False,True,True,2,,15,False,,0.1224,-0.1477,,,-0.3626,0.2179,,,0.1279
2011-5474,,,Revista Latinoamericana De Etnomatemática,2020,C,Colombia,Pacífico,Nariño,Pasto,52001,"Educación General (Incluye Capacitación, Pedagogía)",Ciencias de la Educación,Ciencias Sociales,UNIVERSIDAD DE NARINO,IES,,,167,2011-5474,latinoamericana etnomatematica,CO,1,2026-09-15,1.0.0,consolidado,34382629b7711a5e,,,,,Universidad de Nariño,,False,,,0,,,,,,,,,,,,,,http://www.revista.etnomatematica.org,https://doaj.org/toc/da3fe3f87b414ea3bb0d2920ea954162,2008,,2011-5474,,"ethnicity in mathematics, mathematics education, history of mathematics, sociocultural aspects, ethnomathematics","English, French, Portuguese, Spanish",Colombia,Red Latinoamericana de Etnomatemática,,CC BY,,http://www.revista.etnomatematica.org/index.php/RLE/about/editorialPolicies#openAccessPolicy,,False,,Double anonymous peer review,http://revista.etnomatematica.org/index.php/RLE/about/editorialPolicies#peerReviewProcess,True,http://revista.etnomatematica.org/index.php/RLE/about/editorialPolicies#focusAndScope,http://revista.etnomatematica.org/index.php/RLE/about/editorialTeam,http://revista.etnomatematica.org/index.php/RLE/about/submissions#authorGuidelines,28,False,http://revista.etnomatematica.org/index.php/RLE/about/editorialPolicies#custom-4,,False,,False,http://revista.etnomatematica.org/index.php/RLE/about/editorialPolicies#custom-4,,,http://www.revista.etnomatematica.org/index.php/RLE/about/editorialPolicies#archiving,,,,True,,,LC8-6691|Q|QA1-939,False,No,No,Education: Special aspects of education | Science: Mathematics,2008-10-01T14:50:10Z,2019-09-05T15:17:51Z,2019-09-05,318,2018-04-03T13:50:51Z,latinoamericana etnomatematica,1828.24,EUR,1974.5,1.08,sin_monto,5196.05,1828.24,EUR,observado,,True,,"['doaj', 'facts', 'openapc', 'publindex']",0.002207505518763797,False,False,,True,False,True,True,1,,28,False,,0.0865,0.7481,,,0.7397,0.3513,,,0.2791
1692-6013,2500-8692,,Novum Jus: Revista Especializada en Sociología Jurídica y Política,2020,C,No disponible,No disponible,No disponible,No disponible,,No registra,Otras Ciencias Sociales,Ciencias Sociales,UNIVERSIDAD CATOLICA DE COLOMBIA,IES,,,607,1692-6013,novum jus especializada sociologia juridica politica,CO,1,2026-09-15,1.0.0,consolidado,00f83053ca639a8a,1,21101060255,journal,novum jus,Universidad Catolica de Colombia,True,True,0.914,Q1,4,10,47,140,2344,197,131,1.38,49.87,0.3611,0,2019-2025,Law (Q1); Sociology and Political Science (Q1),Social Sciences,http://novumjus.ucatolica.edu.co/,https://doaj.org/toc/9864fa6db6074b39a85d6a4dce2fdd28,2008,,1692-6013,2500-8692,"law, socio legal studies, socio political studies, legal sociology","English, Portuguese, Spanish",Colombia,Universidad Catolica de Colombia,,CC BY-NC,,https://novumjus.ucatolica.edu.co/about/openAccessPolicy,,False,,Double anonymous peer review,https://novumjus.ucatolica.edu.co/about/peerReviewProcess,False,https://novumjus.ucatolica.edu.co/about/focusAndScope,https://novumjus.ucatolica.edu.co/about/editorialTeam,https://novumjus.ucatolica.edu.co/about/submissions,12,False,https://novumjus.ucatolica.edu.co/apc,,False,,False,https://novumjus.ucatolica.edu.co/apc,,,https://novumjus.ucatolica.edu.co/about/archiving,,,DOI,True,,,K|H,False,No,No,Law | Social Sciences,2020-10-09T08:32:56Z,2020-10-09T08:32:56Z,2020-10-09,502,2026-04-30T19:11:18Z,novum jus,2443.03,EUR,2638.47,1.08,sin_monto,6943.34,2331.51,EUR,observado,,True,,"['doaj', 'facts', 'openapc', 'publindex', 'scimago']",0.0033112582781456954,False,False,,True,False,True,True,-3,0.25,12,True,1.4071428571428573,0.6265,1.5479,9.6608,0.2591,-0.617,0.4704,1.0,0.2,0.093
0122-5197,,,Memoria Y Sociedad,2020,B,No disponible,No disponible,No disponible,No disponible,,Historia,Historia y Arqueología,Humanidades,PONTIFICIA UNIVERSIDAD JAVERIANA,IES,,,497,0122-5197,memoria sociedad,CO,2,2026-09-15,1.0.0,consolidado,88cc275fb9a4711e,,,,,ESIC University,,False,,,0,,,,,,,,,,,,,,https://revistasinvestigacion.esic.edu/adresearch,https://doaj.org/toc/58c2c8165f3e4a06a2930ed61453fa10,2010,aDresearch ESIC: International Journal of Research in Communication,,2340-3144,"communication, new media, marketing, public relations, strategy, branding","English, Spanish",Spain,,,CC BY-NC-ND,,https://revistasinvestigacion.esic.edu/adresearch/index.php/adresearch/accesoabierto,True,False,https://revistasinvestigacion.esic.edu/adresearch/index.php/adresearch/accesoabierto,Double anonymous peer review,https://revistasinvestigacion.esic.edu/adresearch/index.php/adresearch/revision,True,https://revistasinvestigacion.esic.edu/adresearch/index.php/adresearch/about,https://revistasinvestigacion.esic.edu/adresearch/index.php/adresearch/about/editorialTeam,https://revistasinvestigacion.esic.edu/adresearch/index.php/adresearch/about/submissions,24,False,https://revistasinvestigacion.esic.edu/adresearch/index.php/adresearch/about/submissions,,False,,False,,,,,,,DOI,True,,,H|P87-96,False,No,No,Social Sciences | Language and Literature: Philology. Linguistics: Communication. Mass media,2022-04-19T13:31:45Z,2022-04-19T13:31:45Z,2022-04-19,260,2026-06-29T23:00:07Z,,1996.61,EUR,2156.34,1.08,sin_monto,5674.58,1872.1,EUR,observado,,True,,"['doaj', 'facts', 'openapc', 'publindex']",0.005518763796909493,False,False,,True,False,True,True,2,,24,False,,0.0807,0.9671,,,0.4005,0.3839,,,0.2326
0124-0579,0120-1867,,Estudios Socio-Jurídicos,2020,B,Colombia,Distrito Capital,"Bogotá, D. C.","Bogotá, D.C.",11001,Derecho,Derecho,Ciencias Sociales,COLEGIO MAYOR NUESTRA SENORA DEL ROSARIO,IES,,,297,0124-0579,estudios socio juridicos,CO,2,2026-09-15,1.0.0,consolidado,bffa96255fc0e07a,88,21101121920,journal,,Universidad de Antioquia,True,True,0.158,Q3,2,4,13,52,576,12,50,0.26,44.31,0.3125,0,2019-2025,Law (Q3); Political Science and International Relations (Q4),Social Sciences,http://revistas.urosario.edu.co/index.php/sociojuridicos,https://doaj.org/toc/196b807e3d2e4ec89193c2d4f14cab77,2010,,0124-0579,2145-4531,"law and society, socio-legal studies, legal thinking, social studies","Spanish, English",Colombia,,,CC BY-NC-ND,,http://revistas.urosario.edu.co/index.php/sociojuridicos/about/submissions#copyrightNotice,True,True,http://revistas.urosario.edu.co/index.php/sociojuridicos/about/submissions#copyrightNotice,Double anonymous peer review,https://revistas.urosario.edu.co/index.php/sociojuridicos/about,True,https://revistas.urosario.edu.co/index.php/sociojuridicos/about,http://revistas.urosario.edu.co/index.php/sociojuridicos/about/editorialTeam,http://revistas.urosario.edu.co/index.php/sociojuridicos/about/submissions#authorGuidelines,6,False,https://revistas.urosario.edu.co/index.php/sociojuridicos/about,,False,,False,,,,,,,DOI,True,,,K|K1-7720,False,No,No,Law: Law in general. Comparative and uniform law. Jurisprudence,2012-04-11T15:14:10Z,2023-03-28T07:11:16Z,2023-03-28,725,2026-07-30T18:59:55Z,estudios socio juridicos,1618.67,EUR,1748.16,1.08,sin_monto,4600.42,1618.67,EUR,observado,,True,,"['doaj', 'facts', 'openapc', 'publindex', 'scimago']",0.06181015452538632,False,False,,True,False,True,True,0,1.0,6,True,0.23076923076923078,0.1501,0.4754,-0.0472,-0.5873,-1.1258,0.3107,0.0713,0.05,0.0233
0120-2448,1657-0448,,Acta Médica Colombiana,2020,B,No disponible,No disponible,No disponible,No disponible,,Otras Ciencias Médicas,Otras Ciencias Médicas,Ciencias Médicas y de la Salud,ASOCIACION COLOMBIANA DE MEDICINA INTERNA ACMI,Otras,,,103,0120-2448,medica colombiana,CO,2,2026-09-15,1.0.0,consolidado,16903ca8acb5da34,163,21101259010,journal,,Wiley,True,False,0.105,Q4,1,2,58,123,889,5,91,0.06,15.33,0.5539999999999999,0,2020-2026,Dermatology (Q4); Surgery (Q4),Medicine,https://onlinelibrary.wiley.com/journal/29984971,https://doaj.org/toc/cc53fdc020c64c72b35ec033e3ae5bc3,2025,,2998-4963,2998-4971,"medicine, biomedical science, human health, translational research, clinical practice",English,United States,International Society for Health Data Science,,CC BY,,https://onlinelibrary.wiley.com/page/journal/29984971/homepage/open-access,True,True,https://authorservices.wiley.com/author-resources/Journal-Authors/licensing/open-access-agreements.html,Double anonymous peer review,https://onlinelibrary.wiley.com/page/journal/29984971/homepage/author-guidelines,True,https://onlinelibrary.wiley.com/page/journal/29984971/homepage/overview,https://onlinelibrary.wiley.com/page/journal/29984971/homepage/editorial-board,https://onlinelibrary.wiley.com/page/journal/29984971/homepage/author-guidelines,14,True,https://onlinelibrary.wiley.com/page/journal/29984971/homepage/open-access,3000 USD; 2207 GBP; 2601 EUR,True,https://authorservices.wiley.com/open-research/open-access/for-authors/waivers-and-discounts.html,False,,"CLOCKSS, Portico",,https://onlinelibrary.wiley.com/library-info/resources/preservation,Open Policy Finder,https://openpolicyfinder.jisc.ac.uk/id/publication/46615,DOI,True,,,R,False,No,No,Medicine,2026-02-25T15:09:33Z,2026-02-25T15:09:33Z,,60,2026-06-10T10:59:22Z,,300.0,EUR,324.0,1.08,convertida,852.63,3000.0,USD,observado,,False,,"['doaj', 'facts', 'openapc', 'publindex', 'scimago']",0.006622516556291391,False,False,,True,False,True,True,1,2.0,14,False,0.04065040650406504,0.2606,-1.2401,-0.7278,-0.8695,-0.4474,0.0552,0.0061,0.0,0.1163
0122-7238,2256-5248,,Revista Historia De La Educación Latinoamericana,2020,B,Colombia,Centro Oriente,Boyacá,Tunja,15001,No registra,Otras historias,Humanidades,UNIVERSIDAD PEDAGOGICA Y TECNOLOGICA DE COLOMBIA,IES,UNIVERSIDAD PEDAGOGICA Y TECNOLOGICA DE COLOMBIA,,417,0122-7238,historia educacion latinoamericana,CO,2,2026-09-15,1.0.0,consolidado,60199f1f6ba5ed44,,,,,Universidad Pedagógica y Tecnológica de Colombia,,False,,,0,,,,,,,,,,,,,,https://revistas.uptc.edu.co/index.php/historia_educacion_latinamerican/index,https://doaj.org/toc/bdca8e1f6b0d40458a0d7e3338be6e67,2004,,0122-7238,2256-5248,education history,Spanish,Colombia,"Universidad Pedagógica y Tecnológica de Colombia, Sociedad de Historia de la Educación Latinoamericana",,CC BY-NC-ND,,https://revistas.uptc.edu.co/index.php/historia_educacion_latinamerican/about,,False,http://www.uptc.edu.co/enlaces/rhela,Double anonymous peer review,https://revistas.uptc.edu.co/index.php/historia_educacion_latinamerican/about#peerReviewProcess,True,https://revistas.uptc.edu.co/index.php/historia_educacion_latinamerican/about,https://revistas.uptc.edu.co/index.php/historia_educacion_latinamerican/about/editorialTeam,https://revistas.uptc.edu.co/index.php/historia_educacion_latinamerican/about/submissions,26,False,https://revistas.uptc.edu.co/index.php/historia_educacion_latinamerican/about,,False,,False,,,,,,,DOI,True,,,L|LC8-6691,False,No,No,Education: Special aspects of education,2009-10-27T14:43:44Z,2026-04-21T06:27:37Z,2024-03-12,660,2026-05-05T15:19:02Z,historia educacion latinoamericana,1828.24,EUR,1974.5,1.08,sin_monto,5196.05,1828.24,EUR,observado,,True,,"['doaj', 'facts', 'openapc', 'publindex']",0.005518763796909493,False,False,,True,False,True,True,2,,26,False,,0.0865,0.7481,,,0.5701,0.3513,,,0.2558
1692-2530,,,Opinión Jurídica,2020,C,Colombia,Eje Cafetero,Antioquia,Medellín,05001,No registra,Derecho,Ciencias Sociales,UNIVERSIDAD DE MEDELLIN,IES,,,513,1692-2530,opinion juridica,CO,1,2026-09-15,1.0.0,consolidado,130bcee28e1e931a,,,,,Sello Editorial Universidad de Medellín,,False,,,0,,,,,,,,,,,,,,http://revistas.udem.edu.co/index.php/opinion,https://doaj.org/toc/c55b161ac54d43889b386d6ee66f7d88,2006,,1692-2530,2248-4078,"private law, public law, public policy and law","English, French, Portuguese, Spanish",Colombia,,,CC BY-NC-ND,,http://revistas.udem.edu.co/index.php/opinion/about/submissions#copyrightNotice,,False,https://revistas.udem.edu.co/index.php/opinion/information/authors,Double anonymous peer review,https://revistas.udem.edu.co/index.php/opinion/information/authors,True,https://revistas.udem.edu.co/index.php/opinion/about,https://revistas.udem.edu.co/index.php/opinion/about/editorialTeam,https://revistas.udem.edu.co/index.php/opinion/about/submissions,20,False,https://revistas.udem.edu.co/index.php/opinion/policies,,False,,False,,,,,,,DOI,True,,,K1-7720,False,No,No,Law: Law in general. Comparative and uniform law. Jurisprudence,2010-07-26T14:40:49Z,2025-08-07T06:59:55Z,2025-08-07,1020,2026-06-27T00:17:55Z,opinion juridica,3345.32,EUR,3612.95,1.08,sin_monto,9507.76,2095.8,EUR,observado,,True,,"['doaj', 'facts', 'openapc', 'publindex']",0.0011037527593818985,False,False,,True,False,True,True,1,,20,False,,0.0525,2.7218,,,0.0613,0.6453,,,0.186
1657-4702,,,Revista Latinoamericana De Bioetica/Latinamerican Journal Of Bioethics,2020,B,Colombia,Distrito Capital,"Bogotá, D. C.","Bogotá, D.C.",11001,Filosofía,Otras Humanidades,Humanidades,UNIVERSIDAD MILITAR NUEVA GRANADA,IES,,,676,1657-4702,latinoamericana bioetica latinamerican bioethics,CO,2,2026-09-15,1.0.0,consolidado,510613c7c31ecdf3,,,,,Editorial Neogranadina,,False,,,0,,,,,,,,,,,,,,http://revistas.unimilitar.edu.co/index.php/rlbi/index,https://doaj.org/toc/b6e062f98fb847cf90e0602f20a2f29a,2006,,1657-4702,2462-859X,"bioethics, medical ethics, research ethics, biolaw, environmental ethics, ethics","Spanish, Portuguese, English",Colombia,Universidad Militar Nueva Granada,Colombia,CC BY-NC-ND,,https://revistas.unimilitar.edu.co/index.php/rlbi/about,True,False,https://revistas.unimilitar.edu.co/index.php/rlbi/about,Double anonymous peer review,https://revistas.unimilitar.edu.co/index.php/rlbi/about,True,https://revistas.unimilitar.edu.co/index.php/rlbi/about,https://revistas.unimilitar.edu.co/index.php/rlbi/about/editorialTeam,https://revistas.unimilitar.edu.co/index.php/rlbi/about/submissions,20,False,https://revistas.unimilitar.edu.co/index.php/rlbi/about,,False,,False,,Portico,,https://www.portico.org/coverage/titles/?keyword=1657-4702&filter_by%5B%5D=e-journal,,,DOI,True,,,R723-726|BJ1-1725,False,No,No,Medicine: Medicine (General): Medical philosophy. Medical ethics | Philosophy. Psychology. Religion: Ethics,2016-11-03T09:06:35Z,2021-08-16T16:25:36Z,2021-08-16,828,2026-06-22T17:01:31Z,latinoamericana bioetica,2492.33,EUR,2691.72,1.08,sin_monto,7083.47,1814.27,EUR,observado,,True,,"['doaj', 'facts', 'openapc', 'publindex']",0.005518763796909493,False,False,,True,False,True,True,2,,20,False,,0.0674,1.6121,,,0.0613,0.48,,,0.186
1692-715X,2027-7679,,"Revista Latinoamericana De Ciencias Sociales, Niñez Y Juventud",2020,B,Colombia,Eje Cafetero,Caldas,Manizales,17001,Sociología,Sociología,Ciencias Sociales,UNIVERSIDAD DE MANIZALES UMANIZALES,IES,,,960,1692-715X,latinoamericana ciencias sociales ninez juventud,CO,2,2026-09-15,1.0.0,consolidado,afadbc4db7e7b50b,,,,,Universidad de Manizales,,False,,,0,,,,,,,,,,,,,,http://revistaumanizales.cinde.org.co/,https://doaj.org/toc/17c612b4aa564453b37d71287a3c4013,2003,,1692-715X,2027-7679,"children, adolescents, child welfare","English, Portuguese, Spanish",Colombia,"Universidad de Manizales, Centro de Estudios Avanzados en Niñez y Juventud",,CC BY-NC-ND,,http://revistaumanizales.cinde.org.co/index.php/conocenos/etica-editorial,,False,,Double anonymous peer review,http://revistaumanizales.cinde.org.co/index.php/conocenos/guia-para-los-autores-y-autoras,True,http://revistaumanizales.cinde.org.co/index.php/conocenos,http://revistaumanizales.cinde.org.co/index.php/know-us/editorial-and-scientific-committee,http://revistaumanizales.cinde.org.co/index.php/conocenos/guia-para-los-autores-y-autoras,30,False,http://revistaumanizales.cinde.org.co/rlcsnj/index.php/Revista-Latinoamericana/issue/archive,,False,,False,http://revistaumanizales.cinde.org.co/rlcsnj/index.php/Revista-Latinoamericana/issue/archive,,,http://revistaumanizales.cinde.org.co/index.php/Revista-Latinoamericana/about/editorialPolicies#archiving,,,,True,,,H|H1-99,False,No,No,Social Sciences: Social sciences (General),2010-09-01T16:10:39Z,2020-08-17T11:14:26Z,2020-08-17,1485,2025-10-07T19:26:58Z,latinoamericana ciencias sociales ninez juventud,1828.24,EUR,1974.5,1.08,sin_monto,5196.05,1828.24,EUR,observado,,True,,"['doaj', 'facts', 'openapc', 'publindex']",0.002207505518763797,False,False,,True,False,True,True,2,,30,False,,0.0865,0.7481,,,0.9093,0.3513,,,0.3023
0120-3347,2145-4604,,Revista Colombiana De Anestesiología,2020,B,Colombia,Distrito Capital,"Bogotá, D. C.","Bogotá, D.C.",11001,Otros Temas de Medicina Clínica,Medicina Clínica,Ciencias Médicas y de la Salud,UNIVERSIDAD NACIONAL DE COLOMBIA,IES,,,84,0120-3347,colombiana anestesiologia,CO,2,2026-09-15,1.0.0,consolidado,d14d3d83f51551dd,89,21100976171,journal,,Sociedad Colombiana de Anestesiologia y Reanimacion,True,False,0.156,Q4,1,9,41,113,908,51,96,0.54,22.15,0.3846,0,2018-2025,Anesthesiology and Pain Medicine (Q4); Critical Care and Intensive Care Medicine (Q4),Medicine,https://reference-global.com/journal/LOGI,https://doaj.org/toc/89ccda6268014716b8c4b6a4604ee188,2010,Logi: Scientific Journal on Transport and Logistics,,2336-3037,"transport, logistics, warehousing, handling, vehicle, sustainability",English,Poland,"Institute of Technology and Business in České Budějovice, Faculty of Technology",Czechia,CC BY-NC-ND,,https://reference-global.com/journal/LOGI?tab=copyright,True,True,https://reference-global.com/journal/LOGI?tab=copyright,Double anonymous peer review,https://sciendo-parsed-data-feed.s3.eu-central-1.amazonaws.com/LOGI/Peer_Review_Procedure.pdf,True,https://reference-global.com/journal/LOGI?tab=aims-and-scope,https://reference-global.com/journal/LOGI?tab=editorial-board,https://reference-global.com/journal/LOGI?tab=submission-guidelines,12,True,https://reference-global.com/journal/LOGI?tab=article-processing-charges,150 EUR,False,,True,https://reference-global.com/journal/LOGI?tab=article-processing-charges,Portico,,https://www.portico.org/publishers/wdg/?keyword=LOGI+%E2%80%93+Scientific+Journal+on+Transport+and+Logistics&filter_by%5B%5D=e-journal,,,DOI,True,,,TA1001-1280,False,No,No,Technology: Engineering (General). Civil engineering (General): Transportation engineering,2024-04-02T13:46:11Z,2026-07-24T16:43:03Z,2026-07-24,208,2026-07-13T05:03:03Z,,150.0,EUR,162.0,1.08,convertida,426.32,150.0,EUR,declarado,,,,"['doaj', 'publindex', 'scimago']",0.002207505518763797,False,False,,True,False,True,True,1,2.0,12,True,0.45132743362831856,0.4742,-1.4353,-0.0729,0.1181,-0.617,0.0262,0.0688,0.175,0.093
2011-0324,,,Cs,2020,B,Colombia,Pacífico,Valle del Cauca,Cali,76001,No registra,Derecho,Ciencias Sociales,UNIVERSIDAD ICESI,IES,,,501,2011-0324,cs,CO,2,2026-09-15,1.0.0,consolidado,abcab6cffdff6f93,,,,,Universidad Icesi,,False,,,0,,,,,,,,,,,,,,http://www.icesi.edu.co/revistas/index.php/revista_cs,https://doaj.org/toc/8467266b362646a491d0707e0ad7b241,2008,,2011-0324,2665-4814,"sociology, social sciences, anthropology, political science, psychology, literature","Portuguese, English, Spanish",Colombia,"Universidad Icesi, Facultad de Derecho y Ciencias Sociales",Colombia,CC BY-NC,,https://www.icesi.edu.co/revistas/index.php/revista_cs/about#a11,True,True,https://www.icesi.edu.co/revistas/index.php/revista_cs/about/submissions,Double anonymous peer review,https://www.icesi.edu.co/revistas/index.php/revista_cs/about/submissions,True,https://www.icesi.edu.co/revistas/index.php/revista_cs/about#a1,https://www.icesi.edu.co/revistas/index.php/revista_cs/about/editorialTeam,https://www.icesi.edu.co/revistas/index.php/revista_cs/about/submissions,52,False,https://www.icesi.edu.co/revistas/index.php/revista_cs/about#a9,,False,,False,,PKP PN,,https://portal.issn.org/resource/ISSN/2665-4814,,,DOI,True,,,H,False,No,No,Social Sciences,2013-04-30T16:38:28Z,2024-12-19T08:29:27Z,2024-12-19,546,2026-07-30T00:00:10Z,cs,990.0,EUR,1069.2,1.08,sin_monto,2813.68,1630.43,EUR,observado,,False,,"['doaj', 'facts', 'openapc', 'publindex']",0.002207505518763797,False,False,,True,False,True,True,2,,52,False,,0.1346,-0.3425,,,2.7748,0.1889,,,0.5581
0034-7418,1909-6356,,Revista Colombiana De Ciencias Químico Farmacéuticas,2020,C,Colombia,Distrito Capital,"Bogotá, D. C.","Bogotá, D.C.",11001,Farmacología y Farmacia,Medicina Básica,Ciencias Médicas y de la Salud,UNIVERSIDAD NACIONAL DE COLOMBIA,IES,,,363,0034-7418,colombiana ciencias quimico farmaceuticas,CO,1,2026-09-15,1.0.0,consolidado,34f3e899c2a60378,121,21827,journal,colombiana ciencias quimico farmaceuticas colombia,Universidad Nacional de Colombia,True,True,0.139,Q4,1,9,41,173,1884,61,173,0.28,45.95,0.5242,0,"1974, 1980, 2019-2026","Pharmacology (medical) (Q4); Pharmacology, Toxicology and Pharmaceutics (miscellaneous) (Q4)","Medicine; Pharmacology, Toxicology and Pharmaceutics",http://revistas.udh.edu.pe/index.php/RPCS,https://doaj.org/toc/ee8fdb51075b4c52ad7153ee242ceb4c,2019,,2707-6946,2707-6954,"health sciences, public health, medicine, nursing, environmental health, health education","Spanish, English",Peru,,,CC BY,,http://revistas.udh.edu.pe/index.php/RPCS/,True,True,http://revistas.udh.edu.pe/index.php/RPCS/instructivas,Double anonymous peer review,http://revistas.udh.edu.pe/index.php/RPCS/politicas,False,http://revistas.udh.edu.pe/index.php/RPCS/politicas,http://revistas.udh.edu.pe/index.php/RPCS/Equipo,http://revistas.udh.edu.pe/index.php/RPCS/instructivas,8,False,http://revistas.udh.edu.pe/index.php/RPCS/politicas,,False,,False,,,,,http://aura.amelica.org/detalle-revista.html?cveRevista=1819,http://revistas.udh.edu.pe/index.php/RPCS/politicas,DOI,True,,,R5-920,False,No,No,Medicine: Medicine (General),2022-07-28T13:13:04Z,2022-07-28T13:13:04Z,2022-07-28,261,2026-08-08T13:37:16Z,,2000.0,EUR,2160.0,1.08,sin_monto,5684.21,2331.51,EUR,observado,,False,,"['doaj', 'facts', 'openapc', 'publindex', 'scimago']",0.04525386313465784,False,False,,True,False,True,True,0,1.0,8,True,0.35260115606936415,0.112,0.9715,-0.2912,0.1181,-0.9562,0.3846,0.0479,0.175,0.0465
1657-7027,,,Revista Gerencia Y Políticas De Salud,2020,C,Colombia,Distrito Capital,"Bogotá, D. C.","Bogotá, D.C.",11001,Salud Pública,Ciencias de la Salud,Ciencias Médicas y de la Salud,PONTIFICIA UNIVERSIDAD JAVERIANA,IES,,,330,1657-7027,gerencia politicas salud,CO,1,2026-09-15,1.0.0,consolidado,ab375f0037570af5,54,21101105022,journal,,Fundacion Universitaria Maria Cano,True,True,0.195,Q3,2,6,46,89,1864,64,83,0.85,40.52,0.49439999999999995,0,2019-2026,"Health Professions (miscellaneous) (Q3); Occupational Therapy (Q3); Physical Therapy, Sports Therapy and Rehabilitation (Q4); Public Health, Environmental and Occupational Health (Q4); Speech and Hearing (Q4)",Health Professions; Medicine,https://revistapolitica.uchile.cl/index.php/RP,https://doaj.org/toc/da5454056a0742baa5ae89b4bd03b29f,2011,Política: Revista de Ciencia Política,0716-1077,0719-5338,"political science, international relations, political sociology, latin america, public policy, political economy","Portuguese, English, Spanish",Chile,,,CC BY-SA,,https://revistapolitica.uchile.cl/index.php/RP/copyright,,True,https://revistapolitica.uchile.cl/index.php/RP/copyright,Double anonymous peer review,https://revistapolitica.uchile.cl/index.php/RP/politicas,True,https://revistapolitica.uchile.cl/index.php/RP/about,https://revistapolitica.uchile.cl/index.php/RP/about/editorialTeam,https://revistapolitica.uchile.cl/index.php/RP/about/submissions,25,False,https://revistapolitica.uchile.cl/index.php/RP/acceso,,False,,False,,,,,,,DOI,True,,,JA1-92,False,No,No,Political science: Political science (General),2024-05-29T07:00:43Z,2024-05-29T07:00:43Z,2024-05-29,0,,,2443.03,EUR,2638.47,1.08,sin_monto,6943.34,2331.51,EUR,observado,,True,,"['doaj', 'facts', 'openapc', 'publindex', 'scimago']",0.03642384105960265,False,False,,True,False,True,True,-1,0.5,25,False,0.7191011235955056,0.1337,1.5479,0.428,-0.3052,0.4853,0.4704,0.1167,0.1,0.2442
2248-6046,2011-7663,,Finanzas Y Política Económica,2020,B,Colombia,Distrito Capital,"Bogotá, D. C.","Bogotá, D.C.",11001,Economía,Economía y Negocios,Ciencias Sociales,UNIVERSIDAD CATOLICA DE COLOMBIA,IES,,,"1,034",2248-6046,finanzas politica economica,CO,2,2026-09-15,1.0.0,consolidado,54bd58f83efb2080,76,21100842860,journal,finanzas politica economica,Universidad Catolica de Colombia,True,True,0.173,Q4,1,10,18,60,888,47,54,0.7,49.33,0.3421,0,2015-2025,Accounting (Q4); Economics and Econometrics (Q4); Finance (Q4); Marketing (Q4); Strategy and Management (Q4),"Business, Management and Accounting; Economics, Econometrics and Finance",http://editorial.ucatolica.edu.co/ojsucatolica/revistas_ucatolica/index.php/RFYPE/index,https://doaj.org/toc/c67be93a099b445783973403f6f0c77e,2007,Journal of Finance and Economic Policy,2248-6046,2011-7663,"finance, economic policy, economic history, public finance, economic theory","English, Spanish",Colombia,,,CC BY-NC-SA,,https://revfinypolecon.ucatolica.edu.co/about/openAccessPolicy,True,False,https://revfinypolecon.ucatolica.edu.co/index.php/RFYPE/propiedadintelectual,Double anonymous peer review,https://revfinypolecon.ucatolica.edu.co/about/peerReviewProcess,False,https://revfinypolecon.ucatolica.edu.co/index.php/RFYPE/about/focusAndScope,https://revfinypolecon.ucatolica.edu.co/about/editorialTeam,http://editorial.ucatolica.edu.co/ojsucatolica/revistas_ucatolica/index.php/RFYPE/about/submissions#authorGuidelines,26,False,https://revfinypolecon.ucatolica.edu.co/about/openAccessPolicy,,False,,False,,,,,,,,True,,,HG1-9999|HB71-74,False,No,No,Social Sciences: Finance | Social Sciences: Economic theory. Demography: Economics as a science,2013-05-09T14:26:33Z,2023-10-26T06:33:15Z,2023-10-26,454,2026-06-26T19:13:21Z,finanzas politica economica,1828.49,EUR,1974.77,1.08,sin_monto,5196.76,2331.51,EUR,observado,,True,,"['doaj', 'facts', 'openapc', 'publindex', 'scimago']",0.0033112582781456954,False,False,,True,False,True,True,1,2.0,26,False,0.7833333333333333,0.1496,0.7484,0.1454,0.2591,0.5701,0.3514,0.0897,0.2,0.2558
1657-320X,,,Archivos De Medicina,2020,C,Colombia,Eje Cafetero,Caldas,Manizales,17001,No registra,Ciencias de la Salud,Ciencias Médicas y de la Salud,UNIVERSIDAD DE MANIZALES UMANIZALES,IES,,,559,1657-320X,archivos medicina,CO,1,2026-09-15,1.0.0,consolidado,7ffcfb331e0c79e8,,,,,MDPI AG,,False,,,0,,,,,,,,,,,,,,https://www.mdpi.com/journal/medicina,https://doaj.org/toc/3bf5928fcb3d44c492838cf16253d5bd,2007,,1010-660X,1648-9144,"experimental medicine, clinical medicine, surgery, oncology, public health",English,Switzerland,Lithuanian University of Health Sciences,Lithuania,CC BY,,https://www.mdpi.com/openaccess,True,True,https://www.mdpi.com/journal/medicina/about,"Anonymous peer review, Open peer review",https://www.mdpi.com/journal/medicina/instructions#editorial_procedure,True,https://www.mdpi.com/journal/medicina/about,https://www.mdpi.com/journal/medicina/editors,https://www.mdpi.com/journal/medicina/instructions,6,True,https://www.mdpi.com/journal/medicina/apc,1800 CHF,False,,False,,"CLOCKSS, PMC",,https://www.mdpi.com/journal/medicina/indexing,Open Policy Finder,https://openpolicyfinder.jisc.ac.uk/id/publication/35307,DOI,True,,,R5-920,False,No,No,Medicine: Medicine (General),2016-10-25T09:25:34Z,2023-08-14T10:00:55Z,2023-08-14,13014,2026-07-27T13:45:11Z,,1448.6,EUR,1564.49,1.08,convertida,4117.08,1800.0,CHF,observado,,False,,"['doaj', 'facts', 'openapc', 'publindex']",0.011037527593818985,False,False,,True,True,True,True,1,,6,True,,0.1032,0.2542,,,-1.1258,0.2778,,,0.0233
0120-159X,2256-5485,,Revista Colombiana De Sociología,2020,C,Colombia,Distrito Capital,"Bogotá, D. C.","Bogotá, D.C.",11001,"Temas Especiales (Estudios de Género, Temas Sociales, Estudios de la Familia)",Sociología,Ciencias Sociales,UNIVERSIDAD NACIONAL DE COLOMBIA,IES,,,937,0120-159X,colombiana sociologia,CO,1,2026-09-15,1.0.0,consolidado,aa839c117bb64389,148,20600195529,journal,colombiana sociologia,Universidad Nacional de Colombia,True,True,0.117,Q3,2,9,18,78,634,19,74,0.24,35.22,0.4,0,2018-2025,Arts and Humanities (miscellaneous) (Q3); Social Sciences (miscellaneous) (Q4),Arts and Humanities; Social Sciences,https://revistadesociologia.uchile.cl,https://doaj.org/toc/786f705b1a1a4960aeeec9d13c39bafc,2010,,0716-632X,0719-529X,"social sciences, epistemology, chilhood, gender studies, child abuse, sociology","French, Portuguese, English, Spanish",Chile,,,CC BY-NC-SA,,https://revistadesociologia.uchile.cl/index.php/RDS/derechosautor,,True,https://revistadesociologia.uchile.cl/index.php/RDS/derechosautor,Double anonymous peer review,https://revistadesociologia.uchile.cl/index.php/RDS/politicaspublicacion,True,https://revistadesociologia.uchile.cl/index.php/RDS/about,https://revistadesociologia.uchile.cl/index.php/RDS/about/editorialTeam,https://revistadesociologia.uchile.cl/index.php/RDS/normasautores,30,False,https://revistadesociologia.uchile.cl/index.php/RDS/accesoabierto,,False,,False,,,,,,,DOI,True,,,HM401-1281,False,No,No,Social Sciences: Sociology (General),2024-01-03T07:55:15Z,2024-01-03T07:55:15Z,2024-01-03,39,2024-01-03T12:10:34Z,,2505.83,EUR,2706.3,1.08,sin_monto,7121.84,303.63,EUR,observado,,True,,"['doaj', 'facts', 'openapc', 'publindex', 'scimago']",0.04525386313465784,False,False,,True,False,True,True,-1,0.5,30,False,0.24358974358974358,0.0785,1.6296,-0.5737,0.1181,0.9093,0.4826,0.0209,0.175,0.3023
1692-0279,2256-4322,,Ad-Minister Revista Escuela De Administración,2020,B,Colombia,Eje Cafetero,Antioquia,Medellín,05001,Negocios y Management,Economía y Negocios,Ciencias Sociales,UNIVERSIDAD EAFIT,IES,,,468,1692-0279,ad minister escuela administracion,CO,2,2026-09-15,1.0.0,consolidado,052a115452c7f6be,,,,,Universidad EAFIT,,False,,,0,,,,,,,,,,,,,,http://www.eafit.edu.co/ad-minister,https://doaj.org/toc/a1ad452387af4816ba1ad2dc7014cc76,2002,,1692-0279,2256-4322,"administration, accounting, marketing, organizational psychology, human development","English, Spanish",Colombia,,,CC BY,,http://publicaciones.eafit.edu.co/index.php/administer/about/submissions#copyrightNotice,True,True,http://publicaciones.eafit.edu.co/index.php/administer/about/submissions#copyrightNotice,Double anonymous peer review,http://publicaciones.eafit.edu.co/index.php/administer/about/editorialPolicies#peerReviewProcess,True,http://publicaciones.eafit.edu.co/index.php/administer/about/editorialPolicies#focusAndScope,http://publicaciones.eafit.edu.co/index.php/administer/about/editorialTeam,http://publicaciones.eafit.edu.co/index.php/administer/about/submissions#authorGuidelines,5,False,http://publicaciones.eafit.edu.co/index.php/administer/about/submissions#authorGuidelines,,False,,False,http://publicaciones.eafit.edu.co/index.php/administer/about/submissions#authorGuidelines,CLOCKSS,,http://publicaciones.eafit.edu.co/index.php/administer/about/editorialPolicies#archiving,Open Policy Finder,,,True,,,H|HF1-6182|HF5001-6182,False,No,No,Social Sciences: Commerce: Business,2013-04-15T15:50:30Z,2020-05-18T11:19:10Z,2020-05-18,267,2020-05-24T01:57:20Z,ad minister,1932.16,EUR,2086.73,1.08,sin_monto,5491.39,1932.16,EUR,observado,,True,,"['doaj', 'facts', 'openapc', 'publindex']",0.004415011037527594,False,False,,True,False,True,True,2,,5,True,,0.0828,0.8833,,,-1.2106,0.3715,,,0.0116
2027-1786,,,Revista Iberoamericana De Psicología: Ciencia Y Tecnología,2020,C,Colombia,Distrito Capital,"Bogotá, D. C.","Bogotá, D.C.",11001,"Psicología (Incluye Terapias de Aprendizaje, Habla, Visual y Otras Discapacidades Físicas y Mentales)",Psicología,Ciencias Sociales,CORPORACION UNIVERSITARIA AMERICANA,IES,,,475,2027-1786,iberoamericana psicologia ciencia tecnologia,CO,1,2026-09-15,1.0.0,consolidado,d5283eb4030d61f3,,,,,IberAm,,False,,,0,,,,,,,,,,,,,,https://reviberopsicologia.ibero.edu.co/index,https://doaj.org/toc/49ee775571de4269a8de7b537274c6fb,2018,Ibero-American Journal of Psychology,2027-1786,2500-6517,"psychology, social sciences, qualitative research, quantitative methods, behavior, cognitive psychology","Spanish, English, Portuguese",Colombia,Corporación Universitaria Iberoamericana,Colombia,CC BY-NC-SA,,https://reviberopsicologia.ibero.edu.co/about/submissions,True,False,https://reviberopsicologia.ibero.edu.co/about,Double anonymous peer review,https://reviberopsicologia.ibero.edu.co/about,True,https://reviberopsicologia.ibero.edu.co/about,https://reviberopsicologia.ibero.edu.co/about/editorialTeam,https://reviberopsicologia.ibero.edu.co/about/submissions,16,False,https://reviberopsicologia.ibero.edu.co/about,,False,,False,,,,,,,DOI,True,,,BF1-990,False,No,No,Philosophy. Psychology. Religion: Psychology,2021-05-17T12:09:11Z,2021-05-17T12:09:11Z,2021-05-17,274,2026-02-19T15:58:37Z,iberoamericana psicologia,1828.24,EUR,1974.5,1.08,sin_monto,5196.05,1828.24,EUR,observado,,True,,"['doaj', 'facts', 'openapc', 'publindex']",0.004415011037527594,False,False,,True,False,True,True,1,,16,False,,0.0865,0.7481,,,-0.2778,0.3513,,,0.1395
2027-4688,,,Fronteras De La Historia,2020,C,Colombia,Distrito Capital,"Bogotá, D. C.","Bogotá, D.C.",11001,Historia,Historia y Arqueología,Humanidades,INSTITUTO COLOMBIANO DE ANTROPOLOGIA E HISTORIA ICANH,Entidades de Gobierno,,,"1,119",2027-4688,fronteras historia,CO,1,2026-09-15,1.0.0,consolidado,87d4f85436af96b4,164,21101145379,journal,,Technological University of Pereira,False,False,0.101,Q4,1,3,23,57,1014,4,52,0.08,44.09,0.23079999999999998,0,2019-2025,History (Q4); Political Science and International Relations (Q4),Arts and Humanities; Social Sciences,https://revistas.icanh.gov.co/index.php/fh/index,https://doaj.org/toc/2a6519794db24e95beacb46ce1e862e4,1997,Revista de Historia Colonial Latinoamericana,2027-4688,2539-4711,"historiography, social science, archive, history, colonial latinamerican history, latin america",Spanish,Colombia,Instituto Colombiano de Antropología e Historia,,CC BY-NC-ND,,https://revistas.icanh.gov.co/index.php/fh/about,,False,,Double anonymous peer review,https://revistas.icanh.gov.co/index.php/fh/pro,False,https://revistas.icanh.gov.co/index.php/fh/about,https://revistas.icanh.gov.co/index.php/fh/about/editorialTeam,https://revistas.icanh.gov.co/index.php/fh/about/submissions,20,False,https://revistas.icanh.gov.co/index.php/fh/about,,False,,False,https://revistas.icanh.gov.co/index.php/fh/about,,,,,,,True,,,D1-2009|F1201-3799,False,No,No,History (General) and history of Europe: History (General) | History America: Latin America. Spanish America,2018-12-06T16:54:05Z,2019-01-23T14:09:10Z,2019-01-23,1504,2026-06-30T20:02:30Z,fronteras historia,1116.0,EUR,1205.28,1.08,sin_monto,3171.79,1116.0,EUR,observado,,True,,"['doaj', 'facts', 'openapc', 'publindex', 'scimago']",0.02869757174392936,False,False,,True,False,True,True,0,1.0,20,False,0.07017543859649122,0.1255,-0.1785,-0.7791,-0.7284,0.0613,0.2133,0.0012,0.025,0.186
0120-386X,2256-3334,,Revista Facultad Nacional De Salud Publica,2020,B,Colombia,Eje Cafetero,Antioquia,Medellín,05001,Salud Pública,Ciencias de la Salud,Ciencias Médicas y de la Salud,UNIVERSIDAD DE ANTIOQUIA,IES,,,64,0120-386X,facultad nacional salud publica,CO,2,2026-09-15,1.0.0,consolidado,da5de2f4c113d670,,,,,Universidad de Antioquia,,False,,,0,,,,,,,,,,,,,,https://revistas.udea.edu.co/index.php/fnsp/,https://doaj.org/toc/ae57234c3ded48e180bfe0a14e9a47d1,2000,,0120-386X,,"public health, health sciences",Spanish,Colombia,,,CC BY-NC-SA,,https://revistas.udea.edu.co/index.php/fnsp/about,True,False,,Double anonymous peer review,https://revistas.udea.edu.co/index.php/fnsp/about/submissions,False,https://revistas.udea.edu.co/index.php/fnsp/about,https://revistas.udea.edu.co/index.php/fnsp/about/editorialTeam,https://revistas.udea.edu.co/index.php/fnsp/about/submissions,24,False,https://revistas.udea.edu.co/index.php/fnsp/about,,False,,False,https://revistas.udea.edu.co/index.php/fnsp/about,,,,,,,True,,,RA1-1270,False,No,No,Medicine: Public aspects of medicine,2011-01-20T13:08:44Z,2020-05-09T15:33:01Z,2020-05-09,653,2025-11-19T15:58:56Z,facultad nacional salud publica,2390.0,EUR,2581.2,1.08,sin_monto,6792.63,2390.0,EUR,observado,,True,,"['doaj', 'facts', 'openapc', 'publindex']",0.06181015452538632,False,False,,True,False,True,True,2,,24,False,,0.0698,1.4789,,,0.4005,0.4602,,,0.2326
0121-0319,,,Médicas Uis,2020,C,Colombia,Centro Oriente,Santander,Bucaramanga,68001,Otras Ciencias Médicas,Otras Ciencias Médicas,Ciencias Médicas y de la Salud,UNIVERSIDAD INDUSTRIAL DE SANTANDER,IES,,,328,0121-0319,medicas uis,CO,1,2026-09-15,1.0.0,consolidado,1ad98034598b1283,,,,,Pafram Editores,,False,,,0,,,,,,,,,,,,,,https://actasmedicas.ec/,https://doaj.org/toc/a84497c3ea9f47318eafcc7069ad3bfd,2020,,1019-8105,2960-8309,"internal medicine, surgery, traumatology, pediatrics, ginecology","Spanish, English",Ecuador,Hospital Alcívar,Ecuador,CC BY-NC-SA,,https://actasmedicas.ec/index.php/am/AcuerdoLicenciaCopyright,True,True,https://actasmedicas.ec/index.php/am/AcuerdoLicenciaCopyright,Double anonymous peer review,https://actasmedicas.ec/index.php/am/ProcesoEvaluacionPares,True,https://actasmedicas.ec/index.php/am/EnfoqueyAlcance,https://actasmedicas.ec/index.php/am/about/editorialTeam,https://actasmedicas.ec/index.php/am/NORMASAUTORES,12,False,https://actasmedicas.ec/index.php/am/PoliticaCostosPublicacion,,False,,False,,,,,,,DOI,True,,,R5-920,False,No,No,Medicine: Medicine (General),2026-02-09T12:28:22Z,2026-02-09T12:28:22Z,,227,2026-05-23T03:37:13Z,,5176.12,EUR,5590.21,1.08,sin_monto,14711.08,5176.12,EUR,observado,,True,,"['doaj', 'facts', 'publindex']",0.002207505518763797,False,False,,True,False,True,True,1,,12,True,,0.0356,5.1036,,,-0.617,1.0,,,0.093
1909-9762,,,Revista Ingeniería Biomédica,2020,C,Colombia,Eje Cafetero,Antioquia,Envigado,05266,No registra,Biotecnología en Salud,Ciencias Médicas y de la Salud,UNIVERSIDAD EIA,IES,UNIVERSIDAD CES,,"1,134",1909-9762,ingenieria biomedica,CO,1,2026-09-15,1.0.0,consolidado,1674c8ca378f4460,,,,,"Faculty of Biological Sciences, University of Nigeria, Nsukka",,False,,,0,,,,,,,,,,,,,,https://www.ajol.info/index.php/br,https://doaj.org/toc/528eeea1857542f5a61412e1987e0875,2019,Journal of Biological Research and Biotechnology,1596-7409,2705-3822,"biological, biotechnology, cell and molecular biology, medical sciences",English,Nigeria,,,CC BY-NC-ND,,https://www.ajol.info/index.php/br/about,True,True,https://www.ajol.info/index.php/br/about/submissions,Double anonymous peer review,https://www.ajol.info/index.php/br/about/submissions,True,https://www.ajol.info/index.php/br/about,https://www.ajol.info/index.php/br/about/editorialTeam,https://www.ajol.info/index.php/br/about/submissions,10,True,https://www.ajol.info/index.php/br/about/submissions,30000 NGN; 100 USD,False,,False,,,,,,,DOI,True,,,R|QH301-705.5,False,No,No,Medicine | Science: Biology (General),2024-05-31T21:19:15Z,2024-05-31T21:19:15Z,2024-05-31,0,,,1120.14,EUR,1209.75,1.08,convertida,3183.55,30000.0,NGN,observado,,False,,"['doaj', 'facts', 'openapc', 'publindex']",0.004415011037527594,False,False,,True,False,True,True,1,,10,True,,0.1239,-0.1731,,,-0.7866,0.2141,,,0.0698
0123-4226,,,Revista U.D.C.A. Actualidad & Divulgación Científica,2020,B,Colombia,Distrito Capital,"Bogotá, D. C.","Bogotá, D.C.",11001,Otras Ciencias Agrícolas,Otras Ciencias Agrícolas,Ciencias Agrícolas,UNIVERSIDAD DE CIENCIAS APLICADAS Y AMBIENTALES U D C A,IES,,,2,0123-4226,u d c actualidad divulgacion cientifica,CO,2,2026-09-15,1.0.0,consolidado,6c9646d2b62b8514,,,,,Universidad de Ciencias Aplicadas y Ambientales,,False,,,0,,,,,,,,,,,,,,https://revistas.udca.edu.co/index.php/ruadc,https://doaj.org/toc/204e73413df24aac9ab61d16a4e0992c,2007,,0123-4226,2619-2551,"agriculture science, health sciences, natural sciences, iberoamerican region",Spanish,Colombia,Universidad de Ciencias Aplicadas y Ambientales,,CC BY-NC,,https://revistas.udca.edu.co/index.php/ruadc/about#access-policy,,True,https://revistas.udca.edu.co/index.php/ruadc/information/authors,Double anonymous peer review,https://revistas.udca.edu.co/index.php/ruadc/about#focus-and-scope,True,https://revistas.udca.edu.co/index.php/ruadc/about#focus-and-scope,https://revistas.udca.edu.co/index.php/ruadc/about/editorialTeam,https://revistas.udca.edu.co/index.php/ruadc/information/authors,20,False,https://revistas.udca.edu.co/index.php/ruadc/about#focus-and-scope,,False,,False,https://revistas.udca.edu.co/index.php/ruadc/about#focus-and-scope,,,,,,,True,,,S1-972|R5-920|QH301-705.5,False,No,No,Agriculture: Agriculture (General) | Medicine: Medicine (General) | Science: Biology (General),2019-02-24T23:50:19Z,2019-08-30T10:04:22Z,2019-08-30,1466,2026-07-01T15:42:32Z,u d c actualidad divulgacion cientifica,895.15,EUR,966.76,1.08,sin_monto,2544.11,895.15,EUR,observado,,False,,"['doaj', 'facts', 'openapc', 'publindex']",0.0011037527593818985,False,False,,True,False,True,True,2,,20,False,,0.1436,-0.4659,,,0.0613,0.1705,,,0.186
1900-9895,0120-1867,,Latinoamericana De Estudios Educativos,2020,C,Colombia,Eje Cafetero,Caldas,Manizales,17001,"Educación General (Incluye Capacitación, Pedagogía)",Ciencias de la Educación,Ciencias Sociales,UNIVERSIDAD DE CALDAS,IES,,,208,1900-9895,latinoamericana estudios educativos,CO,1,2026-09-15,1.0.0,consolidado,fa96b39093e2f7cc,88,21101121920,journal,,Universidad de Antioquia,True,True,0.158,Q3,2,4,13,52,576,12,50,0.26,44.31,0.3125,0,2019-2025,Law (Q3); Political Science and International Relations (Q4),Social Sciences,https://revistasojs.ucaldas.edu.co/index.php/latinoamericana,https://doaj.org/toc/3aa130ee7c5849d98fcf86493377555e,2013,,1900-9895,2500-5324,"education, pedagogy, curriculum, didactic","English, Spanish",Colombia,,,CC BY,,https://revistasojs.ucaldas.edu.co/index.php/latinoamericana/ethics,True,False,https://revistasojs.ucaldas.edu.co/index.php/latinoamericana/ethics,Double anonymous peer review,https://revistasojs.ucaldas.edu.co/index.php/latinoamericana/about/submissions,True,https://revistasojs.ucaldas.edu.co/index.php/latinoamericana/about,https://revistasojs.ucaldas.edu.co/index.php/latinoamericana/about/editorialTeam,https://revistasojs.ucaldas.edu.co/index.php/latinoamericana/about/submissions,24,False,https://revistasojs.ucaldas.edu.co/index.php/latinoamericana/about/submissions,,False,,False,,,,,Open Policy Finder,https://openpolicyfinder.jisc.ac.uk/id/publication/44350,DOI,True,,,L,False,No,No,Education,2018-08-16T18:38:34Z,2023-11-30T15:35:57Z,2023-11-30,428,2026-05-22T23:38:21Z,latinoamericana estudios educativos,1828.24,EUR,1974.5,1.08,sin_monto,5196.05,1828.24,EUR,observado,,True,,"['doaj', 'facts', 'openapc', 'publindex', 'scimago']",0.06181015452538632,False,False,,True,False,True,True,-1,0.5,24,False,0.23076923076923078,0.1367,0.7481,-0.0472,-0.5873,0.4005,0.3513,0.0713,0.05,0.2326
2011-2106,,,Revista De Economía Del Caribe,2020,C,Colombia,Caribe,Atlántico,Barranquilla,08001,Economía,Economía y Negocios,Ciencias Sociales,FUNDACION UNIVERSIDAD DEL NORTE,IES,,,696,2011-2106,economia caribe,CO,1,2026-09-15,1.0.0,consolidado,3680cb49a91a52cc,,,,,Emerald Publishing,,False,,,0,,,,,,,,,,,,,,https://www.emeraldgrouppublishing.com/journal/econ,https://doaj.org/toc/c1df81e7c86948d3aecd846a81ce55a5,2013,,1517-7580,2358-2820,"real estate, finance, markets",English,United Kingdom,"National Association of Postgraduate Centers in Economics, ANPEC",Brazil,CC BY,,https://www.emeraldgrouppublishing.com/journal/econ#transparency-statement,True,True,https://www.emeraldgrouppublishing.com/journal/econ#transparency-statement,Double anonymous peer review,https://www.emeraldgrouppublishing.com/journal/econ#author-guidelines,True,https://www.emeraldgrouppublishing.com/journal/econ#aims-and-scope,https://www.emeraldgrouppublishing.com/journal/econ#editorial-team,https://www.emeraldgrouppublishing.com/journal/econ#author-guidelines,25,False,https://www.emeraldgrouppublishing.com/journal/econ#author-guidelines,,False,,False,,"CLOCKSS, Portico",,http://www.elsevier.com/about/company-information/policies/digital-archive,,,DOI,True,,,HB71-74,False,No,No,Social Sciences: Economic theory. Demography: Economics as a science,2015-11-17T19:51:04Z,2022-12-29T12:53:56Z,2022-12-29,216,2026-06-05T14:26:41Z,,204.92,EUR,221.31,1.08,sin_monto,582.39,204.92,EUR,observado,,False,,"['doaj', 'facts', 'openapc', 'publindex']",0.0033112582781456954,False,False,,True,False,True,True,1,,25,False,,0.2808,-1.3638,,,0.4853,0.0368,,,0.2442
1794-6670,2215-9959,,"Cuadernos De Música, Artes Visuales Y Artes Escénicas",2020,C,Colombia,Distrito Capital,"Bogotá, D. C.","Bogotá, D.C.",11001,Artes plásticas y visuales,Arte,Humanidades,PONTIFICIA UNIVERSIDAD JAVERIANA,IES,,,134,1794-6670,musica artes visuales artes escenicas,CO,1,2026-09-15,1.0.0,consolidado,8146bf695b8b5ed1,158,21100203943,journal,musica artes visuales artes escenicas,Pontificia Universidad Javeriana,False,False,0.113,Q3,2,7,29,77,847,17,62,0.13,29.21,0.5652,0,2012-2026,Music (Q3); Visual Arts and Performing Arts (Q3); Linguistics and Language (Q4),Arts and Humanities; Social Sciences,https://jrm.sljol.info,https://doaj.org/toc/991505bf03504f42b3cdf596c806ee67,2023,JRM,,2961-5666,"research in music, music journal, culture and music, oral traditions, music performance",English,Sri Lanka,,,CC BY-NC,,https://jrm.sljol.info/about#open-access-policy,True,True,https://jrm.sljol.info/about#copyright,Double anonymous peer review,https://jrm.sljol.info/about/editorialpolicies,False,https://jrm.sljol.info/about#focus-and-scope,https://jrm.sljol.info/about/editorialteam,https://jrm.sljol.info/about/submissions,10,False,https://jrm.sljol.info/about/submissions#publication-fees,,False,,False,,,,,,,DOI,True,,,M1-5000|PN1560-1590,False,No,No,Music and books on Music: Music | Language and Literature: Literature (General): The performing arts. Show business,2024-05-28T16:56:14Z,2024-05-28T16:56:14Z,2024-05-28,0,,,3170.0,EUR,3423.6,1.08,sin_monto,9009.47,2226.0,EUR,observado,,True,,"['doaj', 'facts', 'openapc', 'publindex', 'scimago']",0.033112582781456956,False,False,,True,False,True,True,-1,0.5,10,True,0.22077922077922077,0.0622,2.4937,-0.625,-0.1641,-0.7866,0.6113,0.016,0.125,0.0698
1794-6190,2339-3459,,Earth Sciences Research Journal,2020,B,Colombia,Distrito Capital,"Bogotá, D. C.","Bogotá, D.C.",11001,Geografía Física,Ciencias de la Tierra y Medioambientales,Ciencias Naturales,UNIVERSIDAD NACIONAL DE COLOMBIA,IES,,,372,1794-6190,earth sciences,CO,2,2026-09-15,1.0.0,consolidado,884a99101a0fc267,24,7000153282,journal,earth sciences,Universidad Nacional de Colombia,True,True,0.247,Q3,2,26,40,115,2236,108,115,0.97,55.9,0.2541,0,2007-2025,Earth and Planetary Sciences (miscellaneous) (Q3),Earth and Planetary Sciences,https://revistas.unal.edu.co/index.php/esrj/index,https://doaj.org/toc/d1fcdb8b3e544eaca6991fb7da67213d,2004,ESRJ,1794-6190,,"geosciences, geophysics, earth sciences, geology",English,Colombia,"Universidad Nacional de Colombia, Facultad de Ciencias",,CC BY,,https://revistas.unal.edu.co/index.php/esrj/about/submissions#copyrightNotice,True,False,https://revistas.unal.edu.co/index.php/esrj/about,Double anonymous peer review,https://revistas.unal.edu.co/index.php/esrj/about,False,https://revistas.unal.edu.co/index.php/esrj/about,https://revistas.unal.edu.co/index.php/esrj/about/editorialTeam,https://revistas.unal.edu.co/index.php/esrj/about/submissions,20,False,https://revistas.unal.edu.co/index.php/esrj/about,,False,,False,,,,,,,,True,,,QE1-996.5,False,No,No,Science: Geology,2006-05-29T16:42:46Z,2025-05-16T07:16:25Z,2025-05-16,410,2020-01-17T17:26:48Z,earth sciences,2400.0,EUR,2592.0,1.08,sin_monto,6821.05,1630.43,EUR,observado,,True,,"['doaj', 'facts', 'openapc', 'publindex', 'scimago']",0.04525386313465784,False,False,,True,False,True,True,0,1.0,20,False,0.9391304347826087,0.1718,1.4919,1.0957,2.5164,0.0613,0.4621,0.1806,0.6,0.186
0120-0488,,,Revista Colombiana De Entomología,2020,C,Colombia,Distrito Capital,"Bogotá, D. C.","Bogotá, D.C.",11001,"Zoología, Ornitología, Entomología, Ciencias Biológicas del Comportamiento",Ciencias Biológicas,Ciencias Naturales,SOCIEDAD COLOMBIANA DE ENTOMOLOGIA,Otras,,,101,0120-0488,colombiana entomologia,CO,1,2026-09-15,1.0.0,consolidado,9e459e4885d9c40f,62,19700174720,journal,colombiana entomologia,Sociedad Colombiana de Entomologia,True,True,0.189,Q4,1,25,15,60,816,32,60,0.39,54.4,0.3448,0,2004-2025,Insect Science (Q4),Agricultural and Biological Sciences,https://periodicos.ufs.br/tomo/index,https://doaj.org/toc/eab22d0177e54bf98f5e88e957cad4e4,1998,,2318-9010,1517-4549,"sociology, social sciences, antrophology, political science","Portuguese, Spanish, English",Brazil,"Universidade Federal de Sergipe, Programa de Pós-Graduação em Sociologia",,CC BY,,https://periodicos.ufs.br/tomo/about,,True,https://periodicos.ufs.br/tomo/about,Peer review,https://periodicos.ufs.br/tomo/about,True,https://periodicos.ufs.br/tomo/about,https://periodicos.ufs.br/tomo/about/editorialTeam,https://periodicos.ufs.br/tomo/about/submissions,24,False,https://periodicos.ufs.br/tomo/about,,False,,False,,,,,,,DOI,True,,,H|H1-99,False,No,No,Social Sciences: Social sciences (General),2015-12-21T21:19:29Z,2024-03-31T09:00:14Z,2024-03-31,566,2026-08-04T19:20:45Z,,2400.0,EUR,2592.0,1.08,sin_monto,6821.05,2400.0,EUR,observado,,True,,"['doaj', 'facts', 'openapc', 'publindex', 'scimago']",0.0011037527593818985,False,False,,True,False,True,True,0,1.0,24,False,0.5333333333333333,0.1315,1.4919,0.3509,2.3753,0.4005,0.4621,0.1093,0.575,0.2326
0123-3068,,,Boletín Científico Del Museo De Historia Natural,2020,A1,Colombia,Eje Cafetero,Caldas,Manizales,17001,"Zoología, Ornitología, Entomología, Ciencias Biológicas del Comportamiento",Ciencias Biológicas,Ciencias Naturales,UNIVERSIDAD DE CALDAS,IES,,,555,0123-3068,cientifico museo historia natural,CO,4,2026-09-15,1.0.0,consolidado,068cf016fa11b720,99,21100373236,journal,cientifico centro museos,Universidad de Caldas,True,True,0.151,Q2,3,11,10,79,512,21,79,0.18,51.2,0.3871,0,2014-2025,Museology (Q2); Conservation (Q3),Arts and Humanities,http://www.revistas.una.ac.cr/historia,https://doaj.org/toc/fbee54fd818c4dee805478f8807e30a5,1985,,1012-9790,2215-4744,"history, historiography, costa rican history, central american history, latin american history",Spanish,Costa Rica,"Universidad Nacional, Costa Rica",,CC BY-NC-SA,,http://www.revistas.una.ac.cr/index.php/historia/noticeofcopyright,,False,,Double anonymous peer review,http://www.revistas.una.ac.cr/index.php/historia/arbitrationsystem,True,http://www.revistas.una.ac.cr/index.php/historia/approachandscope,http://www.revistas.una.ac.cr/index.php/historia/about/editorialTeam,http://www.revistas.una.ac.cr/index.php/historia/guidelinesforauthors,8,False,http://www.revistas.una.ac.cr/index.php/historia/policies,,False,,False,,,,,,,,True,,,D1-2009|F1201-3799|BT1313-1480,False,No,No,History (General) and history of Europe: History (General) | History America: Latin America. Spanish America | Philosophy. Psychology. Religion: Doctrinal Theology: History of specific doctrines and movements. Heresies and schisms,2019-04-25T00:54:35Z,2022-09-26T12:59:42Z,2022-09-26,731,2024-10-27T19:12:28Z,,1116.0,EUR,1205.28,1.08,sin_monto,3171.79,1116.0,EUR,observado,,True,,"['doaj', 'facts', 'openapc', 'publindex', 'scimago']",0.008830022075055188,False,False,,True,False,True,True,1,1.3333333333333333,8,True,0.26582278481012656,0.1876,-0.1785,-0.1371,0.4002,-0.9562,0.2133,0.0627,0.225,0.0465
0123-4986,,,Trabajo Social,2020,C,Colombia,Distrito Capital,"Bogotá, D. C.","Bogotá, D.C.",11001,No registra,Idiomas y Literatura,Humanidades,UNIVERSIDAD NACIONAL DE COLOMBIA,IES,,,371,0123-4986,trabajo social,CO,1,2026-09-15,1.0.0,consolidado,2f71725ece904dd1,,,,,Universidad Nacional de Colombia,,False,,,0,,,,,,,,,,,,,,http://www.revistas.unal.edu.co/index.php/tsocial,https://doaj.org/toc/de928defca7e4d02acfd28b70627bdbc,1998,,0123-4986,2256-5493,"social work, the family, human rights, social policy, social problems, internal migration",Spanish,Colombia,,,CC BY-NC-ND,,http://revistas.unal.edu.co/index.php/tsocial/about/submissions#copyrightNotice,,True,http://www.revistas.unal.edu.co/index.php/tsocial/about/submissions#copyrightNotice,Double anonymous peer review,http://www.revistas.unal.edu.co/index.php/tsocial/about/editorialPolicies#peerReviewProcess,False,http://revistas.unal.edu.co/index.php/tsocial/about/editorialPolicies#focusAndScope,http://revistas.unal.edu.co/index.php/tsocial/about/editorialTeam,http://revistas.unal.edu.co/index.php/tsocial/about/submissions#authorGuidelines,50,False,http://www.revistas.unal.edu.co/index.php/tsocial/about/submissions#copyrightNotice,,False,,False,http://www.revistas.unal.edu.co/index.php/tsocial/about/submissions#copyrightNotice,,,,,,,True,,,H|HN1-995,False,No,No,Social Sciences: Social history and conditions. Social problems. Social reform,2012-12-30T10:46:04Z,2019-12-05T20:48:56Z,2019-12-05,670,2026-08-12T12:57:47Z,trabajo social,267.75,EUR,289.17,1.08,sin_monto,760.97,1630.43,EUR,observado,,False,,"['doaj', 'facts', 'openapc', 'publindex']",0.04525386313465784,False,False,,True,False,True,True,1,,50,False,,0.2584,-1.2821,,,2.6052,0.049,,,0.5349
0120-4157,2590-7379,,Biomédica,2020,B,Colombia,Distrito Capital,"Bogotá, D. C.","Bogotá, D.C.",11001,Otras Ciencias Médicas,Otras Ciencias Médicas,Ciencias Médicas y de la Salud,INSTITUTO NACIONAL DE SALUD,Centros,,,285,0120-4157,biomedica,CO,2,2026-09-15,1.0.0,consolidado,607b81ea5c198dac,19,77291,journal,biomedica,Instituto Nacional de Salud,True,True,0.271,Q3,2,37,84,277,2297,240,258,0.76,27.35,0.5145000000000001,0,2001-2025,"Biochemistry, Genetics and Molecular Biology (miscellaneous) (Q3); Medicine (miscellaneous) (Q3)","Biochemistry, Genetics and Molecular Biology; Medicine",http://www.revistabiomedica.org/,https://doaj.org/toc/cd0682427a9b4b79b46be654f5f6b52b,1981,,0120-4157,2590-7379,"biomedicine, tropical medicine","English, Spanish",Colombia,Instituto Nacional de Salud,,Publisher's own license,"Attribution, Share Alike, No Commercial Usage, No Derivatives",http://www.revistabiomedica.org/index.php/biomedica/about/submissions#copyrightNotice,,False,,Peer review,http://www.revistabiomedica.org/index.php/biomedica/about/submissions,True,http://www.revistabiomedica.org/index.php/biomedica/about/editorialPolicies#focusAndScope,http://www.revistabiomedica.org/index.php/biomedica/pages/view/team,http://www.revistabiomedica.org/index.php/biomedica/about/submissions,32,False,http://www.revistabiomedica.org/index.php/biomedica/about/editorialPolicies#custom-1,,False,,False,,Portico,,https://portal.issn.org/resource/ISSN/2590-7379,,,DOI,True,,,R|RC955-962,False,No,No,Medicine: Internal medicine: Special situations and conditions: Arctic medicine. Tropical medicine,2016-11-11T09:34:00Z,2022-07-19T13:00:45Z,2022-07-19,2830,2026-07-07T13:13:25Z,biomedica instituto nacional salud,1549.04,EUR,1672.96,1.08,sin_monto,4402.53,1549.04,EUR,observado,,False,,"['doaj', 'facts', 'openapc', 'publindex', 'scimago']",0.0011037527593818985,False,False,,True,False,True,True,0,1.0,32,False,0.8664259927797834,0.2661,0.3848,1.4039,4.0682,1.0789,0.2972,0.2101,0.875,0.3256
2322-9381,2322-9675,,Trashumante,2020,A2,Colombia,Eje Cafetero,Antioquia,Medellín,05001,Historia,Historia y Arqueología,Humanidades,UNIVERSIDAD DE ANTIOQUIA,IES,,,537,2322-9381,trashumante,CO,3,2026-09-15,1.0.0,consolidado,dde6413469493ebf,,,,,Universidade Federal de Juiz de Fora,,False,,,0,,,,,,,,,,,,,,https://periodicos.ufjf.br/index.php/hurevista/index,https://doaj.org/toc/5fb212cdb46e41cdb3234b32cffce286,1996,,0103-3123,1982-8047,"public health, health sciences","Portuguese, English",Brazil,Programa de Pós-Graduação em Saúde da Faculdade de Medicina da Universidade Federal de Juiz de Fora/MG,Brazil,CC BY,,https://periodicos.ufjf.br/index.php/hurevista/about/submissions,True,True,https://periodicos.ufjf.br/index.php/hurevista/about,Anonymous peer review,https://periodicos.ufjf.br/index.php/hurevista/about,False,https://periodicos.ufjf.br/index.php/hurevista/about,https://periodicos.ufjf.br/index.php/hurevista/about/editorialTeam,https://periodicos.ufjf.br/index.php/hurevista/about/submissions,16,False,https://periodicos.ufjf.br/index.php/hurevista/about,,False,,False,,,,,Diadorim,https://periodicos.ufjf.br/index.php/hurevista/about,DOI,True,,,R5-920,False,No,No,Medicine: Medicine (General),2021-02-28T21:16:35Z,2021-02-28T21:16:35Z,2021-02-28,915,2026-08-12T11:40:08Z,,2618.0,EUR,2827.44,1.08,sin_monto,7440.63,1872.1,EUR,observado,,True,,"['doaj', 'facts', 'openapc', 'publindex']",0.0033112582781456954,False,False,,True,False,True,True,3,,16,False,,0.0647,1.7755,,,-0.2778,0.5043,,,0.1395
0120-4688,,,Praxis Filosófica,2020,C,Colombia,Pacífico,Valle del Cauca,Cali,76001,Filosofía,Otras Humanidades,Humanidades,UNIVERSIDAD DEL VALLE,IES,,,343,0120-4688,praxis filosofica,CO,1,2026-09-15,1.0.0,consolidado,6215b2882004c946,,,,,Universidad del Valle,,False,,,0,,,,,,,,,,,,,,http://praxisfilosofica.univalle.edu.co/,https://doaj.org/toc/3bf30586e0984f7096a9c502b0b4b77a,2011,,0120-4688,2389-9387,"philosophy, humanities, ethics, metaphysics","English, French, German, Italian, Portuguese, Spanish",Colombia,Universidad del Valle,,CC BY-NC-SA,,https://praxisfilosofica.univalle.edu.co/index.php/praxis/about/submissions,True,False,https://praxisfilosofica.univalle.edu.co/index.php/praxis/about/submissions,Double anonymous peer review,https://praxisfilosofica.univalle.edu.co/index.php/praxis/evaluacion,True,https://praxisfilosofica.univalle.edu.co/index.php/praxis/enfoqueyalcance,https://praxisfilosofica.univalle.edu.co/index.php/praxis/about/editorialTeam,https://praxisfilosofica.univalle.edu.co/index.php/praxis/information/authors,12,False,https://praxisfilosofica.univalle.edu.co/index.php/praxis/information/authors,,False,,False,,PKP PN,,https://portal.issn.org/resource/ISSN/2389-9387,,,DOI,True,,,B1-5802,False,No,No,Philosophy. Psychology. Religion: Philosophy (General),2018-06-07T20:10:00Z,2026-05-16T09:00:29Z,2026-05-16,817,2026-08-01T16:30:08Z,praxis filosofica,2380.0,EUR,2570.4,1.08,sin_monto,6764.21,2331.51,EUR,observado,,True,,"['doaj', 'facts', 'openapc', 'publindex']",0.006622516556291391,False,False,,True,False,True,True,1,,12,True,,0.07,1.4659,,,-0.617,0.4582,,,0.093
0121-8417,,,Revista Historia Y Sociedad,2020,C,Colombia,Eje Cafetero,Antioquia,Medellín,05001,Historia,Historia y Arqueología,Humanidades,UNIVERSIDAD NACIONAL DE COLOMBIA,IES,,,"1,080",0121-8417,historia sociedad,CO,1,2026-09-15,1.0.0,consolidado,ee880bc5bf335d88,164,21101145379,journal,,Technological University of Pereira,False,False,0.101,Q4,1,3,23,57,1014,4,52,0.08,44.09,0.23079999999999998,0,2019-2025,History (Q4); Political Science and International Relations (Q4),Arts and Humanities; Social Sciences,http://revistas.unal.edu.co/index.php/hisysoc/index,https://doaj.org/toc/97ab90770daf4edc89a0aa461b6e7c18,2011,,0121-8417,2357-4720,"history, social sciences, humanities","Spanish, Portuguese, French, English",Colombia,Facultad de Ciencias Humanas y Económicas,,CC BY,,http://www.revistas.unal.edu.co/index.php/hisysoc/about/editorialPolicies#custom-4,,True,http://www.revistas.unal.edu.co/index.php/hisysoc/about/submissions#copyrightNotice,Double anonymous peer review,http://www.revistas.unal.edu.co/index.php/hisysoc/about/editorialPolicies#peerReviewProcess,True,http://www.revistas.unal.edu.co/index.php/hisysoc/about/editorialPolicies#focusAndScope,http://revistas.unal.edu.co/index.php/hisysoc/about/editorialTeam,http://revistas.unal.edu.co/index.php/hisysoc/about/submissions#authorGuidelines,26,False,http://www.revistas.unal.edu.co/index.php/hisysoc/about/submissions#authorFees,,False,,False,,,,,Open Policy Finder,,DOI,True,,,AZ20-999,False,No,No,General Works: History of scholarship and learning. The humanities,2016-11-07T14:48:55Z,2025-04-04T06:15:02Z,2025-04-04,874,2026-07-30T10:32:14Z,historia sociedad,1116.0,EUR,1205.28,1.08,sin_monto,3171.79,1116.0,EUR,observado,,True,,"['doaj', 'facts', 'openapc', 'publindex', 'scimago']",0.02869757174392936,False,False,,True,False,True,True,0,1.0,26,False,0.07017543859649122,0.1255,-0.1785,-0.7791,-0.7284,0.5701,0.2133,0.0012,0.025,0.2558
0122-1701,,,Scientia Et Technica,2020,B,Colombia,Eje Cafetero,Risaralda,Pereira,66001,Ingeniería Eléctrica y Electrónica,"Ingenierías Eléctrica, Electrónica e Informática",Ingeniería y Tecnología,UNIVERSIDAD TECNOLOGICA DE PEREIRA,IES,,,136,0122-1701,scientia et technica,CO,2,2026-09-15,1.0.0,consolidado,50995cc27b36c212,,,,,MDPI AG,,False,,,0,,,,,,,,,,,,,,https://www.mdpi.com/journal/sci,https://doaj.org/toc/c0aeec796ad246819d41b091d7a3ac28,2020,,,2413-4155,"sciences, technology, medicine, engineering, materials, physics",English,Switzerland,,,CC BY,,https://www.mdpi.com/journal/sci/about,True,True,http://www.mdpi.com/about/openaccess,Open peer review,https://www.mdpi.com/journal/sci/instructions#editorial_procedure,True,https://www.mdpi.com/journal/sci/about,https://www.mdpi.com/journal/sci/editors,https://www.mdpi.com/journal/sci/instructions,11,True,https://www.mdpi.com/journal/sci/apc,1200 CHF,True,https://www.mdpi.com/apc,False,https://www.mdpi.com/journal/sci/apc,CLOCKSS,Swiss National Library,https://portal.issn.org/resource/ISSN/2413-4155#,Open Policy Finder,,DOI,True,,,Q,False,No,No,Science,2020-09-14T16:33:21Z,2023-05-02T09:03:15Z,2023-05-02,607,2026-07-27T13:54:08Z,,1139.73,EUR,1230.91,1.08,convertida,3239.24,1200.0,CHF,observado,,False,,"['doaj', 'facts', 'openapc', 'publindex']",0.011037527593818985,False,False,,True,True,True,True,2,,11,True,,0.1224,-0.1477,,,-0.7018,0.2179,,,0.0814
1657-6357,,,Sociedad Y Economía,2020,B,Colombia,Pacífico,Valle del Cauca,Cali,76001,No registra,Otras Ciencias Sociales,Ciencias Sociales,UNIVERSIDAD DEL VALLE,IES,,,345,1657-6357,sociedad economia,CO,2,2026-09-15,1.0.0,consolidado,fcd822b81c48086b,,,,,"Universidad Nacional Autónoma de Nicaragua, León",,False,,,0,,,,,,,,,,,,,,https://revistas.unanleon.edu.ni/index.php/apunteseconomiaysociedad/index,https://doaj.org/toc/b44c8393433143b6adf9e035bdd3769f,2020,,,2709-7005,"economy, management, sustainable development, tourism, finance, entrepreneurship","Spanish, English",Nicaragua,,Nicaragua,CC BY-NC-SA,,https://revistas.unanleon.edu.ni/index.php/apunteseconomiaysociedad/licencia,True,False,https://revistas.unanleon.edu.ni/index.php/apunteseconomiaysociedad/avisodederechosdeautor,Double anonymous peer review,https://revistas.unanleon.edu.ni/index.php/apunteseconomiaysociedad/procesoderevisionporpares,True,https://revistas.unanleon.edu.ni/index.php/apunteseconomiaysociedad/sobrelarevista,https://revistas.unanleon.edu.ni/index.php/apunteseconomiaysociedad/about/editorialTeam,https://revistas.unanleon.edu.ni/index.php/apunteseconomiaysociedad/instructivoautores,12,False,https://revistas.unanleon.edu.ni/index.php/apunteseconomiaysociedad/ausenciadepagoporpublicacion,,False,,False,,LOCKSS,,https://revistas.unanleon.edu.ni/index.php/apunteseconomiaysociedad/gateway/lockss,Open Policy Finder,https://openpolicyfinder.jisc.ac.uk/id/publication/42807,DOI,True,,,HT388,False,No,No,Social Sciences: Communities. Classes. Races: Urban groups. The city. Urban sociology: Regional economics. Space in economics,2023-01-12T10:05:01Z,2023-01-12T10:05:01Z,2023-01-12,67,2023-08-14T20:22:19Z,,1996.61,EUR,2156.34,1.08,sin_monto,5674.58,1872.1,EUR,observado,,True,,"['doaj', 'facts', 'openapc', 'publindex']",0.0011037527593818985,False,False,,True,False,True,True,2,,12,True,,0.0807,0.9671,,,-0.617,0.3839,,,0.093
1657-0308,2357-626X,,Revista De Arquitectura,2020,B,Colombia,Distrito Capital,"Bogotá, D. C.","Bogotá, D.C.",11001,Arquitectura y Urbanismo,Arte,Humanidades,UNIVERSIDAD CATOLICA DE COLOMBIA,IES,,,633,1657-0308,arquitectura,CO,2,2026-09-15,1.0.0,consolidado,9e9e698fd3079516,,,,,Universidad Católica de Colombia,,False,,,0,,,,,,,,,,,,,,https://revistadearquitectura.ucatolica.edu.co/,https://doaj.org/toc/854c582c1b8c4fcb9a99d844694f0b43,2001,,1657-0308,2357-626X,"architecture, design, architectural education, planning and construction, urban design, sustainability","Portuguese, English, Spanish",Colombia,"Universidad Católica de Colombia, Facultad de Arquitectura",Colombia,CC BY-NC,,https://revistadearquitectura.ucatolica.edu.co/about/openAccessPolicy,True,True,https://revistadearquitectura.ucatolica.edu.co/about/submissions#copyrightNotice,Double anonymous peer review,https://revistadearquitectura.ucatolica.edu.co/about/peerReviewProcess,True,https://revistadearquitectura.ucatolica.edu.co/about/focusAndScope,https://revistadearquitectura.ucatolica.edu.co/about/editorialTeam,https://revistadearquitectura.ucatolica.edu.co/about/submissions#authorGuidelines,35,False,https://revistadearquitectura.ucatolica.edu.co/about/openAccessPolicy,,False,,False,,,,,,,DOI,True,,,NA1-9428,False,No,No,Fine Arts: Architecture,2017-04-07T20:10:24Z,2026-08-12T16:04:08Z,,456,2026-07-30T19:14:52Z,arquitectura bogota,2838.0,EUR,3065.04,1.08,sin_monto,8065.89,2838.0,EUR,observado,,True,,"['doaj', 'facts', 'openapc', 'publindex']",0.002207505518763797,False,False,,True,False,True,True,2,,35,False,,0.0605,2.0618,,,1.3333,0.547,,,0.3605
1657-107X,,,Revista Interamericana De Investigación Educación Y Pedagogía,2020,B,Colombia,Distrito Capital,"Bogotá, D. C.","Bogotá, D.C.",11001,No registra,Ciencias de la Educación,Ciencias Sociales,UNIVERSIDAD SANTO TOMAS,IES,,,310,1657-107X,interamericana investigacion educacion pedagogia,CO,2,2026-09-15,1.0.0,consolidado,265a1a4ac7515bf4,,,,,Universidad Nacional de Mar del Plata,,False,,,0,,,,,,,,,,,,,,https://fh.mdp.edu.ar/revistas/index.php/r_educ,https://doaj.org/toc/7ea52ed84fda4fa586ee5f3a55f33944,2010,,1853-1318,1853-1326,"education, teacher training, didactics, teaching",Spanish,Argentina,"Universidad Nacional de Mar del Plata, Facultad de Humanidades, Centro de Investigaciones multidisciplinarias en Educación",,CC BY-NC-SA,,https://fh.mdp.edu.ar/revistas/index.php/r_educ/about/submissions#copyrightNotice,,True,https://fh.mdp.edu.ar/revistas/index.php/r_educ/about/submissions#copyrightNotice,Double anonymous peer review,https://fh.mdp.edu.ar/revistas/index.php/r_educ/about/editorialPolicies#peerReviewProcess,True,https://fh.mdp.edu.ar/revistas/index.php/r_educ/about/editorialPolicies#focusAndScope,https://fh.mdp.edu.ar/revistas/index.php/r_educ/about/editorialTeam,https://fh.mdp.edu.ar/revistas/index.php/r_educ/about/submissions#authorGuidelines,8,False,https://fh.mdp.edu.ar/revistas/index.php/r_educ/about/submissions#authorGuidelines,,False,,False,https://fh.mdp.edu.ar/revistas/index.php/r_educ/about/submissions#authorGuidelines,,,,,,,True,,,L7-991|LC8-6691|LB5-3640,False,No,No,Education: Education (General) | Education: Special aspects of education | Education: Theory and practice of education,2020-08-14T14:13:13Z,2020-08-14T14:13:13Z,2020-08-14,0,,,1828.24,EUR,1974.5,1.08,sin_monto,5196.05,1828.24,EUR,observado,,True,,"['doaj', 'facts', 'openapc', 'publindex']",0.009933774834437087,False,False,,True,False,True,True,2,,8,True,,0.0865,0.7481,,,-0.9562,0.3513,,,0.0465
0120-0976,,,Revista Interamericana De Bibliotecología,2020,C,Colombia,Eje Cafetero,Antioquia,Medellín,05001,No registra,Otras Humanidades,Humanidades,UNIVERSIDAD DE ANTIOQUIA,IES,ESCUELA INTERAMERICANA DE BIBLIOTECOLOGIA,,34,0120-0976,interamericana bibliotecologia,CO,1,2026-09-15,1.0.0,consolidado,f90f388cdb772bd9,,,,,Universidad de Antioquía,,False,,,0,,,,,,,,,,,,,,https://revistas.udea.edu.co/index.php/RIB,https://doaj.org/toc/137d893a5cf640c49f4da2f4ec3762c1,2008,,0120-0976,2538-9866,"information science, archival science, library science","English, Portuguese, Spanish",Colombia,"Universidad de Antioquía, Escuela Interamericana de Bibliotecología",,CC BY-NC-SA,,https://revistas.udea.edu.co/index.php/RIB/about,,False,https://revistas.udea.edu.co/index.php/RIB/Copyright,Double anonymous peer review,https://revistas.udea.edu.co/index.php/RIB/about,False,https://revistas.udea.edu.co/index.php/RIB/about,https://revistas.udea.edu.co/index.php/RIB/about/editorialTeam,https://revistas.udea.edu.co/index.php/RIB/about/submissions,52,False,https://revistas.udea.edu.co/index.php/RIB/about,,False,,False,,,,,,,DOI,True,,,Z,False,No,No,Bibliography. Library science. Information resources,2011-09-19T16:30:20Z,2023-08-17T08:30:27Z,2023-08-17,350,2025-03-13T21:02:15Z,interamericana bibliotecologia,1828.24,EUR,1974.5,1.08,sin_monto,5196.05,1828.24,EUR,observado,,True,,"['doaj', 'facts', 'openapc', 'publindex']",0.002207505518763797,False,False,,True,False,True,True,1,,52,False,,0.0865,0.7481,,,2.7748,0.3513,,,0.5581
1692-3561,1909-9959,,Biotecnología En El Sector Agropecuario Y Agroindustrial,2020,B,Colombia,Pacífico,Cauca,Popayán,19001,Agronomía,"Agricultura, Silvicultura y Pesca",Ciencias Agrícolas,UNIVERSIDAD DEL CAUCA,IES,,,739,1692-3561,biotecnologia sector agropecuario agroindustrial,CO,2,2026-09-15,1.0.0,consolidado,4fe95407a33c23a3,,,,,Universidad del Cauca,,False,,,0,,,,,,,,,,,,,,https://revistas.unicauca.edu.co/index.php/biotecnologia/,https://doaj.org/toc/ad389874c1f843bfb818d3d50ce91503,2005,,1692-3561,1909-9959,"biotechnology, agriculture, forestry, microbiology, engineering, food",Spanish,Colombia,Universidad del Cauca,,CC BY-NC-ND,,https://revistas.unicauca.edu.co/index.php/biotecnologia/about/submissions,,False,,Peer review,https://revistas.unicauca.edu.co/index.php/biotecnologia/about/submissions,False,https://revistas.unicauca.edu.co/index.php/biotecnologia/about,https://revistas.unicauca.edu.co/index.php/biotecnologia/about/editorialTeam,https://revistas.unicauca.edu.co/index.php/biotecnologia/about/submissions,9,False,https://revistas.unicauca.edu.co/index.php/biotecnologia/cargos,,False,,False,https://revistas.unicauca.edu.co/index.php/biotecnologia/cargos,,,,,,,True,,,S1-972|TP248.13-248.65,False,No,No,Agriculture: Agriculture (General) | Technology: Chemical technology: Biotechnology,2017-06-16T15:53:58Z,2020-06-02T16:06:10Z,2020-06-02,1005,2026-07-29T17:30:50Z,biotecnologia sector agropecuario agroindustrial,2232.92,EUR,2411.55,1.08,sin_monto,6346.18,2232.92,EUR,observado,,True,,"['doaj', 'facts', 'openapc', 'publindex']",0.002207505518763797,False,False,,True,False,True,True,2,,9,True,,0.0738,1.2746,,,-0.8714,0.4297,,,0.0581
0120-2952,0123-2576,,Revista De La Facultad De Medicina Veterinaria Y De Zootecnia,2020,B,No disponible,No disponible,No disponible,No disponible,,Ciencias Veterinarias,Ciencias Veterinarias,Ciencias Agrícolas,UNIVERSIDAD NACIONAL DE COLOMBIA,IES,,,290,0120-2952,facultad medicina veterinaria zootecnia,CO,2,2026-09-15,1.0.0,consolidado,c01b6facc24bfaf0,141,21101151818,journal,,Universidad de Antioquia,True,True,0.126,Q4,1,4,0,62,0,16,50,0.28,0.0,0.0,0,2020-2023,Education (Q4); Medical Laboratory Technology (Q4); Medicine (miscellaneous) (Q4),Health Professions; Medicine; Social Sciences,http://www.revistas.unal.edu.co/index.php/remevez/index,https://doaj.org/toc/02ffd1f8ab494ae2a31958c92e424cc5,1929,,0120-2952,2357-3813,"animal husbandry, veterinary medicine, veterinary, animal health, veterinary science, dairy and animal science",Spanish,Colombia,"Universidad Nacional de Colombia, Facultad de Medicina Veterinaria y de Zootecnia",,CC BY-NC-ND,,https://revistas.unal.edu.co/index.php/remevez/about#openAccessPolicy,,True,http://www.revistas.unal.edu.co/index.php/remevez/about/submissions#copyrightNotice,Double anonymous peer review,https://revistas.unal.edu.co/index.php/remevez/about#peerReviewProcess,False,http://www.revistas.unal.edu.co/index.php/remevez/about/editorialPolicies#focusAndScope,http://www.revistas.unal.edu.co/index.php/remevez/about/editorialTeam,http://www.revistas.unal.edu.co/index.php/remevez/about/submissions#authorGuidelines,20,False,http://www.revistas.unal.edu.co/index.php/remevez/about/submissions#authorGuidelines,,False,,False,,,,,,,,True,,,SF1-1100|SF600-1100,False,No,No,Agriculture: Animal culture: Veterinary medicine,2011-06-22T14:34:20Z,2025-05-20T06:07:41Z,2025-05-20,418,2023-04-11T22:49:31Z,facultad medicina veterinaria zootecnia,1448.6,EUR,1564.49,1.08,sin_monto,4117.08,1448.6,EUR,observado,,False,,"['doaj', 'facts', 'openapc', 'publindex', 'scimago']",0.06181015452538632,False,False,,True,False,True,True,1,2.0,20,False,0.25806451612903225,0.13,0.2542,-0.4581,-0.5873,0.0613,0.2778,0.0319,0.05,0.186
0124-4108,2248-454X,,Perspectivas En Nutrición Humana,2020,C,Colombia,Eje Cafetero,Antioquia,Medellín,05001,Nutrición y Dietas,Ciencias de la Salud,Ciencias Médicas y de la Salud,UNIVERSIDAD DE ANTIOQUIA,IES,,,326,0124-4108,perspectivas nutricion humana,CO,1,2026-09-15,1.0.0,consolidado,c0f2739ab8f0b9f6,,,,,Universidad de Antioquía,,False,,,0,,,,,,,,,,,,,,https://revistas.udea.edu.co/index.php/nutricion,https://doaj.org/toc/9f77d568b46745cb828e195a658c7e4c,2005,,0124-4108,2248-454X,"feeding, dietetic, food services, nutrition, food",Spanish,Colombia,,,CC BY-NC-SA,,https://revistas.udea.edu.co/index.php/nutricion,True,False,https://revistas.udea.edu.co/index.php/nutricion/about,Double anonymous peer review,https://revistas.udea.edu.co/index.php/nutricion/about,False,https://revistas.udea.edu.co/index.php/nutricion/about,https://revistas.udea.edu.co/index.php/nutricion/about/editorialTeam,https://revistas.udea.edu.co/index.php/nutricion/about/submissions,24,False,https://revistas.udea.edu.co/index.php/nutricion/about,,False,,False,,,,,,,DOI,True,,,TX341-641|RA1-1270,False,No,No,Technology: Home economics: Nutrition. Foods and food supply | Medicine: Public aspects of medicine,2017-03-04T19:25:40Z,2024-05-28T07:15:22Z,2024-05-28,450,2024-05-08T20:09:48Z,perspectivas nutricion humana,2618.0,EUR,2827.44,1.08,sin_monto,7440.63,1872.1,EUR,observado,,True,,"['doaj', 'facts', 'openapc', 'publindex']",0.002207505518763797,False,False,,True,False,True,True,1,,24,False,,0.0647,1.7755,,,0.4005,0.5043,,,0.2326
0121-1617,,,Historia Crítica,2020,A2,Colombia,Distrito Capital,"Bogotá, D. C.","Bogotá, D.C.",11001,Historia,Historia y Arqueología,Humanidades,UNIVERSIDAD DE LOS ANDES,IES,,,50,0121-1617,historia critica,CO,3,2026-09-15,1.0.0,consolidado,62822ad4f6832c4b,164,21101145379,journal,,Technological University of Pereira,False,False,0.101,Q4,1,3,23,57,1014,4,52,0.08,44.09,0.23079999999999998,0,2019-2025,History (Q4); Political Science and International Relations (Q4),Arts and Humanities; Social Sciences,http://revistas.uniandes.edu.co/journal/histcrit,https://doaj.org/toc/f479d5677570447b91dd4d18442f28f5,2003,,0121-1617,1900-6152,"historiography, history, social science","Spanish, English, Portuguese",Colombia,,,CC BY-NC-ND,,https://revistas.uniandes.edu.co/index.php/hiscrit/about,,True,https://revistas.uniandes.edu.co/index.php/hiscrit/editorial-policy,Double anonymous peer review,https://revistas.uniandes.edu.co/for-authors/histcrit/editorial-policy,False,https://revistas.uniandes.edu.co/about/histcrit,https://revistas.uniandes.edu.co/index.php/hiscrit/executive-board,https://revistas.uniandes.edu.co/for-authors/histcrit/editorial-policy,52,False,https://revistas.uniandes.edu.co/index.php/hiscrit/about,,False,,False,,"CLOCKSS, PKP PN",,https://portal.issn.org/resource/ISSN/1900-6152,,,DOI,True,,,D|D1-2009,False,No,No,History (General) and history of Europe: History (General),2007-08-15T14:25:42Z,2026-07-10T18:26:17Z,2026-06-21,1025,2026-08-06T17:44:47Z,historia critica,1116.0,EUR,1205.28,1.08,sin_monto,3171.79,1116.0,EUR,observado,,True,,"['doaj', 'facts', 'openapc', 'publindex', 'scimago']",0.02869757174392936,False,False,,True,False,True,True,2,3.0,52,False,0.07017543859649122,0.1255,-0.1785,-0.7791,-0.7284,2.7748,0.2133,0.0012,0.025,0.5581
2216-0159,2462-8603,,Praxis & Saber,2020,C,Colombia,Centro Oriente,Boyacá,Tunja,15001,"Educación General (Incluye Capacitación, Pedagogía)",Ciencias de la Educación,Ciencias Sociales,UNIVERSIDAD PEDAGOGICA Y TECNOLOGICA DE COLOMBIA,IES,,,14,2216-0159,praxis saber,CO,1,2026-09-15,1.0.0,consolidado,e761e3435bd0142b,,,,,"Universidad Nacional, Costa Rica",,False,,,0,,,,,,,,,,,,,,http://www.revistas.una.ac.cr/index.php/praxis/index,https://doaj.org/toc/dd3cb56e199547da8cf12fc926a0c4c9,2005,,1409-309X,2215-3659,"philosophy, bioethics, latin american thinking",Spanish,Costa Rica,Escuela de Filosofía,,CC BY-NC-SA,,http://www.revistas.una.ac.cr/index.php/praxis/about/submissions,True,False,,Double anonymous peer review,http://www.revistas.una.ac.cr/index.php/praxis/about,True,http://www.revistas.una.ac.cr/index.php/praxis/about,http://www.revistas.una.ac.cr/index.php/praxis/about/editorialTeam,http://www.revistas.una.ac.cr/index.php/praxis/about/submissions#authorGuidelines,12,False,http://www.revistas.una.ac.cr/index.php/praxis/announcement,,False,,False,,,,,Open Policy Finder,,,True,,,BD10-701|B1-5802,False,No,No,Philosophy. Psychology. Religion: Speculative philosophy | Philosophy. Psychology. Religion: Philosophy (General),2019-05-06T19:04:24Z,2022-10-24T20:13:38Z,2022-10-24,0,,,2380.0,EUR,2570.4,1.08,sin_monto,6764.21,2331.51,EUR,observado,,True,,"['doaj', 'facts', 'openapc', 'publindex']",0.011037527593818985,False,False,,True,False,True,True,1,,12,True,,0.07,1.4659,,,-0.617,0.4582,,,0.093
0121-053X,2346-1829,,Cuadernos De Lingüística Hispánica,2020,B,Colombia,Centro Oriente,Boyacá,Tunja,15001,Lingüística,Idiomas y Literatura,Humanidades,UNIVERSIDAD PEDAGOGICA Y TECNOLOGICA DE COLOMBIA,IES,,,55,0121-053X,linguistica hispanica,CO,2,2026-09-15,1.0.0,consolidado,696a36a0b3ea5151,,,,,Universidad Pedagógica y Tecnológica de Colombia,,False,,,0,,,,,,,,,,,,,,https://revistas.uptc.edu.co/index.php/linguistica_hispanica,https://doaj.org/toc/d50d5e1a15f74ccbb8ccb4098fbbd465,2008,,0121-053X,2346-1829,"linguistics, language, society, communication","English, French, Spanish",Colombia,Universidad Pedagógica y Tecnológica de Colombia,,CC BY-NC-ND,,https://revistas.uptc.edu.co/index.php/linguistica_hispanica/copyright,,True,https://revistas.uptc.edu.co/index.php/linguistica_hispanica/copyright,Double anonymous peer review,https://revistas.uptc.edu.co/index.php/linguistica_hispanica/review,False,https://revistas.uptc.edu.co/index.php/linguistica_hispanica/about,https://revistas.uptc.edu.co/index.php/linguistica_hispanica/about/editorialTeam,https://revistas.uptc.edu.co/index.php/linguistica_hispanica/about/submissions,32,False,http://revistas.uptc.edu.co/revistas/index.php/linguistica_hispanica/about/editorialPolicies#openAccessPolicy,,False,,False,,,,,Open Policy Finder,https://openpolicyfinder.jisc.ac.uk/id/publication/30344,DOI,True,,,PC1-5498|P1-1091,False,No,No,Language and Literature: Romanic languages | Language and Literature: Philology. Linguistics,2017-03-17T15:38:29Z,2026-05-23T18:03:01Z,2024-04-03,493,2026-05-25T20:16:30Z,linguistica hispanica,1898.13,EUR,2049.98,1.08,sin_monto,5394.68,1898.13,EUR,observado,,True,,"['doaj', 'facts', 'openapc', 'publindex']",0.005518763796909493,False,False,,True,False,True,True,2,,32,False,,0.084,0.839,,,1.0789,0.3649,,,0.3256
0120-0690,1657-0448,,Revista Colombiana De Ciencias Pecuarias,2020,B,Colombia,Eje Cafetero,Antioquia,Medellín,05001,Ciencias Animales y Lechería,Ciencias Animales y Lechería,Ciencias Agrícolas,UNIVERSIDAD DE ANTIOQUIA,IES,,,70,0120-0690,colombiana ciencias pecuarias,CO,2,2026-09-15,1.0.0,consolidado,290b85ea28abf6f8,163,21101259010,journal,,Universidad de Antioquia,True,False,0.105,Q4,1,2,58,123,889,5,91,0.06,15.33,0.5539999999999999,0,2020-2026,Dermatology (Q4); Surgery (Q4),Medicine,https://revistas.udea.edu.co/index.php/rccp,https://doaj.org/toc/2e411ea214a84bf4b19df16dffd93881,1996,,0120-0690,2256-2958,"animal science, veterinary medicine, animal health, animal production, farm animals, companion animals",English,Colombia,Universidad de Antioquia,,CC BY-NC-SA,,http://aprendeenlinea.udea.edu.co/revistas/index.php/rccp/index,,False,,Double anonymous peer review,http://aprendeenlinea.udea.edu.co/revistas/index.php/rccp/about/editorialPolicies#peerReviewProcess,True,http://aprendeenlinea.udea.edu.co/revistas/index.php/rccp/about/editorialPolicies#focusAndScope,http://aprendeenlinea.udea.edu.co/revistas/index.php/rccp/about/editorialTeam,http://aprendeenlinea.udea.edu.co/revistas/index.php/rccp/about/submissions#authorGuidelines,52,True,http://aprendeenlinea.udea.edu.co/revistas/index.php/rccp/announcement/view/695,200 USD,False,,False,,,,,,,,True,,,SF1-1100,False,No,No,Agriculture: Animal culture,2019-02-10T18:09:46Z,2023-08-16T12:32:17Z,2023-08-16,845,2023-12-20T13:52:23Z,colombiana ciencias pecuarias,2000.0,EUR,2160.0,1.08,convertida,5684.21,200.0,USD,observado,,False,,"['doaj', 'facts', 'openapc', 'publindex', 'scimago']",0.06181015452538632,False,False,,True,False,True,True,1,2.0,52,False,0.04065040650406504,0.0846,0.9715,-0.7278,-0.8695,2.7748,0.3846,0.0061,0.0,0.5581
0124-2253,2344-8350,,Revista Científica,2020,C,Colombia,Distrito Capital,"Bogotá, D. C.","Bogotá, D.C.",11001,No registra,Otras Ciencias Naturales,Ciencias Naturales,UNIVERSIDAD DISTRITAL FRANCISCO JOSE DE CALDAS,IES,,,341,0124-2253,cientifica,CO,1,2026-09-15,1.0.0,consolidado,11046dddcd8f5d0a,,,,,Universidad Distrital Francisco José de Caldas,,False,,,0,,,,,,,,,,,,,,http://revistas.udistrital.edu.co/ojs/index.php/revcie/index,https://doaj.org/toc/0195f76628f143f48f3b74bc6672097b,1999,,0124-2253,2344-8350,"mathematics, technology, education, engineering, social sciences","English, Spanish",Colombia,,,CC BY-NC-SA,,http://revistas.udistrital.edu.co/ojs/index.php/revcie/index,True,False,,Peer review,https://revistas.udistrital.edu.co/ojs/index.php/revcie/about,False,https://revistas.udistrital.edu.co/ojs/index.php/revcie/about,https://revistas.udistrital.edu.co/ojs/index.php/revcie/about/editorialTeam,https://revistas.udistrital.edu.co/ojs/index.php/revcie/about/submissions,8,False,https://revistas.udistrital.edu.co/ojs/index.php/revcie/about,,False,,False,https://revistas.udistrital.edu.co/ojs/index.php/revcie/about,,,,Open Policy Finder,,,True,,,T|Q,False,No,No,Technology | Science,2013-07-02T22:23:02Z,2019-07-15T04:32:03Z,2019-07-15,916,2026-07-24T02:33:57Z,cientifica,895.15,EUR,966.76,1.08,sin_monto,2544.11,895.15,EUR,observado,,False,,"['doaj', 'facts', 'openapc', 'publindex']",0.011037527593818985,False,False,,True,False,True,True,1,,8,True,,0.1436,-0.4659,,,-0.9562,0.1705,,,0.0465
0121-4381,,,Suma Psicológica,2020,B,Colombia,Distrito Capital,"Bogotá, D. C.","Bogotá, D.C.",11001,"Psicología (Incluye Terapias de Aprendizaje, Habla, Visual y Otras Discapacidades Físicas y Mentales)",Psicología,Ciencias Sociales,FUNDACION UNIVERSITARIA KONRAD LORENZ,IES,,,225,0121-4381,suma psicologica,CO,2,2026-09-15,1.0.0,consolidado,049e62c63c60d66c,,,,,DIGITAL.CSIC,,False,,,0,,,,,,,,,,,,,,https://psicologicajournal.com,https://doaj.org/toc/5f654e3b7f094f11a8893cf8a398e1df,2016,Journal of the Spanish Society for Experimental Psychology,0211-2159,1576-8597,"animal cognition, perception, attention, psycholinguistics, human cognition, methodology",English,Spain,Spanish Society of Experimental Psychology (SEPEX),Spain,"CC BY, CC BY-SA, CC BY-NC, CC BY-NC-SA",,https://psicologicajournal.com/about/#Open-Access-and-licensing,True,True,https://psicologicajournal.com/about/#Open-Access-and-licensing,"Post-publication peer review, Open peer review",https://psicologicajournal.com/for-reviewers/,False,https://psicologicajournal.com/about/#scope,https://psicologicajournal.com/about/#Editorial-Board,https://psicologicajournal.com/for-authors/,12,False,https://psicologicajournal.com/about/,,False,,False,,"Portico, Scholars Portal",Repository of the Spanish National Research Council,https://psicologicajournal.com/about/,Dulcinea,https://psicologicajournal.com/about/#Preprint-publication,"DOI, Handles",True,,,P1-1091|BF1-990|BF309-499,False,No,Yes,Language and Literature: Philology. Linguistics | Philosophy. Psychology. Religion: Psychology: Consciousness. Cognition,2003-09-16T00:00:00Z,2025-12-19T09:13:46Z,2025-12-19,361,2025-02-07T10:28:18Z,,1005.27,EUR,1085.69,1.08,sin_monto,2857.08,1005.27,EUR,observado,,False,,"['doaj', 'facts', 'openapc', 'publindex']",0.0011037527593818985,False,False,,True,True,True,True,2,,12,True,,0.1332,-0.3226,,,-0.617,0.1919,,,0.093
1657-4206,2462-8107,,Ecos De Economía,2020,C,Colombia,Eje Cafetero,Antioquia,Medellín,05001,Economía,Economía y Negocios,Ciencias Sociales,UNIVERSIDAD EAFIT,IES,,,63,1657-4206,ecos economia,CO,1,2026-09-15,1.0.0,consolidado,5c1a8b2cb59bf4d2,,,,,Universidad EAFIT,,False,,,0,,,,,,,,,,,,,,http://publicaciones.eafit.edu.co/index.php/ecos-economia,https://doaj.org/toc/3c6fc0e4cd32484aab5073e5d8210405,1996,,1657-4206,,"applied economics, quantitative analysis of economic, public policy issues, finances","English, Spanish",Colombia,"Universidad EAFIT, Escuela de Economía",,CC BY,,http://publicaciones.eafit.edu.co/index.php/ecos-economia/about/submissions#copyrightNotice,,True,http://publicaciones.eafit.edu.co/index.php/ecos-economia/about/submissions#copyrightNotice,Peer review,http://publicaciones.eafit.edu.co/index.php/ecos-economia/about,False,http://publicaciones.eafit.edu.co/index.php/ecos-economia/about,http://publicaciones.eafit.edu.co/index.php/ecos-economia/about/editorialTeam,http://publicaciones.eafit.edu.co/index.php/ecos-economia/about/submissions#authorGuidelines,16,False,http://publicaciones.eafit.edu.co/index.php/ecos-economia/about,,False,,False,http://publicaciones.eafit.edu.co/index.php/ecos-economia/about,CLOCKSS,,http://publicaciones.eafit.edu.co/index.php/ecos-economia/about/editorialPolicies#archiving,Open Policy Finder,,,True,,,HC10-1085|HG1-9999|HB71-74,False,No,No,Social Sciences: Economic history and conditions | Social Sciences: Finance | Social Sciences: Economic theory. Demography: Economics as a science,2013-04-16T22:14:01Z,2019-07-15T03:55:04Z,2019-07-15,171,2020-05-08T23:58:25Z,ecos economia,204.92,EUR,221.31,1.08,sin_monto,582.39,204.92,EUR,observado,,False,,"['doaj', 'facts', 'openapc', 'publindex']",0.004415011037527594,False,False,,True,False,True,True,1,,16,False,,0.2808,-1.3638,,,-0.2778,0.0368,,,0.1395
0124-7913,2027-145X,,Bitácora Urbano Territorial,2020,C,Colombia,Distrito Capital,"Bogotá, D. C.","Bogotá, D.C.",11001,No registra,Arte,Humanidades,UNIVERSIDAD NACIONAL DE COLOMBIA,IES,,,"1,293",0124-7913,bitacora urbano territorial,CO,1,2026-09-15,1.0.0,consolidado,8822a10b26d8afc7,46,19700170481,journal,bitacora urbano territorial,Universidad Nacional de Colombia,True,True,0.204,Q2,3,12,39,152,996,65,144,0.28,25.54,0.45,0,2009-2026,"Arts and Humanities (miscellaneous) (Q2); Geography, Planning and Development (Q3); Urban Studies (Q3)",Arts and Humanities; Social Sciences,https://revistas.unal.edu.co/index.php/bitacora,https://doaj.org/toc/489aedcc16fa4f819a6d9d912e258097,2016,,0124-7913,2027-145X,"habitat, territory, public policy, urban planning, architecture, vivienda","English, Portuguese, Spanish",Colombia,Universidad Nacional de Colombia,,CC BY,,https://revistas.unal.edu.co/index.php/bitacora/about/submissions#copyrightNotice,,False,,Double anonymous peer review,https://revistas.unal.edu.co/index.php/bitacora/about/editorialPolicies#peerReviewProcess,False,https://revistas.unal.edu.co/index.php/bitacora/about/editorialPolicies#focusAndScope,https://revistas.unal.edu.co/index.php/bitacora/about/editorialTeam,https://revistas.unal.edu.co/index.php/bitacora/about/submissions#authorGuidelines,16,False,https://revistas.unal.edu.co/index.php/bitacora/about/submissions#authorGuidelines,,False,,False,https://revistas.unal.edu.co/index.php/bitacora/about/submissions#authorGuidelines,,,,Open Policy Finder,,DOI,True,,,HT101-395|HT165.5-169.9,False,No,No,Social Sciences: Communities. Classes. Races: Urban groups. The city. Urban sociology: City planning,2018-10-30T01:21:58Z,2019-02-18T20:45:35Z,2019-02-18,720,2021-08-05T19:11:59Z,bitacora urbano territorial,661.3,EUR,714.2,1.08,sin_monto,1879.47,661.3,EUR,observado,,True,,"['doaj', 'facts', 'openapc', 'publindex', 'scimago']",0.04525386313465784,False,False,,True,False,True,True,-2,0.3333333333333333,16,False,0.4276315789473684,0.3511,-0.7701,0.5435,0.5413,-0.2778,0.1252,0.1278,0.25,0.1395
1794-9998,2256-3067,,Diversitas : Perspectivas En Psicología,2020,B,Colombia,Distrito Capital,"Bogotá, D. C.","Bogotá, D.C.",11001,No registra,Psicología,Ciencias Sociales,UNIVERSIDAD SANTO TOMAS,IES,,,"1,014",1794-9998,diversitas perspectivas psicologia,CO,2,2026-09-15,1.0.0,consolidado,d711052762208e0a,,,,,Universidad Santo Tomás,,False,,,0,,,,,,,,,,,,,,https://revistas.usantotomas.edu.co/index.php/diversitas,https://doaj.org/toc/337c9a6f63e34bc39664f3bb7d26aca6,2005,,1794-9998,2256-3067,psychology,"English, Portuguese, Spanish",Colombia,,,CC BY-SA,,http://revistas.usantotomas.edu.co/index.php/diversitas/about/submissions#copyrightNotice,True,False,,Double anonymous peer review,http://revistas.usta.edu.co/index.php/diversitas/about/editorialPolicies#peerReviewProcess,True,http://revistas.usta.edu.co/index.php/diversitas,http://revistas.usta.edu.co/index.php/diversitas/about/editorialTeam,http://revistas.usta.edu.co/index.php/diversitas/about/submissions#authorGuidelines,24,False,http://revistas.usta.edu.co/index.php/diversitas/about/editorialPolicies#custom-1,,False,,False,,,,,,,DOI,True,,,BF1-990,False,No,No,Philosophy. Psychology. Religion: Psychology,2016-10-24T11:20:40Z,2025-10-06T11:18:31Z,2025-10-06,541,2026-04-21T15:18:17Z,diversitas perspectivas psicologia,242.0,EUR,261.36,1.08,sin_monto,687.79,242.0,EUR,observado,,False,,"['doaj', 'facts', 'openapc', 'publindex']",0.009933774834437087,False,False,,True,False,True,True,2,,24,False,,0.2671,-1.3156,,,0.4005,0.044,,,0.2326
0121-4772,0120-2596,,Revista Cuadernos De Economía,2020,C,Colombia,Distrito Capital,"Bogotá, D. C.","Bogotá, D.C.",11001,Economía,Economía y Negocios,Ciencias Sociales,UNIVERSIDAD NACIONAL DE COLOMBIA,IES,,,82,0121-4772,economia,CO,1,2026-09-15,1.0.0,consolidado,11ce38cc241a1e34,142,21100893272,journal,,Universidad de Antioquia,True,True,0.125,Q4,1,10,15,67,437,21,66,0.41,29.13,0.2727,0,2005-2026,"Business, Management and Accounting (miscellaneous) (Q4); Economics and Econometrics (Q4); Finance (Q4); Social Sciences (miscellaneous) (Q4); Sociology and Political Science (Q4); Statistics, Probability and Uncertainty (Q4)","Business, Management and Accounting; Decision Sciences; Economics, Econometrics and Finance; Social Sciences",http://www.fce.unal.edu.co/cuadernos/,https://doaj.org/toc/6292eeab470542439c4a99924e504a6a,2001,,0121-4772,2248-4337,"applied economics, economic theory, econometrics, economic history","Spanish, English",Colombia,,,CC BY-NC-ND,,http://www.fce.unal.edu.co/cuadernos/,,False,http://www.fce.unal.edu.co/cuadernos/pautas.html,Double anonymous peer review,http://www.fce.unal.edu.co/cuadernos/pautas,False,http://www.fce.unal.edu.co/cuadernos,http://www.fce.unal.edu.co/cuadernos/cuerpo-editorial,http://www.fce.unal.edu.co/cuadernos/pautas,42,False,http://www.fce.unal.edu.co/cuadernos/pautas,,False,,False,,,,,,,,True,,,H|HC10-1085,False,No,No,Social Sciences: Economic history and conditions,2007-04-12T14:45:37Z,2021-05-26T11:01:21Z,2021-05-26,1295,2026-04-10T11:09:18Z,economia,2908.3,EUR,3140.96,1.08,sin_monto,8265.68,2908.3,EUR,observado,,True,,"['doaj', 'facts', 'openapc', 'publindex', 'scimago']",0.06181015452538632,False,False,,True,False,True,True,0,1.0,42,False,0.31343283582089554,0.074,2.1532,-0.4709,0.2591,1.9268,0.5606,0.0307,0.2,0.4419
0120-9957,,,Revista Colombiana De Gastroenterología,2020,C,Colombia,Distrito Capital,"Bogotá, D. C.","Bogotá, D.C.",11001,Gastroenterología y Hepatología,Medicina Clínica,Ciencias Médicas y de la Salud,SOCIEDAD COLOMBIANA DE GASTROENTEROLOGIA,No disponible,,,347,0120-9957,colombiana gastroenterologia,CO,1,2026-09-15,1.0.0,consolidado,eeef2c09913d33fa,123,12100154811,journal,colombiana gastroenterologia,Asociacion Colombiana de Gastroenterologia,True,False,0.137,Q4,1,15,86,226,1824,65,202,0.25,21.21,0.3392,0,2008-2025,Gastroenterology (Q4),Medicine,https://gastro-journal.com/index.php/journal,https://doaj.org/toc/a28e40807e5342ab99923aab631c7e41,2013,Gastroenterology,2308-2097,2518-7880,"liver disease, peptic ulcer disease, intestinal pathology, treatment of gastrointestinal diseases, pathology of the gastrointestinal tract","English, Ukrainian",Ukraine,State Institution Institute of gastroenterology of NAMS of Ukraine,Ukraine,CC BY,,https://gastro-journal.com/index.php/journal/copyright,True,True,https://gastro-journal.com/index.php/journal/copyright,Double anonymous peer review,https://gastro-journal.com/index.php/journal/peer-review,True,https://gastro-journal.com/index.php/journal/focus-and-scope,https://gastro-journal.com/index.php/journal/editorial-board,https://gastro-journal.com/index.php/journal/author-guidelines,10,True,https://gastro-journal.com/index.php/journal/article-processing,500 EUR,True,https://gastro-journal.com/index.php/journal/article-processing,False,,"LOCKSS, PKP PN",,https://gastro-journal.com/index.php/journal/archiving,Open Policy Finder,https://openpolicyfinder.jisc.ac.uk/id/publication/31909,DOI,True,,,RC799-869,False,No,No,Medicine: Internal medicine: Specialties of internal medicine: Diseases of the digestive system. Gastroenterology,2017-08-16T12:54:57Z,2026-02-02T07:35:10Z,,662,2026-07-29T18:06:20Z,,500.0,EUR,540.0,1.08,convertida,1421.05,500.0,EUR,declarado,,,,"['doaj', 'publindex', 'scimago']",0.0011037527593818985,False,False,,True,False,True,True,0,1.0,10,True,0.28761061946902655,0.2732,-0.9799,-0.3168,0.9645,-0.7866,0.094,0.0455,0.325,0.0698
0121-5612,1900-6004,,Colombia Internacional,2020,A1,Colombia,Distrito Capital,"Bogotá, D. C.","Bogotá, D.C.",11001,Ciencias Políticas,Ciencias Políticas,Ciencias Sociales,UNIVERSIDAD DE LOS ANDES,IES,,,45,0121-5612,colombia internacional,CO,4,2026-09-15,1.0.0,consolidado,1134ec39a2982478,149,21100235613,journal,,Universidad del Rosario,True,True,0.117,Q4,1,5,7,35,453,4,16,0.12,64.71,0.5,0,2012-2025,Law (Q4),Social Sciences,https://revistas.uniandes.edu.co/index.php/colombia-int/index,https://doaj.org/toc/1a8e255ce33348779c8ad1c14939602c,2001,,0121-5612,1900-6004,"international relations, comparative politics, colombian politics, political theory, political studies","English, Portuguese, Spanish",Colombia,"Universidad de los Andes, Departamento de Ciencia Política",,CC BY-NC-ND,,https://revistas.uniandes.edu.co/index.php/colombia-int/editorial-policy,,True,https://revistas.uniandes.edu.co/index.php/colombia-int/editorial-policy,Double anonymous peer review,https://revistas.uniandes.edu.co/for-authors/colombiaint/ethical-policies,False,https://revistas.uniandes.edu.co/about/colombiaint,https://revistas.uniandes.edu.co/executive-board/colombiaint#editorial-board,https://revistas.uniandes.edu.co/index.php/colombia-int/author,52,False,https://revistas.uniandes.edu.co/index.php/colombia-int/about,,False,,False,,"CLOCKSS, PKP PN",,https://portal.issn.org/resource/ISSN/1900-6004,,,DOI,True,,,JZ2-6530|JA1-92,False,No,No,Political science: International relations | Political science: Political science (General),2007-08-15T14:56:27Z,2026-07-10T18:31:35Z,2026-06-21,876,2026-08-10T16:00:39Z,colombia internacional,2140.37,EUR,2311.6,1.08,sin_monto,6083.16,2140.37,EUR,observado,,True,,"['doaj', 'facts', 'openapc', 'publindex', 'scimago']",0.01545253863134658,False,False,,True,False,True,True,3,4.0,52,False,0.11428571428571428,0.0893,1.1542,-0.5737,-0.4463,2.7748,0.4118,0.0209,0.075,0.5581
0121-215X,2256-5442,,Cuadernos De Geografía,2020,B,Colombia,Distrito Capital,"Bogotá, D. C.","Bogotá, D.C.",11001,Geociencias (Multidisciplinario),Ciencias de la Tierra y Medioambientales,Ciencias Naturales,UNIVERSIDAD NACIONAL DE COLOMBIA,IES,,,"1,011",0121-215X,geografia,CO,2,2026-09-15,1.0.0,consolidado,5c9088077e30258d,49,21100897722,journal,geografia colombiana geografia,Universidad Nacional de Colombia,True,True,0.201,Q3,2,10,43,92,2063,49,86,0.34,47.98,0.40399999999999997,0,2018-2025,"Geography, Planning and Development (Q3); Earth and Planetary Sciences (miscellaneous) (Q4); Environmental Science (miscellaneous) (Q4)",Earth and Planetary Sciences; Environmental Science; Social Sciences,http://www.revistas.unal.edu.co/index.php/rcg,https://doaj.org/toc/c23e19a96dd64c048dab85567b6b49e2,2002,Cuadernos de Geografia: Revista Colombiana de Geografia,0121-215X,2256-5442,"human geography, physical geography, environmental geography, applications and developments of technologies, geographical information","Spanish, Portuguese, English",Colombia,"Universidad Nacional de Colombia, Departamento de Geografía",,CC BY-NC-ND,,http://www.revistas.unal.edu.co/index.php/rcg/about/editorialPolicies#openAccessPolicy,,True,https://revistas.unal.edu.co/index.php/rcg/about/editorialPolicies#custom-0,Double anonymous peer review,https://revistas.unal.edu.co/index.php/rcg/about/editorialPolicies#peerReviewProcess,True,http://www.revistas.unal.edu.co/index.php/rcg/about/editorialPolicies#focusAndScope,http://www.revistas.unal.edu.co/index.php/rcg/about/displayMembership/80,http://www.revistas.unal.edu.co/index.php/rcg/about/submissions#authorGuidelines,33,False,http://www.revistas.unal.edu.co/index.php/rcg/about/editorialPolicies#openAccessPolicy,,False,,False,,"CLOCKSS, PKP PN",,https://portal.issn.org/resource/ISSN/2256-5442,Open Policy Finder,https://openpolicyfinder.jisc.ac.uk/publication/8410,,True,,,G1-922,False,No,No,Geography. Anthropology. Recreation: Geography (General),2011-04-19T11:41:42Z,2026-07-08T18:38:42Z,2026-06-19,955,2026-08-08T10:32:33Z,geografia colombiana geografia,416.0,EUR,449.28,1.08,sin_monto,1182.32,416.0,EUR,observado,,False,,"['doaj', 'facts', 'openapc', 'publindex', 'scimago']",0.04525386313465784,False,False,,True,False,True,True,0,1.0,33,False,0.532608695652174,0.4369,-1.0892,0.505,0.2591,1.1637,0.0777,0.1241,0.2,0.3372
0121-3814,,,"Tea Tecné, Episteme Y Didaxis",2020,C,Colombia,Distrito Capital,"Bogotá, D. C.","Bogotá, D.C.",11001,"Educación General (Incluye Capacitación, Pedagogía)",Ciencias de la Educación,Ciencias Sociales,UNIVERSIDAD PEDAGOGICA NACIONAL,IES,,,369,0121-3814,tea tecne episteme didaxis,CO,1,2026-09-15,1.0.0,consolidado,8a16024b9fbc3a96,,,,,Necmettin Erbakan University Press,,False,,,0,,,,,,,,,,,,,,https://dergipark.org.tr/en/pub/istem,https://doaj.org/toc/3082cd8865dc4822b26262032241a129,2020,,1304-0618,2602-408X,"islamic culture studies, islamic archaeology, islamic history, islamic art, turkish-islamic literature, turkish-islamic music","English, Turkish",Türkiye,,,CC BY-NC,,https://dergipark.org.tr/en/pub/istem/page/14881,True,True,https://dergipark.org.tr/en/pub/istem/page/14881,Double anonymous peer review,https://dergipark.org.tr/en/pub/istem/page/9540,True,https://dergipark.org.tr/en/pub/istem/aim-and-scope,https://dergipark.org.tr/en/pub/istem/board,https://dergipark.org.tr/en/pub/istem/writing-rules,16,False,https://dergipark.org.tr/en/pub/istem/price-policy,,False,,False,,,,,Publisher’s own site,https://dergipark.org.tr/en/pub/istem/page/9537,DOI,True,,,NX440-632,False,No,No,Fine Arts: Arts in general: History of the arts,2023-12-05T08:56:54Z,2023-12-05T08:56:54Z,2023-12-05,569,2024-07-17T05:57:09Z,,2972.0,EUR,3209.76,1.08,sin_monto,8446.74,3289.98,EUR,observado,,True,,"['doaj', 'facts', 'openapc', 'publindex']",0.0033112582781456954,False,False,,True,False,True,True,1,,16,False,,0.0582,2.2361,,,-0.2778,0.5729,,,0.1395
0121-8123,2027-9000,,Revista Colombiana De Reumatología,2020,C,Colombia,Distrito Capital,"Bogotá, D. C.","Bogotá, D.C.",11001,Otros Temas de Medicina Clínica,Medicina Clínica,Ciencias Médicas y de la Salud,ASOCIACION COLOMBIANA DE REUMATOLOGIA,Otras,,,"1,324",0121-8123,colombiana reumatologia,CO,1,2026-09-15,1.0.0,consolidado,044d916721e6918c,48,21100824861,journal,colombiana reumatologia,Asociacion Colombiana de Reumatologia,True,False,0.202,Q3,2,13,83,238,2216,112,213,0.49,26.7,0.5365,0,2009-2026,Internal Medicine (Q3); Pharmaceutical Science (Q3); Rehabilitation (Q3); Immunology and Allergy (Q4); Rheumatology (Q4),"Medicine; Pharmacology, Toxicology and Pharmaceutics",https://reference-global.com/journal/LOGI,https://doaj.org/toc/89ccda6268014716b8c4b6a4604ee188,2010,Logi: Scientific Journal on Transport and Logistics,,2336-3037,"transport, logistics, warehousing, handling, vehicle, sustainability",English,Poland,"Institute of Technology and Business in České Budějovice, Faculty of Technology",Czechia,CC BY-NC-ND,,https://reference-global.com/journal/LOGI?tab=copyright,True,True,https://reference-global.com/journal/LOGI?tab=copyright,Double anonymous peer review,https://sciendo-parsed-data-feed.s3.eu-central-1.amazonaws.com/LOGI/Peer_Review_Procedure.pdf,True,https://reference-global.com/journal/LOGI?tab=aims-and-scope,https://reference-global.com/journal/LOGI?tab=editorial-board,https://reference-global.com/journal/LOGI?tab=submission-guidelines,12,True,https://reference-global.com/journal/LOGI?tab=article-processing-charges,150 EUR,False,,True,https://reference-global.com/journal/LOGI?tab=article-processing-charges,Portico,,https://www.portico.org/publishers/wdg/?keyword=LOGI+%E2%80%93+Scientific+Journal+on+Transport+and+Logistics&filter_by%5B%5D=e-journal,,,DOI,True,,,TA1001-1280,False,No,No,Technology: Engineering (General). Civil engineering (General): Transportation engineering,2024-04-02T13:46:11Z,2026-07-24T16:43:03Z,2026-07-24,208,2026-07-13T05:03:03Z,,150.0,EUR,162.0,1.08,convertida,426.32,150.0,EUR,declarado,,,,"['doaj', 'publindex', 'scimago']",0.0011037527593818985,False,False,,True,False,True,True,-1,0.5,12,True,0.47058823529411764,0.614,-1.4353,0.5178,0.6824,-0.617,0.0262,0.1253,0.275,0.093
0120-0739,2256-201X,,Colombia Forestal,2020,B,Colombia,Distrito Capital,"Bogotá, D. C.","Bogotá, D.C.",11001,Forestal,"Agricultura, Silvicultura y Pesca",Ciencias Agrícolas,UNIVERSIDAD DISTRITAL FRANCISCO JOSE DE CALDAS,IES,,,35,0120-0739,colombia forestal,CO,2,2026-09-15,1.0.0,consolidado,1f5c013069748abf,41,21100815415,journal,colombia forestal,Universidad Distrital Francisco Jose de Caldas,True,True,0.209,Q3,2,11,18,44,970,31,44,0.6,53.89,0.3065,0,2016-2025,Forestry (Q3); Nature and Landscape Conservation (Q3); Soil Science (Q4),Agricultural and Biological Sciences; Environmental Science,http://revistas.udistrital.edu.co/ojs/index.php/colfor,https://doaj.org/toc/0da07f8a6edd442da56f4184638f5cbf,2000,,0120-0739,2256-201X,"silviculture, forest ecology, biodiversity, forest health",Spanish,Colombia,,,CC BY-SA,,http://revistas.udistrital.edu.co/ojs/index.php/colfor/about/submissions#copyrightNotice,,False,http://revistas.udistrital.edu.co/ojs/index.php/colfor/about/submissions#copyrightNotice,Double anonymous peer review,https://revistas.udistrital.edu.co/index.php/colfor/about,True,https://revistas.udistrital.edu.co/index.php/colfor/about,http://revistas.udistrital.edu.co/ojs/index.php/colfor/about/editorialTeam,http://revistas.udistrital.edu.co/ojs/index.php/colfor/about/submissions#authorGuidelines,20,False,https://revistas.udistrital.edu.co/index.php/colfor/about,,False,,False,,PKP PN,,https://portal.issn.org/resource/ISSN/2256-201X,,,DOI,True,,,S|SD1-669.5,False,No,No,Agriculture: Forestry,2013-05-31T13:23:51Z,2023-10-23T05:31:55Z,2023-10-23,255,2026-07-02T14:50:05Z,colombia forestal,1999.2,EUR,2159.14,1.08,sin_monto,5681.95,1999.2,EUR,observado,,False,,"['doaj', 'facts', 'openapc', 'publindex', 'scimago']",0.004415011037527594,False,False,,True,False,True,True,0,1.0,20,False,0.7045454545454546,0.1685,0.9705,0.6077,0.4002,0.0613,0.3845,0.1339,0.225,0.186
0120-3932,,,Economicas Cuc,2020,C,Colombia,Caribe,Atlántico,Barranquilla,08001,Economía,Economía y Negocios,Ciencias Sociales,CORPORACION UNIVERSIDAD DE LA COSTA,IES,,,914,0120-3932,economicas cuc,CO,1,2026-09-15,1.0.0,consolidado,2a11ad9cc8b02558,,,,,STKIP PGRI Sumatera Barat,,False,,,0,,,,,,,,,,,,,,http://ase.md/publicatii/revista-economica.html,https://doaj.org/toc/ecf599d6df444885a39f74b1f90afb08,2012,,2302-5190,,"management, economics, education, accounting",Indonesian,Indonesia,Prodi Pendidikan Ekonomi STKIP PGRI Sumatera Barat,,CC BY,,http://ejournal.stkip-pgri-sumbar.ac.id/index.php/economica/about/submissions#copyrightNotice,,False,http://ejournal.stkip-pgri-sumbar.ac.id/index.php/economica/about/submissions#copyrightNotice,Peer review,http://ejournal.stkip-pgri-sumbar.ac.id/index.php/economica/about/editorialPolicies#peerReviewProcess,False,http://ejournal.stkip-pgri-sumbar.ac.id/index.php/economica/about/editorialPolicies#focusAndScope,http://ejournal.stkip-pgri-sumbar.ac.id/index.php/economica/about/editorialTeam,http://ejournal.stkip-pgri-sumbar.ac.id/index.php/economica/about/submissions#authorGuidelines,8,True,http://ejournal.stkip-pgri-sumbar.ac.id/index.php/economica/about/editorialPolicies#custom-0,150000 IDR,False,,False,http://ejournal.stkip-pgri-sumbar.ac.id/index.php/economica/about/editorialPolicies#custom-0,,,ttp://ejournal.stkip-pgri-sumbar.ac.id/index.php/economica,,,,True,,,H|HB71-74,False,No,No,Social Sciences: Economic theory. Demography: Economics as a science,2015-11-10T13:17:26Z,2018-10-17T07:21:28Z,2018-10-17,239,2024-11-22T08:29:25Z,,1828.49,EUR,1974.77,1.08,convertida,5196.76,150000.0,IDR,observado,,True,,"['doaj', 'facts', 'openapc', 'publindex']",0.00772626931567329,False,False,,True,False,True,True,1,,8,True,,0.0865,0.7484,,,-0.9562,0.3514,,,0.0465
0012-7353,,,Dyna,2020,B,Colombia,Eje Cafetero,Antioquia,Medellín,05001,No registra,Ingeniería Civil,Ingeniería y Tecnología,UNIVERSIDAD NACIONAL DE COLOMBIA,IES,,,210,0012-7353,dyna,CO,2,2026-09-15,1.0.0,consolidado,5932403083a18f41,58,12600154771,journal,dyna colombia,Universidad Nacional de Colombia,True,True,0.191,Q4,1,32,83,288,2828,243,284,0.82,34.07,0.3948,0,2008-2026,Engineering (miscellaneous) (Q4),Engineering,https://revistas.unal.edu.co/index.php/dyna/index,https://doaj.org/toc/1ae4d1db9bf2408f88a0e67ca32fc92e,2002,,0012-7353,2346-2183,"mining engineering, mineral industries, material engineering, civil engineering, electrical engineering","Spanish, English",Colombia,"Universidad Nacional de Colombia, Facultad de Minas",,CC BY-NC-ND,,https://revistas.unal.edu.co/index.php/dyna/about#openAccessPolicy,True,False,https://revistas.unal.edu.co/index.php/dyna/about/submissions#copyrightNotice,Double anonymous peer review,https://revistas.unal.edu.co/index.php/dyna/about#reviewerGuidelines,True,https://revistas.unal.edu.co/index.php/dyna/about,https://revistas.unal.edu.co/index.php/dyna/about/editorialTeam,https://revistas.unal.edu.co/index.php/dyna/about/submissions,24,False,https://revistas.unal.edu.co/index.php/dyna/about,,False,,False,,,,,,,,True,,,T|TN1-997,False,No,No,Technology: Mining engineering. Metallurgy,2006-05-22T13:41:07Z,2023-08-16T06:30:40Z,2023-08-16,2656,2026-06-22T18:22:29Z,dyna,1657.98,EUR,1790.62,1.08,sin_monto,4712.16,1630.43,EUR,observado,,False,,"['doaj', 'facts', 'openapc', 'publindex', 'scimago']",0.04525386313465784,False,False,,True,False,True,True,1,2.0,24,False,0.84375,0.1781,0.5266,0.3766,3.3628,0.4005,0.3183,0.1118,0.75,0.2326
2011-2173,1657-0448,,Revista Colombiana De Ciencias Hortícolas,2020,B,Colombia,Distrito Capital,"Bogotá, D. C.","Bogotá, D.C.",11001,Otras Ciencias Agrícolas,Otras Ciencias Agrícolas,Ciencias Agrícolas,SOCIEDAD COLOMBIANA DE CIENCIAS HORTICOLAS,Otras,UNIVERSIDAD PEDAGOGICA Y TECNOLOGICA DE COLOMBIA,,927,2011-2173,colombiana ciencias horticolas,CO,2,2026-09-15,1.0.0,consolidado,2661d31558c22018,163,21101259010,journal,,Asociación Colombiana de Endocrinología,True,True,0.105,Q4,1,2,58,123,889,5,91,0.06,15.33,0.5539999999999999,0,2020-2026,Dermatology (Q4); Surgery (Q4),Medicine,https://revistaendocrino.org/index.php/rcedm/index,https://doaj.org/toc/ae8c544f5765473ebcf6cda5963403f1,2021,,2389-9786,2805-5853,"endocrinology, diabetes, osteoporosis, obesity and nutrition, dyslipidemias, molecular biology and endocrinology","English, Spanish",Colombia,Asociación Colombiana de Endocrinología,Colombia,CC BY-NC-ND,,https://revistaendocrino.org/index.php/rcedm/submission,True,False,https://revistaendocrino.org/index.php/rcedm/submission,Double anonymous peer review,https://revistaendocrino.org/index.php/rcedm/review,True,https://revistaendocrino.org/index.php/rcedm/submission,https://revistaendocrino.org/index.php/rcedm/about/editorialTeam,https://revistaendocrino.org/index.php/rcedm/submission,12,False,https://revistaendocrino.org/index.php/rcedm/ethics,,False,,False,,,,,Own website,https://revistaendocrino.org/index.php/rcedm/submission,DOI,True,,,RC648-665,False,No,No,Medicine: Internal medicine: Specialties of internal medicine: Diseases of the endocrine glands. Clinical endocrinology,2023-02-24T12:55:55Z,2023-02-24T12:55:55Z,2023-02-24,790,2026-08-06T23:12:05Z,,2000.0,EUR,2160.0,1.08,sin_monto,5684.21,2331.51,EUR,observado,,False,,"['doaj', 'facts', 'openapc', 'publindex', 'scimago']",0.006622516556291391,False,False,,True,False,True,True,1,2.0,12,True,0.04065040650406504,0.0846,0.9715,-0.7278,-0.8695,-0.617,0.3846,0.0061,0.0,0.093
0120-6346,,,Semestre Económico,2020,C,Colombia,Eje Cafetero,Antioquia,Medellín,05001,Economía,Economía y Negocios,Ciencias Sociales,UNIVERSIDAD DE MEDELLIN,IES,,,541,0120-6346,semestre economico,CO,1,2026-09-15,1.0.0,consolidado,522577b546dda9e3,,,,,"Universidad de Medellín, Sello Editorial",,False,,,0,,,,,,,,,,,,,,http://revistas.udem.edu.co/index.php/economico,https://doaj.org/toc/81de40f921d54788bc0ec0d6dac2d562,2011,,0120-6346,2248-4345,"economics, regional development, laboral market, finance, poverty","Spanish, Portuguese, English",Colombia,Universidad de Medellin,,CC BY-NC,,http://revistas.udem.edu.co/index.php/economico,True,False,http://revistas.udem.edu.co/index.php/economico/about/submissions#copyrightNotice,Double anonymous peer review,https://revistas.udem.edu.co/index.php/economico/about,False,https://revistas.udem.edu.co/index.php/economico/about,https://revistas.udem.edu.co/index.php/economico/about/editorialTeam,https://revistas.udem.edu.co/index.php/economico/about/submissions,6,False,https://revistas.udem.edu.co/index.php/economico/about,,False,,False,,,,,,,,True,,,HB1-3840|HB71-74,False,No,No,Social Sciences: Economic theory. Demography: Economics as a science,2015-11-18T14:16:36Z,2021-03-01T14:11:24Z,2021-03-01,8,2016-04-11T23:18:39Z,semestre economico,1828.49,EUR,1974.77,1.08,sin_monto,5196.76,2441.28,EUR,observado,,True,,"['doaj', 'facts', 'openapc', 'publindex']",0.002207505518763797,False,False,,True,False,True,True,1,,6,True,,0.0865,0.7484,,,-1.1258,0.3514,,,0.0233
2027-5137,2322-777X,,Historia Y Memoria,2020,C,Colombia,Centro Oriente,Boyacá,Tunja,15001,Historia,Historia y Arqueología,Humanidades,UNIVERSIDAD PEDAGOGICA Y TECNOLOGICA DE COLOMBIA,IES,,,851,2027-5137,historia memoria,CO,1,2026-09-15,1.0.0,consolidado,5acaf93bc3c1ca02,69,21100793201,journal,historia memoria,Universidad Pedagogica y Tecnologica de Colombia,True,True,0.183,Q2,3,7,22,82,1062,26,75,0.33,48.27,0.4211,0,2015-2026,History (Q2),Arts and Humanities,https://revistas.uptc.edu.co/index.php/historia_memoria,https://doaj.org/toc/41cd2e9827e1467dac307ece09c01aa5,2010,,2027-5137,2322-777X,"history, memory, historiography","Spanish, Portuguese",Colombia,,,CC BY-NC-ND,,https://revistas.uptc.edu.co/index.php/historia_memoria/about/submissions#copyright-notice,,False,https://revistas.uptc.edu.co/index.php/historia_memoria/about/submissions#copyright-notice,Anonymous peer review,https://revistas.uptc.edu.co/index.php/historia_memoria/about#peerReviewProcess,False,https://revistas.uptc.edu.co/index.php/historia_memoria/about#focusAndScope,https://revistas.uptc.edu.co/index.php/historia_memoria/about/editorialTeam,https://revistas.uptc.edu.co/index.php/historia_memoria/about/submissions,26,False,https://revistas.uptc.edu.co/index.php/historia_memoria/about#custom-2,,False,,False,,PKP PN,,https://portal.issn.org/resource/ISSN/2322-777X,Open Policy Finder,https://openpolicyfinder.jisc.ac.uk/id/publication/30349,DOI,True,,,D|F1201-3799,False,No,No,History (General) and history of Europe | History America: Latin America. Spanish America,2017-02-23T22:26:30Z,2023-11-01T13:33:12Z,2023-11-01,416,2026-07-03T02:57:59Z,historia memoria,1116.0,EUR,1205.28,1.08,sin_monto,3171.79,1116.0,EUR,observado,,True,,"['doaj', 'facts', 'openapc', 'publindex', 'scimago']",0.012141280353200883,False,False,,True,False,True,True,-2,0.3333333333333333,26,False,0.3170731707317073,0.2273,-0.1785,0.2739,-0.1641,0.5701,0.2133,0.102,0.125,0.2558
0124-8170,1909-7735,,Ciencia E Ingeniería Neogranadina,2020,B,Colombia,Distrito Capital,"Bogotá, D. C.","Bogotá, D.C.",11001,No registra,Otras Ingenierías y Tecnologías,Ingeniería y Tecnología,UNIVERSIDAD MILITAR NUEVA GRANADA,IES,,,264,0124-8170,ciencia ingenieria neogranadina,CO,2,2026-09-15,1.0.0,consolidado,46bb7d38f0c47b75,,,,,Editorial Neogranadina,,False,,,0,,,,,,,,,,,,,,http://revistas.unimilitar.edu.co/index.php/rcin,https://doaj.org/toc/0fea6b152a4d4860be00d496212ca035,1993,,0124-8170,1909-7735,"engineering, technology, civil engineering, materials science, electronic engineering","Spanish, English",Colombia,Universidad Militar Nueva Granada,Colombia,CC BY-NC-ND,,https://revistas.unimilitar.edu.co/index.php/rcin/about,True,False,https://revistas.unimilitar.edu.co/index.php/rcin/about,Double anonymous peer review,https://revistas.unimilitar.edu.co/index.php/rcin/about,True,https://revistas.unimilitar.edu.co/index.php/rcin/about,https://revistas.unimilitar.edu.co/index.php/rcin/about/editorialTeam,https://revistas.unimilitar.edu.co/index.php/rcin/about/submissions,20,False,https://revistas.unimilitar.edu.co/index.php/rcin/about,,False,,False,,Portico,,https://www.portico.org/coverage/titles/?keyword=0124-8170&filter_by%5B%5D=e-journal,,,DOI,True,,,TA1-2040|Q,False,No,No,Technology: Engineering (General). Civil engineering (General) | Science,2016-10-24T09:33:27Z,2021-08-03T16:43:02Z,2021-08-03,919,2026-05-26T16:58:45Z,ciencia ingenieria neogranadina,1806.0,EUR,1950.48,1.08,sin_monto,5132.84,1806.0,EUR,observado,,True,,"['doaj', 'facts', 'openapc', 'publindex']",0.005518763796909493,False,False,,True,False,True,True,2,,20,False,,0.0873,0.7192,,,0.0613,0.347,,,0.186
1909-8391,,,Tesis Psicologica,2020,B,Colombia,Distrito Capital,"Bogotá, D. C.","Bogotá, D.C.",11001,No registra,Psicología,Ciencias Sociales,FUNDACION UNIVERSITARIA LOS LIBERTADORES,IES,,,246,1909-8391,tesis psicologica,CO,2,2026-09-15,1.0.0,consolidado,6b7ee26af8959d5b,,,,,University of Zadar,,False,,,0,,,,,,,,,,,,,,http://www.sic-journal.org/,https://doaj.org/toc/d3e3c0e57fe440f08555a14b6b6a7841,2010,"[sic]: Casopis za Knjizevnost, Kulturu i Knjizevno Prevodjenje",,1847-7755,"culture, literature, translation, humanities, social sciences","English, Croatian",Croatia,,,CC BY-NC-ND,,https://www.sic-journal.org/Journal/AboutUs,True,False,https://www.sic-journal.org/Journal/AboutUs,Anonymous peer review,https://www.sic-journal.org/Journal/AboutUs,True,https://www.sic-journal.org/Journal/AboutUs,https://www.sic-journal.org/Content/Impressum,https://www.sic-journal.org/Journal/Submissions,24,False,https://www.sic-journal.org/Journal/AboutUs,,False,,False,,"Portico, Hrčak: Portal of scientific journals in Croatia",,https://hrcak.srce.hr/?lang=en,,,DOI,True,,,PN1-6790,False,No,No,Language and Literature: Literature (General),2011-12-03T16:09:38Z,2021-05-14T08:47:41Z,2021-05-14,448,2026-06-28T19:51:57Z,,1005.27,EUR,1085.69,1.08,sin_monto,2857.08,1005.27,EUR,observado,,False,,"['doaj', 'facts', 'openapc', 'publindex']",0.005518763796909493,False,False,,True,False,True,True,2,,24,False,,0.1332,-0.3226,,,0.4005,0.1919,,,0.2326
0120-0011,0123-2576,,Revista De La Facultad De Medicina De La Universidad Nacional De Colombia,2020,C,Colombia,Distrito Capital,"Bogotá, D. C.","Bogotá, D.C.",11001,Otras Ciencias Médicas,Otras Ciencias Médicas,Ciencias Médicas y de la Salud,UNIVERSIDAD NACIONAL DE COLOMBIA,IES,,,221,0120-0011,facultad medicina universidad nacional colombia,CO,1,2026-09-15,1.0.0,consolidado,4b4c6ed517a9755d,141,21101151818,journal,,Universidad de Antioquia,True,True,0.126,Q4,1,4,0,62,0,16,50,0.28,0.0,0.0,0,2020-2023,Education (Q4); Medical Laboratory Technology (Q4); Medicine (miscellaneous) (Q4),Health Professions; Medicine; Social Sciences,http://revistas.unal.edu.co/index.php/revfacmed/index,https://doaj.org/toc/05262adca6cc4bd1bcbbc739c0207e0d,1932,Revista de la Facultad de Medicina de la Universidad Nacional de Colombia,0120-0011,2357-3848,"medicine, education, medical sciences, public health","Spanish, Portuguese, English",Colombia,,,CC BY,,http://revistas.unal.edu.co/index.php/revfacmed/about/submissions#copyrightNotice,,True,http://revistas.unal.edu.co/index.php/revfacmed/about/submissions#copyrightNotice,Peer review,http://revistas.unal.edu.co/index.php/revfacmed/about/editorialPolicies#peerReviewProcess,True,http://revistas.unal.edu.co/index.php/revfacmed/about/editorialPolicies#focusAndScope,http://revistas.unal.edu.co/index.php/revfacmed/about/editorialTeam,https://revistas.unal.edu.co/index.php/revfacmed/about/submissions#authorGuidelines,24,False,http://revistas.unal.edu.co/index.php/revfacmed/about/editorialPolicies#focusAndScope,,False,,False,,,,,,,DOI,True,,,R|R5-920,False,No,No,Medicine: Medicine (General),2006-09-29T11:54:57Z,2023-12-13T08:13:26Z,2023-12-13,3848,2026-02-03T20:45:19Z,facultad medicina,1448.6,EUR,1564.49,1.08,sin_monto,4117.08,1448.6,EUR,observado,,False,,"['doaj', 'facts', 'openapc', 'publindex', 'scimago']",0.06181015452538632,False,False,,True,False,True,True,0,1.0,24,False,0.25806451612903225,0.13,0.2542,-0.4581,-0.5873,0.4005,0.2778,0.0319,0.05,0.2326
1909-941X,2389-7848,,Clio América,2020,C,Colombia,Caribe,Magdalena,Santa Marta,47001,Economía,Economía y Negocios,Ciencias Sociales,UNIVERSIDAD DEL MAGDALENA,IES,,,219,1909-941X,clio america,CO,1,2026-09-15,1.0.0,consolidado,c2fabf7b57afe4ec,,,,,Universidad del Magdalena,,False,,,0,,,,,,,,,,,,,,http://revistas.unimagdalena.edu.co/index.php/clioamerica,https://doaj.org/toc/5d5536ee84d741c5b0135bc5c23249d0,2007,,1909-941X,2389-7848,"business administration, economics, financial economics","Spanish, English",Colombia,,,CC BY-NC-SA,,http://revistas.unimagdalena.edu.co/index.php/clioamerica/about,True,False,https://revistas.unimagdalena.edu.co/index.php/clioamerica/about,Double anonymous peer review,http://revistas.unimagdalena.edu.co/index.php/clioamerica/about,True,http://revistas.unimagdalena.edu.co/index.php/clioamerica/about,http://revistas.unimagdalena.edu.co/index.php/clioamerica/about/editorialTeam,http://revistas.unimagdalena.edu.co/index.php/clioamerica/g_autores,24,False,https://revistas.unimagdalena.edu.co/index.php/clioamerica/about,,False,,False,,PKP PN,,https://revistas.unimagdalena.edu.co/index.php/clioamerica/g_autores,Repositorio Digital Universidad del Magdalena,https://roar.eprints.org/15423/,DOI,True,,,HB71-74,False,No,No,Social Sciences: Economic theory. Demography: Economics as a science,2015-04-08T13:52:24Z,2026-08-07T16:52:33Z,2026-07-04,256,2026-04-06T16:47:59Z,clio america,2200.0,EUR,2376.0,1.08,sin_monto,6252.63,2200.0,EUR,observado,,True,,"['doaj', 'facts', 'openapc', 'publindex']",0.005518763796909493,False,False,,True,False,True,True,1,,24,False,,0.0747,1.2317,,,0.4005,0.4234,,,0.2326
0121-6805,,,Revista Facultad De Ciencias Económicas : Investigación Y Reflexión,2020,B,Colombia,Distrito Capital,"Bogotá, D. C.","Bogotá, D.C.",11001,No registra,Economía y Negocios,Ciencias Sociales,UNIVERSIDAD MILITAR NUEVA GRANADA,IES,,,627,0121-6805,facultad ciencias economicas investigacion reflexion,CO,2,2026-09-15,1.0.0,consolidado,05c082bf6af8f8c0,,,,,Editorial Neogranadina,,False,,,0,,,,,,,,,,,,,,http://revistas.unimilitar.edu.co/index.php/rfce,https://doaj.org/toc/36cd4857734c4a0893fa93009a7658b9,2010,Revista Facultad de Ciencias Económicas: Investigación y Reflexión,0121-6805,1909-7719,"accounting, management, economics, economy, bussines","Spanish, Portuguese, English",Colombia,Universidad Militar Nueva Granada,Colombia,CC BY-NC-ND,,https://revistas.unimilitar.edu.co/index.php/rfce/about,True,False,https://revistas.unimilitar.edu.co/index.php/rfce/about,Double anonymous peer review,https://revistas.unimilitar.edu.co/index.php/rfce/about,False,https://revistas.unimilitar.edu.co/index.php/rfce/about,https://revistas.unimilitar.edu.co/index.php/rfce/about/editorialTeam,https://revistas.unimilitar.edu.co/index.php/rfce/about/editorialTeam,24,False,https://revistas.unimilitar.edu.co/index.php/rfce/about,,False,,False,,Portico,,https://www.portico.org/coverage/titles/?keyword=0121-6805&filter_by%5B%5D=e-journal,,,DOI,True,,,HC10-1085|HB71-74,False,No,No,Social Sciences: Economic history and conditions | Social Sciences: Economic theory. Demography: Economics as a science,2016-10-24T08:50:52Z,2021-08-03T17:15:24Z,2021-08-03,1235,2026-07-30T17:07:59Z,facultad ciencias economicas,1828.49,EUR,1974.77,1.08,sin_monto,5196.76,2441.28,EUR,observado,,True,,"['doaj', 'facts', 'openapc', 'publindex']",0.005518763796909493,False,False,,True,False,True,True,2,,24,False,,0.0865,0.7484,,,0.4005,0.3514,,,0.2326
0122-8102,2346-1691,,Cuadernos De Literatura,2020,B,No disponible,No disponible,No disponible,No disponible,,Teoría Literaria,Idiomas y Literatura,Humanidades,PONTIFICIA UNIVERSIDAD JAVERIANA,IES,,,"1,047",0122-8102,literatura,CO,2,2026-09-15,1.0.0,consolidado,052bc4cc16248d51,162,21100843496,journal,literatura,Pontificia Universidad Javeriana,True,True,0.109,Q3,2,5,11,62,357,5,59,0.05,32.45,0.6667000000000001,0,2017-2025,Literature and Literary Theory (Q3),Arts and Humanities,https://revistas.unne.edu.ar/index.php/clt,https://doaj.org/toc/60eb2f9e72d044e89ba2aac23775e20c,2020,Cuadernos de Literatura: Revista de Estudios Lingüísticos y Literarios,0326-5102,2684-0499,"literature, linguistics, discourse analysis","English, Portuguese, Spanish",Argentina,Universidad Nacional del Nordeste,Argentina,CC BY-NC,,https://revistas.unne.edu.ar/index.php/clt/about/editorialPolicies#openAccessPolicy,True,False,https://revistas.unne.edu.ar/index.php/clt/about/submissions#copyrightNotice,"Editorial review, Double anonymous peer review",https://revistas.unne.edu.ar/index.php/clt/about/editorialPolicies#peerReviewProcess,True,https://revistas.unne.edu.ar/index.php/clt/about/editorialPolicies#focusAndScope,https://revistas.unne.edu.ar/index.php/clt/about/editorialTeam,https://revistas.unne.edu.ar/index.php/clt/about/submissions#authorGuidelines,16,False,https://revistas.unne.edu.ar/index.php/clt/about/editorialPolicies#custom-4,,False,,False,,,,,,,DOI,True,,,P1-1091|PQ1-3999,False,No,No,Language and Literature: Philology. Linguistics | Language and Literature: French literature - Italian literature - Spanish literature - Portuguese literature,2022-10-11T16:13:21Z,2022-10-11T16:13:21Z,2022-10-11,85,2022-10-11T18:56:28Z,,2628.61,EUR,2838.9,1.08,sin_monto,7470.79,2628.61,EUR,observado,,True,,"['doaj', 'facts', 'openapc', 'publindex', 'scimago']",0.033112582781456956,False,False,,True,False,True,True,0,1.0,16,False,0.08064516129032258,0.0703,1.7894,-0.6764,-0.4463,-0.2778,0.5064,0.0111,0.075,0.1395
1900-6586,2500-7645,,"Revista Científica ""General José María Córdova""",2020,C,Colombia,Distrito Capital,"Bogotá, D. C.","Bogotá, D.C.",11001,Otras Ciencias Sociales,Otras Ciencias Sociales,Ciencias Sociales,ESCUELA MILITAR DE CADETES GENERAL JOSE MARIA CORDOVA,IES,,,"1,037",1900-6586,cientifica general jose maria cordova,CO,1,2026-09-15,1.0.0,consolidado,af3ee70458e4d037,5,21100996939,journal,cientifica general jose maria cordova,Escuela Militar de Cadetes,True,True,0.4,Q2,3,10,45,164,2113,158,150,0.8,46.96,0.24359999999999998,0,"2011-2013, 2015-2026","Law (Q2); Political Science and International Relations (Q2); Public Administration (Q2); Safety Research (Q2); Safety, Risk, Reliability and Quality (Q2); Social Sciences (miscellaneous) (Q2); Sociology and Political Science (Q2)",Engineering; Social Sciences,https://www.revistacientificaesmic.com,https://doaj.org/toc/e42b7a06ed4841c9b09e37249837fc5f,2011,Colombian Journal of Military and Strategic Studies,1900-6586,2500-7645,"military and strategic studies, public administration, security and defense, political science, social science, international relations","English, Spanish",Colombia,,,CC BY-NC-ND,,https://www.revistacientificaesmic.com/index.php/esmic/about,True,False,https://revistacientificaesmic.com/index.php/esmic/about,Double anonymous peer review,https://www.revistacientificaesmic.com/index.php/esmic/proceso_editorial,True,https://www.revistacientificaesmic.com/index.php/esmic/about,https://www.revistacientificaesmic.com/index.php/esmic/about/editorialTeam,https://www.revistacientificaesmic.com/index.php/esmic/about/submissions,14,False,https://www.revistacientificaesmic.com/index.php/esmic/about,,False,,False,,Portico,,https://www.portico.org/coverage/titles/?keyword=1900-6586&filter_by%5B%5D=e-journal,,,DOI,True,,,U,False,No,No,Military Science,2019-04-26T03:22:39Z,2024-05-31T07:25:17Z,2024-05-31,620,2026-08-11T21:55:59Z,cientifica general jose maria cordova,895.15,EUR,966.76,1.08,sin_monto,2544.11,895.15,EUR,observado,,False,,"['doaj', 'facts', 'openapc', 'publindex', 'scimago']",0.0011037527593818985,False,False,,True,False,True,True,-2,0.3333333333333333,14,False,0.9634146341463414,0.5745,-0.4659,3.0604,0.2591,-0.4474,0.1705,0.3686,0.2,0.1163
1794-2470,,,Nova: Publicación Científica En Ciencias Médicas,2020,B,No disponible,No disponible,No disponible,No disponible,,No registra,Ciencias de la Salud,Ciencias Médicas y de la Salud,UNIVERSIDAD COLEGIO MAYOR DE CUNDINAMARCA,IES,UNIVERSIDAD NACIONAL ABIERTA Y A DISTANCIA,,677,1794-2470,nova publicacion cientifica ciencias medicas,CO,2,2026-09-15,1.0.0,consolidado,7ac783bae9a213f0,,,,,Universidad Colegio Mayor de Cundinamarca,,False,,,0,,,,,,,,,,,,,,https://revistas.unicolmayor.edu.co/index.php/nova,https://doaj.org/toc/d50ca4abc9d14315a65a959a85e2d644,2003,,1794-2470,,"biomedical sciences, medical research, microbiology, life sciences","English, Spanish",Colombia,Universidad Nacional Abierta y a Distancia,,CC BY-NC-ND,,https://revistas.unicolmayor.edu.co/index.php/nova/about,,True,https://revistas.unicolmayor.edu.co/index.php/nova/about,Double anonymous peer review,https://revistas.unicolmayor.edu.co/index.php/nova/about,False,https://revistas.unicolmayor.edu.co/index.php/nova/about,https://revistas.unicolmayor.edu.co/index.php/nova/about/editorialTeam,https://revistas.unicolmayor.edu.co/index.php/nova/about/submissions#author_guidelines,16,False,https://revistas.unicolmayor.edu.co/index.php/nova/about,,False,,False,https://revistas.unicolmayor.edu.co/index.php/nova/about,,,https://revistas.unicolmayor.edu.co/index.php/nova/about,,,,True,,,R5-920|QH301-705.5,False,No,No,Medicine: Medicine (General) | Science: Biology (General),2017-03-15T18:45:18Z,2019-04-07T21:59:46Z,2019-04-07,361,2020-08-20T17:21:40Z,nova,2900.0,EUR,3132.0,1.08,sin_monto,8242.11,2066.41,EUR,observado,,True,,"['doaj', 'facts', 'openapc', 'publindex']",0.002207505518763797,False,False,,True,False,True,True,2,,16,False,,0.0594,2.1424,,,-0.2778,0.559,,,0.1395
1657-4915,2389-7856,,Praxis,2020,C,Colombia,Caribe,Magdalena,Santa Marta,47001,No registra,Sociología,Ciencias Sociales,UNIVERSIDAD DEL MAGDALENA,IES,,,820,1657-4915,praxis,CO,1,2026-09-15,1.0.0,consolidado,a5bdf3ed56dfc6b7,,,,,Universidad del Magdalena,,False,,,0,,,,,,,,,,,,,,http://revistas.unimagdalena.edu.co/index.php/praxis,https://doaj.org/toc/5afe7760c76047488555227190e7674b,2013,,1657-4915,2389-7856,"special education, education, education research",Spanish,Colombia,Universidad del Magdalena,,CC BY-NC-SA,,http://revistas.unimagdalena.edu.co/index.php/praxis/about,True,False,,Double anonymous peer review,http://revistas.unimagdalena.edu.co/index.php/praxis/about,True,http://revistas.unimagdalena.edu.co/index.php/praxis/about,http://revistas.unimagdalena.edu.co/index.php/praxis/about/editorialTeam,http://revistas.unimagdalena.edu.co/index.php/praxis/g_autores,24,False,http://revistas.unimagdalena.edu.co/index.php/praxis/about,,False,,False,http://revistas.unimagdalena.edu.co/index.php/praxis/about,,,https://scienti.minciencias.gov.co/publindex/EnRevista/detalle.do?__tableName=enArticulo.table.allDetalle&__tableAction=reset&cod_revista_c=717&txtIssn=1657-4915&txtRevista=PRAXIS&txtIntitucionEditora=&txtSires=&codArea=&categoria=,Open Policy Finder,,,True,,,L,False,No,No,Education,2015-07-27T19:30:36Z,2020-02-27T20:31:44Z,2020-02-27,343,2026-07-09T06:00:40Z,praxis,2380.0,EUR,2570.4,1.08,sin_monto,6764.21,2331.51,EUR,observado,,True,,"['doaj', 'facts', 'openapc', 'publindex']",0.005518763796909493,False,False,,True,False,True,True,1,,24,False,,0.07,1.4659,,,0.4005,0.4582,,,0.2326
0120-5323,,,Universitas Philosophica,2020,C,Colombia,Distrito Capital,"Bogotá, D. C.","Bogotá, D.C.",11001,Filosofía,Otras Humanidades,Humanidades,PONTIFICIA UNIVERSIDAD JAVERIANA,IES,,,931,0120-5323,universitas philosophica,CO,1,2026-09-15,1.0.0,consolidado,15cc482c88fe8f90,,,,,Universidad Carlos III de Madrid,,False,,,0,,,,,,,,,,,,,,https://e-revistas.uc3m.es/index.php/UNIV,https://doaj.org/toc/3fbb6568707b4718bbed3f7f21d56e97,2015,"Universitas: Revista de Filosofía, Derecho y Política",,1698-7950,"political philosophy, law, human rights, political science, gender, politics",Spanish,Spain,Instituto de Derechos Humanos Gregorio Peces-Barba,Spain,CC BY,,https://e-revistas.uc3m.es/index.php/UNIV/about#acercade8,,True,https://e-revistas.uc3m.es/index.php/UNIV/about#acercade8,Double anonymous peer review,https://e-revistas.uc3m.es/index.php/UNIV/about#acercade3,True,https://e-revistas.uc3m.es/index.php/UNIV/about#acercade1,https://e-revistas.uc3m.es/index.php/UNIV/about/editorialTeam,https://e-revistas.uc3m.es/index.php/UNIV/about/submissions,20,False,https://e-revistas.uc3m.es/index.php/UNIV/about#acercade4,,False,,False,,,,,Dulcinea,https://dulcinea.opensciencespain.org/ficha1844,DOI,True,,,K3150|B1-5802,False,No,No,Law: Law in general. Comparative and uniform law. Jurisprudence: Comparative law. International uniform law: Public law | Philosophy. Psychology. Religion: Philosophy (General),2025-11-12T13:49:28Z,2025-11-12T13:49:28Z,2025-11-12,0,,,2255.17,EUR,2435.58,1.08,sin_monto,6409.42,1814.27,EUR,observado,,True,,"['doaj', 'facts', 'openapc', 'publindex']",0.002207505518763797,False,False,,True,False,True,True,1,,20,False,,0.0732,1.3035,,,0.0613,0.434,,,0.186
0120-419X,,,Revista Integración,2020,C,Colombia,Centro Oriente,Santander,Bucaramanga,68001,No registra,Matemática,Ciencias Naturales,UNIVERSIDAD INDUSTRIAL DE SANTANDER,IES,,,904,0120-419X,integracion,CO,1,2026-09-15,1.0.0,consolidado,d27eb77509d90420,,,,,Universidad Industrial de Santander,,False,,,0,,,,,,,,,,,,,,https://revistas.uis.edu.co/index.php/revistaintegracion/index,https://doaj.org/toc/b7e8c88633f84548a4070aa9b24b1b5b,2009,,0120-419X,2145-8472,"applied mathematics, statistics",Spanish,Colombia,Universidad Industrial de Santander,,CC BY-ND,,http://revistas.uis.edu.co/index.php/revistaintegracion/index,,False,,Peer review,http://revistas.uis.edu.co/public/journals/6/docs/Integracion_NormasEditoriales_esES.pdf,True,http://revistas.uis.edu.co/index.php/revistaintegracion/about/editorialPolicies#focusAndScope,http://revistas.uis.edu.co/index.php/revistaintegracion/about/editorialTeam,http://revistas.uis.edu.co/index.php/revistaintegracion/about/submissions#authorGuidelines,16,False,http://revistas.uis.edu.co/index.php/revistaintegracion/index,,False,,False,http://revistas.uis.edu.co/index.php/revistaintegracion/index,,,,,,DOI,True,,,QA1-939,False,No,No,Science: Mathematics,2014-05-12T20:32:01Z,2020-05-12T10:28:47Z,2014-05-12,769,2026-05-03T14:16:06Z,integracion,2594.99,EUR,2802.59,1.08,sin_monto,7375.24,2594.99,EUR,observado,,True,,"['doaj', 'facts', 'openapc', 'publindex']",0.006622516556291391,False,False,,True,False,True,True,1,,16,False,,0.0652,1.7456,,,-0.2778,0.4999,,,0.1395
0121-4004,2145-2660,,Vitae,2020,C,Colombia,Eje Cafetero,Antioquia,Medellín,05001,Farmacología y Farmacia,Medicina Básica,Ciencias Médicas y de la Salud,UNIVERSIDAD DE ANTIOQUIA,IES,,,85,0121-4004,vitae,CO,1,2026-09-15,1.0.0,consolidado,dcb8dd6049c18f11,,,,,Universidad de Antioquia,,False,,,0,,,,,,,,,,,,,,https://revistas.udea.edu.co/index.php/vitae,https://doaj.org/toc/03eece96633d4f3592fc332433d0efce,2008,,0121-4004,2145-2660,"pharmacy research, pharmaceutical care, cosmetics, natural products, biotechnology, food research",English,Colombia,School of Pharmaceutical and Food Sciences,Colombia,CC BY-NC-SA,,https://revistas.udea.edu.co/index.php/vitae/about/submissions,,False,https://revistas.udea.edu.co/index.php/vitae/about/submissions,Double anonymous peer review,https://revistas.udea.edu.co/index.php/vitae/about,False,https://revistas.udea.edu.co/index.php/vitae/about,https://revistas.udea.edu.co/index.php/vitae/about/editorialTeam,https://revistas.udea.edu.co/index.php/vitae/about/submissions,12,True,https://revistas.udea.edu.co/index.php/vitae/information/authors,100 USD,False,,False,,,,,,,,True,,,TP368-456|HD9665-9675,False,No,No,Technology: Chemical technology: Food processing and manufacture | Social Sciences: Industries. Land use. Labor: Special industries and trades: Pharmaceutical industry,2019-12-23T18:31:11Z,2023-05-08T08:58:24Z,2023-05-08,1117,2026-08-04T12:44:55Z,vitae,1176.26,EUR,1270.36,1.08,convertida,3343.05,100.0,USD,observado,,False,,"['doaj', 'facts', 'openapc', 'publindex']",0.06181015452538632,False,False,,True,False,True,True,1,,12,True,,0.1198,-0.1001,,,-0.617,0.225,,,0.093
0120-2456,2256-5647,,Anuario Colombiano De Historia Social,2020,C,Colombia,Distrito Capital,"Bogotá, D. C.","Bogotá, D.C.",11001,Historia,Historia y Arqueología,Humanidades,UNIVERSIDAD NACIONAL DE COLOMBIA,IES,,,"1,294",0120-2456,anuario colombiano historia social,CO,1,2026-09-15,1.0.0,consolidado,705056082d5f71b7,98,21100259543,journal,anuario colombiano historia social cultura,Universidad Nacional de Colombia,True,True,0.151,Q2,3,11,41,118,1802,24,114,0.2,43.95,0.3514,0,2013-2025,Cultural Studies (Q2); History (Q2),Arts and Humanities; Social Sciences,http://www.revistas.unal.edu.co/index.php/achsc,https://doaj.org/toc/7275013e59744f779fc168371283211f,2012,,0120-2456,2256-5647,"history, historiography, latin american history, colombian history","English, Portuguese, Spanish",Colombia,"Universidad Nacional de Colombia, Departamento de Historia",,CC BY-ND,,http://www.revistas.unal.edu.co/index.php/achsc/about/submissions#copyrightNotice,True,False,https://revistas.unal.edu.co/index.php/achsc/about/submissions#copyrightNotice,Double anonymous peer review,http://www.revistas.unal.edu.co/index.php/achsc/about/editorialPolicies#peerReviewProcess,False,http://www.revistas.unal.edu.co/index.php/achsc/about/editorialPolicies#focusAndScope,http://www.revistas.unal.edu.co/index.php/achsc/about/editorialTeam,http://www.revistas.unal.edu.co/index.php/achsc/about/submissions#authorGuidelines,43,False,http://www.revistas.unal.edu.co/index.php/achsc/about/editorialPolicies#focusAndScope,,False,,False,,,,,Open Policy Finder,https://openpolicyfinder.jisc.ac.uk/id/publication/8404,DOI,True,,,D1-2009|F1201-3799,False,No,No,History (General) and history of Europe: History (General) | History America: Latin America. Spanish America,2013-01-06T16:55:29Z,2021-07-12T17:41:27Z,2021-07-12,2078,2026-07-02T20:16:04Z,anuario colombiano historia social cultura,1116.0,EUR,1205.28,1.08,sin_monto,3171.79,1116.0,EUR,observado,,True,,"['doaj', 'facts', 'openapc', 'publindex', 'scimago']",0.04525386313465784,False,False,,True,False,True,True,-2,0.3333333333333333,43,False,0.2033898305084746,0.1876,-0.1785,-0.1371,0.4002,2.0116,0.2133,0.0627,0.225,0.4535
1692-8261,2216-1368,,Prospectiva,2020,B,Colombia,Caribe,Atlántico,Barranquilla,08001,No registra,Otras Ingenierías y Tecnologías,Ingeniería y Tecnología,UNIVERSIDAD AUTONOMA DEL CARIBE,IES,,,"1,090",1692-8261,prospectiva,CO,2,2026-09-15,1.0.0,consolidado,b9eb7c396dc35a74,,,,,Editorial Uniautónoma,,False,,,0,,,,,,,,,,,,,,http://ojs.uac.edu.co/index.php/prospectiva,https://doaj.org/toc/68474f4c438f4c6aa47636c91b8f72fe,2003,,1692-8261,2216-1368,"mechanical engineering, technological, technological development","English, Spanish",Colombia,Universidad Autónoma del Caribe,,CC BY-NC-ND,,http://ojs.uac.edu.co/index.php/prospectiva#licencia,,False,,Double anonymous peer review,http://ojs.uac.edu.co/index.php/prospectiva/about#peerReviewProcess,False,http://ojs.uac.edu.co/index.php/prospectiva/about#focusAndScope,http://ojs.uac.edu.co/index.php/prospectiva/about/editorialTeam,http://ojs.uac.edu.co/index.php/prospectiva/about/submissions#authorGuidelines,16,False,http://ojs.uac.edu.co/index.php/prospectiva/announcement,,False,,False,http://ojs.uac.edu.co/index.php/prospectiva/announcement,CLOCKSS,,https://thekeepers.org/journals?query=1692-8261,,,DOI,True,,,TJ1-1570,False,No,No,Technology: Mechanical engineering and machinery,2017-04-20T16:56:49Z,2020-08-05T14:30:22Z,2020-08-05,386,2026-07-07T00:01:01Z,prospectiva,2838.0,EUR,3065.04,1.08,sin_monto,8065.89,2838.0,EUR,observado,,True,,"['doaj', 'facts', 'openapc', 'publindex']",0.0011037527593818985,False,False,,True,False,True,True,2,,16,False,,0.0605,2.0618,,,-0.2778,0.547,,,0.1395
2145-4892,2256-1102,,Revista De Psicología Universidad De Antioquia,2020,C,Colombia,Eje Cafetero,Antioquia,Medellín,05001,"Psicología (Incluye Terapias de Aprendizaje, Habla, Visual y Otras Discapacidades Físicas y Mentales)",Psicología,Ciencias Sociales,UNIVERSIDAD DE ANTIOQUIA,IES,,,798,2145-4892,psicologia universidad antioquia,CO,1,2026-09-15,1.0.0,consolidado,a503995963bbd88b,,,,,Universidad Autónoma del Estado de México,,False,,,0,,,,,,,,,,,,,,https://hemeroteca.uaemex.mx/index.php/rpsicologia,https://doaj.org/toc/5b78907ca23c4176b5c9bdd315fb003a,2016,,,2007-7149,"behavioral sciences, clinical psychology, occupational psychology, educational psychology, social psychology, psychosocial research",Spanish,Mexico,"Universidad Autónoma del Estado de México, Facultad de Ciencias de la Conducta",Mexico,CC BY-NC-SA,,https://revistapsicologia.uaemex.mx/about,,False,https://revistapsicologia.uaemex.mx/about/submissions,Double anonymous peer review,https://revistapsicologia.uaemex.mx/about,True,https://revistapsicologia.uaemex.mx/about,https://revistapsicologia.uaemex.mx/about/editorialTeam,https://hemeroteca.uaemex.mx/index.php/rpsicologia/about/submissions#authorGuidelines,16,False,https://revistapsicologia.uaemex.mx/about,,False,,False,,,,,,,DOI,True,,,BF1-990,False,No,No,Philosophy. Psychology. Religion: Psychology,2021-01-11T09:56:14Z,2021-01-11T09:56:14Z,2021-01-11,0,,,242.0,EUR,261.36,1.08,sin_monto,687.79,242.0,EUR,observado,,False,,"['doaj', 'facts', 'openapc', 'publindex']",0.011037527593818985,False,False,,True,False,True,True,1,,16,False,,0.2671,-1.3156,,,-0.2778,0.044,,,0.1395
2145-549X,2422-4200,,Revista Logos Ciencia 6& Tecnologia,2020,B,Colombia,Distrito Capital,"Bogotá, D. C.","Bogotá, D.C.",11001,No registra,Otras Humanidades,Humanidades,DIRECCION NACIONAL DE ESCUELAS POLICIA NACIONAL DE COLOMBIA,IES,,,"1,088",2145-549X,logos ciencia 6 tecnologia,CO,2,2026-09-15,1.0.0,consolidado,09a9d3553eb69632,,,,,Policía Nacional de Colombia,,False,,,0,,,,,,,,,,,,,,https://revistalogos.policia.edu.co:8443/index.php/rlct,https://doaj.org/toc/f7696191db36468db1bff2f308f17088,2009,Revista Logos,2145-549X,,"police, science, technology",Spanish,Colombia,,,CC BY,,https://revistalogos.policia.edu.co:8443/index.php/rlct/about,True,False,https://revistalogos.policia.edu.co:8443/index.php/rlct/about,Double anonymous peer review,https://revistalogos.policia.edu.co:8443/index.php/rlct/about,False,https://revistalogos.policia.edu.co:8443/index.php/rlct/about,https://revistalogos.policia.edu.co:8443/index.php/rlct/about/editorialTeam,https://revistalogos.policia.edu.co:8443/index.php/rlct/about/submissions,12,False,https://revistalogos.policia.edu.co:8443/index.php/rlct/about,,False,,False,,,,,,,,True,,,AZ20-999|Q1-390|H1-99,False,No,No,General Works: History of scholarship and learning. The humanities | Science: Science (General) | Social Sciences: Social sciences (General),2016-01-21T13:46:05Z,2024-01-10T13:44:41Z,2024-01-10,389,2024-02-19T04:53:39Z,logos ciencia tecnologia,243.34,EUR,262.81,1.08,sin_monto,691.61,243.34,EUR,observado,,False,,"['doaj', 'facts', 'openapc', 'publindex']",0.0011037527593818985,False,False,,True,False,True,True,2,,12,True,,0.2667,-1.3138,,,-0.617,0.0442,,,0.093
0120-0062,2011-3668,,Ideas Y Valores,2020,B,Colombia,Distrito Capital,"Bogotá, D. C.","Bogotá, D.C.",11001,Otras Humanidades,Otras Humanidades,Humanidades,UNIVERSIDAD NACIONAL DE COLOMBIA,IES,,,139,0120-0062,ideas valores,CO,2,2026-09-15,1.0.0,consolidado,1551c11eb2ecea58,156,19900191832,journal,ideas valores,Universidad Nacional de Colombia,True,True,0.114,Q3,2,8,31,181,1060,18,176,0.08,34.19,0.1471,0,2010-2025,Philosophy (Q3),Arts and Humanities,https://revistas.unal.edu.co/index.php/idval,https://doaj.org/toc/03cbd6ea94be4c8c93ea1ed305fdf4a2,1951,Ideas y Valores: Revista Colombiana de Filosofía,0120-0062,2011-3668,"history of philosophy, philosophy, latin american philosophy, colombia","Spanish, Portuguese, English",Colombia,"Universidad Nacional de Colombia, Facultad de Filosofia Letras",,CC BY-NC-ND,,https://revistas.unal.edu.co/index.php/idval/information/librarians,,False,https://revistas.unal.edu.co/index.php/idval/about/submissions#copyrightNotice,Double anonymous peer review,https://revistas.unal.edu.co/index.php/idval/about/submissions#onlineSubmissions,False,https://revistas.unal.edu.co/index.php/idval/about#focusAndScope,https://revistas.unal.edu.co/index.php/idval/about/editorialTeam,https://revistas.unal.edu.co/index.php/idval/about/submissions#authorGuidelines,53,False,https://revistas.unal.edu.co/index.php/idval/about/submissions#authorGuidelines,,False,,False,,PKP PN,,https://portal.issn.org/resource/ISSN/2011-3668,Open Policy Finder,https://openpolicyfinder.jisc.ac.uk/id/publication/8419,DOI,True,,,B|B1-5802,False,No,No,Philosophy. Psychology. Religion: Philosophy (General),2007-05-03T11:18:37Z,2026-01-21T16:05:28Z,2026-01-21,3398,2026-07-30T10:32:28Z,ideas valores,2709.03,EUR,2925.75,1.08,sin_monto,7699.34,2599.8,EUR,observado,,True,,"['doaj', 'facts', 'openapc', 'publindex', 'scimago']",0.04525386313465784,False,False,,True,False,True,True,0,1.0,53,False,0.09944751381215469,0.0717,1.894,-0.6122,-0.023,2.8596,0.522,0.0172,0.15,0.5698
0122-5383,2382-4581,,"Ct&F Ciencia, Tecnología Y Futuro",2020,C,Colombia,Centro Oriente,Santander,Piedecuesta,68547,Ingeniería de Procesos,Ingeniería Química,Ingeniería y Tecnología,ECOPETROL S A,Empresas,,,284,0122-5383,ct f ciencia tecnologia futuro,CO,1,2026-09-15,1.0.0,consolidado,ade502d3da9e876e,,,,,Instituto Colombiano del petróleo y energías de la Transición - ICPET,,False,,,0,,,,,,,,,,,,,,https://ctyf.journal.ecopetrol.com.co/,https://doaj.org/toc/650b1caac2424359b6d93ac31cea007e,2009,,0122-5383,2382-4581,"chemical engineering, earth and planetary sciences, energy, engineering, oil, alternative energy sources",English,Colombia,Ecopetrol SA,Colombia,CC BY-NC-SA,,https://ctyf.journal.ecopetrol.com.co/index.php/ctyf/about,,False,https://ctyf.journal.ecopetrol.com.co/index.php/ctyf/about,Double anonymous peer review,https://ctyf.journal.ecopetrol.com.co/index.php/ctyf/about/submissions,True,https://ctyf.journal.ecopetrol.com.co/index.php/ctyf/about,https://ctyf.journal.ecopetrol.com.co/index.php/ctyf/about/editorialTeam,https://ctyf.journal.ecopetrol.com.co/index.php/ctyf/about/submissions,24,False,https://ctyf.journal.ecopetrol.com.co/index.php/ctyf/about/submissions,,False,,False,,Portico,,https://www.portico.org/coverage/titles/?keyword=0122-5383&filter_by%5B%5D=e-journal,,,DOI,True,,,HD9502-9502.5|TP155-156,False,No,No,Social Sciences: Industries. Land use. Labor: Special industries and trades: Energy industries. Energy policy. Fuel trade | Technology: Chemical technology: Chemical engineering,2022-09-13T11:24:00Z,2024-10-22T10:49:02Z,2024-10-22,357,2026-01-09T15:58:26Z,ct f ciencia tecnologia futuro,902.03,EUR,974.19,1.08,sin_monto,2563.66,902.03,EUR,observado,,True,,"['doaj', 'facts', 'openapc', 'publindex']",0.0011037527593818985,False,False,,True,False,True,True,1,,24,False,,0.1429,-0.4569,,,0.4005,0.1719,,,0.2326
1900-4699,,,Revista Facultad De Ciencias Básicas,2020,C,Colombia,Distrito Capital,"Bogotá, D. C.","Bogotá, D.C.",11001,Otras Biologías,Ciencias Biológicas,Ciencias Naturales,UNIVERSIDAD MILITAR NUEVA GRANADA,IES,,,206,1900-4699,facultad ciencias basicas,CO,1,2026-09-15,1.0.0,consolidado,c47bd5f115225bba,54,21101105022,journal,,Fundacion Universitaria Maria Cano,True,False,0.195,Q3,2,6,46,89,1864,64,83,0.85,40.52,0.49439999999999995,0,2019-2026,"Health Professions (miscellaneous) (Q3); Occupational Therapy (Q3); Physical Therapy, Sports Therapy and Rehabilitation (Q4); Public Health, Environmental and Occupational Health (Q4); Speech and Hearing (Q4)",Health Professions; Medicine,https://ejournal.insuriponorogo.ac.id/index.php/basica,https://doaj.org/toc/7691a21b4e0c47ac81fe8cb55650c5e7,2021,Basica: Journal of Primary Education,2809-9710,2797-0965,"elementary education, primary education, learning strategies, islamic elementary education",English,Indonesia,,,CC BY-NC,,https://ejournal.insuriponorogo.ac.id/index.php/basica/licensing,True,True,https://ejournal.insuriponorogo.ac.id/index.php/basica/copyright,Double anonymous peer review,https://ejournal.insuriponorogo.ac.id/index.php/basica/peerreview,False,https://ejournal.insuriponorogo.ac.id/index.php/basica/focus_scope,https://ejournal.insuriponorogo.ac.id/index.php/basica/editorial_team,https://ejournal.insuriponorogo.ac.id/index.php/basica/author_guidelines,16,True,https://ejournal.insuriponorogo.ac.id/index.php/basica/publication_fee,500000 IDR,False,,False,,,,,,,DOI,True,,,LC8-6691,False,No,No,Education: Special aspects of education,2025-05-08T05:33:59Z,2025-05-08T05:33:59Z,2025-05-08,31,2025-05-09T00:52:43Z,,2000.0,EUR,2160.0,1.08,convertida,5684.21,500000.0,IDR,observado,,False,,"['doaj', 'facts', 'openapc', 'publindex', 'scimago']",0.03642384105960265,False,False,,True,False,True,True,-1,0.5,16,False,0.7191011235955056,0.1572,0.9715,0.428,-0.3052,-0.2778,0.3846,0.1167,0.1,0.1395
0124-0021,,,Diálogos De Saberes,2018,C,Colombia,Distrito Capital,"Bogotá, D. C.","Bogotá, D.C.",11001,Derecho,Derecho,Ciencias Sociales,UNIVERSIDAD LIBRE DE COLOMBIA,IES,,,280,0124-0021,dialogos saberes,CO,1,2026-09-15,1.0.0,consolidado,120a56a8a5e7b15f,,,,,Universidad Nacional de Rosario,,False,,,0,,,,,,,,,,,,,,https://saberes.unr.edu.ar/index.php/revista/index,https://doaj.org/toc/cc4884717e094cc98cee9006a395d6c0,2009,,1852-4184,1852-4222,"economics, accounting, taxation, management, statistics",Spanish,Argentina,"Universidad Nacional de Rosario, Facultad de Ciencias Económicas y Estadística",,CC BY-SA,,https://saberes.unr.edu.ar/index.php/revista/about,,True,https://saberes.unr.edu.ar/index.php/revista/about/submissions,Double anonymous peer review,https://saberes.unr.edu.ar/index.php/revista/about,False,https://saberes.unr.edu.ar/index.php/revista/about,http://www.saberes.fcecon.unr.edu.ar/index.php/revista/about/editorialTeam,https://saberes.unr.edu.ar/index.php/revista/about/submissions,34,False,https://saberes.unr.edu.ar/index.php/revista/about,,False,,False,,,,,,,,True,,,H|HA1-4737|HB1-3840,False,No,No,Social Sciences: Statistics | Social Sciences: Economic theory. Demography,2011-03-10T13:13:49Z,2025-01-29T15:53:55Z,2025-01-29,47,2016-11-05T04:00:15Z,,243.34,EUR,262.81,1.08,sin_monto,691.61,243.34,EUR,observado,,False,,"['doaj', 'facts', 'openapc', 'publindex']",0.002207505518763797,False,False,,True,False,True,True,1,,34,False,,0.2667,-1.3138,,,1.2485,0.0442,,,0.3488
0120-8942,2027-5366,,Dikaion - Lo Justo,2018,C,Colombia,Centro Oriente,Cundinamarca,Chía,25175,Derecho,Derecho,Ciencias Sociales,UNIVERSIDAD DE LA SABANA,IES,,,573,0120-8942,dikaion lo justo,CO,1,2026-09-15,1.0.0,consolidado,82e368114358c367,125,21101062042,journal,dikaion,Universidad de La Sabana,True,True,0.135,Q3,2,4,13,53,483,10,45,0.21,37.15,0.1818,0,2019-2026,Philosophy (Q3); Law (Q4),Arts and Humanities; Social Sciences,http://dikaion.unisabana.edu.co/index.php/dikaion/index,https://doaj.org/toc/97ddb80984d042e58e15210640c67d86,1987,,0120-8942,2027-5366,law,"Portuguese, English, Spanish",Colombia,,,CC BY-NC-ND,,https://dikaion.unisabana.edu.co/index.php/dikaion/about/submissions,,False,https://dikaion.unisabana.edu.co/index.php/dikaion/about/submissions,Anonymous peer review,https://dikaion.unisabana.edu.co/index.php/dikaion/about,True,https://dikaion.unisabana.edu.co/index.php/dikaion/about,https://dikaion.unisabana.edu.co/index.php/dikaion/about/editorialTeam,https://dikaion.unisabana.edu.co/index.php/dikaion/about/submissions,30,False,https://dikaion.unisabana.edu.co/index.php/dikaion/about/submissions,,False,,False,,,,,Open Policy Finder,https://openpolicyfinder.jisc.ac.uk/id/publication/19592,DOI,True,,,K|K1-7720,False,No,No,Law: Law in general. Comparative and uniform law. Jurisprudence,2017-06-05T23:10:41Z,2021-07-17T23:09:55Z,2021-07-17,864,2024-10-08T00:00:38Z,dikaion,682.0,EUR,736.56,1.08,sin_monto,1938.32,682.0,EUR,observado,,False,,"['doaj', 'facts', 'openapc', 'publindex', 'scimago']",0.005518763796909493,False,False,,True,False,True,True,-1,0.5,30,False,0.18867924528301888,0.2284,-0.7432,-0.3425,-0.5873,0.9093,0.1292,0.043,0.05,0.3023
1909-9746,,,Visión Electrónica: Algo Más Que Un Estado Sólido,2018,C,Colombia,Distrito Capital,"Bogotá, D. C.","Bogotá, D.C.",11001,Ingeniería Eléctrica y Electrónica,"Ingenierías Eléctrica, Electrónica e Informática",Ingeniería y Tecnología,UNIVERSIDAD DISTRITAL FRANCISCO JOSE DE CALDAS,IES,,,855,1909-9746,vision electronica algo mas que un estado solido,CO,1,2026-09-15,1.0.0,consolidado,daf8545267875179,,,,,Universidad Distrital Francisco José de Caldas,,False,,,0,,,,,,,,,,,,,,https://revistas.udistrital.edu.co/ojs/index.php/visele,https://doaj.org/toc/43259ac863cf4eb2a51bd4542e135d84,2008,,1909-9746,2248-4728,"power electronics, robotics, control and automation, systems and communications engineering, telecommunications, electrical engineering","English, Spanish",Colombia,,,CC BY-NC,,https://revistas.udistrital.edu.co/index.php/visele/about#openAccessPolicy,,False,https://revistas.udistrital.edu.co/index.php/visele/about,Double anonymous peer review,https://revistas.udistrital.edu.co/index.php/visele/about#peerReviewProcess,True,https://revistas.udistrital.edu.co/index.php/visele/about#focusAndScope,https://revistas.udistrital.edu.co/index.php/visele/about/editorialTeam,https://revistas.udistrital.edu.co/index.php/visele/about/submissions,8,False,https://revistas.udistrital.edu.co/index.php/visele/about,,False,,False,,,,,,,,True,,,TK1-9971,False,No,No,Technology: Electrical engineering. Electronics. Nuclear engineering,2020-10-20T08:24:41Z,2024-09-02T06:47:09Z,2024-09-02,523,2024-07-17T02:50:24Z,vision electronica,1661.96,EUR,1794.92,1.08,sin_monto,4723.47,1876.66,EUR,observado,,False,,"['doaj', 'facts', 'openapc', 'publindex']",0.011037527593818985,False,False,,True,False,True,True,1,,8,True,,0.0931,0.5318,,,-0.9562,0.3191,,,0.0465
0120-8462,2500-5375,,Cuadernos De Filosofía Latinoamericana,2018,C,Colombia,Distrito Capital,"Bogotá, D. C.","Bogotá, D.C.",11001,Filosofía,Otras Humanidades,Humanidades,UNIVERSIDAD SANTO TOMAS,IES,,,638,0120-8462,filosofia latinoamericana,CO,1,2026-09-15,1.0.0,consolidado,565144ae503a9c15,,,,,Centro de Investigaciones Filosóficas,,False,,,0,,,,,,,,,,,,,,http://rlfp.org.ar,https://doaj.org/toc/a388822353b045acb5b76b5c3574662b,2015,,,2250-8619,"political philosophy, ethics","Spanish, English",Argentina,,,CC BY,,http://rlfp.org.ar/revista/index.php/RLFP/about,,True,http://rlfp.org.ar/revista/index.php/RLFP/about,Double anonymous peer review,http://rlfp.org.ar/revista/index.php/RLFP/about,False,http://rlfp.org.ar/revista/index.php/RLFP/about,http://rlfp.org.ar/revista/index.php/RLFP/about,http://rlfp.org.ar/revista/index.php/RLFP/about/submissions,12,False,http://rlfp.org.ar/revista/index.php/RLFP/about/submissions,,False,,False,,,,,,,,True,,,B1-5802,False,No,No,Philosophy. Psychology. Religion: Philosophy (General),2017-04-17T16:02:10Z,2022-03-17T17:52:20Z,2022-03-17,0,,,1828.24,EUR,1974.5,1.08,sin_monto,5196.05,1828.24,EUR,observado,,True,,"['doaj', 'facts', 'openapc', 'publindex']",0.0011037527593818985,False,False,,True,False,True,True,1,,12,True,,0.0865,0.7481,,,-0.617,0.3513,,,0.093
,2027-1557,,Luciernaga : Revista Virtual,2018,C,Colombia,Eje Cafetero,Antioquia,Medellín,05001,Medios y Comunicación Social,Periodismo y Comunicaciones,Ciencias Sociales,POLITECNICO COLOMBIANO JAIME ISAZA CADAVID,IES,,,793,2027-1557,luciernaga virtual,CO,1,2026-09-15,1.0.0,consolidado,5cadc4c5116c6008,,,,,Kemerovo State University,,False,,,0,,,,,,,,,,,,,,https://jsocnet.ru/en/nauka/,https://doaj.org/toc/6de9d530d17b41eabca357d09829110a,2022,Virtual Communication and Social Networks,2782-4799,2782-4802,"virtual communication, social networks, linguistics, sociology","Russian, English",Russian Federation,,,CC BY,,https://jsocnet.ru/en/nauka/#about-journal,True,True,https://jsocnet.ru/en/nauka/#about-journal,Double anonymous peer review,https://jsocnet.ru/en/nauka/#about-journal,True,https://jsocnet.ru/en/nauka/#about-journal,https://jsocnet.ru/en/nauka/#journal-editorial,https://jsocnet.ru/en/nauka/#journal-forauthor,14,False,https://jsocnet.ru/en/nauka/#about-journal,,False,,False,,e-library,Russian State Library,https://elibrary.ru/contents.asp?titleid=79765,Copyright Notice,https://jsocnet.ru/en/nauka/#journal-forauthor,DOI,True,,,P1-1091|H,False,No,No,Language and Literature: Philology. Linguistics | Social Sciences,2024-03-18T17:43:10Z,2024-08-09T10:30:01Z,2024-08-09,177,2026-04-10T02:07:44Z,,2140.37,EUR,2311.6,1.08,sin_monto,6083.16,2140.37,EUR,observado,,True,,"['doaj', 'facts', 'openapc', 'publindex']",0.0011037527593818985,False,False,,True,False,True,True,1,,14,False,,0.0763,1.1542,,,-0.4474,0.4118,,,0.1163
0123-3769,,,Perspectiva Geográfica,2018,C,Colombia,Distrito Capital,"Bogotá, D. C.","Bogotá, D.C.",11001,No registra,Otras Humanidades,Humanidades,UNIVERSIDAD PEDAGOGICA Y TECNOLOGICA DE COLOMBIA,IES,INSTITUTO GEOGRAFICO AGUSTIN CODAZZI,,97,0123-3769,perspectiva geografica,CO,1,2026-09-15,1.0.0,consolidado,a51a196a8b22b133,,,,,Universidad Pedagógica y Tecnológica de Colombia,,False,,,0,,,,,,,,,,,,,,https://revistas.uptc.edu.co/index.php/perspectiva/index,https://doaj.org/toc/f6e61c9ab24745aabf74a72cef51179e,2005,,0123-3769,2500-8684,"human geography, physical geography, geographical information, land planning, environmental geography, geographic information technologies","Portuguese, English, Spanish",Colombia,,,CC BY-NC-ND,,https://revistas.uptc.edu.co/index.php/perspectiva/about/submissions,,False,https://revistas.uptc.edu.co/index.php/perspectiva/about,Double anonymous peer review,https://revistas.uptc.edu.co/index.php/perspectiva/about,True,https://revistas.uptc.edu.co/index.php/perspectiva/about,https://revistas.uptc.edu.co/index.php/perspectiva/about/editorialTeam,https://revistas.uptc.edu.co/index.php/perspectiva/about/submissions,12,False,https://revistas.uptc.edu.co/index.php/perspectiva/about,,False,,False,,PKP PN,,https://portal.issn.org/resource/ISSN/2500-8684,,,DOI,True,,,G|G1-922,False,No,No,Geography. Anthropology. Recreation: Geography (General),2017-09-18T16:54:04Z,2024-04-26T08:52:59Z,2024-04-26,413,2026-07-15T03:00:15Z,perspectiva geografica,2838.0,EUR,3065.04,1.08,sin_monto,8065.89,2838.0,EUR,observado,,True,,"['doaj', 'facts', 'openapc', 'publindex']",0.005518763796909493,False,False,,True,False,True,True,1,,12,True,,0.0605,2.0618,,,-0.617,0.547,,,0.093
0123-3475,1909-8758,,Revista Colombiana De Biotecnología,2018,B,Colombia,Distrito Capital,"Bogotá, D. C.","Bogotá, D.C.",11001,Biotecnología Agrícola y de Alimentos,Biotecnología Agrícola,Ciencias Agrícolas,UNIVERSIDAD NACIONAL DE COLOMBIA,IES,INSTITUTO DE BIOTECNOLOGIA,,270,0123-3475,colombiana biotecnologia,CO,2,2026-09-15,1.0.0,consolidado,9c92d6f48af8d40c,163,21101259010,journal,,Universidad Nacional de Colombia,True,True,0.105,Q4,1,2,58,123,889,5,91,0.06,15.33,0.5539999999999999,0,2020-2026,Dermatology (Q4); Surgery (Q4),Medicine,https://revistas.unal.edu.co/index.php/biotecnologia,https://doaj.org/toc/2fc794107d7049c398a098bf707e827b,2002,,0123-3475,1909-8758,"bioprospection, biotechnology, agricultural biotechnology, health biotechnology, bioinformatics","Spanish, English",Colombia,"Universidad Nacional de Colombia, Instituto de Biotecnologia",,CC BY,,https://revistas.unal.edu.co/index.php/biotecnologia/about,True,False,https://revistas.unal.edu.co/index.php/biotecnologia/about,Double anonymous peer review,https://revistas.unal.edu.co/index.php/biotecnologia/about/editorialPolicies#peerReviewProcess,True,https://revistas.unal.edu.co/index.php/biotecnologia/about/editorialPolicies#focusAndScope,https://revistas.unal.edu.co/index.php/biotecnologia/about/editorialTeam,https://revistas.unal.edu.co/index.php/biotecnologia/about/submissions#authorGuidelines,30,False,https://revistas.unal.edu.co/index.php/biotecnologia/about/editorialPolicies#focusAndScope,,False,,False,,PKP PN,,https://portal.issn.org/resource/ISSN/1909-8758,,,DOI,True,,,TP248.13-248.65,False,No,No,Technology: Chemical technology: Biotechnology,2018-04-28T12:20:35Z,2026-05-16T09:36:44Z,2026-05-16,1104,2026-07-16T20:23:59Z,colombiana biotecnologia,837.19,EUR,904.17,1.08,sin_monto,2379.39,837.19,EUR,observado,,False,,"['doaj', 'facts', 'openapc', 'publindex', 'scimago']",0.04525386313465784,False,False,,True,False,True,True,1,2.0,30,False,0.04065040650406504,0.1573,-0.5413,-0.7278,-0.8695,0.9093,0.1593,0.0061,0.0,0.3023
0124-0781,,,Reflexión Política,2018,B,Colombia,Centro Oriente,Santander,Bucaramanga,68001,Ciencias Políticas,Ciencias Políticas,Ciencias Sociales,UNIVERSIDAD AUTONOMA DE BUCARAMANGA,IES,INSTITUTO DE ESTUDIOS POLITICOS,,"1,146",0124-0781,reflexion politica,CO,2,2026-09-15,1.0.0,consolidado,487ba78511fe649b,164,21101145379,journal,,Technological University of Pereira,False,False,0.101,Q4,1,3,23,57,1014,4,52,0.08,44.09,0.23079999999999998,0,2019-2025,History (Q4); Political Science and International Relations (Q4),Arts and Humanities; Social Sciences,https://revistas.unab.edu.co/index.php/reflexion,https://doaj.org/toc/c27643d1e36e4946a0f900b052474616,2017,,0124-0781,2590-8669,"political science, international relations, politics, public policies, democracy, investigation","Portuguese, English, Spanish",Colombia,,,CC BY-NC-SA,,https://revistas.unab.edu.co/index.php/reflexion/about,,False,https://revistas.unab.edu.co/index.php/reflexion/about/submissions,Double anonymous peer review,https://revistas.unab.edu.co/index.php/reflexion/about#revision,True,https://revistas.unab.edu.co/index.php/reflexion/about,https://revistas.unab.edu.co/index.php/reflexion/about/editorialTeam,https://revistas.unab.edu.co/index.php/reflexion/about/submissions,18,False,https://revistas.unab.edu.co/index.php/reflexion/about#patrocinadores,,False,,False,,,,,,,DOI,True,,,J,False,No,No,Political science,2022-10-26T13:57:25Z,2022-10-26T13:57:25Z,2022-10-26,573,2022-11-04T13:24:32Z,reflexion politica,2443.03,EUR,2638.47,1.08,sin_monto,6943.34,2331.51,EUR,observado,,True,,"['doaj', 'facts', 'openapc', 'publindex', 'scimago']",0.02869757174392936,False,False,,True,False,True,True,1,2.0,18,False,0.07017543859649122,0.0692,1.5479,-0.7791,-0.7284,-0.1083,0.4704,0.0012,0.025,0.1628
0120-7555,2346-206X,,Turismo Y Sociedad,2018,C,Colombia,Distrito Capital,"Bogotá, D. C.","Bogotá, D.C.",11001,Negocios y Management,Economía y Negocios,Ciencias Sociales,UNIVERSIDAD EXTERNADO DE COLOMBIA,IES,,,732,0120-7555,turismo sociedad,CO,1,2026-09-15,1.0.0,consolidado,bda25a9bd5e736fb,,,,,Universidad Externado de Colombia,,False,,,0,,,,,,,,,,,,,,http://revistas.uexternado.edu.co/index.php/tursoc,https://doaj.org/toc/90a29c9b6b7a41b39cb4c8597f2e5ab7,2002,,0120-7555,2346-206X,"leisure, tourism","English, Spanish",Colombia,,,CC BY-NC-SA,,https://revistas.uexternado.edu.co/index.php/tursoc/about/submissions#onlineSubmissions,,True,https://revistas.uexternado.edu.co/index.php/tursoc/about/submissions#onlineSubmissions,Anonymous peer review,https://revistas.uexternado.edu.co/index.php/tursoc/about/submissions#onlineSubmissions,False,https://revistas.uexternado.edu.co/index.php/tursoc/about,https://revistas.uexternado.edu.co/index.php/tursoc/about/editorialTeam,https://revistas.uexternado.edu.co/index.php/tursoc/about/submissions#onlineSubmissions,16,False,https://revistas.uexternado.edu.co/index.php/tursoc/about/submissions#onlineSubmissions,,False,,False,https://revistas.uexternado.edu.co/index.php/tursoc/about/submissions#onlineSubmissions,,,http://revistas.uexternado.edu.co/index.php?journal=tursoc&page=about&op=editorialPolicies#archiving,Open Policy Finder,,,True,,,G|G1-922,False,No,No,Geography. Anthropology. Recreation: Geography (General),2012-01-04T15:16:37Z,2019-06-18T08:48:00Z,2019-06-18,683,2026-07-23T11:28:35Z,turismo sociedad,1996.61,EUR,2156.34,1.08,sin_monto,5674.58,1872.1,EUR,observado,,True,,"['doaj', 'facts', 'openapc', 'publindex']",0.009933774834437087,False,False,,True,False,True,True,1,,16,False,,0.0807,0.9671,,,-0.2778,0.3839,,,0.1395
1657-9089,,,Infancias Imágenes,2018,C,Colombia,Distrito Capital,"Bogotá, D. C.","Bogotá, D.C.",11001,"Educación General (Incluye Capacitación, Pedagogía)",Ciencias de la Educación,Ciencias Sociales,UNIVERSIDAD DISTRITAL FRANCISCO JOSE DE CALDAS,IES,,,342,1657-9089,infancias imagenes,CO,1,2026-09-15,1.0.0,consolidado,1adc973970c6dea8,,,,,Universidad Distrital Francisco José de Caldas,,False,,,0,,,,,,,,,,,,,,https://revistas.udistrital.edu.co/index.php/infancias,https://doaj.org/toc/24430992aa31494ca66015f85ddfee27,2006,,1657-9089,2665-511X,"childhood, language, learning, teaching  learning, child rearing, human development",Spanish,Colombia,Universidad Distrital Francisco José de Caldas,,CC BY-NC-SA,,https://revistas.udistrital.edu.co/index.php/infancias/about,,False,,Double anonymous peer review,https://revistas.udistrital.edu.co/index.php/infancias/about,True,https://revistas.udistrital.edu.co/index.php/infancias/about,https://revistas.udistrital.edu.co/index.php/infancias/about/editorialTeam,https://revistas.udistrital.edu.co/index.php/infancias/about/submissions,18,False,https://revistas.udistrital.edu.co/index.php/infancias/about,,False,,False,https://revistas.udistrital.edu.co/index.php/infancias/about,,,,,,,True,,,L,False,No,No,Education,2019-10-11T16:58:29Z,2020-02-05T13:06:18Z,2020-02-05,328,2023-12-12T20:53:24Z,infancias imagenes,246.1,EUR,265.79,1.08,sin_monto,699.45,246.1,EUR,observado,,False,,"['doaj', 'facts', 'openapc', 'publindex']",0.011037527593818985,False,False,,True,False,True,True,1,,18,False,,0.2657,-1.3103,,,-0.1083,0.0448,,,0.1628
0121-117X,,,Ensayos De Economía,2018,C,Colombia,Eje Cafetero,Antioquia,Medellín,05001,Economía,Economía y Negocios,Ciencias Sociales,UNIVERSIDAD NACIONAL DE COLOMBIA,IES,,,"1,162",0121-117X,ensayos economia,CO,1,2026-09-15,1.0.0,consolidado,48a44459828ce5b6,,,,,Universidad Nacional de Colombia,,False,,,0,,,,,,,,,,,,,,https://revistas.unal.edu.co/index.php/ede,https://doaj.org/toc/5cb690a305e54ad6916308fcb1da7153,1990,,0121-117X,2619-6573,"economy, economic history, macroeconomy, microeconomics, econometrics",Spanish,Colombia,Universidad Nacional de Colombia (Sede Medellín).  Facultad de Ciencias Humanas y Económicas. Departamento de Economía,,CC BY-NC-ND,,https://revistas.unal.edu.co/index.php/ede,True,False,,Double anonymous peer review,https://revistas.unal.edu.co/index.php/ede/about/editorialPolicies#focusAndScope,True,https://revistas.unal.edu.co/index.php/ede/about/editorialPolicies#focusAndScope,https://revistas.unal.edu.co/index.php/ede/about/displayMembership/440,https://revistas.unal.edu.co/index.php/ede/about/submissions#authorGuidelines,48,False,https://revistas.unal.edu.co/index.php/ede/about/editorialPolicies#focusAndScope,,False,,False,https://revistas.unal.edu.co/index.php/ede/about/editorialPolicies#focusAndScope,,,,Open Policy Finder,,,True,,,HC10-1085|HB1-3840|HB71-74,False,No,No,Social Sciences: Economic history and conditions | Social Sciences: Economic theory. Demography: Economics as a science,2019-06-06T17:04:56Z,2019-08-30T10:04:25Z,2019-08-30,543,2026-05-12T20:14:55Z,ensayos economia,204.92,EUR,221.31,1.08,sin_monto,582.39,204.92,EUR,observado,,False,,"['doaj', 'facts', 'openapc', 'publindex']",0.04525386313465784,False,False,,True,False,True,True,1,,48,False,,0.2808,-1.3638,,,2.4356,0.0368,,,0.5116
0123-9392,,,Infectio,2018,B,Colombia,Distrito Capital,"Bogotá, D. C.","Bogotá, D.C.",11001,Otras Ciencias Médicas,Otras Ciencias Médicas,Ciencias Médicas y de la Salud,ASOCIACION COLOMBIANA DE INFECTOLOGIA,Otras,,,248,0123-9392,infectio,CO,2,2026-09-15,1.0.0,consolidado,febf542f4ba4b9ef,,,,,Asociación Colombiana de Infectología,,False,,,0,,,,,,,,,,,,,,http://www.revistainfectio.org/index.php/infectio,https://doaj.org/toc/43aed0935f994b5d91bccaff0b414498,1995,,0123-9392,,"infectious diseases, microbiology, pharmacology","English, Spanish",Colombia,Asociación Colombiana de Infectología,,CC BY-NC-ND,,http://www.revistainfectio.org/index.php/infectio/about/editorialPolicies#openAccessPolicy,,False,,Double anonymous peer review,http://www.revistainfectio.org/index.php/infectio/about/editorialPolicies#peerReviewProcess,False,http://www.revistainfectio.org/index.php/infectio/about/editorialPolicies#focusAndScope,http://www.revistainfectio.org/index.php/infectio/about/editorialTeam,http://www.revistainfectio.org/index.php/infectio/about/submissions#authorGuidelines,39,True,http://www.revistainfectio.org/index.php/infectio/about/editorialPolicies#openAccessPolicy,100 USD,True,http://www.revistainfectio.org/index.php/infectio/about/editorialPolicies#openAccessPolicy,False,,,,,,,,True,,,RM1-950|RC109-216,False,No,No,Medicine: Therapeutics. Pharmacology | Medicine: Internal medicine: Infectious and parasitic diseases,2018-04-04T08:27:43Z,2022-09-19T11:32:41Z,2022-09-19,831,2026-06-19T16:45:21Z,infectio,2675.07,EUR,2889.08,1.08,convertida,7602.84,100.0,USD,observado,,True,,"['doaj', 'facts', 'openapc', 'publindex']",0.0011037527593818985,False,False,,True,False,True,True,2,,39,False,,0.0636,1.8498,,,1.6724,0.5154,,,0.407
1900-9607,0123-2576,,Revista Ces Medicina Veterinaria Y Zootecnia,2018,C,Colombia,Eje Cafetero,Antioquia,Medellín,05001,Ciencias Veterinarias,Ciencias Veterinarias,Ciencias Agrícolas,UNIVERSIDAD CES,IES,,,"1,076",1900-9607,ces medicina veterinaria zootecnia,CO,1,2026-09-15,1.0.0,consolidado,b68722fa4f7c8957,141,21101151818,journal,,Universidad de Antioquia,True,False,0.126,Q4,1,4,0,62,0,16,50,0.28,0.0,0.0,0,2020-2023,Education (Q4); Medical Laboratory Technology (Q4); Medicine (miscellaneous) (Q4),Health Professions; Medicine; Social Sciences,https://www.mdpi.com/journal/medicina,https://doaj.org/toc/3bf5928fcb3d44c492838cf16253d5bd,2007,,1010-660X,1648-9144,"experimental medicine, clinical medicine, surgery, oncology, public health",English,Switzerland,Lithuanian University of Health Sciences,Lithuania,CC BY,,https://www.mdpi.com/openaccess,True,True,https://www.mdpi.com/journal/medicina/about,"Anonymous peer review, Open peer review",https://www.mdpi.com/journal/medicina/instructions#editorial_procedure,True,https://www.mdpi.com/journal/medicina/about,https://www.mdpi.com/journal/medicina/editors,https://www.mdpi.com/journal/medicina/instructions,6,True,https://www.mdpi.com/journal/medicina/apc,1800 CHF,False,,False,,"CLOCKSS, PMC",,https://www.mdpi.com/journal/medicina/indexing,Open Policy Finder,https://openpolicyfinder.jisc.ac.uk/id/publication/35307,DOI,True,,,R5-920,False,No,No,Medicine: Medicine (General),2016-10-25T09:25:34Z,2023-08-14T10:00:55Z,2023-08-14,13014,2026-07-27T13:45:11Z,,1448.6,EUR,1564.49,1.08,convertida,4117.08,1800.0,CHF,observado,,False,,"['doaj', 'facts', 'openapc', 'publindex', 'scimago']",0.06181015452538632,False,False,,True,True,True,True,0,1.0,6,True,0.25806451612903225,0.13,0.2542,-0.4581,-0.5873,-1.1258,0.2778,0.0319,0.05,0.0233
2027-2391,,,Revista Kavilando,2018,C,Colombia,Eje Cafetero,Antioquia,Medellín,05001,"Ciencias Sociales, Interdisciplinaria",Otras Ciencias Sociales,Ciencias Sociales,GRUPO DE INVESTIGACION Y EDITORIAL KAVILANDO,Otras,,,809,2027-2391,kavilando,CO,1,2026-09-15,1.0.0,consolidado,e42a92f04fe06928,,,,,Kavilando,,False,,,0,,,,,,,,,,,,,,http://kavilando.org/revista/index.php/kavilando/index,https://doaj.org/toc/d8452248f6ab41e38b01ce7aa1292b35,2009,,2027-2391,2344-7125,"social conflict, territorial disputes, exclusion, suppression",Spanish,Colombia,Kavilando,,CC BY-NC-ND,,http://kavilando.org/revista/index.php/kavilando/about,,True,http://kavilando.org/revista/index.php/kavilando/about,Double anonymous peer review,http://kavilando.org/revista/index.php/kavilando/about/submissions,True,http://kavilando.org/revista/index.php/kavilando/about,http://kavilando.org/revista/index.php/kavilando/about/editorialTeam,http://kavilando.org/revista/index.php/kavilando/about/submissions,5,False,http://www.kavilando.org/revista/index.php/kavilando/about,,False,,False,http://kavilando.org/revista/index.php/kavilando/about/submissions#authorGuidelines,PKP PN,,http://kavilando.org/revista/index.php/kavilando/about,,,http://kavilando.org/revista/index.php/kavilando/oai,True,,,H|H1-99,False,No,No,Social Sciences: Social sciences (General),2016-04-22T08:49:59Z,2020-10-13T08:51:38Z,2020-10-13,423,2026-04-28T14:40:18Z,kavilando,243.59,EUR,263.08,1.08,sin_monto,692.32,243.59,EUR,observado,,False,,"['doaj', 'facts', 'openapc', 'publindex']",0.0011037527593818985,False,False,,True,False,True,True,1,,5,True,,0.2666,-1.3135,,,-1.2106,0.0443,,,0.0116
0122-8900,,,Panorama Económico,2018,B,Colombia,Caribe,Bolívar,Cartagena de Indias,13001,Economía,Economía y Negocios,Ciencias Sociales,UNIVERSIDAD DE CARTAGENA,IES,,,938,0122-8900,panorama economico,CO,2,2026-09-15,1.0.0,consolidado,2a5a301453effa64,,,,,Universidad de Cartagena,,False,,,0,,,,,,,,,,,,,,https://revistas.unicartagena.edu.co/index.php/panoramaeconomico,https://doaj.org/toc/a0b6286f8f2b4d98b202e39d5ddcb21e,2012,,0122-8900,2463-0470,"administration, economy, business",Spanish,Colombia,Universidad de Cartagena,,CC BY-NC,,https://revistas.unicartagena.edu.co/index.php/panoramaeconomico/index,,False,,Double anonymous peer review,https://revistas.unicartagena.edu.co/index.php/panoramaeconomico/pages/view/politicas-editoriales,True,https://revistas.unicartagena.edu.co/index.php/panoramaeconomico/pages/view/politicas-editoriales,https://revistas.unicartagena.edu.co/index.php/panoramaeconomico/pages/view/equipo-editorial,https://revistas.unicartagena.edu.co/index.php/panoramaeconomico/pages/view/reglamento,20,False,https://revistas.unicartagena.edu.co/index.php/panoramaeconomico/pages/view/politicas-editoriales,,False,,False,https://revistas.unicartagena.edu.co/index.php/panoramaeconomico/pages/view/politicas-editoriales,,,,,,,True,,,HD28-70|HB1-3840,False,No,No,Social Sciences: Industries. Land use. Labor: Management. Industrial management | Social Sciences: Economic theory. Demography,2019-05-13T19:52:47Z,2019-08-30T10:04:25Z,2019-08-30,605,2026-08-07T01:53:06Z,panorama economico,1828.49,EUR,1974.77,1.08,sin_monto,5196.76,2441.28,EUR,observado,,True,,"['doaj', 'facts', 'openapc', 'publindex']",0.0033112582781456954,False,False,,True,False,True,True,2,,20,False,,0.0865,0.7484,,,0.0613,0.3514,,,0.186
0122-2066,2145-8499,,Anuario De Historia Regional Y De Las Fronteras,2018,C,Colombia,Centro Oriente,Santander,Bucaramanga,68001,Historia,Historia y Arqueología,Humanidades,UNIVERSIDAD INDUSTRIAL DE SANTANDER,IES,,,955,0122-2066,anuario historia regional fronteras,CO,1,2026-09-15,1.0.0,consolidado,dd573dfb3e346261,,,,,"Instituto Superior del Profesorado N° 3 ""Eduardo Lafferriére"", Villa Constitución",,False,,,0,,,,,,,,,,,,,,http://historiaregional.org/ojs/index.php/historiaregional/index,https://doaj.org/toc/597aca2527e34effb2eafb150ec7a595,2009,,0329-8213,2469-0732,"history, history didactics",Spanish,Argentina,"Instituto Superior del Profesorado N° 3 ""Eduardo Lafferriére"", Villa Constitución",,CC BY,,http://historiaregional.org/ojs/index.php/historiaregional/about/submissions#copyrightNotice,,True,http://historiaregional.org/ojs/index.php/historiaregional/about/submissions#copyrightNotice,Double anonymous peer review,https://historiaregional.org/ojs/index.php/historiaregional/about/submissions#copyrightNotice,False,https://historiaregional.org/ojs/index.php/historiaregional/about,http://historiaregional.org/ojs/index.php/historiaregional/about/editorialTeam,http://historiaregional.org/ojs/index.php/historiaregional/about/submissions#authorGuidelines,15,False,https://historiaregional.org/ojs/index.php/historiaregional/about,,False,,False,,,,,,,,True,,,D1-2009|F1201-3799,False,No,No,History (General) and history of Europe: History (General) | History America: Latin America. Spanish America,2017-03-22T16:32:34Z,2022-10-19T03:10:45Z,2022-10-19,680,2026-05-13T21:14:50Z,,1878.22,EUR,2028.48,1.08,sin_monto,5338.11,1912.73,EUR,observado,,True,,"['doaj', 'facts', 'openapc', 'publindex']",0.002207505518763797,False,False,,True,False,True,True,1,,15,False,,0.0847,0.8131,,,-0.3626,0.361,,,0.1279
0120-3576,,,Coyuntura Económica,2016,B,Colombia,Distrito Capital,"Bogotá, D. C.","Bogotá, D.C.",11001,Economía,Economía y Negocios,Ciencias Sociales,FUNDACION PARA LA EDUCACION SUPERIOR Y EL DESARROLLO FEDESARROLLO,Empresas,,,344,0120-3576,coyuntura economica,CO,2,2026-09-15,1.0.0,consolidado,b98815c81bde0278,,,,,STKIP PGRI Sumatera Barat,,False,,,0,,,,,,,,,,,,,,http://ase.md/publicatii/revista-economica.html,https://doaj.org/toc/ecf599d6df444885a39f74b1f90afb08,2012,,2302-5190,,"management, economics, education, accounting",Indonesian,Indonesia,Prodi Pendidikan Ekonomi STKIP PGRI Sumatera Barat,,CC BY,,http://ejournal.stkip-pgri-sumbar.ac.id/index.php/economica/about/submissions#copyrightNotice,,False,http://ejournal.stkip-pgri-sumbar.ac.id/index.php/economica/about/submissions#copyrightNotice,Peer review,http://ejournal.stkip-pgri-sumbar.ac.id/index.php/economica/about/editorialPolicies#peerReviewProcess,False,http://ejournal.stkip-pgri-sumbar.ac.id/index.php/economica/about/editorialPolicies#focusAndScope,http://ejournal.stkip-pgri-sumbar.ac.id/index.php/economica/about/editorialTeam,http://ejournal.stkip-pgri-sumbar.ac.id/index.php/economica/about/submissions#authorGuidelines,8,True,http://ejournal.stkip-pgri-sumbar.ac.id/index.php/economica/about/editorialPolicies#custom-0,150000 IDR,False,,False,http://ejournal.stkip-pgri-sumbar.ac.id/index.php/economica/about/editorialPolicies#custom-0,,,ttp://ejournal.stkip-pgri-sumbar.ac.id/index.php/economica,,,,True,,,H|HB71-74,False,No,No,Social Sciences: Economic theory. Demography: Economics as a science,2015-11-10T13:17:26Z,2018-10-17T07:21:28Z,2018-10-17,239,2024-11-22T08:29:25Z,,1828.49,EUR,1974.77,1.08,convertida,5196.76,150000.0,IDR,observado,,True,,"['doaj', 'facts', 'openapc', 'publindex']",0.00772626931567329,False,False,,True,False,True,True,2,,8,True,,0.0865,0.7484,,,-0.9562,0.3514,,,0.0465
2027-7822,1657-0448,,Acta Odontologica Colombiana,2016,C,Colombia,Distrito Capital,"Bogotá, D. C.","Bogotá, D.C.",11001,No registra,Medicina Clínica,Ciencias Médicas y de la Salud,UNIVERSIDAD NACIONAL DE COLOMBIA,IES,,,"1,203",2027-7822,odontologica colombiana,CO,1,2026-09-15,1.0.0,consolidado,d6687145dd5ba791,163,21101259010,journal,,Universidad Nacional de Colombia,True,True,0.105,Q4,1,2,58,123,889,5,91,0.06,15.33,0.5539999999999999,0,2020-2026,Dermatology (Q4); Surgery (Q4),Medicine,http://www.revistas.unal.edu.co/index.php/actaodontocol,https://doaj.org/toc/fc60e9eb1fb94dccbdc35e2fdcea2c71,2011,,,2027-7822,"oral health, public health, collective health, dentistry, epidemiology",Spanish,Colombia,"Universidad Nacional De Colombia, Facultad de Odontología",,CC BY-NC-ND,,http://www.revistas.unal.edu.co/index.php/actaodontocol/about/submissions#copyrightNotice,,True,http://www.revistas.unal.edu.co/index.php/actaodontocol/about/submissions#copyrightNotice,Double anonymous peer review,http://www.revistas.unal.edu.co/index.php/actaodontocol/about/editorialPolicies#peerReviewProcess,False,http://www.revistas.unal.edu.co/index.php/actaodontocol/about/editorialPolicies#focusAndScope,http://www.revistas.unal.edu.co/index.php/actaodontocol/about/editorialTeam,http://www.revistas.unal.edu.co/index.php/actaodontocol/about/submissions#authorGuidelines,8,False,http://revistas.unal.edu.co/index.php/actaodontocol/index,,False,,False,,,,,,,,True,,,R|RK1-715,False,No,No,Medicine: Dentistry,2012-12-22T10:01:49Z,2021-07-28T18:58:15Z,2021-07-28,246,2021-07-28T21:33:49Z,odontologica colombiana,575.0,EUR,621.0,1.08,sin_monto,1634.21,575.0,EUR,observado,,False,,"['doaj', 'facts', 'openapc', 'publindex', 'scimago']",0.04525386313465784,False,False,,True,False,True,True,0,1.0,8,True,0.04065040650406504,0.195,-0.8824,-0.7278,-0.8695,-0.9562,0.1085,0.0061,0.0,0.0465
2145-9932,,,Revista Ces Salud Publica,2016,C,Colombia,Eje Cafetero,Antioquia,Medellín,05001,Salud Pública,Ciencias de la Salud,Ciencias Médicas y de la Salud,UNIVERSIDAD CES,IES,,,748,2145-9932,ces salud publica,CO,1,2026-09-15,1.0.0,consolidado,f1ba899f645bdf1f,54,21101105022,journal,,Fundacion Universitaria Maria Cano,True,True,0.195,Q3,2,6,46,89,1864,64,83,0.85,40.52,0.49439999999999995,0,2019-2026,"Health Professions (miscellaneous) (Q3); Occupational Therapy (Q3); Physical Therapy, Sports Therapy and Rehabilitation (Q4); Public Health, Environmental and Occupational Health (Q4); Speech and Hearing (Q4)",Health Professions; Medicine,https://revistas.unc.edu.ar/index.php/RSD/index,https://doaj.org/toc/ac11a381af184fbd93e1d86e41ce6de4,2005,,1853-1180,1852-9429,"public health, epidemiology, community health care","Portuguese, Spanish, English",Argentina,Escuela de Salud Pública (Facultad de Ciencias Médicas),,CC BY-NC,,https://revistas.unc.edu.ar/index.php/RSD/politicasdeaccesoabierto,,False,https://revistas.unc.edu.ar/index.php/RSD/Politicadecesiondederecho,Peer review,https://revistas.unc.edu.ar/index.php/RSD/procesosdeevaluacionporpares,True,https://revistas.unc.edu.ar/index.php/RSD/enfoqueyalcance,https://revistas.unc.edu.ar/index.php/RSD/about/editorialTeam,https://revistas.unc.edu.ar/index.php/RSD/about/submissions,6,False,https://revistas.unc.edu.ar/index.php/RSD/politicasdeaccesoabierto,,False,,False,,,,,,,,True,,,R5-920|RA1-1270,False,No,No,Medicine: Medicine (General) | Medicine: Public aspects of medicine,2008-08-04T13:13:01Z,2025-08-08T11:16:27Z,2025-08-08,774,2025-12-29T17:26:26Z,,2390.0,EUR,2581.2,1.08,sin_monto,6792.63,2390.0,EUR,observado,,True,,"['doaj', 'facts', 'openapc', 'publindex', 'scimago']",0.03642384105960265,False,False,,True,False,True,True,-1,0.5,6,True,0.7191011235955056,0.1361,1.4789,0.428,-0.3052,-1.1258,0.4602,0.1167,0.1,0.0233
1657-8651,2346-2159,,"Revista Opera - Observatorio De Políticas, Ejecución Y Resultados De La Administración Pública",2016,B,Colombia,Distrito Capital,"Bogotá, D. C.","Bogotá, D.C.",11001,Ciencias Políticas,Ciencias Políticas,Ciencias Sociales,UNIVERSIDAD EXTERNADO DE COLOMBIA,IES,,,404,1657-8651,opera observatorio politicas ejecucion resultados administracion publica,CO,2,2026-09-15,1.0.0,consolidado,568223c9ba44e217,,,,,Universidad Externado de Colombia,,False,,,0,,,,,,,,,,,,,,http://revistas.uexternado.edu.co/index.php/opera,https://doaj.org/toc/573ff6485c274ddb8fd09d2db3ce5097,2001,,1657-8651,2346-2159,"public policy, elections, nation and territory",Spanish,Colombia,,,CC BY-NC-SA,,https://revistas.uexternado.edu.co/index.php/opera/about#openAccessPolicy,,True,https://revistas.uexternado.edu.co/index.php/opera/about#openAccessPolicy,Double anonymous peer review,https://revistas.uexternado.edu.co/index.php/opera/about#peerReviewProcess,True,https://revistas.uexternado.edu.co/index.php/opera/about,https://revistas.uexternado.edu.co/index.php/opera/about/editorialTeam,https://revistas.uexternado.edu.co/index.php/opera/about/submissions,16,False,https://revistas.uexternado.edu.co/index.php/opera/about/submissions,,False,,False,,PKP PN,,https://portal.issn.org/resource/ISSN/2346-2159,Open Policy Finder,https://openpolicyfinder.jisc.ac.uk/publication/24977,DOI,True,,,J|JF20-2112,False,No,No,Political science: Political institutions and public administration (General),2015-08-24T12:18:42Z,2026-06-19T12:42:05Z,2026-06-19,674,2026-07-02T14:45:40Z,opera,2390.0,EUR,2581.2,1.08,sin_monto,6792.63,2390.0,EUR,observado,,True,,"['doaj', 'facts', 'openapc', 'publindex']",0.009933774834437087,False,False,,True,False,True,True,2,,16,False,,0.0698,1.4789,,,-0.2778,0.4602,,,0.1395
1657-4214,,,Perfil De Coyuntura Economica,2016,A2,No disponible,No disponible,No disponible,No disponible,,Economía,Economía y Negocios,Ciencias Sociales,UNIVERSIDAD DE ANTIOQUIA,IES,,,"1,161",1657-4214,perfil coyuntura economica,CO,3,2026-09-15,1.0.0,consolidado,91ffc2e249983f4d,,,,,STKIP PGRI Sumatera Barat,,False,,,0,,,,,,,,,,,,,,http://ase.md/publicatii/revista-economica.html,https://doaj.org/toc/ecf599d6df444885a39f74b1f90afb08,2012,,2302-5190,,"management, economics, education, accounting",Indonesian,Indonesia,Prodi Pendidikan Ekonomi STKIP PGRI Sumatera Barat,,CC BY,,http://ejournal.stkip-pgri-sumbar.ac.id/index.php/economica/about/submissions#copyrightNotice,,False,http://ejournal.stkip-pgri-sumbar.ac.id/index.php/economica/about/submissions#copyrightNotice,Peer review,http://ejournal.stkip-pgri-sumbar.ac.id/index.php/economica/about/editorialPolicies#peerReviewProcess,False,http://ejournal.stkip-pgri-sumbar.ac.id/index.php/economica/about/editorialPolicies#focusAndScope,http://ejournal.stkip-pgri-sumbar.ac.id/index.php/economica/about/editorialTeam,http://ejournal.stkip-pgri-sumbar.ac.id/index.php/economica/about/submissions#authorGuidelines,8,True,http://ejournal.stkip-pgri-sumbar.ac.id/index.php/economica/about/editorialPolicies#custom-0,150000 IDR,False,,False,http://ejournal.stkip-pgri-sumbar.ac.id/index.php/economica/about/editorialPolicies#custom-0,,,ttp://ejournal.stkip-pgri-sumbar.ac.id/index.php/economica,,,,True,,,H|HB71-74,False,No,No,Social Sciences: Economic theory. Demography: Economics as a science,2015-11-10T13:17:26Z,2018-10-17T07:21:28Z,2018-10-17,239,2024-11-22T08:29:25Z,,1828.49,EUR,1974.77,1.08,convertida,5196.76,150000.0,IDR,observado,,True,,"['doaj', 'facts', 'openapc', 'publindex']",0.00772626931567329,False,False,,True,False,True,True,3,,8,True,,0.0865,0.7484,,,-0.9562,0.3514,,,0.0465
0121-0041,,,Revista Colombiana De Medicina Física Y Rehabilitación,2016,C,Colombia,Distrito Capital,"Bogotá, D. C.","Bogotá, D.C.",11001,No registra,Ciencias de la Salud,Ciencias Médicas y de la Salud,ASOCIACION COLOMBIANA DE MEDICINA FISICA Y REHABILITACION,Otras,,,996,0121-0041,colombiana medicina fisica rehabilitacion,CO,1,2026-09-15,1.0.0,consolidado,70a90b06030cf623,140,21101284801,journal,,Colombian Association of Neurology,True,True,0.126,Q4,1,3,48,114,1495,39,90,0.26,31.15,0.4694,0,2022-2026,Neurology (clinical) (Q4),Medicine,https://revistacmfr.org,https://doaj.org/toc/3f15a4b320c843e88236f8dd28d7e97e,2011,,0121-0041,2256-5655,"physical therapy, rehabilitation, musculoskeletal rehabilitation, orthoses, electrodiagnostic medicine, chronic pain","Spanish, English",Colombia,,,CC BY-NC-ND,,https://revistacmfr.org/index.php/rcmfr/about#pol%C3%ADtica_acceso,True,False,https://revistacmfr.org/index.php/rcmfr/about#aspectos_%C3%A9ticos,Double anonymous peer review,https://revistacmfr.org/index.php/rcmfr/about#enfoque_alcance,True,https://revistacmfr.org/index.php/rcmfr/about#enfoque_alcance,https://revistacmfr.org/index.php/rcmfr/about/editorialTeam,https://revistacmfr.org/index.php/rcmfr/about/submissions,90,False,https://revistacmfr.org/index.php/rcmfr/about,,False,,False,,,,,,,DOI,True,,,RC925-935|R,False,No,No,Medicine: Internal medicine: Specialties of internal medicine: Diseases of the musculoskeletal system,2022-08-02T08:53:14Z,2022-08-02T08:53:14Z,2022-08-02,337,2026-08-06T17:00:24Z,colombiana medicina fisica rehabilitacion,1448.6,EUR,1564.49,1.08,sin_monto,4117.08,1448.6,EUR,observado,,False,,"['doaj', 'facts', 'openapc', 'publindex', 'scimago']",0.01434878587196468,False,False,,True,False,True,True,0,1.0,90,False,0.34210526315789475,0.13,0.2542,-0.4581,-0.7284,5.997,0.2778,0.0319,0.025,1.0
1692-8415,,,Revista Ciencia  Y Tecnología Para La Salud Visual Y Ocular,2016,C,Colombia,Distrito Capital,"Bogotá, D. C.","Bogotá, D.C.",11001,No registra,Ciencias de la Salud,Ciencias Médicas y de la Salud,UNIVERSIDAD DE LA SALLE,IES,,,533,1692-8415,ciencia tecnologia para salud visual ocular,CO,1,2026-09-15,1.0.0,consolidado,3c9800c155e525e2,,,,,Universidad de la Salle,,False,,,0,,,,,,,,,,,,,,http://saludvisual.lasalle.edu.co,https://doaj.org/toc/dc1b1169f7da430badada00a55a99783,2003,,1692-8415,,"vision sciences, amblyopia, ortoptics, contact lenses, ocular pharmacology, optometry",Spanish,Colombia,Universidad de la Salle,,CC BY-NC,,https://ciencia.lasalle.edu.co/svo/policies.html,,False,,Double anonymous peer review,https://ciencia.lasalle.edu.co/svo/policies.html,False,https://ciencia.lasalle.edu.co/svo/policies.html,https://ciencia.lasalle.edu.co/svo/editorialboard.html,https://ciencia.lasalle.edu.co/svo/policies.html,16,False,https://ciencia.lasalle.edu.co/svo/policies.html,,False,,False,https://ciencia.lasalle.edu.co/svo/policies.html,,,http://saludvisual.lasalle.edu.co/,,,DOI,True,,,RE1-994,False,No,No,Medicine: Ophthalmology,2016-06-01T08:00:49Z,2019-02-27T23:12:31Z,2019-02-27,0,,ciencia tecnologia para salud visual ocular,3170.0,EUR,3423.6,1.08,sin_monto,9009.47,2226.0,EUR,observado,,True,,"['doaj', 'facts', 'openapc', 'publindex']",0.0011037527593818985,False,False,,True,False,True,True,1,,16,False,,0.055,2.4937,,,-0.2778,0.6113,,,0.1395
,0123-8884,,Affectio Societatis,2016,C,Colombia,Eje Cafetero,Antioquia,Medellín,05001,No registra,Psicología,Ciencias Sociales,UNIVERSIDAD DE ANTIOQUIA,IES,,,439,0123-8884,affectio societatis,CO,1,2026-09-15,1.0.0,consolidado,36497a4429ea9543,,,,,Universidad de Antioquia,,False,,,0,,,,,,,,,,,,,,https://revistas.udea.edu.co/index.php/affectiosocietatis,https://doaj.org/toc/5fdfd07958b34cc4ad7466133db0f1ae,2015,,0123-8884,,"psychoanalysis, freud, clinical investigation","Portuguese, Spanish",Colombia,,,CC BY-NC-SA,,https://revistas.udea.edu.co/index.php/affectiosocietatis/about,,False,https://revistas.udea.edu.co/index.php/affectiosocietatis/about/submissions,Double anonymous peer review,https://revistas.udea.edu.co/index.php/affectiosocietatis/about,False,https://revistas.udea.edu.co/index.php/affectiosocietatis/about,https://revistas.udea.edu.co/index.php/affectiosocietatis/about/editorialTeam,https://revistas.udea.edu.co/index.php/affectiosocietatis/about/submissions,24,False,https://revistas.udea.edu.co/index.php/affectiosocietatis/about/submissions,,False,,False,,PKP PN,,http://aprendeenlinea.udea.edu.co/revistas/index.php/affectiosocietatis/about/editorialPolicies#archiving,,,,True,,,B|BF1-990,False,No,No,Philosophy. Psychology. Religion: Psychology,2010-09-27T09:57:36Z,2022-09-20T07:56:41Z,2022-09-20,354,2023-06-21T16:25:11Z,affectio societatis,2838.0,EUR,3065.04,1.08,sin_monto,8065.89,2838.0,EUR,observado,,True,,"['doaj', 'facts', 'openapc', 'publindex']",0.06181015452538632,False,False,,True,False,True,True,1,,24,False,,0.0605,2.0618,,,0.4005,0.547,,,0.2326
1794-6638,,,Ratio Juris,2016,C,Colombia,Eje Cafetero,Antioquia,Medellín,05001,Derecho,Derecho,Ciencias Sociales,UNIVERSIDAD AUTONOMA LATINOAMERICANA UNAULA,IES,,,"1,102",1794-6638,ratio juris,CO,1,2026-09-15,1.0.0,consolidado,6b7839d81a3f233c,,,,,Universidad Autonoma Latinoamericana,,False,,,0,,,,,,,,,,,,,,https://publicaciones.unaula.edu.co/index.php/ratiojuris,https://doaj.org/toc/a2204696d49745a8a22ef25ccb97fa9c,2004,,1794-6638,2619-4066,"law, history of law, legal anthropology, philosophy of law, legal psicology",Spanish,Colombia,Universidad Autónoma Latinoamericana,,CC BY-NC-ND,,https://publicaciones.unaula.edu.co/index.php/ratiojuris/about,,True,http://publicaciones.unaula.edu.co/index.php/ratiojuris/about/submissions#copyrightNotice,Double anonymous peer review,https://publicaciones.unaula.edu.co/index.php/ratiojuris/pautas_eticas,False,https://publicaciones.unaula.edu.co/index.php/ratiojuris/about,https://publicaciones.unaula.edu.co/index.php/ratiojuris/about/editorialTeam,http://publicaciones.unaula.edu.co/index.php/ratiojuris/about/submissions#onlineSubmissions,12,False,https://publicaciones.unaula.edu.co/index.php/ratiojuris/about,,False,,False,,,,,,,,True,,,K1-7720|K201-487,False,No,No,Law: Law in general. Comparative and uniform law. Jurisprudence: Jurisprudence. Philosophy and theory of law,2018-03-15T12:08:55Z,2023-05-02T06:00:00Z,2023-05-02,654,2026-07-16T17:03:10Z,ratio juris,1410.32,EUR,1523.15,1.08,sin_monto,4008.29,1410.32,EUR,observado,,True,,"['doaj', 'facts', 'openapc', 'publindex']",0.0011037527593818985,False,False,,True,False,True,True,1,,12,True,,0.1053,0.2044,,,-0.617,0.2704,,,0.093
1794-6298,0120-1867,,Vox Populi- Revista De La Escuela De Finanzas Y Estudios Internacionales De La Fundación Universitaria San Martín (Sede Bogotá),2016,C,No disponible,No disponible,No disponible,No disponible,,Economía,Economía y Negocios,Ciencias Sociales,FUNDACION UNIVERSITARIA SAN MARTIN,IES,,,205,1794-6298,vox populi escuela finanzas estudios internacionales fundacion universitaria san martin sede bogota,CO,1,2026-09-15,1.0.0,consolidado,00c0056fdb5b51a3,88,21101121920,journal,,Universidad de Antioquia,True,True,0.158,Q3,2,4,13,52,576,12,50,0.26,44.31,0.3125,0,2019-2025,Law (Q3); Political Science and International Relations (Q4),Social Sciences,http://www.revistaei.uchile.cl,https://doaj.org/toc/e5782a04a3c643ad81ba27717ef25b03,1967,,0716-0240,0719-3769,"international relations, international law, international economics, international trade","English, Spanish",Chile,"Universidad de Chile, Instituto de Estudios Internacionales",,CC BY-SA,,http://www.revistaei.uchile.cl/index.php/REI/about/submissions#copyrightNotice,,True,http://www.revistaei.uchile.cl/index.php/REI/about/submissions#authorGuidelines,Anonymous peer review,http://www.revistaei.uchile.cl/index.php/REI/about/editorialPolicies#peerReviewProcess,False,http://www.revistaei.uchile.cl/index.php/REI/about/editorialPolicies#focusAndScope,http://www.revistaei.uchile.cl/index.php/REI/about/displayMembership/101,http://www.revistaei.uchile.cl/index.php/REI/about/submissions#authorGuidelines,16,False,http://www.revistaei.uchile.cl/index.php/REI/about/submissions#authorGuidelines,,False,,False,http://www.revistaei.uchile.cl/index.php/REI/about/submissions#authorGuidelines,,,http://www.revistaei.uchile.cl/index.php/REI/about/editorialPolicies#archiving,,,DOI,True,,,J|JZ2-6530,False,No,No,Political science: International relations,2016-01-21T16:53:43Z,2019-09-12T14:27:45Z,2019-09-12,6,2019-09-12T14:30:13Z,,3028.04,EUR,3270.28,1.08,sin_monto,8606.0,1513.99,EUR,observado,,True,,"['doaj', 'facts', 'openapc', 'publindex', 'scimago']",0.06181015452538632,False,False,,True,False,True,True,-1,0.5,16,False,0.23076923076923078,0.0904,2.309,-0.0472,-0.5873,-0.2778,0.5838,0.0713,0.05,0.1395
1692-1399,,,Revista De Tecnología,2016,C,Colombia,Distrito Capital,"Bogotá, D. C.","Bogotá, D.C.",11001,Ingeniería de Producción,Otras Ingenierías y Tecnologías,Ingeniería y Tecnología,UNIVERSIDAD EL BOSQUE,IES,,,603,1692-1399,tecnologia,CO,1,2026-09-15,1.0.0,consolidado,58176155044ed34a,,,,,"4S go, s.r.o.",,False,,,0,,,,,,,,,,,,,,http://actatecnologia.eu,https://doaj.org/toc/52d17453503849c586d6c751cece28ef,2015,International Scientific Journal about Technologies,,2453-675X,"technology, technics, industry, education",English,Slovakia,"4S go, s.r.o.",Slovakia,CC BY-NC,,http://actatecnologia.eu/index.php?stranka=openaccesspolicy,,False,https://actatecnologia.eu/index.php?stranka=copyrightnotice,Anonymous peer review,https://actatecnologia.eu/index.php?stranka=reviewprocess,False,http://actatecnologia.eu/index.php?stranka=home,http://actatecnologia.eu/index.php?stranka=editorialboard,http://actatecnologia.eu/index.php?stranka=forauthors,4,True,https://actatecnologia.eu/index.php?stranka=publishingfeewaiverpolicy,315 EUR,True,https://actatecnologia.eu/index.php?stranka=publishingfeewaiverpolicy,False,,Digital archiving and preservation policy,,https://actatecnologia.eu/index.php?stranka=archivingpreservationpolicy,,,DOI,True,,,T,False,No,No,Technology,2016-05-06T10:12:12Z,2022-02-13T18:20:38Z,2022-02-13,62,2020-02-09T20:38:37Z,,315.0,EUR,340.2,1.08,convertida,895.26,315.0,EUR,declarado,,,,"['doaj', 'publindex']",0.004415011037527594,False,False,,True,False,True,True,1,,4,True,,0.2437,-1.2206,,,-1.2954,0.0581,,,0.0
2011-3501,,,Dialectica Libertadora,2016,C,Colombia,Distrito Capital,"Bogotá, D. C.","Bogotá, D.C.",11001,Otras Ciencias Sociales,Otras Ciencias Sociales,Ciencias Sociales,FUNDACION UNIVERSITARIA LOS LIBERTADORES,IES,,,41,2011-3501,dialectica libertadora,CO,1,2026-09-15,1.0.0,consolidado,99224afa0d907cd4,,,,,Permanyer,,False,,,0,,,,,,,,,,,,,,https://www.dor.pt/index.php,https://doaj.org/toc/be7f239676024bd19394a65cb6e8f560,2021,Dor,1647-3299,,"pain, anesthesiology, cannabinoids, pain management, rheumatology","English, Portuguese",Spain,Associação Portuguesa para o Estudo da Dor,Portugal,CC BY-NC-ND,,https://www.dor.pt/seccion.php?id=67&scc=licenciamento-e-acesso-aberto,True,False,https://www.dor.pt/seccion.php?id=67&scc=licenciamento-e-acesso-aberto,"Editorial review, Peer review",https://www.dor.pt/seccion.php?id=68&scc=editorial-&-revis%C3%83%C2%A3o-de-pares,False,https://www.dor.pt/seccion.php?id=75&scc=sobre-a-revista-dor,https://www.dor.pt/comite-editorial.php,https://www.dor.pt/seccion.php?id=73&scc=regras-de-publica%C3%83%C2%A7%C3%83%C2%A3o,12,False,https://www.dor.pt/seccion.php?id=67&scc=licenciamento-e-acesso-aberto,,False,,False,,,,,,,DOI,True,,,R,False,No,No,Medicine,2022-04-04T11:48:26Z,2022-04-07T09:54:23Z,2022-04-07,52,2026-01-29T22:53:42Z,,2838.0,EUR,3065.04,1.08,sin_monto,8065.89,2066.41,EUR,observado,,True,,"['doaj', 'facts', 'openapc', 'publindex']",0.0033112582781456954,False,False,,True,False,True,True,1,,12,True,,0.0605,2.0618,,,-0.617,0.547,,,0.093
1657-9553,,,Revista Facultad De Ciencias Contables Económicas Y Administrativas Faccea,2016,C,Colombia,Centro Sur,Caquetá,Florencia,18001,No registra,Economía y Negocios,Ciencias Sociales,UNIVERSIDAD DE LA AMAZONIA,IES,,,,1657-9553,facultad ciencias contables economicas administrativas faccea,CO,1,2026-09-15,1.0.0,consolidado,0823a27507df8a58,54,21101105022,journal,,Fundacion Universitaria Maria Cano,True,False,0.195,Q3,2,6,46,89,1864,64,83,0.85,40.52,0.49439999999999995,0,2019-2026,"Health Professions (miscellaneous) (Q3); Occupational Therapy (Q3); Physical Therapy, Sports Therapy and Rehabilitation (Q4); Public Health, Environmental and Occupational Health (Q4); Speech and Hearing (Q4)",Health Professions; Medicine,http://ase.md/publicatii/revista-economica.html,https://doaj.org/toc/ecf599d6df444885a39f74b1f90afb08,2012,,2302-5190,,"management, economics, education, accounting",Indonesian,Indonesia,Prodi Pendidikan Ekonomi STKIP PGRI Sumatera Barat,,CC BY,,http://ejournal.stkip-pgri-sumbar.ac.id/index.php/economica/about/submissions#copyrightNotice,,False,http://ejournal.stkip-pgri-sumbar.ac.id/index.php/economica/about/submissions#copyrightNotice,Peer review,http://ejournal.stkip-pgri-sumbar.ac.id/index.php/economica/about/editorialPolicies#peerReviewProcess,False,http://ejournal.stkip-pgri-sumbar.ac.id/index.php/economica/about/editorialPolicies#focusAndScope,http://ejournal.stkip-pgri-sumbar.ac.id/index.php/economica/about/editorialTeam,http://ejournal.stkip-pgri-sumbar.ac.id/index.php/economica/about/submissions#authorGuidelines,8,True,http://ejournal.stkip-pgri-sumbar.ac.id/index.php/economica/about/editorialPolicies#custom-0,150000 IDR,False,,False,http://ejournal.stkip-pgri-sumbar.ac.id/index.php/economica/about/editorialPolicies#custom-0,,,ttp://ejournal.stkip-pgri-sumbar.ac.id/index.php/economica,,,,True,,,H|HB71-74,False,No,No,Social Sciences: Economic theory. Demography: Economics as a science,2015-11-10T13:17:26Z,2018-10-17T07:21:28Z,2018-10-17,239,2024-11-22T08:29:25Z,,1828.49,EUR,1974.77,1.08,convertida,5196.76,150000.0,IDR,observado,,True,,"['doaj', 'facts', 'openapc', 'publindex', 'scimago']",0.03642384105960265,False,False,,True,False,True,True,-1,0.5,8,True,0.7191011235955056,0.1687,0.7484,0.428,-0.3052,-0.9562,0.3514,0.1167,0.1,0.0465
1794-8347,,,Revista Ciencias Estratégicas,2016,B,Colombia,Eje Cafetero,Antioquia,Medellín,05001,Negocios y Management,Economía y Negocios,Ciencias Sociales,UNIVERSIDAD PONTIFICIA BOLIVARIANA,IES,,,737,1794-8347,ciencias estrategicas,CO,2,2026-09-15,1.0.0,consolidado,98e6bfd22a7084ed,54,21101105022,journal,,Fundacion Universitaria Maria Cano,True,True,0.195,Q3,2,6,46,89,1864,64,83,0.85,40.52,0.49439999999999995,0,2019-2026,"Health Professions (miscellaneous) (Q3); Occupational Therapy (Q3); Physical Therapy, Sports Therapy and Rehabilitation (Q4); Public Health, Environmental and Occupational Health (Q4); Speech and Hearing (Q4)",Health Professions; Medicine,http://www.uel.br/revistas/uel/index.php/semexatas/index,https://doaj.org/toc/2981ec485a784d57b4940797c30c7bad,1978,,1676-5451,1679-0375,"exact sciences, engineering, technology","English, Portuguese",Brazil,,,CC BY-NC,,http://www.uel.br/revistas/uel/index.php/semexatas/about/submissions#copyrightNotice,,False,http://www.uel.br/revistas/uel/index.php/semexatas/about/submissions#copyrightNotice,Anonymous peer review,http://www.uel.br/revistas/uel/index.php/semexatas/about/editorialPolicies#peerReviewProcess,True,http://www.uel.br/revistas/uel/index.php/semexatas/about/editorialPolicies#focusAndScope,http://www.uel.br/revistas/uel/index.php/semexatas/about/editorialTeam,http://www.uel.br/revistas/uel/index.php/semexatas/about/submissions#authorGuidelines,12,False,http://www.uel.br/revistas/uel/index.php/semexatas/,,False,,False,,Cariniana Network,,http://www.uel.br/revistas/uel/index.php/semexatas/about/editorialPolicies#archiving,Diadorim,,DOI,True,,,T1-995|Q1-390,False,No,No,Technology: Technology (General) | Science: Science (General),2010-09-24T10:24:16Z,2021-06-05T10:48:07Z,2021-06-05,1053,2026-07-18T00:37:32Z,,3385.0,EUR,3655.8,1.08,sin_monto,9620.53,3385.0,EUR,observado,,True,,"['doaj', 'facts', 'openapc', 'publindex', 'scimago']",0.03642384105960265,False,False,,True,False,True,True,0,1.0,12,True,0.7191011235955056,0.1014,2.7734,0.428,-0.3052,-0.617,0.653,0.1167,0.1,0.093
1909-9851,,,Puente Revista Científica,2016,C,No disponible,No disponible,No disponible,No disponible,,Otras Ingenierías y Tecnologías,Otras Ingenierías y Tecnologías,Ingeniería y Tecnología,UNIVERSIDAD PONTIFICIA BOLIVARIANA,IES,,,99,1909-9851,puente cientifica,CO,1,2026-09-15,1.0.0,consolidado,168c4e0f39444887,,,,,Universidad del Zulia,,False,,,0,,,,,,,,,,,,,,https://www.produccioncientificaluz.org/index.php/cientifica/instrucciones,https://doaj.org/toc/828cd4e8ef054c2a8fae44f6c3df9d94,2010,Revista Científica de la Facultad de Ciencias Veterinarias de la Universidad del Zulia,0798-2259,2521-9715,"veterinary medicine, animal science, agricultural economics, public health, food technology","Spanish, English","Venezuela, Bolivarian Republic of",,,CC BY-NC-SA,,https://www.produccioncientificaluz.org/index.php/cientifica/about,True,True,https://www.produccioncientificaluz.org/index.php/cientifica/about,Double anonymous peer review,https://www.produccioncientificaluz.org/index.php/cientifica/about,True,https://www.produccioncientificaluz.org/index.php/cientifica/about,https://www.produccioncientificaluz.org/index.php/cientifica/about/editorialTeam,https://www.produccioncientificaluz.org/index.php/cientifica/instrucciones,9,False,https://www.produccioncientificaluz.org/index.php/cientifica/instrucciones,,False,,False,,,,,Publisher's site,https://www.produccioncientificaluz.org/index.php/cientifica/about,DOI,True,,,SF191-275|SF600-1100,False,No,No,Agriculture: Animal culture: Cattle | Agriculture: Animal culture: Veterinary medicine,2023-02-27T14:36:38Z,2023-02-27T14:36:38Z,2023-02-27,2418,2026-08-08T01:05:46Z,,895.15,EUR,966.76,1.08,sin_monto,2544.11,895.15,EUR,observado,,False,,"['doaj', 'facts', 'openapc', 'publindex']",0.004415011037527594,False,False,,True,False,True,True,1,,9,True,,0.1436,-0.4659,,,-0.8714,0.1705,,,0.0581
2011-8643,,,Magistro,2016,C,No disponible,No disponible,No disponible,No disponible,,"Educación General (Incluye Capacitación, Pedagogía)",Ciencias de la Educación,Ciencias Sociales,UNIVERSIDAD SANTO TOMAS,IES,,,356,2011-8643,magistro,CO,1,2026-09-15,1.0.0,consolidado,b28111dff73996bd,,,,,Taylor & Francis Group,,False,,,0,,,,,,,,,,,,,,https://www.tandfonline.com/journals/tagi,https://doaj.org/toc/4e904f3c47604af08db1a9bbdaf214f4,2019,,1947-5683,1947-5691,"geography, remote sensing, data science, geographic information systems",English,United Kingdom,The International Association of Chinese Professionals in Geographic Information Science (CPGIS),,"CC BY, CC BY-NC",,https://authorservices.taylorandfrancis.com/publishing-open-access/open-access-cost-finder/?category=all&journal=tagi&fulloa=1&openselect=1&notavailable=0&numberofresultsperpage=5&pagenumber=1,True,False,https://authorservices.taylorandfrancis.com/publishing-your-research/moving-through-production/copyright-for-journal-authors/,Double anonymous peer review,https://www.tandfonline.com/action/authorSubmission?show=instructions&journalCode=tagi20,True,https://www.tandfonline.com/action/journalInformation?show=aimsScope&journalCode=tagi20,https://www.tandfonline.com/action/journalInformation?show=editorialBoard&journalCode=tagi20,https://www.tandfonline.com/action/authorSubmission?show=instructions&journalCode=tagi20,10,True,https://www.tandfonline.com/action/authorSubmission?show=instructions&journalCode=tagi20,1615 EUR; 1344 GBP; 1680 USD,True,https://authorservices.taylorandfrancis.com/publishing-open-access/requesting-an-apc-waiver/,False,,"CLOCKSS, LOCKSS, Portico, Scholars Portal","Library of Congress; National Digital Preservation Program, China",https://librarianresources.taylorandfrancis.com/collection/title-by-title/,Open Policy Finder,https://openpolicyfinder.jisc.ac.uk/id/publication/4932,DOI,True,,,GA1-1776,False,No,No,Geography. Anthropology. Recreation: Mathematical geography. Cartography,2021-10-18T10:31:49Z,2023-07-17T14:09:48Z,2023-07-17,187,2026-07-14T12:54:44Z,,2727.28,EUR,2945.46,1.08,convertida,7751.21,1615.0,EUR,observado,,True,,"['doaj', 'facts', 'openapc', 'publindex']",0.0011037527593818985,False,False,,True,False,True,True,1,,10,True,,0.0625,1.9177,,,-0.7866,0.5255,,,0.0698
1692-5238,,,S&T : Sistemas Y Telemática,2016,C,Colombia,Pacífico,Valle del Cauca,Cali,76001,Ingeniería Eléctrica y Electrónica,"Ingenierías Eléctrica, Electrónica e Informática",Ingeniería y Tecnología,UNIVERSIDAD ICESI,IES,,,518,1692-5238,s t sistemas telematica,CO,1,2026-09-15,1.0.0,consolidado,e04a8a8c7f60719d,,,,,Departamento de Telecomunicaciones y Telemática,,False,,,0,,,,,,,,,,,,,,http://revistatelematica.cujae.edu.cu/,https://doaj.org/toc/0645dfd8c1fb4d60996e40240fb131ad,2011,,,1729-3804,"tic, telematics, internet technologies, networks",Spanish,Cuba,"Universidad Tecnológica de La Habana ""José Antonio Echeverría""- Cujae.",,CC BY-NC-ND,,http://revistatelematica.cujae.edu.cu/index.php/tele/about/submissions#copyrightNotice,,False,,Double anonymous peer review,http://revistatelematica.cujae.edu.cu/index.php/tele/about/editorialPolicies#peerReviewProcess,False,http://revistatelematica.cujae.edu.cu/index.php/tele/index,http://revistatelematica.cujae.edu.cu/index.php/tele/about/editorialTeam,http://revistatelematica.cujae.edu.cu/index.php/tele/about/submissions#onlineSubmissions,8,False,http://revistatelematica.cujae.edu.cu/index.php/tele/about/editorialPolicies#openAccessPolicy,,False,,False,http://revistatelematica.cujae.edu.cu/index.php/tele/about/editorialPolicies#openAccessPolicy,,,,,,DOI,True,,,TK5101-6720,False,No,No,Technology: Electrical engineering. Electronics. Nuclear engineering: Telecommunication,2014-05-28T18:00:32Z,2020-07-24T14:32:02Z,2020-07-24,400,2026-05-05T20:50:23Z,,1314.0,EUR,1419.12,1.08,sin_monto,3734.53,1250.93,EUR,observado,,False,,"['doaj', 'facts', 'openapc', 'publindex']",0.0011037527593818985,False,False,,True,False,True,True,1,,8,True,,0.1108,0.0791,,,-0.9562,0.2517,,,0.0465
2145-6445,0120-1867,,Revista Latinoamericana De Estudios De Familia,2016,B,Colombia,Eje Cafetero,Caldas,Manizales,17001,No registra,Otras Ciencias Sociales,Ciencias Sociales,UNIVERSIDAD DE CALDAS,IES,,,907,2145-6445,latinoamericana estudios familia,CO,2,2026-09-15,1.0.0,consolidado,1a906b6688f58d0d,88,21101121920,journal,,Universidad de Antioquia,True,True,0.158,Q3,2,4,13,52,576,12,50,0.26,44.31,0.3125,0,2019-2025,Law (Q3); Political Science and International Relations (Q4),Social Sciences,https://revistasojs.ucaldas.edu.co/index.php/revlatinofamilia,https://doaj.org/toc/7796c1432e2b40e5af27b2d1afc9f74a,2009,,2145-6445,2215-8758,"family studies, gender studies, social science, diversity, public policies","Portuguese, English, Spanish",Colombia,,,CC BY,,https://revistasojs.ucaldas.edu.co/index.php/revlatinofamilia/ethics,True,False,https://revistasojs.ucaldas.edu.co/index.php/revlatinofamilia/ethics,Double anonymous peer review,https://revistasojs.ucaldas.edu.co/index.php/revlatinofamilia/about/submissions,True,https://revistasojs.ucaldas.edu.co/index.php/revlatinofamilia,https://revistasojs.ucaldas.edu.co/index.php/revlatinofamilia/about/editorialTeam,https://revistasojs.ucaldas.edu.co/index.php/revlatinofamilia/about/submissions,40,False,https://revistasojs.ucaldas.edu.co/index.php/revlatinofamilia/about,,False,,False,,,,,,,,True,,,HQ1-2044,False,No,No,Social Sciences: The family. Marriage. Woman,2019-02-23T17:15:44Z,2023-12-15T08:00:13Z,2023-12-15,233,2026-01-25T22:02:08Z,latinoamericana estudios familia,1828.24,EUR,1974.5,1.08,sin_monto,5196.05,1828.24,EUR,observado,,True,,"['doaj', 'facts', 'openapc', 'publindex', 'scimago']",0.06181015452538632,False,False,,True,False,True,True,0,1.0,40,False,0.23076923076923078,0.1367,0.7481,-0.0472,-0.5873,1.7572,0.3513,0.0713,0.05,0.4186
2011-513X,,,Revista Ciencia Animal,2016,C,Colombia,Distrito Capital,"Bogotá, D. C.","Bogotá, D.C.",11001,No registra,Ciencias Veterinarias,Ciencias Agrícolas,UNIVERSIDAD DE LA SALLE,IES,,,869,2011-513X,ciencia animal,CO,1,2026-09-15,1.0.0,consolidado,16c79cc9c8f1792b,164,21101145379,journal,,Technological University of Pereira,False,False,0.101,Q4,1,3,23,57,1014,4,52,0.08,44.09,0.23079999999999998,0,2019-2025,History (Q4); Political Science and International Relations (Q4),Arts and Humanities; Social Sciences,https://www.revistas.ufg.br/vet/index,https://doaj.org/toc/619ce18847574f198b7d0a0b598aedb0,2000,,1518-2797,1809-6891,"animal behaviour, zootechnology, animal health, animal production, veterinary medicine","Portuguese, English",Brazil,"Universidade Federal de Goiás, Escola de Veterinária",,CC BY,,https://www.revistas.ufg.br/vet/editorialpolicy,True,True,https://www.revistas.ufg.br/vet/about/submissions,Double anonymous peer review,https://www.revistas.ufg.br/vet/editorialpolicy,True,https://www.revistas.ufg.br/vet/editorialpolicy,https://www.revistas.ufg.br/vet/equipe,https://www.revistas.ufg.br/vet/about/submissions,24,False,https://www.revistas.ufg.br/vet/editorialpolicy,,False,,False,,"LOCKSS, Cariniana Network -  Brazilian Network of Digital Preservation Services (https://cariniana.ibict.br/index.php/institucional/cariniana)",,https://www.revistas.ufg.br/vet/editorialpolicy,"Diadorim, https://diadorim.ibict.br/handle/1/1104",https://www.revistas.ufg.br/vet/about/submissions,DOI,True,,,S|SF1-1100,False,No,No,Agriculture: Animal culture,2010-04-27T09:32:46Z,2022-03-25T09:33:12Z,2022-03-25,3312,2026-08-12T21:45:29Z,,2244.95,EUR,2424.55,1.08,sin_monto,6380.39,1557.92,EUR,observado,,True,,"['doaj', 'facts', 'openapc', 'publindex', 'scimago']",0.02869757174392936,False,False,,True,False,True,True,0,1.0,24,False,0.07017543859649122,0.0742,1.2902,-0.7791,-0.7284,0.4005,0.4321,0.0012,0.025,0.2326
2215-7840,2389-7252,,Revista Ciencias Biomédicas,2016,C,Colombia,Caribe,Bolívar,Cartagena de Indias,13001,No registra,Ciencias de la Salud,Ciencias Médicas y de la Salud,UNIVERSIDAD DE CARTAGENA,IES,,,746,2215-7840,ciencias biomedicas,CO,1,2026-09-15,1.0.0,consolidado,2138610ffa72f293,54,21101105022,journal,,Fundacion Universitaria Maria Cano,True,True,0.195,Q3,2,6,46,89,1864,64,83,0.85,40.52,0.49439999999999995,0,2019-2026,"Health Professions (miscellaneous) (Q3); Occupational Therapy (Q3); Physical Therapy, Sports Therapy and Rehabilitation (Q4); Public Health, Environmental and Occupational Health (Q4); Speech and Hearing (Q4)",Health Professions; Medicine,https://revistas.unicartagena.edu.co/index.php/cbiomedicas/index,https://doaj.org/toc/592fc35ac1734dd28c4ae7d9e96b6c9e,2010,,2215-7840,2389-7252,"biotechnology, biomedical sciences, basic medical sciences, clinical medicine, health sciences",Spanish,Colombia,,,CC BY-NC-SA,,https://revistas.unicartagena.edu.co/index.php/cbiomedicas/about/submissions,True,True,https://revistas.unicartagena.edu.co/index.php/cbiomedicas/about/submissions,Double anonymous peer review,https://revistas.unicartagena.edu.co/index.php/cbiomedicas/about/peerevaluation,True,https://revistas.unicartagena.edu.co/index.php/cbiomedicas/about,https://revistas.unicartagena.edu.co/index.php/cbiomedicas/about/editorialTeam,https://revistas.unicartagena.edu.co/index.php/cbiomedicas/about/reglamento,8,False,https://revistas.unicartagena.edu.co/index.php/cbiomedicas/about/editorialPolicies,,False,,False,,,,,,,DOI,True,,,R5-920,False,No,No,Medicine: Medicine (General),2021-06-21T19:25:27Z,2021-06-21T19:25:27Z,2021-06-21,892,2026-05-23T01:36:40Z,ciencias biomedicas,1120.14,EUR,1209.75,1.08,sin_monto,3183.55,3037.53,EUR,observado,,False,,"['doaj', 'facts', 'openapc', 'publindex', 'scimago']",0.03642384105960265,False,False,,True,False,True,True,-1,0.5,8,True,0.7191011235955056,0.2416,-0.1731,0.428,-0.3052,-0.9562,0.2141,0.1167,0.1,0.0465
2027-3401,,,Perspectivas Educativas,2016,C,No disponible,No disponible,No disponible,No disponible,,"Educación General (Incluye Capacitación, Pedagogía)",Ciencias de la Educación,Ciencias Sociales,UNIVERSIDAD DEL TOLIMA,IES,,,396,2027-3401,perspectivas educativas,CO,1,2026-09-15,1.0.0,consolidado,9749bbf75d8cf2ef,,,,,Universidade Federal do Tocantins,,False,,,0,,,,,,,,,,,,,,https://sistemas.uft.edu.br/periodicos/index.php/perspectivas/index,https://doaj.org/toc/f7cc03c0979d4ff5a2f555ab241d66c7,2016,Perspectivas: Revista de Filosofia da Universidade Federal do Tocantins,,2448-2390,"research, philosophy, philosophical debate","Portuguese, English, Italian, French, Spanish",Brazil,Universidade Federal do Tocantins,Brazil,CC BY,,https://sistemas.uft.edu.br/periodicos/index.php/perspectivas/about,,True,https://sistemas.uft.edu.br/periodicos/index.php/perspectivas/about,Anonymous peer review,https://sistemas.uft.edu.br/periodicos/index.php/perspectivas/about,True,https://sistemas.uft.edu.br/periodicos/index.php/perspectivas/about,https://sistemas.uft.edu.br/periodicos/index.php/perspectivas/about/editorialTeam,https://sistemas.uft.edu.br/periodicos/index.php/perspectivas/about/submissions,8,False,https://sistemas.uft.edu.br/periodicos/index.php/perspectivas/about,,False,,False,,,,,Diadorim,https://sistemas.uft.edu.br/periodicos/index.php/perspectivas/about,DOI,True,,,B1-5802,False,No,No,Philosophy. Psychology. Religion: Philosophy (General),2022-04-11T12:04:01Z,2022-04-11T12:04:01Z,2022-04-11,0,,,2838.0,EUR,3065.04,1.08,sin_monto,8065.89,2838.0,EUR,observado,,True,,"['doaj', 'facts', 'openapc', 'publindex']",0.002207505518763797,False,False,,True,False,True,True,1,,8,True,,0.0605,2.0618,,,-0.9562,0.547,,,0.0465
1692-7427,2215-7727,,Revista Actividad Fisica Y Desarrollo Humano,2016,C,Colombia,Centro Oriente,Norte de Santander,Pamplona,54518,"Ciencias del Cuidado de la Salud y Servicios (Administración de Hospitales, Financiamiento)",Ciencias de la Salud,Ciencias Médicas y de la Salud,UNIVERSIDAD DE PAMPLONA,IES,,,43,1692-7427,actividad fisica desarrollo humano,CO,1,2026-09-15,1.0.0,consolidado,4e5129ad20fe09a3,96,19500157818,journal,,Pontificia Universidad Javeriana,True,False,0.152,Q4,1,16,7,28,319,13,28,0.27,45.57,0.2778,0,2008-2025,"Agronomy and Crop Science (Q4); Economics and Econometrics (Q4); Geography, Planning and Development (Q4)","Agricultural and Biological Sciences; Economics, Econometrics and Finance; Social Sciences",https://www.scielo.br/j/motriz/,https://doaj.org/toc/9e45768a003047ba810108b8b0ee8ed2,2010,,,1980-6574,"sports, physical education, physiotherapy, sports psychology, athletic performance, physiological processes",English,Brazil,Universidade Estadual Paulista (UNESP),Brazil,CC BY,,https://www.scielo.br/journal/motriz/about/#about,True,False,https://www.scielo.br/journal/motriz/about/#instructions,Anonymous peer review,https://www.scielo.br/journal/motriz/about/#instructions,True,https://www.scielo.br/journal/motriz/about/#about,https://www.scielo.br/journal/motriz/about/#editors,https://www.scielo.br/journal/motriz/about/#instructions,24,True,https://www.scielo.br/journal/motriz/about/#instructions,350 USD; 550 BRL,False,,False,,"CLOCKSS, Cariniana Network",,https://portal.issn.org/resource/ISSN/1980-6574,,,DOI,True,,,GV557-1198.995|RC1200-1245,False,No,No,Geography. Anthropology. Recreation: Recreation. Leisure: Sports | Medicine: Internal medicine: Special situations and conditions: Sports medicine,2012-05-08T08:29:30Z,2022-04-19T12:53:43Z,2022-04-19,963,2023-12-19T07:48:07Z,,2618.0,EUR,2827.44,1.08,convertida,7440.63,350.0,USD,observado,,True,,"['doaj', 'facts', 'openapc', 'publindex', 'scimago']",0.033112582781456956,False,False,,True,False,True,True,0,1.0,24,False,0.4642857142857143,0.0984,1.7755,-0.1242,1.1056,0.4005,0.5043,0.0639,0.35,0.2326
2027-923X,,,Elementos,2016,C,Colombia,Distrito Capital,"Bogotá, D. C.","Bogotá, D.C.",11001,No registra,Otras Ciencias Sociales,Ciencias Sociales,INSTITUCION UNIVERSITARIA POLITECNICO GRANCOLOMBIANO,IES,,,831,2027-923X,elementos,CO,1,2026-09-15,1.0.0,consolidado,0bf31d0eb44b55d0,,,,,Universitat Politècnica de València,,False,,,0,,,,,,,,,,,,,,https://polipapers.upv.es/index.php/eme,https://doaj.org/toc/6c0e9d309fdb4f46ac9f4b3f7d6f39a1,2013,"Eme: Experimental Illustration, Art & Design",2253-6337,2341-3018,"art, illustration, design, graphic techniques","Spanish, English",Spain,,,CC BY-NC,,https://polipapers.upv.es/index.php/eme/about/submissions,,False,https://polipapers.upv.es/index.php/eme/about/submissions,Double anonymous peer review,https://polipapers.upv.es/index.php/eme/peer_review,False,https://polipapers.upv.es/index.php/eme/focus,https://polipapers.upv.es/index.php/eme/about/editorialTeam,https://polipapers.upv.es/index.php/eme/about/submissions,20,False,https://polipapers.upv.es/index.php/eme/open_access,,False,,False,,,,,Open Policy Finder,https://openpolicyfinder.jisc.ac.uk/id/publication/29642,DOI,True,,,N1-9211|NC1-1940,False,No,No,Fine Arts: Visual arts | Fine Arts: Drawing. Design. Illustration,2023-04-03T12:38:20Z,2023-04-03T12:38:20Z,2023-04-03,195,2026-05-29T10:44:13Z,,4188.68,EUR,4523.77,1.08,sin_monto,11904.66,4188.68,EUR,observado,,True,,"['doaj', 'facts', 'openapc', 'publindex']",0.0011037527593818985,False,False,,True,False,True,True,1,,20,False,,0.0431,3.819,,,0.0613,0.8087,,,0.186
0122-6150,,,Revista Cientifica De Unincca,2016,C,No disponible,No disponible,No disponible,No disponible,,No registra,Otras Ciencias Sociales,Ciencias Sociales,FUNDACION UNIVERSIDAD INCCA DE COLOMBIA,IES,,,886,0122-6150,cientifica unincca,CO,1,2026-09-15,1.0.0,consolidado,8d1c7e2d75b2b0be,,,,,Universidad del Zulia,,False,,,0,,,,,,,,,,,,,,https://www.produccioncientificaluz.org/index.php/cientifica/instrucciones,https://doaj.org/toc/828cd4e8ef054c2a8fae44f6c3df9d94,2010,Revista Científica de la Facultad de Ciencias Veterinarias de la Universidad del Zulia,0798-2259,2521-9715,"veterinary medicine, animal science, agricultural economics, public health, food technology","Spanish, English","Venezuela, Bolivarian Republic of",,,CC BY-NC-SA,,https://www.produccioncientificaluz.org/index.php/cientifica/about,True,True,https://www.produccioncientificaluz.org/index.php/cientifica/about,Double anonymous peer review,https://www.produccioncientificaluz.org/index.php/cientifica/about,True,https://www.produccioncientificaluz.org/index.php/cientifica/about,https://www.produccioncientificaluz.org/index.php/cientifica/about/editorialTeam,https://www.produccioncientificaluz.org/index.php/cientifica/instrucciones,9,False,https://www.produccioncientificaluz.org/index.php/cientifica/instrucciones,,False,,False,,,,,Publisher's site,https://www.produccioncientificaluz.org/index.php/cientifica/about,DOI,True,,,SF191-275|SF600-1100,False,No,No,Agriculture: Animal culture: Cattle | Agriculture: Animal culture: Veterinary medicine,2023-02-27T14:36:38Z,2023-02-27T14:36:38Z,2023-02-27,2418,2026-08-08T01:05:46Z,,895.15,EUR,966.76,1.08,sin_monto,2544.11,895.15,EUR,observado,,False,,"['doaj', 'facts', 'openapc', 'publindex']",0.004415011037527594,False,False,,True,False,True,True,1,,9,True,,0.1436,-0.4659,,,-0.8714,0.1705,,,0.0581
0120-4319,,,Universitas Odontologica,2016,B,Colombia,Distrito Capital,"Bogotá, D. C.","Bogotá, D.C.",11001,"Odontología, Cirugía Oral y Medicina Oral",Medicina Clínica,Ciencias Médicas y de la Salud,PONTIFICIA UNIVERSIDAD JAVERIANA,IES,,,455,0120-4319,universitas odontologica,CO,2,2026-09-15,1.0.0,consolidado,7b4bfbca46d05fbb,,,,,Politeknik Negeri Bali,,False,,,0,,,,,,,,,,,,,,http://ojs.pnb.ac.id/index.php/LOGIC,https://doaj.org/toc/226555a9289946909561143dff2d30f3,2016,Jurnal Rancang Bangun dan Teknologi,1412-114X,2580-5649,"design, technology",Indonesian,Indonesia,,,CC BY,,http://ojs.pnb.ac.id/index.php/LOGIC/CopyrightNotice?,True,False,,Peer review,http://ojs.pnb.ac.id/index.php/LOGIC/PeerReviewProcess?,False,http://ojs.pnb.ac.id/index.php/LOGIC/FocusandScope?,http://ojs.pnb.ac.id/index.php/LOGIC/about/editorialTeam/?,http://ojs.pnb.ac.id/index.php/LOGIC/AuthorGuidelines?,24,False,http://ojs.pnb.ac.id/index.php/LOGIC/AuthorFee?,,False,,False,http://ojs.pnb.ac.id/index.php/LOGIC/AuthorFee?,,,,,,,True,,,T|TA1-2040,False,No,No,Technology: Engineering (General). Civil engineering (General),2017-10-11T14:45:09Z,2019-01-17T08:42:25Z,2019-01-17,214,2026-03-25T05:33:56Z,,575.0,EUR,621.0,1.08,sin_monto,1634.21,575.0,EUR,observado,,False,,"['doaj', 'facts', 'openapc', 'publindex']",0.002207505518763797,False,False,,True,False,True,True,2,,24,False,,0.1857,-0.8824,,,0.4005,0.1085,,,0.2326
0123-3734,,,Sotavento Mba,2016,C,Colombia,Distrito Capital,"Bogotá, D. C.","Bogotá, D.C.",11001,Negocios y Management,Economía y Negocios,Ciencias Sociales,UNIVERSIDAD EXTERNADO DE COLOMBIA,IES,,,759,0123-3734,sotavento mba,CO,1,2026-09-15,1.0.0,consolidado,204db1f96bea26b1,,,,,Wolters Kluwer,,False,,,0,,,,,,,,,,,,,,https://journals.lww.com/otainternational/pages/default.aspx,https://doaj.org/toc/d6607247fec84c26b5141fb366a6863c,2019,Orthopaedic Trauma Association International,,2574-2167,"orthopaedic, orthopaedic trauma, biomechanics",English,United States,Orthopaedic Trauma Association,,CC BY-NC-ND,,http://edmgr.ovid.com/otai/accounts/ifauth.htm,True,False,,Double anonymous peer review,http://edmgr.ovid.com/otai/accounts/ifauth.htm,False,https://journals.lww.com/otainternational/pages/aboutthejournal.aspx,https://journals.lww.com/otainternational/pages/editorialboard.aspx,http://edmgr.ovid.com/otai/accounts/ifauth.htm,4,True,https://journals.lww.com/otainternational/Pages/openaccess.aspx,1900 USD,False,,False,https://journals.lww.com/otainternational/Pages/openaccess.aspx,,,,,,DOI,True,,,RD701-811,False,No,No,Medicine: Surgery: Orthopedic surgery,2020-06-11T15:30:09Z,2020-06-11T15:30:09Z,2020-06-11,439,2026-07-28T07:36:58Z,,1900.0,USD,1900.0,1.0,convertida,5000.0,1900.0,USD,declarado,,,,"['doaj', 'publindex']",0.0011037527593818985,False,False,,True,False,True,True,1,,4,True,,0.0891,0.6583,,,-1.2954,0.338,,,0.0
2027-4297,2389-7708,,Revista Colombiana De Ciencias Animal-Recia,2016,B,Colombia,Caribe,Sucre,Sincelejo,70001,Ciencias Veterinarias,Ciencias Veterinarias,Ciencias Agrícolas,UNIVERSIDAD DE SUCRE,IES,,,402,2027-4297,colombiana ciencias animal recia,CO,2,2026-09-15,1.0.0,consolidado,ed637bcfae39df5a,144,21101075272,journal,,Asociacion Colombiana de Nefrologia e Hipertension Arterial,True,True,0.122,Q4,1,5,44,122,1381,24,109,0.23,31.39,0.4036,0,2019-2026,Nephrology (Q4),Medicine,http://www.recia.edu.co/,https://doaj.org/toc/fd7360151f3f476ebbe66265e3c12f26,2009,,,2027-4297,"veterinary medicine, wildlife, animal science, agriculture","Spanish, Portuguese, English",Colombia,,,CC BY-NC-SA,,https://revistas.unisucre.edu.co/index.php/recia/about/submissions,,False,https://revistas.unisucre.edu.co/index.php/recia/about,Anonymous peer review,https://revistas.unisucre.edu.co/index.php/recia/about,False,https://revistas.unisucre.edu.co/index.php/recia/about,https://revistas.unisucre.edu.co/index.php/recia/comite,https://revistas.unisucre.edu.co/index.php/recia/about/submissions,32,False,https://revistas.unisucre.edu.co/index.php/recia/about/submissions,,False,,False,,,,,,,,True,,,S|S1-972|SF1-1100,False,No,No,Agriculture: Agriculture (General) | Agriculture: Animal culture,2016-02-08T14:51:39Z,2021-08-04T17:43:50Z,2021-08-04,545,2026-05-12T00:56:17Z,colombiana ciencia animal recia,2244.95,EUR,2424.55,1.08,sin_monto,6380.39,1557.92,EUR,observado,,True,,"['doaj', 'facts', 'openapc', 'publindex', 'scimago']",0.00772626931567329,False,False,,True,False,True,True,1,2.0,32,False,0.19672131147540983,0.0896,1.2902,-0.5095,-0.4463,1.0789,0.4321,0.027,0.075,0.3256
0124-6542,,,Modulo Arquitectura- Cuc,2016,C,Colombia,Caribe,Atlántico,Barranquilla,08001,Arquitectura y Urbanismo,Arte,Humanidades,CORPORACION UNIVERSIDAD DE LA COSTA,IES,,,801,0124-6542,modulo arquitectura cuc,CO,1,2026-09-15,1.0.0,consolidado,3b2e30774eeae4fb,,,,,Ediciones ARQ,,False,,,0,,,,,,,,,,,,,,https://edicionesarq.com/ARQ-Journal,https://doaj.org/toc/80dd6f06e60643f1836ca82fe91a3c75,2001,,0716-0852,0717-6996,"architecture, design, urbanism, landscape architecture, visual arts, urban studies","Spanish, English",Chile,"School of Architecture, Pontificia Universidad Católica de Chile (UC)",Chile,CC BY-NC,,https://edicionesarq.com/Open-Call#copyright,,True,https://edicionesarq.com/Open-Call#copyright,Double anonymous peer review,https://edicionesarq.com/Open-Call,False,https://edicionesarq.com/ARQ-Journal,https://edicionesarq.com/ARQ-Journal#editorial-board,https://edicionesarq.com/Open-Call#instructions,20,False,https://edicionesarq.com/Open-Call,,False,,False,,,,,,,DOI,True,,,NA1-9428,False,No,No,Fine Arts: Architecture,2023-12-08T12:27:17Z,2023-12-08T12:27:17Z,2023-12-08,1172,2026-07-29T21:28:00Z,,2838.0,EUR,3065.04,1.08,sin_monto,8065.89,2838.0,EUR,observado,,True,,"['doaj', 'facts', 'openapc', 'publindex']",0.002207505518763797,False,False,,True,False,True,True,1,,20,False,,0.0605,2.0618,,,0.0613,0.547,,,0.186
1794-4724,2145-4515,,Avances En Psicología Latinoamericana,2016,A1,Colombia,Distrito Capital,"Bogotá, D. C.","Bogotá, D.C.",11001,"Psicología (Incluye Terapias de Aprendizaje, Habla, Visual y Otras Discapacidades Físicas y Mentales)",Psicología,Ciencias Sociales,COLEGIO MAYOR NUESTRA SENORA DEL ROSARIO,IES,,,392,1794-4724,avances psicologia latinoamericana,CO,4,2026-09-15,1.0.0,consolidado,0f9c4cdd6364a987,83,5200152705,journal,avances psicologia latinoamericana,Fundacion para el Avance de la Psicologia,True,True,0.163,Q4,1,19,16,89,849,30,85,0.27,53.06,0.7254999999999999,0,"1983, 2006-2025",Clinical Psychology (Q4),Psychology,http://revistas.urosario.edu.co/index.php/apl,https://doaj.org/toc/c745d20c4178438591eeb9f35f97e964,2004,,1794-4724,2145-4515,psychology,"Spanish, Portuguese, English",Colombia,,,CC BY-NC,,http://revistas.urosario.edu.co/index.php/apl/about/submissions#copyrightNotice,,True,http://revistas.urosario.edu.co/index.php/apl/about/submissions#copyrightNotice,Double anonymous peer review,https://revistas.urosario.edu.co/index.php/apl/about,True,https://revistas.urosario.edu.co/index.php/apl/about,https://revistas.urosario.edu.co/index.php/apl/about/editorialTeam,https://revistas.urosario.edu.co/index.php/apl/about/submissions,23,False,https://revistas.urosario.edu.co/index.php/apl/about,,False,,False,,,,,,,DOI,True,,,BF1-990,False,No,No,Philosophy. Psychology. Religion: Psychology,2008-02-26T09:01:23Z,2021-07-21T22:06:32Z,2021-07-21,901,2026-07-25T00:20:01Z,avances psicologia latinoamericana,1828.24,EUR,1974.5,1.08,sin_monto,5196.05,1828.24,EUR,observado,,True,,"['doaj', 'facts', 'openapc', 'publindex', 'scimago']",0.0011037527593818985,False,False,,True,False,True,True,3,4.0,23,False,0.33707865168539325,0.141,0.7481,0.017,1.5288,0.3157,0.3513,0.0774,0.425,0.2209
0121-5256,0123-2576,,Revista Med,2016,A2,Colombia,Distrito Capital,"Bogotá, D. C.","Bogotá, D.C.",11001,No registra,Ciencias de la Salud,Ciencias Médicas y de la Salud,UNIVERSIDAD MILITAR NUEVA GRANADA,IES,,,570,0121-5256,med,CO,3,2026-09-15,1.0.0,consolidado,1bbdfbb859159cb5,141,21101151818,journal,,Universidad de Antioquia,True,False,0.126,Q4,1,4,0,62,0,16,50,0.28,0.0,0.0,0,2020-2023,Education (Q4); Medical Laboratory Technology (Q4); Medicine (miscellaneous) (Q4),Health Professions; Medicine; Social Sciences,https://onlinelibrary.wiley.com/journal/29984971,https://doaj.org/toc/cc53fdc020c64c72b35ec033e3ae5bc3,2025,,2998-4963,2998-4971,"medicine, biomedical science, human health, translational research, clinical practice",English,United States,International Society for Health Data Science,,CC BY,,https://onlinelibrary.wiley.com/page/journal/29984971/homepage/open-access,True,True,https://authorservices.wiley.com/author-resources/Journal-Authors/licensing/open-access-agreements.html,Double anonymous peer review,https://onlinelibrary.wiley.com/page/journal/29984971/homepage/author-guidelines,True,https://onlinelibrary.wiley.com/page/journal/29984971/homepage/overview,https://onlinelibrary.wiley.com/page/journal/29984971/homepage/editorial-board,https://onlinelibrary.wiley.com/page/journal/29984971/homepage/author-guidelines,14,True,https://onlinelibrary.wiley.com/page/journal/29984971/homepage/open-access,3000 USD; 2207 GBP; 2601 EUR,True,https://authorservices.wiley.com/open-research/open-access/for-authors/waivers-and-discounts.html,False,,"CLOCKSS, Portico",,https://onlinelibrary.wiley.com/library-info/resources/preservation,Open Policy Finder,https://openpolicyfinder.jisc.ac.uk/id/publication/46615,DOI,True,,,R,False,No,No,Medicine,2026-02-25T15:09:33Z,2026-02-25T15:09:33Z,,60,2026-06-10T10:59:22Z,,1569.89,EUR,1695.48,1.08,convertida,4461.79,3000.0,USD,observado,,False,,"['doaj', 'facts', 'openapc', 'publindex', 'scimago']",0.06181015452538632,False,False,,True,False,True,True,2,3.0,14,False,0.25806451612903225,0.1225,0.412,-0.4581,-0.5873,-0.4474,0.3013,0.0319,0.05,0.1163
1909-2814,,,Revista Q,2016,C,Colombia,Eje Cafetero,Antioquia,Medellín,05001,No registra,Ciencias de la Educación,Ciencias Sociales,UNIVERSIDAD PONTIFICIA BOLIVARIANA,IES,,,"1,151",1909-2814,q,CO,1,2026-09-15,1.0.0,consolidado,ec6868e828f8f68a,,,,,Editorial Universidad Adventista del Plata,,False,,,0,,,,,,,,,,,,,,https://publicaciones.uap.edu.ar/index.php/revistaenfoques/index,https://doaj.org/toc/a0dcbbfd16374e7a82ab43e37b38b1c4,2015,,1514-6006,1669-2721,"social sciences, philosophy, humanities, ethics, politics","Portuguese, English, Spanish",Argentina,Asociación Colegio Adventista del Plata,Argentina,CC BY-NC-SA,,https://publicaciones.uap.edu.ar/index.php/revistaenfoques/about,,True,https://publicaciones.uap.edu.ar/index.php/revistaenfoques/about,Double anonymous peer review,https://publicaciones.uap.edu.ar/index.php/revistaenfoques/about,False,https://publicaciones.uap.edu.ar/index.php/revistaenfoques/about,https://publicaciones.uap.edu.ar/index.php/revistaenfoques/about/editorialTeam,https://publicaciones.uap.edu.ar/index.php/revistaenfoques/about/submissions,48,False,https://publicaciones.uap.edu.ar/index.php/revistaenfoques/about,,False,,False,,,,,,,,True,,,BJ1-1725|J|B1-5802,False,No,No,Philosophy. Psychology. Religion: Ethics | Political science | Philosophy. Psychology. Religion: Philosophy (General),2022-07-25T19:45:37Z,2022-09-28T15:38:22Z,2022-09-28,487,2026-06-01T13:14:31Z,,2931.6,EUR,3166.13,1.08,sin_monto,8331.92,2011.8,EUR,observado,,True,,"['doaj', 'facts', 'openapc', 'publindex']",0.0011037527593818985,False,False,,True,False,True,True,1,,48,False,,0.0588,2.1835,,,2.4356,0.5651,,,0.5116
0304-3584,2145-7166,,Actualidades Biológicas,2016,A2,Colombia,Eje Cafetero,Antioquia,Medellín,05001,Otras Biologías,Ciencias Biológicas,Ciencias Naturales,UNIVERSIDAD DE ANTIOQUIA,IES,,,17,0304-3584,actualidades biologicas,CO,3,2026-09-15,1.0.0,consolidado,0b87a3b3fd2f3e21,,,,,Universidad de Antioquia,,False,,,0,,,,,,,,,,,,,,https://revistas.udea.edu.co/index.php/actbio/index,https://doaj.org/toc/1045986f06864da6bdb486975253e0d9,2019,,0304-3584,2145-7166,"biochemistry, ecology, evolution, taxonomy, genetics, biology","Spanish, English",Colombia,"Universidad de Antioquia, Instituto de Biología",Colombia,CC BY-NC-SA,,https://revistas.udea.edu.co/index.php/actbio/about,True,False,https://revistas.udea.edu.co/index.php/actbio/about/submissions,Anonymous peer review,https://revistas.udea.edu.co/index.php/actbio/about/submissions,True,https://revistas.udea.edu.co/index.php/actbio/about,https://revistas.udea.edu.co/index.php/actbio/about/editorialTeam,https://revistas.udea.edu.co/index.php/actbio/about/submissions,12,False,https://revistas.udea.edu.co/index.php/actbio/etica,,False,,False,,PKP PN,,https://portal.issn.org/resource/ISSN/2145-7166,,,DOI,True,,,QH301-705.5,False,No,No,Science: Biology (General),2018-08-13T23:05:38Z,2026-04-16T12:22:31Z,,345,2026-07-17T13:57:35Z,actualidades biologicas,2648.07,EUR,2859.92,1.08,sin_monto,7526.11,2648.07,EUR,observado,,True,,"['doaj', 'facts', 'openapc', 'publindex']",0.06181015452538632,False,False,,True,False,True,True,3,,12,True,,0.0641,1.8147,,,-0.617,0.5102,,,0.093
0122-0667,,,Revista Medica De Risaralda,2016,B,Colombia,Eje Cafetero,Risaralda,Pereira,66001,Otros Temas de Medicina Clínica,Medicina Clínica,Ciencias Médicas y de la Salud,UNIVERSIDAD TECNOLOGICA DE PEREIRA,IES,,,362,0122-0667,medica risaralda,CO,2,2026-09-15,1.0.0,consolidado,8fea9642f35ff542,,,,,Wiley,,False,,,0,,,,,,,,,,,,,,https://onlinelibrary.wiley.com/journal/29984971,https://doaj.org/toc/cc53fdc020c64c72b35ec033e3ae5bc3,2025,,2998-4963,2998-4971,"medicine, biomedical science, human health, translational research, clinical practice",English,United States,International Society for Health Data Science,,CC BY,,https://onlinelibrary.wiley.com/page/journal/29984971/homepage/open-access,True,True,https://authorservices.wiley.com/author-resources/Journal-Authors/licensing/open-access-agreements.html,Double anonymous peer review,https://onlinelibrary.wiley.com/page/journal/29984971/homepage/author-guidelines,True,https://onlinelibrary.wiley.com/page/journal/29984971/homepage/overview,https://onlinelibrary.wiley.com/page/journal/29984971/homepage/editorial-board,https://onlinelibrary.wiley.com/page/journal/29984971/homepage/author-guidelines,14,True,https://onlinelibrary.wiley.com/page/journal/29984971/homepage/open-access,3000 USD; 2207 GBP; 2601 EUR,True,https://authorservices.wiley.com/open-research/open-access/for-authors/waivers-and-discounts.html,False,,"CLOCKSS, Portico",,https://onlinelibrary.wiley.com/library-info/resources/preservation,Open Policy Finder,https://openpolicyfinder.jisc.ac.uk/id/publication/46615,DOI,True,,,R,False,No,No,Medicine,2026-02-25T15:09:33Z,2026-02-25T15:09:33Z,,60,2026-06-10T10:59:22Z,,300.0,EUR,324.0,1.08,convertida,852.63,3000.0,USD,observado,,False,,"['doaj', 'facts', 'openapc', 'publindex']",0.006622516556291391,False,False,,True,False,True,True,2,,14,False,,0.2482,-1.2401,,,-0.4474,0.0552,,,0.1163
0123-7756,1657-0448,,Revista Historia De La Educacion Colombiana,2016,C,Colombia,Pacífico,Nariño,Pasto,52001,Historia,Historia y Arqueología,Humanidades,UNIVERSIDAD DE NARINO,IES,,,"1,148",0123-7756,historia educacion colombiana,CO,1,2026-09-15,1.0.0,consolidado,eb822db42193b021,163,21101259010,journal,,Ediciones Universidad de Salamanca,True,True,0.105,Q4,1,2,58,123,889,5,91,0.06,15.33,0.5539999999999999,0,2020-2026,Dermatology (Q4); Surgery (Q4),Medicine,http://revistas.usal.es/index.php/0212-0267/,https://doaj.org/toc/6e42b137ccbb4ca6929c7a695b8338c2,2000,,0212-0267,2386-3846,"education, history","Spanish, Portuguese, Italian, French, English",Spain,Universidad de Salamanca,,CC BY-NC-ND,,http://revistas.usal.es/index.php/0212-0267/about/editorialPolicies#custom-12,True,False,,Double anonymous peer review,http://revistas.usal.es/index.php/0212-0267/about/editorialPolicies#peerReviewProcess,True,http://revistas.usal.es/index.php/0212-0267/about/editorialPolicies#focusAndScope,http://revistas.usal.es/index.php/0212-0267/about/editorialTeam,http://revistas.usal.es/index.php/0212-0267/about/submissions#authorGuidelines,19,False,http://revistas.usal.es/index.php/0212-0267/about/editorialPolicies#custom-0,,True,http://revistas.usal.es/index.php/0212-0267/about/editorialPolicies#custom-2,False,,,National Library of Spain,http://revistas.usal.es/index.php/0212-0267/about/editorialPolicies#custom-3,,,,True,,,LA5-2396,False,No,No,Education: History of education,2013-10-01T15:20:22Z,2022-08-22T20:05:54Z,2022-08-22,2943,2023-01-30T09:25:34Z,,1116.0,EUR,1205.28,1.08,sin_monto,3171.79,1116.0,EUR,observado,,True,,"['doaj', 'facts', 'openapc', 'publindex', 'scimago']",0.002207505518763797,False,False,,True,False,True,True,0,1.0,19,False,0.04065040650406504,0.1304,-0.1785,-0.7278,-0.8695,-0.0235,0.2133,0.0061,0.0,0.1744
2216-1473,,,Revista Investigium Ire: Ciencias Sociales Y Humanas,2016,C,Colombia,Pacífico,Nariño,Pasto,52001,No registra,Otras Humanidades,Humanidades,UNIVERSIDAD CESMAG,IES,,,802,2216-1473,investigium ire ciencias sociales humanas,CO,1,2026-09-15,1.0.0,consolidado,4631ac257d2c6733,,,,,Universidad Cesmag,,False,,,0,,,,,,,,,,,,,,https://investigiumire.unicesmag.edu.co/index.php/ire,https://doaj.org/toc/c1c1a8f69f3a4415bdf1456548656918,2010,Revista Investigium IRE: Ciencias Sociales y Humanas,2216-1473,2357-5239,"psychology, sociology, anthropology, politic science, administration, history",Spanish,Colombia,Universidad Cesmag,,CC BY-NC,,https://investigiumire.unicesmag.edu.co/index.php/ire/about,,False,,Double anonymous peer review,https://investigiumire.unicesmag.edu.co/index.php/ire/about,False,https://investigiumire.unicesmag.edu.co/index.php/ire/about,https://investigiumire.unicesmag.edu.co/index.php/ire/about/editorialTeam,https://investigiumire.unicesmag.edu.co/index.php/ire/about/submissions,8,False,https://investigiumire.unicesmag.edu.co/index.php/ire/about,,False,,False,,,,,,,,True,,,AZ20-999|H1-99,False,No,No,General Works: History of scholarship and learning. The humanities | Social Sciences: Social sciences (General),2019-11-29T18:25:04Z,2023-02-24T10:08:19Z,2023-02-24,183,2026-02-27T20:08:00Z,investigium ire,2000.0,EUR,2160.0,1.08,sin_monto,5684.21,2331.51,EUR,observado,,False,,"['doaj', 'facts', 'openapc', 'publindex']",0.0011037527593818985,False,False,,True,False,True,True,1,,8,True,,0.0806,0.9715,,,-0.9562,0.3846,,,0.0465
1692-7273,2145-4507,,Revista Ciencias De La Salud,2016,A2,Colombia,Distrito Capital,"Bogotá, D. C.","Bogotá, D.C.",11001,No registra,Ciencias de la Salud,Ciencias Médicas y de la Salud,COLEGIO MAYOR NUESTRA SENORA DEL ROSARIO,IES,,,488,1692-7273,ciencias salud,CO,3,2026-09-15,1.0.0,consolidado,28974d0d13d71317,54,21101105022,journal,,Fundacion Universitaria Maria Cano,True,True,0.195,Q3,2,6,46,89,1864,64,83,0.85,40.52,0.49439999999999995,0,2019-2026,"Health Professions (miscellaneous) (Q3); Occupational Therapy (Q3); Physical Therapy, Sports Therapy and Rehabilitation (Q4); Public Health, Environmental and Occupational Health (Q4); Speech and Hearing (Q4)",Health Professions; Medicine,http://revistas.urosario.edu.co/index.php/revsalud,https://doaj.org/toc/b479ac493afd4d4ea122954a56fa8365,2003,,1692-7273,2145-4507,"medical sciences, health sciences",Spanish,Colombia,,,CC BY-NC,,http://revistas.urosario.edu.co/index.php/revsalud/about/submissions#copyrightNotice,True,False,,Double anonymous peer review,http://revistas.urosario.edu.co/index.php/revsalud/about/editorialPolicies#peerReviewProcess,False,http://revistas.urosario.edu.co/index.php/revsalud/about/editorialPolicies#focusAndScope,http://revistas.urosario.edu.co/index.php/revsalud/about/editorialTeam,http://revistas.urosario.edu.co/index.php/revsalud/about/submissions#authorGuidelines,35,False,http://revistas.urosario.edu.co/index.php/revsalud/about/submissions#authorGuidelines,,False,,False,,,,,,,,True,,,R|R5-920,False,No,No,Medicine: Medicine (General),2008-06-17T14:29:21Z,2021-02-23T10:48:17Z,2021-02-23,844,2026-07-30T18:59:03Z,ciencias salud,2000.0,EUR,2160.0,1.08,sin_monto,5684.21,2331.51,EUR,observado,,False,,"['doaj', 'facts', 'openapc', 'publindex', 'scimago']",0.03642384105960265,False,False,,True,False,True,True,1,1.5,35,False,0.7191011235955056,0.1572,0.9715,0.428,-0.3052,1.3333,0.3846,0.1167,0.1,0.3605
0120-0135,2256-2273,,Revista De Ciencias Agricolas,2016,B,Colombia,Pacífico,Nariño,Pasto,52001,Agronomía,"Agricultura, Silvicultura y Pesca",Ciencias Agrícolas,UNIVERSIDAD DE NARINO,IES,,,92,0120-0135,ciencias agricolas,CO,2,2026-09-15,1.0.0,consolidado,66e032db761e976e,54,21101105022,journal,,Fundacion Universitaria Maria Cano,True,True,0.195,Q3,2,6,46,89,1864,64,83,0.85,40.52,0.49439999999999995,0,2019-2026,"Health Professions (miscellaneous) (Q3); Occupational Therapy (Q3); Physical Therapy, Sports Therapy and Rehabilitation (Q4); Public Health, Environmental and Occupational Health (Q4); Speech and Hearing (Q4)",Health Professions; Medicine,http://revistas.udenar.edu.co/index.php/rfacia/index,https://doaj.org/toc/c5e90a61f8484b37842ee4c0d1a60f2b,1969,,0120-0135,2256-2273,"agriculture, environment sciences","Spanish, Portuguese, English",Colombia,"Universidad de Nariño, Facultad de Ciencias Agrícolas",,CC BY-NC,,http://revistas.udenar.edu.co/index.php/rfacia/about/editorialPolicies#custom-11,True,False,,Double anonymous peer review,http://revistas.udenar.edu.co/index.php/rfacia/about/editorialPolicies#custom-3,False,http://revistas.udenar.edu.co/index.php/rfacia/about/editorialPolicies#custom-2,http://revistas.udenar.edu.co/index.php/rfacia/about/editorialTeam,http://revistas.udenar.edu.co/index.php/rfacia/about/submissions#authorGuidelines,36,False,http://revistas.udenar.edu.co/index.php/rfacia/about/editorialPolicies#custom-2,,True,https://drive.google.com/file/d/0B-VF_VgKiRpIUExxWk1JLWZ2VzA/view,False,,,,,,,DOI,True,,,S|S1-972,False,No,No,Agriculture: Agriculture (General),2017-08-10T18:54:42Z,2026-03-19T07:22:52Z,2025-06-19,285,2026-06-10T22:36:12Z,ciencias agricolas,2000.0,EUR,2160.0,1.08,sin_monto,5684.21,2331.51,EUR,observado,,False,,"['doaj', 'facts', 'openapc', 'publindex', 'scimago']",0.03642384105960265,False,False,,True,False,True,True,0,1.0,36,False,0.7191011235955056,0.1572,0.9715,0.428,-0.3052,1.4181,0.3846,0.1167,0.1,0.3721
1657-3412,,,Cuadernos Hispanoamericanos De Psicología,2016,C,Colombia,Distrito Capital,"Bogotá, D. C.","Bogotá, D.C.",11001,No registra,Psicología,Ciencias Sociales,UNIVERSIDAD EL BOSQUE,IES,,,493,1657-3412,hispanoamericanos psicologia,CO,1,2026-09-15,1.0.0,consolidado,25993dcca0a2f13c,,,,,Universidad del Bosque,,False,,,0,,,,,,,,,,,,,,https://revistas.unbosque.edu.co/index.php/CHP/index,https://doaj.org/toc/919474b712b148b6a882a2d52d09009a,2001,,1657-3412,,"culture, social sciences, sociology","English, Spanish",Colombia,,,CC BY-NC-SA,,https://revistas.unbosque.edu.co/index.php/CHP/about,True,False,https://revistas.unbosque.edu.co/index.php/CHP/about,Double anonymous peer review,https://revistas.unbosque.edu.co/index.php/CHP/about,True,https://revistas.unbosque.edu.co/index.php/CHP/about,https://revistas.unbosque.edu.co/index.php/CHP/about/editorialTeam,https://revistas.unbosque.edu.co/index.php/CHP/about/submissions,20,False,https://revistas.unbosque.edu.co/index.php/CHP/about,,False,,False,,,,,,,DOI,True,,,B|BF1-990,False,No,No,Philosophy. Psychology. Religion: Psychology,2013-06-23T16:55:04Z,2026-07-16T19:50:45Z,2026-06-08,144,2026-07-23T21:53:00Z,hispanoamericanos psicologia,1828.24,EUR,1974.5,1.08,sin_monto,5196.05,1828.24,EUR,observado,,True,,"['doaj', 'facts', 'openapc', 'publindex']",0.0011037527593818985,False,False,,True,False,True,True,1,,20,False,,0.0865,0.7481,,,0.0613,0.3513,,,0.186
2145-6569,,,Revista De Psicologia Gepu,2016,B,Colombia,Pacífico,Valle del Cauca,Cali,76001,"Psicología (Incluye Terapias de Aprendizaje, Habla, Visual y Otras Discapacidades Físicas y Mentales)",Psicología,Ciencias Sociales,FUNDACION GRUPO ESTUDIANTIL Y PROFESIONAL DE PSICOLOGIA UNIVALLE,Otras,,,447,2145-6569,psicologia gepu,CO,2,2026-09-15,1.0.0,consolidado,e45a354dc865f60d,,,,,Universidad Autónoma del Estado de México,,False,,,0,,,,,,,,,,,,,,https://hemeroteca.uaemex.mx/index.php/rpsicologia,https://doaj.org/toc/5b78907ca23c4176b5c9bdd315fb003a,2016,,,2007-7149,"behavioral sciences, clinical psychology, occupational psychology, educational psychology, social psychology, psychosocial research",Spanish,Mexico,"Universidad Autónoma del Estado de México, Facultad de Ciencias de la Conducta",Mexico,CC BY-NC-SA,,https://revistapsicologia.uaemex.mx/about,,False,https://revistapsicologia.uaemex.mx/about/submissions,Double anonymous peer review,https://revistapsicologia.uaemex.mx/about,True,https://revistapsicologia.uaemex.mx/about,https://revistapsicologia.uaemex.mx/about/editorialTeam,https://hemeroteca.uaemex.mx/index.php/rpsicologia/about/submissions#authorGuidelines,16,False,https://revistapsicologia.uaemex.mx/about,,False,,False,,,,,,,DOI,True,,,BF1-990,False,No,No,Philosophy. Psychology. Religion: Psychology,2021-01-11T09:56:14Z,2021-01-11T09:56:14Z,2021-01-11,0,,,370.08,EUR,399.69,1.08,sin_monto,1051.82,799.68,EUR,observado,,False,,"['doaj', 'facts', 'openapc', 'publindex']",0.011037527593818985,False,False,,True,False,True,True,2,,16,False,,0.2286,-1.149,,,-0.2778,0.0688,,,0.1395
2145-6151,2145-2946,,Revista Digital De Derecho Administrativo,2016,C,Colombia,Distrito Capital,"Bogotá, D. C.","Bogotá, D.C.",11001,Derecho,Derecho,Ciencias Sociales,UNIVERSIDAD EXTERNADO DE COLOMBIA,IES,,,158,2145-2946,digital derecho administrativo,CO,1,2026-09-15,1.0.0,consolidado,0f08e9166babb12c,88,21101121920,journal,,Universidad de Antioquia,True,True,0.158,Q3,2,4,13,52,576,12,50,0.26,44.31,0.3125,0,2019-2025,Law (Q3); Political Science and International Relations (Q4),Social Sciences,https://revistas.uexternado.edu.co/index.php/Deradm/index,https://doaj.org/toc/8c7ddd048fa04b65b9d235c78273896e,2009,,,2145-2946,"administrative law, contract law",Spanish,Colombia,,,CC BY-NC-SA,,https://revistas.uexternado.edu.co/index.php/derpri/about,,True,https://revistas.uexternado.edu.co/index.php/derpri/about,Double anonymous peer review,https://revistas.uexternado.edu.co/index.php/derpri/about#peerReviewProcess,False,https://revistas.uexternado.edu.co/index.php/derpri/about#focusAndScope,https://revistas.uexternado.edu.co/index.php/Deradm/about/editorialTeam,https://revistas.uexternado.edu.co/index.php/Deradm/information/authors,20,False,https://revistas.uexternado.edu.co/index.php/Deradm/about,,False,,False,,PKP PN,,https://portal.issn.org/resource/ISSN/2145-2946,Open Policy Finder,https://openpolicyfinder.jisc.ac.uk/publication/26705,DOI,True,,,K3150,False,No,No,Law: Law in general. Comparative and uniform law. Jurisprudence: Comparative law. International uniform law: Public law,2014-05-06T14:30:07Z,2026-04-29T14:39:32Z,2026-04-29,588,2026-06-18T20:18:43Z,digital derecho administrativo,1096.16,EUR,1183.85,1.08,sin_monto,3115.39,1096.16,EUR,observado,,False,,"['doaj', 'facts', 'openapc', 'publindex', 'scimago']",0.06181015452538632,False,False,,True,False,True,True,-1,0.5,20,False,0.23076923076923078,0.1987,-0.2043,-0.0472,-0.5873,0.0613,0.2095,0.0713,0.05,0.186
1657-9550,,,Biosalud,2016,A2,Colombia,Eje Cafetero,Caldas,Manizales,17001,No registra,Ciencias de la Salud,Ciencias Médicas y de la Salud,UNIVERSIDAD DE CALDAS,IES,,,576,1657-9550,biosalud,CO,3,2026-09-15,1.0.0,consolidado,be2ffda7c3116f17,131,21101057637,journal,biosalud,Universidad de Caldas,True,False,0.133,Q4,1,2,0,1,0,0,1,0.0,0.0,0.0,0,"2019-2020, 2023",Medicine (miscellaneous) (Q4),Medicine,https://www.ajol.info/index.php/br,https://doaj.org/toc/528eeea1857542f5a61412e1987e0875,2019,Journal of Biological Research and Biotechnology,1596-7409,2705-3822,"biological, biotechnology, cell and molecular biology, medical sciences",English,Nigeria,,,CC BY-NC-ND,,https://www.ajol.info/index.php/br/about,True,True,https://www.ajol.info/index.php/br/about/submissions,Double anonymous peer review,https://www.ajol.info/index.php/br/about/submissions,True,https://www.ajol.info/index.php/br/about,https://www.ajol.info/index.php/br/about/editorialTeam,https://www.ajol.info/index.php/br/about/submissions,10,True,https://www.ajol.info/index.php/br/about/submissions,30000 NGN; 100 USD,False,,False,,,,,,,DOI,True,,,R|QH301-705.5,False,No,No,Medicine | Science: Biology (General),2024-05-31T21:19:15Z,2024-05-31T21:19:15Z,2024-05-31,0,,,30000.0,NGN,19.5,0.00065,convertida,51.32,30000.0,NGN,declarado,,,,"['doaj', 'publindex', 'scimago']",0.008830022075055188,False,False,,True,False,True,True,2,3.0,10,True,0.0,0.5038,-1.6069,-0.3682,-0.8695,-0.7866,0.0006,0.0405,0.0,0.0698
2256-3342,,,Journal Of Agriculture And Animal Sciences,2016,C,Colombia,Eje Cafetero,Antioquia,Caldas,05129,No registra,Ciencias Veterinarias,Ciencias Agrícolas,CORPORACION UNIVERSITARIA LASALLISTA,IES,,,763,2256-3342,agriculture animal sciences,CO,1,2026-09-15,1.0.0,consolidado,d9c3c7bce82a2ba5,,,,,Universidade Estadual de Santa Cruz (UESC),,False,,,0,,,,,,,,,,,,,,http://periodicos.uesc.br/index.php/cultur/index,https://doaj.org/toc/16933122d58e41bba19a8775763c457c,2010,Cultur: Revista de Cultura e Turismo,,1982-5838,"tourism, culture, leisure","Spanish, Portuguese, English",Brazil,Universidade Estadual de Santa Cruz  (UESC),Brazil,CC BY-NC-ND,,http://periodicos.uesc.br/index.php/cultur/about,,True,http://periodicos.uesc.br/index.php/cultur/about,Double anonymous peer review,http://periodicos.uesc.br/index.php/cultur/about,False,http://periodicos.uesc.br/index.php/cultur/about,http://periodicos.uesc.br/index.php/cultur/about/editorialTeam,http://periodicos.uesc.br/index.php/cultur/about/submissions,24,False,http://periodicos.uesc.br/index.php/cultur/about,,False,,False,,,,,,,DOI,True,,,GT1-7070|GV181.35-181.6,False,No,No,Geography. Anthropology. Recreation: Manners and customs (General) | Geography. Anthropology. Recreation: Recreation. Leisure: Recreation leadership. Administration of recreation services,2022-08-28T07:16:33Z,2022-08-28T07:16:33Z,2022-08-28,0,,,263.1,EUR,284.15,1.08,sin_monto,747.76,1557.92,EUR,observado,,False,,"['doaj', 'facts', 'openapc', 'publindex']",0.0033112582781456954,False,False,,True,False,True,True,1,,24,False,,0.2599,-1.2881,,,0.4005,0.0481,,,0.2326
1657-0448,1657-0448,,Revista De La Asociación Colombiana De Dermatología Y Cirugía Dermatológica,2016,C,Colombia,Distrito Capital,"Bogotá, D. C.","Bogotá, D.C.",11001,Otros Temas de Medicina Clínica,Medicina Clínica,Ciencias Médicas y de la Salud,ASOCIACION COLOMBIANA DE DERMATOLOGIA Y CIRUGIA DERMATOLOGICA,Otras,,,303,1657-0448,asociacion colombiana dermatologia cirugia dermatologica,CO,1,2026-09-15,1.0.0,consolidado,62993750c3154bc7,163,21101259010,journal,,Asociación Colombiana de Dermatología y Cirugía Dermatológica,True,True,0.105,Q4,1,2,58,123,889,5,91,0.06,15.33,0.5539999999999999,0,2020-2026,Dermatology (Q4); Surgery (Q4),Medicine,https://revista.asocolderma.org.co/index.php/asocolderma,https://doaj.org/toc/c6e5fe82ca8543728883646ab8de7d5f,2022,,1657-0448,2590-843X,"dermatology, dermatologic surgery, skin diseases, clinical medicine, pathology, medical research","Spanish, English",Colombia,,,CC BY-NC-SA,,https://revista.asocolderma.org.co/index.php/asocolderma/about,True,True,https://revista.asocolderma.org.co/index.php/asocolderma/about/submissions,Double anonymous peer review,https://revista.asocolderma.org.co/index.php/asocolderma/peer-review,True,https://revista.asocolderma.org.co/index.php/asocolderma/about,https://revista.asocolderma.org.co/index.php/asocolderma/about/editorialTeam,https://revista.asocolderma.org.co/index.php/asocolderma/about/submissions,48,False,https://revista.asocolderma.org.co/index.php/asocolderma/policies,,False,,False,,Portico,,https://portal.issn.org/resource/ISSN/2590-843X,,,DOI,True,,,RL1-803,False,No,No,Medicine: Dermatology,2025-07-24T12:34:38Z,2025-07-24T12:34:38Z,2025-07-24,1503,2026-07-28T17:07:45Z,asociacion colombiana dermatologia cirugia dermatologica,1339.36,EUR,1446.51,1.08,sin_monto,3806.61,1339.36,EUR,observado,,False,,"['doaj', 'facts', 'openapc', 'publindex', 'scimago']",0.0011037527593818985,False,False,,True,False,True,True,0,1.0,48,False,0.04065040650406504,0.1147,0.1121,-0.7278,-0.8695,2.4356,0.2566,0.0061,0.0,0.5116
2256-1676,,,I+D Revista De Investigaciones,2016,C,Colombia,Centro Oriente,Santander,Bucaramanga,68001,No registra,Otras Ciencias Sociales,Ciencias Sociales,CORPORACION UNIVERSIDAD DE INVESTIGACION Y DESARROLLO,IES,,,"1,200",2256-1676,i d investigaciones,CO,1,2026-09-15,1.0.0,consolidado,841a719b832e3222,,,,,Universidad de Investigación y Desarrollo,,False,,,0,,,,,,,,,,,,,,https://sievi.udi.edu.co/ojs/index.php/ID,https://doaj.org/toc/a2628617acf943daaa1972ba0aa8c274,2013,,2256-1676,2539-519X,"technology, innovation, engineering, science","English, Spanish",Colombia,,,CC BY-NC-SA,,https://sievi.udi.edu.co/ojs/index.php/ID/about,,True,https://sievi.udi.edu.co/ojs/index.php/ID/about,Anonymous peer review,https://sievi.udi.edu.co/ojs/index.php/ID/about,True,https://sievi.udi.edu.co/ojs/index.php/ID/about/,https://sievi.udi.edu.co/ojs/index.php/ID/about/editorialTeam,https://sievi.udi.edu.co/ojs/index.php/ID/about/submissions,12,False,https://sievi.udi.edu.co/ojs/index.php/ID/about/,,False,,False,,,,,,,DOI,True,,,T1-995|H1-99,False,No,No,Technology: Technology (General) | Social Sciences: Social sciences (General),2018-11-13T17:34:40Z,2026-06-19T14:15:28Z,,527,2026-07-29T17:46:03Z,i d investigaciones,405.79,EUR,438.25,1.08,sin_monto,1153.29,2095.8,EUR,observado,,False,,"['doaj', 'facts', 'openapc', 'publindex']",0.0011037527593818985,False,False,,True,False,True,True,1,,12,True,,0.2198,-1.1025,,,-0.617,0.0757,,,0.093
0123-1154,,,Revista Ibero- Latinoamericana De Seguros,2016,B,Colombia,Distrito Capital,"Bogotá, D. C.","Bogotá, D.C.",11001,No registra,Otras Ciencias Sociales,Ciencias Sociales,PONTIFICIA UNIVERSIDAD JAVERIANA,IES,,,193,0123-1154,ibero latinoamericana seguros,CO,2,2026-09-15,1.0.0,consolidado,40a7f27855646a8b,,,,,University of Silesia Press,,False,,,0,,,,,,,,,,,,,,https://www.journals.us.edu.pl/index.php/RIAS,https://doaj.org/toc/72aa9d71a2c740e6ab9a52c3b1389a70,2006,RIAS,,1991-2773,"american studies, hemispheric american studies, transoceanic american studies, cultural studies, literary studies, cultural anthropology","English, Spanish, Portuguese, French",Poland,International American Studies Association,Spain,CC BY-SA,,https://www.journals.us.edu.pl/index.php/RIAS,True,True,https://www.journals.us.edu.pl/index.php/RIAS,Double anonymous peer review,https://www.journals.us.edu.pl/index.php/RIAS/recenzja,False,https://www.journals.us.edu.pl/index.php/RIAS/cel,https://www.journals.us.edu.pl/index.php/RIAS/about/editorialTeam,https://www.journals.us.edu.pl/index.php/RIAS/about/submissions,50,False,https://www.journals.us.edu.pl/index.php/RIAS,,False,,False,,"CLOCKSS, LOCKSS, PKP PN",,,Free to re-publish the RIAS-published version.,https://www.journals.us.edu.pl/index.php/RIAS,DOI,True,,,PS1-3576,False,No,No,Language and Literature: American literature,2021-01-12T14:49:39Z,2021-01-12T14:49:38Z,2021-01-12,1,2022-10-25T10:16:22Z,,1828.24,EUR,1974.5,1.08,sin_monto,5196.05,1828.24,EUR,observado,,True,,"['doaj', 'facts', 'openapc', 'publindex']",0.0033112582781456954,False,False,,True,False,True,True,2,,50,False,,0.0865,0.7481,,,2.6052,0.3513,,,0.5349
0123-5931,2256-5450,,"Literatura: Teoria, Historia, Critica",2016,A2,Colombia,Distrito Capital,"Bogotá, D. C.","Bogotá, D.C.",11001,No registra,Idiomas y Literatura,Humanidades,UNIVERSIDAD NACIONAL DE COLOMBIA,IES,,,"1,141",0123-5931,literatura teoria historia critica,CO,3,2026-09-15,1.0.0,consolidado,8a822f9dbcdb2786,105,21100944295,journal,literatura teoria historia critica,Universidad Nacional de Colombia,True,True,0.146,Q2,3,4,21,79,548,13,65,0.1,26.1,0.3889,0,2019-2026,Literature and Literary Theory (Q2),Arts and Humanities,http://www.revistas.unal.edu.co/index.php/lthc,https://doaj.org/toc/b925bf7cdcf043ca9de0e722339e42b1,2004,,0123-5931,2256-5450,"literary theory, comparative literature, cultural studies, literary criticism, literary studies",Spanish,Colombia,,,CC BY-NC-ND,,http://www.revistas.unal.edu.co/index.php/lthc/about/editorialPolicies#openAccessPolicy,True,False,https://revistas.unal.edu.co/index.php/lthc/about/submissions,Double anonymous peer review,http://www.revistas.unal.edu.co/index.php/lthc/about/editorialPolicies#peerReviewProcess,False,http://www.revistas.unal.edu.co/index.php/lthc/about/editorialPolicies#focusAndScope,http://www.revistas.unal.edu.co/index.php/lthc/about/editorialTeam,http://www.revistas.unal.edu.co/index.php/lthc/about/submissions#authorGuidelines,13,False,http://www.revistas.unal.edu.co/index.php/lthc/about/editorialPolicies#custom-2,,False,,False,,,,,,,DOI,True,,,PN1-6790,False,No,No,Language and Literature: Literature (General),2012-12-22T09:20:24Z,2025-03-31T10:09:29Z,2025-03-31,734,2025-04-07T13:56:15Z,literatura teoria historia critica,1116.0,EUR,1205.28,1.08,sin_monto,3171.79,1116.0,EUR,observado,,True,,"['doaj', 'facts', 'openapc', 'publindex', 'scimago']",0.04525386313465784,False,False,,True,False,True,True,0,1.0,13,False,0.16455696202531644,0.1814,-0.1785,-0.2013,-0.5873,-0.5322,0.2133,0.0565,0.05,0.1047
2027-1840,1657-0448,,Revista Colombiana De Ciencia Animal,2016,C,Colombia,Centro Sur,Tolima,Ibagué,73001,Ciencias Veterinarias,Ciencias Veterinarias,Ciencias Agrícolas,UNIVERSIDAD DEL TOLIMA,IES,,,"1,082",2027-1840,colombiana ciencia animal,CO,1,2026-09-15,1.0.0,consolidado,bbeb9343638e754f,163,21101259010,journal,,Elsevier,True,False,0.105,Q4,1,2,58,123,889,5,91,0.06,15.33,0.5539999999999999,0,2020-2026,Dermatology (Q4); Surgery (Q4),Medicine,https://www.sciencedirect.com/journal/animal,https://doaj.org/toc/09a42f4ea1b84b24a433b7f77c7a169a,2021,,1751-7311,1751-732X,"nutrition, physiology, livestock farming, animal breeding, animal welfare, animal products",English,Netherlands,BSAS: British Society of Animal Science,United Kingdom,"CC BY, CC BY-NC-ND",,https://www.sciencedirect.com/science/journal/17517311/publish/open-access-options,True,False,https://www.sciencedirect.com/science/journal/17517311/publish/open-access-options,Anonymous peer review,https://www.sciencedirect.com/journal/animal/publish/guide-for-authors,True,https://www.sciencedirect.com/journal/animal/about/aims-and-scope,https://www.sciencedirect.com/journal/animal/about/editorial-board,https://www.sciencedirect.com/journal/animal/publish/guide-for-authors,35,True,https://www.sciencedirect.com/science/journal/17517311/publish/open-access-options,2000 USD,True,https://www.elsevier.com/authors/open-access/choice#waivers,False,,"CLOCKSS, Portico",,https://www.elsevier.com/about/policies-and-standards/digital-archive,,,DOI,True,,,SF1-1100,False,No,No,Agriculture: Animal culture,2021-05-06T08:35:05Z,2026-04-27T14:13:16Z,2026-04-27,5563,2026-07-15T04:27:21Z,,2244.95,EUR,2424.55,1.08,convertida,6380.39,2000.0,USD,observado,,True,,"['doaj', 'facts', 'openapc', 'publindex', 'scimago']",0.002207505518763797,False,False,,True,False,True,True,0,1.0,35,False,0.04065040650406504,0.0771,1.2902,-0.7278,-0.8695,1.3333,0.4321,0.0061,0.0,0.3605
2011-5318,2462-8654,,Educacion Y Desarrollo Social,2016,C,Colombia,Distrito Capital,"Bogotá, D. C.","Bogotá, D.C.",11001,"Educación General (Incluye Capacitación, Pedagogía)",Ciencias de la Educación,Ciencias Sociales,UNIVERSIDAD MILITAR NUEVA GRANADA,IES,,,579,2011-5318,educacion desarrollo social,CO,1,2026-09-15,1.0.0,consolidado,d7be5ef07b0a179c,96,19500157818,journal,,Pontificia Universidad Javeriana,True,True,0.152,Q4,1,16,7,28,319,13,28,0.27,45.57,0.2778,0,2008-2025,"Agronomy and Crop Science (Q4); Economics and Econometrics (Q4); Geography, Planning and Development (Q4)","Agricultural and Biological Sciences; Economics, Econometrics and Finance; Social Sciences",https://fh.mdp.edu.ar/revistas/index.php/r_educ,https://doaj.org/toc/7ea52ed84fda4fa586ee5f3a55f33944,2010,,1853-1318,1853-1326,"education, teacher training, didactics, teaching",Spanish,Argentina,"Universidad Nacional de Mar del Plata, Facultad de Humanidades, Centro de Investigaciones multidisciplinarias en Educación",,CC BY-NC-SA,,https://fh.mdp.edu.ar/revistas/index.php/r_educ/about/submissions#copyrightNotice,,True,https://fh.mdp.edu.ar/revistas/index.php/r_educ/about/submissions#copyrightNotice,Double anonymous peer review,https://fh.mdp.edu.ar/revistas/index.php/r_educ/about/editorialPolicies#peerReviewProcess,True,https://fh.mdp.edu.ar/revistas/index.php/r_educ/about/editorialPolicies#focusAndScope,https://fh.mdp.edu.ar/revistas/index.php/r_educ/about/editorialTeam,https://fh.mdp.edu.ar/revistas/index.php/r_educ/about/submissions#authorGuidelines,8,False,https://fh.mdp.edu.ar/revistas/index.php/r_educ/about/submissions#authorGuidelines,,False,,False,https://fh.mdp.edu.ar/revistas/index.php/r_educ/about/submissions#authorGuidelines,,,,,,,True,,,L7-991|LC8-6691|LB5-3640,False,No,No,Education: Education (General) | Education: Special aspects of education | Education: Theory and practice of education,2020-08-14T14:13:13Z,2020-08-14T14:13:13Z,2020-08-14,0,,,2676.26,EUR,2890.36,1.08,sin_monto,7606.21,1630.43,EUR,observado,,True,,"['doaj', 'facts', 'openapc', 'publindex', 'scimago']",0.033112582781456956,False,False,,True,False,True,True,0,1.0,8,True,0.4642857142857143,0.0966,1.8513,-0.1242,1.1056,-0.9562,0.5156,0.0639,0.35,0.0465
1900-9771,,,Revista Gestión Y Región,2016,C,Colombia,Eje Cafetero,Risaralda,Pereira,66001,Economía,Economía y Negocios,Ciencias Sociales,UNIVERSIDAD CATOLICA DE PEREIRA,IES,,,"1,098",1900-9771,gestion region,CO,1,2026-09-15,1.0.0,consolidado,b042ad82270d0f3a,,,,,ERSA,,False,,,0,,,,,,,,,,,,,,http://openjournals.wu.ac.at/region/,https://doaj.org/toc/e12b00ae98384ef6b106692936f8bdd4,2014,,,2409-5370,"regional science, regional economics, economic geography, urban economics, planning",English,Austria,European Regional Science Association,Belgium,CC BY,,http://openjournals.wu.ac.at/ojs/index.php/region/about/submissions#copyrightNotice,True,True,http://openjournals.wu.ac.at/ojs/index.php/region/about/submissions#copyrightNotice,Double anonymous peer review,http://openjournals.wu.ac.at/ojs/index.php/region/about/editorialPolicies#peerReviewProcess,True,http://openjournals.wu.ac.at/ojs/index.php/region/about/editorialPolicies#focusAndScope,http://openjournals.wu.ac.at/ojs/index.php/region/about/displayMembership/1,http://openjournals.wu.ac.at/ojs/index.php/region/about/submissions#authorGuidelines,10,False,http://openjournals.wu.ac.at/region/page2.html,,False,,False,,PKP PN,,https://openjournals.wu.ac.at/ojs/index.php/region/about,Open Policy Finder,https://openjournals.wu.ac.at/ojs/index.php/region/about,DOI,True,,,Q1-390|H1-99,False,No,No,Science: Science (General) | Social Sciences: Social sciences (General),2015-05-21T13:50:41Z,2022-12-20T08:08:08Z,2022-12-20,194,2026-08-06T11:54:32Z,,104.17,EUR,112.5,1.08,sin_monto,296.05,104.17,EUR,observado,,True,,"['doaj', 'facts', 'openapc', 'publindex']",0.002207505518763797,False,False,,True,False,True,True,1,,10,True,,0.3264,-1.4949,,,-0.7866,0.0173,,,0.0698
2215-7190,2145-4493,,Revista Análisis Internacional (Rai),2016,C,No disponible,No disponible,No disponible,No disponible,,No registra,Ciencias Políticas,Ciencias Sociales,UNIVERSIDAD JORGE TADEO LOZANO,IES,,,61,2215-7190,analisis internacional rai,CO,1,2026-09-15,1.0.0,consolidado,964e8c3299c1af60,149,21100235613,journal,,Universidad del Rosario,True,True,0.117,Q4,1,5,7,35,453,4,16,0.12,64.71,0.5,0,2012-2025,Law (Q4),Social Sciences,https://papiro.unizar.es/ojs/index.php/analisis/index,https://doaj.org/toc/fde524bcd11b4a13952117586c38c179,2014,Análisis: Revista de Investigación Filosófica,,2386-8066,"philosophy, political philosophy, ethics, philosophy of language, epistemology","English, Spanish",Spain,"Universidad de Zaragoza, Servicio de Publicaciones",,CC BY-NC-ND,,https://papiro.unizar.es/ojs/index.php/analisis/openaccess,,True,https://papiro.unizar.es/ojs/index.php/analisis/about/submissions#authorGuidelines,Double anonymous peer review,https://papiro.unizar.es/ojs/index.php/analisis/about,False,https://papiro.unizar.es/ojs/index.php/analisis/about,https://papiro.unizar.es/ojs/index.php/analisis/about/editorialTeam,https://papiro.unizar.es/ojs/index.php/analisis/about/submissions#authorGuidelines,20,False,https://papiro.unizar.es/ojs/index.php/analisis/index,,False,,False,https://papiro.unizar.es/ojs/index.php/analisis/index,,,,Dulcinea,,DOI,True,,,BD143-237|B1-5802,False,No,No,Philosophy. Psychology. Religion: Speculative philosophy: Epistemology. Theory of knowledge | Philosophy. Psychology. Religion: Philosophy (General),2019-04-04T22:57:53Z,2019-08-30T10:04:17Z,2019-08-30,0,,,2258.19,EUR,2438.85,1.08,sin_monto,6418.03,2258.19,EUR,observado,,True,,"['doaj', 'facts', 'openapc', 'publindex', 'scimago']",0.01545253863134658,False,False,,True,False,True,True,0,1.0,20,False,0.11428571428571428,0.0855,1.3074,-0.5737,-0.4463,0.0613,0.4346,0.0209,0.075,0.186
0122-1213,,,Prospectiva,2016,B,Colombia,Pacífico,Valle del Cauca,Cali,76001,Otras Ciencias Sociales,Otras Ciencias Sociales,Ciencias Sociales,UNIVERSIDAD DEL VALLE,IES,,,515,0122-1213,prospectiva,CO,2,2026-09-15,1.0.0,consolidado,79c14cb7deae5ae2,,,,,Universidad del Valle,,False,,,0,,,,,,,,,,,,,,https://revistaprospectiva.univalle.edu.co,https://doaj.org/toc/3b6317bd8b604f98b40b73f4f92db338,2007,,0122-1213,2389-993X,"social science, social intervention, social thought",Spanish,Colombia,,,CC BY-NC-SA,,https://revistaprospectiva.univalle.edu.co/index.php/prospectiva/about/submissions#copyrightNotice,True,False,https://revistaprospectiva.univalle.edu.co/index.php/prospectiva/about/submissions#copyrightNotice,Double anonymous peer review,https://revistaprospectiva.univalle.edu.co/index.php/prospectiva/revisionpares,False,https://revistaprospectiva.univalle.edu.co/index.php/prospectiva/enfoqueyalcance,https://revistaprospectiva.univalle.edu.co/index.php/prospectiva/about/editorialTeam,https://revistaprospectiva.univalle.edu.co/index.php/prospectiva/information/authors,20,False,https://revistaprospectiva.univalle.edu.co/index.php/prospectiva/information/authors,,False,,False,,,,,,,DOI,True,,,HV1-9960|H1-99,False,No,No,Social Sciences: Social pathology. Social and public welfare. Criminology | Social Sciences: Social sciences (General),2017-10-31T16:55:42Z,2024-11-20T07:45:58Z,2024-11-20,609,2026-07-29T16:29:07Z,prospectiva,2838.0,EUR,3065.04,1.08,sin_monto,8065.89,2838.0,EUR,observado,,True,,"['doaj', 'facts', 'openapc', 'publindex']",0.006622516556291391,False,False,,True,False,True,True,2,,20,False,,0.0605,2.0618,,,0.0613,0.547,,,0.186
0120-5498,2389-8356,,Medicina,2016,B,Colombia,Distrito Capital,"Bogotá, D. C.","Bogotá, D.C.",11001,No registra,Ciencias de la Salud,Ciencias Médicas y de la Salud,ACADEMIA NACIONAL DE MEDICINA,Otras,,,390,0120-5498,medicina,CO,2,2026-09-15,1.0.0,consolidado,ac17706c8647b21f,141,21101151818,journal,,Universidad de Antioquia,True,True,0.126,Q4,1,4,0,62,0,16,50,0.28,0.0,0.0,0,2020-2023,Education (Q4); Medical Laboratory Technology (Q4); Medicine (miscellaneous) (Q4),Health Professions; Medicine; Social Sciences,https://revistamedicina.net/,https://doaj.org/toc/63e39d75965b4aeea1ecb4cb32cc5c86,1997,,0120-5498,2389-8356,"medicine, therapeutics, health sciences, medical education, health care, history of medicine",Spanish,Colombia,Academia Nacional de Medicina (Colombia),,CC BY,,https://revistamedicina.net/openaccess,,False,http://revistamedicina.net/ojsanm/index.php/Medicina/about/submissions,Double anonymous peer review,http://revistamedicina.net/ojsanm/index.php/Medicina/about/submissions,False,https://revistamedicina.net/aboutmagazine,https://revistamedicina.net/editorialBoard,https://revistamedicina.net/authorsrules,10,False,https://revistamedicina.net/openaccess,,False,,False,,,,,,,,True,,,R5-920,False,No,No,Medicine: Medicine (General),2015-12-07T14:03:21Z,2025-10-23T06:28:20Z,2025-10-23,1329,2019-01-21T19:21:53Z,medicina,1448.6,EUR,1564.49,1.08,sin_monto,4117.08,1448.6,EUR,observado,,False,,"['doaj', 'facts', 'openapc', 'publindex', 'scimago']",0.06181015452538632,False,False,,True,False,True,True,1,2.0,10,True,0.25806451612903225,0.13,0.2542,-0.4581,-0.5873,-0.7866,0.2778,0.0319,0.05,0.0698
0120-3630,2357-3740,,Boletín De Ciencias De La Tierra,2016,A2,Colombia,Eje Cafetero,Antioquia,Medellín,05001,Geología,Ciencias de la Tierra y Medioambientales,Ciencias Naturales,UNIVERSIDAD NACIONAL DE COLOMBIA,IES,,,298,0120-3630,ciencias tierra,CO,3,2026-09-15,1.0.0,consolidado,865b46ce691ac809,127,21101204535,journal,ciencias tierra,Universidad Nacional de Colombia,True,True,0.134,Q4,1,4,10,35,298,13,31,0.43,29.8,0.2273,0,2019-2025,Earth and Planetary Sciences (miscellaneous) (Q4),Earth and Planetary Sciences,http://revistas.unal.edu.co/index.php/rbct,https://doaj.org/toc/fa1d792cf2ad48baafc758d81744607d,2006,,0120-3630,2357-3740,"geophysics, earth sciences, regional geology, geomorphology, mineralogy and petrography",Spanish,Colombia,,,CC BY-NC-ND,,https://revistas.unal.edu.co/index.php/rbct/index,,False,,Double anonymous peer review,http://revistas.unal.edu.co/index.php/rbct/about/editorialPolicies#peerReviewProcess,True,http://revistas.unal.edu.co/index.php/rbct/about/editorialPolicies#focusAndScope,http://revistas.unal.edu.co/index.php/rbct/about/editorialTeam,http://revistas.unal.edu.co/index.php/rbct/about/submissions#authorGuidelines,24,False,https://revistas.unal.edu.co/index.php/rbct/about/editorialPolicies#focusAndScope,,False,,False,,,,,Open Policy Finder,,,True,,,Q|QE1-996.5,False,No,No,Science: Geology,2017-11-16T23:24:20Z,2022-08-17T18:09:46Z,2022-08-17,300,2026-06-01T21:07:31Z,ciencias tierra,2000.0,EUR,2160.0,1.08,sin_monto,5684.21,2331.51,EUR,observado,,False,,"['doaj', 'facts', 'openapc', 'publindex', 'scimago']",0.04525386313465784,False,False,,True,False,True,True,2,3.0,24,False,0.37142857142857144,0.108,0.9715,-0.3554,-0.5873,0.4005,0.3846,0.0418,0.05,0.2326
0120-131X,0123-5095,,Cuestiones Teológicas Y Filosóficas,2016,B,Colombia,Eje Cafetero,Antioquia,Medellín,05001,Teología,Otras Humanidades,Humanidades,UNIVERSIDAD PONTIFICIA BOLIVARIANA,IES,,,44,0120-131X,cuestiones teologicas filosoficas,CO,2,2026-09-15,1.0.0,consolidado,c6af1bb16bde791c,132,21101183655,journal,,Universidad Pedagogica y Tecnologica de Colombia,True,True,0.131,Q3,2,3,26,60,530,9,52,0.08,20.38,0.35,0,2019-2026,Philosophy (Q3),Arts and Humanities,https://revistas.upb.edu.co/index.php/cuestiones/index,https://doaj.org/toc/e59c4d2bb2ae4e18ab111da3c5b76a97,2005,,0120-131X,2389-9980,"theology, bible, pastoral, spirituality",Spanish,Colombia,Universidad Pontificia Bolivariana,,CC BY-NC,,https://revistas.upb.edu.co/index.php/cuestiones/about/submissions#copyrightNotice,,True,https://revistas.upb.edu.co/index.php/cuestiones/about/submissions#copyrightNotice,Anonymous peer review,https://revistas.upb.edu.co/index.php/cuestiones/about/editorialPolicies#peerReviewProcess,True,https://revistas.upb.edu.co/index.php/cuestiones/about/editorialPolicies#focusAndScope,https://revistas.upb.edu.co/index.php/cuestiones/about/editorialTeam,https://revistas.upb.edu.co/index.php/cuestiones/about/submissions#authorGuidelines,20,False,https://revistas.upb.edu.co/index.php/cuestiones/about/editorialPolicies#openAccessPolicy,,False,,False,https://revistas.upb.edu.co/index.php/cuestiones/about/editorialPolicies#openAccessPolicy,,,,,,,True,,,BS1-2970|BV1-5099|BT10-1480,False,No,No,Philosophy. Psychology. Religion: The Bible | Philosophy. Psychology. Religion: Practical Theology | Philosophy. Psychology. Religion: Doctrinal Theology,2019-03-10T18:00:25Z,2019-03-10T18:00:25Z,2019-03-10,876,2026-07-24T00:00:49Z,cuestiones teologicas,1300.0,EUR,1404.0,1.08,sin_monto,3694.74,1300.0,EUR,observado,,False,,"['doaj', 'facts', 'openapc', 'publindex', 'scimago']",0.012141280353200883,False,False,,True,False,True,True,0,1.0,20,False,0.15,0.1463,0.0609,-0.3939,-0.7284,0.0613,0.249,0.0381,0.025,0.186
1692-8156,2011-1703,,International Law : Revista Colombiana De Derecho Internacional,2016,A2,Colombia,Distrito Capital,"Bogotá, D. C.","Bogotá, D.C.",11001,Derecho,Derecho,Ciencias Sociales,PONTIFICIA UNIVERSIDAD JAVERIANA,IES,,,498,1692-8156,law colombiana derecho internacional,CO,3,2026-09-15,1.0.0,consolidado,8701a438d454e391,88,21101121920,journal,,Universidad de Antioquia,True,True,0.158,Q3,2,4,13,52,576,12,50,0.26,44.31,0.3125,0,2019-2025,Law (Q3); Political Science and International Relations (Q4),Social Sciences,https://revistas.ucsc.cl/index.php/revistaderecho,https://doaj.org/toc/d5449d3810a34fafb08148c9ac0f9c25,2021,Revista de Derecho de la Universidad Católica de la Santísima Concepción,,2735-6337,"legal sciences, law, jurisprudence, history law, public law, private law","Portuguese, Italian, French, English, Spanish",Chile,,,CC BY,,https://revistas.ucsc.cl/index.php/revistaderecho/about,True,False,https://revistas.ucsc.cl/index.php/revistaderecho/about/submissions#authorGuidelines,Double anonymous peer review,https://revistas.ucsc.cl/index.php/revistaderecho/PeerReviewProcess,True,https://revistas.ucsc.cl/index.php/revistaderecho/about,https://revistas.ucsc.cl/index.php/revistaderecho/about/editorialTeam,https://revistas.ucsc.cl/index.php/revistaderecho/about/submissions#authorGuidelines,10,False,https://revistas.ucsc.cl/index.php/revistaderecho/about/submissions#authorGuidelines,,False,,False,,,,,,,DOI,True,,,K,False,No,No,Law,2024-11-05T07:14:45Z,2024-11-05T07:14:45Z,2024-11-05,126,2025-08-11T14:01:00Z,,2647.58,EUR,2859.39,1.08,sin_monto,7524.71,2258.06,EUR,observado,,True,,"['doaj', 'facts', 'openapc', 'publindex', 'scimago']",0.06181015452538632,False,False,,True,False,True,True,1,1.5,10,True,0.23076923076923078,0.1013,1.814,-0.0472,-0.5873,-0.7866,0.5101,0.0713,0.05,0.0698
0123-4471,,,Revista Del Departamento De Antropología Y Sociología Facultad De Ciencias Jurídicas Y Sociales,2016,B,Colombia,Eje Cafetero,Caldas,Manizales,17001,Antropología,Sociología,Ciencias Sociales,UNIVERSIDAD DE CALDAS,IES,,,227,0123-4471,departamento antropologia sociologia facultad ciencias juridicas sociales,CO,2,2026-09-15,1.0.0,consolidado,c5091857af3da669,54,21101105022,journal,,Fundacion Universitaria Maria Cano,True,True,0.195,Q3,2,6,46,89,1864,64,83,0.85,40.52,0.49439999999999995,0,2019-2026,"Health Professions (miscellaneous) (Q3); Occupational Therapy (Q3); Physical Therapy, Sports Therapy and Rehabilitation (Q4); Public Health, Environmental and Occupational Health (Q4); Speech and Hearing (Q4)",Health Professions; Medicine,https://revistasojs.ucaldas.edu.co/index.php/virajes/index,https://doaj.org/toc/699c207a46be4e2eb2598add71549e0d,2008,,0123-4471,2462-9782,"anthropology, sociology, ethnography, ethnology, social sciences","French, Portuguese, English, Spanish",Colombia,,,CC BY,,https://revistasojs.ucaldas.edu.co/index.php/virajes/ethics,True,False,https://revistasojs.ucaldas.edu.co/index.php/virajes/about/submissions,Double anonymous peer review,https://revistasojs.ucaldas.edu.co/index.php/virajes/about/submissions,True,https://revistasojs.ucaldas.edu.co/index.php/virajes/about,https://revistasojs.ucaldas.edu.co/index.php/virajes/about/editorialTeam,https://revistasojs.ucaldas.edu.co/index.php/virajes/about/submissions,48,False,https://revistasojs.ucaldas.edu.co/index.php/virajes/about,,False,,False,,,,,,,DOI,True,,,GN1-890,False,No,No,Geography. Anthropology. Recreation: Anthropology,2022-03-07T08:39:45Z,2022-03-07T08:39:45Z,2022-03-07,577,2026-06-17T23:38:59Z,antropologia sociologia virajes,2681.0,EUR,2895.48,1.08,sin_monto,7619.68,2681.0,EUR,observado,,True,,"['doaj', 'facts', 'openapc', 'publindex', 'scimago']",0.03642384105960265,False,False,,True,False,True,True,0,1.0,48,False,0.7191011235955056,0.1237,1.8575,0.428,-0.3052,2.4356,0.5166,0.1167,0.1,0.5116
1909-2407,,,"Revista Salud, Historia Y Sanidad On-Line",2016,C,Colombia,Centro Oriente,Boyacá,Tunja,15001,No registra,Ciencias de la Salud,Ciencias Médicas y de la Salud,ASOCIACION DE GRADUADOS DE ENFERMERIA,Otras,UNIVERSIDAD PEDAGOGICA Y TECNOLOGICA DE COLOMBIA,,438,1909-2407,salud historia sanidad line,CO,1,2026-09-15,1.0.0,consolidado,1f9a0fc1ec052d64,,,,,"Universidad Nacional, Costa Rica",,False,,,0,,,,,,,,,,,,,,http://www.revistas.una.ac.cr/historia,https://doaj.org/toc/fbee54fd818c4dee805478f8807e30a5,1985,,1012-9790,2215-4744,"history, historiography, costa rican history, central american history, latin american history",Spanish,Costa Rica,"Universidad Nacional, Costa Rica",,CC BY-NC-SA,,http://www.revistas.una.ac.cr/index.php/historia/noticeofcopyright,,False,,Double anonymous peer review,http://www.revistas.una.ac.cr/index.php/historia/arbitrationsystem,True,http://www.revistas.una.ac.cr/index.php/historia/approachandscope,http://www.revistas.una.ac.cr/index.php/historia/about/editorialTeam,http://www.revistas.una.ac.cr/index.php/historia/guidelinesforauthors,8,False,http://www.revistas.una.ac.cr/index.php/historia/policies,,False,,False,,,,,,,,True,,,D1-2009|F1201-3799|BT1313-1480,False,No,No,History (General) and history of Europe: History (General) | History America: Latin America. Spanish America | Philosophy. Psychology. Religion: Doctrinal Theology: History of specific doctrines and movements. Heresies and schisms,2019-04-25T00:54:35Z,2022-09-26T12:59:42Z,2022-09-26,731,2024-10-27T19:12:28Z,,1116.0,EUR,1205.28,1.08,sin_monto,3171.79,1116.0,EUR,observado,,True,,"['doaj', 'facts', 'openapc', 'publindex']",0.011037527593818985,False,False,,True,False,True,True,1,,8,True,,0.1242,-0.1785,,,-0.9562,0.2133,,,0.0465
2248-7441,,,Revista Antioqueña De Las Ciencias Computacionales Y La Ingeniería De Software (Raccis),2016,C,Colombia,Eje Cafetero,Antioquia,Medellín,05001,No registra,Computación y Ciencias de la Información,Ciencias Naturales,CORPORACION INSTITUTO ANTIOQUENO DE INVESTIGACION,Otras,,,177,2248-7441,antioquena ciencias computacionales ingenieria software raccis,CO,1,2026-09-15,1.0.0,consolidado,219e2b01325a22b6,54,21101105022,journal,,Fundacion Universitaria Maria Cano,True,False,0.195,Q3,2,6,46,89,1864,64,83,0.85,40.52,0.49439999999999995,0,2019-2026,"Health Professions (miscellaneous) (Q3); Occupational Therapy (Q3); Physical Therapy, Sports Therapy and Rehabilitation (Q4); Public Health, Environmental and Occupational Health (Q4); Speech and Hearing (Q4)",Health Professions; Medicine,https://www.mdpi.com/journal/software,https://doaj.org/toc/a2b7e713a8314df7a82d70dd9376e603,2022,,,2674-113X,"software requirements, software security, software metrics, continuous software engineering, devops, public sector software systems",English,Switzerland,,,CC BY,,https://www.mdpi.com/journal/software/about#copyright,True,True,https://www.mdpi.com/authors/rights,Anonymous peer review,https://www.mdpi.com/journal/software/instructions#editorial_procedure,True,https://www.mdpi.com/journal/software/about,https://www.mdpi.com/journal/software/editors,https://www.mdpi.com/journal/software/instructions,6,True,https://www.mdpi.com/journal/software/apc,1000 CHF,True,https://www.mdpi.com/apc,False,,CLOCKSS,Swiss National Library,https://www.mdpi.com/journal/software/indexing,Open Policy Finder,https://openpolicyfinder.jisc.ac.uk/id/publication/40995,DOI,True,,,QA76.75-76.765,False,No,No,Science: Mathematics: Instruments and machines: Electronic computers. Computer science: Computer software,2023-03-13T07:07:57Z,2023-03-13T07:07:57Z,2023-03-13,112,2026-06-25T14:33:46Z,,1100.87,EUR,1188.94,1.08,convertida,3128.79,1000.0,CHF,observado,,False,,"['doaj', 'facts', 'openapc', 'publindex', 'scimago']",0.03642384105960265,False,False,,True,False,True,True,-1,0.5,6,True,0.7191011235955056,0.2445,-0.1982,0.428,-0.3052,-1.1258,0.2104,0.1167,0.1,0.0233
1794-161X,2389-7864,,Revista Intropica,2016,C,Colombia,Caribe,Magdalena,Santa Marta,47001,No registra,Ciencias de la Tierra y Medioambientales,Ciencias Naturales,UNIVERSIDAD DEL MAGDALENA,IES,,,"1,005",1794-161X,intropica,CO,1,2026-09-15,1.0.0,consolidado,7673e1ad60b97966,,,,,Universidad del Magdalena,,False,,,0,,,,,,,,,,,,,,http://revistas.unimagdalena.edu.co/index.php/intropica,https://doaj.org/toc/8fb12c9009ad43b88bdede5df2af4634,2004,,1794-161X,2389-7864,"biology, environmental sciences","English, Spanish",Colombia,Universidad del Magdalena,,CC BY-NC-SA,,http://revistas.unimagdalena.edu.co/index.php/intropica/g_autores,True,False,,Double anonymous peer review,http://revistas.unimagdalena.edu.co/index.php/intropica/about,True,http://revistas.unimagdalena.edu.co/index.php/intropica/about,http://revistas.unimagdalena.edu.co/index.php/intropica/about/editorialTeam,http://revistas.unimagdalena.edu.co/index.php/intropica/g_autores,32,False,http://revistas.unimagdalena.edu.co/index.php/intropica/about,,False,,False,http://revistas.unimagdalena.edu.co/index.php/intropica/about,,,,Open Policy Finder,,,True,,,S|GE1-350|QH301-705.5,False,No,No,Agriculture | Geography. Anthropology. Recreation: Environmental sciences | Science: Biology (General),2020-07-30T15:45:13Z,2020-07-30T15:45:13Z,2020-07-30,233,2026-05-05T18:39:13Z,intropica,2784.55,EUR,3007.31,1.08,sin_monto,7913.97,2784.55,EUR,observado,,True,,"['doaj', 'facts', 'openapc', 'publindex']",0.005518763796909493,False,False,,True,False,True,True,1,,32,False,,0.0615,1.9922,,,1.0789,0.5366,,,0.3256
0120-4874,2357-6308,,Medicina Upb,2016,B,Colombia,Eje Cafetero,Antioquia,Medellín,05001,No registra,Ciencias de la Salud,Ciencias Médicas y de la Salud,UNIVERSIDAD PONTIFICIA BOLIVARIANA,IES,,,"1,117",0120-4874,medicina upb,CO,2,2026-09-15,1.0.0,consolidado,0f2e4e5435ac40f4,141,21101151818,journal,,Universidad de Antioquia,True,False,0.126,Q4,1,4,0,62,0,16,50,0.28,0.0,0.0,0,2020-2023,Education (Q4); Medical Laboratory Technology (Q4); Medicine (miscellaneous) (Q4),Health Professions; Medicine; Social Sciences,https://www.mdpi.com/journal/medicina,https://doaj.org/toc/3bf5928fcb3d44c492838cf16253d5bd,2007,,1010-660X,1648-9144,"experimental medicine, clinical medicine, surgery, oncology, public health",English,Switzerland,Lithuanian University of Health Sciences,Lithuania,CC BY,,https://www.mdpi.com/openaccess,True,True,https://www.mdpi.com/journal/medicina/about,"Anonymous peer review, Open peer review",https://www.mdpi.com/journal/medicina/instructions#editorial_procedure,True,https://www.mdpi.com/journal/medicina/about,https://www.mdpi.com/journal/medicina/editors,https://www.mdpi.com/journal/medicina/instructions,6,True,https://www.mdpi.com/journal/medicina/apc,1800 CHF,False,,False,,"CLOCKSS, PMC",,https://www.mdpi.com/journal/medicina/indexing,Open Policy Finder,https://openpolicyfinder.jisc.ac.uk/id/publication/35307,DOI,True,,,R5-920,False,No,No,Medicine: Medicine (General),2016-10-25T09:25:34Z,2023-08-14T10:00:55Z,2023-08-14,13014,2026-07-27T13:45:11Z,,1448.6,EUR,1564.49,1.08,convertida,4117.08,1800.0,CHF,observado,,False,,"['doaj', 'facts', 'openapc', 'publindex', 'scimago']",0.06181015452538632,False,False,,True,True,True,True,1,2.0,6,True,0.25806451612903225,0.13,0.2542,-0.4581,-0.5873,-1.1258,0.2778,0.0319,0.05,0.0233
1657-723X,,,Audiología Hoy,2016,C,Colombia,Distrito Capital,"Bogotá, D. C.","Bogotá, D.C.",11001,No registra,Medicina Clínica,Ciencias Médicas y de la Salud,ASOCIACION COLOMBIANA DE LIMNOLOGIA,Otras,,,150,1657-723X,audiologia hoy,CO,1,2026-09-15,1.0.0,consolidado,baa3fc09bf306ea6,,,,,Sciendo,,False,,,0,,,,,,,,,,,,,,https://reference-global.com/journal/LOGI,https://doaj.org/toc/89ccda6268014716b8c4b6a4604ee188,2010,Logi: Scientific Journal on Transport and Logistics,,2336-3037,"transport, logistics, warehousing, handling, vehicle, sustainability",English,Poland,"Institute of Technology and Business in České Budějovice, Faculty of Technology",Czechia,CC BY-NC-ND,,https://reference-global.com/journal/LOGI?tab=copyright,True,True,https://reference-global.com/journal/LOGI?tab=copyright,Double anonymous peer review,https://sciendo-parsed-data-feed.s3.eu-central-1.amazonaws.com/LOGI/Peer_Review_Procedure.pdf,True,https://reference-global.com/journal/LOGI?tab=aims-and-scope,https://reference-global.com/journal/LOGI?tab=editorial-board,https://reference-global.com/journal/LOGI?tab=submission-guidelines,12,True,https://reference-global.com/journal/LOGI?tab=article-processing-charges,150 EUR,False,,True,https://reference-global.com/journal/LOGI?tab=article-processing-charges,Portico,,https://www.portico.org/publishers/wdg/?keyword=LOGI+%E2%80%93+Scientific+Journal+on+Transport+and+Logistics&filter_by%5B%5D=e-journal,,,DOI,True,,,TA1001-1280,False,No,No,Technology: Engineering (General). Civil engineering (General): Transportation engineering,2024-04-02T13:46:11Z,2026-07-24T16:43:03Z,2026-07-24,208,2026-07-13T05:03:03Z,,150.0,EUR,162.0,1.08,convertida,426.32,150.0,EUR,declarado,,,,"['doaj', 'publindex']",0.005518763796909493,False,False,,True,False,True,True,1,,12,True,,0.304,-1.4353,,,-0.617,0.0262,,,0.093
0122-9729,,,Tendencias & Retos,2016,C,Colombia,Distrito Capital,"Bogotá, D. C.","Bogotá, D.C.",11001,No registra,Sociología,Ciencias Sociales,UNIVERSIDAD DE LA SALLE,IES,,,51,0122-9729,tendencias retos,CO,1,2026-09-15,1.0.0,consolidado,796775fdfcc5d710,,,,,Universidad Politécnica Salesiana,,False,,,0,,,,,,,,,,,,,,http://revistas.ups.edu.ec/index.php/retos,https://doaj.org/toc/dc0eb354fd164a9d86f0a106241e21c5,2010,Retos: Revista de Ciencias de la Administración y Economía,1390-6291,1390-8618,"economy and society, entrepreneurship, innovation and creativity, marketing, public administration","English, Spanish",Ecuador,Universidad Politécnica Salesiana,,CC BY-NC-SA,,https://retos.ups.edu.ec/index.php/retos/accesoabierto,True,False,https://retos.ups.edu.ec/index.php/retos/accesoabierto,Double anonymous peer review,https://retos.ups.edu.ec/index.php/retos/accesoabierto,True,https://retos.ups.edu.ec/index.php/retos/enfoque,https://retos.ups.edu.ec/index.php/retos/about/editorialTeam,https://retos.ups.edu.ec/index.php/retos/about/submissions,12,False,https://retos.ups.edu.ec/index.php/retos/accesoabierto,,False,,False,,,,,Open Policy Finder,https://retos.ups.edu.ec/index.php/retos/accesoabierto,DOI,True,,,HF5001-6182|HB71-74,False,No,No,Social Sciences: Commerce: Business | Social Sciences: Economic theory. Demography: Economics as a science,2016-03-07T15:28:20Z,2026-02-07T17:40:37Z,2022-12-12,315,2026-06-09T14:02:01Z,,238.0,EUR,257.04,1.08,sin_monto,676.42,238.0,EUR,observado,,False,,"['doaj', 'facts', 'openapc', 'publindex']",0.0011037527593818985,False,False,,True,False,True,True,1,,12,True,,0.2686,-1.3208,,,-0.617,0.0432,,,0.093
2322-9721,2011-6721,,Latin American Journal Of Content & Language Integrated Learning,2016,C,Colombia,Centro Oriente,Cundinamarca,Chía,25175,Estudios Generales del Lenguaje,Idiomas y Literatura,Humanidades,UNIVERSIDAD DE LA SABANA,IES,,,"1,234",2322-9721,latin american content language integrated learning,CO,1,2026-09-15,1.0.0,consolidado,2d11f8543ec26e5d,,,,,Universidad de La Sabana,,False,,,0,,,,,,,,,,,,,,http://laclil.unisabana.edu.co/index.php/LACLIL/index,https://doaj.org/toc/15489cc032cc4bef97ec002b8f8ebad2,2008,LACLIL,2011-6721,2322-9721,"content and language integrated learning, bilingualism, language learning, teacher training","Spanish, English",Colombia,,,CC BY,,https://laclil.unisabana.edu.co/index.php/LACLIL/about,,True,http://laclil.unisabana.edu.co/index.php/LACLIL/about/submissions#copyrightNotice,Anonymous peer review,https://laclil.unisabana.edu.co/index.php/LACLIL/about,True,https://laclil.unisabana.edu.co/index.php/LACLIL/about,https://laclil.unisabana.edu.co/index.php/LACLIL/about/editorialTeam,http://laclil.unisabana.edu.co/index.php/LACLIL/about/submissions#authorGuidelines,30,False,https://laclil.unisabana.edu.co/index.php/LACLIL/about,,False,,False,,,,,,,DOI,True,,,L|LC8-6691,False,No,No,Education: Special aspects of education,2013-01-06T15:51:41Z,2025-04-02T05:59:45Z,2025-04-02,195,2024-07-19T00:00:29Z,,1879.46,EUR,2029.82,1.08,sin_monto,5341.63,1879.46,EUR,observado,,True,,"['doaj', 'facts', 'openapc', 'publindex']",0.005518763796909493,False,False,,True,False,True,True,1,,30,False,,0.0847,0.8147,,,0.9093,0.3613,,,0.3023
0120-8748,,,Acta Neurológica Colombiana,2016,A2,Colombia,Distrito Capital,"Bogotá, D. C.","Bogotá, D.C.",11001,Otros Temas de Medicina Clínica,Medicina Clínica,Ciencias Médicas y de la Salud,ASOCIACION COLOMBIANA DE NEUROCIRUGIA,Otras,,,410,0120-8748,neurologica colombiana,CO,3,2026-09-15,1.0.0,consolidado,2c632ebde0fbbabe,140,21101284801,journal,,Colombian Association of Neurology,True,True,0.126,Q4,1,3,48,114,1495,39,90,0.26,31.15,0.4694,0,2022-2026,Neurology (clinical) (Q4),Medicine,https://actaneurologica.com/index.php/anc/index,https://doaj.org/toc/a9a7aa8755374bbb9690a5d0deebe258,2022,,0120-8748,2422-4022,"basic neurosciences, clinical neurosciences, neurology, neuropediatrics, central nervous system, neuroepidemiology","English, Spanish",Colombia,,,CC BY-NC-ND,,https://actaneurologica.com/index.php/anc/access,True,True,https://actaneurologica.com/index.php/anc/access,Double anonymous peer review,https://actaneurologica.com/index.php/anc/review,True,https://actaneurologica.com/index.php/anc/about,https://actaneurologica.com/index.php/anc/about/editorialTeam,https://actaneurologica.com/index.php/anc/guidelines,12,False,https://actaneurologica.com/index.php/anc/guidelines,,False,,False,,,,,,,DOI,True,,,RC346-429,False,No,No,Medicine: Internal medicine: Neurosciences. Biological psychiatry. Neuropsychiatry: Neurology. Diseases of the nervous system,2023-11-07T08:03:35Z,2023-11-07T08:03:35Z,2023-11-07,1511,2026-08-06T21:20:52Z,neurologica colombiana,4123.71,EUR,4453.61,1.08,sin_monto,11720.03,4123.71,EUR,observado,,True,,"['doaj', 'facts', 'openapc', 'publindex', 'scimago']",0.01434878587196468,False,False,,True,False,True,True,2,3.0,12,True,0.34210526315789475,0.0551,3.7345,-0.4581,-0.7284,-0.617,0.7961,0.0319,0.025,0.093
1692-5106,,,Revista Ustasalud Odontología,2016,C,Colombia,Centro Oriente,Santander,Bucaramanga,68001,No registra,Ciencias de la Tierra y Medioambientales,Ciencias Naturales,UNIVERSIDAD SANTO TOMAS,IES,,,617,1692-5106,ustasalud odontologia,CO,1,2026-09-15,1.0.0,consolidado,467b6de483791085,,,,,Sciendo,,False,,,0,,,,,,,,,,,,,,https://reference-global.com/journal/LOGI,https://doaj.org/toc/89ccda6268014716b8c4b6a4604ee188,2010,Logi: Scientific Journal on Transport and Logistics,,2336-3037,"transport, logistics, warehousing, handling, vehicle, sustainability",English,Poland,"Institute of Technology and Business in České Budějovice, Faculty of Technology",Czechia,CC BY-NC-ND,,https://reference-global.com/journal/LOGI?tab=copyright,True,True,https://reference-global.com/journal/LOGI?tab=copyright,Double anonymous peer review,https://sciendo-parsed-data-feed.s3.eu-central-1.amazonaws.com/LOGI/Peer_Review_Procedure.pdf,True,https://reference-global.com/journal/LOGI?tab=aims-and-scope,https://reference-global.com/journal/LOGI?tab=editorial-board,https://reference-global.com/journal/LOGI?tab=submission-guidelines,12,True,https://reference-global.com/journal/LOGI?tab=article-processing-charges,150 EUR,False,,True,https://reference-global.com/journal/LOGI?tab=article-processing-charges,Portico,,https://www.portico.org/publishers/wdg/?keyword=LOGI+%E2%80%93+Scientific+Journal+on+Transport+and+Logistics&filter_by%5B%5D=e-journal,,,DOI,True,,,TA1001-1280,False,No,No,Technology: Engineering (General). Civil engineering (General): Transportation engineering,2024-04-02T13:46:11Z,2026-07-24T16:43:03Z,2026-07-24,208,2026-07-13T05:03:03Z,,150.0,EUR,162.0,1.08,convertida,426.32,150.0,EUR,declarado,,,,"['doaj', 'publindex']",0.005518763796909493,False,False,,True,False,True,True,1,,12,True,,0.304,-1.4353,,,-0.617,0.0262,,,0.093
1692-8989,,,Economía & Región,2016,B,Colombia,Caribe,Bolívar,Cartagena de Indias,13001,Economía,Economía y Negocios,Ciencias Sociales,UNIVERSIDAD TECNOLOGICA DE BOLIVAR,IES,,,16,1692-8989,economia region,CO,2,2026-09-15,1.0.0,consolidado,7a28ff39fb9fd9cb,,,,,Universidade Estadual de Londrina,,False,,,0,,,,,,,,,,,,,,http://www.uel.br/revistas/uel/index.php/ecoreg,https://doaj.org/toc/091cc24d201c4ceeba2db77dff80a790,2013,,,2317-627X,"regional economics, economics, agribusiness",Portuguese,Brazil,Universidade Estadual de Londrina,,CC BY,,http://www.uel.br/revistas/uel/index.php/ecoreg/index,,True,http://www.uel.br/revistas/uel/index.php/ecoreg/about/submissions#copyrightNotice,Double anonymous peer review,http://www.uel.br/revistas/uel/index.php/ecoreg/about/editorialPolicies#peerReviewProcess,True,http://www.uel.br/revistas/uel/index.php/ecoreg/about/editorialPolicies#focusAndScope,http://www.uel.br/revistas/uel/index.php/ecoreg/about/editorialTeam,http://www.uel.br/revistas/uel/index.php/ecoreg/about/submissions#authorGuidelines,15,False,http://www.uel.br/revistas/uel/index.php/ecoreg/about/submissions#authorGuidelines,,False,,False,http://www.uel.br/revistas/uel/index.php/ecoreg/about/submissions#authorGuidelines,,,,,,DOI,True,,,HD72-88|HB71-74,False,No,No,"Social Sciences: Industries. Land use. Labor: Economic growth, development, planning | Social Sciences: Economic theory. Demography: Economics as a science",2015-04-13T15:29:50Z,2020-02-21T02:57:05Z,2015-04-13,421,2025-12-12T23:56:24Z,,204.92,EUR,221.31,1.08,sin_monto,582.39,204.92,EUR,observado,,False,,"['doaj', 'facts', 'openapc', 'publindex']",0.0011037527593818985,False,False,,True,False,True,True,2,,15,False,,0.2808,-1.3638,,,-0.3626,0.0368,,,0.1279
0041-9095,2011-0839,,Universitas Médica,2016,B,No disponible,No disponible,No disponible,No disponible,,No registra,Ciencias de la Salud,Ciencias Médicas y de la Salud,PONTIFICIA UNIVERSIDAD JAVERIANA,IES,,,211,0041-9095,universitas medica,CO,2,2026-09-15,1.0.0,consolidado,ee41f566290febcb,,,,,Pontificia Universidad Javeriana,,False,,,0,,,,,,,,,,,,,,https://revistas.javeriana.edu.co/index.php/vnimedica/index,https://doaj.org/toc/0fac030a2a0d4fffaea6a59ee222190f,2010,,0041-9095,2011-0839,"medicine, health",Spanish,Colombia,Pontificia Universidad Javeriana,,CC BY,,https://revistas.javeriana.edu.co/index.php/vnimedica/about/submissions,,True,https://revistas.javeriana.edu.co/index.php/vnimedica/about/submissions,Double anonymous peer review,https://revistas.javeriana.edu.co/index.php/vnimedica/peer-review,True,https://revistas.javeriana.edu.co/index.php/vnimedica/about,https://revistas.javeriana.edu.co/index.php/vnimedica/about/editorialTeam,https://revistas.javeriana.edu.co/index.php/vnimedica/about/submissions,30,False,https://revistas.javeriana.edu.co/index.php/vnimedica/about,,False,,False,https://revistas.javeriana.edu.co/index.php/vnimedica/about,,,,Open Policy Finder,,,True,,,R,False,No,No,Medicine,2019-03-26T03:12:19Z,2019-10-03T23:21:29Z,2019-10-03,614,2019-09-12T22:11:43Z,universitas medica,300.0,EUR,324.0,1.08,sin_monto,852.63,5176.12,EUR,observado,,False,,"['doaj', 'facts', 'openapc', 'publindex']",0.033112582781456956,False,False,,True,False,True,True,2,,30,False,,0.2482,-1.2401,,,0.9093,0.0552,,,0.3023
0121-2095,2389-7708,,Revista Colombiana De Radiología,2016,C,Colombia,Eje Cafetero,Antioquia,Medellín,05001,"Radiología, Medicina Nuclear y de Imágenes",Medicina Clínica,Ciencias Médicas y de la Salud,ASOCIACION COLOMBIANA DE REUMATOLOGIA,Otras,,,"1,069",0121-2095,colombiana radiologia,CO,1,2026-09-15,1.0.0,consolidado,d21ac385af5452d4,144,21101075272,journal,,Asociacion Colombiana de Nefrologia e Hipertension Arterial,True,False,0.122,Q4,1,5,44,122,1381,24,109,0.23,31.39,0.4036,0,2019-2026,Nephrology (Q4),Medicine,https://reference-global.com/journal/LOGI,https://doaj.org/toc/89ccda6268014716b8c4b6a4604ee188,2010,Logi: Scientific Journal on Transport and Logistics,,2336-3037,"transport, logistics, warehousing, handling, vehicle, sustainability",English,Poland,"Institute of Technology and Business in České Budějovice, Faculty of Technology",Czechia,CC BY-NC-ND,,https://reference-global.com/journal/LOGI?tab=copyright,True,True,https://reference-global.com/journal/LOGI?tab=copyright,Double anonymous peer review,https://sciendo-parsed-data-feed.s3.eu-central-1.amazonaws.com/LOGI/Peer_Review_Procedure.pdf,True,https://reference-global.com/journal/LOGI?tab=aims-and-scope,https://reference-global.com/journal/LOGI?tab=editorial-board,https://reference-global.com/journal/LOGI?tab=submission-guidelines,12,True,https://reference-global.com/journal/LOGI?tab=article-processing-charges,150 EUR,False,,True,https://reference-global.com/journal/LOGI?tab=article-processing-charges,Portico,,https://www.portico.org/publishers/wdg/?keyword=LOGI+%E2%80%93+Scientific+Journal+on+Transport+and+Logistics&filter_by%5B%5D=e-journal,,,DOI,True,,,TA1001-1280,False,No,No,Technology: Engineering (General). Civil engineering (General): Transportation engineering,2024-04-02T13:46:11Z,2026-07-24T16:43:03Z,2026-07-24,208,2026-07-13T05:03:03Z,,2533.25,EUR,2735.91,1.08,convertida,7199.76,150.0,EUR,observado,,True,,"['doaj', 'facts', 'openapc', 'publindex', 'scimago']",0.00772626931567329,False,False,,True,False,True,True,0,1.0,12,True,0.19672131147540983,0.0811,1.6653,-0.5095,-0.4463,-0.617,0.4879,0.027,0.075,0.093
2027-9035,,,Historia 2.0,2016,B,Colombia,Centro Oriente,Santander,Bucaramanga,68001,Historia,Historia y Arqueología,Humanidades,ASOCIACION HISTORIA ABIERTA,Otras,,,"1,168",2027-9035,historia 2 0,CO,2,2026-09-15,1.0.0,consolidado,7fb23e9ba3fc8322,164,21101145379,journal,,Technological University of Pereira,False,False,0.101,Q4,1,3,23,57,1014,4,52,0.08,44.09,0.23079999999999998,0,2019-2025,History (Q4); Political Science and International Relations (Q4),Arts and Humanities; Social Sciences,http://www.revistas.una.ac.cr/historia,https://doaj.org/toc/fbee54fd818c4dee805478f8807e30a5,1985,,1012-9790,2215-4744,"history, historiography, costa rican history, central american history, latin american history",Spanish,Costa Rica,"Universidad Nacional, Costa Rica",,CC BY-NC-SA,,http://www.revistas.una.ac.cr/index.php/historia/noticeofcopyright,,False,,Double anonymous peer review,http://www.revistas.una.ac.cr/index.php/historia/arbitrationsystem,True,http://www.revistas.una.ac.cr/index.php/historia/approachandscope,http://www.revistas.una.ac.cr/index.php/historia/about/editorialTeam,http://www.revistas.una.ac.cr/index.php/historia/guidelinesforauthors,8,False,http://www.revistas.una.ac.cr/index.php/historia/policies,,False,,False,,,,,,,,True,,,D1-2009|F1201-3799|BT1313-1480,False,No,No,History (General) and history of Europe: History (General) | History America: Latin America. Spanish America | Philosophy. Psychology. Religion: Doctrinal Theology: History of specific doctrines and movements. Heresies and schisms,2019-04-25T00:54:35Z,2022-09-26T12:59:42Z,2022-09-26,731,2024-10-27T19:12:28Z,,1116.0,EUR,1205.28,1.08,sin_monto,3171.79,1116.0,EUR,observado,,True,,"['doaj', 'facts', 'openapc', 'publindex', 'scimago']",0.02869757174392936,False,False,,True,False,True,True,1,2.0,8,True,0.07017543859649122,0.1255,-0.1785,-0.7791,-0.7284,-0.9562,0.2133,0.0012,0.025,0.0465
0121-747X,2357-5549,,Revista De La Facultad De Ciencias,2016,C,Colombia,Eje Cafetero,Antioquia,Medellín,05001,No registra,Otras Ciencias Naturales,Ciencias Naturales,UNIVERSIDAD NACIONAL DE COLOMBIA,IES,,,465,0121-747X,facultad ciencias,CO,1,2026-09-15,1.0.0,consolidado,e606c4930e26322b,133,21101105025,journal,facultad ciencias,Universidad Nacional de Colombia,True,True,0.13,Q4,1,4,14,39,497,10,38,0.21,35.5,0.3667,0,2019-2026,Biophysics (Q4); Computational Theory and Mathematics (Q4); Molecular Biology (Q4),"Biochemistry, Genetics and Molecular Biology; Computer Science",https://revistas.unal.edu.co/index.php/rfc,https://doaj.org/toc/b658c62e9ed5401abd8bc441d7e71eba,2012,,0121-747X,2357-5549,"statistics, mathematics, natural sciences, biotechnology",Spanish,Colombia,,,CC BY-NC-ND,,https://revistas.unal.edu.co/index.php/rfc/about/submissions#copyrightNotice,,False,,Double anonymous peer review,https://revistas.unal.edu.co/index.php/rfc/about/editorialPolicies#peerReviewProcess,True,https://revistas.unal.edu.co/index.php/rfc/about/editorialPolicies#focusAndScope,https://revistas.unal.edu.co/index.php/rfc/about/editorialTeam,https://revistas.unal.edu.co/index.php/rfc/about/submissions#authorGuidelines,10,False,https://revistas.unal.edu.co/index.php/rfc/about/editorialPolicies#focusAndScope,,False,,False,,,,,,,DOI,True,,,Q1-390,False,No,No,Science: Science (General),2017-10-08T18:35:33Z,2022-09-20T07:54:07Z,2022-09-20,156,2019-08-28T20:50:27Z,facultad ciencias,2000.0,EUR,2160.0,1.08,sin_monto,5684.21,2331.51,EUR,observado,,False,,"['doaj', 'facts', 'openapc', 'publindex', 'scimago']",0.04525386313465784,False,False,,True,False,True,True,0,1.0,10,True,0.2564102564102564,0.1048,0.9715,-0.4067,-0.5873,-0.7866,0.3846,0.0369,0.05,0.0698
2215-8987,,,Arka Revista De Arquitectura,2016,C,No disponible,No disponible,No disponible,No disponible,,Arquitectura y Urbanismo,Arte,Humanidades,UNIVERSIDAD LA GRAN COLOMBIA,IES,,,766,2215-8987,arka arquitectura,CO,1,2026-09-15,1.0.0,consolidado,fb569f48831be6cb,,,,,"Universidad Nacional de Ingeniería, Nicaragua",,False,,,0,,,,,,,,,,,,,,https://www.camjol.info/index.php/arquitectura/index,https://doaj.org/toc/1ae5687cf8064edd80b013dd1afbcce9,2016,Architecture +,,2518-2943,"architecture, urbanism, urban planning, urban design, cultural heritage, history","English, Spanish",Nicaragua,,,CC BY-NC-ND,,https://www.camjol.info/index.php/arquitectura/about,True,False,https://www.camjol.info/index.php/arquitectura/about/submissions,Double anonymous peer review,https://www.camjol.info/index.php/arquitectura/arbitraje,True,https://www.camjol.info/index.php/arquitectura/about,https://www.camjol.info/index.php/arquitectura/about/editorialTeam,https://www.camjol.info/index.php/arquitectura/about/submissions,12,False,https://www.camjol.info/index.php/arquitectura/about/submissions,,False,,False,,,,,,,DOI,True,,,NA1-9428,False,No,No,Fine Arts: Architecture,2022-04-27T10:03:03Z,2024-09-03T06:42:17Z,2024-09-03,289,2026-06-28T14:55:52Z,,2838.0,EUR,3065.04,1.08,sin_monto,8065.89,2838.0,EUR,observado,,True,,"['doaj', 'facts', 'openapc', 'publindex']",0.002207505518763797,False,False,,True,False,True,True,1,,12,True,,0.0605,2.0618,,,-0.617,0.547,,,0.093
0123-7047,2382-4603,,Medunab,2016,B,Colombia,Centro Oriente,Santander,Floridablanca,68276,"Ciencias del Cuidado de la Salud y Servicios (Administración de Hospitales, Financiamiento)",Ciencias de la Salud,Ciencias Médicas y de la Salud,UNIVERSIDAD AUTONOMA DE BUCARAMANGA,IES,,,186,0123-7047,medunab,CO,2,2026-09-15,1.0.0,consolidado,b7ff5c4077b77e8a,130,21101066327,journal,medunab,Universidad Autonoma de Bucaramanga,True,True,0.133,Q3,2,6,8,101,190,18,86,0.04,23.75,0.7,0,2019-2025,"Nurse Assisting (Q3); Health Professions (miscellaneous) (Q4); Medicine (miscellaneous) (Q4); Nursing (miscellaneous) (Q4); Psychology (miscellaneous) (Q4); Public Health, Environmental and Occupational Health (Q4)",Health Professions; Medicine; Nursing; Psychology,https://revistas.unab.edu.co/index.php/medunab,https://doaj.org/toc/344ebe0ab35c45f8933fbe57b6b72a2b,1998,,0123-7047,2382-4603,"psychology, medicine, nursing, health sciences",Spanish,Colombia,Universidad Autonoma de Bucaramanga,,CC BY,,https://revistas.unab.edu.co/index.php/medunab/about,,False,,Double anonymous peer review,https://revistas.unab.edu.co/index.php/medunab/about/submissions,False,https://revistas.unab.edu.co/index.php/medunab/about,https://revistas.unab.edu.co/index.php/medunab/about/editorialTeam,https://revistas.unab.edu.co/index.php/medunab/about/submissions,36,False,https://revistas.unab.edu.co/index.php/medunab/about/submissions,,False,,False,,,,,,,,True,,,R,False,No,No,Medicine,2018-03-13T11:53:27Z,2021-10-29T06:58:55Z,2021-10-29,748,2026-04-17T21:36:12Z,medunab,5176.12,EUR,5590.21,1.08,sin_monto,14711.08,5176.12,EUR,observado,,True,,"['doaj', 'facts', 'publindex', 'scimago']",0.002207505518763797,False,False,,True,False,True,True,0,1.0,36,False,0.1782178217821782,0.0474,5.1036,-0.3682,-0.3052,1.4181,1.0,0.0405,0.1,0.3721
1900-5016,2248-6011,,Cuadernos Latinoamericanos De Administración,2016,C,Colombia,Distrito Capital,"Bogotá, D. C.","Bogotá, D.C.",11001,Negocios y Management,Economía y Negocios,Ciencias Sociales,UNIVERSIDAD EL BOSQUE,IES,,,"1,006",1900-5016,latinoamericanos administracion,CO,1,2026-09-15,1.0.0,consolidado,71efa5f461e48f13,,,,,Universidad El Bosque,,False,,,0,,,,,,,,,,,,,,https://revistas.unbosque.edu.co/index.php/cuaderlam/index,https://doaj.org/toc/71816eb196a640ef9deb6313f3dafd12,2006,,1900-5016,2248-6011,"administration, economy, finance, international business, marketing, accounting",Spanish,Colombia,Universidad El Bosque,,CC BY-NC-SA,,https://revistas.unbosque.edu.co/index.php/cuaderlam/about,,False,,Double anonymous peer review,https://revistas.unbosque.edu.co/index.php/cuaderlam/about,False,https://revistas.unbosque.edu.co/index.php/cuaderlam/about,https://revistas.unbosque.edu.co/index.php/cuaderlam/about/editorialTeam,https://revistas.unbosque.edu.co/index.php/cuaderlam/information/authors,12,False,https://revistas.unbosque.edu.co/index.php/cuaderlam/about,,False,,False,https://revistas.unbosque.edu.co/index.php/cuaderlam/about,,,,,,,True,,,HF5001-6182|HF5601-5689|HG1-9999,False,No,No,Social Sciences: Commerce: Business: Accounting. Bookkeeping | Social Sciences: Finance,2020-05-18T15:18:45Z,2020-05-18T15:18:45Z,2020-05-18,422,2026-06-03T17:25:15Z,latinoamericanos administracion,1828.24,EUR,1974.5,1.08,sin_monto,5196.05,1828.24,EUR,observado,,True,,"['doaj', 'facts', 'openapc', 'publindex']",0.0033112582781456954,False,False,,True,False,True,True,1,,12,True,,0.0865,0.7481,,,-0.617,0.3513,,,0.093
1657-463X,,,Cultura Científica,2016,C,Colombia,Centro Oriente,Boyacá,Tunja,15001,No registra,Otras Ciencias Naturales,Ciencias Naturales,FUNDACION UNIVERSITARIA JUAN DE CASTELLANOS,IES,,,684,1657-463X,cultura cientifica,CO,1,2026-09-15,1.0.0,consolidado,ae1430d373184dda,,,,,"Universidad de Santiago de Chile, Departamento de Filosofía",,False,,,0,,,,,,,,,,,,,,https://www.revistas.usach.cl/ojs/index.php/culturas/index,https://doaj.org/toc/16bb90f7ad884cbf9d264260e200060e,2018,,,0719-9856,"philosophy of science, history of science, science and technology studies, sociology of science","English, Spanish",Chile,"Universidad de Santiago de Chile, Facultad de Filosofía",Chile,CC BY,,https://www.revistas.usach.cl/ojs/index.php/culturas/CRP,True,True,https://www.revistas.usach.cl/ojs/index.php/culturas/CRP,Double anonymous peer review,https://www.revistas.usach.cl/ojs/index.php/culturas/evaluacion,True,https://www.revistas.usach.cl/ojs/index.php/culturas/about#_Toc114343927,https://www.revistas.usach.cl/ojs/index.php/culturas/about/editorialTeam,https://www.revistas.usach.cl/ojs/index.php/culturas/about/submissions#authorGuidelines,21,False,https://www.revistas.usach.cl/ojs/index.php/culturas/openaccess,,False,,False,,,,,,,DOI,True,,,B1-5802,False,No,No,Philosophy. Psychology. Religion: Philosophy (General),2023-02-22T08:23:34Z,2023-02-22T08:23:34Z,2023-02-22,63,2026-03-04T04:29:29Z,,895.15,EUR,966.76,1.08,sin_monto,2544.11,895.15,EUR,observado,,False,,"['doaj', 'facts', 'openapc', 'publindex']",0.0011037527593818985,False,False,,True,False,True,True,1,,21,False,,0.1436,-0.4659,,,0.1461,0.1705,,,0.1977
2216-0965,,,Eafit Journal Of International Law,2016,C,Colombia,Eje Cafetero,Antioquia,Medellín,05001,Derecho,Derecho,Ciencias Sociales,UNIVERSIDAD EAFIT,IES,,,"1,093",2216-0965,eafit law,CO,1,2026-09-15,1.0.0,consolidado,1b810e5343f51ebc,,,,,Qatar University Press,,False,,,0,,,,,,,,,,,,,,https://journals.qu.edu.qa/index.php/IRL,https://doaj.org/toc/3f1fb73d4bab41f498d6837359e8ff27,2012,المجلة الدولية للقانون,2710-2505,2223-859X,"international law, islamic law, comparative law, criminal law, jurisprudence, constitutional law","French, Arabic, English",Qatar,"College of Law, Qatar University",Qatar,CC BY-NC,,https://journals.qu.edu.qa/index.php/IRL/policies/copyrightNotice,True,True,https://journals.qu.edu.qa/index.php/IRL/policies/copyrightNotice,Double anonymous peer review,https://journals.qu.edu.qa/index.php/IRL/policies/peerReviewProcess,True,https://journals.qu.edu.qa/index.php/IRL/about/focusAndScope,https://journals.qu.edu.qa/index.php/IRL/about/editorialTeam,https://journals.qu.edu.qa/index.php/IRL/submission/authorGuidelines,20,False,https://journals.qu.edu.qa/index.php/IRL/policies/openAccess,,False,,False,,"LOCKSS, PKP PN",,https://journals.qu.edu.qa/index.php/IRL/policies/archivingPolicy,Open Policy Finder,https://openpolicyfinder.jisc.ac.uk/id/publication/24700,DOI,True,,,K|KBP1-4860,False,No,No,Law: Islamic law,2013-06-13T10:48:57Z,2022-09-21T18:51:56Z,2022-09-21,777,2026-06-05T10:07:05Z,,2329.9,EUR,2516.29,1.08,sin_monto,6621.82,2258.06,EUR,observado,,True,,"['doaj', 'facts', 'openapc', 'publindex']",0.0011037527593818985,False,False,,True,False,True,True,1,,20,False,,0.0713,1.4007,,,0.0613,0.4485,,,0.186
2027-1034,,,Bio-Grafia,2016,C,Colombia,Distrito Capital,"Bogotá, D. C.","Bogotá, D.C.",11001,No registra,Ciencias Biológicas,Ciencias Naturales,UNIVERSIDAD PEDAGOGICA NACIONAL,IES,,,866,2027-1034,bio grafia,CO,1,2026-09-15,1.0.0,consolidado,4b86be8520adacd9,,,,,Universidad Pedagógica Nacional,,False,,,0,,,,,,,,,,,,,,https://revistas.upn.edu.co/index.php/bio-grafia/index,https://doaj.org/toc/8de58f27d898480fbc90476fa7c84808,2008,Bio-grafía. Escritos sobre la Biología y su Enseñanza,2027-1034,2619-3531,biology,Spanish,Colombia,,,CC BY-NC,,https://revistas.upn.edu.co/index.php/bio-grafia/about,True,False,https://revistas.upn.edu.co/index.php/bio-grafia/about,Double anonymous peer review,https://revistas.upn.edu.co/index.php/bio-grafia/politicaseticas,True,https://revistas.upn.edu.co/index.php/bio-grafia/about,https://revistas.upn.edu.co/index.php/bio-grafia/about/editorialTeam,https://revistas.upn.edu.co/index.php/bio-grafia/autores,16,False,https://revistas.upn.edu.co/index.php/bio-grafia/about,,False,,False,,,,,,,DOI,True,,,Q|QH301-705.5,False,No,No,Science: Biology (General),2016-06-10T20:40:35Z,2025-04-07T08:14:17Z,2025-04-07,686,2026-04-22T20:53:48Z,bio grafia,808.25,EUR,872.91,1.08,sin_monto,2297.13,2786.38,EUR,observado,,False,,"['doaj', 'facts', 'openapc', 'publindex']",0.006622516556291391,False,False,,True,False,True,True,1,,16,False,,0.153,-0.5789,,,-0.2778,0.1537,,,0.1395
0120-677X,2145-5880,,Educación Física Y Deporte,2016,B,Colombia,Eje Cafetero,Antioquia,Medellín,05001,No registra,Ciencias de la Salud,Ciencias Médicas y de la Salud,UNIVERSIDAD DE ANTIOQUIA,IES,,,"1,030",0120-677X,educacion fisica deporte,CO,2,2026-09-15,1.0.0,consolidado,7efd21c389cb46c8,,,,,Universidad de Antioquia,,False,,,0,,,,,,,,,,,,,,https://revistas.udea.edu.co/index.php/educacionfisicaydeporte,https://doaj.org/toc/2890e2b6d242420bb747985416882405,2016,,0120-677X,2145-5880,"physical education, sport, physical activity, sports management, leisure, recreation",Spanish,Colombia,,,CC BY-NC-SA,,https://revistas.udea.edu.co/index.php/educacionfisicaydeporte/about,,False,https://revistas.udea.edu.co/index.php/educacionfisicaydeporte/about/submissions,Double anonymous peer review,https://revistas.udea.edu.co/index.php/educacionfisicaydeporte/about,False,https://revistas.udea.edu.co/index.php/educacionfisicaydeporte/about,https://revistas.udea.edu.co/index.php/educacionfisicaydeporte/about/editorialTeam,https://revistas.udea.edu.co/index.php/educacionfisicaydeporte/about/submissions,24,False,https://revistas.udea.edu.co/index.php/educacionfisicaydeporte/about/submissions,,False,,False,,,,,,,,True,,,LC8-6691|GV557-1198.995,False,No,No,Education: Special aspects of education | Geography. Anthropology. Recreation: Recreation. Leisure: Sports,2010-02-23T11:35:54Z,2023-08-28T11:53:10Z,2023-08-28,109,2025-11-11T22:37:33Z,educacion fisica deporte,416.0,EUR,449.28,1.08,sin_monto,1182.32,416.0,EUR,observado,,False,,"['doaj', 'facts', 'openapc', 'publindex']",0.06181015452538632,False,False,,True,False,True,True,2,,24,False,,0.2174,-1.0892,,,0.4005,0.0777,,,0.2326
,2346-4712,,"Góndola, Enseñanza Y Aprendizaje De Las Ciencias",2016,C,Colombia,Distrito Capital,"Bogotá, D. C.","Bogotá, D.C.",11001,"Educación General (Incluye Capacitación, Pedagogía)",Ciencias de la Educación,Ciencias Sociales,UNIVERSIDAD DISTRITAL FRANCISCO JOSE DE CALDAS,IES,,,"1,196",2346-4712,gondola ensenanza aprendizaje ciencias,CO,1,2026-09-15,1.0.0,consolidado,6235de1fe4e44632,,,,,Universidad Distrital Francisco José de Caldas,,False,,,0,,,,,,,,,,,,,,http://revistas.udistrital.edu.co/ojs/index.php/GDLA/index,https://doaj.org/toc/84eabbea608e4c5aad2be529bedb7523,2006,,2665-3303,2346-4712,"science education, natural sciences education, mathematics education, learning processes","English, Portuguese, Spanish",Colombia,Universidad Distrital Francisco José de Caldas,,CC BY-NC-SA,,http://revistas.udistrital.edu.co/ojs/index.php/GDLA/about/submissions#copyrightNotice,,True,http://revistas.udistrital.edu.co/ojs/index.php/GDLA/about/submissions#copyrightNotice,Double anonymous peer review,https://revistas.udistrital.edu.co/index.php/GDLA/about,True,https://revistas.udistrital.edu.co/index.php/GDLA/about,http://revistas.udistrital.edu.co/ojs/index.php/GDLA/about/editorialTeam,https://revistas.udistrital.edu.co/index.php/GDLA/about/submissions,24,False,https://revistas.udistrital.edu.co/index.php/GDLA/about,,False,,False,https://revistas.udistrital.edu.co/index.php/GDLA/about,,,http://revistas.udistrital.edu.co/ojs/index.php/GDLA/about/editorialPolicies#archiving,,,,True,2145-4981,,L|LC8-6691,False,No,No,Education: Special aspects of education,2016-06-11T12:20:45Z,2020-10-27T11:08:27Z,2020-10-27,653,2026-06-01T02:32:38Z,,2000.0,EUR,2160.0,1.08,sin_monto,5684.21,2331.51,EUR,observado,,False,,"['doaj', 'facts', 'openapc', 'publindex']",0.011037527593818985,False,False,,True,False,True,True,1,,24,False,,0.0806,0.9715,,,0.4005,0.3846,,,0.2326
0124-308X,,,Revista De La Facultad Ciencias De La Salud Universidad Del Cauca,2016,C,Colombia,Pacífico,Cauca,Popayán,19001,"Ciencias del Cuidado de la Salud y Servicios (Administración de Hospitales, Financiamiento)",Ciencias de la Salud,Ciencias Médicas y de la Salud,UNIVERSIDAD DEL CAUCA,IES,,,334,0124-308X,facultad ciencias salud universidad cauca,CO,1,2026-09-15,1.0.0,consolidado,3b42222bd3c63bc6,,,,,Universidad del Cauca,,False,,,0,,,,,,,,,,,,,,http://revistas.unicauca.edu.co/index.php/rfcs,https://doaj.org/toc/ce1ea4c5719a4e9d90501deb6b980503,2007,,0124-308X,2538-9971,"healthcare, health sciences, research, clinical research, public health",Spanish,Colombia,"Universidad del Cauca, Facultad Ciencias de la Salud",,CC BY-NC-ND,,http://revistas.unicauca.edu.co/index.php/rfcs/index,,False,,Peer review,http://revistas.unicauca.edu.co/index.php/rfcs/about/editorialPolicies#peerReviewProcess,True,http://revistas.unicauca.edu.co/index.php/rfcs/about/editorialPolicies#focusAndScope,http://revistas.unicauca.edu.co/index.php/rfcs/about/editorialTeam,http://revistas.unicauca.edu.co/index.php/rfcs/about/submissions#authorGuidelines,12,False,http://revistas.unicauca.edu.co/index.php/rfcs/about/editorialPolicies#openAccessPolicy,,False,,False,http://revistas.unicauca.edu.co/index.php/rfcs/about/editorialPolicies#openAccessPolicy,,,,,,,True,,,R|R5-920,False,No,No,Medicine: Medicine (General),2017-04-29T20:20:35Z,2020-08-11T11:40:59Z,2020-08-11,709,2026-05-06T23:35:08Z,facultad ciencias salud,2000.0,EUR,2160.0,1.08,sin_monto,5684.21,2331.51,EUR,observado,,False,,"['doaj', 'facts', 'openapc', 'publindex']",0.002207505518763797,False,False,,True,False,True,True,1,,12,True,,0.0806,0.9715,,,-0.617,0.3846,,,0.093
0120-2650,1657-0448,,Revista Colombiana De Física,2016,B,Colombia,Distrito Capital,"Bogotá, D. C.","Bogotá, D.C.",11001,"Física atómica, Molecular y Química",Ciencias Físicas,Ciencias Naturales,SOCIEDAD COLOMBIANA DE FISICA,Otras,,,378,0120-2650,colombiana fisica,CO,2,2026-09-15,1.0.0,consolidado,fc7da3a3369073b1,163,21101259010,journal,,University of Zadar,True,True,0.105,Q4,1,2,58,123,889,5,91,0.06,15.33,0.5539999999999999,0,2020-2026,Dermatology (Q4); Surgery (Q4),Medicine,http://www.sic-journal.org/,https://doaj.org/toc/d3e3c0e57fe440f08555a14b6b6a7841,2010,"[sic]: Casopis za Knjizevnost, Kulturu i Knjizevno Prevodjenje",,1847-7755,"culture, literature, translation, humanities, social sciences","English, Croatian",Croatia,,,CC BY-NC-ND,,https://www.sic-journal.org/Journal/AboutUs,True,False,https://www.sic-journal.org/Journal/AboutUs,Anonymous peer review,https://www.sic-journal.org/Journal/AboutUs,True,https://www.sic-journal.org/Journal/AboutUs,https://www.sic-journal.org/Content/Impressum,https://www.sic-journal.org/Journal/Submissions,24,False,https://www.sic-journal.org/Journal/AboutUs,,False,,False,,"Portico, Hrčak: Portal of scientific journals in Croatia",,https://hrcak.srce.hr/?lang=en,,,DOI,True,,,PN1-6790,False,No,No,Language and Literature: Literature (General),2011-12-03T16:09:38Z,2021-05-14T08:47:41Z,2021-05-14,448,2026-06-28T19:51:57Z,,416.0,EUR,449.28,1.08,sin_monto,1182.32,416.0,EUR,observado,,False,,"['doaj', 'facts', 'openapc', 'publindex', 'scimago']",0.005518763796909493,False,False,,True,False,True,True,1,2.0,24,False,0.04065040650406504,0.2282,-1.0892,-0.7278,-0.8695,0.4005,0.0777,0.0061,0.0,0.2326
2256-1552,,,Revista Ib De La Información Básica Estadística,2016,C,Colombia,Distrito Capital,"Bogotá, D. C.","Bogotá, D.C.",11001,No registra,Matemática,Ciencias Naturales,DEPARTAMENTO ADMINISTRATIVO NACIONAL DE ESTADISTICA DANE,Entidades de Gobierno,,,664,2256-1552,ib informacion basica estadistica,CO,1,2026-09-15,1.0.0,consolidado,29f5ee00f8daa3de,,,,,Institut Agama Islam Sunan Giri Ponorogo,,False,,,0,,,,,,,,,,,,,,https://ejournal.insuriponorogo.ac.id/index.php/basica,https://doaj.org/toc/7691a21b4e0c47ac81fe8cb55650c5e7,2021,Basica: Journal of Primary Education,2809-9710,2797-0965,"elementary education, primary education, learning strategies, islamic elementary education",English,Indonesia,,,CC BY-NC,,https://ejournal.insuriponorogo.ac.id/index.php/basica/licensing,True,True,https://ejournal.insuriponorogo.ac.id/index.php/basica/copyright,Double anonymous peer review,https://ejournal.insuriponorogo.ac.id/index.php/basica/peerreview,False,https://ejournal.insuriponorogo.ac.id/index.php/basica/focus_scope,https://ejournal.insuriponorogo.ac.id/index.php/basica/editorial_team,https://ejournal.insuriponorogo.ac.id/index.php/basica/author_guidelines,16,True,https://ejournal.insuriponorogo.ac.id/index.php/basica/publication_fee,500000 IDR,False,,False,,,,,,,DOI,True,,,LC8-6691,False,No,No,Education: Special aspects of education,2025-05-08T05:33:59Z,2025-05-08T05:33:59Z,2025-05-08,31,2025-05-09T00:52:43Z,,500000.0,IDR,31.5,6.3e-05,convertida,82.89,500000.0,IDR,declarado,,,,"['doaj', 'publindex']",0.002207505518763797,False,False,,True,False,True,True,1,,16,False,,0.3711,-1.5925,,,-0.2778,0.0027,,,0.1395
0123-2576,0123-2576,,Medicina & Laboratorio,2016,B,No disponible,No disponible,No disponible,No disponible,,No registra,Otras Ciencias Médicas,Ciencias Médicas y de la Salud,EDITORA MEDICA COLOMBIANA S A,Empresas,,,917,0123-2576,medicina laboratorio,CO,2,2026-09-15,1.0.0,consolidado,8ab0dd53840adef6,141,21101151818,journal,,Universidad de Antioquia,True,True,0.126,Q4,1,4,0,62,0,16,50,0.28,0.0,0.0,0,2020-2023,Education (Q4); Medical Laboratory Technology (Q4); Medicine (miscellaneous) (Q4),Health Professions; Medicine; Social Sciences,https://medicinaylaboratorio.com/index.php/myl/index,https://doaj.org/toc/b85dcae0e48846fba012a772bff68890,2020,Medicina & Laboratorio,0123-2576,2500-7106,"medicine, laboratory, clinical pathology",Spanish,Colombia,Universidad de Antioquia,Colombia,CC BY-NC-ND,,https://medicinaylaboratorio.com/index.php/myl/politica,True,False,https://medicinaylaboratorio.com/index.php/myl/politica,Double anonymous peer review,https://medicinaylaboratorio.com/index.php/myl/politica,True,https://medicinaylaboratorio.com/index.php/myl/about,https://medicinaylaboratorio.com/index.php/myl/about/editorialTeam,https://medicinaylaboratorio.com/index.php/myl/about/submissions,12,False,https://medicinaylaboratorio.com/index.php/myl/politica,,False,,False,,Portico,,https://www.portico.org/coverage/titles/?keyword=0123-2576&filter_by%5B%5D=e-journal,,,DOI,True,,,R,False,No,No,Medicine,2022-07-25T06:49:19Z,2022-07-25T06:49:19Z,2022-07-25,0,,medicina laboratorio,1448.6,EUR,1564.49,1.08,sin_monto,4117.08,5176.12,EUR,observado,,False,,"['doaj', 'facts', 'openapc', 'publindex', 'scimago']",0.06181015452538632,False,False,,True,False,True,True,1,2.0,12,True,0.25806451612903225,0.13,0.2542,-0.4581,-0.5873,-0.617,0.2778,0.0319,0.05,0.093
0120-0380,,,Boletín De Matemáticas,2016,B,Colombia,Distrito Capital,"Bogotá, D. C.","Bogotá, D.C.",11001,Matemáticas Puras,Matemática,Ciencias Naturales,UNIVERSIDAD NACIONAL DE COLOMBIA,IES,,,278,0120-0380,matematicas,CO,2,2026-09-15,1.0.0,consolidado,11fbb0882e0cce1b,,,,,MDPI AG,,False,,,0,,,,,,,,,,,,,,http://www.mdpi.com/journal/mathematics,https://doaj.org/toc/a0bc0ed771a04fe69abed76c2c03beab,2013,,,2227-7390,algebra,English,Switzerland,,,CC BY,,http://www.mdpi.com/journal/mathematics/about,True,True,http://www.mdpi.com/about/openaccess,Anonymous peer review,http://www.mdpi.com/journal/mathematics/instructions#editorial_procedure,True,http://www.mdpi.com/journal/mathematics/about,http://www.mdpi.com/journal/mathematics/editors,http://www.mdpi.com/journal/mathematics/instructions,6,True,https://www.mdpi.com/journal/mathematics/apc,2600 CHF,False,,False,,CLOCKSS,Swiss National Library,http://www.mdpi.com/journal/mathematics/indexing,Open Policy Finder,https://openpolicyfinder.jisc.ac.uk/id/publication/24812,DOI,True,,,QA1-939,False,No,No,Science: Mathematics,2013-07-01T19:31:09Z,2024-04-10T15:26:39Z,2024-04-10,28007,2026-08-12T14:14:13Z,,237.88,EUR,256.91,1.08,convertida,676.08,2600.0,CHF,observado,,False,,"['doaj', 'facts', 'openapc', 'publindex']",0.011037527593818985,False,False,,True,False,True,True,2,,6,True,,0.2686,-1.3209,,,-1.1258,0.0432,,,0.0233
0120-8454,2145-9169,,Análisis,2016,C,Colombia,Distrito Capital,"Bogotá, D. C.","Bogotá, D.C.",11001,Filosofía,Otras Humanidades,Humanidades,UNIVERSIDAD SANTO TOMAS,IES,,,710,0120-8454,analisis,CO,1,2026-09-15,1.0.0,consolidado,591946a159d0e73d,,,,,Universidad Santo Tomás,,False,,,0,,,,,,,,,,,,,,https://revistas.usantotomas.edu.co/index.php/analisis,https://doaj.org/toc/d695e0c263df4f53a9f99917134bd527,2006,Revista Analisis,0120-8454,2145-9169,"humanities, pedagogy, education","English, German, Portuguese, Spanish",Colombia,Universidad Santo Tomás,,CC BY-SA,,http://revistas.usta.edu.co/index.php/analisis/index,True,True,http://revistas.usta.edu.co/index.php/analisis/about/submissions#copyrightNotice,Double anonymous peer review,http://revistas.usta.edu.co/index.php/analisis/about/editorialPolicies#peerReviewProcess,True,http://revistas.usta.edu.co/index.php/analisis/about/editorialPolicies#focusAndScope,http://revistas.usta.edu.co/index.php/analisis/about/editorialTeam,http://revistas.usta.edu.co/index.php/analisis/about/submissions#authorGuidelines,16,False,http://revistas.usta.edu.co/index.php/analisis/about/editorialPolicies#custom-1,,False,,False,,,,,,,,True,,,L|H1-99,False,No,No,Education | Social Sciences: Social sciences (General),2017-04-23T20:01:48Z,2025-10-06T11:18:52Z,2025-10-06,440,2025-12-28T20:36:54Z,analisis,2258.19,EUR,2438.85,1.08,sin_monto,6418.03,2258.19,EUR,observado,,True,,"['doaj', 'facts', 'openapc', 'publindex']",0.009933774834437087,False,False,,True,False,True,True,1,,16,False,,0.0731,1.3074,,,-0.2778,0.4346,,,0.1395
2665-2056,2145-5333,,Ciencia Y Salud Virtual,2016,C,Colombia,Caribe,Bolívar,Cartagena de Indias,13001,No registra,Ciencias de la Salud,Ciencias Médicas y de la Salud,CORPORACION UNIVERSITARIA RAFAEL NUNEZ,IES,,,"1,065",2145-5333,ciencia salud virtual,CO,1,2026-09-15,1.0.0,consolidado,07394ad962e2cb20,54,21101105022,journal,,Fundacion Universitaria Maria Cano,True,True,0.195,Q3,2,6,46,89,1864,64,83,0.85,40.52,0.49439999999999995,0,2019-2026,"Health Professions (miscellaneous) (Q3); Occupational Therapy (Q3); Physical Therapy, Sports Therapy and Rehabilitation (Q4); Public Health, Environmental and Occupational Health (Q4); Speech and Hearing (Q4)",Health Professions; Medicine,http://revistacienciaysalud.ac.cr/,https://doaj.org/toc/65b502d79167472d947a7b7067b91996,2017,,,2215-4949,"health, microbiology, physiotherapy, medicine, pharmacy, nutrition","English, Spanish",Costa Rica,UCIMED,Costa Rica,CC BY-NC-ND,,http://revistacienciaysalud.ac.cr/ojs/index.php/cienciaysalud/autor,True,True,https://revistacienciaysalud.ac.cr/ojs/index.php/cienciaysalud/about/submissions#submmisions-copyright-notice,Double anonymous peer review,https://revistacienciaysalud.ac.cr/ojs/index.php/cienciaysalud/politics,True,http://revistacienciaysalud.ac.cr/ojs/index.php/cienciaysalud/sobre,https://revistacienciaysalud.ac.cr/ojs/index.php/cienciaysalud/about/editorialTeam,https://revistacienciaysalud.ac.cr/ojs/index.php/cienciaysalud/about/submissions,6,False,https://revistacienciaysalud.ac.cr/ojs/index.php/cienciaysalud/instrucciones-para-publicar,,False,,False,,,,,,,DOI,True,,,R5-920,False,No,No,Medicine: Medicine (General),2020-03-26T10:41:41Z,2024-09-13T08:12:10Z,2024-09-13,442,2026-05-12T16:54:02Z,,1397.3,EUR,1509.08,1.08,sin_monto,3971.26,1397.3,EUR,observado,,True,,"['doaj', 'facts', 'openapc', 'publindex', 'scimago']",0.03642384105960265,False,False,,True,False,True,True,-1,0.5,6,True,0.7191011235955056,0.2066,0.1874,0.428,-0.3052,-1.1258,0.2678,0.1167,0.1,0.0233
2027-8918,,,Revista Biodiversidad Tropical,2016,C,Colombia,Pacífico,Chocó,Quibdó,27001,Otras Biologías,Ciencias Biológicas,Ciencias Naturales,UNIVERSIDAD TECNOLOGICA DEL CHOCO DIEGO LUIS CORDOBA,IES,,,753,2027-8918,biodiversidad tropical,CO,1,2026-09-15,1.0.0,consolidado,5ff4a268f4b87466,,,,,"Faculty of Biological Sciences, University of Nigeria, Nsukka",,False,,,0,,,,,,,,,,,,,,https://www.ajol.info/index.php/br,https://doaj.org/toc/528eeea1857542f5a61412e1987e0875,2019,Journal of Biological Research and Biotechnology,1596-7409,2705-3822,"biological, biotechnology, cell and molecular biology, medical sciences",English,Nigeria,,,CC BY-NC-ND,,https://www.ajol.info/index.php/br/about,True,True,https://www.ajol.info/index.php/br/about/submissions,Double anonymous peer review,https://www.ajol.info/index.php/br/about/submissions,True,https://www.ajol.info/index.php/br/about,https://www.ajol.info/index.php/br/about/editorialTeam,https://www.ajol.info/index.php/br/about/submissions,10,True,https://www.ajol.info/index.php/br/about/submissions,30000 NGN; 100 USD,False,,False,,,,,,,DOI,True,,,R|QH301-705.5,False,No,No,Medicine | Science: Biology (General),2024-05-31T21:19:15Z,2024-05-31T21:19:15Z,2024-05-31,0,,,2784.55,EUR,3007.31,1.08,convertida,7913.97,30000.0,NGN,observado,,True,,"['doaj', 'facts', 'openapc', 'publindex']",0.004415011037527594,False,False,,True,False,True,True,1,,10,True,,0.0615,1.9922,,,-0.7866,0.5366,,,0.0698
2145-6194,0120-2596,,Revista Civilizar De Empresa Y Economía,2016,C,No disponible,No disponible,No disponible,No disponible,,Negocios y Management,Economía y Negocios,Ciencias Sociales,UNIVERSIDAD SERGIO ARBOLEDA,IES,,,815,2145-6194,civilizar empresa economia,CO,1,2026-09-15,1.0.0,consolidado,a176e9e055724aa4,142,21100893272,journal,,Universidad de Antioquia,True,True,0.125,Q4,1,10,15,67,437,21,66,0.41,29.13,0.2727,0,2005-2026,"Business, Management and Accounting (miscellaneous) (Q4); Economics and Econometrics (Q4); Finance (Q4); Social Sciences (miscellaneous) (Q4); Sociology and Political Science (Q4); Statistics, Probability and Uncertainty (Q4)","Business, Management and Accounting; Decision Sciences; Economics, Econometrics and Finance; Social Sciences",https://www.emeraldgrouppublishing.com/journal/econ,https://doaj.org/toc/c1df81e7c86948d3aecd846a81ce55a5,2013,,1517-7580,2358-2820,"real estate, finance, markets",English,United Kingdom,"National Association of Postgraduate Centers in Economics, ANPEC",Brazil,CC BY,,https://www.emeraldgrouppublishing.com/journal/econ#transparency-statement,True,True,https://www.emeraldgrouppublishing.com/journal/econ#transparency-statement,Double anonymous peer review,https://www.emeraldgrouppublishing.com/journal/econ#author-guidelines,True,https://www.emeraldgrouppublishing.com/journal/econ#aims-and-scope,https://www.emeraldgrouppublishing.com/journal/econ#editorial-team,https://www.emeraldgrouppublishing.com/journal/econ#author-guidelines,25,False,https://www.emeraldgrouppublishing.com/journal/econ#author-guidelines,,False,,False,,"CLOCKSS, Portico",,http://www.elsevier.com/about/company-information/policies/digital-archive,,,DOI,True,,,HB71-74,False,No,No,Social Sciences: Economic theory. Demography: Economics as a science,2015-11-17T19:51:04Z,2022-12-29T12:53:56Z,2022-12-29,216,2026-06-05T14:26:41Z,,2908.3,EUR,3140.96,1.08,sin_monto,8265.68,2908.3,EUR,observado,,True,,"['doaj', 'facts', 'openapc', 'publindex', 'scimago']",0.06181015452538632,False,False,,True,False,True,True,0,1.0,25,False,0.31343283582089554,0.074,2.1532,-0.4709,0.2591,0.4853,0.5606,0.0307,0.2,0.2442
0122-9354,,,Revista De Medicina Veterinaria,2016,A2,Colombia,Distrito Capital,"Bogotá, D. C.","Bogotá, D.C.",11001,Ciencias Veterinarias,Ciencias Veterinarias,Ciencias Agrícolas,UNIVERSIDAD DE LA SALLE,IES,,,86,0122-9354,medicina veterinaria,CO,3,2026-09-15,1.0.0,consolidado,e030d4951b1ad153,,,,,Universidad de La Salle,,False,,,0,,,,,,,,,,,,,,https://ciencia.lasalle.edu.co/mv/,https://doaj.org/toc/a7dcc16a21e344ffa71c834fff3ef6a8,2005,Journal of Veterinary Medicine,0122-9354,2389-8526,"veterinary, veterinary medicine, veterinary science, animal health","Spanish, English",Colombia,Universidad de La Salle,,CC BY-NC-ND,,https://ciencia.lasalle.edu.co/mv/about.html,,True,https://ciencia.lasalle.edu.co/mv/about.html,Double anonymous peer review,https://ciencia.lasalle.edu.co/mv/policies.html#evaluaci%C3%B3n,False,https://ciencia.lasalle.edu.co/mv/policies.html#enfoque,https://ciencia.lasalle.edu.co/mv/comiteeditorial_mv.html,https://ciencia.lasalle.edu.co/mv/MV_Instrucciones.pdf,16,False,https://ciencia.lasalle.edu.co/mv/policies.html,,False,,False,,,,,,,DOI,True,,,SF600-1100,False,No,No,Agriculture: Animal culture: Veterinary medicine,2015-05-15T12:00:21Z,2026-07-27T15:50:17Z,2015-05-15,264,2016-07-01T03:00:11Z,medicina veterinaria,380.8,EUR,411.26,1.08,sin_monto,1082.26,380.8,EUR,observado,,False,,"['doaj', 'facts', 'openapc', 'publindex']",0.0011037527593818985,False,False,,True,False,True,True,3,,16,False,,0.2259,-1.135,,,-0.2778,0.0709,,,0.1395
2145-1362,,,R.F.S. Revista Facultad De Salud Universidad Surcolombiana,2016,C,Colombia,Centro Sur,Huila,Neiva,41001,No registra,Ciencias de la Salud,Ciencias Médicas y de la Salud,UNIVERSIDAD SURCOLOMBIANA,IES,,,164,2145-1362,r f s facultad salud universidad surcolombiana,CO,1,2026-09-15,1.0.0,consolidado,25a9b8b59cfc578a,,,,,Universidad de El Salvador,,False,,,0,,,,,,,,,,,,,,https://revistas.ues.edu.sv/index.php/launiversidad,https://doaj.org/toc/b2d6b51639a94a45ba625b26f28de9a1,2021,Revista La Universidad,0041-8242,3005-5857,"natural sciences, social sciences, health, mathematical logic, information tecnology, agriculture","English, Spanish",El Salvador,Editorial Universitaria UES,El Salvador,CC BY-NC-SA,,https://revistas.ues.edu.sv/index.php/launiversidad/Politica_de_acceso_y_reuso,True,True,https://revistas.ues.edu.sv/index.php/launiversidad/about/submissions,Open peer review,https://revistas.ues.edu.sv/index.php/launiversidad/sistemaarb,True,https://revistas.ues.edu.sv/index.php/launiversidad/about,https://revistas.ues.edu.sv/index.php/launiversidad/about/editorialTeam,https://revistas.ues.edu.sv/index.php/launiversidad/lineamientos,12,False,https://revistas.ues.edu.sv/index.php/launiversidad/cargos,,False,,False,,PKP PN,,https://revistas.ues.edu.sv/index.php/launiversidad/Politica_de_preservacion_digital,,,Handles,True,,,H|Q,False,No,No,Social Sciences,2024-10-22T06:38:35Z,2024-10-22T06:38:35Z,2024-10-22,1041,2026-07-01T23:20:33Z,,1314.0,EUR,1419.12,1.08,sin_monto,3734.53,1763.72,EUR,observado,,False,,"['doaj', 'facts', 'openapc', 'publindex']",0.00772626931567329,False,False,,True,True,True,True,1,,12,True,,0.1108,0.0791,,,-0.617,0.2517,,,0.093
0120-8705,0123-2576,,Revista Ces Medicina,2016,A2,No disponible,No disponible,No disponible,No disponible,,No registra,Ciencias de la Salud,Ciencias Médicas y de la Salud,UNIVERSIDAD CES,IES,,,571,0120-8705,ces medicina,CO,3,2026-09-15,1.0.0,consolidado,089b64c488a7714f,141,21101151818,journal,,Universidad de Antioquia,True,False,0.126,Q4,1,4,0,62,0,16,50,0.28,0.0,0.0,0,2020-2023,Education (Q4); Medical Laboratory Technology (Q4); Medicine (miscellaneous) (Q4),Health Professions; Medicine; Social Sciences,https://www.mdpi.com/journal/medicina,https://doaj.org/toc/3bf5928fcb3d44c492838cf16253d5bd,2007,,1010-660X,1648-9144,"experimental medicine, clinical medicine, surgery, oncology, public health",English,Switzerland,Lithuanian University of Health Sciences,Lithuania,CC BY,,https://www.mdpi.com/openaccess,True,True,https://www.mdpi.com/journal/medicina/about,"Anonymous peer review, Open peer review",https://www.mdpi.com/journal/medicina/instructions#editorial_procedure,True,https://www.mdpi.com/journal/medicina/about,https://www.mdpi.com/journal/medicina/editors,https://www.mdpi.com/journal/medicina/instructions,6,True,https://www.mdpi.com/journal/medicina/apc,1800 CHF,False,,False,,"CLOCKSS, PMC",,https://www.mdpi.com/journal/medicina/indexing,Open Policy Finder,https://openpolicyfinder.jisc.ac.uk/id/publication/35307,DOI,True,,,R5-920,False,No,No,Medicine: Medicine (General),2016-10-25T09:25:34Z,2023-08-14T10:00:55Z,2023-08-14,13014,2026-07-27T13:45:11Z,,1448.6,EUR,1564.49,1.08,convertida,4117.08,1800.0,CHF,observado,,False,,"['doaj', 'facts', 'openapc', 'publindex', 'scimago']",0.06181015452538632,False,False,,True,True,True,True,2,3.0,6,True,0.25806451612903225,0.13,0.2542,-0.4581,-0.5873,-1.1258,0.2778,0.0319,0.05,0.0233
2011-5415,,,Veterinaria Y Zootecnia,2016,B,Colombia,Eje Cafetero,Caldas,Manizales,17001,Ciencias Veterinarias,Ciencias Veterinarias,Ciencias Agrícolas,UNIVERSIDAD DE CALDAS,IES,,,776,2011-5415,veterinaria zootecnia,CO,2,2026-09-15,1.0.0,consolidado,03391d54f2c448bf,,,,,Universidad Nacional de San Martín,,False,,,0,,,,,,,,,,,,,,https://revistas.unsm.edu.pe/index.php/revza,https://doaj.org/toc/4c7fa8dc35ec4984b8a1f421788717bc,2021,,,2810-8175,"veterinary sciences, animal health, veterinary medicine, animal reproduction, animal nutrition, animal sciences","English, Spanish",Peru,,,CC BY,,https://revistas.unsm.edu.pe/index.php/REVZA/politicaeditorial#creativecommons,True,True,https://revistas.unsm.edu.pe/index.php/REVZA/politicaeditorial#Copyright,Double anonymous peer review,https://revistas.unsm.edu.pe/index.php/revza/about#peerReviewProcess,True,https://revistas.unsm.edu.pe/index.php/revza/about#focusAndScope,https://revistas.unsm.edu.pe/index.php/revza/about/editorialTeam,https://revistas.unsm.edu.pe/index.php/revza/directrices,12,False,https://revistas.unsm.edu.pe/index.php/revza/about#apc,,False,,False,,,,,https://revistas.unsm.edu.pe/index.php/REVZA/politicaeditorial#autoarchivo,https://revistas.unsm.edu.pe/index.php/REVZA/politicaeditorial#autoarchivo,DOI,True,,,SF600-1100,False,No,No,Agriculture: Animal culture: Veterinary medicine,2025-05-29T13:38:19Z,2025-05-29T13:38:19Z,2025-05-29,57,2026-06-08T22:44:29Z,,500.0,EUR,540.0,1.08,sin_monto,1421.05,1785.0,EUR,observado,,False,,"['doaj', 'facts', 'openapc', 'publindex']",0.0011037527593818985,False,False,,True,False,True,True,2,,12,True,,0.1994,-0.9799,,,-0.617,0.094,,,0.093
2215-8405,,,Teuken Bidikay,2016,C,Colombia,Eje Cafetero,Antioquia,Medellín,05001,No registra,Ciencias de la Tierra y Medioambientales,Ciencias Naturales,POLITECNICO COLOMBIANO JAIME ISAZA CADAVID,IES,,,975,2215-8405,teuken bidikay,CO,1,2026-09-15,1.0.0,consolidado,a9d28ac7aa9f263a,,,,,Politécnico Colombiano Jaime Isaza Cadavid,,False,,,0,,,,,,,,,,,,,,http://revistas.elpoli.edu.co/index.php/teu,https://doaj.org/toc/9b1a74e823764d2dac1e01c541965e08,2017,,2215-8405,2619-1822,"organizations, accounting, management, environmental, society, latin america",Spanish,Colombia,Politécnico Colombiano Jaime Isaza Cadavid,,CC BY-NC-SA,,http://revistas.elpoli.edu.co/index.php/teu/about/editorialPolicies#custom-1,,False,,Double anonymous peer review,http://revistas.elpoli.edu.co/index.php/teu/about/editorialPolicies#peerReviewProcess,False,http://revistas.elpoli.edu.co/index.php/teu/about/editorialPolicies#focusAndScope,http://revistas.elpoli.edu.co/index.php/teu/about/editorialTeam,http://revistas.elpoli.edu.co/index.php/teu/about/submissions#authorGuidelines,12,False,http://revistas.elpoli.edu.co/index.php/teu,,False,,False,http://revistas.elpoli.edu.co/index.php/teu,,,,,,,True,,,HF1-6182|H1-99,False,No,No,Social Sciences: Commerce | Social Sciences: Social sciences (General),2019-06-24T00:40:33Z,2019-12-05T23:12:40Z,2019-12-05,182,2022-02-27T21:29:02Z,teuken bidikay latinoamericana investigacion organizaciones ambiente sociedad,1702.2,EUR,1838.38,1.08,sin_monto,4837.84,1702.2,EUR,observado,,False,,"['doaj', 'facts', 'openapc', 'publindex']",0.002207505518763797,False,False,,True,False,True,True,1,,12,True,,0.0914,0.5841,,,-0.617,0.3269,,,0.093
1657-8236,,,Gerencia Tecnológica Informática - Gti,2016,B,No disponible,No disponible,No disponible,No disponible,,Ciencias de la Computación,Computación y Ciencias de la Información,Ciencias Naturales,UNIVERSIDAD INDUSTRIAL DE SANTANDER,IES,UNIVERSIDAD INDUSTRIAL DE SANTANDER,,505,1657-8236,gerencia tecnologica informatica gti,CO,2,2026-09-15,1.0.0,consolidado,e3fb684c1763a110,,,,,Politeknik Negeri Bali,,False,,,0,,,,,,,,,,,,,,http://ojs.pnb.ac.id/index.php/LOGIC,https://doaj.org/toc/226555a9289946909561143dff2d30f3,2016,Jurnal Rancang Bangun dan Teknologi,1412-114X,2580-5649,"design, technology",Indonesian,Indonesia,,,CC BY,,http://ojs.pnb.ac.id/index.php/LOGIC/CopyrightNotice?,True,False,,Peer review,http://ojs.pnb.ac.id/index.php/LOGIC/PeerReviewProcess?,False,http://ojs.pnb.ac.id/index.php/LOGIC/FocusandScope?,http://ojs.pnb.ac.id/index.php/LOGIC/about/editorialTeam/?,http://ojs.pnb.ac.id/index.php/LOGIC/AuthorGuidelines?,24,False,http://ojs.pnb.ac.id/index.php/LOGIC/AuthorFee?,,False,,False,http://ojs.pnb.ac.id/index.php/LOGIC/AuthorFee?,,,,,,,True,,,T|TA1-2040,False,No,No,Technology: Engineering (General). Civil engineering (General),2017-10-11T14:45:09Z,2019-01-17T08:42:25Z,2019-01-17,214,2026-03-25T05:33:56Z,,2640.0,EUR,2851.2,1.08,sin_monto,7503.16,1630.43,EUR,observado,,True,,"['doaj', 'facts', 'openapc', 'publindex']",0.002207505518763797,False,False,,True,False,True,True,2,,24,False,,0.0643,1.8042,,,0.4005,0.5086,,,0.2326
0120-6788,,,Matemáticas: Enseñanza Universitaria,2013,B,No disponible,No disponible,No disponible,No disponible,,Matemáticas Aplicadas,Matemática,Ciencias Naturales,UNIVERSIDAD DEL VALLE,IES,,,453,0120-6788,matematicas ensenanza universitaria,CO,2,2026-09-15,1.0.0,consolidado,08a692fbfd7d7fd1,,,,,UNICAMP,,False,,,0,,,,,,,,,,,,,,https://econtents.bc.unicamp.br/inpec/index.php/tematicas/index,https://doaj.org/toc/206a7d3876cd4cbb81c74313609a5a05,2012,,1413-2486,2595-315X,"social science, sociology, anthropology, political science, demography",Portuguese,Brazil,UNICAMP,,CC BY-NC-SA,,https://econtents.bc.unicamp.br/inpec/index.php/tematicas/pda,,True,https://econtents.bc.unicamp.br/inpec/index.php/tematicas/pda,Double anonymous peer review,https://econtents.bc.unicamp.br/inpec/index.php/tematicas/about,True,https://econtents.bc.unicamp.br/inpec/index.php/tematicas/about,https://econtents.bc.unicamp.br/inpec/index.php/tematicas/about/editorialTeam,https://econtents.bc.unicamp.br/inpec/index.php/tematicas/about/submissions,20,False,https://econtents.bc.unicamp.br/inpec/index.php/tematicas/taxa,,False,,False,https://econtents.bc.unicamp.br/inpec/index.php/tematicas/taxa,"LOCKSS, PKP PN",,https://econtents.bc.unicamp.br/inpec/index.php/tematicas/parq,Diadorim,,DOI,True,,,JA1-92|H1-99,False,No,No,Political science: Political science (General) | Social Sciences: Social sciences (General),2020-10-13T19:59:55Z,2020-10-13T19:59:55Z,2020-10-13,0,,,2331.51,EUR,2518.03,1.08,sin_monto,6626.39,2331.51,EUR,observado,,True,,"['doaj', 'facts', 'publindex']",0.002207505518763797,False,False,,True,False,True,True,2,,20,False,,0.0712,1.4028,,,0.0613,0.4488,,,0.186
1909-5775,,,"I+T+C Investigación, Tecnología Y Ciencia",2013,C,Colombia,Pacífico,Cauca,Popayán,19001,Otras Ingenierías y Tecnologías,Otras Ingenierías y Tecnologías,Ingeniería y Tecnología,CORPORACION UNIVERSITARIA COMFACAUCA UNICOMFACAUCA,IES,,,771,1909-5775,i t c investigacion tecnologia ciencia,CO,1,2026-09-15,1.0.0,consolidado,f387f7883dc189fa,,,,,"4S go, s.r.o.",,False,,,0,,,,,,,,,,,,,,http://actatecnologia.eu,https://doaj.org/toc/52d17453503849c586d6c751cece28ef,2015,International Scientific Journal about Technologies,,2453-675X,"technology, technics, industry, education",English,Slovakia,"4S go, s.r.o.",Slovakia,CC BY-NC,,http://actatecnologia.eu/index.php?stranka=openaccesspolicy,,False,https://actatecnologia.eu/index.php?stranka=copyrightnotice,Anonymous peer review,https://actatecnologia.eu/index.php?stranka=reviewprocess,False,http://actatecnologia.eu/index.php?stranka=home,http://actatecnologia.eu/index.php?stranka=editorialboard,http://actatecnologia.eu/index.php?stranka=forauthors,4,True,https://actatecnologia.eu/index.php?stranka=publishingfeewaiverpolicy,315 EUR,True,https://actatecnologia.eu/index.php?stranka=publishingfeewaiverpolicy,False,,Digital archiving and preservation policy,,https://actatecnologia.eu/index.php?stranka=archivingpreservationpolicy,,,DOI,True,,,T,False,No,No,Technology,2016-05-06T10:12:12Z,2022-02-13T18:20:38Z,2022-02-13,62,2020-02-09T20:38:37Z,,405.79,EUR,438.25,1.08,convertida,1153.29,315.0,EUR,observado,,False,,"['doaj', 'facts', 'openapc', 'publindex']",0.004415011037527594,False,False,,True,False,True,True,1,,4,True,,0.2198,-1.1025,,,-1.2954,0.0757,,,0.0
2011-3188,2215-969X,,Dearquitectura,2013,B,Colombia,Distrito Capital,"Bogotá, D. C.","Bogotá, D.C.",11001,Arquitectura y Urbanismo,Arte,Humanidades,UNIVERSIDAD DE LOS ANDES,IES,,,135,2011-3188,dearquitectura,CO,2,2026-09-15,1.0.0,consolidado,cfa1dcad3b17d7a1,154,21101120351,journal,dearq,"Universidad de los Andes, Colombia",True,True,0.115,Q4,1,5,23,79,344,13,63,0.12,14.96,0.46149999999999997,0,2019-2025,"Architecture (Q4); Geography, Planning and Development (Q4); Urban Studies (Q4)",Engineering; Social Sciences,https://www.camjol.info/index.php/arquitectura/index,https://doaj.org/toc/1ae5687cf8064edd80b013dd1afbcce9,2016,Architecture +,,2518-2943,"architecture, urbanism, urban planning, urban design, cultural heritage, history","English, Spanish",Nicaragua,,,CC BY-NC-ND,,https://www.camjol.info/index.php/arquitectura/about,True,False,https://www.camjol.info/index.php/arquitectura/about/submissions,Double anonymous peer review,https://www.camjol.info/index.php/arquitectura/arbitraje,True,https://www.camjol.info/index.php/arquitectura/about,https://www.camjol.info/index.php/arquitectura/about/editorialTeam,https://www.camjol.info/index.php/arquitectura/about/submissions,12,False,https://www.camjol.info/index.php/arquitectura/about/submissions,,False,,False,,,,,,,DOI,True,,,NA1-9428,False,No,No,Fine Arts: Architecture,2022-04-27T10:03:03Z,2024-09-03T06:42:17Z,2024-09-03,289,2026-06-28T14:55:52Z,,2838.0,EUR,3065.04,1.08,sin_monto,8065.89,2838.0,EUR,observado,,True,,"['doaj', 'facts', 'openapc', 'publindex', 'scimago']",0.00772626931567329,False,False,,True,False,True,True,1,2.0,12,True,0.16455696202531644,0.0695,2.0618,-0.5993,-0.4463,-0.617,0.547,0.0184,0.075,0.093
0120-4173,2500-7459,,Revista De La Asociación Colombiana De Ciencias Biológicas,2013,C,Colombia,Eje Cafetero,Quindío,Armenia,63001,Otras Biologías,Ciencias Biológicas,Ciencias Naturales,UNIVERSIDAD NACIONAL DE COLOMBIA,IES,,,512,0120-4173,asociacion colombiana ciencias biologicas,CO,1,2026-09-15,1.0.0,consolidado,3012bccee54cfc8e,140,21101284801,journal,,Colombian Association of Neurology,True,True,0.126,Q4,1,3,48,114,1495,39,90,0.26,31.15,0.4694,0,2022-2026,Neurology (clinical) (Q4),Medicine,https://wnus.edu.pl/ab/en/,https://doaj.org/toc/ca7e8b5d5c1c4ea4a1287ea6a9ade6c6,2015,,2450-8330,2353-3013,"taxonomy, biogeography, ecology, behaviour, molecular biology, conservation biology",English,Poland,,,CC BY-SA,,https://wnus.edu.pl/ab/en/,,True,https://wnus.edu.pl/ab/en/,Double anonymous peer review,https://wnus.edu.pl/ab/en/page/1519860935,False,https://wnus.edu.pl/ab/en/page/1465769308,https://wnus.edu.pl/ab/en/page/1465769463,https://wnus.edu.pl/ab/en/page/1465769550,26,False,https://wnus.edu.pl/ab/en/page/1465769308,,False,,False,,,,,Open Policy Finder,https://openpolicyfinder.jisc.ac.uk/id/publication/38257,DOI,True,,,QH540-549.5,False,No,No,Science: Biology (General): Ecology,2021-05-10T14:29:21Z,2021-05-10T14:29:21Z,2021-05-10,88,2022-08-09T12:23:58Z,,2648.07,EUR,2859.92,1.08,sin_monto,7526.11,2648.07,EUR,observado,,True,,"['doaj', 'facts', 'openapc', 'publindex', 'scimago']",0.01434878587196468,False,False,,True,False,True,True,0,1.0,26,False,0.34210526315789475,0.0808,1.8147,-0.4581,-0.7284,0.5701,0.5102,0.0319,0.025,0.2558
2011-4990,,,Ud Y La Geomatica,2013,C,Colombia,Distrito Capital,"Bogotá, D. C.","Bogotá, D.C.",11001,Geología,Ciencias de la Tierra y Medioambientales,Ciencias Naturales,UNIVERSIDAD DISTRITAL FRANCISCO JOSE DE CALDAS,IES,,,974,2011-4990,ud geomatica,CO,1,2026-09-15,1.0.0,consolidado,1135ad9cacc72ec7,,,,,Elsevier,,False,,,0,,,,,,,,,,,,,,https://www.sciencedirect.com/journal/geomatica,https://doaj.org/toc/5e6f8a83e95443a694b7eb24586ff219,2024,,1195-1036,1925-4296,"earth observations, geographic information sciences, geodesy, global positioning system, global navigation satellite system, geographic information systems",English,Netherlands,Canadian Institute of Geomatics,Canada,"CC BY, CC BY-NC, CC BY-NC-ND",,https://www.sciencedirect.com/science/journal/11951036/publish/open-access-options,True,False,https://www.sciencedirect.com/science/journal/11951036/publish/open-access-options,Anonymous peer review,https://www.sciencedirect.com/journal/geomatica/publish/guide-for-authors,True,https://www.sciencedirect.com/journal/geomatica/about/aims-and-scope,https://www.sciencedirect.com/journal/geomatica/about/editorial-board,https://www.sciencedirect.com/journal/geomatica/publish/guide-for-authors,14,True,https://www.sciencedirect.com/science/journal/11951036/publish/open-access-options,865 USD,True,https://www.elsevier.com/authors/open-access/choice#waivers,False,,"CLOCKSS, Portico",Koninklijke Bibliotheek,https://www.elsevier.com/about/policies-and-standards/digital-archive,,,DOI,True,,,QB275-343|G1-922,False,No,No,Science: Astronomy: Geodesy | Geography. Anthropology. Recreation: Geography (General),2025-01-08T12:30:05Z,2026-04-27T14:21:18Z,2026-04-27,42,2026-06-02T04:22:57Z,,865.0,USD,865.0,1.0,convertida,2276.32,865.0,USD,declarado,,,,"['doaj', 'publindex']",0.002207505518763797,False,False,,True,False,True,True,1,,14,False,,0.1539,-0.5884,,,-0.4474,0.1523,,,0.1163
1692-5114,,,Revista M,2013,C,Colombia,Centro Oriente,Santander,Bucaramanga,68001,No registra,Arte,Humanidades,UNIVERSIDAD SANTO TOMAS,IES,,,"1,118",1692-5114,m,CO,1,2026-09-15,1.0.0,consolidado,205343b4477bf1d4,,,,,Universidad de Chile,,False,,,0,,,,,,,,,,,,,,http://www.revistamad.uchile.cl/,https://doaj.org/toc/a4bbffb93c794f13abf920ab697ab468,1999,Revista del Magíster en Análisis Sistémico Aplicado a la Sociedad,,0718-0527,"social anthropology, sociology, latin america",Spanish,Chile,"Universidad de Chile, Facultad de Ciencias Sociales",,CC BY-NC,,https://revistamad.uchile.cl/index.php/RMAD/about/submissions#copyrightNotice,,True,https://revistamad.uchile.cl/index.php/RMAD/about/submissions#copyrightNotice,Double anonymous peer review,http://www.revistamad.uchile.cl/index.php/RMAD/about/editorialPolicies#peerReviewProcess,False,https://revistamad.uchile.cl/index.php/RMAD/about,https://revistamad.uchile.cl/index.php/RMAD/about/editorialTeam,http://www.revistamad.uchile.cl/index.php/RMAD/about/submissions#authorGuidelines,32,False,https://revistamad.uchile.cl/index.php/RMAD/about/submissions#copyrightNotice,,False,,False,,,,,,,DOI,True,,,G|GN1-890,False,No,No,Geography. Anthropology. Recreation: Anthropology,2006-04-04T13:08:57Z,2021-07-26T10:38:24Z,2021-07-26,201,2017-10-09T14:52:48Z,,924.0,EUR,997.92,1.08,sin_monto,2626.11,1814.27,EUR,observado,,False,,"['doaj', 'facts', 'openapc', 'publindex']",0.002207505518763797,False,False,,True,False,True,True,1,,32,False,,0.1408,-0.4283,,,1.0789,0.1761,,,0.3256
0123-4250,,,Revista Medica Sanitas,2013,C,Colombia,Distrito Capital,"Bogotá, D. C.","Bogotá, D.C.",11001,No registra,Ciencias de la Salud,Ciencias Médicas y de la Salud,FUNDACION UNIVERSITARIA SANITAS,IES,,,388,0123-4250,medica sanitas,CO,1,2026-09-15,1.0.0,consolidado,93945672ac3acc83,,,,,Wiley,,False,,,0,,,,,,,,,,,,,,https://onlinelibrary.wiley.com/journal/29984971,https://doaj.org/toc/cc53fdc020c64c72b35ec033e3ae5bc3,2025,,2998-4963,2998-4971,"medicine, biomedical science, human health, translational research, clinical practice",English,United States,International Society for Health Data Science,,CC BY,,https://onlinelibrary.wiley.com/page/journal/29984971/homepage/open-access,True,True,https://authorservices.wiley.com/author-resources/Journal-Authors/licensing/open-access-agreements.html,Double anonymous peer review,https://onlinelibrary.wiley.com/page/journal/29984971/homepage/author-guidelines,True,https://onlinelibrary.wiley.com/page/journal/29984971/homepage/overview,https://onlinelibrary.wiley.com/page/journal/29984971/homepage/editorial-board,https://onlinelibrary.wiley.com/page/journal/29984971/homepage/author-guidelines,14,True,https://onlinelibrary.wiley.com/page/journal/29984971/homepage/open-access,3000 USD; 2207 GBP; 2601 EUR,True,https://authorservices.wiley.com/open-research/open-access/for-authors/waivers-and-discounts.html,False,,"CLOCKSS, Portico",,https://onlinelibrary.wiley.com/library-info/resources/preservation,Open Policy Finder,https://openpolicyfinder.jisc.ac.uk/id/publication/46615,DOI,True,,,R,False,No,No,Medicine,2026-02-25T15:09:33Z,2026-02-25T15:09:33Z,,60,2026-06-10T10:59:22Z,,3000.0,USD,3000.0,1.0,convertida,7894.74,3000.0,USD,declarado,,True,,"['doaj', 'facts', 'publindex']",0.006622516556291391,False,False,,True,False,True,True,1,,14,False,,0.0616,1.9834,,,-0.4474,0.5353,,,0.1163
0120-3800,,,Revista Interamericana De Psicología Ocupacional,2013,C,No disponible,No disponible,No disponible,No disponible,,"Psicología (Incluye Terapias de Aprendizaje, Habla, Visual y Otras Discapacidades Físicas y Mentales)",Psicología,Ciencias Sociales,CENTRO DE INVESTIGACION EN COMPORTAMIENTO ORGANIZACIONAL CINCEL S A S,Empresas,,,754,0120-3800,interamericana psicologia ocupacional,CO,1,2026-09-15,1.0.0,consolidado,19ba8275bcb59663,,,,,Centro de Investigación en Comportamiento Organizacional Cincel,,False,,,0,,,,,,,,,,,,,,http://revista.cincel.com.co/index.php/RPO,https://doaj.org/toc/4cf97eb543f2454eb2237d8f9d6768b6,2016,,2539-5238,2500-5669,"work psychology, organizational psychology, occupational health psychology, human resources, human resource management, workplace behavior and occupational psychology",Spanish,Colombia,Centro de Investigación en Comportamiento Organizacional Cincel,,CC BY-NC,,http://revista.cincel.com.co/index.php/RPO/about/editorialPolicies#openAccessPolicy,,False,,Double anonymous peer review,http://revista.cincel.com.co/index.php/RPO/about/editorialPolicies#peerReviewProcess,False,http://revista.cincel.com.co/index.php/RPO/about/editorialPolicies#focusAndScope,http://revista.cincel.com.co/index.php/RPO/about/editorialTeam,http://revista.cincel.com.co/index.php/RPO/about/submissions#authorGuidelines,10,False,http://revista.cincel.com.co/index.php/RPO/about/editorialPolicies#peerReviewProcess,,False,,False,http://revista.cincel.com.co/index.php/RPO/about/editorialPolicies#peerReviewProcess,,,,,,,True,,,BF1-990|HD58.7-58.95,False,No,No,"Philosophy. Psychology. Religion: Psychology | Social Sciences: Industries. Land use. Labor: Management. Industrial management: Organizational behaviour, change and effectiveness. Corporate culture",2018-09-29T18:56:29Z,2019-01-23T14:09:21Z,2019-01-23,22,2019-10-04T15:34:52Z,,1828.24,EUR,1974.5,1.08,sin_monto,5196.05,1828.24,EUR,observado,,True,,"['doaj', 'facts', 'openapc', 'publindex']",0.0011037527593818985,False,False,,True,False,True,True,1,,10,True,,0.0865,0.7481,,,-0.7866,0.3513,,,0.0698
0123-2614,,,Nova Et Vetera,2013,C,Colombia,Distrito Capital,"Bogotá, D. C.","Bogotá, D.C.",11001,No registra,Otras Ciencias Sociales,Ciencias Sociales,ESCUELA SUPERIOR DE ADMINISTRACION PUBLICA,IES,,,265,0123-2614,nova et vetera,CO,1,2026-09-15,1.0.0,consolidado,e9c81532eedfcf38,,,,,Escuela Superior de Administración Pública - ESAP,,False,,,0,,,,,,,,,,,,,,https://revistas.esap.edu.co/index.php/novaetvetera/index,https://doaj.org/toc/f1056b98e45b4d52b7df9c2570a59e7b,2011,,0123-2614,2500-5103,"human rights, territory, peace building","Spanish, English",Colombia,,,CC BY-NC-SA,,https://revistas.esap.edu.co/index.php/novaetvetera/about#openAccessPolicy,True,False,https://revistas.esap.edu.co/index.php/novaetvetera/about/submissions#copyrightnotice,Double anonymous peer review,https://revistas.esap.edu.co/index.php/novaetvetera/about,True,https://revistas.esap.edu.co/index.php/novaetvetera/about,https://revistas.esap.edu.co/index.php/novaetvetera/about/editorialTeam,https://revistas.esap.edu.co/index.php/novaetvetera/about/submissions,20,False,https://revistas.esap.edu.co/index.php/novaetvetera/about#openAccessPolicy,,False,,False,,,,,,,DOI,True,,,JF20-2112,False,No,No,Political science: Political institutions and public administration (General),2026-04-16T11:19:54Z,2026-04-16T11:19:54Z,,102,2026-08-05T21:20:15Z,nova et vetera,2676.26,EUR,2890.36,1.08,sin_monto,7606.21,2258.06,EUR,observado,,True,,"['doaj', 'facts', 'openapc', 'publindex']",0.0011037527593818985,False,False,,True,False,True,True,1,,20,False,,0.0635,1.8513,,,0.0613,0.5156,,,0.186
1909-8642,,,Ciencia Y Tecnología De Buques /Ship Science And Technology,2013,C,Colombia,Caribe,Bolívar,Cartagena de Indias,13001,"Ingeniería Marina, Naves",Ingeniería Ambiental,Ingeniería y Tecnología,CORPORACION DE CIENCIA Y TECNOLOGIA PARA EL DESARROLLO DE LA INDUSTRIA NAVAL MARITIMA Y FLUVIAL COTECMAR,Centros,,,436,1909-8642,ciencia tecnologia buques ship science technology,CO,1,2026-09-15,1.0.0,consolidado,534f4a98bb657cad,164,21101145379,journal,,Technological University of Pereira,False,False,0.101,Q4,1,3,23,57,1014,4,52,0.08,44.09,0.23079999999999998,0,2019-2025,History (Q4); Political Science and International Relations (Q4),Arts and Humanities; Social Sciences,https://shipjournal.co/index.php/sst/index,https://doaj.org/toc/0ace93a188a744c499be73fa14135c9a,2007,,1909-8642,2619-645X,"ship design, hydrodynamics, dynamics of ships, vibrations and noise, technology of ship construction, marine engineering",English,Colombia,,,CC BY,,https://shipjournal.co/index.php/sst/licencia,True,False,https://shipjournal.co/index.php/sst/derecho,Double anonymous peer review,https://shipjournal.co/index.php/sst/procesorp,False,https://shipjournal.co/index.php/sst/objetivos,https://shipjournal.co/index.php/sst/about/editorialTeam,https://shipjournal.co/index.php/sst/lista,20,False,https://shipjournal.co/index.php/sst/costos,,False,,False,,"PKP PN, Portico",,https://portal.issn.org/resource/ISSN/2619-645X,,,DOI,True,,,V,False,No,No,Naval Science,2018-02-01T16:32:33Z,2026-08-11T15:19:37Z,,0,,ship science technology cartagena,1791.95,EUR,1935.31,1.08,sin_monto,5092.92,1791.95,EUR,observado,,True,,"['doaj', 'facts', 'openapc', 'publindex', 'scimago']",0.02869757174392936,False,False,,True,False,True,True,0,1.0,20,False,0.07017543859649122,0.0887,0.7009,-0.7791,-0.7284,0.0613,0.3443,0.0012,0.025,0.186
1909-230X,,,Ciencia Política,2013,C,Colombia,Distrito Capital,"Bogotá, D. C.","Bogotá, D.C.",11001,Ciencias Políticas,Ciencias Políticas,Ciencias Sociales,UNIVERSIDAD NACIONAL DE COLOMBIA,IES,,,959,1909-230X,ciencia politica,CO,1,2026-09-15,1.0.0,consolidado,566693ddfcb403c6,164,21101145379,journal,,Technological University of Pereira,False,False,0.101,Q4,1,3,23,57,1014,4,52,0.08,44.09,0.23079999999999998,0,2019-2025,History (Q4); Political Science and International Relations (Q4),Arts and Humanities; Social Sciences,https://revistas.unal.edu.co/index.php/cienciapol,https://doaj.org/toc/1f55d721c7ff47fc821fe007fc7c4e5e,2006,Ciencia Política (Universidad Nacional de Colombia),1909-230X,2389-7481,"communication, politics, political science","English, French, Spanish",Colombia,,,CC BY-NC-ND,,https://revistas.unal.edu.co/index.php/cienciapol/about#copyright,,False,https://revistas.unal.edu.co/index.php/cienciapol/about#copyright,Peer review,http://www.revistas.unal.edu.co/index.php/cienciapol/about/editorialPolicies#peerReviewProcess,False,https://revistas.unal.edu.co/index.php/cienciapol/about,https://revistas.unal.edu.co/index.php/cienciapol/about/editorialTeam,http://www.revistas.unal.edu.co/index.php/cienciapol/about/submissions#authorGuidelines,16,False,http://revistas.unal.edu.co/index.php/cienciapol/about/editorialPolicies#peerReviewProcess,,False,,False,,PKP PN,,https://portal.issn.org/resource/ISSN/2389-7481,,,DOI,True,,,J|JF20-2112|JA1-92,False,No,No,Political science: Political institutions and public administration (General) | Political science: Political science (General),2016-03-08T19:17:55Z,2025-02-08T22:13:49Z,2025-02-08,474,2026-05-20T20:15:03Z,ciencia politica,2443.03,EUR,2638.47,1.08,sin_monto,6943.34,2331.51,EUR,observado,,True,,"['doaj', 'facts', 'openapc', 'publindex', 'scimago']",0.02869757174392936,False,False,,True,False,True,True,0,1.0,16,False,0.07017543859649122,0.0692,1.5479,-0.7791,-0.7284,-0.2778,0.4704,0.0012,0.025,0.1395
0120-095X,,,Revista Uis Humanidades,2013,C,No disponible,No disponible,No disponible,No disponible,,Otras Humanidades,Otras Humanidades,Humanidades,UNIVERSIDAD INDUSTRIAL DE SANTANDER,IES,,,306,0120-095X,uis humanidades,CO,1,2026-09-15,1.0.0,consolidado,8c645fd558de9530,,,,,Universidad de Costa Rica,,False,,,0,,,,,,,,,,,,,,http://www.revistas.ucr.ac.cr/index.php/humanidades/,https://doaj.org/toc/45c4ce4460804f10a780e4588b7d1fa0,2011,Revista de la Escuela de Estudios Generales,2215-2253,2215-3934,"humanities, humanist thought",Spanish,Costa Rica,Escuela de Estudios Generales,,CC BY-NC-ND,,https://revistas.ucr.ac.cr/index.php/humanidades/about/submissions,,True,https://revistas.ucr.ac.cr/index.php/humanidades/about/submissions,Double anonymous peer review,https://revistas.ucr.ac.cr/index.php/humanidades/about,True,https://revistas.ucr.ac.cr/index.php/humanidades/about,https://revistas.ucr.ac.cr/index.php/humanidades/about/editorialTeam,https://revistas.ucr.ac.cr/index.php/humanidades/about/submissions,12,False,https://revistas.ucr.ac.cr/index.php/humanidades/index,,False,,False,https://revistas.ucr.ac.cr/index.php/humanidades/index,PKP PN,,https://portal.issn.org/resource/ISSN/2215-3934#,,,DOI,True,,,A,False,No,No,General Works,2015-03-05T17:27:56Z,2020-03-13T14:26:31Z,2015-03-05,337,2026-08-11T13:56:58Z,,2618.0,EUR,2827.44,1.08,sin_monto,7440.63,1872.1,EUR,observado,,True,,"['doaj', 'facts', 'openapc', 'publindex']",0.018763796909492272,False,False,,True,False,True,True,1,,12,True,,0.0647,1.7755,,,-0.617,0.5043,,,0.093
2027-1433,,,Gestión & Sociedad,2013,C,Colombia,Distrito Capital,"Bogotá, D. C.","Bogotá, D.C.",11001,No registra,Ciencias Biológicas,Ciencias Naturales,UNIVERSIDAD DE LA SALLE,IES,,,790,2027-1433,gestion sociedad,CO,1,2026-09-15,1.0.0,consolidado,f1a389b55550cbf8,,,,,ESIC University,,False,,,0,,,,,,,,,,,,,,https://revistasinvestigacion.esic.edu/adresearch,https://doaj.org/toc/58c2c8165f3e4a06a2930ed61453fa10,2010,aDresearch ESIC: International Journal of Research in Communication,,2340-3144,"communication, new media, marketing, public relations, strategy, branding","English, Spanish",Spain,,,CC BY-NC-ND,,https://revistasinvestigacion.esic.edu/adresearch/index.php/adresearch/accesoabierto,True,False,https://revistasinvestigacion.esic.edu/adresearch/index.php/adresearch/accesoabierto,Double anonymous peer review,https://revistasinvestigacion.esic.edu/adresearch/index.php/adresearch/revision,True,https://revistasinvestigacion.esic.edu/adresearch/index.php/adresearch/about,https://revistasinvestigacion.esic.edu/adresearch/index.php/adresearch/about/editorialTeam,https://revistasinvestigacion.esic.edu/adresearch/index.php/adresearch/about/submissions,24,False,https://revistasinvestigacion.esic.edu/adresearch/index.php/adresearch/about/submissions,,False,,False,,,,,,,DOI,True,,,H|P87-96,False,No,No,Social Sciences | Language and Literature: Philology. Linguistics: Communication. Mass media,2022-04-19T13:31:45Z,2022-04-19T13:31:45Z,2022-04-19,260,2026-06-29T23:00:07Z,,1996.61,EUR,2156.34,1.08,sin_monto,5674.58,1872.1,EUR,observado,,True,,"['doaj', 'facts', 'openapc', 'publindex']",0.005518763796909493,False,False,,True,False,True,True,1,,24,False,,0.0807,0.9671,,,0.4005,0.3839,,,0.2326
1900-9909,,,Nexus,2013,B,Colombia,Pacífico,Valle del Cauca,Cali,76001,Medios y Comunicación Social,Periodismo y Comunicaciones,Ciencias Sociales,UNIVERSIDAD DEL VALLE,IES,,,"1,042",1900-9909,nexus,CO,2,2026-09-15,1.0.0,consolidado,d93888cb67e976f3,,,,,Instituto Federal do Amazonas (IFAM),,False,,,0,,,,,,,,,,,,,,https://nexus.ifam.edu.br/index.php/revista-nexus/index,https://doaj.org/toc/d848f0fad7cb481facc906326e40b28b,2015,Nexus: Revista de Extensão do IFAM,,2447-794X,"university extension, higher education, community, academic training, culture, environment",Portuguese,Brazil,,,CC BY,,https://nexus.ifam.edu.br/index.php/revista-nexus/about,,True,https://nexus.ifam.edu.br/index.php/revista-nexus/diretrizes_para_autores,Double anonymous peer review,https://nexus.ifam.edu.br/index.php/revista-nexus/about,False,https://nexus.ifam.edu.br/index.php/revista-nexus/about,https://nexus.ifam.edu.br/index.php/revista-nexus/about/editorialTeam,https://nexus.ifam.edu.br/index.php/revista-nexus/diretrizes_para_autores,32,False,https://nexus.ifam.edu.br/index.php/revista-nexus/about,,False,,False,,,,,,,DOI,True,,,LC8-6691,False,No,No,Education: Special aspects of education,2026-04-27T20:14:05Z,2026-04-27T20:14:05Z,,0,,,975.0,EUR,1053.0,1.08,sin_monto,2771.05,975.0,EUR,observado,,False,,"['doaj', 'facts', 'openapc', 'publindex']",0.0011037527593818985,False,False,,True,False,True,True,2,,32,False,,0.136,-0.362,,,1.0789,0.186,,,0.3256
2011-074X,,,Revista S,2013,C,No disponible,No disponible,No disponible,No disponible,,No registra,Sociología,Ciencias Sociales,UNIVERSIDAD INDUSTRIAL DE SANTANDER,IES,,,471,2011-074X,s,CO,1,2026-09-15,1.0.0,consolidado,93513437d652d77a,,,,,Universidad Veracruzana,,False,,,0,,,,,,,,,,,,,,http://stoa.uv.mx/index.php/Stoa,https://doaj.org/toc/437f4f82e36c4502bff2811c6ed5c500,2010,,,2007-1868,"philosophy, culture","Spanish, Portuguese",Mexico,"Universidad Veracruzana, Instituto de Filosofía",,CC BY-NC-SA,,http://revistas.uv.mx/index.php/Stoa/index,,False,,Double anonymous peer review,http://revistas.uv.mx/index.php/Stoa/about/editorialPolicies#peerReviewProcess,False,http://revistas.uv.mx/index.php/Stoa/about/editorialPolicies#focusAndScope,http://revistas.uv.mx/index.php/Stoa/index,http://revistas.uv.mx/index.php/Stoa/about/submissions#authorGuidelines,12,False,http://revistas.uv.mx/index.php/Stoa/index,,False,,False,,,,,,,,True,,,B1-5802,False,No,No,Philosophy. Psychology. Religion: Philosophy (General),2017-01-20T14:18:45Z,2021-11-02T08:38:33Z,2021-11-02,295,2026-02-16T04:03:04Z,,1019.3,EUR,1100.84,1.08,sin_monto,2896.95,1630.43,EUR,observado,,False,,"['doaj', 'facts', 'openapc', 'publindex']",0.0011037527593818985,False,False,,True,False,True,True,1,,12,True,,0.132,-0.3043,,,-0.617,0.1946,,,0.093
2027-7458,,,Analecta Política,2013,C,Colombia,Eje Cafetero,Antioquia,Medellín,05001,Ciencias Políticas,Ciencias Políticas,Ciencias Sociales,UNIVERSIDAD PONTIFICIA BOLIVARIANA,IES,,,"1,176",2027-7458,analecta politica,CO,1,2026-09-15,1.0.0,consolidado,1858810c5589c941,164,21101145379,journal,,Technological University of Pereira,False,False,0.101,Q4,1,3,23,57,1014,4,52,0.08,44.09,0.23079999999999998,0,2019-2025,History (Q4); Political Science and International Relations (Q4),Arts and Humanities; Social Sciences,https://revistas.upb.edu.co/index.php/analecta,https://doaj.org/toc/390a759edfea46248cd75c5f315a10b5,2011,,2027-7458,2390-0067,"politics, international relations",Spanish,Colombia,,,CC BY-NC,,https://revistas.upb.edu.co/index.php/analecta,True,True,https://revistas.upb.edu.co/index.php/analecta/about/submissions,Anonymous peer review,https://revistas.upb.edu.co/index.php/analecta/about,False,https://revistas.upb.edu.co/index.php/analecta/about,https://revistas.upb.edu.co/index.php/analecta/about/editorialTeam,https://revistas.upb.edu.co/index.php/analecta/about/submissions,16,False,https://revistas.upb.edu.co/index.php/analecta/about,,False,,False,,,,,,,,True,,,J|JA1-92,False,No,No,Political science: Political science (General),2016-03-07T18:22:45Z,2022-02-11T04:18:31Z,2022-02-11,0,,analecta politica,2443.03,EUR,2638.47,1.08,sin_monto,6943.34,2331.51,EUR,observado,,True,,"['doaj', 'facts', 'openapc', 'publindex', 'scimago']",0.02869757174392936,False,False,,True,False,True,True,0,1.0,16,False,0.07017543859649122,0.0692,1.5479,-0.7791,-0.7284,-0.2778,0.4704,0.0012,0.025,0.1395
0072-0992,,,Geología Colombiana,2013,B,Colombia,Distrito Capital,"Bogotá, D. C.","Bogotá, D.C.",11001,Geología,Ciencias de la Tierra y Medioambientales,Ciencias Naturales,UNIVERSIDAD NACIONAL DE COLOMBIA,IES,,,317,0072-0992,geologia colombiana,CO,2,2026-09-15,1.0.0,consolidado,fd580838ad7bd313,140,21101284801,journal,,Colombian Association of Neurology,True,False,0.126,Q4,1,3,48,114,1495,39,90,0.26,31.15,0.4694,0,2022-2026,Neurology (clinical) (Q4),Medicine,https://reference-global.com/journal/LOGI,https://doaj.org/toc/89ccda6268014716b8c4b6a4604ee188,2010,Logi: Scientific Journal on Transport and Logistics,,2336-3037,"transport, logistics, warehousing, handling, vehicle, sustainability",English,Poland,"Institute of Technology and Business in České Budějovice, Faculty of Technology",Czechia,CC BY-NC-ND,,https://reference-global.com/journal/LOGI?tab=copyright,True,True,https://reference-global.com/journal/LOGI?tab=copyright,Double anonymous peer review,https://sciendo-parsed-data-feed.s3.eu-central-1.amazonaws.com/LOGI/Peer_Review_Procedure.pdf,True,https://reference-global.com/journal/LOGI?tab=aims-and-scope,https://reference-global.com/journal/LOGI?tab=editorial-board,https://reference-global.com/journal/LOGI?tab=submission-guidelines,12,True,https://reference-global.com/journal/LOGI?tab=article-processing-charges,150 EUR,False,,True,https://reference-global.com/journal/LOGI?tab=article-processing-charges,Portico,,https://www.portico.org/publishers/wdg/?keyword=LOGI+%E2%80%93+Scientific+Journal+on+Transport+and+Logistics&filter_by%5B%5D=e-journal,,,DOI,True,,,TA1001-1280,False,No,No,Technology: Engineering (General). Civil engineering (General): Transportation engineering,2024-04-02T13:46:11Z,2026-07-24T16:43:03Z,2026-07-24,208,2026-07-13T05:03:03Z,,150.0,EUR,162.0,1.08,convertida,426.32,150.0,EUR,declarado,,,,"['doaj', 'publindex', 'scimago']",0.01434878587196468,False,False,,True,False,True,True,1,2.0,12,True,0.34210526315789475,0.383,-1.4353,-0.4581,-0.7284,-0.617,0.0262,0.0319,0.025,0.093
0123-9678,,,Ventana Informática,2013,C,Colombia,Eje Cafetero,Caldas,Manizales,17001,Ciencias de la Computación,Computación y Ciencias de la Información,Ciencias Naturales,UNIVERSIDAD DE MANIZALES UMANIZALES,IES,,,500,0123-9678,ventana informatica,CO,1,2026-09-15,1.0.0,consolidado,b58053c6c825a562,,,,,Pontificia Universidad Católica de Chile,,False,,,0,,,,,,,,,,,,,,http://cuadernos.info,https://doaj.org/toc/7a4f1d04b8214fdab4db22c4f760d480,1984,,0719-3661,0719-367X,"communication, journalism, information, advertising, broadcasting, film","Spanish, Portuguese, English",Chile,"Pontificia Universidad Católica de Chile, Facultad de Comunicaciones",,CC BY-NC-SA,,https://cuadernos.info/index.php/cdi/Politica,True,True,http://cuadernos.info/index.php/CDI/about/submissions#copyrightNotice,Double anonymous peer review,http://ojs.uc.cl/index.php/cdi/Politica,True,http://ojs.uc.cl/index.php/cdi/about,http://ojs.uc.cl/index.php/cdi/about/editorialTeam,http://ojs.uc.cl/index.php/cdi/about/submissions,32,False,http://ojs.uc.cl/index.php/cdi/about,,False,,False,,,,,,,DOI,True,,,P87-96,False,No,No,Language and Literature: Philology. Linguistics: Communication. Mass media,2017-06-15T15:38:35Z,2024-12-09T08:08:39Z,2024-12-09,1585,2026-08-11T01:38:01Z,,2640.0,EUR,2851.2,1.08,sin_monto,7503.16,1630.43,EUR,observado,,True,,"['doaj', 'facts', 'openapc', 'publindex']",0.002207505518763797,False,False,,True,False,True,True,1,,32,False,,0.0643,1.8042,,,1.0789,0.5086,,,0.3256
0121-7372,2462-991X,,Repertorio De Medicina Y Cirugía,2013,C,Colombia,Distrito Capital,"Bogotá, D. C.","Bogotá, D.C.",11001,No registra,Medicina Clínica,Ciencias Médicas y de la Salud,SOCIEDAD DE CIRUGIA DE BOGOTA,Otras,,,494,0121-7372,repertorio medicina cirugia,CO,1,2026-09-15,1.0.0,consolidado,20b19bab8d22599d,163,21101259010,journal,,Fundación Univrsitaria de Ciencias de la Salud,True,True,0.105,Q4,1,2,58,123,889,5,91,0.06,15.33,0.5539999999999999,0,2020-2026,Dermatology (Q4); Surgery (Q4),Medicine,https://revistas.fucsalud.edu.co/index.php/repertorio,https://doaj.org/toc/0953d0aea47f42c1819a51ecb353d65d,2019,,0121-7372,2462-991X,"health sciences, biomedicine","English, Spanish",Colombia,Sociedad Cirugía de Bogotá,,CC BY-NC-ND,,https://revistas.fucsalud.edu.co/index.php/repertorio/about/openaccess,True,False,https://revistas.fucsalud.edu.co/index.php/repertorio/about/copyright,Double anonymous peer review,https://revistas.fucsalud.edu.co/index.php/repertorio/about/publicationProcess,True,https://revistas.fucsalud.edu.co/index.php/repertorio/about/focusandscope,https://revistas.fucsalud.edu.co/index.php/repertorio/about/editorialTeam,https://revistas.fucsalud.edu.co/index.php/repertorio/about/authorsrules,16,False,https://revistas.fucsalud.edu.co/index.php/repertorio/about/openaccess,,False,,False,,,,,,,DOI,True,,,R5-920,False,No,No,Medicine: Medicine (General),2021-01-18T10:00:02Z,2021-05-11T07:07:17Z,2021-05-11,1173,2026-07-27T17:03:06Z,repertorio medicina cirugia,1448.6,EUR,1564.49,1.08,sin_monto,4117.08,1448.6,EUR,observado,,False,,"['doaj', 'facts', 'openapc', 'publindex', 'scimago']",0.0011037527593818985,False,False,,True,False,True,True,0,1.0,16,False,0.04065040650406504,0.1084,0.2542,-0.7278,-0.8695,-0.2778,0.2778,0.0061,0.0,0.1395
1692-9918,,,Ingenieria De Recursos Naturales Y Del Ambiente,2013,C,No disponible,No disponible,No disponible,No disponible,,No registra,Otras Ciencias Naturales,Ciencias Naturales,UNIVERSIDAD DEL VALLE,IES,,,730,1692-9918,ingenieria recursos naturales ambiente,CO,1,2026-09-15,1.0.0,consolidado,434a6364ead90080,,,,,Universidade Estadual de Roraima,,False,,,0,,,,,,,,,,,,,,https://periodicos.uerr.edu.br/index.php/ambiente/index,https://doaj.org/toc/6733685bc6d9437b974766769090152d,2013,Ambiente: Gestão e Desenvolvimento,,1981-4127,"social science, education, human sciences",Portuguese,Brazil,,,CC BY,,https://periodicos.uerr.edu.br/index.php/ambiente/about,,False,,Anonymous peer review,https://periodicos.uerr.edu.br/index.php/ambiente/about,False,https://periodicos.uerr.edu.br/index.php/ambiente/about,https://periodicos.uerr.edu.br/index.php/ambiente/about/editorialTeam,https://periodicos.uerr.edu.br/index.php/ambiente/about/submissions,4,False,https://periodicos.uerr.edu.br/index.php/ambiente/about,,False,,False,https://periodicos.uerr.edu.br/index.php/ambiente/about,,,https://periodicos.uerr.edu.br/index.php/ambiente/gateway/lockss,Diadorim,,DOI,True,,,A|GE1-350,False,No,No,General Works | Geography. Anthropology. Recreation: Environmental sciences,2020-01-06T18:37:23Z,2020-02-27T21:36:06Z,2020-02-27,504,2026-08-08T00:00:32Z,,2331.51,EUR,2518.03,1.08,sin_monto,6626.39,2331.51,EUR,observado,,True,,"['doaj', 'facts', 'publindex']",0.004415011037527594,False,False,,True,False,True,True,1,,4,True,,0.0712,1.4028,,,-1.2954,0.4488,,,0.0
1692-3502,,,Ensayos. Historia Y Teoría Del Arte,2012,C,Colombia,Distrito Capital,"Bogotá, D. C.","Bogotá, D.C.",11001,No registra,Otras Ciencias Sociales,Ciencias Sociales,UNIVERSIDAD NACIONAL DE COLOMBIA,IES,,,337,1692-3502,ensayos historia teoria arte,CO,1,2026-09-15,1.0.0,consolidado,70d9178460aa3296,,,,,"Universidad Nacional, Costa Rica",,False,,,0,,,,,,,,,,,,,,http://www.revistas.una.ac.cr/historia,https://doaj.org/toc/fbee54fd818c4dee805478f8807e30a5,1985,,1012-9790,2215-4744,"history, historiography, costa rican history, central american history, latin american history",Spanish,Costa Rica,"Universidad Nacional, Costa Rica",,CC BY-NC-SA,,http://www.revistas.una.ac.cr/index.php/historia/noticeofcopyright,,False,,Double anonymous peer review,http://www.revistas.una.ac.cr/index.php/historia/arbitrationsystem,True,http://www.revistas.una.ac.cr/index.php/historia/approachandscope,http://www.revistas.una.ac.cr/index.php/historia/about/editorialTeam,http://www.revistas.una.ac.cr/index.php/historia/guidelinesforauthors,8,False,http://www.revistas.una.ac.cr/index.php/historia/policies,,False,,False,,,,,,,,True,,,D1-2009|F1201-3799|BT1313-1480,False,No,No,History (General) and history of Europe: History (General) | History America: Latin America. Spanish America | Philosophy. Psychology. Religion: Doctrinal Theology: History of specific doctrines and movements. Heresies and schisms,2019-04-25T00:54:35Z,2022-09-26T12:59:42Z,2022-09-26,731,2024-10-27T19:12:28Z,,1116.0,EUR,1205.28,1.08,sin_monto,3171.79,1116.0,EUR,observado,,True,,"['doaj', 'facts', 'openapc', 'publindex']",0.011037527593818985,False,False,,True,False,True,True,1,,8,True,,0.1242,-0.1785,,,-0.9562,0.2133,,,0.0465
2027-8047,,,Una Salud Revista Sapuvet De Salud Pública,2012,C,Colombia,Distrito Capital,"Bogotá, D. C.","Bogotá, D.C.",11001,No registra,Ciencias de la Salud,Ciencias Médicas y de la Salud,UNIVERSIDAD DE LA SALLE,IES,,,976,2027-8047,una salud sapuvet salud publica,CO,1,2026-09-15,1.0.0,consolidado,eebdf92361978a01,,,,,"FISIP UIN Sunan Gunung Djati Bandung, Jurusan Administrasi Publik",,False,,,0,,,,,,,,,,,,,,https://journal.uinsgd.ac.id/index.php/publica/index,https://doaj.org/toc/18d92c894c9742508d8119bbc68182e3,2018,Publica: Jurnal Pemikiran Administrasi Negara,2085-6555,2715-9256,"public administration, public policy, bureaucracy, public service, governance, local government",English,Indonesia,UIN Sunan Gunung Djati Bandung,Indonesia,CC BY-SA,,https://journal.uinsgd.ac.id/index.php/publica/about/submissions#copyrightNotice,,True,https://journal.uinsgd.ac.id/index.php/publica/about/submissions#copyrightNotice,Double anonymous peer review,https://journal.uinsgd.ac.id/index.php/publica/about/editorialPolicies#peerReviewProcess,True,https://journal.uinsgd.ac.id/index.php/publica/about/editorialPolicies#focusAndScope,https://journal.uinsgd.ac.id/index.php/publica/about/editorialTeam,https://journal.uinsgd.ac.id/index.php/publica/about/submissions#authorGuidelines,22,False,https://journal.uinsgd.ac.id/index.php/publica/about/editorialPolicies#custom-4,,False,,False,,Internet Archive,,https://journal.uinsgd.ac.id/index.php/publica/about/editorialPolicies#archiving,,,DOI,True,,,JQ1-6651,False,No,No,Political science: Political institutions and public administration - Asia (Asian studies only),2022-09-19T15:04:51Z,2022-09-19T15:04:51Z,2022-09-19,143,2025-12-30T10:57:02Z,,2390.0,EUR,2581.2,1.08,sin_monto,6792.63,2390.0,EUR,observado,,True,,"['doaj', 'facts', 'openapc', 'publindex']",0.0033112582781456954,False,False,,True,False,True,True,1,,22,False,,0.0698,1.4789,,,0.2309,0.4602,,,0.2093
0123-2592,,,Dialéctica,2012,C,Colombia,Distrito Capital,"Bogotá, D. C.","Bogotá, D.C.",11001,No registra,Otras Ciencias Sociales,Ciencias Sociales,FUNDACION UNIVERSITARIA COMPENSAR,IES,,,"1,111",0123-2592,dialectica,CO,1,2026-09-15,1.0.0,consolidado,f90b99f16552a3d0,,,,,Universidad Pedagógica Experimental Libertador,,False,,,0,,,,,,,,,,,,,,https://revistas.upel.edu.ve/index.php/dialectica,https://doaj.org/toc/f38e762a3a9a4fa79b675d4d354fa916,2015,,1316-7243,2244-7490,"education, pedagogy, teaching, learning, inclusion, tic",Spanish,"Venezuela, Bolivarian Republic of",Instituto Pedagógico Rural Gervasio Rubio,"Venezuela, Bolivarian Republic of",CC BY-NC-SA,,https://revistas.upel.edu.ve/index.php/dialectica/PolCCBYNCSA,,False,https://revistas.upel.edu.ve/index.php/dialectica/derechosdeautor,Double anonymous peer review,https://revistas.upel.edu.ve/index.php/dialectica/evalporpares,True,https://revistas.upel.edu.ve/index.php/dialectica/objetivos,https://revistas.upel.edu.ve/index.php/dialectica/about/editorialTeam,https://revistas.upel.edu.ve/index.php/dialectica/pautasautores,18,False,https://revistas.upel.edu.ve/index.php/dialectica/PolCCBYNCSA,,False,,False,,,,,,,DOI,True,,,L7-991,False,No,No,Education: Education (General),2025-01-09T13:43:38Z,2025-01-09T13:43:38Z,2025-01-09,998,2026-08-12T18:35:30Z,,2838.0,EUR,3065.04,1.08,sin_monto,8065.89,2066.41,EUR,observado,,True,,"['doaj', 'facts', 'openapc', 'publindex']",0.0011037527593818985,False,False,,True,False,True,True,1,,18,False,,0.0605,2.0618,,,-0.1083,0.547,,,0.1628
1657-7663,,,Avances En Sistema E Informática,2012,C,No disponible,No disponible,No disponible,No disponible,,Ciencias de la Computación,Computación y Ciencias de la Información,Ciencias Naturales,UNIVERSIDAD NACIONAL DE COLOMBIA,IES,,,740,1657-7663,avances sistema informatica,CO,1,2026-09-15,1.0.0,consolidado,6ac4828a7557fda8,,,,,Pontificia Universidad Católica de Chile,,False,,,0,,,,,,,,,,,,,,http://cuadernos.info,https://doaj.org/toc/7a4f1d04b8214fdab4db22c4f760d480,1984,,0719-3661,0719-367X,"communication, journalism, information, advertising, broadcasting, film","Spanish, Portuguese, English",Chile,"Pontificia Universidad Católica de Chile, Facultad de Comunicaciones",,CC BY-NC-SA,,https://cuadernos.info/index.php/cdi/Politica,True,True,http://cuadernos.info/index.php/CDI/about/submissions#copyrightNotice,Double anonymous peer review,http://ojs.uc.cl/index.php/cdi/Politica,True,http://ojs.uc.cl/index.php/cdi/about,http://ojs.uc.cl/index.php/cdi/about/editorialTeam,http://ojs.uc.cl/index.php/cdi/about/submissions,32,False,http://ojs.uc.cl/index.php/cdi/about,,False,,False,,,,,,,DOI,True,,,P87-96,False,No,No,Language and Literature: Philology. Linguistics: Communication. Mass media,2017-06-15T15:38:35Z,2024-12-09T08:08:39Z,2024-12-09,1585,2026-08-11T01:38:01Z,,2640.0,EUR,2851.2,1.08,sin_monto,7503.16,1630.43,EUR,observado,,True,,"['doaj', 'facts', 'openapc', 'publindex']",0.002207505518763797,False,False,,True,False,True,True,1,,32,False,,0.0643,1.8042,,,1.0789,0.5086,,,0.3256
0122-011X,,,"Literatura : Teoría, Historia, Crítica",2010,C,Colombia,Distrito Capital,"Bogotá, D. C.","Bogotá, D.C.",11001,No registra,Idiomas y Literatura,Humanidades,UNIVERSIDAD NACIONAL DE COLOMBIA,IES,,,,0122-011X,literatura teoria historia critica,CO,1,2026-09-15,1.0.0,consolidado,a6c4a1060e39685e,,,,,"Universidad Nacional, Costa Rica",,False,,,0,,,,,,,,,,,,,,http://www.revistas.una.ac.cr/historia,https://doaj.org/toc/fbee54fd818c4dee805478f8807e30a5,1985,,1012-9790,2215-4744,"history, historiography, costa rican history, central american history, latin american history",Spanish,Costa Rica,"Universidad Nacional, Costa Rica",,CC BY-NC-SA,,http://www.revistas.una.ac.cr/index.php/historia/noticeofcopyright,,False,,Double anonymous peer review,http://www.revistas.una.ac.cr/index.php/historia/arbitrationsystem,True,http://www.revistas.una.ac.cr/index.php/historia/approachandscope,http://www.revistas.una.ac.cr/index.php/historia/about/editorialTeam,http://www.revistas.una.ac.cr/index.php/historia/guidelinesforauthors,8,False,http://www.revistas.una.ac.cr/index.php/historia/policies,,False,,False,,,,,,,,True,,,D1-2009|F1201-3799|BT1313-1480,False,No,No,History (General) and history of Europe: History (General) | History America: Latin America. Spanish America | Philosophy. Psychology. Religion: Doctrinal Theology: History of specific doctrines and movements. Heresies and schisms,2019-04-25T00:54:35Z,2022-09-26T12:59:42Z,2022-09-26,731,2024-10-27T19:12:28Z,,1116.0,EUR,1205.28,1.08,sin_monto,3171.79,1116.0,EUR,observado,,True,,"['doaj', 'facts', 'openapc', 'publindex']",0.011037527593818985,False,False,,True,False,True,True,1,,8,True,,0.1242,-0.1785,,,-0.9562,0.2133,,,0.0465
1900-5121,,,Tipica: Boletin Electronico De Salud Escolar,2010,C,No disponible,No disponible,No disponible,No disponible,,Salud Pública,Ciencias de la Salud,Ciencias Médicas y de la Salud,ASOCIACION COLOMBIANA DE PSICOLOGIA DE LA SALUD,Otras,,,986,1900-5121,tipica electronico salud escolar,CO,1,2026-09-15,1.0.0,consolidado,ad20427fed57598b,,,,,Wiley,,False,,,0,,,,,,,,,,,,,,https://onlinelibrary.wiley.com/journal/27512614,https://doaj.org/toc/4922699669b246cd9ce816b535b34bcd,2023,,2751-2606,2751-2614,"energy, environment, biomedicine, artificial intelligence, electronic information, energy storage and conversion",English,United States,,,CC BY,,https://onlinelibrary.wiley.com/page/journal/27512614/homepage/open-access,True,True,https://authors.wiley.com/author-resources/Journal-Authors/licensing/licensing-info-faqs.html,Anonymous peer review,https://onlinelibrary.wiley.com/page/journal/27512614/homepage/author-guidelines,True,https://onlinelibrary.wiley.com/page/journal/27512614/homepage/productinformation.html,https://onlinelibrary.wiley.com/page/journal/27512614/homepage/editorial-board,https://onlinelibrary.wiley.com/page/journal/27512614/homepage/author-guidelines,16,True,https://onlinelibrary.wiley.com/page/journal/27512614/homepage/open-access,3200 USD; 2354 GBP; 2775 EUR,True,https://authorservices.wiley.com/open-research/open-access/for-authors/waivers-and-discounts.html,False,,"CLOCKSS, Portico",,https://onlinelibrary.wiley.com/library-info/resources/preservation,Open Policy Finder,https://openpolicyfinder.jisc.ac.uk/publication/45615,DOI,True,,,QC1-999|T,False,No,No,Science: Physics | Technology,2025-06-16T12:29:03Z,2026-03-17T11:46:53Z,2026-03-17,91,2026-08-04T15:56:55Z,,3200.0,USD,3200.0,1.0,convertida,8421.05,3200.0,USD,declarado,,,,"['doaj', 'publindex']",0.006622516556291391,False,False,,True,False,True,True,1,,16,False,,0.0583,2.2243,,,-0.2778,0.5712,,,0.1395
0123-4676,,,Fronteras De La Historia,2010,B,No disponible,No disponible,No disponible,No disponible,,Historia,Historia y Arqueología,Humanidades,INSTITUTO COLOMBIANO DE ANTROPOLOGIA E HISTORIA ICANH,Entidades de Gobierno,,,214,0123-4676,fronteras historia,CO,2,2026-09-15,1.0.0,consolidado,886ec7ea2584688f,164,21101145379,journal,,Technological University of Pereira,False,False,0.101,Q4,1,3,23,57,1014,4,52,0.08,44.09,0.23079999999999998,0,2019-2025,History (Q4); Political Science and International Relations (Q4),Arts and Humanities; Social Sciences,http://www.revistas.una.ac.cr/historia,https://doaj.org/toc/fbee54fd818c4dee805478f8807e30a5,1985,,1012-9790,2215-4744,"history, historiography, costa rican history, central american history, latin american history",Spanish,Costa Rica,"Universidad Nacional, Costa Rica",,CC BY-NC-SA,,http://www.revistas.una.ac.cr/index.php/historia/noticeofcopyright,,False,,Double anonymous peer review,http://www.revistas.una.ac.cr/index.php/historia/arbitrationsystem,True,http://www.revistas.una.ac.cr/index.php/historia/approachandscope,http://www.revistas.una.ac.cr/index.php/historia/about/editorialTeam,http://www.revistas.una.ac.cr/index.php/historia/guidelinesforauthors,8,False,http://www.revistas.una.ac.cr/index.php/historia/policies,,False,,False,,,,,,,,True,,,D1-2009|F1201-3799|BT1313-1480,False,No,No,History (General) and history of Europe: History (General) | History America: Latin America. Spanish America | Philosophy. Psychology. Religion: Doctrinal Theology: History of specific doctrines and movements. Heresies and schisms,2019-04-25T00:54:35Z,2022-09-26T12:59:42Z,2022-09-26,731,2024-10-27T19:12:28Z,,1116.0,EUR,1205.28,1.08,sin_monto,3171.79,1116.0,EUR,observado,,True,,"['doaj', 'facts', 'openapc', 'publindex', 'scimago']",0.02869757174392936,False,False,,True,False,True,True,1,2.0,8,True,0.07017543859649122,0.1255,-0.1785,-0.7791,-0.7284,-0.9562,0.2133,0.0012,0.025,0.0465
1909-7891,,,Vector,2010,C,Colombia,Eje Cafetero,Caldas,Manizales,17001,No registra,Ingeniería Civil,Ingeniería y Tecnología,UNIVERSIDAD DE CALDAS,IES,,,"1,110",1909-7891,vector,CO,1,2026-09-15,1.0.0,consolidado,d13ac13783e3b797,,,,,Universidade Federal do Rio Grande,,False,,,0,,,,,,,,,,,,,,https://periodicos.furg.br/vetor,https://doaj.org/toc/26dda81fe0e048b2b97afeaf55659de7,2005,Vetor: Revista de Ciências Exatas e Engenharias,0102-7352,2358-3452,"engineering, chemistry, exact sciences, applied mathematics, mathematical modelling","English, Portuguese",Brazil,,,CC BY-NC-ND,,https://periodicos.furg.br/vetor/about,,True,https://periodicos.furg.br/vetor/about,Anonymous peer review,https://periodicos.furg.br/vetor/about,False,https://periodicos.furg.br/vetor/about,https://periodicos.furg.br/vetor/about/editorialTeam,https://periodicos.furg.br/vetor/about/submissions,10,False,https://periodicos.furg.br/vetor/about,,False,,False,,,,,Diadorim,https://diadorim.ibict.br/handle/1/3117,DOI,True,,,TA1-2040|QA1-939,False,No,No,Technology: Engineering (General). Civil engineering (General) | Science: Mathematics,2022-09-03T12:29:11Z,2022-09-03T12:29:11Z,2022-09-03,1176,2026-07-23T19:23:35Z,,1104.0,EUR,1192.32,1.08,sin_monto,3137.68,1592.0,EUR,observado,,False,,"['doaj', 'facts', 'openapc', 'publindex']",0.0033112582781456954,False,False,,True,False,True,True,1,,10,True,,0.1251,-0.1941,,,-0.7866,0.211,,,0.0698
1692-3103,0120-1867,,Revista De La Maestría De Derecho Económico,2010,B,No disponible,No disponible,No disponible,No disponible,,Derecho,Derecho,Ciencias Sociales,PONTIFICIA UNIVERSIDAD JAVERIANA,IES,,,792,1692-3103,maestria derecho economico,CO,2,2026-09-15,1.0.0,consolidado,1d6b136242bcf914,88,21101121920,journal,,Universidad de Antioquia,True,True,0.158,Q3,2,4,13,52,576,12,50,0.26,44.31,0.3125,0,2019-2025,Law (Q3); Political Science and International Relations (Q4),Social Sciences,https://revistas.ucsc.cl/index.php/revistaderecho,https://doaj.org/toc/d5449d3810a34fafb08148c9ac0f9c25,2021,Revista de Derecho de la Universidad Católica de la Santísima Concepción,,2735-6337,"legal sciences, law, jurisprudence, history law, public law, private law","Portuguese, Italian, French, English, Spanish",Chile,,,CC BY,,https://revistas.ucsc.cl/index.php/revistaderecho/about,True,False,https://revistas.ucsc.cl/index.php/revistaderecho/about/submissions#authorGuidelines,Double anonymous peer review,https://revistas.ucsc.cl/index.php/revistaderecho/PeerReviewProcess,True,https://revistas.ucsc.cl/index.php/revistaderecho/about,https://revistas.ucsc.cl/index.php/revistaderecho/about/editorialTeam,https://revistas.ucsc.cl/index.php/revistaderecho/about/submissions#authorGuidelines,10,False,https://revistas.ucsc.cl/index.php/revistaderecho/about/submissions#authorGuidelines,,False,,False,,,,,,,DOI,True,,,K,False,No,No,Law,2024-11-05T07:14:45Z,2024-11-05T07:14:45Z,2024-11-05,126,2025-08-11T14:01:00Z,,1828.49,EUR,1974.77,1.08,sin_monto,5196.76,2441.28,EUR,observado,,True,,"['doaj', 'facts', 'openapc', 'publindex', 'scimago']",0.06181015452538632,False,False,,True,False,True,True,0,1.0,10,True,0.23076923076923078,0.1367,0.7484,-0.0472,-0.5873,-0.7866,0.3514,0.0713,0.05,0.0698
0120-6680,,,Revista Logos,2010,C,Colombia,Distrito Capital,"Bogotá, D. C.","Bogotá, D.C.",11001,Filosofía,Otras Humanidades,Humanidades,UNIVERSIDAD DE LA SALLE,IES,,,532,0120-6680,logos,CO,1,2026-09-15,1.0.0,consolidado,35633a26d7caa1e5,,,,,Universidad Complutense de Madrid,,False,,,0,,,,,,,,,,,,,,http://revistas.ucm.es/index.php/ASEM/,https://doaj.org/toc/46126058c08b43c793cdb6b5e8aa0c81,2017,,1575-6866,1988-3242,"philosophy, metaphysics, critical theory, epistemology","English, German, Italian, Portuguese, Spanish",Spain,Universidad Complutense de Madrid,,CC BY,,http://revistas.ucm.es/index.php/ASEM/about/submissions#copyrightNotice,,False,,Double anonymous peer review,http://revistas.ucm.es/index.php/ASEM/about/submissions#authorGuidelines,False,http://revistas.ucm.es/index.php/ASEM/about/editorialPolicies#focusAndScope,http://revistas.ucm.es/index.php/ASEM/pages/view/equipo,http://revistas.ucm.es/index.php/asem/about/submissions,32,False,http://revistas.ucm.es/index.php/asem/about/submissions,,False,,False,http://revistas.ucm.es/index.php/asem/about/submissions,,,,Dulcinea,,DOI,True,,,BD95-131|B1-5802,False,No,No,Philosophy. Psychology. Religion: Speculative philosophy: Metaphysics | Philosophy. Psychology. Religion: Philosophy (General),2018-10-06T00:54:40Z,2019-03-04T03:03:41Z,2019-03-04,1292,2026-06-25T01:06:59Z,,243.34,EUR,262.81,1.08,sin_monto,691.61,243.34,EUR,observado,,False,,"['doaj', 'facts', 'openapc', 'publindex']",0.002207505518763797,False,False,,True,False,True,True,1,,32,False,,0.2667,-1.3138,,,1.0789,0.0442,,,0.3256
1657-5946,2215-7727,,"Economía, Gestión Y Desarrollo",2010,C,No disponible,No disponible,No disponible,No disponible,,Economía,Economía y Negocios,Ciencias Sociales,PONTIFICIA UNIVERSIDAD JAVERIANA,IES,,,"1,159",1657-5946,economia gestion desarrollo,CO,1,2026-09-15,1.0.0,consolidado,11da7001acb866c0,96,19500157818,journal,,Pontificia Universidad Javeriana,True,True,0.152,Q4,1,16,7,28,319,13,28,0.27,45.57,0.2778,0,2008-2025,"Agronomy and Crop Science (Q4); Economics and Econometrics (Q4); Geography, Planning and Development (Q4)","Agricultural and Biological Sciences; Economics, Econometrics and Finance; Social Sciences",http://www.econdesarrollo.uh.cu/index.php/RED/index,https://doaj.org/toc/f391d3a910b84269845311e7268679a2,2014,,0252-8584,2518-0983,"economy, development, cuba, economic institutions","English, Spanish",Cuba,"Universidad de La Habana, Facultad de Economía",,CC BY-NC-ND,,http://www.econdesarrollo.uh.cu/index.php/RED/index,,True,http://www.econdesarrollo.uh.cu/index.php/RED/about/submissions#copyrightNotice,Double anonymous peer review,http://www.econdesarrollo.uh.cu/index.php/RED/about/editorialPolicies#peerReviewProcess,False,http://www.econdesarrollo.uh.cu/index.php/RED/about/editorialPolicies#focusAndScope,http://www.econdesarrollo.uh.cu/index.php/RED/about/displayMembership/4,http://www.econdesarrollo.uh.cu/index.php/RED/about/submissions#authorGuidelines,14,False,http://www.econdesarrollo.uh.cu/index.php/RED/about/editorialPolicies#openAccessPolicy,,False,,False,,,,,,,,True,,,HC10-1085|HB71-74,False,No,No,Social Sciences: Economic history and conditions | Social Sciences: Economic theory. Demography: Economics as a science,2018-04-04T14:01:18Z,2022-09-19T12:32:51Z,2022-09-19,0,,,2908.3,EUR,3140.96,1.08,sin_monto,8265.68,2908.3,EUR,observado,,True,,"['doaj', 'facts', 'openapc', 'publindex', 'scimago']",0.033112582781456956,False,False,,True,False,True,True,0,1.0,14,False,0.4642857142857143,0.09,2.1532,-0.1242,1.1056,-0.4474,0.5606,0.0639,0.35,0.1163
0120-9833,,,Energética,2010,C,Colombia,Eje Cafetero,Caldas,Manizales,17001,No registra,Ingeniería Ambiental,Ingeniería y Tecnología,UNIVERSIDAD NACIONAL DE COLOMBIA,IES,,,299,0120-9833,energetica,CO,1,2026-09-15,1.0.0,consolidado,538f6a8b0b97925f,,,,,University of El Oued,,False,,,0,,,,,,,,,,,,,,https://www.ijeca.info/,https://doaj.org/toc/b7a456b75ff8497692e89925a1c94aed,2016,,,2543-3717,"energy, renewable energy, environment, solar energy, thermal energy",English,Algeria,Al Manahil Association,Algeria,CC BY-NC,,https://www.ijeca.info/index.php/IJECA/about/submissions#copyrightNotice,True,True,https://www.ijeca.info/index.php/IJECA/about/submissions#copyrightNotice,Anonymous peer review,https://www.ijeca.info/index.php/IJECA/about/editorialPolicies#peerReviewProcess,True,https://www.ijeca.info/index.php/IJECA/about/editorialPolicies#peerReviewProcess,https://www.ijeca.info/index.php/IJECA/about/editorialTeam,https://www.ijeca.info/index.php/IJECA/about/submissions#onlineSubmissions,8,False,https://www.ijeca.info/index.php/IJECA/about/submissions#onlineSubmissions,,False,,False,,,,,,,DOI,True,,,HD9502-9502.5,False,No,No,Social Sciences: Industries. Land use. Labor: Special industries and trades: Energy industries. Energy policy. Fuel trade,2020-11-06T18:15:05Z,2025-03-19T15:22:34Z,2025-03-19,128,2025-03-10T14:46:02Z,,2671.76,EUR,2885.5,1.08,sin_monto,7593.42,2671.76,EUR,observado,,True,,"['doaj', 'facts', 'openapc', 'publindex']",0.0011037527593818985,False,False,,True,False,True,True,1,,8,True,,0.0636,1.8455,,,-0.9562,0.5148,,,0.0465
1692-0880,0123-2576,,Medicina,2009,C,Colombia,Caribe,Córdoba,Montería,23001,No registra,Medicina Clínica,Ciencias Médicas y de la Salud,UNIVERSIDAD DEL SINU ELIAS BECHARA ZAINUM,IES,,,615,1692-0880,medicina,CO,1,2026-09-15,1.0.0,consolidado,1cbdf46ae2c7dfa9,141,21101151818,journal,,Universidad de Antioquia,True,False,0.126,Q4,1,4,0,62,0,16,50,0.28,0.0,0.0,0,2020-2023,Education (Q4); Medical Laboratory Technology (Q4); Medicine (miscellaneous) (Q4),Health Professions; Medicine; Social Sciences,https://www.mdpi.com/journal/medicina,https://doaj.org/toc/3bf5928fcb3d44c492838cf16253d5bd,2007,,1010-660X,1648-9144,"experimental medicine, clinical medicine, surgery, oncology, public health",English,Switzerland,Lithuanian University of Health Sciences,Lithuania,CC BY,,https://www.mdpi.com/openaccess,True,True,https://www.mdpi.com/journal/medicina/about,"Anonymous peer review, Open peer review",https://www.mdpi.com/journal/medicina/instructions#editorial_procedure,True,https://www.mdpi.com/journal/medicina/about,https://www.mdpi.com/journal/medicina/editors,https://www.mdpi.com/journal/medicina/instructions,6,True,https://www.mdpi.com/journal/medicina/apc,1800 CHF,False,,False,,"CLOCKSS, PMC",,https://www.mdpi.com/journal/medicina/indexing,Open Policy Finder,https://openpolicyfinder.jisc.ac.uk/id/publication/35307,DOI,True,,,R5-920,False,No,No,Medicine: Medicine (General),2016-10-25T09:25:34Z,2023-08-14T10:00:55Z,2023-08-14,13014,2026-07-27T13:45:11Z,,1448.6,EUR,1564.49,1.08,convertida,4117.08,1800.0,CHF,observado,,False,,"['doaj', 'facts', 'openapc', 'publindex', 'scimago']",0.06181015452538632,False,False,,True,True,True,True,0,1.0,6,True,0.25806451612903225,0.13,0.2542,-0.4581,-0.5873,-1.1258,0.2778,0.0319,0.05,0.0233
0123-2304,,,Temas Y Reflexiones,2009,C,Colombia,Centro Sur,Tolima,Ibagué,73001,Otras Humanidades,Otras Humanidades,Humanidades,UNIVERSIDAD DE IBAGUE,IES,,,46,0123-2304,temas reflexiones,CO,1,2026-09-15,1.0.0,consolidado,5a749cb886d0e687,,,,,Firenze University Press,,False,,,0,,,,,,,,,,,,,,https://oajournals.fupress.net/index.php/tema/index,https://doaj.org/toc/5c446f4c4bd7404281e4aa3020f92096,2015,"Tema: Technology, Engineering, Materials and Architecture",,2421-4574,"building performance, construction practices, technical architecture, construction history, building preservation",English,Italy,Ar.Tec.,Italy,CC BY,,https://oajournals.fupress.net/index.php/tema/about,True,True,https://oajournals.fupress.net/index.php/tema/about,Double anonymous peer review,https://oajournals.fupress.net/index.php/tema/about,True,https://oajournals.fupress.net/index.php/tema/about,https://oajournals.fupress.net/index.php/tema/about/editorialTeam,https://oajournals.fupress.net/index.php/tema/about/submissions,4,True,https://oajournals.fupress.net/index.php/tema/about,400 EUR,False,,False,,PKP PN,,https://oajournals.fupress.net/index.php/tema/about,,,DOI,True,,,TH845-895,False,No,No,Technology: Building construction: Architectural engineering. Structural engineering of buildings,2019-05-15T09:21:14Z,2026-07-31T06:56:32Z,,279,2025-04-15T12:10:58Z,,400.0,EUR,432.0,1.08,convertida,1136.84,400.0,EUR,declarado,,,,"['doaj', 'publindex']",0.0011037527593818985,False,False,,True,False,True,True,1,,4,True,,0.2211,-1.11,,,-1.2954,0.0746,,,0.0
0122-9534,,,Revista De Medicina Veterinaria,2008,B,Colombia,Distrito Capital,"Bogotá, D. C.","Bogotá, D.C.",11001,No registra,Ciencias Veterinarias,Ciencias Agrícolas,UNIVERSIDAD DE LA SALLE,IES,,,,0122-9534,medicina veterinaria,CO,2,2026-09-15,1.0.0,consolidado,03f329574ef28ddb,,,,,Universidade Federal Rural de Pernambuco,,False,,,0,,,,,,,,,,,,,,https://www.journals.ufrpe.br/index.php/medicinaveterinaria/index,https://doaj.org/toc/77354ae8c12e445bb942bb9dea6e59f1,2007,,1809-4678,2675-6617,"veterinary medicine, animal production, biology","Spanish, Portuguese, English",Brazil,Universidade Federal Rural de Pernambuco,Brazil,CC BY-NC-SA,,https://www.journals.ufrpe.br/index.php/medicinaveterinaria/about,True,True,https://www.journals.ufrpe.br/index.php/medicinaveterinaria/about,"Anonymous peer review, Double anonymous peer review",https://www.journals.ufrpe.br/index.php/medicinaveterinaria/about,True,https://www.journals.ufrpe.br/index.php/medicinaveterinaria/about,https://www.journals.ufrpe.br/index.php/medicinaveterinaria/about/editorialTeam,https://www.journals.ufrpe.br/index.php/medicinaveterinaria/about/submissions,12,False,https://www.journals.ufrpe.br/index.php/medicinaveterinaria/about,,False,,False,,Cariniana Network,,https://www.journals.ufrpe.br/index.php/medicinaveterinaria/about,,,"DOI, PURL",True,,,SF600-1100,False,No,No,Agriculture: Animal culture: Veterinary medicine,2023-07-06T16:59:40Z,2023-07-06T16:59:40Z,2023-07-06,780,2026-06-25T23:59:07Z,,380.8,EUR,411.26,1.08,sin_monto,1082.26,380.8,EUR,observado,,False,,"['doaj', 'facts', 'openapc', 'publindex']",0.002207505518763797,False,False,,True,False,True,True,2,,12,True,,0.2259,-1.135,,,-0.617,0.0709,,,0.093
1012-7410,,,Pasturas Tropicales,2007,C,Colombia,Pacífico,Valle del Cauca,Cali,76001,No registra,Biotecnología Agrícola,Ciencias Agrícolas,CENTRO INTERNACIONAL DE AGRICULTURA TROPICAL,Otras,,,479,1012-7410,pasturas tropicales,CO,1,2026-09-15,1.0.0,consolidado,34b75a6961da5085,,,,,University of Ljubljana Press (Založba Univerze v Ljubljani),,False,,,0,,,,,,,,,,,,,,https://journals.uni-lj.si/les-wood/,https://doaj.org/toc/2e44e578b52940c78a198bc23dba7ea5,2017,Wood,0024-1067,2590-9932,"wood, wood technology, wood products, wood management","English, Slovenian",Slovenia,"University of Ljubljana, Biotechnical Faculty",Slovenia,CC BY-NC,,https://journals.uni-lj.si/les-wood/about/submissions,,True,https://journals.uni-lj.si/les-wood/about/submissions,Anonymous peer review,https://journals.uni-lj.si/les-wood/about,True,https://journals.uni-lj.si/les-wood/about,https://journals.uni-lj.si/les-wood/about/editorialTeam,https://journals.uni-lj.si/les-wood/information/authors,4,False,https://journals.uni-lj.si/les-wood/about,,False,,False,,,,,,,DOI,True,,,SD1-669.5,False,No,No,Agriculture: Forestry,2019-09-22T13:56:34Z,2022-08-11T10:16:20Z,2022-08-11,207,2026-01-05T13:45:00Z,,2784.55,EUR,3007.31,1.08,sin_monto,7913.97,2784.55,EUR,observado,,True,,"['doaj', 'facts', 'openapc', 'publindex']",0.0033112582781456954,False,False,,True,False,True,True,1,,4,True,,0.0615,1.9922,,,-1.2954,0.5366,,,0.0
0123-1952,,,Utopía Siglo Xxi,2006,C,Colombia,Eje Cafetero,Antioquia,Medellín,05001,No registra,Historia y Arqueología,Humanidades,UNIVERSIDAD DE ANTIOQUIA,IES,,,300,0123-1952,utopia siglo xxi,CO,1,2026-09-15,1.0.0,consolidado,1107dd59036d220f,,,,,Petro Mohyla Black Sea National University,,False,,,0,,,,,,,,,,,,,,https://ahpsxxi.org,https://doaj.org/toc/e770c4df2b2449f2b9cee0cadd953dd0,2019,,2708-0889,2786-8788,"international relations, diplomacy, foreign policy, history","English, Ukrainian",Ukraine,,,CC BY,,https://ahpsxxi.org/index.php/journal/about-journal,,True,https://ahpsxxi.org/index.php/journal/about-journal,Double anonymous peer review,https://ahpsxxi.org/index.php/journal/review-process,True,https://ahpsxxi.org/index.php/journal/about-journal,https://ahpsxxi.org/index.php/journal/about/editorialTeam,https://ahpsxxi.org/index.php/journal/about/submissions,8,True,https://ahpsxxi.org/index.php/journal/about/submissions,600 UAH,False,,False,,,,,,,DOI,True,,,JA1-92|JZ2-6530,False,No,No,Political science: Political science (General) | Political science: International relations,2024-05-23T10:52:04Z,2024-05-23T10:52:04Z,2024-05-23,165,2026-06-23T16:36:33Z,,600.0,UAH,16.2,0.027,convertida,42.63,600.0,UAH,declarado,,,,"['doaj', 'publindex']",0.0011037527593818985,False,False,,True,False,True,True,1,,8,True,,0.381,-1.6109,,,-0.9562,0.0,,,0.0465
0121-2532,,,Coyuntura Social,2006,C,No disponible,No disponible,No disponible,No disponible,,No registra,Otras Ciencias Sociales,Ciencias Sociales,FUNDACION PARA LA EDUCACION SUPERIOR Y EL DESARROLLO FEDESARROLLO,Empresas,,,379,0121-2532,coyuntura social,CO,1,2026-09-15,1.0.0,consolidado,67ed45f2a0015e28,,,,,Technical University of Ambato,,False,,,0,,,,,,,,,,,,,,https://revistas.uta.edu.ec/erevista/index.php/bcoyu,https://doaj.org/toc/a24442cb044449df80d7631906260099,2014,,2528-7931,2600-5727,"economy, finances, administration, accounting","English, Spanish",Ecuador,Observatorio Económico y Social de Tungurahua,Ecuador,CC BY-NC,,https://revistas.uta.edu.ec/erevista/index.php/bcoyu/acercade/derechosautor,True,False,https://revistas.uta.edu.ec/erevista/index.php/bcoyu/acercade/derechosautor,Anonymous peer review,https://revistas.uta.edu.ec/erevista/index.php/bcoyu/acercade/procesoevaluacion,True,https://revistas.uta.edu.ec/erevista/index.php/bcoyu/acercade/misionalcance,https://revistas.uta.edu.ec/erevista/index.php/bcoyu/about/editorialTeam,https://revistas.uta.edu.ec/erevista/index.php/bcoyu/acercade/directrices,16,False,https://revistas.uta.edu.ec/erevista/index.php/bcoyu/acercade/accesoabierto_apc,,False,,False,,,,,,,,True,,,HF5601-5689|HB71-74,False,No,No,Social Sciences: Commerce: Business: Accounting. Bookkeeping | Social Sciences: Economic theory. Demography: Economics as a science,2023-05-25T07:55:55Z,2023-05-25T07:55:55Z,2023-05-25,0,,,267.75,EUR,289.17,1.08,sin_monto,760.97,2095.8,EUR,observado,,False,,"['doaj', 'facts', 'openapc', 'publindex']",0.0011037527593818985,False,False,,True,False,True,True,1,,16,False,,0.2584,-1.2821,,,-0.2778,0.049,,,0.1395
0120-3797,,,Avances En Psicología Clínica Latinoamericana,2004,A2,Colombia,Distrito Capital,"Bogotá, D. C.","Bogotá, D.C.",11001,No registra,Psicología,Ciencias Sociales,FUNDACION PARA EL AVANCE DE LA PSICOLOGIA,Otras,,,,0120-3797,avances psicologia clinica latinoamericana,CO,3,2026-09-15,1.0.0,consolidado,0e82428480b8d6e0,,,,,Universidad Autónoma del Estado de México,,False,,,0,,,,,,,,,,,,,,https://hemeroteca.uaemex.mx/index.php/rpsicologia,https://doaj.org/toc/5b78907ca23c4176b5c9bdd315fb003a,2016,,,2007-7149,"behavioral sciences, clinical psychology, occupational psychology, educational psychology, social psychology, psychosocial research",Spanish,Mexico,"Universidad Autónoma del Estado de México, Facultad de Ciencias de la Conducta",Mexico,CC BY-NC-SA,,https://revistapsicologia.uaemex.mx/about,,False,https://revistapsicologia.uaemex.mx/about/submissions,Double anonymous peer review,https://revistapsicologia.uaemex.mx/about,True,https://revistapsicologia.uaemex.mx/about,https://revistapsicologia.uaemex.mx/about/editorialTeam,https://hemeroteca.uaemex.mx/index.php/rpsicologia/about/submissions#authorGuidelines,16,False,https://revistapsicologia.uaemex.mx/about,,False,,False,,,,,,,DOI,True,,,BF1-990,False,No,No,Philosophy. Psychology. Religion: Psychology,2021-01-11T09:56:14Z,2021-01-11T09:56:14Z,2021-01-11,0,,,1828.24,EUR,1974.5,1.08,sin_monto,5196.05,1828.24,EUR,observado,,True,,"['doaj', 'facts', 'openapc', 'publindex']",0.011037527593818985,False,False,,True,False,True,True,3,,16,False,,0.0865,0.7481,,,-0.2778,0.3513,,,0.1395
