issn_fisico,issn_virtual,issn_normalizado,texto_espanol,texto_ingles,tokens_espanol,tokens_ingles,apc_monto_original,apc_moneda_original,apc_monto_usd,tasa_usd_utilizada,apc_monto_ppp_usd,apc_tipo,apc_real_disponible,cuartil_sjr_ord,h_index,total_docs,total_docs_3y,total_refs,total_citas_3y,docs_citables_3y,citas_por_doc_2y,refs_por_doc,pct_female,fecha_incorporacion,fecha_actualizacion,Last Full Review Date,num_articulos,semanas_pub,ratio_citas_docs,indice_calidad_costo,apc_monto_usd_zscore,sjr_score_zscore,h_index_zscore,semanas_pub_zscore,apc_monto_usd_minmax,sjr_score_minmax,h_index_minmax,semanas_pub_minmax
0034-7450,1657-0448,0034-7450,medicina clinica ciencias medicas salud b q4 colombiana psiquiatria,dermatology surgery medicine psychology psychological assessment philosophy religion,9,8,,,,,,,False,1,2,58,123,889,5,91,0.06,15.33,0.5539999999999999,2013-06-29T15:51:33Z,2026-06-25T19:13:23Z,2026-06-25,7,24,0.04065040650406504,0.1243,-0.0741,-0.7278,-0.8695,0.4005,0.2289,0.0061,0.0,0.2326
2539-3669,2215-7727,2539-3669,negocios economia ciencias sociales c q4 desarrollo libre social general,management agronomy crop science economics econometrics geography planning development agricultural biological sciences finance social gestion innovation humanities technology life,10,19,,,,,,,False,1,16,7,28,319,13,28,0.27,45.57,0.2778,2019-04-18T19:58:44Z,2019-04-18T19:58:44Z,2019-04-18,702,24,0.4642857142857143,0.2283,-0.5464,-0.1242,1.1056,0.4005,0.1585,0.0639,0.35,0.2326
2215-7727,2215-7727,2215-7727,sociologia ciencias sociales c q4 desarrollo latino italian portuguese,agronomy crop science economics econometrics geography planning development agricultural biological sciences finance social rural film gender linguistics iberian literature culture latin american language french spanish,9,25,1783.67,EUR,1926.36,1.08,5069.37,observado,True,1,16,7,28,319,13,28,0.27,45.57,0.2778,2018-12-18T01:46:59Z,2023-03-21T08:07:56Z,2023-03-21,41,8,0.4642857142857143,0.134,0.6901,-0.1242,1.1056,-0.9562,0.3427,0.0639,0.35,0.0465
0124-7441,0124-7441,2590-4566,derecho ciencias sociales c q2 justicia barranquilla sociosemiotics media,political science relations sociology social sciences semiotics signification languages culture language literature philology linguistics communication mass linguistic theory comparative grammar,9,20,,,,,,,False,3,5,27,98,1134,41,96,0.48,42.0,0.3778,2023-03-23T17:41:07Z,2023-03-23T17:41:07Z,2023-03-23,0,12,0.41836734693877553,0.46,-0.605,1.7249,-0.4463,-0.617,0.1498,0.2408,0.075,0.093
1657-9267,2011-2777,1657-9267,psicologia ciencias sociales b q4 universitas social,psychology miscellaneous social psychologica sciences education philosophy religion,7,8,2323.34,EUR,2509.21,1.08,6603.18,observado,True,1,37,28,77,1691,32,77,0.21,60.39,0.4474,2019-06-04T23:33:02Z,2020-05-16T14:33:41Z,2020-05-16,336,50,0.4155844155844156,0.1043,1.3922,-0.2013,4.0682,2.6052,0.4473,0.0565,0.875,0.5349
0124-0781,0719-5338,2590-8669,ciencias politicas sociales c q4 reflexion ciencia general,history political science relations arts humanities social sciences politica sociology latin america public policy economy,8,15,2443.03,EUR,2638.47,1.08,6943.34,observado,True,1,3,23,57,1014,4,52,0.08,44.09,0.23079999999999998,2024-05-29T07:00:43Z,2024-05-29T07:00:43Z,2024-05-29,0,25,0.07017543859649122,0.0692,1.5479,-0.7791,-0.7284,0.4853,0.4704,0.0012,0.025,0.2442
1794-8231,,2462-8794,matematicas aplicadas matematica ciencias naturales c ecomatematico,education mathematics special aspects science,7,5,2826.34,EUR,3052.45,1.08,8032.76,observado,True,0,,,,,,,,,,2017-11-02T21:02:49Z,2021-11-02T08:21:20Z,2021-11-02,215,12,,0.0607,2.0466,,,-0.617,0.5447,,,0.093
1794-5658,,2500-7769,otras humanidades c amauta,,4,0,,,,,,,False,0,,,,,,,,,,,,,,,,0.182,-0.853,,,,0.1129,,,
1657-5997,1970-7452,2027-5374,enfermeria ciencias salud medicas c sociosemiotics media,aquichan semiotics signification languages culture language literature philology linguistics communication mass linguistic theory comparative grammar,7,15,,,,,,,False,0,,,,,,,,,,2023-03-23T17:41:07Z,2023-03-23T17:41:07Z,2023-03-23,0,12,,0.1194,-0.0937,,,-0.617,0.226,,,0.093
0123-4366,2145-4493,2346-2442,derecho ciencias sociales a2 q4 privado universidad catolica santisima concepcion legal jurisprudence,law social sciences history public private,12,6,,,,,,,False,1,5,7,35,453,4,16,0.12,64.71,0.5,2024-11-05T07:14:45Z,2024-11-05T07:14:45Z,2024-11-05,126,10,0.11428571428571428,0.1764,-0.5533,-0.5737,-0.4463,-0.7866,0.1575,0.0209,0.075,0.0698
0370-3908,0370-3908,2382-4980,ciencias tierra medioambientales naturales c q3 q4 academia colombiana exactas fisicas social general,history philosophy science agricultural biological sciences miscellaneous biochemistry genetics molecular biology chemistry earth planetary energy mathematics physics astronomy arts humanities works scholarship learning,13,23,,,,,,,False,2,14,68,248,2269,98,217,0.37,33.37,0.23809999999999998,2017-08-23T10:44:29Z,2019-12-05T23:26:22Z,2019-12-05,146,5,0.3951612903225806,0.2123,-0.2889,0.0042,0.8234,-1.2106,0.1969,0.0762,0.3,0.0116
2027-5846,,2027-5846,otras ingenierias tecnologias ingenieria tecnologia c data general civil,usbmed technology engineering biomedical software computer science,9,7,5176.12,EUR,5590.21,1.08,14711.08,observado,True,0,,,,,,,,,,2012-01-23T13:52:39Z,2025-05-05T09:47:48Z,2025-05-05,243,16,,0.0356,5.1036,,,-0.2778,1.0,,,0.1395
1692-3030,1692-3030,2389-7716,derecho ciencias sociales b q2 juridicas cuc penal code civil fundamental personal europe,law social sciences estonian rights european,13,6,,,,,,,False,3,8,21,67,1022,54,64,0.76,48.67,0.41859999999999997,2017-08-14T17:44:36Z,2025-03-31T08:15:18Z,2025-03-31,0,20,0.8059701492537313,0.3745,-0.605,1.0186,-0.023,0.0613,0.1498,0.1732,0.15,0.186
0124-5996,2358-2820,2346-2450,economia negocios ciencias sociales b institucional social as,real estate finance markets sciences economic theory demography economics science,8,10,,,,,,,False,0,,,,,,,,,,2015-11-17T19:51:04Z,2022-12-29T12:53:56Z,2022-12-29,216,25,,0.1533,-0.5815,,,0.4853,0.1533,,,0.2442
0120-7555,0120-7555,2346-206X,economia negocios ciencias sociales c q4 turismo sociedad esic media social,geography planning development tourism leisure hospitality management business accounting social sciences adresearch communication new marketing public relations strategy branding language literature philology linguistics mass,11,24,1996.61,EUR,2156.34,1.08,5674.58,observado,True,1,7,25,91,1351,38,88,0.34,54.04,0.434,2022-04-19T13:31:45Z,2022-04-19T13:31:45Z,2022-04-19,260,24,0.4175824175824176,0.1162,0.9671,-0.2269,-0.1641,0.4005,0.3839,0.0541,0.125,0.2326
0123-3432,2246-2589,2145-566X,idiomas literatura humanidades a2 ikala media general visual,kultur og klasse culture literature criticism art film language fine arts,8,11,,,,,,,False,0,,,,,,,,,,2023-01-20T12:45:21Z,2023-01-20T12:45:21Z,2023-01-20,0,25,,0.184,-0.8689,,,0.4853,0.1105,,,0.2442
0122-6517,1970-7452,2382-4700,ingenieria electrica electronica ingenierias informatica tecnologia b cuc sociosemiotics media,inge semiotics signification languages culture language literature philology linguistics communication mass linguistic theory comparative grammar,10,15,,,,,,,False,0,,,,,,,,,,2023-03-23T17:41:07Z,2023-03-23T17:41:07Z,2023-03-23,0,12,,0.14,-0.4178,,,-0.617,0.1777,,,0.093
0120-0488,1657-0448,2665-4385,otras ciencias agricolas c q4 colombiana entomologia social general,dermatology surgery medicine sociology sciences antrophology political science,9,8,2400.0,EUR,2592.0,1.08,6821.05,observado,True,1,2,58,123,889,5,91,0.06,15.33,0.5539999999999999,2015-12-21T21:19:29Z,2024-03-31T09:00:14Z,2024-03-31,566,24,0.04065040650406504,0.073,1.4919,-0.7278,-0.8695,0.4005,0.4621,0.0061,0.0,0.2326
0124-0064,1852-9429,2539-3596,ciencias salud medicas c q3 q4 publica general,health professions miscellaneous occupational therapy physical sports rehabilitation public environmental speech hearing medicine epidemiology community care aspects,8,17,,,,,,,False,2,6,46,89,1864,64,83,0.85,40.52,0.49439999999999995,2008-08-04T13:13:01Z,2025-08-08T11:16:27Z,2025-08-08,774,6,0.7191011235955056,0.2319,-0.0842,0.428,-0.3052,-1.1258,0.2274,0.1167,0.1,0.0233
1909-0455,1909-0455,2323-0703,ciencias tierra medioambientales naturales c q4 produccion limpia,environmental science miscellaneous management monitoring policy law,8,7,,,,,,,False,1,6,20,56,640,25,51,0.5,32.0,0.34619999999999995,,,,,,0.44642857142857145,0.189,-0.265,-0.2013,-0.3052,,0.2004,0.0565,0.1,
0124-2121,0124-2121,2665-2420,educacion general incluye capacitacion pedagogia ciencias sociales b q3 q4 humanismo,cultural history philosophy science education gender arts humanities social sciences teacher training didactics teaching special aspects theory practice,11,18,2618.0,EUR,2827.44,1.08,7440.63,observado,True,2,4,26,69,1274,29,67,0.32,49.0,0.4167,2020-08-14T14:13:13Z,2020-08-14T14:13:13Z,2020-08-14,0,8,0.42028985507246375,0.0887,1.7755,-0.3168,-0.5873,-0.9562,0.5043,0.0455,0.05,0.0465
0124-177X,1981-4127,2357-5905,geografia social economica ciencias sociales c ambiente gestao desenvolvimento human general,gestion science education sciences works geography anthropology recreation environmental,11,9,,,,,,,False,0,,,,,,,,,,2020-01-06T18:37:23Z,2020-02-27T21:36:06Z,2020-02-27,504,4,,0.1532,-0.5811,,,-1.2954,0.1534,,,0.0
0123-5362,0123-5362,0123-5362,economia negocios ciencias sociales c q4 rosario social as,economics econometrics finance miscellaneous economy policy implications sciences economic theory demography science,9,12,204.92,EUR,221.31,1.08,582.39,observado,True,1,9,0,28,0,8,28,0.26,0.0,0.0,2015-10-27T12:28:45Z,2024-07-19T19:20:16Z,2024-07-19,250,12,0.2857142857142857,0.3117,-1.3638,-0.6507,0.1181,-0.617,0.0368,0.0135,0.175,0.093
0121-8417,2215-4744,2357-4720,historia arqueologia humanidades c q4 sociedad costa central general europe doctrinal,history political science relations arts humanities social sciences historiography rican american latin america spanish philosophy psychology religion theology specific doctrines movements heresies schisms,11,23,1116.0,EUR,1205.28,1.08,3171.79,observado,True,1,3,23,57,1014,4,52,0.08,44.09,0.23079999999999998,2019-04-25T00:54:35Z,2022-09-26T12:59:42Z,2022-09-26,731,8,0.07017543859649122,0.1255,-0.1785,-0.7791,-0.7284,-0.9562,0.2133,0.0012,0.025,0.0465
1794-8932,2183-9468,2346-0806,ciencias educacion sociales b visual,sophia architecture city image art practice photography fine arts,5,9,1294.3,EUR,1397.84,1.08,3678.53,observado,True,0,,,,,,,,,,2022-04-04T12:30:07Z,2022-10-13T16:55:40Z,2022-10-13,0,24,,0.112,0.0534,,,0.4005,0.2479,,,0.2326
1692-7311,2794-0462,2389-8844,economia negocios ciencias sociales b equidad desarrollo social,cooperation development relations science economic sciences,8,6,,,,,,,False,0,,,,,,,,,,2022-12-20T13:36:06Z,2022-12-20T13:36:05Z,2022-12-20,0,8,,0.1533,-0.5819,,,-0.9562,0.1532,,,0.0465
0120-3754,2215-7727,2500-5227,ciencias politicas sociales c q4 administracion desarrollo investigacion ciencia turistica hotel,agronomy crop science economics econometrics geography planning development agricultural biological sciences finance social ricit tourism gastronomy hospitality travel management heritage anthropology recreation leisure leadership administration services,11,26,,,,,,,False,1,16,7,28,319,13,28,0.27,45.57,0.2778,2020-06-19T12:42:18Z,2021-09-30T13:39:21Z,2021-09-30,77,10,0.4642857142857143,0.2283,-0.5464,-0.1242,1.1056,-0.7866,0.1585,0.0639,0.35,0.0698
2346-3775,2346-3775,2346-3775,agricultura silvicultura pesca ciencias agricolas b q3 forrajes tropicales,agronomy crop science ecology evolution behavior systematics plant agricultural biological sciences tropical grasslands forages agriculture,9,15,2784.55,EUR,3007.31,1.08,7913.97,observado,True,2,32,8,69,291,82,69,1.11,36.38,0.3182,2016-12-03T15:06:56Z,2026-07-31T14:50:56Z,2026-06-01,460,16,1.1884057971014492,0.1758,1.9922,1.5965,3.3628,-0.2778,0.5366,0.2285,0.75,0.1395
1692-0279,2443-9991,2256-4322,economia negocios ciencias sociales b ad escuela administracion,minister researching schools education innovation teacher training didactics teaching theory practice,8,11,1932.16,EUR,2086.73,1.08,5491.39,observado,True,0,,,,,,,,,,2021-07-12T16:45:56Z,2021-07-12T16:45:56Z,2021-07-12,0,12,,0.0828,0.8833,,,-0.617,0.3715,,,0.093
1900-9895,0120-1867,2500-5324,ciencias educacion sociales c q3 q4 latinoamericana estudios educativos social general,law political science relations social sciences latin american educational education policy america justice right to,11,15,1828.24,EUR,1974.5,1.08,5196.05,observado,True,2,4,13,52,576,12,50,0.26,44.31,0.3125,2021-02-03T08:48:45Z,2021-02-03T08:48:45Z,2021-02-03,651,16,0.23076923076923078,0.1367,0.7481,-0.0472,-0.5873,-0.2778,0.3513,0.0713,0.05,0.1395
2422-4200,1666-6933,2422-4200,ciencias sociales interdisciplinaria otras c logos ciencia tecnologia general civil,rtyc science engineering technology chemistry information computer,10,7,243.34,EUR,262.81,1.08,691.61,observado,True,0,,,,,,,,,,2019-03-24T02:07:24Z,2024-01-16T07:42:45Z,2024-01-16,328,10,,0.2667,-1.3138,,,-0.7866,0.0442,,,0.0698
0124-6127,2718-6474,2462-9596,otras humanidades c discusiones filosoficas legal criminal social general uniform jurisprudence,theory philosophy law political constitutional interpretation sciences sociology comparative science,11,10,,,,,,,False,0,,,,,,,,,,2022-06-07T19:53:01Z,2022-06-07T19:53:01Z,2022-06-07,322,12,,0.184,-0.8689,,,-0.617,0.1105,,,0.093
0120-5307,0120-5307,2216-0280,ciencias salud medicas b q1 q2 q3 investigacion educacion enfermeria general,maternity midwifery community home care family practice health social science nursing miscellaneous geriatrics gerontology medicine sciences education teacher training didactics teaching special aspects theory,11,24,,,,,,,False,4,26,51,143,1554,309,131,1.67,30.47,0.6322,2020-08-14T14:13:13Z,2020-08-14T14:13:13Z,2020-08-14,0,8,2.160839160839161,0.6994,-0.1449,5.2691,2.5164,-0.9562,0.2183,0.5799,0.6,0.0465
0124-4639,2145-4558,0124-4639,economia negocios ciencias sociales b universidad empresa social,enterprises management internationalisation leadership innovation sciences commerce business,8,8,,,,,,,False,0,,,,,,,,,,2011-04-18T17:00:43Z,2025-04-29T06:39:26Z,2025-04-29,535,24,,0.1529,-0.5768,,,0.4005,0.154,,,0.2326
0120-4483,2313-979X,2665-1327,economia negocios ciencias sociales b ensayos sobre social financial,politica economica economic policy macroeconomics economy development sciences theory demography finance history conditions,9,13,1828.49,EUR,1974.77,1.08,5196.76,observado,True,0,,,,,,,,,,2021-11-15T17:18:46Z,2021-11-15T17:18:46Z,2021-11-15,47,48,,0.0865,0.7484,,,2.4356,0.3514,,,0.5116
1794-5992,,2389-783X,ciencias socio biomedicas planificacion familiar salud sexual efectos politicos sociales investigacion biomedica medicas c,duazary,14,1,,,,,,,False,0,,,,,,,,,,,,,,,,0.1188,-0.082,,,,0.2277,,,
0124-2059,2215-7727,2027-128X,ciencias salud medicas c q4 investigacion enfermeria imagen desarrollo social,agronomy crop science economics econometrics geography planning development agricultural biological sciences finance social antropology archaeology history andean culture region anthropology recreation auxiliary,10,22,,,,,,,False,1,16,7,28,319,13,28,0.27,45.57,0.2778,2023-12-07T10:16:37Z,2023-12-07T10:16:37Z,2023-12-07,258,8,0.4642857142857143,0.179,-0.062,-0.1242,1.1056,-0.9562,0.2307,0.0639,0.35,0.0465
1794-161X,,2389-7864,ciencias biologicas naturales c intropica,,5,0,2784.55,EUR,3007.31,1.08,7913.97,observado,True,0,,,,,,,,,,,,,,,,0.0615,1.9922,,,,0.5366,,,
1794-4449,1794-4449,2256-3938,otras ciencias naturales c q4 lasallista investigacion general,multidisciplinary public engagement impact engaged community works,8,7,,,,,,,False,1,13,42,107,1454,39,103,0.39,34.62,0.37229999999999996,2020-11-09T13:42:00Z,2025-12-18T16:22:50Z,2025-12-18,205,60,0.3644859813084112,0.1839,-0.265,-0.2526,0.6824,3.4531,0.2004,0.0516,0.275,0.6512
0122-820X,2531-1654,2422-5053,otras ingenierias tecnologias ingenieria tecnologia c respuestas anglo,spanish english translation literature linguistics language,8,6,,,,,,,False,0,,,,,,,,,,2019-04-18T20:55:23Z,2025-11-25T09:39:36Z,2025-11-25,166,38,,0.1401,-0.4191,,,1.5876,0.1775,,,0.3953
2145-9371,2215-2652,2145-9371,otras ingenierias tecnologias ingenieria tecnologia b desarrollo universidad costa rica general civil,engineering construction manufacturing transport electrical technology,12,6,,,,,,,False,0,,,,,,,,,,2020-08-01T16:33:11Z,2022-10-24T20:10:16Z,2022-10-24,565,26,,0.1398,-0.4152,,,0.5701,0.1781,,,0.2558
0122-8803,0122-8803,2322-6889,historia arqueologia humanidades b q3 caribe costa central general europe doctrinal,history arts humanities historiography rican american latin america spanish philosophy psychology religion theology specific doctrines movements heresies schisms,11,18,1116.0,EUR,1205.28,1.08,3171.79,observado,True,2,5,20,76,885,8,66,0.1,44.25,0.375,2019-04-25T00:54:35Z,2022-09-26T12:59:42Z,2022-09-26,731,8,0.10526315789473684,0.1602,-0.1785,-0.4196,-0.4463,-0.9562,0.2133,0.0356,0.075,0.0465
1900-5407,2215-356X,2011-4273,antropologia sociologia ciencias sociales a2 antipoda arqueologia laboratorio etnologia maria eugenia vargas,bozzoli anthropology archaelogy linguistic biological geography recreation,12,7,,,,,,,False,0,,,,,,,,,,2016-04-16T14:50:14Z,2022-02-16T09:47:03Z,2022-02-16,0,16,,0.1527,-0.5755,,,-0.2778,0.1542,,,0.1395
2215-8421,2215-8421,2215-8421,educacion general incluye capacitacion pedagogia ciencias sociales c voces silencios latinoamericana human,education pedagogy learning teaching development educational policy,12,7,,,,,,,False,0,,,,,,,,,,2025-01-06T09:55:25Z,2025-01-06T09:55:25Z,2025-01-06,357,37,,0.1534,-0.5824,,,1.5029,0.1532,,,0.3837
0123-4641,2248-7085,0123-4641,linguistica idiomas literatura humanidades b colombian,applied linguistics literacy teacher education discourse language literature philology,6,9,3306.51,EUR,3571.03,1.08,9397.45,observado,True,0,,,,,,,,,,2015-01-21T16:15:33Z,2022-08-17T18:35:48Z,2022-08-17,412,5,,0.0531,2.6713,,,-1.2106,0.6378,,,0.0116
0120-3053,2531-1654,2256-5779,economia negocios ciencias sociales c apuntes cenes anglo,spanish english translation literature linguistics language,8,6,,,,,,,False,0,,,,,,,,,,2019-04-18T20:55:23Z,2025-11-25T09:39:36Z,2025-11-25,166,38,,0.1531,-0.5793,,,1.5876,0.1536,,,0.3953
1657-6357,2389-9050,2389-9050,ciencias sociales interdisciplinaria otras c sociedad economia social general,sciences economics econometrics change sociology issues,9,6,1996.61,EUR,2156.34,1.08,5674.58,observado,True,0,,,,,,,,,,2024-04-30T06:20:16Z,2024-04-30T06:20:16Z,2024-04-30,578,52,,0.0807,0.9671,,,2.7748,0.3839,,,0.5581
0120-3649,2593-0265,2011-219X,otras humanidades c xaveriana,theologica philosophy religion philosophical theology religious biblical analytic psychology,4,9,,,,,,,False,0,,,,,,,,,,2019-03-06T14:32:40Z,2025-10-29T15:15:49Z,2025-10-29,223,24,,0.184,-0.8689,,,0.4005,0.1105,,,0.2326
0121-7372,1657-0448,2462-991X,otras ciencias medicas salud c q4 repertorio medicina cirugia experimental general,dermatology surgery medicine clinical oncology public health,11,7,1448.6,EUR,1564.49,1.08,4117.08,observado,True,1,2,58,123,889,5,91,0.06,15.33,0.5539999999999999,2016-10-25T09:25:34Z,2023-08-14T10:00:55Z,2023-08-14,13014,6,0.04065040650406504,0.1084,0.2542,-0.7278,-0.8695,-1.1258,0.2778,0.0061,0.0,0.0233
1794-7154,2275-6639,2382-3240,ciencias sociales interdisciplinaria otras b saber ciencia libertad abe europe,architecture beyond history art heritage fine arts,10,7,,,,,,,False,0,,,,,,,,,,2017-01-01T14:08:29Z,2026-07-24T23:25:47Z,2026-07-24,333,52,,0.1534,-0.5824,,,2.7748,0.1532,,,0.5581
0120-2596,0120-2596,0120-2596,economia negocios ciencias sociales c q4 lecturas social as,business management accounting miscellaneous economics econometrics finance social sciences sociology political science statistics probability uncertainty decision applied public policy economic thought history conditions theory demography,9,25,2838.0,EUR,3065.04,1.08,8065.89,observado,True,1,10,15,67,437,21,66,0.41,29.13,0.2727,2017-01-20T12:26:23Z,2024-04-03T12:19:45Z,2024-04-03,1513,25,0.31343283582089554,0.0756,2.0618,-0.4709,0.2591,0.4853,0.547,0.0307,0.2,0.2442
0123-4412,0120-1867,2665-3273,idiomas literatura humanidades a1 q3 q4 estudios colombiana linguisticos literarios italian portuguese,law political science relations social sciences literature linguistics discourse analysis language philology french spanish,12,14,,,,,,,False,2,4,13,52,576,12,50,0.26,44.31,0.3125,2022-10-11T16:13:21Z,2022-10-11T16:13:21Z,2022-10-11,85,16,0.23076923076923078,0.286,-0.8452,-0.0472,-0.5873,-0.2778,0.114,0.0713,0.05,0.1395
0120-131X,0120-131X,2389-9980,teologia otras humanidades c q2 cuestiones teologicas filosoficas rancang bangun dan general civil,religious arts humanities jurnal teknologi design technology engineering,13,8,1300.0,EUR,1404.0,1.08,3694.74,observado,True,3,4,21,69,918,12,67,0.09,43.71,0.35710000000000003,2017-10-11T14:45:09Z,2019-01-17T08:42:25Z,2019-01-17,214,24,0.17391304347826086,0.201,0.0609,0.2353,-0.5873,0.4005,0.249,0.0983,0.05,0.2326
0121-2494,1852-4222,2500-6436,educacion general incluye capacitacion pedagogia ciencias sociales b saberes social,economics accounting taxation management statistics sciences economic theory demography,10,9,,,,,,,False,0,,,,,,,,,,2011-03-10T13:13:49Z,2025-01-29T15:53:55Z,2025-01-29,47,34,,0.1533,-0.5819,,,1.2485,0.1532,,,0.3488
2145-1389,1982-2014,2463-1140,economia negocios ciencias sociales c signos,literature linguistics education language philology,6,5,,,,,,,False,0,,,,,,,,,,2011-05-24T10:04:33Z,2021-05-25T17:31:20Z,2021-05-25,893,24,,0.1533,-0.5819,,,0.4005,0.1532,,,0.2326
0120-0011,0120-0011,2357-3848,otras ciencias medicas salud c q4 facultad medicina universidad nacional colombia natural social tecnology,medicine miscellaneous sciences health mathematical logic information agriculture,14,8,1448.6,EUR,1564.49,1.08,4117.08,observado,True,1,17,21,145,702,54,122,0.21,33.43,0.34409999999999996,2024-10-22T06:38:35Z,2024-10-22T06:38:35Z,2024-10-22,1041,12,0.3724137931034483,0.1486,0.2542,-0.2269,1.2467,-0.617,0.2778,0.0541,0.375,0.093
0041-9060,1698-7950,2011-1711,derecho ciencias sociales c vniversitas universitas filosofia human general uniform jurisprudence,politica political philosophy law rights science gender politics comparative public psychology religion,11,12,,,,,,,False,0,,,,,,,,,,2025-11-12T13:49:28Z,2025-11-12T13:49:28Z,2025-11-12,0,20,,0.1533,-0.5819,,,0.0613,0.1532,,,0.186
0120-4203,3005-5857,2590-4604,negocios economia ciencias sociales c contaduria universidad antioquia natural social tecnology,management sciences health mathematical logic information agriculture,11,7,,,,,,,False,0,,,,,,,,,,2024-10-22T06:38:35Z,2024-10-22T06:38:35Z,2024-10-22,1041,12,,0.1531,-0.5798,,,-0.617,0.1536,,,0.093
2011-799X,2011-799X,2011-799X,idiomas literatura humanidades a2 q2 latinoamericana traduccion,linguistics language social sciences mutatis mutandis translation practice criticism history literature philology linguistic theory comparative grammar translating interpreting,7,18,1828.24,EUR,1974.5,1.08,5196.05,observado,True,3,9,28,82,1481,35,75,0.36,52.89,0.7045,2018-11-16T18:14:39Z,2024-04-12T06:20:52Z,2024-04-12,817,15,0.4268292682926829,0.2336,0.7481,1.391,0.1181,-0.3626,0.3513,0.2088,0.175,0.1279
0121-7488,2794-0462,2462-7658,otras ciencias naturales b q4 ciencia desarrollo social,history political science relations arts humanities social sciences cooperation development economic,8,11,,,,,,,False,1,3,23,57,1014,4,52,0.08,44.09,0.23079999999999998,2022-12-20T13:36:06Z,2022-12-20T13:36:05Z,2022-12-20,0,8,0.07017543859649122,0.1301,-0.2547,-0.7791,-0.7284,-0.9562,0.202,0.0012,0.025,0.0465
0122-9761,0122-9761,2590-4671,biologia marina agua ciencias biologicas naturales c q2 q3 investigaciones marinas costeras,conservation museology animal science zoology aquatic geography planning development law management monitoring policy oceanography water technology agricultural biological sciences arts humanities earth planetary environmental social ocean resources marine coastal caribbean ecology biodiversity anthropology recreation,12,34,,,,,,,False,3,18,19,62,919,42,62,0.76,48.37,0.3265,2016-03-28T19:57:52Z,2024-04-03T11:53:39Z,2024-04-03,532,12,0.6774193548387096,0.3129,-0.3124,0.9544,1.3877,-0.617,0.1934,0.1671,0.4,0.093
1909-0528,1909-0528,1909-0528,derecho ciencias sociales c q1 via inveniendi iudicandi virtual viei legal general,law social sciences et history politics political science,12,8,2676.26,EUR,2890.36,1.08,7606.21,observado,True,4,7,12,71,525,57,69,0.75,43.75,0.2,2019-04-01T02:40:41Z,2019-08-30T10:04:13Z,2019-08-30,323,20,0.8028169014084507,0.4066,1.8513,6.1423,-0.1641,0.0613,0.5156,0.6634,0.125,0.186
0123-5923,2590-9932,2665-6744,economia negocios ciencias sociales c estudios gerenciales,wood technology products management agriculture forestry,7,6,,,,,,,False,0,,,,,,,,,,2019-09-22T13:56:34Z,2022-08-11T10:16:20Z,2022-08-11,207,4,,0.1533,-0.5815,,,-1.2954,0.1533,,,0.0
0121-3628,1980-5934,2256-358X,filosofia otras humanidades c estudios aurora general,philosophy ethics contemporary ontology epistemology political pilosophy psychology religion speculative,7,10,,,,,,,False,0,,,,,,,,,,2020-07-17T15:05:03Z,2025-08-26T17:30:56Z,2025-08-26,784,50,,0.184,-0.8689,,,2.6052,0.1105,,,0.5349
0124-0137,0124-0137,2027-212X,psicologia ciencias sociales b q4 psicogente sic casopis za knjizevnost kulturu knjizevno social general,applied psychology experimental cognitive i prevodjenje culture literature translation humanities sciences language,14,12,,,,,,,False,1,8,18,55,1078,31,55,0.39,59.89,0.45,2011-12-03T16:09:38Z,2021-05-14T08:47:41Z,2021-05-14,448,24,0.5636363636363636,0.248,-0.558,0.0299,-0.023,0.4005,0.1568,0.0786,0.15,0.2326
0121-4705,2386-8066,0121-4705,ciencias politicas sociales a1 q2 q3 analisis politico investigacion filosofica general,history political science relations sociology arts humanities social sciences philosophy ethics language epistemology psychology religion speculative theory knowledge,11,18,2258.19,EUR,2438.85,1.08,6418.03,observado,True,3,14,26,70,1363,41,65,0.67,52.42,0.19440000000000002,2019-04-04T22:57:53Z,2019-08-30T10:04:17Z,2019-08-30,0,20,0.5857142857142857,0.136,1.3074,0.3124,0.8234,0.0613,0.4346,0.1057,0.3,0.186
2390-0725,2422-3182,2422-3182,negocios economia ciencias sociales b social,management cea economy econometrics marketing administration accounting finance sciences commerce,6,10,638.23,EUR,689.29,1.08,1813.92,observado,True,0,,,,,,,,,,2019-04-02T02:03:38Z,2019-04-02T02:03:38Z,2019-04-02,276,20,,0.1756,-0.8001,,,0.0613,0.1208,,,0.186
0120-1700,1984-1566,2389-8755,ciencias educacion sociales c actualidades pedagogicas general,teaching pedagogy education special aspects,7,5,,,,,,,False,0,,,,,,,,,,2019-06-03T18:26:03Z,2019-06-03T18:26:03Z,2019-06-03,0,50,,0.1533,-0.5819,,,2.6052,0.1532,,,0.5349
2145-6097,2305-0683,2145-6453,agronomia agricultura silvicultura pesca ciencias agricolas b investigacion agraria ambiental,agronomy farming acricultural science agriculture,10,5,,,,,,,False,0,,,,,,,,,,2018-09-03T16:42:22Z,2019-01-23T14:09:18Z,2019-01-23,150,25,,0.1216,-0.1331,,,0.4853,0.2201,,,0.2442
0120-6346,2523-0840,2248-4345,economia negocios ciencias sociales c semestre economico microecomomic social as labor,macroeconomic ecological economics economic development public econometrics sciences theory demography science history conditions industries land use growth planning,11,18,1828.49,EUR,1974.77,1.08,5196.76,observado,True,0,,,,,,,,,,2022-08-24T13:07:28Z,2022-08-24T13:07:28Z,2022-08-24,119,6,,0.0865,0.7484,,,-1.1258,0.3514,,,0.0233
0121-215X,2236-4994,2256-5442,otras ciencias sociales b geografia general,teaching geography environmental cartography anthropology recreation,6,6,416.0,EUR,449.28,1.08,1182.32,observado,True,0,,,,,,,,,,2019-06-03T16:34:30Z,2024-09-13T15:59:42Z,2024-09-13,141,35,,0.2174,-1.0892,,,1.3333,0.0777,,,0.3605
0122-5383,0122-5383,2382-4581,otras ingenierias tecnologias ingenieria tecnologia c q4 ciencia futuro scientific,chemical engineering miscellaneous energy fuel technology geology geophysics renewable sustainability environment earth planetary sciences ct f ctyf about technologies technics industry education,10,22,902.03,EUR,974.19,1.08,2563.66,observado,True,1,21,0,37,0,24,37,0.52,0.0,0.0,2016-05-06T10:12:12Z,2022-02-13T18:20:38Z,2022-02-13,62,4,0.6486486486486487,0.2216,-0.4569,-0.0857,1.811,-1.2954,0.1719,0.0676,0.475,0.0
0121-1617,0121-1617,1900-6152,historia arqueologia humanidades a1 q1 q2 q3 critica social,cultural history social sciences miscellaneous geography planning development arts humanities brazil historiography,9,12,1116.0,EUR,1205.28,1.08,3171.79,observado,True,4,15,23,67,1057,32,67,0.62,45.96,0.4667,2025-04-13T22:32:44Z,2025-04-13T22:32:44Z,2025-04-13,0,15,0.47761194029850745,0.3751,-0.1785,1.802,0.9645,-0.3626,0.2133,0.2482,0.325,0.1279
0120-338X,2340-1362,2256-5469,idiomas literatura humanidades c forma funcion iii medieval general europe,etf history,10,2,,,,,,,False,0,,,,,,,,,,2017-04-03T12:43:08Z,2025-12-15T13:48:47Z,2025-12-15,808,30,,0.1839,-0.8685,,,0.9093,0.1106,,,0.3023
1657-107X,1853-1326,2500-5421,ciencias educacion sociales b interamericana investigacion pedagogia general,education teacher training didactics teaching special aspects theory practice,8,9,1828.24,EUR,1974.5,1.08,5196.05,observado,True,0,,,,,,,,,,2020-08-14T14:13:13Z,2020-08-14T14:13:13Z,2020-08-14,0,8,,0.0865,0.7481,,,-0.9562,0.3513,,,0.0465
0304-2847,2588-0837,2248-7026,otras ciencias agricolas b facultad nacional agronomia jurisprudence general uniform,medellin faculty law economics public policy comparative,10,7,,,,,,,False,0,,,,,,,,,,2021-05-11T16:40:35Z,2021-05-11T16:40:35Z,2021-05-11,151,24,,0.1216,-0.1335,,,0.4005,0.22,,,0.2326
1692-5858,2610-8046,2216-135X,periodismo comunicaciones ciencias sociales b encuentros humanas teoria social pensamiento critico human general,sciences critical thinking works history scholarship learning humanities,13,8,,,,,,,False,0,,,,,,,,,,2018-10-31T18:12:29Z,2019-01-23T14:09:17Z,2019-01-23,651,10,,0.1533,-0.5819,,,-0.7866,0.1532,,,0.0698
0120-0135,2447-3383,2256-2273,agronomia agricultura silvicultura pesca ciencias agricolas b q3 q4 ciencia agricola plant general,health professions miscellaneous occupational therapy physical sports rehabilitation public environmental speech hearing medicine protection agriculture family farming forestry fruit growing culture,13,21,2000.0,EUR,2160.0,1.08,5684.21,observado,True,2,6,46,89,1864,64,83,0.85,40.52,0.49439999999999995,2019-11-22T00:40:44Z,2019-11-22T00:40:44Z,2019-11-22,206,8,0.7191011235955056,0.1572,0.9715,0.428,-0.3052,-0.9562,0.3846,0.1167,0.1,0.0465
1692-715X,1692-715X,2027-7679,ciencias sociales interdisciplinaria otras b q2 q3 latinoamericana ninez juventud rias cultural,social sciences miscellaneous developmental educational psychology american hemispheric transoceanic literary anthropology language literature,12,13,1828.24,EUR,1974.5,1.08,5196.05,observado,True,3,11,49,174,2662,152,172,0.75,54.33,0.5827,2021-01-12T14:49:39Z,2021-01-12T14:49:38Z,2021-01-12,1,50,0.8735632183908046,0.2941,0.7481,2.2899,0.4002,2.6052,0.3513,0.2948,0.225,0.5349
1794-4724,2007-7149,2145-4515,psicologia ciencias sociales c avances latinoamericana social,behavioral sciences clinical psychology occupational educational psychosocial philosophy religion,7,9,1828.24,EUR,1974.5,1.08,5196.05,observado,True,0,,,,,,,,,,2021-01-11T09:56:14Z,2021-01-11T09:56:14Z,2021-01-11,0,16,,0.0865,0.7481,,,-0.2778,0.3513,,,0.1395
2145-9444,,2145-9444,ciencias educacion sociales b zona proxima,,6,0,,,,,,,False,0,,,,,,,,,,,,,,,,0.1519,-0.5664,,,,0.1556,,,
1856-9536,1856-9536,1856-9536,periodismo comunicaciones ciencias sociales c q3 anuario estudios comunicacion social disertarciones disertaciones media cultural,communication library information sciences social electronico journalism language literature philology linguistics mass,14,12,300.05,EUR,324.05,1.08,852.76,observado,True,2,5,24,95,994,46,89,0.35,41.42,0.5714,2026-08-10T13:42:31Z,2026-08-10T13:42:31Z,,0,20,0.4842105263157895,0.402,-1.2401,0.0042,-0.4463,0.0613,0.0552,0.0762,0.075,0.186
1794-7111,2531-1654,2462-8115,diseno arte humanidades a1 kepes anglo,spanish english translation literature linguistics language,6,6,,,,,,,False,0,,,,,,,,,,2019-04-18T20:55:23Z,2025-11-25T09:39:36Z,2025-11-25,166,38,,0.1836,-0.8659,,,1.5876,0.111,,,0.3953
1657-8953,,2619-189X,ciencias sociales interdisciplinaria otras c civilizar,,6,0,,,,,,,False,0,,,,,,,,,,,,,,,,0.1519,-0.5664,,,,0.1556,,,
1794-9165,2389-9484,2256-4314,otras ingenierias tecnologias ingenieria tecnologia b q4 ciencia general civil,history political science relations arts humanities social sciences biodiversity sustainable development technological innovation industrial production processes technology engineering,10,18,,,,,,,False,1,3,23,57,1014,4,52,0.08,44.09,0.23079999999999998,2025-12-03T07:39:21Z,2025-12-03T07:39:21Z,2025-12-03,171,26,0.07017543859649122,0.1392,-0.3879,-0.7791,-0.7284,0.5701,0.1821,0.0012,0.025,0.2558
1657-8961,2660-6070,2665-3281,psicologia ciencias sociales b pensamiento psicologico social general,philosophy humanities political thought sciences education psychology religion,8,8,,,,,,,False,0,,,,,,,,,,2022-02-14T10:27:48Z,2022-08-26T22:40:45Z,2022-08-26,117,36,,0.1531,-0.5798,,,1.4181,0.1536,,,0.3721
2011-3080,2007-7149,2011-3080,psicologia ciencias sociales c q4 ces social,psychology miscellaneous behavioral sciences clinical occupational educational psychosocial philosophy religion,7,10,532.0,EUR,574.56,1.08,1512.0,observado,True,1,10,28,98,1588,59,97,0.51,56.71,0.5114,2021-01-11T09:56:14Z,2021-01-11T09:56:14Z,2021-01-11,0,16,0.6020408163265306,0.3789,-0.9383,0.4408,0.2591,-0.2778,0.1002,0.1179,0.2,0.1395
1900-3803,2422-6459,2539-0279,ciencias sociales interdisciplinaria otras b entramado entramados educacion sociedad social,education society academic practices teaching educational training sciences,10,8,,,,,,,False,0,,,,,,,,,,2022-06-13T16:28:12Z,2022-06-13T16:28:12Z,2022-06-13,0,16,,0.153,-0.5789,,,-0.2778,0.1537,,,0.1395
1794-0915,2336-3037,1794-0915,ciencias biologicas naturales c q3 ornitologia colombiana scientific general civil,animal science zoology ecology evolution behavior systematics agricultural biological sciences logi transport logistics warehousing handling vehicle sustainability technology engineering transportation,10,20,150.0,EUR,162.0,1.08,426.32,declarado,True,2,12,6,44,125,33,37,0.53,20.83,0.0588,2024-04-02T13:46:11Z,2026-07-24T16:43:03Z,2026-07-24,208,12,0.75,1.0,-1.4353,2.1487,0.5413,-0.617,0.0262,0.2813,0.25,0.093
1692-2484,0123-5095,2145-8529,filosofia otras humanidades c q3 uis aurora general,philosophy arts humanities ethics contemporary ontology epistemology political pilosophy psychology religion speculative,8,12,,,,,,,False,2,3,26,60,530,9,52,0.08,20.38,0.35,2020-07-17T15:05:03Z,2025-08-26T17:30:56Z,2025-08-26,784,50,0.15,0.2403,-0.8646,-0.3939,-0.7284,2.6052,0.1111,0.0381,0.025,0.5349
0121-0319,2960-8309,1794-5240,otras ciencias medicas salud c uis general,internal medicine surgery traumatology pediatrics ginecology,7,6,5176.12,EUR,5590.21,1.08,14711.08,observado,True,0,,,,,,,,,,2026-02-09T12:28:22Z,2026-02-09T12:28:22Z,,227,12,,0.0356,5.1036,,,-0.617,1.0,,,0.093
0034-7434,0717-7526,2463-0225,medicina clinica ciencias medicas salud c q4 colombiana ginecologia s,neurology clinical medicine obstetricia ginecology obstetrics women health reproduction reproductive gynecology,10,11,350.0,USD,350.0,1.0,921.05,declarado,True,1,3,48,114,1495,39,90,0.26,31.15,0.4694,2022-03-18T14:46:50Z,2026-07-20T07:41:25Z,2022-09-12,1200,16,0.34210526315789475,0.3038,-1.2088,-0.4581,-0.7284,-0.2778,0.0599,0.0319,0.025,0.1395
0121-5469,0121-5469,2344-8644,psicologia ciencias sociales a2 q3 colombiana social,psychology miscellaneous social sciences behavioral clinical occupational educational psychosocial philosophy religion,7,11,,,,,,,False,2,16,18,37,991,28,37,0.7,55.06,0.5362,2021-01-11T09:56:14Z,2021-01-11T09:56:14Z,2021-01-11,0,16,0.7567567567567568,0.4069,-0.5651,1.3654,1.1056,-0.2778,0.1557,0.2064,0.35,0.1395
0121-4772,0121-4772,2248-4337,economia negocios ciencias sociales b q3 q4 colombia social as,arts humanities miscellaneous economics econometrics finance social sciences real estate markets economic theory demography science,10,15,2908.3,EUR,3140.96,1.08,8265.68,observado,True,2,14,46,82,2124,23,82,0.27,46.17,0.4545,2015-11-17T19:51:04Z,2022-12-29T12:53:56Z,2022-12-29,216,25,0.2804878048780488,0.0788,2.1532,-0.3682,0.8234,0.4853,0.5606,0.0405,0.3,0.2442
0120-5609,0120-5609,2248-8723,ingenieria civil tecnologia b q3 q4 investigacion universidad costa rica general,engineering miscellaneous building construction manufacturing transport electrical technology,11,8,,,,,,,False,2,22,37,127,1485,130,126,0.93,40.14,0.2021,2020-08-01T16:33:11Z,2022-10-24T20:10:16Z,2022-10-24,565,26,1.0236220472440944,0.2975,-0.4049,0.6719,1.9521,0.5701,0.1796,0.14,0.5,0.2558
0123-3068,2215-4744,2462-8190,ciencias biologicas naturales a2 cientifico museo historia natural costa central general europe doctrinal,history historiography rican american latin america spanish philosophy psychology religion theology specific doctrines movements heresies schisms,13,16,1116.0,EUR,1205.28,1.08,3171.79,observado,True,0,,,,,,,,,,2019-04-25T00:54:35Z,2022-09-26T12:59:42Z,2022-09-26,731,8,,0.1242,-0.1785,,,-0.9562,0.2133,,,0.0465
0120-5633,0120-5633,2357-3260,ciencias salud medicas c q4 colombiana cardiologia scientific general civil,cardiology cardiovascular medicine logi transport logistics warehousing handling vehicle sustainability technology engineering transportation,10,13,150.0,EUR,162.0,1.08,426.32,declarado,True,1,15,59,262,1265,36,214,0.15,21.44,0.3131,2024-04-02T13:46:11Z,2026-07-24T16:43:03Z,2026-07-24,208,12,0.13740458015267176,0.3587,-1.4353,-0.5608,0.9645,-0.617,0.0262,0.0221,0.325,0.093
0124-4035,2145-5112,0124-4035,ciencias politicas sociales b desafios social general,political science relations sciences,7,4,,,,,,,False,0,,,,,,,,,,2015-09-14T15:56:26Z,2019-06-07T11:33:20Z,2019-06-07,669,26,,0.1534,-0.5824,,,0.5701,0.1532,,,0.2558
0122-9893,0122-9893,2346-2051,derecho ciencias sociales b q2 estado universidad catolica santisima concepcion legal jurisprudence,law social sciences history public private,12,6,,,,,,,False,3,10,39,133,1692,77,129,0.72,43.38,0.3696,2024-11-05T07:14:45Z,2024-11-05T07:14:45Z,2024-11-05,126,10,0.5789473684210527,0.557,-0.6024,2.5339,0.2591,-0.7866,0.1502,0.3182,0.2,0.0698
0123-8418,2215-7484,0123-8418,geografia social economica ciencias sociales b q3 q4 territorios urban,urban geography planning development social sciences economic environment culture politics communities classes races,10,13,,,,,,,False,2,6,29,93,1354,33,87,0.3,46.69,0.46149999999999997,2013-05-21T19:52:55Z,2025-04-29T06:11:14Z,2025-04-29,822,21,0.3548387096774194,0.2323,-0.5768,-0.1242,-0.3052,0.1461,0.154,0.0639,0.1,0.1977
0124-8170,2215-2652,1909-7735,otras ingenierias tecnologias ingenieria tecnologia b ciencia neogranadina universidad costa rica general civil,engineering construction manufacturing transport electrical technology,13,6,1806.0,EUR,1950.48,1.08,5132.84,observado,True,0,,,,,,,,,,2020-08-01T16:33:11Z,2022-10-24T20:10:16Z,2022-10-24,565,26,,0.0873,0.7192,,,0.5701,0.347,,,0.2558
1900-3102,2215-2652,2357-6014,otras ingenierias tecnologias ingenieria tecnologia c solidaria universidad costa rica general civil,engineering construction manufacturing transport electrical technology,12,6,,,,,,,False,0,,,,,,,,,,2020-08-01T16:33:11Z,2022-10-24T20:10:16Z,2022-10-24,565,26,,0.1398,-0.4152,,,0.5701,0.1781,,,0.2558
1390-499X,1390-5007,2011-7477,filosofia otras humanidades c eidos cientifica arquitectura urbanismo urbanism urban civil,architecture design planning engineering fine arts,11,6,,,,,,,False,0,,,,,,,,,,2023-11-28T16:29:42Z,2023-11-28T16:29:42Z,2023-11-28,341,10,,0.184,-0.8689,,,-0.7866,0.1105,,,0.0698
0121-4500,1851-1694,2346-0261,enfermeria ciencias salud medicas b avances ava antropologia social cultural,anthropology ethnology change culture processes geography recreation,10,7,,,,,,,False,0,,,,,,,,,,2012-04-26T13:55:07Z,2025-10-21T07:35:17Z,2025-10-21,119,12,,0.1197,-0.098,,,-0.617,0.2253,,,0.093
0121-4004,0121-4004,2145-2660,farmacologia farmacia medicina basica ciencias medicas salud b q3 q4,pharmacology toxicology pharmaceutics miscellaneous applied microbiology biotechnology food science agricultural biological sciences immunology vitae theology biblical religion philosophy psychology,10,19,1176.26,EUR,1270.36,1.08,3343.05,observado,True,2,21,14,39,502,41,39,1.04,35.86,0.7143,2021-03-16T11:13:58Z,2026-06-10T18:12:22Z,,865,16,1.0512820512820513,0.2336,-0.1001,0.428,1.811,-0.2778,0.225,0.1167,0.475,0.1395
0120-0690,0120-0690,2256-2958,ciencias veterinarias agricolas b q4 colombiana pecuarias,animal science zoology veterinary miscellaneous agricultural biological sciences production welfare livestock nutrition forage apiculture agriculture culture medicine,7,17,2000.0,EUR,2160.0,1.08,5684.21,observado,True,1,23,29,65,1076,35,62,0.45,37.1,0.3768,2017-03-13T10:42:59Z,2021-11-24T09:26:53Z,2021-11-24,2324,20,0.5384615384615384,0.1362,0.9715,0.0941,2.0931,0.0613,0.3846,0.0848,0.525,0.186
1909-2474,0122-5391,1909-2474,ciencias ambientales aspectos sociales geografia social economica c q4 luna azul,education environmental science miscellaneous social sciences,11,6,,,,,,,False,1,8,11,61,397,6,57,0.12,36.09,0.5455,,,,,,0.09836065573770492,0.1692,-0.5559,-0.6379,-0.023,,0.1571,0.0147,0.15,
2145-941X,2660-6070,2145-941X,negocios economia ciencias sociales b pensamiento social general,management gestion philosophy humanities political thought sciences education psychology religion,8,10,,,,,,,False,0,,,,,,,,,,2022-02-14T10:27:48Z,2022-08-26T22:40:45Z,2022-08-26,117,36,,0.1531,-0.5798,,,1.4181,0.1536,,,0.3721
0123-9392,0123-9392,2422-3794,otras ciencias medicas salud c q4,infectious diseases microbiology medical pharmacology medicine infectio infection clinical practice epidemiology internal parasitic public aspects,6,15,2675.07,EUR,2889.08,1.08,7602.84,observado,True,1,14,45,119,1096,49,107,0.44,24.36,0.4925,2025-11-05T09:30:41Z,2026-04-27T14:25:24Z,2026-04-27,22,16,0.4117647058823529,0.1189,1.8498,0.3252,0.8234,-0.2778,0.5154,0.1069,0.3,0.1395
0120-3592,0120-3592,1900-7205,negocios economia ciencias sociales c q4 administracion sector general,management business economics econometrics finance miscellaneous strategy accounting public administration policy political science institutions,9,14,,,,,,,False,1,15,5,27,265,16,26,0.44,53.0,0.5832999999999999,2016-10-15T10:26:56Z,2026-07-24T16:40:22Z,2026-07-24,350,30,0.5925925925925926,0.2028,-0.5464,-0.3425,0.9645,0.9093,0.1585,0.043,0.325,0.3023
0123-5931,2215-4744,2256-5450,estudios literarios idiomas literatura humanidades b teoria historia critica costa central general europe doctrinal,history historiography rican american latin america spanish philosophy psychology religion theology specific doctrines movements heresies schisms,14,16,1116.0,EUR,1205.28,1.08,3171.79,observado,True,0,,,,,,,,,,2019-04-25T00:54:35Z,2022-09-26T12:59:42Z,2022-09-26,731,8,,0.1242,-0.1785,,,-0.9562,0.2133,,,0.0465
1657-4923,,2389-7872,otras humanidades c pana,jangwa,4,1,,,,,,,False,0,,,,,,,,,,,,,,,,0.182,-0.853,,,,0.1129,,,
1657-0308,2518-2943,2357-626X,arquitectura urbanismo arte humanidades b urbanism urban cultural,architecture planning design heritage history fine arts,8,7,2838.0,EUR,3065.04,1.08,8065.89,observado,True,0,,,,,,,,,,2022-04-27T10:03:03Z,2024-09-03T06:42:17Z,2024-09-03,289,12,,0.0605,2.0618,,,-0.617,0.547,,,0.093
0120-5323,1698-7950,2346-2426,otras humanidades c q4 universitas filosofia derecho human general uniform jurisprudence,philosophy arts humanities philosophica politica political law rights science gender politics comparative public psychology religion,11,15,2255.17,EUR,2435.58,1.08,6409.42,observado,True,1,3,20,58,615,3,56,0.05,30.75,0.07690000000000001,2025-11-12T13:49:28Z,2025-11-12T13:49:28Z,2025-11-12,0,20,0.05172413793103448,0.0732,1.3035,-0.792,-0.7284,0.0613,0.434,0.0,0.025,0.186
2145-0366,2448-5764,2145-0366,ciencias sociales interdisciplinaria otras c artes humanidades social cultural general europe,aletheia h sciences education arts history literature,11,7,,,,,,,False,0,,,,,,,,,,2023-05-29T09:46:20Z,2023-05-29T09:46:20Z,2023-05-29,524,24,,0.1533,-0.5819,,,0.4005,0.1532,,,0.2326
2346-3279,2358-9566,2711-0044,otras ciencias sociales c contexto general italian portuguese,literary language literature french spanish,8,5,,,,,,,False,0,,,,,,,,,,2020-07-10T23:29:43Z,2022-12-04T17:46:13Z,2022-12-04,0,20,,0.1533,-0.5819,,,0.0613,0.1532,,,0.186
0123-3033,2215-2652,2027-8284,otras ingenierias tecnologias ingenieria tecnologia b competitividad universidad costa rica general civil,engineering construction manufacturing transport electrical technology,12,6,,,,,,,False,0,,,,,,,,,,2020-08-01T16:33:11Z,2022-10-24T20:10:16Z,2022-10-24,565,26,,0.1398,-0.4152,,,0.5701,0.1781,,,0.2558
0123-1294,1853-1326,2027-5358,educacion general incluye capacitacion pedagogia ciencias sociales b educadores,education teacher training didactics teaching special aspects theory practice,9,9,,,,,,,False,0,,,,,,,,,,2020-08-14T14:13:13Z,2020-08-14T14:13:13Z,2020-08-14,0,8,,0.153,-0.5789,,,-0.9562,0.1537,,,0.0465
2011-7574,2518-4431,2011-7574,sociologia ciencias sociales c q3 q4 investigacion desarrollo general,health professions miscellaneous occupational therapy physical sports rehabilitation public environmental speech hearing medicine engineering economics business works,9,17,,,,,,,False,2,6,46,89,1864,64,83,0.85,40.52,0.49439999999999995,2018-04-11T11:49:19Z,2018-06-12T11:37:40Z,2018-06-12,309,8,0.7191011235955056,0.2967,-0.5686,0.428,-0.3052,-0.9562,0.1552,0.1167,0.1,0.0465
2145-7719,2145-4493,2145-7719,derecho ciencias sociales c q4 ces universidad catolica santisima concepcion legal jurisprudence,law social sciences history public private,12,6,,,,,,,False,1,5,7,35,453,4,16,0.12,64.71,0.5,2024-11-05T07:14:45Z,2024-11-05T07:14:45Z,2024-11-05,126,10,0.11428571428571428,0.1764,-0.5533,-0.5737,-0.4463,-0.7866,0.1575,0.0209,0.075,0.0698
1692-7125,2448-5764,1692-7125,otras ingenierias tecnologias ingenieria tecnologia c artes humanidades ciencias sociales social cultural general europe,limenth h sciences education arts history literature,14,7,,,,,,,False,0,,,,,,,,,,2023-05-29T09:46:20Z,2023-05-29T09:46:20Z,2023-05-29,524,24,,0.1403,-0.4217,,,0.4005,0.1771,,,0.2326
2027-4688,2027-4688,2539-4711,historia arqueologia humanidades b q1 fronteras costa central general europe doctrinal,history arts humanities historiography rican american latin america spanish philosophy psychology religion theology specific doctrines movements heresies schisms,11,18,1116.0,EUR,1205.28,1.08,3171.79,observado,True,4,6,28,105,1241,43,102,0.34,44.32,0.4667,2019-04-25T00:54:35Z,2022-09-26T12:59:42Z,2022-09-26,731,8,0.4095238095238095,0.2658,-0.1785,0.6719,-0.3052,-0.9562,0.2133,0.14,0.1,0.0465
0120-548X,2705-3822,1900-1649,ciencias biologicas naturales b q4 colombiana molecular general,neurology clinical medicine biologica biological biotechnology cell biology medical sciences science,8,11,2206.05,EUR,2382.53,1.08,6269.82,observado,True,1,3,48,114,1495,39,90,0.26,31.15,0.4694,2024-05-31T21:19:15Z,2024-05-31T21:19:15Z,2024-05-31,0,10,0.34210526315789475,0.0939,1.2396,-0.4581,-0.7284,-0.7866,0.4245,0.0319,0.025,0.0698
1900-0448,,2500-5286,derecho ciencias sociales c iusta,,5,0,,,,,,,False,0,,,,,,,,,,,,,,,,0.1519,-0.5664,,,,0.1556,,,
0120-3916,0120-3916,2323-0134,educacion general incluye capacitacion pedagogia ciencias sociales b q3 colombiana,education social sciences teacher training didactics teaching special aspects theory practice,10,11,,,,,,,False,2,9,64,170,3034,128,169,0.66,47.41,0.4894,2020-08-14T14:13:13Z,2020-08-14T14:13:13Z,2020-08-14,0,8,0.7529411764705882,0.4493,-0.5824,1.6864,0.1181,-0.9562,0.1532,0.2371,0.175,0.0465
1794-6670,2961-5666,2215-9959,otras artes arte humanidades a2 musica visuales escenicas jrm oral general,music culture traditions performance books language literature performing arts show business,11,11,3170.0,EUR,3423.6,1.08,9009.47,observado,True,0,,,,,,,,,,2024-05-28T16:56:14Z,2024-05-28T16:56:14Z,2024-05-28,0,10,,0.055,2.4937,,,-0.7866,0.6113,,,0.0698
0120-2456,2215-4744,2256-5647,historia arqueologia humanidades a2 anuario colombiano social costa central general europe doctrinal,history historiography rican american latin america spanish philosophy psychology religion theology specific doctrines movements heresies schisms,12,16,1116.0,EUR,1205.28,1.08,3171.79,observado,True,0,,,,,,,,,,2019-04-25T00:54:35Z,2022-09-26T12:59:42Z,2022-09-26,731,8,,0.1242,-0.1785,,,-0.9562,0.2133,,,0.0465
2248-6046,,2011-7663,economia negocios ciencias sociales c finanzas social as,politica economica management economics education accounting sciences economic theory demography science,8,11,1828.49,EUR,1974.77,1.08,5196.76,observado,True,0,,,,,,,,,,2015-11-10T13:17:26Z,2018-10-17T07:21:28Z,2018-10-17,239,8,,0.0865,0.7484,,,-0.9562,0.3514,,,0.0465
0123-921X,1970-7452,2248-7638,ingenierias electrica electronica informatica ingenieria tecnologia b tecnura sociosemiotics media,semiotics signification languages culture language literature philology linguistics communication mass linguistic theory comparative grammar,10,14,,,,,,,False,0,,,,,,,,,,2023-03-23T17:41:07Z,2023-03-23T17:41:07Z,2023-03-23,0,12,,0.14,-0.4178,,,-0.617,0.1777,,,0.093
0120-1263,1970-7452,2390-0032,otras humanidades c escritos sociosemiotics media,semiotics signification languages culture language literature philology linguistics communication mass linguistic theory comparative grammar,6,14,,,,,,,False,0,,,,,,,,,,2023-03-23T17:41:07Z,2023-03-23T17:41:07Z,2023-03-23,0,12,,0.1834,-0.8646,,,-0.617,0.1111,,,0.093
1692-8261,1996-5389,2216-1368,otras ingenierias tecnologias ingenieria tecnologia b prospectiva oficial universidad privada antonio guillermo urrelo social general,sciences law economics education management,15,5,2838.0,EUR,3065.04,1.08,8065.89,observado,True,0,,,,,,,,,,2020-01-09T11:25:57Z,2020-02-05T13:06:19Z,2020-02-05,0,6,,0.0605,2.0618,,,-1.1258,0.547,,,0.0233
0121-5256,0123-2576,1909-7700,medicina clinica ciencias medicas salud c q4 human,education medical laboratory technology medicine miscellaneous health professions social sciences med biomedical science translational clinical practice,8,16,1569.89,EUR,1695.48,1.08,4461.79,observado,True,1,4,0,62,0,16,50,0.28,0.0,0.0,2026-02-25T15:09:33Z,2026-02-25T15:09:33Z,,60,14,0.25806451612903225,0.1225,0.412,-0.4581,-0.5873,-0.4474,0.3013,0.0319,0.05,0.1163
1794-5887,1697-9745,2539-1208,otras humanidades a2 co herencia,education training educational special aspects theory practice,5,7,,,,,,,False,0,,,,,,,,,,2019-06-23T02:54:33Z,2019-06-23T02:54:33Z,2019-06-23,0,12,,0.1839,-0.8681,,,-0.617,0.1106,,,0.093
1692-7273,1692-7273,2145-4507,medicina clinica ciencias medicas salud c q4 general,health policy social science medicine miscellaneous sciences microbiology physiotherapy pharmacy nutrition,8,11,2000.0,EUR,2160.0,1.08,5684.21,observado,True,1,15,38,102,1478,26,95,0.23,38.89,0.5428999999999999,2020-03-26T10:41:41Z,2024-09-13T08:12:10Z,2024-09-13,442,6,0.2549019607843137,0.0991,0.9715,-0.4966,0.9645,-1.1258,0.3846,0.0283,0.325,0.0233
1909-4450,2715-9256,2256-5027,otras ciencias sociales c republicana publica pemikiran administrasi negara asia,jurnal public administration policy bureaucracy service governance local government political science institutions asian only,10,14,,,,,,,False,0,,,,,,,,,,2022-09-19T15:04:51Z,2022-09-19T15:04:51Z,2022-09-19,143,22,,0.1533,-0.5815,,,0.2309,0.1533,,,0.2093
0121-0807,2707-6954,2145-8464,ciencias salud medicas b q3 q4 uis general,health professions miscellaneous occupational therapy physical sports rehabilitation public environmental speech hearing medicine sciences nursing education,8,16,,,,,,,False,2,6,46,89,1864,64,83,0.85,40.52,0.49439999999999995,2022-07-28T13:13:04Z,2022-07-28T13:13:04Z,2022-07-28,261,8,0.7191011235955056,0.2319,-0.0842,0.428,-0.3052,-0.9562,0.2274,0.1167,0.1,0.0465
2011-0324,2251-8665,2665-4814,ciencias sociales interdisciplinaria otras b discrete,cs mathematics combinatorics graph theory computer science,6,7,990.0,EUR,1069.2,1.08,2813.68,observado,True,0,,,,,,,,,,2013-01-18T19:03:57Z,2021-06-21T19:34:59Z,2021-06-21,278,30,,0.1346,-0.3425,,,0.9093,0.1889,,,0.3023
1657-4915,2215-3659,2389-7856,ciencias educacion sociales c praxis general,philosophy bioethics latin american thinking psychology religion speculative,6,8,2380.0,EUR,2570.4,1.08,6764.21,observado,True,0,,,,,,,,,,2019-05-06T19:04:24Z,2022-10-24T20:13:38Z,2022-10-24,0,12,,0.07,1.4659,,,-0.617,0.4582,,,0.093
1794-1237,2183-8925,2463-0950,ingenieria civil tecnologia b eia general europe,history theory ideas,7,3,,,,,,,False,0,,,,,,,,,,2020-06-23T15:38:26Z,2020-07-06T13:44:55Z,2020-07-06,254,35,,0.1403,-0.4221,,,1.3333,0.177,,,0.3605
0120-0534,2007-7149,0120-0534,psicologia ciencias sociales a2 q2 latinoamericana social,psychology miscellaneous social sciences behavioral clinical occupational educational psychosocial philosophy religion,7,11,1828.24,EUR,1974.5,1.08,5196.05,observado,True,3,38,7,82,358,123,82,1.38,51.14,0.39390000000000003,2021-01-11T09:56:14Z,2021-01-11T09:56:14Z,2021-01-11,0,16,1.5,0.4628,0.7481,4.794,4.2093,-0.2778,0.3513,0.5344,0.9,0.1395
0486-6525,0486-6525,2539-472X,antropologia sociologia ciencias sociales a2 q2 q3 colombiana laboratorio etnologia maria eugenia vargas,archeology arts humanities cultural history anthropology social sciences bozzoli archaelogy linguistic biological geography recreation,13,14,,,,,,,False,3,15,30,68,1273,26,65,0.34,42.43,0.5625,2016-04-16T14:50:14Z,2022-02-16T09:47:03Z,2022-02-16,0,16,0.38235294117647056,0.286,-0.6054,0.2867,0.9645,-0.2778,0.1498,0.1032,0.325,0.1395
1794-9920,,1794-9920,economia negocios ciencias sociales c facultad economicas u pamplona social as,face management economics education accounting sciences economic theory demography science,11,10,1828.49,EUR,1974.77,1.08,5196.76,observado,True,0,,,,,,,,,,2015-11-10T13:17:26Z,2018-10-17T07:21:28Z,2018-10-17,239,8,,0.0865,0.7484,,,-0.9562,0.3514,,,0.0465
0123-4226,0123-4226,2619-2551,otras ciencias agricolas b q4 u d c actualidad divulgacion cientifica facultad veterinarias universidad zulia,agricultural biological sciences miscellaneous biochemistry genetics molecular biology environmental science geography planning development social veterinary medicine animal economics public health food technology agriculture culture cattle,15,25,895.15,EUR,966.76,1.08,2544.11,observado,True,1,8,33,136,1428,66,131,0.36,43.27,0.3945,2023-02-27T14:36:38Z,2023-02-27T14:36:38Z,2023-02-27,2418,9,0.4852941176470588,0.2183,-0.4659,-0.1242,-0.023,-0.8714,0.1705,0.0639,0.15,0.0581
1657-4702,1991-2773,2462-859X,otras humanidades b latinoamericana latinamerican rias cultural,bioetica bioethics american hemispheric transoceanic literary anthropology language literature,7,9,2492.33,EUR,2691.72,1.08,7083.47,observado,True,0,,,,,,,,,,2021-01-12T14:49:39Z,2021-01-12T14:49:38Z,2021-01-12,1,50,,0.0674,1.6121,,,2.6052,0.48,,,0.5349
1794-2489,1849-1685,2011-2742,otras ciencias sociales c tabula rasa general,humanistic sciences history literature linguistics archaeology works scholarship learning humanities,7,10,,,,,,,False,0,,,,,,,,,,2022-04-29T07:59:28Z,2022-04-29T07:59:28Z,2022-04-29,117,36,,0.1534,-0.5824,,,1.4181,0.1532,,,0.3721
2382-4018,2382-4018,2382-4018,otras humanidades c ciencias sociales social territorial general,collectivus practics practices economical sciences,8,5,2000.0,EUR,2160.0,1.08,5684.21,observado,True,0,,,,,,,,,,2016-01-08T11:44:05Z,2020-08-04T09:03:57Z,2020-08-04,18,12,,0.0806,0.9715,,,-0.617,0.3846,,,0.093
2322-9381,2322-9381,2322-9675,historia arqueologia humanidades a2 q2 q3 trashumante general,history social sciences miscellaneous arts humanities public health medicine,8,9,2618.0,EUR,2827.44,1.08,7440.63,observado,True,3,7,21,88,724,25,87,0.29,34.48,0.6522,2021-02-28T21:16:35Z,2021-02-28T21:16:35Z,2021-02-28,915,16,0.2840909090909091,0.1281,1.7755,0.4665,-0.1641,-0.2778,0.5043,0.1204,0.125,0.1395
2145-9258,1811-9034,2389-7724,educacion general incluye capacitacion pedagogia ciencias sociales b cultura sociedad edusoc,learning teaching higher education pedagogy special aspects,11,7,,,,,,,False,0,,,,,,,,,,2019-06-21T15:03:29Z,2019-06-21T15:03:29Z,2019-06-21,288,12,,0.1534,-0.5824,,,-0.617,0.1532,,,0.093
0124-2253,2521-9715,2344-8350,otras ingenierias tecnologias ingenieria tecnologia b cientifica facultad ciencias veterinarias universidad zulia,veterinary medicine animal science agricultural economics public health food technology agriculture culture cattle,12,13,895.15,EUR,966.76,1.08,2544.11,observado,True,0,,,,,,,,,,2023-02-27T14:36:38Z,2023-02-27T14:36:38Z,2023-02-27,2418,9,,0.1436,-0.4659,,,-0.8714,0.1705,,,0.0581
0034-7426,1657-0448,2357-4100,matematica ciencias naturales c q4 colombiana matematicas social general,dermatology surgery medicine science sociology anthropology political demography sciences,9,9,2331.51,EUR,2518.03,1.08,6626.39,observado,True,1,2,58,123,889,5,91,0.06,15.33,0.5539999999999999,2020-10-13T19:59:55Z,2020-10-13T19:59:55Z,2020-10-13,0,20,0.04065040650406504,0.0748,1.4028,-0.7278,-0.8695,0.0613,0.4488,0.0061,0.0,0.186
0120-5587,0717-621X,0120-5587,estudios generales lenguaje idiomas literatura humanidades c,linguistica literature linguistics latin america applied literary theory language,7,9,2380.0,EUR,2570.4,1.08,6764.21,observado,True,0,,,,,,,,,,2021-07-21T16:27:37Z,2024-10-15T19:17:00Z,2024-10-15,50,54,,0.07,1.4659,,,2.9444,0.4582,,,0.5814
0121-053X,0121-053X,2346-1829,linguistica idiomas literatura humanidades b q2 slavic,linguistics language social sciences linguistica hispanica modern romance languages germanic literature philology,7,12,1898.13,EUR,2049.98,1.08,5394.68,observado,True,3,4,21,63,646,23,63,0.4,30.76,0.36,2015-11-07T20:25:09Z,2022-07-27T09:21:52Z,2022-07-27,1275,20,0.36507936507936506,0.1747,0.839,0.5949,-0.5873,0.0613,0.3649,0.1327,0.05,0.186
1794-2470,2715-9256,2462-9448,ciencias biologicas naturales b nova publicacion cientifica medicas publica pemikiran administrasi negara asia,jurnal public administration policy bureaucracy service governance local government political science institutions asian only,13,14,2900.0,EUR,3132.0,1.08,8242.11,observado,True,0,,,,,,,,,,2022-09-19T15:04:51Z,2022-09-19T15:04:51Z,2022-09-19,143,22,,0.0594,2.1424,,,0.2309,0.559,,,0.2093
2344-8652,2344-8652,2344-8652,otras ingenierias tecnologias ingenieria tecnologia b investigacion innovacion general civil,engineering environmental industrial systems mechanical technology,10,6,,,,,,,False,0,,,,,,,,,,2018-01-05T17:00:24Z,2026-06-12T13:16:08Z,2026-05-19,320,20,,0.1403,-0.4221,,,0.0613,0.177,,,0.186
0121-7577,2665-2056,2462-8425,salud publica ciencias medicas b q3 q4 hacia promocion mental general,health professions miscellaneous occupational therapy physical sports rehabilitation public environmental speech hearing medicine innovation physiotherapy,11,15,,,,,,,False,2,6,46,89,1864,64,83,0.85,40.52,0.49439999999999995,2020-05-20T16:04:07Z,2020-10-08T13:33:33Z,2020-10-08,221,16,0.7191011235955056,0.2319,-0.0842,0.428,-0.3052,-0.2778,0.2274,0.1167,0.1,0.1395
0120-159X,1657-0448,2256-5485,sociologia ciencias sociales b q4 colombiana social general,dermatology surgery medicine sciences epistemology chilhood gender child abuse sociology,8,10,2505.83,EUR,2706.3,1.08,7121.84,observado,True,1,2,58,123,889,5,91,0.06,15.33,0.5539999999999999,2024-01-03T07:55:15Z,2024-01-03T07:55:15Z,2024-01-03,39,30,0.04065040650406504,0.0705,1.6296,-0.7278,-0.8695,0.9093,0.4826,0.0061,0.0,0.3023
0121-8530,0121-8530,2346-3864,idiomas literatura humanidades b q4 palabra social general,literature literary theory arts humanities pyr philosophy religious sciences theology interdisciplinary dialogue psychology religion religions mythology rationalism,8,17,,,,,,,False,1,2,19,90,494,8,88,0.11,26.0,0.5909,2023-08-17T15:26:22Z,2023-08-17T15:26:22Z,2023-08-17,192,10,0.08888888888888889,0.1823,-0.8412,-0.7791,-0.8695,-0.7866,0.1146,0.0012,0.0,0.0698
1657-4583,2215-2652,2145-8456,otras ingenierias tecnologias ingenieria tecnologia b uis universidad costa rica general civil,engineering construction manufacturing transport electrical technology,12,6,,,,,,,False,0,,,,,,,,,,2020-08-01T16:33:11Z,2022-10-24T20:10:16Z,2022-10-24,565,26,,0.1398,-0.4152,,,0.5701,0.1781,,,0.2558
2011-7485,2007-7149,2011-7485,psicologia ciencias sociales b desde caribe social,behavioral sciences clinical psychology occupational educational psychosocial philosophy religion,7,9,,,,,,,False,0,,,,,,,,,,2021-01-11T09:56:14Z,2021-01-11T09:56:14Z,2021-01-11,0,16,,0.153,-0.5785,,,-0.2778,0.1538,,,0.1395
0121-750X,0121-750X,2344-8393,ingenierias electrica electronica informatica ingenieria tecnologia b q4 colombia universidad costa rica general civil,engineering miscellaneous construction manufacturing transport electrical technology,14,7,,,,,,,False,1,7,26,104,815,61,94,0.61,31.35,0.2,2020-08-01T16:33:11Z,2022-10-24T20:10:16Z,2022-10-24,565,26,0.5865384615384616,0.2077,-0.3974,-0.1499,-0.1641,0.5701,0.1807,0.0614,0.125,0.2558
2027-2448,2745-1402,2745-1402,otras ciencias sociales c pensamiento americano jurisprudence social general,law politics philosophy sociology sciences,9,5,1828.24,EUR,1974.5,1.08,5196.05,observado,True,0,,,,,,,,,,2021-07-27T23:31:11Z,2021-07-27T23:31:11Z,2021-07-27,246,16,,0.0865,0.7481,,,-0.2778,0.3513,,,0.1395
0122-9354,2675-6617,2389-8526,ciencias veterinarias agricolas c medicina veterinaria,veterinary medicine animal production biology agriculture culture,6,7,380.8,EUR,411.26,1.08,1082.26,observado,True,0,,,,,,,,,,2023-07-06T16:59:40Z,2023-07-06T16:59:40Z,2023-07-06,780,12,,0.2259,-1.135,,,-0.617,0.0709,,,0.093
0121-3474,2174-4017,2619-3752,derecho ciencias sociales c anuario galego,verba iuris filoloxia linguistics romance languages language literature philology,6,9,,,,,,,False,0,,,,,,,,,,2025-04-22T07:23:49Z,2025-04-22T07:23:49Z,2025-04-22,0,30,,0.1533,-0.5819,,,0.9093,0.1532,,,0.3023
0123-4870,,0120-2146,otras humanidades b folios,,4,0,,,,,,,False,0,,,,,,,,,,,,,,,,0.182,-0.853,,,,0.1129,,,
0122-8900,2471-6839,2463-0470,economia negocios ciencias sociales c panorama economico modernism general,twentieth century art nineteenth african american contemporary critical theory fine arts history,9,12,1828.49,EUR,1974.77,1.08,5196.76,observado,True,0,,,,,,,,,,2020-01-16T15:03:43Z,2020-01-16T15:03:43Z,2020-01-16,727,12,,0.0865,0.7484,,,-0.617,0.3514,,,0.093
0121-6538,2459-5160,2248-6941,otras humanidades b anfora social general,humanities literature sciences,6,3,,,,,,,False,0,,,,,,,,,,2016-05-28T21:13:48Z,2022-04-07T07:54:49Z,2022-04-07,199,20,,0.184,-0.8689,,,0.0613,0.1105,,,0.186
0123-7799,1390-3659,2256-5337,otras ingenierias tecnologias ingenieria tecnologia b tecno tecnologica espol natural social,logicas computer science sciences engineering technology life management,11,8,,,,,,,False,0,,,,,,,,,,2023-10-13T16:42:30Z,2026-08-08T11:27:38Z,,1247,12,,0.1403,-0.4221,,,-0.617,0.177,,,0.093
0122-8706,2500-5308,2500-5308,otras ciencias agricolas c corpoica ciencia tecnologia agropecuaria general,agriculture climate change food rural development animal culture,9,8,,,,,,,False,0,,,,,,,,,,2016-10-30T16:08:42Z,2024-02-06T13:40:45Z,2024-02-06,650,36,,0.1216,-0.1335,,,1.4181,0.22,,,0.3721
0123-3769,1996-5389,2500-8684,otras ciencias sociales c perspectiva geografica oficial universidad privada antonio guillermo urrelo social general,sciences law economics education management,14,5,2838.0,EUR,3065.04,1.08,8065.89,observado,True,0,,,,,,,,,,2020-01-09T11:25:57Z,2020-02-05T13:06:19Z,2020-02-05,0,6,,0.0605,2.0618,,,-1.1258,0.547,,,0.0233
2011-804X,2660-6070,2462-8441,otras artes arte humanidades b pensamiento palabra obra social general,philosophy humanities political thought sciences education psychology religion,10,8,,,,,,,False,0,,,,,,,,,,2022-02-14T10:27:48Z,2022-08-26T22:40:45Z,2022-08-26,117,36,,0.1837,-0.8664,,,1.4181,0.1109,,,0.3721
1909-941X,2660-9037,2389-7848,economia negocios ciencias sociales c historia humanas pensamiento critico social,clio america history literature sciences humanities geography anthropology recreation auxiliary,10,10,2200.0,EUR,2376.0,1.08,6252.63,observado,True,0,,,,,,,,,,2021-11-29T08:50:41Z,2021-11-29T08:50:40Z,2021-11-29,441,24,,0.0747,1.2317,,,0.4005,0.4234,,,0.2326
0120-0062,1984-9834,2011-3668,filosofia otras humanidades b valores em desenvolvimento agricultura sociedade social agrarian,ideas interfaces sciences rural sociology antropology economy development change agriculture,11,10,2709.03,EUR,2925.75,1.08,7699.34,observado,True,0,,,,,,,,,,2020-06-09T16:41:37Z,2020-06-09T16:41:37Z,2020-06-09,286,36,,0.0629,1.894,,,1.4181,0.522,,,0.3721
2145-132X,2145-132X,2145-132X,historia arqueologia humanidades a2 q2 q3 historelo colombian,cultural history pharmacology toxicology pharmaceutics miscellaneous social sciences arts humanities regional local america latin spanish,8,15,1878.22,EUR,2028.48,1.08,5338.11,observado,True,3,6,25,72,1291,18,62,0.09,51.64,0.4722,2011-01-18T08:28:47Z,2025-04-03T05:59:48Z,2025-04-03,446,5,0.25,0.1635,0.8131,0.4023,-0.3052,-1.2106,0.361,0.1143,0.1,0.0116
1794-192X,1930-1693,2256-3202,otras humanidades b guillermo latino italian portuguese,ockman film gender linguistics iberian literature culture latin american language french spanish,7,12,,,,,,,False,0,,,,,,,,,,2018-12-18T01:46:59Z,2023-03-21T08:07:56Z,2023-03-21,41,8,,0.1839,-0.8685,,,-0.9562,0.1106,,,0.0465
2027-8306,2215-7727,2389-9417,otras humanidades b q4 investigacion desarrollo innovacion cientifica enfermeria,agronomy crop science economics econometrics geography planning development agricultural biological sciences finance social nursing medicine,9,15,,,,,,,False,1,16,7,28,319,13,28,0.27,45.57,0.2778,2024-10-09T04:59:23Z,2024-10-09T04:59:23Z,2024-10-09,217,12,0.4642857142857143,0.2728,-0.833,-0.1242,1.1056,-0.617,0.1159,0.0639,0.35,0.093
1657-7027,1657-7027,2500-6177,salud publica ciencias medicas c q4 gerencia politicas ciencia general,health policy medicine politica political science relations sociology latin america public economy,10,12,2443.03,EUR,2638.47,1.08,6943.34,observado,True,1,12,10,61,477,17,60,0.2,47.7,0.5769,2024-05-29T07:00:43Z,2024-05-29T07:00:43Z,2024-05-29,0,25,0.2786885245901639,0.0891,1.5479,-0.4067,0.5413,0.4853,0.4704,0.0369,0.25,0.2442
1692-3324,3005-5857,2248-4094,ingenieria ambiental geologica tecnologia c ingenierias universidad natural social tecnology,medellin sciences health mathematical logic information agriculture,10,7,,,,,,,False,0,,,,,,,,,,2024-10-22T06:38:35Z,2024-10-22T06:38:35Z,2024-10-22,1041,12,,0.1401,-0.4195,,,-0.617,0.1774,,,0.093
0120-2812,0120-2812,2323-0118,ciencias tierra medioambientales naturales b q4 plant general,agronomy crop science soil agricultural biological sciences agronomica animal culture aquaculture forestry agriculture,8,13,450.0,BRL,90.0,0.2,236.84,declarado,True,1,18,24,119,784,31,119,0.2,32.67,0.3333,2012-05-09T10:35:00Z,2022-09-18T09:25:11Z,2022-09-18,1547,14,0.2605042016806723,0.4322,-1.522,-0.4324,1.3877,-0.4474,0.0132,0.0344,0.4,0.1163
1692-2530,1406-5509,2248-4078,derecho ciencias sociales c q4 juridica penal code civil fundamental personal europe,law social sciences opinion estonian rights european,12,7,3345.32,EUR,3612.95,1.08,9507.76,observado,True,1,3,27,93,1170,8,93,0.02,43.33,0.3704,2017-08-14T17:44:36Z,2025-03-31T08:15:18Z,2025-03-31,0,20,0.08602150537634409,0.0678,2.7218,-0.4196,-0.7284,0.0613,0.6453,0.0356,0.025,0.186
0120-3886,0120-1867,2390-0016,derecho ciencias sociales c q3 q4 facultad politicas universidad catolica santisima concepcion legal jurisprudence,law political science relations social sciences history public private,14,9,2443.03,EUR,2638.47,1.08,6943.34,observado,True,2,4,13,52,576,12,50,0.26,44.31,0.3125,2024-11-05T07:14:45Z,2024-11-05T07:14:45Z,2024-11-05,126,10,0.23076923076923078,0.1083,1.5479,-0.0472,-0.5873,-0.7866,0.4704,0.0713,0.05,0.0698
2215-7360,,2215-7360,ciencias sociales interdisciplinaria otras c,aglala,5,1,,,,,,,False,0,,,,,,,,,,,,,,,,0.1519,-0.5664,,,,0.1556,,,
0123-3475,1657-0448,1909-8758,biotecnologia agricola ciencias agricolas b q4 colombiana artificial virtual general,dermatology surgery medicine intelligence practical innovative uses iot networks smart objects cyber physical systems augmented reality enabled devices science mathematics instruments machines electronic computers computer software technology cybernetics,10,28,837.19,EUR,904.17,1.08,2379.39,observado,True,1,2,58,123,889,5,91,0.06,15.33,0.5539999999999999,2021-03-29T14:33:59Z,2023-04-12T14:59:19Z,2023-04-12,250,11,0.04065040650406504,0.1573,-0.5413,-0.7278,-0.8695,-0.7018,0.1593,0.0061,0.0,0.0814
1794-3108,2340-3144,2256-5531,otras ciencias sociales c criminalidad esic media social,adresearch communication new marketing public relations strategy branding sciences language literature philology linguistics mass,8,14,,,,,,,False,0,,,,,,,,,,2022-04-19T13:31:45Z,2022-04-19T13:31:45Z,2022-04-19,260,24,,0.1532,-0.5806,,,0.4005,0.1534,,,0.2326
0121-3784,2166-5095,0121-3784,ciencias animales lecheria agricolas b q4 social labor human,animal science zoology agricultural biological sciences livestock rural development sustainability community gender equality industries land use economic growth planning communities classes races settlements,9,23,2930.53,EUR,3164.97,1.08,8328.87,observado,True,1,42,60,266,1738,176,266,0.58,28.97,0.2553,2018-07-30T14:59:23Z,2025-01-13T12:11:42Z,2025-01-13,196,12,0.6616541353383458,0.1253,2.1821,0.6591,4.7736,-0.617,0.5649,0.1388,1.0,0.093
0121-4381,0121-4381,2145-9797,psicologia ciencias sociales b q3 suma psicologica experimental human,psychology miscellaneous spanish society animal cognition perception attention psycholinguistics methodology language literature philology linguistics philosophy religion consciousness,9,17,1005.27,EUR,1085.69,1.08,2857.08,observado,True,2,20,11,48,617,39,48,0.63,56.09,0.5,2003-09-16T00:00:00Z,2025-12-19T09:13:46Z,2025-12-19,361,12,0.8125,0.3305,-0.3226,1.1085,1.6699,-0.617,0.1919,0.1818,0.45,0.093
0122-1213,1996-5389,2389-993X,trabajo social sociologia ciencias sociales c prospectiva oficial universidad privada antonio guillermo urrelo general,sciences law economics education management,14,5,2838.0,EUR,3065.04,1.08,8065.89,observado,True,0,,,,,,,,,,2020-01-09T11:25:57Z,2020-02-05T13:06:19Z,2020-02-05,0,6,,0.0605,2.0618,,,-1.1258,0.547,,,0.0233
1794-6190,1777-5817,2339-3459,ciencias tierra medioambientales naturales c societe geologique,earth sciences france paleontology geochemistry stratigraphy geophysics tectonics geodynamics science geology,7,11,2400.0,EUR,2592.0,1.08,6821.05,observado,True,0,,,,,,,,,,2019-07-17T09:42:29Z,2026-01-14T07:02:35Z,2026-01-14,297,24,,0.0696,1.4919,,,0.4005,0.4621,,,0.2326
1657-8031,1982-6737,2665-3354,ciencias sociales interdisciplinaria otras b agora historia geografia general europe,usb history geography auxiliary sciences anthropology recreation,10,7,,,,,,,False,0,,,,,,,,,,2021-12-18T14:21:33Z,2022-12-15T14:41:36Z,2022-12-15,276,4,,0.1533,-0.5819,,,-1.2954,0.1532,,,0.0
0124-0579,0120-1867,2145-4531,derecho ciencias sociales c q3 q4 estudios socio juridicos social,law political science relations social sciences education history communication art,10,10,1618.67,EUR,1748.16,1.08,4600.42,observado,True,2,4,13,52,576,12,50,0.26,44.31,0.3125,2017-05-02T18:20:18Z,2025-09-01T06:36:39Z,2025-09-01,0,20,0.23076923076923078,0.1501,0.4754,-0.0472,-0.5873,0.0613,0.3107,0.0713,0.05,0.186
1794-8886,1812-9528,1794-8886,otras ciencias sociales c q2 q3 memorias general,history archeology arts humanities social sciences medicine health public infectious diseases,8,11,,,,,,,False,3,6,18,77,919,18,70,0.24,51.06,0.5161,2012-06-05T08:43:57Z,2021-02-23T18:43:15Z,2021-02-23,388,16,0.23376623376623376,0.2098,-0.605,-0.3425,-0.3052,-0.2778,0.1498,0.043,0.1,0.1395
0121-3814,2602-408X,2323-0126,educacion general incluye capacitacion pedagogia ciencias sociales b tecne episteme,tea didaxis islamic culture archaeology history art turkish literature music fine arts,10,12,2972.0,EUR,3209.76,1.08,8446.74,observado,True,0,,,,,,,,,,2023-12-05T08:56:54Z,2023-12-05T08:56:54Z,2023-12-05,569,16,,0.0582,2.2361,,,-0.2778,0.5729,,,0.1395
0120-1751,1657-0448,2389-8976,matematica ciencias naturales c q4 colombiana estadistica human social as,dermatology surgery medicine economics statistics economic development policy latin america sciences theory demography science,10,14,,,,,,,False,1,2,58,123,889,5,91,0.06,15.33,0.5539999999999999,2021-03-03T14:44:49Z,2021-03-03T14:44:49Z,2021-03-03,200,36,0.04065040650406504,0.136,-0.2654,-0.7278,-0.8695,1.4181,0.2004,0.0061,0.0,0.3721
1909-8367,2389-9484,2539-4169,otras ingenierias tecnologias ingenieria tecnologia c entre ciencia general civil,biodiversity sustainable development technological innovation industrial production processes technology engineering,10,10,,,,,,,False,0,,,,,,,,,,2025-12-03T07:39:21Z,2025-12-03T07:39:21Z,2025-12-03,171,26,,0.1403,-0.4221,,,0.5701,0.177,,,0.2558
1657-6527,1657-6527,2145-8502,otras ingenierias tecnologias ingenieria tecnologia c q4 fuentes reventon,energy miscellaneous physical theoretical chemistry energetico education higher gender student engagement diversity quality management,9,14,,,,,,,False,1,6,7,49,249,17,44,0.41,35.57,0.1818,2021-10-08T13:50:18Z,2021-10-08T13:50:18Z,2021-10-08,0,45,0.3469387755102041,0.1938,-0.3965,-0.2783,-0.3052,2.1812,0.1809,0.0491,0.1,0.4767
0122-7483,0122-7483,2027-1352,matematica ciencias naturales b q3 universitas,multidisciplinary scientiarum sciences technology medicine engineering materials physics science,6,9,1139.73,EUR,1230.91,1.08,3239.24,observado,True,2,17,39,45,607,41,45,1.0,15.56,0.42200000000000004,2020-09-14T16:33:21Z,2023-05-02T09:03:15Z,2023-05-02,607,11,0.9111111111111111,0.251,-0.1477,0.5564,1.2467,-0.7018,0.2179,0.129,0.375,0.0814
2145-6054,2256-2796,2256-2796,derecho ciencias sociales c juridica mario alario d legal general social labor criminal uniform jurisprudence,filippo systems institutions theory law security comparative,15,7,1303.34,EUR,1407.61,1.08,3704.24,observado,True,0,,,,,,,,,,2019-05-10T23:36:54Z,2019-08-30T10:04:29Z,2019-08-30,472,20,,0.1114,0.0652,,,0.0613,0.2496,,,0.186
0120-4807,2011-2734,0120-4807,sociologia ciencias sociales b universitas humanistica social general,ethnography situated knowledge global south critical perspectives geography anthropology recreation sciences sociology,8,12,2618.0,EUR,2827.44,1.08,7440.63,observado,True,0,,,,,,,,,,2007-05-09T12:41:34Z,2022-08-17T18:13:37Z,2022-08-17,250,16,,0.0647,1.7755,,,-0.2778,0.5043,,,0.1395
0120-2804,1657-0448,2357-3791,ciencias quimicas naturales c q4 colombiana quimica,dermatology surgery medicine chemistry analytical inorganic organic physical biochemistry science,7,10,,,,,,,False,1,2,58,123,889,5,91,0.06,15.33,0.5539999999999999,2022-01-22T13:38:30Z,2022-02-08T15:35:29Z,2022-02-08,607,12,0.04065040650406504,0.136,-0.265,-0.7278,-0.8695,-0.617,0.2004,0.0061,0.0,0.093
0122-6339,,2248-6798,idiomas literatura humanidades c enunciacion,,5,0,,,,,,,False,0,,,,,,,,,,,,,,,,0.182,-0.853,,,,0.1129,,,
0012-7353,2183-1912,2346-2183,otras ingenierias tecnologias ingenieria tecnologia c social general,dyna innovation sciences well being tourism sustainability,8,7,1657.98,EUR,1790.62,1.08,4712.16,observado,True,0,,,,,,,,,,2015-09-22T16:40:48Z,2025-02-13T13:32:39Z,2025-02-13,198,12,,0.0933,0.5266,,,-0.617,0.3183,,,0.093
0120-4157,2710-3471,2590-7379,otras ciencias medicas salud b general,biomedica medicine endocrinology public health radiology pediatrics science biology,6,9,1549.04,EUR,1672.96,1.08,4402.53,observado,True,0,,,,,,,,,,2023-11-12T11:06:42Z,2023-11-12T11:06:42Z,2023-11-12,270,6,,0.0982,0.3848,,,-1.1258,0.2972,,,0.0233
0120-386X,0120-386X,2256-3334,ciencias salud medicas b q4 facultad nacional publica pemikiran administrasi negara asia,epidemiology health information management policy public environmental occupational professions medicine jurnal administration bureaucracy service governance local government political science institutions asian only,12,22,2390.0,EUR,2581.2,1.08,6792.63,observado,True,1,17,31,113,1013,33,97,0.2,32.68,0.6207,2022-09-19T15:04:51Z,2022-09-19T15:04:51Z,2022-09-19,143,22,0.2920353982300885,0.0935,1.4789,-0.3554,1.2467,0.2309,0.4602,0.0418,0.375,0.2093
0366-5232,1970-7452,2357-3759,otras biologias ciencias biologicas naturales b caldasia sociosemiotics media,semiotics signification languages culture language literature philology linguistics communication mass linguistic theory comparative grammar,9,14,,,,,,,False,0,,,,,,,,,,2023-03-23T17:41:07Z,2023-03-23T17:41:07Z,2023-03-23,0,12,,0.1307,-0.2846,,,-0.617,0.1975,,,0.093
0121-5167,2215-2873,2462-8433,ciencias politicas sociales b estudios politicos,political culture ecology relations democracy public policy science,6,8,,,,,,,False,0,,,,,,,,,,2021-07-12T18:41:31Z,2021-07-12T18:41:31Z,2021-07-12,203,24,,0.1527,-0.5755,,,0.4005,0.1542,,,0.2326
0120-0739,2065-2445,2256-201X,forestal agricultura silvicultura pesca ciencias agricolas b colombia,forestry silviculture environmental sciences agriculture,8,5,1999.2,EUR,2159.14,1.08,5681.95,observado,True,0,,,,,,,,,,2011-02-21T10:00:52Z,2023-06-06T10:59:29Z,2023-06-06,391,12,,0.0806,0.9705,,,-0.617,0.3845,,,0.093
2011-0731,2011-0731,2011-0731,ciencias educacion sociales c academia virtualidad,education teaching online learning,6,4,2331.51,EUR,2518.03,1.08,6626.39,observado,True,0,,,,,,,,,,2017-03-06T15:06:36Z,2021-07-27T18:33:57Z,2021-07-27,333,20,,0.0712,1.4028,,,0.0613,0.4488,,,0.186
2027-5137,2215-4744,2322-777X,historia arqueologia humanidades a2 q4 memoria costa central general europe doctrinal,history political science relations arts humanities social sciences historiography rican american latin america spanish philosophy psychology religion theology specific doctrines movements heresies schisms,11,23,1116.0,EUR,1205.28,1.08,3171.79,observado,True,1,3,23,57,1014,4,52,0.08,44.09,0.23079999999999998,2019-04-25T00:54:35Z,2022-09-26T12:59:42Z,2022-09-26,731,8,0.07017543859649122,0.1255,-0.1785,-0.7791,-0.7284,-0.9562,0.2133,0.0012,0.025,0.0465
1900-1592,2805-5853,1900-1592,c q4 conservacion colombiana molecular,ecology evolution behavior systematics management monitoring policy law nature landscape conservation agricultural biological sciences environmental science endocrinology diabetes osteoporosis obesity nutrition dyslipidemias biology medicine internal specialties diseases endocrine glands clinical,5,30,,,,,,,False,1,3,17,29,650,5,29,0.09,38.24,0.48840000000000006,2023-02-24T12:55:55Z,2023-02-24T12:55:55Z,2023-02-24,790,12,0.1724137931034483,0.1456,-0.11,-0.5223,-0.7284,-0.617,0.2235,0.0258,0.025,0.093
0124-5821,0124-5821,0124-5821,ciencias sociales interdisciplinaria otras b virtual universidad catolica norte social general,sciences education humanities,11,3,3068.0,EUR,3313.44,1.08,8719.58,observado,True,0,,,,,,,,,,2018-03-02T12:10:45Z,2021-02-11T10:06:30Z,2021-02-11,221,50,,0.0566,2.361,,,2.6052,0.5915,,,0.5349
1900-5016,1991-2773,2248-6011,economia negocios ciencias sociales c latinoamericanos administracion rias cultural,american hemispheric transoceanic literary anthropology language literature,9,7,1828.24,EUR,1974.5,1.08,5196.05,observado,True,0,,,,,,,,,,2021-01-12T14:49:39Z,2021-01-12T14:49:38Z,2021-01-12,1,50,,0.0865,0.7481,,,2.6052,0.3513,,,0.5349
0123-1472,1982-6486,2500-6045,negocios economia ciencias sociales c contabilidad social,management accounting organizations innovative sciences commerce business bookkeeping,7,8,,,,,,,False,0,,,,,,,,,,2020-06-12T16:53:07Z,2020-06-12T16:53:07Z,2020-06-12,522,25,,0.1533,-0.5819,,,0.4853,0.1532,,,0.2442
1900-6586,2521-9715,2500-7645,ciencias sociales interdisciplinaria otras b cientifica general maria cordova facultad veterinarias universidad zulia,jose veterinary medicine animal science agricultural economics public health food technology agriculture culture cattle,13,14,895.15,EUR,966.76,1.08,2544.11,observado,True,0,,,,,,,,,,2023-02-27T14:36:38Z,2023-02-27T14:36:38Z,2023-02-27,2418,9,,0.1436,-0.4659,,,-0.8714,0.1705,,,0.0581
2590-9215,2590-9215,2590-9215,ciencias sociales interdisciplinaria otras c perspectivas social general,education sciences pedagogy,8,3,2838.0,EUR,3065.04,1.08,8065.89,observado,True,0,,,,,,,,,,2018-05-16T11:01:22Z,2021-11-02T08:22:30Z,2021-11-02,135,18,,0.0605,2.0618,,,-0.1083,0.547,,,0.1628
0122-8102,2684-0499,2346-1691,idiomas literatura humanidades c estudios linguisticos literarios italian portuguese,literature linguistics discourse analysis language philology french spanish,9,8,2628.61,EUR,2838.9,1.08,7470.79,observado,True,0,,,,,,,,,,2022-10-11T16:13:21Z,2022-10-11T16:13:21Z,2022-10-11,85,16,,0.0645,1.7894,,,-0.2778,0.5064,,,0.1395
0120-3347,2256-2087,2145-4604,anestesiologia medicina clinica ciencias medicas salud c q4 colombiana scientific general civil,anesthesiology pain medicine critical care intensive logi transport logistics warehousing handling vehicle sustainability technology engineering transportation,12,16,150.0,EUR,162.0,1.08,426.32,declarado,True,1,9,41,113,908,51,96,0.54,22.15,0.3846,2024-04-02T13:46:11Z,2026-07-24T16:43:03Z,2026-07-24,208,12,0.45132743362831856,0.4742,-1.4353,-0.0729,0.1181,-0.617,0.0262,0.0688,0.175,0.093
0120-8160,2618-2998,2590-521X,negocios economia ciencias sociales b escuela administracion socio cultural social,management rea anthropology archeology etnography sciences geography recreation,10,8,,,,,,,False,0,,,,,,,,,,2021-12-07T20:23:24Z,2024-04-12T07:57:11Z,2024-04-12,0,8,,0.1534,-0.5824,,,-0.9562,0.1532,,,0.0465
1900-4699,2797-0965,2500-5316,ciencias biologicas naturales c q3 q4 facultad basicas,health professions miscellaneous occupational therapy physical sports rehabilitation public environmental speech hearing medicine basica primary education elementary learning strategies islamic special aspects,8,22,2000.0,EUR,2160.0,1.08,5684.21,observado,True,2,6,46,89,1864,64,83,0.85,40.52,0.49439999999999995,2025-05-08T05:33:59Z,2025-05-08T05:33:59Z,2025-05-08,31,16,0.7191011235955056,0.1572,0.9715,0.428,-0.3052,-0.2778,0.3846,0.1167,0.1,0.1395
1900-0642,,2323-0886,economia negocios ciencias sociales c criterio libre,,7,0,,,,,,,False,0,,,,,,,,,,,,,,,,0.1519,-0.5664,,,,0.1556,,,
0124-6542,0124-6542,2389-7732,arquitectura urbanismo arte humanidades b q2 q3 q4 modulo cuc urbanism visual urban,visual arts performing humanities miscellaneous architecture urban engineering social sciences design landscape fine,13,13,2838.0,EUR,3065.04,1.08,8065.89,observado,True,3,4,16,48,742,13,48,0.24,46.38,0.4138,2023-12-08T12:27:17Z,2023-12-08T12:27:17Z,2023-12-08,1172,20,0.2708333333333333,0.0762,2.0618,-0.4581,-0.5873,0.0613,0.547,0.0319,0.05,0.186
0122-8285,1853-9912,2027-534X,medios comunicacion social periodismo comunicaciones ciencias sociales a2 palabra clave,library science information sciences bibliography resources,10,6,,,,,,,False,0,,,,,,,,,,2014-06-06T11:50:38Z,2021-11-15T16:05:04Z,2021-11-15,334,16,,0.1534,-0.5824,,,-0.2778,0.1532,,,0.1395
0120-4874,0123-2576,2357-6308,medicina general interna clinica ciencias medicas salud c q4 u p s,education medical laboratory technology medicine miscellaneous health professions social sciences upb b clinical nursing adult children women,12,17,1448.6,EUR,1564.49,1.08,4117.08,observado,True,1,4,0,62,0,16,50,0.28,0.0,0.0,2021-07-12T18:21:26Z,2021-07-12T18:21:26Z,2021-07-12,192,22,0.25806451612903225,0.13,0.2542,-0.4581,-0.5873,0.2309,0.2778,0.0319,0.05,0.2093
0121-0793,,2011-7965,medicina clinica ciencias medicas salud c,iatreia,6,1,,,,,,,False,0,,,,,,,,,,,,,,,,0.1188,-0.082,,,,0.2277,,,
0124-8693,2603-8366,2539-0554,economia negocios ciencias sociales c tendencias sociologia social general,sociology trends politics sciences communication changes,9,6,,,,,,,False,0,,,,,,,,,,2023-05-12T11:16:02Z,2023-05-12T11:16:02Z,2023-05-12,0,20,,0.1533,-0.5819,,,0.0613,0.1532,,,0.186
1909-3063,2215-4582,1909-7743,ciencias politicas sociales c relaciones internacionales estrategia seguridad,relations cooperation trade business foreign policy political science,8,8,,,,,,,False,0,,,,,,,,,,2018-08-06T15:55:37Z,2022-09-26T13:53:49Z,2022-09-26,25,15,,0.153,-0.5785,,,-0.3626,0.1538,,,0.1279
1657-9534,0120-8322,1657-9534,medicina clinica ciencias medicas salud b q4 colombia medica,medicine miscellaneous education training educational special aspects theory practice,9,9,300.0,EUR,324.0,1.08,852.63,observado,True,1,30,18,87,534,88,70,1.16,29.67,0.494,2019-06-23T02:54:33Z,2019-06-23T02:54:33Z,2019-06-23,0,12,1.0114942528735633,0.4666,-1.2401,0.3381,3.0807,-0.617,0.0552,0.1081,0.7,0.093
0120-3584,2618-3137,1900-7760,economia negocios ciencias sociales a2 desarrollo sociedad social labor general,communication sciences work relations humanities sociology,10,6,,,,,,,False,0,,,,,,,,,,2025-05-01T09:24:42Z,2025-05-01T09:24:42Z,2025-05-01,0,8,,0.1534,-0.5824,,,-0.9562,0.1532,,,0.0465
2216-0159,2462-8603,2462-8603,ciencias educacion sociales b praxis saber,education pedagogy didactics teaching culture teacher training special aspects,6,9,2380.0,EUR,2570.4,1.08,6764.21,observado,True,0,,,,,,,,,,2025-04-01T07:03:57Z,2025-04-01T07:03:57Z,2025-04-01,580,16,,0.07,1.4659,,,-0.2778,0.4582,,,0.1395
2215-8944,2145-4493,2215-8944,derecho ciencias sociales b q4 academia universidad catolica santisima concepcion legal jurisprudence,law social sciences history public private,12,6,2331.51,EUR,2518.03,1.08,6626.39,observado,True,1,5,7,35,453,4,16,0.12,64.71,0.5,2024-11-05T07:14:45Z,2024-11-05T07:14:45Z,2024-11-05,126,10,0.11428571428571428,0.0833,1.4028,-0.5737,-0.4463,-0.7866,0.4488,0.0209,0.075,0.0698
2215-9185,2531-1654,2215-9185,odontologia cirugia oral medicina clinica ciencias medicas salud c ces anglo,spanish english translation literature linguistics language,11,6,,,,,,,False,0,,,,,,,,,,2019-04-18T20:55:23Z,2025-11-25T09:39:36Z,2025-11-25,166,38,,0.1195,-0.095,,,1.5876,0.2258,,,0.3953
1900-9178,1850-2067,1900-9178,ingenieria ambiental tecnologia c agua suelo plant general,aire crop science soil nutrition environmental sustainable agriculture culture,8,9,60.0,USD,60.0,1.0,157.89,declarado,True,0,,,,,,,,,,2012-04-26T14:59:14Z,2025-02-17T13:18:01Z,2025-02-17,483,14,,0.354,-1.5582,,,-0.4474,0.0079,,,0.1163
0123-4986,1988-8295,2256-5493,trabajo social sociologia ciencias sociales c reform general,work services intervention politics sciences history conditions problems,8,8,267.75,EUR,289.17,1.08,760.97,observado,True,0,,,,,,,,,,2018-05-19T10:30:57Z,2026-02-12T20:29:02Z,2026-02-12,274,35,,0.2584,-1.2821,,,1.3333,0.049,,,0.3605
1692-7257,1657-0448,1692-7257,ingenierias electrica electronica informatica ingenieria tecnologia b q4 colombiana tecnologias avanzada control artificial general,dermatology surgery medicine telecommunications automation intelligence robotics electronic devices circuits software engineering simulation electrical technology,14,15,,,,,,,False,1,2,58,123,889,5,91,0.06,15.33,0.5539999999999999,2025-10-28T14:55:39Z,2025-10-28T14:55:39Z,2025-10-28,88,26,0.04065040650406504,0.1455,-0.3987,-0.7278,-0.8695,0.5701,0.1805,0.0061,0.0,0.2558
0122-2066,2469-0732,2145-8499,historia arqueologia humanidades c anuario fronteras general europe,regional history didactics america latin spanish,8,6,1878.22,EUR,2028.48,1.08,5338.11,observado,True,0,,,,,,,,,,2017-03-22T16:32:34Z,2022-10-19T03:10:45Z,2022-10-19,680,15,,0.0847,0.8131,,,-0.3626,0.361,,,0.1279
2011-4532,,2463-1469,sociologia ciencias sociales c,eleuthera,4,1,1702.2,EUR,1838.38,1.08,4837.84,observado,True,0,,,,,,,,,,,,,,,,0.0914,0.5841,,,,0.3269,,,
0124-7913,0718-3607,2027-145X,arquitectura urbanismo arte humanidades a2 bitacora urbano territorial urban mid social,planning landscape region size cities territory fine arts architecture sciences communities classes races groups city sociology,11,16,661.3,EUR,714.2,1.08,1879.47,observado,True,0,,,,,,,,,,2011-10-20T12:52:49Z,2025-04-07T11:21:31Z,2025-04-07,682,20,,0.1721,-0.7701,,,0.0613,0.1252,,,0.186
0120-8454,2386-8066,2145-9169,otras humanidades b analisis investigacion filosofica general,philosophy political ethics language epistemology psychology religion speculative theory knowledge,7,10,2258.19,EUR,2438.85,1.08,6418.03,observado,True,0,,,,,,,,,,2019-04-04T22:57:53Z,2019-08-30T10:04:17Z,2019-08-30,0,20,,0.0731,1.3074,,,0.0613,0.4346,,,0.186
2011-7531,0120-5552,2011-7531,ciencias salud medicas c q4 uninorte,medicine miscellaneous public health occupational education nursing aspects,6,8,,,,,,,False,1,16,65,207,2210,58,192,0.32,34.0,0.5389,2018-01-05T20:05:29Z,2022-10-04T18:32:11Z,2022-10-04,715,12,0.28019323671497587,0.1835,-0.0737,-0.0857,1.1056,-0.617,0.2289,0.0676,0.35,0.093
1692-2522,2227-1465,2248-4086,medios comunicacion social periodismo comunicaciones ciencias sociales c anagramas rumbos sentidos media general,communication journalism humanities language literature philology linguistics mass periodical press etc,13,11,,,,,,,False,0,,,,,,,,,,2018-09-14T18:41:02Z,2026-03-13T08:53:51Z,2026-01-30,633,24,,0.1533,-0.5815,,,0.4005,0.1533,,,0.2326
2216-0353,2216-0388,2216-0388,otras ingenierias tecnologias ingenieria tecnologia c mundo fesc social general,education sciences technology engineering science,10,5,,,,,,,False,0,,,,,,,,,,2016-04-08T19:57:42Z,2022-03-10T09:12:47Z,2022-03-10,433,16,,0.1403,-0.4221,,,-0.2778,0.177,,,0.1395
0122-4409,2171-6315,0122-4409,ciencias politicas sociales c papel politico ap cultural popular,online public archaeology heritage culture archaeological theory auxiliary sciences history,9,10,,,,,,,False,0,,,,,,,,,,2013-05-07T15:41:09Z,2022-06-06T16:35:05Z,2022-06-06,90,24,,0.1533,-0.5819,,,0.4005,0.1532,,,0.2326
1012-8255,0719-6318,1012-8255,otras humanidades c academia latinoamericana administracion social general,philosophy sciences humanities works history scholarship learning,8,7,1828.24,EUR,1974.5,1.08,5196.05,observado,True,0,,,,,,,,,,2017-08-23T10:44:29Z,2019-12-05T23:26:22Z,2019-12-05,146,5,,0.0865,0.7481,,,-1.2106,0.3513,,,0.0116
0121-8123,1657-0448,2027-9000,reumatologia medicina clinica ciencias medicas salud c q4 colombiana scientific general civil,dermatology surgery medicine logi transport logistics warehousing handling vehicle sustainability technology engineering transportation,12,13,150.0,EUR,162.0,1.08,426.32,declarado,True,1,2,58,123,889,5,91,0.06,15.33,0.5539999999999999,2024-04-02T13:46:11Z,2026-07-24T16:43:03Z,2026-07-24,208,12,0.04065040650406504,0.3191,-1.4353,-0.7278,-0.8695,-0.617,0.0262,0.0061,0.0,0.093
2215-9177,0123-2576,2215-9177,medicina clinica ciencias medicas salud c q4 ces experimental general,education medical laboratory technology medicine miscellaneous health professions social sciences clinical surgery oncology public,10,14,1448.6,EUR,1564.49,1.08,4117.08,observado,True,1,4,0,62,0,16,50,0.28,0.0,0.0,2016-10-25T09:25:34Z,2023-08-14T10:00:55Z,2023-08-14,13014,6,0.25806451612903225,0.13,0.2542,-0.4581,-0.5873,-1.1258,0.2778,0.0319,0.05,0.0233
0123-885X,0123-885X,1900-5180,sociologia ciencias sociales a1 q1 q2 q3 estudios social general,cultural history arts humanities miscellaneous gender social sciences sociology political science economic conditions development food technology home economics nutrition foods supply,10,21,,,,,,,False,4,22,36,95,1913,101,95,1.0,53.14,0.3846,2006-10-19T14:54:13Z,2022-09-19T12:30:27Z,2022-09-19,418,8,1.063157894736842,0.4392,-0.6267,1.5066,1.9521,-0.9562,0.1466,0.2199,0.5,0.0465
0120-4823,2660-6070,2027-2731,periodismo comunicaciones ciencias sociales b signo pensamiento social general,philosophy humanities political thought sciences education psychology religion,9,8,,,,,,,False,0,,,,,,,,,,2022-02-14T10:27:48Z,2022-08-26T22:40:45Z,2022-08-26,117,36,,0.1531,-0.5798,,,1.4181,0.1536,,,0.3721
2145-5147,2145-5147,2145-5147,negocios economia ciencias sociales b desarrollo gerencial facultad economicas administrativas contables human capital social,management innovation entrepreneurship leadership sciences commerce business finance,14,8,,,,,,,False,0,,,,,,,,,,2020-05-19T16:44:30Z,2020-05-19T16:44:30Z,2020-05-19,137,20,,0.1533,-0.5815,,,0.0613,0.1533,,,0.186
1794-6638,2447-3855,2619-4066,derecho ciencias sociales c human social,ratio juris rights justice law,6,5,1410.32,EUR,1523.15,1.08,4008.29,observado,True,0,,,,,,,,,,2017-09-15T23:43:57Z,2022-12-15T13:23:53Z,2022-12-15,45,15,,0.1053,0.2044,,,-0.3626,0.2704,,,0.1279
0122-7238,2386-3846,2256-5248,otras humanidades b historia educacion latinoamericana,education history,6,2,1828.24,EUR,1974.5,1.08,5196.05,observado,True,0,,,,,,,,,,2013-10-01T15:20:22Z,2022-08-22T20:05:54Z,2022-08-22,2943,19,,0.0865,0.7481,,,-0.0235,0.3513,,,0.1744
0123-3122,2309-9062,2027-5382,biotecnologia relacionada con salud ciencias medicas c persona,bioetica psychology health personality culture philosophy religion,8,7,,,,,,,False,0,,,,,,,,,,2024-11-13T07:23:55Z,2024-11-13T07:23:55Z,2024-11-13,179,34,,0.1197,-0.0975,,,1.2485,0.2254,,,0.3488
0121-7550,0121-7550,2539-4762,sociologia ciencias sociales b q3 q4 nomadas analisis sistemico aplicado sociedad social,cultural philosophy anthropology education psychology miscellaneous social sciences arts humanities magister sociology latin america geography recreation,12,16,,,,,,,False,2,8,0,49,0,8,46,0.06,0.0,0.0,2006-04-04T13:08:57Z,2021-07-26T10:38:24Z,2021-07-26,201,32,0.16326530612244897,0.1748,-0.5824,-0.6122,-0.023,1.0789,0.1532,0.0172,0.15,0.3256
2011-3757,1970-7452,2145-0706,arte humanidades c sociosemiotics media,calle14 semiotics signification languages culture language literature philology linguistics communication mass linguistic theory comparative grammar,5,15,,,,,,,False,0,,,,,,,,,,2023-03-23T17:41:07Z,2023-03-23T17:41:07Z,2023-03-23,0,12,,0.1834,-0.8646,,,-0.617,0.1111,,,0.093
0123-9155,0123-9155,1909-9711,psicologia ciencias sociales c q3 colombiana social,psychiatry mental health psychology miscellaneous medicine behavioral sciences clinical occupational educational psychosocial philosophy religion,7,14,,,,,,,False,2,19,20,85,1304,91,78,0.98,65.2,0.4714,2021-01-11T09:56:14Z,2021-01-11T09:56:14Z,2021-01-11,0,16,1.0705882352941176,0.4353,-0.5815,1.5708,1.5288,-0.2778,0.1533,0.226,0.425,0.1395
0121-1129,2215-2652,2357-5328,otras ingenierias tecnologias ingenieria tecnologia b facultad universidad costa rica general civil,engineering construction manufacturing transport electrical technology,12,6,,,,,,,False,0,,,,,,,,,,2020-08-01T16:33:11Z,2022-10-24T20:10:16Z,2022-10-24,565,26,,0.1398,-0.4152,,,0.5701,0.1781,,,0.2558
2346-1780,2346-1780,2346-1780,otras humanidades c q2 perseitas doctrinal,arts humanities miscellaneous philosophy theology history language psychology religion practical,6,10,,,,,,,False,3,4,25,58,1120,13,53,0.18,44.8,0.225,2017-06-07T10:02:56Z,2024-11-09T08:17:31Z,2024-11-09,295,15,0.22413793103448276,0.3778,-0.8924,0.5178,-0.5873,-0.3626,0.107,0.1253,0.05,0.1279
0120-0976,0120-0976,2538-9866,otras ciencias sociales c q3 interamericana bibliotecologia rias cultural,library information sciences social american hemispheric transoceanic literary anthropology language literature,9,11,1828.24,EUR,1974.5,1.08,5196.05,observado,True,2,12,22,64,700,30,58,0.51,31.82,0.5455,2021-01-12T14:49:39Z,2021-01-12T14:49:38Z,2021-01-12,1,50,0.46875,0.16,0.7481,0.2995,0.5413,2.6052,0.3513,0.1044,0.25,0.5349
0120-3932,,2382-3860,negocios economia ciencias sociales c economicas cuc social as,management economics education accounting sciences economic theory demography science,9,9,1828.49,EUR,1974.77,1.08,5196.76,observado,True,0,,,,,,,,,,2015-11-10T13:17:26Z,2018-10-17T07:21:28Z,2018-10-17,239,8,,0.0865,0.7484,,,-0.9562,0.3514,,,0.0465
0121-6805,,1909-7719,economia negocios ciencias sociales b facultad economicas investigacion reflexion social as,management economics education accounting sciences economic theory demography science,11,9,1828.49,EUR,1974.77,1.08,5196.76,observado,True,0,,,,,,,,,,2015-11-10T13:17:26Z,2018-10-17T07:21:28Z,2018-10-17,239,8,,0.0865,0.7484,,,-0.9562,0.3514,,,0.0465
1794-2918,2590-8928,1794-2918,derecho ciencias sociales b q4 juridicas legal socio general uniform jurisprudence,law social sciences development science state art fields comparative,11,9,,,,,,,False,1,6,0,87,0,13,81,0.17,0.0,0.0,2018-12-22T18:43:30Z,2023-12-08T16:15:53Z,2023-12-08,513,50,0.14942528735632185,0.1737,-0.5559,-0.5993,-0.3052,2.6052,0.1571,0.0184,0.1,0.5349
0120-2448,1657-0448,2248-6054,otras ciencias medicas salud c q4 medica colombiana human,dermatology surgery medicine biomedical science health translational clinical practice,9,9,300.0,EUR,324.0,1.08,852.63,observado,True,1,2,58,123,889,5,91,0.06,15.33,0.5539999999999999,2026-02-25T15:09:33Z,2026-02-25T15:09:33Z,,60,14,0.04065040650406504,0.2606,-1.2401,-0.7278,-0.8695,-0.4474,0.0552,0.0061,0.0,0.1163
0120-9965,0120-9965,2357-3732,agricultura silvicultura pesca ciencias agricolas b q3 agronomia colombiana social labor general,agricultural biological sciences miscellaneous agronomy crop science forestry horticulture food technology wildlife veterinary animal production accounting finance with focus agribusiness climate change adaptation industries land use special trades agriculture,12,29,,,,,,,False,2,22,34,139,1622,119,132,0.72,47.71,0.3789,2026-03-06T13:32:10Z,2026-03-06T13:32:10Z,,28,35,0.8561151079136691,0.2558,-0.1163,0.6463,1.9521,1.3333,0.2226,0.1376,0.5,0.3605
0121-182X,2735-6337,1909-7727,derecho ciencias sociales c prolegomenos derechos valores universidad catolica santisima concepcion legal jurisprudence,sciences law history public private,13,5,,,,,,,False,0,,,,,,,,,,2024-11-05T07:14:45Z,2024-11-05T07:14:45Z,2024-11-05,126,10,,0.1534,-0.5824,,,-0.7866,0.1532,,,0.0698
0123-0425,1853-1326,2357-6286,educacion general incluye capacitacion pedagogia ciencias sociales c ciudad,education teacher training didactics teaching special aspects theory practice,9,9,,,,,,,False,0,,,,,,,,,,2020-08-14T14:13:13Z,2020-08-14T14:13:13Z,2020-08-14,0,8,,0.153,-0.5789,,,-0.9562,0.1537,,,0.0465
0120-9957,1657-0448,2500-7440,gastroenterologia hepatologia medicina clinica ciencias medicas salud c q4 colombiana,dermatology surgery medicine clinical gastroenterology digestive endoscopy pediatric hepatology coloproctology internal specialties diseases system,10,14,,,,,,,False,1,2,58,123,889,5,91,0.06,15.33,0.5539999999999999,2024-05-29T08:01:08Z,2024-05-29T08:01:08Z,2024-05-29,820,24,0.04065040650406504,0.1243,-0.0745,-0.7278,-0.8695,0.4005,0.2288,0.0061,0.0,0.2326
0120-100X,0123-5095,2145-8480,ingenieria quimica tecnologia c q3 cultural,philosophy arts humanities ion multicultural education educational equity cross theory practice,6,11,405.79,EUR,438.25,1.08,1153.29,observado,True,2,3,26,60,530,9,52,0.08,20.38,0.35,2024-01-10T14:50:23Z,2024-01-10T14:50:23Z,2024-01-10,0,52,0.15,0.2879,-1.1025,-0.3939,-0.7284,2.7748,0.0757,0.0381,0.025,0.5581
2011-2173,2011-2173,2422-3719,otras ciencias agricolas b q4 colombiana horticolas molecular,agricultural biological sciences miscellaneous biochemistry genetics molecular biology horticulture endocrinology diabetes osteoporosis obesity nutrition dyslipidemias medicine internal specialties diseases endocrine glands clinical,8,22,2000.0,EUR,2160.0,1.08,5684.21,observado,True,1,11,0,123,0,80,115,0.54,0.0,0.0,2023-02-24T12:55:55Z,2023-02-24T12:55:55Z,2023-02-24,790,12,0.6504065040650406,0.1435,0.9715,0.2097,0.4002,-0.617,0.3846,0.0958,0.225,0.093
0120-0283,0120-0283,2145-8553,ciencias tierra medioambientales naturales b q4 geologia,earth planetary sciences miscellaneous geochemistry geohazards geological mapping stratigraphy palaeontology mineralogy science geology,7,13,300.0,EUR,324.0,1.08,852.63,observado,True,1,14,19,84,1083,44,77,0.38,57.0,0.2647,2010-11-16T10:55:31Z,2023-01-24T08:31:24Z,2023-01-24,694,10,0.5238095238095238,0.4567,-1.2401,0.2867,0.8234,-0.7866,0.0552,0.1032,0.3,0.0698
1900-2386,2624-8611,1900-2386,psicologia incluye relaciones hombre maquina ciencias sociales b avances disciplina social,psychologia cognitive psychology educational developmental clinical psychometrics measurement philosophy religion,11,10,1159.0,EUR,1251.72,1.08,3294.0,observado,True,0,,,,,,,,,,2021-08-31T08:20:59Z,2025-05-16T17:37:47Z,2025-05-16,233,7,,0.121,-0.1226,,,-1.041,0.2217,,,0.0349
0120-8462,2500-5375,2500-5375,otras humanidades c filosofia latinoamericana general,latin american philosophy history ideas political thought decoloniality interculturality psychology religion,6,11,1828.24,EUR,1974.5,1.08,5196.05,observado,True,0,,,,,,,,,,2025-12-09T07:35:10Z,2025-12-09T07:35:10Z,2025-12-09,440,16,,0.0865,0.7481,,,-0.2778,0.3513,,,0.1395
2145-3535,1847-7755,2422-3271,psicologia ciencias sociales b informes psicologicos sic casopis za knjizevnost kulturu knjizevno social general,i prevodjenje culture literature translation humanities sciences language,14,8,,,,,,,False,0,,,,,,,,,,2011-12-03T16:09:38Z,2021-05-14T08:47:41Z,2021-05-14,448,24,,0.1532,-0.5806,,,0.4005,0.1534,,,0.2326
0120-789X,2673-4397,2027-0119,urologia nefrologia medicina clinica ciencias medicas salud c q4 colombiana,neurology clinical medicine oncology translational endourology female urology neurourology lithiasis internal specialties diseases genitourinary system,10,15,1000.0,CHF,1130.0,1.13,2973.68,declarado,True,1,3,48,114,1495,39,90,0.26,31.15,0.4694,2021-08-30T10:22:37Z,2023-04-12T15:03:23Z,2023-04-12,137,7,0.34210526315789475,0.1635,-0.2692,-0.4581,-0.7284,-1.041,0.1998,0.0319,0.025,0.0349
0120-4211,2797-0965,0120-4211,ciencias quimicas naturales c bistua facultad basicas,basica primary education elementary learning strategies islamic special aspects,7,9,2000.0,EUR,2160.0,1.08,5684.21,observado,True,0,,,,,,,,,,2025-05-08T05:33:59Z,2025-05-08T05:33:59Z,2025-05-08,31,16,,0.0806,0.9715,,,-0.2778,0.3846,,,0.1395
1657-0790,1212-9097,2256-5760,linguistica idiomas literatura humanidades a1 pro internet general,profile fil philosophy psychology religion,8,5,,,,,,,False,0,,,,,,,,,,2020-03-06T10:28:51Z,2024-06-28T10:07:53Z,2024-06-28,110,17,,0.184,-0.8689,,,-0.193,0.1105,,,0.1512
2539-3804,2539-3804,2539-3804,idiomas literatura humanidades c lenguaje,language sciences linguistics teaching literature romanic languages philology,5,8,1348.15,EUR,1456.0,1.08,3831.58,observado,True,0,,,,,,,,,,2018-10-29T23:48:59Z,2020-08-06T13:43:24Z,2020-08-06,653,30,,0.1088,0.1235,,,0.9093,0.2583,,,0.3023
2027-1174,1853-1326,2027-1182,educacion general incluye capacitacion pedagogia ciencias sociales b magis internacional investigacion,education teacher training didactics teaching special aspects theory practice,11,9,,,,,,,False,0,,,,,,,,,,2020-08-14T14:13:13Z,2020-08-14T14:13:13Z,2020-08-14,0,8,,0.153,-0.5789,,,-0.9562,0.1537,,,0.0465
0123-2126,3005-5857,2011-2769,otras ingenierias tecnologias ingenieria tecnologia c universidad natural social tecnology,sciences health mathematical logic information agriculture,10,6,,,,,,,False,0,,,,,,,,,,2024-10-22T06:38:35Z,2024-10-22T06:38:35Z,2024-10-22,1041,12,,0.1401,-0.4195,,,-0.617,0.1774,,,0.093
1794-3841,1930-1693,2422-409X,ciencias sociales interdisciplinaria otras c hallazgos latino italian portuguese,film gender linguistics iberian literature culture latin american language french spanish,9,11,,,,,,,False,0,,,,,,,,,,2018-12-18T01:46:59Z,2023-03-21T08:07:56Z,2023-03-21,41,8,,0.1533,-0.5819,,,-0.9562,0.1532,,,0.0465
0120-4645,2449-9471,2256-5078,negocios economia ciencias sociales c administracion sector general,management public administration policy political science institutions,8,7,,,,,,,False,0,,,,,,,,,,2016-10-15T10:26:56Z,2026-07-24T16:40:22Z,2026-07-24,350,30,,0.1532,-0.5806,,,0.9093,0.1534,,,0.3023
1794-9998,2007-7149,2256-3067,psicologia incluye terapias aprendizaje habla visual otras discapacidades fisicas mentales ciencias sociales b diversitas perspectivas social,behavioral sciences clinical psychology occupational educational psychosocial philosophy religion,16,9,242.0,EUR,261.36,1.08,687.79,observado,True,0,,,,,,,,,,2021-01-11T09:56:14Z,2021-01-11T09:56:14Z,2021-01-11,0,16,,0.2671,-1.3156,,,-0.2778,0.044,,,0.1395
0120-8179,2539-4991,2539-4991,penal derecho ciencias sociales c nuevo foro criminal general uniform jurisprudence,law comparative procedure,11,3,,,,,,,False,0,,,,,,,,,,2020-04-01T14:47:45Z,2020-04-01T14:47:45Z,2020-04-01,107,16,,0.1532,-0.5811,,,-0.2778,0.1534,,,0.1395
0120-6230,2422-2844,0120-6230,otras ingenierias tecnologias ingenieria tecnologia c q4 facultad universidad antioquia civil general,engineering miscellaneous redin electronics telecommunications bioengineering electrical technology,12,8,,,,,,,False,1,21,53,133,1832,87,124,0.55,34.57,0.34590000000000004,2023-03-15T14:02:11Z,2023-03-20T08:02:46Z,2023-03-20,2704,20,0.6541353383458647,0.2614,-0.375,0.3766,1.811,0.0613,0.1841,0.1118,0.475,0.186
2011-7922,2011-2084,2011-7922,psicologia ciencias sociales b q3 mental,psychology miscellaneous psychological neuroscience behaviour psychiatry neurology health philosophy religion,6,10,2640.0,EUR,2851.2,1.08,7503.16,observado,True,2,23,20,69,1042,90,65,1.15,52.1,0.375,2025-11-28T08:15:51Z,2025-11-28T08:15:51Z,2025-11-28,467,26,1.3043478260869565,0.2191,1.8042,2.3028,2.0931,0.5701,0.5086,0.2961,0.525,0.2558
0124-0099,,2619-4244,negocios economia ciencias sociales c dictamen libre,management dentistry medicine,7,3,,,,,,,False,0,,,,,,,,,,2013-10-10T15:03:06Z,2021-03-23T15:21:20Z,2021-03-23,0,35,,0.1534,-0.5824,,,1.3333,0.1532,,,0.3605
2145-4426,2453-675X,2145-7778,ciencias sociales interdisciplinaria otras c trilogia ciencia tecnologia sociedad scientific,about technologies technology technics industry education,10,6,315.0,EUR,340.2,1.08,895.26,declarado,True,0,,,,,,,,,,2016-05-06T10:12:12Z,2022-02-13T18:20:38Z,2022-02-13,62,4,,0.2437,-1.2206,,,-1.2954,0.0581,,,0.0
0121-5051,0121-5051,0121-5051,economia negocios ciencias sociales b q4 innovar administrativas social,accounting marketing public administration sociology political science strategy management business social sciences finance organization commerce,9,15,2000.0,EUR,2160.0,1.08,5684.21,observado,True,1,20,46,133,3058,91,120,0.61,66.48,0.49479999999999996,2010-07-27T10:45:37Z,2021-02-16T07:11:15Z,2021-02-16,1476,53,0.6842105263157895,0.1209,0.9715,-0.1499,1.6699,2.8596,0.3846,0.0614,0.45,0.5698
0121-5612,0121-5612,1900-6004,ciencias politicas sociales a1 q1 q3 colombia internacional direitos humanos da human social,history political science relations sociology arts humanities social sciences inter direito ufrj right rights environment,13,15,2140.37,EUR,2311.6,1.08,6083.16,observado,True,4,18,20,85,1414,68,85,0.6,70.7,0.5294,2022-07-23T07:10:06Z,2022-07-23T07:10:06Z,2022-07-23,79,12,0.8,0.1825,1.1542,0.993,1.3877,-0.617,0.4118,0.1708,0.4,0.093
0122-0268,1909-0544,1909-0544,ciencias veterinarias agricolas b mvz cordoba,veterinary medicine animal science zootechnology public health epidemiology agriculture culture,6,10,,,,,,,False,0,,,,,,,,,,2026-07-02T18:15:46Z,2026-07-02T18:15:46Z,,1707,16,,0.1216,-0.1335,,,-0.2778,0.22,,,0.1395
0124-5376,1657-0448,2539-200X,otras biologias ciencias biologicas naturales b q4 biota colombiana artificial virtual general,dermatology surgery medicine intelligence practical innovative uses iot networks smart objects cyber physical systems augmented reality enabled devices science mathematics instruments machines electronic computers computer software technology cybernetics,12,28,837.19,EUR,904.17,1.08,2379.39,observado,True,1,2,58,123,889,5,91,0.06,15.33,0.5539999999999999,2021-03-29T14:33:59Z,2023-04-12T14:59:19Z,2023-04-12,250,11,0.04065040650406504,0.1573,-0.5413,-0.7278,-0.8695,-0.7018,0.1593,0.0061,0.0,0.0814
,2471-6839,2145-308X,ciencias educacion sociales c panorama modernism general,twentieth century art nineteenth african american contemporary critical theory fine arts history,7,12,,,,,,,False,0,,,,,,,,,,2020-01-16T15:03:43Z,2020-01-16T15:03:43Z,2020-01-16,727,12,,0.1533,-0.5819,,,-0.617,0.1532,,,0.093
0122-1701,2413-4155,2344-7214,otras ingenierias tecnologias ingenieria tecnologia b,scientia et technica sciences technology medicine engineering materials physics science,6,10,1139.73,EUR,1230.91,1.08,3239.24,observado,True,0,,,,,,,,,,2020-09-14T16:33:21Z,2023-05-02T09:03:15Z,2023-05-02,607,11,,0.1224,-0.1477,,,-0.7018,0.2179,,,0.0814
0120-8942,2673-2688,2027-5366,derecho ciencias sociales c dikaion lo justo artificial,intelligence machine learning robotics fuzzy logic neural networks science mathematics instruments machines electronic computers computer,8,15,682.0,EUR,736.56,1.08,1938.32,observado,True,0,,,,,,,,,,2020-10-21T19:42:31Z,2024-04-10T15:29:29Z,2024-04-10,908,6,,0.1692,-0.7432,,,-1.1258,0.1292,,,0.0233
1692-3561,2453-675X,1909-9959,otras ciencias agricolas b biotecnologia sector agropecuario agroindustrial scientific,about technologies technology technics industry education,9,6,2232.92,EUR,2411.55,1.08,6346.18,observado,True,0,,,,,,,,,,2016-05-06T10:12:12Z,2022-02-13T18:20:38Z,2022-02-13,62,4,,0.0738,1.2746,,,-1.2954,0.4297,,,0.0
0034-7426,2357-4100,0034-7426,matematica ciencias naturales c q4 colombiana matematicas social general,mathematics miscellaneous science sociology anthropology political demography sciences,9,8,2331.51,EUR,2518.03,1.08,6626.39,observado,True,1,10,10,38,212,25,38,0.48,21.2,0.0385,2020-10-13T19:59:55Z,2020-10-13T19:59:55Z,2020-10-13,0,20,0.6578947368421053,0.1218,1.4028,0.1198,0.2591,0.0613,0.4488,0.0872,0.2,0.186
2027-2448,2660-6070,2027-2448,otras ciencias sociales c pensamiento americano social general,philosophy humanities political thought sciences education psychology religion,8,8,1828.24,EUR,1974.5,1.08,5196.05,observado,True,0,,,,,,,,,,2022-02-14T10:27:48Z,2022-08-26T22:40:45Z,2022-08-26,117,36,,0.0865,0.7481,,,1.4181,0.3513,,,0.3721
2011-3188,2215-969X,2215-969X,arquitectura urbanismo arte humanidades c dearquitectura dearq urbanism,architecture architectural projects fine arts,8,5,2838.0,EUR,3065.04,1.08,8065.89,observado,True,0,,,,,,,,,,2017-08-30T20:51:57Z,2023-03-13T15:12:11Z,2023-03-13,475,24,,0.0605,2.0618,,,0.4005,0.547,,,0.2326
0122-0667,2998-4971,2539-5203,medicina clinica ciencias medicas salud c medica risaralda human,medicine biomedical science health translational clinical practice,9,7,300.0,EUR,324.0,1.08,852.63,observado,True,0,,,,,,,,,,2026-02-25T15:09:33Z,2026-02-25T15:09:33Z,,60,14,,0.2482,-1.2401,,,-0.4474,0.0552,,,0.1163
1794-9831,2340-3144,2322-7028,enfermeria ciencias salud medicas c q4 ciencia cuidado esic media social,history political science relations arts humanities social sciences adresearch communication new marketing public strategy branding language literature philology linguistics mass,11,20,,,,,,,False,1,3,23,57,1014,4,52,0.08,44.09,0.23079999999999998,2022-04-19T13:31:45Z,2022-04-19T13:31:45Z,2022-04-19,260,24,0.07017543859649122,0.119,-0.0637,-0.7791,-0.7284,0.4005,0.2304,0.0012,0.025,0.2326
0304-3584,2705-3822,2145-7166,ciencias biologicas naturales c actualidades molecular general,biologicas biological biotechnology cell biology medical sciences medicine science,7,9,2648.07,EUR,2859.92,1.08,7526.11,observado,True,0,,,,,,,,,,2024-05-31T21:19:15Z,2024-05-31T21:19:15Z,2024-05-31,0,10,,0.0641,1.8147,,,-0.7866,0.5102,,,0.0698
1692-6013,0719-529X,2500-8692,otras ciencias sociales c q4 especializada sociologia juridica social general,history political science relations arts humanities social sciences novum jus politica epistemology chilhood gender child abuse sociology,10,17,2443.03,EUR,2638.47,1.08,6943.34,observado,True,1,3,23,57,1014,4,52,0.08,44.09,0.23079999999999998,2024-01-03T07:55:15Z,2024-01-03T07:55:15Z,2024-01-03,39,30,0.07017543859649122,0.0692,1.5479,-0.7791,-0.7284,0.9093,0.4704,0.0012,0.025,0.3023
1900-6896,1657-0448,2590-9452,otras humanidades c q4 colombiana molecular general,dermatology surgery medicine bioetica biological biotechnology cell biology medical sciences science,7,11,30000.0,NGN,19.5,0.00065,51.32,declarado,True,1,2,58,123,889,5,91,0.06,15.33,0.5539999999999999,2024-05-31T21:19:15Z,2024-05-31T21:19:15Z,2024-05-31,0,10,0.04065040650406504,0.3978,-1.6069,-0.7278,-0.8695,-0.7866,0.0006,0.0061,0.0,0.0698
0123-9015,2389-7708,2346-0199,oncologia medicina clinica ciencias medicas salud c q4 colombiana cancerologia vasculitis renal,nephrology medicine arterial hypertension nephritis transplant internal specialties diseases genitourinary system urology,12,12,2400.0,EUR,2592.0,1.08,6821.05,observado,True,1,5,44,122,1381,24,109,0.23,31.39,0.4036,2018-03-03T12:31:23Z,2022-06-22T14:58:14Z,2022-06-22,338,10,0.19672131147540983,0.0849,1.4919,-0.5095,-0.4463,-0.7866,0.4621,0.027,0.075,0.0698
2027-1786,2007-7149,2500-6517,psicologia incluye terapias aprendizaje habla visual otras discapacidades fisicas mentales ciencias sociales c iberoamericana ciencia tecnologia social,behavioral sciences clinical psychology occupational educational psychosocial philosophy religion,17,9,1828.24,EUR,1974.5,1.08,5196.05,observado,True,0,,,,,,,,,,2021-01-11T09:56:14Z,2021-01-11T09:56:14Z,2021-01-11,0,16,,0.0865,0.7481,,,-0.2778,0.3513,,,0.1395
0120-1468,0719-6245,2665-3834,otras humanidades c academia negocios social,franciscanum management economics marketing strategic business entrepreneur sciences commerce,6,9,,,,,,,False,0,,,,,,,,,,2016-05-04T16:48:47Z,2021-02-04T15:55:19Z,2021-02-04,158,10,,0.184,-0.8689,,,-0.7866,0.1105,,,0.0698
2027-2103,2682-4515,2027-2103,arte humanidades b vivienda urbanismo urbanism urban human social,architecture design landscape environmental planning regional development geography anthropology recreation ecology anthropogeography settlements cities sciences communities classes races groups city sociology urbanization country,9,23,661.3,EUR,714.2,1.08,1879.47,observado,True,0,,,,,,,,,,2022-08-04T12:24:16Z,2022-08-04T12:24:16Z,2022-08-04,119,16,,0.1721,-0.7701,,,-0.2778,0.1252,,,0.1395
2590-843X,1657-0448,2322-634X,salud ocupacional ciencias medicas c q4 colombiana,dermatology surgery medicine psychosociology work ocupational health ergonomics occupational environmental hygiene public aspects philosophy psychology religion,7,16,,,,,,,False,1,2,58,123,889,5,91,0.06,15.33,0.5539999999999999,2023-03-02T13:09:12Z,2023-03-02T13:09:12Z,2023-03-02,275,28,0.04065040650406504,0.1242,-0.0715,-0.7278,-0.8695,0.7397,0.2293,0.0061,0.0,0.2791
2346-3279,2711-0044,2346-3279,otras ciencias sociales c contexto social as,management development economics finance accounting administration sciences economic theory demography science,7,11,,,,,,,False,0,,,,,,,,,,2026-07-10T17:55:55Z,2026-07-10T17:55:55Z,,127,20,,0.1534,-0.5824,,,0.0613,0.1532,,,0.186
2590-843X,1657-0448,2216-1201,otras ciencias sociales b q4 colombiana social general,dermatology surgery medicine psychology history anthropology sociology family development education sciences,8,11,2000.0,EUR,2160.0,1.08,5684.21,observado,True,1,2,58,123,889,5,91,0.06,15.33,0.5539999999999999,2013-09-12T14:52:18Z,2022-03-08T13:27:45Z,2022-03-08,539,24,0.04065040650406504,0.0846,0.9715,-0.7278,-0.8695,0.4005,0.3846,0.0061,0.0,0.2326
,2256-1498,2256-1498,otras ciencias naturales c arte ciencia universidad jorge tadeo lozano natural general social,mutis science engineering biology chemistry marine sciences,13,7,,,,,,,False,0,,,,,,,,,,2016-02-24T18:04:56Z,2019-12-05T22:55:23Z,2019-12-05,265,6,,0.131,-0.2889,,,-1.1258,0.1969,,,0.0233
2216-0973,2395-8979,2346-3414,ciencias salud medicas b cuidarte arte cuidado,health sciences nursing medicine,7,4,,,,,,,False,0,,,,,,,,,,2020-06-16T15:41:49Z,2020-06-16T15:41:49Z,2020-06-16,232,17,,0.1197,-0.098,,,-0.193,0.2253,,,0.1512
0121-8697,0120-1867,2145-9355,derecho ciencias sociales c q3 q4 universidad catolica santisima concepcion legal jurisprudence,law political science relations social sciences history public private,12,9,,,,,,,False,2,4,13,52,576,12,50,0.26,44.31,0.3125,2024-11-05T07:14:45Z,2024-11-05T07:14:45Z,2024-11-05,126,10,0.23076923076923078,0.239,-0.5587,-0.0472,-0.5873,-0.7866,0.1567,0.0713,0.05,0.0698
1692-8563,2664-0856,2322-956X,negocios economia ciencias sociales b dimension empresarial cuban social general,management public business administration innovation quality enterprises economics sciences commerce political science institutions,10,13,,,,,,,False,0,,,,,,,,,,2022-02-01T20:10:09Z,2022-02-01T20:10:09Z,2022-02-01,140,4,,0.1534,-0.5824,,,-1.2954,0.1532,,,0.0
0120-4688,2215-3659,2389-9387,filosofia otras humanidades c praxis filosofica general,philosophy bioethics latin american thinking psychology religion speculative,7,8,2380.0,EUR,2570.4,1.08,6764.21,observado,True,0,,,,,,,,,,2019-05-06T19:04:24Z,2022-10-24T20:13:38Z,2022-10-24,0,12,,0.07,1.4659,,,-0.617,0.4582,,,0.093
0120-5927,,0120-5927,ciencias educacion sociales b as,how education english foreign language teaching applied linguistics theory practice literature,5,11,1870.0,EUR,2019.6,1.08,5314.74,observado,True,0,,,,,,,,,,2015-06-15T20:19:50Z,2026-07-30T19:24:05Z,,608,16,,0.085,0.8024,,,-0.2778,0.3594,,,0.1395
1657-3412,2007-7149,2346-0253,psicologia ciencias sociales c hispanoamericanos social,behavioral sciences clinical psychology occupational educational psychosocial philosophy religion,6,9,1828.24,EUR,1974.5,1.08,5196.05,observado,True,0,,,,,,,,,,2021-01-11T09:56:14Z,2021-01-11T09:56:14Z,2021-01-11,0,16,,0.0865,0.7481,,,-0.2778,0.3513,,,0.1395
,2675-2271,2256-1536,ciencias educacion sociales b dialogos perspectivas em educacao,redipe education,8,2,,,,,,,False,0,,,,,,,,,,2020-12-23T09:50:39Z,2020-12-23T09:50:39Z,2020-12-23,148,6,,0.1534,-0.5824,,,-1.1258,0.1532,,,0.0233
0124-7107,3005-5857,2389-7066,ciencias salud medicas b q3 q4 universidad natural social tecnology,health professions miscellaneous occupational therapy physical sports rehabilitation public environmental speech hearing medicine sciences mathematical logic information agriculture,10,18,,,,,,,False,2,6,46,89,1864,64,83,0.85,40.52,0.49439999999999995,2024-10-22T06:38:35Z,2024-10-22T06:38:35Z,2024-10-22,1041,12,0.7191011235955056,0.2319,-0.0842,0.428,-0.3052,-0.617,0.2274,0.1167,0.1,0.093
1657-320X,1648-9144,2339-3874,ciencias salud medicas c archivos medicina experimental general,medicine clinical surgery oncology public health,8,6,1448.6,EUR,1564.49,1.08,4117.08,observado,True,0,,,,,,,,,,2016-10-25T09:25:34Z,2023-08-14T10:00:55Z,2023-08-14,13014,6,,0.1032,0.2542,,,-1.1258,0.2778,,,0.0233
0121-7607,1981-4127,0121-7607,ciencias biologicas naturales c ambiente desarrollo gestao desenvolvimento social human general,science education sciences works geography anthropology recreation environmental,11,8,,,,,,,False,0,,,,,,,,,,2020-01-06T18:37:23Z,2020-02-27T21:36:06Z,2020-02-27,504,4,,0.1309,-0.2876,,,-1.2954,0.1971,,,0.0
2665-2056,2477-9024,2344-8636,medicina clinica ciencias medicas salud c q3 q4 ciencia innovacion general social,health professions miscellaneous occupational therapy physical sports rehabilitation public environmental speech hearing medicine education business management innovation economy marketing sciences commerce,12,21,,,,,,,False,2,6,46,89,1864,64,83,0.85,40.52,0.49439999999999995,2023-12-21T18:04:30Z,2023-12-21T18:04:30Z,2023-12-21,895,12,0.7191011235955056,0.2319,-0.0842,0.428,-0.3052,-0.617,0.2274,0.1167,0.1,0.093
2723-4215,2776-9399,2665-5837,ciencias sociales interdisciplinaria otras b conocimiento,global security political economy ethics culture transnational issues science relations,6,10,1571.38,EUR,1697.09,1.08,4466.03,observado,True,0,,,,,,,,,,2024-10-29T12:55:49Z,2024-10-29T12:57:07Z,2024-10-29,87,8,,0.0971,0.4139,,,-0.9562,0.3016,,,0.0465
1909-2458,0718-3305,2390-0504,otras ingenierias tecnologias ingenieria tecnologia c ingeniare general,industrial engineering electrical electronics information systems teaching metallurgical mechanical technology machinery management,8,12,,,,,,,False,0,,,,,,,,,,2006-12-22T14:21:32Z,2025-10-22T06:19:13Z,2025-10-22,699,30,,0.1403,-0.4221,,,0.9093,0.177,,,0.3023
2389-8186,2389-8194,2389-8194,economia negocios ciencias sociales c perspectiva empresarial social,finance marketing administration business economy sciences commerce,8,7,2838.0,EUR,3065.04,1.08,8065.89,observado,True,0,,,,,,,,,,2020-09-25T15:55:19Z,2020-09-25T15:55:19Z,2020-09-25,0,16,,0.0605,2.0618,,,-0.2778,0.547,,,0.1395
2215-910X,2221-724X,2027-5692,negocios economia ciencias sociales b suma financial social,management current accounting statements economy administration sciences commerce business bookkeeping,8,10,,,,,,,False,0,,,,,,,,,,2013-05-23T17:48:30Z,2020-06-18T13:39:08Z,2020-06-18,350,8,,0.1533,-0.5819,,,-0.9562,0.1532,,,0.0465
0120-4483,2665-1327,0120-4483,economia negocios ciencias sociales a2 q3 q4 ensayos sobre social financial,political science relations economics econometrics finance social sciences politica economica economic policy macroeconomics economy development theory demography history conditions,11,19,1828.49,EUR,1974.77,1.08,5196.76,observado,True,2,12,3,5,426,5,4,1.0,142.0,0.3333,2021-11-15T17:18:46Z,2021-11-15T17:18:46Z,2021-11-15,47,48,1.0,0.1739,0.7484,0.505,0.5413,2.4356,0.3514,0.1241,0.25,0.5116
0120-6230,2215-2652,2422-2844,otras ingenierias tecnologias ingenieria tecnologia b facultad universidad costa rica general civil,engineering construction manufacturing transport electrical technology,12,6,,,,,,,False,0,,,,,,,,,,2020-08-01T16:33:11Z,2022-10-24T20:10:16Z,2022-10-24,565,26,,0.1398,-0.4152,,,0.5701,0.1781,,,0.2558
0120-548X,1900-1649,0120-548X,zoologia ornitologia entomologia ciencias biologicas comportamiento naturales b q4 colombiana general,agricultural biological sciences miscellaneous biologica science biology,11,7,2206.05,EUR,2382.53,1.08,6269.82,observado,True,1,25,47,170,1916,91,159,0.38,40.77,0.35259999999999997,2006-09-29T09:47:18Z,2025-09-27T08:03:59Z,2025-09-27,1763,13,0.5352941176470588,0.1304,1.2396,0.1711,2.3753,-0.5322,0.4245,0.0921,0.575,0.1047
0120-2510,2215-356X,0120-2510,antropologia sociologia ciencias sociales c laboratorio etnologia maria eugenia vargas,bozzoli anthropology archaelogy linguistic biological geography recreation,10,7,,,,,,,False,0,,,,,,,,,,2016-04-16T14:50:14Z,2022-02-16T09:47:03Z,2022-02-16,0,16,,0.1527,-0.5755,,,-0.2778,0.1542,,,0.1395
0120-4661,2357-6448,0120-4661,historia arqueologia humanidades b q4 espacio social human general europe,history political science relations arts humanities social sciences historiography america latin spanish,10,12,1116.0,EUR,1205.28,1.08,3171.79,observado,True,1,3,23,57,1014,4,52,0.08,44.09,0.23079999999999998,2018-12-28T01:37:21Z,2019-01-23T14:09:15Z,2019-01-23,651,25,0.07017543859649122,0.1255,-0.1785,-0.7791,-0.7284,0.4853,0.2133,0.0012,0.025,0.2442
0124-5376,2539-200X,0124-5376,ciencias biologicas naturales c q3 q4 biota colombiana general,animal science zoology ecology nature landscape conservation evolution behavior systematics plant agricultural biological sciences environmental biology botany biodiversity,9,18,837.19,EUR,904.17,1.08,2379.39,observado,True,2,7,20,71,985,45,70,0.49,49.25,0.3947,2018-10-18T02:01:47Z,2026-06-19T14:37:17Z,,2255,30,0.6338028169014085,0.3235,-0.5413,0.6976,-0.1641,0.9093,0.1593,0.1425,0.125,0.3023
2027-8306,2215-7727,2027-8306,otras ciencias sociales b q4 investigacion desarrollo innovacion social labor,agronomy crop science economics econometrics geography planning development agricultural biological sciences finance social design engineering innovation management educational industries land use industrial technological innovations automation,10,25,,,,,,,False,1,16,7,28,319,13,28,0.27,45.57,0.2778,2017-04-03T13:06:30Z,2024-04-04T07:42:04Z,2024-04-04,370,14,0.4642857142857143,0.2283,-0.5464,-0.1242,1.1056,-0.4474,0.1585,0.0639,0.35,0.1163
0370-3908,2382-4980,0370-3908,geologia ciencias tierra medioambientales naturales b q4 academia colombiana exactas fisicas natural general,neurology clinical medicine physical sciences behavioural chemical mathematics biomedical science,13,10,,,,,,,False,1,3,48,114,1495,39,90,0.26,31.15,0.4694,2020-12-02T20:25:34Z,2020-12-07T09:08:14Z,2020-12-07,630,28,0.34210526315789475,0.1628,-0.2603,-0.4581,-0.7284,0.7397,0.2012,0.0319,0.025,0.2791
1657-5997,2027-5374,1657-5997,enfermeria ciencias salud medicas c q2 q3 q4 social,nurse assisting critical care nursing theory gerontology aquichan infirmary medicine sciences,9,11,,,,,,,False,3,16,23,96,887,75,84,0.58,38.57,0.7323999999999999,2008-02-14T10:43:38Z,2019-11-06T18:18:12Z,2019-11-06,1120,36,0.78125,0.2986,-0.1197,1.0957,1.1056,1.4181,0.2221,0.1806,0.35,0.3721
1794-8932,2183-9468,1794-8932,educacion general incluye capacitacion pedagogia ciencias sociales c visual,sophia architecture city image art practice photography fine arts,9,9,1294.3,EUR,1397.84,1.08,3678.53,observado,True,0,,,,,,,,,,2022-04-04T12:30:07Z,2022-10-13T16:55:40Z,2022-10-13,0,24,,0.112,0.0534,,,0.4005,0.2479,,,0.2326
1692-5858,2610-8046,1692-5858,medios comunicacion social periodismo comunicaciones ciencias sociales b encuentros humanas teoria pensamiento critico human general,sciences critical thinking works history scholarship learning humanities,15,8,,,,,,,False,0,,,,,,,,,,2018-10-31T18:12:29Z,2019-01-23T14:09:17Z,2019-01-23,651,10,,0.1533,-0.5819,,,-0.7866,0.1532,,,0.0698
0120-100X,2145-8480,0120-100X,ingenieria procesos quimica tecnologia c q3,philosophy arts humanities ion fuels biofuels engineering materials science chemical physics bioprocess green technologies chemistry,6,15,405.79,EUR,438.25,1.08,1153.29,observado,True,2,3,26,60,530,9,52,0.08,20.38,0.35,2016-10-07T09:30:53Z,2025-06-27T19:11:56Z,2025-06-27,77,24,0.15,0.2879,-1.1025,-0.3939,-0.7284,0.4005,0.0757,0.0381,0.025,0.2326
1909-5759,2259-924X,1909-5759,derecho ciencias sociales c via urban human general,iuris interdisciplinary tourism environmental relations anthropology geography recreation leisure,8,9,,,,,,,False,0,,,,,,,,,,2021-02-06T08:07:35Z,2026-07-24T23:31:23Z,2026-07-24,991,24,,0.1534,-0.5824,,,0.4005,0.1532,,,0.2326
2011-4532,2463-1469,2011-4532,sociologia ciencias sociales c iberoamericana desarrollo humano social human general,eleuthera science work development sciences,10,5,1702.2,EUR,1838.38,1.08,4837.84,observado,True,0,,,,,,,,,,2018-11-12T20:42:31Z,2024-05-07T07:04:05Z,2024-05-07,246,30,,0.0914,0.5841,,,0.9093,0.3269,,,0.3023
0123-9015,2389-7708,0123-9015,oncologia medicina clinica ciencias medicas salud c q4 colombiana cancerologia vasculitis renal,nephrology medicine arterial hypertension nephritis transplant internal specialties diseases genitourinary system urology,12,12,2400.0,EUR,2592.0,1.08,6821.05,observado,True,1,5,44,122,1381,24,109,0.23,31.39,0.4036,2018-03-03T12:31:23Z,2022-06-22T14:58:14Z,2022-06-22,338,10,0.19672131147540983,0.0849,1.4919,-0.5095,-0.4463,-0.7866,0.4621,0.027,0.075,0.0698
2145-2628,2389-9484,2145-2628,otras ingenierias tecnologias ingenieria tecnologia c q4 ciencia general civil,history political science relations arts humanities social sciences biodiversity sustainable development technological innovation industrial production processes technology engineering,10,18,,,,,,,False,1,3,23,57,1014,4,52,0.08,44.09,0.23079999999999998,2025-12-03T07:39:21Z,2025-12-03T07:39:21Z,2025-12-03,171,26,0.07017543859649122,0.1392,-0.3879,-0.7791,-0.7284,0.5701,0.1821,0.0012,0.025,0.2558
0120-3886,2390-0016,0120-3886,derecho ciencias sociales c q3 facultad politicas general uniform jurisprudence,law social sciences political comparative science,10,6,2443.03,EUR,2638.47,1.08,6943.34,observado,True,2,3,8,71,295,19,71,0.36,36.88,0.22219999999999998,2019-12-19T17:06:12Z,2019-12-19T17:06:12Z,2019-12-19,1499,16,0.2676056338028169,0.1172,1.5479,0.1198,-0.7284,-0.2778,0.4704,0.0872,0.025,0.1395
0123-1294,,0123-1294,educacion general incluye capacitacion pedagogia ciencias sociales b educadores,education teaching learning administration theory practice,9,6,,,,,,,False,0,,,,,,,,,,2012-05-16T13:39:54Z,2021-07-21T23:07:49Z,2021-07-21,276,30,,0.1532,-0.5806,,,0.9093,0.1534,,,0.3023
1794-4449,2256-3938,1794-4449,otras ciencias naturales b q3 q4 lasallista investigacion general,health professions miscellaneous occupational therapy physical sports rehabilitation public environmental speech hearing medicine engagement impact engaged community works,9,18,,,,,,,False,2,6,46,89,1864,64,83,0.85,40.52,0.49439999999999995,2020-11-09T13:42:00Z,2025-12-18T16:22:50Z,2025-12-18,205,60,0.7191011235955056,0.2538,-0.2751,0.428,-0.3052,3.4531,0.1989,0.1167,0.1,0.6512
1909-0455,,1909-0455,ciencias medio ambiente tierra medioambientales naturales c produccion limpia,,9,0,,,,,,,False,0,,,,,,,,,,,,,,,,0.13,-0.273,,,,0.1993,,,
0124-2121,2665-2420,0124-2121,educacion general incluye capacitacion pedagogia ciencias sociales b humanismo social,curriculum didactics gender pedagogy education sciences,10,6,2618.0,EUR,2827.44,1.08,7440.63,observado,True,0,,,,,,,,,,2013-07-17T15:30:05Z,2019-09-10T15:14:59Z,2019-09-10,547,16,,0.0647,1.7755,,,-0.2778,0.5043,,,0.1395
0122-6339,2248-6798,0122-6339,estudios generales lenguaje idiomas literatura humanidades c enunciacion,education pedagogy literature language technologies special aspects philology linguistics,8,9,,,,,,,False,0,,,,,,,,,,2016-02-16T15:06:50Z,2021-06-17T07:56:52Z,2021-06-17,741,6,,0.1835,-0.8651,,,-1.1258,0.1111,,,0.0233
0122-9893,2346-2051,0122-9893,derecho ciencias sociales c q4 estado general uniform jurisprudence,law social sciences state constitutional public administrative political science comparative,9,10,,,,,,,False,1,5,7,35,453,4,16,0.12,64.71,0.5,2012-01-02T10:07:38Z,2026-07-21T13:32:43Z,2026-06-19,1041,16,0.11428571428571428,0.1764,-0.5533,-0.5737,-0.4463,-0.2778,0.1575,0.0209,0.075,0.1395
0120-0283,2145-8553,0120-0283,ciencias tierra medioambientales naturales b geologia,geology science,6,2,300.0,EUR,324.0,1.08,852.63,observado,True,0,,,,,,,,,,2016-01-27T18:57:42Z,2019-03-13T16:14:14Z,2019-03-13,0,15,,0.2482,-1.2401,,,-0.3626,0.0552,,,0.1279
0366-5232,2357-3759,0366-5232,ciencias biologicas naturales b q3 caldasia ecologia,agricultural biological sciences miscellaneous botany zoology biodiversity neotropic taxonom science,7,10,,,,,,,False,2,21,28,174,1212,92,167,0.48,43.29,0.35450000000000004,2016-11-07T14:48:13Z,2025-06-27T06:17:31Z,2025-06-27,1734,26,0.5287356321839081,0.2481,-0.2717,0.3766,1.811,0.5701,0.1995,0.1118,0.475,0.2558
0122-8803,2322-6889,0122-8803,historia arqueologia humanidades c q4 caribe costa central general europe doctrinal,history political science relations arts humanities social sciences historiography rican american latin america spanish philosophy psychology religion theology specific doctrines movements heresies schisms,11,23,1116.0,EUR,1205.28,1.08,3171.79,observado,True,1,3,23,57,1014,4,52,0.08,44.09,0.23079999999999998,2019-04-25T00:54:35Z,2022-09-26T12:59:42Z,2022-09-26,731,8,0.07017543859649122,0.1255,-0.1785,-0.7791,-0.7284,-0.9562,0.2133,0.0012,0.025,0.0465
1692-5777,2248-8391,1692-5777,ciencias educacion sociales b,gist education learning language bilingualism teaching special aspects literature philology linguistics,4,11,369.55,EUR,399.11,1.08,1050.29,observado,True,0,,,,,,,,,,2018-11-29T15:45:45Z,2019-12-22T16:34:17Z,2019-12-22,0,14,,0.2287,-1.1497,,,-0.4474,0.0687,,,0.1163
1657-8031,2665-3354,1657-8031,ciencias sociales interdisciplinaria otras b agora human social,usb memory development pedagogy rights sciences,8,6,,,,,,,False,0,,,,,,,,,,2009-05-27T10:59:33Z,2025-05-22T09:11:19Z,2025-05-22,533,48,,0.1532,-0.5811,,,2.4356,0.1534,,,0.5116
0122-7483,2027-1352,0122-7483,matematicas aplicadas matematica ciencias naturales b universitas general,scientiarum biology physics chemistry mathematics science,8,6,1139.73,EUR,1230.91,1.08,3239.24,observado,True,0,,,,,,,,,,2006-02-21T14:29:08Z,2025-03-24T12:19:02Z,2025-03-24,469,15,,0.1224,-0.1477,,,-0.3626,0.2179,,,0.1279
2011-5474,,2011-5474,educacion general incluye capacitacion pedagogia ciencias sociales c latinoamericana etnomatematica sociocultural,ethnicity mathematics education history aspects ethnomathematics special science,11,8,1828.24,EUR,1974.5,1.08,5196.05,observado,True,0,,,,,,,,,,2008-10-01T14:50:10Z,2019-09-05T15:17:51Z,2019-09-05,318,28,,0.0865,0.7481,,,0.7397,0.3513,,,0.2791
1692-6013,2500-8692,1692-6013,otras ciencias sociales c q1 especializada sociologia juridica socio legal social,law sociology political science social sciences novum jus politica,11,9,2443.03,EUR,2638.47,1.08,6943.34,observado,True,4,10,47,140,2344,197,131,1.38,49.87,0.3611,2020-10-09T08:32:56Z,2020-10-09T08:32:56Z,2020-10-09,502,12,1.4071428571428573,0.6265,1.5479,9.6608,0.2591,-0.617,0.4704,1.0,0.2,0.093
0122-5197,2340-3144,0122-5197,historia arqueologia humanidades b memoria sociedad esic media social,adresearch communication new marketing public relations strategy branding sciences language literature philology linguistics mass,9,14,1996.61,EUR,2156.34,1.08,5674.58,observado,True,0,,,,,,,,,,2022-04-19T13:31:45Z,2022-04-19T13:31:45Z,2022-04-19,260,24,,0.0807,0.9671,,,0.4005,0.3839,,,0.2326
0123-3033,2215-2652,0123-3033,otras ingenierias tecnologias ingenieria tecnologia c competitividad universidad costa rica general civil,engineering construction manufacturing transport electrical technology,12,6,,,,,,,False,0,,,,,,,,,,2020-08-01T16:33:11Z,2022-10-24T20:10:16Z,2022-10-24,565,26,,0.1398,-0.4152,,,0.5701,0.1781,,,0.2558
0121-7577,2462-8425,0121-7577,salud publica ciencias medicas b q3 q4 hacia promocion social,health professions miscellaneous community home care policy social science public environmental occupational medicine nursing sciences healthy life styles policies marketing services orientation aspects,10,23,,,,,,,False,2,8,18,85,615,23,75,0.08,34.17,0.5832999999999999,2018-10-18T01:37:57Z,2024-03-13T15:35:19Z,2024-03-13,610,50,0.27058823529411763,0.1745,-0.095,-0.2013,-0.023,2.6052,0.2258,0.0565,0.15,0.5349
0121-5167,2462-8433,0121-5167,ciencias politicas sociales b estudios politicos social,political science sciences,7,3,,,,,,,False,0,,,,,,,,,,2017-01-02T16:56:22Z,2023-08-16T12:27:53Z,2023-08-16,693,24,,0.1513,-0.5587,,,0.4005,0.1567,,,0.2326
0124-0579,0120-1867,0124-0579,derecho ciencias sociales b q3 q4 estudios socio juridicos legal social general uniform jurisprudence,law political science relations social sciences society thinking comparative,14,9,1618.67,EUR,1748.16,1.08,4600.42,observado,True,2,4,13,52,576,12,50,0.26,44.31,0.3125,2012-04-11T15:14:10Z,2023-03-28T07:11:16Z,2023-03-28,725,6,0.23076923076923078,0.1501,0.4754,-0.0472,-0.5873,-1.1258,0.3107,0.0713,0.05,0.0233
0120-2448,1657-0448,0120-2448,otras ciencias medicas salud b q4 medica colombiana human,dermatology surgery medicine biomedical science health translational clinical practice,9,9,300.0,EUR,324.0,1.08,852.63,observado,True,1,2,58,123,889,5,91,0.06,15.33,0.5539999999999999,2026-02-25T15:09:33Z,2026-02-25T15:09:33Z,,60,14,0.04065040650406504,0.2606,-1.2401,-0.7278,-0.8695,-0.4474,0.0552,0.0061,0.0,0.1163
1794-7154,2382-3240,1794-7154,derecho ciencias sociales b saber ciencia libertad social general,business economy law society education culture sciences works history scholarship learning humanities,9,12,,,,,,,False,0,,,,,,,,,,2022-07-19T10:53:42Z,2022-07-19T10:53:42Z,2022-07-19,526,16,,0.1531,-0.5793,,,-0.2778,0.1536,,,0.1395
0122-7238,2256-5248,0122-7238,otras historias humanidades b historia educacion latinoamericana,education history special aspects,7,4,1828.24,EUR,1974.5,1.08,5196.05,observado,True,0,,,,,,,,,,2009-10-27T14:43:44Z,2026-04-21T06:27:37Z,2024-03-12,660,26,,0.0865,0.7481,,,0.5701,0.3513,,,0.2558
0120-789X,2027-0119,0120-789X,otros temas medicina clinica ciencias medicas salud c q4 urologia colombiana,neurology clinical medicine urology gynecology infectious diseases epidemiology internal genitourinary specialties system,11,12,,,,,,,False,1,3,48,114,1495,39,90,0.26,31.15,0.4694,2024-07-25T06:28:28Z,2025-02-12T16:17:08Z,2025-02-12,70,30,0.34210526315789475,0.1489,-0.0693,-0.4581,-0.7284,0.9093,0.2296,0.0319,0.025,0.3023
0124-0099,,0124-0099,economia negocios ciencias sociales c dictamen libre financial social as,administrative fundamentals environmental management technology public sciences commerce economic theory demography economics science,10,13,,,,,,,False,0,,,,,,,,,,2019-12-11T13:54:01Z,2020-02-05T13:06:17Z,2020-02-05,243,10,,0.1531,-0.5793,,,-0.7866,0.1536,,,0.0698
1692-2530,2248-4078,1692-2530,derecho ciencias sociales c juridica general uniform jurisprudence,opinion private law public policy comparative,8,6,3345.32,EUR,3612.95,1.08,9507.76,observado,True,0,,,,,,,,,,2010-07-26T14:40:49Z,2025-08-07T06:59:55Z,2025-08-07,1020,20,,0.0525,2.7218,,,0.0613,0.6453,,,0.186
0121-2494,2500-6436,0121-2494,educacion general incluye capacitacion pedagogia ciencias sociales c saberes,pedagogy pedagogical knowledge teaching education,9,5,,,,,,,False,0,,,,,,,,,,2016-05-04T17:15:36Z,2025-03-04T10:55:00Z,2025-03-04,434,16,,0.1532,-0.5802,,,-0.2778,0.1535,,,0.1395
0124-2059,2215-7727,0124-2059,enfermeria ciencias salud medicas c q4 investigacion imagen desarrollo social,agronomy crop science economics econometrics geography planning development agricultural biological sciences finance social antropology archaeology history andean culture region anthropology recreation auxiliary,10,22,,,,,,,False,1,16,7,28,319,13,28,0.27,45.57,0.2778,2023-12-07T10:16:37Z,2023-12-07T10:16:37Z,2023-12-07,258,8,0.4642857142857143,0.179,-0.062,-0.1242,1.1056,-0.9562,0.2307,0.0639,0.35,0.0465
1794-7111,2462-8115,1794-7111,arte humanidades a1 q1 kepes visual digital media,visual arts performing humanities design communication image theory fine drawing illustration,8,11,,,,,,,False,4,7,20,91,791,37,85,0.34,39.55,0.48719999999999997,2023-09-18T05:53:58Z,2023-09-18T05:53:58Z,2023-09-18,511,52,0.4065934065934066,0.4422,-0.9128,0.9159,-0.1641,2.7748,0.104,0.1634,0.125,0.5581
1657-4702,2462-859X,1657-4702,filosofia otras humanidades b latinoamericana latinamerican general,bioetica bioethics medical ethics biolaw environmental medicine philosophy psychology religion,7,10,2492.33,EUR,2691.72,1.08,7083.47,observado,True,0,,,,,,,,,,2016-11-03T09:06:35Z,2021-08-16T16:25:36Z,2021-08-16,828,20,,0.0674,1.6121,,,0.0613,0.48,,,0.186
1794-8290,2390-0644,1794-8290,teoria literaria idiomas literatura humanidades c caribe hispanoamerica estudios linguisticos literarios italian portuguese,literature linguistics discourse analysis language philology french spanish,13,8,,,,,,,False,0,,,,,,,,,,2022-10-11T16:13:21Z,2022-10-11T16:13:21Z,2022-10-11,85,16,,0.1839,-0.8685,,,-0.2778,0.1106,,,0.1395
1692-715X,2027-7679,1692-715X,sociologia ciencias sociales b latinoamericana ninez juventud social general,children adolescents child welfare sciences,9,5,1828.24,EUR,1974.5,1.08,5196.05,observado,True,0,,,,,,,,,,2010-09-01T16:10:39Z,2020-08-17T11:14:26Z,2020-08-17,1485,30,,0.0865,0.7481,,,0.9093,0.3513,,,0.3023
0120-3347,2145-4604,0120-3347,otros temas medicina clinica ciencias medicas salud b q4 colombiana anestesiologia scientific general civil,anesthesiology pain medicine critical care intensive logi transport logistics warehousing handling vehicle sustainability technology engineering transportation,14,16,150.0,EUR,162.0,1.08,426.32,declarado,True,1,9,41,113,908,51,96,0.54,22.15,0.3846,2024-04-02T13:46:11Z,2026-07-24T16:43:03Z,2026-07-24,208,12,0.45132743362831856,0.4742,-1.4353,-0.0729,0.1181,-0.617,0.0262,0.0688,0.175,0.093
2011-0324,2665-4814,2011-0324,derecho ciencias sociales b social,cs sociology sciences anthropology political science psychology literature,5,8,990.0,EUR,1069.2,1.08,2813.68,observado,True,0,,,,,,,,,,2013-04-30T16:38:28Z,2024-12-19T08:29:27Z,2024-12-19,546,52,,0.1346,-0.3425,,,2.7748,0.1889,,,0.5581
0034-7418,1909-6356,0034-7418,farmacologia farmacia medicina basica ciencias medicas salud c q4 colombiana quimico farmaceuticas colombia general,pharmacology medical toxicology pharmaceutics miscellaneous medicine health sciences public nursing environmental education,14,12,2000.0,EUR,2160.0,1.08,5684.21,observado,True,1,9,41,173,1884,61,173,0.28,45.95,0.5242,2022-07-28T13:13:04Z,2022-07-28T13:13:04Z,2022-07-28,261,8,0.35260115606936415,0.112,0.9715,-0.2912,0.1181,-0.9562,0.3846,0.0479,0.175,0.0465
1657-7027,0719-5338,1657-7027,salud publica ciencias medicas c q3 q4 gerencia politicas ciencia general,health professions miscellaneous occupational therapy physical sports rehabilitation public environmental speech hearing medicine politica political science relations sociology latin america policy economy,11,22,2443.03,EUR,2638.47,1.08,6943.34,observado,True,2,6,46,89,1864,64,83,0.85,40.52,0.49439999999999995,2024-05-29T07:00:43Z,2024-05-29T07:00:43Z,2024-05-29,0,25,0.7191011235955056,0.1337,1.5479,0.428,-0.3052,0.4853,0.4704,0.1167,0.1,0.2442
2248-6046,2011-7663,2248-6046,economia negocios ciencias sociales b q4 finanzas social as,accounting economics econometrics finance marketing strategy management business politica economica economic policy history public theory sciences demography science,9,18,1828.49,EUR,1974.77,1.08,5196.76,observado,True,1,10,18,60,888,47,54,0.7,49.33,0.3421,2013-05-09T14:26:33Z,2023-10-26T06:33:15Z,2023-10-26,454,26,0.7833333333333333,0.1496,0.7484,0.1454,0.2591,0.5701,0.3514,0.0897,0.2,0.2558
1657-320X,1648-9144,1657-320X,ciencias salud medicas c archivos medicina experimental general,medicine clinical surgery oncology public health,8,6,1448.6,EUR,1564.49,1.08,4117.08,observado,True,0,,,,,,,,,,2016-10-25T09:25:34Z,2023-08-14T10:00:55Z,2023-08-14,13014,6,,0.1032,0.2542,,,-1.1258,0.2778,,,0.0233
0120-5307,2216-0280,0120-5307,enfermeria ciencias salud medicas b investigacion educacion,education healthcare nursing medicine,7,4,,,,,,,False,0,,,,,,,,,,2017-07-14T09:37:55Z,2023-09-22T09:52:29Z,2023-09-22,675,20,,0.1184,-0.0743,,,0.0613,0.2289,,,0.186
0121-5469,2344-8644,0121-5469,psicologia incluye terapias aprendizaje habla visual otras discapacidades fisicas mentales ciencias sociales b q4 colombiana social,dermatology surgery medicine behavioral sciences clinical psychology occupational educational psychosocial philosophy religion,16,12,,,,,,,False,1,2,58,123,889,5,91,0.06,15.33,0.5539999999999999,2021-01-11T09:56:14Z,2021-01-11T09:56:14Z,2021-01-11,0,16,0.04065040650406504,0.1585,-0.555,-0.7278,-0.8695,-0.2778,0.1573,0.0061,0.0,0.1395
0120-1468,2665-3834,0120-1468,otras humanidades c ciencias espiritu,franciscanum philosophy theology religious history psychology religion,5,7,,,,,,,False,0,,,,,,,,,,2013-11-04T14:55:45Z,2022-03-10T12:39:48Z,2022-03-10,216,40,,0.1838,-0.8676,,,1.7572,0.1107,,,0.4186
0120-159X,2256-5485,0120-159X,temas especiales estudios genero sociales familia sociologia ciencias c q3 q4 colombiana social general,arts humanities miscellaneous social sciences epistemology chilhood gender child abuse sociology,14,11,2505.83,EUR,2706.3,1.08,7121.84,observado,True,2,9,18,78,634,19,74,0.24,35.22,0.4,2024-01-03T07:55:15Z,2024-01-03T07:55:15Z,2024-01-03,39,30,0.24358974358974358,0.0785,1.6296,-0.5737,0.1181,0.9093,0.4826,0.0209,0.175,0.3023
1692-0279,2256-4322,1692-0279,negocios economia ciencias sociales b ad escuela administracion human social,management minister administration accounting marketing organizational psychology development sciences commerce business,10,11,1932.16,EUR,2086.73,1.08,5491.39,observado,True,0,,,,,,,,,,2013-04-15T15:50:30Z,2020-05-18T11:19:10Z,2020-05-18,267,5,,0.0828,0.8833,,,-1.2106,0.3715,,,0.0116
0122-8706,2500-5308,0122-8706,otras ciencias agricolas c q3 corpoica ciencia tecnologia agropecuaria sociosemiotics media,agricultural biological sciences miscellaneous semiotics signification languages culture language literature philology linguistics communication mass linguistic theory comparative grammar,11,18,,,,,,,False,2,15,4,139,176,107,139,0.75,44.0,0.3333,2023-03-23T17:41:07Z,2023-03-23T17:41:07Z,2023-03-23,0,12,0.7697841726618705,0.2676,-0.1335,0.749,0.9645,-0.617,0.22,0.1474,0.325,0.093
0121-1129,2357-5328,0121-1129,otras ingenierias tecnologias ingenieria tecnologia b facultad general civil,computer science environmental engineering metallurgy transportation technology,9,7,,,,,,,False,0,,,,,,,,,,2012-06-26T15:46:15Z,2024-03-12T12:46:12Z,2024-03-12,499,8,,0.1402,-0.4204,,,-0.9562,0.1773,,,0.0465
0120-9965,1657-0448,0120-9965,agronomia agricultura silvicultura pesca ciencias agricolas c q4 colombiana plant,dermatology surgery medicine agricultural sciences tropical crops crop physiology soil management protection rural development science botany ecology,10,17,,,,,,,False,1,2,58,123,889,5,91,0.06,15.33,0.5539999999999999,2016-11-08T12:59:21Z,2024-06-19T08:57:37Z,2024-06-19,1297,25,0.04065040650406504,0.1264,-0.11,-0.7278,-0.8695,0.4853,0.2235,0.0061,0.0,0.2442
0121-6538,2248-6941,0121-6538,sociologia ciencias sociales c anfora human social general,sciences humanities interdisciplinary methodology,8,4,,,,,,,False,0,,,,,,,,,,2016-11-01T15:45:01Z,2021-06-01T08:49:13Z,2021-06-01,0,24,,0.1534,-0.5824,,,0.4005,0.1532,,,0.2326
2027-1786,2500-6517,2027-1786,psicologia incluye terapias aprendizaje habla visual otras discapacidades fisicas mentales ciencias sociales c iberoamericana ciencia tecnologia ibero social,american psychology sciences qualitative quantitative methods behavior cognitive philosophy religion,18,10,1828.24,EUR,1974.5,1.08,5196.05,observado,True,0,,,,,,,,,,2021-05-17T12:09:11Z,2021-05-17T12:09:11Z,2021-05-17,274,16,,0.0865,0.7481,,,-0.2778,0.3513,,,0.1395
2027-4688,2539-4711,2027-4688,historia arqueologia humanidades c q4 fronteras colonial latinoamericana social latinamerican general europe,history political science relations arts humanities social sciences historiography archive latin america spanish,12,13,1116.0,EUR,1205.28,1.08,3171.79,observado,True,1,3,23,57,1014,4,52,0.08,44.09,0.23079999999999998,2018-12-06T16:54:05Z,2019-01-23T14:09:10Z,2019-01-23,1504,20,0.07017543859649122,0.1255,-0.1785,-0.7791,-0.7284,0.0613,0.2133,0.0012,0.025,0.186
0123-9155,1657-0448,0123-9155,psicologia incluye terapias aprendizaje habla visual otras discapacidades fisicas mentales ciencias sociales c q4 colombiana social,dermatology surgery medicine psychology health education sciences philosophy religion,16,9,,,,,,,False,1,2,58,123,889,5,91,0.06,15.33,0.5539999999999999,2019-06-03T00:02:32Z,2026-02-25T15:39:42Z,2026-02-25,675,28,0.04065040650406504,0.1588,-0.5585,-0.7278,-0.8695,0.7397,0.1567,0.0061,0.0,0.2791
0124-0137,2027-212X,0124-0137,psicologia incluye terapias aprendizaje habla visual otras discapacidades fisicas mentales ciencias sociales b psicogente social mental,clinical psychology health education neuropsychology philosophy religion,16,7,,,,,,,False,0,,,,,,,,,,2011-05-05T13:34:27Z,2020-04-20T10:00:18Z,2020-04-20,545,16,,0.1533,-0.5815,,,-0.2778,0.1533,,,0.1395
0120-386X,2256-3334,0120-386X,salud publica ciencias medicas b facultad nacional,public health sciences medicine aspects,7,5,2390.0,EUR,2581.2,1.08,6792.63,observado,True,0,,,,,,,,,,2011-01-20T13:08:44Z,2020-05-09T15:33:01Z,2020-05-09,653,24,,0.0698,1.4789,,,0.4005,0.4602,,,0.2326
0120-4823,2027-2731,0120-4823,medios comunicacion social periodismo comunicaciones ciencias sociales b q3 q4 signo pensamiento media,linguistics language communication social sciences information literature philology mass,13,9,,,,,,,False,2,9,14,68,682,13,68,0.14,48.71,0.5652,2013-05-22T17:56:11Z,2022-08-17T18:15:05Z,2022-08-17,534,20,0.19117647058823528,0.2116,-0.5699,-0.2912,0.1181,0.0613,0.155,0.0479,0.175,0.186
1909-3063,1909-7743,1909-3063,ciencias politicas sociales c relaciones internacionales estrategia seguridad general,relations strategy security political science,9,5,,,,,,,False,0,,,,,,,,,,2018-03-07T20:29:53Z,2021-07-27T18:04:18Z,2021-07-27,407,20,,0.1532,-0.5806,,,0.0613,0.1534,,,0.186
0121-0319,2960-8309,0121-0319,otras ciencias medicas salud c uis general,internal medicine surgery traumatology pediatrics ginecology,7,6,5176.12,EUR,5590.21,1.08,14711.08,observado,True,0,,,,,,,,,,2026-02-09T12:28:22Z,2026-02-09T12:28:22Z,,227,12,,0.0356,5.1036,,,-0.617,1.0,,,0.093
0121-7488,2462-7658,0121-7488,quimica fisica ciencias quimicas naturales c q4 ciencia desarrollo social,history political science relations arts humanities social sciences cooperation development economic,10,11,,,,,,,False,1,3,23,57,1014,4,52,0.08,44.09,0.23079999999999998,2022-12-20T13:36:06Z,2022-12-20T13:36:05Z,2022-12-20,0,8,0.07017543859649122,0.1301,-0.2547,-0.7791,-0.7284,-0.9562,0.202,0.0012,0.025,0.0465
1692-2522,2248-4086,1692-2522,medios comunicacion social periodismo comunicaciones ciencias sociales c anagramas rumbos sentidos media,literature education culture comunication movements movies language philology linguistics communication mass,12,11,,,,,,,False,0,,,,,,,,,,2015-11-16T16:05:01Z,2021-03-01T13:18:11Z,2021-03-01,515,6,,0.1533,-0.5819,,,-1.1258,0.1532,,,0.0233
1692-3324,2248-4094,1692-3324,ingenieria ambiental tecnologia b ingenierias universidad civil general,medellin engineering environmental systems administrative technology,8,6,,,,,,,False,0,,,,,,,,,,2016-09-05T20:41:35Z,2025-09-09T06:52:26Z,2025-09-09,725,50,,0.1403,-0.4221,,,2.6052,0.177,,,0.5349
1909-9762,2705-3822,1909-9762,biotecnologia salud ciencias medicas c ingenieria molecular general,biomedica biological biotechnology cell biology medical sciences medicine science,8,9,1120.14,EUR,1209.75,1.08,3183.55,observado,True,0,,,,,,,,,,2024-05-31T21:19:15Z,2024-05-31T21:19:15Z,2024-05-31,0,10,,0.1239,-0.1731,,,-0.7866,0.2141,,,0.0698
0122-056X,2256-5035,0122-056X,compuestos laminados plasticos reforzados fibra sinteticas naturales ingenieria materiales tecnologia c informador tecnico checmial general civil,mechanical engineering electronic materials biotechnology technology,16,6,,,,,,,False,0,,,,,,,,,,2020-08-26T16:35:54Z,2020-08-26T16:35:54Z,2020-08-26,193,12,,0.1403,-0.4221,,,-0.617,0.177,,,0.093
0123-4226,2619-2551,0123-4226,otras ciencias agricolas b u d c actualidad divulgacion cientifica natural iberoamerican general,agriculture science health sciences region medicine biology,13,7,895.15,EUR,966.76,1.08,2544.11,observado,True,0,,,,,,,,,,2019-02-24T23:50:19Z,2019-08-30T10:04:22Z,2019-08-30,1466,20,,0.1436,-0.4659,,,0.0613,0.1705,,,0.186
1900-9895,0120-1867,1900-9895,educacion general incluye capacitacion pedagogia ciencias sociales c q3 q4 latinoamericana estudios educativos didactic,law political science relations social sciences education pedagogy curriculum,14,9,1828.24,EUR,1974.5,1.08,5196.05,observado,True,2,4,13,52,576,12,50,0.26,44.31,0.3125,2018-08-16T18:38:34Z,2023-11-30T15:35:57Z,2023-11-30,428,24,0.23076923076923078,0.1367,0.7481,-0.0472,-0.5873,0.4005,0.3513,0.0713,0.05,0.2326
2216-0973,2346-3414,2216-0973,enfermeria ciencias salud medicas b q3 q4 cuidarte,family practice maternity midwifery medical surgical nursing nurse assisting community home care critical intensive medicine miscellaneous health sciences public,8,19,,,,,,,False,2,9,60,164,2315,97,154,0.58,38.58,0.6404000000000001,2015-07-27T19:22:45Z,2024-05-28T20:44:15Z,2024-05-28,686,19,0.5914634146341463,0.2166,-0.0975,0.2482,0.1181,-0.0235,0.2254,0.0995,0.175,0.1744
2011-2106,2358-2820,2011-2106,economia negocios ciencias sociales c caribe social as,real estate finance markets sciences economic theory demography economics science,8,10,204.92,EUR,221.31,1.08,582.39,observado,True,0,,,,,,,,,,2015-11-17T19:51:04Z,2022-12-29T12:53:56Z,2022-12-29,216,25,,0.2808,-1.3638,,,0.4853,0.0368,,,0.2442
1794-6670,2215-9959,1794-6670,artes plasticas visuales arte humanidades c q3 q4 musica escenicas jrm oral general,music visual arts performing linguistics language humanities social sciences culture traditions performance books literature show business,13,16,3170.0,EUR,3423.6,1.08,9009.47,observado,True,2,7,29,77,847,17,62,0.13,29.21,0.5652,2024-05-28T16:56:14Z,2024-05-28T16:56:14Z,2024-05-28,0,10,0.22077922077922077,0.0622,2.4937,-0.625,-0.1641,-0.7866,0.6113,0.016,0.125,0.0698
0124-8693,2539-0554,0124-8693,economia negocios ciencias sociales c tendencias social,economic growth commerce business finance sciences theory demography,7,8,,,,,,,False,0,,,,,,,,,,2017-10-26T22:48:44Z,2025-06-06T07:02:43Z,2025-06-06,759,16,,0.1533,-0.5819,,,-0.2778,0.1532,,,0.1395
0120-2812,2323-0118,0120-2812,ciencias tierra medioambientales naturales c,agronomica crop protection ecosystem services animal science breeding food soil agriculture,5,11,,,,,,,False,0,,,,,,,,,,2008-04-17T12:08:41Z,2025-04-23T12:54:12Z,2025-04-23,1627,8,,0.1299,-0.2717,,,-0.9562,0.1995,,,0.0465
0124-7441,2590-4566,0124-7441,derecho ciencias sociales b justicia jurisprudence criminal general uniform,law procedural comparative,9,3,,,,,,,False,0,,,,,,,,,,2022-03-04T09:46:19Z,2022-03-04T09:46:19Z,2022-03-04,499,7,,0.1534,-0.5824,,,-1.041,0.1532,,,0.0349
1794-6190,2339-3459,1794-6190,geografia fisica ciencias tierra medioambientales naturales b q3 esrj,earth planetary sciences miscellaneous geosciences geophysics geology science,9,8,2400.0,EUR,2592.0,1.08,6821.05,observado,True,2,26,40,115,2236,108,115,0.97,55.9,0.2541,2006-05-29T16:42:46Z,2025-05-16T07:16:25Z,2025-05-16,410,20,0.9391304347826087,0.1718,1.4919,1.0957,2.5164,0.0613,0.4621,0.1806,0.6,0.186
0120-0488,1517-4549,0120-0488,zoologia ornitologia entomologia ciencias biologicas comportamiento naturales c q4 colombiana social general,insect science agricultural biological sciences sociology antrophology political,12,8,2400.0,EUR,2592.0,1.08,6821.05,observado,True,1,25,15,60,816,32,60,0.39,54.4,0.3448,2015-12-21T21:19:29Z,2024-03-31T09:00:14Z,2024-03-31,566,24,0.5333333333333333,0.1315,1.4919,0.3509,2.3753,0.4005,0.4621,0.1093,0.575,0.2326
0123-3068,2215-4744,0123-3068,zoologia ornitologia entomologia ciencias biologicas comportamiento naturales a1 q2 q3 cientifico museo historia natural centro museos costa central general europe doctrinal,museology conservation arts humanities history historiography rican american latin america spanish philosophy psychology religion theology specific doctrines movements heresies schisms,21,20,1116.0,EUR,1205.28,1.08,3171.79,observado,True,3,11,10,79,512,21,79,0.18,51.2,0.3871,2019-04-25T00:54:35Z,2022-09-26T12:59:42Z,2022-09-26,731,8,0.26582278481012656,0.1876,-0.1785,-0.1371,0.4002,-0.9562,0.2133,0.0627,0.225,0.0465
0121-3474,2174-4017,0121-3474,derecho ciencias sociales c anuario galego,verba iuris filoloxia linguistics romance languages language literature philology,6,9,,,,,,,False,0,,,,,,,,,,2025-04-22T07:23:49Z,2025-04-22T07:23:49Z,2025-04-22,0,30,,0.1533,-0.5819,,,0.9093,0.1532,,,0.3023
0123-4986,2256-5493,0123-4986,idiomas literatura humanidades c trabajo social human reform,work family rights policy problems internal migration sciences history conditions,8,10,267.75,EUR,289.17,1.08,760.97,observado,True,0,,,,,,,,,,2012-12-30T10:46:04Z,2019-12-05T20:48:56Z,2019-12-05,670,50,,0.2584,-1.2821,,,2.6052,0.049,,,0.5349
0120-4157,2590-7379,0120-4157,otras ciencias medicas salud b q3 instituto nacional,biochemistry genetics molecular biology miscellaneous medicine biomedica biomedicine tropical internal special situations conditions arctic,8,14,1549.04,EUR,1672.96,1.08,4402.53,observado,True,2,37,84,277,2297,240,258,0.76,27.35,0.5145000000000001,2016-11-11T09:34:00Z,2022-07-19T13:00:45Z,2022-07-19,2830,32,0.8664259927797834,0.2661,0.3848,1.4039,4.0682,1.0789,0.2972,0.2101,0.875,0.3256
2322-9381,2322-9675,2322-9381,historia arqueologia humanidades a2 trashumante general,public health sciences medicine,6,4,2618.0,EUR,2827.44,1.08,7440.63,observado,True,0,,,,,,,,,,2021-02-28T21:16:35Z,2021-02-28T21:16:35Z,2021-02-28,915,16,,0.0647,1.7755,,,-0.2778,0.5043,,,0.1395
0120-1751,2389-8976,0120-1751,estadisticas probabilidades investigacion metodologias matematica ciencias naturales b q4 colombiana estadistica social,statistics probability mathematics modeling bayesian biostatistics applied sciences,12,8,,,,,,,False,1,25,37,58,1025,55,53,1.19,27.7,0.2235,2020-02-26T19:18:20Z,2023-01-30T11:13:59Z,2023-01-30,729,32,0.9482758620689655,0.2928,-0.2482,0.8517,2.3753,1.0789,0.2029,0.1572,0.575,0.3256
0120-4688,2389-9387,0120-4688,filosofia otras humanidades c praxis filosofica general,philosophy humanities ethics metaphysics psychology religion,7,6,2380.0,EUR,2570.4,1.08,6764.21,observado,True,0,,,,,,,,,,2018-06-07T20:10:00Z,2026-05-16T09:00:29Z,2026-05-16,817,12,,0.07,1.4659,,,-0.617,0.4582,,,0.093
2248-5759,2322-2462,2248-5759,ciencias cuidado salud servicios administracion hospitales financiamiento medicas c q3 q4 bosque general,health professions miscellaneous occupational therapy physical sports rehabilitation public environmental speech hearing medicine medical sciences complex,13,16,,,,,,,False,2,6,46,89,1864,64,83,0.85,40.52,0.49439999999999995,2021-03-02T12:07:13Z,2021-08-27T10:54:04Z,2021-08-27,308,26,0.7191011235955056,0.2319,-0.0842,0.428,-0.3052,0.5701,0.2274,0.1167,0.1,0.2558
0120-1700,2389-8755,0120-1700,educacion general incluye capacitacion pedagogia ciencias sociales c actualidades pedagogicas,teaching pedagogy education special aspects,10,5,,,,,,,False,0,,,,,,,,,,2019-06-03T18:26:03Z,2019-06-03T18:26:03Z,2019-06-03,0,50,,0.1533,-0.5819,,,2.6052,0.1532,,,0.5349
1909-4450,2256-5027,1909-4450,otras ciencias sociales c q3 republicana publica pemikiran administrasi negara asia,law sociology political science social sciences jurnal public administration policy bureaucracy service governance local government institutions asian only,11,18,,,,,,,False,2,9,18,60,664,13,60,0.23,36.89,0.2188,2022-09-19T15:04:51Z,2022-09-19T15:04:51Z,2022-09-19,143,22,0.21666666666666667,0.25,-0.5824,0.017,0.1181,0.2309,0.1532,0.0774,0.175,0.2093
0034-7434,2463-0225,0034-7434,obstetricia ginecologia medicina clinica ciencias medicas salud c q3 colombiana s,obstetrics gynecology medicine obstetricia health public gender identity women,11,9,,,,,,,False,2,12,33,94,627,44,61,0.45,19.0,0.4583,2019-12-03T16:37:51Z,2022-08-11T12:13:14Z,2022-08-11,3751,20,0.46808510638297873,0.2597,-0.098,0.7105,0.5413,0.0613,0.2253,0.1437,0.25,0.186
0121-8417,2357-4720,0121-8417,historia arqueologia humanidades c q4 sociedad social general,history political science relations arts humanities social sciences works scholarship learning,8,11,1116.0,EUR,1205.28,1.08,3171.79,observado,True,1,3,23,57,1014,4,52,0.08,44.09,0.23079999999999998,2016-11-07T14:48:55Z,2025-04-04T06:15:02Z,2025-04-04,874,26,0.07017543859649122,0.1255,-0.1785,-0.7791,-0.7284,0.5701,0.2133,0.0012,0.025,0.2558
0123-885X,1900-5180,0123-885X,sociologia ciencias sociales a2 estudios social general,history political science public administration sociology anthropology sciences,7,8,,,,,,,False,0,,,,,,,,,,2007-08-15T14:47:39Z,2023-02-28T16:07:51Z,2023-02-28,1245,52,,0.1534,-0.5824,,,2.7748,0.1532,,,0.5581
0123-4366,2346-2442,0123-4366,derecho ciencias sociales b q4 privado bogota 1997 civil general uniform jurisprudence,law social sciences private commercial litigation comparative,12,7,,,,,,,False,1,9,22,70,1394,14,69,0.27,63.36,0.5238,2012-01-09T16:41:31Z,2026-06-24T14:51:27Z,2026-06-19,865,12,0.2,0.2144,-0.5555,-0.2526,0.1181,-0.617,0.1572,0.0516,0.175,0.093
0122-1701,2413-4155,0122-1701,ingenieria electrica electronica ingenierias informatica tecnologia b,scientia et technica sciences technology medicine engineering materials physics science,7,10,1139.73,EUR,1230.91,1.08,3239.24,observado,True,0,,,,,,,,,,2020-09-14T16:33:21Z,2023-05-02T09:03:15Z,2023-05-02,607,11,,0.1224,-0.1477,,,-0.7018,0.2179,,,0.0814
1657-6357,2709-7005,1657-6357,otras ciencias sociales b sociedad economia social urban,economy management sustainable development tourism finance entrepreneurship sciences communities classes races groups city sociology regional economics space,8,17,1996.61,EUR,2156.34,1.08,5674.58,observado,True,0,,,,,,,,,,2023-01-12T10:05:01Z,2023-01-12T10:05:01Z,2023-01-12,67,12,,0.0807,0.9671,,,-0.617,0.3839,,,0.093
1657-0308,2357-626X,1657-0308,arquitectura urbanismo arte humanidades b bogota urban,architecture design architectural education planning construction sustainability fine arts,7,9,2838.0,EUR,3065.04,1.08,8065.89,observado,True,0,,,,,,,,,,2017-04-07T20:10:24Z,2026-08-12T16:04:08Z,,456,35,,0.0605,2.0618,,,1.3333,0.547,,,0.3605
0122-6517,2382-4700,0122-6517,otras ingenierias tecnologias ingenieria tecnologia b cuc sociosemiotics media,inge semiotics signification languages culture language literature philology linguistics communication mass linguistic theory comparative grammar,9,15,,,,,,,False,0,,,,,,,,,,2023-03-23T17:41:07Z,2023-03-23T17:41:07Z,2023-03-23,0,12,,0.14,-0.4178,,,-0.617,0.1777,,,0.093
1657-107X,1853-1326,1657-107X,ciencias educacion sociales b interamericana investigacion pedagogia general,education teacher training didactics teaching special aspects theory practice,8,9,1828.24,EUR,1974.5,1.08,5196.05,observado,True,0,,,,,,,,,,2020-08-14T14:13:13Z,2020-08-14T14:13:13Z,2020-08-14,0,8,,0.0865,0.7481,,,-0.9562,0.3513,,,0.0465
0124-7107,2389-7066,0124-7107,salud publica ciencias medicas c q3 q4 universidad social general reform,health professions miscellaneous occupational therapy physical sports rehabilitation public environmental speech hearing medicine participation epidemiology sciences history conditions problems,11,19,,,,,,,False,2,6,46,89,1864,64,83,0.85,40.52,0.49439999999999995,2017-07-31T15:34:21Z,2026-06-28T13:18:00Z,,312,60,0.7191011235955056,0.2319,-0.0842,0.428,-0.3052,3.4531,0.2274,0.1167,0.1,0.6512
0121-0807,2145-8464,0121-0807,ciencias salud medicas c q3 q4 uis universidad santander medicos,health professions miscellaneous occupational therapy physical sports rehabilitation public environmental speech hearing medicine industrial clinical,10,15,,,,,,,False,2,6,46,89,1864,64,83,0.85,40.52,0.49439999999999995,2016-10-26T08:36:48Z,2023-07-31T07:18:05Z,2023-07-31,260,18,0.7191011235955056,0.2319,-0.0842,0.428,-0.3052,-0.1083,0.2274,0.1167,0.1,0.1628
0120-0976,2538-9866,0120-0976,otras humanidades c interamericana bibliotecologia archival,information science library bibliography resources,6,5,1828.24,EUR,1974.5,1.08,5196.05,observado,True,0,,,,,,,,,,2011-09-19T16:30:20Z,2023-08-17T08:30:27Z,2023-08-17,350,52,,0.0865,0.7481,,,2.7748,0.3513,,,0.5581
0124-5996,2346-2450,0124-5996,economia negocios ciencias sociales c q3 institucional social,economics econometrics finance miscellaneous political economy philosophy law economic history institutional game theory sciences conditions demography,8,16,,,,,,,False,2,15,27,73,1101,30,63,0.42,40.78,0.3256,2006-09-29T11:44:49Z,2026-07-11T18:13:42Z,2026-06-22,1644,30,0.410958904109589,0.3627,-0.5789,0.9673,0.9645,0.9093,0.1537,0.1683,0.325,0.3023
0123-1472,1982-6486,0123-1472,otras ciencias sociales b contabilidad social,accounting organizations innovative sciences commerce business bookkeeping,6,7,,,,,,,False,0,,,,,,,,,,2020-06-12T16:53:07Z,2020-06-12T16:53:07Z,2020-06-12,522,25,,0.1533,-0.5819,,,0.4853,0.1532,,,0.2442
1692-3561,1909-9959,1692-3561,agronomia agricultura silvicultura pesca ciencias agricolas b biotecnologia sector agropecuario agroindustrial general,biotechnology agriculture forestry microbiology engineering food technology chemical,12,8,2232.92,EUR,2411.55,1.08,6346.18,observado,True,0,,,,,,,,,,2017-06-16T15:53:58Z,2020-06-02T16:06:10Z,2020-06-02,1005,9,,0.0738,1.2746,,,-0.8714,0.4297,,,0.0581
0120-2952,0123-2576,0120-2952,ciencias veterinarias agricolas b q4 facultad medicina veterinaria zootecnia,education medical laboratory technology medicine miscellaneous health professions social sciences animal husbandry veterinary science dairy agriculture culture,9,17,1448.6,EUR,1564.49,1.08,4117.08,observado,True,1,4,0,62,0,16,50,0.28,0.0,0.0,2011-06-22T14:34:20Z,2025-05-20T06:07:41Z,2025-05-20,418,20,0.25806451612903225,0.13,0.2542,-0.4581,-0.5873,0.0613,0.2778,0.0319,0.05,0.186
0123-5923,2665-6744,0123-5923,economia negocios ciencias sociales b q4 estudios gerenciales social,business management economics econometrics finance technology innovation marketing strategy accounting entrepreneurship organizational sciences commerce,9,14,,,,,,,False,1,24,19,116,1155,118,116,0.75,60.79,0.4048,2017-06-08T14:47:59Z,2022-09-19T11:30:05Z,2022-09-19,1305,30,1.0172413793103448,0.2965,-0.5585,0.4408,2.2342,0.9093,0.1567,0.1179,0.55,0.3023
1900-6896,1657-0448,1900-6896,filosofia otras humanidades b q4 colombiana general,dermatology surgery medicine bioetica bioethics ethics medical philosophy psychology religion,7,10,,,,,,,False,1,2,58,123,889,5,91,0.06,15.33,0.5539999999999999,2017-11-28T17:34:16Z,2026-07-30T19:12:57Z,2026-05-27,87,20,0.04065040650406504,0.19,-0.8446,-0.7278,-0.8695,0.0613,0.1141,0.0061,0.0,0.186
1900-3102,2357-6014,1900-3102,otras ingenierias tecnologias ingenieria tecnologia c solidaria general civil,engineering innovation technology,9,3,,,,,,,False,0,,,,,,,,,,2024-05-21T08:45:18Z,2024-05-21T08:45:18Z,2024-05-21,0,10,,0.1403,-0.4221,,,-0.7866,0.177,,,0.0698
1900-7922,2500-6738,1900-7922,otras ciencias sociales b manzana discordia social human,sciences gender,8,2,,,,,,,False,0,,,,,,,,,,2018-04-17T16:22:19Z,2026-08-11T14:39:30Z,2026-08-11,376,21,,0.1532,-0.5802,,,0.1461,0.1535,,,0.1977
1900-8260,1853-1326,1900-8260,ciencias educacion sociales c ingenieria general,education teacher training didactics teaching special aspects theory practice,6,9,,,,,,,False,0,,,,,,,,,,2020-08-14T14:13:13Z,2020-08-14T14:13:13Z,2020-08-14,0,8,,0.153,-0.5789,,,-0.9562,0.1537,,,0.0465
0121-750X,2344-8393,0121-750X,otras ingenierias tecnologias ingenieria tecnologia b general civil,engineering technology,8,2,,,,,,,False,0,,,,,,,,,,2016-12-01T08:03:04Z,2020-08-24T10:07:54Z,2020-08-24,364,10,,0.14,-0.4182,,,-0.7866,0.1776,,,0.0698
0124-4108,2248-454X,0124-4108,nutricion dietas ciencias salud medicas c perspectivas humana dietetic,feeding food services nutrition technology home economics foods supply medicine public aspects,9,12,2618.0,EUR,2827.44,1.08,7440.63,observado,True,0,,,,,,,,,,2017-03-04T19:25:40Z,2024-05-28T07:15:22Z,2024-05-28,450,24,,0.0647,1.7755,,,0.4005,0.5043,,,0.2326
0121-8530,2346-3864,0121-8530,estudios generales lenguaje idiomas literatura humanidades b palabra cultural,literature literary theory criticism didactics books language,9,7,,,,,,,False,0,,,,,,,,,,2025-09-11T06:31:59Z,2025-09-11T06:31:59Z,2025-09-11,444,37,,0.1838,-0.8672,,,1.5029,0.1108,,,0.3837
0122-820X,2531-1654,0122-820X,ingenierias electrica electronica informatica ingenieria tecnologia b respuestas anglo,spanish english translation literature linguistics language,9,6,,,,,,,False,0,,,,,,,,,,2019-04-18T20:55:23Z,2025-11-25T09:39:36Z,2025-11-25,166,38,,0.1401,-0.4191,,,1.5876,0.1775,,,0.3953
0121-1617,1900-6152,0121-1617,historia arqueologia humanidades a2 q4 critica social general europe,history political science relations arts humanities social sciences historiography,9,9,1116.0,EUR,1205.28,1.08,3171.79,observado,True,1,3,23,57,1014,4,52,0.08,44.09,0.23079999999999998,2007-08-15T14:25:42Z,2026-07-10T18:26:17Z,2026-06-21,1025,52,0.07017543859649122,0.1255,-0.1785,-0.7791,-0.7284,2.7748,0.2133,0.0012,0.025,0.5581
0120-8160,2590-521X,0120-8160,negocios economia ciencias sociales b escuela administracion social,management economy business sciences administration finance commerce,8,7,,,,,,,False,0,,,,,,,,,,2017-05-20T20:51:04Z,2024-09-25T12:06:44Z,2024-09-25,1582,16,,0.1534,-0.5824,,,-0.2778,0.1532,,,0.1395
2216-0159,2462-8603,2216-0159,educacion general incluye capacitacion pedagogia ciencias sociales c praxis saber,philosophy bioethics latin american thinking psychology religion speculative,10,8,2380.0,EUR,2570.4,1.08,6764.21,observado,True,0,,,,,,,,,,2019-05-06T19:04:24Z,2022-10-24T20:13:38Z,2022-10-24,0,12,,0.07,1.4659,,,-0.617,0.4582,,,0.093
0121-0793,2011-7965,0121-0793,otros temas medicina clinica ciencias medicas salud c q4 general,medicine miscellaneous iatreia medical sciences,10,5,,,,,,,False,1,13,60,184,1995,31,170,0.14,33.25,0.4686,2008-06-25T15:33:46Z,2020-04-22T17:41:49Z,2020-04-22,2268,4,0.16847826086956522,0.1371,-0.0508,-0.5737,0.6824,-1.2954,0.2323,0.0209,0.275,0.0
1794-3108,2256-5531,1794-3108,otras ciencias sociales b q3 q4 criminalidad general uniform jurisprudence criminal,arts humanities miscellaneous law social psychology sciences sociology political science crimonology criminality criminalistics forensics security comparative procedure,11,17,,,,,,,False,2,9,26,98,1397,38,94,0.3,53.73,0.2727,2025-03-27T07:46:42Z,2025-03-27T07:46:42Z,2025-03-27,848,16,0.3877551020408163,0.2285,-0.5824,-0.1627,0.1181,-0.2778,0.1532,0.0602,0.175,0.1395
0124-8146,2387-6735,0124-8146,epidemiologia ciencias salud medicas c investigaciones tidsskrift social cultural general,andina religion og kultur religious history humanities culture geography anthropology recreation ethnology philosophy psychology religions mythology rationalism,10,17,,,,,,,False,0,,,,,,,,,,2018-07-18T12:23:13Z,2026-01-16T10:43:34Z,2026-01-16,79,32,,0.1197,-0.098,,,1.0789,0.2253,,,0.3256
0121-053X,2346-1829,0121-053X,linguistica idiomas literatura humanidades b,linguistica hispanica linguistics language society communication literature romanic languages philology,5,10,1898.13,EUR,2049.98,1.08,5394.68,observado,True,0,,,,,,,,,,2017-03-17T15:38:29Z,2026-05-23T18:03:01Z,2024-04-03,493,32,,0.084,0.839,,,1.0789,0.3649,,,0.3256
1794-1237,,1794-1237,ingenieria civil tecnologia b eia general,engineering basic sciences materials biotechnology environment energy technology,6,8,,,,,,,False,0,,,,,,,,,,2018-01-04T17:24:21Z,2020-12-17T08:43:13Z,2020-12-17,367,30,,0.1403,-0.4221,,,0.9093,0.177,,,0.3023
1657-4672,2619-1733,1657-4672,educacion general incluye capacitacion pedagogia ciencias sociales c plumilla educativa,education teaching learning pedagogy language,10,5,,,,,,,False,0,,,,,,,,,,2022-09-20T09:32:03Z,2024-09-11T08:04:07Z,2024-09-11,46,18,,0.1533,-0.5819,,,-0.1083,0.1532,,,0.1628
1794-5992,2389-783X,1794-5992,ciencias socio biomedicas planificacion familiar salud sexual efectos politicos sociales investigacion biomedica medicas c facultad general,duazary public health medicine science epidemiology,16,6,,,,,,,False,0,,,,,,,,,,2015-06-01T16:13:12Z,2020-02-27T14:58:57Z,2015-06-01,655,24,,0.1196,-0.0963,,,0.4005,0.2256,,,0.2326
0120-0690,1657-0448,0120-0690,ciencias animales lecheria agricolas b q4 colombiana pecuarias,dermatology surgery medicine animal science veterinary health production farm animals companion agriculture culture,8,13,2000.0,EUR,2160.0,1.08,5684.21,observado,True,1,2,58,123,889,5,91,0.06,15.33,0.5539999999999999,2019-02-10T18:09:46Z,2023-08-16T12:32:17Z,2023-08-16,845,52,0.04065040650406504,0.0846,0.9715,-0.7278,-0.8695,2.7748,0.3846,0.0061,0.0,0.5581
0124-2253,2344-8350,0124-2253,otras ciencias naturales c cientifica social,mathematics technology education engineering sciences science,6,6,895.15,EUR,966.76,1.08,2544.11,observado,True,0,,,,,,,,,,2013-07-02T22:23:02Z,2019-07-15T04:32:03Z,2019-07-15,916,8,,0.1436,-0.4659,,,-0.9562,0.1705,,,0.0465
0124-177X,2357-5905,0124-177X,geografia social economica ciencias sociales c ambiente urban,gestion political ecology rural environment environmental education management economics geography anthropology recreation sciences,8,13,,,,,,,False,0,,,,,,,,,,2013-01-13T16:15:54Z,2025-08-25T12:02:57Z,2025-08-25,741,37,,0.1518,-0.5651,,,1.5029,0.1557,,,0.3837
1900-5407,2011-4273,1900-5407,antropologia sociologia ciencias sociales a2 q2 antipoda arqueologia social,anthropology archeology arts humanities cultural social sciences ethnography archaeology geography recreation auxiliary history,9,13,,,,,,,False,3,12,35,77,1720,36,77,0.58,49.14,0.4,2007-08-15T13:46:55Z,2025-04-15T06:23:11Z,2025-04-15,567,27,0.4675324675324675,0.3182,-0.6032,0.5564,0.5413,0.6549,0.1501,0.129,0.25,0.2674
2346-030X,2346-030X,2346-030X,ingenierias electrica electronica informatica ingenieria tecnologia b q4 aibi investigacion administracion general civil,computer science miscellaneous electrical electronic engineering industrial manufacturing technology education,13,10,,,,,,,False,1,8,80,151,3604,96,151,0.75,45.05,0.33880000000000005,2023-04-25T10:39:42Z,2023-04-25T10:39:42Z,2023-04-25,468,12,0.6357615894039735,0.1981,-0.3982,-0.2398,-0.023,-0.617,0.1806,0.0528,0.15,0.093
0121-4500,2346-0261,0121-4500,enfermeria ciencias salud medicas b avances enferm,av nursing health care medical medicine,7,6,,,,,,,False,0,,,,,,,,,,2012-05-16T08:50:23Z,2021-11-04T09:34:29Z,2021-11-04,1019,24,,0.1188,-0.0807,,,0.4005,0.2279,,,0.2326
0121-4381,1576-8597,0121-4381,psicologia incluye terapias aprendizaje habla visual otras discapacidades fisicas mentales ciencias sociales b suma psicologica experimental human,spanish society psychology animal cognition perception attention psycholinguistics methodology language literature philology linguistics philosophy religion consciousness,17,16,1005.27,EUR,1085.69,1.08,2857.08,observado,True,0,,,,,,,,,,2003-09-16T00:00:00Z,2025-12-19T09:13:46Z,2025-12-19,361,12,,0.1332,-0.3226,,,-0.617,0.1919,,,0.093
1909-8367,2539-4169,1909-8367,otras ingenierias tecnologias ingenieria tecnologia c entre ciencia general civil,science basic sciences engineering education technology,10,6,,,,,,,False,0,,,,,,,,,,2025-09-11T06:35:46Z,2025-09-11T06:35:46Z,2025-09-11,419,46,,0.1403,-0.4221,,,2.266,0.177,,,0.4884
1657-4206,2462-8107,1657-4206,economia negocios ciencias sociales c ecos social as,applied economics quantitative analysis economic public policy issues finances sciences history conditions finance theory demography science,8,16,204.92,EUR,221.31,1.08,582.39,observado,True,0,,,,,,,,,,2013-04-16T22:14:01Z,2019-07-15T03:55:04Z,2019-07-15,171,16,,0.2808,-1.3638,,,-0.2778,0.0368,,,0.1395
1909-2458,2390-0504,1909-2458,otras ingenierias tecnologias ingenieria tecnologia c ingeniare ingeniarebaq general civil,engineering technology,10,2,,,,,,,False,0,,,,,,,,,,2020-09-11T18:16:02Z,2024-08-08T07:58:19Z,2024-08-08,62,10,,0.1401,-0.4191,,,-0.7866,0.1775,,,0.0698
0122-8285,2027-534X,0122-8285,periodismo comunicaciones ciencias sociales a2 q2 q3 palabra clave social media general,arts humanities miscellaneous communication social sciences communications language literature philology linguistics mass journalism periodical press etc,12,16,,,,,,,False,3,18,39,107,1865,82,103,0.67,47.82,0.5698,2006-10-20T13:37:33Z,2019-12-05T20:46:47Z,2019-12-05,1273,21,0.7663551401869159,0.3417,-0.6041,0.749,1.3877,0.1461,0.1499,0.1474,0.4,0.1977
0124-7913,2027-145X,0124-7913,arte humanidades c q2 q3 bitacora urbano territorial urban vivienda social,arts humanities miscellaneous geography planning development urban social sciences habitat territory public policy architecture communities classes races groups city sociology,11,20,661.3,EUR,714.2,1.08,1879.47,observado,True,3,12,39,152,996,65,144,0.28,25.54,0.45,2018-10-30T01:21:58Z,2019-02-18T20:45:35Z,2019-02-18,720,16,0.4276315789473684,0.3511,-0.7701,0.5435,0.5413,-0.2778,0.1252,0.1278,0.25,0.1395
0120-3649,2011-219X,0120-3649,teologia otras humanidades a2 q2 xaveriana,religious arts humanities theologica philosophy religion philosophical theology biblical analytic psychology,6,11,,,,,,,False,3,6,11,51,412,5,51,0.12,37.45,0.1818,2019-03-06T14:32:40Z,2025-10-29T15:15:49Z,2025-10-29,223,24,0.09803921568627451,0.2614,-0.8799,-0.2655,-0.3052,0.4005,0.1089,0.0504,0.1,0.2326
2011-7582,2619-6107,2011-7582,cirugia medicina clinica ciencias medicas salud c q4 colombiana general,surgery medicine wounds injuries diagnosis surgical procedures medical education ethics,10,10,,,,,,,False,1,8,138,253,2825,78,217,0.28,20.47,0.33899999999999997,2021-05-25T08:22:51Z,2021-05-25T08:22:51Z,2021-05-25,2596,36,0.308300395256917,0.1705,-0.0745,-0.2269,-0.023,1.4181,0.2288,0.0541,0.15,0.3721
1794-9998,2256-3067,1794-9998,psicologia ciencias sociales b diversitas perspectivas,psychology philosophy religion,6,3,242.0,EUR,261.36,1.08,687.79,observado,True,0,,,,,,,,,,2016-10-24T11:20:40Z,2025-10-06T11:18:31Z,2025-10-06,541,24,,0.2671,-1.3156,,,0.4005,0.044,,,0.2326
1794-7200,1983-9286,1794-7200,derecho ciencias sociales c criterio libre juridico empresarual constituicao general uniform jurisprudence,law bioethics democracy direito comparative,12,5,,,,,,,False,0,,,,,,,,,,2019-12-26T23:23:10Z,2024-04-05T11:43:28Z,2024-04-05,505,24,,0.1533,-0.5819,,,0.4005,0.1532,,,0.2326
0120-3053,2256-5779,0120-3053,economia negocios ciencias sociales b q4 apuntes cenes social as,economics econometrics finance miscellaneous economic policy regional theory sciences demography science,10,11,,,,,,,False,1,5,20,61,922,39,54,0.68,46.1,0.2353,2013-04-17T21:14:53Z,2026-07-31T18:53:06Z,2026-07-31,623,33,0.639344262295082,0.2143,-0.5546,-0.2526,-0.4463,1.1637,0.1573,0.0516,0.075,0.3372
0121-4772,0120-2596,0121-4772,economia negocios ciencias sociales c q4 social,business management accounting miscellaneous economics econometrics finance social sciences sociology political science statistics probability uncertainty decision applied economic theory history conditions,7,21,2908.3,EUR,3140.96,1.08,8265.68,observado,True,1,10,15,67,437,21,66,0.41,29.13,0.2727,2007-04-12T14:45:37Z,2021-05-26T11:01:21Z,2021-05-26,1295,42,0.31343283582089554,0.074,2.1532,-0.4709,0.2591,1.9268,0.5606,0.0307,0.2,0.4419
0124-0064,2539-3596,0124-0064,salud publica ciencias medicas c q4 general,public health environmental occupational medicine epidemiology community care aspects,7,9,,,,,,,False,1,30,28,205,786,46,202,0.21,28.07,0.5146000000000001,2008-08-04T13:13:01Z,2025-08-08T11:16:27Z,2025-08-08,774,6,0.22439024390243903,0.181,-0.0573,-0.0985,3.0807,-1.1258,0.2314,0.0663,0.7,0.0233
0120-9957,2518-7880,0120-9957,gastroenterologia hepatologia medicina clinica ciencias medicas salud c q4 colombiana intestinal gastrointestinal,gastroenterology medicine liver disease peptic ulcer pathology treatment diseases tract internal specialties digestive system,12,14,500.0,EUR,540.0,1.08,1421.05,declarado,True,1,15,86,226,1824,65,202,0.25,21.21,0.3392,2017-08-16T12:54:57Z,2026-02-02T07:35:10Z,,662,10,0.28761061946902655,0.2732,-0.9799,-0.3168,0.9645,-0.7866,0.094,0.0455,0.325,0.0698
1657-4249,2665-2730,1657-4249,otras ciencias sociales c uni pluriversidad general,teacher education higher special aspects,7,5,,,,,,,False,0,,,,,,,,,,2019-08-01T21:27:18Z,2023-08-16T12:38:39Z,2023-08-16,337,32,,0.1513,-0.5587,,,1.0789,0.1567,,,0.3256
0121-5612,1900-6004,0121-5612,ciencias politicas sociales a1 q4 colombia internacional colombian general,law social sciences relations comparative politics political theory science,9,9,2140.37,EUR,2311.6,1.08,6083.16,observado,True,1,5,7,35,453,4,16,0.12,64.71,0.5,2007-08-15T14:56:27Z,2026-07-10T18:31:35Z,2026-06-21,876,52,0.11428571428571428,0.0893,1.1542,-0.5737,-0.4463,2.7748,0.4118,0.0209,0.075,0.5581
0120-3916,1657-0448,0120-3916,educacion general incluye capacitacion pedagogia ciencias sociales b q4 colombiana,dermatology surgery medicine pedagogy politics philosophy history sociology education,10,9,,,,,,,False,1,2,58,123,889,5,91,0.06,15.33,0.5539999999999999,2013-05-06T19:20:08Z,2025-03-28T07:45:13Z,2025-03-28,1288,12,0.04065040650406504,0.1587,-0.5567,-0.7278,-0.8695,-0.617,0.157,0.0061,0.0,0.093
1794-9831,2322-7028,1794-9831,ciencias salud medicas c q4 ciencia cuidado,history political science relations arts humanities social sciences nursing health care promotion disease prevention evidence based practice medicine internal medical emergencies critical intensive first aid,7,25,,,,,,,False,1,3,23,57,1014,4,52,0.08,44.09,0.23079999999999998,2017-06-23T10:43:07Z,2020-05-25T16:04:56Z,2020-05-25,388,16,0.07017543859649122,0.119,-0.0637,-0.7791,-0.7284,-0.2778,0.2304,0.0012,0.025,0.1395
0121-215X,2256-5442,0121-215X,geociencias multidisciplinario ciencias tierra medioambientales naturales b q3 q4 geografia colombiana human general,geography planning development earth planetary sciences miscellaneous environmental science social physical applications developments technologies geographical information anthropology recreation,13,18,416.0,EUR,449.28,1.08,1182.32,observado,True,2,10,43,92,2063,49,86,0.34,47.98,0.40399999999999997,2011-04-19T11:41:42Z,2026-07-08T18:38:42Z,2026-06-19,955,33,0.532608695652174,0.4369,-1.0892,0.505,0.2591,1.1637,0.0777,0.1241,0.2,0.3372
0120-338X,2256-5469,0120-338X,linguistica idiomas literatura humanidades c q3 forma funcion,linguistics language social sciences theoretic applied ethnolinguistics sociolinguistics psycholinguistics semiotics literature philology,8,12,,,,,,,False,2,4,19,45,880,22,43,0.39,46.32,0.5484,2008-04-18T12:26:27Z,2022-09-19T11:23:05Z,2022-09-19,1436,52,0.4888888888888889,0.2927,-0.8517,-0.0086,-0.5873,2.7748,0.1131,0.0749,0.05,0.5581
0121-3814,2602-408X,0121-3814,educacion general incluye capacitacion pedagogia ciencias sociales c tecne episteme,tea didaxis islamic culture archaeology history art turkish literature music fine arts,10,12,2972.0,EUR,3209.76,1.08,8446.74,observado,True,0,,,,,,,,,,2023-12-05T08:56:54Z,2023-12-05T08:56:54Z,2023-12-05,569,16,,0.0582,2.2361,,,-0.2778,0.5729,,,0.1395
0121-8123,2027-9000,0121-8123,otros temas medicina clinica ciencias medicas salud c q3 q4 colombiana reumatologia scientific general civil,internal medicine pharmaceutical science rehabilitation immunology allergy rheumatology pharmacology toxicology pharmaceutics logi transport logistics warehousing handling vehicle sustainability technology engineering transportation,15,21,150.0,EUR,162.0,1.08,426.32,declarado,True,2,13,83,238,2216,112,213,0.49,26.7,0.5365,2024-04-02T13:46:11Z,2026-07-24T16:43:03Z,2026-07-24,208,12,0.47058823529411764,0.614,-1.4353,0.5178,0.6824,-0.617,0.0262,0.1253,0.275,0.093
0120-2804,2357-3791,0120-2804,quimica analitica ciencias quimicas naturales c q4 colombiana,chemistry miscellaneous organic biochemistry applied analytical physical inorganic science,8,9,,,,,,,False,1,11,7,48,405,13,48,0.13,57.86,0.55,2013-01-10T20:37:09Z,2026-06-10T20:06:40Z,2026-06-10,808,12,0.2708333333333333,0.149,-0.2482,-0.5865,0.4002,-0.617,0.2029,0.0197,0.225,0.093
2145-6097,2145-6453,2145-6097,agronomia agricultura silvicultura pesca ciencias agricolas c investigacion agraria ambiental,agricultural sciences ecology environmental agriculture geography anthropology recreation,10,8,,,,,,,False,0,,,,,,,,,,2018-01-23T17:42:35Z,2020-08-06T13:41:25Z,2020-08-06,490,7,,0.1216,-0.1335,,,-1.041,0.22,,,0.0349
0123-921X,2248-7638,0123-921X,otras ingenierias tecnologias ingenieria tecnologia b tecnura general civil,engineering science technology,9,3,,,,,,,False,0,,,,,,,,,,2012-02-24T13:54:42Z,2021-07-28T21:42:59Z,2021-07-28,556,40,,0.1402,-0.4208,,,1.7572,0.1772,,,0.4186
0120-4203,2590-4604,0120-4203,negocios economia ciencias sociales c contaduria universidad antioquia social,management accounting finance auditing taxes sciences commerce business bookkeeping,9,9,,,,,,,False,0,,,,,,,,,,2019-06-06T15:41:30Z,2020-07-23T13:14:51Z,2020-07-23,52,14,,0.1513,-0.5587,,,-0.4474,0.1567,,,0.1163
0120-0739,2256-201X,0120-0739,forestal agricultura silvicultura pesca ciencias agricolas b q3 q4 colombia,forestry nature landscape conservation soil science agricultural biological sciences environmental silviculture forest ecology biodiversity health agriculture,10,16,1999.2,EUR,2159.14,1.08,5681.95,observado,True,2,11,18,44,970,31,44,0.6,53.89,0.3065,2013-05-31T13:23:51Z,2023-10-23T05:31:55Z,2023-10-23,255,20,0.7045454545454546,0.1685,0.9705,0.6077,0.4002,0.0613,0.3845,0.1339,0.225,0.186
0120-3932,,0120-3932,economia negocios ciencias sociales c economicas cuc social as,management economics education accounting sciences economic theory demography science,9,9,1828.49,EUR,1974.77,1.08,5196.76,observado,True,0,,,,,,,,,,2015-11-10T13:17:26Z,2018-10-17T07:21:28Z,2018-10-17,239,8,,0.0865,0.7484,,,-0.9562,0.3514,,,0.0465
0120-3592,2449-9471,0120-3592,negocios economia ciencias sociales c administracion sector general,management public administration policy political science institutions,8,7,,,,,,,False,0,,,,,,,,,,2016-10-15T10:26:56Z,2026-07-24T16:40:22Z,2026-07-24,350,30,,0.1532,-0.5806,,,0.9093,0.1534,,,0.3023
0123-2126,2011-2769,0123-2126,ingenieria civil tecnologia b q4 universidad natural social tecnology,engineering miscellaneous sciences health mathematical logic information agriculture,9,8,,,,,,,False,1,14,10,40,354,26,38,0.21,35.4,0.23809999999999998,2024-10-22T06:38:35Z,2024-10-22T06:38:35Z,2024-10-22,1041,12,0.65,0.212,-0.3862,-0.0985,0.8234,-0.617,0.1824,0.0663,0.3,0.093
0012-7353,2346-2183,0012-7353,ingenieria civil tecnologia b q4 colombia mineral material,engineering miscellaneous dyna mining industries electrical technology metallurgy,8,8,1657.98,EUR,1790.62,1.08,4712.16,observado,True,1,32,83,288,2828,243,284,0.82,34.07,0.3948,2006-05-22T13:41:07Z,2023-08-16T06:30:40Z,2023-08-16,2656,24,0.84375,0.1781,0.5266,0.3766,3.3628,0.4005,0.3183,0.1118,0.75,0.2326
2011-2173,1657-0448,2011-2173,otras ciencias agricolas b q4 colombiana horticolas molecular,dermatology surgery medicine endocrinology diabetes osteoporosis obesity nutrition dyslipidemias biology internal specialties diseases endocrine glands clinical,8,16,2000.0,EUR,2160.0,1.08,5684.21,observado,True,1,2,58,123,889,5,91,0.06,15.33,0.5539999999999999,2023-02-24T12:55:55Z,2023-02-24T12:55:55Z,2023-02-24,790,12,0.04065040650406504,0.0846,0.9715,-0.7278,-0.8695,-0.617,0.3846,0.0061,0.0,0.093
1657-0790,2256-5760,1657-0790,ciencias educacion sociales b q1 q3,linguistics language education social sciences profile issues teachers professional development teaching methods curriculum english applied theory practice,6,17,,,,,,,False,4,16,26,88,1069,109,82,1.25,41.12,0.5333,2007-10-26T08:43:08Z,2025-04-30T19:13:48Z,2025-04-30,618,36,1.2386363636363635,0.5774,-0.612,2.6752,1.1056,1.4181,0.1488,0.3317,0.35,0.3721
0120-6346,2248-4345,0120-6346,economia negocios ciencias sociales c semestre economico laboral social as,economics regional development market finance poverty sciences economic theory demography science,10,11,1828.49,EUR,1974.77,1.08,5196.76,observado,True,0,,,,,,,,,,2015-11-18T14:16:36Z,2021-03-01T14:11:24Z,2021-03-01,8,6,,0.0865,0.7484,,,-1.1258,0.3514,,,0.0233
2027-5137,2322-777X,2027-5137,historia arqueologia humanidades c q2 memoria general europe,history arts humanities memory historiography america latin spanish,8,8,1116.0,EUR,1205.28,1.08,3171.79,observado,True,3,7,22,82,1062,26,75,0.33,48.27,0.4211,2017-02-23T22:26:30Z,2023-11-01T13:33:12Z,2023-11-01,416,26,0.3170731707317073,0.2273,-0.1785,0.2739,-0.1641,0.5701,0.2133,0.102,0.125,0.2558
1692-8563,2322-956X,1692-8563,negocios economia ciencias sociales b dimension empresarial institucional financial social,management innovation economics administration entrepreneurship organizations sciences commerce business,10,9,,,,,,,False,0,,,,,,,,,,2017-01-31T11:30:36Z,2019-04-03T19:35:05Z,2019-04-03,36,16,,0.1534,-0.5824,,,-0.2778,0.1532,,,0.1395
2215-910X,2017-5692,2215-910X,negocios economia ciencias sociales b q4 suma social general,management business accounting miscellaneous marketing administration economics trade sciences,9,9,,,,,,,False,1,7,17,49,979,46,49,1.21,57.59,0.2857,2015-07-20T17:58:54Z,2026-02-07T17:34:30Z,2022-04-25,299,8,0.9387755102040817,0.2436,-0.5589,-0.0086,-0.1641,-0.9562,0.1567,0.0749,0.125,0.0465
1794-2489,2011-2742,1794-2489,otras ciencias sociales b tabula rasa humanidades social cultural general,sciences antropology geography anthropology recreation,10,5,,,,,,,False,0,,,,,,,,,,2017-04-07T18:13:04Z,2025-06-19T09:14:32Z,2025-06-19,869,24,,0.1533,-0.5819,,,0.4005,0.1532,,,0.2326
0124-8170,1909-7735,0124-8170,otras ingenierias tecnologias ingenieria tecnologia b ciencia neogranadina civil general,engineering technology materials science electronic,10,5,1806.0,EUR,1950.48,1.08,5132.84,observado,True,0,,,,,,,,,,2016-10-24T09:33:27Z,2021-08-03T16:43:02Z,2021-08-03,919,20,,0.0873,0.7192,,,0.0613,0.347,,,0.186
1657-4583,2145-8456,1657-4583,otras ingenierias tecnologias ingenieria tecnologia b uis general civil,mechanical engineering industrial design applied sciences materials science decision manufacturing technology,9,11,,,,,,,False,0,,,,,,,,,,2018-03-03T13:21:02Z,2020-03-23T14:03:33Z,2020-03-23,782,12,,0.1401,-0.42,,,-0.617,0.1774,,,0.093
1909-8391,1847-7755,1909-8391,psicologia ciencias sociales b tesis psicologica sic casopis za knjizevnost kulturu knjizevno social general,i prevodjenje culture literature translation humanities sciences language,14,8,1005.27,EUR,1085.69,1.08,2857.08,observado,True,0,,,,,,,,,,2011-12-03T16:09:38Z,2021-05-14T08:47:41Z,2021-05-14,448,24,,0.1332,-0.3226,,,0.4005,0.1919,,,0.2326
0121-182X,1909-7727,0121-182X,derecho ciencias sociales c prolegomenos derechos valores jurisprudence,law,8,1,,,,,,,False,0,,,,,,,,,,2017-06-08T22:47:51Z,2021-08-10T15:11:48Z,2021-08-10,392,13,,0.1534,-0.5824,,,-0.5322,0.1532,,,0.1047
1794-192X,2256-3202,1794-192X,psicologia ciencias sociales b q3 q4 guillermo humanidades teologia filosofia educacion social general,arts humanities miscellaneous psychology social sciences ockman ockham,13,8,,,,,,,False,2,6,20,108,1022,39,98,0.34,51.1,0.4103,2021-11-12T08:31:48Z,2022-08-29T11:38:08Z,2022-08-29,207,24,0.3611111111111111,0.2285,-0.5824,-0.1627,-0.3052,0.4005,0.1532,0.0602,0.1,0.2326
0120-0011,0123-2576,0120-0011,otras ciencias medicas salud c q4 facultad medicina universidad nacional colombia general,education medical laboratory technology medicine miscellaneous health professions social sciences public,12,11,1448.6,EUR,1564.49,1.08,4117.08,observado,True,1,4,0,62,0,16,50,0.28,0.0,0.0,2006-09-29T11:54:57Z,2023-12-13T08:13:26Z,2023-12-13,3848,24,0.25806451612903225,0.13,0.2542,-0.4581,-0.5873,0.4005,0.2778,0.0319,0.05,0.2326
0122-9761,1991-6086,0122-9761,oceanografia hidrologia recursos agua ciencias tierra medioambientales naturales b investigaciones marinas costeras,ocean resources marine sciences coastal caribbean ecology biodiversity geography anthropology recreation oceanography,12,12,,,,,,,False,0,,,,,,,,,,2016-03-28T19:57:52Z,2024-04-03T11:53:39Z,2024-04-03,532,12,,0.131,-0.2889,,,-0.617,0.1969,,,0.093
1909-941X,2389-7848,1909-941X,economia negocios ciencias sociales c financial social as,clio america business administration economics sciences economic theory demography science,8,10,2200.0,EUR,2376.0,1.08,6252.63,observado,True,0,,,,,,,,,,2015-04-08T13:52:24Z,2026-08-07T16:52:33Z,2026-07-04,256,24,,0.0747,1.2317,,,0.4005,0.4234,,,0.2326
2145-3535,2422-3271,2145-3535,psicologia incluye terapias aprendizaje habla visual otras discapacidades fisicas mentales ciencias sociales c informes psicologicos sic casopis za knjizevnost kulturu knjizevno social general,i prevodjenje culture literature translation humanities sciences language,23,8,,,,,,,False,0,,,,,,,,,,2011-12-03T16:09:38Z,2021-05-14T08:47:41Z,2021-05-14,448,24,,0.1532,-0.5806,,,0.4005,0.1534,,,0.2326
0122-0268,1909-0544,0122-0268,ciencias veterinarias agricolas b q4 mvz cordoba,animal science zoology aquatic veterinary miscellaneous agricultural biological sciences coconut development agriculture farming harvesting biotechnology,7,15,,,,,,,False,1,18,34,144,1086,64,141,0.35,31.94,0.3782,2020-08-19T09:50:04Z,2020-08-19T09:50:04Z,2020-08-19,376,12,0.4444444444444444,0.2034,-0.11,0.0941,1.3877,-0.617,0.2235,0.0848,0.4,0.093
0121-6805,1909-7719,0121-6805,economia negocios ciencias sociales b facultad economicas investigacion reflexion social as,accounting management economics economy bussines sciences economic history conditions theory demography science,11,12,1828.49,EUR,1974.77,1.08,5196.76,observado,True,0,,,,,,,,,,2016-10-24T08:50:52Z,2021-08-03T17:15:24Z,2021-08-03,1235,24,,0.0865,0.7484,,,0.4005,0.3514,,,0.2326
1900-3803,2539-0279,1900-3803,otras ciencias sociales b entramado social general,sciences economics law management education,7,5,,,,,,,False,0,,,,,,,,,,2017-09-16T15:45:11Z,2020-02-21T21:59:10Z,2020-02-21,640,12,,0.1531,-0.5793,,,-0.617,0.1536,,,0.093
1794-5887,2539-1208,1794-5887,filosofia otras humanidades a2 q2 q3 q4 co herencia,literature literary theory visual arts performing history music philosophy sociology political science humanities social sciences politics america language psychology religion,9,20,,,,,,,False,3,9,13,85,561,17,81,0.16,43.15,0.0667,2009-09-15T11:54:26Z,2026-07-29T10:46:17Z,,354,16,0.2,0.2242,-0.8911,-0.5351,0.1181,-0.2778,0.1072,0.0246,0.175,0.1395
0122-8102,2346-1691,0122-8102,teoria literaria idiomas literatura humanidades b q3 estudios linguisticos literarios italian portuguese,literature literary theory arts humanities linguistics discourse analysis language philology french spanish,12,12,2628.61,EUR,2838.9,1.08,7470.79,observado,True,2,5,11,62,357,5,59,0.05,32.45,0.6667000000000001,2022-10-11T16:13:21Z,2022-10-11T16:13:21Z,2022-10-11,85,16,0.08064516129032258,0.0703,1.7894,-0.6764,-0.4463,-0.2778,0.5064,0.0111,0.075,0.1395
1900-0642,2323-0886,1900-0642,economia negocios ciencias sociales c criterio libre socio social,public accounting economic sciences business commerce communication including report writing correspondence,9,11,,,,,,,False,0,,,,,,,,,,2022-05-17T10:02:45Z,2022-05-17T10:02:45Z,2022-05-17,81,20,,0.1531,-0.5793,,,0.0613,0.1536,,,0.186
0121-8697,0120-1867,0121-8697,derecho ciencias sociales c q3 q4 jurisprudence general uniform,law political science relations social sciences comparative,9,7,,,,,,,False,2,4,13,52,576,12,50,0.26,44.31,0.3125,2009-11-17T17:20:14Z,2019-09-21T23:03:04Z,2019-09-21,530,24,0.23076923076923078,0.239,-0.5587,-0.0472,-0.5873,0.4005,0.1567,0.0713,0.05,0.2326
0304-2847,2248-7026,0304-2847,otras ciencias agricolas c q3 facultad nacional agronomia general,agricultural biological sciences miscellaneous agronomy crop science animal zoology food forestry horticulture medellin engineering production biotechnology agriculture,9,17,,,,,,,False,2,17,50,136,1398,128,123,1.09,27.96,0.35,2012-05-22T08:27:57Z,2022-09-03T18:28:44Z,2022-09-03,1202,16,0.9411764705882353,0.2619,-0.1163,0.7105,1.2467,-0.2778,0.2226,0.1437,0.375,0.1395
1900-6586,2500-7645,1900-6586,otras ciencias sociales c q2 cientifica general maria cordova colombian social,law political science relations public administration safety risk reliability quality social sciences miscellaneous sociology engineering jose military strategic security defense,11,20,895.15,EUR,966.76,1.08,2544.11,observado,True,3,10,45,164,2113,158,150,0.8,46.96,0.24359999999999998,2019-04-26T03:22:39Z,2024-05-31T07:25:17Z,2024-05-31,620,14,0.9634146341463414,0.5745,-0.4659,3.0604,0.2591,-0.4474,0.1705,0.3686,0.2,0.1163
0120-3584,1900-7760,0120-3584,economia negocios ciencias sociales c q3 q4 desarrollo sociedad social as,political science relations sociology development economics econometrics finance social sciences sciencies academy investigation economic history conditions theory demography,11,18,,,,,,,False,2,11,17,58,678,19,51,0.31,39.88,0.303,2020-08-21T14:24:11Z,2020-08-21T14:24:11Z,2020-08-21,168,12,0.3275862068965517,0.2695,-0.5798,0.184,0.4002,-0.617,0.1536,0.0934,0.225,0.093
1794-2470,,1794-2470,ciencias salud medicas b nova publicacion cientifica general,biomedical sciences medical microbiology life medicine science biology,8,8,2900.0,EUR,3132.0,1.08,8242.11,observado,True,0,,,,,,,,,,2017-03-15T18:45:18Z,2019-04-07T21:59:46Z,2019-04-07,361,16,,0.0594,2.1424,,,-0.2778,0.559,,,0.1395
0123-7799,2256-5337,0123-7799,otras ingenierias tecnologias ingenieria tecnologia c tecno tecnologicas general civil,logicas engineering applied science technology computational methods mathematics,10,8,,,,,,,False,0,,,,,,,,,,2013-05-10T17:19:13Z,2020-06-06T20:20:06Z,2020-06-06,654,28,,0.1403,-0.4217,,,0.7397,0.1771,,,0.2791
0120-5609,2248-8723,0120-5609,ingenieria civil tecnologia b q3 q4 investigacion general,health professions miscellaneous occupational therapy physical sports rehabilitation public environmental speech hearing medicine engineering education technology,8,16,,,,,,,False,2,6,46,89,1864,64,83,0.85,40.52,0.49439999999999995,2012-04-27T08:29:46Z,2023-10-06T13:39:15Z,2023-10-06,1559,24,0.7191011235955056,0.2716,-0.4083,0.428,-0.3052,0.4005,0.1791,0.1167,0.1,0.2326
1657-4915,2389-7856,1657-4915,sociologia ciencias sociales c praxis,special education,5,2,2380.0,EUR,2570.4,1.08,6764.21,observado,True,0,,,,,,,,,,2015-07-27T19:30:36Z,2020-02-27T20:31:44Z,2020-02-27,343,24,,0.07,1.4659,,,0.4005,0.4582,,,0.2326
0120-5323,1698-7950,0120-5323,filosofia otras humanidades c universitas derecho human general uniform jurisprudence,philosophica politica political philosophy law rights science gender politics comparative public psychology religion,10,13,2255.17,EUR,2435.58,1.08,6409.42,observado,True,0,,,,,,,,,,2025-11-12T13:49:28Z,2025-11-12T13:49:28Z,2025-11-12,0,20,,0.0732,1.3035,,,0.0613,0.434,,,0.186
0041-9060,2011-1711,0041-9060,derecho ciencias sociales b q2 vniversitas universitas filosofia human general uniform jurisprudence,law social sciences politica political philosophy rights science gender politics comparative public psychology religion,12,14,,,,,,,False,3,7,25,62,2172,22,61,0.22,86.88,0.3333,2025-11-12T13:49:28Z,2025-11-12T13:49:28Z,2025-11-12,0,20,0.3548387096774194,0.5078,-0.5933,2.1487,-0.1641,0.0613,0.1515,0.2813,0.125,0.186
0120-419X,2145-8472,0120-419X,matematica ciencias naturales c integracion,applied mathematics statistics science,5,4,2594.99,EUR,2802.59,1.08,7375.24,observado,True,0,,,,,,,,,,2014-05-12T20:32:01Z,2020-05-12T10:28:47Z,2014-05-12,769,16,,0.0652,1.7456,,,-0.2778,0.4999,,,0.1395
0121-4004,2145-2660,0121-4004,farmacologia farmacia medicina basica ciencias medicas salud c natural social labor,vitae pharmacy pharmaceutical care cosmetics products biotechnology food technology chemical processing manufacture sciences industries land use special trades industry,11,19,1176.26,EUR,1270.36,1.08,3343.05,observado,True,0,,,,,,,,,,2019-12-23T18:31:11Z,2023-05-08T08:58:24Z,2023-05-08,1117,12,,0.1198,-0.1001,,,-0.617,0.225,,,0.093
0123-3432,2145-566X,0123-3432,linguistica idiomas literatura humanidades b q1 q2 q3 ikala lenguaje cultura italian portuguese,cultural literature literary theory linguistics language education arts humanities social sciences efl acquisition translation philology french spanish,13,17,,,,,,,False,4,15,37,116,1871,113,115,0.72,50.57,0.6029,2017-12-22T16:51:34Z,2021-12-09T15:57:50Z,2021-12-09,930,12,0.9741379310344828,0.5554,-0.8922,1.7378,0.9645,-0.617,0.107,0.242,0.325,0.093
1657-8961,2665-3281,1657-8961,psicologia incluye terapias aprendizaje habla visual otras discapacidades fisicas mentales ciencias sociales b pensamiento psicologico,health psychological welfare psychology applied philosophy religion,15,7,,,,,,,False,0,,,,,,,,,,2016-11-22T10:13:36Z,2020-08-31T16:25:31Z,2020-08-31,367,36,,0.1523,-0.5699,,,1.4181,0.155,,,0.3721
0120-2456,2256-5647,0120-2456,historia arqueologia humanidades c q2 anuario colombiano social cultura colombian general europe,cultural history arts humanities social sciences historiography latin american america spanish,12,11,1116.0,EUR,1205.28,1.08,3171.79,observado,True,3,11,41,118,1802,24,114,0.2,43.95,0.3514,2013-01-06T16:55:29Z,2021-07-12T17:41:27Z,2021-07-12,2078,43,0.2033898305084746,0.1876,-0.1785,-0.1371,0.4002,2.0116,0.2133,0.0627,0.225,0.4535
1657-9763,2448-8585,1657-9763,arquitectura urbanismo arte humanidades c apuntes electorales social general,politics elections democracy political parties citizen participation sciences,9,8,,,,,,,False,0,,,,,,,,,,2016-08-07T14:32:46Z,2020-04-29T16:15:35Z,2020-04-29,665,25,,0.184,-0.8689,,,0.4853,0.1105,,,0.2442
1692-8261,2216-1368,1692-8261,otras ingenierias tecnologias ingenieria tecnologia b prospectiva,mechanical engineering technological development technology machinery,7,6,2838.0,EUR,3065.04,1.08,8065.89,observado,True,0,,,,,,,,,,2017-04-20T16:56:49Z,2020-08-05T14:30:22Z,2020-08-05,386,16,,0.0605,2.0618,,,-0.2778,0.547,,,0.1395
0124-6127,2718-6474,0124-6127,filosofia otras humanidades c q2 discusiones filosoficas legal criminal social general uniform jurisprudence,philosophy arts humanities theory law political constitutional interpretation sciences sociology comparative science,13,12,,,,,,,False,3,6,12,55,394,12,51,0.22,32.83,0.22219999999999998,2022-06-07T19:53:01Z,2022-06-07T19:53:01Z,2022-06-07,322,12,0.21818181818181817,0.3546,-0.8894,0.3637,-0.3052,-0.617,0.1075,0.1106,0.1,0.093
2145-4892,2256-1102,2145-4892,psicologia incluye terapias aprendizaje habla visual otras discapacidades fisicas mentales ciencias sociales c universidad antioquia social,behavioral sciences clinical psychology occupational educational psychosocial philosophy religion,16,9,242.0,EUR,261.36,1.08,687.79,observado,True,0,,,,,,,,,,2021-01-11T09:56:14Z,2021-01-11T09:56:14Z,2021-01-11,0,16,,0.2671,-1.3156,,,-0.2778,0.044,,,0.1395
2027-1174,2027-1182,2027-1174,educacion general incluye capacitacion pedagogia ciencias sociales c q3 magis internacional investigacion,education social sciences didactics pedagogy,12,5,,,,,,,False,2,18,29,80,1251,40,80,0.33,43.14,0.7193,2010-11-16T15:20:15Z,2021-07-14T17:58:11Z,2021-07-14,462,48,0.5,0.3136,-0.5699,0.5692,1.3877,2.4356,0.155,0.1302,0.4,0.5116
2145-549X,2422-4200,2145-549X,otras humanidades b logos ciencia 6 tecnologia general social,police science technology works history scholarship learning humanities sciences,9,9,243.34,EUR,262.81,1.08,691.61,observado,True,0,,,,,,,,,,2016-01-21T13:46:05Z,2024-01-10T13:44:41Z,2024-01-10,389,12,,0.2667,-1.3138,,,-0.617,0.0442,,,0.093
0486-6525,2389-7708,0486-6525,antropologia sociologia ciencias sociales a2 q4 colombiana,nephrology medicine anthropology geography recreation,7,5,,,,,,,False,1,5,44,122,1381,24,109,0.23,31.39,0.4036,2017-12-20T14:43:36Z,2023-12-29T16:22:10Z,2023-12-29,1331,42,0.19672131147540983,0.1843,-0.5563,-0.5095,-0.4463,1.9268,0.1571,0.027,0.075,0.4419
1900-3080,2357-4607,1900-3080,medicina clinica ciencias medicas salud c nacional odontologia,dentistry public health clinical medicine,8,5,,,,,,,False,0,,,,,,,,,,2015-10-26T12:40:38Z,2021-03-01T13:11:32Z,2021-03-01,0,20,,0.1197,-0.0975,,,0.0613,0.2254,,,0.186
0120-0062,2011-3668,0120-0062,otras humanidades b q3 valores colombiana filosofia colombia general,philosophy arts humanities ideas history latin american psychology religion,9,9,2709.03,EUR,2925.75,1.08,7699.34,observado,True,2,8,31,181,1060,18,176,0.08,34.19,0.1471,2007-05-03T11:18:37Z,2026-01-21T16:05:28Z,2026-01-21,3398,53,0.09944751381215469,0.0717,1.894,-0.6122,-0.023,2.8596,0.522,0.0172,0.15,0.5698
0122-5383,2382-4581,0122-5383,ingenieria procesos quimica tecnologia c ciencia futuro social labor fuel,ct f chemical engineering earth planetary sciences energy oil alternative sources industries land use special trades policy trade technology,10,19,902.03,EUR,974.19,1.08,2563.66,observado,True,0,,,,,,,,,,2022-09-13T11:24:00Z,2024-10-22T10:49:02Z,2024-10-22,357,24,,0.1429,-0.4569,,,0.4005,0.1719,,,0.2326
1900-4699,2797-0965,1900-4699,otras biologias ciencias biologicas naturales c q3 q4 facultad basicas,health professions miscellaneous occupational therapy physical sports rehabilitation public environmental speech hearing medicine basica primary education elementary learning strategies islamic special aspects,10,22,2000.0,EUR,2160.0,1.08,5684.21,observado,True,2,6,46,89,1864,64,83,0.85,40.52,0.49439999999999995,2025-05-08T05:33:59Z,2025-05-08T05:33:59Z,2025-05-08,31,16,0.7191011235955056,0.1572,0.9715,0.428,-0.3052,-0.2778,0.3846,0.1167,0.1,0.1395
1692-7311,2794-0462,1692-7311,economia negocios ciencias sociales c equidad desarrollo social,cooperation development relations science economic sciences,8,6,,,,,,,False,0,,,,,,,,,,2022-12-20T13:36:06Z,2022-12-20T13:36:05Z,2022-12-20,0,8,,0.1533,-0.5819,,,-0.9562,0.1532,,,0.0465
1794-9165,2256-4314,1794-9165,otras ingenierias tecnologias ingenieria tecnologia b q4 ciencia general,history political science relations arts humanities social sciences mathematics physics chemistry geology biology engineering technology,9,15,,,,,,,False,1,3,23,57,1014,4,52,0.08,44.09,0.23079999999999998,2012-07-13T15:06:25Z,2021-07-21T22:23:30Z,2021-07-21,314,5,0.07017543859649122,0.1392,-0.3879,-0.7791,-0.7284,-1.2106,0.1821,0.0012,0.025,0.0116
2145-9258,2389-7724,2145-9258,ciencias educacion sociales c cultura sociedad human social general,sciences education culture society psychology philosophy religion sociology,9,8,,,,,,,False,0,,,,,,,,,,2020-10-29T09:17:03Z,2020-10-29T09:17:03Z,2020-10-29,124,12,,0.1533,-0.5815,,,-0.617,0.1533,,,0.093
1657-8953,2619-189X,1657-8953,otras ciencias sociales b civilizar humanas social,law politics economics philosophy science sciences,7,6,,,,,,,False,0,,,,,,,,,,2009-12-01T17:14:01Z,2020-04-20T13:10:58Z,2020-04-20,651,26,,0.1534,-0.5824,,,0.5701,0.1532,,,0.2558
0120-4645,2256-5078,0120-4645,negocios economia ciencias sociales b administracion social,management business economics accounting public policies sciences commerce,7,8,,,,,,,False,0,,,,,,,,,,2016-11-21T09:13:57Z,2022-08-17T18:12:01Z,2022-08-17,863,16,,0.1532,-0.5802,,,-0.2778,0.1535,,,0.1395
1692-3030,1406-5509,1692-3030,derecho ciencias sociales c juridicas cuc penal code civil fundamental personal europe,estonian law rights european,12,4,,,,,,,False,0,,,,,,,,,,2017-08-14T17:44:36Z,2025-03-31T08:15:18Z,2025-03-31,0,20,,0.1533,-0.5815,,,0.0613,0.1533,,,0.186
0123-4870,,0123-4870,otras humanidades b folios,,4,0,,,,,,,False,0,,,,,,,,,,,,,,,,0.182,-0.853,,,,0.1129,,,
0124-0021,1852-4222,0124-0021,derecho ciencias sociales c dialogos saberes social,economics accounting taxation management statistics sciences economic theory demography,7,9,243.34,EUR,262.81,1.08,691.61,observado,True,0,,,,,,,,,,2011-03-10T13:13:49Z,2025-01-29T15:53:55Z,2025-01-29,47,34,,0.2667,-1.3138,,,1.2485,0.0442,,,0.3488
1909-3667,2415-0940,1909-3667,otras ingenierias tecnologias ingenieria tecnologia c tecciencia,biology physics chemistry mathematics statistics earth sciences science,7,8,,,,,,,False,0,,,,,,,,,,2022-03-09T09:29:05Z,2022-05-30T10:37:10Z,2022-05-30,548,16,,0.1403,-0.4221,,,-0.2778,0.177,,,0.1395
1900-3099,2382-3984,1900-3099,psicologia incluye terapias aprendizaje habla visual otras discapacidades fisicas mentales ciencias sociales c pensando social,psychology cognition health educational philosophy religion consciousness,15,7,,,,,,,False,0,,,,,,,,,,2016-02-09T12:43:50Z,2021-07-21T22:37:16Z,2021-07-21,0,20,,0.1533,-0.5819,,,0.0613,0.1532,,,0.186
0120-8942,2027-5366,0120-8942,derecho ciencias sociales c q3 q4 dikaion lo justo general uniform jurisprudence,philosophy law arts humanities social sciences comparative,12,7,682.0,EUR,736.56,1.08,1938.32,observado,True,2,4,13,53,483,10,45,0.21,37.15,0.1818,2017-06-05T23:10:41Z,2021-07-17T23:09:55Z,2021-07-17,864,30,0.18867924528301888,0.2284,-0.7432,-0.3425,-0.5873,0.9093,0.1292,0.043,0.05,0.3023
1692-1798,2339-3483,1692-1798,otras ingenierias tecnologias ingenieria tecnologia c civil general,iteckne electronic engineering mechatronics sciences telecommunications technology,8,7,,,,,,,False,0,,,,,,,,,,2018-04-30T11:34:56Z,2020-07-29T13:53:06Z,2020-07-29,276,24,,0.14,-0.4187,,,0.4005,0.1776,,,0.2326
0121-246X,2145-7670,0121-246X,odontologia cirugia oral medicina clinica ciencias medicas salud b facultad universidad antioquia,dentistry orthodontrics biotechnology medicine,12,4,,,,,,,False,0,,,,,,,,,,2020-08-31T14:36:48Z,2022-08-17T18:27:14Z,2022-08-17,685,43,,0.1184,-0.0743,,,2.0116,0.2289,,,0.4535
2145-4086,2145-4086,2145-4086,otras ingenierias tecnologias ingenieria tecnologia c general civil,lampsakos engineering science technology,8,4,,,,,,,False,0,,,,,,,,,,2011-02-23T10:38:31Z,2021-12-20T09:50:25Z,2021-12-20,197,12,,0.1403,-0.4217,,,-0.617,0.1771,,,0.093
1909-9746,2248-4728,1909-9746,ingenieria electrica electronica ingenierias informatica tecnologia c algo mas que un estado solido control,vision electronica power electronics robotics automation systems communications engineering telecommunications electrical technology nuclear,14,13,1661.96,EUR,1794.92,1.08,4723.47,observado,True,0,,,,,,,,,,2020-10-20T08:24:41Z,2024-09-02T06:47:09Z,2024-09-02,523,8,,0.0931,0.5318,,,-0.9562,0.3191,,,0.0465
0121-3709,,0121-3709,agricultura silvicultura pesca ciencias agricolas c orinoquia,,7,0,,,,,,,False,0,,,,,,,,,,,,,,,,0.1208,-0.1175,,,,0.2224,,,
1657-4923,2389-7872,1657-4923,antropologia sociologia ciencias sociales c pana social general,jangwa anthropology sciences archaeology history humanities works,8,7,,,,,,,False,0,,,,,,,,,,2015-04-08T13:58:44Z,2020-02-20T15:42:53Z,2015-04-08,674,24,,0.1532,-0.5806,,,0.4005,0.1534,,,0.2326
0120-5633,2357-3260,0120-5633,ciencias cuidado salud servicios administracion hospitales financiamiento medicas c q4 colombiana cardiologia cardiovascular,dermatology surgery medicine cardiology disease clinical interventional internal specialties diseases circulatory system,13,12,,,,,,,False,1,2,58,123,889,5,91,0.06,15.33,0.5539999999999999,2021-06-17T12:37:00Z,2022-08-17T18:18:56Z,2022-08-17,1971,80,0.04065040650406504,0.1243,-0.0737,-0.7278,-0.8695,5.149,0.2289,0.0061,0.0,0.8837
0120-8462,2500-5375,0120-8462,filosofia otras humanidades c latinoamericana general,political philosophy ethics psychology religion,6,5,1828.24,EUR,1974.5,1.08,5196.05,observado,True,0,,,,,,,,,,2017-04-17T16:02:10Z,2022-03-17T17:52:20Z,2022-03-17,0,12,,0.0865,0.7481,,,-0.617,0.3513,,,0.093
0123-3122,2027-5382,0123-3122,biotecnologia salud ciencias medicas c persona,bioetica psychology health personality culture philosophy religion,6,7,,,,,,,False,0,,,,,,,,,,2024-11-13T07:23:55Z,2024-11-13T07:23:55Z,2024-11-13,179,34,,0.1197,-0.0975,,,1.2485,0.2254,,,0.3488
0123-0425,2357-6286,0123-0425,educacion general incluye capacitacion pedagogia ciencias sociales b ciudad,education teachers special aspects,9,4,,,,,,,False,0,,,,,,,,,,2018-06-21T14:44:14Z,2026-05-27T18:45:32Z,2026-04-29,545,16,,0.1534,-0.5824,,,-0.2778,0.1532,,,0.1395
2782-4799,2027-1557,2027-1557,medios comunicacion social periodismo comunicaciones ciencias sociales c luciernaga virtual,communication networks linguistics sociology language literature philology sciences,10,8,2140.37,EUR,2311.6,1.08,6083.16,observado,True,0,,,,,,,,,,2024-03-18T17:43:10Z,2024-08-09T10:30:01Z,2024-08-09,177,14,,0.0763,1.1542,,,-0.4474,0.4118,,,0.1163
1794-3841,2422-409X,1794-3841,ciencias sociales interdisciplinaria otras b hallazgos social general,sciences humanities latin american works history scholarship learning,8,8,,,,,,,False,0,,,,,,,,,,2013-08-01T20:23:57Z,2025-10-06T11:20:19Z,2025-10-06,829,20,,0.153,-0.5789,,,0.0613,0.1537,,,0.186
0123-3769,2500-8684,0123-3769,otras humanidades c perspectiva geografica human general,geography physical geographical information land planning environmental geographic technologies anthropology recreation,7,11,2838.0,EUR,3065.04,1.08,8065.89,observado,True,0,,,,,,,,,,2017-09-18T16:54:04Z,2024-04-26T08:52:59Z,2024-04-26,413,12,,0.0605,2.0618,,,-0.617,0.547,,,0.093
0120-1263,2390-0032,0120-1263,otras humanidades c escritos general,literature literary theory philosophy language philology linguistics psychology religion,5,9,,,,,,,False,0,,,,,,,,,,2019-03-27T20:50:07Z,2019-03-27T20:50:07Z,2019-03-27,578,20,,0.1839,-0.8681,,,0.0613,0.1106,,,0.186
0123-4412,2665-3273,0123-4412,estudios literarios idiomas literatura humanidades b q2 q3 q4 colombiana colombian italian portuguese,literature literary theory arts humanities miscellaneous history linguistics language electrical electronic engineering social sciences french spanish,13,16,,,,,,,False,3,3,26,82,548,12,76,0.19,21.08,0.4167,2020-10-26T08:54:43Z,2022-08-17T18:34:28Z,2022-08-17,782,16,0.14634146341463414,0.2373,-0.8687,-0.4196,-0.7284,-0.2778,0.1105,0.0356,0.025,0.1395
2382-5014,2215-7727,2382-5014,otras ciencias sociales c q4 internacional cooperacion desarrollo social,agronomy crop science economics econometrics geography planning development agricultural biological sciences finance social affairs cooperation migration sustainable political relations,9,19,,,,,,,False,1,16,7,28,319,13,28,0.27,45.57,0.2778,2017-11-20T17:17:30Z,2025-07-15T06:42:41Z,2025-07-15,245,16,0.4642857142857143,0.2283,-0.5464,-0.1242,1.1056,-0.2778,0.1585,0.0639,0.35,0.1395
0123-3475,1909-8758,0123-3475,biotecnologia agricola alimentos ciencias agricolas b q4 colombiana,dermatology surgery medicine bioprospection biotechnology agricultural health bioinformatics technology chemical,8,10,837.19,EUR,904.17,1.08,2379.39,observado,True,1,2,58,123,889,5,91,0.06,15.33,0.5539999999999999,2018-04-28T12:20:35Z,2026-05-16T09:36:44Z,2026-05-16,1104,30,0.04065040650406504,0.1573,-0.5413,-0.7278,-0.8695,0.9093,0.1593,0.0061,0.0,0.3023
1794-4953,,1794-4953,otras ingenierias tecnologias ingenieria tecnologia c avancesinvestigacion avances investigacion,basic science engineering applied statistics technology,9,6,,,,,,,False,0,,,,,,,,,,2019-05-06T04:07:14Z,2019-08-30T10:04:12Z,2019-08-30,120,24,,0.1401,-0.4191,,,0.4005,0.1775,,,0.2326
0124-0781,2590-8669,0124-0781,ciencias politicas sociales b q4 reflexion,history political science relations arts humanities social sciences politica politics public policies democracy investigation,6,14,2443.03,EUR,2638.47,1.08,6943.34,observado,True,1,3,23,57,1014,4,52,0.08,44.09,0.23079999999999998,2022-10-26T13:57:25Z,2022-10-26T13:57:25Z,2022-10-26,573,18,0.07017543859649122,0.0692,1.5479,-0.7791,-0.7284,-0.1083,0.4704,0.0012,0.025,0.1628
2145-4426,2145-7778,2145-4426,ciencias sociales interdisciplinaria otras c trilogia ciencia tecnologia sociedad general social,science innovation society technology sciences,11,5,,,,,,,False,0,,,,,,,,,,2018-09-18T18:11:54Z,2022-04-01T13:00:55Z,2022-04-01,335,24,,0.1534,-0.5824,,,0.4005,0.1532,,,0.2326
0121-3628,2256-358X,0121-3628,filosofia otras humanidades c q2 estudios colombia general,philosophy arts humanities ethics politics aesthetic epistemology psychology religion speculative,8,10,,,,,,,False,3,5,23,67,754,37,62,0.2,32.78,0.1724,2018-03-15T12:31:16Z,2020-03-28T18:27:02Z,2020-03-28,373,24,0.5522388059701493,0.2833,-0.8687,-0.0985,-0.4463,0.4005,0.1105,0.0663,0.075,0.2326
0120-7555,2346-206X,0120-7555,negocios economia ciencias sociales c turismo sociedad general,management leisure tourism geography anthropology recreation,8,6,1996.61,EUR,2156.34,1.08,5674.58,observado,True,0,,,,,,,,,,2012-01-04T15:16:37Z,2019-06-18T08:48:00Z,2019-06-18,683,16,,0.0807,0.9671,,,-0.2778,0.3839,,,0.1395
1657-9089,2665-511X,1657-9089,educacion general incluye capacitacion pedagogia ciencias sociales c infancias imagenes human,childhood language learning teaching child rearing development education,11,8,246.1,EUR,265.79,1.08,699.45,observado,True,0,,,,,,,,,,2019-10-11T16:58:29Z,2020-02-05T13:06:18Z,2020-02-05,328,18,,0.2657,-1.3103,,,-0.1083,0.0448,,,0.1628
1794-211X,2322-939X,1794-211X,otras ciencias sociales c vinculos data,networking iot telematics software design systematization programming science mathematics instruments machines electronic computers computer,6,14,,,,,,,False,0,,,,,,,,,,2019-12-02T17:18:11Z,2020-02-05T13:06:12Z,2020-02-05,147,7,,0.153,-0.5785,,,-1.041,0.1538,,,0.0349
0121-7550,2539-4762,0121-7550,sociologia ciencias sociales b nomadas social general,sciences culture,7,2,,,,,,,False,0,,,,,,,,,,2012-10-25T08:27:13Z,2023-03-08T07:47:47Z,2023-03-08,1595,20,,0.1534,-0.5824,,,0.0613,0.1532,,,0.186
0121-117X,2619-6573,0121-117X,economia negocios ciencias sociales c ensayos social as,economy economic history macroeconomy microeconomics econometrics sciences conditions theory demography economics science,8,12,204.92,EUR,221.31,1.08,582.39,observado,True,0,,,,,,,,,,2019-06-06T17:04:56Z,2019-08-30T10:04:25Z,2019-08-30,543,48,,0.2808,-1.3638,,,2.4356,0.0368,,,0.5116
1657-0111,2346-2884,1657-0111,temas especiales estudios genero sociales familia sociologia ciencias b palobra palabra que obra social general,education society politics culture history communication sciences,15,7,,,,,,,False,0,,,,,,,,,,2015-07-27T19:26:53Z,2019-05-03T07:27:44Z,2019-05-03,590,16,,0.1533,-0.5815,,,-0.2778,0.1533,,,0.1395
1900-2351,2256-5353,1900-2351,otras ciencias sociales c politecnica,engineering technology agriculture science,5,4,,,,,,,False,0,,,,,,,,,,2020-09-21T11:21:27Z,2020-09-21T11:21:27Z,2020-09-21,198,24,,0.1533,-0.5819,,,0.4005,0.1532,,,0.2326
0123-9392,,0123-9392,otras ciencias medicas salud b,infectio infectious diseases microbiology pharmacology medicine therapeutics internal parasitic,5,9,2675.07,EUR,2889.08,1.08,7602.84,observado,True,0,,,,,,,,,,2018-04-04T08:27:43Z,2022-09-19T11:32:41Z,2022-09-19,831,39,,0.0636,1.8498,,,1.6724,0.5154,,,0.407
1900-9607,0123-2576,1900-9607,ciencias veterinarias agricolas c q4 ces medicina veterinaria zootecnia experimental general,education medical laboratory technology medicine miscellaneous health professions social sciences clinical surgery oncology public,11,14,1448.6,EUR,1564.49,1.08,4117.08,observado,True,1,4,0,62,0,16,50,0.28,0.0,0.0,2016-10-25T09:25:34Z,2023-08-14T10:00:55Z,2023-08-14,13014,6,0.25806451612903225,0.13,0.2542,-0.4581,-0.5873,-1.1258,0.2778,0.0319,0.05,0.0233
0124-2067,2447-9187,0124-2067,derecho ciencias sociales c principia general,iuris science technology education engineering agricultural sciences bussines,6,8,,,,,,,False,0,,,,,,,,,,2017-04-12T09:51:41Z,2022-10-08T21:41:30Z,2022-10-08,1293,18,,0.1534,-0.5824,,,-0.1083,0.1532,,,0.1628
2027-2391,2344-7125,2027-2391,ciencias sociales interdisciplinaria otras c kavilando social territorial general,conflict disputes exclusion suppression sciences,9,5,243.59,EUR,263.08,1.08,692.32,observado,True,0,,,,,,,,,,2016-04-22T08:49:59Z,2020-10-13T08:51:38Z,2020-10-13,423,5,,0.2666,-1.3135,,,-1.2106,0.0443,,,0.0116
0122-8900,2463-0470,0122-8900,economia negocios ciencias sociales b panorama economico social labor,administration economy business sciences industries land use management industrial economic theory demography,9,12,1828.49,EUR,1974.77,1.08,5196.76,observado,True,0,,,,,,,,,,2019-05-13T19:52:47Z,2019-08-30T10:04:25Z,2019-08-30,605,20,,0.0865,0.7484,,,0.0613,0.3514,,,0.186
0122-2066,2145-8499,0122-2066,historia arqueologia humanidades c anuario fronteras general europe,regional history didactics america latin spanish,8,6,1878.22,EUR,2028.48,1.08,5338.11,observado,True,0,,,,,,,,,,2017-03-22T16:32:34Z,2022-10-19T03:10:45Z,2022-10-19,680,15,,0.0847,0.8131,,,-0.3626,0.361,,,0.1279
0120-3576,,0120-3576,economia negocios ciencias sociales b coyuntura social as,economica management economics education accounting sciences economic theory demography science,8,10,1828.49,EUR,1974.77,1.08,5196.76,observado,True,0,,,,,,,,,,2015-11-10T13:17:26Z,2018-10-17T07:21:28Z,2018-10-17,239,8,,0.0865,0.7484,,,-0.9562,0.3514,,,0.0465
0124-793X,1659-441X,0124-793X,educacion general incluye capacitacion pedagogia ciencias sociales c investigaciones unad,science works,10,2,,,,,,,False,0,,,,,,,,,,2017-06-14T19:07:15Z,2026-06-19T07:39:55Z,,641,16,,0.1534,-0.5824,,,-0.2778,0.1532,,,0.1395
1900-7841,2805-5853,1900-7841,otros temas medicina clinica ciencias medicas salud c q3 q4 colombiana libre molecular,health professions miscellaneous occupational therapy physical sports rehabilitation public environmental speech hearing medicine endocrinology diabetes osteoporosis obesity nutrition dyslipidemias biology internal specialties diseases endocrine glands clinical,13,26,,,,,,,False,2,6,46,89,1864,64,83,0.85,40.52,0.49439999999999995,2023-02-24T12:55:55Z,2023-02-24T12:55:55Z,2023-02-24,790,12,0.7191011235955056,0.2319,-0.0842,0.428,-0.3052,-0.617,0.2274,0.1167,0.1,0.093
1794-631X,2500-5782,1794-631X,otras ciencias naturales c investigaciones universidad quindio natural social general,health sciences technology agricultural works,10,5,,,,,,,False,0,,,,,,,,,,2020-03-08T20:15:33Z,2020-03-08T20:15:33Z,2020-03-08,617,6,,0.131,-0.2889,,,-1.1258,0.1969,,,0.0233
2145-3985,2013-0864,2145-3985,otras humanidades c contextos con textos d antropologia investigacio social cultural antrhopology,i anthropology etnography sciences geography recreation ethnology,12,7,,,,,,,False,0,,,,,,,,,,2025-01-16T12:56:19Z,2025-01-16T12:56:19Z,2025-01-16,251,32,,0.184,-0.8689,,,1.0789,0.1105,,,0.3256
2027-7822,1657-0448,2027-7822,medicina clinica ciencias medicas salud c q4 colombiana oral,dermatology surgery medicine odontologica health public collective dentistry epidemiology,9,9,575.0,EUR,621.0,1.08,1634.21,observado,True,1,2,58,123,889,5,91,0.06,15.33,0.5539999999999999,2012-12-22T10:01:49Z,2021-07-28T18:58:15Z,2021-07-28,246,8,0.04065040650406504,0.195,-0.8824,-0.7278,-0.8695,-0.9562,0.1085,0.0061,0.0,0.0465
2346-0466,2346-0474,2346-0466,otras ingenierias tecnologias ingenieria tecnologia c q3 q4 innovacion artificial general civil,health professions miscellaneous occupational therapy physical sports rehabilitation public environmental speech hearing medicine riinn engineering technology intelligence computing,12,18,,,,,,,False,2,6,46,89,1864,64,83,0.85,40.52,0.49439999999999995,2020-01-24T15:23:58Z,2020-02-05T13:06:19Z,2020-02-05,0,8,0.7191011235955056,0.2716,-0.4083,0.428,-0.3052,-0.9562,0.1791,0.1167,0.1,0.0465
2145-9932,1852-9429,2145-9932,salud publica ciencias medicas c q3 q4 ces general,health professions miscellaneous occupational therapy physical sports rehabilitation public environmental speech hearing medicine epidemiology community care aspects,9,17,2390.0,EUR,2581.2,1.08,6792.63,observado,True,2,6,46,89,1864,64,83,0.85,40.52,0.49439999999999995,2008-08-04T13:13:01Z,2025-08-08T11:16:27Z,2025-08-08,774,6,0.7191011235955056,0.1361,1.4789,0.428,-0.3052,-1.1258,0.4602,0.1167,0.1,0.0233
1909-3888,2346-092X,1909-3888,otras ciencias sociales b nodo cultural general,art humanities aesthetics fine arts works history scholarship learning,7,9,,,,,,,False,0,,,,,,,,,,2023-09-05T08:21:01Z,2023-09-05T08:21:01Z,2023-09-05,0,10,,0.1533,-0.5819,,,-0.7866,0.1532,,,0.0698
1794-1598,2346-0792,1794-1598,ciencias politicas sociales c inciso general uniform jurisprudence,law government relations political science comparative,8,6,,,,,,,False,0,,,,,,,,,,2018-07-19T00:19:34Z,2020-01-29T07:46:26Z,2020-01-29,154,12,,0.1534,-0.5824,,,-0.617,0.1532,,,0.093
2339-3084,2346-0784,2339-3084,economia negocios ciencias sociales c contexto general italian portuguese,literary language literature french spanish,9,5,,,,,,,False,0,,,,,,,,,,2020-07-10T23:29:43Z,2022-12-04T17:46:13Z,2022-12-04,0,20,,0.1533,-0.5819,,,0.0613,0.1532,,,0.186
1657-8651,2346-2159,1657-8651,ciencias politicas sociales b opera observatorio ejecucion resultados administracion publica general,public policy elections nation territory political science institutions administration,11,9,2390.0,EUR,2581.2,1.08,6792.63,observado,True,0,,,,,,,,,,2015-08-24T12:18:42Z,2026-06-19T12:42:05Z,2026-06-19,674,16,,0.0698,1.4789,,,-0.2778,0.4602,,,0.1395
1657-6527,2145-8502,1657-6527,otras ingenierias tecnologias ingenieria tecnologia b fuentes reventon gas,energetico energy sources oil hydrocarbons alternative technology electrical engineering electronics nuclear mechanical machinery renewable,9,14,,,,,,,False,0,,,,,,,,,,2018-07-06T13:33:14Z,2022-10-26T12:58:33Z,2022-10-26,250,15,,0.1401,-0.42,,,-0.3626,0.1774,,,0.1279
0122-1108,2357-6170,0122-1108,derecho ciencias sociales c pensamiento juridico social general uniform jurisprudence,sciences constitutional law history comparative,10,5,,,,,,,False,0,,,,,,,,,,2013-05-29T21:22:41Z,2024-08-13T05:56:33Z,2024-08-13,582,16,,0.1518,-0.5651,,,-0.2778,0.1557,,,0.1395
1794-7561,2463-1035,1794-7561,economia negocios ciencias sociales c administracion social as,real estate finance markets sciences economic theory demography economics science,8,10,,,,,,,False,0,,,,,,,,,,2015-11-17T19:51:04Z,2022-12-29T12:53:56Z,2022-12-29,216,25,,0.1533,-0.5815,,,0.4853,0.1533,,,0.2442
1657-4214,,1657-4214,economia negocios ciencias sociales a2 perfil coyuntura social as,economica management economics education accounting sciences economic theory demography science,9,10,1828.49,EUR,1974.77,1.08,5196.76,observado,True,0,,,,,,,,,,2015-11-10T13:17:26Z,2018-10-17T07:21:28Z,2018-10-17,239,8,,0.0865,0.7484,,,-0.9562,0.3514,,,0.0465
0120-8411,2444-054X,0120-8411,medicina clinica ciencias medicas salud c otorrinolaringologia cirugia cabeza cuello,medicine health surgery clinical,10,4,,,,,,,False,0,,,,,,,,,,2021-03-29T08:50:56Z,2022-08-10T20:02:51Z,2022-08-10,816,48,,0.1196,-0.0971,,,2.4356,0.2255,,,0.5116
2011-9836,2422-2151,2011-9836,derecho ciencias sociales c social,vestigium ire economy business sciences commerce,5,6,,,,,,,False,0,,,,,,,,,,2019-07-23T16:36:18Z,2019-07-23T16:36:18Z,2019-07-23,0,16,,0.153,-0.5789,,,-0.2778,0.1537,,,0.1395
0124-4361,1812-9528,0124-4361,otras ciencias sociales c memorias general,medicine health sciences public infectious diseases,6,6,,,,,,,False,0,,,,,,,,,,2012-06-05T08:43:57Z,2021-02-23T18:43:15Z,2021-02-23,388,16,,0.1533,-0.5819,,,-0.2778,0.1532,,,0.1395
0121-0041,2256-5655,0121-0041,ciencias salud medicas c q4 colombiana medicina fisica rehabilitacion musculoskeletal electrodiagnostic,neurology clinical medicine physical therapy rehabilitation orthoses chronic pain internal specialties diseases system,11,13,1448.6,EUR,1564.49,1.08,4117.08,observado,True,1,3,48,114,1495,39,90,0.26,31.15,0.4694,2022-08-02T08:53:14Z,2022-08-02T08:53:14Z,2022-08-02,337,90,0.34210526315789475,0.13,0.2542,-0.4581,-0.7284,5.997,0.2778,0.0319,0.025,1.0
1794-5232,1982-5838,1794-5232,enfermeria ciencias salud medicas c cultura cuidado turismo general,cultur tourism culture leisure geography anthropology recreation manners customs leadership administration services,9,12,,,,,,,False,0,,,,,,,,,,2022-08-28T07:16:33Z,2022-08-28T07:16:33Z,2022-08-28,0,24,,0.1196,-0.0971,,,0.4005,0.2255,,,0.2326
1692-8415,,1692-8415,ciencias salud medicas c ciencia tecnologia para visual ocular lenses,vision sciences amblyopia ortoptics contact pharmacology optometry medicine ophthalmology,10,9,3170.0,EUR,3423.6,1.08,9009.47,observado,True,0,,,,,,,,,,2016-06-01T08:00:49Z,2019-02-27T23:12:31Z,2019-02-27,0,16,,0.055,2.4937,,,-0.2778,0.6113,,,0.1395
0123-8884,0123-8884,0123-8884,psicologia ciencias sociales c freud,affectio societatis psychoanalysis clinical investigation philosophy psychology religion,5,8,2838.0,EUR,3065.04,1.08,8065.89,observado,True,0,,,,,,,,,,2010-09-27T09:57:36Z,2022-09-20T07:56:41Z,2022-09-20,354,24,,0.0605,2.0618,,,0.4005,0.547,,,0.2326
0123-5095,2389-9441,0123-5095,filosofia otras humanidades c q3 cuestiones general,philosophy arts humanities education theoretical epistemology psychology religion,7,8,,,,,,,False,2,3,26,60,530,9,52,0.08,20.38,0.35,2018-01-30T20:52:02Z,2020-06-22T11:14:23Z,2020-06-22,431,12,0.15,0.2403,-0.8646,-0.3939,-0.7284,-0.617,0.1111,0.0381,0.025,0.093
1794-6638,2619-4066,1794-6638,derecho ciencias sociales c legal general uniform jurisprudence,ratio juris law history anthropology philosophy psicology comparative theory,8,9,1410.32,EUR,1523.15,1.08,4008.29,observado,True,0,,,,,,,,,,2018-03-15T12:08:55Z,2023-05-02T06:00:00Z,2023-05-02,654,12,,0.1053,0.2044,,,-0.617,0.2704,,,0.093
1794-6298,0120-1867,1794-6298,economia negocios ciencias sociales c q3 q4 populi escuela finanzas estudios internacionales fundacion universitaria san sede bogota,law political science relations social sciences vox martin economics trade,17,10,3028.04,EUR,3270.28,1.08,8606.0,observado,True,2,4,13,52,576,12,50,0.26,44.31,0.3125,2016-01-21T16:53:43Z,2019-09-12T14:27:45Z,2019-09-12,6,16,0.23076923076923078,0.0904,2.309,-0.0472,-0.5873,-0.2778,0.5838,0.0713,0.05,0.1395
1692-1399,2453-675X,1692-1399,ingenieria produccion otras ingenierias tecnologias tecnologia c scientific,about technologies technology technics industry education,8,6,315.0,EUR,340.2,1.08,895.26,declarado,True,0,,,,,,,,,,2016-05-06T10:12:12Z,2022-02-13T18:20:38Z,2022-02-13,62,4,,0.2437,-1.2206,,,-1.2954,0.0581,,,0.0
1657-2815,2531-1654,1657-2815,negocios economia ciencias sociales c libre empresa anglo,management spanish english translation literature linguistics language,8,7,,,,,,,False,0,,,,,,,,,,2019-04-18T20:55:23Z,2025-11-25T09:39:36Z,2025-11-25,166,38,,0.1531,-0.5793,,,1.5876,0.1536,,,0.3953
0121-3652,1982-8047,0121-3652,ciencias sociales interdisciplinaria otras c general,uninpahu public health sciences medicine,6,5,,,,,,,False,0,,,,,,,,,,2021-02-28T21:16:35Z,2021-02-28T21:16:35Z,2021-02-28,915,16,,0.1533,-0.5815,,,-0.2778,0.1533,,,0.1395
2011-3501,,2011-3501,otras ciencias sociales c dialectica libertadora dor,pain anesthesiology cannabinoids management rheumatology medicine,7,6,2838.0,EUR,3065.04,1.08,8065.89,observado,True,0,,,,,,,,,,2022-04-04T11:48:26Z,2022-04-07T09:54:23Z,2022-04-07,52,12,,0.0605,2.0618,,,-0.617,0.547,,,0.093
0120-3754,2500-5227,0120-3754,economia negocios ciencias sociales c q4 administracion desarrollo sector general,agronomy crop science economics econometrics geography planning development agricultural biological sciences finance social public administration governance policies state capacity political institutions,10,21,,,,,,,False,1,16,7,28,319,13,28,0.27,45.57,0.2778,2025-12-01T07:56:51Z,2025-12-01T07:56:51Z,2025-12-01,301,20,0.4642857142857143,0.2283,-0.5464,-0.1242,1.1056,0.0613,0.1585,0.0639,0.35,0.186
0121-8670,2256-1161,0121-8670,otras ciencias sociales c criterios social general,investigation science education sciences works periodicals,7,6,,,,,,,False,0,,,,,,,,,,2021-03-08T10:15:51Z,2026-08-09T21:56:38Z,2022-05-30,315,24,,0.1534,-0.5824,,,0.4005,0.1532,,,0.2326
2011-4680,,2011-4680,arte humanidades c,impetus,3,1,,,,,,,False,0,,,,,,,,,,,,,,,,0.182,-0.853,,,,0.1129,,,
1657-9553,,1657-9553,economia negocios ciencias sociales c q3 q4 facultad contables economicas administrativas social as,health professions miscellaneous occupational therapy physical sports rehabilitation public environmental speech hearing medicine faccea management economics education accounting sciences economic theory demography science,13,23,1828.49,EUR,1974.77,1.08,5196.76,observado,True,2,6,46,89,1864,64,83,0.85,40.52,0.49439999999999995,2015-11-10T13:17:26Z,2018-10-17T07:21:28Z,2018-10-17,239,8,0.7191011235955056,0.1687,0.7484,0.428,-0.3052,-0.9562,0.3514,0.1167,0.1,0.0465
0123-9465,1981-4127,0123-9465,derecho ciencias sociales c ambiente juridico gestao desenvolvimento social human general,science education sciences works geography anthropology recreation environmental,11,8,,,,,,,False,0,,,,,,,,,,2020-01-06T18:37:23Z,2020-02-27T21:36:06Z,2020-02-27,504,4,,0.1532,-0.5811,,,-1.2954,0.1534,,,0.0
1909-7050,2389-9468,1909-7050,otras ciencias sociales c q4 ciencia poder aereo motor,history political science relations arts humanities social sciences aerospace aviation operational safety technology military strategy operations vehicles aeronautics astronautics,9,19,,,,,,,False,1,3,23,57,1014,4,52,0.08,44.09,0.23079999999999998,2016-09-23T09:38:46Z,2022-02-14T13:15:38Z,2022-02-14,324,16,0.07017543859649122,0.1519,-0.5481,-0.7791,-0.7284,-0.2778,0.1583,0.0012,0.025,0.1395
1794-8347,1679-0375,1794-8347,negocios economia ciencias sociales b q3 q4 estrategicas general,management health professions miscellaneous occupational therapy physical sports rehabilitation public environmental speech hearing medicine exact sciences engineering technology science,9,19,3385.0,EUR,3655.8,1.08,9620.53,observado,True,2,6,46,89,1864,64,83,0.85,40.52,0.49439999999999995,2010-09-24T10:24:16Z,2021-06-05T10:48:07Z,2021-06-05,1053,12,0.7191011235955056,0.1014,2.7734,0.428,-0.3052,-0.617,0.653,0.1167,0.1,0.093
1909-9851,2521-9715,1909-9851,otras ingenierias tecnologias ingenieria tecnologia c puente cientifica facultad ciencias veterinarias universidad zulia,veterinary medicine animal science agricultural economics public health food technology agriculture culture cattle,13,13,895.15,EUR,966.76,1.08,2544.11,observado,True,0,,,,,,,,,,2023-02-27T14:36:38Z,2023-02-27T14:36:38Z,2023-02-27,2418,9,,0.1436,-0.4659,,,-0.8714,0.1705,,,0.0581
2011-5253,2422-278X,2011-5253,ciencias sociales interdisciplinaria otras c ciudad paz ando social general,peace conflict pedagogy sciences democracy memory sociology,10,7,,,,,,,False,0,,,,,,,,,,2015-09-23T12:17:56Z,2021-09-25T08:54:14Z,2021-09-25,156,4,,0.153,-0.5785,,,-1.2954,0.1538,,,0.0
2011-8643,1947-5691,2011-8643,educacion general incluye capacitacion pedagogia ciencias sociales c magistro data,geography remote sensing science geographic information systems anthropology recreation mathematical cartography,10,11,2727.28,EUR,2945.46,1.08,7751.21,observado,True,0,,,,,,,,,,2021-10-18T10:31:49Z,2023-07-17T14:09:48Z,2023-07-17,187,10,,0.0625,1.9177,,,-0.7866,0.5255,,,0.0698
1692-5238,1729-3804,1692-5238,ingenieria electrica electronica ingenierias informatica tecnologia c s sistemas tic internet,t telematica telematics technologies networks technology electrical engineering electronics nuclear telecommunication,11,11,1314.0,EUR,1419.12,1.08,3734.53,observado,True,0,,,,,,,,,,2014-05-28T18:00:32Z,2020-07-24T14:32:02Z,2020-07-24,400,8,,0.1108,0.0791,,,-0.9562,0.2517,,,0.0465
2145-6445,0120-1867,2145-6445,otras ciencias sociales b q3 q4 latinoamericana estudios familia social,law political science relations social sciences family gender diversity public policies marriage woman,10,13,1828.24,EUR,1974.5,1.08,5196.05,observado,True,2,4,13,52,576,12,50,0.26,44.31,0.3125,2019-02-23T17:15:44Z,2023-12-15T08:00:13Z,2023-12-15,233,40,0.23076923076923078,0.1367,0.7481,-0.0472,-0.5873,1.7572,0.3513,0.0713,0.05,0.4186
2011-513X,1809-6891,2011-513X,ciencias veterinarias agricolas c q4 ciencia,history political science relations arts humanities social sciences animal behaviour zootechnology health production veterinary medicine agriculture culture,6,17,2244.95,EUR,2424.55,1.08,6380.39,observado,True,1,3,23,57,1014,4,52,0.08,44.09,0.23079999999999998,2010-04-27T09:32:46Z,2022-03-25T09:33:12Z,2022-03-25,3312,24,0.07017543859649122,0.0742,1.2902,-0.7791,-0.7284,0.4005,0.4321,0.0012,0.025,0.2326
2215-7840,2389-7252,2215-7840,ciencias salud medicas c q3 q4 biomedicas general,health professions miscellaneous occupational therapy physical sports rehabilitation public environmental speech hearing medicine biotechnology biomedical sciences basic medical clinical,8,19,1120.14,EUR,1209.75,1.08,3183.55,observado,True,2,6,46,89,1864,64,83,0.85,40.52,0.49439999999999995,2021-06-21T19:25:27Z,2021-06-21T19:25:27Z,2021-06-21,892,8,0.7191011235955056,0.2416,-0.1731,0.428,-0.3052,-0.9562,0.2141,0.1167,0.1,0.0465
2011-7191,2463-2236,2011-7191,ciencias salud medicas c movimiento cientifico general,physical therapy rehabilitation occupational health education exercise respiratory medicine,7,9,,,,,,,False,0,,,,,,,,,,2020-10-15T22:39:02Z,2023-05-25T15:55:10Z,2023-05-25,183,16,,0.1196,-0.0967,,,-0.2778,0.2255,,,0.1395
2011-0413,2236-8876,2011-0413,otras ingenierias tecnologias ingenieria tecnologia c investigaciones aplicadas social,applied science management architecture pedagogy psychology sciences,9,7,,,,,,,False,0,,,,,,,,,,2013-03-11T17:44:08Z,2025-03-03T15:38:40Z,2025-03-03,149,5,,0.1403,-0.4221,,,-1.2106,0.177,,,0.0116
2027-3401,2448-2390,2027-3401,educacion general incluye capacitacion pedagogia ciencias sociales c perspectivas educativas filosofia da universidade federal do tocantins,philosophy philosophical debate psychology religion,16,5,2838.0,EUR,3065.04,1.08,8065.89,observado,True,0,,,,,,,,,,2022-04-11T12:04:01Z,2022-04-11T12:04:01Z,2022-04-11,0,8,,0.0605,2.0618,,,-0.9562,0.547,,,0.0465
1692-7427,2215-7727,1692-7427,ciencias cuidado salud servicios administracion hospitales financiamiento medicas c q4 actividad fisica desarrollo humano,agronomy crop science economics econometrics geography planning development agricultural biological sciences finance social sports physical education physiotherapy psychology athletic performance physiological processes anthropology recreation leisure medicine internal special situations conditions,14,30,2618.0,EUR,2827.44,1.08,7440.63,observado,True,1,16,7,28,319,13,28,0.27,45.57,0.2778,2012-05-08T08:29:30Z,2022-04-19T12:53:43Z,2022-04-19,963,24,0.4642857142857143,0.0984,1.7755,-0.1242,1.1056,0.4005,0.5043,0.0639,0.35,0.2326
2027-923X,2341-3018,2027-923X,otras ciencias sociales c elementos experimental visual,eme illustration art design graphic techniques fine arts drawing,7,9,4188.68,EUR,4523.77,1.08,11904.66,observado,True,0,,,,,,,,,,2023-04-03T12:38:20Z,2023-04-03T12:38:20Z,2023-04-03,195,20,,0.0431,3.819,,,0.0613,0.8087,,,0.186
0122-994X,2340-3144,0122-994X,ciencias sociales interdisciplinaria otras c miradas esic media social,adresearch communication new marketing public relations strategy branding sciences language literature philology linguistics mass,9,14,,,,,,,False,0,,,,,,,,,,2022-04-19T13:31:45Z,2022-04-19T13:31:45Z,2022-04-19,260,24,,0.1532,-0.5806,,,0.4005,0.1534,,,0.2326
0122-6150,2521-9715,0122-6150,otras ciencias sociales c cientifica facultad veterinarias universidad zulia,unincca veterinary medicine animal science agricultural economics public health food technology agriculture culture cattle,9,14,895.15,EUR,966.76,1.08,2544.11,observado,True,0,,,,,,,,,,2023-02-27T14:36:38Z,2023-02-27T14:36:38Z,2023-02-27,2418,9,,0.1436,-0.4659,,,-0.8714,0.1705,,,0.0581
0121-1935,2248-4000,0121-1935,otras ciencias naturales b q3 q4 natural general,health professions miscellaneous occupational therapy physical sports rehabilitation public environmental speech hearing medicine chemistry sciences biology math physics science,8,19,,,,,,,False,2,6,46,89,1864,64,83,0.85,40.52,0.49439999999999995,2019-10-13T00:53:48Z,2019-10-13T00:53:48Z,2019-10-13,319,32,0.7191011235955056,0.2538,-0.2751,0.428,-0.3052,1.0789,0.1989,0.1167,0.1,0.3256
0120-4319,2580-5649,0120-4319,odontologia cirugia oral medicina clinica ciencias medicas salud b universitas rancang bangun dan general civil,odontologica jurnal teknologi design technology engineering,15,6,575.0,EUR,621.0,1.08,1634.21,observado,True,0,,,,,,,,,,2017-10-11T14:45:09Z,2019-01-17T08:42:25Z,2019-01-17,214,24,,0.1857,-0.8824,,,0.4005,0.1085,,,0.2326
1900-0332,,1900-0332,otras ingenierias tecnologias ingenieria tecnologia c ugciencia,,7,0,,,,,,,False,0,,,,,,,,,,,,,,,,0.1391,-0.4062,,,,0.1794,,,
1657-3498,3005-5857,1657-3498,ciencias biologicas naturales c institucional universidad tecnologica choco natural social tecnology,sciences health mathematical logic information agriculture,11,6,,,,,,,False,0,,,,,,,,,,2024-10-22T06:38:35Z,2024-10-22T06:38:35Z,2024-10-22,1041,12,,0.1309,-0.2863,,,-0.617,0.1973,,,0.093
0123-3734,2574-2167,0123-3734,negocios economia ciencias sociales c sotavento mba,management orthopaedic trauma association biomechanics medicine surgery orthopedic,7,8,1900.0,USD,1900.0,1.0,5000.0,declarado,True,0,,,,,,,,,,2020-06-11T15:30:09Z,2020-06-11T15:30:09Z,2020-06-11,439,4,,0.0891,0.6583,,,-1.2954,0.338,,,0.0
1692-5491,2223-6260,1692-5491,otras biologias ciencias biologicas naturales c q4 momentos ciencia para dialogo cientifico multiculturalism interculturalism ancestral social cultural general,history political science relations arts humanities social sciences knowledge practices education geography anthropology recreation ethnology,18,15,,,,,,,False,1,3,23,57,1014,4,52,0.08,44.09,0.23079999999999998,2018-02-04T12:48:33Z,2018-02-04T12:48:33Z,2018-02-04,429,8,0.07017543859649122,0.1301,-0.2547,-0.7791,-0.7284,-0.9562,0.202,0.0012,0.025,0.0465
2011-5733,,2011-5733,derecho ciencias sociales c criterios,,5,0,,,,,,,False,0,,,,,,,,,,,,,,,,0.1519,-0.5664,,,,0.1556,,,
2027-4297,2389-7708,2027-4297,ciencias veterinarias agricolas b q4 colombiana recia ciencia general,nephrology medicine animal veterinary wildlife science agriculture culture,9,8,2244.95,EUR,2424.55,1.08,6380.39,observado,True,1,5,44,122,1381,24,109,0.23,31.39,0.4036,2016-02-08T14:51:39Z,2021-08-04T17:43:50Z,2021-08-04,545,32,0.19672131147540983,0.0896,1.2902,-0.5095,-0.4463,1.0789,0.4321,0.027,0.075,0.3256
1794-9815,1970-7452,1794-9815,periodismo comunicaciones ciencias sociales c codices sociosemiotics media,semiotics signification languages culture language literature philology linguistics communication mass linguistic theory comparative grammar,8,14,,,,,,,False,0,,,,,,,,,,2023-03-23T17:41:07Z,2023-03-23T17:41:07Z,2023-03-23,0,12,,0.153,-0.5781,,,-0.617,0.1538,,,0.093
0124-6542,0717-6996,0124-6542,arquitectura urbanismo arte humanidades c modulo cuc urbanism visual urban,architecture design landscape arts fine,10,5,2838.0,EUR,3065.04,1.08,8065.89,observado,True,0,,,,,,,,,,2023-12-08T12:27:17Z,2023-12-08T12:27:17Z,2023-12-08,1172,20,,0.0605,2.0618,,,0.0613,0.547,,,0.186
1794-7928,,1794-7928,ciencias veterinarias agricolas c,spei domus,4,2,,,,,,,False,0,,,,,,,,,,,,,,,,0.1208,-0.1175,,,,0.2224,,,
2011-222X,1657-0448,2011-222X,teatro dramaturgia o artes escenicas arte humanidades c q4 colombiana uma visual general,dermatology surgery medicine history art arts architecture painting sculpture theory fine,13,11,,,,,,,False,1,2,58,123,889,5,91,0.06,15.33,0.5539999999999999,2018-01-05T16:05:34Z,2026-01-27T07:53:54Z,2025-12-18,222,8,0.04065040650406504,0.1901,-0.8455,-0.7278,-0.8695,-0.9562,0.114,0.0061,0.0,0.0465
1794-4724,2145-4515,1794-4724,psicologia incluye terapias aprendizaje habla visual otras discapacidades fisicas mentales ciencias sociales a1 q4 avances latinoamericana,clinical psychology philosophy religion,16,4,1828.24,EUR,1974.5,1.08,5196.05,observado,True,1,19,16,89,849,30,85,0.27,53.06,0.7254999999999999,2008-02-26T09:01:23Z,2021-07-21T22:06:32Z,2021-07-21,901,23,0.33707865168539325,0.141,0.7481,0.017,1.5288,0.3157,0.3513,0.0774,0.425,0.2209
1692-7389,2215-2652,1692-7389,ingenieria produccion otras ingenierias tecnologias tecnologia c amazonia universidad costa rica general civil,engineering construction manufacturing transport electrical technology,13,6,,,,,,,False,0,,,,,,,,,,2020-08-01T16:33:11Z,2022-10-24T20:10:16Z,2022-10-24,565,26,,0.1398,-0.4152,,,0.5701,0.1781,,,0.2558
1900-2785,2785-7433,1900-2785,diseno arte humanidades c iconofacto icon media visual general,environmental images image making techniques art history aesthetics fine arts,9,10,,,,,,,False,0,,,,,,,,,,2023-07-20T15:26:28Z,2024-11-09T09:21:18Z,2024-11-09,64,12,,0.184,-0.8689,,,-0.617,0.1105,,,0.093
0121-5256,0123-2576,0121-5256,ciencias salud medicas a2 q4 human,education medical laboratory technology medicine miscellaneous health professions social sciences med biomedical science translational clinical practice,6,16,1569.89,EUR,1695.48,1.08,4461.79,observado,True,1,4,0,62,0,16,50,0.28,0.0,0.0,2026-02-25T15:09:33Z,2026-02-25T15:09:33Z,,60,14,0.25806451612903225,0.1225,0.412,-0.4581,-0.5873,-0.4474,0.3013,0.0319,0.05,0.1163
1909-2814,1669-2721,1909-2814,ciencias educacion sociales c q social general,sciences philosophy humanities ethics politics psychology religion political science,7,9,2931.6,EUR,3166.13,1.08,8331.92,observado,True,0,,,,,,,,,,2022-07-25T19:45:37Z,2022-09-28T15:38:22Z,2022-09-28,487,48,,0.0588,2.1835,,,2.4356,0.5651,,,0.5116
0304-3584,2145-7166,0304-3584,otras biologias ciencias biologicas naturales a2 actualidades general,biologicas biochemistry ecology evolution taxonomy genetics biology science,8,8,2648.07,EUR,2859.92,1.08,7526.11,observado,True,0,,,,,,,,,,2018-08-13T23:05:38Z,2026-04-16T12:22:31Z,,345,12,,0.0641,1.8147,,,-0.617,0.5102,,,0.093
0122-0667,2998-4971,0122-0667,otros temas medicina clinica ciencias medicas salud b medica risaralda human,medicine biomedical science health translational clinical practice,11,7,300.0,EUR,324.0,1.08,852.63,observado,True,0,,,,,,,,,,2026-02-25T15:09:33Z,2026-02-25T15:09:33Z,,60,14,,0.2482,-1.2401,,,-0.4474,0.0552,,,0.1163
0120-4327,2216-0116,0120-4327,otras ciencias sociales c unimar general,science technology works,6,3,,,,,,,False,0,,,,,,,,,,2014-10-07T15:29:37Z,2026-08-09T21:56:25Z,2022-05-30,575,24,,0.1534,-0.5824,,,0.4005,0.1532,,,0.2326
0124-7816,2729-7349,0124-7816,psicologia incluye terapias aprendizaje habla visual otras discapacidades fisicas mentales ciencias sociales b centre general,katharsis art slovak academy sciences history arts architecture theory methodology fine,15,11,,,,,,,False,0,,,,,,,,,,2024-02-23T11:24:40Z,2024-02-23T11:24:40Z,2024-02-23,0,20,,0.1534,-0.5824,,,0.0613,0.1532,,,0.186
0122-7610,2389-9182,0122-7610,otras ciencias agricolas b temas agrarios,agricultural science agronomy agriculture forestry agrifood,6,6,,,,,,,False,0,,,,,,,,,,2019-03-26T03:43:49Z,2024-05-28T06:17:50Z,2024-05-28,310,35,,0.1216,-0.1335,,,1.3333,0.22,,,0.3605
1657-2513,2463-2252,1657-2513,otras ciencias sociales c arete inclusion,speech therapy language audiology communication pathophysiology medicine,6,7,,,,,,,False,0,,,,,,,,,,2026-07-17T19:58:32Z,2026-07-17T19:58:32Z,,45,16,,0.1532,-0.5811,,,-0.2778,0.1534,,,0.1395
0121-2753,1853-1326,0121-2753,educacion general incluye capacitacion pedagogia ciencias sociales c itinerario educativo facultad,education teacher training didactics teaching special aspects theory practice,11,9,,,,,,,False,0,,,,,,,,,,2020-08-14T14:13:13Z,2020-08-14T14:13:13Z,2020-08-14,0,8,,0.153,-0.5789,,,-0.9562,0.1537,,,0.0465
1794-5658,2500-7769,1794-5658,otras ciencias sociales c amauta social general,sciences philosophy works history scholarship learning humanities,7,7,,,,,,,False,0,,,,,,,,,,2019-09-19T10:59:55Z,2020-02-05T13:06:15Z,2020-02-05,272,8,,0.1533,-0.5819,,,-0.9562,0.1532,,,0.0465
0123-7756,1657-0448,0123-7756,historia arqueologia humanidades c q4 educacion colombiana,dermatology surgery medicine education history,7,5,1116.0,EUR,1205.28,1.08,3171.79,observado,True,1,2,58,123,889,5,91,0.06,15.33,0.5539999999999999,2013-10-01T15:20:22Z,2022-08-22T20:05:54Z,2022-08-22,2943,19,0.04065040650406504,0.1304,-0.1785,-0.7278,-0.8695,-0.0235,0.2133,0.0061,0.0,0.1744
2216-1473,2357-5239,2216-1473,otras humanidades c ciencias sociales humanas general social,investigium ire psychology sociology anthropology politic science administration history works scholarship learning humanities sciences,8,14,2000.0,EUR,2160.0,1.08,5684.21,observado,True,0,,,,,,,,,,2019-11-29T18:25:04Z,2023-02-24T10:08:19Z,2023-02-24,183,8,,0.0806,0.9715,,,-0.9562,0.3846,,,0.0465
1692-7273,2145-4507,1692-7273,ciencias salud medicas a2 q3 q4 general,health professions miscellaneous occupational therapy physical sports rehabilitation public environmental speech hearing medicine medical sciences,7,15,2000.0,EUR,2160.0,1.08,5684.21,observado,True,2,6,46,89,1864,64,83,0.85,40.52,0.49439999999999995,2008-06-17T14:29:21Z,2021-02-23T10:48:17Z,2021-02-23,844,35,0.7191011235955056,0.1572,0.9715,0.428,-0.3052,1.3333,0.3846,0.1167,0.1,0.3605
0121-4128,2462-845X,0121-4128,educacion general incluye capacitacion pedagogia ciencias sociales b ludica pedagogica,sports pedagogy recreation geography anthropology leisure,10,6,,,,,,,False,0,,,,,,,,,,2016-12-29T10:06:12Z,2025-03-28T07:31:49Z,2025-03-28,406,16,,0.1532,-0.5802,,,-0.2778,0.1535,,,0.1395
0120-0135,2256-2273,0120-0135,agronomia agricultura silvicultura pesca ciencias agricolas b q3 q4 general,health professions miscellaneous occupational therapy physical sports rehabilitation public environmental speech hearing medicine agriculture environment sciences,10,16,2000.0,EUR,2160.0,1.08,5684.21,observado,True,2,6,46,89,1864,64,83,0.85,40.52,0.49439999999999995,2017-08-10T18:54:42Z,2026-03-19T07:22:52Z,2025-06-19,285,36,0.7191011235955056,0.1572,0.9715,0.428,-0.3052,1.4181,0.3846,0.1167,0.1,0.3721
2011-639X,2590-6062,2011-639X,otras ciencias sociales c q3 q4 investigacion general civil social,health professions miscellaneous occupational therapy physical sports rehabilitation public environmental speech hearing medicine engineering architecture economy technology sciences,10,18,,,,,,,False,2,6,46,89,1864,64,83,0.85,40.52,0.49439999999999995,2018-10-19T16:10:14Z,2019-01-23T14:09:44Z,2019-01-23,2,16,0.7191011235955056,0.2967,-0.5686,0.428,-0.3052,-0.2778,0.1552,0.1167,0.1,0.1395
1657-3412,,1657-3412,psicologia ciencias sociales c hispanoamericanos social,culture sciences sociology philosophy psychology religion,6,6,1828.24,EUR,1974.5,1.08,5196.05,observado,True,0,,,,,,,,,,2013-06-23T16:55:04Z,2026-07-16T19:50:45Z,2026-06-08,144,20,,0.0865,0.7481,,,0.0613,0.3513,,,0.186
0121-4993,2215-2652,0121-4993,otras ingenierias tecnologias ingenieria tecnologia a2 universidad costa rica general civil,engineering construction manufacturing transport electrical technology,11,6,,,,,,,False,0,,,,,,,,,,2020-08-01T16:33:11Z,2022-10-24T20:10:16Z,2022-10-24,565,26,,0.1398,-0.4152,,,0.5701,0.1781,,,0.2558
0568-3076,2344-9039,0568-3076,agronomia agricultura silvicultura pesca ciencias agricolas b ambiente general,agronomy environment agriculture geography anthropology recreation environmental sciences,9,8,,,,,,,False,0,,,,,,,,,,2019-12-28T21:06:12Z,2019-12-28T21:06:12Z,2019-12-28,0,8,,0.1216,-0.1335,,,-0.9562,0.22,,,0.0465
2145-6569,2007-7149,2145-6569,psicologia incluye terapias aprendizaje habla visual otras discapacidades fisicas mentales ciencias sociales b social,gepu behavioral sciences clinical psychology occupational educational psychosocial philosophy religion,14,10,370.08,EUR,399.69,1.08,1051.82,observado,True,0,,,,,,,,,,2021-01-11T09:56:14Z,2021-01-11T09:56:14Z,2021-01-11,0,16,,0.2286,-1.149,,,-0.2778,0.0688,,,0.1395
2215-9444,0717-6996,2215-9444,ciencias sociales interdisciplinaria otras c arquetipo urbanism visual urban,architecture design landscape arts fine,9,5,,,,,,,False,0,,,,,,,,,,2023-12-08T12:27:17Z,2023-12-08T12:27:17Z,2023-12-08,1172,20,,0.1533,-0.5819,,,0.0613,0.1532,,,0.186
2145-6151,2145-2946,2145-2946,derecho ciencias sociales c q3 q4 digital administrativo general uniform jurisprudence,law political science relations social sciences administrative contract comparative public,11,10,1096.16,EUR,1183.85,1.08,3115.39,observado,True,2,4,13,52,576,12,50,0.26,44.31,0.3125,2014-05-06T14:30:07Z,2026-04-29T14:39:32Z,2026-04-29,588,20,0.23076923076923078,0.1987,-0.2043,-0.0472,-0.5873,0.0613,0.2095,0.0713,0.05,0.186
1657-9550,2705-3822,1657-9550,ciencias salud medicas a2 q4 biosalud molecular general,medicine miscellaneous biological biotechnology cell biology medical sciences science,8,9,30000.0,NGN,19.5,0.00065,51.32,declarado,True,1,2,0,1,0,0,1,0.0,0.0,0.0,2024-05-31T21:19:15Z,2024-05-31T21:19:15Z,2024-05-31,0,10,0.0,0.5038,-1.6069,-0.3682,-0.8695,-0.7866,0.0006,0.0405,0.0,0.0698
0123-580X,2527-0915,0123-580X,negocios economia ciencias sociales c punto vista,management chemical education philosophy chemistry history special aspects theory practice science,7,11,,,,,,,False,0,,,,,,,,,,2020-05-04T18:38:42Z,2020-05-04T18:38:42Z,2020-05-04,59,12,,0.1534,-0.5824,,,-0.617,0.1532,,,0.093
2256-3342,1982-5838,2256-3342,ciencias veterinarias agricolas c cultura turismo general,agriculture animal sciences cultur tourism culture leisure geography anthropology recreation manners customs leadership administration services,7,15,263.1,EUR,284.15,1.08,747.76,observado,True,0,,,,,,,,,,2022-08-28T07:16:33Z,2022-08-28T07:16:33Z,2022-08-28,0,24,,0.2599,-1.2881,,,0.4005,0.0481,,,0.2326
2011-9771,,2011-9771,teologia otras humanidades c albertus,magnus,5,1,,,,,,,False,0,,,,,,,,,,,,,,,,0.182,-0.853,,,,0.1129,,,
1657-0448,1657-0448,1657-0448,otros temas medicina clinica ciencias medicas salud c q4 asociacion colombiana dermatologia cirugia,dermatology surgery medicine dermatologica dermatologic skin diseases clinical pathology medical,13,10,1339.36,EUR,1446.51,1.08,3806.61,observado,True,1,2,58,123,889,5,91,0.06,15.33,0.5539999999999999,2025-07-24T12:34:38Z,2025-07-24T12:34:38Z,2025-07-24,1503,48,0.04065040650406504,0.1147,0.1121,-0.7278,-0.8695,2.4356,0.2566,0.0061,0.0,0.5116
1657-6535,1657-6535,1657-6535,derecho ciencias sociales c precedente juridica legal,law history,7,2,,,,,,,False,0,,,,,,,,,,2017-04-25T11:46:16Z,2023-03-31T10:05:28Z,2023-03-31,234,21,,0.1534,-0.5824,,,0.1461,0.1532,,,0.1977
2256-1676,2539-519X,2256-1676,otras ciencias sociales c d investigaciones general social,i technology innovation engineering science sciences,8,6,405.79,EUR,438.25,1.08,1153.29,observado,True,0,,,,,,,,,,2018-11-13T17:34:40Z,2026-06-19T14:15:28Z,,527,12,,0.2198,-1.1025,,,-0.617,0.0757,,,0.093
0124-7255,2357-5891,0124-7255,derecho ciencias sociales c legal general uniform jurisprudence,dixi national law openaccess public policy comparative philosophy theory,8,9,,,,,,,False,0,,,,,,,,,,2017-12-21T15:24:23Z,2022-08-22T13:04:46Z,2022-08-22,0,12,,0.1534,-0.5824,,,-0.617,0.1532,,,0.093
1692-2484,0123-5095,1692-2484,otras humanidades b q3 filosofia uis general,philosophy arts humanities aesthetics literary theory psychology religion,7,8,,,,,,,False,2,3,26,60,530,9,52,0.08,20.38,0.35,2019-02-02T19:06:32Z,2019-02-02T19:06:32Z,2019-02-02,738,17,0.15,0.2403,-0.8646,-0.3939,-0.7284,-0.193,0.1111,0.0381,0.025,0.1512
2256-151X,2389-9719,2256-151X,educacion general incluye capacitacion pedagogia ciencias sociales c espiral estudios sobre estado sociedad social,sociology sciences,14,2,,,,,,,False,0,,,,,,,,,,2016-11-07T22:50:45Z,2019-11-14T17:30:36Z,2019-11-14,821,52,,0.1534,-0.5824,,,2.7748,0.1532,,,0.5581
1692-8571,2447-3855,1692-8571,derecho ciencias sociales b justicia human social,juris rights justice law,7,4,,,,,,,False,0,,,,,,,,,,2017-09-15T23:43:57Z,2022-12-15T13:23:53Z,2022-12-15,45,15,,0.1533,-0.5815,,,-0.3626,0.1533,,,0.1279
0123-1154,1991-2773,0123-1154,otras ciencias sociales b ibero latinoamericana seguros rias cultural,american hemispheric transoceanic literary anthropology language literature,9,7,1828.24,EUR,1974.5,1.08,5196.05,observado,True,0,,,,,,,,,,2021-01-12T14:49:39Z,2021-01-12T14:49:38Z,2021-01-12,1,50,,0.0865,0.7481,,,2.6052,0.3513,,,0.5349
1692-3960,,1692-3960,derecho ciencias sociales b mercatoria revist general uniform jurisprudence,business insolvency commercial contracting law intellectual property electronic commerce competition comparative,9,11,,,,,,,False,0,,,,,,,,,,2025-09-18T17:47:20Z,2025-09-18T17:47:20Z,2025-09-18,674,13,,0.153,-0.5789,,,-0.5322,0.1537,,,0.1047
0123-5931,2256-5450,0123-5931,idiomas literatura humanidades a2 q2 teoria historia critica cultural general,literature literary theory arts humanities comparative criticism language,10,8,1116.0,EUR,1205.28,1.08,3171.79,observado,True,3,4,21,79,548,13,65,0.1,26.1,0.3889,2012-12-22T09:20:24Z,2025-03-31T10:09:29Z,2025-03-31,734,13,0.16455696202531644,0.1814,-0.1785,-0.2013,-0.5873,-0.5322,0.2133,0.0565,0.05,0.1047
2027-1840,1657-0448,2027-1840,ciencias veterinarias agricolas c q4 colombiana ciencia,dermatology surgery medicine animal nutrition physiology livestock farming breeding welfare products agriculture culture,7,13,2244.95,EUR,2424.55,1.08,6380.39,observado,True,1,2,58,123,889,5,91,0.06,15.33,0.5539999999999999,2021-05-06T08:35:05Z,2026-04-27T14:13:16Z,2026-04-27,5563,35,0.04065040650406504,0.0771,1.2902,-0.7278,-0.8695,1.3333,0.4321,0.0061,0.0,0.3605
1692-0899,,1692-0899,ingenierias electrica electronica informatica ingenieria tecnologia c,ingenium,7,1,,,,,,,False,0,,,,,,,,,,,,,,,,0.1391,-0.4062,,,,0.1794,,,
2011-5318,2462-8654,2011-5318,educacion general incluye capacitacion pedagogia ciencias sociales c q4 desarrollo social,agronomy crop science economics econometrics geography planning development agricultural biological sciences finance social education teacher training didactics teaching special aspects theory practice,11,22,2676.26,EUR,2890.36,1.08,7606.21,observado,True,1,16,7,28,319,13,28,0.27,45.57,0.2778,2020-08-14T14:13:13Z,2020-08-14T14:13:13Z,2020-08-14,0,8,0.4642857142857143,0.0966,1.8513,-0.1242,1.1056,-0.9562,0.5156,0.0639,0.35,0.0465
1900-9771,2409-5370,1900-9771,economia negocios ciencias sociales c urban general social,gestion region regional science economics economic geography planning sciences,8,9,104.17,EUR,112.5,1.08,296.05,observado,True,0,,,,,,,,,,2015-05-21T13:50:41Z,2022-12-20T08:08:08Z,2022-12-20,194,10,,0.3264,-1.4949,,,-0.7866,0.0173,,,0.0698
2215-7190,2145-4493,2215-7190,ciencias politicas sociales c q4 analisis internacional investigacion filosofica general,law social sciences rai philosophy political ethics language epistemology psychology religion speculative theory knowledge,10,14,2258.19,EUR,2438.85,1.08,6418.03,observado,True,1,5,7,35,453,4,16,0.12,64.71,0.5,2019-04-04T22:57:53Z,2019-08-30T10:04:17Z,2019-08-30,0,20,0.11428571428571428,0.0855,1.3074,-0.5737,-0.4463,0.0613,0.4346,0.0209,0.075,0.186
1909-7778,2145-4493,1909-7778,derecho ciencias sociales b q4 publico jurisprudence legal general uniform,law social sciences public investigations comparative,10,6,,,,,,,False,1,5,7,35,453,4,16,0.12,64.71,0.5,2017-09-13T19:33:02Z,2022-12-07T12:17:03Z,2022-12-07,30,12,0.11428571428571428,0.1764,-0.5533,-0.5737,-0.4463,-0.617,0.1575,0.0209,0.075,0.093
1900-771X,2422-4324,1900-771X,otras ingenierias tecnologias ingenieria tecnologia c q4 investigacion desarrollo general civil,agronomy crop science economics econometrics geography planning development agricultural biological sciences finance social engineering technology,11,15,,,,,,,False,1,16,7,28,319,13,28,0.27,45.57,0.2778,2017-05-11T15:49:43Z,2024-05-28T20:59:15Z,2024-05-28,162,16,0.4642857142857143,0.2093,-0.3862,-0.1242,1.1056,-0.2778,0.1824,0.0639,0.35,0.1395
1900-4257,2448-2390,1900-4257,ciencias politicas sociales c perspectivas internacionales filosofia da universidade federal do tocantins general,philosophy philosophical debate psychology religion,13,5,,,,,,,False,0,,,,,,,,,,2022-04-11T12:04:01Z,2022-04-11T12:04:01Z,2022-04-11,0,8,,0.1533,-0.5819,,,-0.9562,0.1532,,,0.0465
2145-5074,2145-5082,2145-5074,otras humanidades c mundo amazonico amazon general,history ethnology ecology art indigenous texts works,7,7,,,,,,,False,0,,,,,,,,,,2011-09-01T09:06:44Z,2020-07-31T10:02:48Z,2020-07-31,335,12,,0.1818,-0.8517,,,-0.617,0.1131,,,0.093
0120-6222,,0120-6222,ciencias biologicas naturales c colombia amazonica amazon general,floristics botany agronomy forest science zoology,8,6,,,,,,,False,0,,,,,,,,,,2004-10-08T10:10:12Z,2026-04-20T17:01:53Z,,3170,22,,0.131,-0.2889,,,0.2309,0.1969,,,0.2093
1657-6799,2539-522X,1657-6799,derecho ciencias sociales c juridica pielagus colombia,internationalization law constitutional constitution,7,4,,,,,,,False,0,,,,,,,,,,2019-06-26T15:00:33Z,2023-01-20T13:53:50Z,2023-01-20,0,12,,0.1534,-0.5824,,,-0.617,0.1532,,,0.093
0122-1213,2389-993X,0122-1213,otras ciencias sociales b prospectiva social general,science intervention thought sciences pathology public welfare criminology,7,8,2838.0,EUR,3065.04,1.08,8065.89,observado,True,0,,,,,,,,,,2017-10-31T16:55:42Z,2024-11-20T07:45:58Z,2024-11-20,609,20,,0.0605,2.0618,,,0.0613,0.547,,,0.186
1657-7558,2346-2132,1657-7558,ciencias politicas sociales b oasis observatorio analisis sistemas internacionales,relations theory geopolitics migration governability cooperation political science,9,8,,,,,,,False,0,,,,,,,,,,2015-12-04T17:26:09Z,2026-06-14T15:17:28Z,2026-06-14,589,15,,0.153,-0.5789,,,-0.3626,0.1537,,,0.1279
0120-5498,2389-8356,0120-5498,ciencias salud medicas b q4 medicina general,education medical laboratory technology medicine miscellaneous health professions social sciences therapeutics care history,7,13,1448.6,EUR,1564.49,1.08,4117.08,observado,True,1,4,0,62,0,16,50,0.28,0.0,0.0,2015-12-07T14:03:21Z,2025-10-23T06:28:20Z,2025-10-23,1329,10,0.25806451612903225,0.13,0.2542,-0.4581,-0.5873,-0.7866,0.2778,0.0319,0.05,0.0698
0124-3691,,0124-3691,otros temas medicina clinica ciencias medicas salud c,gastrohnup,8,1,,,,,,,False,0,,,,,,,,,,,,,,,,0.1188,-0.082,,,,0.2277,,,
0123-8264,2500-705X,0123-8264,educacion general incluye capacitacion pedagogia ciencias sociales c horizontes pedagogicos inclusion,education teaching interculturality diversity investigation action theory practice,11,8,,,,,,,False,0,,,,,,,,,,2020-08-04T15:00:27Z,2020-08-04T15:00:27Z,2020-08-04,141,24,,0.1532,-0.5811,,,0.4005,0.1534,,,0.2326
0120-3630,2357-3740,0120-3630,geologia ciencias tierra medioambientales naturales a2 q4,earth planetary sciences miscellaneous geophysics regional geology geomorphology mineralogy petrography science,7,11,2000.0,EUR,2160.0,1.08,5684.21,observado,True,1,4,10,35,298,13,31,0.43,29.8,0.2273,2017-11-16T23:24:20Z,2022-08-17T18:09:46Z,2022-08-17,300,24,0.37142857142857144,0.108,0.9715,-0.3554,-0.5873,0.4005,0.3846,0.0418,0.05,0.2326
1657-3978,2665-5489,1657-3978,derecho ciencias sociales c criterio juridico human,law political sciences relations rights public management peace,7,8,,,,,,,False,0,,,,,,,,,,2022-04-01T08:10:51Z,2022-04-01T08:10:51Z,2022-04-01,119,8,,0.1534,-0.5824,,,-0.9562,0.1532,,,0.0465
2011-3757,2145-0706,2011-3757,artes plasticas visuales arte humanidades c 14 investigacion campo general,calle14 calle 14 art theory theatre music history fine arts,10,10,,,,,,,False,0,,,,,,,,,,2016-03-04T20:01:01Z,2024-09-06T18:51:05Z,2024-09-06,449,8,,0.1835,-0.8651,,,-0.9562,0.1111,,,0.0465
0123-4072,1981-4070,0123-4072,negocios economia ciencias sociales c lumina media social general,management communication identities culture society language literature philology linguistics mass sciences,9,11,,,,,,,False,0,,,,,,,,,,2017-08-03T14:46:28Z,2021-08-20T13:50:26Z,2021-08-20,692,20,,0.1533,-0.5815,,,0.0613,0.1533,,,0.186
2215-8812,1575-5886,2215-8812,otras ciencias sociales c textos sentidos universitaris biblioteconomia documentacio digital media,i librarianship libraries archives library technologies information technology science bibliography resources language literature philology linguistics communication mass,11,17,,,,,,,False,0,,,,,,,,,,2003-09-22T00:00:00Z,2024-07-19T19:10:24Z,2024-07-19,1212,6,,0.1534,-0.5824,,,-1.1258,0.1532,,,0.0233
2145-9282,2422-2399,2145-9282,otras ingenierias tecnologias ingenieria tecnologia c ingenio general civil,magno engineering electronics systems mechanical technology,9,6,,,,,,,False,0,,,,,,,,,,2013-11-18T17:54:53Z,2021-03-02T10:31:25Z,2021-03-02,64,16,,0.14,-0.4187,,,-0.2778,0.1776,,,0.1395
0120-131X,0123-5095,0120-131X,teologia otras humanidades b q3 cuestiones teologicas filosoficas pastoral doctrinal,philosophy arts humanities theology bible spirituality psychology religion practical,10,9,1300.0,EUR,1404.0,1.08,3694.74,observado,True,2,3,26,60,530,9,52,0.08,20.38,0.35,2019-03-10T18:00:25Z,2019-03-10T18:00:25Z,2019-03-10,876,20,0.15,0.1463,0.0609,-0.3939,-0.7284,0.0613,0.249,0.0381,0.025,0.186
1692-8156,2011-1703,1692-8156,derecho ciencias sociales a2 q3 q4 colombiana internacional universidad catolica santisima concepcion legal jurisprudence,law political science relations social sciences history public private,14,9,2647.58,EUR,2859.39,1.08,7524.71,observado,True,2,4,13,52,576,12,50,0.26,44.31,0.3125,2024-11-05T07:14:45Z,2024-11-05T07:14:45Z,2024-11-05,126,10,0.23076923076923078,0.1013,1.814,-0.0472,-0.5873,-0.7866,0.5101,0.0713,0.05,0.0698
0123-4471,2462-9782,0123-4471,antropologia sociologia ciencias sociales b q3 q4 departamento facultad juridicas virajes social,health professions miscellaneous occupational therapy physical sports rehabilitation public environmental speech hearing medicine anthropology sociology ethnography ethnology sciences geography recreation,12,20,2681.0,EUR,2895.48,1.08,7619.68,observado,True,2,6,46,89,1864,64,83,0.85,40.52,0.49439999999999995,2022-03-07T08:39:45Z,2022-03-07T08:39:45Z,2022-03-07,577,48,0.7191011235955056,0.1237,1.8575,0.428,-0.3052,2.4356,0.5166,0.1167,0.1,0.5116
1794-7030,,1794-7030,ciencias educacion sociales c hojas hablas,,6,0,,,,,,,False,0,,,,,,,,,,,,,,,,0.1519,-0.5664,,,,0.1556,,,
1909-2407,2215-4744,1909-2407,ciencias salud medicas c historia sanidad costa central general europe doctrinal,line history historiography rican american latin america spanish philosophy psychology religion theology specific doctrines movements heresies schisms,11,17,1116.0,EUR,1205.28,1.08,3171.79,observado,True,0,,,,,,,,,,2019-04-25T00:54:35Z,2022-09-26T12:59:42Z,2022-09-26,731,8,,0.1242,-0.1785,,,-0.9562,0.2133,,,0.0465
0121-2923,2811-6364,0121-2923,agricultura silvicultura pesca ciencias agricolas c palmas lam,i information science library knowledge management technology systems bibliography resources,8,10,,,,,,,False,0,,,,,,,,,,2025-01-06T11:03:51Z,2025-08-12T09:06:59Z,2025-08-12,0,10,,0.1216,-0.1335,,,-0.7866,0.22,,,0.0698
2248-7441,2674-113X,2248-7441,computacion ciencias informacion naturales c q3 q4 antioquena computacionales ingenieria raccis sector,health professions miscellaneous occupational therapy physical sports rehabilitation public environmental speech hearing medicine software requirements security metrics continuous engineering devops systems science mathematics instruments machines electronic computers computer,12,28,1100.87,EUR,1188.94,1.08,3128.79,observado,True,2,6,46,89,1864,64,83,0.85,40.52,0.49439999999999995,2023-03-13T07:07:57Z,2023-03-13T07:07:57Z,2023-03-13,112,6,0.7191011235955056,0.2445,-0.1982,0.428,-0.3052,-1.1258,0.2104,0.1167,0.1,0.0233
1794-161X,2389-7864,1794-161X,ciencias tierra medioambientales naturales c intropica general,biology environmental sciences agriculture geography anthropology recreation science,7,8,2784.55,EUR,3007.31,1.08,7913.97,observado,True,0,,,,,,,,,,2020-07-30T15:45:13Z,2020-07-30T15:45:13Z,2020-07-30,233,32,,0.0615,1.9922,,,1.0789,0.5366,,,0.3256
0124-0102,2390-0202,0124-0102,derecho ciencias sociales b social general uniform jurisprudence,advocatus law science comparative sciences,8,5,,,,,,,False,0,,,,,,,,,,2019-11-05T17:16:06Z,2026-05-23T17:55:05Z,2020-02-05,241,6,,0.1531,-0.5793,,,-1.1258,0.1536,,,0.0233
2145-0935,,2145-0935,otras ingenierias tecnologias ingenieria tecnologia c uan,inge,7,1,,,,,,,False,0,,,,,,,,,,,,,,,,0.1391,-0.4062,,,,0.1794,,,
0120-4874,2357-6308,0120-4874,ciencias salud medicas b q4 medicina experimental general,education medical laboratory technology medicine miscellaneous health professions social sciences upb clinical surgery oncology public,8,15,1448.6,EUR,1564.49,1.08,4117.08,observado,True,1,4,0,62,0,16,50,0.28,0.0,0.0,2016-10-25T09:25:34Z,2023-08-14T10:00:55Z,2023-08-14,13014,6,0.25806451612903225,0.13,0.2542,-0.4581,-0.5873,-1.1258,0.2778,0.0319,0.05,0.0233
1909-7794,2145-4493,1909-7794,derecho ciencias sociales b q4 privado universidad catolica santisima concepcion legal jurisprudence,law social sciences history public private,12,6,,,,,,,False,1,5,7,35,453,4,16,0.12,64.71,0.5,2024-11-05T07:14:45Z,2024-11-05T07:14:45Z,2024-11-05,126,10,0.11428571428571428,0.1764,-0.5533,-0.5737,-0.4463,-0.7866,0.1575,0.0209,0.075,0.0698
0123-8574,,0123-8574,otras ingenierias tecnologias ingenieria tecnologia c asfaltos pavimentos,,8,0,,,,,,,False,0,,,,,,,,,,,,,,,,0.1391,-0.4062,,,,0.1794,,,
2027-3355,2227-1465,2027-3355,estadisticas probabilidades investigacion metodologias matematica ciencias naturales b comunicaciones estadistica media general,communication journalism humanities language literature philology linguistics mass periodical press etc,12,11,,,,,,,False,0,,,,,,,,,,2018-09-14T18:41:02Z,2026-03-13T08:53:51Z,2026-01-30,633,24,,0.131,-0.288,,,0.4005,0.197,,,0.2326
0121-067X,2175-294X,0121-067X,educacion general incluye capacitacion pedagogia ciencias sociales c investigaciones investigacoes,linguistics literature translation language philology linguistic theory comparative grammar,10,9,,,,,,,False,0,,,,,,,,,,2017-06-09T16:54:46Z,2025-10-31T18:33:34Z,2025-10-31,618,24,,0.1534,-0.5824,,,0.4005,0.1532,,,0.2326
1692-9403,2539-4657,1692-9403,derecho ciencias sociales c social legal,iustitia law justice academic reflection interdisciplinary transformation sciences,6,8,,,,,,,False,0,,,,,,,,,,2025-08-28T06:19:15Z,2025-08-28T06:19:15Z,2025-08-28,238,15,,0.153,-0.5789,,,-0.3626,0.1537,,,0.1279
0120-1867,0120-1867,0120-1867,derecho ciencias sociales b q3 q4 estudios social general uniform jurisprudence,law political science relations social sciences comparative,11,7,,,,,,,False,2,4,13,52,576,12,50,0.26,44.31,0.3125,2020-08-26T14:56:56Z,2020-08-26T14:56:56Z,2020-08-26,2488,20,0.23076923076923078,0.239,-0.5587,-0.0472,-0.5873,0.0613,0.1567,0.0713,0.05,0.186
1692-6250,2500-607X,1692-6250,otras humanidades c q3 q4 grafia cuaderno trabajo profesores facultad ciencias humanas universidad autonoma colombia social general,health professions miscellaneous occupational therapy physical sports rehabilitation public environmental speech hearing medicine sciences humanities philosophy psychology religion,17,18,,,,,,,False,2,6,46,89,1864,64,83,0.85,40.52,0.49439999999999995,2017-05-16T16:57:55Z,2021-11-12T08:16:53Z,2021-11-12,372,20,0.7191011235955056,0.3554,-0.8551,0.428,-0.3052,0.0613,0.1126,0.1167,0.1,0.186
1657-723X,2336-3037,1657-723X,medicina clinica ciencias medicas salud c audiologia hoy scientific general civil,logi transport logistics warehousing handling vehicle sustainability technology engineering transportation,11,10,150.0,EUR,162.0,1.08,426.32,declarado,True,0,,,,,,,,,,2024-04-02T13:46:11Z,2026-07-24T16:43:03Z,2026-07-24,208,12,,0.304,-1.4353,,,-0.617,0.0262,,,0.093
1692-6226,2318-0188,1692-6226,otras ciencias sociales c temas general social labor,agroecosystems sustainability environment rural development agriculture sciences industries land use,8,10,,,,,,,False,0,,,,,,,,,,2019-08-20T20:07:33Z,2019-08-20T20:07:33Z,2019-08-20,0,24,,0.1534,-0.5824,,,0.4005,0.1532,,,0.2326
0121-5426,2389-7708,0121-5426,medicina clinica ciencias medicas salud b q4 colombiana neumologia vasculitis renal,nephrology medicine arterial hypertension nephritis transplant internal specialties diseases genitourinary system urology,11,12,,,,,,,False,1,5,44,122,1381,24,109,0.23,31.39,0.4036,2018-03-03T12:31:23Z,2022-06-22T14:58:14Z,2022-06-22,338,10,0.19672131147540983,0.1443,-0.0719,-0.5095,-0.4463,-0.7866,0.2292,0.027,0.075,0.0698
2011-0472,2422-2186,2011-0472,filosofia otras humanidades c quaestiones,disputatae,5,1,,,,,,,False,0,,,,,,,,,,,,,,,,0.182,-0.853,,,,0.1129,,,
1900-6608,2539-4088,1900-6608,ciencias quimicas naturales c publicaciones investigacion data artificial general civil,software computing engineering science intelligence technology,10,6,,,,,,,False,0,,,,,,,,,,2017-11-30T17:41:53Z,2026-08-05T14:36:55Z,2026-07-15,165,10,,0.131,-0.2889,,,-0.7866,0.1969,,,0.0698
1657-3986,2256-5477,1657-3986,psicologia ciencias sociales c desde freud,jardin psychoanalysis subjectivity culture literature art language medicine internal neurosciences biological psychiatry neuropsychiatry neurology diseases nervous system therapeutics psychotherapy,6,19,,,,,,,False,0,,,,,,,,,,2012-12-27T18:43:22Z,2025-04-07T07:47:15Z,2025-04-07,1087,25,,0.1518,-0.5651,,,0.4853,0.1557,,,0.2442
0120-7180,2215-7727,0120-7180,negocios economia ciencias sociales c q4 cooperativismo desarrollo social general reform,management agronomy crop science economics econometrics geography planning development agricultural biological sciences finance social associativity economy innovation cooperativism political history conditions problems,11,22,,,,,,,False,1,16,7,28,319,13,28,0.27,45.57,0.2778,2018-01-03T18:21:41Z,2022-08-22T12:51:05Z,2022-08-22,0,12,0.4642857142857143,0.2283,-0.5464,-0.1242,1.1056,-0.617,0.1585,0.0639,0.35,0.093
0122-4328,2619-6069,0122-4328,educacion general incluye capacitacion pedagogia ciencias sociales b nodos nudos comunidades educativas,pedagogical practices knowledge educational policies communities teacher training education theory practice,12,11,,,,,,,False,0,,,,,,,,,,2026-04-29T15:55:45Z,2026-04-29T15:55:45Z,,166,18,,0.1532,-0.5802,,,-0.1083,0.1535,,,0.1628
2011-642X,2389-864X,2011-642X,ingenierias electrica electronica informatica ingenieria tecnologia c ingenio civil general,ufpso engineering systems computing technology,10,5,,,,,,,False,0,,,,,,,,,,2021-01-05T09:13:31Z,2021-01-05T09:13:31Z,2021-01-05,230,12,,0.1403,-0.4221,,,-0.617,0.177,,,0.093
0122-9729,1390-8618,0122-9729,sociologia ciencias sociales c tendencias retos administracion economia social as,economy society entrepreneurship innovation creativity marketing public administration sciences commerce business economic theory demography economics science,10,16,238.0,EUR,257.04,1.08,676.42,observado,True,0,,,,,,,,,,2016-03-07T15:28:20Z,2026-02-07T17:40:37Z,2022-12-12,315,12,,0.2686,-1.3208,,,-0.617,0.0432,,,0.093
2248-762X,2248-762X,2248-762X,ingenieria civil tecnologia c redes general,engineering electronics systems education electricity industry technology,6,7,,,,,,,False,0,,,,,,,,,,2015-09-29T15:01:07Z,2020-02-24T10:31:35Z,2015-09-29,200,8,,0.1402,-0.4208,,,-0.9562,0.1772,,,0.0465
2322-9721,2011-6721,2322-9721,estudios generales lenguaje idiomas literatura humanidades c content,latin american language integrated learning laclil bilingualism teacher training education special aspects,8,12,1879.46,EUR,2029.82,1.08,5341.63,observado,True,0,,,,,,,,,,2013-01-06T15:51:41Z,2025-04-02T05:59:45Z,2025-04-02,195,30,,0.0847,0.8147,,,0.9093,0.3613,,,0.3023
0120-8748,2422-4022,0120-8748,otros temas medicina clinica ciencias medicas salud a2 q4 colombiana central,neurology clinical medicine neurologica basic neurosciences neuropediatrics nervous system neuroepidemiology internal biological psychiatry neuropsychiatry diseases,11,15,4123.71,EUR,4453.61,1.08,11720.03,observado,True,1,3,48,114,1495,39,90,0.26,31.15,0.4694,2023-11-07T08:03:35Z,2023-11-07T08:03:35Z,2023-11-07,1511,12,0.34210526315789475,0.0551,3.7345,-0.4581,-0.7284,-0.617,0.7961,0.0319,0.025,0.093
0120-0143,1657-0448,0120-0143,agronomia agricultura silvicultura pesca ciencias agricolas b q4 fitopatologia colombiana,dermatology surgery medicine pathologia pathology dentistry treatment technology pediatrics morphology,10,10,,,,,,,False,1,2,58,123,889,5,91,0.06,15.33,0.5539999999999999,2016-08-06T09:02:36Z,2026-07-21T05:34:21Z,,775,10,0.04065040650406504,0.1264,-0.11,-0.7278,-0.8695,-0.7866,0.2235,0.0061,0.0,0.0698
0562-5351,2590-9932,0562-5351,agronomia agricultura silvicultura pesca ciencias agricolas c suelos ecuatoriales,wood technology products management agriculture forestry,9,6,,,,,,,False,0,,,,,,,,,,2019-09-22T13:56:34Z,2022-08-11T10:16:20Z,2022-08-11,207,4,,0.1216,-0.1326,,,-1.2954,0.2202,,,0.0
1692-5106,2336-3037,1692-5106,ciencias tierra medioambientales naturales c ustasalud odontologia scientific general civil,logi transport logistics warehousing handling vehicle sustainability technology engineering transportation,10,10,150.0,EUR,162.0,1.08,426.32,declarado,True,0,,,,,,,,,,2024-04-02T13:46:11Z,2026-07-24T16:43:03Z,2026-07-24,208,12,,0.304,-1.4353,,,-0.617,0.0262,,,0.093
1692-8989,2317-627X,1692-8989,economia negocios ciencias sociales b social labor as,region regional economics agribusiness sciences industries land use economic growth development planning theory demography science,8,15,204.92,EUR,221.31,1.08,582.39,observado,True,0,,,,,,,,,,2015-04-13T15:29:50Z,2020-02-21T02:57:05Z,2015-04-13,421,15,,0.2808,-1.3638,,,-0.3626,0.0368,,,0.1279
2145-3381,1983-9286,2145-3381,derecho ciencias sociales c criterio juridico garantista empresarual constituicao general uniform jurisprudence,law bioethics democracy direito comparative,12,5,,,,,,,False,0,,,,,,,,,,2019-12-26T23:23:10Z,2024-04-05T11:43:28Z,2024-04-05,505,24,,0.1533,-0.5819,,,0.4005,0.1532,,,0.2326
0041-9095,2011-0839,0041-9095,ciencias salud medicas b universitas medica,medicine health,6,2,300.0,EUR,324.0,1.08,852.63,observado,True,0,,,,,,,,,,2019-03-26T03:12:19Z,2019-10-03T23:21:29Z,2019-10-03,614,30,,0.2482,-1.2401,,,0.9093,0.0552,,,0.3023
1909-7786,0120-1867,1909-7786,derecho ciencias sociales b q3 q4 comunicaciones nuevas tecnologias universidad catolica santisima concepcion legal jurisprudence,law political science relations social sciences history public private,15,9,,,,,,,False,2,4,13,52,576,12,50,0.26,44.31,0.3125,2024-11-05T07:14:45Z,2024-11-05T07:14:45Z,2024-11-05,126,10,0.23076923076923078,0.239,-0.5587,-0.0472,-0.5873,-0.7866,0.1567,0.0713,0.05,0.0698
0122-8420,2539-0899,0122-8420,agricultura silvicultura pesca ciencias agricolas b q4 ciencia general,history political science relations arts humanities social sciences veterinary medicine animal husbandry agricultural agriculture,9,14,,,,,,,False,1,3,23,57,1014,4,52,0.08,44.09,0.23079999999999998,2015-04-29T19:15:47Z,2024-04-06T11:19:37Z,2024-04-06,325,14,0.07017543859649122,0.1209,-0.0993,-0.7791,-0.7284,-0.4474,0.2251,0.0012,0.025,0.1163
0121-2095,2389-7708,0121-2095,radiologia medicina nuclear imagenes clinica ciencias medicas salud c q4 colombiana scientific general civil,nephrology medicine logi transport logistics warehousing handling vehicle sustainability technology engineering transportation,14,12,2533.25,EUR,2735.91,1.08,7199.76,observado,True,1,5,44,122,1381,24,109,0.23,31.39,0.4036,2024-04-02T13:46:11Z,2026-07-24T16:43:03Z,2026-07-24,208,12,0.19672131147540983,0.0811,1.6653,-0.5095,-0.4463,-0.617,0.4879,0.027,0.075,0.093
2027-9035,2215-4744,2027-9035,historia arqueologia humanidades b q4 2 0 costa central general europe doctrinal,history political science relations arts humanities social sciences historiography rican american latin america spanish philosophy psychology religion theology specific doctrines movements heresies schisms,12,23,1116.0,EUR,1205.28,1.08,3171.79,observado,True,1,3,23,57,1014,4,52,0.08,44.09,0.23079999999999998,2019-04-25T00:54:35Z,2022-09-26T12:59:42Z,2022-09-26,731,8,0.07017543859649122,0.1255,-0.1785,-0.7791,-0.7284,-0.9562,0.2133,0.0012,0.025,0.0465
0121-2133,2500-7181,0121-2133,ciencias salud medicas c cuarzo general,basic sciences medicine phytopharmacology primary care health science,6,8,,,,,,,False,0,,,,,,,,,,2019-03-05T18:33:59Z,2021-05-12T07:26:14Z,2021-05-12,131,6,,0.1197,-0.098,,,-1.1258,0.2253,,,0.0233
2011-804X,2462-8441,2011-804X,artes plasticas visuales arte humanidades b pensamiento palabra obra,art education arts aesthetic fine special aspects,9,7,,,,,,,False,0,,,,,,,,,,2016-12-28T14:27:41Z,2025-03-28T07:36:50Z,2025-03-28,359,16,,0.1837,-0.8668,,,-0.2778,0.1108,,,0.1395
1794-600X,1406-5509,1794-600X,derecho ciencias sociales c mision juridica penal code civil fundamental personal europe,estonian law rights european,12,4,,,,,,,False,0,,,,,,,,,,2017-08-14T17:44:36Z,2025-03-31T08:15:18Z,2025-03-31,0,20,,0.1533,-0.5815,,,0.0613,0.1533,,,0.186
2145-5996,,2145-5996,ciencias sociales interdisciplinaria otras c lebret,,6,0,,,,,,,False,0,,,,,,,,,,,,,,,,0.1519,-0.5664,,,,0.1556,,,
2145-2776,2145-2776,2145-2776,psicologia incluye terapias aprendizaje habla visual otras discapacidades fisicas mentales ciencias sociales c psicoespacios social human,psychology educational clinical sciences philosophy religion,16,6,,,,,,,False,0,,,,,,,,,,2023-09-05T08:52:16Z,2023-09-05T08:52:16Z,2023-09-05,382,30,,0.1534,-0.5824,,,0.9093,0.1532,,,0.3023
0121-747X,2357-5549,0121-747X,otras ciencias naturales c q4 facultad natural general,biophysics computational theory mathematics molecular biology biochemistry genetics computer science statistics sciences biotechnology,8,13,2000.0,EUR,2160.0,1.08,5684.21,observado,True,1,4,14,39,497,10,38,0.21,35.5,0.3667,2017-10-08T18:35:33Z,2022-09-20T07:54:07Z,2022-09-20,156,10,0.2564102564102564,0.1048,0.9715,-0.4067,-0.5873,-0.7866,0.3846,0.0369,0.05,0.0698
1909-4841,,1909-4841,ciencias biologicas naturales c,tumbaga,4,1,,,,,,,False,0,,,,,,,,,,,,,,,,0.13,-0.273,,,,0.1993,,,
0123-2479,0120-1867,0123-2479,derecho ciencias sociales b q3 q4 instituto colombiano procesal universidad catolica santisima concepcion legal jurisprudence,law political science relations social sciences history public private,15,9,,,,,,,False,2,4,13,52,576,12,50,0.26,44.31,0.3125,2024-11-05T07:14:45Z,2024-11-05T07:14:45Z,2024-11-05,126,10,0.23076923076923078,0.239,-0.5587,-0.0472,-0.5873,-0.7866,0.1567,0.0713,0.05,0.0698
1909-793X,1970-7452,1909-793X,otras ciencias sociales c sociosemiotics media,teckne semiotics signification languages culture language literature philology linguistics communication mass linguistic theory comparative grammar,6,15,,,,,,,False,0,,,,,,,,,,2023-03-23T17:41:07Z,2023-03-23T17:41:07Z,2023-03-23,0,12,,0.153,-0.5781,,,-0.617,0.1538,,,0.093
0120-971X,2531-1654,0120-971X,odontologia cirugia oral medicina clinica ciencias medicas salud b ces anglo,spanish english translation literature linguistics language,11,6,,,,,,,False,0,,,,,,,,,,2019-04-18T20:55:23Z,2025-11-25T09:39:36Z,2025-11-25,166,38,,0.1195,-0.095,,,1.5876,0.2258,,,0.3953
2215-8987,2518-2943,2215-8987,arquitectura urbanismo arte humanidades c urbanism urban cultural,arka architecture planning design heritage history fine arts,8,8,2838.0,EUR,3065.04,1.08,8065.89,observado,True,0,,,,,,,,,,2022-04-27T10:03:03Z,2024-09-03T06:42:17Z,2024-09-03,289,12,,0.0605,2.0618,,,-0.617,0.547,,,0.093
1794-3159,,1794-3159,periodismo comunicaciones ciencias sociales c poliantea,,6,0,,,,,,,False,0,,,,,,,,,,,,,,,,0.1519,-0.5664,,,,0.1556,,,
0124-406X,2382-4921,0124-406X,educacion general incluye capacitacion pedagogia ciencias sociales c rastros rostros,,10,0,,,,,,,False,0,,,,,,,,,,,,,,,,0.1519,-0.5664,,,,0.1556,,,
2216-0647,,2216-0647,otras ciencias sociales c traza,,5,0,,,,,,,False,0,,,,,,,,,,,,,,,,0.1519,-0.5664,,,,0.1556,,,
1794-1180,2236-3254,1794-1180,educacion general incluye capacitacion pedagogia ciencias sociales c escenarios cena drama,theater dance performing arts language literature show business dramatic representation,11,10,,,,,,,False,0,,,,,,,,,,2020-09-08T15:53:13Z,2023-01-03T16:46:47Z,2023-01-03,716,24,,0.1534,-0.5824,,,0.4005,0.1532,,,0.2326
0123-7047,2382-4603,0123-7047,ciencias cuidado salud servicios administracion hospitales financiamiento medicas b q3 q4,nurse assisting health professions miscellaneous medicine nursing psychology public environmental occupational medunab sciences,11,13,5176.12,EUR,5590.21,1.08,14711.08,observado,True,2,6,8,101,190,18,86,0.04,23.75,0.7,2018-03-13T11:53:27Z,2021-10-29T06:58:55Z,2021-10-29,748,36,0.1782178217821782,0.0474,5.1036,-0.3682,-0.3052,1.4181,1.0,0.0405,0.1,0.3721
1909-1621,2346-2000,1909-1621,ciencias salud medicas c q4 colombiana enfermeria molecular,dermatology surgery medicine endocrinology diabetes osteoporosis obesity nutrition dyslipidemias biology internal specialties diseases endocrine glands clinical,8,16,,,,,,,False,1,2,58,123,889,5,91,0.06,15.33,0.5539999999999999,2023-02-24T12:55:55Z,2023-02-24T12:55:55Z,2023-02-24,790,12,0.04065040650406504,0.1242,-0.0724,-0.7278,-0.8695,-0.617,0.2291,0.0061,0.0,0.093
1900-5016,2248-6011,1900-5016,negocios economia ciencias sociales c latinoamericanos administracion social,management administration economy finance business marketing accounting sciences commerce bookkeeping,8,10,1828.24,EUR,1974.5,1.08,5196.05,observado,True,0,,,,,,,,,,2020-05-18T15:18:45Z,2020-05-18T15:18:45Z,2020-05-18,422,12,,0.0865,0.7481,,,-0.617,0.3513,,,0.093
1657-463X,0719-9856,1657-463X,otras ciencias naturales c cultura cientifica general,philosophy science history technology sociology psychology religion,7,7,895.15,EUR,966.76,1.08,2544.11,observado,True,0,,,,,,,,,,2023-02-22T08:23:34Z,2023-02-22T08:23:34Z,2023-02-22,63,21,,0.1436,-0.4659,,,0.1461,0.1705,,,0.1977
2027-307X,1984-9834,2027-307X,derecho ciencias sociales c juridica em desenvolvimento agricultura sociedade social agrarian,ideas interfaces sciences rural sociology antropology economy development change agriculture,11,10,,,,,,,False,0,,,,,,,,,,2020-06-09T16:41:37Z,2020-06-09T16:41:37Z,2020-06-09,286,36,,0.1533,-0.5819,,,1.4181,0.1532,,,0.3721
0124-7492,,0124-7492,ingenieria civil tecnologia c,ingenium,4,1,,,,,,,False,0,,,,,,,,,,,,,,,,0.1391,-0.4062,,,,0.1794,,,
2216-0965,2223-859X,2216-0965,derecho ciencias sociales c eafit llqnwn criminal jurisprudence,law lmjl ldwly islamic comparative constitutional,8,6,2329.9,EUR,2516.29,1.08,6621.82,observado,True,0,,,,,,,,,,2013-06-13T10:48:57Z,2022-09-21T18:51:56Z,2022-09-21,777,20,,0.0713,1.4007,,,0.0613,0.4485,,,0.186
1692-6900,1898-7516,1692-6900,otras ciencias sociales c pre human general,til medicine pharmacology animal physiology oncology,7,6,,,,,,,False,0,,,,,,,,,,2020-11-09T16:35:47Z,2020-11-09T16:35:47Z,2020-11-09,108,12,,0.1534,-0.5824,,,-0.617,0.1532,,,0.093
0121-0777,0719-2789,0121-0777,otras ciencias sociales c hombre maquina social general,cuhso anthropology political science sociology work geography recreation sciences,8,9,,,,,,,False,0,,,,,,,,,,2013-09-04T16:56:08Z,2025-01-17T13:02:39Z,2025-01-17,342,14,,0.1534,-0.5824,,,-0.4474,0.1532,,,0.1163
2027-1034,2619-3531,2027-1034,ciencias biologicas naturales c bio grafia escritos sobre biologia su ensenanza general,biology science,12,2,808.25,EUR,872.91,1.08,2297.13,observado,True,0,,,,,,,,,,2016-06-10T20:40:35Z,2025-04-07T08:14:17Z,2025-04-07,686,16,,0.153,-0.5789,,,-0.2778,0.1537,,,0.1395
0120-677X,2145-5880,0120-677X,ciencias salud medicas b educacion fisica deporte,physical education sport activity sports management leisure recreation special aspects geography anthropology,7,12,416.0,EUR,449.28,1.08,1182.32,observado,True,0,,,,,,,,,,2010-02-23T11:35:54Z,2023-08-28T11:53:10Z,2023-08-28,109,24,,0.2174,-1.0892,,,0.4005,0.0777,,,0.2326
0123-5583,2389-8674,0123-5583,ciencias salud medicas c actualizaciones enfermeria ene,public health care system nursing medicine,7,6,,,,,,,False,0,,,,,,,,,,2011-01-26T12:02:45Z,2023-07-05T11:30:47Z,2023-07-05,333,5,,0.1197,-0.098,,,-1.2106,0.2253,,,0.0116
2665-3303,2346-4712,2346-4712,educacion general incluye capacitacion pedagogia ciencias sociales c gondola ensenanza aprendizaje natural,science education sciences mathematics learning processes special aspects,12,8,2000.0,EUR,2160.0,1.08,5684.21,observado,True,0,,,,,,,,,,2016-06-11T12:20:45Z,2020-10-27T11:08:27Z,2020-10-27,653,24,,0.0806,0.9715,,,0.4005,0.3846,,,0.2326
0121-4470,2500-8013,0121-4470,fisica atomica molecular quimica ciencias fisicas naturales b q3 q4 momento nano,history philosophy science electronic optical magnetic materials geophysics physical theoretical chemistry physics astronomy miscellaneous arts humanities earth planetary sciences high energies optics chaos light,12,24,,,,,,,False,2,5,12,44,381,18,41,0.25,31.75,0.25,2018-06-21T21:30:37Z,2026-06-08T20:09:18Z,2026-05-26,452,12,0.4090909090909091,0.1936,-0.2717,-0.1627,-0.4463,-0.617,0.1995,0.0602,0.075,0.093
0124-308X,2538-9971,0124-308X,ciencias cuidado salud servicios administracion hospitales financiamiento medicas c facultad universidad cauca general,healthcare health sciences clinical public medicine,13,6,2000.0,EUR,2160.0,1.08,5684.21,observado,True,0,,,,,,,,,,2017-04-29T20:20:35Z,2020-08-11T11:40:59Z,2020-08-11,709,12,,0.0806,0.9715,,,-0.617,0.3846,,,0.093
0120-2650,1657-0448,0120-2650,fisica atomica molecular quimica ciencias fisicas naturales b q4 colombiana sic casopis za knjizevnost kulturu knjizevno social general,dermatology surgery medicine i prevodjenje culture literature translation humanities sciences language,18,11,416.0,EUR,449.28,1.08,1182.32,observado,True,1,2,58,123,889,5,91,0.06,15.33,0.5539999999999999,2011-12-03T16:09:38Z,2021-05-14T08:47:41Z,2021-05-14,448,24,0.04065040650406504,0.2282,-1.0892,-0.7278,-0.8695,0.4005,0.0777,0.0061,0.0,0.2326
0124-4620,1657-0448,0124-4620,filosofia otras humanidades b q4 colombiana ciencia general,dermatology surgery medicine philosophy science logic analytic cognitive sciences technology psychology religion,8,12,,,,,,,False,1,2,58,123,889,5,91,0.06,15.33,0.5539999999999999,2020-10-08T08:58:56Z,2020-10-08T08:58:56Z,2020-10-08,256,16,0.04065040650406504,0.19,-0.8446,-0.7278,-0.8695,-0.2778,0.1141,0.0061,0.0,0.1395
0120-8845,2256-490X,0120-8845,cirugia medicina clinica ciencias medicas salud c q4 colombiana ortopedia traumatologia,neurology clinical medicine orthopedics traumatology orthopedic surgery,11,7,,,,,,,False,1,3,48,114,1495,39,90,0.26,31.15,0.4694,2025-12-27T13:55:26Z,2025-12-27T13:55:26Z,2025-12-27,574,59,0.34210526315789475,0.1489,-0.0693,-0.4581,-0.7284,3.3683,0.2296,0.0319,0.025,0.6395
2256-1552,2797-0965,2256-1552,matematica ciencias naturales c ib informacion estadistica,basica primary education elementary learning strategies islamic special aspects,7,9,500000.0,IDR,31.5,6.3e-05,82.89,declarado,True,0,,,,,,,,,,2025-05-08T05:33:59Z,2025-05-08T05:33:59Z,2025-05-08,31,16,,0.3711,-1.5925,,,-0.2778,0.0027,,,0.1395
0123-2576,0123-2576,0123-2576,otras ciencias medicas salud b q4 medicina laboratorio,education medical laboratory technology medicine miscellaneous health professions social sciences clinical pathology,8,12,1448.6,EUR,1564.49,1.08,4117.08,observado,True,1,4,0,62,0,16,50,0.28,0.0,0.0,2022-07-25T06:49:19Z,2022-07-25T06:49:19Z,2022-07-25,0,12,0.25806451612903225,0.13,0.2542,-0.4581,-0.5873,-0.617,0.2778,0.0319,0.05,0.093
0120-0380,2227-7390,0120-0380,matematicas puras matematica ciencias naturales b,algebra science mathematics,6,3,237.88,EUR,256.91,1.08,676.08,observado,True,0,,,,,,,,,,2013-07-01T19:31:09Z,2024-04-10T15:26:39Z,2024-04-10,28007,6,,0.2686,-1.3209,,,-1.1258,0.0432,,,0.0233
0120-8454,2145-9169,0120-8454,filosofia otras humanidades c analisis social general,humanities pedagogy education sciences,7,4,2258.19,EUR,2438.85,1.08,6418.03,observado,True,0,,,,,,,,,,2017-04-23T20:01:48Z,2025-10-06T11:18:52Z,2025-10-06,440,16,,0.0731,1.3074,,,-0.2778,0.4346,,,0.1395
2665-2056,2145-5333,2145-5333,ciencias salud medicas c q3 q4 ciencia virtual general,health professions miscellaneous occupational therapy physical sports rehabilitation public environmental speech hearing medicine microbiology physiotherapy pharmacy nutrition,9,17,1397.3,EUR,1509.08,1.08,3971.26,observado,True,2,6,46,89,1864,64,83,0.85,40.52,0.49439999999999995,2020-03-26T10:41:41Z,2024-09-13T08:12:10Z,2024-09-13,442,6,0.7191011235955056,0.2066,0.1874,0.428,-0.3052,-1.1258,0.2678,0.1167,0.1,0.0233
2027-8918,2705-3822,2027-8918,otras biologias ciencias biologicas naturales c biodiversidad molecular general,tropical biological biotechnology cell biology medical sciences medicine science,9,9,2784.55,EUR,3007.31,1.08,7913.97,observado,True,0,,,,,,,,,,2024-05-31T21:19:15Z,2024-05-31T21:19:15Z,2024-05-31,0,10,,0.0615,1.9922,,,-0.7866,0.5366,,,0.0698
2145-6194,0120-2596,2145-6194,negocios economia ciencias sociales c q4 civilizar empresa social as,management business accounting miscellaneous economics econometrics finance social sciences sociology political science statistics probability uncertainty decision real estate markets economic theory demography,10,22,2908.3,EUR,3140.96,1.08,8265.68,observado,True,1,10,15,67,437,21,66,0.41,29.13,0.2727,2015-11-17T19:51:04Z,2022-12-29T12:53:56Z,2022-12-29,216,25,0.31343283582089554,0.074,2.1532,-0.4709,0.2591,0.4853,0.5606,0.0307,0.2,0.2442
0122-9354,2389-8526,0122-9354,ciencias veterinarias agricolas a2 medicina veterinaria,veterinary medicine science animal health agriculture culture,6,7,380.8,EUR,411.26,1.08,1082.26,observado,True,0,,,,,,,,,,2015-05-15T12:00:21Z,2026-07-27T15:50:17Z,2015-05-15,264,16,,0.2259,-1.135,,,-0.2778,0.0709,,,0.1395
0123-7810,1553-3069,0123-7810,odontologia cirugia oral medicina clinica ciencias medicas salud c odontos integral social general,transdisciplinary change development approaches sciences,13,5,,,,,,,False,0,,,,,,,,,,2005-06-13T16:41:14Z,2026-06-17T12:56:39Z,2026-06-17,763,26,,0.1197,-0.098,,,0.5701,0.2253,,,0.2558
2145-1362,3005-5857,2145-1362,ciencias salud medicas c r s facultad universidad surcolombiana natural social tecnology,f sciences health mathematical logic information agriculture,12,7,1314.0,EUR,1419.12,1.08,3734.53,observado,True,0,,,,,,,,,,2024-10-22T06:38:35Z,2024-10-22T06:38:35Z,2024-10-22,1041,12,,0.1108,0.0791,,,-0.617,0.2517,,,0.093
2027-291X,2737-6338,2027-291X,otras ingenierias tecnologias ingenieria tecnologia c alimentos hoy,food biotechnology industry agrofood science technology chemical processing manufacture,8,9,,,,,,,False,0,,,,,,,,,,2024-07-30T12:34:32Z,2024-07-30T12:34:32Z,2024-07-30,0,8,,0.1403,-0.4221,,,-0.9562,0.177,,,0.0465
2145-969X,2215-7794,2145-969X,economia negocios ciencias sociales c sinapsis ap cultural popular,online public archaeology heritage culture archaeological theory auxiliary sciences history,9,10,,,,,,,False,0,,,,,,,,,,2013-05-07T15:41:09Z,2022-06-06T16:35:05Z,2022-06-06,90,24,,0.1533,-0.5819,,,0.4005,0.1532,,,0.2326
0120-8705,0123-2576,0120-8705,ciencias salud medicas a2 q4 ces medicina experimental general,education medical laboratory technology medicine miscellaneous health professions social sciences clinical surgery oncology public,9,14,1448.6,EUR,1564.49,1.08,4117.08,observado,True,1,4,0,62,0,16,50,0.28,0.0,0.0,2016-10-25T09:25:34Z,2023-08-14T10:00:55Z,2023-08-14,13014,6,0.25806451612903225,0.13,0.2542,-0.4581,-0.5873,-1.1258,0.2778,0.0319,0.05,0.0233
2011-5415,2810-8175,2011-5415,ciencias veterinarias agricolas b veterinaria zootecnia,veterinary sciences animal health medicine reproduction nutrition agriculture culture,6,9,500.0,EUR,540.0,1.08,1421.05,observado,True,0,,,,,,,,,,2025-05-29T13:38:19Z,2025-05-29T13:38:19Z,2025-05-29,57,12,,0.1994,-0.9799,,,-0.617,0.094,,,0.093
2215-8405,2619-1822,2215-8405,ciencias tierra medioambientales naturales c latinoamericana investigacion organizaciones ambiente sociedad social general,teuken bidikay organizations accounting management environmental society latin america sciences commerce,12,11,1702.2,EUR,1838.38,1.08,4837.84,observado,True,0,,,,,,,,,,2019-06-24T00:40:33Z,2019-12-05T23:12:40Z,2019-12-05,182,12,,0.0914,0.5841,,,-0.617,0.3269,,,0.093
1909-9843,2659-5885,1909-9843,otras humanidades c ad investigacion camino santiago peregrinaciones general,iter veritatem way st james pilgrimage works history scholarship learning humanities,9,11,,,,,,,False,0,,,,,,,,,,2019-12-06T14:12:23Z,2021-08-27T09:58:42Z,2021-08-27,275,8,,0.184,-0.8689,,,-0.9562,0.1105,,,0.0465
1657-1959,2346-2116,1657-1959,otras ciencias sociales b propiedad general uniform jurisprudence,inmaterial intellectual property author rights open source copyright patents industrial law comparative,8,12,,,,,,,False,0,,,,,,,,,,2012-01-04T14:08:36Z,2019-07-29T07:58:01Z,2019-07-29,594,10,,0.153,-0.5789,,,-0.7866,0.1537,,,0.0698
0124-3551,1970-7452,0124-3551,economia negocios ciencias sociales c cife sociosemiotics media,semiotics signification languages culture language literature philology linguistics communication mass linguistic theory comparative grammar,8,14,,,,,,,False,0,,,,,,,,,,2023-03-23T17:41:07Z,2023-03-23T17:41:07Z,2023-03-23,0,12,,0.153,-0.5781,,,-0.617,0.1538,,,0.093
1657-8236,2580-5649,1657-8236,ciencias computacion informacion naturales b gerencia tecnologica rancang bangun dan general civil,informatica gti jurnal teknologi design technology engineering,12,7,2640.0,EUR,2851.2,1.08,7503.16,observado,True,0,,,,,,,,,,2017-10-11T14:45:09Z,2019-01-17T08:42:25Z,2019-01-17,214,24,,0.0643,1.8042,,,0.4005,0.5086,,,0.2326
1692-1879,1657-0448,1692-1879,medicina clinica ciencias medicas salud b q4 colombiana rehabilitacion molecular,dermatology surgery medicine endocrinology diabetes osteoporosis obesity nutrition dyslipidemias biology internal specialties diseases endocrine glands clinical,10,16,,,,,,,False,1,2,58,123,889,5,91,0.06,15.33,0.5539999999999999,2023-02-24T12:55:55Z,2023-02-24T12:55:55Z,2023-02-24,790,12,0.04065040650406504,0.1242,-0.0724,-0.7278,-0.8695,-0.617,0.2291,0.0061,0.0,0.093
0120-0542,1697-9745,0120-0542,oceanografia hidrologia recursos agua ciencias tierra medioambientales naturales b cientifico,cioh education training educational special aspects theory practice,10,8,,,,,,,False,0,,,,,,,,,,2019-06-23T02:54:33Z,2019-06-23T02:54:33Z,2019-06-23,0,12,,0.131,-0.288,,,-0.617,0.197,,,0.093
2027-8101,2340-3144,2027-8101,ciencias tierra medioambientales naturales c cuaderno activa esic media social,adresearch communication new marketing public relations strategy branding sciences language literature philology linguistics mass,10,14,,,,,,,False,0,,,,,,,,,,2022-04-19T13:31:45Z,2022-04-19T13:31:45Z,2022-04-19,260,24,,0.1309,-0.2872,,,0.4005,0.1971,,,0.2326
0120-6788,2595-315X,0120-6788,matematicas aplicadas matematica ciencias naturales b ensenanza universitaria social general,science sociology anthropology political demography sciences,10,6,2331.51,EUR,2518.03,1.08,6626.39,observado,True,0,,,,,,,,,,2020-10-13T19:59:55Z,2020-10-13T19:59:55Z,2020-10-13,0,20,,0.0712,1.4028,,,0.0613,0.4488,,,0.186
2027-3335,2227-1465,2027-3335,matematica ciencias naturales c comunicaciones estadistica media general,communication journalism humanities language literature philology linguistics mass periodical press etc,8,11,,,,,,,False,0,,,,,,,,,,2018-09-14T18:41:02Z,2026-03-13T08:53:51Z,2026-01-30,633,24,,0.131,-0.288,,,0.4005,0.197,,,0.2326
1909-5775,2453-675X,1909-5775,otras ingenierias tecnologias ingenieria tecnologia c investigacion ciencia scientific,i t about technologies technology technics industry education,9,8,405.79,EUR,438.25,1.08,1153.29,observado,True,0,,,,,,,,,,2016-05-06T10:12:12Z,2022-02-13T18:20:38Z,2022-02-13,62,4,,0.2198,-1.1025,,,-1.2954,0.0757,,,0.0
1900-8325,0120-1867,1900-8325,otras ciencias sociales c q3 q4 estudios seguridad defensa,law political science relations social sciences security defense strategy military,9,10,,,,,,,False,2,4,13,52,576,12,50,0.26,44.31,0.3125,2022-02-08T16:41:58Z,2024-08-07T06:17:54Z,2024-08-07,318,8,0.23076923076923078,0.239,-0.5587,-0.0472,-0.5873,-0.9562,0.1567,0.0713,0.05,0.0465
0122-7262,1657-0448,0122-7262,medicina clinica ciencias medicas salud c q4 colombiana cuidado intensivo molecular,dermatology surgery medicine endocrinology diabetes osteoporosis obesity nutrition dyslipidemias biology internal specialties diseases endocrine glands clinical,11,16,,,,,,,False,1,2,58,123,889,5,91,0.06,15.33,0.5539999999999999,2023-02-24T12:55:55Z,2023-02-24T12:55:55Z,2023-02-24,790,12,0.04065040650406504,0.1242,-0.0724,-0.7278,-0.8695,-0.617,0.2291,0.0061,0.0,0.093
1692-1259,2182-7591,1692-1259,otras ingenierias tecnologias ingenieria tecnologia c,epsilon psychology psychological assessment philosophy religion,6,6,,,,,,,False,0,,,,,,,,,,2013-06-29T15:51:33Z,2026-06-25T19:13:23Z,2026-06-25,7,24,,0.1403,-0.4217,,,0.4005,0.1771,,,0.2326
2011-3188,2215-969X,2011-3188,arquitectura urbanismo arte humanidades b q4 dearquitectura dearq urbanism urban cultural,architecture geography planning development urban engineering social sciences design heritage history fine arts,11,13,2838.0,EUR,3065.04,1.08,8065.89,observado,True,1,5,23,79,344,13,63,0.12,14.96,0.46149999999999997,2022-04-27T10:03:03Z,2024-09-03T06:42:17Z,2024-09-03,289,12,0.16455696202531644,0.0695,2.0618,-0.5993,-0.4463,-0.617,0.547,0.0184,0.075,0.093
0120-4165,2539-1623,0120-4165,otras ciencias sociales c social civil reform,controversia crtical thinking grassroots organizations peacebuilding movements society sciences history conditions problems,7,12,,,,,,,False,0,,,,,,,,,,2020-10-27T16:00:54Z,2021-11-01T16:55:20Z,2021-11-01,944,36,,0.1534,-0.5824,,,1.4181,0.1532,,,0.3721
0121-7593,1853-1326,0121-7593,educacion general incluye capacitacion pedagogia ciencias sociales c,education teacher training didactics teaching special aspects theory practice,8,9,,,,,,,False,0,,,,,,,,,,2020-08-14T14:13:13Z,2020-08-14T14:13:13Z,2020-08-14,0,8,,0.153,-0.5789,,,-0.9562,0.1537,,,0.0465
0120-4173,2500-7459,0120-4173,otras biologias ciencias biologicas naturales c q4 asociacion colombiana molecular general,neurology clinical medicine biologicas taxonomy biogeography ecology behaviour biology conservation science,11,11,2648.07,EUR,2859.92,1.08,7526.11,observado,True,1,3,48,114,1495,39,90,0.26,31.15,0.4694,2021-05-10T14:29:21Z,2021-05-10T14:29:21Z,2021-05-10,88,26,0.34210526315789475,0.0808,1.8147,-0.4581,-0.7284,0.5701,0.5102,0.0319,0.025,0.2558
0120-2729,2444-054X,0120-2729,medicina clinica ciencias medicas salud c q4 colombiana cirugia reconstructiva,neurology clinical medicine plastica health surgery,10,6,,,,,,,False,1,3,48,114,1495,39,90,0.26,31.15,0.4694,2021-03-29T08:50:56Z,2022-08-10T20:02:51Z,2022-08-10,816,48,0.34210526315789475,0.1489,-0.0693,-0.4581,-0.7284,2.4356,0.2296,0.0319,0.025,0.5116
2011-4990,1925-4296,2011-4990,geologia ciencias tierra medioambientales naturales c ud general,geomatica earth observations geographic information sciences geodesy global positioning system navigation satellite systems science astronomy geography anthropology recreation,8,18,865.0,USD,865.0,1.0,2276.32,declarado,True,0,,,,,,,,,,2025-01-08T12:30:05Z,2026-04-27T14:21:18Z,2026-04-27,42,14,,0.1539,-0.5884,,,-0.4474,0.1523,,,0.1163
0123-0670,2346-0911,0123-0670,idiomas literatura humanidades c papeles general,education assessment curriculum didactics teaching,6,5,,,,,,,False,0,,,,,,,,,,2022-04-11T09:56:41Z,2022-04-11T09:56:41Z,2022-04-11,399,12,,0.1839,-0.8685,,,-0.617,0.1106,,,0.093
1692-3375,2525-8508,1692-3375,otras ciencias naturales c umbral cientifico social general,pey keyo education law sciences technology works,8,7,,,,,,,False,0,,,,,,,,,,2020-04-08T17:13:37Z,2025-02-17T14:23:43Z,2025-02-17,0,4,,0.131,-0.2889,,,-1.2954,0.1969,,,0.0
1692-5114,0718-0527,1692-5114,arte humanidades c m analisis sistemico aplicado sociedad social,magister anthropology sociology latin america geography recreation,9,7,924.0,EUR,997.92,1.08,2626.11,observado,True,0,,,,,,,,,,2006-04-04T13:08:57Z,2021-07-26T10:38:24Z,2021-07-26,201,32,,0.1408,-0.4283,,,1.0789,0.1761,,,0.3256
0123-4250,2998-4971,0123-4250,ciencias salud medicas c medica sanitas human,medicine biomedical science health translational clinical practice,7,7,3000.0,USD,3000.0,1.0,7894.74,declarado,True,0,,,,,,,,,,2026-02-25T15:09:33Z,2026-02-25T15:09:33Z,,60,14,,0.0616,1.9834,,,-0.4474,0.5353,,,0.1163
0120-3800,2500-5669,0120-3800,psicologia incluye terapias aprendizaje habla visual otras discapacidades fisicas mentales ciencias sociales c interamericana ocupacional human social labor,work psychology organizational occupational health resources resource management workplace behavior philosophy religion sciences industries land use industrial behaviour change effectiveness corporate culture,18,22,1828.24,EUR,1974.5,1.08,5196.05,observado,True,0,,,,,,,,,,2018-09-29T18:56:29Z,2019-01-23T14:09:21Z,2019-01-23,22,10,,0.0865,0.7481,,,-0.7866,0.3513,,,0.0698
0123-2614,2500-5103,0123-2614,otras ciencias sociales c nova vetera human general,et rights territory peace building political science institutions public administration,8,10,2676.26,EUR,2890.36,1.08,7606.21,observado,True,0,,,,,,,,,,2026-04-16T11:19:54Z,2026-04-16T11:19:54Z,,102,20,,0.0635,1.8513,,,0.0613,0.5156,,,0.186
0120-3045,2256-5752,0120-3045,antropologia sociologia ciencias sociales b maguare,antropology archaeology ethnology history linguistics geography anthropology recreation,6,8,,,,,,,False,0,,,,,,,,,,2021-06-17T10:24:40Z,2021-06-17T10:24:40Z,2021-06-17,1721,32,,0.1518,-0.5651,,,1.0789,0.1557,,,0.3256
2027-3029,,2027-3029,derecho ciencias sociales c rostros rastros,,6,0,,,,,,,False,0,,,,,,,,,,,,,,,,0.1519,-0.5664,,,,0.1556,,,
1909-8642,2619-645X,1909-8642,ingenieria marina naves ambiental tecnologia c q4 ciencia buques cartagena naval,history political science relations arts humanities social sciences ship technology design hydrodynamics dynamics ships vibrations noise construction marine engineering,11,19,1791.95,EUR,1935.31,1.08,5092.92,observado,True,1,3,23,57,1014,4,52,0.08,44.09,0.23079999999999998,2018-02-01T16:32:33Z,2026-08-11T15:19:37Z,,0,20,0.07017543859649122,0.0887,0.7009,-0.7791,-0.7284,0.0613,0.3443,0.0012,0.025,0.186
1909-230X,2389-7481,1909-230X,ciencias politicas sociales c q4 ciencia universidad nacional colombia general,history political science relations arts humanities social sciences politica communication politics institutions public administration,10,14,2443.03,EUR,2638.47,1.08,6943.34,observado,True,1,3,23,57,1014,4,52,0.08,44.09,0.23079999999999998,2016-03-08T19:17:55Z,2025-02-08T22:13:49Z,2025-02-08,474,16,0.07017543859649122,0.0692,1.5479,-0.7791,-0.7284,-0.2778,0.4704,0.0012,0.025,0.1395
2027-0658,2590-4701,2027-0658,ingenieria ambiental tecnologia c derrotero ciencia investigacion naval,science military,8,2,,,,,,,False,0,,,,,,,,,,2023-08-03T06:15:11Z,2023-08-03T06:15:11Z,2023-08-03,98,20,,0.1403,-0.4221,,,0.0613,0.177,,,0.186
0120-095X,2215-3934,0120-095X,otras humanidades c uis escuela estudios generales humanist general,humanities thought works,9,3,2618.0,EUR,2827.44,1.08,7440.63,observado,True,0,,,,,,,,,,2015-03-05T17:27:56Z,2020-03-13T14:26:31Z,2015-03-05,337,12,,0.0647,1.7755,,,-0.617,0.5043,,,0.093
1900-0448,2500-5286,1900-0448,derecho ciencias sociales c iusta legal general uniform jurisprudence,conflict practices law comparative political science,9,6,,,,,,,False,0,,,,,,,,,,2019-03-26T02:10:56Z,2019-08-30T10:04:28Z,2019-08-30,370,20,,0.153,-0.5789,,,0.0613,0.1537,,,0.186
2027-1433,2340-3144,2027-1433,ciencias biologicas naturales c sociedad esic media social,gestion adresearch communication new marketing public relations strategy branding sciences language literature philology linguistics mass,8,15,1996.61,EUR,2156.34,1.08,5674.58,observado,True,0,,,,,,,,,,2022-04-19T13:31:45Z,2022-04-19T13:31:45Z,2022-04-19,260,24,,0.0807,0.9671,,,0.4005,0.3839,,,0.2326
0123-0999,1982-5838,0123-0999,filosofia otras humanidades b pensamiento cultura turismo general,cultur tourism culture leisure geography anthropology recreation manners customs leadership administration services,8,12,,,,,,,False,0,,,,,,,,,,2022-08-28T07:16:33Z,2022-08-28T07:16:33Z,2022-08-28,0,24,,0.1839,-0.8681,,,0.4005,0.1106,,,0.2326
1900-9909,2447-794X,1900-9909,medios comunicacion social periodismo comunicaciones ciencias sociales b extensao do ifam,nexus university extension higher education community academic training culture environment special aspects,11,12,975.0,EUR,1053.0,1.08,2771.05,observado,True,0,,,,,,,,,,2026-04-27T20:14:05Z,2026-04-27T20:14:05Z,,0,32,,0.136,-0.362,,,1.0789,0.186,,,0.3256
2811-3854,,2811-3854,economia negocios ciencias sociales c soluciones postgrados eia,,8,0,,,,,,,False,0,,,,,,,,,,,,,,,,0.1519,-0.5664,,,,0.1556,,,
2145-8987,2145-9045,2145-8987,teoria literaria idiomas literatura humanidades b q3 q4 perifrasis critica general,cultural literature literary theory gender arts humanities social sciences criticism transdisciplinary variants language,11,13,,,,,,,False,2,4,30,73,721,5,62,0.02,24.03,0.7082999999999999,2013-03-19T21:03:56Z,2025-03-10T09:13:26Z,2025-03-10,342,20,0.0684931506849315,0.2112,-0.8664,-0.5993,-0.5873,0.0613,0.1109,0.0184,0.05,0.186
0122-0799,0120-1867,0122-0799,derecho ciencias sociales c q3 q4 instituto colombiano tributario universidad catolica santisima concepcion legal jurisprudence,law political science relations social sciences icdt history public private,15,10,,,,,,,False,2,4,13,52,576,12,50,0.26,44.31,0.3125,2024-11-05T07:14:45Z,2024-11-05T07:14:45Z,2024-11-05,126,10,0.23076923076923078,0.239,-0.5587,-0.0472,-0.5873,-0.7866,0.1567,0.0713,0.05,0.0698
0120-0445,2386-8066,0120-0445,psicologia ciencias sociales c q4 sociedad colombiana psicoanalisis analisis investigacion filosofica general,neurology clinical medicine philosophy political ethics language epistemology psychology religion speculative theory knowledge,12,13,,,,,,,False,1,3,48,114,1495,39,90,0.26,31.15,0.4694,2019-04-04T22:57:53Z,2019-08-30T10:04:17Z,2019-08-30,0,20,0.34210526315789475,0.1901,-0.5537,-0.4581,-0.7284,0.0613,0.1574,0.0319,0.025,0.186
2011-074X,2007-1868,2011-074X,sociologia ciencias sociales c s general,philosophy culture psychology religion,6,4,1019.3,EUR,1100.84,1.08,2896.95,observado,True,0,,,,,,,,,,2017-01-20T14:18:45Z,2021-11-02T08:38:33Z,2021-11-02,295,12,,0.132,-0.3043,,,-0.617,0.1946,,,0.093
1657-6985,2409-5370,1657-6985,otras ingenierias tecnologias ingenieria tecnologia c urban general social,region regional science economics economic geography planning sciences,9,8,,,,,,,False,0,,,,,,,,,,2015-05-21T13:50:41Z,2022-12-20T08:08:08Z,2022-12-20,194,10,,0.1403,-0.4217,,,-0.7866,0.1771,,,0.0698
1657-2831,2539-2115,1657-2831,otras ingenierias tecnologias ingenieria tecnologia c q4 colombiana computacion,computer science miscellaneous computing informatics telematics information technology telecommunications electrical engineering electronics nuclear hardware mathematics instruments machines electronic computers,9,19,,,,,,,False,1,6,0,30,0,7,29,0.1,0.0,0.0,2018-08-31T17:54:57Z,2019-01-23T14:09:18Z,2019-01-23,355,13,0.23333333333333334,0.1607,-0.3982,-0.5865,-0.3052,-0.5322,0.1806,0.0197,0.1,0.1047
2011-7213,2660-6070,2011-7213,derecho ciencias sociales c pensamiento poder social general,philosophy humanities political thought sciences education psychology religion,8,8,,,,,,,False,0,,,,,,,,,,2022-02-14T10:27:48Z,2022-08-26T22:40:45Z,2022-08-26,117,36,,0.1531,-0.5798,,,1.4181,0.1536,,,0.3721
2146-5147,2362-552X,2146-5147,economia negocios ciencias sociales c q3 q4 desarrollo gerencial facultad economicas administrativas contables social as,health professions miscellaneous occupational therapy physical sports rehabilitation public environmental speech hearing medicine business commerce economics management accounting education sciences economic theory demography science,15,24,,,,,,,False,2,6,46,89,1864,64,83,0.85,40.52,0.49439999999999995,2016-02-15T18:29:24Z,2021-07-30T20:08:23Z,2021-07-30,171,4,0.7191011235955056,0.2967,-0.5686,0.428,-0.3052,-1.2954,0.1552,0.1167,0.1,0.0
1657-6276,2660-6070,1657-6276,negocios economia ciencias sociales a2 pensamiento social general,management gestion philosophy humanities political thought sciences education psychology religion,8,10,,,,,,,False,0,,,,,,,,,,2022-02-14T10:27:48Z,2022-08-26T22:40:45Z,2022-08-26,117,36,,0.1531,-0.5798,,,1.4181,0.1536,,,0.3721
2027-7458,2390-0067,2027-7458,ciencias politicas sociales c q4 analecta general,history political science relations arts humanities social sciences politica politics,7,10,2443.03,EUR,2638.47,1.08,6943.34,observado,True,1,3,23,57,1014,4,52,0.08,44.09,0.23079999999999998,2016-03-07T18:22:45Z,2022-02-11T04:18:31Z,2022-02-11,0,16,0.07017543859649122,0.0692,1.5479,-0.7791,-0.7284,-0.2778,0.4704,0.0012,0.025,0.1395
0121-0483,0120-1867,0121-0483,penal derecho ciencias sociales b q3 q4 criminologia criminal jurisprudence general uniform,law political science relations social sciences disciplinary criminology justice comparative,12,10,,,,,,,False,2,4,13,52,576,12,50,0.26,44.31,0.3125,2012-01-04T16:23:11Z,2019-12-05T03:43:58Z,2019-12-05,725,10,0.23076923076923078,0.239,-0.5587,-0.0472,-0.5873,-0.7866,0.1567,0.0713,0.05,0.0698
0072-0992,2336-3037,0072-0992,geologia ciencias tierra medioambientales naturales b q4 colombiana scientific general civil,neurology clinical medicine logi transport logistics warehousing handling vehicle sustainability technology engineering transportation,11,13,150.0,EUR,162.0,1.08,426.32,declarado,True,1,3,48,114,1495,39,90,0.26,31.15,0.4694,2024-04-02T13:46:11Z,2026-07-24T16:43:03Z,2026-07-24,208,12,0.34210526315789475,0.383,-1.4353,-0.4581,-0.7284,-0.617,0.0262,0.0319,0.025,0.093
0120-0453,2389-7708,0120-0453,otros temas medicina clinica ciencias medicas salud c q4 sociedad colombiana oftalmologia social labor general,nephrology medicine communication sciences work relations humanities sociology,15,8,,,,,,,False,1,5,44,122,1381,24,109,0.23,31.39,0.4036,2025-05-01T09:24:42Z,2025-05-01T09:24:42Z,2025-05-01,0,8,0.19672131147540983,0.1443,-0.0719,-0.5095,-0.4463,-0.9562,0.2292,0.027,0.075,0.0465
0123-9678,0719-367X,0123-9678,ciencias computacion informacion naturales c ventana media,informatica communication journalism information advertising broadcasting film language literature philology linguistics mass,7,12,2640.0,EUR,2851.2,1.08,7503.16,observado,True,0,,,,,,,,,,2017-06-15T15:38:35Z,2024-12-09T08:08:39Z,2024-12-09,1585,32,,0.0643,1.8042,,,1.0789,0.5086,,,0.3256
0121-7372,2462-991X,0121-7372,medicina clinica ciencias medicas salud c q4 repertorio cirugia general,dermatology surgery medicine health sciences biomedicine,10,6,1448.6,EUR,1564.49,1.08,4117.08,observado,True,1,2,58,123,889,5,91,0.06,15.33,0.5539999999999999,2021-01-18T10:00:02Z,2021-05-11T07:07:17Z,2021-05-11,1173,16,0.04065040650406504,0.1084,0.2542,-0.7278,-0.8695,-0.2778,0.2778,0.0061,0.0,0.1395
2011-4540,2500-672X,2011-4540,derecho ciencias sociales c q3 nuevo fundamental general uniform jurisprudence,law social sciences miscellaneous political science rights constitutional policies comparative,10,10,,,,,,,False,2,3,10,43,489,12,37,0.24,48.9,0.2857,2019-11-25T14:12:36Z,2024-05-27T22:06:54Z,2024-05-27,355,30,0.27906976744186046,0.2898,-0.5824,0.3509,-0.7284,0.9093,0.1532,0.1093,0.025,0.3023
0124-7905,,0124-7905,otras ciencias sociales c entornos,,5,0,,,,,,,False,0,,,,,,,,,,,,,,,,0.1519,-0.5664,,,,0.1556,,,
2145-7735,2443-9991,2145-7735,odontologia cirugia oral medicina clinica ciencias medicas salud c q4 colombiana investigacion,neurology clinical medicine researching schools education innovation teacher training didactics teaching theory practice,12,13,,,,,,,False,1,3,48,114,1495,39,90,0.26,31.15,0.4694,2021-07-12T16:45:56Z,2021-07-12T16:45:56Z,2021-07-12,0,12,0.34210526315789475,0.1489,-0.0693,-0.4581,-0.7284,-0.617,0.2296,0.0319,0.025,0.093
0123-1022,,0123-1022,ciencias politicas sociales c folios,,5,0,,,,,,,False,0,,,,,,,,,,,,,,,,0.1519,-0.5664,,,,0.1556,,,
1692-9918,1981-4127,1692-9918,otras ciencias naturales c ingenieria recursos ambiente gestao desenvolvimento social human general,science education sciences works geography anthropology recreation environmental,12,8,2331.51,EUR,2518.03,1.08,6626.39,observado,True,0,,,,,,,,,,2020-01-06T18:37:23Z,2020-02-27T21:36:06Z,2020-02-27,504,4,,0.0712,1.4028,,,-1.2954,0.4488,,,0.0
0122-7017,2531-1654,0122-7017,otras ciencias sociales c enterese anglo,spanish english translation literature linguistics language,6,6,,,,,,,False,0,,,,,,,,,,2019-04-18T20:55:23Z,2025-11-25T09:39:36Z,2025-11-25,166,38,,0.1531,-0.5793,,,1.5876,0.1536,,,0.3953
2145-6836,,2145-6836,otras ciencias sociales c,expeditio,4,1,,,,,,,False,0,,,,,,,,,,,,,,,,0.1519,-0.5664,,,,0.1556,,,
1909-258X,2602-408X,1909-258X,computacion ciencias informacion naturales c especializada sistemas informaticos general,islamic culture archaeology history art turkish literature music fine arts,9,10,,,,,,,False,0,,,,,,,,,,2023-12-05T08:56:54Z,2023-12-05T08:56:54Z,2023-12-05,569,16,,0.131,-0.288,,,-0.2778,0.197,,,0.1395
1692-3502,2215-4744,1692-3502,otras ciencias sociales c ensayos historia teoria arte costa central general europe doctrinal,history historiography rican american latin america spanish philosophy psychology religion theology specific doctrines movements heresies schisms,13,16,1116.0,EUR,1205.28,1.08,3171.79,observado,True,0,,,,,,,,,,2019-04-25T00:54:35Z,2022-09-26T12:59:42Z,2022-09-26,731,8,,0.1242,-0.1785,,,-0.9562,0.2133,,,0.0465
0122-3641,2215-2652,0122-3641,otras ingenierias tecnologias ingenieria tecnologia a2 desarrollo universidad costa rica general civil,engineering construction manufacturing transport electrical technology,12,6,,,,,,,False,0,,,,,,,,,,2020-08-01T16:33:11Z,2022-10-24T20:10:16Z,2022-10-24,565,26,,0.1398,-0.4152,,,0.5701,0.1781,,,0.2558
1794-4732,2233-7326,1794-4732,medicina clinica ciencias medicas salud c ustasalud,oftometria information science machine learning electronics telecommunications technology electrical engineering nuclear telecommunication,7,12,,,,,,,False,0,,,,,,,,,,2003-06-18T00:00:00Z,2022-10-15T19:33:00Z,2022-10-15,743,8,,0.1197,-0.098,,,-0.9562,0.2253,,,0.0465
0124-7972,1406-5509,0124-7972,derecho ciencias sociales c juridica penal code civil fundamental personal europe,holistica estonian law rights european,11,5,,,,,,,False,0,,,,,,,,,,2017-08-14T17:44:36Z,2025-03-31T08:15:18Z,2025-03-31,0,20,,0.1533,-0.5815,,,0.0613,0.1533,,,0.186
2027-8047,2715-9256,2027-8047,ciencias salud medicas c una publica pemikiran administrasi negara asia,sapuvet jurnal public administration policy bureaucracy service governance local government political science institutions asian only,10,15,2390.0,EUR,2581.2,1.08,6792.63,observado,True,0,,,,,,,,,,2022-09-19T15:04:51Z,2022-09-19T15:04:51Z,2022-09-19,143,22,,0.0698,1.4789,,,0.2309,0.4602,,,0.2093
0123-2592,2244-7490,0123-2592,otras ciencias sociales c dialectica inclusion tic general,education pedagogy teaching learning,8,4,2838.0,EUR,3065.04,1.08,8065.89,observado,True,0,,,,,,,,,,2025-01-09T13:43:38Z,2025-01-09T13:43:38Z,2025-01-09,998,18,,0.0605,2.0618,,,-0.1083,0.547,,,0.1628
1657-7663,0719-367X,1657-7663,ciencias computacion informacion naturales c avances sistema media,informatica communication journalism information advertising broadcasting film language literature philology linguistics mass,8,12,2640.0,EUR,2851.2,1.08,7503.16,observado,True,0,,,,,,,,,,2017-06-15T15:38:35Z,2024-12-09T08:08:39Z,2024-12-09,1585,32,,0.0643,1.8042,,,1.0789,0.5086,,,0.3256
2145-1389,2463-1140,2145-1389,otras ciencias sociales c signos investigacion sistemas social,gestion administration enviroment sustanability business quality management sciences commerce,8,9,,,,,,,False,0,,,,,,,,,,2019-03-28T03:41:47Z,2026-06-18T06:50:58Z,2024-04-27,347,20,,0.153,-0.5789,,,0.0613,0.1537,,,0.186
0120-1363,1970-7452,0120-1363,otras humanidades c escritos sociosemiotics media,semiotics signification languages culture language literature philology linguistics communication mass linguistic theory comparative grammar,6,14,,,,,,,False,0,,,,,,,,,,2023-03-23T17:41:07Z,2023-03-23T17:41:07Z,2023-03-23,0,12,,0.1834,-0.8646,,,-0.617,0.1111,,,0.093
1900-1355,2362-2075,1900-1355,ingenieria produccion otras ingenierias tecnologias tecnologia c clepsidra interdisciplinaria estudios sobre memoria social reform,history comunication sociology anthropology sciences conditions problems,14,7,,,,,,,False,0,,,,,,,,,,2024-01-30T10:24:54Z,2024-01-30T10:24:54Z,2024-01-30,0,26,,0.1403,-0.4221,,,0.5701,0.177,,,0.2558
1909-9051,3005-5857,1909-9051,otras ingenierias tecnologias ingenieria tecnologia c puente cientifica universidad pontificia bolivariana seccional bucaramanga natural social tecnology,sciences health mathematical logic information agriculture,16,6,,,,,,,False,0,,,,,,,,,,2024-10-22T06:38:35Z,2024-10-22T06:38:35Z,2024-10-22,1041,12,,0.1401,-0.4195,,,-0.617,0.1774,,,0.093
1794-8614,2371-3771,1794-8614,arte humanidades c artista general,artist art arts based creation community transdisciplinary fine,5,8,,,,,,,False,0,,,,,,,,,,2017-06-08T10:37:34Z,2025-12-18T16:41:50Z,2025-12-18,295,37,,0.1839,-0.8685,,,1.5029,0.1106,,,0.3837
1657-2416,,1657-2416,otras ciencias sociales c zona proxima,,6,0,,,,,,,False,0,,,,,,,,,,,,,,,,0.1519,-0.5664,,,,0.1556,,,
0122-011X,2215-4744,0122-011X,idiomas literatura humanidades c teoria historia critica costa central general europe doctrinal,history historiography rican american latin america spanish philosophy psychology religion theology specific doctrines movements heresies schisms,12,16,1116.0,EUR,1205.28,1.08,3171.79,observado,True,0,,,,,,,,,,2019-04-25T00:54:35Z,2022-09-26T12:59:42Z,2022-09-26,731,8,,0.1242,-0.1785,,,-0.9562,0.2133,,,0.0465
1692-8857,2011-7477,1692-8857,filosofia otras humanidades b q3 eidos cientifica arquitectura urbanismo urbanism urban civil,philosophy arts humanities architecture design planning engineering fine,12,8,,,,,,,False,2,5,43,41,1223,4,36,0.1,28.44,0.3243,2023-11-28T16:29:42Z,2023-11-28T16:29:42Z,2023-11-28,341,10,0.0975609756097561,0.2078,-0.8681,-0.625,-0.4463,-0.7866,0.1106,0.016,0.075,0.0698
0121-3261,2011-7574,0121-3261,otras humanidades a2 q3 q4 investigacion desarrollo inclusion social human,health professions miscellaneous occupational therapy physical sports rehabilitation public environmental speech hearing medicine equity culture populations development sciences,10,18,,,,,,,False,2,6,46,89,1864,64,83,0.85,40.52,0.49439999999999995,2016-10-05T14:00:43Z,2021-05-17T09:20:58Z,2021-05-17,376,24,0.7191011235955056,0.3554,-0.8551,0.428,-0.3052,0.4005,0.1126,0.1167,0.1,0.2326
1900-5121,2751-2614,1900-5121,salud publica ciencias medicas c tipica escolar artificial conversion,electronico energy environment biomedicine intelligence electronic information storage science physics technology,9,11,3200.0,USD,3200.0,1.0,8421.05,declarado,True,0,,,,,,,,,,2025-06-16T12:29:03Z,2026-03-17T11:46:53Z,2026-03-17,91,16,,0.0583,2.2243,,,-0.2778,0.5712,,,0.1395
0123-4676,2215-4744,0123-4676,historia arqueologia humanidades b q4 fronteras costa central general europe doctrinal,history political science relations arts humanities social sciences historiography rican american latin america spanish philosophy psychology religion theology specific doctrines movements heresies schisms,11,23,1116.0,EUR,1205.28,1.08,3171.79,observado,True,1,3,23,57,1014,4,52,0.08,44.09,0.23079999999999998,2019-04-25T00:54:35Z,2022-09-26T12:59:42Z,2022-09-26,731,8,0.07017543859649122,0.1255,-0.1785,-0.7791,-0.7284,-0.9562,0.2133,0.0012,0.025,0.0465
0121-5132,1657-0448,0121-5132,otras ingenierias tecnologias ingenieria tecnologia c q4 escuela colombiana universidad costa rica general civil,dermatology surgery medicine engineering construction manufacturing transport electrical technology,14,9,,,,,,,False,1,2,58,123,889,5,91,0.06,15.33,0.5539999999999999,2020-08-01T16:33:11Z,2022-10-24T20:10:16Z,2022-10-24,565,26,0.04065040650406504,0.145,-0.3918,-0.7278,-0.8695,0.5701,0.1816,0.0061,0.0,0.2558
0120-5552,2707-6954,0120-5552,ciencias salud medicas a2 q3 q4 uninorte general,health professions miscellaneous occupational therapy physical sports rehabilitation public environmental speech hearing medicine sciences nursing education,8,16,,,,,,,False,2,6,46,89,1864,64,83,0.85,40.52,0.49439999999999995,2022-07-28T13:13:04Z,2022-07-28T13:13:04Z,2022-07-28,261,8,0.7191011235955056,0.2319,-0.0842,0.428,-0.3052,-0.9562,0.2274,0.1167,0.1,0.0465
1909-7891,2358-3452,1909-7891,ingenieria civil tecnologia c vector vetor ciencias exatas engenharias general,engineering chemistry exact sciences applied mathematics mathematical modelling technology science,10,10,1104.0,EUR,1192.32,1.08,3137.68,observado,True,0,,,,,,,,,,2022-09-03T12:29:11Z,2022-09-03T12:29:11Z,2022-09-03,1176,10,,0.1251,-0.1941,,,-0.7866,0.211,,,0.0698
1692-3103,0120-1867,1692-3103,derecho ciencias sociales b q3 q4 maestria economico universidad catolica santisima concepcion legal jurisprudence,law political science relations social sciences history public private,14,9,1828.49,EUR,1974.77,1.08,5196.76,observado,True,2,4,13,52,576,12,50,0.26,44.31,0.3125,2024-11-05T07:14:45Z,2024-11-05T07:14:45Z,2024-11-05,126,10,0.23076923076923078,0.1367,0.7484,-0.0472,-0.5873,-0.7866,0.3514,0.0713,0.05,0.0698
0120-6680,1988-3242,0120-6680,filosofia otras humanidades c logos general,philosophy metaphysics critical theory epistemology psychology religion speculative,6,8,243.34,EUR,262.81,1.08,691.61,observado,True,0,,,,,,,,,,2018-10-06T00:54:40Z,2019-03-04T03:03:41Z,2019-03-04,1292,32,,0.2667,-1.3138,,,1.0789,0.0442,,,0.3256
0123-417X,2007-7149,0123-417X,psicologia incluye terapias aprendizaje habla visual otras discapacidades fisicas mentales ciencias sociales a2 desde caribe social,behavioral sciences clinical psychology occupational educational psychosocial philosophy religion,16,9,,,,,,,False,0,,,,,,,,,,2021-01-11T09:56:14Z,2021-01-11T09:56:14Z,2021-01-11,0,16,,0.153,-0.5785,,,-0.2778,0.1538,,,0.1395
1657-5946,2215-7727,1657-5946,economia negocios ciencias sociales c q4 desarrollo cuba social as,agronomy crop science economics econometrics geography planning development agricultural biological sciences finance social gestion economy economic institutions history conditions theory demography,10,21,2908.3,EUR,3140.96,1.08,8265.68,observado,True,1,16,7,28,319,13,28,0.27,45.57,0.2778,2018-04-04T14:01:18Z,2022-09-19T12:32:51Z,2022-09-19,0,14,0.4642857142857143,0.09,2.1532,-0.1242,1.1056,-0.4474,0.5606,0.0639,0.35,0.1163
0120-9833,2543-3717,0120-9833,ingenieria ambiental tecnologia c solar social labor fuel,energetica energy renewable environment thermal sciences industries land use special trades policy trade,8,13,2671.76,EUR,2885.5,1.08,7593.42,observado,True,0,,,,,,,,,,2020-11-06T18:15:05Z,2025-03-19T15:22:34Z,2025-03-19,128,8,,0.0636,1.8455,,,-0.9562,0.5148,,,0.0465
0120-341X,3005-5857,0120-341X,otras ciencias sociales c universidad eafit natural social tecnology,sciences health mathematical logic information agriculture,9,6,,,,,,,False,0,,,,,,,,,,2024-10-22T06:38:35Z,2024-10-22T06:38:35Z,2024-10-22,1041,12,,0.1531,-0.5798,,,-0.617,0.1536,,,0.093
1692-3901,2518-0983,1692-3901,economia negocios ciencias sociales c desarrollo cuba social as,economy development economic institutions sciences history conditions theory demography economics science,9,11,,,,,,,False,0,,,,,,,,,,2018-04-04T14:01:18Z,2022-09-19T12:32:51Z,2022-09-19,0,14,,0.1534,-0.5824,,,-0.4474,0.1532,,,0.1163
0122-3461,2215-2652,0122-3461,otras ingenierias tecnologias ingenieria tecnologia a2 desarrollo universidad costa rica general civil,engineering construction manufacturing transport electrical technology,12,6,,,,,,,False,0,,,,,,,,,,2020-08-01T16:33:11Z,2022-10-24T20:10:16Z,2022-10-24,565,26,,0.1398,-0.4152,,,0.5701,0.1781,,,0.2558
0121-5701,2718-6555,0121-5701,geologia ciencias tierra medioambientales naturales c avances recursos hidraulicos social visual general,arts art history humanities sciences culture fine,12,7,,,,,,,False,0,,,,,,,,,,2025-04-14T06:23:06Z,2025-04-14T06:23:06Z,2025-04-14,0,26,,0.131,-0.2889,,,0.5701,0.1969,,,0.2558
0120-4130,2590-9207,0120-4130,teoria literaria idiomas literatura humanidades c q2 poligramas latinamerican italian portuguese,literature literary theory arts humanities criticism history language french spanish,11,10,,,,,,,False,3,2,24,77,469,7,71,0.06,19.54,0.5,2018-06-22T10:28:51Z,2026-07-08T18:18:52Z,2026-04-21,374,10,0.09090909090909091,0.2708,-0.8902,-0.2141,-0.8695,-0.7866,0.1073,0.0553,0.0,0.0698
1692-0880,0123-2576,1692-0880,medicina clinica ciencias medicas salud c q4 experimental general,education medical laboratory technology medicine miscellaneous health professions social sciences clinical surgery oncology public,9,14,1448.6,EUR,1564.49,1.08,4117.08,observado,True,1,4,0,62,0,16,50,0.28,0.0,0.0,2016-10-25T09:25:34Z,2023-08-14T10:00:55Z,2023-08-14,13014,6,0.25806451612903225,0.13,0.2542,-0.4581,-0.5873,-1.1258,0.2778,0.0319,0.05,0.0233
0123-2304,2421-4574,0123-2304,otras humanidades c temas reflexiones tema structural,technology engineering materials architecture building performance construction practices technical history preservation architectural buildings,7,13,400.0,EUR,432.0,1.08,1136.84,declarado,True,0,,,,,,,,,,2019-05-15T09:21:14Z,2026-07-31T06:56:32Z,,279,4,,0.2211,-1.11,,,-1.2954,0.0746,,,0.0
1657-480X,2602-8492,1657-480X,ingenieria ambiental tecnologia c observatorio colombiano energia general,electric power systems energy efficiency technology,8,6,,,,,,,False,0,,,,,,,,,,2022-07-11T21:04:51Z,2022-07-11T21:04:51Z,2022-07-11,503,12,,0.1403,-0.4221,,,-0.617,0.177,,,0.093
0120-856X,1657-0448,0120-856X,medicina clinica ciencias medicas salud b q4 colombiana cirugia molecular,dermatology surgery medicine endocrinology diabetes osteoporosis obesity nutrition dyslipidemias biology internal specialties diseases endocrine glands clinical,10,16,,,,,,,False,1,2,58,123,889,5,91,0.06,15.33,0.5539999999999999,2023-02-24T12:55:55Z,2023-02-24T12:55:55Z,2023-02-24,790,12,0.04065040650406504,0.1242,-0.0724,-0.7278,-0.8695,-0.617,0.2291,0.0061,0.0,0.093
0121-3423,1697-9745,0121-3423,oceanografia hidrologia recursos agua ciencias tierra medioambientales naturales c cientifico,cccp education training educational special aspects theory practice,10,8,,,,,,,False,0,,,,,,,,,,2019-06-23T02:54:33Z,2019-06-23T02:54:33Z,2019-06-23,0,12,,0.131,-0.288,,,-0.617,0.197,,,0.093
0123-1286,1657-0448,0123-1286,otras ciencias agricolas c q4 fitotecnia colombiana molecular,dermatology surgery medicine endocrinology diabetes osteoporosis obesity nutrition dyslipidemias biology internal specialties diseases endocrine glands clinical,8,16,,,,,,,False,1,2,58,123,889,5,91,0.06,15.33,0.5539999999999999,2023-02-24T12:55:55Z,2023-02-24T12:55:55Z,2023-02-24,790,12,0.04065040650406504,0.1262,-0.1079,-0.7278,-0.8695,-0.617,0.2238,0.0061,0.0,0.093
0122-9534,2675-6617,0122-9534,ciencias veterinarias agricolas b medicina veterinaria,veterinary medicine animal production biology agriculture culture,6,7,380.8,EUR,411.26,1.08,1082.26,observado,True,0,,,,,,,,,,2023-07-06T16:59:40Z,2023-07-06T16:59:40Z,2023-07-06,780,12,,0.2259,-1.135,,,-0.617,0.0709,,,0.093
1657-6772,2469-1488,1657-6772,otras ciencias sociales c q3 q4 investigacion general visual,health professions miscellaneous occupational therapy physical sports rehabilitation public environmental speech hearing medicine artistic disciplines teaching production art historiography fine arts history,9,22,,,,,,,False,2,6,46,89,1864,64,83,0.85,40.52,0.49439999999999995,2017-10-26T12:15:35Z,2021-11-22T09:30:41Z,2021-11-22,234,10,0.7191011235955056,0.2967,-0.5686,0.428,-0.3052,-0.7866,0.1552,0.1167,0.1,0.0698
1012-7410,2590-9932,1012-7410,biotecnologia agricola ciencias agricolas c pasturas tropicales,wood technology products management agriculture forestry,7,6,2784.55,EUR,3007.31,1.08,7913.97,observado,True,0,,,,,,,,,,2019-09-22T13:56:34Z,2022-08-11T10:16:20Z,2022-08-11,207,4,,0.0615,1.9922,,,-1.2954,0.5366,,,0.0
1657-9526,2371-3771,1657-9526,artes plasticas visuales arte humanidades c entreartes general,art arts based creation community transdisciplinary fine,8,7,,,,,,,False,0,,,,,,,,,,2017-06-08T10:37:34Z,2025-12-18T16:41:50Z,2025-12-18,295,37,,0.1839,-0.8685,,,1.5029,0.1106,,,0.3837
1692-6323,2707-6954,1692-6323,ciencias salud medicas c institucional facultad general,clon health sciences public medicine nursing environmental education,7,8,,,,,,,False,0,,,,,,,,,,2022-07-28T13:13:04Z,2022-07-28T13:13:04Z,2022-07-28,261,8,,0.1197,-0.098,,,-0.9562,0.2253,,,0.0465
0120-0275,2709-7927,0120-0275,agricultura silvicultura pesca ciencias agricolas c centro nacional investigaciones,cafe cenicafe medicine health sciences medical public,9,7,,,,,,,False,0,,,,,,,,,,2021-08-31T08:19:38Z,2021-08-31T08:19:38Z,2021-08-31,1150,16,,0.1216,-0.1335,,,-0.2778,0.22,,,0.1395
0123-1952,2786-8788,0123-1952,historia arqueologia humanidades c utopia siglo xxi general,relations diplomacy foreign policy history political science,8,7,600.0,UAH,16.2,0.027,42.63,declarado,True,0,,,,,,,,,,2024-05-23T10:52:04Z,2024-05-23T10:52:04Z,2024-05-23,165,8,,0.381,-1.6109,,,-0.9562,0.0,,,0.0465
0121-2532,2600-5727,0121-2532,otras ciencias sociales c coyuntura social as,economy finances administration accounting sciences commerce business bookkeeping economic theory demography economics science,7,13,267.75,EUR,289.17,1.08,760.97,observado,True,0,,,,,,,,,,2023-05-25T07:55:55Z,2023-05-25T07:55:55Z,2023-05-25,0,16,,0.2584,-1.2821,,,-0.2778,0.049,,,0.1395
1657-5636,,1657-5636,otras ingenierias tecnologias ingenieria tecnologia c epiciclos,,7,0,,,,,,,False,0,,,,,,,,,,,,,,,,0.1391,-0.4062,,,,0.1794,,,
0121-5299,2588-0721,0121-5299,ingenieria ambiental tecnologia c energia computacion concrete smartgrid,riemat energy efficiency structures energies technology,8,6,,,,,,,False,0,,,,,,,,,,2025-06-16T12:32:23Z,2025-06-16T12:32:23Z,2025-06-16,141,8,,0.1403,-0.4221,,,-0.9562,0.177,,,0.0465
1657-4229,2665-2730,1657-4229,otras ciencias sociales c uni pluriversidad general,teacher education higher special aspects,7,5,,,,,,,False,0,,,,,,,,,,2019-08-01T21:27:18Z,2023-08-16T12:38:39Z,2023-08-16,337,32,,0.1513,-0.5587,,,1.0789,0.1567,,,0.3256
0121-0696,2145-4493,0121-0696,derecho ciencias sociales c q4 privado universidad catolica santisima concepcion legal jurisprudence,law social sciences history public private,12,6,,,,,,,False,1,5,7,35,453,4,16,0.12,64.71,0.5,2024-11-05T07:14:45Z,2024-11-05T07:14:45Z,2024-11-05,126,10,0.11428571428571428,0.1764,-0.5533,-0.5737,-0.4463,-0.7866,0.1575,0.0209,0.075,0.0698
0121-2974,1657-0448,0121-2974,ciencias tierra medioambientales naturales c q4 geofisica colombiana sic casopis za knjizevnost kulturu knjizevno social general,dermatology surgery medicine i prevodjenje culture literature translation humanities sciences language,16,11,,,,,,,False,1,2,58,123,889,5,91,0.06,15.33,0.5539999999999999,2011-12-03T16:09:38Z,2021-05-14T08:47:41Z,2021-05-14,448,24,0.04065040650406504,0.1359,-0.2637,-0.7278,-0.8695,0.4005,0.2006,0.0061,0.0,0.2326
0120-3797,2007-7149,0120-3797,psicologia ciencias sociales a2 avances latinoamericana social,clinica behavioral sciences clinical psychology occupational educational psychosocial philosophy religion,7,10,1828.24,EUR,1974.5,1.08,5196.05,observado,True,0,,,,,,,,,,2021-01-11T09:56:14Z,2021-01-11T09:56:14Z,2021-01-11,0,16,,0.0865,0.7481,,,-0.2778,0.3513,,,0.1395
