issn_print,issn_electronic,issn_linking,titulo,anio_clasificacion,categoria_publindex,pais,region,departamento,municipio,codigo_dane,especialidad,area_conocimiento,gran_area,institucion_editora_1,tipo_institucion_1,institucion_editora_2,institucion_editora_3,id_revista_publindex,issn_normalizado,titulo_normalizado,pais_iso,_fecha_captura,_estado_calidad,_hash_registro,rank_scimago,sourceid,tipo_publicacion,editorial,open_access,oa_diamond,sjr_score,cuartil_sjr,cuartil_sjr_ord,h_index,total_docs,total_docs_3y,total_refs,total_citas_3y,docs_citables_3y,citas_por_doc_2y,refs_por_doc,pct_female,overton,cobertura,categorias_scimago,areas_scimago,url_revista,url_doaj,When did the journal start to publish all content using an open license?,titulo_alternativo,issn_impreso,issn_electronico,palabras_clave,idiomas,pais_editorial,Other organisation,Country of other organisation,licencia,atributos_licencia,URL for license terms,cc_legible_maquina,autor_retiene_copyright,Copyright information URL,tipo_revision,Review process information URL,politica_plagio,URL for journal's aims & scope,URL for the Editorial Board page,URL for journal's instructions for authors,semanas_submission_publicacion,tiene_apc,APC information URL,politica_exencion,Waiver policy information URL,tiene_otros_cobros,Other fees information URL,servicios_preservacion,Preservation Service: national library,Preservation information URL,Deposit policy directory,URL for deposit policy,identificadores_persistentes,cumple_oa_doaj,Continues,Continued By,codigos_lcc,subscribe_to_open,Mirror Journal,Open Journals Collective,materias,fecha_incorporacion_doaj,fecha_actualizacion_doaj,Last Full Review Date,num_articulos,fecha_ultimo_articulo,apc_monto,apc_moneda,apc_monto_usd,apc_tipo,_fuentes,apc_metodo_imputacion,apc_es_outlier,categoria_publindex_ord,ratio_citas_docs,indice_calidad_costo,es_colombiana,editorial_rapida,_fecha_consolidacion
0034-7450,,,Revista Colombiana De Psiquiatría,2022,B,Colombia,Distrito Capital,"Bogotá, D. C.","Bogotá, D.C.",11001,No registra,Medicina Clínica,Ciencias Médicas y de la Salud,ASOCIACION COLOMBIANA DE PSIQUIATRIA,Otras,,,184,0034-7450,colombiana psiquiatria,CO,2026-09-12,consolidado,35f4b89c8af4b469,,,,,,,,,0,,,,,,,,,,,,,,,,,,,,,,,,,,,,,,,,,,,,,,,,,,,,,,,,,,,,,,,,,,,,,,,,,100.0,imputado,['publindex'],mediana_area,False,2,,,True,,2026-09-12
2539-3669,,2539-3669,GESTIÓN Y DESARROLLO LIBRE,2022,C,Colombia,Centro Oriente,Norte de Santander,Cúcuta,54001,Negocios y Management,Economía y Negocios,Ciencias Sociales,UNIVERSIDAD LIBRE DE COLOMBIA,IES,,,"158,871",2539-3669,gestion desarrollo libre,CO,2026-09-12,consolidado,05a8226aa3efea69,,,,,,,,,0,,,,,,,,,,,,,,,,,,,,,,,,,,,,,,,,,,,,,,,,,,,,,,,,,,,,,,,,,,,,,,,,,100.0,imputado,['publindex'],mediana_global,False,1,,,True,,2026-09-12
2215-7727,,2215-7727,Cuadernos De Desarrollo Rural,2022,C,Colombia,Distrito Capital,"Bogotá, D. C.","Bogotá, D.C.",11001,No registra,Sociología,Ciencias Sociales,PONTIFICIA UNIVERSIDAD JAVERIANA,IES,,,353,2215-7727,cuadernos desarrollo rural,CO,2026-09-12,consolidado,eebbcd123741bc74,,,,,,,,,0,,,,,,,,,,,,,,,,,,,,,,,,,,,,,,,,,,,,,,,,,,,,,,,,,,,,,,,,,,,,,,,,,100.0,imputado,['publindex'],mediana_global,False,1,,,True,,2026-09-12
0124-7441,,2590-4566,Justicia,2022,C,Colombia,Caribe,Atlántico,Barranquilla,08001,Derecho,Derecho,Ciencias Sociales,UNIVERSIDAD SIMON BOLIVAR,IES,,,37,2590-4566,justicia,CO,2026-09-12,consolidado,8a30998a22679eac,14.0,21101215777,journal,Simon Bolivar University (Barranquilla),True,True,0.296,Q2,3,5.0,27.0,98.0,1134.0,41.0,96.0,0.48,42.0,0.3778,0.0,2020-2025,Political Science and International Relations (Q2); Sociology and Political Science (Q2),Social Sciences,,,,,,,,,,,,,,,,,,,,,,,,,,,,,,,,,,,,,,,,,,,,,,,,,,,,100.0,imputado,['publindex'],mediana_global,False,1,0.41836734693877553,0.3238512035010941,True,,2026-09-12
1657-9267,,,Universitas Psychologica,2022,B,Colombia,Distrito Capital,"Bogotá, D. C.","Bogotá, D.C.",11001,No registra,Psicología,Ciencias Sociales,PONTIFICIA UNIVERSIDAD JAVERIANA,IES,,,503,1657-9267,universitas psychologica,CO,2026-09-12,consolidado,43703720f229bbf3,108.0,7500153128,journal,Pontificia Universidad Javeriana,True,False,0.146,Q4,1,37.0,28.0,77.0,1691.0,32.0,77.0,0.21,60.39,0.4474,0.0,2007-2026,Psychology (miscellaneous) (Q4); Social Psychology (Q4),Psychology,,,,,,,,,,,,,,,,,,,,,,,,,,,,,,,,,,,,,,,,,,,,,,,,,,,,100.0,imputado,['publindex'],mediana_global,False,2,0.4155844155844156,0.1597374179431072,True,,2026-09-12
0124-0781,,2590-8669,Reflexión Política,2022,C,Colombia,Centro Oriente,Santander,Bucaramanga,68001,Ciencias Políticas,Ciencias Políticas,Ciencias Sociales,UNIVERSIDAD AUTONOMA DE BUCARAMANGA,IES,,,"1,146",2590-8669,reflexion politica,CO,2026-09-12,consolidado,980b622b50c426a9,,,,,,,,,0,,,,,,,,,,,,,,,,,,,,,,,,,,,,,,,,,,,,,,,,,,,,,,,,,,,,,,,,,,,,,,,,,100.0,imputado,['publindex'],mediana_global,False,1,,,True,,2026-09-12
1794-8231,,2462-8794,Ecomatematico,2022,C,Colombia,Centro Oriente,Norte de Santander,Cúcuta,54001,Matemáticas Aplicadas,Matemática,Ciencias Naturales,UNIVERSIDAD FRANCISCO DE PAULA SANTANDER,IES,,,539,2462-8794,ecomatematico,CO,2026-09-12,consolidado,f7f473e2d7a9ee8c,,,,,,,,,0,,,,,,,,,,,,,,,,,,,,,,,,,,,,,,,,,,,,,,,,,,,,,,,,,,,,,,,,,,,,,,,,,100.0,imputado,['publindex'],mediana_global,False,1,,,True,,2026-09-12
1794-5658,,2500-7769,Amauta,2022,C,Colombia,Caribe,Atlántico,Barranquilla,08001,Otras Humanidades,Otras Humanidades,Humanidades,UNIVERSIDAD DEL ATLANTICO,IES,,,"1,083",2500-7769,amauta,CO,2026-09-12,consolidado,aa96a74018f0c659,,,,,,,,,0,,,,,,,,,,,,,,,,,,,,,,,,,,,,,,,,,,,,,,,,,,,,,,,,,,,,,,,,,,,,,,,,,100.0,imputado,['publindex'],mediana_global,False,1,,,True,,2026-09-12
1657-5997,,2027-5374,Aquichan,2022,C,Colombia,Centro Oriente,Cundinamarca,Chía,25175,Enfermería,Ciencias de la Salud,Ciencias Médicas y de la Salud,UNIVERSIDAD DE LA SABANA,IES,,,489,2027-5374,aquichan,CO,2026-09-12,consolidado,ca0c365d9eeb0188,,,,,,,,,0,,,,,,,,,,,,,,,,,,,,,,,,,,,,,,,,,,,,,,,,,,,,,,,,,,,,,,,,,,,,,,,,,100.0,imputado,['publindex'],mediana_area,False,1,,,True,,2026-09-12
0123-4366,,2346-2442,Revista De Derecho Privado,2022,A2,Colombia,Distrito Capital,"Bogotá, D. C.","Bogotá, D.C.",11001,No registra,Derecho,Ciencias Sociales,UNIVERSIDAD EXTERNADO DE COLOMBIA,IES,,,441,2346-2442,derecho privado,CO,2026-09-12,consolidado,8e41e1c459580218,,,,,,,,,0,,,,,,,,,,,,,,,,,,,,,,,,,,,,,,,,,,,,,,,,,,,,,,,,,,,,,,,,,,,,,,,,,100.0,imputado,['publindex'],mediana_global,False,3,,,True,,2026-09-12
0370-3908,,2382-4980,"Revista De La Academia Colombiana De Ciencias Exactas, Físicas Y Naturales",2022,C,Colombia,Distrito Capital,"Bogotá, D. C.","Bogotá, D.C.",11001,No registra,Ciencias de la Tierra y Medioambientales,Ciencias Naturales,ACADEMIA COLOMBIANA DE CIENCIAS EXACTAS FISICAS Y NATURALES ACCEFYN,Otras,,,257,2382-4980,academia colombiana ciencias exactas fisicas naturales,CO,2026-09-12,consolidado,b7af03b9276c3d5b,85.0,21100903449,journal,"Colombian Academy of Exact, Physical and Natural Sciences",True,True,0.162,Q3,2,14.0,68.0,248.0,2269.0,98.0,217.0,0.37,33.37,0.23809999999999998,0.0,2016-2025,"History and Philosophy of Science (Q3); Agricultural and Biological Sciences (miscellaneous) (Q4); Biochemistry, Genetics and Molecular Biology (miscellaneous) (Q4); Chemistry (miscellaneous) (Q4); Earth and Planetary Sciences (miscellaneous) (Q4); Energy (miscellaneous) (Q4); Mathematics (miscellaneous) (Q4); Physics and Astronomy (miscellaneous) (Q4)","Agricultural and Biological Sciences; Arts and Humanities; Biochemistry, Genetics and Molecular Biology; Chemistry; Earth and Planetary Sciences; Energy; Mathematics; Physics and Astronomy",,,,,,,,,,,,,,,,,,,,,,,,,,,,,,,,,,,,,,,,,,,,,,,,,,,,100.0,imputado,['publindex'],mediana_global,False,1,0.3951612903225806,0.1772428884026258,True,,2026-09-12
,,2027-5846,Ingenierias Usbmed,2022,C,Colombia,Eje Cafetero,Antioquia,Medellín,05001,No registra,Otras Ingenierías y Tecnologías,Ingeniería y Tecnología,UNIVERSIDAD DE SAN BUENAVENTURA,IES,,,"1,121",2027-5846,ingenierias usbmed,CO,2026-09-12,consolidado,e8de39249ce4f3ca,,,,,,,,,0,,,,,,,,,,,,,,http://revistas.usb.edu.co/index.php/IngUSBmed,https://doaj.org/toc/04235659f10b4a3e949a85ce86b6e729,2010,Ingenierias USBMed,2027-5846,,"['technology' 'engineering' 'biomedical research' 'software engineering'
 'computer science' 'data science']",['Spanish'],Colombia,,,CC BY-NC-ND,,https://revistas.usb.edu.co/index.php/IngUSBmed/about/submissions,True,False,https://revistas.usb.edu.co/index.php/IngUSBmed/about/submissions,Double anonymous peer review,https://revistas.usb.edu.co/index.php/IngUSBmed/about,True,https://revistas.usb.edu.co/index.php/IngUSBmed/about,http://revistas.usb.edu.co/index.php/IngUSBmed/about/editorialTeam,http://revistas.usb.edu.co/index.php/IngUSBmed/about/submissions#authorGuidelines,16,False,https://revistas.usb.edu.co/index.php/IngUSBmed/about/submissions#authorGuidelines,False,,False,,,,,,,DOI,True,,,T|TA1-2040,False,No,No,Technology: Engineering (General). Civil engineering (General),2012-01-23,2025-05-05,2025-05-05,243,2026-05-20,,,100.0,imputado,['publindex'],mediana_global,False,1,,,True,False,2026-09-12
1692-3030,,2389-7716,Juridicas Cuc,2022,B,Colombia,Caribe,Atlántico,Barranquilla,08001,Derecho,Derecho,Ciencias Sociales,CORPORACION UNIVERSIDAD DE LA COSTA,IES,,,38,2389-7716,juridicas cuc,CO,2026-09-12,consolidado,223e46bfc806e115,25.0,21101089001,journal,Universidad de la Costa,False,False,0.241,Q2,3,8.0,21.0,67.0,1022.0,54.0,64.0,0.76,48.67,0.41859999999999997,0.0,2019-2025,Law (Q2),Social Sciences,,,,,,,,,,,,,,,,,,,,,,,,,,,,,,,,,,,,,,,,,,,,,,,,,,,,100.0,imputado,['publindex'],mediana_global,False,2,0.8059701492537313,0.26367614879649887,True,,2026-09-12
0124-5996,,2346-2450,Revista De Economía Institucional,2022,B,Colombia,Distrito Capital,"Bogotá, D. C.","Bogotá, D.C.",11001,No registra,Economía y Negocios,Ciencias Sociales,UNIVERSIDAD EXTERNADO DE COLOMBIA,IES,,,1,2346-2450,economia institucional,CO,2026-09-12,consolidado,90b89b8b18437ca0,,,,,,,,,0,,,,,,,,,,,,,,,,,,,,,,,,,,,,,,,,,,,,,,,,,,,,,,,,,,,,,,,,,,,,,,,,,100.0,imputado,['publindex'],mediana_global,False,2,,,True,,2026-09-12
0120-7555,,2346-206X,Turismo Y Sociedad,2022,C,Colombia,Distrito Capital,"Bogotá, D. C.","Bogotá, D.C.",11001,No registra,Economía y Negocios,Ciencias Sociales,UNIVERSIDAD EXTERNADO DE COLOMBIA,IES,,,732,2346-206X,turismo sociedad,CO,2026-09-12,consolidado,5ca5645ef8bfde02,113.0,21101216647,journal,Universidad Externado de Colombia,True,True,0.144,Q4,1,7.0,25.0,91.0,1351.0,38.0,88.0,0.34,54.04,0.434,0.0,2020-2026,"Geography, Planning and Development (Q4); Tourism, Leisure and Hospitality Management (Q4)","Business, Management and Accounting; Social Sciences",,,,,,,,,,,,,,,,,,,,,,,,,,,,,,,,,,,,,,,,,,,,,,,,,,,,100.0,imputado,['publindex'],mediana_global,False,1,0.4175824175824176,0.15754923413566738,True,,2026-09-12
0123-3432,,2145-566X,Íkala,2022,A2,Colombia,Eje Cafetero,Antioquia,Medellín,05001,No registra,Idiomas y Literatura,Humanidades,UNIVERSIDAD DE ANTIOQUIA,IES,,,223,2145-566X,ikala,CO,2026-09-12,consolidado,01b45c6ff302a6e0,,,,,,,,,0,,,,,,,,,,,,,,,,,,,,,,,,,,,,,,,,,,,,,,,,,,,,,,,,,,,,,,,,,,,,,,,,,100.0,imputado,['publindex'],mediana_global,False,3,,,True,,2026-09-12
0122-6517,,2382-4700,Inge-Cuc,2022,B,Colombia,Caribe,Atlántico,Barranquilla,08001,Ingeniería Eléctrica y Electrónica,"Ingenierías Eléctrica, Electrónica e Informática",Ingeniería y Tecnología,CORPORACION UNIVERSIDAD DE LA COSTA,IES,,,189,2382-4700,inge cuc,CO,2026-09-12,consolidado,d9334f61dad784f8,,,,,,,,,0,,,,,,,,,,,,,,,,,,,,,,,,,,,,,,,,,,,,,,,,,,,,,,,,,,,,,,,,,,,,,,,,,100.0,imputado,['publindex'],mediana_global,False,2,,,True,,2026-09-12
0120-0488,,2665-4385,Revista Colombiana De Entomología,2022,C,Colombia,Distrito Capital,"Bogotá, D. C.","Bogotá, D.C.",11001,Otras Ciencias Agrícolas,Otras Ciencias Agrícolas,Ciencias Agrícolas,SOCIEDAD COLOMBIANA DE ENTOMOLOGIA,Otras,UNIVERSIDAD DEL VALLE,,101,2665-4385,colombiana entomologia,CO,2026-09-12,consolidado,87c59bc92c6c2899,,,,,,,,,0,,,,,,,,,,,,,,,,,,,,,,,,,,,,,,,,,,,,,,,,,,,,,,,,,,,,,,,,,,,,,,,,,200.0,imputado,['publindex'],mediana_area,False,1,,,True,,2026-09-12
0124-0064,,2539-3596,Revista De Salud Pública,2022,C,No disponible,No disponible,No disponible,No disponible,,No registra,Ciencias de la Salud,Ciencias Médicas y de la Salud,,No disponible,,,253,2539-3596,salud publica,,2026-09-12,consolidado,a84819be6b95f5bd,,,,,,,,,0,,,,,,,,,,,,,,,,,,,,,,,,,,,,,,,,,,,,,,,,,,,,,,,,,,,,,,,,,,,,,,,,,100.0,imputado,['publindex'],mediana_area,False,1,,,False,,2026-09-12
1909-0455,,2323-0703,Producción + Limpia,2022,C,Colombia,Eje Cafetero,Antioquia,Caldas,05129,No registra,Ciencias de la Tierra y Medioambientales,Ciencias Naturales,CORPORACION UNIVERSITARIA LASALLISTA,IES,,,988,2323-0703,produccion limpia,CO,2026-09-12,consolidado,12a2ce1578856d15,107.0,21100891786,journal,Corporacion Universitaria Lasallista,True,True,0.146,Q4,1,6.0,20.0,56.0,640.0,25.0,51.0,0.5,32.0,0.34619999999999995,0.0,2018-2025,"Environmental Science (miscellaneous) (Q4); Management, Monitoring, Policy and Law (Q4)",Environmental Science,,,,,,,,,,,,,,,,,,,,,,,,,,,,,,,,,,,,,,,,,,,,,,,,,,,,100.0,imputado,['publindex'],mediana_global,False,1,0.44642857142857145,0.1597374179431072,True,,2026-09-12
0124-2121,,2665-2420,Educacion Y Humanismo,2022,B,Colombia,Caribe,Atlántico,Barranquilla,08001,"Educación General (Incluye Capacitación, Pedagogía)",Ciencias de la Educación,Ciencias Sociales,UNIVERSIDAD SIMON BOLIVAR,IES,,,428,2665-2420,educacion humanismo,CO,2026-09-12,consolidado,1089e7f1396953af,122.0,21101128566,journal,Simon Bolivar University (Barranquilla),True,True,0.137,Q3,2,4.0,26.0,69.0,1274.0,29.0,67.0,0.32,49.0,0.4167,0.0,2022-2026,Cultural Studies (Q3); History and Philosophy of Science (Q3); Education (Q4); Gender Studies (Q4),Arts and Humanities; Social Sciences,,,,,,,,,,,,,,,,,,,,,,,,,,,,,,,,,,,,,,,,,,,,,,,,,,,,100.0,imputado,['publindex'],mediana_global,False,2,0.42028985507246375,0.14989059080962802,True,,2026-09-12
0124-177X,,2357-5905,Gestión Y Ambiente,2022,C,Colombia,Distrito Capital,"Bogotá, D. C.","Bogotá, D.C.",11001,No registra,Geografía Social y Económica,Ciencias Sociales,UNIVERSIDAD NACIONAL DE COLOMBIA,IES,FUNDACION UNIVERSIDAD DE AMERICA,,234,2357-5905,gestion ambiente,CO,2026-09-12,consolidado,2c4762af61084b2a,,,,,,,,,0,,,,,,,,,,,,,,,,,,,,,,,,,,,,,,,,,,,,,,,,,,,,,,,,,,,,,,,,,,,,,,,,,100.0,imputado,['publindex'],mediana_global,False,1,,,True,,2026-09-12
0123-5362,,,Revista De Economía Del Rosario,2022,C,Colombia,Distrito Capital,"Bogotá, D. C.","Bogotá, D.C.",11001,No registra,Economía y Negocios,Ciencias Sociales,,No disponible,,,58,0123-5362,economia rosario,CO,2026-09-12,consolidado,d6d652b17136f8d8,,,,,,,,,0,,,,,,,,,,,,,,,,,,,,,,,,,,,,,,,,,,,,,,,,,,,,,,,,,,,,,,,,,,,,,,,,,100.0,imputado,['publindex'],mediana_global,False,1,,,True,,2026-09-12
0121-8417,,2357-4720,Revista Historia Y Sociedad,2022,C,Colombia,Eje Cafetero,Antioquia,Medellín,05001,Historia,Historia y Arqueología,Humanidades,UNIVERSIDAD NACIONAL DE COLOMBIA,IES,,,"1,080",2357-4720,historia sociedad,CO,2026-09-12,consolidado,150fdfc53fb13df0,,,,,,,,,0,,,,,,,,,,,,,,,,,,,,,,,,,,,,,,,,,,,,,,,,,,,,,,,,,,,,,,,,,,,,,,,,,100.0,imputado,['publindex'],mediana_global,False,1,,,True,,2026-09-12
1794-8932,,2346-0806,Sophia,2022,B,Colombia,Eje Cafetero,Quindío,Armenia,63001,No registra,Ciencias de la Educación,Ciencias Sociales,UNIVERSIDAD LA GRAN COLOMBIA SECCIONAL ARMENIA,IES,,,"1,017",2346-0806,sophia,CO,2026-09-12,consolidado,fcb0b7b6b248fcb9,,,,,,,,,0,,,,,,,,,,,,,,,,,,,,,,,,,,,,,,,,,,,,,,,,,,,,,,,,,,,,,,,,,,,,,,,,,100.0,imputado,['publindex'],mediana_global,False,2,,,True,,2026-09-12
1692-7311,,2389-8844,Equidad & Desarrollo,2022,B,Colombia,Distrito Capital,"Bogotá, D. C.","Bogotá, D.C.",11001,No registra,Economía y Negocios,Ciencias Sociales,UNIVERSIDAD DE LA SALLE,IES,,,530,2389-8844,equidad desarrollo,CO,2026-09-12,consolidado,4dcee4acbecf43da,,,,,,,,,0,,,,,,,,,,,,,,,,,,,,,,,,,,,,,,,,,,,,,,,,,,,,,,,,,,,,,,,,,,,,,,,,,100.0,imputado,['publindex'],mediana_global,False,2,,,True,,2026-09-12
0120-3754,,2500-5227,Administración & Desarrollo,2022,C,Colombia,Distrito Capital,"Bogotá, D. C.","Bogotá, D.C.",11001,No registra,Ciencias Políticas,Ciencias Sociales,ESCUELA SUPERIOR DE ADMINISTRACION PUBLICA,IES,,,523,2500-5227,administracion desarrollo,CO,2026-09-12,consolidado,b18ae19c8e8a97ef,,,,,,,,,0,,,,,,,,,,,,,,,,,,,,,,,,,,,,,,,,,,,,,,,,,,,,,,,,,,,,,,,,,,,,,,,,,100.0,imputado,['publindex'],mediana_global,False,1,,,True,,2026-09-12
2346-3775,,2346-3775,Tropical Grasslands-Forrajes Tropicales,2022,B,Colombia,Pacífico,Valle del Cauca,Palmira,76520,No registra,"Agricultura, Silvicultura y Pesca",Ciencias Agrícolas,CENTRO INTERNACIONAL DE AGRICULTURA TROPICAL,Otras,,,"1,221",2346-3775,tropical grasslands forrajes tropicales,CO,2026-09-12,consolidado,ea62b5bd42a1b89d,16.0,21100820898,journal,Centro Internacional de Agricultura Tropical (CIAT),True,True,0.286,Q3,2,32.0,8.0,69.0,291.0,82.0,69.0,1.11,36.38,0.3182,0.0,2013-2025,"Agronomy and Crop Science (Q3); Ecology, Evolution, Behavior and Systematics (Q3); Plant Science (Q3)",Agricultural and Biological Sciences,https://www.tropicalgrasslands.info/index.php/tgft,https://doaj.org/toc/6acc2f3a8af147f1af0316cbf3b34354,2013,,,2346-3775,['tropical forages' 'grasslands' 'forages'],['Spanish' 'English'],Colombia,,,CC BY,,https://www.tropicalgrasslands.info/index.php/tgft/about/submissions,True,True,https://www.tropicalgrasslands.info/index.php/tgft/about/submissions,Double anonymous peer review,https://www.tropicalgrasslands.info/index.php/tgft/about/submissions,False,https://www.tropicalgrasslands.info/index.php/tgft/about,https://www.tropicalgrasslands.info/index.php/tgft/about/editorialTeam,https://www.tropicalgrasslands.info/index.php/tgft/about/submissions,16,False,https://www.tropicalgrasslands.info/index.php/tgft/about,False,,False,,,,,,,DOI,True,,,S,False,No,No,Agriculture,2016-12-03,2026-07-31,2026-06-01,460,2025-10-01,,,200.0,imputado,['publindex'],mediana_area,False,2,1.1884057971014492,0.15645514223194745,True,False,2026-09-12
1692-0279,,2256-4322,Ad-Minister Revista Escuela De Administración,2022,B,Colombia,Eje Cafetero,Antioquia,Medellín,05001,No registra,Economía y Negocios,Ciencias Sociales,UNIVERSIDAD EAFIT,IES,,,468,2256-4322,ad minister escuela administracion,CO,2026-09-12,consolidado,156416312157c9fe,,,,,,,,,0,,,,,,,,,,,,,,,,,,,,,,,,,,,,,,,,,,,,,,,,,,,,,,,,,,,,,,,,,,,,,,,,,100.0,imputado,['publindex'],mediana_global,False,2,,,True,,2026-09-12
1900-9895,,2500-5324,Latinoamericana De Estudios Educativos,2022,C,Colombia,Eje Cafetero,Caldas,Manizales,17001,No registra,Ciencias de la Educación,Ciencias Sociales,UNIVERSIDAD DE CALDAS,IES,,,208,2500-5324,latinoamericana estudios educativos,CO,2026-09-12,consolidado,f421e45bd9f82175,,,,,,,,,0,,,,,,,,,,,,,,,,,,,,,,,,,,,,,,,,,,,,,,,,,,,,,,,,,,,,,,,,,,,,,,,,,100.0,imputado,['publindex'],mediana_global,False,1,,,True,,2026-09-12
2422-4200,,2422-4200,Revista Logos Ciencia & Tecnología,2022,C,Colombia,Distrito Capital,"Bogotá, D. C.","Bogotá, D.C.",11001,"Ciencias Sociales, Interdisciplinaria",Otras Ciencias Sociales,Ciencias Sociales,DIRECCION NACIONAL DE ESCUELAS POLICIA NACIONAL DE COLOMBIA,IES,,,"1,088",2422-4200,logos ciencia tecnologia,CO,2026-09-12,consolidado,bc0bf3b5b22076ae,,,,,,,,,0,,,,,,,,,,,,,,,,,,,,,,,,,,,,,,,,,,,,,,,,,,,,,,,,,,,,,,,,,,,,,,,,,100.0,imputado,['publindex'],mediana_global,False,1,,,True,,2026-09-12
0124-6127,,2462-9596,Discusiones Filosóficas,2022,C,No disponible,No disponible,No disponible,No disponible,,No registra,Otras Humanidades,Humanidades,UNIVERSIDAD DE CALDAS,IES,,,534,2462-9596,discusiones filosoficas,,2026-09-12,consolidado,77a317d444d5eb3f,,,,,,,,,0,,,,,,,,,,,,,,,,,,,,,,,,,,,,,,,,,,,,,,,,,,,,,,,,,,,,,,,,,,,,,,,,,100.0,imputado,['publindex'],mediana_global,False,1,,,False,,2026-09-12
0120-5307,,2216-0280,Investigación Y Educación En Enfermería,2022,B,Colombia,Eje Cafetero,Antioquia,Medellín,05001,No registra,Ciencias de la Salud,Ciencias Médicas y de la Salud,UNIVERSIDAD DE ANTIOQUIA,IES,,,318,2216-0280,investigacion educacion enfermeria,CO,2026-09-12,consolidado,5491f360c505631e,3.0,21100407145,journal,Facultad de Enfermeria de la Universidad de Antioquia,True,True,0.572,Q1,4,26.0,51.0,143.0,1554.0,309.0,131.0,1.67,30.47,0.6322,0.0,2012-2025,Maternity and Midwifery (Q1); Community and Home Care (Q2); Family Practice (Q2); Health (social science) (Q2); Nursing (miscellaneous) (Q2); Geriatrics and Gerontology (Q3),Medicine; Nursing; Social Sciences,,,,,,,,,,,,,,,,,,,,,,,,,,,,,,,,,,,,,,,,,,,,,,,,,,,,100.0,imputado,['publindex'],mediana_area,False,2,2.160839160839161,0.6258205689277898,True,,2026-09-12
0124-4639,,,Revista Universidad Y Empresa,2022,B,Colombia,Distrito Capital,"Bogotá, D. C.","Bogotá, D.C.",11001,No registra,Economía y Negocios,Ciencias Sociales,COLEGIO MAYOR NUESTRA SENORA DEL ROSARIO,IES,,,514,0124-4639,universidad empresa,CO,2026-09-12,consolidado,74b5232b2bbb3a76,,,,,,,,,0,,,,,,,,,,,,,,http://revistas.urosario.edu.co/index.php/empresa/,https://doaj.org/toc/65ed48d44b3545b48ff4cce5dce14ac0,1999,Revista Universidad y Empresa,0124-4639,2145-4558,"['enterprises' 'management' 'internationalisation' 'leadership'
 'innovation']",['Spanish' 'English'],Colombia,,,CC BY-NC,,https://revistas.urosario.edu.co/index.php/empresa/about/submissions,True,True,https://revistas.urosario.edu.co/index.php/empresa/about/submissions#copyrightNotice,Double anonymous peer review,https://revistas.urosario.edu.co/index.php/empresa/about,True,https://revistas.urosario.edu.co/index.php/empresa/about,https://revistas.urosario.edu.co/index.php/empresa/about/editorialTeam,http://revistas.urosario.edu.co/index.php/empresa/about/submissions#authorGuidelines,24,False,https://revistas.urosario.edu.co/index.php/empresa/about,False,,False,,,,,,,DOI,True,,,HF1-6182|HF5001-6182,False,No,No,Social Sciences: Commerce: Business,2011-04-18,2025-04-29,2025-04-29,535,2026-08-12,,,100.0,imputado,['publindex'],mediana_global,False,2,,,True,False,2026-09-12
0120-4483,,2665-1327,Ensayos Sobre Política Económica,2022,B,Colombia,Distrito Capital,"Bogotá, D. C.","Bogotá, D.C.",11001,No registra,Economía y Negocios,Ciencias Sociales,,No disponible,,,220,2665-1327,ensayos sobre politica economica,CO,2026-09-12,consolidado,0620efeaeef2b4c9,,,,,,,,,0,,,,,,,,,,,,,,,,,,,,,,,,,,,,,,,,,,,,,,,,,,,,,,,,,,,,,,,,,,,,,,,,,100.0,imputado,['publindex'],mediana_global,False,2,,,True,,2026-09-12
1794-5992,,2389-783X,Duazary,2022,C,Colombia,Caribe,Magdalena,Santa Marta,47001,"Ciencias Socio Biomédicas (Planificación Familiar, Salud Sexual, Efectos Políticos y Sociales de la Investigación Biomédica)",Ciencias de la Salud,Ciencias Médicas y de la Salud,UNIVERSIDAD DEL MAGDALENA,IES,,,614,2389-783X,duazary,CO,2026-09-12,consolidado,0c0e9daab0779ec0,,,,,,,,,0,,,,,,,,,,,,,,,,,,,,,,,,,,,,,,,,,,,,,,,,,,,,,,,,,,,,,,,,,,,,,,,,,100.0,imputado,['publindex'],mediana_area,False,1,,,True,,2026-09-12
0124-2059,,2027-128X,Investigación En Enfermería :Imagen Y Desarrollo,2022,C,Colombia,Distrito Capital,"Bogotá, D. C.","Bogotá, D.C.",11001,No registra,Ciencias de la Salud,Ciencias Médicas y de la Salud,PONTIFICIA UNIVERSIDAD JAVERIANA,IES,,,686,2027-128X,investigacion enfermeria imagen desarrollo,CO,2026-09-12,consolidado,b7f0fa9afad6c764,,,,,,,,,0,,,,,,,,,,,,,,,,,,,,,,,,,,,,,,,,,,,,,,,,,,,,,,,,,,,,,,,,,,,,,,,,,100.0,imputado,['publindex'],mediana_area,False,1,,,True,,2026-09-12
1794-161X,,2389-7864,Revista Intropica,2022,C,Colombia,Caribe,Magdalena,Santa Marta,47001,No registra,Ciencias Biológicas,Ciencias Naturales,UNIVERSIDAD DEL MAGDALENA,IES,,,"1,005",2389-7864,intropica,CO,2026-09-12,consolidado,999bc24ef6e58cbe,,,,,,,,,0,,,,,,,,,,,,,,,,,,,,,,,,,,,,,,,,,,,,,,,,,,,,,,,,,,,,,,,,,,,,,,,,,100.0,imputado,['publindex'],mediana_global,False,1,,,True,,2026-09-12
1794-4449,,2256-3938,Revista Lasallista De Investigación,2022,C,Colombia,Eje Cafetero,Antioquia,Caldas,05129,No registra,Otras Ciencias Naturales,Ciencias Naturales,CORPORACION UNIVERSITARIA LASALLISTA,IES,,,647,2256-3938,lasallista investigacion,CO,2026-09-12,consolidado,817e2c8a9fa54379,117.0,21100202735,journal,Corporacion Universitaria Lasallista,True,True,0.142,Q4,1,13.0,42.0,107.0,1454.0,39.0,103.0,0.39,34.62,0.37229999999999996,0.0,"2011, 2013-2025",Multidisciplinary (Q4),Multidisciplinary,,,,,,,,,,,,,,,,,,,,,,,,,,,,,,,,,,,,,,,,,,,,,,,,,,,,100.0,imputado,['publindex'],mediana_global,False,1,0.3644859813084112,0.15536105032822756,True,,2026-09-12
0122-820X,,2422-5053,Revista Respuestas,2022,C,Colombia,Centro Oriente,Norte de Santander,Cúcuta,54001,Otras Ingenierías y Tecnologías,Otras Ingenierías y Tecnologías,Ingeniería y Tecnología,UNIVERSIDAD FRANCISCO DE PAULA SANTANDER,IES,UNIVERSIDAD FRANCISCO DE PAULA SANTANDER OCANA,,393,2422-5053,respuestas,CO,2026-09-12,consolidado,b7c2145ad6bde125,,,,,,,,,0,,,,,,,,,,,,,,,,,,,,,,,,,,,,,,,,,,,,,,,,,,,,,,,,,,,,,,,,,,,,,,,,,100.0,imputado,['publindex'],mediana_global,False,1,,,True,,2026-09-12
2145-9371,,,Ingenieria Y Desarrollo,2022,B,Colombia,Caribe,Atlántico,Barranquilla,08001,No registra,Otras Ingenierías y Tecnologías,Ingeniería y Tecnología,FUNDACION UNIVERSIDAD DEL NORTE,IES,,,15,2145-9371,ingenieria desarrollo,CO,2026-09-12,consolidado,3baf6c4c04bed1b4,,,,,,,,,0,,,,,,,,,,,,,,,,,,,,,,,,,,,,,,,,,,,,,,,,,,,,,,,,,,,,,,,,,,,,,,,,,100.0,imputado,['publindex'],mediana_global,False,2,,,True,,2026-09-12
0122-8803,,2322-6889,Historia Caribe,2022,B,No disponible,No disponible,No disponible,No disponible,,Historia,Historia y Arqueología,Humanidades,UNIVERSIDAD DEL ATLANTICO,IES,,,916,2322-6889,historia caribe,,2026-09-12,consolidado,d5a7185ea9be544d,136.0,21100432208,journal,Sello editorial Universidad del Atlantico,True,True,0.129,Q3,2,5.0,20.0,76.0,885.0,8.0,66.0,0.1,44.25,0.375,0.0,2015-2025,History (Q3),Arts and Humanities,,,,,,,,,,,,,,,,,,,,,,,,,,,,,,,,,,,,,,,,,,,,,,,,,,,,100.0,imputado,['publindex'],mediana_global,False,2,0.10526315789473684,0.14113785557986872,False,,2026-09-12
1900-5407,,2011-4273,Antípoda : Revista De Antropología Y Arqueología,2022,A2,Colombia,Distrito Capital,"Bogotá, D. C.","Bogotá, D.C.",11001,Antropología,Sociología,Ciencias Sociales,UNIVERSIDAD DE LOS ANDES,IES,,,667,2011-4273,antipoda antropologia arqueologia,CO,2026-09-12,consolidado,950c878d89e8399e,,,,,,,,,0,,,,,,,,,,,,,,,,,,,,,,,,,,,,,,,,,,,,,,,,,,,,,,,,,,,,,,,,,,,,,,,,,100.0,imputado,['publindex'],mediana_global,False,3,,,True,,2026-09-12
2215-8421,,2215-8421,Voces Y Silencios,2022,C,Colombia,Distrito Capital,"Bogotá, D. C.","Bogotá, D.C.",11001,"Educación General (Incluye Capacitación, Pedagogía)",Ciencias de la Educación,Ciencias Sociales,UNIVERSIDAD DE LOS ANDES,IES,,,665,2215-8421,voces silencios,CO,2026-09-12,consolidado,7b2161bba2ac9188,,,,,,,,,0,,,,,,,,,,,,,,https://revistas.uniandes.edu.co/index.php/vys/index,https://doaj.org/toc/61a946dad67f4f688182ff5d1b939d5e,2010,,,2215-8421,"['education' 'pedagogy' 'learning' 'teaching' 'human development'
 'educational policy']",['Portuguese' 'English' 'Spanish'],Colombia,,,CC BY-NC-ND,,https://revistas.uniandes.edu.co/index.php/vys/editorial-policy,,True,https://revistas.uniandes.edu.co/index.php/vys/editorial-policy,Double anonymous peer review,https://revistas.uniandes.edu.co/index.php/vys/editorial-policy,True,https://revistas.uniandes.edu.co/index.php/vys/about,https://revistas.uniandes.edu.co/index.php/vys/Editorial,https://revistas.uniandes.edu.co/index.php/vys/editorial-policy,37,False,https://revistas.uniandes.edu.co/index.php/vys/editorial-policy,False,,False,,,,,,,DOI,True,,,L7-991,False,No,No,Education: Education (General),2025-01-06,2025-01-06,2025-01-06,357,2026-07-01,,,100.0,imputado,['publindex'],mediana_global,False,1,,,True,False,2026-09-12
0123-4641,,,Colombian Applied Linguistics Journal,2022,B,Colombia,Distrito Capital,"Bogotá, D. C.","Bogotá, D.C.",11001,Lingüística,Idiomas y Literatura,Humanidades,UNIVERSIDAD DISTRITAL FRANCISCO JOSE DE CALDAS,IES,,,301,0123-4641,colombian applied linguistics,CO,2026-09-12,consolidado,a5b93b3a4a5ea8b5,,,,,,,,,0,,,,,,,,,,,,,,http://revistas.udistrital.edu.co/ojs/index.php/calj,https://doaj.org/toc/181be56ac223431194c9ebed7546e0bc,2003,,0123-4641,2248-7085,['applied linguistics' 'literacy' 'teacher education' 'discourse studies'],['English' 'Spanish'],Colombia,Universidad Distrital Francisco José de Caldas,Colombia,CC BY-NC-ND,,http://revistas.udistrital.edu.co/ojs/index.php/calj/about/submissions#copyrightNotice,,True,http://revistas.udistrital.edu.co/ojs/index.php/calj/about/submissions#copyrightNotice,Double anonymous peer review,https://revistas.udistrital.edu.co/index.php/calj/about,False,https://revistas.udistrital.edu.co/index.php/calj/about,https://revistas.udistrital.edu.co/index.php/calj/about/editorialTeam,https://revistas.udistrital.edu.co/index.php/calj/about/submissions,5,False,https://revistas.udistrital.edu.co/index.php/calj/about,False,,False,,,,,,,DOI,True,,,P1-1091,False,No,No,Language and Literature: Philology. Linguistics,2015-01-21,2022-08-17,2022-08-17,412,2025-11-24,,,100.0,imputado,['publindex'],mediana_global,False,2,,,True,True,2026-09-12
0120-3053,,2256-5779,Apuntes Del Cenes,2022,C,Colombia,Centro Oriente,Boyacá,Tunja,15001,No registra,Economía y Negocios,Ciencias Sociales,UNIVERSIDAD PEDAGOGICA Y TECNOLOGICA DE COLOMBIA,IES,,,6,2256-5779,apuntes cenes,CO,2026-09-12,consolidado,e88d8ff80596ad00,,,,,,,,,0,,,,,,,,,,,,,,,,,,,,,,,,,,,,,,,,,,,,,,,,,,,,,,,,,,,,,,,,,,,,,,,,,100.0,imputado,['publindex'],mediana_global,False,1,,,True,,2026-09-12
1657-6357,,2389-9050,Sociedad Y Economía,2022,C,Colombia,Pacífico,Valle del Cauca,Cali,76001,"Ciencias Sociales, Interdisciplinaria",Otras Ciencias Sociales,Ciencias Sociales,UNIVERSIDAD DEL VALLE,IES,,,345,2389-9050,sociedad economia,CO,2026-09-12,consolidado,693e098dac7f94bd,,,,,,,,,0,,,,,,,,,,,,,,https://sociedadyeconomia.univalle.edu.co/index.php/sociedad_y_economia/index,https://doaj.org/toc/f3237cc9541b466bb4e3866f9914d999,2011,,,2389-9050,"['social sciences' 'economics' 'econometrics' 'social change' 'sociology'
 'social issues']",['English' 'Spanish'],Colombia,,,CC BY-NC,,https://sociedadyeconomia.univalle.edu.co/index.php/sociedad_y_economia/about#openAccessPolicy,True,False,https://sociedadyeconomia.univalle.edu.co/index.php/sociedad_y_economia/derechos,Peer review,https://sociedadyeconomia.univalle.edu.co/index.php/sociedad_y_economia/evaluacion,True,https://sociedadyeconomia.univalle.edu.co/index.php/sociedad_y_economia/about,https://sociedadyeconomia.univalle.edu.co/index.php/sociedad_y_economia/about/editorialTeam,https://sociedadyeconomia.univalle.edu.co/index.php/sociedad_y_economia/information/authors,52,False,https://sociedadyeconomia.univalle.edu.co/index.php/sociedad_y_economia/financiacion,False,,False,,,,,,,DOI,True,,,H1-99,False,No,No,Social Sciences: Social sciences (General),2024-04-30,2024-04-30,2024-04-30,578,2026-06-04,,,100.0,imputado,['publindex'],mediana_global,False,1,,,True,False,2026-09-12
0120-3649,,2011-219X,Theologica Xaveriana,2022,C,Colombia,Distrito Capital,"Bogotá, D. C.","Bogotá, D.C.",11001,No registra,Otras Humanidades,Humanidades,PONTIFICIA UNIVERSIDAD JAVERIANA,IES,,,36,2011-219X,theologica xaveriana,CO,2026-09-12,consolidado,f7b9e887dc3ba6ee,,,,,,,,,0,,,,,,,,,,,,,,,,,,,,,,,,,,,,,,,,,,,,,,,,,,,,,,,,,,,,,,,,,,,,,,,,,100.0,imputado,['publindex'],mediana_global,False,1,,,True,,2026-09-12
0121-7372,,2462-991X,Repertorio De Medicina Y Cirugía,2022,C,Colombia,Distrito Capital,"Bogotá, D. C.","Bogotá, D.C.",11001,No registra,Otras Ciencias Médicas,Ciencias Médicas y de la Salud,SOCIEDAD DE CIRUGIA DE BOGOTA HOSPITAL DE SAN JOSE,Empresas,FUNDACION UNIVERSITARIA DE CIENCIAS DE LA SALUD FUCS,,494,2462-991X,repertorio medicina cirugia,CO,2026-09-12,consolidado,9e844d4dc45f478e,,,,,,,,,0,,,,,,,,,,,,,,,,,,,,,,,,,,,,,,,,,,,,,,,,,,,,,,,,,,,,,,,,,,,,,,,,,100.0,imputado,['publindex'],mediana_area,False,1,,,True,,2026-09-12
1794-7154,,2382-3240,"Saber, Ciencia Y Libertad",2022,B,Colombia,Caribe,Bolívar,Cartagena de Indias,13001,"Ciencias Sociales, Interdisciplinaria",Otras Ciencias Sociales,Ciencias Sociales,UNIVERSIDAD LIBRE DE COLOMBIA,IES,,,829,2382-3240,saber ciencia libertad,CO,2026-09-12,consolidado,2c7bc5ab2464c7c4,,,,,,,,,0,,,,,,,,,,,,,,,,,,,,,,,,,,,,,,,,,,,,,,,,,,,,,,,,,,,,,,,,,,,,,,,,,100.0,imputado,['publindex'],mediana_global,False,2,,,True,,2026-09-12
0120-2596,,,Lecturas De Economía,2022,C,Colombia,Eje Cafetero,Antioquia,Medellín,05001,Economía,Economía y Negocios,Ciencias Sociales,UNIVERSIDAD DE ANTIOQUIA,IES,,,56,0120-2596,lecturas economia,CO,2026-09-12,consolidado,9fb9d54b158434ee,,,,,,,,,0,,,,,,,,,,,,,,https://revistas.udea.edu.co/index.php/lecturasdeeconomia/,https://doaj.org/toc/7370231166024f2ca563d7972b6be962,2010,,0120-2596,2323-0622,"['economics' 'applied economics' 'public policy' 'economic thought'
 'economic history']",['English' 'Spanish'],Colombia,"Universidad de Antioquia, Facultad de Ciencias Económicas",Colombia,CC BY-NC-SA,,https://revistas.udea.edu.co/index.php/lecturasdeeconomia/politicaopenaccess,True,True,https://revistas.udea.edu.co/index.php/lecturasdeeconomia/about/submissions,Double anonymous peer review,https://revistas.udea.edu.co/index.php/lecturasdeeconomia/about,True,https://revistas.udea.edu.co/index.php/lecturasdeeconomia/about,https://revistas.udea.edu.co/index.php/lecturasdeeconomia/about/editorialTeam,https://revistas.udea.edu.co/index.php/lecturasdeeconomia/about/submissions,25,False,https://revistas.udea.edu.co/index.php/lecturasdeeconomia/about/submissions#authorGuidelines,False,,False,,CLOCKSS,,https://portal.issn.org/resource/ISSN/2323-0622,Open Policy Finder,https://openpolicyfinder.jisc.ac.uk/id/publication/37259?template=romeo,,True,,,HC10-1085|HB71-74,False,No,No,Social Sciences: Economic history and conditions | Social Sciences: Economic theory. Demography: Economics as a science,2017-01-20,2024-04-03,2024-04-03,1513,2026-04-08,,,100.0,imputado,['publindex'],mediana_global,False,1,,,True,False,2026-09-12
0123-4412,,2665-3273,Estudios De Literatura Colombiana,2022,A1,Colombia,Eje Cafetero,Antioquia,Medellín,05001,No registra,Idiomas y Literatura,Humanidades,UNIVERSIDAD DE ANTIOQUIA,IES,,,73,2665-3273,estudios literatura colombiana,CO,2026-09-12,consolidado,261c55131718d2b8,,,,,,,,,0,,,,,,,,,,,,,,,,,,,,,,,,,,,,,,,,,,,,,,,,,,,,,,,,,,,,,,,,,,,,,,,,,100.0,imputado,['publindex'],mediana_global,False,4,,,True,,2026-09-12
0120-131X,,2389-9980,Cuestiones Teológicas Y Filosóficas,2022,C,Colombia,Eje Cafetero,Antioquia,Medellín,05001,Teología,Otras Humanidades,Humanidades,UNIVERSIDAD PONTIFICIA BOLIVARIANA,IES,,,44,2389-9980,cuestiones teologicas filosoficas,CO,2026-09-12,consolidado,10049afdcc385644,72.0,21101104846,journal,Universidad Pontificia Bolivariana,True,True,0.18,Q2,3,4.0,21.0,69.0,918.0,12.0,67.0,0.09,43.71,0.35710000000000003,0.0,2019-2026,Religious Studies (Q2),Arts and Humanities,,,,,,,,,,,,,,,,,,,,,,,,,,,,,,,,,,,,,,,,,,,,,,,,,,,,100.0,imputado,['publindex'],mediana_global,False,1,0.17391304347826086,0.19693654266958424,True,,2026-09-12
0121-2494,,2500-6436,Pedagogía Y Saberes,2022,B,Colombia,Distrito Capital,"Bogotá, D. C.","Bogotá, D.C.",11001,"Educación General (Incluye Capacitación, Pedagogía)",Ciencias de la Educación,Ciencias Sociales,UNIVERSIDAD PEDAGOGICA NACIONAL,IES,,,244,2500-6436,pedagogia saberes,CO,2026-09-12,consolidado,67834d3048356838,,,,,,,,,0,,,,,,,,,,,,,,,,,,,,,,,,,,,,,,,,,,,,,,,,,,,,,,,,,,,,,,,,,,,,,,,,,100.0,imputado,['publindex'],mediana_global,False,2,,,True,,2026-09-12
2145-1389,,2463-1140,Signos,2022,C,No disponible,No disponible,No disponible,No disponible,,No registra,Economía y Negocios,Ciencias Sociales,UNIVERSIDAD SANTO TOMAS,IES,,,828,2463-1140,signos,,2026-09-12,consolidado,bba81b0123d19b18,,,,,,,,,0,,,,,,,,,,,,,,,,,,,,,,,,,,,,,,,,,,,,,,,,,,,,,,,,,,,,,,,,,,,,,,,,,100.0,imputado,['publindex'],mediana_global,False,1,,,False,,2026-09-12
0120-0011,,2357-3848,Revista De La Facultad De Medicina De La Universidad Nacional De Colombia,2022,C,Colombia,Distrito Capital,"Bogotá, D. C.","Bogotá, D.C.",11001,No registra,Otras Ciencias Médicas,Ciencias Médicas y de la Salud,,No disponible,,,221,2357-3848,facultad medicina universidad nacional colombia,CO,2026-09-12,consolidado,23076e436b240120,112.0,20265,journal,Universidad Nacional de Colombia,True,True,0.144,Q4,1,17.0,21.0,145.0,702.0,54.0,122.0,0.21,33.43,0.34409999999999996,0.0,"1945-1949, 1951-1966, 1972-1974, 2007-2025",Medicine (miscellaneous) (Q4),Medicine,,,,,,,,,,,,,,,,,,,,,,,,,,,,,,,,,,,,,,,,,,,,,,,,,,,,100.0,imputado,['publindex'],mediana_area,False,1,0.3724137931034483,0.15754923413566738,True,,2026-09-12
0041-9060,,2011-1711,Vniversitas,2022,C,Colombia,Distrito Capital,"Bogotá, D. C.","Bogotá, D.C.",11001,No registra,Derecho,Ciencias Sociales,PONTIFICIA UNIVERSIDAD JAVERIANA,IES,,,118,2011-1711,vniversitas,CO,2026-09-12,consolidado,f9a7125c4af96f08,,,,,,,,,0,,,,,,,,,,,,,,,,,,,,,,,,,,,,,,,,,,,,,,,,,,,,,,,,,,,,,,,,,,,,,,,,,100.0,imputado,['publindex'],mediana_global,False,1,,,True,,2026-09-12
0120-4203,,2590-4604,Contaduría Universidad De Antioquia,2022,C,Colombia,Eje Cafetero,Antioquia,Medellín,05001,Negocios y Management,Economía y Negocios,Ciencias Sociales,UNIVERSIDAD DE ANTIOQUIA,IES,,,349,2590-4604,contaduria universidad antioquia,CO,2026-09-12,consolidado,30338a5e6e07a3e7,,,,,,,,,0,,,,,,,,,,,,,,,,,,,,,,,,,,,,,,,,,,,,,,,,,,,,,,,,,,,,,,,,,,,,,,,,,100.0,imputado,['publindex'],mediana_global,False,1,,,True,,2026-09-12
,,2011-799X,Mutatis Mutandis. Revista Latinoamericana De Traducción.,2022,A2,Colombia,Eje Cafetero,Antioquia,Medellín,05001,No registra,Idiomas y Literatura,Humanidades,UNIVERSIDAD DE ANTIOQUIA,IES,,,875,2011-799X,mutatis mutandis latinoamericana traduccion,CO,2026-09-12,consolidado,e19016262a79da6b,20.0,21100258403,journal,Universidad de Antioquia,True,True,0.27,Q2,3,9.0,28.0,82.0,1481.0,35.0,75.0,0.36,52.89,0.7045,0.0,2013-2025,Linguistics and Language (Q2),Social Sciences,https://revistas.udea.edu.co/index.php/mutatismutandis/,https://doaj.org/toc/3719098d42aa46f9bb202b07ede8816c,2008,Mutatis Mutandis: Revista Latinoamericana de Traducción,,2011-799X,"['translation' 'translation studies' 'translation studies research'
 'translation practice' 'translation criticism' 'history of translation']",['English' 'French' 'Portuguese' 'Spanish'],Colombia,,,CC BY-NC-SA,,https://revistas.udea.edu.co/index.php/mutatismutandis/,True,False,https://revistas.udea.edu.co/index.php/mutatismutandis/about/submissions,Double anonymous peer review,https://revistas.udea.edu.co/index.php/mutatismutandis/about,True,https://revistas.udea.edu.co/index.php/mutatismutandis/about,https://revistas.udea.edu.co/index.php/mutatismutandis/about/editorialTeam,https://revistas.udea.edu.co/index.php/mutatismutandis/pautas,15,False,https://revistas.udea.edu.co/index.php/mutatismutandis/,False,,False,,,,,Open Policy Finder,https://openpolicyfinder.jisc.ac.uk/id/publication/45122,,True,,,P306-310,False,No,No,Language and Literature: Philology. Linguistics: Language. Linguistic theory. Comparative grammar: Translating and interpreting,2018-11-16,2024-04-12,2024-04-12,817,2026-04-10,,,100.0,imputado,['publindex'],mediana_global,False,3,0.4268292682926829,0.29540481400437635,True,False,2026-09-12
0121-7488,,2462-7658,Ciencia En Desarrollo,2022,B,Colombia,Centro Oriente,Boyacá,Tunja,15001,Otras Ciencias Naturales,Otras Ciencias Naturales,Ciencias Naturales,UNIVERSIDAD PEDAGOGICA Y TECNOLOGICA DE COLOMBIA,IES,,,339,2462-7658,ciencia desarrollo,CO,2026-09-12,consolidado,e4fc1219b932faf4,,,,,,,,,0,,,,,,,,,,,,,,,,,,,,,,,,,,,,,,,,,,,,,,,,,,,,,,,,,,,,,,,,,,,,,,,,,100.0,imputado,['publindex'],mediana_global,False,2,,,True,,2026-09-12
0122-9761,,2590-4671,Boletín De Investigaciones Marinas Y Costeras,2022,C,Colombia,Caribe,Magdalena,Santa Marta,47001,Biología Marina y del Agua,Ciencias Biológicas,Ciencias Naturales,INSTITUTO DE INVESTIGACIONES MARINAS Y COSTERAS JOSE BENITO VIVES DE ANDREIS INVEMAR,Centros,,,176,2590-4671,boletin investigaciones marinas costeras,CO,2026-09-12,consolidado,01ba66b258c26a6e,28.0,26787,journal,INVEMAR,True,True,0.236,Q2,3,18.0,19.0,62.0,919.0,42.0,62.0,0.76,48.37,0.3265,0.0,"1998, 2001-2025","Conservation (Q2); Museology (Q2); Animal Science and Zoology (Q3); Aquatic Science (Q3); Geography, Planning and Development (Q3); Law (Q3); Management, Monitoring, Policy and Law (Q3); Oceanography (Q3); Water Science and Technology (Q3)",Agricultural and Biological Sciences; Arts and Humanities; Earth and Planetary Sciences; Environmental Science; Social Sciences,,,,,,,,,,,,,,,,,,,,,,,,,,,,,,,,,,,,,,,,,,,,,,,,,,,,100.0,imputado,['publindex'],mediana_global,False,1,0.6774193548387096,0.25820568927789933,True,,2026-09-12
1909-0528,,1909-0528,Via Inveniendi Et Iudicandi Revista Virtual,2022,C,Colombia,Distrito Capital,"Bogotá, D. C.","Bogotá, D.C.",11001,Derecho,Derecho,Ciencias Sociales,UNIVERSIDAD SANTO TOMAS,IES,,,408,1909-0528,via inveniendi et iudicandi virtual,CO,2026-09-12,consolidado,e70d7ae6aa1ecf11,2.0,21101072371,journal,Universidad de Santo Tomas,True,True,0.64,Q1,4,7.0,12.0,71.0,525.0,57.0,69.0,0.75,43.75,0.2,0.0,2019-2025,Law (Q1),Social Sciences,https://revistas.usantotomas.edu.co/index.php/viei,https://doaj.org/toc/e099d59cb0984b07b19fcdbd579c4718,2009,VIeI,,1909-0528,['legal sciences' 'law' 'history' 'politics'],['Spanish'],Colombia,"Universidad Santo Tomás, Facultad de Derecho, Centro de Investigaciones Francisco de Vitoria",,CC BY-SA,,https://revistas.usantotomas.edu.co/index.php/viei/about/submissions#copyrightNotice,,False,,Double anonymous peer review,https://revistas.usantotomas.edu.co/index.php/viei/about/editorialPolicies#peerReviewProcess,True,https://revistas.usantotomas.edu.co/index.php/viei/about/editorialPolicies#focusAndScope,https://revistas.usantotomas.edu.co/index.php/viei/about/editorialTeam,https://revistas.usantotomas.edu.co/index.php/viei/about/submissions,20,False,https://revistas.usantotomas.edu.co/index.php/viei/about/editorialPolicies#custom-0,False,,False,https://revistas.usantotomas.edu.co/index.php/viei/about/editorialPolicies#custom-0,,,,,,,True,,,K|JA1-92,False,No,No,Law | Political science: Political science (General),2019-04-01,2019-08-30,2019-08-30,323,2026-07-29,,,100.0,imputado,['publindex'],mediana_global,False,1,0.8028169014084507,0.700218818380744,True,False,2026-09-12
0123-5923,,2665-6744,Estudios Gerenciales,2022,C,Colombia,Pacífico,Valle del Cauca,Cali,76001,No registra,Economía y Negocios,Ciencias Sociales,UNIVERSIDAD ICESI,IES,,,26,2665-6744,estudios gerenciales,CO,2026-09-12,consolidado,94fcc47db66f9a65,,,,,,,,,0,,,,,,,,,,,,,,,,,,,,,,,,,,,,,,,,,,,,,,,,,,,,,,,,,,,,,,,,,,,,,,,,,100.0,imputado,['publindex'],mediana_global,False,1,,,True,,2026-09-12
0121-3628,,2256-358X,Estudios De Filosofía,2022,C,Colombia,Eje Cafetero,Antioquia,Medellín,05001,Filosofía,Otras Humanidades,Humanidades,UNIVERSIDAD DE ANTIOQUIA,IES,,,160,2256-358X,estudios filosofia,CO,2026-09-12,consolidado,34ffe91b1fd95518,,,,,,,,,0,,,,,,,,,,,,,,,,,,,,,,,,,,,,,,,,,,,,,,,,,,,,,,,,,,,,,,,,,,,,,,,,,100.0,imputado,['publindex'],mediana_global,False,1,,,True,,2026-09-12
0124-0137,,2027-212X,Revista Psicogente,2022,B,Colombia,Caribe,Atlántico,Barranquilla,08001,No registra,Psicología,Ciencias Sociales,UNIVERSIDAD SIMON BOLIVAR,IES,,,28,2027-212X,psicogente,CO,2026-09-12,consolidado,eed819b311849de2,81.0,21101144405,journal,Simon Bolivar University (Barranquilla),True,True,0.164,Q4,1,8.0,18.0,55.0,1078.0,31.0,55.0,0.39,59.89,0.45,0.0,2019-2025,Applied Psychology (Q4); Experimental and Cognitive Psychology (Q4),Psychology,,,,,,,,,,,,,,,,,,,,,,,,,,,,,,,,,,,,,,,,,,,,,,,,,,,,100.0,imputado,['publindex'],mediana_global,False,2,0.5636363636363636,0.17943107221006566,True,,2026-09-12
0121-4705,,,Análisis Político,2022,A1,Colombia,Distrito Capital,"Bogotá, D. C.","Bogotá, D.C.",11001,Ciencias Políticas,Ciencias Políticas,Ciencias Sociales,UNIVERSIDAD NACIONAL DE COLOMBIA,IES,,,266,0121-4705,analisis politico,CO,2026-09-12,consolidado,2c07958fc9f61e52,65.0,5600152973,journal,Universidad Nacional de Colombia,True,False,0.186,Q2,3,14.0,26.0,70.0,1363.0,41.0,65.0,0.67,52.42,0.19440000000000002,0.0,"1996, 2007-2012, 2014-2025",History (Q2); Political Science and International Relations (Q3); Sociology and Political Science (Q3),Arts and Humanities; Social Sciences,,,,,,,,,,,,,,,,,,,,,,,,,,,,,,,,,,,,,,,,,,,,,,,,,,,,100.0,imputado,['publindex'],mediana_global,False,4,0.5857142857142857,0.2035010940919037,True,,2026-09-12
2390-0725,,2422-3182,Revista CEA,2022,B,Colombia,Eje Cafetero,Antioquia,Medellín,05001,Negocios y Management,Economía y Negocios,Ciencias Sociales,INSTITUTO TECNOLOGICO METROPOLITANO DE MEDELLIN,IES,,,558,2422-3182,cea,CO,2026-09-12,consolidado,de43357377c4ae4d,,,,,,,,,0,,,,,,,,,,,,,,,,,,,,,,,,,,,,,,,,,,,,,,,,,,,,,,,,,,,,,,,,,,,,,,,,,100.0,imputado,['publindex'],mediana_global,False,2,,,True,,2026-09-12
0120-1700,,2389-8755,Actualidades Pedagógicas,2022,C,Colombia,Distrito Capital,"Bogotá, D. C.","Bogotá, D.C.",11001,No registra,Ciencias de la Educación,Ciencias Sociales,UNIVERSIDAD DE LA SALLE,IES,,,245,2389-8755,actualidades pedagogicas,CO,2026-09-12,consolidado,ae9f8f1965ef112f,,,,,,,,,0,,,,,,,,,,,,,,,,,,,,,,,,,,,,,,,,,,,,,,,,,,,,,,,,,,,,,,,,,,,,,,,,,100.0,imputado,['publindex'],mediana_global,False,1,,,True,,2026-09-12
2145-6097,,2145-6453,Revista De Investigacion Agraria Ambiental,2022,B,Colombia,Distrito Capital,"Bogotá, D. C.","Bogotá, D.C.",11001,Agronomía,"Agricultura, Silvicultura y Pesca",Ciencias Agrícolas,UNIVERSIDAD NACIONAL ABIERTA Y A DISTANCIA,IES,,,12,2145-6453,investigacion agraria ambiental,CO,2026-09-12,consolidado,a6aa48a0182a016f,,,,,,,,,0,,,,,,,,,,,,,,,,,,,,,,,,,,,,,,,,,,,,,,,,,,,,,,,,,,,,,,,,,,,,,,,,,200.0,imputado,['publindex'],mediana_area,False,2,,,True,,2026-09-12
0120-6346,,2248-4345,Semestre Económico,2022,C,Colombia,Eje Cafetero,Antioquia,Medellín,05001,Economía,Economía y Negocios,Ciencias Sociales,UNIVERSIDAD DE MEDELLIN,IES,,,541,2248-4345,semestre economico,CO,2026-09-12,consolidado,e7251ee4b270802d,,,,,,,,,0,,,,,,,,,,,,,,,,,,,,,,,,,,,,,,,,,,,,,,,,,,,,,,,,,,,,,,,,,,,,,,,,,100.0,imputado,['publindex'],mediana_global,False,1,,,True,,2026-09-12
0121-215X,,2256-5442,Cuadernos De Geografía,2022,B,Colombia,Distrito Capital,"Bogotá, D. C.","Bogotá, D.C.",11001,Otras Ciencias Sociales,Otras Ciencias Sociales,Ciencias Sociales,,No disponible,,,"1,011",2256-5442,cuadernos geografia,CO,2026-09-12,consolidado,33af845733d09b5a,,,,,,,,,0,,,,,,,,,,,,,,,,,,,,,,,,,,,,,,,,,,,,,,,,,,,,,,,,,,,,,,,,,,,,,,,,,100.0,imputado,['publindex'],mediana_global,False,2,,,True,,2026-09-12
0122-5383,,2382-4581,"Ct&F Ciencia, Tecnología Y Futuro",2022,C,Colombia,Centro Oriente,Santander,Piedecuesta,68547,Otras Ingenierías y Tecnologías,Otras Ingenierías y Tecnologías,Ingeniería y Tecnología,INSTITUTO COLOMBIANO DEL PETROLEO,Entidades de Gobierno,,,284,2382-4581,ct f ciencia tecnologia futuro,CO,2026-09-12,consolidado,7a98270aca5b23ed,90.0,145059,journal,Ecopetrol S.A.,True,True,0.155,Q4,1,21.0,0.0,37.0,0.0,24.0,37.0,0.52,0.0,0.0,0.0,1996-2024,"Chemical Engineering (miscellaneous) (Q4); Energy (miscellaneous) (Q4); Engineering (miscellaneous) (Q4); Fuel Technology (Q4); Geology (Q4); Geophysics (Q4); Renewable Energy, Sustainability and the Environment (Q4)",Chemical Engineering; Earth and Planetary Sciences; Energy; Engineering,,,,,,,,,,,,,,,,,,,,,,,,,,,,,,,,,,,,,,,,,,,,,,,,,,,,100.0,imputado,['publindex'],mediana_global,False,1,0.6486486486486487,0.16958424507658643,True,,2026-09-12
0121-1617,,1900-6152,Historia Crítica,2022,A1,Colombia,Distrito Capital,"Bogotá, D. C.","Bogotá, D.C.",11001,No registra,Historia y Arqueología,Humanidades,UNIVERSIDAD DE LOS ANDES,IES,,,50,1900-6152,historia critica,CO,2026-09-12,consolidado,ba36a433e2debd9d,12.0,5600155211,journal,"Universidad de los Andes, Colombia",True,True,0.302,Q1,4,15.0,23.0,67.0,1057.0,32.0,67.0,0.62,45.96,0.4667,0.0,2002-2025,"Cultural Studies (Q1); History (Q1); Social Sciences (miscellaneous) (Q2); Geography, Planning and Development (Q3)",Arts and Humanities; Social Sciences,,,,,,,,,,,,,,,,,,,,,,,,,,,,,,,,,,,,,,,,,,,,,,,,,,,,100.0,imputado,['publindex'],mediana_global,False,4,0.47761194029850745,0.3304157549234135,True,,2026-09-12
0120-338X,,2256-5469,Forma Y Función,2022,C,Colombia,Distrito Capital,"Bogotá, D. C.","Bogotá, D.C.",11001,No registra,Idiomas y Literatura,Humanidades,UNIVERSIDAD NACIONAL DE COLOMBIA,IES,,,460,2256-5469,forma funcion,CO,2026-09-12,consolidado,e6b9bf457ba2723a,,,,,,,,,0,,,,,,,,,,,,,,,,,,,,,,,,,,,,,,,,,,,,,,,,,,,,,,,,,,,,,,,,,,,,,,,,,100.0,imputado,['publindex'],mediana_global,False,1,,,True,,2026-09-12
1657-107X,,2500-5421,Revista Interamericana De Investigación Educación Y Pedagogía,2022,B,Colombia,Distrito Capital,"Bogotá, D. C.","Bogotá, D.C.",11001,No registra,Ciencias de la Educación,Ciencias Sociales,UNIVERSIDAD SANTO TOMAS,IES,UNIVERSIDAD NACIONAL ABIERTA Y A DISTANCIA,,310,2500-5421,interamericana investigacion educacion pedagogia,CO,2026-09-12,consolidado,d9a24dddce57e052,,,,,,,,,0,,,,,,,,,,,,,,,,,,,,,,,,,,,,,,,,,,,,,,,,,,,,,,,,,,,,,,,,,,,,,,,,,100.0,imputado,['publindex'],mediana_global,False,2,,,True,,2026-09-12
0304-2847,,2248-7026,Revista Facultad Nacional De Agronomía - Medellín,2022,B,Colombia,Eje Cafetero,Antioquia,Medellín,05001,No registra,Otras Ciencias Agrícolas,Ciencias Agrícolas,,No disponible,,,100,2248-7026,facultad nacional agronomia medellin,CO,2026-09-12,consolidado,dc0fa37bf24b717b,,,,,,,,,0,,,,,,,,,,,,,,,,,,,,,,,,,,,,,,,,,,,,,,,,,,,,,,,,,,,,,,,,,,,,,,,,,200.0,imputado,['publindex'],mediana_area,False,2,,,True,,2026-09-12
1692-5858,,2216-135X,Encuentros,2022,B,Colombia,Caribe,Atlántico,Barranquilla,08001,No registra,Periodismo y Comunicaciones,Ciencias Sociales,UNIVERSIDAD AUTONOMA DEL CARIBE,IES,,,578,2216-135X,encuentros,CO,2026-09-12,consolidado,a1ddf92ca274a97b,,,,,,,,,0,,,,,,,,,,,,,,,,,,,,,,,,,,,,,,,,,,,,,,,,,,,,,,,,,,,,,,,,,,,,,,,,,100.0,imputado,['publindex'],mediana_global,False,2,,,True,,2026-09-12
0120-0135,,2256-2273,Revista De Ciencias Agricolas,2022,B,Colombia,Pacífico,Nariño,Pasto,52001,Agronomía,"Agricultura, Silvicultura y Pesca",Ciencias Agrícolas,UNIVERSIDAD DE NARINO,IES,,,92,2256-2273,ciencias agricolas,CO,2026-09-12,consolidado,bf53a02474b61b91,,,,,,,,,0,,,,,,,,,,,,,,,,,,,,,,,,,,,,,,,,,,,,,,,,,,,,,,,,,,,,,,,,,,,,,,,,,200.0,imputado,['publindex'],mediana_area,False,2,,,True,,2026-09-12
1692-715X,,2027-7679,"Revista Latinoamericana De Ciencias Sociales, Niñez Y Juventud",2022,B,Colombia,Eje Cafetero,Caldas,Manizales,17001,"Ciencias Sociales, Interdisciplinaria",Otras Ciencias Sociales,Ciencias Sociales,UNIVERSIDAD DE MANIZALES UMANIZALES,IES,FUNDACION CENTRO INTERNACIONAL DE EDUCACION Y DESARROLLO HUMANO CINDE,,960,2027-7679,latinoamericana ciencias sociales ninez juventud,CO,2026-09-12,consolidado,2a69af0f5ff351fb,9.0,21100940999,journal,Revista Latinoamericana de Ciencias Sociales,True,True,0.34,Q2,3,11.0,49.0,174.0,2662.0,152.0,172.0,0.75,54.33,0.5827,0.0,2019-2025,Social Sciences (miscellaneous) (Q2); Developmental and Educational Psychology (Q3),Psychology; Social Sciences,,,,,,,,,,,,,,,,,,,,,,,,,,,,,,,,,,,,,,,,,,,,,,,,,,,,100.0,imputado,['publindex'],mediana_global,False,2,0.8735632183908046,0.37199124726477023,True,,2026-09-12
1794-4724,,2145-4515,Avances En Psicología Latinoamericana,2022,C,Colombia,Distrito Capital,"Bogotá, D. C.","Bogotá, D.C.",11001,No registra,Psicología,Ciencias Sociales,,No disponible,,,392,2145-4515,avances psicologia latinoamericana,CO,2026-09-12,consolidado,463c8c3c0372bd3b,,,,,,,,,0,,,,,,,,,,,,,,,,,,,,,,,,,,,,,,,,,,,,,,,,,,,,,,,,,,,,,,,,,,,,,,,,,100.0,imputado,['publindex'],mediana_global,False,1,,,True,,2026-09-12
2145-9444,,2145-9444,Zona Proxima,2022,B,Colombia,Caribe,Atlántico,Barranquilla,08001,No registra,Ciencias de la Educación,Ciencias Sociales,FUNDACION UNIVERSIDAD DEL NORTE,IES,,,882,2145-9444,zona proxima,CO,2026-09-12,consolidado,57995ec52238f880,,,,,,,,,0,,,,,,,,,,,,,,,,,,,,,,,,,,,,,,,,,,,,,,,,,,,,,,,,,,,,,,,,,,,,,,,,,100.0,imputado,['publindex'],mediana_global,False,2,,,True,,2026-09-12
1856-9536,,,"Anuario Electrónico De Estudios En Comunicación Social ""Disertarciones""",2022,C,Colombia,Distrito Capital,"Bogotá, D. C.","Bogotá, D.C.",11001,No registra,Periodismo y Comunicaciones,Ciencias Sociales,COLEGIO MAYOR NUESTRA SENORA DEL ROSARIO,IES,,,"1,256",1856-9536,anuario electronico estudios comunicacion social disertarciones,CO,2026-09-12,consolidado,ec18715a82a3b210,84.0,21101114008,journal,Universidad del Rosario,True,True,0.162,Q3,2,5.0,24.0,95.0,994.0,46.0,89.0,0.35,41.42,0.5714,0.0,2019-2026,Communication (Q3); Library and Information Sciences (Q3),Social Sciences,https://revistas.urosario.edu.co/index.php/disertaciones/index,https://doaj.org/toc/6b82c36bede34a1386dce609595cae84,2008,,,1856-9536,"['journalism' 'media' 'media studies' 'cultural studies' 'social sciences'
 'communication']",['Portuguese' 'English' 'Spanish'],Colombia,,,CC BY-NC,,https://revistas.urosario.edu.co/index.php/disertaciones/about,True,True,https://revistas.urosario.edu.co/index.php/disertaciones/politica-etica#item1,Double anonymous peer review,https://revistas.urosario.edu.co/index.php/disertaciones/about,True,https://revistas.urosario.edu.co/index.php/disertaciones/about,https://revistas.urosario.edu.co/index.php/disertaciones/about/editorialTeam,https://revistas.urosario.edu.co/index.php/disertaciones/about/submissions,20,False,https://revistas.urosario.edu.co/index.php/disertaciones/about,False,,False,,PKP PN,,https://portal.issn.org/resource/ISSN/1856-9536,,,DOI,True,,,P87-96,False,No,No,Language and Literature: Philology. Linguistics: Communication. Mass media,2026-08-10,2026-08-10,,0,,,,100.0,imputado,['publindex'],mediana_global,False,1,0.4842105263157895,0.1772428884026258,True,False,2026-09-12
1794-7111,,2462-8115,Kepes,2022,A1,Colombia,Eje Cafetero,Caldas,Manizales,17001,Diseño,Arte,Humanidades,UNIVERSIDAD DE CALDAS,IES,,,590,2462-8115,kepes,CO,2026-09-12,consolidado,10a3918ef3cfacaa,,,,,,,,,0,,,,,,,,,,,,,,,,,,,,,,,,,,,,,,,,,,,,,,,,,,,,,,,,,,,,,,,,,,,,,,,,,100.0,imputado,['publindex'],mediana_global,False,4,,,True,,2026-09-12
1657-8953,,2619-189X,Civilizar,2022,C,Colombia,Distrito Capital,"Bogotá, D. C.","Bogotá, D.C.",11001,"Ciencias Sociales, Interdisciplinaria",Otras Ciencias Sociales,Ciencias Sociales,UNIVERSIDAD SERGIO ARBOLEDA,IES,,,482,2619-189X,civilizar,CO,2026-09-12,consolidado,270df2ad01c24c05,,,,,,,,,0,,,,,,,,,,,,,,,,,,,,,,,,,,,,,,,,,,,,,,,,,,,,,,,,,,,,,,,,,,,,,,,,,100.0,imputado,['publindex'],mediana_global,False,1,,,True,,2026-09-12
1794-9165,,2256-4314,Ingeniería Y Ciencia,2022,B,Colombia,Eje Cafetero,Antioquia,Medellín,05001,No registra,Otras Ingenierías y Tecnologías,Ingeniería y Tecnología,UNIVERSIDAD EAFIT,IES,,,701,2256-4314,ingenieria ciencia,CO,2026-09-12,consolidado,10603e86bd8e67e0,,,,,,,,,0,,,,,,,,,,,,,,,,,,,,,,,,,,,,,,,,,,,,,,,,,,,,,,,,,,,,,,,,,,,,,,,,,100.0,imputado,['publindex'],mediana_global,False,2,,,True,,2026-09-12
1657-8961,,2665-3281,Pensamiento Psicológico,2022,B,Colombia,Pacífico,Valle del Cauca,Cali,76001,No registra,Psicología,Ciencias Sociales,PONTIFICIA UNIVERSIDAD JAVERIANA PUJ SEDE CALI,IES,,,683,2665-3281,pensamiento psicologico,CO,2026-09-12,consolidado,95fd1a6f3d328d51,,,,,,,,,0,,,,,,,,,,,,,,,,,,,,,,,,,,,,,,,,,,,,,,,,,,,,,,,,,,,,,,,,,,,,,,,,,100.0,imputado,['publindex'],mediana_global,False,2,,,True,,2026-09-12
2011-3080,,2011-3080,Revista Ces Psicología,2022,C,Colombia,Eje Cafetero,Antioquia,Medellín,05001,No registra,Psicología,Ciencias Sociales,UNIVERSIDAD CES,IES,,,796,2011-3080,ces psicologia,CO,2026-09-12,consolidado,617fd30387602b67,53.0,21100901169,journal,Universidad CES,True,True,0.196,Q4,1,10.0,28.0,98.0,1588.0,59.0,97.0,0.51,56.71,0.5114,0.0,2018-2025,Psychology (miscellaneous) (Q4),Psychology,,,,,,,,,,,,,,,,,,,,,,,,,,,,,,,,,,,,,,,,,,,,,,,,,,,,100.0,imputado,['publindex'],mediana_global,False,1,0.6020408163265306,0.21444201312910285,True,,2026-09-12
1900-3803,,2539-0279,Entramado,2022,B,Colombia,Pacífico,Valle del Cauca,Cali,76001,"Ciencias Sociales, Interdisciplinaria",Otras Ciencias Sociales,Ciencias Sociales,UNIVERSIDAD LIBRE DE COLOMBIA,IES,,,126,2539-0279,entramado,CO,2026-09-12,consolidado,e35688383c16e00f,,,,,,,,,0,,,,,,,,,,,,,,,,,,,,,,,,,,,,,,,,,,,,,,,,,,,,,,,,,,,,,,,,,,,,,,,,,100.0,imputado,['publindex'],mediana_global,False,2,,,True,,2026-09-12
1794-0915,,,Ornitología Colombiana,2022,C,Colombia,Distrito Capital,"Bogotá, D. C.","Bogotá, D.C.",11001,No registra,Ciencias Biológicas,Ciencias Naturales,,No disponible,,,"1,027",1794-0915,ornitologia colombiana,CO,2026-09-12,consolidado,1c4b0f3095419a2d,11.0,19200157116,journal,Asociacion Colombiana de Ornitologia,False,False,0.329,Q3,2,12.0,6.0,44.0,125.0,33.0,37.0,0.53,20.83,0.0588,0.0,"2009-2013, 2015-2017, 2019-2025","Animal Science and Zoology (Q3); Ecology, Evolution, Behavior and Systematics (Q3)",Agricultural and Biological Sciences,,,,,,,,,,,,,,,,,,,,,,,,,,,,,,,,,,,,,,,,,,,,,,,,,,,,100.0,imputado,['publindex'],mediana_global,False,1,0.75,0.3599562363238512,True,,2026-09-12
1692-2484,,2145-8529,Revista Filosofía Uis,2022,C,Colombia,Centro Oriente,Santander,Bucaramanga,68001,Filosofía,Otras Humanidades,Humanidades,UNIVERSIDAD INDUSTRIAL DE SANTANDER,IES,,,"1,108",2145-8529,filosofia uis,CO,2026-09-12,consolidado,731705477ed98026,,,,,,,,,0,,,,,,,,,,,,,,,,,,,,,,,,,,,,,,,,,,,,,,,,,,,,,,,,,,,,,,,,,,,,,,,,,100.0,imputado,['publindex'],mediana_global,False,1,,,True,,2026-09-12
0121-0319,,1794-5240,Médicas Uis,2022,C,Colombia,Centro Oriente,Santander,Bucaramanga,68001,Otras Ciencias Médicas,Otras Ciencias Médicas,Ciencias Médicas y de la Salud,UNIVERSIDAD INDUSTRIAL DE SANTANDER,IES,,,328,1794-5240,medicas uis,CO,2026-09-12,consolidado,98ee03ac88d3e945,,,,,,,,,0,,,,,,,,,,,,,,,,,,,,,,,,,,,,,,,,,,,,,,,,,,,,,,,,,,,,,,,,,,,,,,,,,100.0,imputado,['publindex'],mediana_area,False,1,,,True,,2026-09-12
0034-7434,,2463-0225,Revista Colombiana De Obstetricia Y Ginecología,2022,C,Colombia,Distrito Capital,"Bogotá, D. C.","Bogotá, D.C.",11001,No registra,Medicina Clínica,Ciencias Médicas y de la Salud,FEDERACION COLOMBIANA DE OBSTETRICIA Y GINECOLOGIA FECOLSOG,Otras,,,316,2463-0225,colombiana obstetricia ginecologia,CO,2026-09-12,consolidado,fb5f55b86b3c9d92,,,,,,,,,0,,,,,,,,,,,,,,,,,,,,,,,,,,,,,,,,,,,,,,,,,,,,,,,,,,,,,,,,,,,,,,,,,100.0,imputado,['publindex'],mediana_area,False,1,,,True,,2026-09-12
0121-5469,,2344-8644,Revista Colombiana De Psicología,2022,A2,Colombia,Distrito Capital,"Bogotá, D. C.","Bogotá, D.C.",11001,No registra,Psicología,Ciencias Sociales,UNIVERSIDAD NACIONAL DE COLOMBIA,IES,,,425,2344-8644,colombiana psicologia,CO,2026-09-12,consolidado,178aa2a769308f53,21.0,21100200415,journal,Universidad Nacional de Colombia,True,True,0.268,Q3,2,16.0,18.0,37.0,991.0,28.0,37.0,0.7,55.06,0.5362,0.0,2011-2025,Psychology (miscellaneous) (Q3); Social Sciences (miscellaneous) (Q3),Psychology; Social Sciences,,,,,,,,,,,,,,,,,,,,,,,,,,,,,,,,,,,,,,,,,,,,,,,,,,,,100.0,imputado,['publindex'],mediana_global,False,3,0.7567567567567568,0.29321663019693656,True,,2026-09-12
0121-4772,,2248-4337,Revista Cuadernos De Economía,2022,B,Colombia,Distrito Capital,"Bogotá, D. C.","Bogotá, D.C.",11001,No registra,Economía y Negocios,Ciencias Sociales,,No disponible,,,82,2248-4337,cuadernos economia,CO,2026-09-12,consolidado,84f0b63dc96f2330,129.0,12100157018,journal,Universidad Nacional de Colombia,True,True,0.133,Q3,2,14.0,46.0,82.0,2124.0,23.0,82.0,0.27,46.17,0.4545,0.0,2007-2025,"Arts and Humanities (miscellaneous) (Q3); Economics, Econometrics and Finance (miscellaneous) (Q4); Social Sciences (miscellaneous) (Q4)","Arts and Humanities; Economics, Econometrics and Finance; Social Sciences",,,,,,,,,,,,,,,,,,,,,,,,,,,,,,,,,,,,,,,,,,,,,,,,,,,,100.0,imputado,['publindex'],mediana_global,False,2,0.2804878048780488,0.14551422319474835,True,,2026-09-12
0120-5609,,2248-8723,Ingeniería E Investigación,2022,B,Colombia,Distrito Capital,"Bogotá, D. C.","Bogotá, D.C.",11001,Ingeniería Civil,Ingeniería Civil,Ingeniería y Tecnología,UNIVERSIDAD NACIONAL DE COLOMBIA,IES,,,314,2248-8723,ingenieria e investigacion,CO,2026-09-12,consolidado,987351ff610b3d06,38.0,19700173003,journal,Universidad Nacional de Colombia,True,True,0.214,Q3,2,22.0,37.0,127.0,1485.0,130.0,126.0,0.93,40.14,0.2021,0.0,2009-2025,Engineering (miscellaneous) (Q3); Building and Construction (Q4),Engineering,,,,,,,,,,,,,,,,,,,,,,,,,,,,,,,,,,,,,,,,,,,,,,,,,,,,100.0,imputado,['publindex'],mediana_global,False,2,1.0236220472440944,0.23413566739606126,True,,2026-09-12
0123-3068,,2462-8190,Boletín Científico Del Museo De Historia Natural,2022,A2,Colombia,Eje Cafetero,Caldas,Manizales,17001,No registra,Ciencias Biológicas,Ciencias Naturales,UNIVERSIDAD DE CALDAS,IES,,,555,2462-8190,boletin cientifico museo historia natural,CO,2026-09-12,consolidado,8e30f74454c79ba5,,,,,,,,,0,,,,,,,,,,,,,,,,,,,,,,,,,,,,,,,,,,,,,,,,,,,,,,,,,,,,,,,,,,,,,,,,,100.0,imputado,['publindex'],mediana_global,False,3,,,True,,2026-09-12
0120-5633,,2357-3260,Revista Colombiana De Cardiología,2022,C,Colombia,Distrito Capital,"Bogotá, D. C.","Bogotá, D.C.",11001,No registra,Ciencias de la Salud,Ciencias Médicas y de la Salud,SOCIEDAD COLOMBIANA DE CARDIOLOGIA Y CIRUGIA CARDIOVASCULAR,Otras,,,457,2357-3260,colombiana cardiologia,CO,2026-09-12,consolidado,db30c6b3ef62768a,147.0,12100154912,journal,Permanyer Publications,True,True,0.118,Q4,1,15.0,59.0,262.0,1265.0,36.0,214.0,0.15,21.44,0.3131,0.0,2008-2025,Cardiology and Cardiovascular Medicine (Q4),Medicine,,,,,,,,,,,,,,,,,,,,,,,,,,,,,,,,,,,,,,,,,,,,,,,,,,,,100.0,imputado,['publindex'],mediana_area,False,1,0.13740458015267176,0.12910284463894967,True,,2026-09-12
0124-4035,,,Desafíos,2022,B,Colombia,Distrito Capital,"Bogotá, D. C.","Bogotá, D.C.",11001,No registra,Ciencias Políticas,Ciencias Sociales,COLEGIO MAYOR NUESTRA SENORA DEL ROSARIO,IES,,,309,0124-4035,desafios,CO,2026-09-12,consolidado,b4ec009285c4790c,,,,,,,,,0,,,,,,,,,,,,,,http://revistas.urosario.edu.co/index.php/desafios/,https://doaj.org/toc/1100f273f5e546a396bff10331fe034d,1999,,0124-4035,2145-5112,['political science' 'international relations' 'social sciences'],['English' 'Spanish'],Colombia,Universidad del Rosario,,CC BY-NC,,http://revistas.urosario.edu.co/index.php/desafios/about/submissions#copyrightNotice,,False,,Double anonymous peer review,http://revistas.urosario.edu.co/index.php/desafios/about/editorialPolicies#peerReviewProcess,True,http://revistas.urosario.edu.co/index.php/desafios/about/editorialPolicies#focusAndScope,https://revistas.urosario.edu.co/index.php/desafios/about/editorialTeam,http://revistas.urosario.edu.co/index.php/desafios/about/submissions#authorGuidelines,26,False,http://revistas.urosario.edu.co/index.php/desafios/about/editorialPolicies#openAccessPolicy,False,,False,http://revistas.urosario.edu.co/index.php/desafios/about/editorialPolicies#openAccessPolicy,,,,,,DOI,True,,,J|JA1-92,False,No,No,Political science: Political science (General),2015-09-14,2019-06-07,2019-06-07,669,2026-07-30,,,100.0,imputado,['publindex'],mediana_global,False,2,,,True,False,2026-09-12
0122-9893,,2346-2051,Revista Derecho Del Estado,2022,B,Colombia,Distrito Capital,"Bogotá, D. C.","Bogotá, D.C.",11001,No registra,Derecho,Ciencias Sociales,UNIVERSIDAD EXTERNADO DE COLOMBIA,IES,,,474,2346-2051,derecho estado,CO,2026-09-12,consolidado,705c7fcd7c37c59b,7.0,21100432126,journal,Universidad Externado de Colombia,True,True,0.359,Q2,3,10.0,39.0,133.0,1692.0,77.0,129.0,0.72,43.38,0.3696,0.0,2015-2026,Law (Q2),Social Sciences,,,,,,,,,,,,,,,,,,,,,,,,,,,,,,,,,,,,,,,,,,,,,,,,,,,,100.0,imputado,['publindex'],mediana_global,False,2,0.5789473684210527,0.39277899343544853,True,,2026-09-12
0123-8418,,,Territorios,2022,B,No disponible,No disponible,No disponible,No disponible,,No registra,Geografía Social y Económica,Ciencias Sociales,COLEGIO MAYOR NUESTRA SENORA DEL ROSARIO,IES,,,65,0123-8418,territorios,,2026-09-12,consolidado,20839c288f6f648a,95.0,21100940511,journal,Universidad del Rosario,True,True,0.152,Q3,2,6.0,29.0,93.0,1354.0,33.0,87.0,0.3,46.69,0.46149999999999997,1.0,2019-2025,"Urban Studies (Q3); Geography, Planning and Development (Q4)",Social Sciences,https://revistas.urosario.edu.co/index.php/territorios/index,https://doaj.org/toc/23ee6f4e1d594fa99bf4d873dee9d54a,1999,,0123-8418,2215-7484,"['urban development' 'economic development' 'environment' 'culture'
 'politics']",['Portuguese' 'Spanish'],Colombia,,,CC BY-NC,,https://revistas.urosario.edu.co/index.php/territorios/about/submissions#copyrightNotice,,True,https://revistas.urosario.edu.co/index.php/territorios/politica-etica#item1,Double anonymous peer review,https://revistas.urosario.edu.co/index.php/territorios/politica-etica#item4,True,https://revistas.urosario.edu.co/index.php/territorios/about,https://revistas.urosario.edu.co/index.php/territorios/about/editorialTeam,https://revistas.urosario.edu.co/index.php/territorios/about/submissions,21,False,https://revistas.urosario.edu.co/index.php/territorios/about/submissions#copyrightNotice,False,,False,,,,,,,DOI,True,,,H|HT51-1595,False,No,No,Social Sciences: Communities. Classes. Races,2013-05-21,2025-04-29,2025-04-29,822,2026-07-30,,,100.0,imputado,['publindex'],mediana_global,False,2,0.3548387096774194,0.16630196936542668,False,False,2026-09-12
0124-8170,,1909-7735,Ciencia E Ingeniería Neogranadina,2022,B,Colombia,Distrito Capital,"Bogotá, D. C.","Bogotá, D.C.",11001,No registra,Otras Ingenierías y Tecnologías,Ingeniería y Tecnología,UNIVERSIDAD MILITAR NUEVA GRANADA,IES,,,264,1909-7735,ciencia e ingenieria neogranadina,CO,2026-09-12,consolidado,a1a5b0b1617f098c,,,,,,,,,0,,,,,,,,,,,,,,,,,,,,,,,,,,,,,,,,,,,,,,,,,,,,,,,,,,,,,,,,,,,,,,,,,100.0,imputado,['publindex'],mediana_global,False,2,,,True,,2026-09-12
1900-3102,,2357-6014,Ingenieria Solidaria,2022,C,Colombia,Distrito Capital,"Bogotá, D. C.","Bogotá, D.C.",11001,Otras Ingenierías y Tecnologías,Otras Ingenierías y Tecnologías,Ingeniería y Tecnología,UNIVERSIDAD COOPERATIVA DE COLOMBIA,IES,,,"1,124",2357-6014,ingenieria solidaria,CO,2026-09-12,consolidado,6a771a675ee412f5,,,,,,,,,0,,,,,,,,,,,,,,,,,,,,,,,,,,,,,,,,,,,,,,,,,,,,,,,,,,,,,,,,,,,,,,,,,100.0,imputado,['publindex'],mediana_global,False,1,,,True,,2026-09-12
,,2011-7477,Eidos,2022,C,Colombia,Caribe,Atlántico,Barranquilla,08001,Filosofía,Otras Humanidades,Humanidades,FUNDACION UNIVERSIDAD DEL NORTE,IES,,,364,2011-7477,eidos,CO,2026-09-12,consolidado,cb64a2b2834206d1,,,,,,,,,0,,,,,,,,,,,,,,,,,,,,,,,,,,,,,,,,,,,,,,,,,,,,,,,,,,,,,,,,,,,,,,,,,100.0,imputado,['publindex'],mediana_global,False,1,,,True,,2026-09-12
0121-4500,,2346-0261,Avances De Enfermería,2022,B,Colombia,Distrito Capital,"Bogotá, D. C.","Bogotá, D.C.",11001,Enfermería,Ciencias de la Salud,Ciencias Médicas y de la Salud,UNIVERSIDAD NACIONAL DE COLOMBIA,IES,,,215,2346-0261,avances enfermeria,CO,2026-09-12,consolidado,8973501b21053a75,,,,,,,,,0,,,,,,,,,,,,,,,,,,,,,,,,,,,,,,,,,,,,,,,,,,,,,,,,,,,,,,,,,,,,,,,,,100.0,imputado,['publindex'],mediana_area,False,2,,,True,,2026-09-12
0121-4004,,2145-2660,Vitae,2022,B,Colombia,Eje Cafetero,Antioquia,Medellín,05001,Farmacología y Farmacia,Medicina Básica,Ciencias Médicas y de la Salud,UNIVERSIDAD DE ANTIOQUIA,IES,,,85,2145-2660,vitae,CO,2026-09-12,consolidado,1180c97f9c18f15f,55.0,19700170837,journal,Universidad de Antioquia,True,False,0.195,Q3,2,21.0,14.0,39.0,502.0,41.0,39.0,1.04,35.86,0.7143,0.0,2009-2025,"Pharmacology, Toxicology and Pharmaceutics (miscellaneous) (Q3); Applied Microbiology and Biotechnology (Q4); Food Science (Q4)","Agricultural and Biological Sciences; Immunology and Microbiology; Pharmacology, Toxicology and Pharmaceutics",,,,,,,,,,,,,,,,,,,,,,,,,,,,,,,,,,,,,,,,,,,,,,,,,,,,100.0,imputado,['publindex'],mediana_area,False,2,1.0512820512820513,0.21334792122538293,True,,2026-09-12
0120-0690,,2256-2958,Revista Colombiana De Ciencias Pecuarias,2022,B,Colombia,Eje Cafetero,Antioquia,Medellín,05001,No registra,Ciencias Veterinarias,Ciencias Agrícolas,UNIVERSIDAD DE ANTIOQUIA,IES,,,70,2256-2958,colombiana ciencias pecuarias,CO,2026-09-12,consolidado,0260236d06e9dbc0,79.0,19400157235,journal,Universidad de Antioquia,True,False,0.169,Q4,1,23.0,29.0,65.0,1076.0,35.0,62.0,0.45,37.1,0.3768,0.0,2008-2025,Animal Science and Zoology (Q4); Veterinary (miscellaneous) (Q4),Agricultural and Biological Sciences; Veterinary,,,,,,,,,,,,,,,,,,,,,,,,,,,,,,,,,,,,,,,,,,,,,,,,,,,,200.0,imputado,['publindex'],mediana_area,False,2,0.5384615384615384,0.09245076586433261,True,,2026-09-12
1909-2474,,1909-2474,Revista Luna Azul,2022,C,Colombia,Eje Cafetero,Caldas,Manizales,17001,Ciencias Ambientales (Aspectos Sociales),Geografía Social y Económica,Ciencias Sociales,UNIVERSIDAD DE CALDAS,IES,,,613,1909-2474,luna azul,CO,2026-09-12,consolidado,1d77e01be62a1bd3,160.0,21100840936,journal,Universidad de Caldas,True,False,0.112,Q4,1,8.0,11.0,61.0,397.0,6.0,57.0,0.12,36.09,0.5455,0.0,2017-2025,Education (Q4); Environmental Science (miscellaneous) (Q4),Environmental Science; Social Sciences,,,,,,,,,,,,,,,,,,,,,,,,,,,,,,,,,,,,,,,,,,,,,,,,,,,,100.0,imputado,['publindex'],mediana_global,False,1,0.09836065573770492,0.12253829321663019,True,,2026-09-12
2145-941X,,2145-941X,Pensamiento & Gestión,2022,B,Colombia,Caribe,Atlántico,Barranquilla,08001,Negocios y Management,Economía y Negocios,Ciencias Sociales,FUNDACION UNIVERSIDAD DEL NORTE,IES,,,662,2145-941X,pensamiento gestion,CO,2026-09-12,consolidado,8d1246107dd6a4e8,,,,,,,,,0,,,,,,,,,,,,,,,,,,,,,,,,,,,,,,,,,,,,,,,,,,,,,,,,,,,,,,,,,,,,,,,,,100.0,imputado,['publindex'],mediana_global,False,2,,,True,,2026-09-12
0123-9392,,2422-3794,Infectio,2022,C,Colombia,Distrito Capital,"Bogotá, D. C.","Bogotá, D.C.",11001,No registra,Otras Ciencias Médicas,Ciencias Médicas y de la Salud,ASOCIACION COLOMBIANA DE INFECTOLOGIA,Otras,,,248,2422-3794,infectio,CO,2026-09-12,consolidado,4f986a5923ec7f88,64.0,21100317205,journal,Asociacion Colombiana de Infectologia,True,False,0.187,Q4,1,14.0,45.0,119.0,1096.0,49.0,107.0,0.44,24.36,0.4925,0.0,2012-2025,Infectious Diseases (Q4); Microbiology (medical) (Q4); Pharmacology (medical) (Q4),Medicine,,,,,,,,,,,,,,,,,,,,,,,,,,,,,,,,,,,,,,,,,,,,,,,,,,,,100.0,imputado,['publindex'],mediana_area,False,1,0.4117647058823529,0.20459518599562362,True,,2026-09-12
0120-3592,,1900-7205,Cuadernos De Administración,2022,C,Colombia,Distrito Capital,"Bogotá, D. C.","Bogotá, D.C.",11001,Negocios y Management,Economía y Negocios,Ciencias Sociales,PONTIFICIA UNIVERSIDAD JAVERIANA,IES,,,259,1900-7205,cuadernos administracion,CO,2026-09-12,consolidado,38aeee3aa1558d26,126.0,17700156215,journal,Pontificia Universidad Javeriana,True,True,0.135,Q4,1,15.0,5.0,27.0,265.0,16.0,26.0,0.44,53.0,0.5832999999999999,0.0,2008-2025,"Business and International Management (Q4); Economics, Econometrics and Finance (miscellaneous) (Q4); Strategy and Management (Q4)","Business, Management and Accounting; Economics, Econometrics and Finance",,,,,,,,,,,,,,,,,,,,,,,,,,,,,,,,,,,,,,,,,,,,,,,,,,,,100.0,imputado,['publindex'],mediana_global,False,1,0.5925925925925926,0.14770240700218817,True,,2026-09-12
0123-5931,,2256-5450,"Literatura: Teoria, Historia, Critica",2022,B,Colombia,Distrito Capital,"Bogotá, D. C.","Bogotá, D.C.",11001,Estudios Literarios,Idiomas y Literatura,Humanidades,,No disponible,,,"1,141",2256-5450,literatura teoria historia critica,CO,2026-09-12,consolidado,7478e7aea6464678,,,,,,,,,0,,,,,,,,,,,,,,,,,,,,,,,,,,,,,,,,,,,,,,,,,,,,,,,,,,,,,,,,,,,,,,,,,100.0,imputado,['publindex'],mediana_global,False,2,,,True,,2026-09-12
1657-4923,,2389-7872,Jangwa Pana,2022,C,Colombia,Caribe,Magdalena,Santa Marta,47001,Otras Humanidades,Otras Humanidades,Humanidades,UNIVERSIDAD DEL MAGDALENA,IES,,,616,2389-7872,jangwa pana,CO,2026-09-12,consolidado,ebea4897750291ca,,,,,,,,,0,,,,,,,,,,,,,,,,,,,,,,,,,,,,,,,,,,,,,,,,,,,,,,,,,,,,,,,,,,,,,,,,,100.0,imputado,['publindex'],mediana_global,False,1,,,True,,2026-09-12
1657-0308,,2357-626X,Revista De Arquitectura,2022,B,Colombia,Distrito Capital,"Bogotá, D. C.","Bogotá, D.C.",11001,Arquitectura y Urbanismo,Arte,Humanidades,UNIVERSIDAD CATOLICA DE COLOMBIA,IES,,,633,2357-626X,arquitectura,CO,2026-09-12,consolidado,0359b52b828612c7,,,,,,,,,0,,,,,,,,,,,,,,,,,,,,,,,,,,,,,,,,,,,,,,,,,,,,,,,,,,,,,,,,,,,,,,,,,100.0,imputado,['publindex'],mediana_global,False,2,,,True,,2026-09-12
0120-5323,,2346-2426,Universitas Philosophica,2022,C,Colombia,Distrito Capital,"Bogotá, D. C.","Bogotá, D.C.",11001,No registra,Otras Humanidades,Humanidades,PONTIFICIA UNIVERSIDAD JAVERIANA,IES,,,931,2346-2426,universitas philosophica,CO,2026-09-12,consolidado,4d5cb3502348b402,166.0,21101193865,journal,Pontificia Universidad Javeriana,False,False,0.1,Q4,1,3.0,20.0,58.0,615.0,3.0,56.0,0.05,30.75,0.07690000000000001,0.0,2020-2025,Philosophy (Q4),Arts and Humanities,,,,,,,,,,,,,,,,,,,,,,,,,,,,,,,,,,,,,,,,,,,,,,,,,,,,100.0,imputado,['publindex'],mediana_global,False,1,0.05172413793103448,0.10940919037199125,True,,2026-09-12
2145-0366,,2145-0366,Aletheia,2022,C,Colombia,Distrito Capital,"Bogotá, D. C.","Bogotá, D.C.",11001,"Ciencias Sociales, Interdisciplinaria",Otras Ciencias Sociales,Ciencias Sociales,FUNDACION CENTRO INTERNACIONAL DE EDUCACION Y DESARROLLO HUMANO CINDE,Centros,,,846,2145-0366,aletheia,CO,2026-09-12,consolidado,ee15003053c2c166,,,,,,,,,0,,,,,,,,,,,,,,,,,,,,,,,,,,,,,,,,,,,,,,,,,,,,,,,,,,,,,,,,,,,,,,,,,100.0,imputado,['publindex'],mediana_global,False,1,,,True,,2026-09-12
2346-3279,,2711-0044,En Contexto,2022,C,Colombia,Eje Cafetero,Antioquia,Medellín,05001,No registra,Otras Ciencias Sociales,Ciencias Sociales,TECNOLOGICO DE ANTIOQUIA INSTITUCION UNIVERSITARIA,IES,,,108,2711-0044,contexto,CO,2026-09-12,consolidado,b3d3bce4af5bdb1a,,,,,,,,,0,,,,,,,,,,,,,,,,,,,,,,,,,,,,,,,,,,,,,,,,,,,,,,,,,,,,,,,,,,,,,,,,,100.0,imputado,['publindex'],mediana_global,False,1,,,True,,2026-09-12
0123-3033,,2027-8284,Ingeniería Y Competitividad,2022,B,Colombia,Pacífico,Valle del Cauca,Cali,76001,Otras Ingenierías y Tecnologías,Otras Ingenierías y Tecnologías,Ingeniería y Tecnología,UNIVERSIDAD DEL VALLE,IES,,,174,2027-8284,ingenieria competitividad,CO,2026-09-12,consolidado,39ce2b57edc02060,,,,,,,,,0,,,,,,,,,,,,,,,,,,,,,,,,,,,,,,,,,,,,,,,,,,,,,,,,,,,,,,,,,,,,,,,,,100.0,imputado,['publindex'],mediana_global,False,2,,,True,,2026-09-12
0123-1294,,2027-5358,Educación Y Educadores,2022,B,Colombia,Centro Oriente,Cundinamarca,Chía,25175,"Educación General (Incluye Capacitación, Pedagogía)",Ciencias de la Educación,Ciencias Sociales,UNIVERSIDAD DE LA SABANA,IES,,,463,2027-5358,educacion educadores,CO,2026-09-12,consolidado,7ccc02ec7abd6354,,,,,,,,,0,,,,,,,,,,,,,,,,,,,,,,,,,,,,,,,,,,,,,,,,,,,,,,,,,,,,,,,,,,,,,,,,,100.0,imputado,['publindex'],mediana_global,False,2,,,True,,2026-09-12
2011-7574,,2011-7574,Investigación & Desarrollo,2022,C,Colombia,Caribe,Atlántico,Barranquilla,08001,No registra,Sociología,Ciencias Sociales,FUNDACION UNIVERSIDAD DEL NORTE,IES,,,"1,173",2011-7574,investigacion desarrollo,CO,2026-09-12,consolidado,7c48176b67d68a2b,,,,,,,,,0,,,,,,,,,,,,,,,,,,,,,,,,,,,,,,,,,,,,,,,,,,,,,,,,,,,,,,,,,,,,,,,,,100.0,imputado,['publindex'],mediana_global,False,1,,,True,,2026-09-12
2145-7719,,2145-7719,Revista Ces Derecho,2022,C,Colombia,Eje Cafetero,Antioquia,Medellín,05001,No registra,Derecho,Ciencias Sociales,UNIVERSIDAD CES,IES,,,760,2145-7719,ces derecho,CO,2026-09-12,consolidado,7c7f7f9cb109b510,,,,,,,,,0,,,,,,,,,,,,,,,,,,,,,,,,,,,,,,,,,,,,,,,,,,,,,,,,,,,,,,,,,,,,,,,,,100.0,imputado,['publindex'],mediana_global,False,1,,,True,,2026-09-12
1692-7125,,,@Limenth,2022,C,Colombia,Centro Oriente,Norte de Santander,Pamplona,54518,No registra,Otras Ingenierías y Tecnologías,Ingeniería y Tecnología,UNIVERSIDAD DE PAMPLONA,IES,,,"1,071",1692-7125,limenth,CO,2026-09-12,consolidado,e6b61e1ba43e20a5,,,,,,,,,0,,,,,,,,,,,,,,,,,,,,,,,,,,,,,,,,,,,,,,,,,,,,,,,,,,,,,,,,,,,,,,,,,100.0,imputado,['publindex'],mediana_global,False,1,,,True,,2026-09-12
2027-4688,,2539-4711,Fronteras De La Historia,2022,B,Colombia,Distrito Capital,"Bogotá, D. C.","Bogotá, D.C.",11001,Historia,Historia y Arqueología,Humanidades,INSTITUTO COLOMBIANO DE ANTROPOLOGIA E HISTORIA ICANH,Entidades de Gobierno,,,"1,119",2539-4711,fronteras historia,CO,2026-09-12,consolidado,4eb3d614dda1a8ef,37.0,21100902945,journal,Instituto Colombiano de Antropologia e Historia,True,True,0.214,Q1,4,6.0,28.0,105.0,1241.0,43.0,102.0,0.34,44.32,0.4667,0.0,2018-2026,History (Q1),Arts and Humanities,,,,,,,,,,,,,,,,,,,,,,,,,,,,,,,,,,,,,,,,,,,,,,,,,,,,100.0,imputado,['publindex'],mediana_global,False,2,0.4095238095238095,0.23413566739606126,True,,2026-09-12
0120-548X,,1900-1649,Acta Biológica Colombiana,2022,B,Colombia,Distrito Capital,"Bogotá, D. C.","Bogotá, D.C.",11001,No registra,Ciencias Biológicas,Ciencias Naturales,UNIVERSIDAD NACIONAL DE COLOMBIA,IES,,,305,1900-1649,acta biologica colombiana,CO,2026-09-12,consolidado,aeb7a10d8c3692f3,,,,,,,,,0,,,,,,,,,,,,,,,,,,,,,,,,,,,,,,,,,,,,,,,,,,,,,,,,,,,,,,,,,,,,,,,,,100.0,imputado,['publindex'],mediana_global,False,2,,,True,,2026-09-12
1900-0448,,2500-5286,Iusta,2022,C,Colombia,Distrito Capital,"Bogotá, D. C.","Bogotá, D.C.",11001,Derecho,Derecho,Ciencias Sociales,UNIVERSIDAD SANTO TOMAS,IES,,,712,2500-5286,iusta,CO,2026-09-12,consolidado,6468e58e7c937781,,,,,,,,,0,,,,,,,,,,,,,,,,,,,,,,,,,,,,,,,,,,,,,,,,,,,,,,,,,,,,,,,,,,,,,,,,,100.0,imputado,['publindex'],mediana_global,False,1,,,True,,2026-09-12
0120-3916,,2323-0134,Revista Colombiana De Educación,2022,B,Colombia,Distrito Capital,"Bogotá, D. C.","Bogotá, D.C.",11001,"Educación General (Incluye Capacitación, Pedagogía)",Ciencias de la Educación,Ciencias Sociales,UNIVERSIDAD PEDAGOGICA NACIONAL,IES,,,420,2323-0134,colombiana educacion,CO,2026-09-12,consolidado,a0a128df3234826b,15.0,21100897721,journal,Research Center of Universidad Pedagogica Nacional,True,True,0.293,Q3,2,9.0,64.0,170.0,3034.0,128.0,169.0,0.66,47.41,0.4894,0.0,2018-2026,Education (Q3),Social Sciences,,,,,,,,,,,,,,,,,,,,,,,,,,,,,,,,,,,,,,,,,,,,,,,,,,,,100.0,imputado,['publindex'],mediana_global,False,2,0.7529411764705882,0.32056892778993434,True,,2026-09-12
1794-6670,,2215-9959,"Cuadernos De Música, Artes Visuales Y Artes Escénicas",2022,A2,Colombia,Distrito Capital,"Bogotá, D. C.","Bogotá, D.C.",11001,Otras artes,Arte,Humanidades,PONTIFICIA UNIVERSIDAD JAVERIANA,IES,,,134,2215-9959,cuadernos musica artes visuales artes escenicas,CO,2026-09-12,consolidado,1a98cf61eee1ff67,,,,,,,,,0,,,,,,,,,,,,,,,,,,,,,,,,,,,,,,,,,,,,,,,,,,,,,,,,,,,,,,,,,,,,,,,,,100.0,imputado,['publindex'],mediana_global,False,3,,,True,,2026-09-12
0120-2456,,2256-5647,Anuario Colombiano De Historia Social,2022,A2,Colombia,Distrito Capital,"Bogotá, D. C.","Bogotá, D.C.",11001,No registra,Historia y Arqueología,Humanidades,UNIVERSIDAD NACIONAL DE COLOMBIA,IES,,,"1,294",2256-5647,anuario colombiano historia social,CO,2026-09-12,consolidado,21fb4cec1d2e3d73,,,,,,,,,0,,,,,,,,,,,,,,,,,,,,,,,,,,,,,,,,,,,,,,,,,,,,,,,,,,,,,,,,,,,,,,,,,100.0,imputado,['publindex'],mediana_global,False,3,,,True,,2026-09-12
2248-6046,,2011-7663,Finanzas Y Política Económica,2022,C,Colombia,Distrito Capital,"Bogotá, D. C.","Bogotá, D.C.",11001,No registra,Economía y Negocios,Ciencias Sociales,UNIVERSIDAD CATOLICA DE COLOMBIA,IES,,,"1,034",2011-7663,finanzas politica economica,CO,2026-09-12,consolidado,bb1099315628156b,,,,,,,,,0,,,,,,,,,,,,,,,,,,,,,,,,,,,,,,,,,,,,,,,,,,,,,,,,,,,,,,,,,,,,,,,,,100.0,imputado,['publindex'],mediana_global,False,1,,,True,,2026-09-12
0123-921X,,2248-7638,Tecnura,2022,B,Colombia,Distrito Capital,"Bogotá, D. C.","Bogotá, D.C.",11001,No registra,"Ingenierías Eléctrica, Electrónica e Informática",Ingeniería y Tecnología,UNIVERSIDAD DISTRITAL FRANCISCO JOSE DE CALDAS,IES,,,276,2248-7638,tecnura,CO,2026-09-12,consolidado,d3d17a6109d1b72a,,,,,,,,,0,,,,,,,,,,,,,,,,,,,,,,,,,,,,,,,,,,,,,,,,,,,,,,,,,,,,,,,,,,,,,,,,,100.0,imputado,['publindex'],mediana_global,False,2,,,True,,2026-09-12
0120-1263,,2390-0032,Escritos,2022,C,Colombia,Eje Cafetero,Antioquia,Medellín,05001,No registra,Otras Humanidades,Humanidades,UNIVERSIDAD PONTIFICIA BOLIVARIANA,IES,,,586,2390-0032,escritos,CO,2026-09-12,consolidado,8396dfcedb9e0775,,,,,,,,,0,,,,,,,,,,,,,,,,,,,,,,,,,,,,,,,,,,,,,,,,,,,,,,,,,,,,,,,,,,,,,,,,,100.0,imputado,['publindex'],mediana_global,False,1,,,True,,2026-09-12
1692-8261,,2216-1368,Prospectiva,2022,B,Colombia,Caribe,Atlántico,Barranquilla,08001,No registra,Otras Ingenierías y Tecnologías,Ingeniería y Tecnología,UNIVERSIDAD AUTONOMA DEL CARIBE,IES,INSTITUCION UNIVERSITARIA ITSA,,"1,090",2216-1368,prospectiva,CO,2026-09-12,consolidado,db0a91fd9360ed4a,,,,,,,,,0,,,,,,,,,,,,,,,,,,,,,,,,,,,,,,,,,,,,,,,,,,,,,,,,,,,,,,,,,,,,,,,,,100.0,imputado,['publindex'],mediana_global,False,2,,,True,,2026-09-12
0121-5256,,1909-7700,Revista Med,2022,C,Colombia,Distrito Capital,"Bogotá, D. C.","Bogotá, D.C.",11001,No registra,Medicina Clínica,Ciencias Médicas y de la Salud,UNIVERSIDAD MILITAR NUEVA GRANADA,IES,,,570,1909-7700,med,CO,2026-09-12,consolidado,e3a2f755581a8b0f,,,,,,,,,0,,,,,,,,,,,,,,,,,,,,,,,,,,,,,,,,,,,,,,,,,,,,,,,,,,,,,,,,,,,,,,,,,100.0,imputado,['publindex'],mediana_area,False,1,,,True,,2026-09-12
1794-5887,,2539-1208,Co-Herencia,2022,A2,Colombia,Eje Cafetero,Antioquia,Medellín,05001,No registra,Otras Humanidades,Humanidades,UNIVERSIDAD EAFIT,IES,,,574,2539-1208,co herencia,CO,2026-09-12,consolidado,9353634096464a9f,,,,,,,,,0,,,,,,,,,,,,,,,,,,,,,,,,,,,,,,,,,,,,,,,,,,,,,,,,,,,,,,,,,,,,,,,,,100.0,imputado,['publindex'],mediana_global,False,3,,,True,,2026-09-12
1692-7273,,2145-4507,Revista Ciencias De La Salud,2022,C,Colombia,Distrito Capital,"Bogotá, D. C.","Bogotá, D.C.",11001,No registra,Medicina Clínica,Ciencias Médicas y de la Salud,,No disponible,,,488,2145-4507,ciencias salud,CO,2026-09-12,consolidado,5cb4b490e08446c1,143.0,7500153124,journal,Universidad del Rosario,True,True,0.123,Q4,1,15.0,38.0,102.0,1478.0,26.0,95.0,0.23,38.89,0.5428999999999999,0.0,2007-2025,Health Policy (Q4); Health (social science) (Q4); Medicine (miscellaneous) (Q4),Medicine; Social Sciences,,,,,,,,,,,,,,,,,,,,,,,,,,,,,,,,,,,,,,,,,,,,,,,,,,,,100.0,imputado,['publindex'],mediana_area,False,1,0.2549019607843137,0.13457330415754923,True,,2026-09-12
1909-4450,,2256-5027,Revista Republicana,2022,C,Colombia,Distrito Capital,"Bogotá, D. C.","Bogotá, D.C.",11001,No registra,Otras Ciencias Sociales,Ciencias Sociales,CORPORACION UNIVERSITARIA REPUBLICANA,IES,,,385,2256-5027,republicana,CO,2026-09-12,consolidado,4f6ae90010835fcc,,,,,,,,,0,,,,,,,,,,,,,,,,,,,,,,,,,,,,,,,,,,,,,,,,,,,,,,,,,,,,,,,,,,,,,,,,,100.0,imputado,['publindex'],mediana_global,False,1,,,True,,2026-09-12
0121-0807,,2145-8464,Salud Uis,2022,B,No disponible,No disponible,No disponible,No disponible,,No registra,Ciencias de la Salud,Ciencias Médicas y de la Salud,UNIVERSIDAD INDUSTRIAL DE SANTANDER,IES,,,271,2145-8464,salud uis,,2026-09-12,consolidado,6ecdab2e38be7652,,,,,,,,,0,,,,,,,,,,,,,,,,,,,,,,,,,,,,,,,,,,,,,,,,,,,,,,,,,,,,,,,,,,,,,,,,,100.0,imputado,['publindex'],mediana_area,False,2,,,False,,2026-09-12
2011-0324,,2665-4814,Cs,2022,B,Colombia,Pacífico,Valle del Cauca,Cali,76001,"Ciencias Sociales, Interdisciplinaria",Otras Ciencias Sociales,Ciencias Sociales,UNIVERSIDAD ICESI,IES,,,501,2665-4814,cs,CO,2026-09-12,consolidado,891b8c13129b14f5,,,,,,,,,0,,,,,,,,,,,,,,,,,,,,,,,,,,,,,,,,,,,,,,,,,,,,,,,,,,,,,,,,,,,,,,,,,100.0,imputado,['publindex'],mediana_global,False,2,,,True,,2026-09-12
1657-4915,,2389-7856,Praxis,2022,C,Colombia,Caribe,Magdalena,Santa Marta,47001,No registra,Ciencias de la Educación,Ciencias Sociales,UNIVERSIDAD DEL MAGDALENA,IES,,,820,2389-7856,praxis,CO,2026-09-12,consolidado,619e784ee68a7ca8,,,,,,,,,0,,,,,,,,,,,,,,,,,,,,,,,,,,,,,,,,,,,,,,,,,,,,,,,,,,,,,,,,,,,,,,,,,100.0,imputado,['publindex'],mediana_global,False,1,,,True,,2026-09-12
1794-1237,,2463-0950,Revista Eia,2022,B,Colombia,Eje Cafetero,Antioquia,Envigado,05266,Ingeniería Civil,Ingeniería Civil,Ingeniería y Tecnología,UNIVERSIDAD EIA,IES,,,599,2463-0950,eia,CO,2026-09-12,consolidado,a58585bd60e86033,,,,,,,,,0,,,,,,,,,,,,,,,,,,,,,,,,,,,,,,,,,,,,,,,,,,,,,,,,,,,,,,,,,,,,,,,,,100.0,imputado,['publindex'],mediana_global,False,2,,,True,,2026-09-12
0120-0534,,,Revista Latinoamericana De Psicología,2022,A2,Colombia,Distrito Capital,"Bogotá, D. C.","Bogotá, D.C.",11001,No registra,Psicología,Ciencias Sociales,FUNDACION UNIVERSITARIA KONRAD LORENZ,IES,,,336,0120-0534,latinoamericana psicologia,CO,2026-09-12,consolidado,acc3e96f20bec328,4.0,14730,journal,Konrad Lorenz Editores,True,True,0.535,Q2,3,38.0,7.0,82.0,358.0,123.0,82.0,1.38,51.14,0.39390000000000003,0.0,"1980, 1984, 1992, 1996-2025",Psychology (miscellaneous) (Q2); Social Sciences (miscellaneous) (Q2),Psychology; Social Sciences,,,,,,,,,,,,,,,,,,,,,,,,,,,,,,,,,,,,,,,,,,,,,,,,,,,,100.0,imputado,['publindex'],mediana_global,False,3,1.5,0.5853391684901532,True,,2026-09-12
0486-6525,,2539-472X,Revista Colombiana De Antropología,2022,A2,Colombia,Distrito Capital,"Bogotá, D. C.","Bogotá, D.C.",11001,Antropología,Sociología,Ciencias Sociales,INSTITUTO COLOMBIANO DE ANTROPOLOGIA E HISTORIA ICANH,Entidades de Gobierno,,,216,2539-472X,colombiana antropologia,CO,2026-09-12,consolidado,6045fc62858276a7,67.0,20000195045,journal,Instituto Colombiano de Antropologia e Historia,True,True,0.184,Q2,3,15.0,30.0,68.0,1273.0,26.0,65.0,0.34,42.43,0.5625,0.0,2011-2026,Archeology (arts and humanities) (Q2); Cultural Studies (Q2); History (Q2); Anthropology (Q3),Arts and Humanities; Social Sciences,,,,,,,,,,,,,,,,,,,,,,,,,,,,,,,,,,,,,,,,,,,,,,,,,,,,100.0,imputado,['publindex'],mediana_global,False,3,0.38235294117647056,0.20131291028446388,True,,2026-09-12
1794-9920,,,Face Revista De La Facultad De Ciencias Economicas U De Pamplona,2022,C,Colombia,Centro Oriente,Norte de Santander,Pamplona,54518,No registra,Economía y Negocios,Ciencias Sociales,UNIVERSIDAD DE PAMPLONA,IES,,,894,1794-9920,face facultad ciencias economicas u pamplona,CO,2026-09-12,consolidado,797d66a157af7328,,,,,,,,,0,,,,,,,,,,,,,,,,,,,,,,,,,,,,,,,,,,,,,,,,,,,,,,,,,,,,,,,,,,,,,,,,,100.0,imputado,['publindex'],mediana_global,False,1,,,True,,2026-09-12
0123-4226,,2619-2551,Revista U.D.C.A. Actualidad & Divulgación Científica,2022,B,Colombia,Distrito Capital,"Bogotá, D. C.","Bogotá, D.C.",11001,No registra,Otras Ciencias Agrícolas,Ciencias Agrícolas,UNIVERSIDAD DE CIENCIAS APLICADAS Y AMBIENTALES U D C A,IES,,,2,2619-2551,u d c actualidad divulgacion cientifica,CO,2026-09-12,consolidado,7d79a089b5f1464e,97.0,21101067386,journal,Universidad de Ciencias Aplicadas y Ambientales U.D.C.A,True,True,0.152,Q4,1,8.0,33.0,136.0,1428.0,66.0,131.0,0.36,43.27,0.3945,0.0,2019-2025,"Agricultural and Biological Sciences (miscellaneous) (Q4); Biochemistry, Genetics and Molecular Biology (miscellaneous) (Q4); Environmental Science (miscellaneous) (Q4); Geography, Planning and Development (Q4)","Agricultural and Biological Sciences; Biochemistry, Genetics and Molecular Biology; Environmental Science; Social Sciences",,,,,,,,,,,,,,,,,,,,,,,,,,,,,,,,,,,,,,,,,,,,,,,,,,,,200.0,imputado,['publindex'],mediana_area,False,2,0.4852941176470588,0.08315098468271334,True,,2026-09-12
1657-4702,,2462-859X,Revista Latinoamericana De Bioetica/Latinamerican Journal Of Bioethics,2022,B,Colombia,Distrito Capital,"Bogotá, D. C.","Bogotá, D.C.",11001,No registra,Otras Humanidades,Humanidades,UNIVERSIDAD MILITAR NUEVA GRANADA,IES,,,676,2462-859X,latinoamericana bioetica latinamerican bioethics,CO,2026-09-12,consolidado,3722e965703db69e,,,,,,,,,0,,,,,,,,,,,,,,,,,,,,,,,,,,,,,,,,,,,,,,,,,,,,,,,,,,,,,,,,,,,,,,,,,100.0,imputado,['publindex'],mediana_global,False,2,,,True,,2026-09-12
1794-2489,,2011-2742,Tabula Rasa,2022,C,Colombia,Distrito Capital,"Bogotá, D. C.","Bogotá, D.C.",11001,No registra,Otras Ciencias Sociales,Ciencias Sociales,UNIVERSIDAD COLEGIO MAYOR DE CUNDINAMARCA,IES,,,650,2011-2742,tabula rasa,CO,2026-09-12,consolidado,f159cf2e93afa5dc,,,,,,,,,0,,,,,,,,,,,,,,,,,,,,,,,,,,,,,,,,,,,,,,,,,,,,,,,,,,,,,,,,,,,,,,,,,100.0,imputado,['publindex'],mediana_global,False,1,,,True,,2026-09-12
2382-4018,,2382-4018,Collectivus. Revista de Ciencias Sociales,2022,C,Colombia,Caribe,Atlántico,Barranquilla,08001,Otras Humanidades,Otras Humanidades,Humanidades,UNIVERSIDAD DEL ATLANTICO,IES,,,267,2382-4018,collectivus ciencias sociales,CO,2026-09-12,consolidado,eefe9de9c45ab65d,,,,,,,,,0,,,,,,,,,,,,,,http://investigaciones.uniatlantico.edu.co/revistas/index.php/Collectivus/index,https://doaj.org/toc/5b2793e4195c4046856332c3943e9c5a,2014,,,2382-4018,"['practics' 'social practices' 'territorial practices'
 'economical practices']",['Spanish'],Colombia,Universidad del Atlántico,,CC BY-NC,,http://investigaciones.uniatlantico.edu.co/revistas/index.php/Collectivus/about/submissions#copyrightNotice,,False,,Anonymous peer review,http://investigaciones.uniatlantico.edu.co/revistas/index.php/Collectivus/about/editorialPolicies#peerReviewProcess,False,http://investigaciones.uniatlantico.edu.co/revistas/index.php/Collectivus/about/editorialPolicies#focusAndScope,http://investigaciones.uniatlantico.edu.co/revistas/index.php/Collectivus/about/editorialPolicies#custom-1,http://investigaciones.uniatlantico.edu.co/revistas/index.php/Collectivus/about/submissions#onlineSubmissions,12,False,http://investigaciones.uniatlantico.edu.co/revistas/index.php/Collectivus/about/editorialPolicies#focusAndScope,False,,False,http://investigaciones.uniatlantico.edu.co/revistas/index.php/Collectivus/about/editorialPolicies#focusAndScope,,,,,,,True,,,H|H1-99,False,No,No,Social Sciences: Social sciences (General),2016-01-08,2020-08-04,2020-08-04,18,2016-01-09,,,100.0,imputado,['publindex'],mediana_global,False,1,,,True,True,2026-09-12
2322-9381,,2322-9675,Trashumante,2022,A2,Colombia,Eje Cafetero,Antioquia,Medellín,05001,No registra,Historia y Arqueología,Humanidades,UNIVERSIDAD DE ANTIOQUIA,IES,,,537,2322-9675,trashumante,CO,2026-09-12,consolidado,fab9aca64436dd00,51.0,21100792502,journal,Universidad de Antioquia,True,True,0.198,Q2,3,7.0,21.0,88.0,724.0,25.0,87.0,0.29,34.48,0.6522,0.0,2013-2026,History (Q2); Social Sciences (miscellaneous) (Q3),Arts and Humanities; Social Sciences,,,,,,,,,,,,,,,,,,,,,,,,,,,,,,,,,,,,,,,,,,,,,,,,,,,,100.0,imputado,['publindex'],mediana_global,False,3,0.2840909090909091,0.21663019693654267,True,,2026-09-12
2145-9258,,2389-7724,Cultura Educacion Y Sociedad,2022,B,Colombia,Caribe,Atlántico,Barranquilla,08001,"Educación General (Incluye Capacitación, Pedagogía)",Ciencias de la Educación,Ciencias Sociales,CORPORACION UNIVERSIDAD DE LA COSTA,IES,,,887,2389-7724,cultura educacion sociedad,CO,2026-09-12,consolidado,475e8ee89a464199,,,,,,,,,0,,,,,,,,,,,,,,,,,,,,,,,,,,,,,,,,,,,,,,,,,,,,,,,,,,,,,,,,,,,,,,,,,100.0,imputado,['publindex'],mediana_global,False,2,,,True,,2026-09-12
0124-2253,,2344-8350,Revista Científica,2022,B,Colombia,Distrito Capital,"Bogotá, D. C.","Bogotá, D.C.",11001,Otras Ingenierías y Tecnologías,Otras Ingenierías y Tecnologías,Ingeniería y Tecnología,UNIVERSIDAD DISTRITAL FRANCISCO JOSE DE CALDAS,IES,,,341,2344-8350,cientifica,CO,2026-09-12,consolidado,620ba27786b09293,,,,,,,,,0,,,,,,,,,,,,,,,,,,,,,,,,,,,,,,,,,,,,,,,,,,,,,,,,,,,,,,,,,,,,,,,,,100.0,imputado,['publindex'],mediana_global,False,2,,,True,,2026-09-12
0034-7426,,2357-4100,Revista Colombiana De Matemáticas,2022,C,Colombia,Distrito Capital,"Bogotá, D. C.","Bogotá, D.C.",11001,No registra,Matemática,Ciencias Naturales,UNIVERSIDAD NACIONAL DE COLOMBIA,IES,,,269,2357-4100,colombiana matematicas,CO,2026-09-12,consolidado,895d9136b3a72154,,,,,,,,,0,,,,,,,,,,,,,,,,,,,,,,,,,,,,,,,,,,,,,,,,,,,,,,,,,,,,,,,,,,,,,,,,,100.0,imputado,['publindex'],mediana_global,False,1,,,True,,2026-09-12
0120-5587,,,Lingüística Y Literatura,2022,C,Colombia,Eje Cafetero,Antioquia,Medellín,05001,Estudios Generales del Lenguaje,Idiomas y Literatura,Humanidades,UNIVERSIDAD DE ANTIOQUIA,IES,,,146,0120-5587,linguistica literatura,CO,2026-09-12,consolidado,58fcd931d5116ebb,,,,,,,,,0,,,,,,,,,,,,,,,,,,,,,,,,,,,,,,,,,,,,,,,,,,,,,,,,,,,,,,,,,,,,,,,,,100.0,imputado,['publindex'],mediana_global,False,1,,,True,,2026-09-12
0121-053X,,2346-1829,Cuadernos De Lingüística Hispánica,2022,B,Colombia,Centro Oriente,Boyacá,Tunja,15001,Lingüística,Idiomas y Literatura,Humanidades,UNIVERSIDAD PEDAGOGICA Y TECNOLOGICA DE COLOMBIA,IES,,,55,2346-1829,cuadernos linguistica hispanica,CO,2026-09-12,consolidado,f2e0ce4f4e873a76,42.0,21101163374,journal,Universidad Pedagogica y Tecnologica de Colombia,True,True,0.208,Q2,3,4.0,21.0,63.0,646.0,23.0,63.0,0.4,30.76,0.36,0.0,2019-2025,Linguistics and Language (Q2),Social Sciences,,,,,,,,,,,,,,,,,,,,,,,,,,,,,,,,,,,,,,,,,,,,,,,,,,,,100.0,imputado,['publindex'],mediana_global,False,2,0.36507936507936506,0.22757111597374177,True,,2026-09-12
1794-2470,,2462-9448,Nova: Publicación Científica En Ciencias Médicas,2022,B,No disponible,No disponible,No disponible,No disponible,,No registra,Ciencias Biológicas,Ciencias Naturales,UNIVERSIDAD COLEGIO MAYOR DE CUNDINAMARCA,IES,UNIVERSIDAD NACIONAL ABIERTA Y A DISTANCIA,,677,2462-9448,nova publicacion cientifica ciencias medicas,,2026-09-12,consolidado,6da9c7e9db295a98,,,,,,,,,0,,,,,,,,,,,,,,,,,,,,,,,,,,,,,,,,,,,,,,,,,,,,,,,,,,,,,,,,,,,,,,,,,100.0,imputado,['publindex'],mediana_global,False,2,,,False,,2026-09-12
2344-8652,,2344-8652,Investigación e Innovación en Ingenierías,2022,B,Colombia,Caribe,Atlántico,Barranquilla,08001,Otras Ingenierías y Tecnologías,Otras Ingenierías y Tecnologías,Ingeniería y Tecnología,UNIVERSIDAD SIMON BOLIVAR,IES,,,635,2344-8652,investigacion e innovacion ingenierias,CO,2026-09-12,consolidado,3136780636733d3d,,,,,,,,,0,,,,,,,,,,,,,,https://revistas.unisimon.edu.co/index.php/innovacioning/index,https://doaj.org/toc/d7bab6604fed4e3cba126bf2bce00414,2017,,,2344-8652,"['engineering' 'environmental engineering' 'industrial engineering'
 'systems engineering' 'mechanical engineering']",['Spanish'],Colombia,,,CC BY,,https://revistas.unisimon.edu.co/index.php/innovacioning/policy#open_access_policy,True,False,https://revistas.unisimon.edu.co/index.php/innovacioning/policy#copyright,Double anonymous peer review,https://revistas.unisimon.edu.co/index.php/innovacioning/about#peer_review,True,https://revistas.unisimon.edu.co/index.php/innovacioning/about#scope,https://revistas.unisimon.edu.co/index.php/innovacioning/about/editorialTeam,https://revistas.unisimon.edu.co/index.php/innovacioning/direcau,20,False,https://revistas.unisimon.edu.co/index.php/innovacioning/policy#sponsor_policy,False,,False,,,,,,,DOI,True,,,T|TA1-2040,False,No,No,Technology: Engineering (General). Civil engineering (General),2018-01-05,2026-06-12,2026-05-19,320,2026-07-29,,,100.0,imputado,['publindex'],mediana_global,False,2,,,True,False,2026-09-12
0121-7577,,2462-8425,Hacia La Promoción De La Salud,2022,B,Colombia,Eje Cafetero,Caldas,Manizales,17001,Salud Pública,Ciencias de la Salud,Ciencias Médicas y de la Salud,UNIVERSIDAD DE CALDAS,IES,,,433,2462-8425,hacia promocion salud,CO,2026-09-12,consolidado,8c722dc8397a1de1,,,,,,,,,0,,,,,,,,,,,,,,,,,,,,,,,,,,,,,,,,,,,,,,,,,,,,,,,,,,,,,,,,,,,,,,,,,100.0,imputado,['publindex'],mediana_area,False,2,,,True,,2026-09-12
0120-159X,,2256-5485,Revista Colombiana De Sociología,2022,B,Colombia,Distrito Capital,"Bogotá, D. C.","Bogotá, D.C.",11001,No registra,Sociología,Ciencias Sociales,,No disponible,,,937,2256-5485,colombiana sociologia,CO,2026-09-12,consolidado,7356ca5459d7dec5,,,,,,,,,0,,,,,,,,,,,,,,,,,,,,,,,,,,,,,,,,,,,,,,,,,,,,,,,,,,,,,,,,,,,,,,,,,100.0,imputado,['publindex'],mediana_global,False,2,,,True,,2026-09-12
0121-8530,,2346-3864,La Palabra,2022,B,Colombia,Centro Oriente,Boyacá,Tunja,15001,No registra,Idiomas y Literatura,Humanidades,UNIVERSIDAD PEDAGOGICA Y TECNOLOGICA DE COLOMBIA,IES,,,727,2346-3864,palabra,CO,2026-09-12,consolidado,db63fbebc694753e,165.0,21101091058,journal,Universidad Pedagogica y Tecnologica de Colombia,True,True,0.101,Q4,1,2.0,19.0,90.0,494.0,8.0,88.0,0.11,26.0,0.5909,0.0,2019-2025,Literature and Literary Theory (Q4),Arts and Humanities,,,,,,,,,,,,,,,,,,,,,,,,,,,,,,,,,,,,,,,,,,,,,,,,,,,,100.0,imputado,['publindex'],mediana_global,False,2,0.08888888888888889,0.11050328227571116,True,,2026-09-12
1657-4583,,2145-8456,Uis Ingenierías,2022,B,Colombia,Centro Oriente,Santander,Bucaramanga,68001,No registra,Otras Ingenierías y Tecnologías,Ingeniería y Tecnología,UNIVERSIDAD INDUSTRIAL DE SANTANDER,IES,,,66,2145-8456,uis ingenierias,CO,2026-09-12,consolidado,5099cd5030fe38f4,,,,,,,,,0,,,,,,,,,,,,,,,,,,,,,,,,,,,,,,,,,,,,,,,,,,,,,,,,,,,,,,,,,,,,,,,,,100.0,imputado,['publindex'],mediana_global,False,2,,,True,,2026-09-12
2011-7485,,2011-7485,Psicología Desde El Caribe,2022,B,No disponible,No disponible,No disponible,No disponible,,No registra,Psicología,Ciencias Sociales,FUNDACION UNIVERSIDAD DEL NORTE,IES,,,78,2011-7485,psicologia desde caribe,,2026-09-12,consolidado,08b786a03c872248,,,,,,,,,0,,,,,,,,,,,,,,,,,,,,,,,,,,,,,,,,,,,,,,,,,,,,,,,,,,,,,,,,,,,,,,,,,100.0,imputado,['publindex'],mediana_global,False,2,,,False,,2026-09-12
0121-750X,,2344-8393,Ingeniería,2022,B,Colombia,Distrito Capital,"Bogotá, D. C.","Bogotá, D.C.",11001,No registra,"Ingenierías Eléctrica, Electrónica e Informática",Ingeniería y Tecnología,UNIVERSIDAD DISTRITAL FRANCISCO JOSE DE CALDAS,IES,,,191,2344-8393,ingenieria,CO,2026-09-12,consolidado,e2030c694af9c0b6,100.0,21101208813,journal,Universidad Distrital Francisco Jose de Caldas,True,True,0.15,Q4,1,7.0,26.0,104.0,815.0,61.0,94.0,0.61,31.35,0.2,0.0,2020-2025,Engineering (miscellaneous) (Q4),Engineering,,,,,,,,,,,,,,,,,,,,,,,,,,,,,,,,,,,,,,,,,,,,,,,,,,,,100.0,imputado,['publindex'],mediana_global,False,2,0.5865384615384616,0.16411378555798686,True,,2026-09-12
2027-2448,,2745-1402,Revista Pensamiento Americano,2022,C,Colombia,Caribe,Atlántico,Barranquilla,08001,Otras Ciencias Sociales,Otras Ciencias Sociales,Ciencias Sociales,CORPORACION UNIVERSITARIA AMERICANA,IES,,,"1,191",2745-1402,pensamiento americano,CO,2026-09-12,consolidado,27233f4a1ba2da26,,,,,,,,,0,,,,,,,,,,,,,,http://publicaciones.americana.edu.co/index.php/pensamientoamericano,https://doaj.org/toc/b1d6809d11f04224be70c2b3f2191360,2016,,,2745-1402,['law' 'jurisprudence' 'politics' 'philosophy' 'sociology'],['English' 'Spanish' 'Portuguese'],Colombia,,,CC BY-NC-ND,,http://publicaciones.americana.edu.co/index.php/pensamientoamericano/LICC,True,False,http://publicaciones.americana.edu.co/index.php/pensamientoamericano/avderaut,Double anonymous peer review,http://publicaciones.americana.edu.co/index.php/pensamientoamericano/direeva,True,http://publicaciones.americana.edu.co/index.php/pensamientoamericano/about,http://publicaciones.americana.edu.co/index.php/pensamientoamericano/about/editorialTeam,http://publicaciones.americana.edu.co/index.php/pensamientoamericano/diraut,16,False,http://publicaciones.americana.edu.co/index.php/pensamientoamericano/opacc,False,,False,,,,,,,DOI,True,,,H1-99,False,No,No,Social Sciences: Social sciences (General),2021-07-27,2021-07-27,2021-07-27,246,2025-10-03,,,100.0,imputado,['publindex'],mediana_global,False,1,,,True,False,2026-09-12
0122-9354,,2389-8526,Revista De Medicina Veterinaria,2022,C,Colombia,Distrito Capital,"Bogotá, D. C.","Bogotá, D.C.",11001,No registra,Ciencias Veterinarias,Ciencias Agrícolas,UNIVERSIDAD DE LA SALLE,IES,,,86,2389-8526,medicina veterinaria,CO,2026-09-12,consolidado,36cf41a0dd7060b7,,,,,,,,,0,,,,,,,,,,,,,,,,,,,,,,,,,,,,,,,,,,,,,,,,,,,,,,,,,,,,,,,,,,,,,,,,,200.0,imputado,['publindex'],mediana_area,False,1,,,True,,2026-09-12
0121-3474,,2619-3752,Verba Iuris,2022,C,Colombia,Distrito Capital,"Bogotá, D. C.","Bogotá, D.C.",11001,Derecho,Derecho,Ciencias Sociales,UNIVERSIDAD LIBRE DE COLOMBIA,IES,,,459,2619-3752,verba iuris,CO,2026-09-12,consolidado,6a57a225487e04c4,,,,,,,,,0,,,,,,,,,,,,,,,,,,,,,,,,,,,,,,,,,,,,,,,,,,,,,,,,,,,,,,,,,,,,,,,,,100.0,imputado,['publindex'],mediana_global,False,1,,,True,,2026-09-12
0123-4870,,0120-2146,Folios,2022,B,Colombia,Distrito Capital,"Bogotá, D. C.","Bogotá, D.C.",11001,Otras Humanidades,Otras Humanidades,Humanidades,UNIVERSIDAD PEDAGOGICA NACIONAL,IES,,,"1,323",0120-2146,folios,CO,2026-09-12,consolidado,6949fe167e7582a8,,,,,,,,,0,,,,,,,,,,,,,,,,,,,,,,,,,,,,,,,,,,,,,,,,,,,,,,,,,,,,,,,,,,,,,,,,,100.0,imputado,['publindex'],mediana_global,False,2,,,True,,2026-09-12
0122-8900,,2463-0470,Panorama Económico,2022,C,Colombia,Caribe,Bolívar,Cartagena de Indias,13001,No registra,Economía y Negocios,Ciencias Sociales,UNIVERSIDAD DE CARTAGENA,IES,,,938,2463-0470,panorama economico,CO,2026-09-12,consolidado,0259252523ddcb97,,,,,,,,,0,,,,,,,,,,,,,,,,,,,,,,,,,,,,,,,,,,,,,,,,,,,,,,,,,,,,,,,,,,,,,,,,,100.0,imputado,['publindex'],mediana_global,False,1,,,True,,2026-09-12
0121-6538,,2248-6941,Ánfora,2022,B,Colombia,Eje Cafetero,Caldas,Manizales,17001,No registra,Otras Humanidades,Humanidades,UNIVERSIDAD AUTONOMA DE MANIZALES,IES,,,"1,053",2248-6941,anfora,CO,2026-09-12,consolidado,b50a73f54e06885c,,,,,,,,,0,,,,,,,,,,,,,,,,,,,,,,,,,,,,,,,,,,,,,,,,,,,,,,,,,,,,,,,,,,,,,,,,,100.0,imputado,['publindex'],mediana_global,False,2,,,True,,2026-09-12
0123-7799,,2256-5337,Tecno Lógicas,2022,B,Colombia,Eje Cafetero,Antioquia,Medellín,05001,Otras Ingenierías y Tecnologías,Otras Ingenierías y Tecnologías,Ingeniería y Tecnología,INSTITUTO TECNOLOGICO METROPOLITANO DE MEDELLIN,IES,,,605,2256-5337,tecno logicas,CO,2026-09-12,consolidado,878437886cb77ac8,,,,,,,,,0,,,,,,,,,,,,,,,,,,,,,,,,,,,,,,,,,,,,,,,,,,,,,,,,,,,,,,,,,,,,,,,,,100.0,imputado,['publindex'],mediana_global,False,2,,,True,,2026-09-12
0122-8706,,2500-5308,Revista Corpoica,2022,C,Colombia,Centro Oriente,Cundinamarca,Mosquera,25473,No registra,Otras Ciencias Agrícolas,Ciencias Agrícolas,CORPORACION COLOMBIANA DE INVESTIGACION AGROPECUARIA AGROSAVIA,Centros,,,942,2500-5308,corpoica,CO,2026-09-12,consolidado,29f270701bf83a7e,,,,,,,,,0,,,,,,,,,,,,,,https://revistacta.agrosavia.co/,https://doaj.org/toc/0c284072b1f94f4aa47bfdab017ac12b,2014,,,2500-5308,['agriculture' 'climate change' 'food' 'rural development'],['Spanish' 'English'],Colombia,,,CC BY-NC-SA,,https://revistacta.agrosavia.co/index.php/revista/pospublicacion,True,True,https://revistacta.agrosavia.co/index.php/revista/pospublicacion,Double anonymous peer review,https://revistacta.agrosavia.co/index.php/revista/pares,True,https://revistacta.agrosavia.co/index.php/revista/alcance,https://revistacta.agrosavia.co/index.php/revista/about/editorialTeam,https://revistacta.agrosavia.co/index.php/revista/about/submissions#authorGuidelines,36,False,https://revistacta.agrosavia.co/index.php/revista/about,False,,False,,CLOCKSS,,https://portal.issn.org/resource/ISSN/2500-5308,,,DOI,True,,,S|S1-972|SF1-1100,False,No,No,Agriculture: Agriculture (General) | Agriculture: Animal culture,2016-10-30,2024-02-06,2024-02-06,650,2025-02-25,,,200.0,imputado,['publindex'],mediana_area,False,1,,,True,False,2026-09-12
0123-3769,,2500-8684,Perspectiva Geográfica,2022,C,Colombia,Distrito Capital,"Bogotá, D. C.","Bogotá, D.C.",11001,Otras Ciencias Sociales,Otras Ciencias Sociales,Ciencias Sociales,UNIVERSIDAD PEDAGOGICA Y TECNOLOGICA DE COLOMBIA,IES,INSTITUTO GEOGRAFICO AGUSTIN CODAZZI,,97,2500-8684,perspectiva geografica,CO,2026-09-12,consolidado,5b0031cc25c2f4d2,,,,,,,,,0,,,,,,,,,,,,,,,,,,,,,,,,,,,,,,,,,,,,,,,,,,,,,,,,,,,,,,,,,,,,,,,,,100.0,imputado,['publindex'],mediana_global,False,1,,,True,,2026-09-12
2011-804X,,2462-8441,"(Pensamiento), (Palabra) Y Obra",2022,B,Colombia,Distrito Capital,"Bogotá, D. C.","Bogotá, D.C.",11001,Otras artes,Arte,Humanidades,UNIVERSIDAD PEDAGOGICA NACIONAL,IES,,,934,2462-8441,pensamiento palabra obra,CO,2026-09-12,consolidado,2fc5a8d94078e9ea,,,,,,,,,0,,,,,,,,,,,,,,,,,,,,,,,,,,,,,,,,,,,,,,,,,,,,,,,,,,,,,,,,,,,,,,,,,100.0,imputado,['publindex'],mediana_global,False,2,,,True,,2026-09-12
1909-941X,,2389-7848,Clio América,2022,C,Colombia,Caribe,Magdalena,Santa Marta,47001,Economía,Economía y Negocios,Ciencias Sociales,UNIVERSIDAD DEL MAGDALENA,IES,,,219,2389-7848,clio america,CO,2026-09-12,consolidado,436bba16493326fe,,,,,,,,,0,,,,,,,,,,,,,,,,,,,,,,,,,,,,,,,,,,,,,,,,,,,,,,,,,,,,,,,,,,,,,,,,,100.0,imputado,['publindex'],mediana_global,False,1,,,True,,2026-09-12
0120-0062,,2011-3668,Ideas Y Valores,2022,B,Colombia,Distrito Capital,"Bogotá, D. C.","Bogotá, D.C.",11001,Filosofía,Otras Humanidades,Humanidades,UNIVERSIDAD NACIONAL DE COLOMBIA,IES,,,139,2011-3668,ideas valores,CO,2026-09-12,consolidado,777e1147ae56499c,,,,,,,,,0,,,,,,,,,,,,,,,,,,,,,,,,,,,,,,,,,,,,,,,,,,,,,,,,,,,,,,,,,,,,,,,,,100.0,imputado,['publindex'],mediana_global,False,2,,,True,,2026-09-12
2145-132X,,2145-132X,Historelo : Revista De Historia Regional Y Local,2022,A2,Colombia,Eje Cafetero,Antioquia,Medellín,05001,No registra,Historia y Arqueología,Humanidades,UNIVERSIDAD NACIONAL DE COLOMBIA,IES,,,840,2145-132X,historelo historia regional local,CO,2026-09-12,consolidado,e5054fef28f6fd0a,56.0,21100829925,journal,Universidad Nacional de Colombia,True,True,0.193,Q2,3,6.0,25.0,72.0,1291.0,18.0,62.0,0.09,51.64,0.4722,0.0,2013-2026,"Cultural Studies (Q2); History (Q2); Pharmacology, Toxicology and Pharmaceutics (miscellaneous) (Q3); Social Sciences (miscellaneous) (Q3)","Arts and Humanities; Pharmacology, Toxicology and Pharmaceutics; Social Sciences",http://www.revistas.unal.edu.co/index.php/historelo,https://doaj.org/toc/b404f727bddc4b53a616289d4d0c6da4,2009,HISTOReLo,,2145-132X,['local history' 'regional history' 'colombian history'],['Spanish' 'Portuguese' 'English'],Colombia,,,CC BY-NC-ND,,http://www.revistas.unal.edu.co/index.php/historelo/about/submissions#copyrightNotice,,False,http://www.revistas.unal.edu.co/index.php/historelo/about/submissions#copyrightNotice,Peer review,https://revistas.unal.edu.co/index.php/historelo/about/submissions,False,http://www.revistas.unal.edu.co/index.php/historelo/about/editorialPolicies#focusAndScope,http://www.revistas.unal.edu.co/index.php/historelo/about/displayMembership/73,http://www.revistas.unal.edu.co/index.php/historelo/about/submissions#authorGuidelines,5,False,https://revistas.unal.edu.co/index.php/historelo/about#ArticleProcessingCharges,False,,False,,,,,,,DOI,True,,,F1201-3799,False,No,No,History America: Latin America. Spanish America,2011-01-18,2025-04-03,2025-04-03,446,2026-05-12,,,100.0,imputado,['publindex'],mediana_global,False,3,0.25,0.2111597374179431,True,True,2026-09-12
1794-192X,,2256-3202,Revista Guillermo De Ockman,2022,B,Colombia,Pacífico,Valle del Cauca,Cali,76001,Otras Humanidades,Otras Humanidades,Humanidades,UNIVERSIDAD DE SAN BUENAVENTURA,IES,,,464,2256-3202,guillermo ockman,CO,2026-09-12,consolidado,5f09748d2538bad7,,,,,,,,,0,,,,,,,,,,,,,,,,,,,,,,,,,,,,,,,,,,,,,,,,,,,,,,,,,,,,,,,,,,,,,,,,,100.0,imputado,['publindex'],mediana_global,False,2,,,True,,2026-09-12
2027-8306,,2389-9417,"Revista De Investigacion, Desarrollo E Innovacion",2022,B,Colombia,Centro Oriente,Boyacá,Duitama,15238,No registra,Otras Humanidades,Humanidades,UNIVERSIDAD PEDAGOGICA Y TECNOLOGICA DE COLOMBIA,IES,,,779,2389-9417,investigacion desarrollo e innovacion,CO,2026-09-12,consolidado,12060a084068ab16,,,,,,,,,0,,,,,,,,,,,,,,,,,,,,,,,,,,,,,,,,,,,,,,,,,,,,,,,,,,,,,,,,,,,,,,,,,100.0,imputado,['publindex'],mediana_global,False,2,,,True,,2026-09-12
1657-7027,,2500-6177,Revista Gerencia Y Políticas De Salud,2022,C,Colombia,Distrito Capital,"Bogotá, D. C.","Bogotá, D.C.",11001,Salud Pública,Ciencias de la Salud,Ciencias Médicas y de la Salud,PONTIFICIA UNIVERSIDAD JAVERIANA,IES,,,330,2500-6177,gerencia politicas salud,CO,2026-09-12,consolidado,6d542dddb32e8035,134.0,19900193218,journal,Pontificia Universidad Javeriana,True,True,0.13,Q4,1,12.0,10.0,61.0,477.0,17.0,60.0,0.2,47.7,0.5769,0.0,2011-2025,Health Policy (Q4),Medicine,,,,,,,,,,,,,,,,,,,,,,,,,,,,,,,,,,,,,,,,,,,,,,,,,,,,100.0,imputado,['publindex'],mediana_area,False,1,0.2786885245901639,0.1422319474835886,True,,2026-09-12
1692-3324,,2248-4094,Revista Ingenierías Universidad De Medellín,2022,C,Colombia,Eje Cafetero,Antioquia,Medellín,05001,Ingeniería Ambiental y Geológica,Ingeniería Ambiental,Ingeniería y Tecnología,UNIVERSIDAD DE MEDELLIN,IES,,,525,2248-4094,ingenierias universidad medellin,CO,2026-09-12,consolidado,329ffcfbfc89460f,,,,,,,,,0,,,,,,,,,,,,,,,,,,,,,,,,,,,,,,,,,,,,,,,,,,,,,,,,,,,,,,,,,,,,,,,,,100.0,imputado,['publindex'],mediana_global,False,1,,,True,,2026-09-12
0120-2812,,2323-0118,Acta Agronómica,2022,B,Colombia,Pacífico,Valle del Cauca,Palmira,76520,No registra,Ciencias de la Tierra y Medioambientales,Ciencias Naturales,UNIVERSIDAD NACIONAL DE COLOMBIA,IES,,,535,2323-0118,acta agronomica,CO,2026-09-12,consolidado,f503033f98fbb498,138.0,65755,journal,Universidad Nacional de Colombia,True,True,0.128,Q4,1,18.0,24.0,119.0,784.0,31.0,119.0,0.2,32.67,0.3333,0.0,"1968, 2012-2026",Agronomy and Crop Science (Q4); Soil Science (Q4),Agricultural and Biological Sciences,,,,,,,,,,,,,,,,,,,,,,,,,,,,,,,,,,,,,,,,,,,,,,,,,,,,100.0,imputado,['publindex'],mediana_global,False,2,0.2605042016806723,0.1400437636761488,True,,2026-09-12
1692-2530,,2248-4078,Opinión Jurídica,2022,C,Colombia,Eje Cafetero,Antioquia,Medellín,05001,Derecho,Derecho,Ciencias Sociales,UNIVERSIDAD DE MEDELLIN,IES,,,513,2248-4078,opinion juridica,CO,2026-09-12,consolidado,a2e8bd8c4e369bec,137.0,21101302091,journal,University of Medellin,True,False,0.129,Q4,1,3.0,27.0,93.0,1170.0,8.0,93.0,0.02,43.33,0.3704,0.0,2021-2025,Law (Q4),Social Sciences,,,,,,,,,,,,,,,,,,,,,,,,,,,,,,,,,,,,,,,,,,,,,,,,,,,,100.0,imputado,['publindex'],mediana_global,False,1,0.08602150537634409,0.14113785557986872,True,,2026-09-12
0120-3886,,2390-0016,Revista Facultad De Derecho Y Ciencias Políticas,2022,C,Colombia,Eje Cafetero,Antioquia,Medellín,05001,Derecho,Derecho,Ciencias Sociales,UNIVERSIDAD PONTIFICIA BOLIVARIANA,IES,,,155,2390-0016,facultad derecho ciencias politicas,CO,2026-09-12,consolidado,f32200ef64df6e32,,,,,,,,,0,,,,,,,,,,,,,,,,,,,,,,,,,,,,,,,,,,,,,,,,,,,,,,,,,,,,,,,,,,,,,,,,,100.0,imputado,['publindex'],mediana_global,False,1,,,True,,2026-09-12
2215-7360,,2215-7360,Aglala,2022,C,Colombia,Caribe,Bolívar,Cartagena de Indias,13001,"Ciencias Sociales, Interdisciplinaria",Otras Ciencias Sociales,Ciencias Sociales,CORPORACION UNIVERSITARIA RAFAEL NUNEZ,IES,,,53,2215-7360,aglala,CO,2026-09-12,consolidado,ce0dfa557402d578,,,,,,,,,0,,,,,,,,,,,,,,,,,,,,,,,,,,,,,,,,,,,,,,,,,,,,,,,,,,,,,,,,,,,,,,,,,100.0,imputado,['publindex'],mediana_global,False,1,,,True,,2026-09-12
0123-3475,,1909-8758,Revista Colombiana De Biotecnología,2022,B,Colombia,Distrito Capital,"Bogotá, D. C.","Bogotá, D.C.",11001,No registra,Biotecnología Agrícola,Ciencias Agrícolas,UNIVERSIDAD NACIONAL DE COLOMBIA,IES,,,270,1909-8758,colombiana biotecnologia,CO,2026-09-12,consolidado,71cd37e8ba7f3977,,,,,,,,,0,,,,,,,,,,,,,,,,,,,,,,,,,,,,,,,,,,,,,,,,,,,,,,,,,,,,,,,,,,,,,,,,,200.0,imputado,['publindex'],mediana_area,False,2,,,True,,2026-09-12
1794-3108,,2256-5531,Revista Criminalidad,2022,C,Colombia,Distrito Capital,"Bogotá, D. C.","Bogotá, D.C.",11001,No registra,Otras Ciencias Sociales,Ciencias Sociales,DIRECCION NACIONAL DE ESCUELAS POLICIA NACIONAL DE COLOMBIA,IES,,,"1,301",2256-5531,criminalidad,CO,2026-09-12,consolidado,cacc85ee69b0e759,,,,,,,,,0,,,,,,,,,,,,,,,,,,,,,,,,,,,,,,,,,,,,,,,,,,,,,,,,,,,,,,,,,,,,,,,,,100.0,imputado,['publindex'],mediana_global,False,1,,,True,,2026-09-12
0121-3784,,,Livestock Research For Rural Development,2022,B,Colombia,Pacífico,Valle del Cauca,Cali,76001,No registra,Ciencias Animales y Lechería,Ciencias Agrícolas,,No disponible,,,952,0121-3784,livestock rural development,CO,2026-09-12,consolidado,5466307bd3cfc0cc,39.0,79866,journal,Fundacion CIPAV,True,False,0.213,Q4,1,42.0,60.0,266.0,1738.0,176.0,266.0,0.58,28.97,0.2553,0.0,1996-2025,Animal Science and Zoology (Q4),Agricultural and Biological Sciences,,,,,,,,,,,,,,,,,,,,,,,,,,,,,,,,,,,,,,,,,,,,,,,,,,,,200.0,imputado,['publindex'],mediana_area,False,2,0.6616541353383458,0.11652078774617067,True,,2026-09-12
0121-4381,,2145-9797,Suma Psicológica,2022,B,Colombia,Distrito Capital,"Bogotá, D. C.","Bogotá, D.C.",11001,No registra,Psicología,Ciencias Sociales,FUNDACION UNIVERSITARIA KONRAD LORENZ,IES,,,225,2145-9797,suma psicologica,CO,2026-09-12,consolidado,3e2401b41a869666,22.0,19700188499,journal,Konrad Lorenz Editores,True,True,0.248,Q3,2,20.0,11.0,48.0,617.0,39.0,48.0,0.63,56.09,0.5,0.0,2010-2025,Psychology (miscellaneous) (Q3),Psychology,,,,,,,,,,,,,,,,,,,,,,,,,,,,,,,,,,,,,,,,,,,,,,,,,,,,100.0,imputado,['publindex'],mediana_global,False,2,0.8125,0.2713347921225383,True,,2026-09-12
0122-1213,,2389-993X,Prospectiva,2022,C,Colombia,Pacífico,Valle del Cauca,Cali,76001,Trabajo Social,Sociología,Ciencias Sociales,UNIVERSIDAD DEL VALLE,IES,,,515,2389-993X,prospectiva,CO,2026-09-12,consolidado,9d16f90950b603af,,,,,,,,,0,,,,,,,,,,,,,,,,,,,,,,,,,,,,,,,,,,,,,,,,,,,,,,,,,,,,,,,,,,,,,,,,,100.0,imputado,['publindex'],mediana_global,False,1,,,True,,2026-09-12
1794-6190,,2339-3459,Earth Sciences Research Journal,2022,C,Colombia,Distrito Capital,"Bogotá, D. C.","Bogotá, D.C.",11001,No registra,Ciencias de la Tierra y Medioambientales,Ciencias Naturales,UNIVERSIDAD NACIONAL DE COLOMBIA,IES,,,372,2339-3459,earth sciences,CO,2026-09-12,consolidado,84f71f8f35bfd576,,,,,,,,,0,,,,,,,,,,,,,,,,,,,,,,,,,,,,,,,,,,,,,,,,,,,,,,,,,,,,,,,,,,,,,,,,,100.0,imputado,['publindex'],mediana_global,False,1,,,True,,2026-09-12
1657-8031,,2665-3354,El Ágora Usb,2022,B,Colombia,Eje Cafetero,Antioquia,Medellín,05001,"Ciencias Sociales, Interdisciplinaria",Otras Ciencias Sociales,Ciencias Sociales,UNIVERSIDAD DE SAN BUENAVENTURA,IES,,,510,2665-3354,agora usb,CO,2026-09-12,consolidado,df6159c004898219,,,,,,,,,0,,,,,,,,,,,,,,,,,,,,,,,,,,,,,,,,,,,,,,,,,,,,,,,,,,,,,,,,,,,,,,,,,100.0,imputado,['publindex'],mediana_global,False,2,,,True,,2026-09-12
0124-0579,,2145-4531,Estudios Socio-Jurídicos,2022,C,Colombia,Distrito Capital,"Bogotá, D. C.","Bogotá, D.C.",11001,No registra,Derecho,Ciencias Sociales,COLEGIO MAYOR NUESTRA SENORA DEL ROSARIO,IES,,,297,2145-4531,estudios socio juridicos,CO,2026-09-12,consolidado,4ef89a14bb1dcfae,,,,,,,,,0,,,,,,,,,,,,,,,,,,,,,,,,,,,,,,,,,,,,,,,,,,,,,,,,,,,,,,,,,,,,,,,,,100.0,imputado,['publindex'],mediana_global,False,1,,,True,,2026-09-12
1794-8886,,1794-8886,Memorias,2022,C,Colombia,Caribe,Atlántico,Barranquilla,08001,Otras Ciencias Sociales,Otras Ciencias Sociales,Ciencias Sociales,FUNDACION UNIVERSIDAD DEL NORTE,IES,,,654,1794-8886,memorias,CO,2026-09-12,consolidado,b8782df24af97e2e,124.0,21100371223,journal,Universidad del Norte,True,True,0.135,Q2,3,6.0,18.0,77.0,919.0,18.0,70.0,0.24,51.06,0.5161,0.0,"2009, 2014-2025",History (Q2); Archeology (Q3); Archeology (arts and humanities) (Q3),Arts and Humanities; Social Sciences,,,,,,,,,,,,,,,,,,,,,,,,,,,,,,,,,,,,,,,,,,,,,,,,,,,,100.0,imputado,['publindex'],mediana_global,False,1,0.23376623376623376,0.14770240700218817,True,,2026-09-12
0121-3814,,2323-0126,"Tea Tecné, Episteme Y Didaxis",2022,B,Colombia,Distrito Capital,"Bogotá, D. C.","Bogotá, D.C.",11001,"Educación General (Incluye Capacitación, Pedagogía)",Ciencias de la Educación,Ciencias Sociales,UNIVERSIDAD PEDAGOGICA NACIONAL,IES,,,369,2323-0126,tea tecne episteme didaxis,CO,2026-09-12,consolidado,aa32f9f27e9c7180,,,,,,,,,0,,,,,,,,,,,,,,,,,,,,,,,,,,,,,,,,,,,,,,,,,,,,,,,,,,,,,,,,,,,,,,,,,100.0,imputado,['publindex'],mediana_global,False,2,,,True,,2026-09-12
0120-1751,,2389-8976,Revista Colombiana De Estadística,2022,C,Colombia,Distrito Capital,"Bogotá, D. C.","Bogotá, D.C.",11001,No registra,Matemática,Ciencias Naturales,UNIVERSIDAD NACIONAL DE COLOMBIA,IES,,,240,2389-8976,colombiana estadistica,CO,2026-09-12,consolidado,6a0b94140a69d326,,,,,,,,,0,,,,,,,,,,,,,,,,,,,,,,,,,,,,,,,,,,,,,,,,,,,,,,,,,,,,,,,,,,,,,,,,,100.0,imputado,['publindex'],mediana_global,False,1,,,True,,2026-09-12
1909-8367,,2539-4169,Entre Ciencia E Ingenieria,2022,C,Colombia,Eje Cafetero,Risaralda,Pereira,66001,Otras Ingenierías y Tecnologías,Otras Ingenierías y Tecnologías,Ingeniería y Tecnología,UNIVERSIDAD CATOLICA DE PEREIRA,IES,,,985,2539-4169,entre ciencia e ingenieria,CO,2026-09-12,consolidado,245a384d1cedcd5a,,,,,,,,,0,,,,,,,,,,,,,,,,,,,,,,,,,,,,,,,,,,,,,,,,,,,,,,,,,,,,,,,,,,,,,,,,,100.0,imputado,['publindex'],mediana_global,False,1,,,True,,2026-09-12
1657-6527,,2145-8502,"Fuentes, El Reventón Energético",2022,C,Colombia,Centro Oriente,Santander,Bucaramanga,68001,Otras Ingenierías y Tecnologías,Otras Ingenierías y Tecnologías,Ingeniería y Tecnología,UNIVERSIDAD INDUSTRIAL DE SANTANDER,IES,,,930,2145-8502,fuentes reventon energetico,CO,2026-09-12,consolidado,c23e8d54e566b81a,119.0,21100934789,journal,Universidad Industrial de Santander,True,True,0.14,Q4,1,6.0,7.0,49.0,249.0,17.0,44.0,0.41,35.57,0.1818,0.0,2019-2025,Energy (miscellaneous) (Q4); Physical and Theoretical Chemistry (Q4),Chemistry; Energy,,,,,,,,,,,,,,,,,,,,,,,,,,,,,,,,,,,,,,,,,,,,,,,,,,,,100.0,imputado,['publindex'],mediana_global,False,1,0.3469387755102041,0.15317286652078776,True,,2026-09-12
0122-7483,,2027-1352,Universitas Scientiarum,2022,B,Colombia,Distrito Capital,"Bogotá, D. C.","Bogotá, D.C.",11001,No registra,Matemática,Ciencias Naturales,PONTIFICIA UNIVERSIDAD JAVERIANA,IES,,,31,2027-1352,universitas scientiarum,CO,2026-09-12,consolidado,046d4fe6adab2b1a,45.0,19700166903,journal,Pontificia Universidad Javeriana,True,True,0.205,Q3,2,17.0,39.0,45.0,607.0,41.0,45.0,1.0,15.56,0.42200000000000004,0.0,2009-2025,Multidisciplinary (Q3),Multidisciplinary,,,,,,,,,,,,,,,,,,,,,,,,,,,,,,,,,,,,,,,,,,,,,,,,,,,,100.0,imputado,['publindex'],mediana_global,False,2,0.9111111111111111,0.22428884026258203,True,,2026-09-12
2145-6054,,2256-2796,Revista Jurídica Mario Alario D´ Filippo,2022,C,Colombia,Caribe,Bolívar,Cartagena de Indias,13001,No registra,Derecho,Ciencias Sociales,UNIVERSIDAD DE CARTAGENA,IES,,,853,2256-2796,juridica mario alario d filippo,CO,2026-09-12,consolidado,bc9b2af88a104827,,,,,,,,,0,,,,,,,,,,,,,,,,,,,,,,,,,,,,,,,,,,,,,,,,,,,,,,,,,,,,,,,,,,,,,,,,,100.0,imputado,['publindex'],mediana_global,False,1,,,True,,2026-09-12
0120-4807,,,Universitas Humanística,2022,B,No disponible,No disponible,No disponible,No disponible,,No registra,Sociología,Ciencias Sociales,PONTIFICIA UNIVERSIDAD JAVERIANA,IES,,,448,0120-4807,universitas humanistica,,2026-09-12,consolidado,0fdb7bc41691fb92,,,,,,,,,0,,,,,,,,,,,,,,http://revistas.javeriana.edu.co/index.php/univhumanistica/index,https://doaj.org/toc/6f843b032b7e4275bfd3c560964def46,1971,,0120-4807,2011-2734,['ethnography' 'situated knowledge' 'global south' 'critical perspectives'],['Spanish' 'Portuguese' 'English'],Colombia,"Pontificia Universidad Javeriana, Facultad de Ciencias Sociales",,CC BY,,http://revistas.javeriana.edu.co/index.php/univhumanistica/about/submissions#copyrightNotice,True,True,http://revistas.javeriana.edu.co/index.php/univhumanistica/about/submissions#copyrightNotice,Double anonymous peer review,http://revistas.javeriana.edu.co/index.php/univhumanistica/about/editorialPolicies#peerReviewProcess,False,http://revistas.javeriana.edu.co/index.php/univhumanistica/about/editorialPolicies#focusAndScope,http://revistas.javeriana.edu.co/index.php/univhumanistica/about/displayMembership/67,http://revistas.javeriana.edu.co/index.php/univhumanistica/about/submissions#authorGuidelines,16,False,http://revistas.javeriana.edu.co/index.php/univhumanistica/about/editorialPolicies#openAccessPolicy,False,,False,,,,,Open Policy Finder,,,True,,,GN1-890|HM401-1281,False,No,No,Geography. Anthropology. Recreation: Anthropology | Social Sciences: Sociology (General),2007-05-09,2022-08-17,2022-08-17,250,2015-03-12,,,100.0,imputado,['publindex'],mediana_global,False,2,,,False,False,2026-09-12
0120-2804,,2357-3791,Revista Colombiana De Química,2022,C,Colombia,Distrito Capital,"Bogotá, D. C.","Bogotá, D.C.",11001,No registra,Ciencias Químicas,Ciencias Naturales,UNIVERSIDAD NACIONAL DE COLOMBIA,IES,,,241,2357-3791,colombiana quimica,CO,2026-09-12,consolidado,1d95149fc2046d34,,,,,,,,,0,,,,,,,,,,,,,,,,,,,,,,,,,,,,,,,,,,,,,,,,,,,,,,,,,,,,,,,,,,,,,,,,,100.0,imputado,['publindex'],mediana_global,False,1,,,True,,2026-09-12
0122-6339,,2248-6798,Enunciación,2022,C,Colombia,Distrito Capital,"Bogotá, D. C.","Bogotá, D.C.",11001,No registra,Idiomas y Literatura,Humanidades,UNIVERSIDAD DISTRITAL FRANCISCO JOSE DE CALDAS,IES,,,294,2248-6798,enunciacion,CO,2026-09-12,consolidado,114fe75aea5728a0,,,,,,,,,0,,,,,,,,,,,,,,,,,,,,,,,,,,,,,,,,,,,,,,,,,,,,,,,,,,,,,,,,,,,,,,,,,100.0,imputado,['publindex'],mediana_global,False,1,,,True,,2026-09-12
0012-7353,,2346-2183,Dyna,2022,C,Colombia,Eje Cafetero,Antioquia,Medellín,05001,No registra,Otras Ingenierías y Tecnologías,Ingeniería y Tecnología,UNIVERSIDAD NACIONAL DE COLOMBIA,IES,,,210,2346-2183,dyna,CO,2026-09-12,consolidado,c668480e2fdde707,,,,,,,,,0,,,,,,,,,,,,,,,,,,,,,,,,,,,,,,,,,,,,,,,,,,,,,,,,,,,,,,,,,,,,,,,,,100.0,imputado,['publindex'],mediana_global,False,1,,,True,,2026-09-12
0120-4157,,2590-7379,Biomédica,2022,B,Colombia,Distrito Capital,"Bogotá, D. C.","Bogotá, D.C.",11001,No registra,Otras Ciencias Médicas,Ciencias Médicas y de la Salud,INSTITUTO NACIONAL DE SALUD,Centros,,,285,2590-7379,biomedica,CO,2026-09-12,consolidado,f985c13aba146e74,,,,,,,,,0,,,,,,,,,,,,,,,,,,,,,,,,,,,,,,,,,,,,,,,,,,,,,,,,,,,,,,,,,,,,,,,,,100.0,imputado,['publindex'],mediana_area,False,2,,,True,,2026-09-12
0120-386X,,2256-3334,Revista Facultad Nacional De Salud Publica,2022,B,Colombia,Eje Cafetero,Antioquia,Medellín,05001,No registra,Ciencias de la Salud,Ciencias Médicas y de la Salud,UNIVERSIDAD DE ANTIOQUIA,IES,,,64,2256-3334,facultad nacional salud publica,CO,2026-09-12,consolidado,969ec1ba67024b29,128.0,21101040207,journal,Universidad de Antioquia,True,True,0.134,Q4,1,17.0,31.0,113.0,1013.0,33.0,97.0,0.2,32.68,0.6207,0.0,2008-2026,"Epidemiology (Q4); Health Information Management (Q4); Health Policy (Q4); Public Health, Environmental and Occupational Health (Q4)",Health Professions; Medicine,,,,,,,,,,,,,,,,,,,,,,,,,,,,,,,,,,,,,,,,,,,,,,,,,,,,100.0,imputado,['publindex'],mediana_area,False,2,0.2920353982300885,0.14660831509846828,True,,2026-09-12
0366-5232,,2357-3759,Caldasia,2022,B,Colombia,Distrito Capital,"Bogotá, D. C.","Bogotá, D.C.",11001,Otras Biologías,Ciencias Biológicas,Ciencias Naturales,UNIVERSIDAD NACIONAL DE COLOMBIA,IES,,,72,2357-3759,caldasia,CO,2026-09-12,consolidado,e918abba345e839f,,,,,,,,,0,,,,,,,,,,,,,,,,,,,,,,,,,,,,,,,,,,,,,,,,,,,,,,,,,,,,,,,,,,,,,,,,,100.0,imputado,['publindex'],mediana_global,False,2,,,True,,2026-09-12
0121-5167,,2462-8433,Estudios Políticos,2022,B,Colombia,Eje Cafetero,Antioquia,Medellín,05001,Ciencias Políticas,Ciencias Políticas,Ciencias Sociales,UNIVERSIDAD DE ANTIOQUIA,IES,,,137,2462-8433,estudios politicos,CO,2026-09-12,consolidado,71d5ee6c7afc65c8,,,,,,,,,0,,,,,,,,,,,,,,,,,,,,,,,,,,,,,,,,,,,,,,,,,,,,,,,,,,,,,,,,,,,,,,,,,100.0,imputado,['publindex'],mediana_global,False,2,,,True,,2026-09-12
0120-0739,,2256-201X,Colombia Forestal,2022,B,Colombia,Distrito Capital,"Bogotá, D. C.","Bogotá, D.C.",11001,Forestal,"Agricultura, Silvicultura y Pesca",Ciencias Agrícolas,UNIVERSIDAD DISTRITAL FRANCISCO JOSE DE CALDAS,IES,,,35,2256-201X,colombia forestal,CO,2026-09-12,consolidado,f8410cd5b2887301,,,,,,,,,0,,,,,,,,,,,,,,,,,,,,,,,,,,,,,,,,,,,,,,,,,,,,,,,,,,,,,,,,,,,,,,,,,200.0,imputado,['publindex'],mediana_area,False,2,,,True,,2026-09-12
2011-0731,,2011-0731,Academia Y Virtualidad,2022,C,Colombia,Distrito Capital,"Bogotá, D. C.","Bogotá, D.C.",11001,No registra,Ciencias de la Educación,Ciencias Sociales,UNIVERSIDAD MILITAR NUEVA GRANADA,IES,,,657,2011-0731,academia virtualidad,CO,2026-09-12,consolidado,117c213d37b18d8d,,,,,,,,,0,,,,,,,,,,,,,,http://revistas.unimilitar.edu.co/index.php/ravi/index,https://doaj.org/toc/a1ef7bbf094543edb1f28824507efe4e,2013,,,2011-0731,['education' 'teaching' 'online learning'],['Spanish' 'English' 'Portuguese'],Colombia,Universidad Militar Nueva Granada,Colombia,CC BY-NC-ND,,https://revistas.unimilitar.edu.co/index.php/ravi/about,True,False,https://revistas.unimilitar.edu.co/index.php/ravi/about,Double anonymous peer review,https://revistas.unimilitar.edu.co/index.php/ravi/about,True,https://revistas.unimilitar.edu.co/index.php/ravi/about,https://revistas.unimilitar.edu.co/index.php/ravi/about/editorialTeam,https://revistas.unimilitar.edu.co/index.php/ravi/about/submissions,20,False,https://revistas.unimilitar.edu.co/index.php/ravi/about,False,,False,,Portico,,https://www.portico.org/coverage/titles/?keyword=2011-0731&filter_by%5B%5D=e-journal,Academia y Virtualidad,https://revistas.unimilitar.edu.co/index.php/ravi/about,DOI,True,,,L,False,No,No,Education,2017-03-06,2021-07-27,2021-07-27,333,2026-08-11,,,100.0,imputado,['publindex'],mediana_global,False,1,,,True,False,2026-09-12
2027-5137,,2322-777X,Historia Y Memoria,2022,A2,Colombia,Centro Oriente,Boyacá,Tunja,15001,No registra,Historia y Arqueología,Humanidades,UNIVERSIDAD PEDAGOGICA Y TECNOLOGICA DE COLOMBIA,IES,,,851,2322-777X,historia memoria,CO,2026-09-12,consolidado,01222c20aa5015c8,,,,,,,,,0,,,,,,,,,,,,,,,,,,,,,,,,,,,,,,,,,,,,,,,,,,,,,,,,,,,,,,,,,,,,,,,,,100.0,imputado,['publindex'],mediana_global,False,3,,,True,,2026-09-12
1900-1592,,,Conservacion Colombiana,2022,C,No disponible,No disponible,No disponible,No disponible,,No registra,No registra,No registra,,No disponible,,,744,1900-1592,conservacion colombiana,,2026-09-12,consolidado,1e4031d9cb011ff1,145.0,21100893284,journal,Fundacion ProAves Carrera,False,False,0.121,Q4,1,3.0,17.0,29.0,650.0,5.0,29.0,0.09,38.24,0.48840000000000006,0.0,"2018, 2022-2025","Ecology (Q4); Ecology, Evolution, Behavior and Systematics (Q4); Management, Monitoring, Policy and Law (Q4); Nature and Landscape Conservation (Q4)",Agricultural and Biological Sciences; Environmental Science,,,,,,,,,,,,,,,,,,,,,,,,,,,,,,,,,,,,,,,,,,,,,,,,,,,,100.0,imputado,['publindex'],mediana_global,False,1,0.1724137931034483,0.1323851203501094,False,,2026-09-12
0124-5821,,0124-5821,Revista Virtual Universidad Católica Del Norte,2022,B,Colombia,Eje Cafetero,Antioquia,Medellín,05001,"Ciencias Sociales, Interdisciplinaria",Otras Ciencias Sociales,Ciencias Sociales,FUNDACION UNIVERSITARIA CATOLICA DEL NORTE,IES,,,"1,320",0124-5821,virtual universidad catolica norte,CO,2026-09-12,consolidado,09e46bcfc98d7aa4,,,,,,,,,0,,,,,,,,,,,,,,http://revistavirtual.ucn.edu.co/index.php/RevistaUCN,https://doaj.org/toc/921f1ecd887643709f81f46dffb7b9f9,2003,,,0124-5821,['social sciences' 'education' 'humanities'],['Spanish'],Colombia,,,CC BY-NC-ND,,http://revistavirtual.ucn.edu.co/index.php/RevistaUCN/about/editorialPolicies#openAccessPolicy,,False,http://revistavirtual.ucn.edu.co/index.php/RevistaUCN/about/editorialPolicies#openAccessPolicy,Double anonymous peer review,http://revistavirtual.ucn.edu.co/index.php/RevistaUCN/about/editorialPolicies#peerReviewProcess,False,http://revistavirtual.ucn.edu.co/index.php/RevistaUCN/about/editorialPolicies#focusAndScope,http://revistavirtual.ucn.edu.co/index.php/RevistaUCN/about/editorialTeam,http://revistavirtual.ucn.edu.co/index.php/RevistaUCN/about/submissions#authorGuidelines,50,False,http://revistavirtual.ucn.edu.co/index.php/RevistaUCN/about/editorialPolicies#openAccessPolicy,False,,False,,,,,,,,True,,,L7-991|H1-99,False,No,No,Education: Education (General) | Social Sciences: Social sciences (General),2018-03-02,2021-02-11,2021-02-11,221,2026-06-03,,,100.0,imputado,['publindex'],mediana_global,False,2,,,True,False,2026-09-12
1900-5016,,2248-6011,Cuadernos Latinoamericanos De Administración,2022,C,Colombia,Distrito Capital,"Bogotá, D. C.","Bogotá, D.C.",11001,No registra,Economía y Negocios,Ciencias Sociales,UNIVERSIDAD EL BOSQUE,IES,,,"1,006",2248-6011,cuadernos latinoamericanos administracion,CO,2026-09-12,consolidado,eeac3d525a7b6fc1,,,,,,,,,0,,,,,,,,,,,,,,,,,,,,,,,,,,,,,,,,,,,,,,,,,,,,,,,,,,,,,,,,,,,,,,,,,100.0,imputado,['publindex'],mediana_global,False,1,,,True,,2026-09-12
0123-1472,,2500-6045,Cuadernos De Contabilidad,2022,C,Colombia,Distrito Capital,"Bogotá, D. C.","Bogotá, D.C.",11001,Negocios y Management,Economía y Negocios,Ciencias Sociales,PONTIFICIA UNIVERSIDAD JAVERIANA,IES,,,"1,130",2500-6045,cuadernos contabilidad,CO,2026-09-12,consolidado,a31a9c9821dba4ba,,,,,,,,,0,,,,,,,,,,,,,,,,,,,,,,,,,,,,,,,,,,,,,,,,,,,,,,,,,,,,,,,,,,,,,,,,,100.0,imputado,['publindex'],mediana_global,False,1,,,True,,2026-09-12
1900-6586,,2500-7645,"Revista Científica ""General José María Córdova""",2022,B,Colombia,Distrito Capital,"Bogotá, D. C.","Bogotá, D.C.",11001,"Ciencias Sociales, Interdisciplinaria",Otras Ciencias Sociales,Ciencias Sociales,ESCUELA MILITAR DE CADETES GENERAL JOSE MARIA CORDOVA,IES,,,"1,037",2500-7645,cientifica general jose maria cordova,CO,2026-09-12,consolidado,db24c651d2072073,,,,,,,,,0,,,,,,,,,,,,,,,,,,,,,,,,,,,,,,,,,,,,,,,,,,,,,,,,,,,,,,,,,,,,,,,,,100.0,imputado,['publindex'],mediana_global,False,2,,,True,,2026-09-12
2590-9215,,2590-9215,Revista Perspectivas,2022,C,Colombia,Centro Oriente,Norte de Santander,Cúcuta,54001,"Ciencias Sociales, Interdisciplinaria",Otras Ciencias Sociales,Ciencias Sociales,UNIVERSIDAD FRANCISCO DE PAULA SANTANDER,IES,,,"1,008",2590-9215,perspectivas,CO,2026-09-12,consolidado,aebd6b719463148c,,,,,,,,,0,,,,,,,,,,,,,,https://revistas.ufps.edu.co/index.php/perspectivas,https://doaj.org/toc/f51d7a6855504ffa929446e2ff1ebe82,2016,,,2590-9215,['education' 'social sciences' 'pedagogy'],['Spanish'],Colombia,Universidad Francisco de Paula Santander,,CC BY,,http://revistas.ufps.edu.co/ojs/index.php/perspectivas/index,,False,,Double anonymous peer review,http://revistas.ufps.edu.co/ojs/index.php/perspectivas/about/editorialPolicies#sectionPolicies,False,http://revistas.ufps.edu.co/ojs/index.php/perspectivas/about/editorialPolicies#focusAndScope,http://revistas.ufps.edu.co/ojs/index.php/perspectivas/about/editorialPolicies#custom-0,http://revistas.ufps.edu.co/ojs/index.php/perspectivas/about/submissions#authorGuidelines,18,False,http://revistas.ufps.edu.co/ojs/index.php/perspectivas/about/editorialPolicies#openAccessPolicy,False,,False,,,,,,,DOI,True,,,L7-991|H1-99,False,No,No,Education: Education (General) | Social Sciences: Social sciences (General),2018-05-16,2021-11-02,2021-11-02,135,2026-06-23,,,100.0,imputado,['publindex'],mediana_global,False,1,,,True,False,2026-09-12
0122-8102,,2346-1691,Cuadernos De Literatura,2022,C,No disponible,No disponible,No disponible,No disponible,,No registra,Idiomas y Literatura,Humanidades,PONTIFICIA UNIVERSIDAD JAVERIANA,IES,,,"1,047",2346-1691,cuadernos literatura,,2026-09-12,consolidado,ff19ed1ded99bc44,,,,,,,,,0,,,,,,,,,,,,,,,,,,,,,,,,,,,,,,,,,,,,,,,,,,,,,,,,,,,,,,,,,,,,,,,,,100.0,imputado,['publindex'],mediana_global,False,1,,,False,,2026-09-12
0120-3347,,2145-4604,Revista Colombiana De Anestesiología,2022,C,Colombia,Distrito Capital,"Bogotá, D. C.","Bogotá, D.C.",11001,Anestesiología,Medicina Clínica,Ciencias Médicas y de la Salud,SOCIEDAD COLOMBIANA DE ANESTESIOLOGIA Y REANIMACION S C A R E,Otras,,,84,2145-4604,colombiana anestesiologia,CO,2026-09-12,consolidado,ef0f1188ea576036,,,,,,,,,0,,,,,,,,,,,,,,,,,,,,,,,,,,,,,,,,,,,,,,,,,,,,,,,,,,,,,,,,,,,,,,,,,100.0,imputado,['publindex'],mediana_area,False,1,,,True,,2026-09-12
0120-8160,,2590-521X,Revista Escuela De Administración De Negocios,2022,B,Colombia,Distrito Capital,"Bogotá, D. C.","Bogotá, D.C.",11001,Negocios y Management,Economía y Negocios,Ciencias Sociales,UNIVERSIDAD EAN,IES,,,3,2590-521X,escuela administracion negocios,CO,2026-09-12,consolidado,6aac4b755eb5d207,,,,,,,,,0,,,,,,,,,,,,,,,,,,,,,,,,,,,,,,,,,,,,,,,,,,,,,,,,,,,,,,,,,,,,,,,,,100.0,imputado,['publindex'],mediana_global,False,2,,,True,,2026-09-12
1900-4699,,2500-5316,Revista Facultad De Ciencias Básicas,2022,C,Colombia,Distrito Capital,"Bogotá, D. C.","Bogotá, D.C.",11001,No registra,Ciencias Biológicas,Ciencias Naturales,UNIVERSIDAD MILITAR NUEVA GRANADA,IES,,,206,2500-5316,facultad ciencias basicas,CO,2026-09-12,consolidado,c53605ed921924bc,,,,,,,,,0,,,,,,,,,,,,,,,,,,,,,,,,,,,,,,,,,,,,,,,,,,,,,,,,,,,,,,,,,,,,,,,,,100.0,imputado,['publindex'],mediana_global,False,1,,,True,,2026-09-12
1900-0642,,2323-0886,Criterio Libre,2022,C,Colombia,Distrito Capital,"Bogotá, D. C.","Bogotá, D.C.",11001,Economía,Economía y Negocios,Ciencias Sociales,UNIVERSIDAD LIBRE DE COLOMBIA,IES,,,320,2323-0886,criterio libre,CO,2026-09-12,consolidado,b703abeeec47d14c,,,,,,,,,0,,,,,,,,,,,,,,,,,,,,,,,,,,,,,,,,,,,,,,,,,,,,,,,,,,,,,,,,,,,,,,,,,100.0,imputado,['publindex'],mediana_global,False,1,,,True,,2026-09-12
0124-6542,,2389-7732,Modulo Arquitectura- Cuc,2022,B,Colombia,Caribe,Atlántico,Barranquilla,08001,Arquitectura y Urbanismo,Arte,Humanidades,CORPORACION UNIVERSIDAD DE LA COSTA,IES,,,801,2389-7732,modulo arquitectura cuc,CO,2026-09-12,consolidado,9c851c52b4f7a09e,139.0,21101032724,journal,Universidad de la Costa,False,False,0.126,Q2,3,4.0,16.0,48.0,742.0,13.0,48.0,0.24,46.38,0.4138,0.0,2019-2025,Visual Arts and Performing Arts (Q2); Arts and Humanities (miscellaneous) (Q3); Architecture (Q4); Urban Studies (Q4),Arts and Humanities; Engineering; Social Sciences,,,,,,,,,,,,,,,,,,,,,,,,,,,,,,,,,,,,,,,,,,,,,,,,,,,,100.0,imputado,['publindex'],mediana_global,False,2,0.2708333333333333,0.13785557986870897,True,,2026-09-12
0122-8285,,2027-534X,Palabra Clave,2022,A2,Colombia,Centro Oriente,Cundinamarca,Chía,25175,Medios y Comunicación Social,Periodismo y Comunicaciones,Ciencias Sociales,UNIVERSIDAD DE LA SABANA,IES,,,125,2027-534X,palabra clave,CO,2026-09-12,consolidado,43a59f2dfce3c7c9,,,,,,,,,0,,,,,,,,,,,,,,,,,,,,,,,,,,,,,,,,,,,,,,,,,,,,,,,,,,,,,,,,,,,,,,,,,100.0,imputado,['publindex'],mediana_global,False,3,,,True,,2026-09-12
0120-4874,,2357-6308,Medicina Upb,2022,C,Colombia,Eje Cafetero,Antioquia,Medellín,05001,Medicina General e Interna,Medicina Clínica,Ciencias Médicas y de la Salud,UNIVERSIDAD PONTIFICIA BOLIVARIANA,IES,,,"1,117",2357-6308,medicina upb,CO,2026-09-12,consolidado,042a86e6ddc44889,,,,,,,,,0,,,,,,,,,,,,,,https://revistas.upb.edu.co/index.php/medicina,https://doaj.org/toc/bb8b4f7f20e44eb0bf520751a83811a4,2013,,,2357-6308,"['clinical medicine' 'nursing' 'adult health' ""children's health""
 ""women's health""]",['English' 'Spanish'],Colombia,,,CC BY-NC-ND,,https://revistas.upb.edu.co/index.php/medicina/about,,True,https://revistas.upb.edu.co/index.php/medicina/about/submissions,Anonymous peer review,https://revistas.upb.edu.co/index.php/medicina/about,False,https://revistas.upb.edu.co/index.php/medicina,https://revistas.upb.edu.co/index.php/medicina/about/editorialTeam,https://revistas.upb.edu.co/index.php/medicina/directrices,22,False,https://revistas.upb.edu.co/index.php/medicina,False,,False,,,,,Publisher's own site,https://revistas.upb.edu.co/index.php/medicina/about/submissions,DOI,True,,,R5-920,False,No,No,Medicine: Medicine (General),2021-07-12,2021-07-12,2021-07-12,192,2026-04-06,,,100.0,imputado,['publindex'],mediana_area,False,1,,,True,False,2026-09-12
0121-0793,,2011-7965,Iatreia,2022,C,Colombia,Eje Cafetero,Antioquia,Medellín,05001,No registra,Medicina Clínica,Ciencias Médicas y de la Salud,UNIVERSIDAD DE ANTIOQUIA,IES,,,75,2011-7965,iatreia,CO,2026-09-12,consolidado,00dce6b69a9887db,,,,,,,,,0,,,,,,,,,,,,,,,,,,,,,,,,,,,,,,,,,,,,,,,,,,,,,,,,,,,,,,,,,,,,,,,,,100.0,imputado,['publindex'],mediana_area,False,1,,,True,,2026-09-12
0124-8693,,2539-0554,Tendencias,2022,C,Colombia,Pacífico,Nariño,Pasto,52001,Economía,Economía y Negocios,Ciencias Sociales,UNIVERSIDAD DE NARINO,IES,,,629,2539-0554,tendencias,CO,2026-09-12,consolidado,da5d0690fbdae426,,,,,,,,,0,,,,,,,,,,,,,,,,,,,,,,,,,,,,,,,,,,,,,,,,,,,,,,,,,,,,,,,,,,,,,,,,,100.0,imputado,['publindex'],mediana_global,False,1,,,True,,2026-09-12
1909-3063,,1909-7743,"Revista De Relaciones Internacionales, Estrategia Y Seguridad",2022,C,Colombia,Distrito Capital,"Bogotá, D. C.","Bogotá, D.C.",11001,No registra,Ciencias Políticas,Ciencias Sociales,UNIVERSIDAD MILITAR NUEVA GRANADA,IES,,,918,1909-7743,relaciones internacionales estrategia seguridad,CO,2026-09-12,consolidado,f43e13730ec28fe4,,,,,,,,,0,,,,,,,,,,,,,,,,,,,,,,,,,,,,,,,,,,,,,,,,,,,,,,,,,,,,,,,,,,,,,,,,,100.0,imputado,['publindex'],mediana_global,False,1,,,True,,2026-09-12
,,1657-9534,Colombia Médica,2022,B,Colombia,Pacífico,Valle del Cauca,Cali,76001,No registra,Medicina Clínica,Ciencias Médicas y de la Salud,UNIVERSIDAD DEL VALLE,IES,,,95,1657-9534,colombia medica,CO,2026-09-12,consolidado,43db03518647d496,63.0,99288,journal,Facultad de Salud de la Universidad del Valle,True,True,0.188,Q4,1,30.0,18.0,87.0,534.0,88.0,70.0,1.16,29.67,0.494,0.0,"1946, 1990, 1996-2002, 2004-2025",Medicine (miscellaneous) (Q4),Medicine,,,,,,,,,,,,,,,,,,,,,,,,,,,,,,,,,,,,,,,,,,,,,,,,,,,,100.0,imputado,['publindex'],mediana_area,False,2,1.0114942528735633,0.20568927789934355,True,,2026-09-12
0120-3584,,1900-7760,Desarrollo Y Sociedad,2022,A2,Colombia,Distrito Capital,"Bogotá, D. C.","Bogotá, D.C.",11001,No registra,Economía y Negocios,Ciencias Sociales,UNIVERSIDAD DE LOS ANDES,IES,,,117,1900-7760,desarrollo sociedad,CO,2026-09-12,consolidado,9d85fdafe532faab,,,,,,,,,0,,,,,,,,,,,,,,,,,,,,,,,,,,,,,,,,,,,,,,,,,,,,,,,,,,,,,,,,,,,,,,,,,100.0,imputado,['publindex'],mediana_global,False,3,,,True,,2026-09-12
2216-0159,,2462-8603,Praxis & Saber,2022,B,Colombia,Centro Oriente,Boyacá,Tunja,15001,No registra,Ciencias de la Educación,Ciencias Sociales,UNIVERSIDAD PEDAGOGICA Y TECNOLOGICA DE COLOMBIA,IES,,,14,2462-8603,praxis saber,CO,2026-09-12,consolidado,07464765f4fd72cb,,,,,,,,,0,,,,,,,,,,,,,,https://revistas.uptc.edu.co/index.php/praxis_saber,https://doaj.org/toc/b4d45765621947fcacf67d3860d2cc27,2010,,,2462-8603,"['education' 'pedagogy' 'didactics' 'teaching' 'culture'
 'teacher training']",['Portuguese' 'Spanish' 'English'],Colombia,,,CC BY-NC-ND,,https://revistas.uptc.edu.co/index.php/praxis_saber/derechos_de_autor_y_licencia,True,True,https://revistas.uptc.edu.co/index.php/praxis_saber/derechos_de_autor_y_licencia,Double anonymous peer review,https://revistas.uptc.edu.co/index.php/praxis_saber/evaluacion_por_pares,True,"https://revistas.uptc.edu.co/index.php/praxis_saber/about#:~:text=N%C3%BAm.%2040%20(2024)-,Enfoque/alcance,-Praxis%20%26%20Saber%C2%A0es",https://revistas.uptc.edu.co/index.php/praxis_saber/about/editorialTeam,https://revistas.uptc.edu.co/index.php/praxis_saber/normas_para_publicacion,16,False,https://revistas.uptc.edu.co/index.php/praxis_saber/cargo_para_los_autores,False,,False,,PKP PN,,https://portal.issn.org/resource/ISSN/2462-8603,,,DOI,True,,,LC8-6691,False,No,No,Education: Special aspects of education,2025-04-01,2025-04-01,2025-04-01,580,2026-06-04,,,100.0,imputado,['publindex'],mediana_global,False,2,,,True,False,2026-09-12
2215-8944,,,Academia & Derecho,2022,B,Colombia,Centro Oriente,Norte de Santander,Cúcuta,54001,No registra,Derecho,Ciencias Sociales,UNIVERSIDAD LIBRE DE COLOMBIA,IES,,,62,2215-8944,academia derecho,CO,2026-09-12,consolidado,96e5dc114e2bad99,,,,,,,,,0,,,,,,,,,,,,,,,,,,,,,,,,,,,,,,,,,,,,,,,,,,,,,,,,,,,,,,,,,,,,,,,,,100.0,imputado,['publindex'],mediana_global,False,2,,,True,,2026-09-12
2215-9185,,2215-9185,Ces Odontología,2022,C,Colombia,Eje Cafetero,Antioquia,Medellín,05001,"Odontología, Cirugía Oral y Medicina Oral",Medicina Clínica,Ciencias Médicas y de la Salud,UNIVERSIDAD CES,IES,,,946,2215-9185,ces odontologia,CO,2026-09-12,consolidado,18f49d3d88eca566,,,,,,,,,0,,,,,,,,,,,,,,,,,,,,,,,,,,,,,,,,,,,,,,,,,,,,,,,,,,,,,,,,,,,,,,,,,100.0,imputado,['publindex'],mediana_area,False,1,,,True,,2026-09-12
1900-9178,,,"Revista Ambiental Agua, Aire Y Suelo",2022,C,Colombia,Centro Oriente,Norte de Santander,Pamplona,54518,No registra,Ingeniería Ambiental,Ingeniería y Tecnología,UNIVERSIDAD DE PAMPLONA,IES,,,"1,031",1900-9178,ambiental agua aire suelo,CO,2026-09-12,consolidado,1d530d28ab3d1bce,,,,,,,,,0,,,,,,,,,,,,,,,,,,,,,,,,,,,,,,,,,,,,,,,,,,,,,,,,,,,,,,,,,,,,,,,,,100.0,imputado,['publindex'],mediana_global,False,1,,,True,,2026-09-12
0123-4986,,2256-5493,Trabajo Social,2022,C,Colombia,Distrito Capital,"Bogotá, D. C.","Bogotá, D.C.",11001,Trabajo Social,Sociología,Ciencias Sociales,UNIVERSIDAD NACIONAL DE COLOMBIA,IES,,,371,2256-5493,trabajo social,CO,2026-09-12,consolidado,4d183d8f7dfbab62,,,,,,,,,0,,,,,,,,,,,,,,,,,,,,,,,,,,,,,,,,,,,,,,,,,,,,,,,,,,,,,,,,,,,,,,,,,100.0,imputado,['publindex'],mediana_global,False,1,,,True,,2026-09-12
1692-7257,,,Revista Colombiana De Tecnologías De Avanzada,2022,B,Colombia,Centro Oriente,Norte de Santander,Pamplona,54518,No registra,"Ingenierías Eléctrica, Electrónica e Informática",Ingeniería y Tecnología,UNIVERSIDAD DE PAMPLONA,IES,,,481,1692-7257,colombiana tecnologias avanzada,CO,2026-09-12,consolidado,f8860b31dc6b2643,,,,,,,,,0,,,,,,,,,,,,,,https://ojs.unipamplona.edu.co/index.php/rcta/es,https://doaj.org/toc/43762e7ff12a430ba3a1c4c0fe174c55,2011,,1692-7257,2500-8625,"['telecommunications' 'control and automation'
 'artificial intelligence and robotics' 'electronic devices and circuits'
 'software engineering and simulation' 'electrical engineering']",['English' 'Spanish'],Colombia,,,CC BY-NC,,https://ojs.unipamplona.edu.co/index.php/rcta/es/licenciacreativecommons,True,True,https://ojs.unipamplona.edu.co/index.php/rcta/es/derechosautorpropiedadintelectual,Double anonymous peer review,https://ojs.unipamplona.edu.co/index.php/rcta/es/procesorevision,True,https://ojs.unipamplona.edu.co/index.php/rcta/es/about,https://ojs.unipamplona.edu.co/index.php/rcta/es/equipoeditorial,https://ojs.unipamplona.edu.co/index.php/rcta/es/directricesautor,26,False,https://ojs.unipamplona.edu.co/index.php/rcta/es/about,False,,False,,Repositorio Institucional DSpace Hulago,,http://repositoriodspace.unipamplona.edu.co/jspui/handle/20.500.12744/42?offset=20,,,DOI,True,,,T1-995,False,No,No,Technology: Technology (General),2025-10-28,2025-10-28,2025-10-28,88,2026-08-05,,,100.0,imputado,['publindex'],mediana_global,False,2,,,True,False,2026-09-12
0122-2066,,2145-8499,Anuario De Historia Regional Y De Las Fronteras,2022,C,Colombia,Centro Oriente,Santander,Bucaramanga,68001,Historia,Historia y Arqueología,Humanidades,UNIVERSIDAD INDUSTRIAL DE SANTANDER,IES,,,955,2145-8499,anuario historia regional fronteras,CO,2026-09-12,consolidado,b9e3ca1ba9bc0573,,,,,,,,,0,,,,,,,,,,,,,,,,,,,,,,,,,,,,,,,,,,,,,,,,,,,,,,,,,,,,,,,,,,,,,,,,,100.0,imputado,['publindex'],mediana_global,False,1,,,True,,2026-09-12
2011-4532,,2463-1469,Eleuthera,2022,C,Colombia,Eje Cafetero,Caldas,Manizales,17001,No registra,Sociología,Ciencias Sociales,UNIVERSIDAD DE CALDAS,IES,,,"1,055",2463-1469,eleuthera,CO,2026-09-12,consolidado,0a7c6587e4e29f28,,,,,,,,,0,,,,,,,,,,,,,,,,,,,,,,,,,,,,,,,,,,,,,,,,,,,,,,,,,,,,,,,,,,,,,,,,,100.0,imputado,['publindex'],mediana_global,False,1,,,True,,2026-09-12
0124-7913,,2027-145X,Bitácora Urbano Territorial,2022,A2,Colombia,Distrito Capital,"Bogotá, D. C.","Bogotá, D.C.",11001,Arquitectura y Urbanismo,Arte,Humanidades,,No disponible,,,"1,293",2027-145X,bitacora urbano territorial,CO,2026-09-12,consolidado,6f595ded35903965,,,,,,,,,0,,,,,,,,,,,,,,,,,,,,,,,,,,,,,,,,,,,,,,,,,,,,,,,,,,,,,,,,,,,,,,,,,100.0,imputado,['publindex'],mediana_global,False,3,,,True,,2026-09-12
0120-8454,,2145-9169,Análisis,2022,B,Colombia,Distrito Capital,"Bogotá, D. C.","Bogotá, D.C.",11001,No registra,Otras Humanidades,Humanidades,UNIVERSIDAD SANTO TOMAS,IES,,,710,2145-9169,analisis,CO,2026-09-12,consolidado,2f2e3375501037d5,,,,,,,,,0,,,,,,,,,,,,,,,,,,,,,,,,,,,,,,,,,,,,,,,,,,,,,,,,,,,,,,,,,,,,,,,,,100.0,imputado,['publindex'],mediana_global,False,2,,,True,,2026-09-12
2011-7531,,2011-7531,Salud Uninorte,2022,C,Colombia,Caribe,Atlántico,Barranquilla,08001,No registra,Ciencias de la Salud,Ciencias Médicas y de la Salud,FUNDACION UNIVERSIDAD DEL NORTE,IES,,,661,2011-7531,salud uninorte,CO,2026-09-12,consolidado,43ba29d42f1ed0b9,91.0,19400157258,journal,Universidad del Norte,True,True,0.155,Q4,1,16.0,65.0,207.0,2210.0,58.0,192.0,0.32,34.0,0.5389,0.0,"2002-2003, 2005-2026",Medicine (miscellaneous) (Q4),Medicine,http://rcientificas.uninorte.edu.co/index.php/salud/,https://doaj.org/toc/c6c9d9cf1f35434d984c30c2771e117a,1984,,,2011-7531,"['public health' 'medicine' 'occupational health' 'health education'
 'nursing']",['Spanish' 'English'],Colombia,"Universidad del Norte, División de Ciencias de la Salud",,CC BY,,http://rcientificas.uninorte.edu.co/index.php/salud/about/editorialPolicies#custom2,,False,,Anonymous peer review,http://rcientificas.uninorte.edu.co/index.php/salud/about/editorialPolicies#peerReviewProcess,False,http://rcientificas.uninorte.edu.co/index.php/salud/about/editorialPolicies#focusAndScope,http://rcientificas.uninorte.edu.co/index.php/salud/about/editorialTeam,http://rcientificas.uninorte.edu.co/index.php/salud/about/submissions#authorGuidelines,12,False,http://rcientificas.uninorte.edu.co/index.php/salud/about/editorialPolicies#custom1,False,,False,,,,,,,,True,,,R|RT1-120|RA1-1270,False,No,No,Medicine: Nursing | Medicine: Public aspects of medicine,2018-01-05,2022-10-04,2022-10-04,715,2022-07-14,,,100.0,imputado,['publindex'],mediana_area,False,1,0.28019323671497587,0.16958424507658643,True,True,2026-09-12
1692-2522,,2248-4086,Anagramas : Rumbos Y Sentidos De La Comunicación,2022,C,No disponible,No disponible,No disponible,No disponible,,Medios y Comunicación Social,Periodismo y Comunicaciones,Ciencias Sociales,UNIVERSIDAD DE MEDELLIN,IES,,,484,2248-4086,anagramas rumbos sentidos comunicacion,,2026-09-12,consolidado,8ed8b74625e283e7,,,,,,,,,0,,,,,,,,,,,,,,,,,,,,,,,,,,,,,,,,,,,,,,,,,,,,,,,,,,,,,,,,,,,,,,,,,100.0,imputado,['publindex'],mediana_global,False,1,,,False,,2026-09-12
2216-0353,,2216-0388,MUNDO FESC,2022,C,Colombia,Centro Oriente,Norte de Santander,Cúcuta,54001,Otras Ingenierías y Tecnologías,Otras Ingenierías y Tecnologías,Ingeniería y Tecnología,FUNDACION DE ESTUDIOS SUPERIORES COMFANORTE,IES,,,593,2216-0388,mundo fesc,CO,2026-09-12,consolidado,5ee5586a1d4ba5e2,,,,,,,,,0,,,,,,,,,,,,,,,,,,,,,,,,,,,,,,,,,,,,,,,,,,,,,,,,,,,,,,,,,,,,,,,,,100.0,imputado,['publindex'],mediana_global,False,1,,,True,,2026-09-12
0122-4409,,,Papel Político,2022,C,Colombia,Distrito Capital,"Bogotá, D. C.","Bogotá, D.C.",11001,No registra,Ciencias Políticas,Ciencias Sociales,PONTIFICIA UNIVERSIDAD JAVERIANA,IES,,,649,0122-4409,papel politico,CO,2026-09-12,consolidado,b26f5cff4801d4f4,,,,,,,,,0,,,,,,,,,,,,,,,,,,,,,,,,,,,,,,,,,,,,,,,,,,,,,,,,,,,,,,,,,,,,,,,,,100.0,imputado,['publindex'],mediana_global,False,1,,,True,,2026-09-12
1012-8255,,,ACADEMIA. REVISTA LATINOAMERICANA DE ADMINISTRACIÓN,2022,C,Colombia,Distrito Capital,"Bogotá, D. C.","Bogotá, D.C.",11001,No registra,Otras Humanidades,Humanidades,,No disponible,,,5,1012-8255,academia latinoamericana administracion,CO,2026-09-12,consolidado,ec55f5985e1ba0cb,,,,,,,,,0,,,,,,,,,,,,,,,,,,,,,,,,,,,,,,,,,,,,,,,,,,,,,,,,,,,,,,,,,,,,,,,,,100.0,imputado,['publindex'],mediana_global,False,1,,,True,,2026-09-12
0121-8123,,2027-9000,Revista Colombiana De Reumatología,2022,C,Colombia,Distrito Capital,"Bogotá, D. C.","Bogotá, D.C.",11001,Reumatología,Medicina Clínica,Ciencias Médicas y de la Salud,ASOCIACION COLOMBIANA DE REUMATOLOGIA,Otras,,,"1,324",2027-9000,colombiana reumatologia,CO,2026-09-12,consolidado,1133b0feaa5c29f2,,,,,,,,,0,,,,,,,,,,,,,,,,,,,,,,,,,,,,,,,,,,,,,,,,,,,,,,,,,,,,,,,,,,,,,,,,,100.0,imputado,['publindex'],mediana_area,False,1,,,True,,2026-09-12
2215-9177,,2215-9177,Ces Medicina,2022,C,Colombia,Eje Cafetero,Antioquia,Medellín,05001,No registra,Medicina Clínica,Ciencias Médicas y de la Salud,UNIVERSIDAD CES,IES,,,945,2215-9177,ces medicina,CO,2026-09-12,consolidado,73e0a6095d4f6410,,,,,,,,,0,,,,,,,,,,,,,,,,,,,,,,,,,,,,,,,,,,,,,,,,,,,,,,,,,,,,,,,,,,,,,,,,,100.0,imputado,['publindex'],mediana_area,False,1,,,True,,2026-09-12
0123-885X,,1900-5180,Revista De Estudios Sociales,2022,A1,Colombia,Distrito Capital,"Bogotá, D. C.","Bogotá, D.C.",11001,No registra,Sociología,Ciencias Sociales,UNIVERSIDAD DE LOS ANDES,IES,,,20,1900-5180,estudios sociales,CO,2026-09-12,consolidado,dc9361c005431a5f,18.0,5600155076,journal,"Universidad de los Andes, Colombia",True,True,0.279,Q1,4,22.0,36.0,95.0,1913.0,101.0,95.0,1.0,53.14,0.3846,0.0,"2007, 2009-2026",Cultural Studies (Q1); History (Q1); Arts and Humanities (miscellaneous) (Q2); Gender Studies (Q2); Social Sciences (miscellaneous) (Q2); Sociology and Political Science (Q3),Arts and Humanities; Social Sciences,,,,,,,,,,,,,,,,,,,,,,,,,,,,,,,,,,,,,,,,,,,,,,,,,,,,100.0,imputado,['publindex'],mediana_global,False,4,1.063157894736842,0.3052516411378556,True,,2026-09-12
0120-4823,,2027-2731,Signo Y Pensamiento,2022,B,Colombia,Distrito Capital,"Bogotá, D. C.","Bogotá, D.C.",11001,No registra,Periodismo y Comunicaciones,Ciencias Sociales,PONTIFICIA UNIVERSIDAD JAVERIANA,IES,PONTIFICIA UNIVERSIDAD JAVERIANA PUJ SEDE CALI,,120,2027-2731,signo pensamiento,CO,2026-09-12,consolidado,d65d12c81fba7085,,,,,,,,,0,,,,,,,,,,,,,,,,,,,,,,,,,,,,,,,,,,,,,,,,,,,,,,,,,,,,,,,,,,,,,,,,,100.0,imputado,['publindex'],mediana_global,False,2,,,True,,2026-09-12
2145-5147,,2145-5147,Desarrollo Gerencial,2022,B,Colombia,Caribe,Atlántico,Barranquilla,08001,Negocios y Management,Economía y Negocios,Ciencias Sociales,UNIVERSIDAD SIMON BOLIVAR,IES,,,"1,171",2145-5147,desarrollo gerencial,CO,2026-09-12,consolidado,c9cc16e76253c04d,,,,,,,,,0,,,,,,,,,,,,,,http://revistas.unisimon.edu.co/index.php/desarrollogerencial,https://doaj.org/toc/54d1df90858a47e59b7b929e4d2d6690,2009,"Revista de la Facultad de Ciencias Económicas, Administrativas y Contables",,2145-5147,['innovation' 'entrepreneurship' 'leadership' 'management' 'human capital'],['Spanish'],Colombia,Universidad Simón Bolivar,,CC BY,,http://revistas.unisimon.edu.co/index.php/desarrollogerencial/politica_abierta,,False,,Double anonymous peer review,http://revistas.unisimon.edu.co/index.php/desarrollogerencial/proceso_revision,True,http://revistas.unisimon.edu.co/index.php/desarrollogerencial/about,http://revistas.unisimon.edu.co/index.php/desarrollogerencial/about/editorialTeam,http://revistas.unisimon.edu.co/index.php/desarrollogerencial/instrucciones_autores,20,False,http://revistas.unisimon.edu.co/index.php/desarrollogerencial/politica_abierta,False,,False,http://revistas.unisimon.edu.co/index.php/desarrollogerencial/politica_abierta,,,,,,,True,,,HF1-6182|HF5001-6182|HG1-9999,False,No,No,Social Sciences: Commerce: Business | Social Sciences: Finance,2020-05-19,2020-05-19,2020-05-19,137,2026-06-17,,,100.0,imputado,['publindex'],mediana_global,False,2,,,True,False,2026-09-12
1794-6638,,2619-4066,Ratio Juris,2022,C,Colombia,Eje Cafetero,Antioquia,Medellín,05001,Derecho,Derecho,Ciencias Sociales,UNIVERSIDAD AUTONOMA LATINOAMERICANA UNAULA,IES,,,"1,102",2619-4066,ratio juris,CO,2026-09-12,consolidado,3d24ca6bef18a39c,,,,,,,,,0,,,,,,,,,,,,,,,,,,,,,,,,,,,,,,,,,,,,,,,,,,,,,,,,,,,,,,,,,,,,,,,,,100.0,imputado,['publindex'],mediana_global,False,1,,,True,,2026-09-12
0122-7238,,2256-5248,Revista Historia De La Educación Latinoamericana,2022,B,Colombia,Centro Oriente,Boyacá,Tunja,15001,Otras Humanidades,Otras Humanidades,Humanidades,UNIVERSIDAD PEDAGOGICA Y TECNOLOGICA DE COLOMBIA,IES,,,417,2256-5248,historia educacion latinoamericana,CO,2026-09-12,consolidado,8892d90611186fea,,,,,,,,,0,,,,,,,,,,,,,,,,,,,,,,,,,,,,,,,,,,,,,,,,,,,,,,,,,,,,,,,,,,,,,,,,,100.0,imputado,['publindex'],mediana_global,False,2,,,True,,2026-09-12
0123-3122,,2027-5382,Persona Y Bioética,2022,C,Colombia,Centro Oriente,Cundinamarca,Chía,25175,Biotecnología Relacionada con la Salud,Biotecnología en Salud,Ciencias Médicas y de la Salud,UNIVERSIDAD DE LA SABANA,IES,,,462,2027-5382,persona bioetica,CO,2026-09-12,consolidado,551b617409564bcf,,,,,,,,,0,,,,,,,,,,,,,,,,,,,,,,,,,,,,,,,,,,,,,,,,,,,,,,,,,,,,,,,,,,,,,,,,,100.0,imputado,['publindex'],mediana_area,False,1,,,True,,2026-09-12
0121-7550,,2539-4762,Nomadas,2022,B,Colombia,Distrito Capital,"Bogotá, D. C.","Bogotá, D.C.",11001,Sociología,Sociología,Ciencias Sociales,UNIVERSIDAD CENTRAL,IES,,,235,2539-4762,nomadas,CO,2026-09-12,consolidado,29c071f453af4859,157.0,21100899925,journal,Universidad Central,True,True,0.114,Q3,2,8.0,0.0,49.0,0.0,8.0,46.0,0.06,0.0,0.0,0.0,2018-2024,Cultural Studies (Q3); Philosophy (Q3); Anthropology (Q4); Education (Q4); Psychology (miscellaneous) (Q4); Social Sciences (miscellaneous) (Q4),Arts and Humanities; Psychology; Social Sciences,,,,,,,,,,,,,,,,,,,,,,,,,,,,,,,,,,,,,,,,,,,,,,,,,,,,100.0,imputado,['publindex'],mediana_global,False,2,0.16326530612244897,0.12472647702407003,True,,2026-09-12
2011-3757,,2145-0706,Calle14,2022,C,Colombia,Distrito Capital,"Bogotá, D. C.","Bogotá, D.C.",11001,No registra,Arte,Humanidades,UNIVERSIDAD DISTRITAL FRANCISCO JOSE DE CALDAS,IES,,,689,2145-0706,calle14,CO,2026-09-12,consolidado,b0270fbfbe3e8aef,,,,,,,,,0,,,,,,,,,,,,,,,,,,,,,,,,,,,,,,,,,,,,,,,,,,,,,,,,,,,,,,,,,,,,,,,,,100.0,imputado,['publindex'],mediana_global,False,1,,,True,,2026-09-12
0123-9155,,1909-9711,Acta Colombiana De Psicología,2022,C,Colombia,Distrito Capital,"Bogotá, D. C.","Bogotá, D.C.",11001,No registra,Psicología,Ciencias Sociales,UNIVERSIDAD CATOLICA DE COLOMBIA,IES,,,346,1909-9711,acta colombiana psicologia,CO,2026-09-12,consolidado,6e7cebb0d8797d4c,17.0,10600153356,journal,Universidad Catolica de Colombia,True,True,0.284,Q3,2,19.0,20.0,85.0,1304.0,91.0,78.0,0.98,65.2,0.4714,0.0,2007-2025,Psychiatry and Mental Health (Q3); Psychology (miscellaneous) (Q3),Medicine; Psychology,,,,,,,,,,,,,,,,,,,,,,,,,,,,,,,,,,,,,,,,,,,,,,,,,,,,100.0,imputado,['publindex'],mediana_global,False,1,1.0705882352941176,0.3107221006564551,True,,2026-09-12
0121-1129,,2357-5328,Revista Facultad De Ingeniería,2022,B,Colombia,Centro Oriente,Boyacá,Tunja,15001,Otras Ingenierías y Tecnologías,Otras Ingenierías y Tecnologías,Ingeniería y Tecnología,UNIVERSIDAD PEDAGOGICA Y TECNOLOGICA DE COLOMBIA,IES,,,861,2357-5328,facultad ingenieria,CO,2026-09-12,consolidado,f49f07d169c1b759,,,,,,,,,0,,,,,,,,,,,,,,,,,,,,,,,,,,,,,,,,,,,,,,,,,,,,,,,,,,,,,,,,,,,,,,,,,100.0,imputado,['publindex'],mediana_global,False,2,,,True,,2026-09-12
2346-1780,,2346-1780,Perseitas,2022,C,Colombia,Eje Cafetero,Antioquia,Medellín,05001,Otras Humanidades,Otras Humanidades,Humanidades,UNIVERSIDAD CATOLICA LUIS AMIGO,IES,,,431,2346-1780,perseitas,CO,2026-09-12,consolidado,986c4b586a95358c,47.0,21100897732,journal,Universidad Catolica Luis Amigo,True,True,0.202,Q2,3,4.0,25.0,58.0,1120.0,13.0,53.0,0.18,44.8,0.225,0.0,2018-2025,Arts and Humanities (miscellaneous) (Q2),Arts and Humanities,https://revistas.ucatolicaluisamigo.edu.co/index.php/perseitas/index,https://doaj.org/toc/6c98ef674759476bbbee29c70ded172d,2013,,,2346-1780,['humanities' 'philosophy' 'theology' 'arts' 'history' 'language'],['Spanish' 'English'],Colombia,,,CC BY-NC-ND,,https://revistas.ucatolicaluisamigo.edu.co/index.php/perseitas/openaccesspolicyandlicense,True,False,https://revistas.ucatolicaluisamigo.edu.co/index.php/perseitas/politicasdederechosdeautor,Double anonymous peer review,https://revistas.ucatolicaluisamigo.edu.co/index.php/perseitas/evaluationprocess,True,https://revistas.ucatolicaluisamigo.edu.co/index.php/perseitas/Enfoqueyalcance,https://revistas.ucatolicaluisamigo.edu.co/index.php/perseitas/about/editorialTeam,https://revistas.ucatolicaluisamigo.edu.co/index.php/perseitas/authorguidelines,15,False,https://revistas.ucatolicaluisamigo.edu.co/index.php/perseitas/about,False,,False,,,,,Open Policy Finder,https://openpolicyfinder.jisc.ac.uk/id/publication/31604,DOI,True,,,BV1-5099|BT10-1480,False,No,No,Philosophy. Psychology. Religion: Practical Theology | Philosophy. Psychology. Religion: Doctrinal Theology,2017-06-07,2024-11-09,2024-11-09,295,2026-07-14,,,100.0,imputado,['publindex'],mediana_global,False,1,0.22413793103448276,0.2210065645514223,True,False,2026-09-12
0120-0976,,2538-9866,Revista Interamericana De Bibliotecología,2022,C,Colombia,Eje Cafetero,Antioquia,Medellín,05001,Otras Ciencias Sociales,Otras Ciencias Sociales,Ciencias Sociales,UNIVERSIDAD DE ANTIOQUIA,IES,,,34,2538-9866,interamericana bibliotecologia,CO,2026-09-12,consolidado,a30bb8798e268204,66.0,21100888590,journal,Escuela Interamericana de Bibliotecologia,True,True,0.185,Q3,2,12.0,22.0,64.0,700.0,30.0,58.0,0.51,31.82,0.5455,0.0,2000-2026,Library and Information Sciences (Q3),Social Sciences,,,,,,,,,,,,,,,,,,,,,,,,,,,,,,,,,,,,,,,,,,,,,,,,,,,,100.0,imputado,['publindex'],mediana_global,False,1,0.46875,0.2024070021881838,True,,2026-09-12
0120-3932,,2382-3860,Economicas Cuc,2022,C,Colombia,Caribe,Atlántico,Barranquilla,08001,Negocios y Management,Economía y Negocios,Ciencias Sociales,CORPORACION UNIVERSIDAD DE LA COSTA,IES,,,914,2382-3860,economicas cuc,CO,2026-09-12,consolidado,4232a7c17b76ab77,,,,,,,,,0,,,,,,,,,,,,,,,,,,,,,,,,,,,,,,,,,,,,,,,,,,,,,,,,,,,,,,,,,,,,,,,,,100.0,imputado,['publindex'],mediana_global,False,1,,,True,,2026-09-12
0121-6805,,1909-7719,Revista Facultad De Ciencias Económicas : Investigación Y Reflexión,2022,B,Colombia,Distrito Capital,"Bogotá, D. C.","Bogotá, D.C.",11001,No registra,Economía y Negocios,Ciencias Sociales,UNIVERSIDAD MILITAR NUEVA GRANADA,IES,,,627,1909-7719,facultad ciencias economicas investigacion reflexion,CO,2026-09-12,consolidado,8b1ffe08a980572b,,,,,,,,,0,,,,,,,,,,,,,,,,,,,,,,,,,,,,,,,,,,,,,,,,,,,,,,,,,,,,,,,,,,,,,,,,,100.0,imputado,['publindex'],mediana_global,False,2,,,True,,2026-09-12
1794-2918,,,Jurídicas,2022,B,Colombia,Eje Cafetero,Caldas,Manizales,17001,No registra,Derecho,Ciencias Sociales,UNIVERSIDAD DE CALDAS,IES,,,"1,043",1794-2918,juridicas,CO,2026-09-12,consolidado,b347791eb2d128bc,155.0,21100229263,journal,Universidad de Caldas,True,True,0.115,Q4,1,6.0,0.0,87.0,0.0,13.0,81.0,0.17,0.0,0.0,0.0,2012-2024,Law (Q4),Social Sciences,https://revistasojs.ucaldas.edu.co/index.php/juridicas/index,https://doaj.org/toc/349f1935da71451c8d612f5a91f4c871,2009,,1794-2918,2590-8928,"['development of legal science' 'the state of the art in the legal'
 'socio-legal fields' 'law']",['Spanish' 'English' 'Portuguese' 'French'],Colombia,"Universidad de Caldas, Vicerrectoría de Investigaciones y Posgrados",,CC BY,,https://revistasojs.ucaldas.edu.co/index.php/juridicas/ethics,True,False,https://revistasojs.ucaldas.edu.co/index.php/juridicas/ethics,Double anonymous peer review,https://revistasojs.ucaldas.edu.co/index.php/juridicas/ethics,True,https://revistasojs.ucaldas.edu.co/index.php/juridicas/index,https://revistasojs.ucaldas.edu.co/index.php/juridicas/about/editorialTeam,https://revistasojs.ucaldas.edu.co/index.php/juridicas/about/submissions,50,False,https://revistasojs.ucaldas.edu.co/index.php/juridicas/about,False,,False,,,,,,,DOI,True,,,K1-7720,False,No,No,Law: Law in general. Comparative and uniform law. Jurisprudence,2018-12-22,2023-12-08,2023-12-08,513,2026-05-22,,,100.0,imputado,['publindex'],mediana_global,False,2,0.14942528735632185,0.12582056892778992,True,False,2026-09-12
0120-2448,,2248-6054,Acta Médica Colombiana,2022,C,No disponible,No disponible,No disponible,No disponible,,Otras Ciencias Médicas,Otras Ciencias Médicas,Ciencias Médicas y de la Salud,ASOCIACION COLOMBIANA DE MEDICINA INTERNA ACMI,Otras,,,103,2248-6054,acta medica colombiana,,2026-09-12,consolidado,5cc066c53f8dc2f6,,,,,,,,,0,,,,,,,,,,,,,,,,,,,,,,,,,,,,,,,,,,,,,,,,,,,,,,,,,,,,,,,,,,,,,,,,,100.0,imputado,['publindex'],mediana_area,False,1,,,False,,2026-09-12
0120-9965,,2357-3732,Agronomía Colombiana,2022,B,Colombia,Distrito Capital,"Bogotá, D. C.","Bogotá, D.C.",11001,No registra,"Agricultura, Silvicultura y Pesca",Ciencias Agrícolas,,No disponible,,,25,2357-3732,agronomia colombiana,CO,2026-09-12,consolidado,44bab0d3640f89d7,40.0,21100224444,journal,Universidad Nacional de Colombia,True,True,0.212,Q3,2,22.0,34.0,139.0,1622.0,119.0,132.0,0.72,47.71,0.3789,0.0,"2010, 2012-2025",Agricultural and Biological Sciences (miscellaneous) (Q3); Agronomy and Crop Science (Q3); Forestry (Q3); Horticulture (Q3),Agricultural and Biological Sciences,,,,,,,,,,,,,,,,,,,,,,,,,,,,,,,,,,,,,,,,,,,,,,,,,,,,200.0,imputado,['publindex'],mediana_area,False,2,0.8561151079136691,0.11597374179431072,True,,2026-09-12
0121-182X,,1909-7727,Prolegomenos : Derechos Y Valores,2022,C,Colombia,Distrito Capital,"Bogotá, D. C.","Bogotá, D.C.",11001,Derecho,Derecho,Ciencias Sociales,UNIVERSIDAD MILITAR NUEVA GRANADA,IES,,,628,1909-7727,prolegomenos derechos valores,CO,2026-09-12,consolidado,5582031fc283049b,,,,,,,,,0,,,,,,,,,,,,,,,,,,,,,,,,,,,,,,,,,,,,,,,,,,,,,,,,,,,,,,,,,,,,,,,,,100.0,imputado,['publindex'],mediana_global,False,1,,,True,,2026-09-12
0123-0425,,2357-6286,Educación Y Ciudad,2022,C,Colombia,Distrito Capital,"Bogotá, D. C.","Bogotá, D.C.",11001,"Educación General (Incluye Capacitación, Pedagogía)",Ciencias de la Educación,Ciencias Sociales,INSTITUTO PARA LA INVESTIGACION EDUCATIVA Y EL DESARROLLO PEDAGOGICO,Entidades de Gobierno,,,"1,114",2357-6286,educacion ciudad,CO,2026-09-12,consolidado,3576914ba69d1a0b,,,,,,,,,0,,,,,,,,,,,,,,,,,,,,,,,,,,,,,,,,,,,,,,,,,,,,,,,,,,,,,,,,,,,,,,,,,100.0,imputado,['publindex'],mediana_global,False,1,,,True,,2026-09-12
0120-9957,,2500-7440,Revista Colombiana De Gastroenterología,2022,C,Colombia,Distrito Capital,"Bogotá, D. C.","Bogotá, D.C.",11001,Gastroenterología y Hepatología,Medicina Clínica,Ciencias Médicas y de la Salud,ASOCIACION COLOMBIANA DE GASTROENTEROLOGIA,Otras,,,347,2500-7440,colombiana gastroenterologia,CO,2026-09-12,consolidado,718d73882a2bec1e,,,,,,,,,0,,,,,,,,,,,,,,https://revistagastrocol.com/index.php/rcg/index,https://doaj.org/toc/e55bf43699844c0c8196fe1fd8731e4e,2014,,,2500-7440,"['clinical gastroenterology' 'digestive endoscopy' 'digestive surgery'
 'pediatric gastroenterology' 'hepatology' 'coloproctology']",['Spanish' 'English'],Colombia,,,CC BY-NC-ND,,https://revistagastrocol.com/index.php/rcg/politica_editorial#acceso,True,False,https://revistagastrocol.com/index.php/rcg/politica_editorial#derecho_autor,Double anonymous peer review,https://revistagastrocol.com/index.php/rcg/proceso_pares,True,https://revistagastrocol.com/index.php/rcg/about,https://revistagastrocol.com/index.php/rcg/about/editorialTeam,https://revistagastrocol.com/index.php/rcg/directrices,24,False,https://revistagastrocol.com/index.php/rcg/about,False,,False,,,,,,,DOI,True,,,RC799-869,False,No,No,Medicine: Internal medicine: Specialties of internal medicine: Diseases of the digestive system. Gastroenterology,2024-05-29,2024-05-29,2024-05-29,820,2026-05-23,,,100.0,imputado,['publindex'],mediana_area,False,1,,,True,False,2026-09-12
0120-100X,,2145-8480,Ion,2022,C,Colombia,Centro Oriente,Santander,Bucaramanga,68001,No registra,Ingeniería Química,Ingeniería y Tecnología,UNIVERSIDAD INDUSTRIAL DE SANTANDER,IES,,,731,2145-8480,ion,CO,2026-09-12,consolidado,9e69eb55c22f6358,,,,,,,,,0,,,,,,,,,,,,,,,,,,,,,,,,,,,,,,,,,,,,,,,,,,,,,,,,,,,,,,,,,,,,,,,,,100.0,imputado,['publindex'],mediana_global,False,1,,,True,,2026-09-12
2011-2173,,2422-3719,Revista Colombiana De Ciencias Hortícolas,2022,B,Colombia,Distrito Capital,"Bogotá, D. C.","Bogotá, D.C.",11001,No registra,Otras Ciencias Agrícolas,Ciencias Agrícolas,SOCIEDAD COLOMBIANA DE CIENCIAS HORTICOLAS,Otras,UNIVERSIDAD PEDAGOGICA Y TECNOLOGICA DE COLOMBIA,,927,2422-3719,colombiana ciencias horticolas,CO,2026-09-12,consolidado,706769a8b3c0cfc2,73.0,21101125516,journal,Universidad Pedagogica y Tecnologica de Colombia,False,False,0.178,Q4,1,11.0,0.0,123.0,0.0,80.0,115.0,0.54,0.0,0.0,0.0,2019-2024,"Agricultural and Biological Sciences (miscellaneous) (Q4); Biochemistry, Genetics and Molecular Biology (miscellaneous) (Q4); Horticulture (Q4)","Agricultural and Biological Sciences; Biochemistry, Genetics and Molecular Biology",,,,,,,,,,,,,,,,,,,,,,,,,,,,,,,,,,,,,,,,,,,,,,,,,,,,200.0,imputado,['publindex'],mediana_area,False,2,0.6504065040650406,0.0973741794310722,True,,2026-09-12
0120-0283,,2145-8553,Boletín De Geología,2022,B,Colombia,Centro Oriente,Santander,Bucaramanga,68001,No registra,Ciencias de la Tierra y Medioambientales,Ciencias Naturales,UNIVERSIDAD INDUSTRIAL DE SANTANDER,IES,,,295,2145-8553,boletin geologia,CO,2026-09-12,consolidado,0f53e66ff6e04382,68.0,21100217204,journal,Universidad Industrial de Santander,True,True,0.184,Q4,1,14.0,19.0,84.0,1083.0,44.0,77.0,0.38,57.0,0.2647,0.0,2012-2025,Earth and Planetary Sciences (miscellaneous) (Q4),Earth and Planetary Sciences,,,,,,,,,,,,,,,,,,,,,,,,,,,,,,,,,,,,,,,,,,,,,,,,,,,,100.0,imputado,['publindex'],mediana_global,False,2,0.5238095238095238,0.20131291028446388,True,,2026-09-12
1900-2386,,,Psychologia. Avances De La Disciplina,2022,B,Colombia,Distrito Capital,"Bogotá, D. C.","Bogotá, D.C.",11001,Psicología (Incluye Relaciones Hombre-Máquina),Psicología,Ciencias Sociales,UNIVERSIDAD DE SAN BUENAVENTURA,IES,,,445,1900-2386,psychologia avances disciplina,CO,2026-09-12,consolidado,86d7da277ed7a521,,,,,,,,,0,,,,,,,,,,,,,,,,,,,,,,,,,,,,,,,,,,,,,,,,,,,,,,,,,,,,,,,,,,,,,,,,,100.0,imputado,['publindex'],mediana_global,False,2,,,True,,2026-09-12
0120-8462,,2500-5375,Cuadernos De Filosofía Latinoamericana,2022,C,Colombia,Distrito Capital,"Bogotá, D. C.","Bogotá, D.C.",11001,No registra,Otras Humanidades,Humanidades,UNIVERSIDAD SANTO TOMAS,IES,,,638,2500-5375,cuadernos filosofia latinoamericana,CO,2026-09-12,consolidado,7d1f3ad474fa08a1,,,,,,,,,0,,,,,,,,,,,,,,https://revistas.usantotomas.edu.co/index.php/cfla/,https://doaj.org/toc/5d50b0d79d1140ffa951b51abb3792fd,2009,,,2500-5375,"['latin american philosophy' 'history of ideas' 'political philosophy'
 'latin american thought' 'decoloniality' 'interculturality']",['French' 'Portuguese' 'English' 'Spanish'],Colombia,,,CC BY-NC-SA,,https://revistas.usantotomas.edu.co/index.php/cfla/about,True,False,https://revistas.usantotomas.edu.co/index.php/cfla/about,Double anonymous peer review,https://revistas.usantotomas.edu.co/index.php/cfla/about,True,https://revistas.usantotomas.edu.co/index.php/cfla/about,https://revistas.usantotomas.edu.co/index.php/cfla/about/editorialTeam,https://revistas.usantotomas.edu.co/index.php/cfla/about/submissions,16,False,https://revistas.usantotomas.edu.co/index.php/cfla/about,False,,False,,,,,Open Policy Finder,https://openpolicyfinder.jisc.ac.uk/id/publication/39652,DOI,True,,,B1-5802,False,No,No,Philosophy. Psychology. Religion: Philosophy (General),2025-12-09,2025-12-09,2025-12-09,440,2026-05-30,,,100.0,imputado,['publindex'],mediana_global,False,1,,,True,False,2026-09-12
2145-3535,,2422-3271,Informes Psicológicos,2022,B,Colombia,Centro Oriente,Santander,Bucaramanga,68001,No registra,Psicología,Ciencias Sociales,UNIVERSIDAD PONTIFICIA BOLIVARIANA SECCIONAL BUCARAMANGA,IES,,,435,2422-3271,informes psicologicos,CO,2026-09-12,consolidado,bc9ab1b20d0f8e12,,,,,,,,,0,,,,,,,,,,,,,,,,,,,,,,,,,,,,,,,,,,,,,,,,,,,,,,,,,,,,,,,,,,,,,,,,,100.0,imputado,['publindex'],mediana_global,False,2,,,True,,2026-09-12
0120-789X,,2027-0119,Revista Urologia Colombiana,2022,C,Colombia,Distrito Capital,"Bogotá, D. C.","Bogotá, D.C.",11001,Urología y Nefrología,Medicina Clínica,Ciencias Médicas y de la Salud,SOCIEDAD COLOMBIANA DE UROLOGIA,Otras,,,733,2027-0119,urologia colombiana,CO,2026-09-12,consolidado,e6b167459ea4e009,,,,,,,,,0,,,,,,,,,,,,,,,,,,,,,,,,,,,,,,,,,,,,,,,,,,,,,,,,,,,,,,,,,,,,,,,,,100.0,imputado,['publindex'],mediana_area,False,1,,,True,,2026-09-12
0120-4211,,,Bistua : Revista  De La Facultad De Ciencias Básicas,2022,C,No disponible,No disponible,No disponible,No disponible,,No registra,Ciencias Químicas,Ciencias Naturales,UNIVERSIDAD DE PAMPLONA,IES,,,632,0120-4211,bistua facultad ciencias basicas,,2026-09-12,consolidado,1650df636cf3bd78,,,,,,,,,0,,,,,,,,,,,,,,,,,,,,,,,,,,,,,,,,,,,,,,,,,,,,,,,,,,,,,,,,,,,,,,,,,100.0,imputado,['publindex'],mediana_global,False,1,,,False,,2026-09-12
1657-0790,,2256-5760,Profile,2022,A1,Colombia,Distrito Capital,"Bogotá, D. C.","Bogotá, D.C.",11001,Lingüística,Idiomas y Literatura,Humanidades,,No disponible,,,370,2256-5760,profile,CO,2026-09-12,consolidado,e7f355a9bf4d20aa,,,,,,,,,0,,,,,,,,,,,,,,,,,,,,,,,,,,,,,,,,,,,,,,,,,,,,,,,,,,,,,,,,,,,,,,,,,100.0,imputado,['publindex'],mediana_global,False,4,,,True,,2026-09-12
2539-3804,,2539-3804,Lenguaje,2022,C,Colombia,Pacífico,Valle del Cauca,Cali,76001,No registra,Idiomas y Literatura,Humanidades,UNIVERSIDAD DEL VALLE,IES,,,307,2539-3804,lenguaje,CO,2026-09-12,consolidado,6ab1d640397115f4,,,,,,,,,0,,,,,,,,,,,,,,,,,,,,,,,,,,,,,,,,,,,,,,,,,,,,,,,,,,,,,,,,,,,,,,,,,100.0,imputado,['publindex'],mediana_global,False,1,,,True,,2026-09-12
2027-1174,,2027-1182,Magis - Revista Internacional De Investigación En Educación,2022,B,Colombia,Distrito Capital,"Bogotá, D. C.","Bogotá, D.C.",11001,"Educación General (Incluye Capacitación, Pedagogía)",Ciencias de la Educación,Ciencias Sociales,PONTIFICIA UNIVERSIDAD JAVERIANA,IES,,,148,2027-1182,magis internacional investigacion educacion,CO,2026-09-12,consolidado,49715d6ea7ac61db,,,,,,,,,0,,,,,,,,,,,,,,,,,,,,,,,,,,,,,,,,,,,,,,,,,,,,,,,,,,,,,,,,,,,,,,,,,100.0,imputado,['publindex'],mediana_global,False,2,,,True,,2026-09-12
0123-2126,,2011-2769,Ingeniería Y Universidad,2022,C,Colombia,Distrito Capital,"Bogotá, D. C.","Bogotá, D.C.",11001,No registra,Otras Ingenierías y Tecnologías,Ingeniería y Tecnología,PONTIFICIA UNIVERSIDAD JAVERIANA,IES,,,237,2011-2769,ingenieria universidad,CO,2026-09-12,consolidado,28792151600233f5,,,,,,,,,0,,,,,,,,,,,,,,,,,,,,,,,,,,,,,,,,,,,,,,,,,,,,,,,,,,,,,,,,,,,,,,,,,100.0,imputado,['publindex'],mediana_global,False,1,,,True,,2026-09-12
1794-3841,,2422-409X,Hallazgos,2022,C,Colombia,Distrito Capital,"Bogotá, D. C.","Bogotá, D.C.",11001,"Ciencias Sociales, Interdisciplinaria",Otras Ciencias Sociales,Ciencias Sociales,UNIVERSIDAD SANTO TOMAS,IES,,,"1,313",2422-409X,hallazgos,CO,2026-09-12,consolidado,4b7b991eb014787d,,,,,,,,,0,,,,,,,,,,,,,,,,,,,,,,,,,,,,,,,,,,,,,,,,,,,,,,,,,,,,,,,,,,,,,,,,,100.0,imputado,['publindex'],mediana_global,False,1,,,True,,2026-09-12
0120-4645,,2256-5078,Cuadernos De Administración,2022,C,Colombia,Pacífico,Valle del Cauca,Cali,76001,Negocios y Management,Economía y Negocios,Ciencias Sociales,UNIVERSIDAD DEL VALLE,IES,,,452,2256-5078,cuadernos administracion,CO,2026-09-12,consolidado,965775939548832e,,,,,,,,,0,,,,,,,,,,,,,,,,,,,,,,,,,,,,,,,,,,,,,,,,,,,,,,,,,,,,,,,,,,,,,,,,,100.0,imputado,['publindex'],mediana_global,False,1,,,True,,2026-09-12
1794-9998,,2256-3067,Diversitas : Perspectivas En Psicología,2022,B,Colombia,Distrito Capital,"Bogotá, D. C.","Bogotá, D.C.",11001,"Psicología (Incluye Terapias de Aprendizaje, Habla, Visual y Otras Discapacidades Físicas y Mentales)",Psicología,Ciencias Sociales,UNIVERSIDAD SANTO TOMAS,IES,,,"1,014",2256-3067,diversitas perspectivas psicologia,CO,2026-09-12,consolidado,9ad88a2a3da73c56,,,,,,,,,0,,,,,,,,,,,,,,,,,,,,,,,,,,,,,,,,,,,,,,,,,,,,,,,,,,,,,,,,,,,,,,,,,100.0,imputado,['publindex'],mediana_global,False,2,,,True,,2026-09-12
0120-8179,,2539-4991,Nuevo Foro Penal,2022,C,Colombia,Eje Cafetero,Antioquia,Medellín,05001,Penal,Derecho,Ciencias Sociales,UNIVERSIDAD EAFIT,IES,,,"1,120",2539-4991,nuevo foro penal,CO,2026-09-12,consolidado,debf5251c813ad1d,,,,,,,,,0,,,,,,,,,,,,,,,,,,,,,,,,,,,,,,,,,,,,,,,,,,,,,,,,,,,,,,,,,,,,,,,,,100.0,imputado,['publindex'],mediana_global,False,1,,,True,,2026-09-12
0120-6230,,,Revista Facultad De Ingeniería,2022,C,Colombia,Eje Cafetero,Antioquia,Medellín,05001,No registra,Otras Ingenierías y Tecnologías,Ingeniería y Tecnología,UNIVERSIDAD DE ANTIOQUIA,IES,,,93,0120-6230,facultad ingenieria,CO,2026-09-12,consolidado,ed9bbecce77da0af,59.0,12400154740,journal,Universidad de Antioquia,True,True,0.191,Q4,1,21.0,53.0,133.0,1832.0,87.0,124.0,0.55,34.57,0.34590000000000004,0.0,2008-2026,Engineering (miscellaneous) (Q4),Engineering,https://revistas.udea.edu.co/index.php/ingenieria,https://doaj.org/toc/1ce6a92699a54c3281f4d80de26a4d62,2015,redin,0120-6230,2422-2844,"['electronics' 'telecommunications' 'bioengineering' 'electrical'
 'civil engineering' 'engineering']",['English'],Colombia,,,CC BY-NC-SA,,https://revistas.udea.edu.co/index.php/ingenieria/editorial_policies,True,False,https://revistas.udea.edu.co/index.php/ingenieria/editorial_policies,Double anonymous peer review,https://revistas.udea.edu.co/index.php/ingenieria/declaration_ethics,True,https://revistas.udea.edu.co/index.php/ingenieria/about,https://revistas.udea.edu.co/index.php/ingenieria/about/editorialTeam,https://revistas.udea.edu.co/index.php/ingenieria/about/submissions,20,False,https://revistas.udea.edu.co/index.php/ingenieria/editorial_policies,False,,False,,,,,Open Policy Finder,https://openpolicyfinder.jisc.ac.uk/id/publication/42897,DOI,True,,,TA1-2040,False,No,No,Technology: Engineering (General). Civil engineering (General),2023-03-15,2023-03-20,2023-03-20,2704,2026-04-17,,,100.0,imputado,['publindex'],mediana_global,False,1,0.6541353383458647,0.2089715536105033,True,False,2026-09-12
2011-7922,,2011-7922,International Journal Of Psychological Research,2022,B,Colombia,Eje Cafetero,Antioquia,Medellín,05001,No registra,Psicología,Ciencias Sociales,UNIVERSIDAD DE SAN BUENAVENTURA,IES,,,"1,033",2011-7922,psychological,CO,2026-09-12,consolidado,5abd6f089babb169,8.0,21100200401,journal,Universidad de San Buenaventura,True,True,0.341,Q3,2,23.0,20.0,69.0,1042.0,90.0,65.0,1.15,52.1,0.375,0.0,2011-2025,Psychology (miscellaneous) (Q3),Psychology,,,,,,,,,,,,,,,,,,,,,,,,,,,,,,,,,,,,,,,,,,,,,,,,,,,,100.0,imputado,['publindex'],mediana_global,False,2,1.3043478260869565,0.3730853391684902,True,,2026-09-12
0124-0099,,2619-4244,Dictamen Libre,2022,C,No disponible,No disponible,No disponible,No disponible,,Negocios y Management,Economía y Negocios,Ciencias Sociales,UNIVERSIDAD LIBRE DE COLOMBIA,IES,,,"1,044",2619-4244,dictamen libre,,2026-09-12,consolidado,5fa77acbdd77920d,,,,,,,,,0,,,,,,,,,,,,,,,,,,,,,,,,,,,,,,,,,,,,,,,,,,,,,,,,,,,,,,,,,,,,,,,,,100.0,imputado,['publindex'],mediana_global,False,1,,,False,,2026-09-12
2145-4426,,2145-7778,"Trilogía. Ciencia, Tecnologia Y Sociedad",2022,C,Colombia,Eje Cafetero,Antioquia,Medellín,05001,"Ciencias Sociales, Interdisciplinaria",Otras Ciencias Sociales,Ciencias Sociales,INSTITUTO TECNOLOGICO METROPOLITANO DE MEDELLIN,IES,,,365,2145-7778,trilogia ciencia tecnologia sociedad,CO,2026-09-12,consolidado,82ba4ad902bc58d9,,,,,,,,,0,,,,,,,,,,,,,,,,,,,,,,,,,,,,,,,,,,,,,,,,,,,,,,,,,,,,,,,,,,,,,,,,,100.0,imputado,['publindex'],mediana_global,False,1,,,True,,2026-09-12
0121-5051,,,"Innovar, Revista De Ciencias Administrativas Y Sociales",2022,B,Colombia,Distrito Capital,"Bogotá, D. C.","Bogotá, D.C.",11001,No registra,Economía y Negocios,Ciencias Sociales,UNIVERSIDAD NACIONAL DE COLOMBIA,IES,,,83,0121-5051,innovar ciencias administrativas sociales,CO,2026-09-12,consolidado,b0f7d9349949f1c6,,,,,,,,,0,,,,,,,,,,,,,,https://revistas.unal.edu.co/index.php/innovar/index,https://doaj.org/toc/7fa3e5b91de446d9803c7bfb374cdf57,2000,INNOVAR,0121-5051,2248-6968,"['management' 'accounting' 'marketing' 'social sciences' 'finance'
 'organization']",['English' 'French' 'Portuguese' 'Spanish'],Colombia,,,CC BY-NC-SA,,https://revistas.unal.edu.co/index.php/innovar/about,,False,https://revistas.unal.edu.co/index.php/innovar/about/submissions,Anonymous peer review,https://revistas.unal.edu.co/index.php/innovar/about,True,https://revistas.unal.edu.co/index.php/innovar/about,https://revistas.unal.edu.co/index.php/innovar/about/editorialTeam,https://revistas.unal.edu.co/index.php/innovar/about/submissions#authorGuidelines,53,False,https://revistas.unal.edu.co/index.php/innovar/about,False,,False,,,,,,,DOI,True,,,H|HF1-6182|HF5001-6182,False,No,No,Social Sciences: Commerce: Business,2010-07-27,2021-02-16,2021-02-16,1476,2026-08-08,,,100.0,imputado,['publindex'],mediana_global,False,2,,,True,False,2026-09-12
0121-5612,,1900-6004,Colombia Internacional,2022,A1,Colombia,Distrito Capital,"Bogotá, D. C.","Bogotá, D.C.",11001,No registra,Ciencias Políticas,Ciencias Sociales,UNIVERSIDAD DE LOS ANDES,IES,,,45,1900-6004,colombia internacional,CO,2026-09-12,consolidado,84fa92c709b38f9b,26.0,5800169849,journal,"Universidad de los Andes, Colombia",True,True,0.239,Q1,4,18.0,20.0,85.0,1414.0,68.0,85.0,0.6,70.7,0.5294,0.0,2011-2026,History (Q1); Political Science and International Relations (Q3); Sociology and Political Science (Q3),Arts and Humanities; Social Sciences,,,,,,,,,,,,,,,,,,,,,,,,,,,,,,,,,,,,,,,,,,,,,,,,,,,,100.0,imputado,['publindex'],mediana_global,False,4,0.8,0.2614879649890591,True,,2026-09-12
0122-0268,,1909-0544,Revista Mvz Córdoba,2022,B,Colombia,Caribe,Córdoba,Montería,23001,Ciencias Veterinarias,Ciencias Veterinarias,Ciencias Agrícolas,UNIVERSIDAD DE CORDOBA,IES,,,487,1909-0544,mvz cordoba,CO,2026-09-12,consolidado,78887141c3c14759,,,,,,,,,0,,,,,,,,,,,,,,https://revistamvz.unicordoba.edu.co/index.php/revistamvz/,https://doaj.org/toc/2ef7a7ba9aee4c6dabdcd99ca1c434d2,2004,,,1909-0544,"['veterinary' 'veterinary medicine' 'animal science' 'zootechnology'
 'public health' 'epidemiology']",['Spanish' 'English'],Colombia,,,CC BY-NC-SA,,https://revistamvz.unicordoba.edu.co/ethicalpolicies,True,True,https://revistamvz.unicordoba.edu.co/authorsrules,Double anonymous peer review,https://revistamvz.unicordoba.edu.co/Receptionandevaluation,True,https://revistamvz.unicordoba.edu.co/about/focusandscope,https://revistamvz.unicordoba.edu.co/people,https://revistamvz.unicordoba.edu.co/authorsrules,16,False,https://revistamvz.unicordoba.edu.co/ethicalpolicies,False,,False,,CLOCKSS,National Library of the Netherlands,https://portal.issn.org/resource/ISSN/1909-0544,,,DOI,True,,,SF600-1100,False,No,No,Agriculture: Animal culture: Veterinary medicine,2026-07-02,2026-07-02,,1707,2024-09-28,,,200.0,imputado,['publindex'],mediana_area,False,2,,,True,False,2026-09-12
0124-5376,,2539-200X,Biota Colombiana,2021,B,Colombia,Distrito Capital,"Bogotá, D. C.","Bogotá, D.C.",11001,Otras Biologías,Ciencias Biológicas,Ciencias Naturales,INSTITUTO DE INVESTIGACION DE RECURSOS BIOLOGICOS ALEXANDER VON HUMBOLDT,Centros,,,477,2539-200X,biota colombiana,CO,2026-09-12,consolidado,32192bc8dae338a8,,,,,,,,,0,,,,,,,,,,,,,,,,,,,,,,,,,,,,,,,,,,,,,,,,,,,,,,,,,,,,,,,,,,,,,,,,,100.0,imputado,['publindex'],mediana_global,False,2,,,True,,2026-09-12
,,2145-308X,Panorama,2021,C,Colombia,Distrito Capital,"Bogotá, D. C.","Bogotá, D.C.",11001,No registra,Ciencias de la Educación,Ciencias Sociales,INSTITUCION UNIVERSITARIA POLITECNICO GRANCOLOMBIANO,IES,,,"1,050",2145-308X,panorama,CO,2026-09-12,consolidado,b8bc4c85ba2e9986,,,,,,,,,0,,,,,,,,,,,,,,,,,,,,,,,,,,,,,,,,,,,,,,,,,,,,,,,,,,,,,,,,,,,,,,,,,100.0,imputado,['publindex'],mediana_global,False,1,,,True,,2026-09-12
0122-1701,,2344-7214,Scientia Et Technica,2021,B,Colombia,Eje Cafetero,Risaralda,Pereira,66001,Otras Ingenierías y Tecnologías,Otras Ingenierías y Tecnologías,Ingeniería y Tecnología,UNIVERSIDAD TECNOLOGICA DE PEREIRA,IES,,,136,2344-7214,scientia et technica,CO,2026-09-12,consolidado,4ae927900deb6ba1,,,,,,,,,0,,,,,,,,,,,,,,,,,,,,,,,,,,,,,,,,,,,,,,,,,,,,,,,,,,,,,,,,,,,,,,,,,100.0,imputado,['publindex'],mediana_global,False,2,,,True,,2026-09-12
0120-8942,,2027-5366,Dikaion - Lo Justo,2021,C,Colombia,Centro Oriente,Cundinamarca,Chía,25175,Derecho,Derecho,Ciencias Sociales,UNIVERSIDAD DE LA SABANA,IES,,,573,2027-5366,dikaion lo justo,CO,2026-09-12,consolidado,fdc8c4d76e8e860e,,,,,,,,,0,,,,,,,,,,,,,,,,,,,,,,,,,,,,,,,,,,,,,,,,,,,,,,,,,,,,,,,,,,,,,,,,,100.0,imputado,['publindex'],mediana_global,False,1,,,True,,2026-09-12
1692-3561,,1909-9959,Biotecnología En El Sector Agropecuario Y Agroindustrial,2021,B,Colombia,Pacífico,Cauca,Popayán,19001,Otras Ciencias Agrícolas,Otras Ciencias Agrícolas,Ciencias Agrícolas,UNIVERSIDAD DEL CAUCA,IES,,,739,1909-9959,biotecnologia sector agropecuario agroindustrial,CO,2026-09-12,consolidado,690173cbae6a5b8a,,,,,,,,,0,,,,,,,,,,,,,,,,,,,,,,,,,,,,,,,,,,,,,,,,,,,,,,,,,,,,,,,,,,,,,,,,,200.0,imputado,['publindex'],mediana_area,False,2,,,True,,2026-09-12
0034-7426,,,Revista Colombiana De Matemáticas,2021,C,Colombia,Distrito Capital,"Bogotá, D. C.","Bogotá, D.C.",11001,No registra,Matemática,Ciencias Naturales,UNIVERSIDAD NACIONAL DE COLOMBIA,IES,,,269,0034-7426,colombiana matematicas,CO,2026-09-12,consolidado,cc179c6aef218543,78.0,21100332207,journal,Universidad Nacional de Colombia,True,True,0.171,Q4,1,10.0,10.0,38.0,212.0,25.0,38.0,0.48,21.2,0.0385,0.0,2014-2025,Mathematics (miscellaneous) (Q4),Mathematics,,,,,,,,,,,,,,,,,,,,,,,,,,,,,,,,,,,,,,,,,,,,,,,,,,,,100.0,imputado,['publindex'],mediana_global,False,1,0.6578947368421053,0.18708971553610504,True,,2026-09-12
2027-2448,,,Revista Pensamiento Americano,2021,C,Colombia,Caribe,Atlántico,Barranquilla,08001,Otras Ciencias Sociales,Otras Ciencias Sociales,Ciencias Sociales,CORPORACION UNIVERSITARIA AMERICANA,IES,,,"1,191",2027-2448,pensamiento americano,CO,2026-09-12,consolidado,ecb256c4f9c88dd1,,,,,,,,,0,,,,,,,,,,,,,,,,,,,,,,,,,,,,,,,,,,,,,,,,,,,,,,,,,,,,,,,,,,,,,,,,,100.0,imputado,['publindex'],mediana_global,False,1,,,True,,2026-09-12
2011-3188,,2215-969X,Dearquitectura,2021,C,Colombia,Distrito Capital,"Bogotá, D. C.","Bogotá, D.C.",11001,Arquitectura y Urbanismo,Arte,Humanidades,UNIVERSIDAD DE LOS ANDES,IES,,,135,2215-969X,dearquitectura,CO,2026-09-12,consolidado,419cda7773e0d730,,,,,,,,,0,,,,,,,,,,,,,,https://revistas.uniandes.edu.co/index.php/dearq/index,https://doaj.org/toc/ef445c65a895438cbf7bcbd211bbb8f0,2007,,,2215-969X,['architecture' 'urbanism' 'architectural projects'],['English' 'Spanish'],Colombia,,,CC BY-NC-ND,,https://revistas.uniandes.edu.co/index.php/dearq/about,,False,https://revistas.uniandes.edu.co/index.php/dearq/editorial-policy,Double anonymous peer review,https://revistas.uniandes.edu.co/index.php/dearq/editorial-policy,False,https://revistas.uniandes.edu.co/index.php/dearq/about,https://revistas.uniandes.edu.co/index.php/dearq/executive-board,https://revistas.uniandes.edu.co/index.php/dearq/article-prep,24,False,https://revistas.uniandes.edu.co/index.php/dearq/editorial-policy,False,,False,,,,,,,DOI,True,,,NA1-9428,False,No,No,Fine Arts: Architecture,2017-08-30,2023-03-13,2023-03-13,475,2025-12-16,,,100.0,imputado,['publindex'],mediana_global,False,1,,,True,False,2026-09-12
0122-0667,,2539-5203,Revista Medica De Risaralda,2021,C,Colombia,Eje Cafetero,Risaralda,Pereira,66001,No registra,Medicina Clínica,Ciencias Médicas y de la Salud,UNIVERSIDAD TECNOLOGICA DE PEREIRA,IES,,,362,2539-5203,medica risaralda,CO,2026-09-12,consolidado,a52daf16a7956714,,,,,,,,,0,,,,,,,,,,,,,,,,,,,,,,,,,,,,,,,,,,,,,,,,,,,,,,,,,,,,,,,,,,,,,,,,,100.0,imputado,['publindex'],mediana_area,False,1,,,True,,2026-09-12
1794-9831,,2322-7028,Ciencia Y Cuidado,2021,C,Colombia,Centro Oriente,Norte de Santander,Cúcuta,54001,Enfermería,Ciencias de la Salud,Ciencias Médicas y de la Salud,UNIVERSIDAD FRANCISCO DE PAULA SANTANDER,IES,,,995,2322-7028,ciencia cuidado,CO,2026-09-12,consolidado,c90731a8110dd01f,,,,,,,,,0,,,,,,,,,,,,,,,,,,,,,,,,,,,,,,,,,,,,,,,,,,,,,,,,,,,,,,,,,,,,,,,,,100.0,imputado,['publindex'],mediana_area,False,1,,,True,,2026-09-12
0304-3584,,2145-7166,Actualidades Biológicas,2021,C,Colombia,Eje Cafetero,Antioquia,Medellín,05001,No registra,Ciencias Biológicas,Ciencias Naturales,UNIVERSIDAD DE ANTIOQUIA,IES,,,17,2145-7166,actualidades biologicas,CO,2026-09-12,consolidado,2bfb429d3b7a258c,,,,,,,,,0,,,,,,,,,,,,,,,,,,,,,,,,,,,,,,,,,,,,,,,,,,,,,,,,,,,,,,,,,,,,,,,,,100.0,imputado,['publindex'],mediana_global,False,1,,,True,,2026-09-12
1692-6013,,2500-8692,Novum Jus: Revista Especializada en Sociología Jurídica y Política,2021,C,No disponible,No disponible,No disponible,No disponible,,No registra,Otras Ciencias Sociales,Ciencias Sociales,UNIVERSIDAD CATOLICA DE COLOMBIA,IES,,,607,2500-8692,novum jus especializada sociologia juridica politica,,2026-09-12,consolidado,f9e0cec5900fe4f6,,,,,,,,,0,,,,,,,,,,,,,,,,,,,,,,,,,,,,,,,,,,,,,,,,,,,,,,,,,,,,,,,,,,,,,,,,,100.0,imputado,['publindex'],mediana_global,False,1,,,False,,2026-09-12
1900-6896,,2590-9452,Revista Colombiana De Bioética,2021,C,Colombia,Distrito Capital,"Bogotá, D. C.","Bogotá, D.C.",11001,No registra,Otras Humanidades,Humanidades,UNIVERSIDAD EL BOSQUE,IES,,,"1,165",2590-9452,colombiana bioetica,CO,2026-09-12,consolidado,71020c5aeaa063c4,,,,,,,,,0,,,,,,,,,,,,,,,,,,,,,,,,,,,,,,,,,,,,,,,,,,,,,,,,,,,,,,,,,,,,,,,,,100.0,imputado,['publindex'],mediana_global,False,1,,,True,,2026-09-12
0123-9015,,2346-0199,Revista Colombiana De Cancerología,2021,C,Colombia,Distrito Capital,"Bogotá, D. C.","Bogotá, D.C.",11001,Oncología,Medicina Clínica,Ciencias Médicas y de la Salud,INSTITUTO NACIONAL DE CANCEROLOGIA ESE,Centros,,,446,2346-0199,colombiana cancerologia,CO,2026-09-12,consolidado,1a17730af59419c8,,,,,,,,,0,,,,,,,,,,,,,,,,,,,,,,,,,,,,,,,,,,,,,,,,,,,,,,,,,,,,,,,,,,,,,,,,,100.0,imputado,['publindex'],mediana_area,False,1,,,True,,2026-09-12
2027-1786,,2500-6517,Revista Iberoamericana De Psicología: Ciencia Y Tecnología,2021,C,Colombia,Distrito Capital,"Bogotá, D. C.","Bogotá, D.C.",11001,"Psicología (Incluye Terapias de Aprendizaje, Habla, Visual y Otras Discapacidades Físicas y Mentales)",Psicología,Ciencias Sociales,CORPORACION UNIVERSITARIA IBEROAMERICANA,IES,,,475,2500-6517,iberoamericana psicologia ciencia tecnologia,CO,2026-09-12,consolidado,6d6052031589db76,,,,,,,,,0,,,,,,,,,,,,,,,,,,,,,,,,,,,,,,,,,,,,,,,,,,,,,,,,,,,,,,,,,,,,,,,,,100.0,imputado,['publindex'],mediana_global,False,1,,,True,,2026-09-12
0120-1468,,2665-3834,Franciscanum,2021,C,Colombia,Distrito Capital,"Bogotá, D. C.","Bogotá, D.C.",11001,Otras Humanidades,Otras Humanidades,Humanidades,UNIVERSIDAD DE SAN BUENAVENTURA,IES,,,224,2665-3834,franciscanum,CO,2026-09-12,consolidado,fb311cf64dd3d1af,,,,,,,,,0,,,,,,,,,,,,,,,,,,,,,,,,,,,,,,,,,,,,,,,,,,,,,,,,,,,,,,,,,,,,,,,,,100.0,imputado,['publindex'],mediana_global,False,1,,,True,,2026-09-12
2027-2103,,,Cuadernos De Vivienda Y Urbanismo,2021,B,Colombia,Distrito Capital,"Bogotá, D. C.","Bogotá, D.C.",11001,No registra,Arte,Humanidades,PONTIFICIA UNIVERSIDAD JAVERIANA,IES,,,149,2027-2103,cuadernos vivienda urbanismo,CO,2026-09-12,consolidado,cf6606a1b06ecd3f,,,,,,,,,0,,,,,,,,,,,,,,,,,,,,,,,,,,,,,,,,,,,,,,,,,,,,,,,,,,,,,,,,,,,,,,,,,100.0,imputado,['publindex'],mediana_global,False,2,,,True,,2026-09-12
,,2322-634X,Revista Colombiana de Salud Ocupacional,2021,C,Colombia,Pacífico,Valle del Cauca,Cali,76001,Salud Ocupacional,Ciencias de la Salud,Ciencias Médicas y de la Salud,UNIVERSIDAD LIBRE DE COLOMBIA,IES,,,"158,690",2322-634X,colombiana salud ocupacional,CO,2026-09-12,consolidado,15f34fad32ef568d,,,,,,,,,0,,,,,,,,,,,,,,https://revistas.unilibre.edu.co/index.php/rc_salud_ocupa/index,https://doaj.org/toc/2cfda12ec5be4176a9306ef39992bf66,2011,,,2322-634X,"['psychosociology of work' 'ocupational health' 'ergonomics'
 'work medicine' 'occupational and environmental hygiene']",['Spanish' 'English'],Colombia,,,CC BY-NC-SA,,https://revistas.unilibre.edu.co/index.php/rc_salud_ocupa/creative,True,False,https://revistas.unilibre.edu.co/index.php/rc_salud_ocupa/intelectual,Double anonymous peer review,https://revistas.unilibre.edu.co/index.php/rc_salud_ocupa/evaluacion,True,https://revistas.unilibre.edu.co/index.php/rc_salud_ocupa/enfoque,https://revistas.unilibre.edu.co/index.php/rc_salud_ocupa/about/editorialTeam,https://revistas.unilibre.edu.co/index.php/rc_salud_ocupa/directrices_autores,28,False,https://revistas.unilibre.edu.co/index.php/rc_salud_ocupa/directrices_autores,False,,False,,,,,,,DOI,True,,,RA1-1270|BF1-990,False,No,No,Medicine: Public aspects of medicine | Philosophy. Psychology. Religion: Psychology,2023-03-02,2023-03-02,2023-03-02,275,2025-09-18,,,100.0,imputado,['publindex'],mediana_area,False,1,,,True,False,2026-09-12
2346-3279,,,En Contexto,2021,C,Colombia,Eje Cafetero,Antioquia,Medellín,05001,No registra,Otras Ciencias Sociales,Ciencias Sociales,TECNOLOGICO DE ANTIOQUIA INSTITUCION UNIVERSITARIA,IES,,,108,2346-3279,contexto,CO,2026-09-12,consolidado,4c66028c3d37ac8a,,,,,,,,,0,,,,,,,,,,,,,,https://ojs.tdea.edu.co/index.php/encontexto/index,https://doaj.org/toc/c9fa8978c74c4a2082ded5a01e710ca0,2013,,2346-3279,2711-0044,"['management' 'development' 'economics' 'finance' 'accounting'
 'administration']",['Portuguese' 'English' 'Spanish'],Colombia,Tecnológico de Antioquia Institución Universitaria,Colombia,CC BY-NC-ND,,https://ojs.tdea.edu.co/index.php/encontexto/Terms,True,True,https://ojs.tdea.edu.co/index.php/encontexto/about,Double anonymous peer review,https://ojs.tdea.edu.co/index.php/encontexto/about,True,https://ojs.tdea.edu.co/index.php/encontexto/about,https://ojs.tdea.edu.co/index.php/encontexto/about/editorialTeam,https://ojs.tdea.edu.co/index.php/encontexto/about/submissions,20,False,https://ojs.tdea.edu.co/index.php/encontexto/NotAPC,False,,False,,,,,,,DOI,True,,,HB71-74,False,No,No,Social Sciences: Economic theory. Demography: Economics as a science,2026-07-10,2026-07-10,,127,2026-07-17,,,100.0,imputado,['publindex'],mediana_global,False,1,,,True,False,2026-09-12
,,2216-1201,Revista Colombiana De Ciencias Sociales,2021,B,Colombia,Eje Cafetero,Antioquia,Medellín,05001,No registra,Otras Ciencias Sociales,Ciencias Sociales,UNIVERSIDAD CATOLICA LUIS AMIGO,IES,,,548,2216-1201,colombiana ciencias sociales,CO,2026-09-12,consolidado,caab6e2619a9dadc,,,,,,,,,0,,,,,,,,,,,,,,https://revistas.ucatolicaluisamigo.edu.co/index.php/RCCS/index,https://doaj.org/toc/4e951d858a294915b34878a30213a8a9,2010,,,2216-1201,"['psychology' 'history' 'anthropology' 'sociology' 'family development'
 'education']",['Portuguese' 'Spanish' 'English'],Colombia,,,CC BY-NC-ND,,https://revistas.ucatolicaluisamigo.edu.co/index.php/RCCS/licencia,True,False,https://revistas.ucatolicaluisamigo.edu.co/index.php/RCCS/licencia,Double anonymous peer review,https://revistas.ucatolicaluisamigo.edu.co/index.php/RCCS/PATH,True,https://revistas.ucatolicaluisamigo.edu.co/index.php/RCCS/Enfoqueyalcance,https://revistas.ucatolicaluisamigo.edu.co/index.php/RCCS/about/editorialTeam,https://revistas.ucatolicaluisamigo.edu.co/index.php/RCCS/codigo_de_conducta,24,False,https://revistas.ucatolicaluisamigo.edu.co/index.php/RCCS/Politicadeaccesoabierto_apc,False,,False,,,,,Open Policy Finder,https://openpolicyfinder.jisc.ac.uk/id/publication/27491,DOI,True,,,H|H1-99,False,No,No,Social Sciences: Social sciences (General),2013-09-12,2022-03-08,2022-03-08,539,2026-03-11,,,100.0,imputado,['publindex'],mediana_global,False,2,,,True,False,2026-09-12
,,2256-1498,Mutis,2021,C,Colombia,Distrito Capital,"Bogotá, D. C.","Bogotá, D.C.",11001,Otras Ciencias Naturales,Otras Ciencias Naturales,Ciencias Naturales,UNIVERSIDAD JORGE TADEO LOZANO,IES,,,663,2256-1498,mutis,CO,2026-09-12,consolidado,359db367afb912e6,,,,,,,,,0,,,,,,,,,,,,,,http://revistas.utadeo.edu.co/index.php/mutis/index,https://doaj.org/toc/f277625cb9c146099276b80563c1a176,2011,Mutis: Revista de Arte y Ciencia de la Universidad Jorge Tadeo Lozano,,2256-1498,['natural science' 'engineering' 'biology' 'chemistry' 'marine biology'],['English' 'Spanish'],Colombia,,,CC BY-NC-SA,,https://revistas.utadeo.edu.co/index.php/mutis/about,True,True,http://revistas.utadeo.edu.co/index.php/mutis/about/submissions#copyrightNotice,Peer review,http://revistas.utadeo.edu.co/index.php/mutis/about/editorialPolicies#peerReviewProcess,True,https://revistas.utadeo.edu.co/index.php/mutis/about,http://revistas.utadeo.edu.co/index.php/mutis/about/editorialTeam,http://revistas.utadeo.edu.co/index.php/mutis/about/submissions#authorGuidelines,6,False,https://revistas.utadeo.edu.co/index.php/mutis/about,False,,False,https://revistas.utadeo.edu.co/index.php/mutis/about,,,,,,DOI,True,,,Q|Q1-390|H1-99,False,No,No,Science: Science (General) | Social Sciences: Social sciences (General),2016-02-24,2019-12-05,2019-12-05,265,2026-04-21,,,100.0,imputado,['publindex'],mediana_global,False,1,,,True,True,2026-09-12
2216-0973,,2346-3414,Revista Cuidarte,2021,B,Colombia,Centro Oriente,Santander,Bucaramanga,68001,No registra,Ciencias de la Salud,Ciencias Médicas y de la Salud,UNIVERSIDAD DE SANTANDER,IES,,,981,2346-3414,cuidarte,CO,2026-09-12,consolidado,b389a950d0bbb899,,,,,,,,,0,,,,,,,,,,,,,,,,,,,,,,,,,,,,,,,,,,,,,,,,,,,,,,,,,,,,,,,,,,,,,,,,,100.0,imputado,['publindex'],mediana_area,False,2,,,True,,2026-09-12
0121-8697,,2145-9355,Revista De Derecho,2021,C,Colombia,Caribe,Atlántico,Barranquilla,08001,No registra,Derecho,Ciencias Sociales,FUNDACION UNIVERSIDAD DEL NORTE,IES,,,272,2145-9355,derecho,CO,2026-09-12,consolidado,358cc9ef85b2d3d4,,,,,,,,,0,,,,,,,,,,,,,,,,,,,,,,,,,,,,,,,,,,,,,,,,,,,,,,,,,,,,,,,,,,,,,,,,,100.0,imputado,['publindex'],mediana_global,False,1,,,True,,2026-09-12
1692-8563,,2322-956X,Dimensión Empresarial,2021,B,Colombia,Caribe,Atlántico,Barranquilla,08001,Negocios y Management,Economía y Negocios,Ciencias Sociales,UNIVERSIDAD AUTONOMA DEL CARIBE,IES,,,977,2322-956X,dimension empresarial,CO,2026-09-12,consolidado,021c81dbfc6b87bd,,,,,,,,,0,,,,,,,,,,,,,,,,,,,,,,,,,,,,,,,,,,,,,,,,,,,,,,,,,,,,,,,,,,,,,,,,,100.0,imputado,['publindex'],mediana_global,False,2,,,True,,2026-09-12
0120-4688,,2389-9387,Praxis Filosófica,2021,C,Colombia,Pacífico,Valle del Cauca,Cali,76001,Filosofía,Otras Humanidades,Humanidades,UNIVERSIDAD DEL VALLE,IES,,,343,2389-9387,praxis filosofica,CO,2026-09-12,consolidado,f6d5e8d0a95a10f0,,,,,,,,,0,,,,,,,,,,,,,,,,,,,,,,,,,,,,,,,,,,,,,,,,,,,,,,,,,,,,,,,,,,,,,,,,,100.0,imputado,['publindex'],mediana_global,False,1,,,True,,2026-09-12
0120-5927,,,How,2021,B,Colombia,Distrito Capital,"Bogotá, D. C.","Bogotá, D.C.",11001,No registra,Ciencias de la Educación,Ciencias Sociales,ASOCIACION COLOMBIANA DE PROFESORES DE INGLES,Otras,,,"1,112",0120-5927,how,CO,2026-09-12,consolidado,41a8b9ef63643199,,,,,,,,,0,,,,,,,,,,,,,,http://www.howjournalcolombia.org,https://doaj.org/toc/d6b0fb3427f84c4085c7d3f08839bb9a,2014,,0120-5927,,"['education' 'english as a foreign language' 'teaching'
 'applied linguistics']",['English'],Colombia,,,CC BY-NC-ND,,http://howjournalcolombia.org/index.php/how/about/submissions#copyrightNotice,True,True,https://howjournalcolombia.org/index.php/how/about/submissions#copyrightNotice,Double anonymous peer review,https://howjournalcolombia.org/index.php/how/about/,False,https://howjournalcolombia.org/index.php/how/about/,http://howjournalcolombia.org/index.php/how/about/editorialTeam,http://howjournalcolombia.org/index.php/how/about/submissions#authorGuidelines,16,False,https://www.howjournalcolombia.org/index.php/how/about,False,,False,,PKP PN,,https://portal.issn.org/resource/ISSN/0120-5927,,,DOI,True,,,L|LB5-3640|PE1-3729,False,No,No,Education: Theory and practice of education | Language and Literature: English language,2015-06-15,2026-07-30,,608,2026-04-21,,,100.0,imputado,['publindex'],mediana_global,False,2,,,True,False,2026-09-12
1657-3412,,2346-0253,Cuadernos Hispanoamericanos De Psicología,2021,C,Colombia,Distrito Capital,"Bogotá, D. C.","Bogotá, D.C.",11001,No registra,Psicología,Ciencias Sociales,UNIVERSIDAD EL BOSQUE,IES,,,493,2346-0253,cuadernos hispanoamericanos psicologia,CO,2026-09-12,consolidado,c6344b1c2810ccb5,,,,,,,,,0,,,,,,,,,,,,,,,,,,,,,,,,,,,,,,,,,,,,,,,,,,,,,,,,,,,,,,,,,,,,,,,,,100.0,imputado,['publindex'],mediana_global,False,1,,,True,,2026-09-12
,,2256-1536,REVISTA BOLETÍN REDIPE,2021,B,Colombia,Pacífico,Valle del Cauca,Cali,76001,No registra,Ciencias de la Educación,Ciencias Sociales,RED DE PEDAGOGIA SAS,Empresas,,,324,2256-1536,boletin redipe,CO,2026-09-12,consolidado,743c905f9b880007,,,,,,,,,0,,,,,,,,,,,,,,,,,,,,,,,,,,,,,,,,,,,,,,,,,,,,,,,,,,,,,,,,,,,,,,,,,100.0,imputado,['publindex'],mediana_global,False,2,,,True,,2026-09-12
0124-7107,,2389-7066,Universidad Y Salud,2021,B,Colombia,Pacífico,Nariño,Pasto,52001,No registra,Ciencias de la Salud,Ciencias Médicas y de la Salud,UNIVERSIDAD DE NARINO,IES,,,279,2389-7066,universidad salud,CO,2026-09-12,consolidado,d066a9f087ce2064,,,,,,,,,0,,,,,,,,,,,,,,,,,,,,,,,,,,,,,,,,,,,,,,,,,,,,,,,,,,,,,,,,,,,,,,,,,100.0,imputado,['publindex'],mediana_area,False,2,,,True,,2026-09-12
1657-320X,,2339-3874,Archivos De Medicina,2021,C,Colombia,Eje Cafetero,Caldas,Manizales,17001,No registra,Ciencias de la Salud,Ciencias Médicas y de la Salud,UNIVERSIDAD DE MANIZALES UMANIZALES,IES,,,559,2339-3874,archivos medicina,CO,2026-09-12,consolidado,7e684a1bf7aded4b,,,,,,,,,0,,,,,,,,,,,,,,,,,,,,,,,,,,,,,,,,,,,,,,,,,,,,,,,,,,,,,,,,,,,,,,,,,100.0,imputado,['publindex'],mediana_area,False,1,,,True,,2026-09-12
0121-7607,,,Ambiente Y Desarrollo,2021,C,Colombia,Distrito Capital,"Bogotá, D. C.","Bogotá, D.C.",11001,No registra,Ciencias Biológicas,Ciencias Naturales,PONTIFICIA UNIVERSIDAD JAVERIANA,IES,,,834,0121-7607,ambiente desarrollo,CO,2026-09-12,consolidado,481af0e39cffd58d,,,,,,,,,0,,,,,,,,,,,,,,,,,,,,,,,,,,,,,,,,,,,,,,,,,,,,,,,,,,,,,,,,,,,,,,,,,100.0,imputado,['publindex'],mediana_global,False,1,,,True,,2026-09-12
,,2344-8636,Ciencia e Innovación en Salud,2021,C,Colombia,Caribe,Atlántico,Barranquilla,08001,No registra,Medicina Clínica,Ciencias Médicas y de la Salud,UNIVERSIDAD SIMON BOLIVAR,IES,,,458,2344-8636,ciencia e innovacion salud,CO,2026-09-12,consolidado,c64af1ca347a2200,,,,,,,,,0,,,,,,,,,,,,,,,,,,,,,,,,,,,,,,,,,,,,,,,,,,,,,,,,,,,,,,,,,,,,,,,,,100.0,imputado,['publindex'],mediana_area,False,1,,,True,,2026-09-12
,,2665-5837,Conocimiento Global,2021,B,Colombia,Caribe,Bolívar,Cartagena de Indias,13001,"Ciencias Sociales, Interdisciplinaria",Otras Ciencias Sociales,Ciencias Sociales,CENTRO DE INVESTIGACIONES Y CAPACITACIONES INTERDISCIPLINARES,Centros,,,"158,870",2665-5837,conocimiento global,CO,2026-09-12,consolidado,9265233ab792c68e,,,,,,,,,0,,,,,,,,,,,,,,,,,,,,,,,,,,,,,,,,,,,,,,,,,,,,,,,,,,,,,,,,,,,,,,,,,100.0,imputado,['publindex'],mediana_global,False,2,,,True,,2026-09-12
1909-2458,,2390-0504,Ingeniare,2021,C,Colombia,Caribe,Atlántico,Barranquilla,08001,No registra,Otras Ingenierías y Tecnologías,Ingeniería y Tecnología,UNIVERSIDAD LIBRE DE COLOMBIA,IES,,,"1,122",2390-0504,ingeniare,CO,2026-09-12,consolidado,988c8b2e50360c36,,,,,,,,,0,,,,,,,,,,,,,,,,,,,,,,,,,,,,,,,,,,,,,,,,,,,,,,,,,,,,,,,,,,,,,,,,,100.0,imputado,['publindex'],mediana_global,False,1,,,True,,2026-09-12
2389-8186,,2389-8194,Revista Perspectiva Empresarial,2021,C,Colombia,Eje Cafetero,Antioquia,Sabaneta,05631,Economía,Economía y Negocios,Ciencias Sociales,FUNDACION UNIVERSITARIA CEIPA,IES,,,"1,240",2389-8194,perspectiva empresarial,CO,2026-09-12,consolidado,ebe8f7615e42f7fd,,,,,,,,,0,,,,,,,,,,,,,,,,,,,,,,,,,,,,,,,,,,,,,,,,,,,,,,,,,,,,,,,,,,,,,,,,,100.0,imputado,['publindex'],mediana_global,False,1,,,True,,2026-09-12
2215-910X,,2027-5692,Suma De Negocios,2021,B,Colombia,Distrito Capital,"Bogotá, D. C.","Bogotá, D.C.",11001,Negocios y Management,Economía y Negocios,Ciencias Sociales,FUNDACION UNIVERSITARIA KONRAD LORENZ,IES,,,"1,086",2027-5692,suma negocios,CO,2026-09-12,consolidado,96593533a265e715,,,,,,,,,0,,,,,,,,,,,,,,,,,,,,,,,,,,,,,,,,,,,,,,,,,,,,,,,,,,,,,,,,,,,,,,,,,100.0,imputado,['publindex'],mediana_global,False,2,,,True,,2026-09-12
0120-4483,,,Ensayos Sobre Política Económica,2021,A2,Colombia,Distrito Capital,"Bogotá, D. C.","Bogotá, D.C.",11001,No registra,Economía y Negocios,Ciencias Sociales,,No disponible,,,220,0120-4483,ensayos sobre politica economica,CO,2026-09-12,consolidado,3204110998bd4d5e,50.0,19700169972,journal,Banco de la Republica,True,False,0.201,Q3,2,12.0,3.0,5.0,426.0,5.0,4.0,1.0,142.0,0.3333,2.0,2009-2025,Political Science and International Relations (Q3); Economics and Econometrics (Q4),"Economics, Econometrics and Finance; Social Sciences",,,,,,,,,,,,,,,,,,,,,,,,,,,,,,,,,,,,,,,,,,,,,,,,,,,,100.0,imputado,['publindex'],mediana_global,False,3,1.0,0.21991247264770242,True,,2026-09-12
0120-6230,,2422-2844,Revista Facultad De Ingeniería,2021,B,Colombia,Eje Cafetero,Antioquia,Medellín,05001,No registra,Otras Ingenierías y Tecnologías,Ingeniería y Tecnología,UNIVERSIDAD DE ANTIOQUIA,IES,,,93,2422-2844,facultad ingenieria,CO,2026-09-12,consolidado,073292ec5a6d85fc,,,,,,,,,0,,,,,,,,,,,,,,,,,,,,,,,,,,,,,,,,,,,,,,,,,,,,,,,,,,,,,,,,,,,,,,,,,100.0,imputado,['publindex'],mediana_global,False,2,,,True,,2026-09-12
0120-548X,1900-1649,,Acta Biológica Colombiana,2020,B,Colombia,Distrito Capital,"Bogotá, D. C.","Bogotá, D.C.",11001,"Zoología, Ornitología, Entomología, Ciencias Biológicas del Comportamiento",Ciencias Biológicas,Ciencias Naturales,UNIVERSIDAD NACIONAL DE COLOMBIA,IES,,,305,0120-548X,acta biologica colombiana,CO,2026-09-12,consolidado,4d965bfac0f44557,75.0,17600155203,journal,Universidad Nacional de Colombia,True,True,0.175,Q4,1,25.0,47.0,170.0,1916.0,91.0,159.0,0.38,40.77,0.35259999999999997,0.0,2008-2025,Agricultural and Biological Sciences (miscellaneous) (Q4),Agricultural and Biological Sciences,http://www.revistas.unal.edu.co/index.php/actabiol,https://doaj.org/toc/12ecbea307d54705865e4324a9715a71,2005,,0120-548X,1900-1649,['biological sciences'],['English' 'Spanish'],Colombia,Universidad Nacional de Colombia,,CC BY-NC-SA,,http://www.revistas.unal.edu.co/index.php/actabiol/about/submissions#onlineSubmissions,,False,http://www.revistas.unal.edu.co/index.php/actabiol/about/editorialPolicies#custom-3,Anonymous peer review,http://www.revistas.unal.edu.co/index.php/actabiol/about/editorialPolicies#peerReviewProcess,True,http://www.revistas.unal.edu.co/index.php/actabiol/about/editorialPolicies#focusAndScope,http://www.revistas.unal.edu.co/index.php/actabiol/about/editorialTeam,http://www.revistas.unal.edu.co/index.php/actabiol/about/submissions#authorGuidelines,13,False,https://revistas.unal.edu.co/index.php/actabiol/index,False,,False,,,,,Open Policy Finder,,DOI,True,,,QH301-705.5,False,No,No,Science: Biology (General),2006-09-29,2025-09-27,2025-09-27,1763,2026-06-05,,,100.0,imputado,['publindex'],mediana_global,False,2,0.5352941176470588,0.19146608315098465,True,False,2026-09-12
0120-2510,,,Boletín De Antropología,2020,C,Colombia,Eje Cafetero,Antioquia,Medellín,05001,Antropología,Sociología,Ciencias Sociales,UNIVERSIDAD DE ANTIOQUIA,IES,,,226,0120-2510,boletin antropologia,CO,2026-09-12,consolidado,dcd9d15910c2764d,,,,,,,,,0,,,,,,,,,,,,,,,,,,,,,,,,,,,,,,,,,,,,,,,,,,,,,,,,,,,,,,,,,,,,,,,,,100.0,imputado,['publindex'],mediana_global,False,1,,,True,,2026-09-12
0120-4661,,,Historia Y Espacio,2020,B,Colombia,Pacífico,Valle del Cauca,Cali,76001,Historia,Historia y Arqueología,Humanidades,UNIVERSIDAD DEL VALLE,IES,,,557,0120-4661,historia espacio,CO,2026-09-12,consolidado,07c844e641be43ef,,,,,,,,,0,,,,,,,,,,,,,,http://revistas.univalle.edu.co/index.php/historia_y_espacio,https://doaj.org/toc/f1edebcb79284ca0a2c84cc71a543c6a,2013,,0120-4661,2357-6448,['history' 'social sciences' 'historiography' 'human sciences'],['Spanish'],Colombia,Universidad del Valle,,CC BY-NC-SA,,http://revistas.univalle.edu.co/index.php/historia_y_espacio/about/#PoliAccAbi,,False,,Double anonymous peer review,http://revistas.univalle.edu.co/index.php/historia_y_espacio/about/#peerReviewProcess,False,http://revistas.univalle.edu.co/index.php/historia_y_espacio/about/#focusAndScope,http://revistas.univalle.edu.co/index.php/historia_y_espacio/about/editorialTeam,http://revistas.univalle.edu.co/index.php/historia_y_espacio/information/authors,25,False,http://historiayespacio.univalle.edu.co/index.php/historia_y_espacio/about#PoliAccAbi,False,,False,http://historiayespacio.univalle.edu.co/index.php/historia_y_espacio/about#PoliAccAbi,,,,,,DOI,True,,,D1-2009|F1201-3799,False,No,No,History (General) and history of Europe: History (General) | History America: Latin America. Spanish America,2018-12-28,2019-01-23,2019-01-23,651,2026-07-18,,,100.0,imputado,['publindex'],mediana_global,False,2,,,True,False,2026-09-12
0124-5376,,,Biota Colombiana,2020,C,Colombia,Distrito Capital,"Bogotá, D. C.","Bogotá, D.C.",11001,No registra,Ciencias Biológicas,Ciencias Naturales,INSTITUTO DE INVESTIGACION DE RECURSOS BIOLOGICOS ALEXANDER VON HUMBOLDT,Centros,,,477,0124-5376,biota colombiana,CO,2026-09-12,consolidado,f3abc4ea86f3596a,36.0,21101021454,journal,Instituto de investigación de recursos biológicos Alexander von humboldt,True,True,0.216,Q3,2,7.0,20.0,71.0,985.0,45.0,70.0,0.49,49.25,0.3947,0.0,2019-2025,"Animal Science and Zoology (Q3); Ecology (Q3); Nature and Landscape Conservation (Q3); Ecology, Evolution, Behavior and Systematics (Q4); Plant Science (Q4)",Agricultural and Biological Sciences; Environmental Science,http://revistas.humboldt.org.co/index.php/biota,https://doaj.org/toc/ed6cd25464c6421b8ba6ce62fbfabb1d,2000,,0124-5376,2539-200X,['biology' 'zoology' 'ecology' 'botany' 'conservation' 'biodiversity'],['English' 'Spanish'],Colombia,,,CC BY-NC-ND,,https://revistas.humboldt.org.co/index.php/biota/index,True,False,https://revistas.humboldt.org.co/index.php/biota/about/submissions,Double anonymous peer review,https://revistas.humboldt.org.co/index.php/biota/about/submissions,True,https://revistas.humboldt.org.co/index.php/biota/about,https://revistas.humboldt.org.co/index.php/biota/about/editorialTeam,http://revistas.humboldt.org.co/index.php/biota/about/submissions,30,False,http://revistas.humboldt.org.co/index.php/biota/about/,False,,False,,PKP PN,,https://portal.issn.org/resource/ISSN/2539-200X,,,DOI,True,,,QH301-705.5,False,No,No,Science: Biology (General),2018-10-18,2026-06-19,,2255,2026-06-05,,,100.0,imputado,['publindex'],mediana_global,False,1,0.6338028169014085,0.23632385120350108,True,False,2026-09-12
2027-8306,,,"Revista De Investigacion, Desarrollo E Innovacion",2020,B,Colombia,Centro Oriente,Boyacá,Duitama,15238,No registra,Otras Ciencias Sociales,Ciencias Sociales,UNIVERSIDAD PEDAGOGICA Y TECNOLOGICA DE COLOMBIA,IES,,,779,2027-8306,investigacion desarrollo e innovacion,CO,2026-09-12,consolidado,e6337f6fbe0413fc,,,,,,,,,0,,,,,,,,,,,,,,https://revistas.uptc.edu.co/index.php/investigacion_duitama/index,https://doaj.org/toc/7a06912f80414c24a0eea37d35c54bd5,2010,,2027-8306,2389-9417,['design' 'engineering' 'innovation' 'management' 'educational research'],['English' 'Spanish'],Colombia,,,CC BY,,https://revistas.uptc.edu.co/index.php/investigacion_duitama/about,,False,https://revistas.uptc.edu.co/index.php/investigacion_duitama/about,Double anonymous peer review,https://revistas.uptc.edu.co/index.php/investigacion_duitama/about,False,https://revistas.uptc.edu.co/index.php/investigacion_duitama/about,https://revistas.uptc.edu.co/index.php/investigacion_duitama/about/editorialTeam,https://revistas.uptc.edu.co/index.php/investigacion_duitama/about/submissions,14,False,https://revistas.uptc.edu.co/index.php/investigacion_duitama/about,False,,False,,PKP PN,,https://portal.issn.org/resource/ISSN/2389-9417,,,DOI,True,,,H|HD28-9999|HD28-70|HD45-45.2,False,No,No,Social Sciences: Industries. Land use. Labor: Management. Industrial management: Technological innovations. Automation,2017-04-03,2024-04-04,2024-04-04,370,2026-07-31,,,100.0,imputado,['publindex'],mediana_global,False,2,,,True,False,2026-09-12
0370-3908,,,"Revista De La Academia Colombiana De Ciencias Exactas, Físicas Y Naturales",2020,B,Colombia,Distrito Capital,"Bogotá, D. C.","Bogotá, D.C.",11001,Geología,Ciencias de la Tierra y Medioambientales,Ciencias Naturales,ACADEMIA COLOMBIANA DE CIENCIAS EXACTAS FISICAS Y NATURALES ACCEFYN,Otras,,,257,0370-3908,academia colombiana ciencias exactas fisicas naturales,CO,2026-09-12,consolidado,a901038125f84047,,,,,,,,,0,,,,,,,,,,,,,,https://raccefyn.co/,https://doaj.org/toc/769541e46c6147b1b0184d103bfee101,2014,,0370-3908,2382-4980,"['physical sciences' 'natural sciences' 'behavioural sciences'
 'chemical sciences' 'mathematics' 'biomedical sciences']",['English' 'Spanish'],Colombia,,,CC BY-NC-SA,,https://raccefyn.co/index.php/raccefyn/about/submissions,True,False,https://raccefyn.co/index.php/raccefyn/about/submissions,Double anonymous peer review,https://raccefyn.co/index.php/raccefyn/about,True,https://raccefyn.co/index.php/raccefyn/about,https://raccefyn.co/index.php/raccefyn/about/editorialTeam,https://raccefyn.co/index.php/raccefyn/about/submissions,28,False,https://raccefyn.co/index.php/raccefyn/about,False,,False,,,,,,,DOI,True,,,Q1-390,False,No,No,Science: Science (General),2020-12-02,2020-12-07,2020-12-07,630,2026-08-04,,,100.0,imputado,['publindex'],mediana_global,False,2,,,True,False,2026-09-12
1657-5997,,,Aquichan,2020,C,Colombia,Centro Oriente,Cundinamarca,Chía,25175,Enfermería,Ciencias de la Salud,Ciencias Médicas y de la Salud,UNIVERSIDAD DE LA SABANA,IES,,,489,1657-5997,aquichan,CO,2026-09-12,consolidado,e44df2badbe29aad,23.0,19900193899,journal,Universidad de La Sabana,True,True,0.247,Q2,3,16.0,23.0,96.0,887.0,75.0,84.0,0.58,38.57,0.7323999999999999,0.0,2010-2025,Nurse Assisting (Q2); Critical Care Nursing (Q3); Research and Theory (Q3); Gerontology (Q4),Nursing,http://aquichan.unisabana.edu.co/index.php/aquichan/index,https://doaj.org/toc/2208b36d1d374a8a871ade0b1b495627,2001,,1657-5997,2027-5374,['infirmary' 'nursing'],['English'],Colombia,Universidad de La Sabana,,CC BY,,http://aquichan.unisabana.edu.co/index.php/aquichan/about/submissions#copyrightNotice,,False,,Double anonymous peer review,http://aquichan.unisabana.edu.co/index.php/aquichan/about/editorialPolicies#peerReviewProcess,False,http://aquichan.unisabana.edu.co/index.php/aquichan/about/editorialPolicies#focusAndScope,http://aquichan.unisabana.edu.co/index.php/aquichan/about/displayMembership/6,http://aquichan.unisabana.edu.co/index.php/aquichan/about/submissions#authorGuidelines,36,False,http://aquichan.unisabana.edu.co/index.php/aquichan/about/submissions#privacyStatement,False,,False,http://aquichan.unisabana.edu.co/index.php/aquichan/about/submissions#privacyStatement,,,http://aquichan.unisabana.edu.co/index.php/aquichan/index,,,DOI,True,,,RT1-120|H,False,No,No,Medicine: Nursing | Social Sciences,2008-02-14,2019-11-06,2019-11-06,1120,2024-10-05,,,100.0,imputado,['publindex'],mediana_area,False,1,0.78125,0.27024070021881835,True,False,2026-09-12
1794-8932,,,Sophia,2020,C,Colombia,Eje Cafetero,Quindío,Armenia,63001,"Educación General (Incluye Capacitación, Pedagogía)",Ciencias de la Educación,Ciencias Sociales,UNIVERSIDAD LA GRAN COLOMBIA,IES,,,"1,017",1794-8932,sophia,CO,2026-09-12,consolidado,cfaa97be98b34671,,,,,,,,,0,,,,,,,,,,,,,,,,,,,,,,,,,,,,,,,,,,,,,,,,,,,,,,,,,,,,,,,,,,,,,,,,,100.0,imputado,['publindex'],mediana_global,False,1,,,True,,2026-09-12
1692-5858,,,Encuentros,2020,B,Colombia,Caribe,Atlántico,Barranquilla,08001,Medios y Comunicación Social,Periodismo y Comunicaciones,Ciencias Sociales,UNIVERSIDAD AUTONOMA DEL CARIBE,IES,,,578,1692-5858,encuentros,CO,2026-09-12,consolidado,baa37b681ac338be,,,,,,,,,0,,,,,,,,,,,,,,,,,,,,,,,,,,,,,,,,,,,,,,,,,,,,,,,,,,,,,,,,,,,,,,,,,100.0,imputado,['publindex'],mediana_global,False,2,,,True,,2026-09-12
0120-100X,2145-8480,,Ion,2020,C,Colombia,Centro Oriente,Santander,Bucaramanga,68001,Ingeniería de Procesos,Ingeniería Química,Ingeniería y Tecnología,UNIVERSIDAD INDUSTRIAL DE SANTANDER,IES,,,731,0120-100X,ion,CO,2026-09-12,consolidado,fc5f507d29255087,,,,,,,,,0,,,,,,,,,,,,,,http://revistas.uis.edu.co/index.php/revistaion/index,https://doaj.org/toc/38555cda4b124fb391446f69a5f58e3b,1997,,0120-100X,2145-8480,"['fuels and biofuels' 'engineering' 'materials science'
 'chemical and physics science' 'bioprocess and green technologies']",['Spanish' 'Portuguese' 'English'],Colombia,,,CC BY-ND,,https://revistas.uis.edu.co/index.php/revistaion/about#t6,True,False,https://revistas.uis.edu.co/index.php/revistaion/about/submissions,Double anonymous peer review,https://revistas.uis.edu.co/index.php/revistaion/about#t5,True,https://revistas.uis.edu.co/index.php/revistaion/about#t2,http://revistas.uis.edu.co/index.php/revistaion/about/editorialTeam,https://revistas.uis.edu.co/index.php/revistaion/libraryFiles/downloadPublic/292,24,False,https://revistas.uis.edu.co/index.php/revistaion/about#t4,False,,False,,,,,,,DOI,True,,,Q|QD1-999,False,No,No,Science: Chemistry,2016-10-07,2025-06-27,2025-06-27,77,2025-05-29,,,100.0,imputado,['publindex'],mediana_global,False,1,,,True,False,2026-09-12
1909-5759,,,Revista Via Iuris,2020,C,Colombia,Distrito Capital,"Bogotá, D. C.","Bogotá, D.C.",11001,No registra,Derecho,Ciencias Sociales,FUNDACION UNIVERSITARIA LOS LIBERTADORES,IES,,,756,1909-5759,via iuris,CO,2026-09-12,consolidado,d371475c4e3f4a70,,,,,,,,,0,,,,,,,,,,,,,,,,,,,,,,,,,,,,,,,,,,,,,,,,,,,,,,,,,,,,,,,,,,,,,,,,,100.0,imputado,['publindex'],mediana_global,False,1,,,True,,2026-09-12
2011-4532,,,Eleuthera,2020,C,Colombia,Eje Cafetero,Caldas,Manizales,17001,No registra,Sociología,Ciencias Sociales,UNIVERSIDAD DE CALDAS,IES,,,"1,055",2011-4532,eleuthera,CO,2026-09-12,consolidado,e64d5c3fc106b95a,,,,,,,,,0,,,,,,,,,,,,,,http://eleuthera.ucaldas.edu.co,https://doaj.org/toc/6ac6c43b1bc5443d9a6cb8944e9131d2,2007,Revista Iberoamericana de Desarrollo Humano y Social,2011-4532,2463-1469,['social science' 'social work' 'human development' 'social development'],['Spanish' 'Portuguese' 'French' 'English'],Colombia,,,CC BY,,http://eleuthera.ucaldas.edu.co/index.php/politicas-eticas,True,False,http://eleuthera.ucaldas.edu.co/index.php/politicas-eticas,Double anonymous peer review,http://eleuthera.ucaldas.edu.co/index.php/politicas-eticas,False,http://eleuthera.ucaldas.edu.co,http://eleuthera.ucaldas.edu.co/index.php/comite-editolrial,http://eleuthera.ucaldas.edu.co/index.php/orientacion-para-los-autores,30,False,http://eleuthera.ucaldas.edu.co,False,,False,,,,,,,DOI,True,,,H1-99,False,No,No,Social Sciences: Social sciences (General),2018-11-12,2024-05-07,2024-05-07,246,2026-01-26,,,100.0,imputado,['publindex'],mediana_global,False,1,,,True,False,2026-09-12
0123-9015,,,Revista Colombiana De Cancerología,2020,C,Colombia,Distrito Capital,"Bogotá, D. C.","Bogotá, D.C.",11001,Oncología,Medicina Clínica,Ciencias Médicas y de la Salud,INSTITUTO NACIONAL DE CANCEROLOGIA ESE,Centros,,,446,0123-9015,colombiana cancerologia,CO,2026-09-12,consolidado,a79adddefbe0ff01,,,,,,,,,0,,,,,,,,,,,,,,,,,,,,,,,,,,,,,,,,,,,,,,,,,,,,,,,,,,,,,,,,,,,,,,,,,100.0,imputado,['publindex'],mediana_area,False,1,,,True,,2026-09-12
2145-2628,,,Journal De Ciencia E Ingenieria,2020,C,Colombia,Pacífico,Cauca,Popayán,19001,Otras Ingenierías y Tecnologías,Otras Ingenierías y Tecnologías,Ingeniería y Tecnología,CORPORACION UNIVERSITARIA AUTONOMA DEL CAUCA,IES,,,972,2145-2628,ciencia e ingenieria,CO,2026-09-12,consolidado,f3495c5cc4c70b03,,,,,,,,,0,,,,,,,,,,,,,,,,,,,,,,,,,,,,,,,,,,,,,,,,,,,,,,,,,,,,,,,,,,,,,,,,,100.0,imputado,['publindex'],mediana_global,False,1,,,True,,2026-09-12
0120-3886,,,Revista Facultad De Derecho Y Ciencias Políticas,2020,C,Colombia,Eje Cafetero,Antioquia,Medellín,05001,Derecho,Derecho,Ciencias Sociales,UNIVERSIDAD PONTIFICIA BOLIVARIANA,IES,,,155,0120-3886,facultad derecho ciencias politicas,CO,2026-09-12,consolidado,969618f77d28c607,77.0,21101152724,journal,Universidad Pontificia Bolivariana,True,True,0.171,Q3,2,3.0,8.0,71.0,295.0,19.0,71.0,0.36,36.88,0.22219999999999998,0.0,2019-2025,Law (Q3),Social Sciences,https://revistas.upb.edu.co/index.php/derecho/index,https://doaj.org/toc/1a3b791777044b068178e079440d2d7b,2013,,0120-3886,2390-0016,['law' 'political sciences'],['Spanish'],Colombia,Universidad Pontificia Bolivariana,,CC BY-NC,,https://revistas.upb.edu.co/index.php/derecho/about/submissions#copyrightNotice,,True,https://revistas.upb.edu.co/index.php/derecho/about/submissions#copyrightNotice,Anonymous peer review,https://revistas.upb.edu.co/index.php/derecho/about/editorialPolicies#peerReviewProcess,False,https://revistas.upb.edu.co/index.php/derecho/about/editorialPolicies#focusAndScope,https://revistas.upb.edu.co/index.php/derecho/about/editorialTeam,https://revistas.upb.edu.co/index.php/derecho/about/submissions#authorGuidelines,16,False,https://revistas.upb.edu.co/index.php/derecho/about/editorialPolicies#openAccessPolicy,False,,False,https://revistas.upb.edu.co/index.php/derecho/about/editorialPolicies#openAccessPolicy,,,,,,,True,,,K|K1-7720|JA1-92,False,No,No,Law: Law in general. Comparative and uniform law. Jurisprudence | Political science: Political science (General),2019-12-19,2019-12-19,2019-12-19,1499,2026-07-24,,,100.0,imputado,['publindex'],mediana_global,False,1,0.2676056338028169,0.18708971553610504,True,False,2026-09-12
0123-1294,,,Educación Y Educadores,2020,B,Colombia,Centro Oriente,Cundinamarca,Chía,25175,"Educación General (Incluye Capacitación, Pedagogía)",Ciencias de la Educación,Ciencias Sociales,UNIVERSIDAD DE LA SABANA,IES,,,463,0123-1294,educacion educadores,CO,2026-09-12,consolidado,08bec4ac6a35e471,,,,,,,,,0,,,,,,,,,,,,,,http://educacionyeducadores.unisabana.edu.co/index.php/eye/index,https://doaj.org/toc/f54a76d1132743449e00f808ba2a53c3,1997,,0123-1294,,['education' 'teaching' 'learning' 'administration'],['Spanish'],Colombia,,,CC BY-NC-ND,,https://educacionyeducadores.unisabana.edu.co/index.php/eye/about/submissions,,False,https://educacionyeducadores.unisabana.edu.co/index.php/eye/about/submissions,Double anonymous peer review,https://educacionyeducadores.unisabana.edu.co/index.php/eye/about/submissions,False,https://educacionyeducadores.unisabana.edu.co/index.php/eye/about,https://educacionyeducadores.unisabana.edu.co/index.php/eye/about/editorialTeam,https://educacionyeducadores.unisabana.edu.co/index.php/eye/about/submissions,30,False,https://educacionyeducadores.unisabana.edu.co/index.php/eye/about/submissions,False,,False,,,,,,,,True,,,L|LB5-3640,False,No,No,Education: Theory and practice of education,2012-05-16,2021-07-21,2021-07-21,276,2015-12-11,,,100.0,imputado,['publindex'],mediana_global,False,2,,,True,False,2026-09-12
1794-4449,2256-3938,,Revista Lasallista De Investigación,2020,B,Colombia,Eje Cafetero,Antioquia,Caldas,05129,No registra,Otras Ciencias Naturales,Ciencias Naturales,CORPORACION UNIVERSITARIA LASALLISTA,IES,,,647,1794-4449,lasallista investigacion,CO,2026-09-12,consolidado,d41c9f01e8663ffc,,,,,,,,,0,,,,,,,,,,,,,,,,,,,,,,,,,,,,,,,,,,,,,,,,,,,,,,,,,,,,,,,,,,,,,,,,,100.0,imputado,['publindex'],mediana_global,False,2,,,True,,2026-09-12
1909-0455,,,Producción + Limpia,2020,C,Colombia,Eje Cafetero,Antioquia,Caldas,05129,Ciencias del Medio Ambiente,Ciencias de la Tierra y Medioambientales,Ciencias Naturales,CORPORACION UNIVERSITARIA LASALLISTA,IES,AREA METROPOLITANA DEL VALLE DE ABURRA,,988,1909-0455,produccion limpia,CO,2026-09-12,consolidado,31566adb9757bc70,,,,,,,,,0,,,,,,,,,,,,,,,,,,,,,,,,,,,,,,,,,,,,,,,,,,,,,,,,,,,,,,,,,,,,,,,,,100.0,imputado,['publindex'],mediana_global,False,1,,,True,,2026-09-12
0124-2121,,,Educacion Y Humanismo,2020,B,Colombia,Caribe,Atlántico,Barranquilla,08001,"Educación General (Incluye Capacitación, Pedagogía)",Ciencias de la Educación,Ciencias Sociales,UNIVERSIDAD SIMON BOLIVAR,IES,,,428,0124-2121,educacion humanismo,CO,2026-09-12,consolidado,d601f4e2ae657c16,,,,,,,,,0,,,,,,,,,,,,,,http://revistas.unisimon.edu.co/index.php/educacion/index,https://doaj.org/toc/e4a938f1ac6842dd8e5a96b699c8d376,2008,,0124-2121,2665-2420,['curriculum' 'didactics' 'gender studies' 'pedagogy' 'education'],['Spanish'],Colombia,,,CC BY-NC-ND,,http://revistas.unisimon.edu.co/index.php/educacion/Open_access,,False,,Double anonymous peer review,http://revistas.unisimon.edu.co/index.php/educacion/pares,True,http://revistas.unisimon.edu.co/index.php/educacion/about,http://revistas.unisimon.edu.co/index.php/educacion/about/editorialTeam,http://revistas.unisimon.edu.co/index.php/educacion/Guidelines_authors,16,False,http://revistas.unisimon.edu.co/index.php/educacion/Open_access,False,,False,http://revistas.unisimon.edu.co/index.php/educacion/Open_access,,,http://publicaciones.unisimonbolivar.edu.co/rdigital/ojs/index.php/educacion/about/editorialPolicies#archiving,,,,True,,,L7-991|H1-99,False,No,No,Education: Education (General) | Social Sciences: Social sciences (General),2013-07-17,2019-09-10,2019-09-10,547,2026-06-17,,,100.0,imputado,['publindex'],mediana_global,False,2,,,True,False,2026-09-12
0122-6339,2248-6798,,Enunciación,2020,C,Colombia,Distrito Capital,"Bogotá, D. C.","Bogotá, D.C.",11001,Estudios Generales del Lenguaje,Idiomas y Literatura,Humanidades,UNIVERSIDAD DISTRITAL FRANCISCO JOSE DE CALDAS,IES,,,294,0122-6339,enunciacion,CO,2026-09-12,consolidado,799012650807087d,,,,,,,,,0,,,,,,,,,,,,,,https://revistas.udistrital.edu.co/index.php/enunc/index,https://doaj.org/toc/689e126a1bf44757b0b13c237e45b9ad,1996,,0122-6339,2248-6798,['education' 'pedagogy' 'literature' 'language' 'technologies'],['Spanish'],Colombia,,,CC BY-NC-SA,,https://revistas.udistrital.edu.co/index.php/enunc/about,True,False,https://revistas.udistrital.edu.co/index.php/enunc/about,Double anonymous peer review,https://revistas.udistrital.edu.co/index.php/enunc/about,True,https://revistas.udistrital.edu.co/index.php/enunc/about,https://revistas.udistrital.edu.co/index.php/enunc/about/editorialTeam,http://revistas.udistrital.edu.co/ojs/index.php/enunc/about/submissions#authorGuidelines,6,False,https://revistas.udistrital.edu.co/index.php/enunc/about,False,,False,,,,,,,DOI,True,,,LC8-6691|P|P1-1091,False,No,No,Education: Special aspects of education | Language and Literature: Philology. Linguistics,2016-02-16,2021-06-17,2021-06-17,741,2026-06-12,,,100.0,imputado,['publindex'],mediana_global,False,1,,,True,True,2026-09-12
0122-9893,2346-2051,,Revista Derecho Del Estado,2020,C,Colombia,Distrito Capital,"Bogotá, D. C.","Bogotá, D.C.",11001,Derecho,Derecho,Ciencias Sociales,UNIVERSIDAD EXTERNADO DE COLOMBIA,IES,,,474,0122-9893,derecho estado,CO,2026-09-12,consolidado,9e90b1c3f4a68051,,,,,,,,,0,,,,,,,,,,,,,,https://revistas.uexternado.edu.co/index.php/derest,https://doaj.org/toc/995c7def5e8c4eaca090db5025fa65d2,1999,,0122-9893,2346-2051,"['state law' 'constitutional law' 'public international law'
 'administrative law' 'political science']",['French' 'Spanish' 'Portuguese' 'English'],Colombia,,,CC BY-NC-SA,,https://revistas.uexternado.edu.co/index.php/derest/information/authors,,True,https://revistas.uexternado.edu.co/index.php/derest/about/goodPractices,Double anonymous peer review,https://revistas.uexternado.edu.co/index.php/derest/information/authors,True,https://revistas.uexternado.edu.co/index.php/derest/about#focusAndScope,https://revistas.uexternado.edu.co/index.php/derest/about/editorialTeam,https://revistas.uexternado.edu.co/index.php/derest/information/authors,16,False,https://revistas.uexternado.edu.co/index.php/derest/about/goodPractices,False,,False,,,,,Open Policy Finder,https://openpolicyfinder.jisc.ac.uk/publication/24973,DOI,True,,,K1-7720,False,No,No,Law: Law in general. Comparative and uniform law. Jurisprudence,2012-01-02,2026-07-21,2026-06-19,1041,2026-05-26,,,100.0,imputado,['publindex'],mediana_global,False,1,,,True,False,2026-09-12
0120-0283,,,Boletín De Geología,2020,B,Colombia,Centro Oriente,Santander,Bucaramanga,68001,No registra,Ciencias de la Tierra y Medioambientales,Ciencias Naturales,UNIVERSIDAD INDUSTRIAL DE SANTANDER,IES,,,295,0120-0283,boletin geologia,CO,2026-09-12,consolidado,dbb4d7adcae67c90,,,,,,,,,0,,,,,,,,,,,,,,http://revistas.uis.edu.co/index.php/revistaboletindegeologia,https://doaj.org/toc/d993bd0e40584779b43dd51fbc89bb52,2000,,0120-0283,2145-8553,['geology'],['Spanish'],Colombia,,,CC BY,,http://revistas.uis.edu.co/index.php/revistaboletindegeologia/index,True,False,,Anonymous peer review,https://revistas.uis.edu.co/index.php/revistaboletindegeologia/about,False,https://revistas.uis.edu.co/index.php/revistaboletindegeologia/about,https://revistas.uis.edu.co/index.php/revistaboletindegeologia/about/editorialTeam,https://revistas.uis.edu.co/index.php/revistaboletindegeologia/about/submissions#authorGuidelines,15,False,http://revistas.uis.edu.co/public/journals/4/docs/Boletin_NormasEditoriales_esES.pdf,False,,False,http://revistas.uis.edu.co/public/journals/4/docs/Boletin_NormasEditoriales_esES.pdf,,,,,,,True,,,QE1-996.5,False,No,No,Science: Geology,2016-01-27,2019-03-13,2019-03-13,0,,,,100.0,imputado,['publindex'],mediana_global,False,2,,,True,False,2026-09-12
0366-5232,,,Caldasia,2020,B,Colombia,Distrito Capital,"Bogotá, D. C.","Bogotá, D.C.",11001,No registra,Ciencias Biológicas,Ciencias Naturales,UNIVERSIDAD NACIONAL DE COLOMBIA,IES,INSTITUTO DE CIENCIAS NATURALES,,72,0366-5232,caldasia,CO,2026-09-12,consolidado,97928fe8ed8b7474,57.0,20059,journal,Universidad Nacional de Colombia,True,True,0.191,Q3,2,21.0,28.0,174.0,1212.0,92.0,167.0,0.48,43.29,0.35450000000000004,0.0,"1981, 1983-1984, 1986, 1989, 1992-1993, 1995-1997, 2006, 2008-2025",Agricultural and Biological Sciences (miscellaneous) (Q3),Agricultural and Biological Sciences,http://revistas.unal.edu.co/index.php/cal/index,https://doaj.org/toc/756651c9796d483e9fa748ae35f55396,2017,,0366-5232,2357-3759,['botany' 'zoology' 'biodiversity' 'neotropic' 'ecología' 'taxonom'],['Spanish' 'English'],Colombia,,,CC BY,,https://revistas.unal.edu.co/index.php/cal/about/submissions,True,True,https://revistas.unal.edu.co/index.php/cal/about/submissions#copyrightNotice,Double anonymous peer review,http://revistas.unal.edu.co/index.php/cal/about/editorialPolicies#peerReviewProcess,True,http://revistas.unal.edu.co/index.php/cal/about/editorialPolicies#focusAndScope,http://revistas.unal.edu.co/index.php/cal/about/editorialTeam,http://revistas.unal.edu.co/index.php/cal/about/submissions#authorGuidelines,26,False,http://revistas.unal.edu.co/index.php/cal/index,False,,False,,,,,,,DOI,True,,,Q|QL1-991|QK1-989,False,No,No,Science: Zoology | Science: Botany,2016-11-07,2025-06-27,2025-06-27,1734,2024-05-13,,,100.0,imputado,['publindex'],mediana_global,False,2,0.5287356321839081,0.2089715536105033,True,False,2026-09-12
0122-8803,2322-6889,,Historia Caribe,2020,C,No disponible,No disponible,No disponible,No disponible,,Historia,Historia y Arqueología,Humanidades,UNIVERSIDAD DEL ATLANTICO,IES,,,916,0122-8803,historia caribe,,2026-09-12,consolidado,8f7aceacf969a9f9,,,,,,,,,0,,,,,,,,,,,,,,,,,,,,,,,,,,,,,,,,,,,,,,,,,,,,,,,,,,,,,,,,,,,,,,,,,100.0,imputado,['publindex'],mediana_global,False,1,,,False,,2026-09-12
1692-5777,,,"Gist, Education And Learning Research Journal",2020,B,Colombia,Distrito Capital,"Bogotá, D. C.","Bogotá, D.C.",11001,No registra,Ciencias de la Educación,Ciencias Sociales,INSTITUCION UNIVERSITARIA COLOMBO AMERICANA,IES,,,814,1692-5777,gist education learning,CO,2026-09-12,consolidado,075ae10fb9d85b52,,,,,,,,,0,,,,,,,,,,,,,,https://latinjournal.org/index.php/gist/index,https://doaj.org/toc/2d60c640bd5d4d19bf983449e19e0814,2007,,1692-5777,2248-8391,['language' 'education' 'bilingualism' 'teaching'],['English'],Colombia,Institución Universitaria Colombo Americana,,CC BY-NC-ND,,https://latinjournal.org/index.php/gist/about#copyright,,False,,Double anonymous peer review,https://latinjournal.org/index.php/gist/about#peer,False,https://latinjournal.org/index.php/gist/about,https://latinjournal.org/index.php/gist/about/editorialTeam,https://latinjournal.org/index.php/gist/about/submissions,14,False,https://latinjournal.org/index.php/gist/about,False,,False,https://latinjournal.org/index.php/gist/about,,,,,,,True,,,LC8-6691|P1-1091,False,No,No,Education: Special aspects of education | Language and Literature: Philology. Linguistics,2018-11-29,2019-12-22,2019-12-22,0,,,,100.0,imputado,['publindex'],mediana_global,False,2,,,True,False,2026-09-12
1657-8031,,,El Ágora Usb,2020,B,Colombia,Eje Cafetero,Antioquia,Medellín,05001,"Ciencias Sociales, Interdisciplinaria",Otras Ciencias Sociales,Ciencias Sociales,UNIVERSIDAD DE SAN BUENAVENTURA CALI,IES,,,510,1657-8031,agora usb,CO,2026-09-12,consolidado,58cfe1a4da45ea0f,,,,,,,,,0,,,,,,,,,,,,,,http://revistas.usb.edu.co/index.php/Agora/,https://doaj.org/toc/c1148f68779143bbb8578069cdf522e7,2007,,1657-8031,2665-3354,['memory' 'development' 'pedagogy' 'human rights'],['Spanish'],Colombia,,,CC BY-NC-ND,,http://revistas.usbbog.edu.co/index.php/Agora/about/submissions,True,False,https://revistas.usb.edu.co/index.php/Agora/about/submissions,Double anonymous peer review,http://revistas.usbbog.edu.co/index.php/Agora/about/submissions,True,https://revistas.usb.edu.co/index.php/Agora/about,http://revistas.usb.edu.co/index.php/Agora/about/editorialTeam,http://revistas.usb.edu.co/index.php/Agora/about/submissions#authorGuidelines,48,False,https://revistas.usb.edu.co/index.php/Agora/index,False,,False,,,,,,,DOI,True,,,H,False,No,No,Social Sciences,2009-05-27,2025-05-22,2025-05-22,533,2026-05-19,,,100.0,imputado,['publindex'],mediana_global,False,2,,,True,False,2026-09-12
0122-7483,2027-1352,,Universitas Scientiarum,2020,B,Colombia,Distrito Capital,"Bogotá, D. C.","Bogotá, D.C.",11001,Matemáticas Aplicadas,Matemática,Ciencias Naturales,PONTIFICIA UNIVERSIDAD JAVERIANA,IES,,,31,0122-7483,universitas scientiarum,CO,2026-09-12,consolidado,ff1b5c1a6ec6af83,,,,,,,,,0,,,,,,,,,,,,,,https://ciencias.javeriana.edu.co/universitas-scientiarum,https://doaj.org/toc/c90822bb9822476aaea2f62afa99068d,1987,,0122-7483,,['biology' 'physics' 'chemistry' 'mathematics'],['English' 'Spanish'],Colombia,,,CC BY,,https://ciencias.javeriana.edu.co/universitas-scientiarum#AUTHORS,True,True,https://ciencias.javeriana.edu.co/universitas-scientiarum#AUTHORS,Anonymous peer review,https://ciencias.javeriana.edu.co/universitas-scientiarum#REVIEWER,True,https://ciencias.javeriana.edu.co/universitas-scientiarum#PRESENTATION,https://ciencias.javeriana.edu.co/universitas-scientiarum#EDITORIAL,https://ciencias.javeriana.edu.co/universitas-scientiarum#AUTHORS,15,False,https://ciencias.javeriana.edu.co/universitas-scientiarum#PRESENTATION,False,,False,,,,,,,DOI,True,,,Q1-390,False,No,No,Science: Science (General),2006-02-21,2025-03-24,2025-03-24,469,2026-07-01,,,100.0,imputado,['publindex'],mediana_global,False,2,,,True,False,2026-09-12
2011-5474,,,Revista Latinoamericana De Etnomatemática,2020,C,Colombia,Pacífico,Nariño,Pasto,52001,"Educación General (Incluye Capacitación, Pedagogía)",Ciencias de la Educación,Ciencias Sociales,UNIVERSIDAD DE NARINO,IES,,,167,2011-5474,latinoamericana etnomatematica,CO,2026-09-12,consolidado,2d7f1af005d4e5cf,,,,,,,,,0,,,,,,,,,,,,,,http://www.revista.etnomatematica.org,https://doaj.org/toc/da3fe3f87b414ea3bb0d2920ea954162,2008,,2011-5474,,"['ethnicity in mathematics' 'mathematics education'
 'history of mathematics' 'sociocultural aspects' 'ethnomathematics']",['English' 'French' 'Portuguese' 'Spanish'],Colombia,Red Latinoamericana de Etnomatemática,,CC BY,,http://www.revista.etnomatematica.org/index.php/RLE/about/editorialPolicies#openAccessPolicy,,False,,Double anonymous peer review,http://revista.etnomatematica.org/index.php/RLE/about/editorialPolicies#peerReviewProcess,True,http://revista.etnomatematica.org/index.php/RLE/about/editorialPolicies#focusAndScope,http://revista.etnomatematica.org/index.php/RLE/about/editorialTeam,http://revista.etnomatematica.org/index.php/RLE/about/submissions#authorGuidelines,28,False,http://revista.etnomatematica.org/index.php/RLE/about/editorialPolicies#custom-4,False,,False,http://revista.etnomatematica.org/index.php/RLE/about/editorialPolicies#custom-4,,,http://www.revista.etnomatematica.org/index.php/RLE/about/editorialPolicies#archiving,,,,True,,,LC8-6691|Q|QA1-939,False,No,No,Education: Special aspects of education | Science: Mathematics,2008-10-01,2019-09-05,2019-09-05,318,2018-04-03,,,100.0,imputado,['publindex'],mediana_global,False,1,,,True,False,2026-09-12
1692-6013,,,Novum Jus: Revista Especializada en Sociología Jurídica y Política,2020,C,No disponible,No disponible,No disponible,No disponible,,No registra,Otras Ciencias Sociales,Ciencias Sociales,UNIVERSIDAD CATOLICA DE COLOMBIA,IES,,,607,1692-6013,novum jus especializada sociologia juridica politica,,2026-09-12,consolidado,9e1978d95b449d80,1.0,21101060255,journal,Universidad Catolica de Colombia,True,True,0.914,Q1,4,10.0,47.0,140.0,2344.0,197.0,131.0,1.38,49.87,0.3611,0.0,2019-2025,Law (Q1); Sociology and Political Science (Q1),Social Sciences,http://novumjus.ucatolica.edu.co/,https://doaj.org/toc/9864fa6db6074b39a85d6a4dce2fdd28,2008,,1692-6013,2500-8692,['law' 'socio legal studies' 'socio political studies' 'legal sociology'],['English' 'Portuguese' 'Spanish'],Colombia,Universidad Catolica de Colombia,,CC BY-NC,,https://novumjus.ucatolica.edu.co/about/openAccessPolicy,,False,,Double anonymous peer review,https://novumjus.ucatolica.edu.co/about/peerReviewProcess,False,https://novumjus.ucatolica.edu.co/about/focusAndScope,https://novumjus.ucatolica.edu.co/about/editorialTeam,https://novumjus.ucatolica.edu.co/about/submissions,12,False,https://novumjus.ucatolica.edu.co/apc,False,,False,https://novumjus.ucatolica.edu.co/apc,,,https://novumjus.ucatolica.edu.co/about/archiving,,,DOI,True,,,K|H,False,No,No,Law | Social Sciences,2020-10-09,2020-10-09,2020-10-09,502,2026-04-30,,,100.0,imputado,['publindex'],mediana_global,False,1,1.4071428571428573,1.0,False,True,2026-09-12
0122-5197,,,Memoria Y Sociedad,2020,B,No disponible,No disponible,No disponible,No disponible,,Historia,Historia y Arqueología,Humanidades,PONTIFICIA UNIVERSIDAD JAVERIANA,IES,,,497,0122-5197,memoria sociedad,,2026-09-12,consolidado,5daba61ece946d40,,,,,,,,,0,,,,,,,,,,,,,,,,,,,,,,,,,,,,,,,,,,,,,,,,,,,,,,,,,,,,,,,,,,,,,,,,,100.0,imputado,['publindex'],mediana_global,False,2,,,False,,2026-09-12
0123-3033,,,Ingeniería Y Competitividad,2020,C,Colombia,Pacífico,Valle del Cauca,Cali,76001,Otras Ingenierías y Tecnologías,Otras Ingenierías y Tecnologías,Ingeniería y Tecnología,UNIVERSIDAD DEL VALLE,IES,,,174,0123-3033,ingenieria competitividad,CO,2026-09-12,consolidado,a27354953eb2c196,,,,,,,,,0,,,,,,,,,,,,,,,,,,,,,,,,,,,,,,,,,,,,,,,,,,,,,,,,,,,,,,,,,,,,,,,,,100.0,imputado,['publindex'],mediana_global,False,1,,,True,,2026-09-12
0121-7577,,,Hacia La Promoción De La Salud,2020,B,Colombia,Eje Cafetero,Caldas,Manizales,17001,Salud Pública,Ciencias de la Salud,Ciencias Médicas y de la Salud,UNIVERSIDAD DE CALDAS,IES,,,433,0121-7577,hacia promocion salud,CO,2026-09-12,consolidado,6a2983e3c1f16c08,106.0,21101060641,journal,Universidad de Caldas,True,True,0.146,Q3,2,8.0,18.0,85.0,615.0,23.0,75.0,0.08,34.17,0.5832999999999999,0.0,2019-2025,"Health Professions (miscellaneous) (Q3); Community and Home Care (Q4); Health Policy (Q4); Health (social science) (Q4); Public Health, Environmental and Occupational Health (Q4)",Health Professions; Medicine; Nursing; Social Sciences,https://revistasojs.ucaldas.edu.co/index.php/hacialapromociondelasalud/index,https://doaj.org/toc/df873d916bca4d05a53986782008a426,2015,,0121-7577,2462-8425,"['public health' 'healthy life styles' 'healthy public policies'
 'social marketing' 'health services orientation']",['Portuguese' 'English' 'Spanish'],Colombia,,,CC BY,,https://revistasojs.ucaldas.edu.co/index.php/hacialapromociondelasalud/about/submissions,True,False,https://revistasojs.ucaldas.edu.co/index.php/hacialapromociondelasalud/ethics,Double anonymous peer review,https://revistasojs.ucaldas.edu.co/index.php/hacialapromociondelasalud/ethics,True,https://revistasojs.ucaldas.edu.co/index.php/hacialapromociondelasalud/about,https://revistasojs.ucaldas.edu.co/index.php/hacialapromociondelasalud/about/editorialTeam,https://revistasojs.ucaldas.edu.co/index.php/hacialapromociondelasalud/about/submissions,50,False,https://revistasojs.ucaldas.edu.co/index.php/hacialapromociondelasalud/about/submissions,False,,False,,,,,,,DOI,True,,,RA1-1270,False,No,No,Medicine: Public aspects of medicine,2018-10-18,2024-03-13,2024-03-13,610,2026-04-15,,,100.0,imputado,['publindex'],mediana_area,False,2,0.27058823529411763,0.1597374179431072,True,False,2026-09-12
0121-5167,2462-8433,,Estudios Políticos,2020,B,Colombia,Eje Cafetero,Antioquia,Medellín,05001,Ciencias Políticas,Ciencias Políticas,Ciencias Sociales,UNIVERSIDAD DE ANTIOQUIA,IES,,,137,0121-5167,estudios politicos,CO,2026-09-12,consolidado,5e3895fdf87519fb,,,,,,,,,0,,,,,,,,,,,,,,https://revistas.udea.edu.co/index.php/estudiospoliticos,https://doaj.org/toc/9f8bb1fe91f846b7b6ff547b752d213d,1992,,0121-5167,2462-8433,['political science' 'social sciences'],['Spanish' 'Portuguese'],Colombia,"Universidad de Antioquia, Instituto de Estudios Políticos",,CC BY-NC-SA,,http://aprendeenlinea.udea.edu.co/revistas/index.php/estudiospoliticos/about/submissions#copyrightNotice,True,False,,Double anonymous peer review,http://aprendeenlinea.udea.edu.co/revistas/index.php/estudiospoliticos/about/editorialPolicies#peerReviewProcess,True,http://aprendeenlinea.udea.edu.co/revistas/index.php/estudiospoliticos/about/editorialPolicies#focusAndScope,http://aprendeenlinea.udea.edu.co/revistas/index.php/estudiospoliticos/about/editorialTeam,http://aprendeenlinea.udea.edu.co/revistas/index.php/estudiospoliticos/about/submissions#authorGuidelines,24,False,http://aprendeenlinea.udea.edu.co/revistas/index.php/estudiospoliticos/about/editorialPolicies#focusAndScope,False,,False,,,,,,,,True,,,J,False,No,No,Political science,2017-01-02,2023-08-16,2023-08-16,693,2024-01-23,,,100.0,imputado,['publindex'],mediana_global,False,2,,,True,False,2026-09-12
0124-0579,,,Estudios Socio-Jurídicos,2020,B,Colombia,Distrito Capital,"Bogotá, D. C.","Bogotá, D.C.",11001,Derecho,Derecho,Ciencias Sociales,COLEGIO MAYOR NUESTRA SENORA DEL ROSARIO,IES,,,297,0124-0579,estudios socio juridicos,CO,2026-09-12,consolidado,6d6dea8225ff3657,,,,,,,,,0,,,,,,,,,,,,,,http://revistas.urosario.edu.co/index.php/sociojuridicos,https://doaj.org/toc/196b807e3d2e4ec89193c2d4f14cab77,2010,,0124-0579,2145-4531,['law and society' 'socio-legal studies' 'legal thinking' 'social studies'],['Spanish' 'English'],Colombia,,,CC BY-NC-ND,,http://revistas.urosario.edu.co/index.php/sociojuridicos/about/submissions#copyrightNotice,True,True,http://revistas.urosario.edu.co/index.php/sociojuridicos/about/submissions#copyrightNotice,Double anonymous peer review,https://revistas.urosario.edu.co/index.php/sociojuridicos/about,True,https://revistas.urosario.edu.co/index.php/sociojuridicos/about,http://revistas.urosario.edu.co/index.php/sociojuridicos/about/editorialTeam,http://revistas.urosario.edu.co/index.php/sociojuridicos/about/submissions#authorGuidelines,6,False,https://revistas.urosario.edu.co/index.php/sociojuridicos/about,False,,False,,,,,,,DOI,True,,,K|K1-7720,False,No,No,Law: Law in general. Comparative and uniform law. Jurisprudence,2012-04-11,2023-03-28,2023-03-28,725,2026-07-30,,,100.0,imputado,['publindex'],mediana_global,False,2,,,True,True,2026-09-12
0120-2448,,,Acta Médica Colombiana,2020,B,No disponible,No disponible,No disponible,No disponible,,Otras Ciencias Médicas,Otras Ciencias Médicas,Ciencias Médicas y de la Salud,ASOCIACION COLOMBIANA DE MEDICINA INTERNA ACMI,Otras,,,103,0120-2448,acta medica colombiana,,2026-09-12,consolidado,ba7ac8475607070a,,,,,,,,,0,,,,,,,,,,,,,,,,,,,,,,,,,,,,,,,,,,,,,,,,,,,,,,,,,,,,,,,,,,,,,,,,,100.0,imputado,['publindex'],mediana_area,False,2,,,False,,2026-09-12
1794-7154,,,"Saber, Ciencia Y Libertad",2020,B,Colombia,Caribe,Bolívar,Cartagena de Indias,13001,Derecho,Derecho,Ciencias Sociales,UNIVERSIDAD LIBRE DE COLOMBIA,IES,,,829,1794-7154,saber ciencia libertad,CO,2026-09-12,consolidado,b2a1cfe0684c95a5,,,,,,,,,0,,,,,,,,,,,,,,https://revistas.unilibre.edu.co/index.php/saber/,https://doaj.org/toc/da1269c1cd4c4c85814b463affc4a1ac,2010,,1794-7154,2382-3240,['business' 'economy' 'law' 'society' 'education' 'culture'],['English' 'Spanish'],Colombia,,,CC BY-NC-SA,,https://revistas.unilibre.edu.co/index.php/saber/about#OpenAccessPolicy,True,False,https://revistas.unilibre.edu.co/index.php/saber/about#Copyrights,Double anonymous peer review,https://revistas.unilibre.edu.co/index.php/saber/about#PeerReviewProcess,True,https://revistas.unilibre.edu.co/index.php/saber/about#FocusAndScope,https://revistas.unilibre.edu.co/index.php/saber/about/editorialTeam,https://revistas.unilibre.edu.co/index.php/saber/directrices_autores,16,False,https://revistas.unilibre.edu.co/index.php/saber/about#OpenAccessPolicy,False,,False,,,,,,,DOI,True,,,H|AZ20-999,False,No,No,Social Sciences | General Works: History of scholarship and learning. The humanities,2022-07-19,2022-07-19,2022-07-19,526,2025-09-25,,,100.0,imputado,['publindex'],mediana_global,False,2,,,True,False,2026-09-12
0122-7238,2256-5248,,Revista Historia De La Educación Latinoamericana,2020,B,Colombia,Centro Oriente,Boyacá,Tunja,15001,No registra,Otras historias,Humanidades,UNIVERSIDAD PEDAGOGICA Y TECNOLOGICA DE COLOMBIA,IES,UNIVERSIDAD PEDAGOGICA Y TECNOLOGICA DE COLOMBIA,,417,0122-7238,historia educacion latinoamericana,CO,2026-09-12,consolidado,76a71fbd52c94b3b,,,,,,,,,0,,,,,,,,,,,,,,https://revistas.uptc.edu.co/index.php/historia_educacion_latinamerican/index,https://doaj.org/toc/bdca8e1f6b0d40458a0d7e3338be6e67,2004,,0122-7238,2256-5248,['education history'],['Spanish'],Colombia,"Universidad Pedagógica y Tecnológica de Colombia, Sociedad de Historia de la Educación Latinoamericana",,CC BY-NC-ND,,https://revistas.uptc.edu.co/index.php/historia_educacion_latinamerican/about,,False,http://www.uptc.edu.co/enlaces/rhela,Double anonymous peer review,https://revistas.uptc.edu.co/index.php/historia_educacion_latinamerican/about#peerReviewProcess,True,https://revistas.uptc.edu.co/index.php/historia_educacion_latinamerican/about,https://revistas.uptc.edu.co/index.php/historia_educacion_latinamerican/about/editorialTeam,https://revistas.uptc.edu.co/index.php/historia_educacion_latinamerican/about/submissions,26,False,https://revistas.uptc.edu.co/index.php/historia_educacion_latinamerican/about,False,,False,,,,,,,DOI,True,,,L|LC8-6691,False,No,No,Education: Special aspects of education,2009-10-27,2026-04-21,2024-03-12,660,2026-05-05,,,100.0,imputado,['publindex'],mediana_global,False,2,,,True,False,2026-09-12
0120-789X,,,Revista Urologia Colombiana,2020,C,Colombia,Distrito Capital,"Bogotá, D. C.","Bogotá, D.C.",11001,Otros Temas de Medicina Clínica,Medicina Clínica,Ciencias Médicas y de la Salud,SOCIEDAD COLOMBIANA DE UROLOGIA,Otras,,,733,0120-789X,urologia colombiana,CO,2026-09-12,consolidado,7983d185af86c383,,,,,,,,,0,,,,,,,,,,,,,,https://www.urologiacolombiana.com/index.php,https://doaj.org/toc/6ce969096d4f48a0819fee5c56673f71,2005,,0120-789X,2027-0119,"['urology' 'gynecology' 'infectious diseases' 'epidemiology'
 'internal medicine' 'genitourinary']",['Spanish' 'English'],Colombia,,,CC BY-NC-ND,,https://www.urologiacolombiana.com/seccion.php?id=67&scc=acceso-abierto-y-licencia---%3Ci%3Eopen-access-&-licensing%3C-i%3E,True,False,https://www.urologiacolombiana.com/seccion.php?id=67&scc=acceso-abierto-y-licencia---%3Ci%3Eopen-access-&-licensing%3C-i%3E,Double anonymous peer review,https://www.urologiacolombiana.com/seccion.php?id=68&scc=proceso-de-revision---%3Ci%3Eeditorial-&-peer-review%3C-i%3E,False,https://www.urologiacolombiana.com/seccion.php?id=75&scc=informacion-de-la-revista---%3Ci%3Ejournal-information%3C-i%3E,https://www.urologiacolombiana.com/comite-editorial.php,https://www.urologiacolombiana.com/seccion.php?id=73&scc=instrucciones-para-autores---%3Ci%3Einstructions-to-authors%3C-i%3E,30,False,https://www.urologiacolombiana.com/seccion.php?id=70&scc=fuentes-de-ingreso---%3Ci%3Efunding%3C-i%3E,False,,False,,CLOCKSS,,https://portal.issn.org/resource/ISSN/2027-0119,,,DOI,True,,,RC870-923,False,No,No,Medicine: Internal medicine: Specialties of internal medicine: Diseases of the genitourinary system. Urology,2024-07-25,2025-02-12,2025-02-12,70,2025-05-12,,,100.0,imputado,['publindex'],mediana_area,False,1,,,True,False,2026-09-12
0124-0099,,,Dictamen Libre,2020,C,No disponible,No disponible,No disponible,No disponible,,No registra,Economía y Negocios,Ciencias Sociales,UNIVERSIDAD LIBRE DE COLOMBIA,IES,,,"1,044",0124-0099,dictamen libre,,2026-09-12,consolidado,396432c4a65d2642,,,,,,,,,0,,,,,,,,,,,,,,https://revistas.unilibre.edu.co/index.php/dictamenlibre,https://doaj.org/toc/6128769ebf554de0937218115b02036f,2011,,0124-0099,,"['administrative fundamentals' 'financial' 'environmental management'
 'technology management' 'public management']",['Spanish'],Colombia,Universidad Libre,,CC BY-SA,,https://revistas.unilibre.edu.co/index.php/dictamenlibre/creative,,False,,Double anonymous peer review,https://revistas.unilibre.edu.co/index.php/dictamenlibre/evaluacion,True,https://revistas.unilibre.edu.co/index.php/dictamenlibre/enfoque,https://revistas.unilibre.edu.co/index.php/dictamenlibre/comites,https://revistas.unilibre.edu.co/index.php/dictamenlibre/directricesautores,10,False,https://revistas.unilibre.edu.co/index.php/dictamenlibre/memebresia,False,,False,https://revistas.unilibre.edu.co/index.php/dictamenlibre/memebresia,,,,,,,True,,,HF1-6182|HB71-74,False,No,No,Social Sciences: Commerce | Social Sciences: Economic theory. Demography: Economics as a science,2019-12-11,2020-02-05,2020-02-05,243,2026-04-15,,,100.0,imputado,['publindex'],mediana_global,False,1,,,False,True,2026-09-12
1692-2530,,,Opinión Jurídica,2020,C,Colombia,Eje Cafetero,Antioquia,Medellín,05001,No registra,Derecho,Ciencias Sociales,UNIVERSIDAD DE MEDELLIN,IES,,,513,1692-2530,opinion juridica,CO,2026-09-12,consolidado,8b190ea216cd1074,,,,,,,,,0,,,,,,,,,,,,,,http://revistas.udem.edu.co/index.php/opinion,https://doaj.org/toc/c55b161ac54d43889b386d6ee66f7d88,2006,,1692-2530,2248-4078,['private law' 'public law' 'public policy and law'],['English' 'French' 'Portuguese' 'Spanish'],Colombia,,,CC BY-NC-ND,,http://revistas.udem.edu.co/index.php/opinion/about/submissions#copyrightNotice,,False,https://revistas.udem.edu.co/index.php/opinion/information/authors,Double anonymous peer review,https://revistas.udem.edu.co/index.php/opinion/information/authors,True,https://revistas.udem.edu.co/index.php/opinion/about,https://revistas.udem.edu.co/index.php/opinion/about/editorialTeam,https://revistas.udem.edu.co/index.php/opinion/about/submissions,20,False,https://revistas.udem.edu.co/index.php/opinion/policies,False,,False,,,,,,,DOI,True,,,K1-7720,False,No,No,Law: Law in general. Comparative and uniform law. Jurisprudence,2010-07-26,2025-08-07,2025-08-07,1020,2026-06-27,,,100.0,imputado,['publindex'],mediana_global,False,1,,,True,False,2026-09-12
0121-2494,,,Pedagogía Y Saberes,2020,C,Colombia,Distrito Capital,"Bogotá, D. C.","Bogotá, D.C.",11001,"Educación General (Incluye Capacitación, Pedagogía)",Ciencias de la Educación,Ciencias Sociales,UNIVERSIDAD PEDAGOGICA NACIONAL,IES,,,244,0121-2494,pedagogia saberes,CO,2026-09-12,consolidado,fc73c082ea8a5133,,,,,,,,,0,,,,,,,,,,,,,,https://revistas.upn.edu.co/index.php/PYS/index,https://doaj.org/toc/7324d99cc4d841bcac1c307ea452d2f7,2009,,0121-2494,2500-6436,['pedagogy' 'pedagogical knowledge' 'teaching' 'knowledge'],['Spanish' 'Portuguese'],Colombia,,,CC BY-NC,,https://revistas.upn.edu.co/index.php/PYS/index,True,False,https://revistas.upn.edu.co/index.php/PYS/index,Double anonymous peer review,https://revistas.upn.edu.co/index.php/PYS/about,True,https://revistas.upn.edu.co/index.php/PYS/about,https://revistas.upn.edu.co/index.php/PYS/about/editorialTeam,https://revistas.upn.edu.co/index.php/PYS/autores,16,False,https://revistas.upn.edu.co/index.php/PYS/about,False,,False,,,,,,,DOI,True,,,L,False,No,No,Education,2016-05-04,2025-03-04,2025-03-04,434,2026-04-23,,,100.0,imputado,['publindex'],mediana_global,False,1,,,True,False,2026-09-12
0124-2059,,,Investigación En Enfermería :Imagen Y Desarrollo,2020,C,Colombia,Distrito Capital,"Bogotá, D. C.","Bogotá, D.C.",11001,Enfermería,Ciencias de la Salud,Ciencias Médicas y de la Salud,PONTIFICIA UNIVERSIDAD JAVERIANA,IES,,,686,0124-2059,investigacion enfermeria imagen desarrollo,CO,2026-09-12,consolidado,bf549ce7b0a513d7,,,,,,,,,0,,,,,,,,,,,,,,,,,,,,,,,,,,,,,,,,,,,,,,,,,,,,,,,,,,,,,,,,,,,,,,,,,100.0,imputado,['publindex'],mediana_area,False,1,,,True,,2026-09-12
1794-7111,,,Kepes,2020,A1,Colombia,Eje Cafetero,Caldas,Manizales,17001,No registra,Arte,Humanidades,UNIVERSIDAD DE CALDAS,IES,,,590,1794-7111,kepes,CO,2026-09-12,consolidado,c1260745faf6089a,29.0,21100244946,journal,Universidad de Caldas,True,True,0.233,Q1,4,7.0,20.0,91.0,791.0,37.0,85.0,0.34,39.55,0.48719999999999997,0.0,2011-2025,Visual Arts and Performing Arts (Q1),Arts and Humanities,https://revistasojs.ucaldas.edu.co/index.php/kepes,https://doaj.org/toc/11792ae17f874f4aa9ae9309c2b9ddd3,2004,,1794-7111,2462-8115,"['design' 'communication' 'image' 'visual arts' 'digital media'
 'image theory']",['Portuguese' 'English' 'Spanish'],Colombia,,,CC BY,,https://revistasojs.ucaldas.edu.co/index.php/kepes/ethics,True,False,https://revistasojs.ucaldas.edu.co/index.php/kepes/ethics,Double anonymous peer review,https://revistasojs.ucaldas.edu.co/index.php/kepes/Guidelines,True,https://revistasojs.ucaldas.edu.co/index.php/kepes/Guidelines,https://revistasojs.ucaldas.edu.co/index.php/kepes/about/editorialTeam,https://revistasojs.ucaldas.edu.co/index.php/kepes/Guidelines,52,False,https://revistasojs.ucaldas.edu.co/index.php/kepes/Guidelines,False,,False,,,,,,,DOI,True,,,NC1-1940|N1-9211,False,No,No,Fine Arts: Drawing. Design. Illustration | Fine Arts: Visual arts,2023-09-18,2023-09-18,2023-09-18,511,2026-07-01,,,100.0,imputado,['publindex'],mediana_global,False,4,0.4065934065934066,0.2549234135667396,True,False,2026-09-12
1657-4702,,,Revista Latinoamericana De Bioetica/Latinamerican Journal Of Bioethics,2020,B,Colombia,Distrito Capital,"Bogotá, D. C.","Bogotá, D.C.",11001,Filosofía,Otras Humanidades,Humanidades,UNIVERSIDAD MILITAR NUEVA GRANADA,IES,,,676,1657-4702,latinoamericana bioetica latinamerican bioethics,CO,2026-09-12,consolidado,f6c37a134e2ad557,,,,,,,,,0,,,,,,,,,,,,,,http://revistas.unimilitar.edu.co/index.php/rlbi/index,https://doaj.org/toc/b6e062f98fb847cf90e0602f20a2f29a,2006,,1657-4702,2462-859X,"['bioethics' 'medical ethics' 'research ethics' 'biolaw'
 'environmental ethics' 'ethics']",['Spanish' 'Portuguese' 'English'],Colombia,Universidad Militar Nueva Granada,Colombia,CC BY-NC-ND,,https://revistas.unimilitar.edu.co/index.php/rlbi/about,True,False,https://revistas.unimilitar.edu.co/index.php/rlbi/about,Double anonymous peer review,https://revistas.unimilitar.edu.co/index.php/rlbi/about,True,https://revistas.unimilitar.edu.co/index.php/rlbi/about,https://revistas.unimilitar.edu.co/index.php/rlbi/about/editorialTeam,https://revistas.unimilitar.edu.co/index.php/rlbi/about/submissions,20,False,https://revistas.unimilitar.edu.co/index.php/rlbi/about,False,,False,,Portico,,https://www.portico.org/coverage/titles/?keyword=1657-4702&filter_by%5B%5D=e-journal,,,DOI,True,,,R723-726|BJ1-1725,False,No,No,Medicine: Medicine (General): Medical philosophy. Medical ethics | Philosophy. Psychology. Religion: Ethics,2016-11-03,2021-08-16,2021-08-16,828,2026-06-22,,,100.0,imputado,['publindex'],mediana_global,False,2,,,True,False,2026-09-12
1794-8290,2390-0644,,Cuadernos De Literatura Del Caribe E Hispanoamérica,2020,C,Colombia,Caribe,Atlántico,Barranquilla,08001,Teoría Literaria,Idiomas y Literatura,Humanidades,UNIVERSIDAD DEL ATLANTICO,IES,UNIVERSIDAD DE CARTAGENA,,"1,288",1794-8290,cuadernos literatura caribe e hispanoamerica,CO,2026-09-12,consolidado,a7bc063dd9558d26,,,,,,,,,0,,,,,,,,,,,,,,,,,,,,,,,,,,,,,,,,,,,,,,,,,,,,,,,,,,,,,,,,,,,,,,,,,100.0,imputado,['publindex'],mediana_global,False,1,,,True,,2026-09-12
1692-715X,2027-7679,,"Revista Latinoamericana De Ciencias Sociales, Niñez Y Juventud",2020,B,Colombia,Eje Cafetero,Caldas,Manizales,17001,Sociología,Sociología,Ciencias Sociales,UNIVERSIDAD DE MANIZALES UMANIZALES,IES,,,960,1692-715X,latinoamericana ciencias sociales ninez juventud,CO,2026-09-12,consolidado,e1fc1b71755c907c,,,,,,,,,0,,,,,,,,,,,,,,http://revistaumanizales.cinde.org.co/,https://doaj.org/toc/17c612b4aa564453b37d71287a3c4013,2003,,1692-715X,2027-7679,['children' 'adolescents' 'child welfare'],['English' 'Portuguese' 'Spanish'],Colombia,"Universidad de Manizales, Centro de Estudios Avanzados en Niñez y Juventud",,CC BY-NC-ND,,http://revistaumanizales.cinde.org.co/index.php/conocenos/etica-editorial,,False,,Double anonymous peer review,http://revistaumanizales.cinde.org.co/index.php/conocenos/guia-para-los-autores-y-autoras,True,http://revistaumanizales.cinde.org.co/index.php/conocenos,http://revistaumanizales.cinde.org.co/index.php/know-us/editorial-and-scientific-committee,http://revistaumanizales.cinde.org.co/index.php/conocenos/guia-para-los-autores-y-autoras,30,False,http://revistaumanizales.cinde.org.co/rlcsnj/index.php/Revista-Latinoamericana/issue/archive,False,,False,http://revistaumanizales.cinde.org.co/rlcsnj/index.php/Revista-Latinoamericana/issue/archive,,,http://revistaumanizales.cinde.org.co/index.php/Revista-Latinoamericana/about/editorialPolicies#archiving,,,,True,,,H|H1-99,False,No,No,Social Sciences: Social sciences (General),2010-09-01,2020-08-17,2020-08-17,1485,2025-10-07,,,100.0,imputado,['publindex'],mediana_global,False,2,,,True,False,2026-09-12
0120-3347,2145-4604,,Revista Colombiana De Anestesiología,2020,B,Colombia,Distrito Capital,"Bogotá, D. C.","Bogotá, D.C.",11001,Otros Temas de Medicina Clínica,Medicina Clínica,Ciencias Médicas y de la Salud,UNIVERSIDAD NACIONAL DE COLOMBIA,IES,,,84,0120-3347,colombiana anestesiologia,CO,2026-09-12,consolidado,0f75bd3ed9f29caa,,,,,,,,,0,,,,,,,,,,,,,,,,,,,,,,,,,,,,,,,,,,,,,,,,,,,,,,,,,,,,,,,,,,,,,,,,,100.0,imputado,['publindex'],mediana_area,False,2,,,True,,2026-09-12
2011-0324,,,Cs,2020,B,Colombia,Pacífico,Valle del Cauca,Cali,76001,No registra,Derecho,Ciencias Sociales,UNIVERSIDAD ICESI,IES,,,501,2011-0324,cs,CO,2026-09-12,consolidado,602c68f76d13af4c,,,,,,,,,0,,,,,,,,,,,,,,http://www.icesi.edu.co/revistas/index.php/revista_cs,https://doaj.org/toc/8467266b362646a491d0707e0ad7b241,2008,,2011-0324,2665-4814,"['sociology' 'social sciences' 'anthropology' 'political science'
 'psychology' 'literature']",['Portuguese' 'English' 'Spanish'],Colombia,"Universidad Icesi, Facultad de Derecho y Ciencias Sociales",Colombia,CC BY-NC,,https://www.icesi.edu.co/revistas/index.php/revista_cs/about#a11,True,True,https://www.icesi.edu.co/revistas/index.php/revista_cs/about/submissions,Double anonymous peer review,https://www.icesi.edu.co/revistas/index.php/revista_cs/about/submissions,True,https://www.icesi.edu.co/revistas/index.php/revista_cs/about#a1,https://www.icesi.edu.co/revistas/index.php/revista_cs/about/editorialTeam,https://www.icesi.edu.co/revistas/index.php/revista_cs/about/submissions,52,False,https://www.icesi.edu.co/revistas/index.php/revista_cs/about#a9,False,,False,,PKP PN,,https://portal.issn.org/resource/ISSN/2665-4814,,,DOI,True,,,H,False,No,No,Social Sciences,2013-04-30,2024-12-19,2024-12-19,546,2026-07-30,,,100.0,imputado,['publindex'],mediana_global,False,2,,,True,False,2026-09-12
0034-7418,1909-6356,,Revista Colombiana De Ciencias Químico Farmacéuticas,2020,C,Colombia,Distrito Capital,"Bogotá, D. C.","Bogotá, D.C.",11001,Farmacología y Farmacia,Medicina Básica,Ciencias Médicas y de la Salud,UNIVERSIDAD NACIONAL DE COLOMBIA,IES,,,363,0034-7418,colombiana ciencias quimico farmaceuticas,CO,2026-09-12,consolidado,adbb2ed710cf22b0,121.0,21827,journal,Universidad Nacional de Colombia,True,False,0.139,Q4,1,9.0,41.0,173.0,1884.0,61.0,173.0,0.28,45.95,0.5242,0.0,"1974, 1980, 2019-2026","Pharmacology (medical) (Q4); Pharmacology, Toxicology and Pharmaceutics (miscellaneous) (Q4)","Medicine; Pharmacology, Toxicology and Pharmaceutics",,,,,,,,,,,,,,,,,,,,,,,,,,,,,,,,,,,,,,,,,,,,,,,,,,,,100.0,imputado,['publindex'],mediana_area,False,1,0.35260115606936415,0.15207877461706784,True,,2026-09-12
1657-7027,,,Revista Gerencia Y Políticas De Salud,2020,C,Colombia,Distrito Capital,"Bogotá, D. C.","Bogotá, D.C.",11001,Salud Pública,Ciencias de la Salud,Ciencias Médicas y de la Salud,PONTIFICIA UNIVERSIDAD JAVERIANA,IES,,,330,1657-7027,gerencia politicas salud,CO,2026-09-12,consolidado,95515a13fe3c7e47,,,,,,,,,0,,,,,,,,,,,,,,,,,,,,,,,,,,,,,,,,,,,,,,,,,,,,,,,,,,,,,,,,,,,,,,,,,100.0,imputado,['publindex'],mediana_area,False,1,,,True,,2026-09-12
2248-6046,2011-7663,,Finanzas Y Política Económica,2020,B,Colombia,Distrito Capital,"Bogotá, D. C.","Bogotá, D.C.",11001,Economía,Economía y Negocios,Ciencias Sociales,UNIVERSIDAD CATOLICA DE COLOMBIA,IES,,,"1,034",2248-6046,finanzas politica economica,CO,2026-09-12,consolidado,3f9885a41f4a6979,76.0,21100842860,journal,Universidad Catolica de Colombia,True,True,0.173,Q4,1,10.0,18.0,60.0,888.0,47.0,54.0,0.7,49.33,0.3421,0.0,2015-2025,Accounting (Q4); Economics and Econometrics (Q4); Finance (Q4); Marketing (Q4); Strategy and Management (Q4),"Business, Management and Accounting; Economics, Econometrics and Finance",http://editorial.ucatolica.edu.co/ojsucatolica/revistas_ucatolica/index.php/RFYPE/index,https://doaj.org/toc/c67be93a099b445783973403f6f0c77e,2007,Journal of Finance and Economic Policy,2248-6046,2011-7663,"['finance' 'economic policy' 'economic history' 'public finance'
 'economic theory']",['English' 'Spanish'],Colombia,,,CC BY-NC-SA,,https://revfinypolecon.ucatolica.edu.co/about/openAccessPolicy,True,False,https://revfinypolecon.ucatolica.edu.co/index.php/RFYPE/propiedadintelectual,Double anonymous peer review,https://revfinypolecon.ucatolica.edu.co/about/peerReviewProcess,False,https://revfinypolecon.ucatolica.edu.co/index.php/RFYPE/about/focusAndScope,https://revfinypolecon.ucatolica.edu.co/about/editorialTeam,http://editorial.ucatolica.edu.co/ojsucatolica/revistas_ucatolica/index.php/RFYPE/about/submissions#authorGuidelines,26,False,https://revfinypolecon.ucatolica.edu.co/about/openAccessPolicy,False,,False,,,,,,,,True,,,HG1-9999|HB71-74,False,No,No,Social Sciences: Finance | Social Sciences: Economic theory. Demography: Economics as a science,2013-05-09,2023-10-26,2023-10-26,454,2026-06-26,,,100.0,imputado,['publindex'],mediana_global,False,2,0.7833333333333333,0.18927789934354483,True,False,2026-09-12
1657-320X,,,Archivos De Medicina,2020,C,Colombia,Eje Cafetero,Caldas,Manizales,17001,No registra,Ciencias de la Salud,Ciencias Médicas y de la Salud,UNIVERSIDAD DE MANIZALES UMANIZALES,IES,,,559,1657-320X,archivos medicina,CO,2026-09-12,consolidado,d8fd9dd7d7d3ae1f,,,,,,,,,0,,,,,,,,,,,,,,,,,,,,,,,,,,,,,,,,,,,,,,,,,,,,,,,,,,,,,,,,,,,,,,,,,100.0,imputado,['publindex'],mediana_area,False,1,,,True,,2026-09-12
0120-5307,2216-0280,,Investigación Y Educación En Enfermería,2020,B,Colombia,Eje Cafetero,Antioquia,Medellín,05001,Enfermería,Ciencias de la Salud,Ciencias Médicas y de la Salud,UNIVERSIDAD DE ANTIOQUIA,IES,,,318,0120-5307,investigacion educacion enfermeria,CO,2026-09-12,consolidado,ff93486516b2e858,,,,,,,,,0,,,,,,,,,,,,,,https://revistas.udea.edu.co/index.php/iee,https://doaj.org/toc/5c1410c5b69d462db62cda9cac6c4c05,2017,,0120-5307,2216-0280,['education' 'healthcare' 'nursing'],['Portuguese' 'Spanish' 'English'],Colombia,Universidad de Antioquia,,CC BY-NC-SA,,https://revistas.udea.edu.co/index.php/iee,True,False,https://revistas.udea.edu.co/index.php/iee/about/submissions,Double anonymous peer review,https://revistas.udea.edu.co/index.php/iee/about,True,https://revistas.udea.edu.co/index.php/iee/about,https://revistas.udea.edu.co/index.php/iee/about/editorialTeam,https://revistas.udea.edu.co/index.php/iee/about/submissions,20,False,https://revistas.udea.edu.co/index.php/iee,False,,False,,"PKP PN, PMC",,https://www.ncbi.nlm.nih.gov/pmc/journals/3961/,,,DOI,True,,,RT1-120,False,No,No,Medicine: Nursing,2017-07-14,2023-09-22,2023-09-22,675,2021-11-27,,,100.0,imputado,['publindex'],mediana_area,False,2,,,True,False,2026-09-12
0121-5469,2344-8644,,Revista Colombiana De Psicología,2020,B,Colombia,Distrito Capital,"Bogotá, D. C.","Bogotá, D.C.",11001,"Psicología (Incluye Terapias de Aprendizaje, Habla, Visual y Otras Discapacidades Físicas y Mentales)",Psicología,Ciencias Sociales,UNIVERSIDAD NACIONAL DE COLOMBIA,IES,,,425,0121-5469,colombiana psicologia,CO,2026-09-12,consolidado,3544990de111e9c6,,,,,,,,,0,,,,,,,,,,,,,,,,,,,,,,,,,,,,,,,,,,,,,,,,,,,,,,,,,,,,,,,,,,,,,,,,,100.0,imputado,['publindex'],mediana_global,False,2,,,True,,2026-09-12
0120-1468,,,Franciscanum,2020,C,Colombia,Distrito Capital,"Bogotá, D. C.","Bogotá, D.C.",11001,Otras Humanidades,Otras Humanidades,Humanidades,UNIVERSIDAD DE SAN BUENAVENTURA CALI,IES,,,224,0120-1468,franciscanum,CO,2026-09-12,consolidado,5ab6e13af37438de,,,,,,,,,0,,,,,,,,,,,,,,https://revistas.usb.edu.co/index.php/Franciscanum/index,https://doaj.org/toc/e7d446ab041b4f81991d41866d7a5d7f,2009,Franciscanum : Revista de las Ciencias del Espíritu,0120-1468,2665-3834,"['philosophy' 'theology' 'religious studies' 'history of theology'
 'history of philosophy']",['Spanish' 'English' 'Portuguese' 'French'],Colombia,,,CC BY-SA,,https://revistas.usb.edu.co/index.php/Franciscanum/about,True,True,http://revistas.usb.edu.co/index.php/Franciscanum/about/submissions#copyrightNotice,Double anonymous peer review,https://revistas.usb.edu.co/index.php/Franciscanum/about,False,https://revistas.usb.edu.co/index.php/Franciscanum/about,http://revistas.usb.edu.co/index.php/Franciscanum/about/editorialTeam,http://revistas.usb.edu.co/index.php/Franciscanum/about/submissions#onlineSubmissions,40,False,https://revistas.usb.edu.co/index.php/Franciscanum/about,False,,False,,,,,,,DOI,True,,,B,False,No,No,Philosophy. Psychology. Religion,2013-11-04,2022-03-10,2022-03-10,216,2022-03-05,,,100.0,imputado,['publindex'],mediana_global,False,1,,,True,False,2026-09-12
0120-159X,,,Revista Colombiana De Sociología,2020,C,Colombia,Distrito Capital,"Bogotá, D. C.","Bogotá, D.C.",11001,"Temas Especiales (Estudios de Género, Temas Sociales, Estudios de la Familia)",Sociología,Ciencias Sociales,UNIVERSIDAD NACIONAL DE COLOMBIA,IES,,,937,0120-159X,colombiana sociologia,CO,2026-09-12,consolidado,f813838c9d8c73cf,148.0,20600195529,journal,Universidad Nacional de Colombia,True,True,0.117,Q3,2,9.0,18.0,78.0,634.0,19.0,74.0,0.24,35.22,0.4,0.0,2018-2025,Arts and Humanities (miscellaneous) (Q3); Social Sciences (miscellaneous) (Q4),Arts and Humanities; Social Sciences,,,,,,,,,,,,,,,,,,,,,,,,,,,,,,,,,,,,,,,,,,,,,,,,,,,,100.0,imputado,['publindex'],mediana_global,False,1,0.24358974358974358,0.12800875273522977,True,,2026-09-12
1692-0279,2256-4322,,Ad-Minister Revista Escuela De Administración,2020,B,Colombia,Eje Cafetero,Antioquia,Medellín,05001,Negocios y Management,Economía y Negocios,Ciencias Sociales,UNIVERSIDAD EAFIT,IES,,,468,1692-0279,ad minister escuela administracion,CO,2026-09-12,consolidado,3aa8d8ea910c0ac8,,,,,,,,,0,,,,,,,,,,,,,,http://www.eafit.edu.co/ad-minister,https://doaj.org/toc/a1ad452387af4816ba1ad2dc7014cc76,2002,,1692-0279,2256-4322,"['administration' 'accounting' 'marketing' 'organizational psychology'
 'human development']",['English' 'Spanish'],Colombia,,,CC BY,,http://publicaciones.eafit.edu.co/index.php/administer/about/submissions#copyrightNotice,True,True,http://publicaciones.eafit.edu.co/index.php/administer/about/submissions#copyrightNotice,Double anonymous peer review,http://publicaciones.eafit.edu.co/index.php/administer/about/editorialPolicies#peerReviewProcess,True,http://publicaciones.eafit.edu.co/index.php/administer/about/editorialPolicies#focusAndScope,http://publicaciones.eafit.edu.co/index.php/administer/about/editorialTeam,http://publicaciones.eafit.edu.co/index.php/administer/about/submissions#authorGuidelines,5,False,http://publicaciones.eafit.edu.co/index.php/administer/about/submissions#authorGuidelines,False,,False,http://publicaciones.eafit.edu.co/index.php/administer/about/submissions#authorGuidelines,CLOCKSS,,http://publicaciones.eafit.edu.co/index.php/administer/about/editorialPolicies#archiving,Open Policy Finder,,,True,,,H|HF1-6182|HF5001-6182,False,No,No,Social Sciences: Commerce: Business,2013-04-15,2020-05-18,2020-05-18,267,2020-05-24,,,100.0,imputado,['publindex'],mediana_global,False,2,,,True,True,2026-09-12
0122-8706,2500-5308,,Revista Corpoica,2020,C,Colombia,Centro Oriente,Cundinamarca,Mosquera,25473,Otras Ciencias Agrícolas,Otras Ciencias Agrícolas,Ciencias Agrícolas,CORPORACION COLOMBIANA DE INVESTIGACION AGROPECUARIA AGROSAVIA CENTRO DE INVESTIGACION LA SELVA,Otras,,,942,0122-8706,corpoica,CO,2026-09-12,consolidado,2c3b1aacea5f0059,32.0,21100810443,journal,Corporacion Colombiana de Investigacion Agropecuaria Corpoica,True,True,0.22,Q3,2,15.0,4.0,139.0,176.0,107.0,139.0,0.75,44.0,0.3333,0.0,2016-2025,Agricultural and Biological Sciences (miscellaneous) (Q3),Agricultural and Biological Sciences,,,,,,,,,,,,,,,,,,,,,,,,,,,,,,,,,,,,,,,,,,,,,,,,,,,,200.0,imputado,['publindex'],mediana_area,False,1,0.7697841726618705,0.12035010940919037,True,,2026-09-12
0121-1129,2357-5328,,Revista Facultad De Ingeniería,2020,B,Colombia,Centro Oriente,Boyacá,Tunja,15001,Otras Ingenierías y Tecnologías,Otras Ingenierías y Tecnologías,Ingeniería y Tecnología,UNIVERSIDAD PEDAGOGICA Y TECNOLOGICA DE COLOMBIA,IES,,,861,0121-1129,facultad ingenieria,CO,2026-09-12,consolidado,f8ea67bcf6cff30d,,,,,,,,,0,,,,,,,,,,,,,,https://revistas.uptc.edu.co/index.php/ingenieria/index,https://doaj.org/toc/f2abdbbc36bd4c5daa47b85324464bb7,2006,,0121-1129,2357-5328,"['computer science' 'environmental engineering' 'metallurgy'
 'transportation']",['Spanish' 'English'],Colombia,,,CC BY,,https://revistas.uptc.edu.co/index.php/ingenieria/about/submissions,True,True,https://revistas.uptc.edu.co/index.php/ingenieria/about/submissions,Double anonymous peer review,https://revistas.uptc.edu.co/index.php/ingenieria/about,True,https://revistas.uptc.edu.co/index.php/ingenieria/about,https://revistas.uptc.edu.co/index.php/ingenieria/about/editorialTeam,https://revistas.uptc.edu.co/index.php/ingenieria/about/submissions,8,False,https://revistas.uptc.edu.co/index.php/ingenieria/about,False,,False,,,,,,,DOI,True,,,TA1-2040,False,No,No,Technology: Engineering (General). Civil engineering (General),2012-06-26,2024-03-12,2024-03-12,499,2025-09-17,,,100.0,imputado,['publindex'],mediana_global,False,2,,,True,True,2026-09-12
0120-9965,,,Agronomía Colombiana,2020,C,Colombia,Distrito Capital,"Bogotá, D. C.","Bogotá, D.C.",11001,Agronomía,"Agricultura, Silvicultura y Pesca",Ciencias Agrícolas,UNIVERSIDAD NACIONAL DE COLOMBIA,IES,,,25,0120-9965,agronomia colombiana,CO,2026-09-12,consolidado,a62a97c1df36a5ff,,,,,,,,,0,,,,,,,,,,,,,,http://revistas.unal.edu.co/index.php/agrocol,https://doaj.org/toc/3f5eddd363ce4d33b82d369bb9538d7b,1983,,0120-9965,2357-3732,"['agricultural sciences' 'tropical crops' 'crop physiology'
 'soil management' 'crop protection' 'rural development']",['English'],Colombia,"Centro Editorial of Facultad de Ciencias Agrarias, Universidad Nacional de Colombia",,CC BY-NC-SA,,http://revistas.unal.edu.co/index.php/agrocol/about/submissions#copyrightNotice,True,False,,Double anonymous peer review,http://revistas.unal.edu.co/index.php/agrocol/about/editorialPolicies#peerReviewProcess,True,http://revistas.unal.edu.co/index.php/agrocol/about/editorialPolicies#focusAndScope,http://revistas.unal.edu.co/index.php/agrocol/about/displayMembership/177,http://revistas.unal.edu.co/index.php/agrocol/about/submissions#authorGuidelines,25,False,http://www.revistas.unal.edu.co/index.php/agrocol/about/editorialPolicies#custom-1,False,,False,,,,,Open Policy Finder,,DOI,True,,,QK900-989,False,No,No,Science: Botany: Plant ecology,2016-11-08,2024-06-19,2024-06-19,1297,2024-07-17,,,200.0,imputado,['publindex'],mediana_area,False,1,,,True,False,2026-09-12
0121-6538,2248-6941,,Ánfora,2020,C,Colombia,Eje Cafetero,Caldas,Manizales,17001,Sociología,Sociología,Ciencias Sociales,UNIVERSIDAD AUTONOMA DE MANIZALES,IES,,,"1,053",0121-6538,anfora,CO,2026-09-12,consolidado,56c6734d63c4a96a,,,,,,,,,0,,,,,,,,,,,,,,http://publicaciones.autonoma.edu.co/index.php/anfora,https://doaj.org/toc/494cf24267fb4a55a1fd448f6d8bab67,2008,,0121-6538,2248-6941,"['human sciences' 'humanities' 'social sciences'
 'interdisciplinary studies' 'research methodology']",['English' 'Spanish'],Colombia,,,CC BY-NC-SA,,https://publicaciones.autonoma.edu.co/index.php/anfora/about,True,False,https://publicaciones.autonoma.edu.co/index.php/anfora/about,Double anonymous peer review,https://publicaciones.autonoma.edu.co/index.php/anfora/about,False,https://publicaciones.autonoma.edu.co/index.php/anfora/about,https://publicaciones.autonoma.edu.co/index.php/anfora/about/editorialTeam,https://publicaciones.autonoma.edu.co/index.php/anfora/information/authors,24,False,https://publicaciones.autonoma.edu.co/index.php/anfora/about,False,,False,,,,,,,DOI,True,,,H|H1-99,False,No,No,Social Sciences: Social sciences (General),2016-11-01,2021-06-01,2021-06-01,0,,,,100.0,imputado,['publindex'],mediana_global,False,1,,,True,False,2026-09-12
2027-1786,,,Revista Iberoamericana De Psicología: Ciencia Y Tecnología,2020,C,Colombia,Distrito Capital,"Bogotá, D. C.","Bogotá, D.C.",11001,"Psicología (Incluye Terapias de Aprendizaje, Habla, Visual y Otras Discapacidades Físicas y Mentales)",Psicología,Ciencias Sociales,CORPORACION UNIVERSITARIA AMERICANA,IES,,,475,2027-1786,iberoamericana psicologia ciencia tecnologia,CO,2026-09-12,consolidado,59c75cd028a00e57,,,,,,,,,0,,,,,,,,,,,,,,https://reviberopsicologia.ibero.edu.co/index,https://doaj.org/toc/49ee775571de4269a8de7b537274c6fb,2018,Ibero-American Journal of Psychology,2027-1786,2500-6517,"['psychology' 'social sciences' 'qualitative research'
 'quantitative methods' 'behavior' 'cognitive psychology']",['Spanish' 'English' 'Portuguese'],Colombia,Corporación Universitaria Iberoamericana,Colombia,CC BY-NC-SA,,https://reviberopsicologia.ibero.edu.co/about/submissions,True,False,https://reviberopsicologia.ibero.edu.co/about,Double anonymous peer review,https://reviberopsicologia.ibero.edu.co/about,True,https://reviberopsicologia.ibero.edu.co/about,https://reviberopsicologia.ibero.edu.co/about/editorialTeam,https://reviberopsicologia.ibero.edu.co/about/submissions,16,False,https://reviberopsicologia.ibero.edu.co/about,False,,False,,,,,,,DOI,True,,,BF1-990,False,No,No,Philosophy. Psychology. Religion: Psychology,2021-05-17,2021-05-17,2021-05-17,274,2026-02-19,,,100.0,imputado,['publindex'],mediana_global,False,1,,,True,False,2026-09-12
2027-4688,,,Fronteras De La Historia,2020,C,Colombia,Distrito Capital,"Bogotá, D. C.","Bogotá, D.C.",11001,Historia,Historia y Arqueología,Humanidades,INSTITUTO COLOMBIANO DE ANTROPOLOGIA E HISTORIA ICANH,Entidades de Gobierno,,,"1,119",2027-4688,fronteras historia,CO,2026-09-12,consolidado,385a56738fbe1042,,,,,,,,,0,,,,,,,,,,,,,,https://revistas.icanh.gov.co/index.php/fh/index,https://doaj.org/toc/2a6519794db24e95beacb46ce1e862e4,1997,Revista de Historia Colonial Latinoamericana,2027-4688,2539-4711,"['historiography' 'social science' 'archive' 'history'
 'colonial latinamerican history' 'latin america']",['Spanish'],Colombia,Instituto Colombiano de Antropología e Historia,,CC BY-NC-ND,,https://revistas.icanh.gov.co/index.php/fh/about,,False,,Double anonymous peer review,https://revistas.icanh.gov.co/index.php/fh/pro,False,https://revistas.icanh.gov.co/index.php/fh/about,https://revistas.icanh.gov.co/index.php/fh/about/editorialTeam,https://revistas.icanh.gov.co/index.php/fh/about/submissions,20,False,https://revistas.icanh.gov.co/index.php/fh/about,False,,False,https://revistas.icanh.gov.co/index.php/fh/about,,,,,,,True,,,D1-2009|F1201-3799,False,No,No,History (General) and history of Europe: History (General) | History America: Latin America. Spanish America,2018-12-06,2019-01-23,2019-01-23,1504,2026-06-30,,,100.0,imputado,['publindex'],mediana_global,False,1,,,True,False,2026-09-12
0123-9155,,,Acta Colombiana De Psicología,2020,C,Colombia,Distrito Capital,"Bogotá, D. C.","Bogotá, D.C.",11001,"Psicología (Incluye Terapias de Aprendizaje, Habla, Visual y Otras Discapacidades Físicas y Mentales)",Psicología,Ciencias Sociales,UNIVERSIDAD CATOLICA DE COLOMBIA,IES,,,346,0123-9155,acta colombiana psicologia,CO,2026-09-12,consolidado,2480c18a7e53c812,,,,,,,,,0,,,,,,,,,,,,,,https://editorial.ucatolica.edu.co/ojsucatolica/revistas_ucatolica/index.php/acta-colombiana-psicologia/,https://doaj.org/toc/0845ffb134c64e55a1bcaf79221775f4,2016,Revista Acta Colombiana de Psicología,0123-9155,1909-9711,['psychology' 'health' 'education' 'social sciences'],['English' 'Spanish'],Colombia,,,CC BY-NC-SA,,https://actacolombianapsicologia.ucatolica.edu.co/index.php/acta-colombiana-psicologia/about/submissions#authorGuidelines,,True,https://editorial.ucatolica.edu.co/ojsucatolica/revistas_ucatolica/index.php/acta-colombiana-psicologia/about/submissions#copyrightNotice,Double anonymous peer review,https://actacolombianapsicologia.ucatolica.edu.co/about/peerReviewProcess,True,https://actacolombianapsicologia.ucatolica.edu.co/about/focusAndScope,https://actacolombianapsicologia.ucatolica.edu.co/index.php/acta-colombiana-psicologia/about/editorialTeam,https://actacolombianapsicologia.ucatolica.edu.co/index.php/acta-colombiana-psicologia/about/submissions#authorGuidelines,28,False,https://actacolombianapsicologia.ucatolica.edu.co/index.php/acta-colombiana-psicologia/about/submissions#authorGuidelines,False,,False,,CLOCKSS,National Library of the Netherlands,https://portal.issn.org/resource/ISSN/1909-9711,,,DOI,True,,,BF1-990,False,No,No,Philosophy. Psychology. Religion: Psychology,2019-06-03,2026-02-25,2026-02-25,675,2024-05-11,,,100.0,imputado,['publindex'],mediana_global,False,1,,,True,False,2026-09-12
0124-0137,2027-212X,,Revista Psicogente,2020,B,Colombia,Caribe,Atlántico,Barranquilla,08001,"Psicología (Incluye Terapias de Aprendizaje, Habla, Visual y Otras Discapacidades Físicas y Mentales)",Psicología,Ciencias Sociales,UNIVERSIDAD SIMON BOLIVAR,IES,,,28,0124-0137,psicogente,CO,2026-09-12,consolidado,51e84401e2b93b10,,,,,,,,,0,,,,,,,,,,,,,,http://revistas.unisimon.edu.co/index.php/psicogente,https://doaj.org/toc/a35df553ca414b6f81c6ea6739fefa2f,2003,,0124-0137,2027-212X,"['clinical psychology' 'social psychology' 'mental health'
 'education psychology' 'neuropsychology']",['Spanish'],Colombia,,,CC BY,,http://revistas.unisimon.edu.co/index.php/psicogente/cesion,,False,,Double anonymous peer review,http://revistas.unisimon.edu.co/index.php/psicogente/evaluacionpublicacion,False,http://revistas.unisimon.edu.co/index.php/psicogente/enfoque,http://publicaciones.unisimonbolivar.edu.co/rdigital/ojs/index.php/psicogente/about/editorialTeam,http://revistas.unisimon.edu.co/index.php/psicogente/enviorecepcion,16,False,http://revistas.unisimon.edu.co/index.php/psicogente/accesoabierto,False,,False,http://revistas.unisimon.edu.co/index.php/psicogente/accesoabierto,,,http://publicaciones.unisimonbolivar.edu.co/rdigital/ojs/index.php/psicogente/index,Dulcinea,,,True,,,BF1-990,False,No,No,Philosophy. Psychology. Religion: Psychology,2011-05-05,2020-04-20,2020-04-20,545,2026-06-18,,,100.0,imputado,['publindex'],mediana_global,False,2,,,True,False,2026-09-12
0120-386X,2256-3334,,Revista Facultad Nacional De Salud Publica,2020,B,Colombia,Eje Cafetero,Antioquia,Medellín,05001,Salud Pública,Ciencias de la Salud,Ciencias Médicas y de la Salud,UNIVERSIDAD DE ANTIOQUIA,IES,,,64,0120-386X,facultad nacional salud publica,CO,2026-09-12,consolidado,64a1e4f1bab6392e,,,,,,,,,0,,,,,,,,,,,,,,https://revistas.udea.edu.co/index.php/fnsp/,https://doaj.org/toc/ae57234c3ded48e180bfe0a14e9a47d1,2000,,0120-386X,,['public health' 'health sciences'],['Spanish'],Colombia,,,CC BY-NC-SA,,https://revistas.udea.edu.co/index.php/fnsp/about,True,False,,Double anonymous peer review,https://revistas.udea.edu.co/index.php/fnsp/about/submissions,False,https://revistas.udea.edu.co/index.php/fnsp/about,https://revistas.udea.edu.co/index.php/fnsp/about/editorialTeam,https://revistas.udea.edu.co/index.php/fnsp/about/submissions,24,False,https://revistas.udea.edu.co/index.php/fnsp/about,False,,False,https://revistas.udea.edu.co/index.php/fnsp/about,,,,,,,True,,,RA1-1270,False,No,No,Medicine: Public aspects of medicine,2011-01-20,2020-05-09,2020-05-09,653,2025-11-19,,,100.0,imputado,['publindex'],mediana_area,False,2,,,True,False,2026-09-12
0120-4823,2027-2731,,Signo Y Pensamiento,2020,B,Colombia,Distrito Capital,"Bogotá, D. C.","Bogotá, D.C.",11001,Medios y Comunicación Social,Periodismo y Comunicaciones,Ciencias Sociales,PONTIFICIA UNIVERSIDAD JAVERIANA,IES,,,120,0120-4823,signo pensamiento,CO,2026-09-12,consolidado,62e7544032a7c86d,120.0,21100316036,journal,Pontificia Universidad Javeriana,True,True,0.139,Q3,2,9.0,14.0,68.0,682.0,13.0,68.0,0.14,48.71,0.5652,0.0,2014-2025,Linguistics and Language (Q3); Communication (Q4),Social Sciences,http://revistas.javeriana.edu.co/index.php/signoypensamiento/index,https://doaj.org/toc/e49729bf418b455287cffda38c6090f5,2000,,0120-4823,2027-2731,['information' 'media'],['English'],Colombia,"Pontificia Universidad Javeriana, Facultad de Comunicación y Lenguaje",,CC BY,,http://revistas.javeriana.edu.co/index.php/signoypensamiento/about/submissions#copyrightNotice,,False,,Double anonymous peer review,http://revistas.javeriana.edu.co/index.php/signoypensamiento/about/editorialPolicies#peerReviewProcess,False,http://revistas.javeriana.edu.co/index.php/signoypensamiento/about/editorialPolicies#focusAndScope,http://revistas.javeriana.edu.co/index.php/signoypensamiento/about/displayMembership/41,http://revistas.javeriana.edu.co/index.php/signoypensamiento/about/submissions#authorGuidelines,20,False,http://revistas.javeriana.edu.co/index.php/signoypensamiento/about/editorialPolicies#openAccessPolicy,False,,False,,,,,Open Policy Finder,,DOI,True,,,P87-96,False,No,No,Language and Literature: Philology. Linguistics: Communication. Mass media,2013-05-22,2022-08-17,2022-08-17,534,2019-09-12,,,100.0,imputado,['publindex'],mediana_global,False,2,0.19117647058823528,0.15207877461706784,True,False,2026-09-12
1909-3063,,,"Revista De Relaciones Internacionales, Estrategia Y Seguridad",2020,C,Colombia,Distrito Capital,"Bogotá, D. C.","Bogotá, D.C.",11001,Ciencias Políticas,Ciencias Políticas,Ciencias Sociales,UNIVERSIDAD MILITAR NUEVA GRANADA,IES,,,918,1909-3063,relaciones internacionales estrategia seguridad,CO,2026-09-12,consolidado,bb2c86ef4dd04655,,,,,,,,,0,,,,,,,,,,,,,,https://revistas.unimilitar.edu.co/index.php/ries/index,https://doaj.org/toc/087b368c6b3642f9988493580a1d3943,2006,"Journal of International Relations, Strategy and Security",1909-3063,1909-7743,['strategy' 'security' 'international relations'],['Portuguese' 'English' 'Spanish'],Colombia,Universidad Militar Nueva Granada,Colombia,CC BY-NC-ND,,https://revistas.unimilitar.edu.co/index.php/ries/about,True,False,https://revistas.unimilitar.edu.co/index.php/ries/about,Double anonymous peer review,https://revistas.unimilitar.edu.co/index.php/ries/about,True,https://revistas.unimilitar.edu.co/index.php/ries/about,https://revistas.unimilitar.edu.co/index.php/ries/about/editorialTeam,https://revistas.unimilitar.edu.co/index.php/ries/about/submissions,20,False,https://revistas.unimilitar.edu.co/index.php/ries/about,False,,False,,Portico,,https://www.portico.org/coverage/titles/?keyword=1909-3063&filter_by%5B%5D=e-journal,,,DOI,True,,,JZ2-6530|JA1-92,False,No,No,Political science: International relations | Political science: Political science (General),2018-03-07,2021-07-27,2021-07-27,407,2025-12-25,,,100.0,imputado,['publindex'],mediana_global,False,1,,,True,False,2026-09-12
0121-0319,,,Médicas Uis,2020,C,Colombia,Centro Oriente,Santander,Bucaramanga,68001,Otras Ciencias Médicas,Otras Ciencias Médicas,Ciencias Médicas y de la Salud,UNIVERSIDAD INDUSTRIAL DE SANTANDER,IES,,,328,0121-0319,medicas uis,CO,2026-09-12,consolidado,f43fcaafeb83e04d,,,,,,,,,0,,,,,,,,,,,,,,,,,,,,,,,,,,,,,,,,,,,,,,,,,,,,,,,,,,,,,,,,,,,,,,,,,100.0,imputado,['publindex'],mediana_area,False,1,,,True,,2026-09-12
0121-7488,2462-7658,,Ciencia En Desarrollo,2020,C,Colombia,Centro Oriente,Boyacá,Tunja,15001,Química Física,Ciencias Químicas,Ciencias Naturales,UNIVERSIDAD PEDAGOGICA Y TECNOLOGICA DE COLOMBIA,IES,,,339,0121-7488,ciencia desarrollo,CO,2026-09-12,consolidado,ad65d122e095783a,,,,,,,,,0,,,,,,,,,,,,,,,,,,,,,,,,,,,,,,,,,,,,,,,,,,,,,,,,,,,,,,,,,,,,,,,,,100.0,imputado,['publindex'],mediana_global,False,1,,,True,,2026-09-12
1692-2522,,,Anagramas : Rumbos Y Sentidos De La Comunicación,2020,C,No disponible,No disponible,No disponible,No disponible,,Medios y Comunicación Social,Periodismo y Comunicaciones,Ciencias Sociales,UNIVERSIDAD DE MEDELLIN,IES,,,484,1692-2522,anagramas rumbos sentidos comunicacion,,2026-09-12,consolidado,51ed5a1744b92cb7,,,,,,,,,0,,,,,,,,,,,,,,http://revistas.udem.edu.co/index.php/anagramas,https://doaj.org/toc/0a4c4d8e9ad34303a3965044512214dd,2002,,1692-2522,2248-4086,"['literature' 'education' 'culture' 'comunication' 'social movements'
 'movies']",['Spanish' 'Portuguese' 'English'],Colombia,Universidad de Medellin,,CC BY-NC,,https://revistas.udem.edu.co/index.php/anagramas/about,True,False,http://revistas.udem.edu.co/index.php/anagramas/about/submissions#copyrightNotice,Double anonymous peer review,https://revistas.udem.edu.co/index.php/anagramas/about#a2,False,https://revistas.udem.edu.co/index.php/anagramas/about#a1,https://revistas.udem.edu.co/index.php/anagramas/about/editorialTeam,https://revistas.udem.edu.co/index.php/anagramas/about/submissions,6,False,https://revistas.udem.edu.co/index.php/anagramas/about#a7,False,,False,,,,,,,,True,,,P87-96,False,No,No,Language and Literature: Philology. Linguistics: Communication. Mass media,2015-11-16,2021-03-01,2021-03-01,515,2026-07-25,,,100.0,imputado,['publindex'],mediana_global,False,1,,,False,True,2026-09-12
1692-3324,,,Revista Ingenierías Universidad De Medellín,2020,B,Colombia,Eje Cafetero,Antioquia,Medellín,05001,No registra,Ingeniería Ambiental,Ingeniería y Tecnología,UNIVERSIDAD DE MEDELLIN,IES,,,525,1692-3324,ingenierias universidad medellin,CO,2026-09-12,consolidado,b59ba1069aa95139,,,,,,,,,0,,,,,,,,,,,,,,https://revistas.udem.edu.co/index.php/ingenierias/index,https://doaj.org/toc/119f14e7ba0a4b5ab911f44f0437ce3f,2006,Revista Ingenierías,1692-3324,2248-4094,"['civil engineering' 'environmental engineering' 'systems engineering'
 'administrative engineering']",['Spanish' 'English'],Colombia,,,CC BY-NC-ND,,https://revistas.udem.edu.co/index.php/ingenierias/information/readers,,False,https://revistas.udem.edu.co/index.php/ingenierias/policies,Double anonymous peer review,https://revistas.udem.edu.co/index.php/ingenierias/about,True,https://revistas.udem.edu.co/index.php/ingenierias/about,https://revistas.udem.edu.co/index.php/ingenierias/about/editorialTeam,http://revistas.udem.edu.co/index.php/ingenierias/about/submissions#authorGuidelines,50,False,https://revistas.udem.edu.co/index.php/ingenierias/about,False,,False,,,,,,,,True,,,T|TA1-2040,False,No,No,Technology: Engineering (General). Civil engineering (General),2016-09-05,2025-09-09,2025-09-09,725,2026-05-13,,,100.0,imputado,['publindex'],mediana_global,False,2,,,True,False,2026-09-12
1909-9762,,,Revista Ingeniería Biomédica,2020,C,Colombia,Eje Cafetero,Antioquia,Envigado,05266,No registra,Biotecnología en Salud,Ciencias Médicas y de la Salud,UNIVERSIDAD EIA,IES,UNIVERSIDAD CES,,"1,134",1909-9762,ingenieria biomedica,CO,2026-09-12,consolidado,9c8ddfe58aa513b6,,,,,,,,,0,,,,,,,,,,,,,,,,,,,,,,,,,,,,,,,,,,,,,,,,,,,,,,,,,,,,,,,,,,,,,,,,,100.0,imputado,['publindex'],mediana_area,False,1,,,True,,2026-09-12
0122-056X,2256-5035,,Informador Tecnico,2020,C,Colombia,Pacífico,Valle del Cauca,Cali,76001,"Compuestos (Laminados, Plásticos Reforzados, Fibra Sintéticas y Naturales)",Ingeniería de los Materiales,Ingeniería y Tecnología,SERVICIO NACIONAL DE APRENDIZAJE SENA,IES,,,"1,084",0122-056X,informador tecnico,CO,2026-09-12,consolidado,75287c8cd4b25ae5,,,,,,,,,0,,,,,,,,,,,,,,http://revistas.sena.edu.co/index.php/inf_tec/index,https://doaj.org/toc/8c96d61b2bc54ac2b2fca14457c35c3d,2010,,0122-056X,2256-5035,"['mechanical engineering' 'electronic engineering' 'materials'
 'biotechnology' 'checmial engineering']",['English' 'Spanish'],Colombia,,,CC BY-NC-ND,,http://revistas.sena.edu.co/index.php/inf_tec/acceso,True,False,,Double anonymous peer review,http://revistas.sena.edu.co/index.php/inf_tec/pares,True,http://revistas.sena.edu.co/index.php/inf_tec/about,http://revistas.sena.edu.co/index.php/inf_tec/about/editorialTeam,http://revistas.sena.edu.co/index.php/inf_tec/about/submissions#authorGuidelines,12,False,http://revistas.sena.edu.co/index.php/inf_tec/acceso,False,,False,http://revistas.sena.edu.co/index.php/inf_tec/acceso,,,,Open Policy Finder,,DOI,True,,,TA1-2040|T1-995,False,No,No,Technology: Engineering (General). Civil engineering (General) | Technology: Technology (General),2020-08-26,2020-08-26,2020-08-26,193,2024-07-30,,,100.0,imputado,['publindex'],mediana_global,False,1,,,True,True,2026-09-12
0123-4226,,,Revista U.D.C.A. Actualidad & Divulgación Científica,2020,B,Colombia,Distrito Capital,"Bogotá, D. C.","Bogotá, D.C.",11001,Otras Ciencias Agrícolas,Otras Ciencias Agrícolas,Ciencias Agrícolas,UNIVERSIDAD DE CIENCIAS APLICADAS Y AMBIENTALES U D C A,IES,,,2,0123-4226,u d c actualidad divulgacion cientifica,CO,2026-09-12,consolidado,efbb506f2b2c5480,,,,,,,,,0,,,,,,,,,,,,,,https://revistas.udca.edu.co/index.php/ruadc,https://doaj.org/toc/204e73413df24aac9ab61d16a4e0992c,2007,,0123-4226,2619-2551,"['agriculture science' 'health sciences' 'natural sciences'
 'iberoamerican region']",['Spanish'],Colombia,Universidad de Ciencias Aplicadas y Ambientales,,CC BY-NC,,https://revistas.udca.edu.co/index.php/ruadc/about#access-policy,,True,https://revistas.udca.edu.co/index.php/ruadc/information/authors,Double anonymous peer review,https://revistas.udca.edu.co/index.php/ruadc/about#focus-and-scope,True,https://revistas.udca.edu.co/index.php/ruadc/about#focus-and-scope,https://revistas.udca.edu.co/index.php/ruadc/about/editorialTeam,https://revistas.udca.edu.co/index.php/ruadc/information/authors,20,False,https://revistas.udca.edu.co/index.php/ruadc/about#focus-and-scope,False,,False,https://revistas.udca.edu.co/index.php/ruadc/about#focus-and-scope,,,,,,,True,,,S1-972|R5-920|QH301-705.5,False,No,No,Agriculture: Agriculture (General) | Medicine: Medicine (General) | Science: Biology (General),2019-02-24,2019-08-30,2019-08-30,1466,2026-07-01,,,200.0,imputado,['publindex'],mediana_area,False,2,,,True,False,2026-09-12
1900-9895,,,Latinoamericana De Estudios Educativos,2020,C,Colombia,Eje Cafetero,Caldas,Manizales,17001,"Educación General (Incluye Capacitación, Pedagogía)",Ciencias de la Educación,Ciencias Sociales,UNIVERSIDAD DE CALDAS,IES,,,208,1900-9895,latinoamericana estudios educativos,CO,2026-09-12,consolidado,6a207aeb93aa170d,,,,,,,,,0,,,,,,,,,,,,,,https://revistasojs.ucaldas.edu.co/index.php/latinoamericana,https://doaj.org/toc/3aa130ee7c5849d98fcf86493377555e,2013,,1900-9895,2500-5324,['education' 'pedagogy' 'curriculum' 'didactic'],['English' 'Spanish'],Colombia,,,CC BY,,https://revistasojs.ucaldas.edu.co/index.php/latinoamericana/ethics,True,False,https://revistasojs.ucaldas.edu.co/index.php/latinoamericana/ethics,Double anonymous peer review,https://revistasojs.ucaldas.edu.co/index.php/latinoamericana/about/submissions,True,https://revistasojs.ucaldas.edu.co/index.php/latinoamericana/about,https://revistasojs.ucaldas.edu.co/index.php/latinoamericana/about/editorialTeam,https://revistasojs.ucaldas.edu.co/index.php/latinoamericana/about/submissions,24,False,https://revistasojs.ucaldas.edu.co/index.php/latinoamericana/about/submissions,False,,False,,,,,Open Policy Finder,https://openpolicyfinder.jisc.ac.uk/id/publication/44350,DOI,True,,,L,False,No,No,Education,2018-08-16,2023-11-30,2023-11-30,428,2026-05-22,,,100.0,imputado,['publindex'],mediana_global,False,1,,,True,False,2026-09-12
2216-0973,,,Revista Cuidarte,2020,B,Colombia,Centro Oriente,Santander,Bucaramanga,68001,Enfermería,Ciencias de la Salud,Ciencias Médicas y de la Salud,UNIVERSIDAD DE SANTANDER,IES,,,981,2216-0973,cuidarte,CO,2026-09-12,consolidado,0f65058f1906fd00,71.0,21101046764,journal,Universidad de Santander,True,True,0.181,Q3,2,9.0,60.0,164.0,2315.0,97.0,154.0,0.58,38.58,0.6404000000000001,0.0,2019-2025,Family Practice (Q3); Maternity and Midwifery (Q3); Medical and Surgical Nursing (Q3); Nurse Assisting (Q3); Community and Home Care (Q4); Critical Care and Intensive Care Medicine (Q4); Nursing (miscellaneous) (Q4),Medicine; Nursing,https://revistas.udes.edu.co/cuidarte,https://doaj.org/toc/5a61416ae03b4d448f2ce56bc6608cde,2010,,2216-0973,2346-3414,['nursing' 'health sciences' 'public health'],['Spanish' 'Portuguese' 'English'],Colombia,Programa de Enfermería (Facultad de Ciencias de la Salud),,CC BY-NC,,https://revistas.udes.edu.co/cuidarte/Derechoautor,,False,https://revistas.udes.edu.co/cuidarte/Derechoautor,Double anonymous peer review,https://revistas.udes.edu.co/cuidarte/Procesoeditorial,True,https://revistas.udes.edu.co/cuidarte/alcanceypolitica,https://revistas.udes.edu.co/cuidarte/team,https://revistas.udes.edu.co/cuidarte/Instruccionesalosautores,19,False,https://revistas.udes.edu.co/cuidarte/Instruccionesalosautores,False,,False,,Portico,,https://revistacuidarte.udes.edu.co/index.php/cuidarte/Politicaautoarchivo,Open Policy Finder,,DOI,True,,,RT1-120,False,No,No,Medicine: Nursing,2015-07-27,2024-05-28,2024-05-28,686,2026-08-11,,,100.0,imputado,['publindex'],mediana_area,False,2,0.5914634146341463,0.19803063457330414,True,False,2026-09-12
2011-2106,,,Revista De Economía Del Caribe,2020,C,Colombia,Caribe,Atlántico,Barranquilla,08001,Economía,Economía y Negocios,Ciencias Sociales,FUNDACION UNIVERSIDAD DEL NORTE,IES,,,696,2011-2106,economia caribe,CO,2026-09-12,consolidado,19dc301c6b930ee7,,,,,,,,,0,,,,,,,,,,,,,,,,,,,,,,,,,,,,,,,,,,,,,,,,,,,,,,,,,,,,,,,,,,,,,,,,,100.0,imputado,['publindex'],mediana_global,False,1,,,True,,2026-09-12
1794-6670,,,"Cuadernos De Música, Artes Visuales Y Artes Escénicas",2020,C,Colombia,Distrito Capital,"Bogotá, D. C.","Bogotá, D.C.",11001,Artes plásticas y visuales,Arte,Humanidades,PONTIFICIA UNIVERSIDAD JAVERIANA,IES,,,134,1794-6670,cuadernos musica artes visuales artes escenicas,CO,2026-09-12,consolidado,6c8f9bdb93082338,158.0,21100203943,journal,Pontificia Universidad Javeriana,False,False,0.113,Q3,2,7.0,29.0,77.0,847.0,17.0,62.0,0.13,29.21,0.5652,0.0,2012-2026,Music (Q3); Visual Arts and Performing Arts (Q3); Linguistics and Language (Q4),Arts and Humanities; Social Sciences,,,,,,,,,,,,,,,,,,,,,,,,,,,,,,,,,,,,,,,,,,,,,,,,,,,,100.0,imputado,['publindex'],mediana_global,False,1,0.22077922077922077,0.1236323851203501,True,,2026-09-12
0124-8693,,,Tendencias,2020,C,Colombia,Pacífico,Nariño,Pasto,52001,Economía,Economía y Negocios,Ciencias Sociales,UNIVERSIDAD DE NARINO,IES,,,629,0124-8693,tendencias,CO,2026-09-12,consolidado,59144d6299a8e33b,,,,,,,,,0,,,,,,,,,,,,,,http://revistas.udenar.edu.co/index.php/rtend,https://doaj.org/toc/86f89a449d254aff9b20abd6f0aa9b7e,2000,,0124-8693,2539-0554,['economic growth' 'commerce' 'business' 'finance'],['English' 'Portuguese' 'Spanish'],Colombia,"Universidad de Nariño, Facultad de Ciencias Económicas y Administrativas",,CC BY-NC,,https://revistas.udenar.edu.co/index.php/rtend/about/submissions,True,False,https://revistas.udenar.edu.co/index.php/rtend/about,Double anonymous peer review,https://revistas.udenar.edu.co/index.php/rtend/about,False,https://revistas.udenar.edu.co/index.php/rtend/about,https://revistas.udenar.edu.co/index.php/rtend/comites,https://revistas.udenar.edu.co/index.php/rtend/about/submissions,16,False,https://revistas.udenar.edu.co/index.php/rtend/about,False,,False,,CLOCKSS,,https://portal.issn.org/resource/ISSN/2539-0554,,,DOI,True,,,HF5001-6182|HB1-3840,False,No,No,Social Sciences: Commerce: Business | Social Sciences: Economic theory. Demography,2017-10-26,2025-06-06,2025-06-06,759,2026-07-15,,,100.0,imputado,['publindex'],mediana_global,False,1,,,True,False,2026-09-12
0120-2812,2323-0118,,Acta Agronómica,2020,C,Colombia,Pacífico,Valle del Cauca,Palmira,76520,No registra,Ciencias de la Tierra y Medioambientales,Ciencias Naturales,UNIVERSIDAD NACIONAL DE COLOMBIA,IES,,,535,0120-2812,acta agronomica,CO,2026-09-12,consolidado,9921f1bddcbcb460,,,,,,,,,0,,,,,,,,,,,,,,https://revistas.unal.edu.co/index.php/acta_agronomica/index,https://doaj.org/toc/b8ac3678c9a54d6da8d4cbe4c0631a62,1951,,0120-2812,2323-0118,"['crop protection' 'ecosystem services' 'animal science' 'crop breeding'
 'food science' 'soil science']",['Spanish' 'English'],Colombia,,,CC BY-NC-ND,,http://revistas.unal.edu.co/index.php/acta_agronomica/about/editorialPolicies#custom-2,True,True,https://revistas.unal.edu.co/index.php/acta_agronomica/about,Double anonymous peer review,https://revistas.unal.edu.co/index.php/acta_agronomica/about,False,https://revistas.unal.edu.co/index.php/acta_agronomica/about,https://revistas.unal.edu.co/index.php/acta_agronomica/about/editorialTeam,https://revistas.unal.edu.co/index.php/acta_agronomica/about/submissions#authorGuidelines,8,False,https://revistas.unal.edu.co/index.php/acta_agronomica/about#custom-3,False,,False,,"LOCKSS, PKP PN",,https://revistas.unal.edu.co/index.php/acta_agronomica/about,,,DOI,True,,,S,False,No,No,Agriculture,2008-04-17,2025-04-23,2025-04-23,1627,2026-07-15,,,100.0,imputado,['publindex'],mediana_global,False,1,,,True,True,2026-09-12
0124-7441,,,Justicia,2020,B,Colombia,Caribe,Atlántico,Barranquilla,08001,Derecho,Derecho,Ciencias Sociales,UNIVERSIDAD SIMON BOLIVAR,IES,,,37,0124-7441,justicia,CO,2026-09-12,consolidado,f0d3239de681a36e,,,,,,,,,0,,,,,,,,,,,,,,https://revistas.unisimon.edu.co/index.php/justicia/index,https://doaj.org/toc/4e6fcfe4a1be4ce5b958b042901dde6b,2014,,0124-7441,2590-4566,['law' 'jurisprudence' 'criminal law' 'procedural law'],['English' 'Spanish'],Colombia,,,CC BY,,https://revistas.unisimon.edu.co/index.php/justicia/openacces,True,True,https://revistas.unisimon.edu.co/index.php/justicia/copyright,Double anonymous peer review,https://revistas.unisimon.edu.co/index.php/justicia/pares,True,https://revistas.unisimon.edu.co/index.php/justicia/enfoque,https://revistas.unisimon.edu.co/index.php/justicia/about/editorialTeam,http://revistas.unisimon.edu.co/index.php/justicia/about/submissions,7,False,http://revistas.unisimon.edu.co/index.php/justicia/membresia,False,,False,,,,,,,DOI,True,,,K1-7720,False,No,No,Law: Law in general. Comparative and uniform law. Jurisprudence,2022-03-04,2022-03-04,2022-03-04,499,2026-07-08,,,100.0,imputado,['publindex'],mediana_global,False,2,,,True,True,2026-09-12
1794-6190,2339-3459,,Earth Sciences Research Journal,2020,B,Colombia,Distrito Capital,"Bogotá, D. C.","Bogotá, D.C.",11001,Geografía Física,Ciencias de la Tierra y Medioambientales,Ciencias Naturales,UNIVERSIDAD NACIONAL DE COLOMBIA,IES,,,372,1794-6190,earth sciences,CO,2026-09-12,consolidado,0b6244640b5f3850,24.0,7000153282,journal,Universidad Nacional de Colombia,True,True,0.247,Q3,2,26.0,40.0,115.0,2236.0,108.0,115.0,0.97,55.9,0.2541,0.0,2007-2025,Earth and Planetary Sciences (miscellaneous) (Q3),Earth and Planetary Sciences,https://revistas.unal.edu.co/index.php/esrj/index,https://doaj.org/toc/d1fcdb8b3e544eaca6991fb7da67213d,2004,ESRJ,1794-6190,,['geosciences' 'geophysics' 'earth sciences' 'geology'],['English'],Colombia,"Universidad Nacional de Colombia, Facultad de Ciencias",,CC BY,,https://revistas.unal.edu.co/index.php/esrj/about/submissions#copyrightNotice,True,False,https://revistas.unal.edu.co/index.php/esrj/about,Double anonymous peer review,https://revistas.unal.edu.co/index.php/esrj/about,False,https://revistas.unal.edu.co/index.php/esrj/about,https://revistas.unal.edu.co/index.php/esrj/about/editorialTeam,https://revistas.unal.edu.co/index.php/esrj/about/submissions,20,False,https://revistas.unal.edu.co/index.php/esrj/about,False,,False,,,,,,,,True,,,QE1-996.5,False,No,No,Science: Geology,2006-05-29,2025-05-16,2025-05-16,410,2020-01-17,,,100.0,imputado,['publindex'],mediana_global,False,2,0.9391304347826087,0.27024070021881835,True,False,2026-09-12
0120-0488,,,Revista Colombiana De Entomología,2020,C,Colombia,Distrito Capital,"Bogotá, D. C.","Bogotá, D.C.",11001,"Zoología, Ornitología, Entomología, Ciencias Biológicas del Comportamiento",Ciencias Biológicas,Ciencias Naturales,SOCIEDAD COLOMBIANA DE ENTOMOLOGIA,Otras,,,101,0120-0488,colombiana entomologia,CO,2026-09-12,consolidado,6bff2b4a3d44bf90,62.0,19700174720,journal,Sociedad Colombiana de Entomologia,True,True,0.189,Q4,1,25.0,15.0,60.0,816.0,32.0,60.0,0.39,54.4,0.3448,0.0,2004-2025,Insect Science (Q4),Agricultural and Biological Sciences,,,,,,,,,,,,,,,,,,,,,,,,,,,,,,,,,,,,,,,,,,,,,,,,,,,,100.0,imputado,['publindex'],mediana_global,False,1,0.5333333333333333,0.20678336980306344,True,,2026-09-12
0123-3068,,,Boletín Científico Del Museo De Historia Natural,2020,A1,Colombia,Eje Cafetero,Caldas,Manizales,17001,"Zoología, Ornitología, Entomología, Ciencias Biológicas del Comportamiento",Ciencias Biológicas,Ciencias Naturales,UNIVERSIDAD DE CALDAS,IES,,,555,0123-3068,boletin cientifico museo historia natural,CO,2026-09-12,consolidado,c67cb8e1a26c6ab1,99.0,21100373236,journal,Universidad de Caldas,True,False,0.151,Q2,3,11.0,10.0,79.0,512.0,21.0,79.0,0.18,51.2,0.3871,0.0,2014-2025,Museology (Q2); Conservation (Q3),Arts and Humanities,,,,,,,,,,,,,,,,,,,,,,,,,,,,,,,,,,,,,,,,,,,,,,,,,,,,100.0,imputado,['publindex'],mediana_global,False,4,0.26582278481012656,0.16520787746170676,True,,2026-09-12
0121-3474,,,Verba Iuris,2020,C,Colombia,Distrito Capital,"Bogotá, D. C.","Bogotá, D.C.",11001,No registra,Derecho,Ciencias Sociales,UNIVERSIDAD LIBRE DE COLOMBIA,IES,,,459,0121-3474,verba iuris,CO,2026-09-12,consolidado,b9fc822003ea03b3,,,,,,,,,0,,,,,,,,,,,,,,,,,,,,,,,,,,,,,,,,,,,,,,,,,,,,,,,,,,,,,,,,,,,,,,,,,100.0,imputado,['publindex'],mediana_global,False,1,,,True,,2026-09-12
0123-4986,,,Trabajo Social,2020,C,Colombia,Distrito Capital,"Bogotá, D. C.","Bogotá, D.C.",11001,No registra,Idiomas y Literatura,Humanidades,UNIVERSIDAD NACIONAL DE COLOMBIA,IES,,,371,0123-4986,trabajo social,CO,2026-09-12,consolidado,c28997af795097b5,,,,,,,,,0,,,,,,,,,,,,,,http://www.revistas.unal.edu.co/index.php/tsocial,https://doaj.org/toc/de928defca7e4d02acfd28b70627bdbc,1998,,0123-4986,2256-5493,"['social work' 'the family' 'human rights' 'social policy'
 'social problems' 'internal migration']",['Spanish'],Colombia,,,CC BY-NC-ND,,http://revistas.unal.edu.co/index.php/tsocial/about/submissions#copyrightNotice,,True,http://www.revistas.unal.edu.co/index.php/tsocial/about/submissions#copyrightNotice,Double anonymous peer review,http://www.revistas.unal.edu.co/index.php/tsocial/about/editorialPolicies#peerReviewProcess,False,http://revistas.unal.edu.co/index.php/tsocial/about/editorialPolicies#focusAndScope,http://revistas.unal.edu.co/index.php/tsocial/about/editorialTeam,http://revistas.unal.edu.co/index.php/tsocial/about/submissions#authorGuidelines,50,False,http://www.revistas.unal.edu.co/index.php/tsocial/about/submissions#copyrightNotice,False,,False,http://www.revistas.unal.edu.co/index.php/tsocial/about/submissions#copyrightNotice,,,,,,,True,,,H|HN1-995,False,No,No,Social Sciences: Social history and conditions. Social problems. Social reform,2012-12-30,2019-12-05,2019-12-05,670,2026-08-12,,,100.0,imputado,['publindex'],mediana_global,False,1,,,True,False,2026-09-12
0120-4157,,,Biomédica,2020,B,Colombia,Distrito Capital,"Bogotá, D. C.","Bogotá, D.C.",11001,Otras Ciencias Médicas,Otras Ciencias Médicas,Ciencias Médicas y de la Salud,INSTITUTO NACIONAL DE SALUD,Centros,,,285,0120-4157,biomedica,CO,2026-09-12,consolidado,a4c0394724a7e810,19.0,77291,journal,Instituto Nacional de Salud,True,True,0.271,Q3,2,37.0,84.0,277.0,2297.0,240.0,258.0,0.76,27.35,0.5145000000000001,0.0,2001-2025,"Biochemistry, Genetics and Molecular Biology (miscellaneous) (Q3); Medicine (miscellaneous) (Q3)","Biochemistry, Genetics and Molecular Biology; Medicine",http://www.revistabiomedica.org/,https://doaj.org/toc/cd0682427a9b4b79b46be654f5f6b52b,1981,,0120-4157,2590-7379,['biomedicine' 'tropical medicine'],['English' 'Spanish'],Colombia,Instituto Nacional de Salud,,Publisher's own license,"Attribution, Share Alike, No Commercial Usage, No Derivatives",http://www.revistabiomedica.org/index.php/biomedica/about/submissions#copyrightNotice,,False,,Peer review,http://www.revistabiomedica.org/index.php/biomedica/about/submissions,True,http://www.revistabiomedica.org/index.php/biomedica/about/editorialPolicies#focusAndScope,http://www.revistabiomedica.org/index.php/biomedica/pages/view/team,http://www.revistabiomedica.org/index.php/biomedica/about/submissions,32,False,http://www.revistabiomedica.org/index.php/biomedica/about/editorialPolicies#custom-1,False,,False,,Portico,,https://portal.issn.org/resource/ISSN/2590-7379,,,DOI,True,,,R|RC955-962,False,No,No,Medicine: Internal medicine: Special situations and conditions: Arctic medicine. Tropical medicine,2016-11-11,2022-07-19,2022-07-19,2830,2026-07-07,,,100.0,imputado,['publindex'],mediana_area,False,2,0.8664259927797834,0.2964989059080963,True,False,2026-09-12
2322-9381,2322-9675,,Trashumante,2020,A2,Colombia,Eje Cafetero,Antioquia,Medellín,05001,Historia,Historia y Arqueología,Humanidades,UNIVERSIDAD DE ANTIOQUIA,IES,,,537,2322-9381,trashumante,CO,2026-09-12,consolidado,8740fdcbd45aa30d,,,,,,,,,0,,,,,,,,,,,,,,,,,,,,,,,,,,,,,,,,,,,,,,,,,,,,,,,,,,,,,,,,,,,,,,,,,100.0,imputado,['publindex'],mediana_global,False,3,,,True,,2026-09-12
0120-1751,,,Revista Colombiana De Estadística,2020,B,Colombia,Distrito Capital,"Bogotá, D. C.","Bogotá, D.C.",11001,Estadísticas y Probabilidades (Investigación en Metodologías),Matemática,Ciencias Naturales,UNIVERSIDAD NACIONAL DE COLOMBIA,IES,,,240,0120-1751,colombiana estadistica,CO,2026-09-12,consolidado,9a0a7aec4b152c94,30.0,19700175084,journal,Universidad Nacional de Colombia,True,True,0.228,Q4,1,25.0,37.0,58.0,1025.0,55.0,53.0,1.19,27.7,0.2235,0.0,2001-2026,Statistics and Probability (Q4),Mathematics,https://revistas.unal.edu.co/index.php/estad,https://doaj.org/toc/4d8d1e40b8c94eaca9a44b6816ec2b55,2000,,,0120-1751,"['statistics' 'probability' 'modeling' 'bayesian statistics'
 'biostatistics' 'applied mathematics']",['English'],Colombia,,,CC BY,,https://revistas.unal.edu.co/index.php/estad/about/submissions#copyrightNotice,,False,https://revistas.unal.edu.co/index.php/estad/about/submissions#copyrightNotice,Double anonymous peer review,https://revistas.unal.edu.co/index.php/estad/about/editorialPolicies#peerReviewProcess,True,https://revistas.unal.edu.co/index.php/estad/about/editorialPolicies#focusAndScope,https://revistas.unal.edu.co/index.php/estad/about/editorialTeam,https://revistas.unal.edu.co/index.php/estad/about/submissions#authorGuidelines,32,False,https://revistas.unal.edu.co/index.php/estad,False,,False,,,,,,,DOI,True,,,HA1-4737,False,No,No,Social Sciences: Statistics,2020-02-26,2023-01-30,2023-01-30,729,2019-01-10,,,100.0,imputado,['publindex'],mediana_global,False,2,0.9482758620689655,0.24945295404814005,True,False,2026-09-12
0120-4688,,,Praxis Filosófica,2020,C,Colombia,Pacífico,Valle del Cauca,Cali,76001,Filosofía,Otras Humanidades,Humanidades,UNIVERSIDAD DEL VALLE,IES,,,343,0120-4688,praxis filosofica,CO,2026-09-12,consolidado,4ed9fcadd3a1a2d8,,,,,,,,,0,,,,,,,,,,,,,,http://praxisfilosofica.univalle.edu.co/,https://doaj.org/toc/3bf30586e0984f7096a9c502b0b4b77a,2011,,0120-4688,2389-9387,['philosophy' 'humanities' 'ethics' 'metaphysics'],['English' 'French' 'German' 'Italian' 'Portuguese' 'Spanish'],Colombia,Universidad del Valle,,CC BY-NC-SA,,https://praxisfilosofica.univalle.edu.co/index.php/praxis/about/submissions,True,False,https://praxisfilosofica.univalle.edu.co/index.php/praxis/about/submissions,Double anonymous peer review,https://praxisfilosofica.univalle.edu.co/index.php/praxis/evaluacion,True,https://praxisfilosofica.univalle.edu.co/index.php/praxis/enfoqueyalcance,https://praxisfilosofica.univalle.edu.co/index.php/praxis/about/editorialTeam,https://praxisfilosofica.univalle.edu.co/index.php/praxis/information/authors,12,False,https://praxisfilosofica.univalle.edu.co/index.php/praxis/information/authors,False,,False,,PKP PN,,https://portal.issn.org/resource/ISSN/2389-9387,,,DOI,True,,,B1-5802,False,No,No,Philosophy. Psychology. Religion: Philosophy (General),2018-06-07,2026-05-16,2026-05-16,817,2026-08-01,,,100.0,imputado,['publindex'],mediana_global,False,1,,,True,True,2026-09-12
2248-5759,2322-2462,,Revista Salud Bosque,2020,C,Colombia,Distrito Capital,"Bogotá, D. C.","Bogotá, D.C.",11001,"Ciencias del Cuidado de la Salud y Servicios (Administración de Hospitales, Financiamiento)",Ciencias de la Salud,Ciencias Médicas y de la Salud,UNIVERSIDAD EL BOSQUE,IES,,,911,2248-5759,salud bosque,CO,2026-09-12,consolidado,722619f49e7577f1,,,,,,,,,0,,,,,,,,,,,,,,https://revistas.unbosque.edu.co/index.php/RSB,https://doaj.org/toc/40c85ff84d884d69ad6d22e49f7de392,2015,,2248-5759,2322-9462,['medical sciences' 'health sciences' 'medicine' 'complex sciences'],['English' 'Spanish'],Colombia,,,CC BY-NC,,https://revistas.unbosque.edu.co/index.php/RSB/about,True,False,https://revistas.unbosque.edu.co/index.php/RSB/about,Double anonymous peer review,https://revistas.unbosque.edu.co/index.php/RSB/about,True,https://revistas.unbosque.edu.co/index.php/RSB/about,https://revistas.unbosque.edu.co/index.php/RSB/about/editorialTeam,https://revistas.unbosque.edu.co/index.php/RSB/about/submissions,26,False,https://revistas.unbosque.edu.co/index.php/RSB/about,False,,False,,,,,,,DOI,True,,,R5-920,False,No,No,Medicine: Medicine (General),2021-03-02,2021-08-27,2021-08-27,308,2026-07-26,,,100.0,imputado,['publindex'],mediana_area,False,1,,,True,False,2026-09-12
0120-1700,2389-8755,,Actualidades Pedagógicas,2020,C,Colombia,Distrito Capital,"Bogotá, D. C.","Bogotá, D.C.",11001,"Educación General (Incluye Capacitación, Pedagogía)",Ciencias de la Educación,Ciencias Sociales,UNIVERSIDAD DE LA SALLE,IES,,,245,0120-1700,actualidades pedagogicas,CO,2026-09-12,consolidado,dd267264c304b549,,,,,,,,,0,,,,,,,,,,,,,,,,,,,,,,,,,,,,,,,,,,,,,,,,,,,,,,,,,,,,,,,,,,,,,,,,,100.0,imputado,['publindex'],mediana_global,False,1,,,True,,2026-09-12
1909-4450,,,Revista Republicana,2020,C,Colombia,Distrito Capital,"Bogotá, D. C.","Bogotá, D.C.",11001,Otras Ciencias Sociales,Otras Ciencias Sociales,Ciencias Sociales,CORPORACION UNIVERSITARIA REPUBLICANA,IES,,,385,1909-4450,republicana,CO,2026-09-12,consolidado,1fc9426000064975,82.0,21100812584,journal,Corporacion Universitaria Republicana,True,False,0.163,Q3,2,9.0,18.0,60.0,664.0,13.0,60.0,0.23,36.89,0.2188,0.0,2016-2025,Law (Q3); Sociology and Political Science (Q3),Social Sciences,,,,,,,,,,,,,,,,,,,,,,,,,,,,,,,,,,,,,,,,,,,,,,,,,,,,100.0,imputado,['publindex'],mediana_global,False,1,0.21666666666666667,0.17833698030634573,True,,2026-09-12
0034-7434,,,Revista Colombiana De Obstetricia Y Ginecología,2020,C,Colombia,Distrito Capital,"Bogotá, D. C.","Bogotá, D.C.",11001,Obstetricia y Ginecología,Medicina Clínica,Ciencias Médicas y de la Salud,SOCIEDAD COLOMBIANA DE OBSTETRICIA Y GINECOLOGIA,Otras,,,316,0034-7434,colombiana obstetricia ginecologia,CO,2026-09-12,consolidado,cd8ac8e168087e7e,34.0,28167,journal,Federacion Colombiana de Asociaciones de Obstetricia y Ginecologia (FECOLSOG),True,True,0.217,Q3,2,12.0,33.0,94.0,627.0,44.0,61.0,0.45,19.0,0.4583,0.0,"1960, 1962-1971, 1973-1996, 2007-2026",Obstetrics and Gynecology (Q3),Medicine,https://revista.fecolsog.org/index.php/rcog,https://doaj.org/toc/cb02e50afc4c4853a80a07fceb6f2154,2002,,0034-7434,2463-0225,"['gynecology' 'obstetrics' 'health' 'public health' 'gender identity'
 ""women's health""]",['Spanish' 'English'],Colombia,Federación Colombiana de Obstetricia y Ginecología,,CC BY-NC-ND,,https://revista.fecolsog.org/index.php/rcog/about#open-access-policy,,False,,Double anonymous peer review,https://revista.fecolsog.org/index.php/rcog/about#peer-review,True,https://revista.fecolsog.org/index.php/rcog/about#focus-scope,https://revista.fecolsog.org/index.php/rcog/about/editorialTeam,https://revista.fecolsog.org/index.php/rcog/about/submissions,20,False,https://revista.fecolsog.org/index.php/rcog/about#gastos,False,,False,,Portico,,https://revista.fecolsog.org/index.php/rcog/about#preservation,,,,True,,,RG1-991,False,No,No,Medicine: Gynecology and obstetrics,2019-12-03,2022-08-11,2022-08-11,3751,2026-07-29,,,100.0,imputado,['publindex'],mediana_area,False,1,0.46808510638297873,0.237417943107221,True,False,2026-09-12
0121-8417,,,Revista Historia Y Sociedad,2020,C,Colombia,Eje Cafetero,Antioquia,Medellín,05001,Historia,Historia y Arqueología,Humanidades,UNIVERSIDAD NACIONAL DE COLOMBIA,IES,,,"1,080",0121-8417,historia sociedad,CO,2026-09-12,consolidado,a6a550a0d5579f8b,,,,,,,,,0,,,,,,,,,,,,,,http://revistas.unal.edu.co/index.php/hisysoc/index,https://doaj.org/toc/97ab90770daf4edc89a0aa461b6e7c18,2011,,0121-8417,2357-4720,['history' 'social sciences' 'humanities'],['Spanish' 'Portuguese' 'French' 'English'],Colombia,Facultad de Ciencias Humanas y Económicas,,CC BY,,http://www.revistas.unal.edu.co/index.php/hisysoc/about/editorialPolicies#custom-4,,True,http://www.revistas.unal.edu.co/index.php/hisysoc/about/submissions#copyrightNotice,Double anonymous peer review,http://www.revistas.unal.edu.co/index.php/hisysoc/about/editorialPolicies#peerReviewProcess,True,http://www.revistas.unal.edu.co/index.php/hisysoc/about/editorialPolicies#focusAndScope,http://revistas.unal.edu.co/index.php/hisysoc/about/editorialTeam,http://revistas.unal.edu.co/index.php/hisysoc/about/submissions#authorGuidelines,26,False,http://www.revistas.unal.edu.co/index.php/hisysoc/about/submissions#authorFees,False,,False,,,,,Open Policy Finder,,DOI,True,,,AZ20-999,False,No,No,General Works: History of scholarship and learning. The humanities,2016-11-07,2025-04-04,2025-04-04,874,2026-07-30,,,100.0,imputado,['publindex'],mediana_global,False,1,,,True,False,2026-09-12
0123-885X,1900-5180,,Revista De Estudios Sociales,2020,A2,Colombia,Distrito Capital,"Bogotá, D. C.","Bogotá, D.C.",11001,Sociología,Sociología,Ciencias Sociales,UNIVERSIDAD DE LOS ANDES,IES,,,20,0123-885X,estudios sociales,CO,2026-09-12,consolidado,e38bc29cc33b9955,,,,,,,,,0,,,,,,,,,,,,,,https://revistas.uniandes.edu.co/index.php/res,https://doaj.org/toc/d225760193bf40858d41960bbe5ce942,2016,,0123-885X,1900-5180,"['social studies' 'history' 'political science' 'public administration'
 'sociology' 'anthropology']",['Spanish' 'Portuguese' 'English'],Colombia,,,CC BY-NC-ND,,https://revistas.uniandes.edu.co/index.php/res/editorial-policy,,False,https://revistas.uniandes.edu.co/index.php/res/editorial-policy,Double anonymous peer review,https://revistas.uniandes.edu.co/index.php/res/editorial-policy,False,https://revistas.uniandes.edu.co/index.php/res/about,https://revistas.uniandes.edu.co/index.php/res/executive-board,https://revistas.uniandes.edu.co/index.php/res/editorial-policy,52,False,https://revistas.uniandes.edu.co/index.php/res/editorial-policy,False,,False,,,,,,,DOI,True,,,H|H1-99,False,No,No,Social Sciences: Social sciences (General),2007-08-15,2023-02-28,2023-02-28,1245,2026-08-06,,,100.0,imputado,['publindex'],mediana_global,False,3,,,True,False,2026-09-12
0123-4366,,,Revista De Derecho Privado,2020,B,Colombia,Distrito Capital,"Bogotá, D. C.","Bogotá, D.C.",11001,Derecho,Derecho,Ciencias Sociales,UNIVERSIDAD EXTERNADO DE COLOMBIA,IES,,,441,0123-4366,derecho privado,CO,2026-09-12,consolidado,e554bfd2b5ff0e6e,116.0,21100432496,journal,Universidad Externado de Colombia,True,True,0.142,Q4,1,9.0,22.0,70.0,1394.0,14.0,69.0,0.27,63.36,0.5238,0.0,2015-2026,Law (Q4),Social Sciences,https://revistas.uexternado.edu.co/index.php/derpri,https://doaj.org/toc/edb7138238f44338913f1d27bb0d6c44,2005,,0123-4366,2346-2442,['private law' 'civil law' 'commercial law' 'litigation'],['Portuguese' 'Spanish'],Colombia,,,CC BY-NC-SA,,https://revistas.uexternado.edu.co/index.php/derpri/about,,True,https://revistas.uexternado.edu.co/index.php/derpri/information/authors,Double anonymous peer review,https://revistas.uexternado.edu.co/index.php/derpri/information/authors,True,https://revistas.uexternado.edu.co/index.php/derpri/about#focusAndScope,https://revistas.uexternado.edu.co/index.php/derpri/about/editorialTeam,https://revistas.uexternado.edu.co/index.php/derpri/information/authors,12,False,https://revistas.uexternado.edu.co/index.php/derpri/information/authors,False,,False,,PKP PN,,https://portal.issn.org/resource/ISSN/2346-2442,Open Policy Finder,https://openpolicyfinder.jisc.ac.uk/publication/24972,DOI,True,,,K1000-1395|K623-968,False,No,No,Law: Law in general. Comparative and uniform law. Jurisprudence: Comparative law. International uniform law: Commercial law | Law: Law in general. Comparative and uniform law. Jurisprudence: Comparative law. International uniform law: Civil law,2012-01-09,2026-06-24,2026-06-19,865,2026-07-02,,,100.0,imputado,['publindex'],mediana_global,False,2,0.2,0.15536105032822756,True,True,2026-09-12
0122-1701,,,Scientia Et Technica,2020,B,Colombia,Eje Cafetero,Risaralda,Pereira,66001,Ingeniería Eléctrica y Electrónica,"Ingenierías Eléctrica, Electrónica e Informática",Ingeniería y Tecnología,UNIVERSIDAD TECNOLOGICA DE PEREIRA,IES,,,136,0122-1701,scientia et technica,CO,2026-09-12,consolidado,eee3d5864bb643cd,,,,,,,,,0,,,,,,,,,,,,,,,,,,,,,,,,,,,,,,,,,,,,,,,,,,,,,,,,,,,,,,,,,,,,,,,,,100.0,imputado,['publindex'],mediana_global,False,2,,,True,,2026-09-12
1657-6357,,,Sociedad Y Economía,2020,B,Colombia,Pacífico,Valle del Cauca,Cali,76001,No registra,Otras Ciencias Sociales,Ciencias Sociales,UNIVERSIDAD DEL VALLE,IES,,,345,1657-6357,sociedad economia,CO,2026-09-12,consolidado,12894a500b205dbe,,,,,,,,,0,,,,,,,,,,,,,,,,,,,,,,,,,,,,,,,,,,,,,,,,,,,,,,,,,,,,,,,,,,,,,,,,,100.0,imputado,['publindex'],mediana_global,False,2,,,True,,2026-09-12
1657-0308,2357-626X,,Revista De Arquitectura,2020,B,Colombia,Distrito Capital,"Bogotá, D. C.","Bogotá, D.C.",11001,Arquitectura y Urbanismo,Arte,Humanidades,UNIVERSIDAD CATOLICA DE COLOMBIA,IES,,,633,1657-0308,arquitectura,CO,2026-09-12,consolidado,2ccdc614630146de,,,,,,,,,0,,,,,,,,,,,,,,https://revistadearquitectura.ucatolica.edu.co/,https://doaj.org/toc/854c582c1b8c4fcb9a99d844694f0b43,2001,,1657-0308,2357-626X,"['architecture' 'design' 'architectural education'
 'planning and construction' 'urban design' 'sustainability']",['Portuguese' 'English' 'Spanish'],Colombia,"Universidad Católica de Colombia, Facultad de Arquitectura",Colombia,CC BY-NC,,https://revistadearquitectura.ucatolica.edu.co/about/openAccessPolicy,True,True,https://revistadearquitectura.ucatolica.edu.co/about/submissions#copyrightNotice,Double anonymous peer review,https://revistadearquitectura.ucatolica.edu.co/about/peerReviewProcess,True,https://revistadearquitectura.ucatolica.edu.co/about/focusAndScope,https://revistadearquitectura.ucatolica.edu.co/about/editorialTeam,https://revistadearquitectura.ucatolica.edu.co/about/submissions#authorGuidelines,35,False,https://revistadearquitectura.ucatolica.edu.co/about/openAccessPolicy,False,,False,,,,,,,DOI,True,,,NA1-9428,False,No,No,Fine Arts: Architecture,2017-04-07,2026-08-12,,456,2026-07-30,,,100.0,imputado,['publindex'],mediana_global,False,2,,,True,False,2026-09-12
0122-6517,2382-4700,,Inge-Cuc,2020,B,Colombia,Caribe,Atlántico,Barranquilla,08001,Otras Ingenierías y Tecnologías,Otras Ingenierías y Tecnologías,Ingeniería y Tecnología,CORPORACION UNIVERSIDAD DE LA COSTA,IES,,,189,0122-6517,inge cuc,CO,2026-09-12,consolidado,369f3d93c4b1dc22,,,,,,,,,0,,,,,,,,,,,,,,,,,,,,,,,,,,,,,,,,,,,,,,,,,,,,,,,,,,,,,,,,,,,,,,,,,100.0,imputado,['publindex'],mediana_global,False,2,,,True,,2026-09-12
1657-107X,,,Revista Interamericana De Investigación Educación Y Pedagogía,2020,B,Colombia,Distrito Capital,"Bogotá, D. C.","Bogotá, D.C.",11001,No registra,Ciencias de la Educación,Ciencias Sociales,UNIVERSIDAD SANTO TOMAS,IES,,,310,1657-107X,interamericana investigacion educacion pedagogia,CO,2026-09-12,consolidado,561b2a4c78f42cc0,,,,,,,,,0,,,,,,,,,,,,,,,,,,,,,,,,,,,,,,,,,,,,,,,,,,,,,,,,,,,,,,,,,,,,,,,,,100.0,imputado,['publindex'],mediana_global,False,2,,,True,,2026-09-12
0124-7107,2389-7066,,Universidad Y Salud,2020,C,Colombia,Pacífico,Nariño,Pasto,52001,Salud Pública,Ciencias de la Salud,Ciencias Médicas y de la Salud,UNIVERSIDAD DE NARINO,IES,,,279,0124-7107,universidad salud,CO,2026-09-12,consolidado,0ee0c83500f406ff,,,,,,,,,0,,,,,,,,,,,,,,https://revistas.udenar.edu.co/index.php/usalud,https://doaj.org/toc/93c87622025c43418567c0be599debb1,2013,,0124-7107,2389-7066,['public health' 'social participation' 'epidemiology'],['Portuguese' 'English' 'Spanish'],Colombia,,,CC BY-NC-SA,,https://revistas.udenar.edu.co/index.php/usalud/about/submissions#authorGuidelines,True,True,https://revistas.udenar.edu.co/index.php/usalud/about/submissions,Double anonymous peer review,https://revistas.udenar.edu.co/index.php/usalud/about,True,https://revistas.udenar.edu.co/index.php/usalud/about,https://revistas.udenar.edu.co/index.php/usalud/about/editorialTeam,https://revistas.udenar.edu.co/index.php/usalud/about/submissions#authorGuidelines,60,False,https://revistas.udenar.edu.co/index.php/usalud/about,False,,False,,"CLOCKSS, PKP PN",,https://portal.issn.org/resource/ISSN/2389-7066,,,DOI,True,,,R5-920|HN1-995,False,No,No,Medicine: Medicine (General) | Social Sciences: Social history and conditions. Social problems. Social reform,2017-07-31,2026-06-28,,312,2026-05-23,,,100.0,imputado,['publindex'],mediana_area,False,1,,,True,False,2026-09-12
0121-0807,2145-8464,,Salud Uis,2020,C,No disponible,No disponible,No disponible,No disponible,,No registra,Ciencias de la Salud,Ciencias Médicas y de la Salud,UNIVERSIDAD INDUSTRIAL DE SANTANDER,IES,,,271,0121-0807,salud uis,,2026-09-12,consolidado,04142a93609fa0d5,,,,,,,,,0,,,,,,,,,,,,,,https://revistas.uis.edu.co/index.php/revistasaluduis,https://doaj.org/toc/5e5689b2db2b4d34b9604dd2c6d5f278,2000,"Revista de la Universidad Industrial de Santander, Salud",0121-0807,2145-8464,['health' 'medicine' 'salud' 'médicos' 'clinical'],['Portuguese' 'English' 'Spanish'],Colombia,Universidad Industrial de Santander,Colombia,CC BY,,https://revistas.uis.edu.co/index.php/revistasaluduis/about/submissions#authorGuidelines,True,False,https://revistas.uis.edu.co/public/journals/2/docs/Salud_CesionDerechosAutor_esES.pdf,"Peer review, Double anonymous peer review",https://revistas.uis.edu.co/index.php/revistasaluduis/about#t2,True,https://revistas.uis.edu.co/index.php/revistasaluduis/about,http://revistas.uis.edu.co/index.php/revistasaluduis/about/editorialTeam,https://revistas.uis.edu.co/index.php/revistasaluduis/about/submissions#authorGuidelines,18,False,https://revistas.uis.edu.co/index.php/revistasaluduis/politicaccesoabierto,False,,False,,,,,Open Policy Finder,https://openpolicyfinder.jisc.ac.uk/id/publication/37164,,True,,,R,False,No,No,Medicine,2016-10-26,2023-07-31,2023-07-31,260,2016-07-10,,,100.0,imputado,['publindex'],mediana_area,False,1,,,False,False,2026-09-12
0120-0976,,,Revista Interamericana De Bibliotecología,2020,C,Colombia,Eje Cafetero,Antioquia,Medellín,05001,No registra,Otras Humanidades,Humanidades,UNIVERSIDAD DE ANTIOQUIA,IES,ESCUELA INTERAMERICANA DE BIBLIOTECOLOGIA,,34,0120-0976,interamericana bibliotecologia,CO,2026-09-12,consolidado,858310ebd40842ff,,,,,,,,,0,,,,,,,,,,,,,,https://revistas.udea.edu.co/index.php/RIB,https://doaj.org/toc/137d893a5cf640c49f4da2f4ec3762c1,2008,,0120-0976,2538-9866,['information science' 'archival science' 'library science'],['English' 'Portuguese' 'Spanish'],Colombia,"Universidad de Antioquía, Escuela Interamericana de Bibliotecología",,CC BY-NC-SA,,https://revistas.udea.edu.co/index.php/RIB/about,,False,https://revistas.udea.edu.co/index.php/RIB/Copyright,Double anonymous peer review,https://revistas.udea.edu.co/index.php/RIB/about,False,https://revistas.udea.edu.co/index.php/RIB/about,https://revistas.udea.edu.co/index.php/RIB/about/editorialTeam,https://revistas.udea.edu.co/index.php/RIB/about/submissions,52,False,https://revistas.udea.edu.co/index.php/RIB/about,False,,False,,,,,,,DOI,True,,,Z,False,No,No,Bibliography. Library science. Information resources,2011-09-19,2023-08-17,2023-08-17,350,2025-03-13,,,100.0,imputado,['publindex'],mediana_global,False,1,,,True,False,2026-09-12
0124-5996,,,Revista De Economía Institucional,2020,C,Colombia,Distrito Capital,"Bogotá, D. C.","Bogotá, D.C.",11001,Economía,Economía y Negocios,Ciencias Sociales,UNIVERSIDAD EXTERNADO DE COLOMBIA,IES,,,1,0124-5996,economia institucional,CO,2026-09-12,consolidado,84b8a36236d05434,27.0,5700167217,journal,Universidad Externado de Colombia,True,True,0.237,Q3,2,15.0,27.0,73.0,1101.0,30.0,63.0,0.42,40.78,0.3256,0.0,2009-2025,"Economics, Econometrics and Finance (miscellaneous) (Q3)","Economics, Econometrics and Finance",https://revistas.uexternado.edu.co/index.php/ecoins,https://doaj.org/toc/75ccdd9f9e4144989f44c3aa37a99358,2001,,0124-5996,2346-2450,"['political economy' 'economy and philosophy' 'law and economics'
 'economic history' 'institutional economics' 'game theory']",['English' 'Spanish'],Colombia,,,CC BY-NC-SA,,https://revistas.uexternado.edu.co/index.php/ecoins/about,,True,https://revistas.uexternado.edu.co/index.php/ecoins/information/authors,Double anonymous peer review,https://revistas.uexternado.edu.co/index.php/ecoins/about,True,https://revistas.uexternado.edu.co/index.php/ecoins/about#focusAndScope,https://revistas.uexternado.edu.co/index.php/ecoins/about/editorialTeam,https://revistas.uexternado.edu.co/index.php/ecoins/information/authors,30,False,https://revistas.uexternado.edu.co/index.php/ecoins/information/authors,False,,False,,"CLOCKSS, PKP PN",,https://portal.issn.org/resource/ISSN/2346-2450,Open Policy Finder,https://openpolicyfinder.jisc.ac.uk/publication/27469,DOI,True,,,HC10-1085|HB1-3840,False,No,No,Social Sciences: Economic history and conditions | Social Sciences: Economic theory. Demography,2006-09-29,2026-07-11,2026-06-22,1644,2026-08-06,,,100.0,imputado,['publindex'],mediana_global,False,1,0.410958904109589,0.2592997811816192,True,False,2026-09-12
0123-1472,,,Cuadernos De Contabilidad,2020,B,Colombia,Distrito Capital,"Bogotá, D. C.","Bogotá, D.C.",11001,No registra,Otras Ciencias Sociales,Ciencias Sociales,PONTIFICIA UNIVERSIDAD JAVERIANA,IES,,,"1,130",0123-1472,cuadernos contabilidad,CO,2026-09-12,consolidado,44fa4e218fcef858,,,,,,,,,0,,,,,,,,,,,,,,,,,,,,,,,,,,,,,,,,,,,,,,,,,,,,,,,,,,,,,,,,,,,,,,,,,100.0,imputado,['publindex'],mediana_global,False,2,,,True,,2026-09-12
1692-3561,1909-9959,,Biotecnología En El Sector Agropecuario Y Agroindustrial,2020,B,Colombia,Pacífico,Cauca,Popayán,19001,Agronomía,"Agricultura, Silvicultura y Pesca",Ciencias Agrícolas,UNIVERSIDAD DEL CAUCA,IES,,,739,1692-3561,biotecnologia sector agropecuario agroindustrial,CO,2026-09-12,consolidado,c8d6ec790a3fced9,,,,,,,,,0,,,,,,,,,,,,,,https://revistas.unicauca.edu.co/index.php/biotecnologia/,https://doaj.org/toc/ad389874c1f843bfb818d3d50ce91503,2005,,1692-3561,1909-9959,"['biotechnology' 'agriculture' 'forestry' 'microbiology' 'engineering'
 'food']",['Spanish'],Colombia,Universidad del Cauca,,CC BY-NC-ND,,https://revistas.unicauca.edu.co/index.php/biotecnologia/about/submissions,,False,,Peer review,https://revistas.unicauca.edu.co/index.php/biotecnologia/about/submissions,False,https://revistas.unicauca.edu.co/index.php/biotecnologia/about,https://revistas.unicauca.edu.co/index.php/biotecnologia/about/editorialTeam,https://revistas.unicauca.edu.co/index.php/biotecnologia/about/submissions,9,False,https://revistas.unicauca.edu.co/index.php/biotecnologia/cargos,False,,False,https://revistas.unicauca.edu.co/index.php/biotecnologia/cargos,,,,,,,True,,,S1-972|TP248.13-248.65,False,No,No,Agriculture: Agriculture (General) | Technology: Chemical technology: Biotechnology,2017-06-16,2020-06-02,2020-06-02,1005,2026-07-29,,,200.0,imputado,['publindex'],mediana_area,False,2,,,True,True,2026-09-12
0120-2952,,,Revista De La Facultad De Medicina Veterinaria Y De Zootecnia,2020,B,No disponible,No disponible,No disponible,No disponible,,Ciencias Veterinarias,Ciencias Veterinarias,Ciencias Agrícolas,UNIVERSIDAD NACIONAL DE COLOMBIA,IES,,,290,0120-2952,facultad medicina veterinaria zootecnia,,2026-09-12,consolidado,d72d3a425df94a52,,,,,,,,,0,,,,,,,,,,,,,,http://www.revistas.unal.edu.co/index.php/remevez/index,https://doaj.org/toc/02ffd1f8ab494ae2a31958c92e424cc5,1929,,0120-2952,2357-3813,"['animal husbandry' 'veterinary medicine' 'veterinary' 'animal health'
 'veterinary science' 'dairy and animal science']",['Spanish'],Colombia,"Universidad Nacional de Colombia, Facultad de Medicina Veterinaria y de Zootecnia",,CC BY-NC-ND,,https://revistas.unal.edu.co/index.php/remevez/about#openAccessPolicy,,True,http://www.revistas.unal.edu.co/index.php/remevez/about/submissions#copyrightNotice,Double anonymous peer review,https://revistas.unal.edu.co/index.php/remevez/about#peerReviewProcess,False,http://www.revistas.unal.edu.co/index.php/remevez/about/editorialPolicies#focusAndScope,http://www.revistas.unal.edu.co/index.php/remevez/about/editorialTeam,http://www.revistas.unal.edu.co/index.php/remevez/about/submissions#authorGuidelines,20,False,http://www.revistas.unal.edu.co/index.php/remevez/about/submissions#authorGuidelines,False,,False,,,,,,,,True,,,SF1-1100|SF600-1100,False,No,No,Agriculture: Animal culture: Veterinary medicine,2011-06-22,2025-05-20,2025-05-20,418,2023-04-11,,,200.0,imputado,['publindex'],mediana_area,False,2,,,False,False,2026-09-12
0123-5923,,,Estudios Gerenciales,2020,B,Colombia,Pacífico,Valle del Cauca,Cali,76001,Economía,Economía y Negocios,Ciencias Sociales,UNIVERSIDAD ICESI,IES,,,26,0123-5923,estudios gerenciales,CO,2026-09-12,consolidado,a67012482af7092c,52.0,21100970236,journal,Universidad Icesi,True,True,0.196,Q4,1,24.0,19.0,116.0,1155.0,118.0,116.0,0.75,60.79,0.4048,0.0,2009-2026,Business and International Management (Q4); Economics and Econometrics (Q4); Finance (Q4); Management of Technology and Innovation (Q4); Marketing (Q4); Strategy and Management (Q4),"Business, Management and Accounting; Economics, Econometrics and Finance",http://www.icesi.edu.co/estudios_gerenciales/en/,https://doaj.org/toc/10e6d130c7204ba2a77bfc35bfcc781a,2007,,0123-5923,,"['management' 'economics' 'entrepreneurship' 'innovation' 'marketing'
 'organizational management']",['Spanish'],Colombia,,,CC BY,,http://www.icesi.edu.co/estudios_gerenciales/en/editorial_policy.php,,False,,Double anonymous peer review,http://www.icesi.edu.co/estudios_gerenciales/en/editorial_policy.php,False,http://www.icesi.edu.co/estudios_gerenciales/en/editorial_policy.php,http://www.icesi.edu.co/estudios_gerenciales/en/editorial_team.php,http://www.icesi.edu.co/estudios_gerenciales/en/guidelines_for_authors.php,30,False,http://www.icesi.edu.co/estudios_gerenciales/en/editorial_policy.php,False,,False,,,Koninklijke Bibliotheek,https://portal.issn.org/resource/ISSN/2665-6744,Open Policy Finder,,DOI,True,,,HF5001-6182,False,No,No,Social Sciences: Commerce: Business,2017-06-08,2022-09-19,2022-09-19,1305,2023-03-19,,,100.0,imputado,['publindex'],mediana_global,False,2,1.0172413793103448,0.21444201312910285,True,False,2026-09-12
1900-6896,,,Revista Colombiana De Bioética,2020,B,Colombia,Distrito Capital,"Bogotá, D. C.","Bogotá, D.C.",11001,Filosofía,Otras Humanidades,Humanidades,UNIVERSIDAD EL BOSQUE,IES,,,"1,165",1900-6896,colombiana bioetica,CO,2026-09-12,consolidado,46b9d1e8d29fa3e0,,,,,,,,,0,,,,,,,,,,,,,,https://revistas.unbosque.edu.co/index.php/RCB/index,https://doaj.org/toc/aca4b22eda0a493b8b6bec60d5aadfc1,2010,,1900-6896,2590-9452,['bioethics' 'medicine ethics'],['Spanish'],Colombia,,,CC BY-NC-ND,,https://revistas.unbosque.edu.co/index.php/RCB/copyright,True,False,https://revistas.unbosque.edu.co/index.php/RCB/copyright,Double anonymous peer review,https://revistas.unbosque.edu.co/index.php/RCB/guidelines,False,https://revistas.unbosque.edu.co/index.php/RCB/about,https://revistas.unbosque.edu.co/index.php/RCB/about/editorialTeam,https://revistas.unbosque.edu.co/index.php/RCB/guidelines,20,False,https://revistas.unbosque.edu.co/index.php/RCB/about,False,,False,,Portico,,https://portal.issn.org/resource/ISSN/2590-9452,,,DOI,True,,,R723-726|BJ1-1725,False,No,No,Medicine: Medicine (General): Medical philosophy. Medical ethics | Philosophy. Psychology. Religion: Ethics,2017-11-28,2026-07-30,2026-05-27,87,2020-07-31,,,100.0,imputado,['publindex'],mediana_global,False,2,,,True,False,2026-09-12
1900-3102,,,Ingenieria Solidaria,2020,C,Colombia,Distrito Capital,"Bogotá, D. C.","Bogotá, D.C.",11001,No registra,Otras Ingenierías y Tecnologías,Ingeniería y Tecnología,CORPORACION CLINICA UNIVERSIDAD COOPERATIVA DE COLOMBIA,Otras,,,"1,124",1900-3102,ingenieria solidaria,CO,2026-09-12,consolidado,fedc182a22f73bf5,,,,,,,,,0,,,,,,,,,,,,,,https://revistas.ucc.edu.co/index.php/in,https://doaj.org/toc/fd42d3b69aa6429299a3927d20744be9,2021,,1900-3102,2357-6014,['engineering' 'innovation' 'technology'],['Spanish' 'English'],Colombia,,,CC BY,,https://revistas.ucc.edu.co/index.php/in/about,True,True,https://revistas.ucc.edu.co/index.php/in/Pol,Double anonymous peer review,https://revistas.ucc.edu.co/index.php/in/Pol,True,https://revistas.ucc.edu.co/index.php/in/about,https://revistas.ucc.edu.co/index.php/in/comite,https://revistas.ucc.edu.co/index.php/in/about/submissions,10,False,https://revistas.ucc.edu.co/index.php/in/Pol,False,,False,,PKP PN,,https://revistas.ucc.edu.co/index.php/in/about,Open Policy Finder,https://revistas.ucc.edu.co/index.php/in/Pol,DOI,True,,,TA1-2040,False,No,No,Technology: Engineering (General). Civil engineering (General),2024-05-21,2024-05-21,2024-05-21,0,,,,100.0,imputado,['publindex'],mediana_global,False,1,,,True,True,2026-09-12
1900-7922,2500-6738,,La Manzana De La Discordia,2020,B,Colombia,Pacífico,Valle del Cauca,Cali,76001,No registra,Otras Ciencias Sociales,Ciencias Sociales,UNIVERSIDAD DEL VALLE,IES,,,"1,137",1900-7922,manzana discordia,CO,2026-09-12,consolidado,e0dbd1a49613f66b,,,,,,,,,0,,,,,,,,,,,,,,http://manzanadiscordia.univalle.edu.co/,https://doaj.org/toc/5c7081a3702e44e28c4a54d3823b5945,2012,,1900-7922,2500-6738,['social sciences' 'human sciences' 'gender studies'],['Spanish'],Colombia,"Universidad del Valle, Centro de Investigaciones y Estudios de Género, Mujer y Sociedad",,CC BY-NC-SA,,https://manzanadiscordia.univalle.edu.co/index.php/la_manzana_de_la_discordia/information/authors,True,False,https://manzanadiscordia.univalle.edu.co/index.php/la_manzana_de_la_discordia/information/authors,Double anonymous peer review,https://manzanadiscordia.univalle.edu.co/index.php/la_manzana_de_la_discordia/evaluacion,True,https://manzanadiscordia.univalle.edu.co/index.php/la_manzana_de_la_discordia/enfoqueyalcance,https://manzanadiscordia.univalle.edu.co/index.php/la_manzana_de_la_discordia/about/editorialTeam,https://manzanadiscordia.univalle.edu.co/index.php/la_manzana_de_la_discordia/about/submissions,21,False,https://manzanadiscordia.univalle.edu.co/index.php/la_manzana_de_la_discordia/information/authors,False,,False,,PKP PN,,https://portal.issn.org/resource/ISSN/2500-6738,,,DOI,True,,,H,False,No,No,Social Sciences,2018-04-17,2026-08-11,2026-08-11,376,2026-08-07,,,100.0,imputado,['publindex'],mediana_global,False,2,,,True,False,2026-09-12
1900-8260,,,Revista De Educación En Ingeniería,2020,C,Colombia,Distrito Capital,"Bogotá, D. C.","Bogotá, D.C.",11001,No registra,Ciencias de la Educación,Ciencias Sociales,ASOCIACION COLOMBIANA DE FACULTADES DE INGENIERIA ACOFI,Otras,,,722,1900-8260,educacion ingenieria,CO,2026-09-12,consolidado,b2f58781ed0af284,,,,,,,,,0,,,,,,,,,,,,,,,,,,,,,,,,,,,,,,,,,,,,,,,,,,,,,,,,,,,,,,,,,,,,,,,,,100.0,imputado,['publindex'],mediana_global,False,1,,,True,,2026-09-12
0121-750X,,,Ingeniería,2020,B,Colombia,Distrito Capital,"Bogotá, D. C.","Bogotá, D.C.",11001,No registra,Otras Ingenierías y Tecnologías,Ingeniería y Tecnología,UNIVERSIDAD DISTRITAL FRANCISCO JOSE DE CALDAS,IES,,,191,0121-750X,ingenieria,CO,2026-09-12,consolidado,0396ef1a1df791f9,,,,,,,,,0,,,,,,,,,,,,,,http://revistas.udistrital.edu.co/ojs/index.php/reving,https://doaj.org/toc/ed66f32110404399924e0b6b97f53347,1993,,0121-750X,2344-8393,['engineering'],['Spanish'],Colombia,Universidad Distrital Francisco José de Caldas,,CC BY-NC-ND,,,True,True,http://revistas.udistrital.edu.co/ojs/index.php/reving/about/submissions#copyrightNotice,Double anonymous peer review,http://revistas.udistrital.edu.co/ojs/index.php/reving/about/editorialPolicies#peerReviewProcess,True,http://revistas.udistrital.edu.co/ojs/index.php/reving/about/editorialPolicies#focusAndScope,http://revistas.udistrital.edu.co/ojs/index.php/reving/about/editorialTeam,http://revistas.udistrital.edu.co/ojs/index.php/reving/about/submissions#authorGuidelines,10,False,http://revistas.udistrital.edu.co/ojs/index.php/reving/about/editorialPolicies#custom-0,False,,False,http://revistas.udistrital.edu.co/ojs/index.php/reving/about/editorialPolicies#custom-0,,,http://revistas.udistrital.edu.co/ojs/index.php/reving/issue/archive,,,DOI,True,,,TA1-2040,False,No,No,Technology: Engineering (General). Civil engineering (General),2016-12-01,2020-08-24,2020-08-24,364,2026-03-01,,,100.0,imputado,['publindex'],mediana_global,False,2,,,True,True,2026-09-12
0124-4108,2248-454X,,Perspectivas En Nutrición Humana,2020,C,Colombia,Eje Cafetero,Antioquia,Medellín,05001,Nutrición y Dietas,Ciencias de la Salud,Ciencias Médicas y de la Salud,UNIVERSIDAD DE ANTIOQUIA,IES,,,326,0124-4108,perspectivas nutricion humana,CO,2026-09-12,consolidado,4dc6fa3c54233bc6,,,,,,,,,0,,,,,,,,,,,,,,https://revistas.udea.edu.co/index.php/nutricion,https://doaj.org/toc/9f77d568b46745cb828e195a658c7e4c,2005,,0124-4108,2248-454X,['feeding' 'dietetic' 'food services' 'nutrition' 'food'],['Spanish'],Colombia,,,CC BY-NC-SA,,https://revistas.udea.edu.co/index.php/nutricion,True,False,https://revistas.udea.edu.co/index.php/nutricion/about,Double anonymous peer review,https://revistas.udea.edu.co/index.php/nutricion/about,False,https://revistas.udea.edu.co/index.php/nutricion/about,https://revistas.udea.edu.co/index.php/nutricion/about/editorialTeam,https://revistas.udea.edu.co/index.php/nutricion/about/submissions,24,False,https://revistas.udea.edu.co/index.php/nutricion/about,False,,False,,,,,,,DOI,True,,,TX341-641|RA1-1270,False,No,No,Technology: Home economics: Nutrition. Foods and food supply | Medicine: Public aspects of medicine,2017-03-04,2024-05-28,2024-05-28,450,2024-05-08,,,100.0,imputado,['publindex'],mediana_area,False,1,,,True,False,2026-09-12
0121-8530,2346-3864,,La Palabra,2020,B,Colombia,Centro Oriente,Boyacá,Tunja,15001,Estudios Generales del Lenguaje,Idiomas y Literatura,Humanidades,UNIVERSIDAD PEDAGOGICA Y TECNOLOGICA DE COLOMBIA,IES,,,727,0121-8530,palabra,CO,2026-09-12,consolidado,b84141753b338591,,,,,,,,,0,,,,,,,,,,,,,,https://revistas.uptc.edu.co/index.php/la_palabra/index,https://doaj.org/toc/f279e9bba525479386e378841d9660d6,2016,,0121-8530,2346-3864,"['literature' 'cultural studies' 'literary theory' 'literary criticism'
 'didactics' 'books']",['Portuguese' 'English' 'Spanish'],Colombia,,,CC BY-NC-ND,,https://revistas.uptc.edu.co/index.php/la_palabra/ciencia_abierta,True,True,https://revistas.uptc.edu.co/index.php/la_palabra/about#derechos,Double anonymous peer review,https://revistas.uptc.edu.co/index.php/la_palabra/about#evaluacion,False,https://revistas.uptc.edu.co/index.php/la_palabra/about#enfoque,https://revistas.uptc.edu.co/index.php/la_palabra/about/editorialTeam,https://revistas.uptc.edu.co/index.php/la_palabra/about/submissions,37,False,https://revistas.uptc.edu.co/index.php/la_palabra/about#costos,False,,False,,PKP PN,,https://portal.issn.org/resource/ISSN/2346-3864,,,DOI,True,,,P,False,No,No,Language and Literature,2025-09-11,2025-09-11,2025-09-11,444,2026-08-12,,,100.0,imputado,['publindex'],mediana_global,False,2,,,True,False,2026-09-12
0122-820X,,,Revista Respuestas,2020,B,Colombia,Centro Oriente,Norte de Santander,Cúcuta,54001,No registra,"Ingenierías Eléctrica, Electrónica e Informática",Ingeniería y Tecnología,UNIVERSIDAD FRANCISCO DE PAULA SANTANDER,IES,,,393,0122-820X,respuestas,CO,2026-09-12,consolidado,d52f9c77f2bd7f00,,,,,,,,,0,,,,,,,,,,,,,,,,,,,,,,,,,,,,,,,,,,,,,,,,,,,,,,,,,,,,,,,,,,,,,,,,,100.0,imputado,['publindex'],mediana_global,False,2,,,True,,2026-09-12
0121-1617,,,Historia Crítica,2020,A2,Colombia,Distrito Capital,"Bogotá, D. C.","Bogotá, D.C.",11001,Historia,Historia y Arqueología,Humanidades,UNIVERSIDAD DE LOS ANDES,IES,,,50,0121-1617,historia critica,CO,2026-09-12,consolidado,986d18136d48a653,,,,,,,,,0,,,,,,,,,,,,,,http://revistas.uniandes.edu.co/journal/histcrit,https://doaj.org/toc/f479d5677570447b91dd4d18442f28f5,2003,,0121-1617,1900-6152,['historiography' 'history' 'social science'],['Spanish' 'English' 'Portuguese'],Colombia,,,CC BY-NC-ND,,https://revistas.uniandes.edu.co/index.php/hiscrit/about,,True,https://revistas.uniandes.edu.co/index.php/hiscrit/editorial-policy,Double anonymous peer review,https://revistas.uniandes.edu.co/for-authors/histcrit/editorial-policy,False,https://revistas.uniandes.edu.co/about/histcrit,https://revistas.uniandes.edu.co/index.php/hiscrit/executive-board,https://revistas.uniandes.edu.co/for-authors/histcrit/editorial-policy,52,False,https://revistas.uniandes.edu.co/index.php/hiscrit/about,False,,False,,"CLOCKSS, PKP PN",,https://portal.issn.org/resource/ISSN/1900-6152,,,DOI,True,,,D|D1-2009,False,No,No,History (General) and history of Europe: History (General),2007-08-15,2026-07-10,2026-06-21,1025,2026-08-06,,,100.0,imputado,['publindex'],mediana_global,False,3,,,True,False,2026-09-12
0120-8160,,,Revista Escuela De Administración De Negocios,2020,B,Colombia,Distrito Capital,"Bogotá, D. C.","Bogotá, D.C.",11001,Negocios y Management,Economía y Negocios,Ciencias Sociales,UNIVERSIDAD EAN,IES,,,3,0120-8160,escuela administracion negocios,CO,2026-09-12,consolidado,166844ef2358a3fb,,,,,,,,,0,,,,,,,,,,,,,,https://journal.universidadean.edu.co/index.php/Revista/issue/archive,https://doaj.org/toc/1494600a838e436cb178416b74fbf0d6,1986,,0120-8160,2590-521X,['economy' 'business' 'social sciences' 'administration' 'finance'],['Spanish'],Colombia,,,CC BY-NC-ND,,https://journal.universidadean.edu.co/index.php/Revista/about#openAccessPolicy,True,True,https://journal.universidadean.edu.co/index.php/Revista/about/submissions,Double anonymous peer review,https://journal.universidadean.edu.co/index.php/Revista/about#peerReviewProcess,True,https://journal.universidadean.edu.co/index.php/Revista/about#focusAndScope,https://journal.universidadean.edu.co/index.php/Revista/about/editorialTeam#group,https://journal.universidadean.edu.co/index.php/Revista/about/submissions,16,False,https://journal.universidadean.edu.co/index.php/Revista/about#openAccessPolicy,False,,False,,,,,,,DOI,True,,,HF1-6182|HF5001-6182,False,No,No,Social Sciences: Commerce: Business,2017-05-20,2024-09-25,2024-09-25,1582,2026-07-31,,,100.0,imputado,['publindex'],mediana_global,False,2,,,True,False,2026-09-12
2216-0159,2462-8603,,Praxis & Saber,2020,C,Colombia,Centro Oriente,Boyacá,Tunja,15001,"Educación General (Incluye Capacitación, Pedagogía)",Ciencias de la Educación,Ciencias Sociales,UNIVERSIDAD PEDAGOGICA Y TECNOLOGICA DE COLOMBIA,IES,,,14,2216-0159,praxis saber,CO,2026-09-12,consolidado,957701d501cfb72a,,,,,,,,,0,,,,,,,,,,,,,,,,,,,,,,,,,,,,,,,,,,,,,,,,,,,,,,,,,,,,,,,,,,,,,,,,,100.0,imputado,['publindex'],mediana_global,False,1,,,True,,2026-09-12
0121-0793,2011-7965,,Iatreia,2020,C,Colombia,Eje Cafetero,Antioquia,Medellín,05001,Otros Temas de Medicina Clínica,Medicina Clínica,Ciencias Médicas y de la Salud,UNIVERSIDAD DE ANTIOQUIA,IES,,,75,0121-0793,iatreia,CO,2026-09-12,consolidado,6651e507d29e0953,150.0,14049,journal,Universidad de Antioquia,True,True,0.117,Q4,1,13.0,60.0,184.0,1995.0,31.0,170.0,0.14,33.25,0.4686,0.0,1988-2026,Medicine (miscellaneous) (Q4),Medicine,https://revistas.udea.edu.co/index.php/iatreia/index,https://doaj.org/toc/5a1b86d5015448f08dac9031a41738a2,1988,,0121-0793,2011-7965,['medical sciences'],['Spanish'],Colombia,,,CC BY-NC-SA,,https://revistas.udea.edu.co/index.php/iatreia/about,,False,,Double anonymous peer review,https://revistas.udea.edu.co/index.php/iatreia/about,False,https://revistas.udea.edu.co/index.php/iatreia/about,https://revistas.udea.edu.co/index.php/iatreia/about/editorialTeam,https://revistas.udea.edu.co/index.php/iatreia/about,4,False,https://revistas.udea.edu.co/index.php/iatreia/about/submissions,False,,False,https://revistas.udea.edu.co/index.php/iatreia/about/submissions,,,,,,DOI,True,,,R|R5-920,False,No,No,Medicine: Medicine (General),2008-06-25,2020-04-22,2020-04-22,2268,2026-07-22,,,100.0,imputado,['publindex'],mediana_area,False,1,0.16847826086956522,0.12800875273522977,True,True,2026-09-12
1794-3108,,,Revista Criminalidad,2020,B,Colombia,Distrito Capital,"Bogotá, D. C.","Bogotá, D.C.",11001,No registra,Otras Ciencias Sociales,Ciencias Sociales,DIRECCION NACIONAL DE ESCUELAS POLICIA NACIONAL DE COLOMBIA,IES,,,"1,301",1794-3108,criminalidad,CO,2026-09-12,consolidado,f476ccbe90c27f40,103.0,21100812388,journal,Policia Nacional de Colombia,True,True,0.149,Q3,2,9.0,26.0,98.0,1397.0,38.0,94.0,0.3,53.73,0.2727,0.0,2015-2025,Arts and Humanities (miscellaneous) (Q3); Law (Q3); Social Psychology (Q4); Social Sciences (miscellaneous) (Q4); Sociology and Political Science (Q4),Arts and Humanities; Psychology; Social Sciences,https://revistacriminalidad.policia.gov.co:8000/index.php/revcriminalidad,https://doaj.org/toc/178bd669b2b24d98added749261fc0b3,2012,,1794-3108,2256-5531,['crimonology' 'criminality' 'criminalistics' 'forensics' 'security'],['Spanish' 'English' 'Portuguese'],Colombia,Dirección de Investigación Criminal e INTERPOL,Colombia,CC BY-NC-ND,,https://revistacriminalidad.policia.gov.co:8000/index.php/revcriminalidad/Acercade,,False,https://revistacriminalidad.policia.gov.co:8000/index.php/revcriminalidad/derechosdeautor,Double anonymous peer review,https://revistacriminalidad.policia.gov.co:8000/index.php/revcriminalidad/peerreview,True,https://revistacriminalidad.policia.gov.co:8000/index.php/revcriminalidad/Acercade,https://revistacriminalidad.policia.gov.co:8000/index.php/revcriminalidad/about/editorialTeam,https://revistacriminalidad.policia.gov.co:8000/index.php/revcriminalidad/about/submissions,16,False,https://revistacriminalidad.policia.gov.co:8000/index.php/revcriminalidad/Acercade,False,,False,,,,,,,DOI,True,,,K5000-5582,False,No,No,Law: Law in general. Comparative and uniform law. Jurisprudence: Comparative law. International uniform law: Criminal law and procedure,2025-03-27,2025-03-27,2025-03-27,848,2026-04-14,,,100.0,imputado,['publindex'],mediana_global,False,2,0.3877551020408163,0.16301969365426694,True,False,2026-09-12
0124-8146,,,Investigaciones Andina,2020,C,Colombia,Distrito Capital,"Bogotá, D. C.","Bogotá, D.C.",11001,Epidemiología,Ciencias de la Salud,Ciencias Médicas y de la Salud,FUNDACION UNIVERSITARIA DEL AREA ANDINA,IES,,,553,0124-8146,investigaciones andina,CO,2026-09-12,consolidado,b2f14d7a0637f513,,,,,,,,,0,,,,,,,,,,,,,,,,,,,,,,,,,,,,,,,,,,,,,,,,,,,,,,,,,,,,,,,,,,,,,,,,,100.0,imputado,['publindex'],mediana_area,False,1,,,True,,2026-09-12
0121-053X,2346-1829,,Cuadernos De Lingüística Hispánica,2020,B,Colombia,Centro Oriente,Boyacá,Tunja,15001,Lingüística,Idiomas y Literatura,Humanidades,UNIVERSIDAD PEDAGOGICA Y TECNOLOGICA DE COLOMBIA,IES,,,55,0121-053X,cuadernos linguistica hispanica,CO,2026-09-12,consolidado,55d37f13ddc2e883,,,,,,,,,0,,,,,,,,,,,,,,https://revistas.uptc.edu.co/index.php/linguistica_hispanica,https://doaj.org/toc/d50d5e1a15f74ccbb8ccb4098fbbd465,2008,,0121-053X,2346-1829,['linguistics' 'language' 'society' 'communication'],['English' 'French' 'Spanish'],Colombia,Universidad Pedagógica y Tecnológica de Colombia,,CC BY-NC-ND,,https://revistas.uptc.edu.co/index.php/linguistica_hispanica/copyright,,True,https://revistas.uptc.edu.co/index.php/linguistica_hispanica/copyright,Double anonymous peer review,https://revistas.uptc.edu.co/index.php/linguistica_hispanica/review,False,https://revistas.uptc.edu.co/index.php/linguistica_hispanica/about,https://revistas.uptc.edu.co/index.php/linguistica_hispanica/about/editorialTeam,https://revistas.uptc.edu.co/index.php/linguistica_hispanica/about/submissions,32,False,http://revistas.uptc.edu.co/revistas/index.php/linguistica_hispanica/about/editorialPolicies#openAccessPolicy,False,,False,,,,,Open Policy Finder,https://openpolicyfinder.jisc.ac.uk/id/publication/30344,DOI,True,,,PC1-5498|P1-1091,False,No,No,Language and Literature: Romanic languages | Language and Literature: Philology. Linguistics,2017-03-17,2026-05-23,2024-04-03,493,2026-05-25,,,100.0,imputado,['publindex'],mediana_global,False,2,,,True,False,2026-09-12
1794-1237,,,Revista Eia,2020,B,Colombia,Eje Cafetero,Antioquia,Envigado,05266,Ingeniería Civil,Ingeniería Civil,Ingeniería y Tecnología,UNIVERSIDAD EIA,IES,,,599,1794-1237,eia,CO,2026-09-12,consolidado,fd1abf939916f37c,,,,,,,,,0,,,,,,,,,,,,,,https://revistas.eia.edu.co/index.php/reveia,https://doaj.org/toc/f5f346147dcd4ef38f3d8618e85cc0c8,2006,,1794-1237,,"['engineering' 'basic sciences' 'materials' 'biotechnology' 'environment'
 'energy']",['English' 'Spanish'],Colombia,,,CC BY-NC-ND,,https://revistas.eia.edu.co/index.php/reveia/about#openAccessPolicy,True,False,https://revistas.eia.edu.co/index.php/reveia/about/submissions,Double anonymous peer review,https://revistas.eia.edu.co/index.php/reveia/about#peerReviewProcess,True,https://revistas.eia.edu.co/index.php/reveia/about,https://revistas.eia.edu.co/index.php/reveia/about/editorialTeam,https://revistas.eia.edu.co/index.php/reveia/about/submissions,30,False,https://revistas.eia.edu.co/index.php/reveia/about#openAccessPolicy,False,,False,,"CLOCKSS, LOCKSS",,https://revistas.eia.edu.co/index.php/reveia/about,,,DOI,True,,,T|TA1-2040,False,No,No,Technology: Engineering (General). Civil engineering (General),2018-01-04,2020-12-17,2020-12-17,367,2017-12-12,,,100.0,imputado,['publindex'],mediana_global,False,2,,,True,False,2026-09-12
1657-4672,,,Plumilla Educativa,2020,C,Colombia,Eje Cafetero,Caldas,Manizales,17001,"Educación General (Incluye Capacitación, Pedagogía)",Ciencias de la Educación,Ciencias Sociales,UNIVERSIDAD DE MANIZALES UMANIZALES,IES,,,872,1657-4672,plumilla educativa,CO,2026-09-12,consolidado,29dcd7a0dae0e83a,,,,,,,,,0,,,,,,,,,,,,,,https://revistasum.umanizales.edu.co/ojs/index.php/plumillaeducativa/issue/archive,https://doaj.org/toc/810c0ba2cdaa40b3914c54cfaf2cd290,2010,,1657-4672,2619-1733,['education' 'teaching' 'learning' 'pedagogy' 'language education'],['Spanish'],Colombia,,,CC BY-NC-SA,,https://revistasum.umanizales.edu.co/ojs/index.php/plumillaeducativa/123a,,False,https://revistasum.umanizales.edu.co/ojs/index.php/plumillaeducativa/123451df,Double anonymous peer review,https://revistasum.umanizales.edu.co/ojs/index.php/plumillaeducativa/1234gd,True,https://revistasum.umanizales.edu.co/ojs/index.php/plumillaeducativa/asdasfd34,https://revistasum.umanizales.edu.co/ojs/index.php/plumillaeducativa/about/editorialTeam,https://revistasum.umanizales.edu.co/ojs/index.php/plumillaeducativa/asdasds2323,18,False,https://revistasum.umanizales.edu.co/ojs/index.php/plumillaeducativa/123al,False,,False,,,,,,,DOI,True,,,L7-991,False,No,No,Education: Education (General),2022-09-20,2024-09-11,2024-09-11,46,2024-02-14,,,100.0,imputado,['publindex'],mediana_global,False,1,,,True,False,2026-09-12
1794-5992,2389-783X,,Duazary,2020,C,Colombia,Caribe,Magdalena,Santa Marta,47001,"Ciencias Socio Biomédicas (Planificación Familiar, Salud Sexual, Efectos Políticos y Sociales de la Investigación Biomédica)",Ciencias de la Salud,Ciencias Médicas y de la Salud,UNIVERSIDAD DEL MAGDALENA,IES,,,614,1794-5992,duazary,CO,2026-09-12,consolidado,6c572e5be47dffc4,,,,,,,,,0,,,,,,,,,,,,,,http://revistas.unimagdalena.edu.co/index.php/duazary/about,https://doaj.org/toc/e96e3ea429d7412788b8ba19c38da7ff,2004,Facultad de Ciencias de la Salud,1794-5992,2389-783X,['public health' 'medicine' 'health science' 'epidemiology'],['Spanish'],Colombia,Universidad del Magdalena,,CC BY-NC-SA,,http://revistas.unimagdalena.edu.co/index.php/duazary/article/view/3215,,False,,Double anonymous peer review,http://revistas.unimagdalena.edu.co/index.php/duazary/about,True,http://revistas.unimagdalena.edu.co/index.php/duazary/about,http://revistas.unimagdalena.edu.co/index.php/duazary/about/editorialTeam,http://revistas.unimagdalena.edu.co/index.php/duazary/about/submissions,24,False,http://revistas.unimagdalena.edu.co/index.php/duazary/about/submissions,False,,False,http://revistas.unimagdalena.edu.co/index.php/duazary/about/submissions,,,,,,DOI,True,,,R|R5-920,False,No,No,Medicine: Medicine (General),2015-06-01,2020-02-27,2015-06-01,655,2026-08-02,,,100.0,imputado,['publindex'],mediana_area,False,1,,,True,False,2026-09-12
0120-0690,,,Revista Colombiana De Ciencias Pecuarias,2020,B,Colombia,Eje Cafetero,Antioquia,Medellín,05001,Ciencias Animales y Lechería,Ciencias Animales y Lechería,Ciencias Agrícolas,UNIVERSIDAD DE ANTIOQUIA,IES,,,70,0120-0690,colombiana ciencias pecuarias,CO,2026-09-12,consolidado,a74c0a74bbba63f4,,,,,,,,,0,,,,,,,,,,,,,,https://revistas.udea.edu.co/index.php/rccp,https://doaj.org/toc/2e411ea214a84bf4b19df16dffd93881,1996,,0120-0690,2256-2958,"['animal science' 'veterinary medicine' 'animal health'
 'animal production' 'farm animals' 'companion animals']",['English'],Colombia,Universidad de Antioquia,,CC BY-NC-SA,,http://aprendeenlinea.udea.edu.co/revistas/index.php/rccp/index,,False,,Double anonymous peer review,http://aprendeenlinea.udea.edu.co/revistas/index.php/rccp/about/editorialPolicies#peerReviewProcess,True,http://aprendeenlinea.udea.edu.co/revistas/index.php/rccp/about/editorialPolicies#focusAndScope,http://aprendeenlinea.udea.edu.co/revistas/index.php/rccp/about/editorialTeam,http://aprendeenlinea.udea.edu.co/revistas/index.php/rccp/about/submissions#authorGuidelines,52,True,http://aprendeenlinea.udea.edu.co/revistas/index.php/rccp/announcement/view/695,False,,False,,,,,,,,True,,,SF1-1100,False,No,No,Agriculture: Animal culture,2019-02-10,2023-08-16,2023-08-16,845,2023-12-20,200.0,USD,200.0,declarado,['publindex'],,False,2,,,True,False,2026-09-12
0124-2253,2344-8350,,Revista Científica,2020,C,Colombia,Distrito Capital,"Bogotá, D. C.","Bogotá, D.C.",11001,No registra,Otras Ciencias Naturales,Ciencias Naturales,UNIVERSIDAD DISTRITAL FRANCISCO JOSE DE CALDAS,IES,,,341,0124-2253,cientifica,CO,2026-09-12,consolidado,4e40be536e76bcb8,,,,,,,,,0,,,,,,,,,,,,,,http://revistas.udistrital.edu.co/ojs/index.php/revcie/index,https://doaj.org/toc/0195f76628f143f48f3b74bc6672097b,1999,,0124-2253,2344-8350,['mathematics' 'technology' 'education' 'engineering' 'social sciences'],['English' 'Spanish'],Colombia,,,CC BY-NC-SA,,http://revistas.udistrital.edu.co/ojs/index.php/revcie/index,True,False,,Peer review,https://revistas.udistrital.edu.co/ojs/index.php/revcie/about,False,https://revistas.udistrital.edu.co/ojs/index.php/revcie/about,https://revistas.udistrital.edu.co/ojs/index.php/revcie/about/editorialTeam,https://revistas.udistrital.edu.co/ojs/index.php/revcie/about/submissions,8,False,https://revistas.udistrital.edu.co/ojs/index.php/revcie/about,False,,False,https://revistas.udistrital.edu.co/ojs/index.php/revcie/about,,,,Open Policy Finder,,,True,,,T|Q,False,No,No,Technology | Science,2013-07-02,2019-07-15,2019-07-15,916,2026-07-24,,,100.0,imputado,['publindex'],mediana_global,False,1,,,True,True,2026-09-12
0124-177X,,,Gestión Y Ambiente,2020,C,Colombia,Distrito Capital,"Bogotá, D. C.","Bogotá, D.C.",11001,No registra,Geografía Social y Económica,Ciencias Sociales,UNIVERSIDAD NACIONAL DE COLOMBIA,IES,JARDIN BOTANICO DE BOGOTA JOSE CELESTINO MUTIS,,234,0124-177X,gestion ambiente,CO,2026-09-12,consolidado,8ca69d06fd403212,,,,,,,,,0,,,,,,,,,,,,,,http://www.revistas.unal.edu.co/index.php/gestion,https://doaj.org/toc/18a0cfafa65b4b7abe29fd87a1e086e6,2007,,0124-177X,2357-5905,"['political ecology' 'rural and urban environment'
 'environmental education' 'environmental management'
 'environmental economics']",['Spanish'],Colombia,Fundación Universidad de América,Colombia,CC BY-NC-SA,,http://revistas.unal.edu.co/index.php/gestion/about/submissions#copyrightNotice,True,False,https://revistas.unal.edu.co/index.php/gestion/about/submissions#copyrightNotice,Double anonymous peer review,http://www.revistas.unal.edu.co/index.php/gestion/about/editorialPolicies#peerReviewProcess,False,http://www.revistas.unal.edu.co/index.php/gestion/about/editorialPolicies#focusAndScope,http://www.revistas.unal.edu.co/index.php/gestion/about/editorialTeam,http://www.revistas.unal.edu.co/index.php/gestion/about/submissions#authorGuidelines,37,False,http://revistas.unal.edu.co/index.php/gestion/about/editorialPolicies#custom-0,False,,False,,PKP PN,,https://portal.issn.org/resource/ISSN/2357-5905,,,DOI,True,,,G|GE1-350,False,No,No,Geography. Anthropology. Recreation: Environmental sciences,2013-01-13,2025-08-25,2025-08-25,741,2021-09-07,,,100.0,imputado,['publindex'],mediana_global,False,1,,,True,False,2026-09-12
1900-5407,2011-4273,,Antípoda : Revista De Antropología Y Arqueología,2020,A2,Colombia,Distrito Capital,"Bogotá, D. C.","Bogotá, D.C.",11001,Antropología,Sociología,Ciencias Sociales,UNIVERSIDAD DE LOS ANDES,IES,,,667,1900-5407,antipoda antropologia arqueologia,CO,2026-09-12,consolidado,4a8de714dad726f8,44.0,21100244898,journal,"Universidad de los Andes, Colombia",True,True,0.205,Q2,3,12.0,35.0,77.0,1720.0,36.0,77.0,0.58,49.14,0.4,0.0,2013-2026,Anthropology (Q2); Archeology (Q2); Archeology (arts and humanities) (Q2); Cultural Studies (Q2),Arts and Humanities; Social Sciences,https://revistas.uniandes.edu.co/index.php/antipoda,https://doaj.org/toc/aecbd259c1ff4ec98edfb075ed3854bf,2005,,1900-5407,2011-4273,['social sciences' 'humanities' 'anthropology' 'ethnography' 'archaeology'],['Spanish' 'Portuguese' 'English'],Colombia,,,CC BY-NC-ND,,https://revistas.uniandes.edu.co/index.php/antipoda/editorial-policy,,False,https://revistas.uniandes.edu.co/index.php/antipoda/editorial-policy,Double anonymous peer review,https://revistas.uniandes.edu.co/index.php/antipoda/editorial-policy,False,https://revistas.uniandes.edu.co/index.php/antipoda/about,https://revistas.uniandes.edu.co/index.php/antipoda/executive-board,https://revistas.uniandes.edu.co/index.php/antipoda/editorial-policy,27,False,https://revistas.uniandes.edu.co/index.php/antipoda/about,False,,False,,,,,,,DOI,True,,,GN1-890|CC1-960,False,No,No,Geography. Anthropology. Recreation: Anthropology | Auxiliary sciences of history: Archaeology,2007-08-15,2025-04-15,2025-04-15,567,2026-05-22,,,100.0,imputado,['publindex'],mediana_global,False,3,0.4675324675324675,0.22428884026258203,True,False,2026-09-12
2346-030X,,,"Aibi revista de investigación, administración e ingeniería",2020,B,Colombia,Centro Oriente,Norte de Santander,Cúcuta,54001,No registra,"Ingenierías Eléctrica, Electrónica e Informática",Ingeniería y Tecnología,UNIVERSIDAD DE SANTANDER CAMPUS CUCUTA,IES,,,"1,299",2346-030X,aibi investigacion administracion e ingenieria,CO,2026-09-12,consolidado,f5f77efed636f1c3,114.0,21101128459,journal,Universidad de Santander,True,True,0.143,Q4,1,8.0,80.0,151.0,3604.0,96.0,151.0,0.75,45.05,0.33880000000000005,0.0,2019-2026,Computer Science (miscellaneous) (Q4); Electrical and Electronic Engineering (Q4); Engineering (miscellaneous) (Q4); Industrial and Manufacturing Engineering (Q4),Computer Science; Engineering,https://revistas.udes.edu.co/aibi,https://doaj.org/toc/216ae6da28b340dcb936bdb950170676,2014,,,2346-030X,['engineering' 'technology' 'education' 'electrical engineering'],['English' 'Spanish'],Colombia,,,CC BY,,https://revistas.udes.edu.co/aibi/DerechoDeAutorYPropiedadIntelectual,True,False,https://revistas.udes.edu.co/aibi/DerechoDeAutorYPropiedadIntelectual,Double anonymous peer review,https://revistas.udes.edu.co/aibi/PoliticasEditoriales,True,https://revistas.udes.edu.co/aibi/about,https://revistas.udes.edu.co/aibi/ComiteEditorial,https://revistas.udes.edu.co/aibi/PoliticasEditoriales,12,False,https://revistas.udes.edu.co/aibi/about,False,,False,,,,,,,DOI,True,,,TA1-2040,False,No,No,Technology: Engineering (General). Civil engineering (General),2023-04-25,2023-04-25,2023-04-25,468,2026-08-11,,,100.0,imputado,['publindex'],mediana_global,False,2,0.6357615894039735,0.15645514223194745,True,True,2026-09-12
0121-4500,,,Avances De Enfermería,2020,B,Colombia,Distrito Capital,"Bogotá, D. C.","Bogotá, D.C.",11001,Enfermería,Ciencias de la Salud,Ciencias Médicas y de la Salud,UNIVERSIDAD NACIONAL DE COLOMBIA,IES,,,215,0121-4500,avances enfermeria,CO,2026-09-12,consolidado,1f5f41725e71b85e,,,,,,,,,0,,,,,,,,,,,,,,http://www.revistas.unal.edu.co/index.php/avenferm/index,https://doaj.org/toc/37100b8c9f364f688daf96573d8a772d,2007,Av Enferm,0121-4500,2346-0261,['nursing' 'health care' 'medical care'],['Spanish' 'Portuguese' 'English'],Colombia,,,"CC BY, CC BY-NC",,http://revistas.unal.edu.co/index.php/avenferm/index,True,False,https://revistas.unal.edu.co/index.php/avenferm/about#custom-0,Double anonymous peer review,http://www.revistas.unal.edu.co/index.php/avenferm/about/editorialPolicies#peerReviewProcess,True,http://www.revistas.unal.edu.co/index.php/avenferm/about/editorialPolicies#focusAndScope,http://www.revistas.unal.edu.co/index.php/avenferm/about/displayMembership/390,http://revistas.unal.edu.co/index.php/avenferm/about/submissions#onlineSubmissions,24,False,http://www.revistas.unal.edu.co/index.php/avenferm/about/editorialPolicies#focusAndScope,False,,False,,,,,,,DOI,True,,,RT1-120,False,No,No,Medicine: Nursing,2012-05-16,2021-11-04,2021-11-04,1019,2023-07-21,,,100.0,imputado,['publindex'],mediana_area,False,2,,,True,False,2026-09-12
0121-4381,,,Suma Psicológica,2020,B,Colombia,Distrito Capital,"Bogotá, D. C.","Bogotá, D.C.",11001,"Psicología (Incluye Terapias de Aprendizaje, Habla, Visual y Otras Discapacidades Físicas y Mentales)",Psicología,Ciencias Sociales,FUNDACION UNIVERSITARIA KONRAD LORENZ,IES,,,225,0121-4381,suma psicologica,CO,2026-09-12,consolidado,25ea67da0db9f83c,,,,,,,,,0,,,,,,,,,,,,,,,,,,,,,,,,,,,,,,,,,,,,,,,,,,,,,,,,,,,,,,,,,,,,,,,,,100.0,imputado,['publindex'],mediana_global,False,2,,,True,,2026-09-12
1909-8367,,,Entre Ciencia E Ingenieria,2020,C,Colombia,Eje Cafetero,Risaralda,Pereira,66001,Otras Ingenierías y Tecnologías,Otras Ingenierías y Tecnologías,Ingeniería y Tecnología,UNIVERSIDAD CATOLICA DE PEREIRA,IES,,,985,1909-8367,entre ciencia e ingenieria,CO,2026-09-12,consolidado,17b69ee3e0e4b9d1,,,,,,,,,0,,,,,,,,,,,,,,https://revistas.ucp.edu.co/index.php/entrecienciaeingenieria,https://doaj.org/toc/cfbab2ec842042bdac2a111ba36c22d4,2006,,1909-8367,2539-4169,['science' 'basic sciences' 'engineering' 'engineering education'],['Spanish' 'English'],Colombia,,,CC BY-NC,,https://revistas.ucp.edu.co/index.php/entrecienciaeingenieria/opensciencestatement,True,False,https://revistas.ucp.edu.co/index.php/entrecienciaeingenieria/information/authors,Double anonymous peer review,https://revistas.ucp.edu.co/index.php/entrecienciaeingenieria/about,True,https://revistas.ucp.edu.co/index.php/entrecienciaeingenieria/about,https://revistas.ucp.edu.co/index.php/entrecienciaeingenieria/about/editorialTeam,https://revistas.ucp.edu.co/index.php/entrecienciaeingenieria/information/authors,46,False,https://revistas.ucp.edu.co/index.php/entrecienciaeingenieria/editorialpolicies,False,,False,,,,,,,DOI,True,,,TA1-2040|Q,False,No,No,Technology: Engineering (General). Civil engineering (General) | Science,2025-09-11,2025-09-11,2025-09-11,419,2026-08-04,,,100.0,imputado,['publindex'],mediana_global,False,1,,,True,False,2026-09-12
1657-4206,2462-8107,,Ecos De Economía,2020,C,Colombia,Eje Cafetero,Antioquia,Medellín,05001,Economía,Economía y Negocios,Ciencias Sociales,UNIVERSIDAD EAFIT,IES,,,63,1657-4206,ecos economia,CO,2026-09-12,consolidado,3b29e546b015f6ee,,,,,,,,,0,,,,,,,,,,,,,,http://publicaciones.eafit.edu.co/index.php/ecos-economia,https://doaj.org/toc/3c6fc0e4cd32484aab5073e5d8210405,1996,,1657-4206,,"['applied economics' 'quantitative analysis of economic'
 'public policy issues' 'finances']",['English' 'Spanish'],Colombia,"Universidad EAFIT, Escuela de Economía",,CC BY,,http://publicaciones.eafit.edu.co/index.php/ecos-economia/about/submissions#copyrightNotice,,True,http://publicaciones.eafit.edu.co/index.php/ecos-economia/about/submissions#copyrightNotice,Peer review,http://publicaciones.eafit.edu.co/index.php/ecos-economia/about,False,http://publicaciones.eafit.edu.co/index.php/ecos-economia/about,http://publicaciones.eafit.edu.co/index.php/ecos-economia/about/editorialTeam,http://publicaciones.eafit.edu.co/index.php/ecos-economia/about/submissions#authorGuidelines,16,False,http://publicaciones.eafit.edu.co/index.php/ecos-economia/about,False,,False,http://publicaciones.eafit.edu.co/index.php/ecos-economia/about,CLOCKSS,,http://publicaciones.eafit.edu.co/index.php/ecos-economia/about/editorialPolicies#archiving,Open Policy Finder,,,True,,,HC10-1085|HG1-9999|HB71-74,False,No,No,Social Sciences: Economic history and conditions | Social Sciences: Finance | Social Sciences: Economic theory. Demography: Economics as a science,2013-04-16,2019-07-15,2019-07-15,171,2020-05-08,,,100.0,imputado,['publindex'],mediana_global,False,1,,,True,False,2026-09-12
1909-2458,,,Ingeniare,2020,C,Colombia,Caribe,Atlántico,Barranquilla,08001,No registra,Otras Ingenierías y Tecnologías,Ingeniería y Tecnología,UNIVERSIDAD LIBRE DE COLOMBIA,IES,,,"1,122",1909-2458,ingeniare,CO,2026-09-12,consolidado,ffad8b674339d76d,,,,,,,,,0,,,,,,,,,,,,,,https://revistas.unilibre.edu.co/index.php/ingeniare/index,https://doaj.org/toc/c4b363f37b7f44faa60814856858d780,2011,IngeniareBaq,1909-2458,2390-0504,['engineering' 'technology'],['Spanish' 'English'],Colombia,,,CC BY,,https://revistas.unilibre.edu.co/index.php/ingeniare/creative,,False,,Double anonymous peer review,https://revistas.unilibre.edu.co/index.php/ingeniare/evaluadores,False,https://revistas.unilibre.edu.co/index.php/ingeniare/enfoque,https://revistas.unilibre.edu.co/index.php/ingeniare/comite,https://revistas.unilibre.edu.co/index.php/ingeniare/direcAutor,10,False,https://revistas.unilibre.edu.co/index.php/ingeniare/direcAutor,False,,False,,,,,,,DOI,True,,,TA1-2040,False,No,No,Technology: Engineering (General). Civil engineering (General),2020-09-11,2024-08-08,2024-08-08,62,2023-07-20,,,100.0,imputado,['publindex'],mediana_global,False,1,,,True,True,2026-09-12
0122-8285,,,Palabra Clave,2020,A2,Colombia,Centro Oriente,Cundinamarca,Chía,25175,Periodismo,Periodismo y Comunicaciones,Ciencias Sociales,UNIVERSIDAD DE LA SABANA,IES,,,125,0122-8285,palabra clave,CO,2026-09-12,consolidado,19dca30f5f9390de,31.0,21100215170,journal,Universidad de La Sabana,True,True,0.22,Q2,3,18.0,39.0,107.0,1865.0,82.0,103.0,0.67,47.82,0.5698,0.0,2012-2026,Arts and Humanities (miscellaneous) (Q2); Communication (Q3),Arts and Humanities; Social Sciences,http://palabraclave.unisabana.edu.co/index.php/palabraclave/index,https://doaj.org/toc/b466646f5488435397dc71352337788e,2001,,0122-8285,2027-534X,['social communications' 'media' 'communication'],['English'],Colombia,Universidad de La Sabana,,CC BY-NC-ND,,http://palabraclave.unisabana.edu.co/index.php/palabraclave/index,,False,,Double anonymous peer review,http://palabraclave.unisabana.edu.co/index.php/palabraclave/about/editorialPolicies#peerReviewProcess,False,http://palabraclave.unisabana.edu.co/index.php/palabraclave/about/editorialPolicies#focusAndScope,http://palabraclave.unisabana.edu.co/index.php/palabraclave/about/displayMembership/15,http://palabraclave.unisabana.edu.co/index.php/palabraclave/about/submissions#authorGuidelines,21,False,http://palabraclave.unisabana.edu.co/index.php/palabraclave/about/submissions#authorGuidelines,False,,False,http://palabraclave.unisabana.edu.co/index.php/palabraclave/about/submissions#authorGuidelines,,,http://palabraclave.unisabana.edu.co/index.php/palabraclave/about/submissions#onlineSubmissions,,,DOI,True,,,P87-96|PN4699-5650,False,No,No,"Language and Literature: Philology. Linguistics: Communication. Mass media | Language and Literature: Literature (General): Journalism. The periodical press, etc.",2006-10-20,2019-12-05,2019-12-05,1273,2024-10-05,,,100.0,imputado,['publindex'],mediana_global,False,3,0.7663551401869159,0.24070021881838075,True,False,2026-09-12
0124-7913,,,Bitácora Urbano Territorial,2020,C,Colombia,Distrito Capital,"Bogotá, D. C.","Bogotá, D.C.",11001,No registra,Arte,Humanidades,UNIVERSIDAD NACIONAL DE COLOMBIA,IES,,,"1,293",0124-7913,bitacora urbano territorial,CO,2026-09-12,consolidado,99681da3e409c90d,46.0,19700170481,journal,Universidad Nacional de Colombia,True,True,0.204,Q2,3,12.0,39.0,152.0,996.0,65.0,144.0,0.28,25.54,0.45,0.0,2009-2026,"Arts and Humanities (miscellaneous) (Q2); Geography, Planning and Development (Q3); Urban Studies (Q3)",Arts and Humanities; Social Sciences,https://revistas.unal.edu.co/index.php/bitacora,https://doaj.org/toc/489aedcc16fa4f819a6d9d912e258097,2016,,0124-7913,2027-145X,"['habitat' 'territory' 'public policy' 'urban planning' 'architecture'
 'vivienda']",['English' 'Portuguese' 'Spanish'],Colombia,Universidad Nacional de Colombia,,CC BY,,https://revistas.unal.edu.co/index.php/bitacora/about/submissions#copyrightNotice,,False,,Double anonymous peer review,https://revistas.unal.edu.co/index.php/bitacora/about/editorialPolicies#peerReviewProcess,False,https://revistas.unal.edu.co/index.php/bitacora/about/editorialPolicies#focusAndScope,https://revistas.unal.edu.co/index.php/bitacora/about/editorialTeam,https://revistas.unal.edu.co/index.php/bitacora/about/submissions#authorGuidelines,16,False,https://revistas.unal.edu.co/index.php/bitacora/about/submissions#authorGuidelines,False,,False,https://revistas.unal.edu.co/index.php/bitacora/about/submissions#authorGuidelines,,,,Open Policy Finder,,DOI,True,,,HT101-395|HT165.5-169.9,False,No,No,Social Sciences: Communities. Classes. Races: Urban groups. The city. Urban sociology: City planning,2018-10-30,2019-02-18,2019-02-18,720,2021-08-05,,,100.0,imputado,['publindex'],mediana_global,False,1,0.4276315789473684,0.22319474835886213,True,False,2026-09-12
0120-3649,2011-219X,,Theologica Xaveriana,2020,A2,Colombia,Distrito Capital,"Bogotá, D. C.","Bogotá, D.C.",11001,Teología,Otras Humanidades,Humanidades,PONTIFICIA UNIVERSIDAD JAVERIANA,IES,,,36,0120-3649,theologica xaveriana,CO,2026-09-12,consolidado,ac334fea4db6c76b,118.0,21100447122,journal,Pontificia Universidad Javeriana,True,True,0.141,Q2,3,6.0,11.0,51.0,412.0,5.0,51.0,0.12,37.45,0.1818,0.0,2015-2026,Religious Studies (Q2),Arts and Humanities,,,,,,,,,,,,,,,,,,,,,,,,,,,,,,,,,,,,,,,,,,,,,,,,,,,,100.0,imputado,['publindex'],mediana_global,False,3,0.09803921568627451,0.15426695842450763,True,,2026-09-12
2011-7582,,,Revista Colombiana De Cirugía,2020,C,Colombia,Distrito Capital,"Bogotá, D. C.","Bogotá, D.C.",11001,Cirugía,Medicina Clínica,Ciencias Médicas y de la Salud,ASOCIACION COLOMBIANA DE NEUROCIRUGIA,Otras,,,124,2011-7582,colombiana cirugia,CO,2026-09-12,consolidado,227345eaffdb63e6,111.0,21101048270,journal,Asociacion Colombiana de Cirugia,True,True,0.144,Q4,1,8.0,138.0,253.0,2825.0,78.0,217.0,0.28,20.47,0.33899999999999997,0.0,"2015, 2019-2026",Surgery (Q4),Medicine,https://www.revistacirugia.org/,https://doaj.org/toc/2f4b642f33fc4da586c3af81a54f46ce,2019,,2011-7582,2619-6107,"['general surgery' 'wounds and injuries' 'diagnosis' 'surgical procedures'
 'medical education' 'medical ethics']",['Spanish' 'English'],Colombia,,,CC BY-NC-ND,,https://www.revistacirugia.org/index.php/cirugia/polaccesoabierto,True,False,https://www.revistacirugia.org/index.php/cirugia/dereautor,Double anonymous peer review,https://www.revistacirugia.org/index.php/cirugia/polrevision,False,https://www.revistacirugia.org/index.php/cirugia/about,https://www.revistacirugia.org/index.php/cirugia/comites,https://www.revistacirugia.org/index.php/cirugia/Directrices,36,False,https://www.revistacirugia.org/index.php/cirugia/polcobro,False,,False,,"CLOCKSS, Portico",,https://www.revistacirugia.org/index.php/cirugia/polarchivo,,,DOI,True,,,RD1-811,False,No,No,Medicine: Surgery,2021-05-25,2021-05-25,2021-05-25,2596,2026-08-11,,,100.0,imputado,['publindex'],mediana_area,False,1,0.308300395256917,0.15754923413566738,True,False,2026-09-12
1794-9998,2256-3067,,Diversitas : Perspectivas En Psicología,2020,B,Colombia,Distrito Capital,"Bogotá, D. C.","Bogotá, D.C.",11001,No registra,Psicología,Ciencias Sociales,UNIVERSIDAD SANTO TOMAS,IES,,,"1,014",1794-9998,diversitas perspectivas psicologia,CO,2026-09-12,consolidado,0c4f41c528fdc135,,,,,,,,,0,,,,,,,,,,,,,,https://revistas.usantotomas.edu.co/index.php/diversitas,https://doaj.org/toc/337c9a6f63e34bc39664f3bb7d26aca6,2005,,1794-9998,2256-3067,['psychology'],['English' 'Portuguese' 'Spanish'],Colombia,,,CC BY-SA,,http://revistas.usantotomas.edu.co/index.php/diversitas/about/submissions#copyrightNotice,True,False,,Double anonymous peer review,http://revistas.usta.edu.co/index.php/diversitas/about/editorialPolicies#peerReviewProcess,True,http://revistas.usta.edu.co/index.php/diversitas,http://revistas.usta.edu.co/index.php/diversitas/about/editorialTeam,http://revistas.usta.edu.co/index.php/diversitas/about/submissions#authorGuidelines,24,False,http://revistas.usta.edu.co/index.php/diversitas/about/editorialPolicies#custom-1,False,,False,,,,,,,DOI,True,,,BF1-990,False,No,No,Philosophy. Psychology. Religion: Psychology,2016-10-24,2025-10-06,2025-10-06,541,2026-04-21,,,100.0,imputado,['publindex'],mediana_global,False,2,,,True,False,2026-09-12
1794-7200,,,Criterio Libre Jurídico,2020,C,Colombia,Pacífico,Valle del Cauca,Cali,76001,Derecho,Derecho,Ciencias Sociales,PONTIFICIA UNIVERSIDAD JAVERIANA,IES,,,"1,051",1794-7200,criterio libre juridico,CO,2026-09-12,consolidado,93462a9406d1d695,,,,,,,,,0,,,,,,,,,,,,,,,,,,,,,,,,,,,,,,,,,,,,,,,,,,,,,,,,,,,,,,,,,,,,,,,,,100.0,imputado,['publindex'],mediana_global,False,1,,,True,,2026-09-12
0120-3053,,,Apuntes Del Cenes,2020,B,Colombia,Centro Oriente,Boyacá,Tunja,15001,Economía,Economía y Negocios,Ciencias Sociales,UNIVERSIDAD PEDAGOGICA Y TECNOLOGICA DE COLOMBIA,IES,,,6,0120-3053,apuntes cenes,CO,2026-09-12,consolidado,8d16adc664469cff,115.0,21101128616,journal,Universidad Pedagogica y Tecnologica de Colombia,True,True,0.142,Q4,1,5.0,20.0,61.0,922.0,39.0,54.0,0.68,46.1,0.2353,0.0,2019-2025,"Economics, Econometrics and Finance (miscellaneous) (Q4)","Economics, Econometrics and Finance",https://revistas.uptc.edu.co/index.php/cenes/index,https://doaj.org/toc/38891b0ec4f147b5b34875444c56a099,2011,Apuntes Cenes,0120-3053,2256-5779,"['economics' 'economic policy' 'regional economics' 'economic theory'
 'finance']",['English' 'Spanish'],Colombia,,,CC BY-NC-SA,,https://revistas.uptc.edu.co/index.php/cenes/about#openAccessPolicy,True,False,https://revistas.uptc.edu.co/index.php/cenes/about,Double anonymous peer review,https://revistas.uptc.edu.co/index.php/cenes/about,True,https://revistas.uptc.edu.co/index.php/cenes/about#focusAndScope,https://revistas.uptc.edu.co/index.php/cenes/about/editorialTeam,https://revistas.uptc.edu.co/index.php/cenes/about/submissions#author_guidelines,33,False,https://revistas.uptc.edu.co/index.php/cenes/about,False,,False,,,,,Open Policy Finder,https://openpolicyfinder.jisc.ac.uk/id/publication/30341,DOI,True,,,HB71-74,False,No,No,Social Sciences: Economic theory. Demography: Economics as a science,2013-04-17,2026-07-31,2026-07-31,623,2026-07-07,,,100.0,imputado,['publindex'],mediana_global,False,2,0.639344262295082,0.15536105032822756,True,False,2026-09-12
0121-4772,,,Revista Cuadernos De Economía,2020,C,Colombia,Distrito Capital,"Bogotá, D. C.","Bogotá, D.C.",11001,Economía,Economía y Negocios,Ciencias Sociales,UNIVERSIDAD NACIONAL DE COLOMBIA,IES,,,82,0121-4772,cuadernos economia,CO,2026-09-12,consolidado,aefe1ad1ab9f2f09,,,,,,,,,0,,,,,,,,,,,,,,http://www.fce.unal.edu.co/cuadernos/,https://doaj.org/toc/6292eeab470542439c4a99924e504a6a,2001,,0121-4772,2248-4337,['applied economics' 'economic theory' 'econometrics' 'economic history'],['Spanish' 'English'],Colombia,,,CC BY-NC-ND,,http://www.fce.unal.edu.co/cuadernos/,,False,http://www.fce.unal.edu.co/cuadernos/pautas.html,Double anonymous peer review,http://www.fce.unal.edu.co/cuadernos/pautas,False,http://www.fce.unal.edu.co/cuadernos,http://www.fce.unal.edu.co/cuadernos/cuerpo-editorial,http://www.fce.unal.edu.co/cuadernos/pautas,42,False,http://www.fce.unal.edu.co/cuadernos/pautas,False,,False,,,,,,,,True,,,H|HC10-1085,False,No,No,Social Sciences: Economic history and conditions,2007-04-12,2021-05-26,2021-05-26,1295,2026-04-10,,,100.0,imputado,['publindex'],mediana_global,False,1,,,True,False,2026-09-12
0124-0064,,,Revista De Salud Pública,2020,C,No disponible,No disponible,No disponible,No disponible,,Salud Pública,Ciencias de la Salud,Ciencias Médicas y de la Salud,UNIVERSIDAD NACIONAL DE COLOMBIA,IES,,,253,0124-0064,salud publica,,2026-09-12,consolidado,9167ff5eea0542f5,94.0,22595,journal,Universidad Nacional de Colombia,True,False,0.154,Q4,1,30.0,28.0,205.0,786.0,46.0,202.0,0.21,28.07,0.5146000000000001,0.0,2003-2025,"Public Health, Environmental and Occupational Health (Q4)",Medicine,,,,,,,,,,,,,,,,,,,,,,,,,,,,,,,,,,,,,,,,,,,,,,,,,,,,100.0,imputado,['publindex'],mediana_area,False,1,0.22439024390243903,0.1684901531728665,False,,2026-09-12
0120-9957,,,Revista Colombiana De Gastroenterología,2020,C,Colombia,Distrito Capital,"Bogotá, D. C.","Bogotá, D.C.",11001,Gastroenterología y Hepatología,Medicina Clínica,Ciencias Médicas y de la Salud,SOCIEDAD COLOMBIANA DE GASTROENTEROLOGIA,No disponible,,,347,0120-9957,colombiana gastroenterologia,CO,2026-09-12,consolidado,fee498a54d30b533,123.0,12100154811,journal,Asociacion Colombiana de Gastroenterologia,True,True,0.137,Q4,1,15.0,86.0,226.0,1824.0,65.0,202.0,0.25,21.21,0.3392,0.0,2008-2025,Gastroenterology (Q4),Medicine,,,,,,,,,,,,,,,,,,,,,,,,,,,,,,,,,,,,,,,,,,,,,,,,,,,,100.0,imputado,['publindex'],mediana_area,False,1,0.28761061946902655,0.14989059080962802,True,,2026-09-12
1657-4249,,,Uni-Pluriversidad,2020,C,Colombia,Eje Cafetero,Antioquia,Medellín,05001,No registra,Otras Ciencias Sociales,Ciencias Sociales,UNIVERSIDAD DE ANTIOQUIA,IES,,,173,1657-4249,uni pluriversidad,CO,2026-09-12,consolidado,d8ee311a014183f8,,,,,,,,,0,,,,,,,,,,,,,,,,,,,,,,,,,,,,,,,,,,,,,,,,,,,,,,,,,,,,,,,,,,,,,,,,,100.0,imputado,['publindex'],mediana_global,False,1,,,True,,2026-09-12
0121-5612,1900-6004,,Colombia Internacional,2020,A1,Colombia,Distrito Capital,"Bogotá, D. C.","Bogotá, D.C.",11001,Ciencias Políticas,Ciencias Políticas,Ciencias Sociales,UNIVERSIDAD DE LOS ANDES,IES,,,45,0121-5612,colombia internacional,CO,2026-09-12,consolidado,1f84d78a03010613,,,,,,,,,0,,,,,,,,,,,,,,https://revistas.uniandes.edu.co/index.php/colombia-int/index,https://doaj.org/toc/1a8e255ce33348779c8ad1c14939602c,2001,,0121-5612,1900-6004,"['international relations' 'comparative politics' 'colombian politics'
 'political theory' 'political studies']",['English' 'Portuguese' 'Spanish'],Colombia,"Universidad de los Andes, Departamento de Ciencia Política",,CC BY-NC-ND,,https://revistas.uniandes.edu.co/index.php/colombia-int/editorial-policy,,True,https://revistas.uniandes.edu.co/index.php/colombia-int/editorial-policy,Double anonymous peer review,https://revistas.uniandes.edu.co/for-authors/colombiaint/ethical-policies,False,https://revistas.uniandes.edu.co/about/colombiaint,https://revistas.uniandes.edu.co/executive-board/colombiaint#editorial-board,https://revistas.uniandes.edu.co/index.php/colombia-int/author,52,False,https://revistas.uniandes.edu.co/index.php/colombia-int/about,False,,False,,"CLOCKSS, PKP PN",,https://portal.issn.org/resource/ISSN/1900-6004,,,DOI,True,,,JZ2-6530|JA1-92,False,No,No,Political science: International relations | Political science: Political science (General),2007-08-15,2026-07-10,2026-06-21,876,2026-08-10,,,100.0,imputado,['publindex'],mediana_global,False,4,,,True,False,2026-09-12
0120-3916,,,Revista Colombiana De Educación,2020,B,Colombia,Distrito Capital,"Bogotá, D. C.","Bogotá, D.C.",11001,"Educación General (Incluye Capacitación, Pedagogía)",Ciencias de la Educación,Ciencias Sociales,UNIVERSIDAD PEDAGOGICA NACIONAL,IES,UNIVERSIDAD PEDAGOGICA NACIONAL,,420,0120-3916,colombiana educacion,CO,2026-09-12,consolidado,1a38a45555833f6a,,,,,,,,,0,,,,,,,,,,,,,,https://revistas.upn.edu.co/index.php/RCE,https://doaj.org/toc/42e9bb8723834ef89b910d8a0bf5021b,2010,,0120-3916,2323-0134,['pedagogy' 'politics' 'philosophy' 'history' 'sociology'],['Spanish' 'Portuguese' 'English'],Colombia,,,CC BY-NC,,https://revistas.upn.edu.co/index.php/RCE/sobrelarevista,True,False,https://revistas.upn.edu.co/index.php/RCE/about/submissions,Anonymous peer review,https://revistas.upn.edu.co/index.php/RCE/evaluacion,True,https://revistas.upn.edu.co/index.php/RCE/about,https://revistas.upn.edu.co/index.php/RCE/about/editorialTeam,https://revistas.upn.edu.co/index.php/RCE/about/submissions,12,False,https://revistas.upn.edu.co/index.php/RCE/about,False,,False,,,,,,,DOI,True,,,L|L7-991,False,No,No,Education: Education (General),2013-05-06,2025-03-28,2025-03-28,1288,2026-07-10,,,100.0,imputado,['publindex'],mediana_global,False,2,,,True,True,2026-09-12
1794-9831,,,Ciencia Y Cuidado,2020,C,Colombia,Centro Oriente,Norte de Santander,Cúcuta,54001,No registra,Ciencias de la Salud,Ciencias Médicas y de la Salud,UNIVERSIDAD FRANCISCO DE PAULA SANTANDER,IES,,,995,1794-9831,ciencia cuidado,CO,2026-09-12,consolidado,b14adf11fe32b9f5,,,,,,,,,0,,,,,,,,,,,,,,https://revistas.ufps.edu.co/index.php/cienciaycuidado/,https://doaj.org/toc/c5cea9f2070243ff898a5fc26eacfd1c,2012,,1794-9831,2322-7028,"['nursing' 'health care' 'health promotion' 'disease prevention'
 'evidence-based practice' 'nursing care']",['English' 'Portuguese' 'Spanish'],Colombia,Universidad Francisco de Paula Santander,,CC BY-NC-ND,,https://revistas.ufps.edu.co/index.php/cienciaycuidado/about,True,False,,Double anonymous peer review,hhttps://revistas.ufps.edu.co/index.php/cienciaycuidado/about/submissions,True,https://revistas.ufps.edu.co/index.php/cienciaycuidado/about,https://revistas.ufps.edu.co/index.php/cienciaycuidado/about/editorialTeam,hhttps://revistas.ufps.edu.co/index.php/cienciaycuidado/about/submissions,16,False,http://revistas.ufps.edu.co/ojs/index.php/cienciaycuidado/about/editorialPolicies#openAccessPolicy,False,,False,https://revistas.ufps.edu.co/index.php/cienciaycuidado/about,,,https://revistas.ufps.edu.co/index.php/cienciaycuidado/about,,,DOI,True,,,RT1-120|RC86-88.9,False,No,No,Medicine: Nursing | Medicine: Internal medicine: Medical emergencies. Critical care. Intensive care. First aid,2017-06-23,2020-05-25,2020-05-25,388,2026-05-13,,,100.0,imputado,['publindex'],mediana_area,False,1,,,True,False,2026-09-12
0121-215X,,,Cuadernos De Geografía,2020,B,Colombia,Distrito Capital,"Bogotá, D. C.","Bogotá, D.C.",11001,Geociencias (Multidisciplinario),Ciencias de la Tierra y Medioambientales,Ciencias Naturales,UNIVERSIDAD NACIONAL DE COLOMBIA,IES,,,"1,011",0121-215X,cuadernos geografia,CO,2026-09-12,consolidado,1eb75544194f7942,49.0,21100897722,journal,Universidad Nacional de Colombia,True,True,0.201,Q3,2,10.0,43.0,92.0,2063.0,49.0,86.0,0.34,47.98,0.40399999999999997,0.0,2018-2025,"Geography, Planning and Development (Q3); Earth and Planetary Sciences (miscellaneous) (Q4); Environmental Science (miscellaneous) (Q4)",Earth and Planetary Sciences; Environmental Science; Social Sciences,http://www.revistas.unal.edu.co/index.php/rcg,https://doaj.org/toc/c23e19a96dd64c048dab85567b6b49e2,2002,Cuadernos de Geografia: Revista Colombiana de Geografia,0121-215X,2256-5442,"['human geography' 'physical geography' 'environmental geography'
 'applications and developments of technologies'
 'geographical information']",['Spanish' 'Portuguese' 'English'],Colombia,"Universidad Nacional de Colombia, Departamento de Geografía",,CC BY-NC-ND,,http://www.revistas.unal.edu.co/index.php/rcg/about/editorialPolicies#openAccessPolicy,,True,https://revistas.unal.edu.co/index.php/rcg/about/editorialPolicies#custom-0,Double anonymous peer review,https://revistas.unal.edu.co/index.php/rcg/about/editorialPolicies#peerReviewProcess,True,http://www.revistas.unal.edu.co/index.php/rcg/about/editorialPolicies#focusAndScope,http://www.revistas.unal.edu.co/index.php/rcg/about/displayMembership/80,http://www.revistas.unal.edu.co/index.php/rcg/about/submissions#authorGuidelines,33,False,http://www.revistas.unal.edu.co/index.php/rcg/about/editorialPolicies#openAccessPolicy,False,,False,,"CLOCKSS, PKP PN",,https://portal.issn.org/resource/ISSN/2256-5442,Open Policy Finder,https://openpolicyfinder.jisc.ac.uk/publication/8410,,True,,,G1-922,False,No,No,Geography. Anthropology. Recreation: Geography (General),2011-04-19,2026-07-08,2026-06-19,955,2026-08-08,,,100.0,imputado,['publindex'],mediana_global,False,2,0.532608695652174,0.21991247264770242,True,False,2026-09-12
0120-338X,,,Forma Y Función,2020,C,Colombia,Distrito Capital,"Bogotá, D. C.","Bogotá, D.C.",11001,Lingüística,Idiomas y Literatura,Humanidades,UNIVERSIDAD NACIONAL DE COLOMBIA,IES,,,460,0120-338X,forma funcion,CO,2026-09-12,consolidado,58877ffead8e99c4,86.0,21100903229,journal,Universidad Nacional de Colombia,True,True,0.161,Q3,2,4.0,19.0,45.0,880.0,22.0,43.0,0.39,46.32,0.5484,0.0,2019-2025,Linguistics and Language (Q3),Social Sciences,http://www.revistas.unal.edu.co/index.php/formayfuncion,https://doaj.org/toc/cbdd1f5a55ad407caf91a1b54c4cff0f,2005,,0120-338X,2256-5469,"['theoretic linguistics' 'applied linguistics' 'ethnolinguistics'
 'sociolinguistics' 'psycholinguistics' 'semiotics']",['English' 'Portuguese' 'Spanish'],Colombia,,,CC BY-NC-ND,,http://www.revistas.unal.edu.co/index.php/formayfuncion/about/submissions#copyrightNotice,,False,,Peer review,http://revistas.unal.edu.co/index.php/formayfuncion/about/editorialPolicies#peerReviewProcess,True,http://www.revistas.unal.edu.co/index.php/formayfuncion/about/editorialPolicies#focusAndScope,http://revistas.unal.edu.co/index.php/formayfuncion/about/editorialTeam,http://www.revistas.unal.edu.co/index.php/formayfuncion/about/submissions#authorGuidelines,52,False,http://revistas.unal.edu.co/index.php/formayfuncion/about/submissions#authorGuidelines,False,,False,,,,,Open Policy Finder,,,True,,,P|P1-1091,False,No,No,Language and Literature: Philology. Linguistics,2008-04-18,2022-09-19,2022-09-19,1436,2026-07-06,,,100.0,imputado,['publindex'],mediana_global,False,1,0.4888888888888889,0.1761487964989059,True,False,2026-09-12
0121-3814,,,"Tea Tecné, Episteme Y Didaxis",2020,C,Colombia,Distrito Capital,"Bogotá, D. C.","Bogotá, D.C.",11001,"Educación General (Incluye Capacitación, Pedagogía)",Ciencias de la Educación,Ciencias Sociales,UNIVERSIDAD PEDAGOGICA NACIONAL,IES,,,369,0121-3814,tea tecne episteme didaxis,CO,2026-09-12,consolidado,43e2c43b816ec983,,,,,,,,,0,,,,,,,,,,,,,,,,,,,,,,,,,,,,,,,,,,,,,,,,,,,,,,,,,,,,,,,,,,,,,,,,,100.0,imputado,['publindex'],mediana_global,False,1,,,True,,2026-09-12
0121-8123,,,Revista Colombiana De Reumatología,2020,C,Colombia,Distrito Capital,"Bogotá, D. C.","Bogotá, D.C.",11001,Otros Temas de Medicina Clínica,Medicina Clínica,Ciencias Médicas y de la Salud,ASOCIACION COLOMBIANA DE REUMATOLOGIA,Otras,,,"1,324",0121-8123,colombiana reumatologia,CO,2026-09-12,consolidado,edd875b35fb91674,48.0,21100824861,journal,Asociacion Colombiana de Reumatologia,True,False,0.202,Q3,2,13.0,83.0,238.0,2216.0,112.0,213.0,0.49,26.7,0.5365,0.0,2009-2026,Internal Medicine (Q3); Pharmaceutical Science (Q3); Rehabilitation (Q3); Immunology and Allergy (Q4); Rheumatology (Q4),"Medicine; Pharmacology, Toxicology and Pharmaceutics",,,,,,,,,,,,,,,,,,,,,,,,,,,,,,,,,,,,,,,,,,,,,,,,,,,,100.0,imputado,['publindex'],mediana_area,False,1,0.47058823529411764,0.2210065645514223,True,,2026-09-12
0120-2804,2357-3791,,Revista Colombiana De Química,2020,C,Colombia,Distrito Capital,"Bogotá, D. C.","Bogotá, D.C.",11001,Química Analítica,Ciencias Químicas,Ciencias Naturales,UNIVERSIDAD NACIONAL DE COLOMBIA,IES,,,241,0120-2804,colombiana quimica,CO,2026-09-12,consolidado,7637d37900ddc5c6,152.0,14200154740,journal,Universidad Nacional de Colombia,True,True,0.116,Q4,1,11.0,7.0,48.0,405.0,13.0,48.0,0.13,57.86,0.55,0.0,2008-2025,Chemistry (miscellaneous) (Q4),Chemistry,https://revistas.unal.edu.co/index.php/rcolquim/index,https://doaj.org/toc/03ce5bb397334716ae4ac3abfb6e19e8,2001,,0120-2804,2357-3791,"['organic chemistry' 'biochemistry' 'applied chemistry'
 'analytical chemistry' 'physical chemistry' 'inorganic chemistry']",['Spanish' 'Portuguese' 'English'],Colombia,"Universidad Nacional de Colombia, Departamento de Quimica",,CC BY,,https://revistas.unal.edu.co/index.php/rcolquim/about,True,True,https://revistas.unal.edu.co/index.php/rcolquim/about/submissions,Double anonymous peer review,https://revistas.unal.edu.co/index.php/rcolquim/about/submissions,True,https://revistas.unal.edu.co/index.php/rcolquim/about,https://revistas.unal.edu.co/index.php/rcolquim/about/editorialTeam,https://revistas.unal.edu.co/index.php/rcolquim/about/submissions,12,False,https://revistas.unal.edu.co/index.php/rcolquim/about/submissions,False,,False,,PKP PN,,https://portal.issn.org/resource/ISSN/2357-3791,,,DOI,True,,,QD1-999,False,No,No,Science: Chemistry,2013-01-10,2026-06-10,2026-06-10,808,2020-08-29,,,100.0,imputado,['publindex'],mediana_global,False,1,0.2708333333333333,0.12691466083150985,True,True,2026-09-12
2145-6097,,,Revista De Investigacion Agraria Ambiental,2020,C,Colombia,Distrito Capital,"Bogotá, D. C.","Bogotá, D.C.",11001,Agronomía,"Agricultura, Silvicultura y Pesca",Ciencias Agrícolas,UNIVERSIDAD NACIONAL ABIERTA Y A DISTANCIA,IES,,,12,2145-6097,investigacion agraria ambiental,CO,2026-09-12,consolidado,8d9525d385f5adc1,,,,,,,,,0,,,,,,,,,,,,,,http://hemeroteca.unad.edu.co/index.php/riaa,https://doaj.org/toc/3e1f17d1a4f6415f96963b1f75f9e731,2009,,2145-6097,2145-6453,['agricultural sciences' 'ecology' 'environmental' 'agricultural research'],['Spanish'],Colombia,UNAD,,CC BY-NC-SA,,https://hemeroteca.unad.edu.co/index.php/riaa/about,,False,,Double anonymous peer review,https://hemeroteca.unad.edu.co/index.php/riaa/about,False,https://hemeroteca.unad.edu.co/index.php/riaa/about,https://hemeroteca.unad.edu.co/index.php/riaa/about/editorialTeam,https://hemeroteca.unad.edu.co/index.php/riaa/about,7,False,https://hemeroteca.unad.edu.co/index.php/riaa/about,False,,False,https://hemeroteca.unad.edu.co/index.php/riaa/about,,,,,,DOI,True,,,S|GE1-350,False,No,No,Agriculture | Geography. Anthropology. Recreation: Environmental sciences,2018-01-23,2020-08-06,2020-08-06,490,2025-12-03,,,200.0,imputado,['publindex'],mediana_area,False,1,,,True,True,2026-09-12
0123-921X,,,Tecnura,2020,B,Colombia,Distrito Capital,"Bogotá, D. C.","Bogotá, D.C.",11001,No registra,Otras Ingenierías y Tecnologías,Ingeniería y Tecnología,UNIVERSIDAD DISTRITAL FRANCISCO JOSE DE CALDAS,IES,,,276,0123-921X,tecnura,CO,2026-09-12,consolidado,f8605c1cef09f780,,,,,,,,,0,,,,,,,,,,,,,,https://revistas.udistrital.edu.co/index.php/Tecnura/index,https://doaj.org/toc/7dc9d7ca89f845818ff81858f16127d0,1997,,0123-921X,2248-7638,['engineering' 'science' 'technology'],['Spanish'],Colombia,,,CC BY-SA,,https://revistas.udistrital.edu.co/index.php/Tecnura/about,,True,https://revistas.udistrital.edu.co/index.php/Tecnura/about,Double anonymous peer review,https://revistas.udistrital.edu.co/index.php/Tecnura/about,False,https://revistas.udistrital.edu.co/index.php/Tecnura/about,https://revistas.udistrital.edu.co/index.php/Tecnura/about/editorialTeam,https://revistas.udistrital.edu.co/index.php/Tecnura/about/submissions,40,False,https://revistas.udistrital.edu.co/index.php/Tecnura/about,False,,False,,,,,,,,True,,,T|TA1-2040,False,No,No,Technology: Engineering (General). Civil engineering (General),2012-02-24,2021-07-28,2021-07-28,556,2026-04-21,,,100.0,imputado,['publindex'],mediana_global,False,2,,,True,False,2026-09-12
0120-4203,,,Contaduría Universidad De Antioquia,2020,C,Colombia,Eje Cafetero,Antioquia,Medellín,05001,Negocios y Management,Economía y Negocios,Ciencias Sociales,UNIVERSIDAD DE ANTIOQUIA,IES,,,349,0120-4203,contaduria universidad antioquia,CO,2026-09-12,consolidado,673e786e495b4189,,,,,,,,,0,,,,,,,,,,,,,,https://revistas.udea.edu.co/index.php/cont,https://doaj.org/toc/654445f33e1f41698215b68c748ba3b7,1982,Revista Contaduría Universidad de Antioquia,0120-4203,2590-4604,['accounting' 'finance' 'auditing' 'taxes'],['Spanish'],Colombia,Universidad de Antioquia,,CC BY-NC-SA,,https://revistas.udea.edu.co/index.php/cont/about,,False,,Double anonymous peer review,https://revistas.udea.edu.co/index.php/cont/about,False,https://revistas.udea.edu.co/index.php/cont/about,https://aprendeenlinea.udea.edu.co/revistas/index.php/cont/about/editorialTeam,https://revistas.udea.edu.co/index.php/cont/about,14,False,https://revistas.udea.edu.co/index.php/cont/about,False,,False,https://revistas.udea.edu.co/index.php/cont/about,,,,,,,True,,,HF5001-6182|HF5601-5689,False,No,No,Social Sciences: Commerce: Business: Accounting. Bookkeeping,2019-06-06,2020-07-23,2020-07-23,52,2020-07-22,,,100.0,imputado,['publindex'],mediana_global,False,1,,,True,False,2026-09-12
0120-0739,,,Colombia Forestal,2020,B,Colombia,Distrito Capital,"Bogotá, D. C.","Bogotá, D.C.",11001,Forestal,"Agricultura, Silvicultura y Pesca",Ciencias Agrícolas,UNIVERSIDAD DISTRITAL FRANCISCO JOSE DE CALDAS,IES,,,35,0120-0739,colombia forestal,CO,2026-09-12,consolidado,33a459416d3a1c46,41.0,21100815415,journal,Universidad Distrital Francisco Jose de Caldas,True,True,0.209,Q3,2,11.0,18.0,44.0,970.0,31.0,44.0,0.6,53.89,0.3065,0.0,2016-2025,Forestry (Q3); Nature and Landscape Conservation (Q3); Soil Science (Q4),Agricultural and Biological Sciences; Environmental Science,http://revistas.udistrital.edu.co/ojs/index.php/colfor,https://doaj.org/toc/0da07f8a6edd442da56f4184638f5cbf,2000,,0120-0739,2256-201X,['silviculture' 'forest ecology' 'biodiversity' 'forest health'],['Spanish'],Colombia,,,CC BY-SA,,http://revistas.udistrital.edu.co/ojs/index.php/colfor/about/submissions#copyrightNotice,,False,http://revistas.udistrital.edu.co/ojs/index.php/colfor/about/submissions#copyrightNotice,Double anonymous peer review,https://revistas.udistrital.edu.co/index.php/colfor/about,True,https://revistas.udistrital.edu.co/index.php/colfor/about,http://revistas.udistrital.edu.co/ojs/index.php/colfor/about/editorialTeam,http://revistas.udistrital.edu.co/ojs/index.php/colfor/about/submissions#authorGuidelines,20,False,https://revistas.udistrital.edu.co/index.php/colfor/about,False,,False,,PKP PN,,https://portal.issn.org/resource/ISSN/2256-201X,,,DOI,True,,,S|SD1-669.5,False,No,No,Agriculture: Forestry,2013-05-31,2023-10-23,2023-10-23,255,2026-07-02,,,200.0,imputado,['publindex'],mediana_area,False,2,0.7045454545454546,0.11433260393873085,True,False,2026-09-12
0120-3932,,,Economicas Cuc,2020,C,Colombia,Caribe,Atlántico,Barranquilla,08001,Economía,Economía y Negocios,Ciencias Sociales,CORPORACION UNIVERSIDAD DE LA COSTA,IES,,,914,0120-3932,economicas cuc,CO,2026-09-12,consolidado,aa977033680f568b,,,,,,,,,0,,,,,,,,,,,,,,,,,,,,,,,,,,,,,,,,,,,,,,,,,,,,,,,,,,,,,,,,,,,,,,,,,100.0,imputado,['publindex'],mediana_global,False,1,,,True,,2026-09-12
0120-3592,,,Cuadernos De Administración,2020,C,Colombia,Distrito Capital,"Bogotá, D. C.","Bogotá, D.C.",11001,Negocios y Management,Economía y Negocios,Ciencias Sociales,PONTIFICIA UNIVERSIDAD JAVERIANA,IES,,,259,0120-3592,cuadernos administracion,CO,2026-09-12,consolidado,c49e7649f5c5119c,,,,,,,,,0,,,,,,,,,,,,,,,,,,,,,,,,,,,,,,,,,,,,,,,,,,,,,,,,,,,,,,,,,,,,,,,,,100.0,imputado,['publindex'],mediana_global,False,1,,,True,,2026-09-12
0123-2126,2011-2769,,Ingeniería Y Universidad,2020,B,Colombia,Distrito Capital,"Bogotá, D. C.","Bogotá, D.C.",11001,Ingeniería Civil,Ingeniería Civil,Ingeniería y Tecnología,PONTIFICIA UNIVERSIDAD JAVERIANA,IES,,,237,0123-2126,ingenieria universidad,CO,2026-09-12,consolidado,70c0efbaf7233cac,93.0,19700186845,journal,Pontificia Universidad Javeriana,True,True,0.154,Q4,1,14.0,10.0,40.0,354.0,26.0,38.0,0.21,35.4,0.23809999999999998,0.0,2008-2025,Engineering (miscellaneous) (Q4),Engineering,,,,,,,,,,,,,,,,,,,,,,,,,,,,,,,,,,,,,,,,,,,,,,,,,,,,100.0,imputado,['publindex'],mediana_global,False,2,0.65,0.1684901531728665,True,,2026-09-12
0012-7353,,,Dyna,2020,B,Colombia,Eje Cafetero,Antioquia,Medellín,05001,No registra,Ingeniería Civil,Ingeniería y Tecnología,UNIVERSIDAD NACIONAL DE COLOMBIA,IES,,,210,0012-7353,dyna,CO,2026-09-12,consolidado,fe84b926e9dcd433,58.0,12600154771,journal,Universidad Nacional de Colombia,True,True,0.191,Q4,1,32.0,83.0,288.0,2828.0,243.0,284.0,0.82,34.07,0.3948,0.0,2008-2026,Engineering (miscellaneous) (Q4),Engineering,https://revistas.unal.edu.co/index.php/dyna/index,https://doaj.org/toc/1ae4d1db9bf2408f88a0e67ca32fc92e,2002,,0012-7353,2346-2183,"['mining engineering' 'mineral industries' 'material engineering'
 'civil engineering' 'electrical engineering']",['Spanish' 'English'],Colombia,"Universidad Nacional de Colombia, Facultad de Minas",,CC BY-NC-ND,,https://revistas.unal.edu.co/index.php/dyna/about#openAccessPolicy,True,False,https://revistas.unal.edu.co/index.php/dyna/about/submissions#copyrightNotice,Double anonymous peer review,https://revistas.unal.edu.co/index.php/dyna/about#reviewerGuidelines,True,https://revistas.unal.edu.co/index.php/dyna/about,https://revistas.unal.edu.co/index.php/dyna/about/editorialTeam,https://revistas.unal.edu.co/index.php/dyna/about/submissions,24,False,https://revistas.unal.edu.co/index.php/dyna/about,False,,False,,,,,,,,True,,,T|TN1-997,False,No,No,Technology: Mining engineering. Metallurgy,2006-05-22,2023-08-16,2023-08-16,2656,2026-06-22,,,100.0,imputado,['publindex'],mediana_global,False,2,0.84375,0.2089715536105033,True,False,2026-09-12
2011-2173,,,Revista Colombiana De Ciencias Hortícolas,2020,B,Colombia,Distrito Capital,"Bogotá, D. C.","Bogotá, D.C.",11001,Otras Ciencias Agrícolas,Otras Ciencias Agrícolas,Ciencias Agrícolas,SOCIEDAD COLOMBIANA DE CIENCIAS HORTICOLAS,Otras,UNIVERSIDAD PEDAGOGICA Y TECNOLOGICA DE COLOMBIA,,927,2011-2173,colombiana ciencias horticolas,CO,2026-09-12,consolidado,7921a6044c17e906,,,,,,,,,0,,,,,,,,,,,,,,,,,,,,,,,,,,,,,,,,,,,,,,,,,,,,,,,,,,,,,,,,,,,,,,,,,200.0,imputado,['publindex'],mediana_area,False,2,,,True,,2026-09-12
1657-0790,,,Profile,2020,B,Colombia,Distrito Capital,"Bogotá, D. C.","Bogotá, D.C.",11001,No registra,Ciencias de la Educación,Ciencias Sociales,UNIVERSIDAD NACIONAL DE COLOMBIA,IES,,,370,1657-0790,profile,CO,2026-09-12,consolidado,441bfb582030c65e,6.0,21100886398,journal,Universidad Nacional de Colombia,True,True,0.37,Q1,4,16.0,26.0,88.0,1069.0,109.0,82.0,1.25,41.12,0.5333,0.0,2018-2026,Linguistics and Language (Q1); Education (Q3),Social Sciences,https://revistas.unal.edu.co/index.php/profile,https://doaj.org/toc/b31fd7388fc142c882b507ec5373fe45,2005,,1657-0790,2256-5760,"['teaching methods' 'curriculum' 'english language teaching'
 'applied linguistics']",['English'],Colombia,,,CC BY-NC-ND,,http://www.revistas.unal.edu.co/index.php/profile/about/submissions#copyrightNotice,,True,http://www.revistas.unal.edu.co/index.php/profile/about/submissions#authorGuidelines,Double anonymous peer review,http://www.revistas.unal.edu.co/index.php/profile/about/editorialPolicies#peerReviewProcess,False,http://www.revistas.unal.edu.co/index.php/profile/about/editorialPolicies#focusAndScope,http://www.revistas.unal.edu.co/index.php/profile/about/editorialTeam,http://www.revistas.unal.edu.co/index.php/profile/about/submissions#authorGuidelines,36,False,http://www.revistas.unal.edu.co/index.php/profile/information/authors,False,,False,,,,,Open Policy Finder,,,True,,,L|LB5-3640,False,No,No,Education: Theory and practice of education,2007-10-26,2025-04-30,2025-04-30,618,2026-07-27,,,100.0,imputado,['publindex'],mediana_global,False,2,1.2386363636363635,0.4048140043763676,True,False,2026-09-12
0120-6346,,,Semestre Económico,2020,C,Colombia,Eje Cafetero,Antioquia,Medellín,05001,Economía,Economía y Negocios,Ciencias Sociales,UNIVERSIDAD DE MEDELLIN,IES,,,541,0120-6346,semestre economico,CO,2026-09-12,consolidado,8c68d3996ae6d541,,,,,,,,,0,,,,,,,,,,,,,,http://revistas.udem.edu.co/index.php/economico,https://doaj.org/toc/81de40f921d54788bc0ec0d6dac2d562,2011,,0120-6346,2248-4345,['economics' 'regional development' 'laboral market' 'finance' 'poverty'],['Spanish' 'Portuguese' 'English'],Colombia,Universidad de Medellin,,CC BY-NC,,http://revistas.udem.edu.co/index.php/economico,True,False,http://revistas.udem.edu.co/index.php/economico/about/submissions#copyrightNotice,Double anonymous peer review,https://revistas.udem.edu.co/index.php/economico/about,False,https://revistas.udem.edu.co/index.php/economico/about,https://revistas.udem.edu.co/index.php/economico/about/editorialTeam,https://revistas.udem.edu.co/index.php/economico/about/submissions,6,False,https://revistas.udem.edu.co/index.php/economico/about,False,,False,,,,,,,,True,,,HB1-3840|HB71-74,False,No,No,Social Sciences: Economic theory. Demography: Economics as a science,2015-11-18,2021-03-01,2021-03-01,8,2016-04-11,,,100.0,imputado,['publindex'],mediana_global,False,1,,,True,True,2026-09-12
2027-5137,2322-777X,,Historia Y Memoria,2020,C,Colombia,Centro Oriente,Boyacá,Tunja,15001,Historia,Historia y Arqueología,Humanidades,UNIVERSIDAD PEDAGOGICA Y TECNOLOGICA DE COLOMBIA,IES,,,851,2027-5137,historia memoria,CO,2026-09-12,consolidado,99a75b7474a0bf6b,69.0,21100793201,journal,Universidad Pedagogica y Tecnologica de Colombia,True,True,0.183,Q2,3,7.0,22.0,82.0,1062.0,26.0,75.0,0.33,48.27,0.4211,0.0,2015-2026,History (Q2),Arts and Humanities,https://revistas.uptc.edu.co/index.php/historia_memoria,https://doaj.org/toc/41cd2e9827e1467dac307ece09c01aa5,2010,,2027-5137,2322-777X,['history' 'memory' 'historiography'],['Spanish' 'Portuguese'],Colombia,,,CC BY-NC-ND,,https://revistas.uptc.edu.co/index.php/historia_memoria/about/submissions#copyright-notice,,False,https://revistas.uptc.edu.co/index.php/historia_memoria/about/submissions#copyright-notice,Anonymous peer review,https://revistas.uptc.edu.co/index.php/historia_memoria/about#peerReviewProcess,False,https://revistas.uptc.edu.co/index.php/historia_memoria/about#focusAndScope,https://revistas.uptc.edu.co/index.php/historia_memoria/about/editorialTeam,https://revistas.uptc.edu.co/index.php/historia_memoria/about/submissions,26,False,https://revistas.uptc.edu.co/index.php/historia_memoria/about#custom-2,False,,False,,PKP PN,,https://portal.issn.org/resource/ISSN/2322-777X,Open Policy Finder,https://openpolicyfinder.jisc.ac.uk/id/publication/30349,DOI,True,,,D|F1201-3799,False,No,No,History (General) and history of Europe | History America: Latin America. Spanish America,2017-02-23,2023-11-01,2023-11-01,416,2026-07-03,,,100.0,imputado,['publindex'],mediana_global,False,1,0.3170731707317073,0.20021881838074396,True,False,2026-09-12
1692-8563,2322-956X,,Dimensión Empresarial,2020,B,Colombia,Caribe,Atlántico,Barranquilla,08001,Negocios y Management,Economía y Negocios,Ciencias Sociales,UNIVERSIDAD AUTONOMA DEL CARIBE,IES,,,977,1692-8563,dimension empresarial,CO,2026-09-12,consolidado,86cc254e9ab8d774,,,,,,,,,0,,,,,,,,,,,,,,http://ojs.uac.edu.co/index.php/dimension-empresarial,https://doaj.org/toc/54228167188f4a4191f2db6b5f618529,2003,,1692-8563,2322-956X,"['management' 'innovation' 'institucional economics'
 'financial administration' 'entrepreneurship' 'organizations']",['English' 'Portuguese' 'Spanish'],Colombia,Universidad Autónoma del Caribe,,CC BY-NC-ND,,http://ojs.uac.edu.co/index.php/dimension-empresarial/about/editorialPolicies#custom-0,True,True,http://ojs.uac.edu.co/index.php/dimension-empresarial/about/submissions#copyrightNotice,Double anonymous peer review,http://ojs.uac.edu.co/index.php/dimension-empresarial/about/editorialPolicies#peerReviewProcess,False,http://ojs.uac.edu.co/index.php/dimension-empresarial/about/editorialPolicies#focusAndScope,http://ojs.uac.edu.co/index.php/dimension-empresarial/about/editorialTeam,http://ojs.uac.edu.co/index.php/dimension-empresarial/about/submissions#authorGuidelines,16,False,http://ojs.uac.edu.co/index.php/dimension-empresarial/about/editorialPolicies#custom-0,False,,False,http://ojs.uac.edu.co/index.php/dimension-empresarial/about/editorialPolicies#custom-0,CLOCKSS,,https://thekeepers.org/journals?query=1692-8563,,,DOI,True,,,HF5001-6182,False,No,No,Social Sciences: Commerce: Business,2017-01-31,2019-04-03,2019-04-03,36,2017-06-01,,,100.0,imputado,['publindex'],mediana_global,False,2,,,True,False,2026-09-12
2215-910X,2017-5692,,Suma De Negocios,2020,B,Colombia,Distrito Capital,"Bogotá, D. C.","Bogotá, D.C.",11001,Negocios y Management,Economía y Negocios,Ciencias Sociales,FUNDACION UNIVERSITARIA KONRAD LORENZ,IES,,,"1,086",2215-910X,suma negocios,CO,2026-09-12,consolidado,0057a65686f93fcc,87.0,21101210867,journal,Fundacion Universitaria Konrad Lorenz,True,True,0.161,Q4,1,7.0,17.0,49.0,979.0,46.0,49.0,1.21,57.59,0.2857,0.0,2020-2026,"Business, Management and Accounting (miscellaneous) (Q4); Marketing (Q4)","Business, Management and Accounting",http://revistasumadenegocios.konradlorenz.edu.co/,https://doaj.org/toc/7e99c2f3050d49689706a41f59a1180f,2014,,2215-910X,2027-5692,"['business' 'administration' 'marketing' 'economics' 'management'
 'international trade']",['English' 'Portuguese' 'Spanish'],Colombia,,,CC BY-NC-ND,,http://revistasumadenegocios.konradlorenz.edu.co/sobre-suma-de-negocios/,True,False,http://revistasumadenegocios.konradlorenz.edu.co/en/authors-guidelines-publication-norms/,Double anonymous peer review,http://revistasumadenegocios.konradlorenz.edu.co/en/authors-guidelines-publication-norms/,True,http://revistasumadenegocios.konradlorenz.edu.co/sobre-suma-de-negocios/,http://revistasumadenegocios.konradlorenz.edu.co/comite-editorial/,http://revistasumadenegocios.konradlorenz.edu.co/en/authors-guidelines-publication-norms/,8,False,http://revistasumadenegocios.konradlorenz.edu.co/envio-y-revision-de-articulos/,False,,False,,,,,,,,True,,,H1-99,False,No,No,Social Sciences: Social sciences (General),2015-07-20,2026-02-07,2022-04-25,299,2026-04-09,,,100.0,imputado,['publindex'],mediana_global,False,2,0.9387755102040817,0.1761487964989059,True,True,2026-09-12
1794-2489,,,Tabula Rasa,2020,B,Colombia,Distrito Capital,"Bogotá, D. C.","Bogotá, D.C.",11001,No registra,Otras Ciencias Sociales,Ciencias Sociales,UNIVERSIDAD COLEGIO MAYOR DE CUNDINAMARCA,IES,,,650,1794-2489,tabula rasa,CO,2026-09-12,consolidado,e753cf9172801da8,,,,,,,,,0,,,,,,,,,,,,,,http://www.revistatabularasa.org,https://doaj.org/toc/d45004ca81854664ba70c7d7b10d26ef,2003,,1794-2489,2011-2742,['social sciences' 'cultural studies' 'antropology'],['Spanish'],Colombia,,,CC BY-NC-ND,,https://www.revistatabularasa.org/presentacion/,,True,https://www.revistatabularasa.org/presentacion/,"Peer review, Double anonymous peer review",https://www.revistatabularasa.org/proceso-de-evaluacion-por-pares/,False,http://www.revistatabularasa.org/presentacion/,http://www.revistatabularasa.org/equipo-editorial/,http://www.revistatabularasa.org/normas/,24,False,https://www.revistatabularasa.org/presentacion/,False,,False,,,,,,,,True,,,GN1-890|H1-99,False,No,No,Geography. Anthropology. Recreation: Anthropology | Social Sciences: Social sciences (General),2017-04-07,2025-06-19,2025-06-19,869,2026-08-06,,,100.0,imputado,['publindex'],mediana_global,False,2,,,True,False,2026-09-12
0124-8170,1909-7735,,Ciencia E Ingeniería Neogranadina,2020,B,Colombia,Distrito Capital,"Bogotá, D. C.","Bogotá, D.C.",11001,No registra,Otras Ingenierías y Tecnologías,Ingeniería y Tecnología,UNIVERSIDAD MILITAR NUEVA GRANADA,IES,,,264,0124-8170,ciencia e ingenieria neogranadina,CO,2026-09-12,consolidado,84dbd302076003bf,,,,,,,,,0,,,,,,,,,,,,,,http://revistas.unimilitar.edu.co/index.php/rcin,https://doaj.org/toc/0fea6b152a4d4860be00d496212ca035,1993,,0124-8170,1909-7735,"['engineering' 'technology' 'civil engineering' 'materials science'
 'electronic engineering']",['Spanish' 'English'],Colombia,Universidad Militar Nueva Granada,Colombia,CC BY-NC-ND,,https://revistas.unimilitar.edu.co/index.php/rcin/about,True,False,https://revistas.unimilitar.edu.co/index.php/rcin/about,Double anonymous peer review,https://revistas.unimilitar.edu.co/index.php/rcin/about,True,https://revistas.unimilitar.edu.co/index.php/rcin/about,https://revistas.unimilitar.edu.co/index.php/rcin/about/editorialTeam,https://revistas.unimilitar.edu.co/index.php/rcin/about/submissions,20,False,https://revistas.unimilitar.edu.co/index.php/rcin/about,False,,False,,Portico,,https://www.portico.org/coverage/titles/?keyword=0124-8170&filter_by%5B%5D=e-journal,,,DOI,True,,,TA1-2040|Q,False,No,No,Technology: Engineering (General). Civil engineering (General) | Science,2016-10-24,2021-08-03,2021-08-03,919,2026-05-26,,,100.0,imputado,['publindex'],mediana_global,False,2,,,True,False,2026-09-12
1657-4583,,,Uis Ingenierías,2020,B,Colombia,Centro Oriente,Santander,Bucaramanga,68001,No registra,Otras Ingenierías y Tecnologías,Ingeniería y Tecnología,UNIVERSIDAD INDUSTRIAL DE SANTANDER,IES,,,66,1657-4583,uis ingenierias,CO,2026-09-12,consolidado,19288824a3bdcd51,,,,,,,,,0,,,,,,,,,,,,,,http://revistas.uis.edu.co/index.php/revistauisingenierias/index,https://doaj.org/toc/32afb6e2fd7b4c7189d3c40ffe1a1a92,2002,,1657-4583,2145-8456,"['mechanical engineering' 'industrial design' 'applied sciences'
 'materials science' 'decision sciences' 'manufacturing engineering']",['English' 'Spanish'],Colombia,Universidad Industrial de Santander,,CC BY-ND,,http://revistas.uis.edu.co/index.php/revistauisingenierias/about,,False,,Anonymous peer review,http://revistas.uis.edu.co/index.php/revistauisingenierias/about,True,http://revistas.uis.edu.co/index.php/revistauisingenierias/about,http://revistas.uis.edu.co/index.php/revistauisingenierias/about/editorialTeam,http://revistas.uis.edu.co/index.php/revistauisingenierias/information/authors,12,False,http://revistas.uis.edu.co/index.php/revistauisingenierias/about,False,,False,http://revistas.uis.edu.co/index.php/revistauisingenierias/about,,,,Open Policy Finder,,,True,,,T|TA1-2040,False,No,No,Technology: Engineering (General). Civil engineering (General),2018-03-03,2020-03-23,2020-03-23,782,2026-08-09,,,100.0,imputado,['publindex'],mediana_global,False,2,,,True,True,2026-09-12
1909-8391,,,Tesis Psicologica,2020,B,Colombia,Distrito Capital,"Bogotá, D. C.","Bogotá, D.C.",11001,No registra,Psicología,Ciencias Sociales,FUNDACION UNIVERSITARIA LOS LIBERTADORES,IES,,,246,1909-8391,tesis psicologica,CO,2026-09-12,consolidado,60370ddd64dde6a7,,,,,,,,,0,,,,,,,,,,,,,,,,,,,,,,,,,,,,,,,,,,,,,,,,,,,,,,,,,,,,,,,,,,,,,,,,,100.0,imputado,['publindex'],mediana_global,False,2,,,True,,2026-09-12
0121-182X,,,Prolegomenos : Derechos Y Valores,2020,C,Colombia,Distrito Capital,"Bogotá, D. C.","Bogotá, D.C.",11001,Derecho,Derecho,Ciencias Sociales,UNIVERSIDAD MILITAR NUEVA GRANADA,IES,,,628,0121-182X,prolegomenos derechos valores,CO,2026-09-12,consolidado,4b494bf0b22f24de,,,,,,,,,0,,,,,,,,,,,,,,https://revistas.unimilitar.edu.co/index.php/dere/index,https://doaj.org/toc/4a4c56e113a64fb594d5db48622df20c,2004,,0121-182X,1909-7727,['law' 'jurisprudence'],['Spanish' 'Portuguese' 'English'],Colombia,"Universidad Militar Nueva Granada, Facultad de Derecho",,CC BY-NC-ND,,http://revistas.unimilitar.edu.co/index.php/dere/about/submissions#copyrightNotice,True,False,,Double anonymous peer review,https://revistas.unimilitar.edu.co/index.php/dere/about/editorialPolicies#peerReviewProcess,True,http://revistas.unimilitar.edu.co/index.php/dere/about/editorialPolicies#focusAndScope,http://revistas.unimilitar.edu.co/index.php/dere/about/editorialTeam,http://revistas.unimilitar.edu.co/index.php/dere/about/submissions#authorGuidelines,13,False,http://revistas.unimilitar.edu.co/index.php/dere/about/submissions#onlineSubmissions,False,,False,,,,,,,DOI,True,,,K,False,No,No,Law,2017-06-08,2021-08-10,2021-08-10,392,2021-03-10,,,100.0,imputado,['publindex'],mediana_global,False,1,,,True,False,2026-09-12
1794-192X,,,Revista Guillermo De Ockman,2020,B,Colombia,Pacífico,Valle del Cauca,Cali,76001,No registra,Psicología,Ciencias Sociales,UNIVERSIDAD DE SAN BUENAVENTURA CALI,IES,,,464,1794-192X,guillermo ockman,CO,2026-09-12,consolidado,6cbca9103e45c849,104.0,21101141651,journal,University of San Buenaventura - Cali,True,True,0.149,Q3,2,6.0,20.0,108.0,1022.0,39.0,98.0,0.34,51.1,0.4103,0.0,2019-2025,Arts and Humanities (miscellaneous) (Q3); Psychology (miscellaneous) (Q4); Social Sciences (miscellaneous) (Q4),Arts and Humanities; Psychology; Social Sciences,https://revistas.usb.edu.co/index.php/GuillermoOckham/index,https://doaj.org/toc/6a92a61414dc4057ab8cab963cf43f6c,2015,,1794-192X,2256-3202,['humanidades' 'teología' 'filosofía' 'educación' 'psicología'],['English' 'Spanish'],Colombia,,,CC BY-NC-ND,,https://revistas.usb.edu.co/index.php/GuillermoOckham/about,True,False,https://revistas.usb.edu.co/index.php/GuillermoOckham/about,Double anonymous peer review,https://revistas.usb.edu.co/index.php/GuillermoOckham/about,True,https://revistas.usb.edu.co/index.php/GuillermoOckham/about,https://revistas.usb.edu.co/index.php/GuillermoOckham/about/editorialTeam,https://revistas.usb.edu.co/index.php/GuillermoOckham/guiaparaautores,24,False,https://revistas.usb.edu.co/index.php/GuillermoOckham/about,True,https://revistas.usb.edu.co/index.php/GuillermoOckham/about,False,,,,,,,DOI,True,,,H1-99,False,No,No,Social Sciences: Social sciences (General),2021-11-12,2022-08-29,2022-08-29,207,2026-07-24,,,100.0,imputado,['publindex'],mediana_global,False,2,0.3611111111111111,0.16301969365426694,True,False,2026-09-12
0120-0011,,,Revista De La Facultad De Medicina De La Universidad Nacional De Colombia,2020,C,Colombia,Distrito Capital,"Bogotá, D. C.","Bogotá, D.C.",11001,Otras Ciencias Médicas,Otras Ciencias Médicas,Ciencias Médicas y de la Salud,UNIVERSIDAD NACIONAL DE COLOMBIA,IES,,,221,0120-0011,facultad medicina universidad nacional colombia,CO,2026-09-12,consolidado,c468ec9b9bd150aa,,,,,,,,,0,,,,,,,,,,,,,,http://revistas.unal.edu.co/index.php/revfacmed/index,https://doaj.org/toc/05262adca6cc4bd1bcbbc739c0207e0d,1932,Revista de la Facultad de Medicina de la Universidad Nacional de Colombia,0120-0011,2357-3848,['medicine' 'education' 'medical sciences' 'public health'],['Spanish' 'Portuguese' 'English'],Colombia,,,CC BY,,http://revistas.unal.edu.co/index.php/revfacmed/about/submissions#copyrightNotice,,True,http://revistas.unal.edu.co/index.php/revfacmed/about/submissions#copyrightNotice,Peer review,http://revistas.unal.edu.co/index.php/revfacmed/about/editorialPolicies#peerReviewProcess,True,http://revistas.unal.edu.co/index.php/revfacmed/about/editorialPolicies#focusAndScope,http://revistas.unal.edu.co/index.php/revfacmed/about/editorialTeam,https://revistas.unal.edu.co/index.php/revfacmed/about/submissions#authorGuidelines,24,False,http://revistas.unal.edu.co/index.php/revfacmed/about/editorialPolicies#focusAndScope,False,,False,,,,,,,DOI,True,,,R|R5-920,False,No,No,Medicine: Medicine (General),2006-09-29,2023-12-13,2023-12-13,3848,2026-02-03,,,100.0,imputado,['publindex'],mediana_area,False,1,,,True,False,2026-09-12
0122-9761,,,Boletín De Investigaciones Marinas Y Costeras,2020,B,Colombia,Caribe,Magdalena,Santa Marta,47001,"Oceanografía, Hidrología y Recursos del Agua",Ciencias de la Tierra y Medioambientales,Ciencias Naturales,INSTITUTO DE INVESTIGACIONES MARINAS Y COSTERAS JOSE BENITO VIVES DE ANDREIS INVEMAR,Centros,,,176,0122-9761,boletin investigaciones marinas costeras,CO,2026-09-12,consolidado,bc1b9695f4a24f84,,,,,,,,,0,,,,,,,,,,,,,,,,,,,,,,,,,,,,,,,,,,,,,,,,,,,,,,,,,,,,,,,,,,,,,,,,,100.0,imputado,['publindex'],mediana_global,False,2,,,True,,2026-09-12
1909-941X,2389-7848,,Clio América,2020,C,Colombia,Caribe,Magdalena,Santa Marta,47001,Economía,Economía y Negocios,Ciencias Sociales,UNIVERSIDAD DEL MAGDALENA,IES,,,219,1909-941X,clio america,CO,2026-09-12,consolidado,e1ca70b46c6b2b40,,,,,,,,,0,,,,,,,,,,,,,,http://revistas.unimagdalena.edu.co/index.php/clioamerica,https://doaj.org/toc/5d5536ee84d741c5b0135bc5c23249d0,2007,,1909-941X,2389-7848,['business administration' 'economics' 'financial economics'],['Spanish' 'English'],Colombia,,,CC BY-NC-SA,,http://revistas.unimagdalena.edu.co/index.php/clioamerica/about,True,False,https://revistas.unimagdalena.edu.co/index.php/clioamerica/about,Double anonymous peer review,http://revistas.unimagdalena.edu.co/index.php/clioamerica/about,True,http://revistas.unimagdalena.edu.co/index.php/clioamerica/about,http://revistas.unimagdalena.edu.co/index.php/clioamerica/about/editorialTeam,http://revistas.unimagdalena.edu.co/index.php/clioamerica/g_autores,24,False,https://revistas.unimagdalena.edu.co/index.php/clioamerica/about,False,,False,,PKP PN,,https://revistas.unimagdalena.edu.co/index.php/clioamerica/g_autores,Repositorio Digital Universidad del Magdalena,https://roar.eprints.org/15423/,DOI,True,,,HB71-74,False,No,No,Social Sciences: Economic theory. Demography: Economics as a science,2015-04-08,2026-08-07,2026-07-04,256,2026-04-06,,,100.0,imputado,['publindex'],mediana_global,False,1,,,True,False,2026-09-12
2145-3535,2422-3271,,Informes Psicológicos,2020,C,Colombia,Centro Oriente,Santander,Bucaramanga,68001,"Psicología (Incluye Terapias de Aprendizaje, Habla, Visual y Otras Discapacidades Físicas y Mentales)",Psicología,Ciencias Sociales,UNIVERSIDAD PONTIFICIA BOLIVARIANA,IES,,,435,2145-3535,informes psicologicos,CO,2026-09-12,consolidado,3b1eb60375ddc719,,,,,,,,,0,,,,,,,,,,,,,,,,,,,,,,,,,,,,,,,,,,,,,,,,,,,,,,,,,,,,,,,,,,,,,,,,,100.0,imputado,['publindex'],mediana_global,False,1,,,True,,2026-09-12
0122-0268,1909-0544,,Revista Mvz Córdoba,2020,B,Colombia,Caribe,Córdoba,Montería,23001,Ciencias Veterinarias,Ciencias Veterinarias,Ciencias Agrícolas,UNIVERSIDAD DE CORDOBA,IES,,,487,0122-0268,mvz cordoba,CO,2026-09-12,consolidado,f01e16f1b29d4418,80.0,19200156966,journal,Biblioteca Universidad de Cordoba,True,True,0.169,Q4,1,18.0,34.0,144.0,1086.0,64.0,141.0,0.35,31.94,0.3782,0.0,2008-2025,Animal Science and Zoology (Q4); Aquatic Science (Q4); Veterinary (miscellaneous) (Q4),Agricultural and Biological Sciences; Veterinary,,,,,,,,,,,,,,,,,,,,,,,,,,,,,,,,,,,,,,,,,,,,,,,,,,,,200.0,imputado,['publindex'],mediana_area,False,2,0.4444444444444444,0.09245076586433261,True,,2026-09-12
0121-6805,,,Revista Facultad De Ciencias Económicas : Investigación Y Reflexión,2020,B,Colombia,Distrito Capital,"Bogotá, D. C.","Bogotá, D.C.",11001,No registra,Economía y Negocios,Ciencias Sociales,UNIVERSIDAD MILITAR NUEVA GRANADA,IES,,,627,0121-6805,facultad ciencias economicas investigacion reflexion,CO,2026-09-12,consolidado,ce1c3f55c878bf99,,,,,,,,,0,,,,,,,,,,,,,,http://revistas.unimilitar.edu.co/index.php/rfce,https://doaj.org/toc/36cd4857734c4a0893fa93009a7658b9,2010,Revista Facultad de Ciencias Económicas: Investigación y Reflexión,0121-6805,1909-7719,['accounting' 'management' 'economics' 'economy' 'bussines'],['Spanish' 'Portuguese' 'English'],Colombia,Universidad Militar Nueva Granada,Colombia,CC BY-NC-ND,,https://revistas.unimilitar.edu.co/index.php/rfce/about,True,False,https://revistas.unimilitar.edu.co/index.php/rfce/about,Double anonymous peer review,https://revistas.unimilitar.edu.co/index.php/rfce/about,False,https://revistas.unimilitar.edu.co/index.php/rfce/about,https://revistas.unimilitar.edu.co/index.php/rfce/about/editorialTeam,https://revistas.unimilitar.edu.co/index.php/rfce/about/editorialTeam,24,False,https://revistas.unimilitar.edu.co/index.php/rfce/about,False,,False,,Portico,,https://www.portico.org/coverage/titles/?keyword=0121-6805&filter_by%5B%5D=e-journal,,,DOI,True,,,HC10-1085|HB71-74,False,No,No,Social Sciences: Economic history and conditions | Social Sciences: Economic theory. Demography: Economics as a science,2016-10-24,2021-08-03,2021-08-03,1235,2026-07-30,,,100.0,imputado,['publindex'],mediana_global,False,2,,,True,False,2026-09-12
1900-3803,,,Entramado,2020,B,Colombia,Pacífico,Valle del Cauca,Cali,76001,No registra,Otras Ciencias Sociales,Ciencias Sociales,UNIVERSIDAD LIBRE DE COLOMBIA,IES,,,126,1900-3803,entramado,CO,2026-09-12,consolidado,1cb6ee0f10fbe94e,,,,,,,,,0,,,,,,,,,,,,,,https://revistas.unilibre.edu.co/index.php/entramado,https://doaj.org/toc/0eb3327905a04b71a462a915176a1c0b,2005,,1900-3803,2539-0279,['social sciences' 'economics' 'law' 'management' 'education'],['Spanish'],Colombia,,,CC BY-NC-SA,,https://revistas.unilibre.edu.co/index.php/entramado/creative,True,True,https://revistas.unilibre.edu.co/index.php/entramado/aviso_derechos,Double anonymous peer review,https://revistas.unilibre.edu.co/index.php/entramado/evaluacion,True,https://revistas.unilibre.edu.co/index.php/entramado/enfoque,https://revistas.unilibre.edu.co/index.php/entramado/comites,https://revistas.unilibre.edu.co/index.php/entramado/directrices_autores,12,False,https://revistas.unilibre.edu.co/index.php/entramado/membresia,False,,False,https://revistas.unilibre.edu.co/index.php/entramado/membresia,LOCKSS,,https://revistas.unilibre.edu.co/index.php/entramado/preservecion,,,,True,,,H1-99,False,No,No,Social Sciences: Social sciences (General),2017-09-16,2020-02-21,2020-02-21,640,2024-09-06,,,100.0,imputado,['publindex'],mediana_global,False,2,,,True,True,2026-09-12
1794-5887,,,Co-Herencia,2020,A2,Colombia,Eje Cafetero,Antioquia,Medellín,05001,Filosofía,Otras Humanidades,Humanidades,UNIVERSIDAD EAFIT,IES,,,574,1794-5887,co herencia,CO,2026-09-12,consolidado,2537b3be453ed846,146.0,19700173013,journal,Universidad EAFIT,True,True,0.12,Q2,3,9.0,13.0,85.0,561.0,17.0,81.0,0.16,43.15,0.0667,0.0,2009-2025,Literature and Literary Theory (Q2); Visual Arts and Performing Arts (Q2); History (Q3); Music (Q3); Philosophy (Q3); Sociology and Political Science (Q4),Arts and Humanities; Social Sciences,http://publicaciones.eafit.edu.co/index.php/co-herencia,https://doaj.org/toc/465a89c941eb4bb99e90c84520dac281,2004,,1794-5887,2539-1208,['humanities' 'politics' 'literature' 'philosophy' 'arts'],['Portuguese' 'English' 'Spanish'],Colombia,,,CC BY,,https://publicaciones.eafit.edu.co/index.php/co-herencia/about,,False,https://publicaciones.eafit.edu.co/index.php/co-herencia/about,Double anonymous peer review,https://publicaciones.eafit.edu.co/index.php/co-herencia/about,True,https://publicaciones.eafit.edu.co/index.php/co-herencia/about,http://publicaciones.eafit.edu.co/index.php/co-herencia/about/editorialTeam,https://publicaciones.eafit.edu.co/index.php/co-herencia/about/submissions,16,False,https://publicaciones.eafit.edu.co/index.php/co-herencia/about,False,,False,,"CLOCKSS, PKP PN",,https://portal.issn.org/resource/ISSN/2539-1208,,,DOI,True,,,E-F|P|B,False,No,No,History America | Language and Literature | Philosophy. Psychology. Religion,2009-09-15,2026-07-29,,354,2026-07-21,,,100.0,imputado,['publindex'],mediana_global,False,3,0.2,0.13129102844638948,True,False,2026-09-12
0122-8102,2346-1691,,Cuadernos De Literatura,2020,B,No disponible,No disponible,No disponible,No disponible,,Teoría Literaria,Idiomas y Literatura,Humanidades,PONTIFICIA UNIVERSIDAD JAVERIANA,IES,,,"1,047",0122-8102,cuadernos literatura,,2026-09-12,consolidado,adb4bbd84176ad9a,162.0,21100843496,journal,Pontificia Universidad Javeriana,True,True,0.109,Q3,2,5.0,11.0,62.0,357.0,5.0,59.0,0.05,32.45,0.6667000000000001,0.0,2017-2025,Literature and Literary Theory (Q3),Arts and Humanities,,,,,,,,,,,,,,,,,,,,,,,,,,,,,,,,,,,,,,,,,,,,,,,,,,,,100.0,imputado,['publindex'],mediana_global,False,2,0.08064516129032258,0.11925601750547045,False,,2026-09-12
1900-0642,,,Criterio Libre,2020,C,Colombia,Distrito Capital,"Bogotá, D. C.","Bogotá, D.C.",11001,Economía,Economía y Negocios,Ciencias Sociales,UNIVERSIDAD LIBRE DE COLOMBIA,IES,,,320,1900-0642,criterio libre,CO,2026-09-12,consolidado,1467aeba054044de,,,,,,,,,0,,,,,,,,,,,,,,https://revistas.unilibre.edu.co/index.php/criteriolibre,https://doaj.org/toc/4c8cfc0738ab4dd9b16363f008b2e5b0,2010,,1900-0642,2323-0886,['public accounting' 'socio-economic sciences' 'business'],['Portuguese' 'French' 'English' 'Spanish'],Colombia,"Centro de Investigaciones de la Facultad de Ciencias Económicas, Administrativas y Contables",Colombia,CC BY-NC-ND,,https://revistas.unilibre.edu.co/index.php/criteriolibre/creative,,False,https://revistas.unilibre.edu.co/index.php/criteriolibre/directrices,Double anonymous peer review,https://revistas.unilibre.edu.co/index.php/criteriolibre/direcAutor,True,https://revistas.unilibre.edu.co/index.php/criteriolibre/enfoque,https://revistas.unilibre.edu.co/index.php/criteriolibre/comites,https://revistas.unilibre.edu.co/index.php/criteriolibre/directrices,20,False,https://revistas.unilibre.edu.co/index.php/criteriolibre/membresia,False,,False,,,,,,,DOI,True,,,HF5717-5734.7,False,No,No,"Social Sciences: Commerce: Business: Business communication. Including business report writing, business correspondence",2022-05-17,2022-05-17,2022-05-17,81,2022-06-08,,,100.0,imputado,['publindex'],mediana_global,False,1,,,True,False,2026-09-12
0121-8697,,,Revista De Derecho,2020,C,Colombia,Caribe,Atlántico,Barranquilla,08001,Derecho,Derecho,Ciencias Sociales,FUNDACION UNIVERSIDAD DEL NORTE,IES,,,272,0121-8697,derecho,CO,2026-09-12,consolidado,8cdaab7520e9364a,,,,,,,,,0,,,,,,,,,,,,,,http://rcientificas.uninorte.edu.co/index.php/derecho/index,https://doaj.org/toc/8c0bff4f108144d3ae4f178d24feaa91,2000,,0121-8697,2145-9355,['jurisprudence'],['English'],Colombia,"Universidad del Norte, División de Derecho, Ciencia política y Relaciones Internacionales",,CC BY,,http://rcientificas.uninorte.edu.co/index.php/derecho/index,,False,,Double anonymous peer review,http://rcientificas.uninorte.edu.co/index.php/derecho/about/editorialPolicies#peerReviewProcess,False,http://rcientificas.uninorte.edu.co/index.php/derecho/about/editorialPolicies#focusAndScope,http://rcientificas.uninorte.edu.co/index.php/derecho/about/editorialTeam,http://rcientificas.uninorte.edu.co/index.php/derecho/about/submissions#authorGuidelines,24,False,http://rcientificas.uninorte.edu.co/index.php/derecho/about/submissions#authorGuidelines,False,,False,http://rcientificas.uninorte.edu.co/index.php/derecho/about/submissions#authorGuidelines,,,,,,DOI,True,,,K|K1-7720,False,No,No,Law: Law in general. Comparative and uniform law. Jurisprudence,2009-11-17,2019-09-21,2019-09-21,530,2026-03-10,,,100.0,imputado,['publindex'],mediana_global,False,1,,,True,False,2026-09-12
0304-2847,,,Revista Facultad Nacional De Agronomía - Medellín,2020,C,Colombia,Eje Cafetero,Antioquia,Medellín,05001,No registra,Otras Ciencias Agrícolas,Ciencias Agrícolas,UNIVERSIDAD NACIONAL DE COLOMBIA,IES,,,100,0304-2847,facultad nacional agronomia medellin,CO,2026-09-12,consolidado,42c4927bf2f3a6b1,35.0,21100798596,journal,Universidad Nacional de Colombia,True,True,0.217,Q3,2,17.0,50.0,136.0,1398.0,128.0,123.0,1.09,27.96,0.35,0.0,2016-2026,Agricultural and Biological Sciences (miscellaneous) (Q3); Agronomy and Crop Science (Q3); Animal Science and Zoology (Q3); Food Science (Q3); Forestry (Q3); Horticulture (Q3),Agricultural and Biological Sciences,http://www.revistas.unal.edu.co/index.php/refame,https://doaj.org/toc/f1fcc416bc744c6cadf593e1e059895b,2004,,0304-2847,2248-7026,"['agronomy' 'agricultural engineering' 'forestry' 'animal production'
 'biotechnology' 'food science']",['English'],Colombia,Universidad Nacional de Colombia,,CC BY-NC-ND,,http://www.revistas.unal.edu.co/index.php/refame/about/submissions#copyrightNotice,True,False,,Double anonymous peer review,http://revistas.unal.edu.co/index.php/refame/about/editorialPolicies#peerReviewProcess,True,http://revistas.unal.edu.co/index.php/refame/about/editorialPolicies#focusAndScope,http://revistas.unal.edu.co/index.php/refame/about/editorialTeam,http://revistas.unal.edu.co/index.php/refame/about/submissions#authorGuidelines,16,False,http://www.revistas.unal.edu.co/index.php/refame/index,False,,False,,,,,Open Policy Finder,,,True,,,S|S1-972,False,No,No,Agriculture: Agriculture (General),2012-05-22,2022-09-03,2022-09-03,1202,2020-09-14,,,200.0,imputado,['publindex'],mediana_area,False,1,0.9411764705882353,0.1187089715536105,True,False,2026-09-12
1900-6586,,,"Revista Científica ""General José María Córdova""",2020,C,Colombia,Distrito Capital,"Bogotá, D. C.","Bogotá, D.C.",11001,Otras Ciencias Sociales,Otras Ciencias Sociales,Ciencias Sociales,ESCUELA MILITAR DE CADETES GENERAL JOSE MARIA CORDOVA,IES,,,"1,037",1900-6586,cientifica general jose maria cordova,CO,2026-09-12,consolidado,35e8d7d870f10b06,5.0,21100996939,journal,Escuela Militar de Cadetes,True,True,0.4,Q2,3,10.0,45.0,164.0,2113.0,158.0,150.0,0.8,46.96,0.24359999999999998,0.0,"2011-2013, 2015-2026","Law (Q2); Political Science and International Relations (Q2); Public Administration (Q2); Safety Research (Q2); Safety, Risk, Reliability and Quality (Q2); Social Sciences (miscellaneous) (Q2); Sociology and Political Science (Q2)",Engineering; Social Sciences,https://www.revistacientificaesmic.com,https://doaj.org/toc/e42b7a06ed4841c9b09e37249837fc5f,2011,Colombian Journal of Military and Strategic Studies,1900-6586,2500-7645,"['military and strategic studies' 'public administration'
 'security and defense' 'political science' 'social science'
 'international relations']",['English' 'Spanish'],Colombia,,,CC BY-NC-ND,,https://www.revistacientificaesmic.com/index.php/esmic/about,True,False,https://revistacientificaesmic.com/index.php/esmic/about,Double anonymous peer review,https://www.revistacientificaesmic.com/index.php/esmic/proceso_editorial,True,https://www.revistacientificaesmic.com/index.php/esmic/about,https://www.revistacientificaesmic.com/index.php/esmic/about/editorialTeam,https://www.revistacientificaesmic.com/index.php/esmic/about/submissions,14,False,https://www.revistacientificaesmic.com/index.php/esmic/about,False,,False,,Portico,,https://www.portico.org/coverage/titles/?keyword=1900-6586&filter_by%5B%5D=e-journal,,,DOI,True,,,U,False,No,No,Military Science,2019-04-26,2024-05-31,2024-05-31,620,2026-08-11,,,100.0,imputado,['publindex'],mediana_global,False,1,0.9634146341463414,0.437636761487965,True,False,2026-09-12
0120-3584,,,Desarrollo Y Sociedad,2020,C,Colombia,Distrito Capital,"Bogotá, D. C.","Bogotá, D.C.",11001,Economía,Economía y Negocios,Ciencias Sociales,UNIVERSIDAD DE LOS ANDES,IES,CENTRO DE ESTUDIOS SOBRE DESARROLLO ECONOMICO CEDE UNIANDES,,117,0120-3584,desarrollo sociedad,CO,2026-09-12,consolidado,10af1927380f3963,74.0,33459,journal,"Universidad de los Andes, Colombia",True,True,0.176,Q3,2,11.0,17.0,58.0,678.0,19.0,51.0,0.31,39.88,0.303,0.0,"1979-1985, 1994, 2010-2025",Political Science and International Relations (Q3); Sociology and Political Science (Q3); Development (Q4); Economics and Econometrics (Q4),"Economics, Econometrics and Finance; Social Sciences",https://revistas.uniandes.edu.co/journal/dys,https://doaj.org/toc/3ba4b654c9aa4bba95ce034fcf7a5e95,2012,,0120-3584,1900-7760,['economics' 'social sciencies' 'academy' 'investigation'],['English' 'Spanish'],Colombia,Universidad de los Andes,,CC BY-NC-ND,,https://revistas.uniandes.edu.co/for-authors/dys/editorial-policy,,True,https://revistas.uniandes.edu.co/for-authors/dys/editorial-policy,Double anonymous peer review,https://revistas.uniandes.edu.co/for-authors/dys/editorial-policy,True,https://revistas.uniandes.edu.co/for-authors/dys/editorial-policy,https://revistas.uniandes.edu.co/executive-board/dys,https://revistas.uniandes.edu.co/for-authors/dys/tips-for-authors,12,False,https://revistas.uniandes.edu.co/for-authors/dys/editorial-policy,False,,False,https://revistas.uniandes.edu.co/for-authors/dys/editorial-policy,,,,,,DOI,True,,,HC10-1085|HB71-74,False,No,No,Social Sciences: Economic history and conditions | Social Sciences: Economic theory. Demography: Economics as a science,2020-08-21,2020-08-21,2020-08-21,168,2025-07-25,,,100.0,imputado,['publindex'],mediana_global,False,1,0.3275862068965517,0.19256017505470457,True,True,2026-09-12
1794-2470,,,Nova: Publicación Científica En Ciencias Médicas,2020,B,No disponible,No disponible,No disponible,No disponible,,No registra,Ciencias de la Salud,Ciencias Médicas y de la Salud,UNIVERSIDAD COLEGIO MAYOR DE CUNDINAMARCA,IES,UNIVERSIDAD NACIONAL ABIERTA Y A DISTANCIA,,677,1794-2470,nova publicacion cientifica ciencias medicas,,2026-09-12,consolidado,a74b9314c613646f,,,,,,,,,0,,,,,,,,,,,,,,https://revistas.unicolmayor.edu.co/index.php/nova,https://doaj.org/toc/d50ca4abc9d14315a65a959a85e2d644,2003,,1794-2470,,['biomedical sciences' 'medical research' 'microbiology' 'life sciences'],['English' 'Spanish'],Colombia,Universidad Nacional Abierta y a Distancia,,CC BY-NC-ND,,https://revistas.unicolmayor.edu.co/index.php/nova/about,,True,https://revistas.unicolmayor.edu.co/index.php/nova/about,Double anonymous peer review,https://revistas.unicolmayor.edu.co/index.php/nova/about,False,https://revistas.unicolmayor.edu.co/index.php/nova/about,https://revistas.unicolmayor.edu.co/index.php/nova/about/editorialTeam,https://revistas.unicolmayor.edu.co/index.php/nova/about/submissions#author_guidelines,16,False,https://revistas.unicolmayor.edu.co/index.php/nova/about,False,,False,https://revistas.unicolmayor.edu.co/index.php/nova/about,,,https://revistas.unicolmayor.edu.co/index.php/nova/about,,,,True,,,R5-920|QH301-705.5,False,No,No,Medicine: Medicine (General) | Science: Biology (General),2017-03-15,2019-04-07,2019-04-07,361,2020-08-20,,,100.0,imputado,['publindex'],mediana_area,False,2,,,False,False,2026-09-12
0123-7799,,,Tecno Lógicas,2020,C,Colombia,Eje Cafetero,Antioquia,Medellín,05001,Otras Ingenierías y Tecnologías,Otras Ingenierías y Tecnologías,Ingeniería y Tecnología,INSTITUTO TECNOLOGICO METROPOLITANO DE MEDELLIN,IES,,,605,0123-7799,tecno logicas,CO,2026-09-12,consolidado,f50f8ee15e05764f,,,,,,,,,0,,,,,,,,,,,,,,http://revistas.itm.edu.co/index.php/tecnologicas/index,https://doaj.org/toc/f495c4367f5e4ab883fc177b413bff95,2005,TecnoLógicas,0123-7799,2256-5337,"['engineering' 'applied science' 'technology' 'computational methods'
 'applied mathematics']",['English' 'Spanish'],Colombia,,,CC BY-NC-SA,,http://revistas.itm.edu.co/index.php/tecnologicas/about,,False,,Double anonymous peer review,https://revistas.itm.edu.co/index.php/tecnologicas/pe,False,http://revistas.itm.edu.co/index.php/tecnologicas/about,http://revistas.itm.edu.co/index.php/tecnologicas/about/editorialTeam,http://revistas.itm.edu.co/index.php/tecnologicas/guia_articulo,28,False,http://revistas.itm.edu.co/index.php/tecnologicas/about,False,,False,http://revistas.itm.edu.co/index.php/tecnologicas/about,,,,,,,True,,,T|TA1-2040,False,No,No,Technology: Engineering (General). Civil engineering (General),2013-05-10,2020-06-06,2020-06-06,654,2026-08-11,,,100.0,imputado,['publindex'],mediana_global,False,1,,,True,False,2026-09-12
0120-5609,2248-8723,,Ingeniería E Investigación,2020,B,Colombia,Distrito Capital,"Bogotá, D. C.","Bogotá, D.C.",11001,Ingeniería Civil,Ingeniería Civil,Ingeniería y Tecnología,UNIVERSIDAD NACIONAL DE COLOMBIA,IES,,,314,0120-5609,ingenieria e investigacion,CO,2026-09-12,consolidado,466f8c6dc9e1a5f7,,,,,,,,,0,,,,,,,,,,,,,,https://revistas.unal.edu.co/index.php/ingeinv,https://doaj.org/toc/be86c5b12dfc469eb492c1ad96fb7ead,1981,Ingeniería & Investigación,0120-5609,2248-8723,['engineering' 'education'],['English'],Colombia,,,CC BY,,http://www.revistas.unal.edu.co/index.php/ingeinv/about/editorialPolicies#openAccessPolicy,True,True,https://revistas.unal.edu.co/index.php/ingeinv/about/submissions,Double anonymous peer review,http://www.revistas.unal.edu.co/index.php/ingeinv/about/editorialPolicies#peerReviewProcess,True,http://www.revistas.unal.edu.co/index.php/ingeinv/about/editorialPolicies#focusAndScope,https://revistas.unal.edu.co/index.php/ingeinv/about/displayMembership/262,http://www.revistas.unal.edu.co/index.php/ingeinv/about/submissions#authorGuidelines,24,False,http://www.revistas.unal.edu.co/index.php/ingeinv,False,,False,,,,,Open Policy Finder,https://openpolicyfinder.jisc.ac.uk/id/publication/8420,DOI,True,,,TA1-2040,False,No,No,Technology: Engineering (General). Civil engineering (General),2012-04-27,2023-10-06,2023-10-06,1559,2026-04-22,,,100.0,imputado,['publindex'],mediana_global,False,2,,,True,False,2026-09-12
1657-4915,2389-7856,,Praxis,2020,C,Colombia,Caribe,Magdalena,Santa Marta,47001,No registra,Sociología,Ciencias Sociales,UNIVERSIDAD DEL MAGDALENA,IES,,,820,1657-4915,praxis,CO,2026-09-12,consolidado,47cdc4dc1009518d,,,,,,,,,0,,,,,,,,,,,,,,http://revistas.unimagdalena.edu.co/index.php/praxis,https://doaj.org/toc/5afe7760c76047488555227190e7674b,2013,,1657-4915,2389-7856,['special education' 'education' 'education research'],['Spanish'],Colombia,Universidad del Magdalena,,CC BY-NC-SA,,http://revistas.unimagdalena.edu.co/index.php/praxis/about,True,False,,Double anonymous peer review,http://revistas.unimagdalena.edu.co/index.php/praxis/about,True,http://revistas.unimagdalena.edu.co/index.php/praxis/about,http://revistas.unimagdalena.edu.co/index.php/praxis/about/editorialTeam,http://revistas.unimagdalena.edu.co/index.php/praxis/g_autores,24,False,http://revistas.unimagdalena.edu.co/index.php/praxis/about,False,,False,http://revistas.unimagdalena.edu.co/index.php/praxis/about,,,https://scienti.minciencias.gov.co/publindex/EnRevista/detalle.do?__tableName=enArticulo.table.allDetalle&__tableAction=reset&cod_revista_c=717&txtIssn=1657-4915&txtRevista=PRAXIS&txtIntitucionEditora=&txtSires=&codArea=&categoria=,Open Policy Finder,,,True,,,L,False,No,No,Education,2015-07-27,2020-02-27,2020-02-27,343,2026-07-09,,,100.0,imputado,['publindex'],mediana_global,False,1,,,True,False,2026-09-12
0120-5323,,,Universitas Philosophica,2020,C,Colombia,Distrito Capital,"Bogotá, D. C.","Bogotá, D.C.",11001,Filosofía,Otras Humanidades,Humanidades,PONTIFICIA UNIVERSIDAD JAVERIANA,IES,,,931,0120-5323,universitas philosophica,CO,2026-09-12,consolidado,08ee7149dc07bcf3,,,,,,,,,0,,,,,,,,,,,,,,,,,,,,,,,,,,,,,,,,,,,,,,,,,,,,,,,,,,,,,,,,,,,,,,,,,100.0,imputado,['publindex'],mediana_global,False,1,,,True,,2026-09-12
0041-9060,,,Vniversitas,2020,B,Colombia,Distrito Capital,"Bogotá, D. C.","Bogotá, D.C.",11001,Derecho,Derecho,Ciencias Sociales,PONTIFICIA UNIVERSIDAD JAVERIANA,IES,,,118,0041-9060,vniversitas,CO,2026-09-12,consolidado,c71495e25faac4f0,10.0,21100264819,journal,Pontificia Universidad Javeriana,True,True,0.329,Q2,3,7.0,25.0,62.0,2172.0,22.0,61.0,0.22,86.88,0.3333,0.0,2012-2025,Law (Q2),Social Sciences,,,,,,,,,,,,,,,,,,,,,,,,,,,,,,,,,,,,,,,,,,,,,,,,,,,,100.0,imputado,['publindex'],mediana_global,False,2,0.3548387096774194,0.3599562363238512,True,,2026-09-12
0120-419X,,,Revista Integración,2020,C,Colombia,Centro Oriente,Santander,Bucaramanga,68001,No registra,Matemática,Ciencias Naturales,UNIVERSIDAD INDUSTRIAL DE SANTANDER,IES,,,904,0120-419X,integracion,CO,2026-09-12,consolidado,a6eb5626eaa322b3,,,,,,,,,0,,,,,,,,,,,,,,https://revistas.uis.edu.co/index.php/revistaintegracion/index,https://doaj.org/toc/b7e8c88633f84548a4070aa9b24b1b5b,2009,,0120-419X,2145-8472,['applied mathematics' 'statistics'],['Spanish'],Colombia,Universidad Industrial de Santander,,CC BY-ND,,http://revistas.uis.edu.co/index.php/revistaintegracion/index,,False,,Peer review,http://revistas.uis.edu.co/public/journals/6/docs/Integracion_NormasEditoriales_esES.pdf,True,http://revistas.uis.edu.co/index.php/revistaintegracion/about/editorialPolicies#focusAndScope,http://revistas.uis.edu.co/index.php/revistaintegracion/about/editorialTeam,http://revistas.uis.edu.co/index.php/revistaintegracion/about/submissions#authorGuidelines,16,False,http://revistas.uis.edu.co/index.php/revistaintegracion/index,False,,False,http://revistas.uis.edu.co/index.php/revistaintegracion/index,,,,,,DOI,True,,,QA1-939,False,No,No,Science: Mathematics,2014-05-12,2020-05-12,2014-05-12,769,2026-05-03,,,100.0,imputado,['publindex'],mediana_global,False,1,,,True,False,2026-09-12
0121-4004,2145-2660,,Vitae,2020,C,Colombia,Eje Cafetero,Antioquia,Medellín,05001,Farmacología y Farmacia,Medicina Básica,Ciencias Médicas y de la Salud,UNIVERSIDAD DE ANTIOQUIA,IES,,,85,0121-4004,vitae,CO,2026-09-12,consolidado,4650abb897c491bc,,,,,,,,,0,,,,,,,,,,,,,,https://revistas.udea.edu.co/index.php/vitae,https://doaj.org/toc/03eece96633d4f3592fc332433d0efce,2008,,0121-4004,2145-2660,"['pharmacy research' 'pharmaceutical care' 'cosmetics' 'natural products'
 'biotechnology' 'food research']",['English'],Colombia,School of Pharmaceutical and Food Sciences,Colombia,CC BY-NC-SA,,https://revistas.udea.edu.co/index.php/vitae/about/submissions,,False,https://revistas.udea.edu.co/index.php/vitae/about/submissions,Double anonymous peer review,https://revistas.udea.edu.co/index.php/vitae/about,False,https://revistas.udea.edu.co/index.php/vitae/about,https://revistas.udea.edu.co/index.php/vitae/about/editorialTeam,https://revistas.udea.edu.co/index.php/vitae/about/submissions,12,True,https://revistas.udea.edu.co/index.php/vitae/information/authors,False,,False,,,,,,,,True,,,TP368-456|HD9665-9675,False,No,No,Technology: Chemical technology: Food processing and manufacture | Social Sciences: Industries. Land use. Labor: Special industries and trades: Pharmaceutical industry,2019-12-23,2023-05-08,2023-05-08,1117,2026-08-04,100.0,USD,100.0,declarado,['publindex'],,False,1,,,True,True,2026-09-12
0123-3432,2145-566X,,Íkala,2020,B,Colombia,Eje Cafetero,Antioquia,Medellín,05001,Lingüística,Idiomas y Literatura,Humanidades,UNIVERSIDAD DE ANTIOQUIA,IES,,,223,0123-3432,ikala,CO,2026-09-12,consolidado,48f30f7b7d0aeec9,13.0,19700169822,journal,Universidad de Antioquia,True,True,0.297,Q1,4,15.0,37.0,116.0,1871.0,113.0,115.0,0.72,50.57,0.6029,0.0,2013-2025,Cultural Studies (Q1); Literature and Literary Theory (Q1); Linguistics and Language (Q2); Education (Q3),Arts and Humanities; Social Sciences,https://revistas.udea.edu.co/index.php/ikala/index,https://doaj.org/toc/6012045079634034920d713c12ce2fce,2016,Ikala,0123-3432,2145-566X,"['efl' 'language acquisition' 'translation studies' 'linguistics'
 'literature']",['Portuguese' 'French' 'Spanish' 'English'],Colombia,,,CC BY-NC-SA,,https://revistas.udea.edu.co/index.php/ikala/about,True,False,https://revistas.udea.edu.co/index.php/ikala/about,Double anonymous peer review,https://revistas.udea.edu.co/index.php/ikala/about,False,https://revistas.udea.edu.co/index.php/ikala/about,https://revistas.udea.edu.co/index.php/ikala/about/editorialTeam,https://revistas.udea.edu.co/index.php/ikala/authorGuide,12,False,https://revistas.udea.edu.co/index.php/ikala/about,False,,False,,,,,Open Policy Finder,https://revistas.udea.edu.co/index.php/ikala/about,DOI,True,,,P1-1091|PQ1-3999,False,No,No,Language and Literature: Philology. Linguistics | Language and Literature: French literature - Italian literature - Spanish literature - Portuguese literature,2017-12-22,2021-12-09,2021-12-09,930,2026-06-04,,,100.0,imputado,['publindex'],mediana_global,False,2,0.9741379310344828,0.324945295404814,True,True,2026-09-12
1657-8961,,,Pensamiento Psicológico,2020,B,Colombia,Pacífico,Valle del Cauca,Cali,76001,"Psicología (Incluye Terapias de Aprendizaje, Habla, Visual y Otras Discapacidades Físicas y Mentales)",Psicología,Ciencias Sociales,PONTIFICIA UNIVERSIDAD JAVERIANA,IES,,,683,1657-8961,pensamiento psicologico,CO,2026-09-12,consolidado,c190a9786cf834fe,,,,,,,,,0,,,,,,,,,,,,,,http://revistas.javerianacali.edu.co/index.php/pensamientopsicologico/index,https://doaj.org/toc/eecb98eb13fd45e28dbbde385675906a,2010,,1657-8961,2665-3281,['health' 'psychological welfare' 'psychology' 'applied psychology'],['English' 'Spanish'],Colombia,Pontificia Universidad Javeriana,,CC BY-NC-ND,,http://revistas.javerianacali.edu.co/index.php/pensamientopsicologico/about/editorialPolicies#custom-3,,True,http://revistas.javerianacali.edu.co/index.php/pensamientopsicologico/about/submissions#copyrightNotice,Peer review,http://revistas.javerianacali.edu.co/index.php/pensamientopsicologico/about/editorialPolicies#peerReviewProcess,False,http://revistas.javerianacali.edu.co/index.php/pensamientopsicologico/index,http://revistas.javerianacali.edu.co/index.php/pensamientopsicologico/about/editorialTeam,http://revistas.javerianacali.edu.co/index.php/pensamientopsicologico/about/submissions#authorGuidelines,36,False,http://revistas.javerianacali.edu.co/index.php/pensamientopsicologico/index,False,,False,http://revistas.javerianacali.edu.co/index.php/pensamientopsicologico/index,CLOCKSS,,http://revistas.javerianacali.edu.co/index.php/pensamientopsicologico/about/editorialPolicies#archiving,Open Policy Finder,,DOI,True,,,B|BF1-990,False,No,No,Philosophy. Psychology. Religion: Psychology,2016-11-22,2020-08-31,2020-08-31,367,2022-09-05,,,100.0,imputado,['publindex'],mediana_global,False,2,,,True,False,2026-09-12
0120-2456,,,Anuario Colombiano De Historia Social,2020,C,Colombia,Distrito Capital,"Bogotá, D. C.","Bogotá, D.C.",11001,Historia,Historia y Arqueología,Humanidades,UNIVERSIDAD NACIONAL DE COLOMBIA,IES,,,"1,294",0120-2456,anuario colombiano historia social,CO,2026-09-12,consolidado,fbb4102f4e0fcb41,98.0,21100259543,journal,Universidad Nacional de Colombia,True,True,0.151,Q2,3,11.0,41.0,118.0,1802.0,24.0,114.0,0.2,43.95,0.3514,0.0,2013-2025,Cultural Studies (Q2); History (Q2),Arts and Humanities; Social Sciences,http://www.revistas.unal.edu.co/index.php/achsc,https://doaj.org/toc/7275013e59744f779fc168371283211f,2012,,0120-2456,2256-5647,['history' 'historiography' 'latin american history' 'colombian history'],['English' 'Portuguese' 'Spanish'],Colombia,"Universidad Nacional de Colombia, Departamento de Historia",,CC BY-ND,,http://www.revistas.unal.edu.co/index.php/achsc/about/submissions#copyrightNotice,True,False,https://revistas.unal.edu.co/index.php/achsc/about/submissions#copyrightNotice,Double anonymous peer review,http://www.revistas.unal.edu.co/index.php/achsc/about/editorialPolicies#peerReviewProcess,False,http://www.revistas.unal.edu.co/index.php/achsc/about/editorialPolicies#focusAndScope,http://www.revistas.unal.edu.co/index.php/achsc/about/editorialTeam,http://www.revistas.unal.edu.co/index.php/achsc/about/submissions#authorGuidelines,43,False,http://www.revistas.unal.edu.co/index.php/achsc/about/editorialPolicies#focusAndScope,False,,False,,,,,Open Policy Finder,https://openpolicyfinder.jisc.ac.uk/id/publication/8404,DOI,True,,,D1-2009|F1201-3799,False,No,No,History (General) and history of Europe: History (General) | History America: Latin America. Spanish America,2013-01-06,2021-07-12,2021-07-12,2078,2026-07-02,,,100.0,imputado,['publindex'],mediana_global,False,1,0.2033898305084746,0.16520787746170676,True,False,2026-09-12
1657-9763,,,Apuntes,2020,C,Colombia,Distrito Capital,"Bogotá, D. C.","Bogotá, D.C.",11001,Arquitectura y Urbanismo,Arte,Humanidades,PONTIFICIA UNIVERSIDAD JAVERIANA,IES,,,"1,131",1657-9763,apuntes,CO,2026-09-12,consolidado,f64b78e3cacdd20d,,,,,,,,,0,,,,,,,,,,,,,,,,,,,,,,,,,,,,,,,,,,,,,,,,,,,,,,,,,,,,,,,,,,,,,,,,,100.0,imputado,['publindex'],mediana_global,False,1,,,True,,2026-09-12
1692-8261,2216-1368,,Prospectiva,2020,B,Colombia,Caribe,Atlántico,Barranquilla,08001,No registra,Otras Ingenierías y Tecnologías,Ingeniería y Tecnología,UNIVERSIDAD AUTONOMA DEL CARIBE,IES,,,"1,090",1692-8261,prospectiva,CO,2026-09-12,consolidado,92b7bc0f465e0ce3,,,,,,,,,0,,,,,,,,,,,,,,http://ojs.uac.edu.co/index.php/prospectiva,https://doaj.org/toc/68474f4c438f4c6aa47636c91b8f72fe,2003,,1692-8261,2216-1368,['mechanical engineering' 'technological' 'technological development'],['English' 'Spanish'],Colombia,Universidad Autónoma del Caribe,,CC BY-NC-ND,,http://ojs.uac.edu.co/index.php/prospectiva#licencia,,False,,Double anonymous peer review,http://ojs.uac.edu.co/index.php/prospectiva/about#peerReviewProcess,False,http://ojs.uac.edu.co/index.php/prospectiva/about#focusAndScope,http://ojs.uac.edu.co/index.php/prospectiva/about/editorialTeam,http://ojs.uac.edu.co/index.php/prospectiva/about/submissions#authorGuidelines,16,False,http://ojs.uac.edu.co/index.php/prospectiva/announcement,False,,False,http://ojs.uac.edu.co/index.php/prospectiva/announcement,CLOCKSS,,https://thekeepers.org/journals?query=1692-8261,,,DOI,True,,,TJ1-1570,False,No,No,Technology: Mechanical engineering and machinery,2017-04-20,2020-08-05,2020-08-05,386,2026-07-07,,,100.0,imputado,['publindex'],mediana_global,False,2,,,True,False,2026-09-12
0124-6127,,,Discusiones Filosóficas,2020,C,No disponible,No disponible,No disponible,No disponible,,Filosofía,Otras Humanidades,Humanidades,UNIVERSIDAD DE CALDAS,IES,,,534,0124-6127,discusiones filosoficas,,2026-09-12,consolidado,4b3c6a3d20b17629,60.0,21100319039,journal,Universidad de Caldas,True,True,0.19,Q2,3,6.0,12.0,55.0,394.0,12.0,51.0,0.22,32.83,0.22219999999999998,0.0,2013-2025,Philosophy (Q2),Arts and Humanities,,,,,,,,,,,,,,,,,,,,,,,,,,,,,,,,,,,,,,,,,,,,,,,,,,,,100.0,imputado,['publindex'],mediana_global,False,1,0.21818181818181817,0.20787746170678337,False,,2026-09-12
2145-4892,2256-1102,,Revista De Psicología Universidad De Antioquia,2020,C,Colombia,Eje Cafetero,Antioquia,Medellín,05001,"Psicología (Incluye Terapias de Aprendizaje, Habla, Visual y Otras Discapacidades Físicas y Mentales)",Psicología,Ciencias Sociales,UNIVERSIDAD DE ANTIOQUIA,IES,,,798,2145-4892,psicologia universidad antioquia,CO,2026-09-12,consolidado,2f9b5d3919a85e6f,,,,,,,,,0,,,,,,,,,,,,,,,,,,,,,,,,,,,,,,,,,,,,,,,,,,,,,,,,,,,,,,,,,,,,,,,,,100.0,imputado,['publindex'],mediana_global,False,1,,,True,,2026-09-12
2027-1174,,,Magis - Revista Internacional De Investigación En Educación,2020,C,Colombia,Distrito Capital,"Bogotá, D. C.","Bogotá, D.C.",11001,"Educación General (Incluye Capacitación, Pedagogía)",Ciencias de la Educación,Ciencias Sociales,PONTIFICIA UNIVERSIDAD JAVERIANA,IES,,,148,2027-1174,magis internacional investigacion educacion,CO,2026-09-12,consolidado,4dae7b4a1894faca,43.0,20000195049,journal,Pontificia Universidad Javeriana,True,True,0.206,Q3,2,18.0,29.0,80.0,1251.0,40.0,80.0,0.33,43.14,0.7193,0.0,2008-2025,Education (Q3),Social Sciences,https://revistas.javeriana.edu.co/index.php/MAGIS,https://doaj.org/toc/e93ff92d96394540b4603ba4c75aa6e9,2008,Magis,2027-1174,2027-1182,['education' 'didactics' 'pedagogy'],['Spanish' 'Portuguese' 'French'],Colombia,,,CC BY,,https://revistas.javeriana.edu.co/index.php/MAGIS/about/submissions,True,True,https://revistas.javeriana.edu.co/index.php/MAGIS/about/submissions,Double anonymous peer review,https://revistas.javeriana.edu.co/index.php/MAGIS/peer-review,True,https://revistas.javeriana.edu.co/index.php/MAGIS/about,https://revistas.javeriana.edu.co/index.php/MAGIS/about/editorialTeam,https://revistas.javeriana.edu.co/index.php/MAGIS/about/submissions,48,False,https://revistas.javeriana.edu.co/index.php/MAGIS/editorialprocess,False,,False,,,,,,,DOI,True,,,L|L7-991,False,No,No,Education: Education (General),2010-11-16,2021-07-14,2021-07-14,462,2020-01-29,,,100.0,imputado,['publindex'],mediana_global,False,1,0.5,0.22538293216630195,True,False,2026-09-12
2145-549X,2422-4200,,Revista Logos Ciencia 6& Tecnologia,2020,B,Colombia,Distrito Capital,"Bogotá, D. C.","Bogotá, D.C.",11001,No registra,Otras Humanidades,Humanidades,DIRECCION NACIONAL DE ESCUELAS POLICIA NACIONAL DE COLOMBIA,IES,,,"1,088",2145-549X,logos ciencia 6 tecnologia,CO,2026-09-12,consolidado,6616bc5daf830985,,,,,,,,,0,,,,,,,,,,,,,,https://revistalogos.policia.edu.co:8443/index.php/rlct,https://doaj.org/toc/f7696191db36468db1bff2f308f17088,2009,Revista Logos,2145-549X,,['police' 'science' 'technology'],['Spanish'],Colombia,,,CC BY,,https://revistalogos.policia.edu.co:8443/index.php/rlct/about,True,False,https://revistalogos.policia.edu.co:8443/index.php/rlct/about,Double anonymous peer review,https://revistalogos.policia.edu.co:8443/index.php/rlct/about,False,https://revistalogos.policia.edu.co:8443/index.php/rlct/about,https://revistalogos.policia.edu.co:8443/index.php/rlct/about/editorialTeam,https://revistalogos.policia.edu.co:8443/index.php/rlct/about/submissions,12,False,https://revistalogos.policia.edu.co:8443/index.php/rlct/about,False,,False,,,,,,,,True,,,AZ20-999|Q1-390|H1-99,False,No,No,General Works: History of scholarship and learning. The humanities | Science: Science (General) | Social Sciences: Social sciences (General),2016-01-21,2024-01-10,2024-01-10,389,2024-02-19,,,100.0,imputado,['publindex'],mediana_global,False,2,,,True,True,2026-09-12
0486-6525,,,Revista Colombiana De Antropología,2020,A2,Colombia,Distrito Capital,"Bogotá, D. C.","Bogotá, D.C.",11001,Antropología,Sociología,Ciencias Sociales,INSTITUTO COLOMBIANO DE ANTROPOLOGIA E HISTORIA ICANH,Entidades de Gobierno,,,216,0486-6525,colombiana antropologia,CO,2026-09-12,consolidado,b8536eb8339ad55e,,,,,,,,,0,,,,,,,,,,,,,,https://revistas.icanh.gov.co/index.php/rca,https://doaj.org/toc/ac53eff955414d41b0a33e70bd3e6dca,1953,,0486-6525,2539-472X,['anthropology'],['Spanish'],Colombia,Instituto Colombiano de Antropología e Historia,,CC BY,,https://revistas.icanh.gov.co/index.php/rca/eth,,False,,Anonymous peer review,https://revistas.icanh.gov.co/index.php/rca/pro,True,https://revistas.icanh.gov.co/index.php/rca/about,https://revistas.icanh.gov.co/index.php/rca/about/editorialTeam,https://revistas.icanh.gov.co/index.php/rca/norm,42,False,https://revistas.icanh.gov.co/index.php/rca/eth,False,,False,,Portico,,https://portal.issn.org/resource/ISSN/2539-472X#,,,DOI,True,,,GN1-890,False,No,No,Geography. Anthropology. Recreation: Anthropology,2017-12-20,2023-12-29,2023-12-29,1331,2026-05-01,,,100.0,imputado,['publindex'],mediana_global,False,3,,,True,False,2026-09-12
1900-3080,,,Revista Nacional De Odontología,2020,C,Colombia,Eje Cafetero,Antioquia,Envigado,05266,No registra,Medicina Clínica,Ciencias Médicas y de la Salud,CORPORACION CLINICA UNIVERSIDAD COOPERATIVA DE COLOMBIA,Otras,,,188,1900-3080,nacional odontologia,CO,2026-09-12,consolidado,78fe3ecb002f9b6e,,,,,,,,,0,,,,,,,,,,,,,,http://revistas.ucc.edu.co/index.php/od,https://doaj.org/toc/14adabfc29ed4d4d99813f70287a1258,2011,,1900-3080,2357-4607,['dentistry' 'public health' 'clinical'],['Spanish'],Colombia,Universidad Cooperativa de Colombia,,CC BY-NC-ND,,http://revistas.ucc.edu.co/index.php/od/about/submissions#authorGuidelines,True,False,,Double anonymous peer review,http://revistas.ucc.edu.co/index.php/od/about/submissions#authorGuidelines,False,http://revistas.ucc.edu.co/index.php/od/about/submissions#onlineSubmissions,http://revistas.ucc.edu.co/index.php/od/about/editorialTeam,http://revistas.ucc.edu.co/index.php/od/about/submissions#authorGuidelines,20,False,http://revistas.ucc.edu.co/index.php/od/about/submissions#authorGuidelines,False,,False,,,,,,,DOI,True,,,RK1-715,False,No,No,Medicine: Dentistry,2015-10-26,2021-03-01,2021-03-01,0,,,,100.0,imputado,['publindex'],mediana_area,False,1,,,True,False,2026-09-12
0120-0062,2011-3668,,Ideas Y Valores,2020,B,Colombia,Distrito Capital,"Bogotá, D. C.","Bogotá, D.C.",11001,Otras Humanidades,Otras Humanidades,Humanidades,UNIVERSIDAD NACIONAL DE COLOMBIA,IES,,,139,0120-0062,ideas valores,CO,2026-09-12,consolidado,9a04cd8b0350e408,156.0,19900191832,journal,Universidad Nacional de Colombia,True,True,0.114,Q3,2,8.0,31.0,181.0,1060.0,18.0,176.0,0.08,34.19,0.1471,0.0,2010-2025,Philosophy (Q3),Arts and Humanities,https://revistas.unal.edu.co/index.php/idval,https://doaj.org/toc/03cbd6ea94be4c8c93ea1ed305fdf4a2,1951,Ideas y Valores: Revista Colombiana de Filosofía,0120-0062,2011-3668,"['history of philosophy' 'philosophy' 'latin american philosophy'
 'colombia']",['Spanish' 'Portuguese' 'English'],Colombia,"Universidad Nacional de Colombia, Facultad de Filosofia Letras",,CC BY-NC-ND,,https://revistas.unal.edu.co/index.php/idval/information/librarians,,False,https://revistas.unal.edu.co/index.php/idval/about/submissions#copyrightNotice,Double anonymous peer review,https://revistas.unal.edu.co/index.php/idval/about/submissions#onlineSubmissions,False,https://revistas.unal.edu.co/index.php/idval/about#focusAndScope,https://revistas.unal.edu.co/index.php/idval/about/editorialTeam,https://revistas.unal.edu.co/index.php/idval/about/submissions#authorGuidelines,53,False,https://revistas.unal.edu.co/index.php/idval/about/submissions#authorGuidelines,False,,False,,PKP PN,,https://portal.issn.org/resource/ISSN/2011-3668,Open Policy Finder,https://openpolicyfinder.jisc.ac.uk/id/publication/8419,DOI,True,,,B|B1-5802,False,No,No,Philosophy. Psychology. Religion: Philosophy (General),2007-05-03,2026-01-21,2026-01-21,3398,2026-07-30,,,100.0,imputado,['publindex'],mediana_global,False,2,0.09944751381215469,0.12472647702407003,True,False,2026-09-12
0122-5383,2382-4581,,"Ct&F Ciencia, Tecnología Y Futuro",2020,C,Colombia,Centro Oriente,Santander,Piedecuesta,68547,Ingeniería de Procesos,Ingeniería Química,Ingeniería y Tecnología,ECOPETROL S A,Empresas,,,284,0122-5383,ct f ciencia tecnologia futuro,CO,2026-09-12,consolidado,9e86c131c5c54f20,,,,,,,,,0,,,,,,,,,,,,,,https://ctyf.journal.ecopetrol.com.co/,https://doaj.org/toc/650b1caac2424359b6d93ac31cea007e,2009,,0122-5383,2382-4581,"['chemical engineering' 'earth and planetary sciences' 'energy'
 'engineering' 'oil' 'alternative energy sources']",['English'],Colombia,Ecopetrol SA,Colombia,CC BY-NC-SA,,https://ctyf.journal.ecopetrol.com.co/index.php/ctyf/about,,False,https://ctyf.journal.ecopetrol.com.co/index.php/ctyf/about,Double anonymous peer review,https://ctyf.journal.ecopetrol.com.co/index.php/ctyf/about/submissions,True,https://ctyf.journal.ecopetrol.com.co/index.php/ctyf/about,https://ctyf.journal.ecopetrol.com.co/index.php/ctyf/about/editorialTeam,https://ctyf.journal.ecopetrol.com.co/index.php/ctyf/about/submissions,24,False,https://ctyf.journal.ecopetrol.com.co/index.php/ctyf/about/submissions,False,,False,,Portico,,https://www.portico.org/coverage/titles/?keyword=0122-5383&filter_by%5B%5D=e-journal,,,DOI,True,,,HD9502-9502.5|TP155-156,False,No,No,Social Sciences: Industries. Land use. Labor: Special industries and trades: Energy industries. Energy policy. Fuel trade | Technology: Chemical technology: Chemical engineering,2022-09-13,2024-10-22,2024-10-22,357,2026-01-09,,,100.0,imputado,['publindex'],mediana_global,False,1,,,True,False,2026-09-12
1900-4699,,,Revista Facultad De Ciencias Básicas,2020,C,Colombia,Distrito Capital,"Bogotá, D. C.","Bogotá, D.C.",11001,Otras Biologías,Ciencias Biológicas,Ciencias Naturales,UNIVERSIDAD MILITAR NUEVA GRANADA,IES,,,206,1900-4699,facultad ciencias basicas,CO,2026-09-12,consolidado,66b95040d476eb92,,,,,,,,,0,,,,,,,,,,,,,,,,,,,,,,,,,,,,,,,,,,,,,,,,,,,,,,,,,,,,,,,,,,,,,,,,,100.0,imputado,['publindex'],mediana_global,False,1,,,True,,2026-09-12
1692-7311,,,Equidad & Desarrollo,2020,C,Colombia,Distrito Capital,"Bogotá, D. C.","Bogotá, D.C.",11001,Economía,Economía y Negocios,Ciencias Sociales,UNIVERSIDAD DE LA SALLE,IES,,,530,1692-7311,equidad desarrollo,CO,2026-09-12,consolidado,48715591459cf0ea,,,,,,,,,0,,,,,,,,,,,,,,,,,,,,,,,,,,,,,,,,,,,,,,,,,,,,,,,,,,,,,,,,,,,,,,,,,100.0,imputado,['publindex'],mediana_global,False,1,,,True,,2026-09-12
1794-9165,2256-4314,,Ingeniería Y Ciencia,2020,B,Colombia,Eje Cafetero,Antioquia,Medellín,05001,No registra,Otras Ingenierías y Tecnologías,Ingeniería y Tecnología,UNIVERSIDAD EAFIT,IES,,,701,1794-9165,ingenieria ciencia,CO,2026-09-12,consolidado,c894bf4792709883,,,,,,,,,0,,,,,,,,,,,,,,http://publicaciones.eafit.edu.co/index.php/ingciencia,https://doaj.org/toc/e0efcf713d6a443fbb4f98a935282c97,2005,,1794-9165,2256-4314,['mathematics' 'physics' 'chemistry' 'geology' 'biology' 'engineering'],['Spanish' 'English'],Colombia,,,CC BY,,https://publicaciones.eafit.edu.co/index.php/ingciencia/about,True,True,https://publicaciones.eafit.edu.co/index.php/ingciencia/about/submissions#copyrightNotice,Double anonymous peer review,https://publicaciones.eafit.edu.co/index.php/ingciencia/about,True,https://publicaciones.eafit.edu.co/index.php/ingciencia/about,https://publicaciones.eafit.edu.co/index.php/ingciencia/about/editorialTeam,https://publicaciones.eafit.edu.co/index.php/ingciencia/about/submissions,5,False,https://publicaciones.eafit.edu.co/index.php/ingciencia/about,False,,False,,,,,,,,True,,,T|Q|Q1-390,False,No,No,Technology | Science: Science (General),2012-07-13,2021-07-21,2021-07-21,314,2021-12-28,,,100.0,imputado,['publindex'],mediana_global,False,2,,,True,True,2026-09-12
2145-9258,,,Cultura Educacion Y Sociedad,2020,C,Colombia,Caribe,Atlántico,Barranquilla,08001,No registra,Ciencias de la Educación,Ciencias Sociales,CORPORACION UNIVERSIDAD DE LA COSTA,IES,,,887,2145-9258,cultura educacion sociedad,CO,2026-09-12,consolidado,ce681bc045129d68,,,,,,,,,0,,,,,,,,,,,,,,https://revistascientificas.cuc.edu.co/culturaeducacionysociedad/issue/view/158,https://doaj.org/toc/3211ed7023234d70ab988a83fded8d44,2010,,2145-9258,2389-7724,"['human sciences' 'social sciences' 'education' 'culture' 'society'
 'psychology']",['Spanish'],Colombia,Universidad de la Costa,,CC BY,,https://revistascientificas.cuc.edu.co/culturaeducacionysociedad/derechos-de-autor,,True,https://revistascientificas.cuc.edu.co/culturaeducacionysociedad/derechos-de-autor,Double anonymous peer review,https://revistascientificas.cuc.edu.co/culturaeducacionysociedad/revision-por-pares,True,https://revistascientificas.cuc.edu.co/culturaeducacionysociedad/about,https://revistascientificas.cuc.edu.co/culturaeducacionysociedad/about/editorialTeam,https://revistascientificas.cuc.edu.co/culturaeducacionysociedad/instrucciones-para-autores,12,False,https://revistascientificas.cuc.edu.co/culturaeducacionysociedad/politica-de-acceso-abierto,False,,False,https://revistascientificas.cuc.edu.co/culturaeducacionysociedad/politica-de-acceso-abierto,,,https://revistascientificas.cuc.edu.co/culturaeducacionysociedad/gateway/lockss,,,DOI,True,,,L|BF1-990|HM401-1281,False,No,No,Education | Philosophy. Psychology. Religion: Psychology | Social Sciences: Sociology (General),2020-10-29,2020-10-29,2020-10-29,124,2026-08-05,,,100.0,imputado,['publindex'],mediana_global,False,1,,,True,True,2026-09-12
1657-8953,,,Civilizar,2020,B,Colombia,Distrito Capital,"Bogotá, D. C.","Bogotá, D.C.",11001,No registra,Otras Ciencias Sociales,Ciencias Sociales,UNIVERSIDAD SERGIO ARBOLEDA,IES,,,482,1657-8953,civilizar,CO,2026-09-12,consolidado,01dfa115bfd380a9,,,,,,,,,0,,,,,,,,,,,,,,http://revistas.usergioarboleda.edu.co/index.php/ccsh/index,https://doaj.org/toc/fe91146054eb4ecfaff2b1078fe434c4,2010,Civilizar : Ciencias Sociales y Humanas,1657-8953,2619-189X,['law' 'politics' 'economics' 'philosophy' 'social science'],['Spanish'],Colombia,,,CC BY-NC-ND,,https://revistas.usergioarboleda.edu.co/index.php/ccsh/cc,,False,,Double anonymous peer review,https://revistas.usergioarboleda.edu.co/index.php/ccsh/arbitraje,True,https://revistas.usergioarboleda.edu.co/index.php/ccsh/about,https://revistas.usergioarboleda.edu.co/index.php/ccsh/about/editorialTeam,https://revistas.usergioarboleda.edu.co/index.php/ccsh/autor,26,False,http://revistas.usergioarboleda.edu.co/index.php/ccsh/about/editorialPolicies#focusAndScope,False,,False,http://revistas.usergioarboleda.edu.co/index.php/ccsh/about/editorialPolicies#focusAndScope,CLOCKSS,,https://revistas.usergioarboleda.edu.co/index.php/ccsh/pres,,,DOI,True,,,H,False,No,No,Social Sciences,2009-12-01,2020-04-20,2020-04-20,651,2024-10-26,,,100.0,imputado,['publindex'],mediana_global,False,2,,,True,False,2026-09-12
0120-4645,2256-5078,,Cuadernos De Administración,2020,B,Colombia,Pacífico,Valle del Cauca,Cali,76001,Negocios y Management,Economía y Negocios,Ciencias Sociales,UNIVERSIDAD DEL VALLE,IES,,,452,0120-4645,cuadernos administracion,CO,2026-09-12,consolidado,b2d364a3941400a5,,,,,,,,,0,,,,,,,,,,,,,,http://cuadernosdeadministracion.univalle.edu.co/,https://doaj.org/toc/fe02e267f41c473a9eb71d858a0eb2a0,1976,,0120-4645,2256-5078,['management' 'business' 'economics' 'accounting' 'public policies'],['Spanish' 'English'],Colombia,,,CC BY-NC-SA,,http://cuadernosdeadministracion.univalle.edu.co/index.php/cuadernos_de_administracion/about,,False,,Double anonymous peer review,http://cuadernosdeadministracion.univalle.edu.co/index.php/cuadernos_de_administracion/about,False,http://cuadernosdeadministracion.univalle.edu.co/index.php/cuadernos_de_administracion/about,http://cuadernosdeadministracion.univalle.edu.co/index.php/cuadernos_de_administracion/about/editorialTeam,http://cuadernosdeadministracion.univalle.edu.co/index.php/cuadernos_de_administracion/information/authors,16,False,http://cuadernosdeadministracion.univalle.edu.co/index.php/cuadernos_de_administracion/about,False,,False,,,,,,,DOI,True,,,HF5001-6182,False,No,No,Social Sciences: Commerce: Business,2016-11-21,2022-08-17,2022-08-17,863,2026-05-09,,,100.0,imputado,['publindex'],mediana_global,False,2,,,True,False,2026-09-12
1692-3030,,,Juridicas Cuc,2020,C,Colombia,Caribe,Atlántico,Barranquilla,08001,Derecho,Derecho,Ciencias Sociales,CORPORACION UNIVERSIDAD DE LA COSTA,IES,,,38,1692-3030,juridicas cuc,CO,2026-09-12,consolidado,2cc7b243b5ccc5da,,,,,,,,,0,,,,,,,,,,,,,,,,,,,,,,,,,,,,,,,,,,,,,,,,,,,,,,,,,,,,,,,,,,,,,,,,,100.0,imputado,['publindex'],mediana_global,False,1,,,True,,2026-09-12
0123-4870,,,Folios,2020,B,Colombia,Distrito Capital,"Bogotá, D. C.","Bogotá, D.C.",11001,No registra,Otras Humanidades,Humanidades,UNIVERSIDAD PEDAGOGICA NACIONAL,IES,,,"1,323",0123-4870,folios,CO,2026-09-12,consolidado,c2643bf55e802fed,,,,,,,,,0,,,,,,,,,,,,,,,,,,,,,,,,,,,,,,,,,,,,,,,,,,,,,,,,,,,,,,,,,,,,,,,,,100.0,imputado,['publindex'],mediana_global,False,2,,,True,,2026-09-12
0124-0021,,,Diálogos De Saberes,2018,C,Colombia,Distrito Capital,"Bogotá, D. C.","Bogotá, D.C.",11001,Derecho,Derecho,Ciencias Sociales,UNIVERSIDAD LIBRE DE COLOMBIA,IES,,,280,0124-0021,dialogos saberes,CO,2026-09-12,consolidado,a6c9b39ea20527a8,,,,,,,,,0,,,,,,,,,,,,,,,,,,,,,,,,,,,,,,,,,,,,,,,,,,,,,,,,,,,,,,,,,,,,,,,,,100.0,imputado,['publindex'],mediana_global,False,1,,,True,,2026-09-12
1909-3667,,,Tecciencia,2018,C,Colombia,Distrito Capital,"Bogotá, D. C.","Bogotá, D.C.",11001,No registra,Otras Ingenierías y Tecnologías,Ingeniería y Tecnología,UNIVERSIDAD ECCI,IES,UNIDAD ADMINISTRATIVA DE PARQUES NACIONALES NATURALES DIRECCION TERRITORIAL CARIBE,,"1,156",1909-3667,tecciencia,CO,2026-09-12,consolidado,7d71b8bddf7e7126,,,,,,,,,0,,,,,,,,,,,,,,,,,,,,,,,,,,,,,,,,,,,,,,,,,,,,,,,,,,,,,,,,,,,,,,,,,100.0,imputado,['publindex'],mediana_global,False,1,,,True,,2026-09-12
1900-3099,,,Pensando Psicologia,2018,C,Colombia,Eje Cafetero,Antioquia,Medellín,05001,"Psicología (Incluye Terapias de Aprendizaje, Habla, Visual y Otras Discapacidades Físicas y Mentales)",Psicología,Ciencias Sociales,CORPORACION CLINICA UNIVERSIDAD COOPERATIVA DE COLOMBIA,Otras,,,52,1900-3099,pensando psicologia,CO,2026-09-12,consolidado,a9bbfe3c09bfd291,,,,,,,,,0,,,,,,,,,,,,,,https://revistas.ucc.edu.co/index.php/pe/index,https://doaj.org/toc/7b00a35e3b6e49568479ed085ee3c86f,2010,,1900-3099,2382-3984,"['psychology' 'cognition' 'social psychology' 'health psychology'
 'educational psychology']",['Spanish'],Colombia,Universidad Cooperativa de Colombia,,CC BY,,https://revistas.ucc.edu.co/index.php/pe/about/submissions,True,False,https://revistas.ucc.edu.co/index.php/pe/about/submissions,Double anonymous peer review,https://revistas.ucc.edu.co/index.php/pe/pol,False,https://revistas.ucc.edu.co/index.php/pe/pol,https://revistas.ucc.edu.co/index.php/pe/comEdt,https://revistas.ucc.edu.co/index.php/pe/about/submissions,20,False,https://revistas.ucc.edu.co/index.php/pe/about/submissions,False,,False,,,,,,,DOI,True,,,B|BF1-990|BF309-499,False,No,No,Philosophy. Psychology. Religion: Psychology: Consciousness. Cognition,2016-02-09,2021-07-21,2021-07-21,0,,,,100.0,imputado,['publindex'],mediana_global,False,1,,,True,False,2026-09-12
0120-8942,,,Dikaion - Lo Justo,2018,C,Colombia,Centro Oriente,Cundinamarca,Chía,25175,Derecho,Derecho,Ciencias Sociales,UNIVERSIDAD DE LA SABANA,IES,,,573,0120-8942,dikaion lo justo,CO,2026-09-12,consolidado,0390245976b14c99,125.0,21101062042,journal,Universidad de La Sabana,True,True,0.135,Q3,2,4.0,13.0,53.0,483.0,10.0,45.0,0.21,37.15,0.1818,0.0,2019-2026,Philosophy (Q3); Law (Q4),Arts and Humanities; Social Sciences,http://dikaion.unisabana.edu.co/index.php/dikaion/index,https://doaj.org/toc/97ddb80984d042e58e15210640c67d86,1987,,0120-8942,2027-5366,['law'],['Portuguese' 'English' 'Spanish'],Colombia,,,CC BY-NC-ND,,https://dikaion.unisabana.edu.co/index.php/dikaion/about/submissions,,False,https://dikaion.unisabana.edu.co/index.php/dikaion/about/submissions,Anonymous peer review,https://dikaion.unisabana.edu.co/index.php/dikaion/about,True,https://dikaion.unisabana.edu.co/index.php/dikaion/about,https://dikaion.unisabana.edu.co/index.php/dikaion/about/editorialTeam,https://dikaion.unisabana.edu.co/index.php/dikaion/about/submissions,30,False,https://dikaion.unisabana.edu.co/index.php/dikaion/about/submissions,False,,False,,,,,Open Policy Finder,https://openpolicyfinder.jisc.ac.uk/id/publication/19592,DOI,True,,,K|K1-7720,False,No,No,Law: Law in general. Comparative and uniform law. Jurisprudence,2017-06-05,2021-07-17,2021-07-17,864,2024-10-08,,,100.0,imputado,['publindex'],mediana_global,False,1,0.18867924528301888,0.14770240700218817,True,False,2026-09-12
1692-1798,2339-3483,,Revista Iteckne,2018,C,Colombia,Centro Oriente,Santander,Bucaramanga,68001,No registra,Otras Ingenierías y Tecnologías,Ingeniería y Tecnología,UNIVERSIDAD SANTO TOMAS,IES,,,"1,087",1692-1798,iteckne,CO,2026-09-12,consolidado,f8f9d0b91d0ba14f,,,,,,,,,0,,,,,,,,,,,,,,http://revistas.ustabuca.edu.co/index.php/ITECKNE/index,https://doaj.org/toc/8cc6e970027246b6a5b8afd4b54ec0fc,2009,,1692-1798,2339-3483,"['electronic' 'civil engineering' 'mechatronics' 'sciences'
 'telecommunications']",['English' 'Spanish'],Colombia,Universidad Santo Tomás,,CC BY-NC,,http://revistas.ustabuca.edu.co/index.php/ITECKNE/about/submissions#copyrightNotice,True,True,http://revistas.ustabuca.edu.co/index.php/ITECKNE/about/submissions#copyrightNotice,Double anonymous peer review,http://revistas.ustabuca.edu.co/index.php/ITECKNE/about/editorialPolicies#peerReviewProcess,True,http://revistas.ustabuca.edu.co/index.php/ITECKNE/about/editorialPolicies#focusAndScope,http://revistas.ustabuca.edu.co/index.php/ITECKNE/about/editorialTeam,http://revistas.ustabuca.edu.co/index.php/ITECKNE/about/editorialPolicies#custom-1,24,False,http://revistas.ustabuca.edu.co/index.php/ITECKNE/about/editorialPolicies#openAccessPolicy,False,,False,http://revistas.ustabuca.edu.co/index.php/ITECKNE/about/editorialPolicies#openAccessPolicy,CLOCKSS,,https://thekeepers.org/journals/1692-1798,,,,True,,,T|TA1-2040,False,No,No,Technology: Engineering (General). Civil engineering (General),2018-04-30,2020-07-29,2020-07-29,276,2024-05-23,,,100.0,imputado,['publindex'],mediana_global,False,1,,,True,False,2026-09-12
0121-246X,2145-7670,,Revista Facultad De Odontología,2018,B,Colombia,Eje Cafetero,Antioquia,Medellín,05001,"Odontología, Cirugía Oral y Medicina Oral",Medicina Clínica,Ciencias Médicas y de la Salud,UNIVERSIDAD DE ANTIOQUIA,IES,,,47,0121-246X,facultad odontologia,CO,2026-09-12,consolidado,a7a16aa2afc068d6,,,,,,,,,0,,,,,,,,,,,,,,https://revistas.udea.edu.co/index.php/odont,https://doaj.org/toc/5c7280253371444595f0b287ffcf9e5f,1989,,0121-246X,2145-7670,['dentistry' 'orthodontrics' 'biotechnology'],['English'],Colombia,,,CC BY-NC-SA,,https://revistas.udea.edu.co/index.php/odont/about,True,False,,Double anonymous peer review,https://revistas.udea.edu.co/index.php/odont/about,False,https://revistas.udea.edu.co/index.php/odont/about,https://revistas.udea.edu.co/index.php/odont/about/editorialTeam,https://revistas.udea.edu.co/index.php/odont/instructions,43,False,https://revistas.udea.edu.co/index.php/odont/about,False,,False,,PKP PN,,https://revistas.udea.edu.co/index.php/odont/gateway/lockss?year=2019,Open Policy Finder,,,True,,,RK1-715,False,No,No,Medicine: Dentistry,2020-08-31,2022-08-17,2022-08-17,685,2026-05-05,,,100.0,imputado,['publindex'],mediana_area,False,2,,,True,False,2026-09-12
2145-4086,,,Lámpsakos,2018,C,Colombia,Eje Cafetero,Antioquia,Medellín,05001,No registra,Otras Ingenierías y Tecnologías,Ingeniería y Tecnología,UNIVERSIDAD CATOLICA LUIS AMIGO,IES,,,"1,041",2145-4086,lampsakos,CO,2026-09-12,consolidado,9a0ae4e33348c1db,,,,,,,,,0,,,,,,,,,,,,,,http://revistas.ucatolicaluisamigo.edu.co/index.php/lampsakos/index,https://doaj.org/toc/2f4fbef0eb2f4abeb4cbde4c45368823,2009,Lampsakos Journal of Engineering,,2145-4086,['science' 'engineering' 'technology'],['Spanish' 'English'],Colombia,,,CC BY-NC-SA,,http://revistas.ucatolicaluisamigo.edu.co/index.php/lampsakos/about,True,False,http://revistas.ucatolicaluisamigo.edu.co/index.php/lampsakos/about/privacy,Double anonymous peer review,http://revistas.ucatolicaluisamigo.edu.co/index.php/lampsakos/Procesodeevaluacion,False,http://revistas.ucatolicaluisamigo.edu.co/index.php/lampsakos/PATH,http://revistas.ucatolicaluisamigo.edu.co/index.php/lampsakos/about/editorialTeam,http://revistas.ucatolicaluisamigo.edu.co/index.php/lampsakos/about/submissions,12,False,http://revistas.ucatolicaluisamigo.edu.co/index.php/lampsakos/about,False,,False,,,,,Open Policy Finder,https://openpolicyfinder.jisc.ac.uk/id/publication/27493,DOI,True,,,T|TA1-2040,False,No,No,Technology: Engineering (General). Civil engineering (General),2011-02-23,2021-12-20,2021-12-20,197,2020-07-30,,,100.0,imputado,['publindex'],mediana_global,False,1,,,True,True,2026-09-12
1909-9746,,,Visión Electrónica: Algo Más Que Un Estado Sólido,2018,C,Colombia,Distrito Capital,"Bogotá, D. C.","Bogotá, D.C.",11001,Ingeniería Eléctrica y Electrónica,"Ingenierías Eléctrica, Electrónica e Informática",Ingeniería y Tecnología,UNIVERSIDAD DISTRITAL FRANCISCO JOSE DE CALDAS,IES,,,855,1909-9746,vision electronica algo mas que un estado solido,CO,2026-09-12,consolidado,989f267f9504497d,,,,,,,,,0,,,,,,,,,,,,,,https://revistas.udistrital.edu.co/ojs/index.php/visele,https://doaj.org/toc/43259ac863cf4eb2a51bd4542e135d84,2008,,1909-9746,2248-4728,"['power electronics' 'robotics' 'control and automation'
 'systems and communications engineering' 'telecommunications'
 'electrical engineering']",['English' 'Spanish'],Colombia,,,CC BY-NC,,https://revistas.udistrital.edu.co/index.php/visele/about#openAccessPolicy,,False,https://revistas.udistrital.edu.co/index.php/visele/about,Double anonymous peer review,https://revistas.udistrital.edu.co/index.php/visele/about#peerReviewProcess,True,https://revistas.udistrital.edu.co/index.php/visele/about#focusAndScope,https://revistas.udistrital.edu.co/index.php/visele/about/editorialTeam,https://revistas.udistrital.edu.co/index.php/visele/about/submissions,8,False,https://revistas.udistrital.edu.co/index.php/visele/about,False,,False,,,,,,,,True,,,TK1-9971,False,No,No,Technology: Electrical engineering. Electronics. Nuclear engineering,2020-10-20,2024-09-02,2024-09-02,523,2024-07-17,,,100.0,imputado,['publindex'],mediana_global,False,1,,,True,True,2026-09-12
0121-3709,,,Orinoquia,2018,C,Colombia,Llano,Meta,Villavicencio,50001,No registra,"Agricultura, Silvicultura y Pesca",Ciencias Agrícolas,UNIVERSIDAD DE LOS LLANOS,IES,,,480,0121-3709,orinoquia,CO,2026-09-12,consolidado,f03fb0ed99431983,,,,,,,,,0,,,,,,,,,,,,,,,,,,,,,,,,,,,,,,,,,,,,,,,,,,,,,,,,,,,,,,,,,,,,,,,,,200.0,imputado,['publindex'],mediana_area,False,1,,,True,,2026-09-12
1657-4923,2389-7872,,Jangwa Pana,2018,C,Colombia,Caribe,Magdalena,Santa Marta,47001,Antropología,Sociología,Ciencias Sociales,UNIVERSIDAD DEL MAGDALENA,IES,,,616,1657-4923,jangwa pana,CO,2026-09-12,consolidado,9231c6f0a62779de,,,,,,,,,0,,,,,,,,,,,,,,https://revistas.unimagdalena.edu.co/index.php/jangwapana,https://doaj.org/toc/217c696102654acbb515f76878625817,2001,,1657-4923,2389-7872,['anthropology' 'social sciences' 'archaeology' 'history' 'humanities'],['English' 'Spanish'],Colombia,Universidad del Magdalena,,CC BY-NC-SA,,http://revistajangwapana.unimagdalena.edu.co/,True,False,,Anonymous peer review,https://revistas.unimagdalena.edu.co/index.php/jangwapana/about,False,https://revistas.unimagdalena.edu.co/index.php/jangwapana/about,https://revistas.unimagdalena.edu.co/index.php/jangwapana/about/editorialTeam,https://revistas.unimagdalena.edu.co/index.php/jangwapana/g_autores,24,False,https://revistas.unimagdalena.edu.co/index.php/jangwapana,False,,False,https://revistas.unimagdalena.edu.co/index.php/jangwapana,,,,,,,True,,,A,False,No,No,General Works,2015-04-08,2020-02-20,2015-04-08,674,2026-07-04,,,100.0,imputado,['publindex'],mediana_global,False,1,,,True,False,2026-09-12
0120-5633,2357-3260,,Revista Colombiana De Cardiología,2018,C,Colombia,Distrito Capital,"Bogotá, D. C.","Bogotá, D.C.",11001,"Ciencias del Cuidado de la Salud y Servicios (Administración de Hospitales, Financiamiento)",Ciencias de la Salud,Ciencias Médicas y de la Salud,SOCIEDAD COLOMBIANA DE CARDIOLOGIA,Otras,,,457,0120-5633,colombiana cardiologia,CO,2026-09-12,consolidado,00bfca2741bb713f,,,,,,,,,0,,,,,,,,,,,,,,https://www.rccardiologia.com,https://doaj.org/toc/808c572cb80e407e90c62b93b03b143d,2010,,0120-5633,2357-3260,"['cardiology' 'cardiovascular medicine' 'cardiovascular surgery'
 'cardiovascular disease' 'clinical cardiology'
 'interventional cardiology']",['Spanish' 'English'],Mexico,Sociedad Colombiana de Cardiología y Cirugía Cardiovascular,Colombia,CC BY-NC-ND,,https://www.rccardiologia.com/seccion.php?id=74&scc=acceso-abierto-y-licencia---open-access-&-licensing,True,False,https://www.rccardiologia.com/seccion.php?id=74&scc=acceso-abierto-y-licencia---open-access-&-licensing,Double anonymous peer review,https://www.rccardiologia.com/seccion.php?id=71&scc=proceso-de-revision---editorial-&-peer-review,False,https://www.rccardiologia.com/seccion.php?id=67&scc=informacion-de-la-revista---journal-information,https://www.rccardiologia.com/comite-editorial.php,https://www.rccardiologia.com/authors-instructions.php,80,False,https://www.rccardiologia.com/seccion.php?id=69&scc=fuentes-de-ingreso---funding,False,,False,,"CLOCKSS, Portico, Scholars Portal",,https://www.rccardiologia.com/seccion.php?id=74&scc=acceso-abierto-y-licencia---open-access-&-licensing,,,DOI,True,,,RC666-701,False,No,No,Medicine: Internal medicine: Specialties of internal medicine: Diseases of the circulatory (Cardiovascular) system,2021-06-17,2022-08-17,2022-08-17,1971,2026-08-04,,,100.0,imputado,['publindex'],mediana_area,False,1,,,True,False,2026-09-12
0120-8462,2500-5375,,Cuadernos De Filosofía Latinoamericana,2018,C,Colombia,Distrito Capital,"Bogotá, D. C.","Bogotá, D.C.",11001,Filosofía,Otras Humanidades,Humanidades,UNIVERSIDAD SANTO TOMAS,IES,,,638,0120-8462,cuadernos filosofia latinoamericana,CO,2026-09-12,consolidado,fd7fdacb5233fbfa,,,,,,,,,0,,,,,,,,,,,,,,,,,,,,,,,,,,,,,,,,,,,,,,,,,,,,,,,,,,,,,,,,,,,,,,,,,100.0,imputado,['publindex'],mediana_global,False,1,,,True,,2026-09-12
0123-3122,2027-5382,,Persona Y Bioética,2018,C,Colombia,Centro Oriente,Cundinamarca,Chía,25175,No registra,Biotecnología en Salud,Ciencias Médicas y de la Salud,UNIVERSIDAD DE LA SABANA,IES,,,462,0123-3122,persona bioetica,CO,2026-09-12,consolidado,1f178fa1d8482ff8,,,,,,,,,0,,,,,,,,,,,,,,,,,,,,,,,,,,,,,,,,,,,,,,,,,,,,,,,,,,,,,,,,,,,,,,,,,100.0,imputado,['publindex'],mediana_area,False,1,,,True,,2026-09-12
0123-0425,,,Educación Y Ciudad,2018,B,Colombia,Distrito Capital,"Bogotá, D. C.","Bogotá, D.C.",11001,"Educación General (Incluye Capacitación, Pedagogía)",Ciencias de la Educación,Ciencias Sociales,INSTITUTO PARA LA INVESTIGACION EDUCATIVA Y EL DESARROLLO PEDAGOGICO,Entidades de Gobierno,,,"1,114",0123-0425,educacion ciudad,CO,2026-09-12,consolidado,49ed57fd5fde96be,,,,,,,,,0,,,,,,,,,,,,,,http://revistas.idep.edu.co/index.php/educacion-y-ciudad/index,https://doaj.org/toc/96faae9e14aa47dfb42b27917be8886d,2003,,0123-0425,2357-6286,['education' 'teachers'],['English' 'Spanish'],Colombia,,,CC BY-NC-SA,,http://revistas.idep.edu.co/index.php/educacion-y-ciudad/about,True,False,https://revistas.idep.edu.co/index.php/educacion-y-ciudad/about/submissions,Double anonymous peer review,http://revistas.idep.edu.co/index.php/educacion-y-ciudad/about,False,http://revistas.idep.edu.co/index.php/educacion-y-ciudad/about,http://revistas.idep.edu.co/index.php/educacion-y-ciudad/about/editorialTeam,http://revistas.idep.edu.co/index.php/educacion-y-ciudad/about/submissions,16,False,http://revistas.idep.edu.co/index.php/educacion-y-ciudad/about,False,,False,,,,,,,DOI,True,,,L|LC8-6691,False,No,No,Education: Special aspects of education,2018-06-21,2026-05-27,2026-04-29,545,2026-05-01,,,100.0,imputado,['publindex'],mediana_global,False,2,,,True,False,2026-09-12
,2027-1557,,Luciernaga : Revista Virtual,2018,C,Colombia,Eje Cafetero,Antioquia,Medellín,05001,Medios y Comunicación Social,Periodismo y Comunicaciones,Ciencias Sociales,POLITECNICO COLOMBIANO JAIME ISAZA CADAVID,IES,,,793,2027-1557,luciernaga virtual,CO,2026-09-12,consolidado,0bf6a7bc12d47c77,,,,,,,,,0,,,,,,,,,,,,,,,,,,,,,,,,,,,,,,,,,,,,,,,,,,,,,,,,,,,,,,,,,,,,,,,,,100.0,imputado,['publindex'],mediana_global,False,1,,,True,,2026-09-12
1794-3841,,,Hallazgos,2018,B,Colombia,Distrito Capital,"Bogotá, D. C.","Bogotá, D.C.",11001,"Ciencias Sociales, Interdisciplinaria",Otras Ciencias Sociales,Ciencias Sociales,UNIVERSIDAD SANTO TOMAS,IES,,,"1,313",1794-3841,hallazgos,CO,2026-09-12,consolidado,5f4785812182e911,,,,,,,,,0,,,,,,,,,,,,,,https://revistas.usantotomas.edu.co/index.php/hallazgos/,https://doaj.org/toc/0d59e50acd0548dabada36ceef2a71dd,2004,,1794-3841,2422-409X,['social sciences' 'humanities' 'latin american studies'],['Spanish'],Colombia,,,CC BY-NC-SA,,https://revistas.usantotomas.edu.co/index.php/hallazgos/about,,False,https://revistas.usantotomas.edu.co/index.php/hallazgos/about,Double anonymous peer review,https://revistas.usantotomas.edu.co/index.php/hallazgos/about,False,https://revistas.usantotomas.edu.co/index.php/hallazgos/about,https://revistas.usantotomas.edu.co/index.php/hallazgos/about/editorialTeam,https://revistas.usantotomas.edu.co/public/journals/12/doc2020/doc_2.PDF,20,False,https://revistas.usantotomas.edu.co/index.php/hallazgos/about,False,,False,,,,,,,,True,,,AZ20-999|H|H1-99,False,No,No,General Works: History of scholarship and learning. The humanities | Social Sciences: Social sciences (General),2013-08-01,2025-10-06,2025-10-06,829,2025-12-29,,,100.0,imputado,['publindex'],mediana_global,False,2,,,True,False,2026-09-12
0123-3769,,,Perspectiva Geográfica,2018,C,Colombia,Distrito Capital,"Bogotá, D. C.","Bogotá, D.C.",11001,No registra,Otras Humanidades,Humanidades,UNIVERSIDAD PEDAGOGICA Y TECNOLOGICA DE COLOMBIA,IES,INSTITUTO GEOGRAFICO AGUSTIN CODAZZI,,97,0123-3769,perspectiva geografica,CO,2026-09-12,consolidado,67d644063c9448d0,,,,,,,,,0,,,,,,,,,,,,,,https://revistas.uptc.edu.co/index.php/perspectiva/index,https://doaj.org/toc/f6e61c9ab24745aabf74a72cef51179e,2005,,0123-3769,2500-8684,"['human geography' 'physical geography' 'geographical information'
 'land planning' 'environmental geography'
 'geographic information technologies']",['Portuguese' 'English' 'Spanish'],Colombia,,,CC BY-NC-ND,,https://revistas.uptc.edu.co/index.php/perspectiva/about/submissions,,False,https://revistas.uptc.edu.co/index.php/perspectiva/about,Double anonymous peer review,https://revistas.uptc.edu.co/index.php/perspectiva/about,True,https://revistas.uptc.edu.co/index.php/perspectiva/about,https://revistas.uptc.edu.co/index.php/perspectiva/about/editorialTeam,https://revistas.uptc.edu.co/index.php/perspectiva/about/submissions,12,False,https://revistas.uptc.edu.co/index.php/perspectiva/about,False,,False,,PKP PN,,https://portal.issn.org/resource/ISSN/2500-8684,,,DOI,True,,,G|G1-922,False,No,No,Geography. Anthropology. Recreation: Geography (General),2017-09-18,2024-04-26,2024-04-26,413,2026-07-15,,,100.0,imputado,['publindex'],mediana_global,False,1,,,True,True,2026-09-12
0120-1263,,,Escritos,2018,C,Colombia,Eje Cafetero,Antioquia,Medellín,05001,Otras Humanidades,Otras Humanidades,Humanidades,UNIVERSIDAD PONTIFICIA BOLIVARIANA,IES,,,586,0120-1263,escritos,CO,2026-09-12,consolidado,b98d0a6bfe445508,,,,,,,,,0,,,,,,,,,,,,,,https://revistas.upb.edu.co/index.php/escritos,https://doaj.org/toc/78a6e46b04e944338630e6daa2541757,2006,,0120-1263,2390-0032,['literature' 'literary theory' 'philosophy'],['Spanish'],Colombia,"Universidad Pontificia Bolivariana, Escuela de Teología, Filosofía y Humanidades",,CC BY-NC,,https://revistas.upb.edu.co/index.php/escritos/about/submissions#copyrightNotice,,True,https://revistas.upb.edu.co/index.php/escritos/about/submissions#copyrightNotice,Anonymous peer review,https://revistas.upb.edu.co/index.php/escritos/about/editorialPolicies#peerReviewProcess,True,https://revistas.upb.edu.co/index.php/escritos/about/editorialPolicies#focusAndScope,https://revistas.upb.edu.co/index.php/escritos/about/editorialTeam,https://revistas.upb.edu.co/index.php/escritos/about/submissions#authorGuidelines,20,False,https://revistas.upb.edu.co/index.php/escritos/about/editorialPolicies#openAccessPolicy,False,,False,https://revistas.upb.edu.co/index.php/escritos/about/editorialPolicies#openAccessPolicy,,,,,,,True,,,P1-1091|PN1-6790|B1-5802,False,No,No,Language and Literature: Philology. Linguistics | Language and Literature: Literature (General) | Philosophy. Psychology. Religion: Philosophy (General),2019-03-27,2019-03-27,2019-03-27,578,2026-07-10,,,100.0,imputado,['publindex'],mediana_global,False,1,,,True,False,2026-09-12
0123-4412,,,Estudios De Literatura Colombiana,2018,B,Colombia,Eje Cafetero,Antioquia,Medellín,05001,Estudios Literarios,Idiomas y Literatura,Humanidades,UNIVERSIDAD DE ANTIOQUIA,IES,,,73,0123-4412,estudios literatura colombiana,CO,2026-09-12,consolidado,d6c420374595d7a3,135.0,21100842562,journal,Universidad de Antioquia,True,True,0.129,Q2,3,3.0,26.0,82.0,548.0,12.0,76.0,0.19,21.08,0.4167,0.0,2017-2026,Literature and Literary Theory (Q2); Arts and Humanities (miscellaneous) (Q3); History (Q3); Linguistics and Language (Q3); Electrical and Electronic Engineering (Q4),Arts and Humanities; Engineering; Social Sciences,https://revistas.udea.edu.co/index.php/elc/index,https://doaj.org/toc/0bf7856d8883498a9f45db89c71a202d,1997,,0123-4412,2665-3273,"['literature and literary theory' 'literary studies'
 'colombian literature']",['English' 'Portuguese' 'Spanish'],Colombia,,,CC BY-NC-SA,,https://revistas.udea.edu.co/index.php/elc/about,True,False,https://revistas.udea.edu.co/index.php/elc/about/submissions#authorGuidelines,Double anonymous peer review,https://revistas.udea.edu.co/index.php/elc/about,True,https://revistas.udea.edu.co/index.php/elc/about,https://revistas.udea.edu.co/index.php/elc/about/editorialTeam,https://revistas.udea.edu.co/index.php/elc/about/submissions,16,False,https://revistas.udea.edu.co/index.php/elc,False,,False,,PKP PN,,https://revistas.udea.edu.co/index.php/elc/gateway/lockss,Open Policy Finder,https://openpolicyfinder.jisc.ac.uk/id/publication/37221,DOI,True,,,PQ1-3999,False,No,No,Language and Literature: French literature - Italian literature - Spanish literature - Portuguese literature,2020-10-26,2022-08-17,2022-08-17,782,2026-04-21,,,100.0,imputado,['publindex'],mediana_global,False,2,0.14634146341463414,0.14113785557986872,True,False,2026-09-12
2382-5014,,,Revista Internacional De Cooperación Y Desarrollo,2018,C,Colombia,Caribe,Bolívar,Cartagena de Indias,13001,No registra,Otras Ciencias Sociales,Ciencias Sociales,UNIVERSIDAD DE SAN BUENAVENTURA CALI,IES,,,131,2382-5014,internacional cooperacion desarrollo,CO,2026-09-12,consolidado,4792311f41c3bff3,,,,,,,,,0,,,,,,,,,,,,,,http://revistas.usb.edu.co/index.php/Cooperacion,https://doaj.org/toc/eae22444dcd840a99142ccbee24d5922,2014,,,2382-5014,"['social sciences' 'international affairs' 'international cooperation'
 'international migration' 'sustainable development']",['Italian' 'Spanish' 'English'],Colombia,,,CC BY-NC-ND,,https://revistas.usb.edu.co/index.php/Cooperacion/about,True,True,https://revistas.usb.edu.co/index.php/Cooperacion/about/submissions,Double anonymous peer review,https://revistas.usb.edu.co/index.php/Cooperacion/about,True,https://revistas.usb.edu.co/index.php/Cooperacion/about,https://revistas.usb.edu.co/index.php/Cooperacion/about/editorialTeam,https://revistas.usb.edu.co/index.php/Cooperacion/about/submissions,16,False,https://revistas.usb.edu.co/index.php/Cooperacion/index,False,,False,,,,,,,DOI,True,,,JZ2-6530|H,False,No,No,Political science: International relations | Social Sciences,2017-11-20,2025-07-15,2025-07-15,245,2025-06-19,,,100.0,imputado,['publindex'],mediana_global,False,1,,,True,False,2026-09-12
0123-3475,1909-8758,,Revista Colombiana De Biotecnología,2018,B,Colombia,Distrito Capital,"Bogotá, D. C.","Bogotá, D.C.",11001,Biotecnología Agrícola y de Alimentos,Biotecnología Agrícola,Ciencias Agrícolas,UNIVERSIDAD NACIONAL DE COLOMBIA,IES,INSTITUTO DE BIOTECNOLOGIA,,270,0123-3475,colombiana biotecnologia,CO,2026-09-12,consolidado,fd2a451cc689a3cf,,,,,,,,,0,,,,,,,,,,,,,,https://revistas.unal.edu.co/index.php/biotecnologia,https://doaj.org/toc/2fc794107d7049c398a098bf707e827b,2002,,0123-3475,1909-8758,"['bioprospection' 'biotechnology' 'agricultural biotechnology'
 'health biotechnology' 'bioinformatics']",['Spanish' 'English'],Colombia,"Universidad Nacional de Colombia, Instituto de Biotecnologia",,CC BY,,https://revistas.unal.edu.co/index.php/biotecnologia/about,True,False,https://revistas.unal.edu.co/index.php/biotecnologia/about,Double anonymous peer review,https://revistas.unal.edu.co/index.php/biotecnologia/about/editorialPolicies#peerReviewProcess,True,https://revistas.unal.edu.co/index.php/biotecnologia/about/editorialPolicies#focusAndScope,https://revistas.unal.edu.co/index.php/biotecnologia/about/editorialTeam,https://revistas.unal.edu.co/index.php/biotecnologia/about/submissions#authorGuidelines,30,False,https://revistas.unal.edu.co/index.php/biotecnologia/about/editorialPolicies#focusAndScope,False,,False,,PKP PN,,https://portal.issn.org/resource/ISSN/1909-8758,,,DOI,True,,,TP248.13-248.65,False,No,No,Technology: Chemical technology: Biotechnology,2018-04-28,2026-05-16,2026-05-16,1104,2026-07-16,,,200.0,imputado,['publindex'],mediana_area,False,2,,,True,False,2026-09-12
1794-4953,,,Revista Avancesinvestigacion En Ingenieria,2018,C,Colombia,Distrito Capital,"Bogotá, D. C.","Bogotá, D.C.",11001,No registra,Otras Ingenierías y Tecnologías,Ingeniería y Tecnología,UNIVERSIDAD LIBRE DE COLOMBIA,IES,,,734,1794-4953,avancesinvestigacion ingenieria,CO,2026-09-12,consolidado,19e70a5f69d59657,,,,,,,,,0,,,,,,,,,,,,,,https://revistas.unilibre.edu.co/index.php/avances/index,https://doaj.org/toc/966e2fd882d04bc99b3ce7e46fc396ca,2004,Avances: Investigación en Ingeniería,1794-4953,,['basic science' 'engineering' 'applied statistics'],['Spanish'],Colombia,Universidad Libre,,CC BY-NC-ND,,https://revistas.unilibre.edu.co/index.php/avances/creativecommons,,True,https://revistas.unilibre.edu.co/index.php/avances/creativecommons,Double anonymous peer review,https://revistas.unilibre.edu.co/index.php/avances/revision_pares,True,https://revistas.unilibre.edu.co/index.php/avances/declaracion,https://revistas.unilibre.edu.co/index.php/avances/about/editorialTeam,https://revistas.unilibre.edu.co/index.php/avances/instrucciones,24,False,https://revistas.unilibre.edu.co/index.php/avances/index,False,,False,https://revistas.unilibre.edu.co/index.php/avances/index,,,,,,,True,,,T|Q,False,No,No,Technology | Science,2019-05-06,2019-08-30,2019-08-30,120,2026-04-16,,,100.0,imputado,['publindex'],mediana_global,False,1,,,True,False,2026-09-12
0124-0781,,,Reflexión Política,2018,B,Colombia,Centro Oriente,Santander,Bucaramanga,68001,Ciencias Políticas,Ciencias Políticas,Ciencias Sociales,UNIVERSIDAD AUTONOMA DE BUCARAMANGA,IES,INSTITUTO DE ESTUDIOS POLITICOS,,"1,146",0124-0781,reflexion politica,CO,2026-09-12,consolidado,369ae2409ea60aad,,,,,,,,,0,,,,,,,,,,,,,,https://revistas.unab.edu.co/index.php/reflexion,https://doaj.org/toc/c27643d1e36e4946a0f900b052474616,2017,,0124-0781,2590-8669,"['political science' 'international relations' 'politics'
 'public policies' 'democracy' 'investigation']",['Portuguese' 'English' 'Spanish'],Colombia,,,CC BY-NC-SA,,https://revistas.unab.edu.co/index.php/reflexion/about,,False,https://revistas.unab.edu.co/index.php/reflexion/about/submissions,Double anonymous peer review,https://revistas.unab.edu.co/index.php/reflexion/about#revision,True,https://revistas.unab.edu.co/index.php/reflexion/about,https://revistas.unab.edu.co/index.php/reflexion/about/editorialTeam,https://revistas.unab.edu.co/index.php/reflexion/about/submissions,18,False,https://revistas.unab.edu.co/index.php/reflexion/about#patrocinadores,False,,False,,,,,,,DOI,True,,,J,False,No,No,Political science,2022-10-26,2022-10-26,2022-10-26,573,2022-11-04,,,100.0,imputado,['publindex'],mediana_global,False,2,,,True,False,2026-09-12
2145-4426,2145-7778,,"Trilogía. Ciencia, Tecnologia Y Sociedad",2018,C,Colombia,Eje Cafetero,Antioquia,Medellín,05001,"Ciencias Sociales, Interdisciplinaria",Otras Ciencias Sociales,Ciencias Sociales,INSTITUTO TECNOLOGICO METROPOLITANO DE MEDELLIN,IES,,,365,2145-4426,trilogia ciencia tecnologia sociedad,CO,2026-09-12,consolidado,17d3e48fd107f011,,,,,,,,,0,,,,,,,,,,,,,,http://trilogia.itm.edu.co,https://doaj.org/toc/de4c6e08d9554215939d9b23fbe8941b,2009,,2145-4426,2145-7778,['science' 'innovation' 'society' 'technology'],['Spanish' 'English'],Colombia,Instituto Tecnológico Metropolitano - ITM,,CC BY-NC-SA,,https://revistas.itm.edu.co/index.php/trilogia/da,,True,https://revistas.itm.edu.co/index.php/trilogia/about,Double anonymous peer review,https://revistas.itm.edu.co/index.php/trilogia/pe,False,https://revistas.itm.edu.co/index.php/trilogia/about,https://revistas.itm.edu.co/index.php/trilogia/about/editorialTeam,https://revistas.itm.edu.co/index.php/trilogia/guia_articulo,24,False,https://revistas.itm.edu.co/index.php/trilogia/about,False,,False,,,,,Open Policy Finder,,DOI,True,,,T1-995|H1-99,False,No,No,Technology: Technology (General) | Social Sciences: Social sciences (General),2018-09-18,2022-04-01,2022-04-01,335,2026-07-10,,,100.0,imputado,['publindex'],mediana_global,False,1,,,True,False,2026-09-12
0121-3628,2256-358X,,Estudios De Filosofía,2018,C,Colombia,Eje Cafetero,Antioquia,Medellín,05001,Filosofía,Otras Humanidades,Humanidades,UNIVERSIDAD DE ANTIOQUIA,IES,,,160,0121-3628,estudios filosofia,CO,2026-09-12,consolidado,5cb9b655b99fd46b,92.0,21101186338,journal,Universidad de Antioquia,True,True,0.154,Q2,3,5.0,23.0,67.0,754.0,37.0,62.0,0.2,32.78,0.1724,0.0,2022-2026,Philosophy (Q2),Arts and Humanities,https://revistas.udea.edu.co/index.php/estudios_de_filosofia,https://doaj.org/toc/ade5ff2ec2394bdaadde95e4ddeda49a,2003,,0121-3628,2256-358X,"['philosophy' 'ethics' 'politics' 'aesthetic' 'epistemology'
 'general philosophy']",['Spanish'],Colombia,"Universidad de Antioquía, Instituto de Filosofía",,CC BY-NC-SA,,https://revistas.udea.edu.co/index.php/estudios_de_filosofia/about,,True,https://revistas.udea.edu.co/index.php/estudios_de_filosofia/about/submissions,Double anonymous peer review,https://revistas.udea.edu.co/index.php/estudios_de_filosofia/about,False,https://revistas.udea.edu.co/index.php/estudios_de_filosofia/about,https://revistas.udea.edu.co/index.php/estudios_de_filosofia/about/editorialTeam,https://revistas.udea.edu.co/index.php/estudios_de_filosofia/about/submissions,24,False,https://revistas.udea.edu.co/index.php/estudios_de_filosofia/about,False,,False,https://revistas.udea.edu.co/index.php/estudios_de_filosofia/about/submissions,,,,,,,True,,,BD10-701|B1-5802,False,No,No,Philosophy. Psychology. Religion: Speculative philosophy | Philosophy. Psychology. Religion: Philosophy (General),2018-03-15,2020-03-28,2020-03-28,373,2026-02-25,,,100.0,imputado,['publindex'],mediana_global,False,1,0.5522388059701493,0.1684901531728665,True,False,2026-09-12
0120-7555,2346-206X,,Turismo Y Sociedad,2018,C,Colombia,Distrito Capital,"Bogotá, D. C.","Bogotá, D.C.",11001,Negocios y Management,Economía y Negocios,Ciencias Sociales,UNIVERSIDAD EXTERNADO DE COLOMBIA,IES,,,732,0120-7555,turismo sociedad,CO,2026-09-12,consolidado,c34e9d2fe7d4669a,,,,,,,,,0,,,,,,,,,,,,,,http://revistas.uexternado.edu.co/index.php/tursoc,https://doaj.org/toc/90a29c9b6b7a41b39cb4c8597f2e5ab7,2002,,0120-7555,2346-206X,['leisure' 'tourism'],['English' 'Spanish'],Colombia,,,CC BY-NC-SA,,https://revistas.uexternado.edu.co/index.php/tursoc/about/submissions#onlineSubmissions,,True,https://revistas.uexternado.edu.co/index.php/tursoc/about/submissions#onlineSubmissions,Anonymous peer review,https://revistas.uexternado.edu.co/index.php/tursoc/about/submissions#onlineSubmissions,False,https://revistas.uexternado.edu.co/index.php/tursoc/about,https://revistas.uexternado.edu.co/index.php/tursoc/about/editorialTeam,https://revistas.uexternado.edu.co/index.php/tursoc/about/submissions#onlineSubmissions,16,False,https://revistas.uexternado.edu.co/index.php/tursoc/about/submissions#onlineSubmissions,False,,False,https://revistas.uexternado.edu.co/index.php/tursoc/about/submissions#onlineSubmissions,,,http://revistas.uexternado.edu.co/index.php?journal=tursoc&page=about&op=editorialPolicies#archiving,Open Policy Finder,,,True,,,G|G1-922,False,No,No,Geography. Anthropology. Recreation: Geography (General),2012-01-04,2019-06-18,2019-06-18,683,2026-07-23,,,100.0,imputado,['publindex'],mediana_global,False,1,,,True,False,2026-09-12
1657-9089,,,Infancias Imágenes,2018,C,Colombia,Distrito Capital,"Bogotá, D. C.","Bogotá, D.C.",11001,"Educación General (Incluye Capacitación, Pedagogía)",Ciencias de la Educación,Ciencias Sociales,UNIVERSIDAD DISTRITAL FRANCISCO JOSE DE CALDAS,IES,,,342,1657-9089,infancias imagenes,CO,2026-09-12,consolidado,181e70fd6eb7ee11,,,,,,,,,0,,,,,,,,,,,,,,https://revistas.udistrital.edu.co/index.php/infancias,https://doaj.org/toc/24430992aa31494ca66015f85ddfee27,2006,,1657-9089,2665-511X,"['childhood' 'language' 'learning' 'teaching  learning' 'child rearing'
 'human development']",['Spanish'],Colombia,Universidad Distrital Francisco José de Caldas,,CC BY-NC-SA,,https://revistas.udistrital.edu.co/index.php/infancias/about,,False,,Double anonymous peer review,https://revistas.udistrital.edu.co/index.php/infancias/about,True,https://revistas.udistrital.edu.co/index.php/infancias/about,https://revistas.udistrital.edu.co/index.php/infancias/about/editorialTeam,https://revistas.udistrital.edu.co/index.php/infancias/about/submissions,18,False,https://revistas.udistrital.edu.co/index.php/infancias/about,False,,False,https://revistas.udistrital.edu.co/index.php/infancias/about,,,,,,,True,,,L,False,No,No,Education,2019-10-11,2020-02-05,2020-02-05,328,2023-12-12,,,100.0,imputado,['publindex'],mediana_global,False,1,,,True,False,2026-09-12
1794-211X,2322-939X,,Vínculos,2018,C,Colombia,Distrito Capital,"Bogotá, D. C.","Bogotá, D.C.",11001,No registra,Otras Ciencias Sociales,Ciencias Sociales,UNIVERSIDAD DISTRITAL FRANCISCO JOSE DE CALDAS,IES,,,827,1794-211X,vinculos,CO,2026-09-12,consolidado,49f1246732afa34d,,,,,,,,,0,,,,,,,,,,,,,,https://revistas.udistrital.edu.co/index.php/vinculos,https://doaj.org/toc/f71b1f07fc4c46dd80c31ce1f7e03f3d,2004,,1794-211X,2322-939X,"['networking' 'iot' 'telematics' 'software design' 'data systematization'
 'programming']",['English' 'Portuguese' 'Spanish'],Colombia,Universidad Distrital Francisco José de Caldas,,CC BY-NC,,https://revistas.udistrital.edu.co/index.php/vinculos/about#openAccessPolicy,,False,,Double anonymous peer review,https://revistas.udistrital.edu.co/index.php/vinculos/about#peerReviewProcess,True,https://revistas.udistrital.edu.co/index.php/vinculos/about#focusAndScope,https://revistas.udistrital.edu.co/index.php/vinculos/about/editorialTeam,https://revistas.udistrital.edu.co/index.php/vinculos/about/submissions,7,False,http:// https://revistas.udistrital.edu.co/index.php/vinculos/about#openAccessPolicy,False,,False,http:// https://revistas.udistrital.edu.co/index.php/vinculos/about#openAccessPolicy,,,,,,,True,,,QA75.5-76.95|QA76.75-76.765,False,No,No,Science: Mathematics: Instruments and machines: Electronic computers. Computer science: Computer software,2019-12-02,2020-02-05,2020-02-05,147,2021-10-18,,,100.0,imputado,['publindex'],mediana_global,False,1,,,True,True,2026-09-12
0121-7550,,,Nomadas,2018,B,Colombia,Distrito Capital,"Bogotá, D. C.","Bogotá, D.C.",11001,Sociología,Sociología,Ciencias Sociales,UNIVERSIDAD CENTRAL,IES,,,235,0121-7550,nomadas,CO,2026-09-12,consolidado,0d5df0de105e05c4,,,,,,,,,0,,,,,,,,,,,,,,http://nomadas.ucentral.edu.co/,https://doaj.org/toc/db8b62fa87a54e13844ea5fc3595e428,2006,,0121-7550,2539-4762,['social sciences' 'culture' 'social research'],['Spanish' 'Portuguese'],Colombia,,,CC BY,,http://nomadas.ucentral.edu.co/index.php/revista-nomadas/presentacion,,True,http://nomadas.ucentral.edu.co/index.php/revista-nomadas/presentacion,Peer review,http://nomadas.ucentral.edu.co/index.php/revista-nomadas/requisitos-para-publicar,False,http://nomadas.ucentral.edu.co/index.php/revista-nomadas/presentacion,http://nomadas.ucentral.edu.co/index.php/revista-nomadas/cuerpo-editorial,http://nomadas.ucentral.edu.co/index.php/revista-nomadas/requisitos-para-publicar,20,False,http://nomadas.ucentral.edu.co/index.php/revista-nomadas/presentacion,False,,False,,,,,,,,True,,,H|H1-99,False,No,No,Social Sciences: Social sciences (General),2012-10-25,2023-03-08,2023-03-08,1595,2018-02-07,,,100.0,imputado,['publindex'],mediana_global,False,2,,,True,False,2026-09-12
0121-117X,,,Ensayos De Economía,2018,C,Colombia,Eje Cafetero,Antioquia,Medellín,05001,Economía,Economía y Negocios,Ciencias Sociales,UNIVERSIDAD NACIONAL DE COLOMBIA,IES,,,"1,162",0121-117X,ensayos economia,CO,2026-09-12,consolidado,261f13e27d019618,,,,,,,,,0,,,,,,,,,,,,,,https://revistas.unal.edu.co/index.php/ede,https://doaj.org/toc/5cb690a305e54ad6916308fcb1da7153,1990,,0121-117X,2619-6573,"['economy' 'economic history' 'macroeconomy' 'microeconomics'
 'econometrics']",['Spanish'],Colombia,Universidad Nacional de Colombia (Sede Medellín).  Facultad de Ciencias Humanas y Económicas. Departamento de Economía,,CC BY-NC-ND,,https://revistas.unal.edu.co/index.php/ede,True,False,,Double anonymous peer review,https://revistas.unal.edu.co/index.php/ede/about/editorialPolicies#focusAndScope,True,https://revistas.unal.edu.co/index.php/ede/about/editorialPolicies#focusAndScope,https://revistas.unal.edu.co/index.php/ede/about/displayMembership/440,https://revistas.unal.edu.co/index.php/ede/about/submissions#authorGuidelines,48,False,https://revistas.unal.edu.co/index.php/ede/about/editorialPolicies#focusAndScope,False,,False,https://revistas.unal.edu.co/index.php/ede/about/editorialPolicies#focusAndScope,,,,Open Policy Finder,,,True,,,HC10-1085|HB1-3840|HB71-74,False,No,No,Social Sciences: Economic history and conditions | Social Sciences: Economic theory. Demography: Economics as a science,2019-06-06,2019-08-30,2019-08-30,543,2026-05-12,,,100.0,imputado,['publindex'],mediana_global,False,1,,,True,False,2026-09-12
1657-0111,,,Palobra Palabra Que Obra,2018,B,Colombia,Caribe,Bolívar,Cartagena de Indias,13001,"Temas Especiales (Estudios de Género, Temas Sociales, Estudios de la Familia)",Sociología,Ciencias Sociales,UNIVERSIDAD DE CARTAGENA,IES,,,"1,075",1657-0111,palobra palabra que obra,CO,2026-09-12,consolidado,6fbdc6334e050230,,,,,,,,,0,,,,,,,,,,,,,,https://revistas.unicartagena.edu.co/index.php/palobra/index,https://doaj.org/toc/4742b28c5d4748579dc63ef851c05f7f,2011,Palabra que Obra,1657-0111,2346-2884,['education' 'society' 'politics' 'culture' 'history' 'communication'],['Spanish'],Colombia,Facultad de Ciencias Sociales y Educación,,CC BY-NC,,https://revistas.unicartagena.edu.co/index.php/palobra/pages/view/envios,,False,,Double anonymous peer review,https://revistas.unicartagena.edu.co/index.php/palobra/pages/view/politicas-editoriales,True,https://revistas.unicartagena.edu.co/index.php/palobra/pages/view/politicas-editoriales,https://revistas.unicartagena.edu.co/index.php/palobra/pages/view/equipo-editorial,https://revistas.unicartagena.edu.co/index.php/palobra/pages/view/reglamento,16,False,https://revistas.unicartagena.edu.co/index.php/palobra/pages/view/politicas-editoriales,False,,False,https://revistas.unicartagena.edu.co/index.php/palobra/pages/view/politicas-editoriales,,,https://revistas.unicartagena.edu.co/index.php/palobra/index,,,DOI,True,,,H1-99,False,No,No,Social Sciences: Social sciences (General),2015-07-27,2019-05-03,2019-05-03,590,2026-05-13,,,100.0,imputado,['publindex'],mediana_global,False,2,,,True,False,2026-09-12
1900-2351,,,Revista Politecnica,2018,C,Colombia,Eje Cafetero,Antioquia,Medellín,05001,No registra,Otras Ciencias Sociales,Ciencias Sociales,POLITECNICO COLOMBIANO JAIME ISAZA CADAVID,IES,,,"1,059",1900-2351,politecnica,CO,2026-09-12,consolidado,ec0b53dda243911c,,,,,,,,,0,,,,,,,,,,,,,,https://revistas.elpoli.edu.co/index.php/pol/index,https://doaj.org/toc/d92da96b432e4e1b85f726e73eb2ec95,2005,Politécnica,1900-2351,2256-5353,['engineering' 'technology' 'agriculture'],['English' 'Portuguese' 'Spanish'],Colombia,,,CC BY-NC-SA,,https://revistas.elpoli.edu.co/index.php/pol/index,,True,https://revistas.elpoli.edu.co/index.php/pol/about/submissions#copyrightNotice,Double anonymous peer review,https://revistas.elpoli.edu.co/index.php/pol/about/editorialPolicies#peerReviewProcess,True,https://revistas.elpoli.edu.co/index.php/pol/index,https://revistas.elpoli.edu.co/index.php/pol/about/editorialTeam,https://revistas.elpoli.edu.co/index.php/pol/about/submissions#authorGuidelines,24,False,https://revistas.elpoli.edu.co/index.php/pol/about/editorialPolicies#openAccessPolicy,False,,False,https://revistas.elpoli.edu.co/index.php/pol/about/editorialPolicies#openAccessPolicy,PKP PN,,https://revistas.elpoli.edu.co/index.php/pol/about/editorialPolicies#archiving,,,,True,,,T|Q,False,No,No,Technology | Science,2020-09-21,2020-09-21,2020-09-21,198,2026-06-12,,,100.0,imputado,['publindex'],mediana_global,False,1,,,True,False,2026-09-12
0123-9392,,,Infectio,2018,B,Colombia,Distrito Capital,"Bogotá, D. C.","Bogotá, D.C.",11001,Otras Ciencias Médicas,Otras Ciencias Médicas,Ciencias Médicas y de la Salud,ASOCIACION COLOMBIANA DE INFECTOLOGIA,Otras,,,248,0123-9392,infectio,CO,2026-09-12,consolidado,e2954d9afd3182b8,,,,,,,,,0,,,,,,,,,,,,,,http://www.revistainfectio.org/index.php/infectio,https://doaj.org/toc/43aed0935f994b5d91bccaff0b414498,1995,,0123-9392,,['infectious diseases' 'microbiology' 'pharmacology'],['English' 'Spanish'],Colombia,Asociación Colombiana de Infectología,,CC BY-NC-ND,,http://www.revistainfectio.org/index.php/infectio/about/editorialPolicies#openAccessPolicy,,False,,Double anonymous peer review,http://www.revistainfectio.org/index.php/infectio/about/editorialPolicies#peerReviewProcess,False,http://www.revistainfectio.org/index.php/infectio/about/editorialPolicies#focusAndScope,http://www.revistainfectio.org/index.php/infectio/about/editorialTeam,http://www.revistainfectio.org/index.php/infectio/about/submissions#authorGuidelines,39,True,http://www.revistainfectio.org/index.php/infectio/about/editorialPolicies#openAccessPolicy,True,http://www.revistainfectio.org/index.php/infectio/about/editorialPolicies#openAccessPolicy,False,,,,,,,,True,,,RM1-950|RC109-216,False,No,No,Medicine: Therapeutics. Pharmacology | Medicine: Internal medicine: Infectious and parasitic diseases,2018-04-04,2022-09-19,2022-09-19,831,2026-06-19,100.0,USD,100.0,declarado,['publindex'],,False,2,,,True,False,2026-09-12
1900-9607,,,Revista Ces Medicina Veterinaria Y Zootecnia,2018,C,Colombia,Eje Cafetero,Antioquia,Medellín,05001,Ciencias Veterinarias,Ciencias Veterinarias,Ciencias Agrícolas,UNIVERSIDAD CES,IES,,,"1,076",1900-9607,ces medicina veterinaria zootecnia,CO,2026-09-12,consolidado,dab0cfd28122612f,,,,,,,,,0,,,,,,,,,,,,,,,,,,,,,,,,,,,,,,,,,,,,,,,,,,,,,,,,,,,,,,,,,,,,,,,,,200.0,imputado,['publindex'],mediana_area,False,1,,,True,,2026-09-12
0124-2067,,,Principia Iuris,2018,C,Colombia,Centro Oriente,Boyacá,Tunja,15001,Derecho,Derecho,Ciencias Sociales,UNIVERSIDAD SANTO TOMAS,IES,,,608,0124-2067,principia iuris,CO,2026-09-12,consolidado,6347b6927743a871,,,,,,,,,0,,,,,,,,,,,,,,,,,,,,,,,,,,,,,,,,,,,,,,,,,,,,,,,,,,,,,,,,,,,,,,,,,100.0,imputado,['publindex'],mediana_global,False,1,,,True,,2026-09-12
2027-2391,,,Revista Kavilando,2018,C,Colombia,Eje Cafetero,Antioquia,Medellín,05001,"Ciencias Sociales, Interdisciplinaria",Otras Ciencias Sociales,Ciencias Sociales,GRUPO DE INVESTIGACION Y EDITORIAL KAVILANDO,Otras,,,809,2027-2391,kavilando,CO,2026-09-12,consolidado,c5749eab97210f30,,,,,,,,,0,,,,,,,,,,,,,,http://kavilando.org/revista/index.php/kavilando/index,https://doaj.org/toc/d8452248f6ab41e38b01ce7aa1292b35,2009,,2027-2391,2344-7125,['social conflict' 'territorial disputes' 'exclusion' 'suppression'],['Spanish'],Colombia,Kavilando,,CC BY-NC-ND,,http://kavilando.org/revista/index.php/kavilando/about,,True,http://kavilando.org/revista/index.php/kavilando/about,Double anonymous peer review,http://kavilando.org/revista/index.php/kavilando/about/submissions,True,http://kavilando.org/revista/index.php/kavilando/about,http://kavilando.org/revista/index.php/kavilando/about/editorialTeam,http://kavilando.org/revista/index.php/kavilando/about/submissions,5,False,http://www.kavilando.org/revista/index.php/kavilando/about,False,,False,http://kavilando.org/revista/index.php/kavilando/about/submissions#authorGuidelines,PKP PN,,http://kavilando.org/revista/index.php/kavilando/about,,,http://kavilando.org/revista/index.php/kavilando/oai,True,,,H|H1-99,False,No,No,Social Sciences: Social sciences (General),2016-04-22,2020-10-13,2020-10-13,423,2026-04-28,,,100.0,imputado,['publindex'],mediana_global,False,1,,,True,True,2026-09-12
0122-8900,,,Panorama Económico,2018,B,Colombia,Caribe,Bolívar,Cartagena de Indias,13001,Economía,Economía y Negocios,Ciencias Sociales,UNIVERSIDAD DE CARTAGENA,IES,,,938,0122-8900,panorama economico,CO,2026-09-12,consolidado,5f8969d79d9c3fe7,,,,,,,,,0,,,,,,,,,,,,,,https://revistas.unicartagena.edu.co/index.php/panoramaeconomico,https://doaj.org/toc/a0b6286f8f2b4d98b202e39d5ddcb21e,2012,,0122-8900,2463-0470,['administration' 'economy' 'business'],['Spanish'],Colombia,Universidad de Cartagena,,CC BY-NC,,https://revistas.unicartagena.edu.co/index.php/panoramaeconomico/index,,False,,Double anonymous peer review,https://revistas.unicartagena.edu.co/index.php/panoramaeconomico/pages/view/politicas-editoriales,True,https://revistas.unicartagena.edu.co/index.php/panoramaeconomico/pages/view/politicas-editoriales,https://revistas.unicartagena.edu.co/index.php/panoramaeconomico/pages/view/equipo-editorial,https://revistas.unicartagena.edu.co/index.php/panoramaeconomico/pages/view/reglamento,20,False,https://revistas.unicartagena.edu.co/index.php/panoramaeconomico/pages/view/politicas-editoriales,False,,False,https://revistas.unicartagena.edu.co/index.php/panoramaeconomico/pages/view/politicas-editoriales,,,,,,,True,,,HD28-70|HB1-3840,False,No,No,Social Sciences: Industries. Land use. Labor: Management. Industrial management | Social Sciences: Economic theory. Demography,2019-05-13,2019-08-30,2019-08-30,605,2026-08-07,,,100.0,imputado,['publindex'],mediana_global,False,2,,,True,False,2026-09-12
0122-2066,2145-8499,,Anuario De Historia Regional Y De Las Fronteras,2018,C,Colombia,Centro Oriente,Santander,Bucaramanga,68001,Historia,Historia y Arqueología,Humanidades,UNIVERSIDAD INDUSTRIAL DE SANTANDER,IES,,,955,0122-2066,anuario historia regional fronteras,CO,2026-09-12,consolidado,06b170a91192e9ef,,,,,,,,,0,,,,,,,,,,,,,,,,,,,,,,,,,,,,,,,,,,,,,,,,,,,,,,,,,,,,,,,,,,,,,,,,,100.0,imputado,['publindex'],mediana_global,False,1,,,True,,2026-09-12
0120-3576,,,Coyuntura Económica,2016,B,Colombia,Distrito Capital,"Bogotá, D. C.","Bogotá, D.C.",11001,Economía,Economía y Negocios,Ciencias Sociales,FUNDACION PARA LA EDUCACION SUPERIOR Y EL DESARROLLO FEDESARROLLO,Empresas,,,344,0120-3576,coyuntura economica,CO,2026-09-12,consolidado,db168ce56755f47e,,,,,,,,,0,,,,,,,,,,,,,,,,,,,,,,,,,,,,,,,,,,,,,,,,,,,,,,,,,,,,,,,,,,,,,,,,,100.0,imputado,['publindex'],mediana_global,False,2,,,True,,2026-09-12
0124-793X,,,Revista De Investigaciones Unad,2016,C,No disponible,No disponible,No disponible,No disponible,,"Educación General (Incluye Capacitación, Pedagogía)",Ciencias de la Educación,Ciencias Sociales,UNIVERSIDAD NACIONAL DE COLOMBIA,IES,,,905,0124-793X,investigaciones unad,,2026-09-12,consolidado,19f00ef73ca3a80b,,,,,,,,,0,,,,,,,,,,,,,,,,,,,,,,,,,,,,,,,,,,,,,,,,,,,,,,,,,,,,,,,,,,,,,,,,,100.0,imputado,['publindex'],mediana_global,False,1,,,False,,2026-09-12
1900-7841,,,Revista Colombiana Salud Libre,2016,C,Colombia,Pacífico,Valle del Cauca,Cali,76001,Otros Temas de Medicina Clínica,Medicina Clínica,Ciencias Médicas y de la Salud,UNIVERSIDAD LIBRE DE COLOMBIA,IES,,,768,1900-7841,colombiana salud libre,CO,2026-09-12,consolidado,79829473205492dc,,,,,,,,,0,,,,,,,,,,,,,,,,,,,,,,,,,,,,,,,,,,,,,,,,,,,,,,,,,,,,,,,,,,,,,,,,,100.0,imputado,['publindex'],mediana_area,False,1,,,True,,2026-09-12
1794-631X,2500-5782,,Revista De Investigaciones,2016,C,Colombia,Eje Cafetero,Quindío,Armenia,63001,Otras Ciencias Naturales,Otras Ciencias Naturales,Ciencias Naturales,UNIVERSIDAD DEL QUINDIO,IES,,,247,1794-631X,investigaciones,CO,2026-09-12,consolidado,28e7e10bb0bb8cc9,,,,,,,,,0,,,,,,,,,,,,,,http://riuq.uniquindio.edu.co/,https://doaj.org/toc/03cf6cd882ca446aab44f61e32d13681,2013,,1794-631X,2500-5782,['health' 'natural sciences' 'social sciences' 'technology' 'agricultural'],['Spanish'],Colombia,Universidad del Quindio,,CC BY-NC-ND,,https://ojs.uniquindio.edu.co/ojs/index.php/riuq/editorialpolices#custom-2,,False,,Double anonymous peer review,https://ojs.uniquindio.edu.co/ojs/index.php/riuq/editorialpolices#peerReviewProcess,False,https://ojs.uniquindio.edu.co/ojs/index.php/riuq/editorialpolices#focusAndScope,https://ojs.uniquindio.edu.co/ojs/index.php/riuq/about/editorialTeam,https://ojs.uniquindio.edu.co/ojs/index.php/riuq/about/submissions,6,False,https://ojs.uniquindio.edu.co/ojs/index.php/riuq/editorialpolices#charges,False,,False,https://ojs.uniquindio.edu.co/ojs/index.php/riuq/editorialpolices#charges,,,,,,,True,,,T1-995|A|H1-99,False,No,No,Technology: Technology (General) | General Works | Social Sciences: Social sciences (General),2020-03-08,2020-03-08,2020-03-08,617,2023-09-22,,,100.0,imputado,['publindex'],mediana_global,False,1,,,True,True,2026-09-12
2145-3985,,,Contextos,2016,C,Colombia,Pacífico,Valle del Cauca,Cali,76001,No registra,Otras Humanidades,Humanidades,UNIVERSIDAD DE SAN BUENAVENTURA CALI,IES,,,122,2145-3985,contextos,CO,2026-09-12,consolidado,4c55e56e545afae9,,,,,,,,,0,,,,,,,,,,,,,,,,,,,,,,,,,,,,,,,,,,,,,,,,,,,,,,,,,,,,,,,,,,,,,,,,,100.0,imputado,['publindex'],mediana_global,False,1,,,True,,2026-09-12
2027-7822,,,Acta Odontologica Colombiana,2016,C,Colombia,Distrito Capital,"Bogotá, D. C.","Bogotá, D.C.",11001,No registra,Medicina Clínica,Ciencias Médicas y de la Salud,UNIVERSIDAD NACIONAL DE COLOMBIA,IES,,,"1,203",2027-7822,acta odontologica colombiana,CO,2026-09-12,consolidado,25aa47aee24574a0,,,,,,,,,0,,,,,,,,,,,,,,http://www.revistas.unal.edu.co/index.php/actaodontocol,https://doaj.org/toc/fc60e9eb1fb94dccbdc35e2fdcea2c71,2011,,,2027-7822,"['oral health' 'public health' 'collective health' 'dentistry'
 'epidemiology']",['Spanish'],Colombia,"Universidad Nacional De Colombia, Facultad de Odontología",,CC BY-NC-ND,,http://www.revistas.unal.edu.co/index.php/actaodontocol/about/submissions#copyrightNotice,,True,http://www.revistas.unal.edu.co/index.php/actaodontocol/about/submissions#copyrightNotice,Double anonymous peer review,http://www.revistas.unal.edu.co/index.php/actaodontocol/about/editorialPolicies#peerReviewProcess,False,http://www.revistas.unal.edu.co/index.php/actaodontocol/about/editorialPolicies#focusAndScope,http://www.revistas.unal.edu.co/index.php/actaodontocol/about/editorialTeam,http://www.revistas.unal.edu.co/index.php/actaodontocol/about/submissions#authorGuidelines,8,False,http://revistas.unal.edu.co/index.php/actaodontocol/index,False,,False,,,,,,,,True,,,R|RK1-715,False,No,No,Medicine: Dentistry,2012-12-22,2021-07-28,2021-07-28,246,2021-07-28,,,100.0,imputado,['publindex'],mediana_area,False,1,,,True,True,2026-09-12
2346-0466,,,Ingenieria E Innovacion,2016,C,Colombia,Caribe,Córdoba,Montería,23001,No registra,Otras Ingenierías y Tecnologías,Ingeniería y Tecnología,UNIVERSIDAD DE CORDOBA,IES,,,"1,308",2346-0466,ingenieria e innovacion,CO,2026-09-12,consolidado,0e42b45c4c5b408b,,,,,,,,,0,,,,,,,,,,,,,,https://revistas.unicordoba.edu.co/index.php/rii,https://doaj.org/toc/cea79c3b4ff34be297997b160951d927,2013,RIINN,2346-0466,2346-0474,['engineering' 'technology' 'artificial intelligence' 'computing'],['Spanish'],Colombia,Universidad de Córdoba,,CC BY,,https://revistas.unicordoba.edu.co/index.php/rii,,False,,Double anonymous peer review,https://revistas.unicordoba.edu.co/index.php/rii/about/reviews,False,https://revistas.unicordoba.edu.co/index.php/rii/about/focusandscope,https://revistas.unicordoba.edu.co/index.php/rii/about/editorialTeam,https://revistas.unicordoba.edu.co/index.php/rii/about/submissions#author_guidelines,8,False,https://revistas.unicordoba.edu.co/index.php/rii/about/submissions#author_guidelines,False,,False,https://revistas.unicordoba.edu.co/index.php/rii/about/submissions#author_guidelines,,,,,,,True,,,T|TA1-2040,False,No,No,Technology: Engineering (General). Civil engineering (General),2020-01-24,2020-02-05,2020-02-05,0,,,,100.0,imputado,['publindex'],mediana_global,False,1,,,True,True,2026-09-12
2145-9932,,,Revista Ces Salud Publica,2016,C,Colombia,Eje Cafetero,Antioquia,Medellín,05001,Salud Pública,Ciencias de la Salud,Ciencias Médicas y de la Salud,UNIVERSIDAD CES,IES,,,748,2145-9932,ces salud publica,CO,2026-09-12,consolidado,c17165468432494d,,,,,,,,,0,,,,,,,,,,,,,,,,,,,,,,,,,,,,,,,,,,,,,,,,,,,,,,,,,,,,,,,,,,,,,,,,,100.0,imputado,['publindex'],mediana_area,False,1,,,True,,2026-09-12
1909-3888,,,Nodo,2016,B,Colombia,Distrito Capital,"Bogotá, D. C.","Bogotá, D.C.",11001,No registra,Otras Ciencias Sociales,Ciencias Sociales,UNIVERSIDAD ANTONIO NARINO,IES,,,993,1909-3888,nodo,CO,2026-09-12,consolidado,173cecd641098bea,,,,,,,,,0,,,,,,,,,,,,,,https://revistas.uan.edu.co/index.php/nodo,https://doaj.org/toc/82a665fa97cd444e857f196960364b25,2009,,1909-3888,2346-092X,['art' 'cultural studies' 'humanities' 'aesthetics'],['Portuguese' 'English' 'Spanish'],Colombia,,,CC BY-NC-SA,,https://revistas.uan.edu.co/index.php/nodo/Pospublicacion,,False,https://revistas.uan.edu.co/index.php/nodo/Pospublicacion,Double anonymous peer review,https://revistas.uan.edu.co/index.php/nodo/pares,True,https://revistas.uan.edu.co/index.php/nodo/about,https://revistas.uan.edu.co/index.php/nodo/about/editorialTeam,https://revistas.uan.edu.co/index.php/nodo/libraryFiles/downloadPublic/19%22,10,False,https://revistas.uan.edu.co/index.php/nodo/about,False,,False,,,,,,,,True,,,NX1-820|AZ20-999,False,No,No,Fine Arts: Arts in general | General Works: History of scholarship and learning. The humanities,2023-09-05,2023-09-05,2023-09-05,0,,,,100.0,imputado,['publindex'],mediana_global,False,2,,,True,True,2026-09-12
1794-1598,2346-0792,,Inciso,2016,C,Colombia,Eje Cafetero,Quindío,Armenia,63001,Ciencias Políticas,Ciencias Políticas,Ciencias Sociales,UNIVERSIDAD LA GRAN COLOMBIA,IES,,,403,1794-1598,inciso,CO,2026-09-12,consolidado,5892c503f8227daf,,,,,,,,,0,,,,,,,,,,,,,,http://revistas.ugca.edu.co/index.php/inciso,https://doaj.org/toc/357ced2dda99481f9041ddc628d70f40,2012,,1794-1598,,['law' 'government' 'international relations' 'political science'],['Spanish'],Colombia,Universidad La Gran Colombia,,CC BY-NC,,http://revistas.ugca.edu.co/index.php/inciso/about/editorialPolicies#custom-11,,False,,Double anonymous peer review,http://revistas.ugca.edu.co/index.php/inciso/about/editorialPolicies#custom-0,False,http://revistas.ugca.edu.co/index.php/inciso/about/editorialPolicies#focusAndScope,http://revistas.ugca.edu.co/index.php/inciso/about/editorialPolicies#custom-12,http://revistas.ugca.edu.co/index.php/inciso/about/submissions#authorGuidelines,12,False,http://revistas.ugca.edu.co/index.php/inciso/about/editorialPolicies#custom-10,False,,False,http://revistas.ugca.edu.co/index.php/inciso/about/editorialPolicies#custom-10,,,,,,,True,,,K1-7720|J,False,No,No,Law: Law in general. Comparative and uniform law. Jurisprudence | Political science,2018-07-19,2020-01-29,2020-01-29,154,2026-06-16,,,100.0,imputado,['publindex'],mediana_global,False,1,,,True,True,2026-09-12
2339-3084,2346-0784,,Contexto,2016,C,No disponible,No disponible,No disponible,No disponible,,Economía,Economía y Negocios,Ciencias Sociales,UNIVERSIDAD LA GRAN COLOMBIA,IES,,,538,2339-3084,contexto,,2026-09-12,consolidado,12539a2168e854f5,,,,,,,,,0,,,,,,,,,,,,,,,,,,,,,,,,,,,,,,,,,,,,,,,,,,,,,,,,,,,,,,,,,,,,,,,,,100.0,imputado,['publindex'],mediana_global,False,1,,,False,,2026-09-12
1657-8651,2346-2159,,"Revista Opera - Observatorio De Políticas, Ejecución Y Resultados De La Administración Pública",2016,B,Colombia,Distrito Capital,"Bogotá, D. C.","Bogotá, D.C.",11001,Ciencias Políticas,Ciencias Políticas,Ciencias Sociales,UNIVERSIDAD EXTERNADO DE COLOMBIA,IES,,,404,1657-8651,opera observatorio politicas ejecucion resultados administracion publica,CO,2026-09-12,consolidado,6ccba1e45da11582,,,,,,,,,0,,,,,,,,,,,,,,http://revistas.uexternado.edu.co/index.php/opera,https://doaj.org/toc/573ff6485c274ddb8fd09d2db3ce5097,2001,,1657-8651,2346-2159,['public policy' 'elections' 'nation and territory'],['Spanish'],Colombia,,,CC BY-NC-SA,,https://revistas.uexternado.edu.co/index.php/opera/about#openAccessPolicy,,True,https://revistas.uexternado.edu.co/index.php/opera/about#openAccessPolicy,Double anonymous peer review,https://revistas.uexternado.edu.co/index.php/opera/about#peerReviewProcess,True,https://revistas.uexternado.edu.co/index.php/opera/about,https://revistas.uexternado.edu.co/index.php/opera/about/editorialTeam,https://revistas.uexternado.edu.co/index.php/opera/about/submissions,16,False,https://revistas.uexternado.edu.co/index.php/opera/about/submissions,False,,False,,PKP PN,,https://portal.issn.org/resource/ISSN/2346-2159,Open Policy Finder,https://openpolicyfinder.jisc.ac.uk/publication/24977,DOI,True,,,J|JF20-2112,False,No,No,Political science: Political institutions and public administration (General),2015-08-24,2026-06-19,2026-06-19,674,2026-07-02,,,100.0,imputado,['publindex'],mediana_global,False,2,,,True,False,2026-09-12
1657-6527,,,"Fuentes, El Reventón Energético",2016,B,Colombia,Centro Oriente,Santander,Bucaramanga,68001,No registra,Otras Ingenierías y Tecnologías,Ingeniería y Tecnología,UNIVERSIDAD INDUSTRIAL DE SANTANDER,IES,,,930,1657-6527,fuentes reventon energetico,CO,2026-09-12,consolidado,a74a4fe8e33b51d6,,,,,,,,,0,,,,,,,,,,,,,,http://revistas.uis.edu.co/index.php/revistafuentes,https://doaj.org/toc/bf61eae84aef4dd78b652b88e4b5d1a1,2003,,1657-6527,2145-8502,"['energy sources' 'oil' 'gas' 'hydrocarbons'
 'alternative sources of energy']",['Portuguese' 'English' 'Spanish'],Colombia,,,CC BY,,https://revistas.uis.edu.co/index.php/revistafuentes/about,True,False,https://revistas.uis.edu.co/index.php/revistafuentes/about/submissions,Double anonymous peer review,http://revistas.uis.edu.co/index.php/revistafuentes/about,True,https://revistas.uis.edu.co/index.php/revistafuentes/about,https://revistas.uis.edu.co/index.php/revistafuentes/about/editorialTeam,http://revistas.uis.edu.co/public/journals/11/docs/Fuentes_NormasEditoriales_esES.pdf,15,False,https://revistas.uis.edu.co/index.php/revistafuentes/about,False,,False,,,,,,,DOI,True,,,TK1-9971|TJ807-830,False,No,No,Technology: Electrical engineering. Electronics. Nuclear engineering | Technology: Mechanical engineering and machinery: Renewable energy sources,2018-07-06,2022-10-26,2022-10-26,250,2023-12-01,,,100.0,imputado,['publindex'],mediana_global,False,2,,,True,False,2026-09-12
0122-1108,,,Pensamiento Jurídico,2016,C,Colombia,Distrito Capital,"Bogotá, D. C.","Bogotá, D.C.",11001,Derecho,Derecho,Ciencias Sociales,UNIVERSIDAD NACIONAL DE COLOMBIA,IES,,,"1,113",0122-1108,pensamiento juridico,CO,2026-09-12,consolidado,6a683c3d5817dfb0,,,,,,,,,0,,,,,,,,,,,,,,https://revistas.unal.edu.co/index.php/peju,https://doaj.org/toc/7d3ab9628a594431bfa43f51677d0396,1994,,0122-1108,2357-6170,['social sciences' 'constitutional law' 'history of law'],['Spanish' 'Portuguese' 'English'],Colombia,,,CC BY-NC,,http://www.revistas.unal.edu.co/index.php/peju/about/editorialPolicies#openAccessPolicy,,True,https://revistas.unal.edu.co/index.php/peju/about/submissions,Double anonymous peer review,http://www.revistas.unal.edu.co/index.php/peju/about/editorialPolicies#focusAndScope,True,http://www.revistas.unal.edu.co/index.php/peju/about/editorialPolicies#focusAndScope,http://www.revistas.unal.edu.co/index.php/peju/about/displayMembership/260,http://www.revistas.unal.edu.co/index.php/peju/about/submissions#authorGuidelines,16,False,http://www.revistas.unal.edu.co/index.php/peju/about/editorialPolicies#focusAndScope,False,,False,,PKP PN,,https://portal.issn.org/resource/ISSN/2357-6170,,,,True,,,K1-7720,False,No,No,Law: Law in general. Comparative and uniform law. Jurisprudence,2013-05-29,2024-08-13,2024-08-13,582,2025-09-25,,,100.0,imputado,['publindex'],mediana_global,False,1,,,True,False,2026-09-12
1794-7561,2463-1035,,Revista De Economía & Administración,2016,C,Colombia,Pacífico,Valle del Cauca,Cali,76001,Economía,Economía y Negocios,Ciencias Sociales,UNIVERSIDAD DE SAN BUENAVENTURA CALI,IES,,,847,1794-7561,economia administracion,CO,2026-09-12,consolidado,58e36593f8bebfd5,,,,,,,,,0,,,,,,,,,,,,,,,,,,,,,,,,,,,,,,,,,,,,,,,,,,,,,,,,,,,,,,,,,,,,,,,,,100.0,imputado,['publindex'],mediana_global,False,1,,,True,,2026-09-12
1657-4214,,,Perfil De Coyuntura Economica,2016,A2,No disponible,No disponible,No disponible,No disponible,,Economía,Economía y Negocios,Ciencias Sociales,UNIVERSIDAD DE ANTIOQUIA,IES,,,"1,161",1657-4214,perfil coyuntura economica,,2026-09-12,consolidado,630a24ebc2ee3dcb,,,,,,,,,0,,,,,,,,,,,,,,,,,,,,,,,,,,,,,,,,,,,,,,,,,,,,,,,,,,,,,,,,,,,,,,,,,100.0,imputado,['publindex'],mediana_global,False,3,,,False,,2026-09-12
0120-8411,,,Acta De Otorrinolaringología & Cirugía De Cabeza Y Cuello,2016,C,Colombia,Distrito Capital,"Bogotá, D. C.","Bogotá, D.C.",11001,No registra,Medicina Clínica,Ciencias Médicas y de la Salud,ASOCIACION COLOMBIANA DE OTORRINOLARINGOLOGIA,Otras,,,"1,136",0120-8411,acta otorrinolaringologia cirugia cabeza cuello,CO,2026-09-12,consolidado,5b01eaaa7a90ea59,,,,,,,,,0,,,,,,,,,,,,,,,,,,,,,,,,,,,,,,,,,,,,,,,,,,,,,,,,,,,,,,,,,,,,,,,,,100.0,imputado,['publindex'],mediana_area,False,1,,,True,,2026-09-12
2011-9836,,,In Vestigium Ire,2016,C,Colombia,Centro Oriente,Boyacá,Tunja,15001,No registra,Derecho,Ciencias Sociales,UNIVERSIDAD SANTO TOMAS,IES,,,443,2011-9836,vestigium ire,CO,2026-09-12,consolidado,8ff6f02d73e48b43,,,,,,,,,0,,,,,,,,,,,,,,http://revistas.ustatunja.edu.co/index.php/ivestigium,https://doaj.org/toc/b07af76e06d64180ad1c17dfb97adf21,2008,,2011-9836,2422-2151,['economy' 'international business' 'social sciences'],['Spanish'],Colombia,Universidad Santo Tomás,,CC BY-NC-ND,,http://revistas.ustatunja.edu.co/index.php/ivestigium,,False,,Double anonymous peer review,http://revistas.ustatunja.edu.co/index.php/ivestigium/about/editorialPolicies#peerReviewProcess,True,http://revistas.ustatunja.edu.co/index.php/ivestigium/about/editorialPolicies#focusAndScope,http://revistas.ustatunja.edu.co/index.php/ivestigium/about/editorialTeam,http://revistas.ustatunja.edu.co/index.php/ivestigium/about/submissions#authorGuidelines,16,False,http://revistas.ustatunja.edu.co/index.php/ivestigium/about/editorialPolicies#custom-5,False,,False,http://revistas.ustatunja.edu.co/index.php/ivestigium/about/editorialPolicies#custom-5,,,,,,,True,,,HF5001-6182,False,No,No,Social Sciences: Commerce: Business,2019-07-23,2019-07-23,2019-07-23,0,,,,100.0,imputado,['publindex'],mediana_global,False,1,,,True,False,2026-09-12
0124-4361,,,Memorias,2016,C,Colombia,Distrito Capital,"Bogotá, D. C.","Bogotá, D.C.",11001,No registra,Otras Ciencias Sociales,Ciencias Sociales,CORPORACION CLINICA UNIVERSIDAD COOPERATIVA DE COLOMBIA,Otras,,,717,0124-4361,memorias,CO,2026-09-12,consolidado,9d627daa74875f51,,,,,,,,,0,,,,,,,,,,,,,,,,,,,,,,,,,,,,,,,,,,,,,,,,,,,,,,,,,,,,,,,,,,,,,,,,,100.0,imputado,['publindex'],mediana_global,False,1,,,True,,2026-09-12
0121-0041,,,Revista Colombiana De Medicina Física Y Rehabilitación,2016,C,Colombia,Distrito Capital,"Bogotá, D. C.","Bogotá, D.C.",11001,No registra,Ciencias de la Salud,Ciencias Médicas y de la Salud,ASOCIACION COLOMBIANA DE MEDICINA FISICA Y REHABILITACION,Otras,,,996,0121-0041,colombiana medicina fisica rehabilitacion,CO,2026-09-12,consolidado,3792f2235755a022,,,,,,,,,0,,,,,,,,,,,,,,https://revistacmfr.org,https://doaj.org/toc/3f15a4b320c843e88236f8dd28d7e97e,2011,,0121-0041,2256-5655,"['physical therapy' 'rehabilitation' 'musculoskeletal rehabilitation'
 'orthoses' 'electrodiagnostic medicine' 'chronic pain']",['Spanish' 'English'],Colombia,,,CC BY-NC-ND,,https://revistacmfr.org/index.php/rcmfr/about#pol%C3%ADtica_acceso,True,False,https://revistacmfr.org/index.php/rcmfr/about#aspectos_%C3%A9ticos,Double anonymous peer review,https://revistacmfr.org/index.php/rcmfr/about#enfoque_alcance,True,https://revistacmfr.org/index.php/rcmfr/about#enfoque_alcance,https://revistacmfr.org/index.php/rcmfr/about/editorialTeam,https://revistacmfr.org/index.php/rcmfr/about/submissions,90,False,https://revistacmfr.org/index.php/rcmfr/about,False,,False,,,,,,,DOI,True,,,RC925-935|R,False,No,No,Medicine: Internal medicine: Specialties of internal medicine: Diseases of the musculoskeletal system,2022-08-02,2022-08-02,2022-08-02,337,2026-08-06,,,100.0,imputado,['publindex'],mediana_area,False,1,,,True,False,2026-09-12
1794-5232,,,Cultura Del Cuidado Enfermeria,2016,C,Colombia,Eje Cafetero,Risaralda,Pereira,66001,Enfermería,Ciencias de la Salud,Ciencias Médicas y de la Salud,UNIVERSIDAD LIBRE DE COLOMBIA,IES,,,723,1794-5232,cultura cuidado enfermeria,CO,2026-09-12,consolidado,3bb46db892d2d71e,,,,,,,,,0,,,,,,,,,,,,,,,,,,,,,,,,,,,,,,,,,,,,,,,,,,,,,,,,,,,,,,,,,,,,,,,,,100.0,imputado,['publindex'],mediana_area,False,1,,,True,,2026-09-12
1692-8415,,,Revista Ciencia  Y Tecnología Para La Salud Visual Y Ocular,2016,C,Colombia,Distrito Capital,"Bogotá, D. C.","Bogotá, D.C.",11001,No registra,Ciencias de la Salud,Ciencias Médicas y de la Salud,UNIVERSIDAD DE LA SALLE,IES,,,533,1692-8415,ciencia tecnologia para salud visual ocular,CO,2026-09-12,consolidado,16886292707edfe9,,,,,,,,,0,,,,,,,,,,,,,,http://saludvisual.lasalle.edu.co,https://doaj.org/toc/dc1b1169f7da430badada00a55a99783,2003,,1692-8415,,"['vision sciences' 'amblyopia' 'ortoptics' 'contact lenses'
 'ocular pharmacology' 'optometry']",['Spanish'],Colombia,Universidad de la Salle,,CC BY-NC,,https://ciencia.lasalle.edu.co/svo/policies.html,,False,,Double anonymous peer review,https://ciencia.lasalle.edu.co/svo/policies.html,False,https://ciencia.lasalle.edu.co/svo/policies.html,https://ciencia.lasalle.edu.co/svo/editorialboard.html,https://ciencia.lasalle.edu.co/svo/policies.html,16,False,https://ciencia.lasalle.edu.co/svo/policies.html,False,,False,https://ciencia.lasalle.edu.co/svo/policies.html,,,http://saludvisual.lasalle.edu.co/,,,DOI,True,,,RE1-994,False,No,No,Medicine: Ophthalmology,2016-06-01,2019-02-27,2019-02-27,0,,,,100.0,imputado,['publindex'],mediana_area,False,1,,,True,False,2026-09-12
,0123-8884,,Affectio Societatis,2016,C,Colombia,Eje Cafetero,Antioquia,Medellín,05001,No registra,Psicología,Ciencias Sociales,UNIVERSIDAD DE ANTIOQUIA,IES,,,439,0123-8884,affectio societatis,CO,2026-09-12,consolidado,577bed33915dab72,,,,,,,,,0,,,,,,,,,,,,,,https://revistas.udea.edu.co/index.php/affectiosocietatis,https://doaj.org/toc/5fdfd07958b34cc4ad7466133db0f1ae,2015,,0123-8884,,['psychoanalysis' 'freud' 'clinical investigation'],['Portuguese' 'Spanish'],Colombia,,,CC BY-NC-SA,,https://revistas.udea.edu.co/index.php/affectiosocietatis/about,,False,https://revistas.udea.edu.co/index.php/affectiosocietatis/about/submissions,Double anonymous peer review,https://revistas.udea.edu.co/index.php/affectiosocietatis/about,False,https://revistas.udea.edu.co/index.php/affectiosocietatis/about,https://revistas.udea.edu.co/index.php/affectiosocietatis/about/editorialTeam,https://revistas.udea.edu.co/index.php/affectiosocietatis/about/submissions,24,False,https://revistas.udea.edu.co/index.php/affectiosocietatis/about/submissions,False,,False,,PKP PN,,http://aprendeenlinea.udea.edu.co/revistas/index.php/affectiosocietatis/about/editorialPolicies#archiving,,,,True,,,B|BF1-990,False,No,No,Philosophy. Psychology. Religion: Psychology,2010-09-27,2022-09-20,2022-09-20,354,2023-06-21,,,100.0,imputado,['publindex'],mediana_global,False,1,,,True,False,2026-09-12
0123-5095,2389-9441,,Cuestiones De Filosofía,2016,C,Colombia,Centro Oriente,Boyacá,Tunja,15001,Filosofía,Otras Humanidades,Humanidades,UNIVERSIDAD PEDAGOGICA Y TECNOLOGICA DE COLOMBIA,IES,,,507,0123-5095,cuestiones filosofia,CO,2026-09-12,consolidado,ec87f14d92ec9b43,,,,,,,,,0,,,,,,,,,,,,,,http://revistas.uptc.edu.co/index.php/cuestiones_filosofia,https://doaj.org/toc/4782c2b904e7497bac6342c753dd2974,2013,,0123-5095,2389-9441,"['humanities' 'philosophy' 'education' 'theoretical philosophy'
 'epistemology']",['Spanish'],Colombia,"Universidad Pedagógica y Tecnológica de Colombia, Escuela de Filosofía y Humanidades",,CC BY-NC-SA,,http://revistas.uptc.edu.co/index.php/cuestiones_filosofia/about/editorialPolicies#openAccessPolicy,,False,,Double anonymous peer review,http://revistas.uptc.edu.co/index.php/cuestiones_filosofia/about/editorialPolicies#peerReviewProcess,True,http://revistas.uptc.edu.co/index.php/cuestiones_filosofia/about/editorialPolicies#focusAndScope,http://revistas.uptc.edu.co/index.php/cuestiones_filosofia/about/editorialTeam,http://revistas.uptc.edu.co/index.php/cuestiones_filosofia/about/submissions#authorGuidelines,12,False,http://revistas.uptc.edu.co/index.php/cuestiones_filosofia/about/editorialPolicies#openAccessPolicy,False,,False,http://revistas.uptc.edu.co/index.php/cuestiones_filosofia/about/editorialPolicies#openAccessPolicy,,,,,,,True,,,B|B1-5802,False,No,No,Philosophy. Psychology. Religion: Philosophy (General),2018-01-30,2020-06-22,2020-06-22,431,2026-07-03,,,100.0,imputado,['publindex'],mediana_global,False,1,,,True,True,2026-09-12
1794-6638,,,Ratio Juris,2016,C,Colombia,Eje Cafetero,Antioquia,Medellín,05001,Derecho,Derecho,Ciencias Sociales,UNIVERSIDAD AUTONOMA LATINOAMERICANA UNAULA,IES,,,"1,102",1794-6638,ratio juris,CO,2026-09-12,consolidado,874ffa81707d1f6e,,,,,,,,,0,,,,,,,,,,,,,,https://publicaciones.unaula.edu.co/index.php/ratiojuris,https://doaj.org/toc/a2204696d49745a8a22ef25ccb97fa9c,2004,,1794-6638,2619-4066,"['law' 'history of law' 'legal anthropology' 'philosophy of law'
 'legal psicology']",['Spanish'],Colombia,Universidad Autónoma Latinoamericana,,CC BY-NC-ND,,https://publicaciones.unaula.edu.co/index.php/ratiojuris/about,,True,http://publicaciones.unaula.edu.co/index.php/ratiojuris/about/submissions#copyrightNotice,Double anonymous peer review,https://publicaciones.unaula.edu.co/index.php/ratiojuris/pautas_eticas,False,https://publicaciones.unaula.edu.co/index.php/ratiojuris/about,https://publicaciones.unaula.edu.co/index.php/ratiojuris/about/editorialTeam,http://publicaciones.unaula.edu.co/index.php/ratiojuris/about/submissions#onlineSubmissions,12,False,https://publicaciones.unaula.edu.co/index.php/ratiojuris/about,False,,False,,,,,,,,True,,,K1-7720|K201-487,False,No,No,Law: Law in general. Comparative and uniform law. Jurisprudence: Jurisprudence. Philosophy and theory of law,2018-03-15,2023-05-02,2023-05-02,654,2026-07-16,,,100.0,imputado,['publindex'],mediana_global,False,1,,,True,True,2026-09-12
1794-6298,,,Vox Populi- Revista De La Escuela De Finanzas Y Estudios Internacionales De La Fundación Universitaria San Martín (Sede Bogotá),2016,C,No disponible,No disponible,No disponible,No disponible,,Economía,Economía y Negocios,Ciencias Sociales,FUNDACION UNIVERSITARIA SAN MARTIN,IES,,,205,1794-6298,vox populi escuela finanzas estudios internacionales fundacion universitaria san martin sede bogota,,2026-09-12,consolidado,9a3a5469fc935612,,,,,,,,,0,,,,,,,,,,,,,,,,,,,,,,,,,,,,,,,,,,,,,,,,,,,,,,,,,,,,,,,,,,,,,,,,,100.0,imputado,['publindex'],mediana_global,False,1,,,False,,2026-09-12
1692-1399,,,Revista De Tecnología,2016,C,Colombia,Distrito Capital,"Bogotá, D. C.","Bogotá, D.C.",11001,Ingeniería de Producción,Otras Ingenierías y Tecnologías,Ingeniería y Tecnología,UNIVERSIDAD EL BOSQUE,IES,,,603,1692-1399,tecnologia,CO,2026-09-12,consolidado,d308159370de54fc,,,,,,,,,0,,,,,,,,,,,,,,,,,,,,,,,,,,,,,,,,,,,,,,,,,,,,,,,,,,,,,,,,,,,,,,,,,100.0,imputado,['publindex'],mediana_global,False,1,,,True,,2026-09-12
1657-2815,,,Libre Empresa,2016,C,Colombia,Pacífico,Valle del Cauca,Cali,76001,Negocios y Management,Economía y Negocios,Ciencias Sociales,UNIVERSIDAD LIBRE DE COLOMBIA,IES,,,692,1657-2815,libre empresa,CO,2026-09-12,consolidado,33d30b252a87cf06,,,,,,,,,0,,,,,,,,,,,,,,,,,,,,,,,,,,,,,,,,,,,,,,,,,,,,,,,,,,,,,,,,,,,,,,,,,100.0,imputado,['publindex'],mediana_global,False,1,,,True,,2026-09-12
0121-3652,,,Revista Uninpahu,2016,C,Colombia,Distrito Capital,"Bogotá, D. C.","Bogotá, D.C.",11001,"Ciencias Sociales, Interdisciplinaria",Otras Ciencias Sociales,Ciencias Sociales,FUNDACION UNIVERSITARIA UNINPAHU,IES,,,552,0121-3652,uninpahu,CO,2026-09-12,consolidado,6198682d33fda913,,,,,,,,,0,,,,,,,,,,,,,,,,,,,,,,,,,,,,,,,,,,,,,,,,,,,,,,,,,,,,,,,,,,,,,,,,,100.0,imputado,['publindex'],mediana_global,False,1,,,True,,2026-09-12
2011-3501,,,Dialectica Libertadora,2016,C,Colombia,Distrito Capital,"Bogotá, D. C.","Bogotá, D.C.",11001,Otras Ciencias Sociales,Otras Ciencias Sociales,Ciencias Sociales,FUNDACION UNIVERSITARIA LOS LIBERTADORES,IES,,,41,2011-3501,dialectica libertadora,CO,2026-09-12,consolidado,123e3862dddbd6d2,,,,,,,,,0,,,,,,,,,,,,,,,,,,,,,,,,,,,,,,,,,,,,,,,,,,,,,,,,,,,,,,,,,,,,,,,,,100.0,imputado,['publindex'],mediana_global,False,1,,,True,,2026-09-12
0120-3754,2500-5227,,Administración & Desarrollo,2016,C,Colombia,Distrito Capital,"Bogotá, D. C.","Bogotá, D.C.",11001,No registra,Economía y Negocios,Ciencias Sociales,ESCUELA SUPERIOR DE ADMINISTRACION PUBLICA,IES,,,523,0120-3754,administracion desarrollo,CO,2026-09-12,consolidado,7eb42db2a8130020,,,,,,,,,0,,,,,,,,,,,,,,https://revistas.esap.edu.co/index.php/admindesarro,https://doaj.org/toc/b040da75bdc441139a58e62f5cbb71a1,2009,,0120-3754,2500-5227,"['public administration' 'governance' 'public policies' 'public sector'
 'state capacity']",['Portuguese' 'English' 'Spanish'],Colombia,,,CC BY-NC-SA,,https://revistas.esap.edu.co/index.php/admindesarro/about,True,False,https://revistas.esap.edu.co/index.php/admindesarro/about/submissions,Double anonymous peer review,https://revistas.esap.edu.co/index.php/admindesarro/about,False,https://revistas.esap.edu.co/index.php/admindesarro/about,https://revistas.esap.edu.co/index.php/admindesarro/about/editorialTeam,https://revistas.esap.edu.co/index.php/admindesarro/about/submissions,20,False,https://revistas.esap.edu.co/index.php/admindesarro/about,False,,False,,PKP PN,,https://revistas.esap.edu.co/index.php/admindesarro/about,,,DOI,True,,,JF20-2112,False,No,No,Political science: Political institutions and public administration (General),2025-12-01,2025-12-01,2025-12-01,301,2026-07-30,,,100.0,imputado,['publindex'],mediana_global,False,1,,,True,False,2026-09-12
0121-8670,,,Criterios,2016,C,Colombia,Pacífico,Nariño,Pasto,52001,No registra,Otras Ciencias Sociales,Ciencias Sociales,UNIVERSIDAD MARIANA UNIMAR,IES,,,182,0121-8670,criterios,CO,2026-09-12,consolidado,8d02b16cf7dcd8fd,,,,,,,,,0,,,,,,,,,,,,,,https://revistas.umariana.edu.co/index.php/Criterios/index,https://doaj.org/toc/c5b9f5c3493f43deabf69406aaa9c5a9,2014,,0121-8670,2256-1161,['investigation' 'science' 'education' 'social sciences'],['Spanish' 'English' 'Portuguese'],Colombia,Universidad Mariana,Colombia,CC BY,,https://revistas.umariana.edu.co/index.php/Criterios/Politicadeetica,True,True,https://revistas.umariana.edu.co/index.php/Criterios/about/submissions,Double anonymous peer review,https://revistas.umariana.edu.co/index.php/Criterios/Guiaparaparesevaluadores,True,https://revistas.umariana.edu.co/index.php/Criterios/Enfoque,https://revistas.umariana.edu.co/index.php/Criterios/comiteeditorial,https://revistas.umariana.edu.co/index.php/Criterios/Guiaparalosautores,24,False,https://revistas.umariana.edu.co/index.php/Criterios/Enfoque,False,,False,,,,,,,DOI,True,,,AP1-271,False,No,No,General Works: Periodicals,2021-03-08,2026-08-09,2022-05-30,315,2026-08-10,,,100.0,imputado,['publindex'],mediana_global,False,1,,,True,False,2026-09-12
2011-4680,,,Impetus,2016,C,Colombia,Llano,Meta,Villavicencio,50001,No registra,Arte,Humanidades,UNIVERSIDAD DE LOS LLANOS,IES,,,"1,099",2011-4680,impetus,CO,2026-09-12,consolidado,0364e6c7835f9661,,,,,,,,,0,,,,,,,,,,,,,,,,,,,,,,,,,,,,,,,,,,,,,,,,,,,,,,,,,,,,,,,,,,,,,,,,,100.0,imputado,['publindex'],mediana_global,False,1,,,True,,2026-09-12
1657-9553,,,Revista Facultad De Ciencias Contables Económicas Y Administrativas Faccea,2016,C,Colombia,Centro Sur,Caquetá,Florencia,18001,No registra,Economía y Negocios,Ciencias Sociales,UNIVERSIDAD DE LA AMAZONIA,IES,,,,1657-9553,facultad ciencias contables economicas administrativas faccea,CO,2026-09-12,consolidado,475cadeaa9a0b541,,,,,,,,,0,,,,,,,,,,,,,,,,,,,,,,,,,,,,,,,,,,,,,,,,,,,,,,,,,,,,,,,,,,,,,,,,,100.0,imputado,['publindex'],mediana_global,False,1,,,True,,2026-09-12
0123-9465,,,Ambiente Jurídico,2016,C,Colombia,Eje Cafetero,Caldas,Manizales,17001,No registra,Derecho,Ciencias Sociales,UNIVERSIDAD DE MANIZALES UMANIZALES,IES,,,"1,105",0123-9465,ambiente juridico,CO,2026-09-12,consolidado,f057d86a3481539b,,,,,,,,,0,,,,,,,,,,,,,,,,,,,,,,,,,,,,,,,,,,,,,,,,,,,,,,,,,,,,,,,,,,,,,,,,,100.0,imputado,['publindex'],mediana_global,False,1,,,True,,2026-09-12
1909-7050,2389-9468,,Ciencia Y Poder Aéreo,2016,C,Colombia,Distrito Capital,"Bogotá, D. C.","Bogotá, D.C.",11001,Otras Ciencias Sociales,Otras Ciencias Sociales,Ciencias Sociales,FUERZA AEREA COLOMBIANA,Entidades de Gobierno,ESCUELA DE POSTGRADOS DE LA FUERZA AEREA COLOMBIANA,,874,1909-7050,ciencia poder aereo,CO,2026-09-12,consolidado,70e2dfe22ccaa654,,,,,,,,,0,,,,,,,,,,,,,,http://www.publicacionesfac.com,https://doaj.org/toc/4fdd9902506d4817a17615f2875b4b91,2011,,1909-7050,2389-9468,"['aerospace' 'aviation' 'operational safety' 'technology'
 'military strategy' 'military operations']",['Spanish' 'English'],Colombia,,,CC BY,,https://publicacionesfac.com/index.php/cienciaypoderaereo/about,,False,https://publicacionesfac.com/index.php/cienciaypoderaereo/about,Peer review,https://publicacionesfac.com/index.php/cienciaypoderaereo/about,True,https://publicacionesfac.com/index.php/cienciaypoderaereo/about,https://publicacionesfac.com/index.php/cienciaypoderaereo/about/editorialTeam,https://publicacionesfac.com/index.php/cienciaypoderaereo/about/submissions,16,False,https://publicacionesfac.com/index.php/cienciaypoderaereo/about/submissions,False,,False,,,,,,,,True,,,TL1-4050|U,False,No,No,Technology: Motor vehicles. Aeronautics. Astronautics | Military Science,2016-09-23,2022-02-14,2022-02-14,324,2022-11-10,,,100.0,imputado,['publindex'],mediana_global,False,1,,,True,False,2026-09-12
1794-8347,,,Revista Ciencias Estratégicas,2016,B,Colombia,Eje Cafetero,Antioquia,Medellín,05001,Negocios y Management,Economía y Negocios,Ciencias Sociales,UNIVERSIDAD PONTIFICIA BOLIVARIANA,IES,,,737,1794-8347,ciencias estrategicas,CO,2026-09-12,consolidado,8065272e5ceb2d23,,,,,,,,,0,,,,,,,,,,,,,,,,,,,,,,,,,,,,,,,,,,,,,,,,,,,,,,,,,,,,,,,,,,,,,,,,,100.0,imputado,['publindex'],mediana_global,False,2,,,True,,2026-09-12
1909-9851,,,Puente Revista Científica,2016,C,No disponible,No disponible,No disponible,No disponible,,Otras Ingenierías y Tecnologías,Otras Ingenierías y Tecnologías,Ingeniería y Tecnología,UNIVERSIDAD PONTIFICIA BOLIVARIANA,IES,,,99,1909-9851,puente cientifica,,2026-09-12,consolidado,71049b6cf1b47c38,,,,,,,,,0,,,,,,,,,,,,,,,,,,,,,,,,,,,,,,,,,,,,,,,,,,,,,,,,,,,,,,,,,,,,,,,,,100.0,imputado,['publindex'],mediana_global,False,1,,,False,,2026-09-12
2011-5253,2422-278X,,Ciudad Paz-Ando,2016,C,Colombia,Distrito Capital,"Bogotá, D. C.","Bogotá, D.C.",11001,"Ciencias Sociales, Interdisciplinaria",Otras Ciencias Sociales,Ciencias Sociales,UNIVERSIDAD DISTRITAL FRANCISCO JOSE DE CALDAS,IES,,,"1,036",2011-5253,ciudad paz ando,CO,2026-09-12,consolidado,86b3f15fd3e5a858,,,,,,,,,0,,,,,,,,,,,,,,http://revistas.udistrital.edu.co/ojs/index.php/cpaz/index,https://doaj.org/toc/df316897e40345e9b090c120b26d175b,2008,,2011-5253,2422-278X,['peace' 'conflict' 'pedagogy' 'social sciences' 'democracy' 'memory'],['English' 'Spanish'],Colombia,"El Instituto para la Pedagogía, la Paz y el Conflicto Urbano (IPAZUD)",Colombia,CC BY-NC-SA,,https://revistas.udistrital.edu.co/index.php/cpaz/about/submissions,True,False,https://revistas.udistrital.edu.co/index.php/cpaz/about/submissions,Double anonymous peer review,https://revistas.udistrital.edu.co/index.php/cpaz/evaluacion,True,https://revistas.udistrital.edu.co/index.php/cpaz/about,https://revistas.udistrital.edu.co/index.php/cpaz/about/editorialTeam,https://revistas.udistrital.edu.co/index.php/cpaz/about/submissions,4,False,https://revistas.udistrital.edu.co/index.php/cpaz/calidad,False,,False,,,,,,,DOI,True,,,H|HM401-1281,False,No,No,Social Sciences: Sociology (General),2015-09-23,2021-09-25,2021-09-25,156,2023-04-11,,,100.0,imputado,['publindex'],mediana_global,False,1,,,True,True,2026-09-12
2011-8643,,,Magistro,2016,C,No disponible,No disponible,No disponible,No disponible,,"Educación General (Incluye Capacitación, Pedagogía)",Ciencias de la Educación,Ciencias Sociales,UNIVERSIDAD SANTO TOMAS,IES,,,356,2011-8643,magistro,,2026-09-12,consolidado,b31ddf6cb401c0b2,,,,,,,,,0,,,,,,,,,,,,,,,,,,,,,,,,,,,,,,,,,,,,,,,,,,,,,,,,,,,,,,,,,,,,,,,,,100.0,imputado,['publindex'],mediana_global,False,1,,,False,,2026-09-12
1692-5238,,,S&T : Sistemas Y Telemática,2016,C,Colombia,Pacífico,Valle del Cauca,Cali,76001,Ingeniería Eléctrica y Electrónica,"Ingenierías Eléctrica, Electrónica e Informática",Ingeniería y Tecnología,UNIVERSIDAD ICESI,IES,,,518,1692-5238,s t sistemas telematica,CO,2026-09-12,consolidado,5ef8b5af3a5ba3b7,,,,,,,,,0,,,,,,,,,,,,,,,,,,,,,,,,,,,,,,,,,,,,,,,,,,,,,,,,,,,,,,,,,,,,,,,,,100.0,imputado,['publindex'],mediana_global,False,1,,,True,,2026-09-12
2145-6445,,,Revista Latinoamericana De Estudios De Familia,2016,B,Colombia,Eje Cafetero,Caldas,Manizales,17001,No registra,Otras Ciencias Sociales,Ciencias Sociales,UNIVERSIDAD DE CALDAS,IES,,,907,2145-6445,latinoamericana estudios familia,CO,2026-09-12,consolidado,e2fb918f5718ca69,,,,,,,,,0,,,,,,,,,,,,,,https://revistasojs.ucaldas.edu.co/index.php/revlatinofamilia,https://doaj.org/toc/7796c1432e2b40e5af27b2d1afc9f74a,2009,,2145-6445,2215-8758,"['family studies' 'gender studies' 'social science' 'diversity'
 'public policies']",['Portuguese' 'English' 'Spanish'],Colombia,,,CC BY,,https://revistasojs.ucaldas.edu.co/index.php/revlatinofamilia/ethics,True,False,https://revistasojs.ucaldas.edu.co/index.php/revlatinofamilia/ethics,Double anonymous peer review,https://revistasojs.ucaldas.edu.co/index.php/revlatinofamilia/about/submissions,True,https://revistasojs.ucaldas.edu.co/index.php/revlatinofamilia,https://revistasojs.ucaldas.edu.co/index.php/revlatinofamilia/about/editorialTeam,https://revistasojs.ucaldas.edu.co/index.php/revlatinofamilia/about/submissions,40,False,https://revistasojs.ucaldas.edu.co/index.php/revlatinofamilia/about,False,,False,,,,,,,,True,,,HQ1-2044,False,No,No,Social Sciences: The family. Marriage. Woman,2019-02-23,2023-12-15,2023-12-15,233,2026-01-25,,,100.0,imputado,['publindex'],mediana_global,False,2,,,True,False,2026-09-12
2011-513X,,,Revista Ciencia Animal,2016,C,Colombia,Distrito Capital,"Bogotá, D. C.","Bogotá, D.C.",11001,No registra,Ciencias Veterinarias,Ciencias Agrícolas,UNIVERSIDAD DE LA SALLE,IES,,,869,2011-513X,ciencia animal,CO,2026-09-12,consolidado,20be8fc564800a65,,,,,,,,,0,,,,,,,,,,,,,,,,,,,,,,,,,,,,,,,,,,,,,,,,,,,,,,,,,,,,,,,,,,,,,,,,,200.0,imputado,['publindex'],mediana_area,False,1,,,True,,2026-09-12
2215-7840,2389-7252,,Revista Ciencias Biomédicas,2016,C,Colombia,Caribe,Bolívar,Cartagena de Indias,13001,No registra,Ciencias de la Salud,Ciencias Médicas y de la Salud,UNIVERSIDAD DE CARTAGENA,IES,,,746,2215-7840,ciencias biomedicas,CO,2026-09-12,consolidado,161be1b0c6a17ed3,,,,,,,,,0,,,,,,,,,,,,,,https://revistas.unicartagena.edu.co/index.php/cbiomedicas/index,https://doaj.org/toc/592fc35ac1734dd28c4ae7d9e96b6c9e,2010,,2215-7840,2389-7252,"['biotechnology' 'biomedical sciences' 'basic medical sciences'
 'clinical medicine' 'health sciences']",['Spanish'],Colombia,,,CC BY-NC-SA,,https://revistas.unicartagena.edu.co/index.php/cbiomedicas/about/submissions,True,True,https://revistas.unicartagena.edu.co/index.php/cbiomedicas/about/submissions,Double anonymous peer review,https://revistas.unicartagena.edu.co/index.php/cbiomedicas/about/peerevaluation,True,https://revistas.unicartagena.edu.co/index.php/cbiomedicas/about,https://revistas.unicartagena.edu.co/index.php/cbiomedicas/about/editorialTeam,https://revistas.unicartagena.edu.co/index.php/cbiomedicas/about/reglamento,8,False,https://revistas.unicartagena.edu.co/index.php/cbiomedicas/about/editorialPolicies,False,,False,,,,,,,DOI,True,,,R5-920,False,No,No,Medicine: Medicine (General),2021-06-21,2021-06-21,2021-06-21,892,2026-05-23,,,100.0,imputado,['publindex'],mediana_area,False,1,,,True,True,2026-09-12
2011-7191,,,Movimiento Científico,2016,C,Colombia,Distrito Capital,"Bogotá, D. C.","Bogotá, D.C.",11001,No registra,Ciencias de la Salud,Ciencias Médicas y de la Salud,CORPORACION UNIVERSITARIA IBEROAMERICANA,IES,,,878,2011-7191,movimiento cientifico,CO,2026-09-12,consolidado,548ab87785b4aa0c,,,,,,,,,0,,,,,,,,,,,,,,https://revmovimientocientifico.ibero.edu.co/index,https://doaj.org/toc/72ffaeb4c9dc43499ad0c0c5f9fa329d,2007,,2011-7191,2463-2236,"['physical therapy' 'rehabilitation' 'occupational health'
 'health education' 'exercise therapy' 'respiratory therapy']",['Spanish'],Colombia,Corporación Universitaria Iberoamericana,Colombia,CC BY-NC-SA,,https://revmovimientocientifico.ibero.edu.co/accesoabierto,True,True,https://revmovimientocientifico.ibero.edu.co/about/submissions,Double anonymous peer review,https://revmovimientocientifico.ibero.edu.co/pares,False,https://revmovimientocientifico.ibero.edu.co/about#focusAndScope,https://revmovimientocientifico.ibero.edu.co/about/editorialTeam,https://revmovimientocientifico.ibero.edu.co/paraautores,16,False,https://revmovimientocientifico.ibero.edu.co/,False,,False,,,,,,,DOI,True,,,R5-920,False,No,No,Medicine: Medicine (General),2020-10-15,2023-05-25,2023-05-25,183,2026-03-20,,,100.0,imputado,['publindex'],mediana_area,False,1,,,True,False,2026-09-12
2011-0413,,,Revista Investigaciones Aplicadas,2016,C,No disponible,No disponible,No disponible,No disponible,,No registra,Otras Ingenierías y Tecnologías,Ingeniería y Tecnología,UNIVERSIDAD PONTIFICIA BOLIVARIANA,IES,,,"1,152",2011-0413,investigaciones aplicadas,,2026-09-12,consolidado,660d5a0abddb108b,,,,,,,,,0,,,,,,,,,,,,,,,,,,,,,,,,,,,,,,,,,,,,,,,,,,,,,,,,,,,,,,,,,,,,,,,,,100.0,imputado,['publindex'],mediana_global,False,1,,,False,,2026-09-12
2027-3401,,,Perspectivas Educativas,2016,C,No disponible,No disponible,No disponible,No disponible,,"Educación General (Incluye Capacitación, Pedagogía)",Ciencias de la Educación,Ciencias Sociales,UNIVERSIDAD DEL TOLIMA,IES,,,396,2027-3401,perspectivas educativas,,2026-09-12,consolidado,0e876cdea9410026,,,,,,,,,0,,,,,,,,,,,,,,,,,,,,,,,,,,,,,,,,,,,,,,,,,,,,,,,,,,,,,,,,,,,,,,,,,100.0,imputado,['publindex'],mediana_global,False,1,,,False,,2026-09-12
1692-7427,,,Revista Actividad Fisica Y Desarrollo Humano,2016,C,Colombia,Centro Oriente,Norte de Santander,Pamplona,54518,"Ciencias del Cuidado de la Salud y Servicios (Administración de Hospitales, Financiamiento)",Ciencias de la Salud,Ciencias Médicas y de la Salud,UNIVERSIDAD DE PAMPLONA,IES,,,43,1692-7427,actividad fisica desarrollo humano,CO,2026-09-12,consolidado,8b9b69605f023fba,,,,,,,,,0,,,,,,,,,,,,,,,,,,,,,,,,,,,,,,,,,,,,,,,,,,,,,,,,,,,,,,,,,,,,,,,,,100.0,imputado,['publindex'],mediana_area,False,1,,,True,,2026-09-12
2027-923X,,,Elementos,2016,C,Colombia,Distrito Capital,"Bogotá, D. C.","Bogotá, D.C.",11001,No registra,Otras Ciencias Sociales,Ciencias Sociales,INSTITUCION UNIVERSITARIA POLITECNICO GRANCOLOMBIANO,IES,,,831,2027-923X,elementos,CO,2026-09-12,consolidado,44f50ae88dd0a9ed,,,,,,,,,0,,,,,,,,,,,,,,,,,,,,,,,,,,,,,,,,,,,,,,,,,,,,,,,,,,,,,,,,,,,,,,,,,100.0,imputado,['publindex'],mediana_global,False,1,,,True,,2026-09-12
0122-994X,,,Miradas,2016,C,No disponible,No disponible,No disponible,No disponible,,"Ciencias Sociales, Interdisciplinaria",Otras Ciencias Sociales,Ciencias Sociales,UNIVERSIDAD TECNOLOGICA DE PEREIRA,IES,,,788,0122-994X,miradas,,2026-09-12,consolidado,fa26f47283141c7a,,,,,,,,,0,,,,,,,,,,,,,,,,,,,,,,,,,,,,,,,,,,,,,,,,,,,,,,,,,,,,,,,,,,,,,,,,,100.0,imputado,['publindex'],mediana_global,False,1,,,False,,2026-09-12
0122-6150,,,Revista Cientifica De Unincca,2016,C,No disponible,No disponible,No disponible,No disponible,,No registra,Otras Ciencias Sociales,Ciencias Sociales,FUNDACION UNIVERSIDAD INCCA DE COLOMBIA,IES,,,886,0122-6150,cientifica unincca,,2026-09-12,consolidado,ff497c97db365755,,,,,,,,,0,,,,,,,,,,,,,,,,,,,,,,,,,,,,,,,,,,,,,,,,,,,,,,,,,,,,,,,,,,,,,,,,,100.0,imputado,['publindex'],mediana_global,False,1,,,False,,2026-09-12
0121-1935,,,Revista De Ciencias,2016,B,Colombia,Pacífico,Valle del Cauca,Cali,76001,No registra,Otras Ciencias Naturales,Ciencias Naturales,UNIVERSIDAD DEL VALLE,IES,,,"1,138",0121-1935,ciencias,CO,2026-09-12,consolidado,45d0ec80b114b80c,,,,,,,,,0,,,,,,,,,,,,,,http://revistas.univalle.edu.co/index.php/revista_de_ciencias,https://doaj.org/toc/7d2fdb05e80649b79f7802a4293e793c,2008,,0121-1935,2248-4000,['chemistry' 'natural sciences' 'sciences' 'biology' 'math' 'physics'],['Spanish'],Colombia,Universidad del Valle,,CC BY-NC-SA,,http://revistas.univalle.edu.co/index.php/revista_de_ciencias/about/#copyright,,False,,Double anonymous peer review,http://revistas.univalle.edu.co/index.php/revista_de_ciencias/about/#peerReviewProcess,False,http://revistas.univalle.edu.co/index.php/revista_de_ciencias/about/#focusAndScope,http://revistas.univalle.edu.co/index.php/revista_de_ciencias/about/editorialTeam,http://revistas.univalle.edu.co/index.php/revista_de_ciencias/information/authors,32,False,http://revistas.univalle.edu.co/index.php/revista_de_ciencias/about,False,,False,http://revistas.univalle.edu.co/index.php/revista_de_ciencias/about,,,,,,DOI,True,,,Q|Q1-390,False,No,No,Science: Science (General),2019-10-13,2019-10-13,2019-10-13,319,2026-07-25,,,100.0,imputado,['publindex'],mediana_global,False,2,,,True,False,2026-09-12
0120-4319,,,Universitas Odontologica,2016,B,Colombia,Distrito Capital,"Bogotá, D. C.","Bogotá, D.C.",11001,"Odontología, Cirugía Oral y Medicina Oral",Medicina Clínica,Ciencias Médicas y de la Salud,PONTIFICIA UNIVERSIDAD JAVERIANA,IES,,,455,0120-4319,universitas odontologica,CO,2026-09-12,consolidado,dc23c89f27c159f2,,,,,,,,,0,,,,,,,,,,,,,,,,,,,,,,,,,,,,,,,,,,,,,,,,,,,,,,,,,,,,,,,,,,,,,,,,,100.0,imputado,['publindex'],mediana_area,False,2,,,True,,2026-09-12
1900-0332,,,Ugciencia,2016,C,Colombia,Eje Cafetero,Quindío,Armenia,63001,No registra,Otras Ingenierías y Tecnologías,Ingeniería y Tecnología,UNIVERSIDAD LA GRAN COLOMBIA,IES,,,255,1900-0332,ugciencia,CO,2026-09-12,consolidado,e94e0a75a671fc90,,,,,,,,,0,,,,,,,,,,,,,,,,,,,,,,,,,,,,,,,,,,,,,,,,,,,,,,,,,,,,,,,,,,,,,,,,,100.0,imputado,['publindex'],mediana_global,False,1,,,True,,2026-09-12
1657-3498,,,Revista Institucional De La Universidad Tecnológica Del Chocó,2016,C,Colombia,Pacífico,Chocó,Quibdó,27001,No registra,Ciencias Biológicas,Ciencias Naturales,UNIVERSIDAD TECNOLOGICA DEL CHOCO DIEGO LUIS CORDOBA,IES,,,308,1657-3498,institucional universidad tecnologica choco,CO,2026-09-12,consolidado,8ecdf7a417cd90dc,,,,,,,,,0,,,,,,,,,,,,,,,,,,,,,,,,,,,,,,,,,,,,,,,,,,,,,,,,,,,,,,,,,,,,,,,,,100.0,imputado,['publindex'],mediana_global,False,1,,,True,,2026-09-12
0123-3734,,,Sotavento Mba,2016,C,Colombia,Distrito Capital,"Bogotá, D. C.","Bogotá, D.C.",11001,Negocios y Management,Economía y Negocios,Ciencias Sociales,UNIVERSIDAD EXTERNADO DE COLOMBIA,IES,,,759,0123-3734,sotavento mba,CO,2026-09-12,consolidado,514c2e2e5b89acc4,,,,,,,,,0,,,,,,,,,,,,,,,,,,,,,,,,,,,,,,,,,,,,,,,,,,,,,,,,,,,,,,,,,,,,,,,,,100.0,imputado,['publindex'],mediana_global,False,1,,,True,,2026-09-12
1692-5491,,,Momentos De Ciencia,2016,C,Colombia,Centro Sur,Caquetá,Florencia,18001,Otras Biologías,Ciencias Biológicas,Ciencias Naturales,UNIVERSIDAD DE LA AMAZONIA,IES,,,"1,072",1692-5491,momentos ciencia,CO,2026-09-12,consolidado,57a5e9d84b398398,,,,,,,,,0,,,,,,,,,,,,,,,,,,,,,,,,,,,,,,,,,,,,,,,,,,,,,,,,,,,,,,,,,,,,,,,,,100.0,imputado,['publindex'],mediana_global,False,1,,,True,,2026-09-12
2011-5733,,,Revista Criterios,2016,C,Colombia,Distrito Capital,"Bogotá, D. C.","Bogotá, D.C.",11001,No registra,Derecho,Ciencias Sociales,UNIVERSIDAD DE SAN BUENAVENTURA CALI,IES,,,824,2011-5733,criterios,CO,2026-09-12,consolidado,0a8b0f1e9f8acb4e,,,,,,,,,0,,,,,,,,,,,,,,,,,,,,,,,,,,,,,,,,,,,,,,,,,,,,,,,,,,,,,,,,,,,,,,,,,100.0,imputado,['publindex'],mediana_global,False,1,,,True,,2026-09-12
2027-4297,,,Revista Colombiana De Ciencias Animal-Recia,2016,B,Colombia,Caribe,Sucre,Sincelejo,70001,Ciencias Veterinarias,Ciencias Veterinarias,Ciencias Agrícolas,UNIVERSIDAD DE SUCRE,IES,,,402,2027-4297,colombiana ciencias animal recia,CO,2026-09-12,consolidado,c0dea19b5161a7d6,,,,,,,,,0,,,,,,,,,,,,,,http://www.recia.edu.co/,https://doaj.org/toc/fd7360151f3f476ebbe66265e3c12f26,2009,,,2027-4297,['veterinary medicine' 'wildlife' 'animal science' 'agriculture'],['Spanish' 'Portuguese' 'English'],Colombia,,,CC BY-NC-SA,,https://revistas.unisucre.edu.co/index.php/recia/about/submissions,,False,https://revistas.unisucre.edu.co/index.php/recia/about,Anonymous peer review,https://revistas.unisucre.edu.co/index.php/recia/about,False,https://revistas.unisucre.edu.co/index.php/recia/about,https://revistas.unisucre.edu.co/index.php/recia/comite,https://revistas.unisucre.edu.co/index.php/recia/about/submissions,32,False,https://revistas.unisucre.edu.co/index.php/recia/about/submissions,False,,False,,,,,,,,True,,,S|S1-972|SF1-1100,False,No,No,Agriculture: Agriculture (General) | Agriculture: Animal culture,2016-02-08,2021-08-04,2021-08-04,545,2026-05-12,,,200.0,imputado,['publindex'],mediana_area,False,2,,,True,False,2026-09-12
1794-9815,,,Códices,2016,C,Colombia,Distrito Capital,"Bogotá, D. C.","Bogotá, D.C.",11001,No registra,Periodismo y Comunicaciones,Ciencias Sociales,UNIVERSIDAD DE LA SALLE,IES,,,"1,073",1794-9815,codices,CO,2026-09-12,consolidado,ae186d2ba7368fdb,,,,,,,,,0,,,,,,,,,,,,,,,,,,,,,,,,,,,,,,,,,,,,,,,,,,,,,,,,,,,,,,,,,,,,,,,,,100.0,imputado,['publindex'],mediana_global,False,1,,,True,,2026-09-12
0124-6542,,,Modulo Arquitectura- Cuc,2016,C,Colombia,Caribe,Atlántico,Barranquilla,08001,Arquitectura y Urbanismo,Arte,Humanidades,CORPORACION UNIVERSIDAD DE LA COSTA,IES,,,801,0124-6542,modulo arquitectura cuc,CO,2026-09-12,consolidado,5395b89a301dd15d,,,,,,,,,0,,,,,,,,,,,,,,,,,,,,,,,,,,,,,,,,,,,,,,,,,,,,,,,,,,,,,,,,,,,,,,,,,100.0,imputado,['publindex'],mediana_global,False,1,,,True,,2026-09-12
1794-7928,,,Spei Domus,2016,C,Colombia,Centro Oriente,Santander,Bucaramanga,68001,Ciencias Veterinarias,Ciencias Veterinarias,Ciencias Agrícolas,CORPORACION CLINICA UNIVERSIDAD COOPERATIVA DE COLOMBIA,Otras,,,422,1794-7928,spei domus,CO,2026-09-12,consolidado,b260d7a83387bf53,,,,,,,,,0,,,,,,,,,,,,,,,,,,,,,,,,,,,,,,,,,,,,,,,,,,,,,,,,,,,,,,,,,,,,,,,,,200.0,imputado,['publindex'],mediana_area,False,1,,,True,,2026-09-12
2011-222X,,,Revista Colombiana De Las Artes Escénicas,2016,C,No disponible,No disponible,No disponible,No disponible,,"Teatro, dramaturgia o artes escénicas",Arte,Humanidades,UNIVERSIDAD DE CALDAS,IES,,,"1,032",2011-222X,colombiana artes escenicas,,2026-09-12,consolidado,0e3a776cca6fb700,,,,,,,,,0,,,,,,,,,,,,,,,,,,,,,,,,,,,,,,,,,,,,,,,,,,,,,,,,,,,,,,,,,,,,,,,,,100.0,imputado,['publindex'],mediana_global,False,1,,,False,,2026-09-12
1794-4724,2145-4515,,Avances En Psicología Latinoamericana,2016,A1,Colombia,Distrito Capital,"Bogotá, D. C.","Bogotá, D.C.",11001,"Psicología (Incluye Terapias de Aprendizaje, Habla, Visual y Otras Discapacidades Físicas y Mentales)",Psicología,Ciencias Sociales,COLEGIO MAYOR NUESTRA SENORA DEL ROSARIO,IES,,,392,1794-4724,avances psicologia latinoamericana,CO,2026-09-12,consolidado,794ef6887d99a56e,83.0,5200152705,journal,Fundacion para el Avance de la Psicologia,True,True,0.163,Q4,1,19.0,16.0,89.0,849.0,30.0,85.0,0.27,53.06,0.7254999999999999,0.0,"1983, 2006-2025",Clinical Psychology (Q4),Psychology,http://revistas.urosario.edu.co/index.php/apl,https://doaj.org/toc/c745d20c4178438591eeb9f35f97e964,2004,,1794-4724,2145-4515,['psychology'],['Spanish' 'Portuguese' 'English'],Colombia,,,CC BY-NC,,http://revistas.urosario.edu.co/index.php/apl/about/submissions#copyrightNotice,,True,http://revistas.urosario.edu.co/index.php/apl/about/submissions#copyrightNotice,Double anonymous peer review,https://revistas.urosario.edu.co/index.php/apl/about,True,https://revistas.urosario.edu.co/index.php/apl/about,https://revistas.urosario.edu.co/index.php/apl/about/editorialTeam,https://revistas.urosario.edu.co/index.php/apl/about/submissions,23,False,https://revistas.urosario.edu.co/index.php/apl/about,False,,False,,,,,,,DOI,True,,,BF1-990,False,No,No,Philosophy. Psychology. Religion: Psychology,2008-02-26,2021-07-21,2021-07-21,901,2026-07-25,,,100.0,imputado,['publindex'],mediana_global,False,4,0.33707865168539325,0.17833698030634573,True,False,2026-09-12
1692-7389,,,Ingenierias & Amazonia,2016,C,Colombia,Centro Sur,Caquetá,Florencia,18001,Ingeniería de Producción,Otras Ingenierías y Tecnologías,Ingeniería y Tecnología,UNIVERSIDAD DE LA AMAZONIA,IES,,,566,1692-7389,ingenierias amazonia,CO,2026-09-12,consolidado,df1cf3520b938404,,,,,,,,,0,,,,,,,,,,,,,,,,,,,,,,,,,,,,,,,,,,,,,,,,,,,,,,,,,,,,,,,,,,,,,,,,,100.0,imputado,['publindex'],mediana_global,False,1,,,True,,2026-09-12
1900-2785,,,Iconofacto,2016,C,Colombia,Eje Cafetero,Antioquia,Medellín,05001,Diseño,Arte,Humanidades,UNIVERSIDAD PONTIFICIA BOLIVARIANA,IES,,,357,1900-2785,iconofacto,CO,2026-09-12,consolidado,31e305072a587d09,,,,,,,,,0,,,,,,,,,,,,,,,,,,,,,,,,,,,,,,,,,,,,,,,,,,,,,,,,,,,,,,,,,,,,,,,,,100.0,imputado,['publindex'],mediana_global,False,1,,,True,,2026-09-12
0121-5256,,,Revista Med,2016,A2,Colombia,Distrito Capital,"Bogotá, D. C.","Bogotá, D.C.",11001,No registra,Ciencias de la Salud,Ciencias Médicas y de la Salud,UNIVERSIDAD MILITAR NUEVA GRANADA,IES,,,570,0121-5256,med,CO,2026-09-12,consolidado,e2ef930e471f4bee,,,,,,,,,0,,,,,,,,,,,,,,,,,,,,,,,,,,,,,,,,,,,,,,,,,,,,,,,,,,,,,,,,,,,,,,,,,100.0,imputado,['publindex'],mediana_area,False,3,,,True,,2026-09-12
1909-2814,,,Revista Q,2016,C,Colombia,Eje Cafetero,Antioquia,Medellín,05001,No registra,Ciencias de la Educación,Ciencias Sociales,UNIVERSIDAD PONTIFICIA BOLIVARIANA,IES,,,"1,151",1909-2814,q,CO,2026-09-12,consolidado,d747323eb3d6ad3d,,,,,,,,,0,,,,,,,,,,,,,,,,,,,,,,,,,,,,,,,,,,,,,,,,,,,,,,,,,,,,,,,,,,,,,,,,,100.0,imputado,['publindex'],mediana_global,False,1,,,True,,2026-09-12
0304-3584,2145-7166,,Actualidades Biológicas,2016,A2,Colombia,Eje Cafetero,Antioquia,Medellín,05001,Otras Biologías,Ciencias Biológicas,Ciencias Naturales,UNIVERSIDAD DE ANTIOQUIA,IES,,,17,0304-3584,actualidades biologicas,CO,2026-09-12,consolidado,01dd88d3e73ce47b,,,,,,,,,0,,,,,,,,,,,,,,https://revistas.udea.edu.co/index.php/actbio/index,https://doaj.org/toc/1045986f06864da6bdb486975253e0d9,2019,,0304-3584,2145-7166,['biochemistry' 'ecology' 'evolution' 'taxonomy' 'genetics' 'biology'],['Spanish' 'English'],Colombia,"Universidad de Antioquia, Instituto de Biología",Colombia,CC BY-NC-SA,,https://revistas.udea.edu.co/index.php/actbio/about,True,False,https://revistas.udea.edu.co/index.php/actbio/about/submissions,Anonymous peer review,https://revistas.udea.edu.co/index.php/actbio/about/submissions,True,https://revistas.udea.edu.co/index.php/actbio/about,https://revistas.udea.edu.co/index.php/actbio/about/editorialTeam,https://revistas.udea.edu.co/index.php/actbio/about/submissions,12,False,https://revistas.udea.edu.co/index.php/actbio/etica,False,,False,,PKP PN,,https://portal.issn.org/resource/ISSN/2145-7166,,,DOI,True,,,QH301-705.5,False,No,No,Science: Biology (General),2018-08-13,2026-04-16,,345,2026-07-17,,,100.0,imputado,['publindex'],mediana_global,False,3,,,True,True,2026-09-12
0122-0667,,,Revista Medica De Risaralda,2016,B,Colombia,Eje Cafetero,Risaralda,Pereira,66001,Otros Temas de Medicina Clínica,Medicina Clínica,Ciencias Médicas y de la Salud,UNIVERSIDAD TECNOLOGICA DE PEREIRA,IES,,,362,0122-0667,medica risaralda,CO,2026-09-12,consolidado,bcf99e7016f80ef4,,,,,,,,,0,,,,,,,,,,,,,,,,,,,,,,,,,,,,,,,,,,,,,,,,,,,,,,,,,,,,,,,,,,,,,,,,,100.0,imputado,['publindex'],mediana_area,False,2,,,True,,2026-09-12
0120-4327,,,Revista Unimar,2016,C,Colombia,Pacífico,Nariño,Pasto,52001,No registra,Otras Ciencias Sociales,Ciencias Sociales,UNIVERSIDAD MARIANA UNIMAR,IES,,,997,0120-4327,unimar,CO,2026-09-12,consolidado,d58200f5b370fa90,,,,,,,,,0,,,,,,,,,,,,,,https://revistas.umariana.edu.co/index.php/unimar,https://doaj.org/toc/ddc937f063364d43b120c6813c91426c,2006,,0120-4327,2216-0116,['science' 'technology'],['Portuguese' 'English' 'Spanish'],Colombia,,,CC BY,,https://revistas.umariana.edu.co/index.php/unimar/Politicadeetica,True,True,https://revistas.umariana.edu.co/index.php/unimar/about/submissions,Double anonymous peer review,https://revistas.umariana.edu.co/index.php/unimar/Guiaparaparesevaluadores,True,https://revistas.umariana.edu.co/index.php/unimar/Enfoqueyalcance,https://revistas.umariana.edu.co/index.php/unimar/comiteeditorial,https://revistas.umariana.edu.co/index.php/unimar/Guiaparalosautores,24,False,https://revistas.umariana.edu.co/index.php/unimar/Enfoqueyalcance,False,,False,,,,,,,DOI,True,,,A,False,No,No,General Works,2014-10-07,2026-08-09,2022-05-30,575,2026-08-10,,,100.0,imputado,['publindex'],mediana_global,False,1,,,True,False,2026-09-12
0124-7816,,,Katharsis,2016,B,Colombia,Eje Cafetero,Antioquia,Envigado,05266,"Psicología (Incluye Terapias de Aprendizaje, Habla, Visual y Otras Discapacidades Físicas y Mentales)",Psicología,Ciencias Sociales,INSTITUCION UNIVERSITARIA DE ENVIGADO,IES,,,999,0124-7816,katharsis,CO,2026-09-12,consolidado,2642538d9ed5254c,,,,,,,,,0,,,,,,,,,,,,,,,,,,,,,,,,,,,,,,,,,,,,,,,,,,,,,,,,,,,,,,,,,,,,,,,,,100.0,imputado,['publindex'],mediana_global,False,2,,,True,,2026-09-12
0122-7610,2389-9182,,Temas Agrarios,2016,B,Colombia,Caribe,Córdoba,Montería,23001,No registra,Otras Ciencias Agrícolas,Ciencias Agrícolas,UNIVERSIDAD DE CORDOBA,IES,,,598,0122-7610,temas agrarios,CO,2026-09-12,consolidado,77bd0646a3d5cb1c,,,,,,,,,0,,,,,,,,,,,,,,http://revistas.unicordoba.edu.co/index.php/temasagrarios/index,https://doaj.org/toc/afaf59b5142440859c6c27f4b38a19e5,2003,,0122-7610,2389-9182,['agricultural science' 'agronomy' 'agriculture' 'forestry' 'agrifood'],['Portuguese' 'English' 'Spanish'],Colombia,"Universidad de Córdoba, Facultad de Ciencias Agrícolas",,CC BY-NC,,https://revistas.unicordoba.edu.co/index.php/temasagrarios/about,True,False,https://revistas.unicordoba.edu.co/index.php/temasagrarios/about/authorsrules,Double anonymous peer review,https://revistas.unicordoba.edu.co/index.php/temasagrarios/about/reviews,True,https://revistas.unicordoba.edu.co/index.php/temasagrarios/about/focusandscope,https://revistas.unicordoba.edu.co/index.php/temasagrarios/about/editorialTeam,https://revistas.unicordoba.edu.co/index.php/temasagrarios/about/authorsrules,35,False,https://revistas.unicordoba.edu.co/index.php/temasagrarios/about,False,,False,,,,,,,DOI,True,,,S,False,No,No,Agriculture,2019-03-26,2024-05-28,2024-05-28,310,2024-10-30,,,200.0,imputado,['publindex'],mediana_area,False,2,,,True,False,2026-09-12
1657-2513,,,Revista Areté,2016,C,Colombia,Distrito Capital,"Bogotá, D. C.","Bogotá, D.C.",11001,No registra,Otras Ciencias Sociales,Ciencias Sociales,CORPORACION UNIVERSITARIA AMERICANA,IES,,,"1,013",1657-2513,arete,CO,2026-09-12,consolidado,8d65396c3332d655,,,,,,,,,0,,,,,,,,,,,,,,https://arete.ibero.edu.co/,https://doaj.org/toc/074bd09fc510470b96a3f1d86a426502,2016,,1657-2513,2463-2252,"['speech therapy' 'language' 'inclusion' 'audiology' 'communication'
 'pathophysiology']",['English' 'Spanish'],Colombia,Corporación Universitaria Iberoamericana,Colombia,CC BY-NC-SA,,https://arete.ibero.edu.co/about/openAccessPolicy,True,True,https://arete.ibero.edu.co/about/openAccessPolicy,Double anonymous peer review,https://arete.ibero.edu.co/about/peerReviewProcess,False,https://arete.ibero.edu.co/about/focusAndScope,https://arete.ibero.edu.co/about/editorialTeam,https://arete.ibero.edu.co/about/submissions,16,False,https://arete.ibero.edu.co/index,False,,False,,,,,,,DOI,True,,,R,False,No,No,Medicine,2026-07-17,2026-07-17,,45,2026-07-28,,,100.0,imputado,['publindex'],mediana_global,False,1,,,True,False,2026-09-12
0121-2753,,,Itinerario Educativo : Revista De La Facultad De Educación,2016,C,Colombia,Distrito Capital,"Bogotá, D. C.","Bogotá, D.C.",11001,"Educación General (Incluye Capacitación, Pedagogía)",Ciencias de la Educación,Ciencias Sociales,UNIVERSIDAD DE SAN BUENAVENTURA CALI,IES,,,685,0121-2753,itinerario educativo facultad educacion,CO,2026-09-12,consolidado,9d2f172529ce00de,,,,,,,,,0,,,,,,,,,,,,,,,,,,,,,,,,,,,,,,,,,,,,,,,,,,,,,,,,,,,,,,,,,,,,,,,,,100.0,imputado,['publindex'],mediana_global,False,1,,,True,,2026-09-12
1794-5658,2500-7769,,Amauta,2016,C,Colombia,Caribe,Atlántico,Barranquilla,08001,No registra,Otras Ciencias Sociales,Ciencias Sociales,UNIVERSIDAD DEL ATLANTICO,IES,,,"1,083",1794-5658,amauta,CO,2026-09-12,consolidado,00031ed30cc11a33,,,,,,,,,0,,,,,,,,,,,,,,http://investigaciones.uniatlantico.edu.co/revistas/index.php/Amauta/index,https://doaj.org/toc/ece4437026a8456389c69b99d01f8334,2017,,1794-5658,2500-7769,['social sciences' 'philosophy'],['Spanish'],Colombia,Universidad del Atlántico,,CC BY-SA,,http://investigaciones.uniatlantico.edu.co/revistas/index.php/Amauta/about/editorialPolicies#custom-5,,True,http://investigaciones.uniatlantico.edu.co/revistas/index.php/Amauta/about/editorialPolicies#custom-5,Double anonymous peer review,http://investigaciones.uniatlantico.edu.co/revistas/index.php/Amauta/about/editorialPolicies#peerReviewProcess,False,http://investigaciones.uniatlantico.edu.co/revistas/index.php/Amauta/about/editorialPolicies#focusAndScope,http://investigaciones.uniatlantico.edu.co/revistas/index.php/Amauta/about/editorialTeam,http://investigaciones.uniatlantico.edu.co/revistas/index.php/Amauta/about/submissions#authorGuidelines,8,False,http://investigaciones.uniatlantico.edu.co/revistas/index.php/Amauta/about/editorialPolicies#custom-8,False,,False,http://investigaciones.uniatlantico.edu.co/revistas/index.php/Amauta/about/editorialPolicies#custom-8,,,,,,,True,,,AZ20-999|H1-99,False,No,No,General Works: History of scholarship and learning. The humanities | Social Sciences: Social sciences (General),2019-09-19,2020-02-05,2020-02-05,272,2020-04-06,,,100.0,imputado,['publindex'],mediana_global,False,1,,,True,True,2026-09-12
0123-7756,,,Revista Historia De La Educacion Colombiana,2016,C,Colombia,Pacífico,Nariño,Pasto,52001,Historia,Historia y Arqueología,Humanidades,UNIVERSIDAD DE NARINO,IES,,,"1,148",0123-7756,historia educacion colombiana,CO,2026-09-12,consolidado,1202a3f4944829b6,,,,,,,,,0,,,,,,,,,,,,,,,,,,,,,,,,,,,,,,,,,,,,,,,,,,,,,,,,,,,,,,,,,,,,,,,,,100.0,imputado,['publindex'],mediana_global,False,1,,,True,,2026-09-12
2216-1473,,,Revista Investigium Ire: Ciencias Sociales Y Humanas,2016,C,Colombia,Pacífico,Nariño,Pasto,52001,No registra,Otras Humanidades,Humanidades,UNIVERSIDAD CESMAG,IES,,,802,2216-1473,investigium ire ciencias sociales humanas,CO,2026-09-12,consolidado,0a68c676f8ee5c6a,,,,,,,,,0,,,,,,,,,,,,,,https://investigiumire.unicesmag.edu.co/index.php/ire,https://doaj.org/toc/c1c1a8f69f3a4415bdf1456548656918,2010,Revista Investigium IRE: Ciencias Sociales y Humanas,2216-1473,2357-5239,"['psychology' 'sociology' 'anthropology' 'politic science'
 'administration' 'history']",['Spanish'],Colombia,Universidad Cesmag,,CC BY-NC,,https://investigiumire.unicesmag.edu.co/index.php/ire/about,,False,,Double anonymous peer review,https://investigiumire.unicesmag.edu.co/index.php/ire/about,False,https://investigiumire.unicesmag.edu.co/index.php/ire/about,https://investigiumire.unicesmag.edu.co/index.php/ire/about/editorialTeam,https://investigiumire.unicesmag.edu.co/index.php/ire/about/submissions,8,False,https://investigiumire.unicesmag.edu.co/index.php/ire/about,False,,False,,,,,,,,True,,,AZ20-999|H1-99,False,No,No,General Works: History of scholarship and learning. The humanities | Social Sciences: Social sciences (General),2019-11-29,2023-02-24,2023-02-24,183,2026-02-27,,,100.0,imputado,['publindex'],mediana_global,False,1,,,True,True,2026-09-12
1692-7273,2145-4507,,Revista Ciencias De La Salud,2016,A2,Colombia,Distrito Capital,"Bogotá, D. C.","Bogotá, D.C.",11001,No registra,Ciencias de la Salud,Ciencias Médicas y de la Salud,COLEGIO MAYOR NUESTRA SENORA DEL ROSARIO,IES,,,488,1692-7273,ciencias salud,CO,2026-09-12,consolidado,9cf54480fde97116,,,,,,,,,0,,,,,,,,,,,,,,http://revistas.urosario.edu.co/index.php/revsalud,https://doaj.org/toc/b479ac493afd4d4ea122954a56fa8365,2003,,1692-7273,2145-4507,['medical sciences' 'health sciences'],['Spanish'],Colombia,,,CC BY-NC,,http://revistas.urosario.edu.co/index.php/revsalud/about/submissions#copyrightNotice,True,False,,Double anonymous peer review,http://revistas.urosario.edu.co/index.php/revsalud/about/editorialPolicies#peerReviewProcess,False,http://revistas.urosario.edu.co/index.php/revsalud/about/editorialPolicies#focusAndScope,http://revistas.urosario.edu.co/index.php/revsalud/about/editorialTeam,http://revistas.urosario.edu.co/index.php/revsalud/about/submissions#authorGuidelines,35,False,http://revistas.urosario.edu.co/index.php/revsalud/about/submissions#authorGuidelines,False,,False,,,,,,,,True,,,R|R5-920,False,No,No,Medicine: Medicine (General),2008-06-17,2021-02-23,2021-02-23,844,2026-07-30,,,100.0,imputado,['publindex'],mediana_area,False,3,,,True,False,2026-09-12
0121-4128,,,Lúdica Pedagógica,2016,B,Colombia,Distrito Capital,"Bogotá, D. C.","Bogotá, D.C.",11001,"Educación General (Incluye Capacitación, Pedagogía)",Ciencias de la Educación,Ciencias Sociales,UNIVERSIDAD PEDAGOGICA NACIONAL,IES,,,485,0121-4128,ludica pedagogica,CO,2026-09-12,consolidado,34fd33236b254903,,,,,,,,,0,,,,,,,,,,,,,,https://revistas.upn.edu.co/index.php/LP/index,https://doaj.org/toc/abe1dd2228e642b9ba573281710d0d88,2010,,0121-4128,2462-845X,['sports pedagogy' 'recreation' 'sports'],['Spanish'],Colombia,,,CC BY-NC,,https://revistas.upn.edu.co/index.php/LP/about,,False,https://revistas.upn.edu.co/index.php/LP/about,Double anonymous peer review,https://revistas.upn.edu.co/index.php/LP/evaluacion,True,https://revistas.upn.edu.co/index.php/LP/about,https://revistas.upn.edu.co/index.php/LP/about/editorialTeam,https://revistas.upn.edu.co/index.php/LP/autores,16,False,https://revistas.upn.edu.co/index.php/LP/about,False,,False,,,,,,,,True,,,G|GV1-1860|GV557-1198.995,False,No,No,Geography. Anthropology. Recreation: Recreation. Leisure: Sports,2016-12-29,2025-03-28,2025-03-28,406,2026-04-22,,,100.0,imputado,['publindex'],mediana_global,False,2,,,True,False,2026-09-12
0120-0135,2256-2273,,Revista De Ciencias Agricolas,2016,B,Colombia,Pacífico,Nariño,Pasto,52001,Agronomía,"Agricultura, Silvicultura y Pesca",Ciencias Agrícolas,UNIVERSIDAD DE NARINO,IES,,,92,0120-0135,ciencias agricolas,CO,2026-09-12,consolidado,4a5b752430e9ff16,,,,,,,,,0,,,,,,,,,,,,,,http://revistas.udenar.edu.co/index.php/rfacia/index,https://doaj.org/toc/c5e90a61f8484b37842ee4c0d1a60f2b,1969,,0120-0135,2256-2273,['agriculture' 'environment sciences'],['Spanish' 'Portuguese' 'English'],Colombia,"Universidad de Nariño, Facultad de Ciencias Agrícolas",,CC BY-NC,,http://revistas.udenar.edu.co/index.php/rfacia/about/editorialPolicies#custom-11,True,False,,Double anonymous peer review,http://revistas.udenar.edu.co/index.php/rfacia/about/editorialPolicies#custom-3,False,http://revistas.udenar.edu.co/index.php/rfacia/about/editorialPolicies#custom-2,http://revistas.udenar.edu.co/index.php/rfacia/about/editorialTeam,http://revistas.udenar.edu.co/index.php/rfacia/about/submissions#authorGuidelines,36,False,http://revistas.udenar.edu.co/index.php/rfacia/about/editorialPolicies#custom-2,True,https://drive.google.com/file/d/0B-VF_VgKiRpIUExxWk1JLWZ2VzA/view,False,,,,,,,DOI,True,,,S|S1-972,False,No,No,Agriculture: Agriculture (General),2017-08-10,2026-03-19,2025-06-19,285,2026-06-10,,,200.0,imputado,['publindex'],mediana_area,False,2,,,True,False,2026-09-12
2011-639X,,,Revista De Investigación,2016,C,Colombia,Distrito Capital,"Bogotá, D. C.","Bogotá, D.C.",11001,No registra,Otras Ciencias Sociales,Ciencias Sociales,FUNDACION UNIVERSIDAD DE AMERICA,IES,,,499,2011-639X,investigacion,CO,2026-09-12,consolidado,0204dfefc5821cd8,,,,,,,,,0,,,,,,,,,,,,,,https://revistas.uamerica.edu.co/index.php/rinv/about,https://doaj.org/toc/9c20dade8fb2409284d775a31174c32e,2013,,2011-639X,2590-6062,['engineering' 'architecture' 'economy'],['Spanish'],Colombia,Fundación Universidad de América,,CC BY-NC-ND,,https://revistas.uamerica.edu.co/index.php/rinv/about/submissions,,False,,Double anonymous peer review,https://revistas.uamerica.edu.co/index.php/rinv/about/submissions,False,https://revistas.uamerica.edu.co/index.php/rinv/about,https://revistas.uamerica.edu.co/index.php/rinv/about/editorialTeam,https://revistas.uamerica.edu.co/index.php/rinv/about/submissions,16,False,https://revistas.uamerica.edu.co/index.php/rinv/about/submissions,False,,False,https://revistas.uamerica.edu.co/index.php/rinv/about/submissions,,,,,,DOI,True,,,TA1-2040|H1-99,False,No,No,Technology: Engineering (General). Civil engineering (General) | Social Sciences: Social sciences (General),2018-10-19,2019-01-23,2019-01-23,2,2018-10-22,,,100.0,imputado,['publindex'],mediana_global,False,1,,,True,False,2026-09-12
1657-3412,,,Cuadernos Hispanoamericanos De Psicología,2016,C,Colombia,Distrito Capital,"Bogotá, D. C.","Bogotá, D.C.",11001,No registra,Psicología,Ciencias Sociales,UNIVERSIDAD EL BOSQUE,IES,,,493,1657-3412,cuadernos hispanoamericanos psicologia,CO,2026-09-12,consolidado,6836a1e532bb92bc,,,,,,,,,0,,,,,,,,,,,,,,https://revistas.unbosque.edu.co/index.php/CHP/index,https://doaj.org/toc/919474b712b148b6a882a2d52d09009a,2001,,1657-3412,,['culture' 'social sciences' 'sociology'],['English' 'Spanish'],Colombia,,,CC BY-NC-SA,,https://revistas.unbosque.edu.co/index.php/CHP/about,True,False,https://revistas.unbosque.edu.co/index.php/CHP/about,Double anonymous peer review,https://revistas.unbosque.edu.co/index.php/CHP/about,True,https://revistas.unbosque.edu.co/index.php/CHP/about,https://revistas.unbosque.edu.co/index.php/CHP/about/editorialTeam,https://revistas.unbosque.edu.co/index.php/CHP/about/submissions,20,False,https://revistas.unbosque.edu.co/index.php/CHP/about,False,,False,,,,,,,DOI,True,,,B|BF1-990,False,No,No,Philosophy. Psychology. Religion: Psychology,2013-06-23,2026-07-16,2026-06-08,144,2026-07-23,,,100.0,imputado,['publindex'],mediana_global,False,1,,,True,False,2026-09-12
0121-4993,,,Revista De Ingeniería,2016,A2,Colombia,Distrito Capital,"Bogotá, D. C.","Bogotá, D.C.",11001,Otras Ingenierías y Tecnologías,Otras Ingenierías y Tecnologías,Ingeniería y Tecnología,UNIVERSIDAD DE LOS ANDES,IES,,,325,0121-4993,ingenieria,CO,2026-09-12,consolidado,b22ad690edb1d2f7,,,,,,,,,0,,,,,,,,,,,,,,,,,,,,,,,,,,,,,,,,,,,,,,,,,,,,,,,,,,,,,,,,,,,,,,,,,100.0,imputado,['publindex'],mediana_global,False,3,,,True,,2026-09-12
0568-3076,,,Agronomía,2016,B,Colombia,Eje Cafetero,Caldas,Manizales,17001,Agronomía,"Agricultura, Silvicultura y Pesca",Ciencias Agrícolas,UNIVERSIDAD DE CALDAS,IES,,,883,0568-3076,agronomia,CO,2026-09-12,consolidado,b9cc25654ab86a23,,,,,,,,,0,,,,,,,,,,,,,,,,,,,,,,,,,,,,,,,,,,,,,,,,,,,,,,,,,,,,,,,,,,,,,,,,,200.0,imputado,['publindex'],mediana_area,False,2,,,True,,2026-09-12
2145-6569,,,Revista De Psicologia Gepu,2016,B,Colombia,Pacífico,Valle del Cauca,Cali,76001,"Psicología (Incluye Terapias de Aprendizaje, Habla, Visual y Otras Discapacidades Físicas y Mentales)",Psicología,Ciencias Sociales,FUNDACION GRUPO ESTUDIANTIL Y PROFESIONAL DE PSICOLOGIA UNIVALLE,Otras,,,447,2145-6569,psicologia gepu,CO,2026-09-12,consolidado,2f025d66bc451794,,,,,,,,,0,,,,,,,,,,,,,,,,,,,,,,,,,,,,,,,,,,,,,,,,,,,,,,,,,,,,,,,,,,,,,,,,,100.0,imputado,['publindex'],mediana_global,False,2,,,True,,2026-09-12
2215-9444,,,Arquetipo,2016,C,Colombia,Eje Cafetero,Risaralda,Pereira,66001,"Ciencias Sociales, Interdisciplinaria",Otras Ciencias Sociales,Ciencias Sociales,UNIVERSIDAD CATOLICA DE PEREIRA,IES,,,322,2215-9444,arquetipo,CO,2026-09-12,consolidado,c5143fa2da0e4adf,,,,,,,,,0,,,,,,,,,,,,,,,,,,,,,,,,,,,,,,,,,,,,,,,,,,,,,,,,,,,,,,,,,,,,,,,,,100.0,imputado,['publindex'],mediana_global,False,1,,,True,,2026-09-12
,2145-2946,,Revista Digital De Derecho Administrativo,2016,C,Colombia,Distrito Capital,"Bogotá, D. C.","Bogotá, D.C.",11001,Derecho,Derecho,Ciencias Sociales,UNIVERSIDAD EXTERNADO DE COLOMBIA,IES,,,158,2145-2946,digital derecho administrativo,CO,2026-09-12,consolidado,fd9263fd68300b09,,,,,,,,,0,,,,,,,,,,,,,,https://revistas.uexternado.edu.co/index.php/Deradm/index,https://doaj.org/toc/8c7ddd048fa04b65b9d235c78273896e,2009,,,2145-2946,['administrative law' 'contract law'],['Spanish'],Colombia,,,CC BY-NC-SA,,https://revistas.uexternado.edu.co/index.php/derpri/about,,True,https://revistas.uexternado.edu.co/index.php/derpri/about,Double anonymous peer review,https://revistas.uexternado.edu.co/index.php/derpri/about#peerReviewProcess,False,https://revistas.uexternado.edu.co/index.php/derpri/about#focusAndScope,https://revistas.uexternado.edu.co/index.php/Deradm/about/editorialTeam,https://revistas.uexternado.edu.co/index.php/Deradm/information/authors,20,False,https://revistas.uexternado.edu.co/index.php/Deradm/about,False,,False,,PKP PN,,https://portal.issn.org/resource/ISSN/2145-2946,Open Policy Finder,https://openpolicyfinder.jisc.ac.uk/publication/26705,DOI,True,,,K3150,False,No,No,Law: Law in general. Comparative and uniform law. Jurisprudence: Comparative law. International uniform law: Public law,2014-05-06,2026-04-29,2026-04-29,588,2026-06-18,,,100.0,imputado,['publindex'],mediana_global,False,1,,,True,False,2026-09-12
1657-9550,,,Biosalud,2016,A2,Colombia,Eje Cafetero,Caldas,Manizales,17001,No registra,Ciencias de la Salud,Ciencias Médicas y de la Salud,UNIVERSIDAD DE CALDAS,IES,,,576,1657-9550,biosalud,CO,2026-09-12,consolidado,b4af2167b42c7e57,131.0,21101057637,journal,Universidad de Caldas,True,True,0.133,Q4,1,2.0,0.0,1.0,0.0,0.0,1.0,0.0,0.0,0.0,0.0,"2019-2020, 2023",Medicine (miscellaneous) (Q4),Medicine,,,,,,,,,,,,,,,,,,,,,,,,,,,,,,,,,,,,,,,,,,,,,,,,,,,,100.0,imputado,['publindex'],mediana_area,False,3,0.0,0.14551422319474835,True,,2026-09-12
0123-580X,,,Punto De Vista,2016,C,Colombia,Distrito Capital,"Bogotá, D. C.","Bogotá, D.C.",11001,Negocios y Management,Economía y Negocios,Ciencias Sociales,INSTITUCION UNIVERSITARIA POLITECNICO GRANCOLOMBIANO,IES,,,928,0123-580X,punto vista,CO,2026-09-12,consolidado,2c529019dbc52760,,,,,,,,,0,,,,,,,,,,,,,,,,,,,,,,,,,,,,,,,,,,,,,,,,,,,,,,,,,,,,,,,,,,,,,,,,,100.0,imputado,['publindex'],mediana_global,False,1,,,True,,2026-09-12
2256-3342,,,Journal Of Agriculture And Animal Sciences,2016,C,Colombia,Eje Cafetero,Antioquia,Caldas,05129,No registra,Ciencias Veterinarias,Ciencias Agrícolas,CORPORACION UNIVERSITARIA LASALLISTA,IES,,,763,2256-3342,agriculture animal sciences,CO,2026-09-12,consolidado,5cc0f4a42b08eee9,,,,,,,,,0,,,,,,,,,,,,,,,,,,,,,,,,,,,,,,,,,,,,,,,,,,,,,,,,,,,,,,,,,,,,,,,,,200.0,imputado,['publindex'],mediana_area,False,1,,,True,,2026-09-12
2011-9771,,,Albertus Magnus,2016,C,Colombia,Distrito Capital,"Bogotá, D. C.","Bogotá, D.C.",11001,Teología,Otras Humanidades,Humanidades,UNIVERSIDAD SANTO TOMAS,IES,,,"1,193",2011-9771,albertus magnus,CO,2026-09-12,consolidado,420270ed7130785a,,,,,,,,,0,,,,,,,,,,,,,,,,,,,,,,,,,,,,,,,,,,,,,,,,,,,,,,,,,,,,,,,,,,,,,,,,,100.0,imputado,['publindex'],mediana_global,False,1,,,True,,2026-09-12
1657-0448,,,Revista De La Asociación Colombiana De Dermatología Y Cirugía Dermatológica,2016,C,Colombia,Distrito Capital,"Bogotá, D. C.","Bogotá, D.C.",11001,Otros Temas de Medicina Clínica,Medicina Clínica,Ciencias Médicas y de la Salud,ASOCIACION COLOMBIANA DE DERMATOLOGIA Y CIRUGIA DERMATOLOGICA,Otras,,,303,1657-0448,asociacion colombiana dermatologia cirugia dermatologica,CO,2026-09-12,consolidado,d311c0890de77353,,,,,,,,,0,,,,,,,,,,,,,,https://revista.asocolderma.org.co/index.php/asocolderma,https://doaj.org/toc/c6e5fe82ca8543728883646ab8de7d5f,2022,,1657-0448,2590-843X,"['dermatology' 'dermatologic surgery' 'skin diseases' 'clinical medicine'
 'pathology' 'medical research']",['Spanish' 'English'],Colombia,,,CC BY-NC-SA,,https://revista.asocolderma.org.co/index.php/asocolderma/about,True,True,https://revista.asocolderma.org.co/index.php/asocolderma/about/submissions,Double anonymous peer review,https://revista.asocolderma.org.co/index.php/asocolderma/peer-review,True,https://revista.asocolderma.org.co/index.php/asocolderma/about,https://revista.asocolderma.org.co/index.php/asocolderma/about/editorialTeam,https://revista.asocolderma.org.co/index.php/asocolderma/about/submissions,48,False,https://revista.asocolderma.org.co/index.php/asocolderma/policies,False,,False,,Portico,,https://portal.issn.org/resource/ISSN/2590-843X,,,DOI,True,,,RL1-803,False,No,No,Medicine: Dermatology,2025-07-24,2025-07-24,2025-07-24,1503,2026-07-28,,,100.0,imputado,['publindex'],mediana_area,False,1,,,True,False,2026-09-12
1657-6535,,,Precedente,2016,C,No disponible,No disponible,No disponible,No disponible,,Derecho,Derecho,Ciencias Sociales,UNIVERSIDAD ICESI,IES,,,678,1657-6535,precedente,,2026-09-12,consolidado,ee56a9e2ef263099,,,,,,,,,0,,,,,,,,,,,,,,http://www.icesi.edu.co/revistas/index.php/precedente,https://doaj.org/toc/0cf8cfe15dd44e34916846126daf317e,2001,Precedente. Revista Jurídica,,1657-6535,['law' 'legal studies' 'history of law'],['Spanish' 'English'],Colombia,,,CC BY-NC,,https://www.icesi.edu.co/revistas/index.php/precedente/about,True,True,http://www.icesi.edu.co/revistas/index.php/precedente/about/submissions#copyrightNotice,Double anonymous peer review,https://www.icesi.edu.co/revistas/index.php/precedente/about,True,https://www.icesi.edu.co/revistas/index.php/precedente/about,http://www.icesi.edu.co/revistas/index.php/precedente/about/editorialTeam,http://www.icesi.edu.co/revistas/index.php/precedente/about/submissions#authorGuidelines,21,False,https://www.icesi.edu.co/revistas/index.php/precedente/about,False,,False,,,,,,,DOI,True,,,K,False,No,No,Law,2017-04-25,2023-03-31,2023-03-31,234,2024-04-10,,,100.0,imputado,['publindex'],mediana_global,False,1,,,False,False,2026-09-12
2256-1676,,,I+D Revista De Investigaciones,2016,C,Colombia,Centro Oriente,Santander,Bucaramanga,68001,No registra,Otras Ciencias Sociales,Ciencias Sociales,CORPORACION UNIVERSIDAD DE INVESTIGACION Y DESARROLLO,IES,,,"1,200",2256-1676,i d investigaciones,CO,2026-09-12,consolidado,ca9be7fd5f2eac87,,,,,,,,,0,,,,,,,,,,,,,,https://sievi.udi.edu.co/ojs/index.php/ID,https://doaj.org/toc/a2628617acf943daaa1972ba0aa8c274,2013,,2256-1676,2539-519X,['technology' 'innovation' 'engineering' 'science'],['English' 'Spanish'],Colombia,,,CC BY-NC-SA,,https://sievi.udi.edu.co/ojs/index.php/ID/about,,True,https://sievi.udi.edu.co/ojs/index.php/ID/about,Anonymous peer review,https://sievi.udi.edu.co/ojs/index.php/ID/about,True,https://sievi.udi.edu.co/ojs/index.php/ID/about/,https://sievi.udi.edu.co/ojs/index.php/ID/about/editorialTeam,https://sievi.udi.edu.co/ojs/index.php/ID/about/submissions,12,False,https://sievi.udi.edu.co/ojs/index.php/ID/about/,False,,False,,,,,,,DOI,True,,,T1-995|H1-99,False,No,No,Technology: Technology (General) | Social Sciences: Social sciences (General),2018-11-13,2026-06-19,,527,2026-07-29,,,100.0,imputado,['publindex'],mediana_global,False,1,,,True,True,2026-09-12
0124-7255,,,Dixi,2016,C,Colombia,Centro Oriente,Santander,Bucaramanga,68001,Derecho,Derecho,Ciencias Sociales,CORPORACION CLINICA UNIVERSIDAD COOPERATIVA DE COLOMBIA,Otras,,,903,0124-7255,dixi,CO,2026-09-12,consolidado,fb04aaed25b4259f,,,,,,,,,0,,,,,,,,,,,,,,https://revistas.ucc.edu.co/index.php/di,https://doaj.org/toc/4e9f3cadc8bd47b2bd77a7b007a98485,2012,,0124-7255,2357-5891,"['national and international law' 'openaccess' 'legal studies'
 'public policy']",['Portuguese' 'Spanish'],Colombia,"Universidad Cooperativa de Colombia, Facultad de Derecho",,CC BY-NC-ND,,https://revistas.ucc.edu.co/index.php/di/about/editorialPolicies#openAccessPolicy,True,False,,Double anonymous peer review,https://revistas.ucc.edu.co/index.php/di/about/submissions#authorGuidelines,True,https://revistas.ucc.edu.co/index.php/di/about/submissions#authorGuidelines,https://revistas.ucc.edu.co/index.php/di/about/editorialTeam,https://revistas.ucc.edu.co/index.php/di/about/submissions#authorGuidelines,12,False,https://revistas.ucc.edu.co/index.php/di/about/editorialPolicies#custom-0,False,,False,,PKP PN,,https://portal.issn.org/resource/ISSN/2357-5891,,,,True,,,K201-487|K520-5582,False,No,No,Law: Law in general. Comparative and uniform law. Jurisprudence: Jurisprudence. Philosophy and theory of law | Law: Law in general. Comparative and uniform law. Jurisprudence: Comparative law. International uniform law,2017-12-21,2022-08-22,2022-08-22,0,,,,100.0,imputado,['publindex'],mediana_global,False,1,,,True,True,2026-09-12
1692-2484,,,Revista Filosofía Uis,2016,B,Colombia,Centro Oriente,Santander,Bucaramanga,68001,Otras Humanidades,Otras Humanidades,Humanidades,UNIVERSIDAD INDUSTRIAL DE SANTANDER,IES,,,"1,108",1692-2484,filosofia uis,CO,2026-09-12,consolidado,48b5ab5a4f788bdc,,,,,,,,,0,,,,,,,,,,,,,,https://revistas.uis.edu.co/index.php/revistafilosofiauis/index,https://doaj.org/toc/477872b6bb9d4eddaf33c114cf3f31fc,2007,,1692-2484,2145-8529,['philosophy' 'aesthetics' 'literary theory'],['English' 'Spanish'],Colombia,Universidad Industrial de Santander,,CC BY,,https://revistas.uis.edu.co/index.php/revistafilosofiauis/about,True,False,,Double anonymous peer review,https://revistas.uis.edu.co/index.php/revistafilosofiauis/about,True,https://revistas.uis.edu.co/index.php/revistafilosofiauis/about,https://revistas.uis.edu.co/index.php/revistafilosofiauis/about/editorialTeam,https://revistas.uis.edu.co/index.php/revistafilosofiauis/about/submissions,17,False,https://revistas.uis.edu.co/index.php/revistafilosofiauis/about,False,,False,https://revistas.uis.edu.co/index.php/revistafilosofiauis/about,,,,,,,True,,,B1-5802,False,No,No,Philosophy. Psychology. Religion: Philosophy (General),2019-02-02,2019-02-02,2019-02-02,738,2026-08-12,,,100.0,imputado,['publindex'],mediana_global,False,2,,,True,False,2026-09-12
2256-151X,2389-9719,,Espiral,2016,C,Colombia,Centro Oriente,Santander,Bucaramanga,68001,"Educación General (Incluye Capacitación, Pedagogía)",Ciencias de la Educación,Ciencias Sociales,UNIVERSIDAD SANTO TOMAS,IES,,,924,2256-151X,espiral,CO,2026-09-12,consolidado,66371feffcbbaf8a,,,,,,,,,0,,,,,,,,,,,,,,,,,,,,,,,,,,,,,,,,,,,,,,,,,,,,,,,,,,,,,,,,,,,,,,,,,100.0,imputado,['publindex'],mediana_global,False,1,,,True,,2026-09-12
1692-8571,,,Justicia Juris,2016,B,Colombia,Caribe,Atlántico,Barranquilla,08001,Derecho,Derecho,Ciencias Sociales,UNIVERSIDAD AUTONOMA DEL CARIBE,IES,,,"1,125",1692-8571,justicia juris,CO,2026-09-12,consolidado,1e5baa12f2f3c4cf,,,,,,,,,0,,,,,,,,,,,,,,,,,,,,,,,,,,,,,,,,,,,,,,,,,,,,,,,,,,,,,,,,,,,,,,,,,100.0,imputado,['publindex'],mediana_global,False,2,,,True,,2026-09-12
0123-1154,,,Revista Ibero- Latinoamericana De Seguros,2016,B,Colombia,Distrito Capital,"Bogotá, D. C.","Bogotá, D.C.",11001,No registra,Otras Ciencias Sociales,Ciencias Sociales,PONTIFICIA UNIVERSIDAD JAVERIANA,IES,,,193,0123-1154,ibero latinoamericana seguros,CO,2026-09-12,consolidado,8c4a7321db5a7a91,,,,,,,,,0,,,,,,,,,,,,,,,,,,,,,,,,,,,,,,,,,,,,,,,,,,,,,,,,,,,,,,,,,,,,,,,,,100.0,imputado,['publindex'],mediana_global,False,2,,,True,,2026-09-12
1692-3960,,,Revista@E-Mercatoria,2016,B,Colombia,Distrito Capital,"Bogotá, D. C.","Bogotá, D.C.",11001,Derecho,Derecho,Ciencias Sociales,UNIVERSIDAD EXTERNADO DE COLOMBIA,IES,,,376,1692-3960,e mercatoria,CO,2026-09-12,consolidado,02c9788cdc35d3b6,,,,,,,,,0,,,,,,,,,,,,,,https://revistas.uexternado.edu.co/index.php/emerca/index,https://doaj.org/toc/a5cefaa88250438fa93bcb46e5f2a127,2002,,1692-3960,,"['business insolvency' 'commercial contracting'
 'international commercial law' 'intellectual property'
 'electronic commerce' 'competition law']",['Spanish' 'English'],Colombia,,,CC BY-NC-SA,,https://revistas.uexternado.edu.co/index.php/emerca/about,,True,https://revistas.uexternado.edu.co/index.php/emerca/about/goodPractices,Double anonymous peer review,https://revistas.uexternado.edu.co/index.php/emerca/about,True,https://revistas.uexternado.edu.co/index.php/emerca/about,https://revistas.uexternado.edu.co/index.php/emerca/ComiteEditorial,https://revistas.uexternado.edu.co/index.php/emerca/information/authors,13,False,https://revistas.uexternado.edu.co/index.php/emerca/about/goodPractices,False,,False,,PKP PN,,https://portal.issn.org/resource/ISSN/1692-3960,,,,True,,,K520-5582,False,No,No,Law: Law in general. Comparative and uniform law. Jurisprudence: Comparative law. International uniform law,2025-09-18,2025-09-18,2025-09-18,674,2026-06-28,,,100.0,imputado,['publindex'],mediana_global,False,2,,,True,False,2026-09-12
0123-5931,,,"Literatura: Teoria, Historia, Critica",2016,A2,Colombia,Distrito Capital,"Bogotá, D. C.","Bogotá, D.C.",11001,No registra,Idiomas y Literatura,Humanidades,UNIVERSIDAD NACIONAL DE COLOMBIA,IES,,,"1,141",0123-5931,literatura teoria historia critica,CO,2026-09-12,consolidado,46453b67832595db,105.0,21100944295,journal,Universidad Nacional de Colombia,True,True,0.146,Q2,3,4.0,21.0,79.0,548.0,13.0,65.0,0.1,26.1,0.3889,0.0,2019-2026,Literature and Literary Theory (Q2),Arts and Humanities,http://www.revistas.unal.edu.co/index.php/lthc,https://doaj.org/toc/b925bf7cdcf043ca9de0e722339e42b1,2004,,0123-5931,2256-5450,"['literary theory' 'comparative literature' 'cultural studies'
 'literary criticism' 'literary studies']",['Spanish'],Colombia,,,CC BY-NC-ND,,http://www.revistas.unal.edu.co/index.php/lthc/about/editorialPolicies#openAccessPolicy,True,False,https://revistas.unal.edu.co/index.php/lthc/about/submissions,Double anonymous peer review,http://www.revistas.unal.edu.co/index.php/lthc/about/editorialPolicies#peerReviewProcess,False,http://www.revistas.unal.edu.co/index.php/lthc/about/editorialPolicies#focusAndScope,http://www.revistas.unal.edu.co/index.php/lthc/about/editorialTeam,http://www.revistas.unal.edu.co/index.php/lthc/about/submissions#authorGuidelines,13,False,http://www.revistas.unal.edu.co/index.php/lthc/about/editorialPolicies#custom-2,False,,False,,,,,,,DOI,True,,,PN1-6790,False,No,No,Language and Literature: Literature (General),2012-12-22,2025-03-31,2025-03-31,734,2025-04-07,,,100.0,imputado,['publindex'],mediana_global,False,3,0.16455696202531644,0.1597374179431072,True,False,2026-09-12
2027-1840,,,Revista Colombiana De Ciencia Animal,2016,C,Colombia,Centro Sur,Tolima,Ibagué,73001,Ciencias Veterinarias,Ciencias Veterinarias,Ciencias Agrícolas,UNIVERSIDAD DEL TOLIMA,IES,,,"1,082",2027-1840,colombiana ciencia animal,CO,2026-09-12,consolidado,02a1b548e8d1a0ca,,,,,,,,,0,,,,,,,,,,,,,,,,,,,,,,,,,,,,,,,,,,,,,,,,,,,,,,,,,,,,,,,,,,,,,,,,,200.0,imputado,['publindex'],mediana_area,False,1,,,True,,2026-09-12
1692-0899,,,Ingenium,2016,C,No disponible,No disponible,No disponible,No disponible,,No registra,"Ingenierías Eléctrica, Electrónica e Informática",Ingeniería y Tecnología,UNIVERSIDAD DE SAN BUENAVENTURA CALI,IES,,,782,1692-0899,ingenium,,2026-09-12,consolidado,51a9301959ab6659,,,,,,,,,0,,,,,,,,,,,,,,,,,,,,,,,,,,,,,,,,,,,,,,,,,,,,,,,,,,,,,,,,,,,,,,,,,100.0,imputado,['publindex'],mediana_global,False,1,,,False,,2026-09-12
2011-5318,2462-8654,,Educacion Y Desarrollo Social,2016,C,Colombia,Distrito Capital,"Bogotá, D. C.","Bogotá, D.C.",11001,"Educación General (Incluye Capacitación, Pedagogía)",Ciencias de la Educación,Ciencias Sociales,UNIVERSIDAD MILITAR NUEVA GRANADA,IES,,,579,2011-5318,educacion desarrollo social,CO,2026-09-12,consolidado,8a0197f1f5b2ffd5,,,,,,,,,0,,,,,,,,,,,,,,,,,,,,,,,,,,,,,,,,,,,,,,,,,,,,,,,,,,,,,,,,,,,,,,,,,100.0,imputado,['publindex'],mediana_global,False,1,,,True,,2026-09-12
1900-9771,,,Revista Gestión Y Región,2016,C,Colombia,Eje Cafetero,Risaralda,Pereira,66001,Economía,Economía y Negocios,Ciencias Sociales,UNIVERSIDAD CATOLICA DE PEREIRA,IES,,,"1,098",1900-9771,gestion region,CO,2026-09-12,consolidado,0f3a116253b1ec7c,,,,,,,,,0,,,,,,,,,,,,,,,,,,,,,,,,,,,,,,,,,,,,,,,,,,,,,,,,,,,,,,,,,,,,,,,,,100.0,imputado,['publindex'],mediana_global,False,1,,,True,,2026-09-12
2215-7190,,,Revista Análisis Internacional (Rai),2016,C,No disponible,No disponible,No disponible,No disponible,,No registra,Ciencias Políticas,Ciencias Sociales,UNIVERSIDAD JORGE TADEO LOZANO,IES,,,61,2215-7190,analisis internacional rai,,2026-09-12,consolidado,68f16ee9a8bc0e0c,,,,,,,,,0,,,,,,,,,,,,,,,,,,,,,,,,,,,,,,,,,,,,,,,,,,,,,,,,,,,,,,,,,,,,,,,,,100.0,imputado,['publindex'],mediana_global,False,1,,,False,,2026-09-12
1909-7778,,,Revista De Derecho Publico,2016,B,Colombia,Distrito Capital,"Bogotá, D. C.","Bogotá, D.C.",11001,Derecho,Derecho,Ciencias Sociales,UNIVERSIDAD DE LOS ANDES,IES,,,862,1909-7778,derecho publico,CO,2026-09-12,consolidado,7a579c76565102ec,,,,,,,,,0,,,,,,,,,,,,,,,,,,,,,,,,,,,,,,,,,,,,,,,,,,,,,,,,,,,,,,,,,,,,,,,,,100.0,imputado,['publindex'],mediana_global,False,2,,,True,,2026-09-12
1900-771X,2422-4324,,"Revista Ingeniería, Investigación Y Desarrollo",2016,C,Colombia,Centro Oriente,Boyacá,Sogamoso,15759,Otras Ingenierías y Tecnologías,Otras Ingenierías y Tecnologías,Ingeniería y Tecnología,UNIVERSIDAD PEDAGOGICA Y TECNOLOGICA DE COLOMBIA,IES,,,932,1900-771X,ingenieria investigacion desarrollo,CO,2026-09-12,consolidado,3f60e6cd9dab10c9,,,,,,,,,0,,,,,,,,,,,,,,https://revistas.uptc.edu.co/index.php/ingenieria_sogamoso/,https://doaj.org/toc/72456f8f1fc24c658bca1342ecec5b92,2006,Revista Ingeniería Investigación y Desarrollo,1900-771X,,['engineering'],['Spanish'],Colombia,,,CC BY-SA,,https://revistas.uptc.edu.co/index.php/ingenieria_sogamoso/about/submissions#copyright-notice,,False,https://revistas.uptc.edu.co/index.php/ingenieria_sogamoso/about/submissions#copyright-notice,Double anonymous peer review,https://revistas.uptc.edu.co/index.php/ingenieria_sogamoso/about#peerReviewProcess,False,https://revistas.uptc.edu.co/index.php/ingenieria_sogamoso/about#focusAndScope,https://revistas.uptc.edu.co/index.php/ingenieria_sogamoso/about/editorialTeam,https://revistas.uptc.edu.co/index.php/ingenieria_sogamoso/about/submissions#author_guidelines,16,False,https://revistas.uptc.edu.co/index.php/ingenieria_sogamoso/about,False,,False,,,,,,,DOI,True,,,TA1-2040|T1-995,False,No,No,Technology: Engineering (General). Civil engineering (General) | Technology: Technology (General),2017-05-11,2024-05-28,2024-05-28,162,2024-08-27,,,100.0,imputado,['publindex'],mediana_global,False,1,,,True,False,2026-09-12
1900-4257,,,Perspectivas Internacionales,2016,C,Colombia,Pacífico,Valle del Cauca,Cali,76001,Ciencias Políticas,Ciencias Políticas,Ciencias Sociales,PONTIFICIA UNIVERSIDAD JAVERIANA,IES,,,991,1900-4257,perspectivas internacionales,CO,2026-09-12,consolidado,c2c8c2999ab6eeb9,,,,,,,,,0,,,,,,,,,,,,,,,,,,,,,,,,,,,,,,,,,,,,,,,,,,,,,,,,,,,,,,,,,,,,,,,,,100.0,imputado,['publindex'],mediana_global,False,1,,,True,,2026-09-12
2145-5074,,,Mundo Amazonico,2016,C,Colombia,Centro Sur,Amazonas,Leticia,91001,No registra,Otras Humanidades,Humanidades,UNIVERSIDAD NACIONAL DE COLOMBIA,IES,,,"1,128",2145-5074,mundo amazonico,CO,2026-09-12,consolidado,2007981597dd1d9c,,,,,,,,,0,,,,,,,,,,,,,,http://www.revistas.unal.edu.co/index.php/imanimundo/,https://doaj.org/toc/a105e15ae00446b5923068fb84317b2b,2010,,2145-5074,2145-5082,['amazon history' 'amazon' 'ethnology' 'ecology' 'art' 'indigenous texts'],['English' 'Portuguese' 'Spanish'],Colombia,,,CC BY-NC-ND,,http://www.revistas.unal.edu.co/index.php/imanimundo/about/submissions#copyrightNotice,True,True,http://www.revistas.unal.edu.co/index.php/imanimundo/about/submissions#copyrightNotice,Double anonymous peer review,http://www.revistas.unal.edu.co/index.php/imanimundo/about/editorialPolicies#peerReviewProcess,False,http://www.revistas.unal.edu.co/index.php/imanimundo/about/editorialPolicies#focusAndScope,http://www.revistas.unal.edu.co/index.php/imanimundo/about/editorialTeam,http://www.revistas.unal.edu.co/index.php/imanimundo/about/submissions#authorGuidelines,12,False,http://www.revistas.unal.edu.co/index.php/imanimundo/about/editorialPolicies#custom-0,False,,False,http://www.revistas.unal.edu.co/index.php/imanimundo/about/editorialPolicies#custom-0,LOCKSS,,http://www.revistas.unal.edu.co/index.php/imanimundo/about/editorialPolicies#archiving,Open Policy Finder,,,True,,,A,False,No,No,General Works,2011-09-01,2020-07-31,2020-07-31,335,2026-06-25,,,100.0,imputado,['publindex'],mediana_global,False,1,,,True,True,2026-09-12
0120-6222,,,Colombia Amazónica,2016,C,No disponible,No disponible,No disponible,No disponible,,No registra,Ciencias Biológicas,Ciencias Naturales,INSTITUTO AMAZONICO DE INVESTIGACIONES CIENTIFICAS SINCHI,Otras,,,"1,003",0120-6222,colombia amazonica,,2026-09-12,consolidado,b0ac8fe208356d80,,,,,,,,,0,,,,,,,,,,,,,,,,,,,,,,,,,,,,,,,,,,,,,,,,,,,,,,,,,,,,,,,,,,,,,,,,,100.0,imputado,['publindex'],mediana_global,False,1,,,False,,2026-09-12
1657-6799,,,Revista Jurídica Piélagus,2016,C,Colombia,Centro Sur,Huila,Neiva,41001,Derecho,Derecho,Ciencias Sociales,UNIVERSIDAD SURCOLOMBIANA,IES,,,625,1657-6799,juridica pielagus,CO,2026-09-12,consolidado,e61b190027e7d3b1,,,,,,,,,0,,,,,,,,,,,,,,https://www.journalusco.edu.co/index.php/pielagus,https://doaj.org/toc/cb256e9b72264a4e87507befde423cd4,2002,,1657-6799,2539-522X,"['internationalization' 'law' 'constitutional law' 'constitution'
 'colombia']",['Spanish' 'English' 'French'],Colombia,,,CC BY-NC-SA,,https://journalusco.edu.co/index.php/pielagus/about#politica,,False,https://journalusco.edu.co/index.php/pielagus/about/submissions#da,Double anonymous peer review,https://www.journalusco.edu.co/index.php/pielagus/proceso,True,https://journalusco.edu.co/index.php/pielagus/about#focus,https://www.journalusco.edu.co/index.php/pielagus/about/editorialTeam,https://www.journalusco.edu.co/index.php/pielagus/about/submissions,12,False,https://www.journalusco.edu.co/index.php/pielagus/about#enfoque,False,,False,,,,,,,DOI,True,,,K,False,No,No,Law,2019-06-26,2023-01-20,2023-01-20,0,,,,100.0,imputado,['publindex'],mediana_global,False,1,,,True,True,2026-09-12
0122-1213,,,Prospectiva,2016,B,Colombia,Pacífico,Valle del Cauca,Cali,76001,Otras Ciencias Sociales,Otras Ciencias Sociales,Ciencias Sociales,UNIVERSIDAD DEL VALLE,IES,,,515,0122-1213,prospectiva,CO,2026-09-12,consolidado,e933267ad95c8df6,,,,,,,,,0,,,,,,,,,,,,,,https://revistaprospectiva.univalle.edu.co,https://doaj.org/toc/3b6317bd8b604f98b40b73f4f92db338,2007,,0122-1213,2389-993X,['social science' 'social intervention' 'social thought'],['Spanish'],Colombia,,,CC BY-NC-SA,,https://revistaprospectiva.univalle.edu.co/index.php/prospectiva/about/submissions#copyrightNotice,True,False,https://revistaprospectiva.univalle.edu.co/index.php/prospectiva/about/submissions#copyrightNotice,Double anonymous peer review,https://revistaprospectiva.univalle.edu.co/index.php/prospectiva/revisionpares,False,https://revistaprospectiva.univalle.edu.co/index.php/prospectiva/enfoqueyalcance,https://revistaprospectiva.univalle.edu.co/index.php/prospectiva/about/editorialTeam,https://revistaprospectiva.univalle.edu.co/index.php/prospectiva/information/authors,20,False,https://revistaprospectiva.univalle.edu.co/index.php/prospectiva/information/authors,False,,False,,,,,,,DOI,True,,,HV1-9960|H1-99,False,No,No,Social Sciences: Social pathology. Social and public welfare. Criminology | Social Sciences: Social sciences (General),2017-10-31,2024-11-20,2024-11-20,609,2026-07-29,,,100.0,imputado,['publindex'],mediana_global,False,2,,,True,False,2026-09-12
1657-7558,2346-2132,,Oasis,2016,B,Colombia,Distrito Capital,"Bogotá, D. C.","Bogotá, D.C.",11001,No registra,Ciencias Políticas,Ciencias Sociales,UNIVERSIDAD EXTERNADO DE COLOMBIA,IES,,,456,1657-7558,oasis,CO,2026-09-12,consolidado,4f28d382d49352be,,,,,,,,,0,,,,,,,,,,,,,,http://www.uexternado.edu.co/oasis,https://doaj.org/toc/81e536ded99c48cc98b3196cd0c31168,2001,Observatorio de Análisis de los Sistemas Internacionales,1657-7558,2346-2132,"['international relations theory' 'geopolitics' 'migration'
 'governability' 'cooperation']",['Spanish' 'English'],Colombia,,,CC BY-NC-SA,,https://revistas.uexternado.edu.co/index.php/oasis/about/submissions#copyrightNotice,True,True,https://revistas.uexternado.edu.co/index.php/oasis/about#openAccessPolicy,Double anonymous peer review,https://revistas.uexternado.edu.co/index.php/oasis/about#peerReviewProcess,False,https://revistas.uexternado.edu.co/index.php/oasis/about#focusAndScope,https://revistas.uexternado.edu.co/index.php/oasis/about/editorialTeam,https://revistas.uexternado.edu.co/index.php/oasis/about/submissions,15,False,https://revistas.uexternado.edu.co/index.php/oasis/about/submissions,False,,False,,PKP PN,,https://portal.issn.org/resource/ISSN/2346-2132,Open Policy Finder,https://openpolicyfinder.jisc.ac.uk/publication/27467,DOI,True,,,J|JZ2-6530,False,No,No,Political science: International relations,2015-12-04,2026-06-14,2026-06-14,589,2026-06-30,,,100.0,imputado,['publindex'],mediana_global,False,2,,,True,False,2026-09-12
0120-5498,2389-8356,,Medicina,2016,B,Colombia,Distrito Capital,"Bogotá, D. C.","Bogotá, D.C.",11001,No registra,Ciencias de la Salud,Ciencias Médicas y de la Salud,ACADEMIA NACIONAL DE MEDICINA,Otras,,,390,0120-5498,medicina,CO,2026-09-12,consolidado,a5845d8dff7c4032,,,,,,,,,0,,,,,,,,,,,,,,https://revistamedicina.net/,https://doaj.org/toc/63e39d75965b4aeea1ecb4cb32cc5c86,1997,,0120-5498,2389-8356,"['medicine' 'therapeutics' 'health sciences' 'medical education'
 'health care' 'history of medicine']",['Spanish'],Colombia,Academia Nacional de Medicina (Colombia),,CC BY,,https://revistamedicina.net/openaccess,,False,http://revistamedicina.net/ojsanm/index.php/Medicina/about/submissions,Double anonymous peer review,http://revistamedicina.net/ojsanm/index.php/Medicina/about/submissions,False,https://revistamedicina.net/aboutmagazine,https://revistamedicina.net/editorialBoard,https://revistamedicina.net/authorsrules,10,False,https://revistamedicina.net/openaccess,False,,False,,,,,,,,True,,,R5-920,False,No,No,Medicine: Medicine (General),2015-12-07,2025-10-23,2025-10-23,1329,2019-01-21,,,100.0,imputado,['publindex'],mediana_area,False,2,,,True,True,2026-09-12
0124-3691,,,Revista Gastrohnup,2016,C,No disponible,No disponible,No disponible,No disponible,,Otros Temas de Medicina Clínica,Medicina Clínica,Ciencias Médicas y de la Salud,UNIVERSIDAD DEL VALLE,IES,,,90,0124-3691,gastrohnup,,2026-09-12,consolidado,58bbe8d0558a4550,,,,,,,,,0,,,,,,,,,,,,,,,,,,,,,,,,,,,,,,,,,,,,,,,,,,,,,,,,,,,,,,,,,,,,,,,,,100.0,imputado,['publindex'],mediana_area,False,1,,,False,,2026-09-12
0123-8264,,,Horizontes Pedagógicos,2016,C,Colombia,Distrito Capital,"Bogotá, D. C.","Bogotá, D.C.",11001,"Educación General (Incluye Capacitación, Pedagogía)",Ciencias de la Educación,Ciencias Sociales,CORPORACION UNIVERSITARIA IBEROAMERICANA,IES,,,842,0123-8264,horizontes pedagogicos,CO,2026-09-12,consolidado,8426edf68642420f,,,,,,,,,0,,,,,,,,,,,,,,https://horizontespedagogicos.ibero.edu.co,https://doaj.org/toc/85b6bb2a1820468893af3ae47d47c2af,2008,,0123-8264,2500-705X,"['education' 'teaching' 'interculturality' 'diversity' 'inclusion'
 'investigation action']",['Spanish'],Colombia,Corporación Universitaria Iberoamericana,,CC BY-NC-SA,,https://horizontespedagogicos.ibero.edu.co/index,True,False,,Double anonymous peer review,https://horizontespedagogicos.ibero.edu.co/about,False,https://horizontespedagogicos.ibero.edu.co/about,https://horizontespedagogicos.ibero.edu.co/about/editorialTeam,https://horizontespedagogicos.ibero.edu.co/about/submissions,24,False,https://horizontespedagogicos.ibero.edu.co/about,False,,False,https://horizontespedagogicos.ibero.edu.co/about,,,,,,,True,,,L7-991|LB5-3640,False,No,No,Education: Education (General) | Education: Theory and practice of education,2020-08-04,2020-08-04,2020-08-04,141,2026-02-19,,,100.0,imputado,['publindex'],mediana_global,False,1,,,True,False,2026-09-12
0120-3630,,,Boletín De Ciencias De La Tierra,2016,A2,Colombia,Eje Cafetero,Antioquia,Medellín,05001,Geología,Ciencias de la Tierra y Medioambientales,Ciencias Naturales,UNIVERSIDAD NACIONAL DE COLOMBIA,IES,,,298,0120-3630,boletin ciencias tierra,CO,2026-09-12,consolidado,6ce07ecc9313500c,127.0,21101204535,journal,Universidad Nacional de Colombia,True,True,0.134,Q4,1,4.0,10.0,35.0,298.0,13.0,31.0,0.43,29.8,0.2273,0.0,2019-2025,Earth and Planetary Sciences (miscellaneous) (Q4),Earth and Planetary Sciences,http://revistas.unal.edu.co/index.php/rbct,https://doaj.org/toc/fa1d792cf2ad48baafc758d81744607d,2006,,0120-3630,2357-3740,"['geophysics' 'earth sciences' 'regional geology' 'geomorphology'
 'mineralogy and petrography']",['Spanish'],Colombia,,,CC BY-NC-ND,,https://revistas.unal.edu.co/index.php/rbct/index,,False,,Double anonymous peer review,http://revistas.unal.edu.co/index.php/rbct/about/editorialPolicies#peerReviewProcess,True,http://revistas.unal.edu.co/index.php/rbct/about/editorialPolicies#focusAndScope,http://revistas.unal.edu.co/index.php/rbct/about/editorialTeam,http://revistas.unal.edu.co/index.php/rbct/about/submissions#authorGuidelines,24,False,https://revistas.unal.edu.co/index.php/rbct/about/editorialPolicies#focusAndScope,False,,False,,,,,Open Policy Finder,,,True,,,Q|QE1-996.5,False,No,No,Science: Geology,2017-11-16,2022-08-17,2022-08-17,300,2026-06-01,,,100.0,imputado,['publindex'],mediana_global,False,3,0.37142857142857144,0.14660831509846828,True,False,2026-09-12
1657-3978,,,Criterio Jurídico,2016,C,Colombia,Pacífico,Valle del Cauca,Cali,76001,Derecho,Derecho,Ciencias Sociales,PONTIFICIA UNIVERSIDAD JAVERIANA,IES,,,651,1657-3978,criterio juridico,CO,2026-09-12,consolidado,bc074def3f93b6b3,,,,,,,,,0,,,,,,,,,,,,,,,,,,,,,,,,,,,,,,,,,,,,,,,,,,,,,,,,,,,,,,,,,,,,,,,,,100.0,imputado,['publindex'],mediana_global,False,1,,,True,,2026-09-12
2011-3757,,,Calle14,2016,C,Colombia,Distrito Capital,"Bogotá, D. C.","Bogotá, D.C.",11001,Artes plásticas y visuales,Arte,Humanidades,UNIVERSIDAD DISTRITAL FRANCISCO JOSE DE CALDAS,IES,,,689,2011-3757,calle14,CO,2026-09-12,consolidado,772f819e6dc5fde1,,,,,,,,,0,,,,,,,,,,,,,,http://revistas.udistrital.edu.co/ojs/index.php/c14,https://doaj.org/toc/fad89285918d4898aef4ea183461fa5e,2007,Calle 14,2011-3757,2145-0706,['art theory' 'theatre' 'music' 'history'],['Spanish'],Colombia,,,CC BY-NC-SA,,https://revistas.udistrital.edu.co/index.php/c14/derechos,True,True,https://revistas.udistrital.edu.co/index.php/c14/derechos,Anonymous peer review,https://revistas.udistrital.edu.co/index.php/c14/proceso,False,http://revistas.udistrital.edu.co/ojs/index.php/c14/about/editorialPolicies#focusAndScope,http://revistas.udistrital.edu.co/ojs/index.php/c14/about/editorialTeam,http://revistas.udistrital.edu.co/ojs/index.php/c14/about/submissions#authorGuidelines,8,False,http://revistas.udistrital.edu.co/ojs/index.php/c14/about/submissions#authorGuidelines,False,,False,,,,,,,DOI,True,,,N|NX1-820,False,No,No,Fine Arts: Arts in general,2016-03-04,2024-09-06,2024-09-06,449,2026-03-11,,,100.0,imputado,['publindex'],mediana_global,False,1,,,True,True,2026-09-12
0123-4072,,,Lumina,2016,C,Colombia,Eje Cafetero,Caldas,Manizales,17001,Negocios y Management,Economía y Negocios,Ciencias Sociales,UNIVERSIDAD DE MANIZALES UMANIZALES,IES,,,687,0123-4072,lumina,CO,2026-09-12,consolidado,cd5eff90abd43b0d,,,,,,,,,0,,,,,,,,,,,,,,,,,,,,,,,,,,,,,,,,,,,,,,,,,,,,,,,,,,,,,,,,,,,,,,,,,100.0,imputado,['publindex'],mediana_global,False,1,,,True,,2026-09-12
2215-8812,,,Textos Y Sentidos,2016,C,Colombia,Eje Cafetero,Risaralda,Pereira,66001,Otras Ciencias Sociales,Otras Ciencias Sociales,Ciencias Sociales,UNIVERSIDAD CATOLICA DE PEREIRA,IES,,,40,2215-8812,textos sentidos,CO,2026-09-12,consolidado,48f3e06a70a588b2,,,,,,,,,0,,,,,,,,,,,,,,,,,,,,,,,,,,,,,,,,,,,,,,,,,,,,,,,,,,,,,,,,,,,,,,,,,100.0,imputado,['publindex'],mediana_global,False,1,,,True,,2026-09-12
2145-9282,2422-2399,,Ingenio Magno,2016,C,Colombia,Centro Oriente,Boyacá,Tunja,15001,No registra,Otras Ingenierías y Tecnologías,Ingeniería y Tecnología,UNIVERSIDAD SANTO TOMAS,IES,,,"1,182",2145-9282,ingenio magno,CO,2026-09-12,consolidado,4fae4a2e77a770c9,,,,,,,,,0,,,,,,,,,,,,,,http://revistas.ustatunja.edu.co/index.php/ingeniomagno,https://doaj.org/toc/f47d305aaf9748faa2c6f561f75ef9e5,2010,,2145-9282,,['engineering' 'electronics' 'systems' 'mechanical'],['Spanish' 'English'],Colombia,Universidad Santo Tomás,,CC BY-NC-ND,,http://revistas.ustatunja.edu.co/index.php/ingeniomagno/about,,False,http://revistas.ustatunja.edu.co/index.php/ingeniomagno/about,Anonymous peer review,http://revistas.ustatunja.edu.co/index.php/ingeniomagno/about,False,http://revistas.ustatunja.edu.co/index.php/ingeniomagno/about,http://revistas.ustatunja.edu.co/index.php/ingeniomagno/about/editorialTeam,http://revistas.ustatunja.edu.co/index.php/ingeniomagno/about/submissions,16,False,http://revistas.ustatunja.edu.co/index.php/ingeniomagno/about,False,,False,,,,,,,,True,,,TA1-2040,False,No,No,Technology: Engineering (General). Civil engineering (General),2013-11-18,2021-03-02,2021-03-02,64,2015-11-30,,,100.0,imputado,['publindex'],mediana_global,False,1,,,True,False,2026-09-12
0120-131X,,,Cuestiones Teológicas Y Filosóficas,2016,B,Colombia,Eje Cafetero,Antioquia,Medellín,05001,Teología,Otras Humanidades,Humanidades,UNIVERSIDAD PONTIFICIA BOLIVARIANA,IES,,,44,0120-131X,cuestiones teologicas filosoficas,CO,2026-09-12,consolidado,51adffa6ae32eafc,,,,,,,,,0,,,,,,,,,,,,,,https://revistas.upb.edu.co/index.php/cuestiones/index,https://doaj.org/toc/e59c4d2bb2ae4e18ab111da3c5b76a97,2005,,0120-131X,2389-9980,['theology' 'bible' 'pastoral' 'spirituality'],['Spanish'],Colombia,Universidad Pontificia Bolivariana,,CC BY-NC,,https://revistas.upb.edu.co/index.php/cuestiones/about/submissions#copyrightNotice,,True,https://revistas.upb.edu.co/index.php/cuestiones/about/submissions#copyrightNotice,Anonymous peer review,https://revistas.upb.edu.co/index.php/cuestiones/about/editorialPolicies#peerReviewProcess,True,https://revistas.upb.edu.co/index.php/cuestiones/about/editorialPolicies#focusAndScope,https://revistas.upb.edu.co/index.php/cuestiones/about/editorialTeam,https://revistas.upb.edu.co/index.php/cuestiones/about/submissions#authorGuidelines,20,False,https://revistas.upb.edu.co/index.php/cuestiones/about/editorialPolicies#openAccessPolicy,False,,False,https://revistas.upb.edu.co/index.php/cuestiones/about/editorialPolicies#openAccessPolicy,,,,,,,True,,,BS1-2970|BV1-5099|BT10-1480,False,No,No,Philosophy. Psychology. Religion: The Bible | Philosophy. Psychology. Religion: Practical Theology | Philosophy. Psychology. Religion: Doctrinal Theology,2019-03-10,2019-03-10,2019-03-10,876,2026-07-24,,,100.0,imputado,['publindex'],mediana_global,False,2,,,True,False,2026-09-12
1692-8156,2011-1703,,International Law : Revista Colombiana De Derecho Internacional,2016,A2,Colombia,Distrito Capital,"Bogotá, D. C.","Bogotá, D.C.",11001,Derecho,Derecho,Ciencias Sociales,PONTIFICIA UNIVERSIDAD JAVERIANA,IES,,,498,1692-8156,law colombiana derecho internacional,CO,2026-09-12,consolidado,a71fd5f1d6c90beb,,,,,,,,,0,,,,,,,,,,,,,,,,,,,,,,,,,,,,,,,,,,,,,,,,,,,,,,,,,,,,,,,,,,,,,,,,,100.0,imputado,['publindex'],mediana_global,False,3,,,True,,2026-09-12
0123-4471,,,Revista Del Departamento De Antropología Y Sociología Facultad De Ciencias Jurídicas Y Sociales,2016,B,Colombia,Eje Cafetero,Caldas,Manizales,17001,Antropología,Sociología,Ciencias Sociales,UNIVERSIDAD DE CALDAS,IES,,,227,0123-4471,departamento antropologia sociologia facultad ciencias juridicas sociales,CO,2026-09-12,consolidado,f683eee9956e3ff9,,,,,,,,,0,,,,,,,,,,,,,,https://revistasojs.ucaldas.edu.co/index.php/virajes/index,https://doaj.org/toc/699c207a46be4e2eb2598add71549e0d,2008,,0123-4471,2462-9782,['anthropology' 'sociology' 'ethnography' 'ethnology' 'social sciences'],['French' 'Portuguese' 'English' 'Spanish'],Colombia,,,CC BY,,https://revistasojs.ucaldas.edu.co/index.php/virajes/ethics,True,False,https://revistasojs.ucaldas.edu.co/index.php/virajes/about/submissions,Double anonymous peer review,https://revistasojs.ucaldas.edu.co/index.php/virajes/about/submissions,True,https://revistasojs.ucaldas.edu.co/index.php/virajes/about,https://revistasojs.ucaldas.edu.co/index.php/virajes/about/editorialTeam,https://revistasojs.ucaldas.edu.co/index.php/virajes/about/submissions,48,False,https://revistasojs.ucaldas.edu.co/index.php/virajes/about,False,,False,,,,,,,DOI,True,,,GN1-890,False,No,No,Geography. Anthropology. Recreation: Anthropology,2022-03-07,2022-03-07,2022-03-07,577,2026-06-17,,,100.0,imputado,['publindex'],mediana_global,False,2,,,True,False,2026-09-12
1794-7030,,,Hojas Y Hablas,2016,C,Colombia,Distrito Capital,"Bogotá, D. C.","Bogotá, D.C.",11001,No registra,Ciencias de la Educación,Ciencias Sociales,FUNDACION UNIVERSITARIA MONSERRATE,IES,,,"1,038",1794-7030,hojas hablas,CO,2026-09-12,consolidado,834b20d7c34f8277,,,,,,,,,0,,,,,,,,,,,,,,,,,,,,,,,,,,,,,,,,,,,,,,,,,,,,,,,,,,,,,,,,,,,,,,,,,100.0,imputado,['publindex'],mediana_global,False,1,,,True,,2026-09-12
1909-2407,,,"Revista Salud, Historia Y Sanidad On-Line",2016,C,Colombia,Centro Oriente,Boyacá,Tunja,15001,No registra,Ciencias de la Salud,Ciencias Médicas y de la Salud,ASOCIACION DE GRADUADOS DE ENFERMERIA,Otras,UNIVERSIDAD PEDAGOGICA Y TECNOLOGICA DE COLOMBIA,,438,1909-2407,salud historia sanidad line,CO,2026-09-12,consolidado,6860c8d96b518365,,,,,,,,,0,,,,,,,,,,,,,,,,,,,,,,,,,,,,,,,,,,,,,,,,,,,,,,,,,,,,,,,,,,,,,,,,,100.0,imputado,['publindex'],mediana_area,False,1,,,True,,2026-09-12
0121-2923,,,Palmas,2016,C,No disponible,No disponible,No disponible,No disponible,,No registra,"Agricultura, Silvicultura y Pesca",Ciencias Agrícolas,FEDERACION NACIONAL DE CULTIVADORES DE PALMA DE ACEITE FEDEPALMA,Otras,,,495,0121-2923,palmas,,2026-09-12,consolidado,3795751ebf6786ac,,,,,,,,,0,,,,,,,,,,,,,,,,,,,,,,,,,,,,,,,,,,,,,,,,,,,,,,,,,,,,,,,,,,,,,,,,,200.0,imputado,['publindex'],mediana_area,False,1,,,False,,2026-09-12
2248-7441,,,Revista Antioqueña De Las Ciencias Computacionales Y La Ingeniería De Software (Raccis),2016,C,Colombia,Eje Cafetero,Antioquia,Medellín,05001,No registra,Computación y Ciencias de la Información,Ciencias Naturales,CORPORACION INSTITUTO ANTIOQUENO DE INVESTIGACION,Otras,,,177,2248-7441,antioquena ciencias computacionales ingenieria software raccis,CO,2026-09-12,consolidado,7269337549671837,,,,,,,,,0,,,,,,,,,,,,,,,,,,,,,,,,,,,,,,,,,,,,,,,,,,,,,,,,,,,,,,,,,,,,,,,,,100.0,imputado,['publindex'],mediana_global,False,1,,,True,,2026-09-12
1794-161X,2389-7864,,Revista Intropica,2016,C,Colombia,Caribe,Magdalena,Santa Marta,47001,No registra,Ciencias de la Tierra y Medioambientales,Ciencias Naturales,UNIVERSIDAD DEL MAGDALENA,IES,,,"1,005",1794-161X,intropica,CO,2026-09-12,consolidado,c8533d8276d34220,,,,,,,,,0,,,,,,,,,,,,,,http://revistas.unimagdalena.edu.co/index.php/intropica,https://doaj.org/toc/8fb12c9009ad43b88bdede5df2af4634,2004,,1794-161X,2389-7864,['biology' 'environmental sciences'],['English' 'Spanish'],Colombia,Universidad del Magdalena,,CC BY-NC-SA,,http://revistas.unimagdalena.edu.co/index.php/intropica/g_autores,True,False,,Double anonymous peer review,http://revistas.unimagdalena.edu.co/index.php/intropica/about,True,http://revistas.unimagdalena.edu.co/index.php/intropica/about,http://revistas.unimagdalena.edu.co/index.php/intropica/about/editorialTeam,http://revistas.unimagdalena.edu.co/index.php/intropica/g_autores,32,False,http://revistas.unimagdalena.edu.co/index.php/intropica/about,False,,False,http://revistas.unimagdalena.edu.co/index.php/intropica/about,,,,Open Policy Finder,,,True,,,S|GE1-350|QH301-705.5,False,No,No,Agriculture | Geography. Anthropology. Recreation: Environmental sciences | Science: Biology (General),2020-07-30,2020-07-30,2020-07-30,233,2026-05-05,,,100.0,imputado,['publindex'],mediana_global,False,1,,,True,False,2026-09-12
0124-0102,2390-0202,,Advocatus,2016,B,Colombia,Caribe,Atlántico,Barranquilla,08001,Derecho,Derecho,Ciencias Sociales,UNIVERSIDAD LIBRE DE COLOMBIA,IES,,,391,0124-0102,advocatus,CO,2026-09-12,consolidado,eb0a30e9b75cd298,,,,,,,,,0,,,,,,,,,,,,,,https://revistas.unilibre.edu.co/index.php/advocatus,https://doaj.org/toc/24b55f59ac7b4f78950de1406afdd2bd,2013,,0124-0102,2390-0202,['law' 'social science' 'social'],['Spanish'],Colombia,Universidad Libre,,CC BY-NC-SA,,https://revistas.unilibre.edu.co/index.php/advocatus/creative,,False,,Anonymous peer review,https://revistas.unilibre.edu.co/index.php/advocatus/evaluacion,False,https://revistas.unilibre.edu.co/index.php/advocatus/enfoque,https://revistas.unilibre.edu.co/index.php/advocatus/comites,https://revistas.unilibre.edu.co/index.php/advocatus/direcAutor,6,False,https://revistas.unilibre.edu.co/index.php/advocatus/enfoque,False,,False,,,,,,,,True,,,K|K1-7720|H1-99,False,No,No,Law: Law in general. Comparative and uniform law. Jurisprudence | Social Sciences: Social sciences (General),2019-11-05,2026-05-23,2020-02-05,241,2026-04-19,,,100.0,imputado,['publindex'],mediana_global,False,2,,,True,True,2026-09-12
2145-0935,,,Revista Inge@Uan,2016,C,Colombia,Distrito Capital,"Bogotá, D. C.","Bogotá, D.C.",11001,No registra,Otras Ingenierías y Tecnologías,Ingeniería y Tecnología,UNIVERSIDAD ANTONIO NARINO,IES,,,"1,179",2145-0935,inge uan,CO,2026-09-12,consolidado,b988a12f530a6e87,,,,,,,,,0,,,,,,,,,,,,,,,,,,,,,,,,,,,,,,,,,,,,,,,,,,,,,,,,,,,,,,,,,,,,,,,,,100.0,imputado,['publindex'],mediana_global,False,1,,,True,,2026-09-12
0120-4874,2357-6308,,Medicina Upb,2016,B,Colombia,Eje Cafetero,Antioquia,Medellín,05001,No registra,Ciencias de la Salud,Ciencias Médicas y de la Salud,UNIVERSIDAD PONTIFICIA BOLIVARIANA,IES,,,"1,117",0120-4874,medicina upb,CO,2026-09-12,consolidado,65175fa713f7242d,,,,,,,,,0,,,,,,,,,,,,,,,,,,,,,,,,,,,,,,,,,,,,,,,,,,,,,,,,,,,,,,,,,,,,,,,,,100.0,imputado,['publindex'],mediana_area,False,2,,,True,,2026-09-12
1909-7794,,,Revista De Derecho Privado,2016,B,No disponible,No disponible,No disponible,No disponible,,Derecho,Derecho,Ciencias Sociales,UNIVERSIDAD DE LOS ANDES,IES,,,22,1909-7794,derecho privado,,2026-09-12,consolidado,fb690ad179d0666d,,,,,,,,,0,,,,,,,,,,,,,,,,,,,,,,,,,,,,,,,,,,,,,,,,,,,,,,,,,,,,,,,,,,,,,,,,,100.0,imputado,['publindex'],mediana_global,False,2,,,False,,2026-09-12
0123-8574,,,Asfaltos Y Pavimentos,2016,C,Colombia,Centro Oriente,Santander,Piedecuesta,68547,No registra,Otras Ingenierías y Tecnologías,Ingeniería y Tecnología,CONASFALTO,Empresas,,,"1,066",0123-8574,asfaltos pavimentos,CO,2026-09-12,consolidado,c4b894fc3bd34b8d,,,,,,,,,0,,,,,,,,,,,,,,,,,,,,,,,,,,,,,,,,,,,,,,,,,,,,,,,,,,,,,,,,,,,,,,,,,100.0,imputado,['publindex'],mediana_global,False,1,,,True,,2026-09-12
2027-3355,,,Comunicaciones En Estadística,2016,B,Colombia,Distrito Capital,"Bogotá, D. C.","Bogotá, D.C.",11001,Estadísticas y Probabilidades (Investigación en Metodologías),Matemática,Ciencias Naturales,UNIVERSIDAD SANTO TOMAS,IES,,,359,2027-3355,comunicaciones estadistica,CO,2026-09-12,consolidado,e2e639807560fa0f,,,,,,,,,0,,,,,,,,,,,,,,,,,,,,,,,,,,,,,,,,,,,,,,,,,,,,,,,,,,,,,,,,,,,,,,,,,100.0,imputado,['publindex'],mediana_global,False,2,,,True,,2026-09-12
0121-067X,,,Revista De Investigaciones,2016,C,Colombia,Eje Cafetero,Caldas,Manizales,17001,"Educación General (Incluye Capacitación, Pedagogía)",Ciencias de la Educación,Ciencias Sociales,UNIVERSIDAD CATOLICA DE MANIZALES,IES,,,702,0121-067X,investigaciones,CO,2026-09-12,consolidado,437bb79179ac1d04,,,,,,,,,0,,,,,,,,,,,,,,,,,,,,,,,,,,,,,,,,,,,,,,,,,,,,,,,,,,,,,,,,,,,,,,,,,100.0,imputado,['publindex'],mediana_global,False,1,,,True,,2026-09-12
1692-9403,,,Iustitia,2016,C,Colombia,Centro Oriente,Santander,Bucaramanga,68001,No registra,Derecho,Ciencias Sociales,UNIVERSIDAD SANTO TOMAS,IES,,,830,1692-9403,iustitia,CO,2026-09-12,consolidado,ef3844d2a82b8254,,,,,,,,,0,,,,,,,,,,,,,,,,,,,,,,,,,,,,,,,,,,,,,,,,,,,,,,,,,,,,,,,,,,,,,,,,,100.0,imputado,['publindex'],mediana_global,False,1,,,True,,2026-09-12
0120-1867,,,Estudios De Derecho,2016,B,Colombia,Eje Cafetero,Antioquia,Medellín,05001,Derecho,Derecho,Ciencias Sociales,UNIVERSIDAD DE ANTIOQUIA,IES,,,88,0120-1867,estudios derecho,CO,2026-09-12,consolidado,ec3bc44953788d91,,,,,,,,,0,,,,,,,,,,,,,,https://revistas.udea.edu.co/index.php/red/index,https://doaj.org/toc/5935802757ed4f828182dcfb2bc4f5bd,2012,,0120-1867,2145-6151,['social sciences' 'law' 'political science'],['Spanish'],Colombia,,,CC BY-NC-SA,,https://revistas.udea.edu.co/index.php/red/about,True,True,https://revistas.udea.edu.co/index.php/red/about/submissions,Double anonymous peer review,https://revistas.udea.edu.co/index.php/red/about,False,https://revistas.udea.edu.co/index.php/red/about,https://revistas.udea.edu.co/index.php/red/about/editorialTeam,https://revistas.udea.edu.co/index.php/red/about/submissions,20,False,https://revistas.udea.edu.co/index.php/red,False,,False,https://revistas.udea.edu.co/index.php/red,,,,,,,True,,,K|K1-7720|JA1-92,False,No,No,Law: Law in general. Comparative and uniform law. Jurisprudence | Political science: Political science (General),2020-08-26,2020-08-26,2020-08-26,2488,2026-04-08,,,100.0,imputado,['publindex'],mediana_global,False,2,,,True,False,2026-09-12
1692-6250,2500-607X,,Grafía. Cuaderno De Trabajo De Los Profesores De La Facultad De Ciencias Humanas Universidad Autónoma De Colombia,2016,C,Colombia,Distrito Capital,"Bogotá, D. C.","Bogotá, D.C.",11001,No registra,Otras Humanidades,Humanidades,UNIVERSIDAD AUTONOMA DE COLOMBIA,IES,,,933,1692-6250,grafia cuaderno trabajo profesores facultad ciencias humanas universidad autonoma colombia,CO,2026-09-12,consolidado,2ca7404252749c19,,,,,,,,,0,,,,,,,,,,,,,,http://revistas.fuac.edu.co/index.php/grafia,https://doaj.org/toc/fdd86000c36a43f49f33d3cde069143f,2003,Revista Grafía,1692-6250,,['social sciences' 'humanities'],['Spanish' 'Portuguese' 'English'],Colombia,Universidad Autónoma de Colombia,,CC BY,,http://revistas.fuac.edu.co/index.php/grafia/about/submissions#copyrightNotice,,True,http://revistas.fuac.edu.co/index.php/grafia/about/submissions#copyrightNotice,Double anonymous peer review,http://revistas.fuac.edu.co/index.php/grafia/about/editorialPolicies#peerReviewProcess,False,http://revistas.fuac.edu.co/index.php/grafia/about/editorialPolicies#focusAndScope,http://revistas.fuac.edu.co/index.php/grafia/about/editorialTeam,http://revistas.fuac.edu.co/index.php/grafia/about/submissions#authorGuidelines,20,False,http://revistas.fuac.edu.co/index.php/grafia/about/editorialPolicies#focusAndScopehttp://revistas.fuac.edu.co/index.php/grafia/about/editorialPolicies#focusAndScope,False,,False,,,,,,,,True,,,B|H1-99,False,No,No,Philosophy. Psychology. Religion | Social Sciences: Social sciences (General),2017-05-16,2021-11-12,2021-11-12,372,2026-03-21,,,100.0,imputado,['publindex'],mediana_global,False,1,,,True,False,2026-09-12
1657-723X,,,Audiología Hoy,2016,C,Colombia,Distrito Capital,"Bogotá, D. C.","Bogotá, D.C.",11001,No registra,Medicina Clínica,Ciencias Médicas y de la Salud,ASOCIACION COLOMBIANA DE LIMNOLOGIA,Otras,,,150,1657-723X,audiologia hoy,CO,2026-09-12,consolidado,28d3905366dc8e89,,,,,,,,,0,,,,,,,,,,,,,,,,,,,,,,,,,,,,,,,,,,,,,,,,,,,,,,,,,,,,,,,,,,,,,,,,,100.0,imputado,['publindex'],mediana_area,False,1,,,True,,2026-09-12
1692-6226,,,Temas,2016,C,Colombia,Centro Oriente,Santander,Bucaramanga,68001,Otras Ciencias Sociales,Otras Ciencias Sociales,Ciencias Sociales,UNIVERSIDAD SANTO TOMAS,IES,,,941,1692-6226,temas,CO,2026-09-12,consolidado,d498727bdcfa7150,,,,,,,,,0,,,,,,,,,,,,,,,,,,,,,,,,,,,,,,,,,,,,,,,,,,,,,,,,,,,,,,,,,,,,,,,,,100.0,imputado,['publindex'],mediana_global,False,1,,,True,,2026-09-12
0121-5426,,,Revista Colombiana De Neumología,2016,B,Colombia,Distrito Capital,"Bogotá, D. C.","Bogotá, D.C.",11001,No registra,Medicina Clínica,Ciencias Médicas y de la Salud,SOCIEDAD COLOMBIANA DE NEUMOLOGIA Y CIRUGIA DE TORAX,Otras,,,524,0121-5426,colombiana neumologia,CO,2026-09-12,consolidado,0c0a048db541b210,,,,,,,,,0,,,,,,,,,,,,,,,,,,,,,,,,,,,,,,,,,,,,,,,,,,,,,,,,,,,,,,,,,,,,,,,,,100.0,imputado,['publindex'],mediana_area,False,2,,,True,,2026-09-12
2011-0472,2422-2186,,Quaestiones Disputatae,2016,C,Colombia,Centro Oriente,Boyacá,Tunja,15001,Filosofía,Otras Humanidades,Humanidades,UNIVERSIDAD SANTO TOMAS,IES,,,609,2011-0472,quaestiones disputatae,CO,2026-09-12,consolidado,a02d0613f5109715,,,,,,,,,0,,,,,,,,,,,,,,,,,,,,,,,,,,,,,,,,,,,,,,,,,,,,,,,,,,,,,,,,,,,,,,,,,100.0,imputado,['publindex'],mediana_global,False,1,,,True,,2026-09-12
1900-6608,,,Publicaciones E Investigación,2016,C,Colombia,Distrito Capital,"Bogotá, D. C.","Bogotá, D.C.",11001,No registra,Ciencias Químicas,Ciencias Naturales,UNIVERSIDAD NACIONAL ABIERTA Y A DISTANCIA,IES,,,939,1900-6608,publicaciones e investigacion,CO,2026-09-12,consolidado,c9167dae7da524c6,,,,,,,,,0,,,,,,,,,,,,,,https://hemeroteca.unad.edu.co/index.php/publicaciones-e-investigacion/index,https://doaj.org/toc/62c0368648fe42849741855bb9d1c44a,2007,,1900-6608,2539-4088,"['software' 'computing' 'engineering' 'data science'
 'artificial intelligence']",['Spanish' 'English'],Colombia,,,CC BY-NC-SA,,https://hemeroteca.unad.edu.co/index.php/publicaciones-e-investigacion/about,,True,https://hemeroteca.unad.edu.co/index.php/publicaciones-e-investigacion/Politicas,Double anonymous peer review,https://hemeroteca.unad.edu.co/index.php/publicaciones-e-investigacion/about,True,https://hemeroteca.unad.edu.co/index.php/publicaciones-e-investigacion/about,https://hemeroteca.unad.edu.co/index.php/publicaciones-e-investigacion/about/editorialTeam,https://hemeroteca.unad.edu.co/index.php/publicaciones-e-investigacion/about/submissions,10,False,https://hemeroteca.unad.edu.co/index.php/publicaciones-e-investigacion/about,False,,False,,,,,,,DOI,True,,,T|TA1-2040,False,No,No,Technology: Engineering (General). Civil engineering (General),2017-11-30,2026-08-05,2026-07-15,165,2020-08-18,,,100.0,imputado,['publindex'],mediana_global,False,1,,,True,True,2026-09-12
1657-3986,2256-5477,,Desde El Jardín De Freud,2016,C,Colombia,Distrito Capital,"Bogotá, D. C.","Bogotá, D.C.",11001,No registra,Psicología,Ciencias Sociales,UNIVERSIDAD NACIONAL DE COLOMBIA,IES,,,"1,096",1657-3986,desde jardin freud,CO,2026-09-12,consolidado,494ab0bee0a69a57,,,,,,,,,0,,,,,,,,,,,,,,http://www.revistas.unal.edu.co/index.php/jardin,https://doaj.org/toc/a960d51b75024b1da0607734aa374632,2001,Revista Desde el Jardín de Freud,1657-3986,2256-5477,"['psychoanalysis' '\u200b \u200bsubjectivity' '\u200b culture'
 '\u200b literature' '\u200b art' 'language']",['Spanish'],Colombia,,,CC BY-NC-ND,,http://www.revistas.unal.edu.co/index.php/jardin/about/editorialPolicies#openAccessPolicy,True,False,http://www.revistas.unal.edu.co/index.php/jardin/about/submissions#copyrightNotice,Double anonymous peer review,http://www.revistas.unal.edu.co/index.php/jardin/about/editorialPolicies#peerReviewProcess,True,http://www.revistas.unal.edu.co/index.php/jardin/about/editorialPolicies#focusAndScope,http://www.revistas.unal.edu.co/index.php/jardin/about/editorialTeam,http://www.revistas.unal.edu.co/index.php/jardin/about/submissions#authorGuidelines,25,False,http://www.revistas.unal.edu.co/index.php/jardin/about/editorialPolicies#custom-2,False,,False,,,,,,,DOI,True,,,RC475-489,False,No,No,Medicine: Internal medicine: Neurosciences. Biological psychiatry. Neuropsychiatry: Neurology. Diseases of the nervous system: Psychiatry: Therapeutics. Psychotherapy,2012-12-27,2025-04-07,2025-04-07,1087,2026-02-24,,,100.0,imputado,['publindex'],mediana_global,False,1,,,True,False,2026-09-12
0120-7180,,,Cooperativismo & Desarrollo,2016,C,Colombia,Distrito Capital,"Bogotá, D. C.","Bogotá, D.C.",11001,Negocios y Management,Economía y Negocios,Ciencias Sociales,CORPORACION CLINICA UNIVERSIDAD COOPERATIVA DE COLOMBIA,Otras,,,"1,106",0120-7180,cooperativismo desarrollo,CO,2026-09-12,consolidado,1e71b6b603e37b2d,,,,,,,,,0,,,,,,,,,,,,,,https://revistas.ucc.edu.co/index.php/co/index,https://doaj.org/toc/853c43c844ff4fdbb415cdfad557d51a,2012,Revista Cooperativismo y Desarrollo,0120-7180,2382-4220,"['associativity' 'social economy' 'social development' 'social innovation'
 'cooperativism']",['Spanish' 'Portuguese' 'English'],Colombia,Universidad Cooperativa de Colombia,,CC BY-NC-ND,,https://revistas.ucc.edu.co/index.php/co/about/editorialPolicies#openAccessPolicy,True,False,,Double anonymous peer review,https://revistas.ucc.edu.co/index.php/co/about/submissions#onlineSubmissions,True,https://revistas.ucc.edu.co/index.php/co/about/editorialPolicies#focusAndScope,https://revistas.ucc.edu.co/index.php/co/about/editorialTeam,https://revistas.ucc.edu.co/index.php/co/about/submissions#authorGuidelines,12,False,https://revistas.ucc.edu.co/index.php/co/about/editorialPolicies#custom-0,False,,False,,PKP PN,,https://portal.issn.org/resource/ISSN/2382-4220,,,DOI,True,,,JA1-92|HN1-995,False,No,No,Political science: Political science (General) | Social Sciences: Social history and conditions. Social problems. Social reform,2018-01-03,2022-08-22,2022-08-22,0,,,,100.0,imputado,['publindex'],mediana_global,False,1,,,True,True,2026-09-12
0122-4328,,,Nodos Y Nudos,2016,B,Colombia,Distrito Capital,"Bogotá, D. C.","Bogotá, D.C.",11001,"Educación General (Incluye Capacitación, Pedagogía)",Ciencias de la Educación,Ciencias Sociales,UNIVERSIDAD PEDAGOGICA NACIONAL,IES,,,506,0122-4328,nodos nudos,CO,2026-09-12,consolidado,bb7672e3e82c7687,,,,,,,,,0,,,,,,,,,,,,,,,,,,,,,,,,,,,,,,,,,,,,,,,,,,,,,,,,,,,,,,,,,,,,,,,,,100.0,imputado,['publindex'],mediana_global,False,2,,,True,,2026-09-12
2011-642X,,,Revista Ingenio Ufpso,2016,C,Colombia,Centro Oriente,Norte de Santander,Ocaña,54498,No registra,"Ingenierías Eléctrica, Electrónica e Informática",Ingeniería y Tecnología,UNIVERSIDAD FRANCISCO DE PAULA SANTANDER,IES,,,172,2011-642X,ingenio ufpso,CO,2026-09-12,consolidado,e7ca3a86e05a7418,,,,,,,,,0,,,,,,,,,,,,,,https://revistas.ufps.edu.co/index.php/ingenio,https://doaj.org/toc/b8698362b2b64428b275b2990cb179e6,2011,,2011-642X,2389-864X,['engineering' 'systems and computing' 'civil engineering'],['English' 'Spanish'],Colombia,,,CC BY-NC,,https://revistas.ufps.edu.co/index.php/ingenio/about/submissions,True,False,https://revistas.ufps.edu.co/index.php/ingenio/about/submissions,Double anonymous peer review,https://revistas.ufps.edu.co/index.php/ingenio/about/submissions,True,https://revistas.ufps.edu.co/index.php/ingenio/about,https://revistas.ufps.edu.co/index.php/ingenio/about/editorialTeam,https://revistas.ufps.edu.co/index.php/ingenio/about/submissions,12,False,https://revistas.ufps.edu.co/index.php/ingenio/about,False,,False,,LOCKSS,,https://revistas.ufps.edu.co/index.php/ingenio/about,,,DOI,True,,,TA1-2040,False,No,No,Technology: Engineering (General). Civil engineering (General),2021-01-05,2021-01-05,2021-01-05,230,2026-05-13,,,100.0,imputado,['publindex'],mediana_global,False,1,,,True,True,2026-09-12
0122-9729,,,Tendencias & Retos,2016,C,Colombia,Distrito Capital,"Bogotá, D. C.","Bogotá, D.C.",11001,No registra,Sociología,Ciencias Sociales,UNIVERSIDAD DE LA SALLE,IES,,,51,0122-9729,tendencias retos,CO,2026-09-12,consolidado,6020c9dd15616f26,,,,,,,,,0,,,,,,,,,,,,,,,,,,,,,,,,,,,,,,,,,,,,,,,,,,,,,,,,,,,,,,,,,,,,,,,,,100.0,imputado,['publindex'],mediana_global,False,1,,,True,,2026-09-12
2248-762X,,,Redes De Ingenieria,2016,C,Colombia,Distrito Capital,"Bogotá, D. C.","Bogotá, D.C.",11001,No registra,Ingeniería Civil,Ingeniería y Tecnología,UNIVERSIDAD DISTRITAL FRANCISCO JOSE DE CALDAS,IES,,,"1,129",2248-762X,redes ingenieria,CO,2026-09-12,consolidado,a577bc0d748c3282,,,,,,,,,0,,,,,,,,,,,,,,http://revistas.udistrital.edu.co/ojs/index.php/REDES/index,https://doaj.org/toc/33ab3ca8b1874344b9609cbbafc2234a,2010,,,2248-762X,"['engineering' 'electronics' 'systems' 'education' 'electricity'
 'industry']",['English' 'Spanish'],Colombia,Universidad Distrital Francisco Jose de Caldas,,CC BY-NC-SA,,https://revistas.udistrital.edu.co/index.php/REDES/about,True,False,,Double anonymous peer review,https://revistas.udistrital.edu.co/index.php/REDES/about,True,https://revistas.udistrital.edu.co/index.php/REDES/about,http://revistas.udistrital.edu.co/ojs/index.php/REDES/about/editorialTeam,hhttps://revistas.udistrital.edu.co/index.php/REDES/about/submissions,8,False,https://revistas.udistrital.edu.co/index.php/REDES/about,False,,False,https://revistas.udistrital.edu.co/index.php/REDES/about,,,,,,,True,,,TA1-2040,False,No,No,Technology: Engineering (General). Civil engineering (General),2015-09-29,2020-02-24,2015-09-29,200,2019-08-14,,,100.0,imputado,['publindex'],mediana_global,False,1,,,True,True,2026-09-12
2322-9721,2011-6721,,Latin American Journal Of Content & Language Integrated Learning,2016,C,Colombia,Centro Oriente,Cundinamarca,Chía,25175,Estudios Generales del Lenguaje,Idiomas y Literatura,Humanidades,UNIVERSIDAD DE LA SABANA,IES,,,"1,234",2322-9721,latin american content language integrated learning,CO,2026-09-12,consolidado,0681d030d1459516,,,,,,,,,0,,,,,,,,,,,,,,,,,,,,,,,,,,,,,,,,,,,,,,,,,,,,,,,,,,,,,,,,,,,,,,,,,100.0,imputado,['publindex'],mediana_global,False,1,,,True,,2026-09-12
0120-8748,,,Acta Neurológica Colombiana,2016,A2,Colombia,Distrito Capital,"Bogotá, D. C.","Bogotá, D.C.",11001,Otros Temas de Medicina Clínica,Medicina Clínica,Ciencias Médicas y de la Salud,ASOCIACION COLOMBIANA DE NEUROCIRUGIA,Otras,,,410,0120-8748,acta neurologica colombiana,CO,2026-09-12,consolidado,4496dee59edc1f13,,,,,,,,,0,,,,,,,,,,,,,,https://actaneurologica.com/index.php/anc/index,https://doaj.org/toc/a9a7aa8755374bbb9690a5d0deebe258,2022,,0120-8748,2422-4022,"['basic neurosciences' 'clinical neurosciences' 'neurology'
 'neuropediatrics' 'central nervous system' 'neuroepidemiology']",['English' 'Spanish'],Colombia,,,CC BY-NC-ND,,https://actaneurologica.com/index.php/anc/access,True,True,https://actaneurologica.com/index.php/anc/access,Double anonymous peer review,https://actaneurologica.com/index.php/anc/review,True,https://actaneurologica.com/index.php/anc/about,https://actaneurologica.com/index.php/anc/about/editorialTeam,https://actaneurologica.com/index.php/anc/guidelines,12,False,https://actaneurologica.com/index.php/anc/guidelines,False,,False,,,,,,,DOI,True,,,RC346-429,False,No,No,Medicine: Internal medicine: Neurosciences. Biological psychiatry. Neuropsychiatry: Neurology. Diseases of the nervous system,2023-11-07,2023-11-07,2023-11-07,1511,2026-08-06,,,100.0,imputado,['publindex'],mediana_area,False,3,,,True,True,2026-09-12
0120-0143,,,Fitopatologia Colombiana,2016,B,Colombia,Pacífico,Valle del Cauca,Cali,76001,Agronomía,"Agricultura, Silvicultura y Pesca",Ciencias Agrícolas,ASOCIACION COLOMBIANA DE FITOPATOLOGIA Y CIENCIAS AFINES,Otras,,,912,0120-0143,fitopatologia colombiana,CO,2026-09-12,consolidado,8de98289c4eb629d,,,,,,,,,0,,,,,,,,,,,,,,,,,,,,,,,,,,,,,,,,,,,,,,,,,,,,,,,,,,,,,,,,,,,,,,,,,200.0,imputado,['publindex'],mediana_area,False,2,,,True,,2026-09-12
0562-5351,,,Suelos Ecuatoriales,2016,C,Colombia,Pacífico,Cauca,Popayán,19001,Agronomía,"Agricultura, Silvicultura y Pesca",Ciencias Agrícolas,SOCIEDAD COLOMBIANA DE LA CIENCIA DEL SUELO,Otras,,,681,0562-5351,suelos ecuatoriales,CO,2026-09-12,consolidado,f24b06d662366547,,,,,,,,,0,,,,,,,,,,,,,,,,,,,,,,,,,,,,,,,,,,,,,,,,,,,,,,,,,,,,,,,,,,,,,,,,,200.0,imputado,['publindex'],mediana_area,False,1,,,True,,2026-09-12
1692-5106,,,Revista Ustasalud Odontología,2016,C,Colombia,Centro Oriente,Santander,Bucaramanga,68001,No registra,Ciencias de la Tierra y Medioambientales,Ciencias Naturales,UNIVERSIDAD SANTO TOMAS,IES,,,617,1692-5106,ustasalud odontologia,CO,2026-09-12,consolidado,c2d8995d8ea51b9a,,,,,,,,,0,,,,,,,,,,,,,,,,,,,,,,,,,,,,,,,,,,,,,,,,,,,,,,,,,,,,,,,,,,,,,,,,,100.0,imputado,['publindex'],mediana_global,False,1,,,True,,2026-09-12
1692-8989,,,Economía & Región,2016,B,Colombia,Caribe,Bolívar,Cartagena de Indias,13001,Economía,Economía y Negocios,Ciencias Sociales,UNIVERSIDAD TECNOLOGICA DE BOLIVAR,IES,,,16,1692-8989,economia region,CO,2026-09-12,consolidado,c5e6ab954cbe8c4f,,,,,,,,,0,,,,,,,,,,,,,,,,,,,,,,,,,,,,,,,,,,,,,,,,,,,,,,,,,,,,,,,,,,,,,,,,,100.0,imputado,['publindex'],mediana_global,False,2,,,True,,2026-09-12
2145-3381,,,Criterio Juridico Garantista,2016,C,Colombia,Distrito Capital,"Bogotá, D. C.","Bogotá, D.C.",11001,No registra,Derecho,Ciencias Sociales,UNIVERSIDAD AUTONOMA DE COLOMBIA,IES,,,"1,010",2145-3381,criterio juridico garantista,CO,2026-09-12,consolidado,7b2d7f509e768b25,,,,,,,,,0,,,,,,,,,,,,,,,,,,,,,,,,,,,,,,,,,,,,,,,,,,,,,,,,,,,,,,,,,,,,,,,,,100.0,imputado,['publindex'],mediana_global,False,1,,,True,,2026-09-12
0041-9095,2011-0839,,Universitas Médica,2016,B,No disponible,No disponible,No disponible,No disponible,,No registra,Ciencias de la Salud,Ciencias Médicas y de la Salud,PONTIFICIA UNIVERSIDAD JAVERIANA,IES,,,211,0041-9095,universitas medica,,2026-09-12,consolidado,161c9adcbf52bca8,,,,,,,,,0,,,,,,,,,,,,,,https://revistas.javeriana.edu.co/index.php/vnimedica/index,https://doaj.org/toc/0fac030a2a0d4fffaea6a59ee222190f,2010,,0041-9095,2011-0839,['medicine' 'health'],['Spanish'],Colombia,Pontificia Universidad Javeriana,,CC BY,,https://revistas.javeriana.edu.co/index.php/vnimedica/about/submissions,,True,https://revistas.javeriana.edu.co/index.php/vnimedica/about/submissions,Double anonymous peer review,https://revistas.javeriana.edu.co/index.php/vnimedica/peer-review,True,https://revistas.javeriana.edu.co/index.php/vnimedica/about,https://revistas.javeriana.edu.co/index.php/vnimedica/about/editorialTeam,https://revistas.javeriana.edu.co/index.php/vnimedica/about/submissions,30,False,https://revistas.javeriana.edu.co/index.php/vnimedica/about,False,,False,https://revistas.javeriana.edu.co/index.php/vnimedica/about,,,,Open Policy Finder,,,True,,,R,False,No,No,Medicine,2019-03-26,2019-10-03,2019-10-03,614,2019-09-12,,,100.0,imputado,['publindex'],mediana_area,False,2,,,False,False,2026-09-12
1909-7786,,,"Revista De Derecho, Comunicaciones Y Nuevas Tecnologias",2016,B,Colombia,Distrito Capital,"Bogotá, D. C.","Bogotá, D.C.",11001,Derecho,Derecho,Ciencias Sociales,UNIVERSIDAD DE LOS ANDES,IES,,,166,1909-7786,derecho comunicaciones nuevas tecnologias,CO,2026-09-12,consolidado,4cf2e5b2d1f4372b,,,,,,,,,0,,,,,,,,,,,,,,,,,,,,,,,,,,,,,,,,,,,,,,,,,,,,,,,,,,,,,,,,,,,,,,,,,100.0,imputado,['publindex'],mediana_global,False,2,,,True,,2026-09-12
0122-8420,,,Ciencia Y Agricultura,2016,B,Colombia,Centro Oriente,Boyacá,Tunja,15001,No registra,"Agricultura, Silvicultura y Pesca",Ciencias Agrícolas,UNIVERSIDAD PEDAGOGICA Y TECNOLOGICA DE COLOMBIA,IES,,,"1,210",0122-8420,ciencia agricultura,CO,2026-09-12,consolidado,f1a928b41a01be9c,,,,,,,,,0,,,,,,,,,,,,,,https://revistas.uptc.edu.co/index.php/ciencia_agricultura,https://doaj.org/toc/98ddbc10e5e84124a7666b405f0d6f13,2007,,0122-8420,2539-0899,['veterinary medicine' 'animal husbandry' 'agricultural sciences'],['Spanish'],Colombia,,,CC BY,,https://revistas.uptc.edu.co/index.php/ciencia_agricultura/about/submissions,,False,,Double anonymous peer review,https://revistas.uptc.edu.co/index.php/ciencia_agricultura/about,False,https://revistas.uptc.edu.co/index.php/ciencia_agricultura/about,https://revistas.uptc.edu.co/index.php/ciencia_agricultura/about/editorialTeam,https://revistas.uptc.edu.co/index.php/ciencia_agricultura/about/submissions,14,False,https://revistas.uptc.edu.co/index.php/ciencia_agricultura/about,False,,False,,,,,,,DOI,True,,,S|S1-972,False,No,No,Agriculture: Agriculture (General),2015-04-29,2024-04-06,2024-04-06,325,2026-08-11,,,200.0,imputado,['publindex'],mediana_area,False,2,,,True,False,2026-09-12
0121-2095,,,Revista Colombiana De Radiología,2016,C,Colombia,Eje Cafetero,Antioquia,Medellín,05001,"Radiología, Medicina Nuclear y de Imágenes",Medicina Clínica,Ciencias Médicas y de la Salud,ASOCIACION COLOMBIANA DE REUMATOLOGIA,Otras,,,"1,069",0121-2095,colombiana radiologia,CO,2026-09-12,consolidado,151fb221f2e781f7,,,,,,,,,0,,,,,,,,,,,,,,,,,,,,,,,,,,,,,,,,,,,,,,,,,,,,,,,,,,,,,,,,,,,,,,,,,100.0,imputado,['publindex'],mediana_area,False,1,,,True,,2026-09-12
2027-9035,,,Historia 2.0,2016,B,Colombia,Centro Oriente,Santander,Bucaramanga,68001,Historia,Historia y Arqueología,Humanidades,ASOCIACION HISTORIA ABIERTA,Otras,,,"1,168",2027-9035,historia 2 0,CO,2026-09-12,consolidado,1a4fe17ad9523c5a,,,,,,,,,0,,,,,,,,,,,,,,,,,,,,,,,,,,,,,,,,,,,,,,,,,,,,,,,,,,,,,,,,,,,,,,,,,100.0,imputado,['publindex'],mediana_global,False,2,,,True,,2026-09-12
0121-2133,,,Cuarzo,2016,C,Colombia,Distrito Capital,"Bogotá, D. C.","Bogotá, D.C.",11001,No registra,Ciencias de la Salud,Ciencias Médicas y de la Salud,FUNDACION UNIVERSITARIA JUAN N CORPAS,Otras,,,"1,181",0121-2133,cuarzo,CO,2026-09-12,consolidado,208c342798be5c16,,,,,,,,,0,,,,,,,,,,,,,,https://revistas.juanncorpas.edu.co/index.php/cuarzo/index,https://doaj.org/toc/deda822bd7124ec5901178faf60f5ba1,2013,,0121-2133,2500-7181,['basic sciences' 'medicine' 'phytopharmacology' 'primary care' 'health'],['English' 'Spanish'],Colombia,,,CC BY-NC-ND,,https://revistas.juanncorpas.edu.co/index.php/cuarzo/about,True,False,https://revistas.juanncorpas.edu.co/index.php/cuarzo/about#peerReviewProcess,Peer review,https://revistas.juanncorpas.edu.co/index.php/cuarzo/about#peerReviewProcess,False,https://revistas.juanncorpas.edu.co/index.php/cuarzo/about#focusAndScope,https://revistas.juanncorpas.edu.co/index.php/cuarzo/about/editorialTeam,https://revistas.juanncorpas.edu.co/index.php/cuarzo/about/submissions#author_guidelines,6,False,https://revistas.juanncorpas.edu.co/index.php/cuarzo/about#openAccessPolicy,False,,False,,,,,,,DOI,True,,,Q|Q1-390,False,No,No,Science: Science (General),2019-03-05,2021-05-12,2021-05-12,131,2026-05-22,,,100.0,imputado,['publindex'],mediana_area,False,1,,,True,True,2026-09-12
2011-804X,,,"(Pensamiento), (Palabra) Y Obra",2016,B,Colombia,Distrito Capital,"Bogotá, D. C.","Bogotá, D.C.",11001,Artes plásticas y visuales,Arte,Humanidades,UNIVERSIDAD PEDAGOGICA NACIONAL,IES,,,934,2011-804X,pensamiento palabra obra,CO,2026-09-12,consolidado,13435c53416cbe65,,,,,,,,,0,,,,,,,,,,,,,,https://revistas.upn.edu.co/index.php/revistafba,https://doaj.org/toc/1a9cbf3b08a84084993edb63818cc38f,2010,,2011-804X,2462-8441,['art education' 'arts' 'aesthetic education'],['Spanish'],Colombia,,,CC BY-NC,,https://revistas.upn.edu.co/index.php/revistafba/about,True,False,https://revistas.upn.edu.co/index.php/revistafba/about,Double anonymous peer review,https://revistas.upn.edu.co/index.php/revistafba/evaluacion,True,https://revistas.upn.edu.co/index.php/revistafba/about,https://revistas.upn.edu.co/index.php/revistafba/about/editorialTeam,https://revistas.upn.edu.co/index.php/revistafba/autores,16,False,https://revistas.upn.edu.co/index.php/revistafba/about,False,,False,,,,,,,DOI,True,,,N|LC8-6691,False,No,No,Fine Arts | Education: Special aspects of education,2016-12-28,2025-03-28,2025-03-28,359,2026-04-22,,,100.0,imputado,['publindex'],mediana_global,False,2,,,True,False,2026-09-12
1794-600X,,,Mision Juridica,2016,C,Colombia,Distrito Capital,"Bogotá, D. C.","Bogotá, D.C.",11001,Derecho,Derecho,Ciencias Sociales,UNIVERSIDAD COLEGIO MAYOR DE CUNDINAMARCA,IES,,,693,1794-600X,mision juridica,CO,2026-09-12,consolidado,e76a8a9c3919a03c,,,,,,,,,0,,,,,,,,,,,,,,,,,,,,,,,,,,,,,,,,,,,,,,,,,,,,,,,,,,,,,,,,,,,,,,,,,100.0,imputado,['publindex'],mediana_global,False,1,,,True,,2026-09-12
2145-5996,,,Revista Lebret,2016,C,Colombia,Centro Oriente,Santander,Bucaramanga,68001,"Ciencias Sociales, Interdisciplinaria",Otras Ciencias Sociales,Ciencias Sociales,UNIVERSIDAD SANTO TOMAS,IES,,,604,2145-5996,lebret,CO,2026-09-12,consolidado,6111af4c3fe7a659,,,,,,,,,0,,,,,,,,,,,,,,,,,,,,,,,,,,,,,,,,,,,,,,,,,,,,,,,,,,,,,,,,,,,,,,,,,100.0,imputado,['publindex'],mediana_global,False,1,,,True,,2026-09-12
2145-2776,,,Psicoespacios,2016,C,Colombia,Eje Cafetero,Antioquia,Envigado,05266,"Psicología (Incluye Terapias de Aprendizaje, Habla, Visual y Otras Discapacidades Físicas y Mentales)",Psicología,Ciencias Sociales,INSTITUCION UNIVERSITARIA DE ENVIGADO,IES,,,785,2145-2776,psicoespacios,CO,2026-09-12,consolidado,b9a6b5606372a535,,,,,,,,,0,,,,,,,,,,,,,,https://revistas.iue.edu.co/index.php/Psicoespacios/index,https://doaj.org/toc/dc159234b6584ac6bb6915394598e1e8,2016,,,2145-2776,"['psychology' 'educational psychology' 'social psychology'
 'clinical psychology' 'social sciences' 'human sciences']",['Spanish' 'English'],Colombia,,,CC BY-NC-SA,,https://revistas.iue.edu.co/index.php/Psicoespacios/politica#derechos_autor,True,False,https://revistas.iue.edu.co/index.php/Psicoespacios/politica#derechos_autor,Double anonymous peer review,https://revistas.iue.edu.co/index.php/Psicoespacios/politica#proceso_revision_pares_(doble%20ciego),False,https://revistas.iue.edu.co/index.php/Psicoespacios/politica#enfoque_alcance,https://revistas.iue.edu.co/index.php/Psicoespacios/about/editorialTeam,https://revistas.iue.edu.co/index.php/Psicoespacios/about/submissions,30,False,https://revistas.iue.edu.co/index.php/Psicoespacios/politica#cargos_publicacion,False,,False,,Portico,,https://revistas.iue.edu.co/index.php/Psicoespacios/politica#preservacion_digital,Open Policy Finder,https://openpolicyfinder.jisc.ac.uk/id/publication/43123,DOI,True,,,BF1-990,False,No,No,Philosophy. Psychology. Religion: Psychology,2023-09-05,2023-09-05,2023-09-05,382,2026-08-01,,,100.0,imputado,['publindex'],mediana_global,False,1,,,True,False,2026-09-12
0121-747X,,,Revista De La Facultad De Ciencias,2016,C,Colombia,Eje Cafetero,Antioquia,Medellín,05001,No registra,Otras Ciencias Naturales,Ciencias Naturales,UNIVERSIDAD NACIONAL DE COLOMBIA,IES,,,465,0121-747X,facultad ciencias,CO,2026-09-12,consolidado,e2c509a754b4e232,133.0,21101105025,journal,Universidad Nacional de Colombia,True,True,0.13,Q4,1,4.0,14.0,39.0,497.0,10.0,38.0,0.21,35.5,0.3667,0.0,2019-2026,Biophysics (Q4); Computational Theory and Mathematics (Q4); Molecular Biology (Q4),"Biochemistry, Genetics and Molecular Biology; Computer Science",https://revistas.unal.edu.co/index.php/rfc,https://doaj.org/toc/b658c62e9ed5401abd8bc441d7e71eba,2012,,0121-747X,2357-5549,['statistics' 'mathematics' 'natural sciences' 'biotechnology'],['Spanish'],Colombia,,,CC BY-NC-ND,,https://revistas.unal.edu.co/index.php/rfc/about/submissions#copyrightNotice,,False,,Double anonymous peer review,https://revistas.unal.edu.co/index.php/rfc/about/editorialPolicies#peerReviewProcess,True,https://revistas.unal.edu.co/index.php/rfc/about/editorialPolicies#focusAndScope,https://revistas.unal.edu.co/index.php/rfc/about/editorialTeam,https://revistas.unal.edu.co/index.php/rfc/about/submissions#authorGuidelines,10,False,https://revistas.unal.edu.co/index.php/rfc/about/editorialPolicies#focusAndScope,False,,False,,,,,,,DOI,True,,,Q1-390,False,No,No,Science: Science (General),2017-10-08,2022-09-20,2022-09-20,156,2019-08-28,,,100.0,imputado,['publindex'],mediana_global,False,1,0.2564102564102564,0.1422319474835886,True,True,2026-09-12
1909-4841,,,Tumbaga,2016,C,Colombia,Centro Sur,Tolima,Ibagué,73001,No registra,Ciencias Biológicas,Ciencias Naturales,UNIVERSIDAD DEL TOLIMA,IES,,,966,1909-4841,tumbaga,CO,2026-09-12,consolidado,b8f2f1436d729178,,,,,,,,,0,,,,,,,,,,,,,,,,,,,,,,,,,,,,,,,,,,,,,,,,,,,,,,,,,,,,,,,,,,,,,,,,,100.0,imputado,['publindex'],mediana_global,False,1,,,True,,2026-09-12
0123-2479,,,Revista Del Instituto Colombiano De Derecho Procesal,2016,B,Colombia,Distrito Capital,"Bogotá, D. C.","Bogotá, D.C.",11001,Derecho,Derecho,Ciencias Sociales,INSTITUTO COLOMBIANO DE DERECHO PROCESAL,Otras,,,721,0123-2479,instituto colombiano derecho procesal,CO,2026-09-12,consolidado,4b6d2f563864ca81,,,,,,,,,0,,,,,,,,,,,,,,,,,,,,,,,,,,,,,,,,,,,,,,,,,,,,,,,,,,,,,,,,,,,,,,,,,100.0,imputado,['publindex'],mediana_global,False,2,,,True,,2026-09-12
1909-793X,,,Revista Teckne,2016,C,Colombia,Distrito Capital,"Bogotá, D. C.","Bogotá, D.C.",11001,No registra,Otras Ciencias Sociales,Ciencias Sociales,FUNDACION UNIVERSITARIA HORIZONTE,IES,,,990,1909-793X,teckne,CO,2026-09-12,consolidado,be9999c25284adaa,,,,,,,,,0,,,,,,,,,,,,,,,,,,,,,,,,,,,,,,,,,,,,,,,,,,,,,,,,,,,,,,,,,,,,,,,,,100.0,imputado,['publindex'],mediana_global,False,1,,,True,,2026-09-12
0120-971X,,,Ces Odontología,2016,B,No disponible,No disponible,No disponible,No disponible,,"Odontología, Cirugía Oral y Medicina Oral",Medicina Clínica,Ciencias Médicas y de la Salud,UNIVERSIDAD CES,IES,,,486,0120-971X,ces odontologia,,2026-09-12,consolidado,cd67ee0c949e9688,,,,,,,,,0,,,,,,,,,,,,,,,,,,,,,,,,,,,,,,,,,,,,,,,,,,,,,,,,,,,,,,,,,,,,,,,,,100.0,imputado,['publindex'],mediana_area,False,2,,,False,,2026-09-12
2215-8987,,,Arka Revista De Arquitectura,2016,C,No disponible,No disponible,No disponible,No disponible,,Arquitectura y Urbanismo,Arte,Humanidades,UNIVERSIDAD LA GRAN COLOMBIA,IES,,,766,2215-8987,arka arquitectura,,2026-09-12,consolidado,92c395b264064816,,,,,,,,,0,,,,,,,,,,,,,,,,,,,,,,,,,,,,,,,,,,,,,,,,,,,,,,,,,,,,,,,,,,,,,,,,,100.0,imputado,['publindex'],mediana_global,False,1,,,False,,2026-09-12
1794-3159,,,Poliantea,2016,C,Colombia,Distrito Capital,"Bogotá, D. C.","Bogotá, D.C.",11001,No registra,Periodismo y Comunicaciones,Ciencias Sociales,INSTITUCION UNIVERSITARIA POLITECNICO GRANCOLOMBIANO,IES,,,147,1794-3159,poliantea,CO,2026-09-12,consolidado,b46ff3bc5440f29b,,,,,,,,,0,,,,,,,,,,,,,,,,,,,,,,,,,,,,,,,,,,,,,,,,,,,,,,,,,,,,,,,,,,,,,,,,,100.0,imputado,['publindex'],mediana_global,False,1,,,True,,2026-09-12
0124-406X,2382-4921,,Rastros Rostros,2016,C,Colombia,Centro Oriente,Santander,Bucaramanga,68001,"Educación General (Incluye Capacitación, Pedagogía)",Ciencias de la Educación,Ciencias Sociales,CORPORACION CLINICA UNIVERSIDAD COOPERATIVA DE COLOMBIA,Otras,,,375,0124-406X,rastros rostros,CO,2026-09-12,consolidado,05aa90301837b89c,,,,,,,,,0,,,,,,,,,,,,,,,,,,,,,,,,,,,,,,,,,,,,,,,,,,,,,,,,,,,,,,,,,,,,,,,,,100.0,imputado,['publindex'],mediana_global,False,1,,,True,,2026-09-12
2216-0647,,,Traza,2016,C,Colombia,Distrito Capital,"Bogotá, D. C.","Bogotá, D.C.",11001,No registra,Otras Ciencias Sociales,Ciencias Sociales,UNIVERSIDAD DE LA SALLE,IES,,,909,2216-0647,traza,CO,2026-09-12,consolidado,05240e28566437de,,,,,,,,,0,,,,,,,,,,,,,,,,,,,,,,,,,,,,,,,,,,,,,,,,,,,,,,,,,,,,,,,,,,,,,,,,,100.0,imputado,['publindex'],mediana_global,False,1,,,True,,2026-09-12
1794-1180,,,Escenarios,2016,C,No disponible,No disponible,No disponible,No disponible,,"Educación General (Incluye Capacitación, Pedagogía)",Ciencias de la Educación,Ciencias Sociales,UNIVERSIDAD AUTONOMA DEL CARIBE,IES,,,833,1794-1180,escenarios,,2026-09-12,consolidado,51ae149fdf875b2a,,,,,,,,,0,,,,,,,,,,,,,,,,,,,,,,,,,,,,,,,,,,,,,,,,,,,,,,,,,,,,,,,,,,,,,,,,,100.0,imputado,['publindex'],mediana_global,False,1,,,False,,2026-09-12
0123-7047,,,Medunab,2016,B,Colombia,Centro Oriente,Santander,Floridablanca,68276,"Ciencias del Cuidado de la Salud y Servicios (Administración de Hospitales, Financiamiento)",Ciencias de la Salud,Ciencias Médicas y de la Salud,UNIVERSIDAD AUTONOMA DE BUCARAMANGA,IES,,,186,0123-7047,medunab,CO,2026-09-12,consolidado,9ab1225c3268cc7d,130.0,21101066327,journal,Universidad Autonoma de Bucaramanga,True,True,0.133,Q3,2,6.0,8.0,101.0,190.0,18.0,86.0,0.04,23.75,0.7,0.0,2019-2025,"Nurse Assisting (Q3); Health Professions (miscellaneous) (Q4); Medicine (miscellaneous) (Q4); Nursing (miscellaneous) (Q4); Psychology (miscellaneous) (Q4); Public Health, Environmental and Occupational Health (Q4)",Health Professions; Medicine; Nursing; Psychology,https://revistas.unab.edu.co/index.php/medunab,https://doaj.org/toc/344ebe0ab35c45f8933fbe57b6b72a2b,1998,,0123-7047,2382-4603,['psychology' 'medicine' 'nursing' 'health sciences'],['Spanish'],Colombia,Universidad Autonoma de Bucaramanga,,CC BY,,https://revistas.unab.edu.co/index.php/medunab/about,,False,,Double anonymous peer review,https://revistas.unab.edu.co/index.php/medunab/about/submissions,False,https://revistas.unab.edu.co/index.php/medunab/about,https://revistas.unab.edu.co/index.php/medunab/about/editorialTeam,https://revistas.unab.edu.co/index.php/medunab/about/submissions,36,False,https://revistas.unab.edu.co/index.php/medunab/about/submissions,False,,False,,,,,,,,True,,,R,False,No,No,Medicine,2018-03-13,2021-10-29,2021-10-29,748,2026-04-17,,,100.0,imputado,['publindex'],mediana_area,False,2,0.1782178217821782,0.14551422319474835,True,False,2026-09-12
1909-1621,2346-2000,,Revista Colombiana De Enfermeria,2016,C,Colombia,Distrito Capital,"Bogotá, D. C.","Bogotá, D.C.",11001,No registra,Ciencias de la Salud,Ciencias Médicas y de la Salud,UNIVERSIDAD EL BOSQUE,IES,,,470,1909-1621,colombiana enfermeria,CO,2026-09-12,consolidado,d0853b404059d0cb,,,,,,,,,0,,,,,,,,,,,,,,,,,,,,,,,,,,,,,,,,,,,,,,,,,,,,,,,,,,,,,,,,,,,,,,,,,100.0,imputado,['publindex'],mediana_area,False,1,,,True,,2026-09-12
1900-5016,2248-6011,,Cuadernos Latinoamericanos De Administración,2016,C,Colombia,Distrito Capital,"Bogotá, D. C.","Bogotá, D.C.",11001,Negocios y Management,Economía y Negocios,Ciencias Sociales,UNIVERSIDAD EL BOSQUE,IES,,,"1,006",1900-5016,cuadernos latinoamericanos administracion,CO,2026-09-12,consolidado,ff99b9a2b626e0b5,,,,,,,,,0,,,,,,,,,,,,,,https://revistas.unbosque.edu.co/index.php/cuaderlam/index,https://doaj.org/toc/71816eb196a640ef9deb6313f3dafd12,2006,,1900-5016,2248-6011,"['administration' 'economy' 'finance' 'international business' 'marketing'
 'accounting']",['Spanish'],Colombia,Universidad El Bosque,,CC BY-NC-SA,,https://revistas.unbosque.edu.co/index.php/cuaderlam/about,,False,,Double anonymous peer review,https://revistas.unbosque.edu.co/index.php/cuaderlam/about,False,https://revistas.unbosque.edu.co/index.php/cuaderlam/about,https://revistas.unbosque.edu.co/index.php/cuaderlam/about/editorialTeam,https://revistas.unbosque.edu.co/index.php/cuaderlam/information/authors,12,False,https://revistas.unbosque.edu.co/index.php/cuaderlam/about,False,,False,https://revistas.unbosque.edu.co/index.php/cuaderlam/about,,,,,,,True,,,HF5001-6182|HF5601-5689|HG1-9999,False,No,No,Social Sciences: Commerce: Business: Accounting. Bookkeeping | Social Sciences: Finance,2020-05-18,2020-05-18,2020-05-18,422,2026-06-03,,,100.0,imputado,['publindex'],mediana_global,False,1,,,True,True,2026-09-12
1657-463X,,,Cultura Científica,2016,C,Colombia,Centro Oriente,Boyacá,Tunja,15001,No registra,Otras Ciencias Naturales,Ciencias Naturales,FUNDACION UNIVERSITARIA JUAN DE CASTELLANOS,IES,,,684,1657-463X,cultura cientifica,CO,2026-09-12,consolidado,3f4560f9361bad38,,,,,,,,,0,,,,,,,,,,,,,,,,,,,,,,,,,,,,,,,,,,,,,,,,,,,,,,,,,,,,,,,,,,,,,,,,,100.0,imputado,['publindex'],mediana_global,False,1,,,True,,2026-09-12
2027-307X,,,Revista Juridica Ideas De Ideas,2016,C,Colombia,Distrito Capital,"Bogotá, D. C.","Bogotá, D.C.",11001,No registra,Derecho,Ciencias Sociales,CORPORACION UNIVERSITARIA DE COLOMBIA IDEAS,IES,,,"1,167",2027-307X,juridica ideas ideas,CO,2026-09-12,consolidado,c025e9a57855c8e3,,,,,,,,,0,,,,,,,,,,,,,,,,,,,,,,,,,,,,,,,,,,,,,,,,,,,,,,,,,,,,,,,,,,,,,,,,,100.0,imputado,['publindex'],mediana_global,False,1,,,True,,2026-09-12
0124-7492,,,Ingenium,2016,C,Colombia,Distrito Capital,"Bogotá, D. C.","Bogotá, D.C.",11001,No registra,Ingeniería Civil,Ingeniería y Tecnología,UNIVERSIDAD DE SAN BUENAVENTURA CALI,IES,,,74,0124-7492,ingenium,CO,2026-09-12,consolidado,3d8000e055a2b08c,,,,,,,,,0,,,,,,,,,,,,,,,,,,,,,,,,,,,,,,,,,,,,,,,,,,,,,,,,,,,,,,,,,,,,,,,,,100.0,imputado,['publindex'],mediana_global,False,1,,,True,,2026-09-12
2216-0965,,,Eafit Journal Of International Law,2016,C,Colombia,Eje Cafetero,Antioquia,Medellín,05001,Derecho,Derecho,Ciencias Sociales,UNIVERSIDAD EAFIT,IES,,,"1,093",2216-0965,eafit law,CO,2026-09-12,consolidado,026ea8b40cf71fa9,,,,,,,,,0,,,,,,,,,,,,,,,,,,,,,,,,,,,,,,,,,,,,,,,,,,,,,,,,,,,,,,,,,,,,,,,,,100.0,imputado,['publindex'],mediana_global,False,1,,,True,,2026-09-12
1692-6900,,,Pre-Til,2016,C,Colombia,Distrito Capital,"Bogotá, D. C.","Bogotá, D.C.",11001,No registra,Otras Ciencias Sociales,Ciencias Sociales,CORPORACION UNIVERSIDAD PILOTO DE COLOMBIA,IES,,,527,1692-6900,pre til,CO,2026-09-12,consolidado,97185e2e946dbaeb,,,,,,,,,0,,,,,,,,,,,,,,,,,,,,,,,,,,,,,,,,,,,,,,,,,,,,,,,,,,,,,,,,,,,,,,,,,100.0,imputado,['publindex'],mediana_global,False,1,,,True,,2026-09-12
0121-0777,,,El Hombre Y La Máquina,2016,C,No disponible,No disponible,No disponible,No disponible,,No registra,Otras Ciencias Sociales,Ciencias Sociales,UNIVERSIDAD DE SAN BUENAVENTURA CALI,IES,,,400,0121-0777,hombre maquina,,2026-09-12,consolidado,232eb616b11f03b8,,,,,,,,,0,,,,,,,,,,,,,,,,,,,,,,,,,,,,,,,,,,,,,,,,,,,,,,,,,,,,,,,,,,,,,,,,,100.0,imputado,['publindex'],mediana_global,False,1,,,False,,2026-09-12
2027-1034,,,Bio-Grafia,2016,C,Colombia,Distrito Capital,"Bogotá, D. C.","Bogotá, D.C.",11001,No registra,Ciencias Biológicas,Ciencias Naturales,UNIVERSIDAD PEDAGOGICA NACIONAL,IES,,,866,2027-1034,bio grafia,CO,2026-09-12,consolidado,df59ca507deb9edf,,,,,,,,,0,,,,,,,,,,,,,,https://revistas.upn.edu.co/index.php/bio-grafia/index,https://doaj.org/toc/8de58f27d898480fbc90476fa7c84808,2008,Bio-grafía. Escritos sobre la Biología y su Enseñanza,2027-1034,2619-3531,['biology'],['Spanish'],Colombia,,,CC BY-NC,,https://revistas.upn.edu.co/index.php/bio-grafia/about,True,False,https://revistas.upn.edu.co/index.php/bio-grafia/about,Double anonymous peer review,https://revistas.upn.edu.co/index.php/bio-grafia/politicaseticas,True,https://revistas.upn.edu.co/index.php/bio-grafia/about,https://revistas.upn.edu.co/index.php/bio-grafia/about/editorialTeam,https://revistas.upn.edu.co/index.php/bio-grafia/autores,16,False,https://revistas.upn.edu.co/index.php/bio-grafia/about,False,,False,,,,,,,DOI,True,,,Q|QH301-705.5,False,No,No,Science: Biology (General),2016-06-10,2025-04-07,2025-04-07,686,2026-04-22,,,100.0,imputado,['publindex'],mediana_global,False,1,,,True,False,2026-09-12
0120-677X,2145-5880,,Educación Física Y Deporte,2016,B,Colombia,Eje Cafetero,Antioquia,Medellín,05001,No registra,Ciencias de la Salud,Ciencias Médicas y de la Salud,UNIVERSIDAD DE ANTIOQUIA,IES,,,"1,030",0120-677X,educacion fisica deporte,CO,2026-09-12,consolidado,6af658460c31794a,,,,,,,,,0,,,,,,,,,,,,,,https://revistas.udea.edu.co/index.php/educacionfisicaydeporte,https://doaj.org/toc/2890e2b6d242420bb747985416882405,2016,,0120-677X,2145-5880,"['physical education' 'sport' 'physical activity' 'sports management'
 'leisure' 'recreation']",['Spanish'],Colombia,,,CC BY-NC-SA,,https://revistas.udea.edu.co/index.php/educacionfisicaydeporte/about,,False,https://revistas.udea.edu.co/index.php/educacionfisicaydeporte/about/submissions,Double anonymous peer review,https://revistas.udea.edu.co/index.php/educacionfisicaydeporte/about,False,https://revistas.udea.edu.co/index.php/educacionfisicaydeporte/about,https://revistas.udea.edu.co/index.php/educacionfisicaydeporte/about/editorialTeam,https://revistas.udea.edu.co/index.php/educacionfisicaydeporte/about/submissions,24,False,https://revistas.udea.edu.co/index.php/educacionfisicaydeporte/about/submissions,False,,False,,,,,,,,True,,,LC8-6691|GV557-1198.995,False,No,No,Education: Special aspects of education | Geography. Anthropology. Recreation: Recreation. Leisure: Sports,2010-02-23,2023-08-28,2023-08-28,109,2025-11-11,,,100.0,imputado,['publindex'],mediana_area,False,2,,,True,False,2026-09-12
0123-5583,2389-8674,,Actualizaciones En Enfermería,2016,C,No disponible,No disponible,No disponible,No disponible,,No registra,Ciencias de la Salud,Ciencias Médicas y de la Salud,FUNDACION SANTA FE DE BOGOTA,Otras,,,421,0123-5583,actualizaciones enfermeria,,2026-09-12,consolidado,67dfa0fa0a0495ac,,,,,,,,,0,,,,,,,,,,,,,,,,,,,,,,,,,,,,,,,,,,,,,,,,,,,,,,,,,,,,,,,,,,,,,,,,,100.0,imputado,['publindex'],mediana_area,False,1,,,False,,2026-09-12
,2346-4712,,"Góndola, Enseñanza Y Aprendizaje De Las Ciencias",2016,C,Colombia,Distrito Capital,"Bogotá, D. C.","Bogotá, D.C.",11001,"Educación General (Incluye Capacitación, Pedagogía)",Ciencias de la Educación,Ciencias Sociales,UNIVERSIDAD DISTRITAL FRANCISCO JOSE DE CALDAS,IES,,,"1,196",2346-4712,gondola ensenanza aprendizaje ciencias,CO,2026-09-12,consolidado,3caf1a4691f0782b,,,,,,,,,0,,,,,,,,,,,,,,,,,,,,,,,,,,,,,,,,,,,,,,,,,,,,,,,,,,,,,,,,,,,,,,,,,100.0,imputado,['publindex'],mediana_global,False,1,,,True,,2026-09-12
0121-4470,,,Momento,2016,B,Colombia,Distrito Capital,"Bogotá, D. C.","Bogotá, D.C.",11001,"Física atómica, Molecular y Química",Ciencias Físicas,Ciencias Naturales,UNIVERSIDAD NACIONAL DE COLOMBIA,IES,,,"1,310",0121-4470,momento,CO,2026-09-12,consolidado,93786d774f8ebe35,102.0,21101023184,journal,Universidad Nacional de Colombia,True,True,0.149,Q3,2,5.0,12.0,44.0,381.0,18.0,41.0,0.25,31.75,0.25,0.0,2019-2026,"History and Philosophy of Science (Q3); Electronic, Optical and Magnetic Materials (Q4); Geophysics (Q4); Physical and Theoretical Chemistry (Q4); Physics and Astronomy (miscellaneous) (Q4)",Arts and Humanities; Chemistry; Earth and Planetary Sciences; Materials Science; Physics and Astronomy,https://revistas.unal.edu.co/index.php/momento,https://doaj.org/toc/0284adee1d8a4b11b7f8c114cceba8e2,2012,,0121-4470,2500-8013,['high energies' 'materials' 'optics' 'nano-science' 'physics' 'chaos'],['Spanish' 'English'],Colombia,,,CC BY-ND,,https://revistas.unal.edu.co/index.php/momento/about/submissions#copyrightNotice,,True,https://revistas.unal.edu.co/index.php/momento/about/submissions#copyrightNotice,Double anonymous peer review,https://revistas.unal.edu.co/index.php/momento/about/editorialPolicies#peerReviewProcess,True,https://revistas.unal.edu.co/index.php/momento,https://revistas.unal.edu.co/index.php/momento/about/editorialTeam,https://revistas.unal.edu.co/index.php/momento/about/submissions#authorGuidelines,12,False,https://revistas.unal.edu.co/index.php/momento/about/editorialPolicies#openAccessPolicy,False,,False,,PKP PN,,https://portal.issn.org/resource/ISSN/2500-8013,Open Policy Finder,https://openpolicyfinder.jisc.ac.uk/publication/24652,DOI,True,,,QC1-999|QC350-467,False,No,No,Science: Physics: Optics. Light,2018-06-21,2026-06-08,2026-05-26,452,2020-08-29,,,100.0,imputado,['publindex'],mediana_global,False,2,0.4090909090909091,0.16301969365426694,True,True,2026-09-12
0124-308X,,,Revista De La Facultad Ciencias De La Salud Universidad Del Cauca,2016,C,Colombia,Pacífico,Cauca,Popayán,19001,"Ciencias del Cuidado de la Salud y Servicios (Administración de Hospitales, Financiamiento)",Ciencias de la Salud,Ciencias Médicas y de la Salud,UNIVERSIDAD DEL CAUCA,IES,,,334,0124-308X,facultad ciencias salud universidad cauca,CO,2026-09-12,consolidado,11379d1111eb62ad,,,,,,,,,0,,,,,,,,,,,,,,http://revistas.unicauca.edu.co/index.php/rfcs,https://doaj.org/toc/ce1ea4c5719a4e9d90501deb6b980503,2007,,0124-308X,2538-9971,"['healthcare' 'health sciences' 'research' 'clinical research'
 'public health']",['Spanish'],Colombia,"Universidad del Cauca, Facultad Ciencias de la Salud",,CC BY-NC-ND,,http://revistas.unicauca.edu.co/index.php/rfcs/index,,False,,Peer review,http://revistas.unicauca.edu.co/index.php/rfcs/about/editorialPolicies#peerReviewProcess,True,http://revistas.unicauca.edu.co/index.php/rfcs/about/editorialPolicies#focusAndScope,http://revistas.unicauca.edu.co/index.php/rfcs/about/editorialTeam,http://revistas.unicauca.edu.co/index.php/rfcs/about/submissions#authorGuidelines,12,False,http://revistas.unicauca.edu.co/index.php/rfcs/about/editorialPolicies#openAccessPolicy,False,,False,http://revistas.unicauca.edu.co/index.php/rfcs/about/editorialPolicies#openAccessPolicy,,,,,,,True,,,R|R5-920,False,No,No,Medicine: Medicine (General),2017-04-29,2020-08-11,2020-08-11,709,2026-05-06,,,100.0,imputado,['publindex'],mediana_area,False,1,,,True,True,2026-09-12
0120-2650,,,Revista Colombiana De Física,2016,B,Colombia,Distrito Capital,"Bogotá, D. C.","Bogotá, D.C.",11001,"Física atómica, Molecular y Química",Ciencias Físicas,Ciencias Naturales,SOCIEDAD COLOMBIANA DE FISICA,Otras,,,378,0120-2650,colombiana fisica,CO,2026-09-12,consolidado,0d346c3d6fdb15f2,,,,,,,,,0,,,,,,,,,,,,,,,,,,,,,,,,,,,,,,,,,,,,,,,,,,,,,,,,,,,,,,,,,,,,,,,,,100.0,imputado,['publindex'],mediana_global,False,2,,,True,,2026-09-12
0124-4620,,,Revista Colombiana De Filosofía De La Ciencia,2016,B,Colombia,Distrito Capital,"Bogotá, D. C.","Bogotá, D.C.",11001,Filosofía,Otras Humanidades,Humanidades,UNIVERSIDAD EL BOSQUE,IES,,,350,0124-4620,colombiana filosofia ciencia,CO,2026-09-12,consolidado,cba3efebc0b5ab44,,,,,,,,,0,,,,,,,,,,,,,,https://revistas.unbosque.edu.co/index.php/rcfc,https://doaj.org/toc/30ad3577f6a94c319875ee4ca022103a,2010,,0124-4620,2463-1159,"['philosophy of science' 'logic' 'analytic philosophy'
 'cognitive sciences' 'philosophy of technology']",['English' 'Spanish'],Colombia,,,CC BY-NC-ND,,https://revistas.unbosque.edu.co/index.php/rcfc/about,,False,,Double anonymous peer review,https://revistas.unbosque.edu.co/index.php/rcfc/about,True,https://revistas.unbosque.edu.co/index.php/rcfc/about,https://revistas.unbosque.edu.co/index.php/rcfc/about/editorialTeam,https://revistas.unbosque.edu.co/index.php/rcfc/about/submissions,16,False,https://revistas.unbosque.edu.co/index.php/rcfc/about,False,,False,https://revistas.unbosque.edu.co/index.php/rcfc/about,,,,,,DOI,True,,,B1-5802,False,No,No,Philosophy. Psychology. Religion: Philosophy (General),2020-10-08,2020-10-08,2020-10-08,256,2026-04-18,,,100.0,imputado,['publindex'],mediana_global,False,2,,,True,False,2026-09-12
0120-8845,,,Revista Colombiana De Ortopedia Y Traumatología,2016,C,Colombia,Distrito Capital,"Bogotá, D. C.","Bogotá, D.C.",11001,Cirugía,Medicina Clínica,Ciencias Médicas y de la Salud,SOCIEDAD COLOMBIANA DE ORTOPEDIA Y TRAUMATOLOGIA,Otras,,,572,0120-8845,colombiana ortopedia traumatologia,CO,2026-09-12,consolidado,7ed57d781cc898f5,,,,,,,,,0,,,,,,,,,,,,,,,,,,,,,,,,,,,,,,,,,,,,,,,,,,,,,,,,,,,,,,,,,,,,,,,,,100.0,imputado,['publindex'],mediana_area,False,1,,,True,,2026-09-12
2256-1552,,,Revista Ib De La Información Básica Estadística,2016,C,Colombia,Distrito Capital,"Bogotá, D. C.","Bogotá, D.C.",11001,No registra,Matemática,Ciencias Naturales,DEPARTAMENTO ADMINISTRATIVO NACIONAL DE ESTADISTICA DANE,Entidades de Gobierno,,,664,2256-1552,ib informacion basica estadistica,CO,2026-09-12,consolidado,984e096dbf45769f,,,,,,,,,0,,,,,,,,,,,,,,,,,,,,,,,,,,,,,,,,,,,,,,,,,,,,,,,,,,,,,,,,,,,,,,,,,100.0,imputado,['publindex'],mediana_global,False,1,,,True,,2026-09-12
0123-2576,,,Medicina & Laboratorio,2016,B,No disponible,No disponible,No disponible,No disponible,,No registra,Otras Ciencias Médicas,Ciencias Médicas y de la Salud,EDITORA MEDICA COLOMBIANA S A,Empresas,,,917,0123-2576,medicina laboratorio,,2026-09-12,consolidado,8d7ac28033547b10,,,,,,,,,0,,,,,,,,,,,,,,https://medicinaylaboratorio.com/index.php/myl/index,https://doaj.org/toc/b85dcae0e48846fba012a772bff68890,2020,Medicina & Laboratorio,0123-2576,2500-7106,['medicine' 'laboratory' 'clinical pathology'],['Spanish'],Colombia,Universidad de Antioquia,Colombia,CC BY-NC-ND,,https://medicinaylaboratorio.com/index.php/myl/politica,True,False,https://medicinaylaboratorio.com/index.php/myl/politica,Double anonymous peer review,https://medicinaylaboratorio.com/index.php/myl/politica,True,https://medicinaylaboratorio.com/index.php/myl/about,https://medicinaylaboratorio.com/index.php/myl/about/editorialTeam,https://medicinaylaboratorio.com/index.php/myl/about/submissions,12,False,https://medicinaylaboratorio.com/index.php/myl/politica,False,,False,,Portico,,https://www.portico.org/coverage/titles/?keyword=0123-2576&filter_by%5B%5D=e-journal,,,DOI,True,,,R,False,No,No,Medicine,2022-07-25,2022-07-25,2022-07-25,0,,,,100.0,imputado,['publindex'],mediana_area,False,2,,,False,True,2026-09-12
0120-0380,,,Boletín De Matemáticas,2016,B,Colombia,Distrito Capital,"Bogotá, D. C.","Bogotá, D.C.",11001,Matemáticas Puras,Matemática,Ciencias Naturales,UNIVERSIDAD NACIONAL DE COLOMBIA,IES,,,278,0120-0380,boletin matematicas,CO,2026-09-12,consolidado,8bfcdf65abc733d5,,,,,,,,,0,,,,,,,,,,,,,,,,,,,,,,,,,,,,,,,,,,,,,,,,,,,,,,,,,,,,,,,,,,,,,,,,,100.0,imputado,['publindex'],mediana_global,False,2,,,True,,2026-09-12
0120-8454,2145-9169,,Análisis,2016,C,Colombia,Distrito Capital,"Bogotá, D. C.","Bogotá, D.C.",11001,Filosofía,Otras Humanidades,Humanidades,UNIVERSIDAD SANTO TOMAS,IES,,,710,0120-8454,analisis,CO,2026-09-12,consolidado,42527440d8b23bd3,,,,,,,,,0,,,,,,,,,,,,,,https://revistas.usantotomas.edu.co/index.php/analisis,https://doaj.org/toc/d695e0c263df4f53a9f99917134bd527,2006,Revista Analisis,0120-8454,2145-9169,['humanities' 'pedagogy' 'education'],['English' 'German' 'Portuguese' 'Spanish'],Colombia,Universidad Santo Tomás,,CC BY-SA,,http://revistas.usta.edu.co/index.php/analisis/index,True,True,http://revistas.usta.edu.co/index.php/analisis/about/submissions#copyrightNotice,Double anonymous peer review,http://revistas.usta.edu.co/index.php/analisis/about/editorialPolicies#peerReviewProcess,True,http://revistas.usta.edu.co/index.php/analisis/about/editorialPolicies#focusAndScope,http://revistas.usta.edu.co/index.php/analisis/about/editorialTeam,http://revistas.usta.edu.co/index.php/analisis/about/submissions#authorGuidelines,16,False,http://revistas.usta.edu.co/index.php/analisis/about/editorialPolicies#custom-1,False,,False,,,,,,,,True,,,L|H1-99,False,No,No,Education | Social Sciences: Social sciences (General),2017-04-23,2025-10-06,2025-10-06,440,2025-12-28,,,100.0,imputado,['publindex'],mediana_global,False,1,,,True,False,2026-09-12
,2145-5333,,Ciencia Y Salud Virtual,2016,C,Colombia,Caribe,Bolívar,Cartagena de Indias,13001,No registra,Ciencias de la Salud,Ciencias Médicas y de la Salud,CORPORACION UNIVERSITARIA RAFAEL NUNEZ,IES,,,"1,065",2145-5333,ciencia salud virtual,CO,2026-09-12,consolidado,a968ff01a6af7b49,,,,,,,,,0,,,,,,,,,,,,,,,,,,,,,,,,,,,,,,,,,,,,,,,,,,,,,,,,,,,,,,,,,,,,,,,,,100.0,imputado,['publindex'],mediana_area,False,1,,,True,,2026-09-12
2027-8918,,,Revista Biodiversidad Tropical,2016,C,Colombia,Pacífico,Chocó,Quibdó,27001,Otras Biologías,Ciencias Biológicas,Ciencias Naturales,UNIVERSIDAD TECNOLOGICA DEL CHOCO DIEGO LUIS CORDOBA,IES,,,753,2027-8918,biodiversidad tropical,CO,2026-09-12,consolidado,c23fed07d988d638,,,,,,,,,0,,,,,,,,,,,,,,,,,,,,,,,,,,,,,,,,,,,,,,,,,,,,,,,,,,,,,,,,,,,,,,,,,100.0,imputado,['publindex'],mediana_global,False,1,,,True,,2026-09-12
2145-6194,,,Revista Civilizar De Empresa Y Economía,2016,C,No disponible,No disponible,No disponible,No disponible,,Negocios y Management,Economía y Negocios,Ciencias Sociales,UNIVERSIDAD SERGIO ARBOLEDA,IES,,,815,2145-6194,civilizar empresa economia,,2026-09-12,consolidado,93d5c07e6419e6a2,,,,,,,,,0,,,,,,,,,,,,,,,,,,,,,,,,,,,,,,,,,,,,,,,,,,,,,,,,,,,,,,,,,,,,,,,,,100.0,imputado,['publindex'],mediana_global,False,1,,,False,,2026-09-12
0122-9354,,,Revista De Medicina Veterinaria,2016,A2,Colombia,Distrito Capital,"Bogotá, D. C.","Bogotá, D.C.",11001,Ciencias Veterinarias,Ciencias Veterinarias,Ciencias Agrícolas,UNIVERSIDAD DE LA SALLE,IES,,,86,0122-9354,medicina veterinaria,CO,2026-09-12,consolidado,0eeb2b2ed6bb5a49,,,,,,,,,0,,,,,,,,,,,,,,https://ciencia.lasalle.edu.co/mv/,https://doaj.org/toc/a7dcc16a21e344ffa71c834fff3ef6a8,2005,Journal of Veterinary Medicine,0122-9354,2389-8526,['veterinary' 'veterinary medicine' 'veterinary science' 'animal health'],['Spanish' 'English'],Colombia,Universidad de La Salle,,CC BY-NC-ND,,https://ciencia.lasalle.edu.co/mv/about.html,,True,https://ciencia.lasalle.edu.co/mv/about.html,Double anonymous peer review,https://ciencia.lasalle.edu.co/mv/policies.html#evaluaci%C3%B3n,False,https://ciencia.lasalle.edu.co/mv/policies.html#enfoque,https://ciencia.lasalle.edu.co/mv/comiteeditorial_mv.html,https://ciencia.lasalle.edu.co/mv/MV_Instrucciones.pdf,16,False,https://ciencia.lasalle.edu.co/mv/policies.html,False,,False,,,,,,,DOI,True,,,SF600-1100,False,No,No,Agriculture: Animal culture: Veterinary medicine,2015-05-15,2026-07-27,2015-05-15,264,2016-07-01,,,200.0,imputado,['publindex'],mediana_area,False,3,,,True,False,2026-09-12
0123-7810,,,Revista Odontos Odontologia Integral,2016,C,No disponible,No disponible,No disponible,No disponible,,"Odontología, Cirugía Oral y Medicina Oral",Medicina Clínica,Ciencias Médicas y de la Salud,FUNDACION UNIVERSITARIA CEIPA,IES,,,511,0123-7810,odontos odontologia integral,,2026-09-12,consolidado,64142bae7fa2880b,,,,,,,,,0,,,,,,,,,,,,,,,,,,,,,,,,,,,,,,,,,,,,,,,,,,,,,,,,,,,,,,,,,,,,,,,,,100.0,imputado,['publindex'],mediana_area,False,1,,,False,,2026-09-12
2145-1362,,,R.F.S. Revista Facultad De Salud Universidad Surcolombiana,2016,C,Colombia,Centro Sur,Huila,Neiva,41001,No registra,Ciencias de la Salud,Ciencias Médicas y de la Salud,UNIVERSIDAD SURCOLOMBIANA,IES,,,164,2145-1362,r f s facultad salud universidad surcolombiana,CO,2026-09-12,consolidado,972475d923672875,,,,,,,,,0,,,,,,,,,,,,,,,,,,,,,,,,,,,,,,,,,,,,,,,,,,,,,,,,,,,,,,,,,,,,,,,,,100.0,imputado,['publindex'],mediana_area,False,1,,,True,,2026-09-12
2027-291X,,,Revista Alimentos Hoy,2016,C,No disponible,No disponible,No disponible,No disponible,,No registra,Otras Ingenierías y Tecnologías,Ingeniería y Tecnología,ASOCIACION COLOMBIANA DE CIENCIA Y TECNOLOGIA DE ALIMENTOS,Otras,,,751,2027-291X,alimentos hoy,,2026-09-12,consolidado,a4c1dcaae46121fa,,,,,,,,,0,,,,,,,,,,,,,,,,,,,,,,,,,,,,,,,,,,,,,,,,,,,,,,,,,,,,,,,,,,,,,,,,,100.0,imputado,['publindex'],mediana_global,False,1,,,False,,2026-09-12
2145-969X,2215-7794,,Sinapsis,2016,C,Colombia,Eje Cafetero,Quindío,Armenia,63001,Economía,Economía y Negocios,Ciencias Sociales,ESCUELA DE ADMINISTRACION Y MERCADOTECNIA DEL QUINDIO,IES,,,808,2145-969X,sinapsis,CO,2026-09-12,consolidado,8cf0e85e60dfb9d1,,,,,,,,,0,,,,,,,,,,,,,,,,,,,,,,,,,,,,,,,,,,,,,,,,,,,,,,,,,,,,,,,,,,,,,,,,,100.0,imputado,['publindex'],mediana_global,False,1,,,True,,2026-09-12
0120-8705,,,Revista Ces Medicina,2016,A2,No disponible,No disponible,No disponible,No disponible,,No registra,Ciencias de la Salud,Ciencias Médicas y de la Salud,UNIVERSIDAD CES,IES,,,571,0120-8705,ces medicina,,2026-09-12,consolidado,bbc9e3f3a91d48dc,,,,,,,,,0,,,,,,,,,,,,,,,,,,,,,,,,,,,,,,,,,,,,,,,,,,,,,,,,,,,,,,,,,,,,,,,,,100.0,imputado,['publindex'],mediana_area,False,3,,,False,,2026-09-12
2011-5415,,,Veterinaria Y Zootecnia,2016,B,Colombia,Eje Cafetero,Caldas,Manizales,17001,Ciencias Veterinarias,Ciencias Veterinarias,Ciencias Agrícolas,UNIVERSIDAD DE CALDAS,IES,,,776,2011-5415,veterinaria zootecnia,CO,2026-09-12,consolidado,d1af01634adc49c2,,,,,,,,,0,,,,,,,,,,,,,,,,,,,,,,,,,,,,,,,,,,,,,,,,,,,,,,,,,,,,,,,,,,,,,,,,,200.0,imputado,['publindex'],mediana_area,False,2,,,True,,2026-09-12
2215-8405,,,Teuken Bidikay,2016,C,Colombia,Eje Cafetero,Antioquia,Medellín,05001,No registra,Ciencias de la Tierra y Medioambientales,Ciencias Naturales,POLITECNICO COLOMBIANO JAIME ISAZA CADAVID,IES,,,975,2215-8405,teuken bidikay,CO,2026-09-12,consolidado,d89197ec42dfaa21,,,,,,,,,0,,,,,,,,,,,,,,http://revistas.elpoli.edu.co/index.php/teu,https://doaj.org/toc/9b1a74e823764d2dac1e01c541965e08,2017,,2215-8405,2619-1822,"['organizations' 'accounting' 'management' 'environmental' 'society'
 'latin america']",['Spanish'],Colombia,Politécnico Colombiano Jaime Isaza Cadavid,,CC BY-NC-SA,,http://revistas.elpoli.edu.co/index.php/teu/about/editorialPolicies#custom-1,,False,,Double anonymous peer review,http://revistas.elpoli.edu.co/index.php/teu/about/editorialPolicies#peerReviewProcess,False,http://revistas.elpoli.edu.co/index.php/teu/about/editorialPolicies#focusAndScope,http://revistas.elpoli.edu.co/index.php/teu/about/editorialTeam,http://revistas.elpoli.edu.co/index.php/teu/about/submissions#authorGuidelines,12,False,http://revistas.elpoli.edu.co/index.php/teu,False,,False,http://revistas.elpoli.edu.co/index.php/teu,,,,,,,True,,,HF1-6182|H1-99,False,No,No,Social Sciences: Commerce | Social Sciences: Social sciences (General),2019-06-24,2019-12-05,2019-12-05,182,2022-02-27,,,100.0,imputado,['publindex'],mediana_global,False,1,,,True,True,2026-09-12
1909-9843,,,Iter Ad Veritatem,2016,C,Colombia,Centro Oriente,Boyacá,Tunja,15001,No registra,Otras Humanidades,Humanidades,UNIVERSIDAD SANTO TOMAS,IES,,,"1,081",1909-9843,iter ad veritatem,CO,2026-09-12,consolidado,69d9e6ce17dda526,,,,,,,,,0,,,,,,,,,,,,,,,,,,,,,,,,,,,,,,,,,,,,,,,,,,,,,,,,,,,,,,,,,,,,,,,,,100.0,imputado,['publindex'],mediana_global,False,1,,,True,,2026-09-12
1657-1959,2346-2116,,La Propiedad Inmaterial,2016,B,Colombia,Distrito Capital,"Bogotá, D. C.","Bogotá, D.C.",11001,No registra,Otras Ciencias Sociales,Ciencias Sociales,UNIVERSIDAD EXTERNADO DE COLOMBIA,IES,,,7,1657-1959,propiedad inmaterial,CO,2026-09-12,consolidado,d484c7d1718b3224,,,,,,,,,0,,,,,,,,,,,,,,http://revistas.uexternado.edu.co/index.php/propin,https://doaj.org/toc/aaff9499a1e248489678e66f3ce883c6,2000,Revista La Propiedad Inmaterial,1657-1959,2346-2116,"['intellectual property' 'author rights' 'open source' 'copyright'
 'patents' 'industrial property']",['English' 'Spanish'],Colombia,"Facultad de Derecho, Centro de Estudios de la Propiedad Intelectual",,CC BY-NC-SA,,https://revistas.uexternado.edu.co/index.php/propin/about/submissions#copyrightNotice,,True,https://revistas.uexternado.edu.co/index.php/propin/about/submissions#copyrightNotice,Double anonymous peer review,https://revistas.uexternado.edu.co/index.php/propin/about,False,https://revistas.uexternado.edu.co/index.php/propin/about,https://revistas.uexternado.edu.co/index.php/propin/about/editorialTeam,https://revistas.uexternado.edu.co/index.php/propin/about/submissions#copyrightNotice,10,False,https://revistas.uexternado.edu.co/index.php/propin/about/submissions#copyrightNotice,False,,False,https://revistas.uexternado.edu.co/index.php/propin/about/submissions#copyrightNotice,,,,Open Policy Finder,,DOI,True,,,K1-7720,False,No,No,Law: Law in general. Comparative and uniform law. Jurisprudence,2012-01-04,2019-07-29,2019-07-29,594,2026-06-25,,,100.0,imputado,['publindex'],mediana_global,False,2,,,True,True,2026-09-12
0124-3551,,,Revista Cife,2016,C,Colombia,Distrito Capital,"Bogotá, D. C.","Bogotá, D.C.",11001,Economía,Economía y Negocios,Ciencias Sociales,UNIVERSIDAD SANTO TOMAS,IES,,,239,0124-3551,cife,CO,2026-09-12,consolidado,c164de3056ef9d6b,,,,,,,,,0,,,,,,,,,,,,,,,,,,,,,,,,,,,,,,,,,,,,,,,,,,,,,,,,,,,,,,,,,,,,,,,,,100.0,imputado,['publindex'],mediana_global,False,1,,,True,,2026-09-12
1657-8236,,,Gerencia Tecnológica Informática - Gti,2016,B,No disponible,No disponible,No disponible,No disponible,,Ciencias de la Computación,Computación y Ciencias de la Información,Ciencias Naturales,UNIVERSIDAD INDUSTRIAL DE SANTANDER,IES,UNIVERSIDAD INDUSTRIAL DE SANTANDER,,505,1657-8236,gerencia tecnologica informatica gti,,2026-09-12,consolidado,f41a8755fafa8bd7,,,,,,,,,0,,,,,,,,,,,,,,,,,,,,,,,,,,,,,,,,,,,,,,,,,,,,,,,,,,,,,,,,,,,,,,,,,100.0,imputado,['publindex'],mediana_global,False,2,,,False,,2026-09-12
1692-1879,,,Revista Colombiana De Rehabilitacion,2016,B,Colombia,Distrito Capital,"Bogotá, D. C.","Bogotá, D.C.",11001,No registra,Medicina Clínica,Ciencias Médicas y de la Salud,ESCUELA COLOMBIANA DE REHABILITACION E C R,IES,,,915,1692-1879,colombiana rehabilitacion,CO,2026-09-12,consolidado,2653f8157bd40125,,,,,,,,,0,,,,,,,,,,,,,,,,,,,,,,,,,,,,,,,,,,,,,,,,,,,,,,,,,,,,,,,,,,,,,,,,,100.0,imputado,['publindex'],mediana_area,False,2,,,True,,2026-09-12
0120-0542,,,Boletín Científico Cioh,2016,B,Colombia,Caribe,Bolívar,Cartagena de Indias,13001,"Oceanografía, Hidrología y Recursos del Agua",Ciencias de la Tierra y Medioambientales,Ciencias Naturales,CENTRO DE INVESTIGACIONES OCEANOGRAFICAS E HIDROGRAFICAS CIOH,Entidades de Gobierno,,,631,0120-0542,boletin cientifico cioh,CO,2026-09-12,consolidado,7d81b235de065386,,,,,,,,,0,,,,,,,,,,,,,,,,,,,,,,,,,,,,,,,,,,,,,,,,,,,,,,,,,,,,,,,,,,,,,,,,,100.0,imputado,['publindex'],mediana_global,False,2,,,True,,2026-09-12
2027-8101,,,Cuaderno Activa,2016,C,Colombia,Eje Cafetero,Antioquia,Medellín,05001,No registra,Ciencias de la Tierra y Medioambientales,Ciencias Naturales,TECNOLOGICO DE ANTIOQUIA INSTITUCION UNIVERSITARIA,IES,,,"1,025",2027-8101,cuaderno activa,CO,2026-09-12,consolidado,9162af119c373a12,,,,,,,,,0,,,,,,,,,,,,,,,,,,,,,,,,,,,,,,,,,,,,,,,,,,,,,,,,,,,,,,,,,,,,,,,,,100.0,imputado,['publindex'],mediana_global,False,1,,,True,,2026-09-12
0120-6788,,,Matemáticas: Enseñanza Universitaria,2013,B,No disponible,No disponible,No disponible,No disponible,,Matemáticas Aplicadas,Matemática,Ciencias Naturales,UNIVERSIDAD DEL VALLE,IES,,,453,0120-6788,matematicas ensenanza universitaria,,2026-09-12,consolidado,127b0b56a43c9e21,,,,,,,,,0,,,,,,,,,,,,,,,,,,,,,,,,,,,,,,,,,,,,,,,,,,,,,,,,,,,,,,,,,,,,,,,,,100.0,imputado,['publindex'],mediana_global,False,2,,,False,,2026-09-12
2027-3335,,,Revista Comunicaciones En Estadística,2013,C,Colombia,Distrito Capital,"Bogotá, D. C.","Bogotá, D.C.",11001,No registra,Matemática,Ciencias Naturales,UNIVERSIDAD SANTO TOMAS,IES,,,,2027-3335,comunicaciones estadistica,CO,2026-09-12,consolidado,1eabbfeea704a02c,,,,,,,,,0,,,,,,,,,,,,,,,,,,,,,,,,,,,,,,,,,,,,,,,,,,,,,,,,,,,,,,,,,,,,,,,,,100.0,imputado,['publindex'],mediana_global,False,1,,,True,,2026-09-12
1909-5775,,,"I+T+C Investigación, Tecnología Y Ciencia",2013,C,Colombia,Pacífico,Cauca,Popayán,19001,Otras Ingenierías y Tecnologías,Otras Ingenierías y Tecnologías,Ingeniería y Tecnología,CORPORACION UNIVERSITARIA COMFACAUCA UNICOMFACAUCA,IES,,,771,1909-5775,i t c investigacion tecnologia ciencia,CO,2026-09-12,consolidado,1c33d8ff6805a316,,,,,,,,,0,,,,,,,,,,,,,,,,,,,,,,,,,,,,,,,,,,,,,,,,,,,,,,,,,,,,,,,,,,,,,,,,,100.0,imputado,['publindex'],mediana_global,False,1,,,True,,2026-09-12
1900-8325,,,Estudios En Seguridad Y Defensa,2013,C,Colombia,Distrito Capital,"Bogotá, D. C.","Bogotá, D.C.",11001,No registra,Otras Ciencias Sociales,Ciencias Sociales,ESCUELA SUPERIOR DE GUERRA,IES,,,"1,089",1900-8325,estudios seguridad defensa,CO,2026-09-12,consolidado,f507688766d6d41f,,,,,,,,,0,,,,,,,,,,,,,,https://esdegrevistas.edu.co/index.php/resd,https://doaj.org/toc/9edfab65c2f9407499b01a0a9b22b3c7,2017,,1900-8325,2744-8932,"['security' 'defense' 'strategy' 'international relations'
 'political science']",['Spanish' 'English'],Colombia,Escuela Superior de Guerra General Rafael Reyes Prieto,Colombia,CC BY-NC-ND,,https://esdegrevistas.edu.co/index.php/resd/about,True,False,https://esdegrevistas.edu.co/index.php/resd/about,Double anonymous peer review,https://esdegrevistas.edu.co/index.php/resd/Proceso,True,https://esdegrevistas.edu.co/index.php/resd/about,https://esdegrevistas.edu.co/index.php/resd/about/editorialTeam,https://esdegrevistas.edu.co/index.php/resd/about/submissions,8,False,https://esdegrevistas.edu.co/index.php/resd/about,False,,False,,Portico,,https://portal.issn.org/resource/ISSN/2744-8932,,,DOI,True,,,U,False,No,No,Military Science,2022-02-08,2024-08-07,2024-08-07,318,2026-07-08,,,100.0,imputado,['publindex'],mediana_global,False,1,,,True,True,2026-09-12
0122-7262,,,Acta Colombiana De Cuidado Intensivo,2013,C,Colombia,Distrito Capital,"Bogotá, D. C.","Bogotá, D.C.",11001,No registra,Medicina Clínica,Ciencias Médicas y de la Salud,ASOCIACION COLOMBIANA DE MEDICINA CRITICA Y CUIDADO INTENSIVO,Otras,,,"1,058",0122-7262,acta colombiana cuidado intensivo,CO,2026-09-12,consolidado,95a814423fc67d25,,,,,,,,,0,,,,,,,,,,,,,,,,,,,,,,,,,,,,,,,,,,,,,,,,,,,,,,,,,,,,,,,,,,,,,,,,,100.0,imputado,['publindex'],mediana_area,False,1,,,True,,2026-09-12
1692-1259,,,Epsilon,2013,C,No disponible,No disponible,No disponible,No disponible,,No registra,Otras Ingenierías y Tecnologías,Ingeniería y Tecnología,UNIVERSIDAD DE LA SALLE,IES,,,642,1692-1259,epsilon,,2026-09-12,consolidado,8f7c1eae6bc008f2,,,,,,,,,0,,,,,,,,,,,,,,,,,,,,,,,,,,,,,,,,,,,,,,,,,,,,,,,,,,,,,,,,,,,,,,,,,100.0,imputado,['publindex'],mediana_global,False,1,,,False,,2026-09-12
2011-3188,,,Dearquitectura,2013,B,Colombia,Distrito Capital,"Bogotá, D. C.","Bogotá, D.C.",11001,Arquitectura y Urbanismo,Arte,Humanidades,UNIVERSIDAD DE LOS ANDES,IES,,,135,2011-3188,dearquitectura,CO,2026-09-12,consolidado,431c8f5631e991ee,154.0,21101120351,journal,"Universidad de los Andes, Colombia",True,True,0.115,Q4,1,5.0,23.0,79.0,344.0,13.0,63.0,0.12,14.96,0.46149999999999997,0.0,2019-2025,"Architecture (Q4); Geography, Planning and Development (Q4); Urban Studies (Q4)",Engineering; Social Sciences,,,,,,,,,,,,,,,,,,,,,,,,,,,,,,,,,,,,,,,,,,,,,,,,,,,,100.0,imputado,['publindex'],mediana_global,False,2,0.16455696202531644,0.12582056892778992,True,,2026-09-12
0120-4165,,,Controversia,2013,C,No disponible,No disponible,No disponible,No disponible,,No registra,Otras Ciencias Sociales,Ciencias Sociales,FUNDACION CENTRO DE INVESTIGACION Y EDUCACION POPULAR C I N E P,Centros,,,522,0120-4165,controversia,,2026-09-12,consolidado,e1e80437f10fc918,,,,,,,,,0,,,,,,,,,,,,,,http://www.revistacontroversia.com,https://doaj.org/toc/cf06cbc9dcdb42618270c46bd12542e6,2015,,0120-4165,2539-1623,"['crtical thinking' 'grassroots organizations' 'peacebuilding'
 'social movements' 'civil society']",['Spanish'],Colombia,Instituto de Estudios Interculturales de la Universidad Javeriana de Cali,Colombia,CC BY-NC,,https://revistacontroversia.com/index.php/controversia/about,,True,https://revistacontroversia.com/index.php/controversia/about,Double anonymous peer review,https://revistacontroversia.com/index.php/controversia/about,False,https://revistacontroversia.com/index.php/controversia/about,https://revistacontroversia.com/index.php/controversia/about/editorialTeam,https://www.cinep.org.co/Home2/images/2019Noticias/Manual_Final_de_autores_Controversia_26_11_19.pdf,36,False,https://revistacontroversia.com/index.php/controversia/about,False,,False,,,,,,,DOI,True,,,HN1-995,False,No,No,Social Sciences: Social history and conditions. Social problems. Social reform,2020-10-27,2021-11-01,2021-11-01,944,2026-07-18,,,100.0,imputado,['publindex'],mediana_global,False,1,,,False,False,2026-09-12
0121-7593,,,Revista Educación Y Pedagogía,2013,C,No disponible,No disponible,No disponible,No disponible,,"Educación General (Incluye Capacitación, Pedagogía)",Ciencias de la Educación,Ciencias Sociales,UNIVERSIDAD DE ANTIOQUIA,IES,,,399,0121-7593,educacion pedagogia,,2026-09-12,consolidado,94c781f98ff1ec1e,,,,,,,,,0,,,,,,,,,,,,,,,,,,,,,,,,,,,,,,,,,,,,,,,,,,,,,,,,,,,,,,,,,,,,,,,,,100.0,imputado,['publindex'],mediana_global,False,1,,,False,,2026-09-12
0120-4173,2500-7459,,Revista De La Asociación Colombiana De Ciencias Biológicas,2013,C,Colombia,Eje Cafetero,Quindío,Armenia,63001,Otras Biologías,Ciencias Biológicas,Ciencias Naturales,UNIVERSIDAD NACIONAL DE COLOMBIA,IES,,,512,0120-4173,asociacion colombiana ciencias biologicas,CO,2026-09-12,consolidado,a6c959d45930a1be,,,,,,,,,0,,,,,,,,,,,,,,,,,,,,,,,,,,,,,,,,,,,,,,,,,,,,,,,,,,,,,,,,,,,,,,,,,100.0,imputado,['publindex'],mediana_global,False,1,,,True,,2026-09-12
0120-2729,,,Revista Colombiana De Cirugia Plastica Y Reconstructiva,2013,C,Colombia,Distrito Capital,"Bogotá, D. C.","Bogotá, D.C.",11001,No registra,Medicina Clínica,Ciencias Médicas y de la Salud,SOCIEDAD COLOMBIANA DE CIRUGIA PLASTICA ESTETICA Y RECONSTRUCTIVA,Otras,,,545,0120-2729,colombiana cirugia plastica reconstructiva,CO,2026-09-12,consolidado,965b7310b349f308,,,,,,,,,0,,,,,,,,,,,,,,,,,,,,,,,,,,,,,,,,,,,,,,,,,,,,,,,,,,,,,,,,,,,,,,,,,100.0,imputado,['publindex'],mediana_area,False,1,,,True,,2026-09-12
2011-4990,,,Ud Y La Geomatica,2013,C,Colombia,Distrito Capital,"Bogotá, D. C.","Bogotá, D.C.",11001,Geología,Ciencias de la Tierra y Medioambientales,Ciencias Naturales,UNIVERSIDAD DISTRITAL FRANCISCO JOSE DE CALDAS,IES,,,974,2011-4990,ud geomatica,CO,2026-09-12,consolidado,20e1a7d4dd57695b,,,,,,,,,0,,,,,,,,,,,,,,,,,,,,,,,,,,,,,,,,,,,,,,,,,,,,,,,,,,,,,,,,,,,,,,,,,100.0,imputado,['publindex'],mediana_global,False,1,,,True,,2026-09-12
0123-0670,,,Papeles,2013,C,Colombia,Distrito Capital,"Bogotá, D. C.","Bogotá, D.C.",11001,No registra,Idiomas y Literatura,Humanidades,UNIVERSIDAD ANTONIO NARINO,IES,,,868,0123-0670,papeles,CO,2026-09-12,consolidado,d048ac2e652730bc,,,,,,,,,0,,,,,,,,,,,,,,https://revistas.uan.edu.co/index.php/papeles,https://doaj.org/toc/25c74cfe1b2c457c9e7c132319e75597,2009,,0123-0670,2346-0911,['education' 'assessment' 'curriculum' 'didactics' 'teaching'],['English' 'Spanish'],Colombia,,,CC BY-NC-SA,,https://revistas.uan.edu.co/index.php/papeles/pospublicacion,True,True,https://revistas.uan.edu.co/index.php/papeles/pospublicacion,Double anonymous peer review,https://revistas.uan.edu.co/index.php/papeles/pares,True,https://revistas.uan.edu.co/index.php/papeles,https://revistas.uan.edu.co/index.php/papeles/comiteeditorial,https://revistas.uan.edu.co/index.php/papeles/instrucciones,12,False,https://revistas.uan.edu.co/index.php/papeles,False,,False,,,Biblioteca Nacional de Colombia,https://revistas.uan.edu.co/index.php/papeles/pospublicacion,,,DOI,True,,,L7-991,False,No,No,Education: Education (General),2022-04-11,2022-04-11,2022-04-11,399,2026-07-27,,,100.0,imputado,['publindex'],mediana_global,False,1,,,True,True,2026-09-12
1692-3375,,,Umbral Científico,2013,C,Colombia,Distrito Capital,"Bogotá, D. C.","Bogotá, D.C.",11001,No registra,Otras Ciencias Naturales,Ciencias Naturales,UNIVERSIDAD MANUELA BELTRAN,IES,,,194,1692-3375,umbral cientifico,CO,2026-09-12,consolidado,9a82a4b09bdcb707,,,,,,,,,0,,,,,,,,,,,,,,,,,,,,,,,,,,,,,,,,,,,,,,,,,,,,,,,,,,,,,,,,,,,,,,,,,100.0,imputado,['publindex'],mediana_global,False,1,,,True,,2026-09-12
1692-5114,,,Revista M,2013,C,Colombia,Centro Oriente,Santander,Bucaramanga,68001,No registra,Arte,Humanidades,UNIVERSIDAD SANTO TOMAS,IES,,,"1,118",1692-5114,m,CO,2026-09-12,consolidado,e8bfff1d77271c8f,,,,,,,,,0,,,,,,,,,,,,,,,,,,,,,,,,,,,,,,,,,,,,,,,,,,,,,,,,,,,,,,,,,,,,,,,,,100.0,imputado,['publindex'],mediana_global,False,1,,,True,,2026-09-12
0123-4250,,,Revista Medica Sanitas,2013,C,Colombia,Distrito Capital,"Bogotá, D. C.","Bogotá, D.C.",11001,No registra,Ciencias de la Salud,Ciencias Médicas y de la Salud,FUNDACION UNIVERSITARIA SANITAS,IES,,,388,0123-4250,medica sanitas,CO,2026-09-12,consolidado,ad2bffd49b6eb769,,,,,,,,,0,,,,,,,,,,,,,,,,,,,,,,,,,,,,,,,,,,,,,,,,,,,,,,,,,,,,,,,,,,,,,,,,,100.0,imputado,['publindex'],mediana_area,False,1,,,True,,2026-09-12
0120-3800,,,Revista Interamericana De Psicología Ocupacional,2013,C,No disponible,No disponible,No disponible,No disponible,,"Psicología (Incluye Terapias de Aprendizaje, Habla, Visual y Otras Discapacidades Físicas y Mentales)",Psicología,Ciencias Sociales,CENTRO DE INVESTIGACION EN COMPORTAMIENTO ORGANIZACIONAL CINCEL S A S,Empresas,,,754,0120-3800,interamericana psicologia ocupacional,,2026-09-12,consolidado,53c42ff49d09c650,,,,,,,,,0,,,,,,,,,,,,,,,,,,,,,,,,,,,,,,,,,,,,,,,,,,,,,,,,,,,,,,,,,,,,,,,,,100.0,imputado,['publindex'],mediana_global,False,1,,,False,,2026-09-12
0123-2614,,,Nova Et Vetera,2013,C,Colombia,Distrito Capital,"Bogotá, D. C.","Bogotá, D.C.",11001,No registra,Otras Ciencias Sociales,Ciencias Sociales,ESCUELA SUPERIOR DE ADMINISTRACION PUBLICA,IES,,,265,0123-2614,nova et vetera,CO,2026-09-12,consolidado,69fca18a411eeb37,,,,,,,,,0,,,,,,,,,,,,,,https://revistas.esap.edu.co/index.php/novaetvetera/index,https://doaj.org/toc/f1056b98e45b4d52b7df9c2570a59e7b,2011,,0123-2614,2500-5103,['human rights' 'territory' 'peace building'],['Spanish' 'English'],Colombia,,,CC BY-NC-SA,,https://revistas.esap.edu.co/index.php/novaetvetera/about#openAccessPolicy,True,False,https://revistas.esap.edu.co/index.php/novaetvetera/about/submissions#copyrightnotice,Double anonymous peer review,https://revistas.esap.edu.co/index.php/novaetvetera/about,True,https://revistas.esap.edu.co/index.php/novaetvetera/about,https://revistas.esap.edu.co/index.php/novaetvetera/about/editorialTeam,https://revistas.esap.edu.co/index.php/novaetvetera/about/submissions,20,False,https://revistas.esap.edu.co/index.php/novaetvetera/about#openAccessPolicy,False,,False,,,,,,,DOI,True,,,JF20-2112,False,No,No,Political science: Political institutions and public administration (General),2026-04-16,2026-04-16,,102,2026-08-05,,,100.0,imputado,['publindex'],mediana_global,False,1,,,True,False,2026-09-12
0120-3045,,,Maguaré,2013,B,Colombia,Distrito Capital,"Bogotá, D. C.","Bogotá, D.C.",11001,Antropología,Sociología,Ciencias Sociales,UNIVERSIDAD NACIONAL DE COLOMBIA,IES,,,407,0120-3045,maguare,CO,2026-09-12,consolidado,cd5ffb77d8452d33,,,,,,,,,0,,,,,,,,,,,,,,https://revistas.unal.edu.co/index.php/maguare/index,https://doaj.org/toc/9933c6f7e3594e7b81547ddc082bd0b7,2009,,0120-3045,2256-5752,['antropology' 'archaeology' 'ethnology' 'history' 'linguistics'],['Spanish' 'English' 'Portuguese'],Colombia,,,CC BY-SA,,https://revistas.unal.edu.co/index.php/maguare/about/submissions#copyrightNotice,True,True,https://revistas.unal.edu.co/index.php/maguare/about/submissions#copyrightNotice,Double anonymous peer review,https://revistas.unal.edu.co/index.php/maguare/about,True,https://revistas.unal.edu.co/index.php/maguare/about/editorialPolicies#focusAndScope,https://revistas.unal.edu.co/index.php/maguare/about/displayMembership/233,https://revistas.unal.edu.co/index.php/maguare/about/editorialPolicies#custom-1,32,False,https://revistas.unal.edu.co/index.php/maguare/index,False,,False,,,,,Open Policy Finder,https://openpolicyfinder.jisc.ac.uk/id/publication/8439?template=romeo,DOI,True,,,GN1-890,False,No,No,Geography. Anthropology. Recreation: Anthropology,2021-06-17,2021-06-17,2021-06-17,1721,2026-07-02,,,100.0,imputado,['publindex'],mediana_global,False,2,,,True,False,2026-09-12
2027-3029,,,Rostros & Rastros,2013,C,Colombia,Distrito Capital,"Bogotá, D. C.","Bogotá, D.C.",11001,No registra,Derecho,Ciencias Sociales,PROCURADURIA GENERAL DE LA NACION,Entidades de Gobierno,,,355,2027-3029,rostros rastros,CO,2026-09-12,consolidado,a1dcaed510b8f48a,,,,,,,,,0,,,,,,,,,,,,,,,,,,,,,,,,,,,,,,,,,,,,,,,,,,,,,,,,,,,,,,,,,,,,,,,,,100.0,imputado,['publindex'],mediana_global,False,1,,,True,,2026-09-12
1909-8642,,,Ciencia Y Tecnología De Buques /Ship Science And Technology,2013,C,Colombia,Caribe,Bolívar,Cartagena de Indias,13001,"Ingeniería Marina, Naves",Ingeniería Ambiental,Ingeniería y Tecnología,CORPORACION DE CIENCIA Y TECNOLOGIA PARA EL DESARROLLO DE LA INDUSTRIA NAVAL MARITIMA Y FLUVIAL COTECMAR,Centros,,,436,1909-8642,ciencia tecnologia buques ship science technology,CO,2026-09-12,consolidado,28d8eb9e5287d4c1,,,,,,,,,0,,,,,,,,,,,,,,https://shipjournal.co/index.php/sst/index,https://doaj.org/toc/0ace93a188a744c499be73fa14135c9a,2007,,1909-8642,2619-645X,"['ship design' 'hydrodynamics' 'dynamics of ships' 'vibrations and noise'
 'technology of ship construction' 'marine engineering']",['English'],Colombia,,,CC BY,,https://shipjournal.co/index.php/sst/licencia,True,False,https://shipjournal.co/index.php/sst/derecho,Double anonymous peer review,https://shipjournal.co/index.php/sst/procesorp,False,https://shipjournal.co/index.php/sst/objetivos,https://shipjournal.co/index.php/sst/about/editorialTeam,https://shipjournal.co/index.php/sst/lista,20,False,https://shipjournal.co/index.php/sst/costos,False,,False,,"PKP PN, Portico",,https://portal.issn.org/resource/ISSN/2619-645X,,,DOI,True,,,V,False,No,No,Naval Science,2018-02-01,2026-08-11,,0,,,,100.0,imputado,['publindex'],mediana_global,False,1,,,True,False,2026-09-12
1909-230X,,,Ciencia Política,2013,C,Colombia,Distrito Capital,"Bogotá, D. C.","Bogotá, D.C.",11001,Ciencias Políticas,Ciencias Políticas,Ciencias Sociales,UNIVERSIDAD NACIONAL DE COLOMBIA,IES,,,959,1909-230X,ciencia politica,CO,2026-09-12,consolidado,62d62f1eeaaf0914,,,,,,,,,0,,,,,,,,,,,,,,https://revistas.unal.edu.co/index.php/cienciapol,https://doaj.org/toc/1f55d721c7ff47fc821fe007fc7c4e5e,2006,Ciencia Política (Universidad Nacional de Colombia),1909-230X,2389-7481,['communication' 'politics' 'political science'],['English' 'French' 'Spanish'],Colombia,,,CC BY-NC-ND,,https://revistas.unal.edu.co/index.php/cienciapol/about#copyright,,False,https://revistas.unal.edu.co/index.php/cienciapol/about#copyright,Peer review,http://www.revistas.unal.edu.co/index.php/cienciapol/about/editorialPolicies#peerReviewProcess,False,https://revistas.unal.edu.co/index.php/cienciapol/about,https://revistas.unal.edu.co/index.php/cienciapol/about/editorialTeam,http://www.revistas.unal.edu.co/index.php/cienciapol/about/submissions#authorGuidelines,16,False,http://revistas.unal.edu.co/index.php/cienciapol/about/editorialPolicies#peerReviewProcess,False,,False,,PKP PN,,https://portal.issn.org/resource/ISSN/2389-7481,,,DOI,True,,,J|JF20-2112|JA1-92,False,No,No,Political science: Political institutions and public administration (General) | Political science: Political science (General),2016-03-08,2025-02-08,2025-02-08,474,2026-05-20,,,100.0,imputado,['publindex'],mediana_global,False,1,,,True,False,2026-09-12
2027-0658,,,Derrotero,2013,C,Colombia,Caribe,Bolívar,Cartagena de Indias,13001,No registra,Ingeniería Ambiental,Ingeniería y Tecnología,ESCUELA NAVAL DE CADETES ALMIRANTE PADILLA,IES,,,864,2027-0658,derrotero,CO,2026-09-12,consolidado,e9236d58d11a272e,,,,,,,,,0,,,,,,,,,,,,,,https://www.escuelanaval.edu.co/revista-derrotero,https://doaj.org/toc/63e5d77fbd17465dbd2f93302145a22e,2018,Derrotero: Revista de la Ciencia e Investigación,2027-0658,2590-4701,['naval' 'naval science' 'military studies'],['Spanish'],Colombia,,,CC BY-NC-SA,,https://www.escuelanaval.edu.co/revista-derrotero,True,False,https://www.escuelanaval.edu.co/revista-derrotero,Double anonymous peer review,https://www.escuelanaval.edu.co/revista-derrotero,True,https://www.escuelanaval.edu.co/revista-derrotero,https://www.escuelanaval.edu.co/revista-derrotero,https://www.escuelanaval.edu.co/revista-derrotero,20,False,https://www.escuelanaval.edu.co/revista-derrotero,False,,False,,,,,,,,True,,,V,False,No,No,Naval Science,2023-08-03,2023-08-03,2023-08-03,98,2026-08-06,,,100.0,imputado,['publindex'],mediana_global,False,1,,,True,False,2026-09-12
0120-095X,,,Revista Uis Humanidades,2013,C,No disponible,No disponible,No disponible,No disponible,,Otras Humanidades,Otras Humanidades,Humanidades,UNIVERSIDAD INDUSTRIAL DE SANTANDER,IES,,,306,0120-095X,uis humanidades,,2026-09-12,consolidado,45dd8e94b8cfe853,,,,,,,,,0,,,,,,,,,,,,,,,,,,,,,,,,,,,,,,,,,,,,,,,,,,,,,,,,,,,,,,,,,,,,,,,,,100.0,imputado,['publindex'],mediana_global,False,1,,,False,,2026-09-12
1900-0448,,,Iusta,2013,C,Colombia,Distrito Capital,"Bogotá, D. C.","Bogotá, D.C.",11001,No registra,Derecho,Ciencias Sociales,UNIVERSIDAD SANTO TOMAS,IES,,,712,1900-0448,iusta,CO,2026-09-12,consolidado,71c47e4c6f33c875,,,,,,,,,0,,,,,,,,,,,,,,https://revistas.usantotomas.edu.co/index.php/iusta,https://doaj.org/toc/df385c578be54168b6d47e69444df7a7,2004,,1900-0448,2500-5286,['conflict' 'legal practices' 'law'],['Spanish'],Colombia,Universidad Santo Tomás,,CC BY-SA,,https://revistas.usantotomas.edu.co/index.php/iusta/about/submissions#copyrightNotice,,False,,Double anonymous peer review,https://revistas.usantotomas.edu.co/index.php/iusta/about/editorialPolicies#peerReviewProcess,True,https://revistas.usantotomas.edu.co/index.php/iusta/about/editorialPolicies#focusAndScope,https://revistas.usantotomas.edu.co/index.php/iusta/about/editorialTeam,https://revistas.usantotomas.edu.co/index.php/iusta/about/submissions#authorGuidelines,20,False,https://revistas.usantotomas.edu.co/index.php/iusta/about/editorialPolicies#custom-0,False,,False,https://revistas.usantotomas.edu.co/index.php/iusta/about/editorialPolicies#custom-0,,,,,,DOI,True,,,K1-7720|JA1-92,False,No,No,Law: Law in general. Comparative and uniform law. Jurisprudence | Political science: Political science (General),2019-03-26,2019-08-30,2019-08-30,370,2026-07-29,,,100.0,imputado,['publindex'],mediana_global,False,1,,,True,False,2026-09-12
2027-1433,,,Gestión & Sociedad,2013,C,Colombia,Distrito Capital,"Bogotá, D. C.","Bogotá, D.C.",11001,No registra,Ciencias Biológicas,Ciencias Naturales,UNIVERSIDAD DE LA SALLE,IES,,,790,2027-1433,gestion sociedad,CO,2026-09-12,consolidado,313613ebf668da54,,,,,,,,,0,,,,,,,,,,,,,,,,,,,,,,,,,,,,,,,,,,,,,,,,,,,,,,,,,,,,,,,,,,,,,,,,,100.0,imputado,['publindex'],mediana_global,False,1,,,True,,2026-09-12
0123-0999,,,Pensamiento Y Cultura,2013,B,Colombia,Centro Oriente,Cundinamarca,Chía,25175,Filosofía,Otras Humanidades,Humanidades,UNIVERSIDAD DE LA SABANA,IES,,,424,0123-0999,pensamiento cultura,CO,2026-09-12,consolidado,00101758dd9903ca,,,,,,,,,0,,,,,,,,,,,,,,,,,,,,,,,,,,,,,,,,,,,,,,,,,,,,,,,,,,,,,,,,,,,,,,,,,100.0,imputado,['publindex'],mediana_global,False,2,,,True,,2026-09-12
1900-9909,,,Nexus,2013,B,Colombia,Pacífico,Valle del Cauca,Cali,76001,Medios y Comunicación Social,Periodismo y Comunicaciones,Ciencias Sociales,UNIVERSIDAD DEL VALLE,IES,,,"1,042",1900-9909,nexus,CO,2026-09-12,consolidado,f9848bead672b3f7,,,,,,,,,0,,,,,,,,,,,,,,,,,,,,,,,,,,,,,,,,,,,,,,,,,,,,,,,,,,,,,,,,,,,,,,,,,100.0,imputado,['publindex'],mediana_global,False,2,,,True,,2026-09-12
2811-3854,,,Soluciones De Postgrados Eia,2013,C,Colombia,Eje Cafetero,Antioquia,No disponible,05,No registra,Economía y Negocios,Ciencias Sociales,UNIVERSIDAD EIA,IES,,,,2811-3854,soluciones postgrados eia,CO,2026-09-12,consolidado,de37aee0de7620f9,,,,,,,,,0,,,,,,,,,,,,,,,,,,,,,,,,,,,,,,,,,,,,,,,,,,,,,,,,,,,,,,,,,,,,,,,,,100.0,imputado,['publindex'],mediana_global,False,1,,,True,,2026-09-12
2145-8987,2145-9045,,"Perífrasis. Revista De Literatura, Teoría Y Crítica",2013,B,Colombia,Distrito Capital,"Bogotá, D. C.","Bogotá, D.C.",11001,Teoría Literaria,Idiomas y Literatura,Humanidades,UNIVERSIDAD DE LOS ANDES,IES,,,757,2145-8987,perifrasis literatura teoria critica,CO,2026-09-12,consolidado,cc3d2875d897326a,153.0,21101116673,journal,"Universidad de los Andes, Colombia",True,True,0.115,Q3,2,4.0,30.0,73.0,721.0,5.0,62.0,0.02,24.03,0.7082999999999999,0.0,"2011, 2019-2026",Cultural Studies (Q3); Literature and Literary Theory (Q3); Gender Studies (Q4),Arts and Humanities; Social Sciences,https://revistas.uniandes.edu.co/journal/perifrasis,https://doaj.org/toc/62835f42b956481794f7348ae2b654c6,2010,,2145-8987,2145-9045,"['literature' 'literary studies' 'literary theory' 'literary criticism'
 'transdisciplinary literary variants']",['English' 'Spanish'],Colombia,,,CC BY,,https://revistas.uniandes.edu.co/journal/perifrasis,,False,https://revistas.uniandes.edu.co/for-authors/perifrasis/ethical-policies,Double anonymous peer review,https://revistas.uniandes.edu.co/for-authors/perifrasis/editorial-policy,True,https://revistas.uniandes.edu.co/about/perifrasis,https://revistas.uniandes.edu.co/executive-board/perifrasis,https://revistas.uniandes.edu.co/for-authors#perifrasis,20,False,https://revistas.uniandes.edu.co/about/perifrasis,False,,False,,,,,,,DOI,True,,,PN1-6790,False,No,No,Language and Literature: Literature (General),2013-03-19,2025-03-10,2025-03-10,342,2026-05-04,,,100.0,imputado,['publindex'],mediana_global,False,2,0.0684931506849315,0.12582056892778992,True,False,2026-09-12
0122-0799,,,Revista Instituto Colombiano De Derecho Tributario - Icdt,2013,C,Colombia,Distrito Capital,"Bogotá, D. C.","Bogotá, D.C.",11001,Derecho,Derecho,Ciencias Sociales,INSTITUTO COLOMBIANO DE DERECHO TRIBUTARIO,Entidades de Gobierno,,,838,0122-0799,instituto colombiano derecho tributario icdt,CO,2026-09-12,consolidado,ded357bbfef0a8eb,,,,,,,,,0,,,,,,,,,,,,,,,,,,,,,,,,,,,,,,,,,,,,,,,,,,,,,,,,,,,,,,,,,,,,,,,,,100.0,imputado,['publindex'],mediana_global,False,1,,,True,,2026-09-12
0120-0445,,,Revista De La Sociedad Colombiana De Psicoanálisis,2013,C,Colombia,Distrito Capital,"Bogotá, D. C.","Bogotá, D.C.",11001,No registra,Psicología,Ciencias Sociales,SOCIEDAD COLOMBIANA DE PSICOANALISIS,Otras,,,"1,079",0120-0445,sociedad colombiana psicoanalisis,CO,2026-09-12,consolidado,3b6a243cd2c5b9d6,,,,,,,,,0,,,,,,,,,,,,,,,,,,,,,,,,,,,,,,,,,,,,,,,,,,,,,,,,,,,,,,,,,,,,,,,,,100.0,imputado,['publindex'],mediana_global,False,1,,,True,,2026-09-12
2011-074X,,,Revista S,2013,C,No disponible,No disponible,No disponible,No disponible,,No registra,Sociología,Ciencias Sociales,UNIVERSIDAD INDUSTRIAL DE SANTANDER,IES,,,471,2011-074X,s,,2026-09-12,consolidado,9fafbbec7cc72758,,,,,,,,,0,,,,,,,,,,,,,,,,,,,,,,,,,,,,,,,,,,,,,,,,,,,,,,,,,,,,,,,,,,,,,,,,,100.0,imputado,['publindex'],mediana_global,False,1,,,False,,2026-09-12
1657-6985,,,Ingeniería Y Región,2013,C,Colombia,Centro Sur,Huila,Neiva,41001,No registra,Otras Ingenierías y Tecnologías,Ingeniería y Tecnología,UNIVERSIDAD SURCOLOMBIANA,IES,,,841,1657-6985,ingenieria region,CO,2026-09-12,consolidado,691879ffde4cf84c,,,,,,,,,0,,,,,,,,,,,,,,,,,,,,,,,,,,,,,,,,,,,,,,,,,,,,,,,,,,,,,,,,,,,,,,,,,100.0,imputado,['publindex'],mediana_global,False,1,,,True,,2026-09-12
1657-2831,,,Revista Colombiana De Computación,2013,C,Colombia,Centro Oriente,Santander,Bucaramanga,68001,No registra,Otras Ingenierías y Tecnologías,Ingeniería y Tecnología,UNIVERSIDAD AUTONOMA DE BUCARAMANGA,IES,,,332,1657-2831,colombiana computacion,CO,2026-09-12,consolidado,28c96e90c90b7bbc,151.0,21101021053,journal,Universidad Autonoma de Bucaramanga,True,True,0.116,Q4,1,6.0,0.0,30.0,0.0,7.0,29.0,0.1,0.0,0.0,0.0,2019-2024,Computer Science (miscellaneous) (Q4),Computer Science,https://revistas.unab.edu.co/index.php/rcc/index,https://doaj.org/toc/b2392bca04664e609149e208fbb8b156,2000,,1657-2831,2539-2115,"['computing' 'informatics' 'telematics' 'information technology'
 'telecommunications']",['English' 'Spanish'],Colombia,Universidad Autónoma de Bucaramanga,,CC BY-NC-SA,,https://revistas.unab.edu.co/index.php/rcc/about,,False,,Double anonymous peer review,https://revistas.unab.edu.co/index.php/rcc/about/submissions,True,https://revistas.unab.edu.co/index.php/rcc/about,https://revistas.unab.edu.co/index.php/rcc/about/editorialTeam,https://revistas.unab.edu.co/index.php/rcc/about/submissions,13,False,https://revistas.unab.edu.co/index.php/rcc/about,False,,False,https://revistas.unab.edu.co/index.php/rcc/about,,,,,,,True,,,TK7885-7895|QA75.5-76.95,False,No,No,Technology: Electrical engineering. Electronics. Nuclear engineering: Electronics: Computer engineering. Computer hardware | Science: Mathematics: Instruments and machines: Electronic computers. Computer science,2018-08-31,2019-01-23,2019-01-23,355,2026-07-23,,,100.0,imputado,['publindex'],mediana_global,False,1,0.23333333333333334,0.12691466083150985,True,False,2026-09-12
2011-7213,,,Pensamiento Y Poder,2013,C,No disponible,No disponible,No disponible,No disponible,,No registra,Derecho,Ciencias Sociales,CORPORACION UNIVERSITARIA REMINGTON,IES,,,377,2011-7213,pensamiento poder,,2026-09-12,consolidado,b0076e1f3b81789c,,,,,,,,,0,,,,,,,,,,,,,,,,,,,,,,,,,,,,,,,,,,,,,,,,,,,,,,,,,,,,,,,,,,,,,,,,,100.0,imputado,['publindex'],mediana_global,False,1,,,False,,2026-09-12
2146-5147,,,Desarrollo Gerencial. Revista De La Facultad De Ciencias Económicas Administrativas Y Contables.,2013,C,Colombia,Caribe,Bolívar,No disponible,13,No registra,Economía y Negocios,Ciencias Sociales,UNIVERSIDAD SIMON BOLIVAR,IES,,,,2146-5147,desarrollo gerencial facultad ciencias economicas administrativas contables,CO,2026-09-12,consolidado,053aff827d5c1ac6,,,,,,,,,0,,,,,,,,,,,,,,,,,,,,,,,,,,,,,,,,,,,,,,,,,,,,,,,,,,,,,,,,,,,,,,,,,100.0,imputado,['publindex'],mediana_global,False,1,,,True,,2026-09-12
1657-6276,,,Pensamiento & Gestión,2013,A2,Colombia,Caribe,Atlántico,Barranquilla,08001,Negocios y Management,Economía y Negocios,Ciencias Sociales,FUNDACION UNIVERSIDAD DEL NORTE,IES,,,96,1657-6276,pensamiento gestion,CO,2026-09-12,consolidado,1ad5e06e7607b077,,,,,,,,,0,,,,,,,,,,,,,,,,,,,,,,,,,,,,,,,,,,,,,,,,,,,,,,,,,,,,,,,,,,,,,,,,,100.0,imputado,['publindex'],mediana_global,False,3,,,True,,2026-09-12
2027-7458,,,Analecta Política,2013,C,Colombia,Eje Cafetero,Antioquia,Medellín,05001,Ciencias Políticas,Ciencias Políticas,Ciencias Sociales,UNIVERSIDAD PONTIFICIA BOLIVARIANA,IES,,,"1,176",2027-7458,analecta politica,CO,2026-09-12,consolidado,3d94e15998907220,,,,,,,,,0,,,,,,,,,,,,,,https://revistas.upb.edu.co/index.php/analecta,https://doaj.org/toc/390a759edfea46248cd75c5f315a10b5,2011,,2027-7458,2390-0067,['politics' 'international relations'],['Spanish'],Colombia,,,CC BY-NC,,https://revistas.upb.edu.co/index.php/analecta,True,True,https://revistas.upb.edu.co/index.php/analecta/about/submissions,Anonymous peer review,https://revistas.upb.edu.co/index.php/analecta/about,False,https://revistas.upb.edu.co/index.php/analecta/about,https://revistas.upb.edu.co/index.php/analecta/about/editorialTeam,https://revistas.upb.edu.co/index.php/analecta/about/submissions,16,False,https://revistas.upb.edu.co/index.php/analecta/about,False,,False,,,,,,,,True,,,J|JA1-92,False,No,No,Political science: Political science (General),2016-03-07,2022-02-11,2022-02-11,0,,,,100.0,imputado,['publindex'],mediana_global,False,1,,,True,False,2026-09-12
0121-0483,,,Derecho Penal Y Criminología,2013,B,Colombia,Distrito Capital,"Bogotá, D. C.","Bogotá, D.C.",11001,Penal,Derecho,Ciencias Sociales,UNIVERSIDAD EXTERNADO DE COLOMBIA,IES,,,542,0121-0483,derecho penal criminologia,CO,2026-09-12,consolidado,7b802a34f11ce063,,,,,,,,,0,,,,,,,,,,,,,,https://revistas.uexternado.edu.co/index.php/derpen,https://doaj.org/toc/28a6bcd831c24d4e8fe9739765170950,1999,Revista Derecho Penal y Criminología,0121-0483,2346-2108,"['criminal law' 'disciplinary law' 'criminology' 'criminal justice'
 'jurisprudence']",['Portuguese' 'Spanish'],Colombia,Facultad de Derecho (Departamento de Derecho Penal),,CC BY-NC-SA,,https://revistas.uexternado.edu.co/index.php/derpen/information/authors,,True,https://revistas.uexternado.edu.co/index.php/derpen/information/authors,Double anonymous peer review,https://revistas.uexternado.edu.co/index.php/derpen/information/authors,False,https://revistas.uexternado.edu.co/index.php/derpen/about#focusAndScope,https://revistas.uexternado.edu.co/index.php/derpen/about/editorialTeam,https://revistas.uexternado.edu.co/index.php/derpen/information/authors,10,False,https://revistas.uexternado.edu.co/index.php/derpen/information/authors,False,,False,https://revistas.uexternado.edu.co/index.php/derpen/information/authors,,,,Open Policy Finder,,DOI,True,,,K1-7720,False,No,No,Law: Law in general. Comparative and uniform law. Jurisprudence,2012-01-04,2019-12-05,2019-12-05,725,2026-06-26,,,100.0,imputado,['publindex'],mediana_global,False,2,,,True,True,2026-09-12
0072-0992,,,Geología Colombiana,2013,B,Colombia,Distrito Capital,"Bogotá, D. C.","Bogotá, D.C.",11001,Geología,Ciencias de la Tierra y Medioambientales,Ciencias Naturales,UNIVERSIDAD NACIONAL DE COLOMBIA,IES,,,317,0072-0992,geologia colombiana,CO,2026-09-12,consolidado,74f90825795db58a,,,,,,,,,0,,,,,,,,,,,,,,,,,,,,,,,,,,,,,,,,,,,,,,,,,,,,,,,,,,,,,,,,,,,,,,,,,100.0,imputado,['publindex'],mediana_global,False,2,,,True,,2026-09-12
0120-0453,,,Revista Sociedad Colombiana De Oftalmología,2013,C,Colombia,Distrito Capital,"Bogotá, D. C.","Bogotá, D.C.",11001,Otros Temas de Medicina Clínica,Medicina Clínica,Ciencias Médicas y de la Salud,SOCIEDAD COLOMBIANA DE OFTALMOLOGIA,Otras,,,"1,150",0120-0453,sociedad colombiana oftalmologia,CO,2026-09-12,consolidado,226353af96f72553,,,,,,,,,0,,,,,,,,,,,,,,,,,,,,,,,,,,,,,,,,,,,,,,,,,,,,,,,,,,,,,,,,,,,,,,,,,100.0,imputado,['publindex'],mediana_area,False,1,,,True,,2026-09-12
0123-9678,,,Ventana Informática,2013,C,Colombia,Eje Cafetero,Caldas,Manizales,17001,Ciencias de la Computación,Computación y Ciencias de la Información,Ciencias Naturales,UNIVERSIDAD DE MANIZALES UMANIZALES,IES,,,500,0123-9678,ventana informatica,CO,2026-09-12,consolidado,8a269983e8e99338,,,,,,,,,0,,,,,,,,,,,,,,,,,,,,,,,,,,,,,,,,,,,,,,,,,,,,,,,,,,,,,,,,,,,,,,,,,100.0,imputado,['publindex'],mediana_global,False,1,,,True,,2026-09-12
0121-7372,2462-991X,,Repertorio De Medicina Y Cirugía,2013,C,Colombia,Distrito Capital,"Bogotá, D. C.","Bogotá, D.C.",11001,No registra,Medicina Clínica,Ciencias Médicas y de la Salud,SOCIEDAD DE CIRUGIA DE BOGOTA,Otras,,,494,0121-7372,repertorio medicina cirugia,CO,2026-09-12,consolidado,e8945f4feec54d0c,,,,,,,,,0,,,,,,,,,,,,,,https://revistas.fucsalud.edu.co/index.php/repertorio,https://doaj.org/toc/0953d0aea47f42c1819a51ecb353d65d,2019,,0121-7372,2462-991X,['health sciences' 'biomedicine'],['English' 'Spanish'],Colombia,Sociedad Cirugía de Bogotá,,CC BY-NC-ND,,https://revistas.fucsalud.edu.co/index.php/repertorio/about/openaccess,True,False,https://revistas.fucsalud.edu.co/index.php/repertorio/about/copyright,Double anonymous peer review,https://revistas.fucsalud.edu.co/index.php/repertorio/about/publicationProcess,True,https://revistas.fucsalud.edu.co/index.php/repertorio/about/focusandscope,https://revistas.fucsalud.edu.co/index.php/repertorio/about/editorialTeam,https://revistas.fucsalud.edu.co/index.php/repertorio/about/authorsrules,16,False,https://revistas.fucsalud.edu.co/index.php/repertorio/about/openaccess,False,,False,,,,,,,DOI,True,,,R5-920,False,No,No,Medicine: Medicine (General),2021-01-18,2021-05-11,2021-05-11,1173,2026-07-27,,,100.0,imputado,['publindex'],mediana_area,False,1,,,True,False,2026-09-12
2011-4540,,,Nuevo Derecho,2013,C,Colombia,Eje Cafetero,Antioquia,Envigado,05266,Derecho,Derecho,Ciencias Sociales,INSTITUCION UNIVERSITARIA DE ENVIGADO,IES,,,563,2011-4540,nuevo derecho,CO,2026-09-12,consolidado,1445cbff439a19eb,61.0,21101192682,journal,University Institution of Envigado,True,True,0.189,Q3,2,3.0,10.0,43.0,489.0,12.0,37.0,0.24,48.9,0.2857,0.0,2019-2025,Law (Q3); Social Sciences (miscellaneous) (Q3),Social Sciences,https://revistas.iue.edu.co/index.php/nuevoderecho/index,https://doaj.org/toc/835e1622dcfc49e393584687f609c319,2008,,2011-4540,2500-672X,"['political science' 'fundamental rights' 'constitutional law' 'law'
 'policies']",['Portuguese' 'English' 'Spanish'],Colombia,,Colombia,CC BY-NC-SA,,https://revistas.iue.edu.co/index.php/nuevoderecho/about/submissions,,False,https://revistas.iue.edu.co/index.php/nuevoderecho/about/submissions,Double anonymous peer review,https://revistas.iue.edu.co/index.php/nuevoderecho/about,True,https://revistas.iue.edu.co/index.php/nuevoderecho/about,https://revistas.iue.edu.co/index.php/nuevoderecho/about/editorialTeam,https://revistas.iue.edu.co/index.php/nuevoderecho/about/submissions,30,False,https://revistas.iue.edu.co/index.php/nuevoderecho/about,False,,False,,,,,,,DOI,True,,,K|K1-7720,False,No,No,Law: Law in general. Comparative and uniform law. Jurisprudence,2019-11-25,2024-05-27,2024-05-27,355,2026-07-30,,,100.0,imputado,['publindex'],mediana_global,False,1,0.27906976744186046,0.20678336980306344,True,False,2026-09-12
0124-7905,,,Entornos,2013,C,Colombia,Centro Sur,Huila,Neiva,41001,No registra,Otras Ciencias Sociales,Ciencias Sociales,UNIVERSIDAD SURCOLOMBIANA,IES,,,"1,309",0124-7905,entornos,CO,2026-09-12,consolidado,bfb078a82aab56a4,,,,,,,,,0,,,,,,,,,,,,,,,,,,,,,,,,,,,,,,,,,,,,,,,,,,,,,,,,,,,,,,,,,,,,,,,,,100.0,imputado,['publindex'],mediana_global,False,1,,,True,,2026-09-12
2145-7735,,,Revista Colombiana De Investigacion En Odontologia,2013,C,No disponible,No disponible,No disponible,No disponible,,"Odontología, Cirugía Oral y Medicina Oral",Medicina Clínica,Ciencias Médicas y de la Salud,ASOCIACION COLOMBIANA DE FACULTADES DE ODONTOLOGIA,Otras,,,758,2145-7735,colombiana investigacion odontologia,,2026-09-12,consolidado,d85e6cdedb5c4439,,,,,,,,,0,,,,,,,,,,,,,,,,,,,,,,,,,,,,,,,,,,,,,,,,,,,,,,,,,,,,,,,,,,,,,,,,,100.0,imputado,['publindex'],mediana_area,False,1,,,False,,2026-09-12
0123-1022,,,Folios,2013,C,No disponible,No disponible,No disponible,No disponible,,No registra,Ciencias Políticas,Ciencias Sociales,UNIVERSIDAD DE ANTIOQUIA,IES,,,611,0123-1022,folios,,2026-09-12,consolidado,2d8b3dd5a15ea9d9,,,,,,,,,0,,,,,,,,,,,,,,,,,,,,,,,,,,,,,,,,,,,,,,,,,,,,,,,,,,,,,,,,,,,,,,,,,100.0,imputado,['publindex'],mediana_global,False,1,,,False,,2026-09-12
1692-9918,,,Ingenieria De Recursos Naturales Y Del Ambiente,2013,C,No disponible,No disponible,No disponible,No disponible,,No registra,Otras Ciencias Naturales,Ciencias Naturales,UNIVERSIDAD DEL VALLE,IES,,,730,1692-9918,ingenieria recursos naturales ambiente,,2026-09-12,consolidado,44e2d5b3ac722c08,,,,,,,,,0,,,,,,,,,,,,,,,,,,,,,,,,,,,,,,,,,,,,,,,,,,,,,,,,,,,,,,,,,,,,,,,,,100.0,imputado,['publindex'],mediana_global,False,1,,,False,,2026-09-12
0122-7017,,,Enterese,2012,C,Colombia,Distrito Capital,"Bogotá, D. C.","Bogotá, D.C.",11001,No registra,Otras Ciencias Sociales,Ciencias Sociales,UNIVERSIDAD MANUELA BELTRAN,IES,,,142,0122-7017,enterese,CO,2026-09-12,consolidado,01a72916da81b473,,,,,,,,,0,,,,,,,,,,,,,,,,,,,,,,,,,,,,,,,,,,,,,,,,,,,,,,,,,,,,,,,,,,,,,,,,,100.0,imputado,['publindex'],mediana_global,False,1,,,True,,2026-09-12
2145-6836,,,Expeditio,2012,C,No disponible,No disponible,No disponible,No disponible,,No registra,Otras Ciencias Sociales,Ciencias Sociales,UNIVERSIDAD JORGE TADEO LOZANO,IES,,,858,2145-6836,expeditio,,2026-09-12,consolidado,6bb118536c09b4fd,,,,,,,,,0,,,,,,,,,,,,,,,,,,,,,,,,,,,,,,,,,,,,,,,,,,,,,,,,,,,,,,,,,,,,,,,,,100.0,imputado,['publindex'],mediana_global,False,1,,,False,,2026-09-12
1909-258X,,,Revista Especializada En Sistemas Informáticos,2012,C,Colombia,Centro Oriente,Santander,Bucaramanga,68001,No registra,Computación y Ciencias de la Información,Ciencias Naturales,UNIDADES TECNOLOGICAS DE SANTANDER,IES,,,"1,070",1909-258X,especializada sistemas informaticos,CO,2026-09-12,consolidado,feddc2865486b427,,,,,,,,,0,,,,,,,,,,,,,,,,,,,,,,,,,,,,,,,,,,,,,,,,,,,,,,,,,,,,,,,,,,,,,,,,,100.0,imputado,['publindex'],mediana_global,False,1,,,True,,2026-09-12
1692-3502,,,Ensayos. Historia Y Teoría Del Arte,2012,C,Colombia,Distrito Capital,"Bogotá, D. C.","Bogotá, D.C.",11001,No registra,Otras Ciencias Sociales,Ciencias Sociales,UNIVERSIDAD NACIONAL DE COLOMBIA,IES,,,337,1692-3502,ensayos historia teoria arte,CO,2026-09-12,consolidado,751691a0c27bd65f,,,,,,,,,0,,,,,,,,,,,,,,,,,,,,,,,,,,,,,,,,,,,,,,,,,,,,,,,,,,,,,,,,,,,,,,,,,100.0,imputado,['publindex'],mediana_global,False,1,,,True,,2026-09-12
0122-3641,,,Ingenieria Y Desarrollo,2012,A2,Colombia,Caribe,Atlántico,No disponible,08,No registra,Otras Ingenierías y Tecnologías,Ingeniería y Tecnología,FUNDACION UNIVERSIDAD DEL NORTE,IES,,,,0122-3641,ingenieria desarrollo,CO,2026-09-12,consolidado,08aeba4e6efad8e2,,,,,,,,,0,,,,,,,,,,,,,,,,,,,,,,,,,,,,,,,,,,,,,,,,,,,,,,,,,,,,,,,,,,,,,,,,,100.0,imputado,['publindex'],mediana_global,False,3,,,True,,2026-09-12
1794-4732,,,Ustasalud Oftometria,2012,C,Colombia,Centro Oriente,Santander,Bucaramanga,68001,No registra,Medicina Clínica,Ciencias Médicas y de la Salud,UNIVERSIDAD SANTO TOMAS,IES,,,618,1794-4732,ustasalud oftometria,CO,2026-09-12,consolidado,ac64ec3bee5ef2da,,,,,,,,,0,,,,,,,,,,,,,,,,,,,,,,,,,,,,,,,,,,,,,,,,,,,,,,,,,,,,,,,,,,,,,,,,,100.0,imputado,['publindex'],mediana_area,False,1,,,True,,2026-09-12
0124-7972,,,Holística Jurídica,2012,C,No disponible,No disponible,No disponible,No disponible,,No registra,Derecho,Ciencias Sociales,UNIVERSIDAD DE SAN BUENAVENTURA CALI,IES,,,893,0124-7972,holistica juridica,,2026-09-12,consolidado,4052c8bba8deef17,,,,,,,,,0,,,,,,,,,,,,,,,,,,,,,,,,,,,,,,,,,,,,,,,,,,,,,,,,,,,,,,,,,,,,,,,,,100.0,imputado,['publindex'],mediana_global,False,1,,,False,,2026-09-12
2027-8047,,,Una Salud Revista Sapuvet De Salud Pública,2012,C,Colombia,Distrito Capital,"Bogotá, D. C.","Bogotá, D.C.",11001,No registra,Ciencias de la Salud,Ciencias Médicas y de la Salud,UNIVERSIDAD DE LA SALLE,IES,,,976,2027-8047,una salud sapuvet salud publica,CO,2026-09-12,consolidado,acf3d494294659d5,,,,,,,,,0,,,,,,,,,,,,,,,,,,,,,,,,,,,,,,,,,,,,,,,,,,,,,,,,,,,,,,,,,,,,,,,,,100.0,imputado,['publindex'],mediana_area,False,1,,,True,,2026-09-12
0123-2592,,,Dialéctica,2012,C,Colombia,Distrito Capital,"Bogotá, D. C.","Bogotá, D.C.",11001,No registra,Otras Ciencias Sociales,Ciencias Sociales,FUNDACION UNIVERSITARIA COMPENSAR,IES,,,"1,111",0123-2592,dialectica,CO,2026-09-12,consolidado,974eee133bb7f744,,,,,,,,,0,,,,,,,,,,,,,,,,,,,,,,,,,,,,,,,,,,,,,,,,,,,,,,,,,,,,,,,,,,,,,,,,,100.0,imputado,['publindex'],mediana_global,False,1,,,True,,2026-09-12
1657-7663,,,Avances En Sistema E Informática,2012,C,No disponible,No disponible,No disponible,No disponible,,Ciencias de la Computación,Computación y Ciencias de la Información,Ciencias Naturales,UNIVERSIDAD NACIONAL DE COLOMBIA,IES,,,740,1657-7663,avances sistema e informatica,,2026-09-12,consolidado,7afb7a8db80ad90e,,,,,,,,,0,,,,,,,,,,,,,,,,,,,,,,,,,,,,,,,,,,,,,,,,,,,,,,,,,,,,,,,,,,,,,,,,,100.0,imputado,['publindex'],mediana_global,False,1,,,False,,2026-09-12
2145-1389,,,Signos,2012,C,No disponible,No disponible,No disponible,No disponible,,No registra,Otras Ciencias Sociales,Ciencias Sociales,UNIVERSIDAD SANTO TOMAS,IES,,,828,2145-1389,signos,,2026-09-12,consolidado,224070d6c4d855db,,,,,,,,,0,,,,,,,,,,,,,,https://revistas.usantotomas.edu.co/index.php/signos/index,https://doaj.org/toc/2bbbf92ed0e94ed298276274fa3636fd,2009,Signos - Investigación en Sistemas de Gestión,2145-1389,2463-1140,"['administration' 'enviroment' 'sustanability' 'business'
 'quality management']",['Spanish'],Colombia,,,CC BY-NC-SA,,https://revistas.usantotomas.edu.co/index.php/signos/about/submissions#copyrightNotice,,False,https://revistas.usantotomas.edu.co/index.php/signos/about,Double anonymous peer review,https://revistas.usantotomas.edu.co/index.php/signos/about,False,https://revistas.usantotomas.edu.co/index.php/signos/about,https://revistas.usantotomas.edu.co/index.php/signos/about/editorialTeam,https://revistas.usantotomas.edu.co/index.php/signos/about/submissions#copyrightNotice,20,False,https://revistas.usantotomas.edu.co/index.php/signos/about,False,,False,,,,,Open Policy Finder,https://openpolicyfinder.jisc.ac.uk/id/publication/39662,DOI,True,,,HF5001-6182,False,No,No,Social Sciences: Commerce: Business,2019-03-28,2026-06-18,2024-04-27,347,2026-06-19,,,100.0,imputado,['publindex'],mediana_global,False,1,,,False,False,2026-09-12
0120-1363,,,Revista Escritos,2010,C,Colombia,Eje Cafetero,Antioquia,Medellín,05001,No registra,Otras Humanidades,Humanidades,UNIVERSIDAD PONTIFICIA BOLIVARIANA,IES,,,,0120-1363,escritos,CO,2026-09-12,consolidado,2cfa709ea3fb3525,,,,,,,,,0,,,,,,,,,,,,,,,,,,,,,,,,,,,,,,,,,,,,,,,,,,,,,,,,,,,,,,,,,,,,,,,,,100.0,imputado,['publindex'],mediana_global,False,1,,,True,,2026-09-12
1900-1355,,,Revista Clepsidra,2010,C,Colombia,Distrito Capital,"Bogotá, D. C.","Bogotá, D.C.",11001,Ingeniería de Producción,Otras Ingenierías y Tecnologías,Ingeniería y Tecnología,UNIVERSIDAD AUTONOMA DE COLOMBIA,IES,,,714,1900-1355,clepsidra,CO,2026-09-12,consolidado,2e35caaaa1d99276,,,,,,,,,0,,,,,,,,,,,,,,,,,,,,,,,,,,,,,,,,,,,,,,,,,,,,,,,,,,,,,,,,,,,,,,,,,100.0,imputado,['publindex'],mediana_global,False,1,,,True,,2026-09-12
1909-9051,,,Puente Revista Cientifica Universidad Pontificia Bolivariana Seccional Bucaramanga,2010,C,Colombia,Eje Cafetero,Antioquia,Medellín,05001,No registra,Otras Ingenierías y Tecnologías,Ingeniería y Tecnología,UNIVERSIDAD PONTIFICIA BOLIVARIANA,IES,,,,1909-9051,puente cientifica universidad pontificia bolivariana seccional bucaramanga,CO,2026-09-12,consolidado,69256ece89af9cc9,,,,,,,,,0,,,,,,,,,,,,,,,,,,,,,,,,,,,,,,,,,,,,,,,,,,,,,,,,,,,,,,,,,,,,,,,,,100.0,imputado,['publindex'],mediana_global,False,1,,,True,,2026-09-12
1794-8614,,,El Artista / The Artist,2010,C,Colombia,Distrito Capital,"Bogotá, D. C.","Bogotá, D.C.",11001,No registra,Arte,Humanidades,UNIVERSIDAD DE PAMPLONA,IES,,,735,1794-8614,artista artist,CO,2026-09-12,consolidado,b43c40bc02ec7e7b,,,,,,,,,0,,,,,,,,,,,,,,,,,,,,,,,,,,,,,,,,,,,,,,,,,,,,,,,,,,,,,,,,,,,,,,,,,100.0,imputado,['publindex'],mediana_global,False,1,,,True,,2026-09-12
1657-2416,,,Zona Próxima,2010,C,No disponible,No disponible,No disponible,No disponible,,No registra,Otras Ciencias Sociales,Ciencias Sociales,FUNDACION UNIVERSIDAD DEL NORTE,IES,,,,1657-2416,zona proxima,,2026-09-12,consolidado,1ac46bb8e51981ab,,,,,,,,,0,,,,,,,,,,,,,,,,,,,,,,,,,,,,,,,,,,,,,,,,,,,,,,,,,,,,,,,,,,,,,,,,,100.0,imputado,['publindex'],mediana_global,False,1,,,False,,2026-09-12
0122-011X,,,"Literatura : Teoría, Historia, Crítica",2010,C,Colombia,Distrito Capital,"Bogotá, D. C.","Bogotá, D.C.",11001,No registra,Idiomas y Literatura,Humanidades,UNIVERSIDAD NACIONAL DE COLOMBIA,IES,,,,0122-011X,literatura teoria historia critica,CO,2026-09-12,consolidado,5abcb5380c3f15df,,,,,,,,,0,,,,,,,,,,,,,,,,,,,,,,,,,,,,,,,,,,,,,,,,,,,,,,,,,,,,,,,,,,,,,,,,,100.0,imputado,['publindex'],mediana_global,False,1,,,True,,2026-09-12
1692-8857,,,Eidos,2010,B,No disponible,No disponible,No disponible,No disponible,,Filosofía,Otras Humanidades,Humanidades,FUNDACION UNIVERSIDAD DEL NORTE,IES,,,496,1692-8857,eidos,,2026-09-12,consolidado,cc33643540ec416b,159.0,6000170071,journal,Universidad del Norte,True,True,0.113,Q3,2,5.0,43.0,41.0,1223.0,4.0,36.0,0.1,28.44,0.3243,0.0,2012-2025,Philosophy (Q3),Arts and Humanities,,,,,,,,,,,,,,,,,,,,,,,,,,,,,,,,,,,,,,,,,,,,,,,,,,,,100.0,imputado,['publindex'],mediana_global,False,2,0.0975609756097561,0.1236323851203501,False,,2026-09-12
0121-3261,,,Investigación & Desarrollo,2010,A2,Colombia,Caribe,Atlántico,Barranquilla,08001,No registra,Otras Humanidades,Humanidades,FUNDACION UNIVERSIDAD DEL NORTE,IES,,,304,0121-3261,investigacion desarrollo,CO,2026-09-12,consolidado,8715bb1f7b617b11,,,,,,,,,0,,,,,,,,,,,,,,http://rcientificas.uninorte.edu.co/index.php/investigacion/index,https://doaj.org/toc/6581e75a0e0f4d6c8a0a1d0d8a5e9f08,1990,,0121-3261,2011-7574,"['equity' 'culture' 'inclusion' 'populations' 'social development'
 'human development']",['English' 'Spanish' 'Portuguese'],Colombia,,,CC BY,,http://rcientificas.uninorte.edu.co/index.php/investigacion/about/submissions,,False,http://rcientificas.uninorte.edu.co/index.php/investigacion/about/submissions,Double anonymous peer review,http://rcientificas.uninorte.edu.co/index.php/investigacion/about,False,http://rcientificas.uninorte.edu.co/index.php/investigacion/about,http://rcientificas.uninorte.edu.co/index.php/investigacion/about/editorialTeam,http://rcientificas.uninorte.edu.co/index.php/investigacion/information/authors,24,False,http://rcientificas.uninorte.edu.co/index.php/investigacion/about,False,,False,,,,,,,,True,,,H,False,No,No,Social Sciences,2016-10-05,2021-05-17,2021-05-17,376,2017-05-04,,,100.0,imputado,['publindex'],mediana_global,False,3,,,True,False,2026-09-12
1900-5121,,,Tipica: Boletin Electronico De Salud Escolar,2010,C,No disponible,No disponible,No disponible,No disponible,,Salud Pública,Ciencias de la Salud,Ciencias Médicas y de la Salud,ASOCIACION COLOMBIANA DE PSICOLOGIA DE LA SALUD,Otras,,,986,1900-5121,tipica boletin electronico salud escolar,,2026-09-12,consolidado,6294e1703ef66ae6,,,,,,,,,0,,,,,,,,,,,,,,,,,,,,,,,,,,,,,,,,,,,,,,,,,,,,,,,,,,,,,,,,,,,,,,,,,100.0,imputado,['publindex'],mediana_area,False,1,,,False,,2026-09-12
0123-4676,,,Fronteras De La Historia,2010,B,No disponible,No disponible,No disponible,No disponible,,Historia,Historia y Arqueología,Humanidades,INSTITUTO COLOMBIANO DE ANTROPOLOGIA E HISTORIA ICANH,Entidades de Gobierno,,,214,0123-4676,fronteras historia,,2026-09-12,consolidado,8324bf9540b8dafa,,,,,,,,,0,,,,,,,,,,,,,,,,,,,,,,,,,,,,,,,,,,,,,,,,,,,,,,,,,,,,,,,,,,,,,,,,,100.0,imputado,['publindex'],mediana_global,False,2,,,False,,2026-09-12
0121-5132,,,Revista De La Escuela Colombiana De Ingeniería,2010,C,No disponible,No disponible,No disponible,No disponible,,No registra,Otras Ingenierías y Tecnologías,Ingeniería y Tecnología,ESCUELA COLOMBIANA DE INGENIERIA JULIO GARAVITO,IES,,,351,0121-5132,escuela colombiana ingenieria,,2026-09-12,consolidado,7115377c69a6e94c,,,,,,,,,0,,,,,,,,,,,,,,,,,,,,,,,,,,,,,,,,,,,,,,,,,,,,,,,,,,,,,,,,,,,,,,,,,100.0,imputado,['publindex'],mediana_global,False,1,,,False,,2026-09-12
0120-5552,,,Salud Uninorte,2010,A2,Colombia,Caribe,Atlántico,Barranquilla,08001,No registra,Ciencias de la Salud,Ciencias Médicas y de la Salud,FUNDACION UNIVERSIDAD DEL NORTE,IES,,,502,0120-5552,salud uninorte,CO,2026-09-12,consolidado,1bb07ceb7e08f2f8,,,,,,,,,0,,,,,,,,,,,,,,,,,,,,,,,,,,,,,,,,,,,,,,,,,,,,,,,,,,,,,,,,,,,,,,,,,100.0,imputado,['publindex'],mediana_area,False,3,,,True,,2026-09-12
1909-7891,,,Vector,2010,C,Colombia,Eje Cafetero,Caldas,Manizales,17001,No registra,Ingeniería Civil,Ingeniería y Tecnología,UNIVERSIDAD DE CALDAS,IES,,,"1,110",1909-7891,vector,CO,2026-09-12,consolidado,8d82f1ad81510568,,,,,,,,,0,,,,,,,,,,,,,,,,,,,,,,,,,,,,,,,,,,,,,,,,,,,,,,,,,,,,,,,,,,,,,,,,,100.0,imputado,['publindex'],mediana_global,False,1,,,True,,2026-09-12
1692-3103,,,Revista De La Maestría De Derecho Económico,2010,B,No disponible,No disponible,No disponible,No disponible,,Derecho,Derecho,Ciencias Sociales,PONTIFICIA UNIVERSIDAD JAVERIANA,IES,,,792,1692-3103,maestria derecho economico,,2026-09-12,consolidado,b60a17e0dbfc2449,,,,,,,,,0,,,,,,,,,,,,,,,,,,,,,,,,,,,,,,,,,,,,,,,,,,,,,,,,,,,,,,,,,,,,,,,,,100.0,imputado,['publindex'],mediana_global,False,2,,,False,,2026-09-12
0120-6680,,,Revista Logos,2010,C,Colombia,Distrito Capital,"Bogotá, D. C.","Bogotá, D.C.",11001,Filosofía,Otras Humanidades,Humanidades,UNIVERSIDAD DE LA SALLE,IES,,,532,0120-6680,logos,CO,2026-09-12,consolidado,518892ce352da3e2,,,,,,,,,0,,,,,,,,,,,,,,,,,,,,,,,,,,,,,,,,,,,,,,,,,,,,,,,,,,,,,,,,,,,,,,,,,100.0,imputado,['publindex'],mediana_global,False,1,,,True,,2026-09-12
0123-417X,,,Psicología Desde El Caribe,2010,A2,Colombia,Caribe,Atlántico,Barranquilla,08001,"Psicología (Incluye Terapias de Aprendizaje, Habla, Visual y Otras Discapacidades Físicas y Mentales)",Psicología,Ciencias Sociales,FUNDACION UNIVERSIDAD DEL NORTE,IES,,,936,0123-417X,psicologia desde caribe,CO,2026-09-12,consolidado,ca60771d9e7a7d0a,,,,,,,,,0,,,,,,,,,,,,,,,,,,,,,,,,,,,,,,,,,,,,,,,,,,,,,,,,,,,,,,,,,,,,,,,,,100.0,imputado,['publindex'],mediana_global,False,3,,,True,,2026-09-12
1657-5946,,,"Economía, Gestión Y Desarrollo",2010,C,No disponible,No disponible,No disponible,No disponible,,Economía,Economía y Negocios,Ciencias Sociales,PONTIFICIA UNIVERSIDAD JAVERIANA,IES,,,"1,159",1657-5946,economia gestion desarrollo,,2026-09-12,consolidado,28544aab46cecef2,,,,,,,,,0,,,,,,,,,,,,,,,,,,,,,,,,,,,,,,,,,,,,,,,,,,,,,,,,,,,,,,,,,,,,,,,,,100.0,imputado,['publindex'],mediana_global,False,1,,,False,,2026-09-12
0120-9833,,,Energética,2010,C,Colombia,Eje Cafetero,Caldas,Manizales,17001,No registra,Ingeniería Ambiental,Ingeniería y Tecnología,UNIVERSIDAD NACIONAL DE COLOMBIA,IES,,,299,0120-9833,energetica,CO,2026-09-12,consolidado,016b8c1cd9eb7d6e,,,,,,,,,0,,,,,,,,,,,,,,,,,,,,,,,,,,,,,,,,,,,,,,,,,,,,,,,,,,,,,,,,,,,,,,,,,100.0,imputado,['publindex'],mediana_global,False,1,,,True,,2026-09-12
0120-341X,,,Revista Universidad Eafit,2010,C,No disponible,No disponible,No disponible,No disponible,,No registra,Otras Ciencias Sociales,Ciencias Sociales,UNIVERSIDAD EAFIT,IES,,,256,0120-341X,universidad eafit,,2026-09-12,consolidado,4425ed28aa8a40d1,,,,,,,,,0,,,,,,,,,,,,,,,,,,,,,,,,,,,,,,,,,,,,,,,,,,,,,,,,,,,,,,,,,,,,,,,,,100.0,imputado,['publindex'],mediana_global,False,1,,,False,,2026-09-12
1692-3901,,,Economía Y Desarrollo,2010,C,Colombia,Distrito Capital,"Bogotá, D. C.","Bogotá, D.C.",11001,Economía,Economía y Negocios,Ciencias Sociales,UNIVERSIDAD AUTONOMA DE COLOMBIA,IES,,,286,1692-3901,economia desarrollo,CO,2026-09-12,consolidado,184202b59b7c6ed0,,,,,,,,,0,,,,,,,,,,,,,,,,,,,,,,,,,,,,,,,,,,,,,,,,,,,,,,,,,,,,,,,,,,,,,,,,,100.0,imputado,['publindex'],mediana_global,False,1,,,True,,2026-09-12
0122-3461,,,Ingeniería & Desarrollo,2010,A2,Colombia,Caribe,Atlántico,Barranquilla,08001,Otras Ingenierías y Tecnologías,Otras Ingenierías y Tecnologías,Ingeniería y Tecnología,FUNDACION UNIVERSIDAD DEL NORTE,IES,,,243,0122-3461,ingenieria desarrollo,CO,2026-09-12,consolidado,77a69c2c5e09b940,,,,,,,,,0,,,,,,,,,,,,,,,,,,,,,,,,,,,,,,,,,,,,,,,,,,,,,,,,,,,,,,,,,,,,,,,,,100.0,imputado,['publindex'],mediana_global,False,3,,,True,,2026-09-12
0121-5701,,,Avances En Recursos Hidráulicos,2010,C,No disponible,No disponible,No disponible,No disponible,,Geología,Ciencias de la Tierra y Medioambientales,Ciencias Naturales,UNIVERSIDAD NACIONAL DE COLOMBIA,IES,,,254,0121-5701,avances recursos hidraulicos,,2026-09-12,consolidado,1723d44afa24fe5c,,,,,,,,,0,,,,,,,,,,,,,,,,,,,,,,,,,,,,,,,,,,,,,,,,,,,,,,,,,,,,,,,,,,,,,,,,,100.0,imputado,['publindex'],mediana_global,False,1,,,False,,2026-09-12
0120-4130,,,Poligramas,2009,C,Colombia,Pacífico,Valle del Cauca,Cali,76001,Teoría Literaria,Idiomas y Literatura,Humanidades,UNIVERSIDAD DEL VALLE,IES,,,"1,311",0120-4130,poligramas,CO,2026-09-12,consolidado,f935d9ece0d1ef15,,,,,,,,,0,,,,,,,,,,,,,,http://poligramas.univalle.edu.co/index.php/poligramas/index,https://doaj.org/toc/f2411d36da5f4c78aba6e88b721458f9,2015,,0120-4130,2590-9207,"['literature' 'literary criticism' 'literary theory' 'literary history'
 'latinamerican literature']",['Spanish'],Colombia,Universidad del Valle,,CC BY-NC-SA,,https://poligramas.univalle.edu.co/index.php/poligramas/about#PoliticasAcceso,,False,https://poligramas.univalle.edu.co/index.php/poligramas/derechodeautor,Double anonymous peer review,https://poligramas.univalle.edu.co/index.php/poligramas/about#ProcesoEditorial,True,https://poligramas.univalle.edu.co/index.php/poligramas/about,http://poligramas.univalle.edu.co/index.php/poligramas/about/editorialTeam,https://poligramas.univalle.edu.co/index.php/poligramas/information/authors,10,False,https://poligramas.univalle.edu.co/index.php/poligramas/about#PoliticasAcceso,False,,False,,PKP PN,,https://portal.issn.org/resource/ISSN/2590-9207,,,DOI,True,,,P|PQ1-3999,False,No,No,Language and Literature: French literature - Italian literature - Spanish literature - Portuguese literature,2018-06-22,2026-07-08,2026-04-21,374,2026-08-05,,,100.0,imputado,['publindex'],mediana_global,False,1,,,True,True,2026-09-12
1692-0880,,,Medicina,2009,C,Colombia,Caribe,Córdoba,Montería,23001,No registra,Medicina Clínica,Ciencias Médicas y de la Salud,UNIVERSIDAD DEL SINU ELIAS BECHARA ZAINUM,IES,,,615,1692-0880,medicina,CO,2026-09-12,consolidado,5f3abdde2e3970e4,,,,,,,,,0,,,,,,,,,,,,,,,,,,,,,,,,,,,,,,,,,,,,,,,,,,,,,,,,,,,,,,,,,,,,,,,,,100.0,imputado,['publindex'],mediana_area,False,1,,,True,,2026-09-12
0123-2304,,,Temas Y Reflexiones,2009,C,Colombia,Centro Sur,Tolima,Ibagué,73001,Otras Humanidades,Otras Humanidades,Humanidades,UNIVERSIDAD DE IBAGUE,IES,,,46,0123-2304,temas reflexiones,CO,2026-09-12,consolidado,721a08ed1e6d8b68,,,,,,,,,0,,,,,,,,,,,,,,,,,,,,,,,,,,,,,,,,,,,,,,,,,,,,,,,,,,,,,,,,,,,,,,,,,100.0,imputado,['publindex'],mediana_global,False,1,,,True,,2026-09-12
1657-480X,,,Boletín Del Observatorio Colombiano De Energía,2009,C,Colombia,Distrito Capital,"Bogotá, D. C.","Bogotá, D.C.",11001,No registra,Ingeniería Ambiental,Ingeniería y Tecnología,UNIVERSIDAD NACIONAL DE COLOMBIA,IES,,,589,1657-480X,boletin observatorio colombiano energia,CO,2026-09-12,consolidado,54efb7f0507019f2,,,,,,,,,0,,,,,,,,,,,,,,,,,,,,,,,,,,,,,,,,,,,,,,,,,,,,,,,,,,,,,,,,,,,,,,,,,100.0,imputado,['publindex'],mediana_global,False,1,,,True,,2026-09-12
0120-856X,,,Revista Colombiana De Cirugía,2008,B,Colombia,No disponible,No disponible,No disponible,,No registra,Medicina Clínica,Ciencias Médicas y de la Salud,SOCIEDAD COLOMBIANA DE CIRUGIA,Otras,,,,0120-856X,colombiana cirugia,CO,2026-09-12,consolidado,df29a190f71f1682,,,,,,,,,0,,,,,,,,,,,,,,,,,,,,,,,,,,,,,,,,,,,,,,,,,,,,,,,,,,,,,,,,,,,,,,,,,100.0,imputado,['publindex'],mediana_area,False,2,,,True,,2026-09-12
0121-3423,,,Boletín Científico Cccp,2008,C,Colombia,Pacífico,Nariño,San Andrés de Tumaco,52835,"Oceanografía, Hidrología y Recursos del Agua",Ciencias de la Tierra y Medioambientales,Ciencias Naturales,CENTRO CONTROL CONTAMINACION DEL PACIFICO CCCP,Centros,,,405,0121-3423,boletin cientifico cccp,CO,2026-09-12,consolidado,f9d1ae2b75bd1d8a,,,,,,,,,0,,,,,,,,,,,,,,,,,,,,,,,,,,,,,,,,,,,,,,,,,,,,,,,,,,,,,,,,,,,,,,,,,100.0,imputado,['publindex'],mediana_global,False,1,,,True,,2026-09-12
0123-1286,,,Fitotecnia Colombiana,2008,C,Colombia,Pacífico,Valle del Cauca,Cali,76001,No registra,Otras Ciencias Agrícolas,Ciencias Agrícolas,ASOCIACION COLOMBIANA DE FITOMEJORAMIENTO Y PRODUCCION DE CULTIVOS,Otras,,,434,0123-1286,fitotecnia colombiana,CO,2026-09-12,consolidado,ea9605c3d7eb33d4,,,,,,,,,0,,,,,,,,,,,,,,,,,,,,,,,,,,,,,,,,,,,,,,,,,,,,,,,,,,,,,,,,,,,,,,,,,200.0,imputado,['publindex'],mediana_area,False,1,,,True,,2026-09-12
0122-9534,,,Revista De Medicina Veterinaria,2008,B,Colombia,Distrito Capital,"Bogotá, D. C.","Bogotá, D.C.",11001,No registra,Ciencias Veterinarias,Ciencias Agrícolas,UNIVERSIDAD DE LA SALLE,IES,,,,0122-9534,medicina veterinaria,CO,2026-09-12,consolidado,673091fcc62c088d,,,,,,,,,0,,,,,,,,,,,,,,,,,,,,,,,,,,,,,,,,,,,,,,,,,,,,,,,,,,,,,,,,,,,,,,,,,200.0,imputado,['publindex'],mediana_area,False,2,,,True,,2026-09-12
1657-6772,,,Revista De Investigación,2007,C,No disponible,No disponible,No disponible,No disponible,,No registra,Otras Ciencias Sociales,Ciencias Sociales,UNIVERSIDAD DE LA SALLE,IES,,,71,1657-6772,investigacion,,2026-09-12,consolidado,2caf2ca62788e7a2,,,,,,,,,0,,,,,,,,,,,,,,,,,,,,,,,,,,,,,,,,,,,,,,,,,,,,,,,,,,,,,,,,,,,,,,,,,100.0,imputado,['publindex'],mediana_global,False,1,,,False,,2026-09-12
1012-7410,,,Pasturas Tropicales,2007,C,Colombia,Pacífico,Valle del Cauca,Cali,76001,No registra,Biotecnología Agrícola,Ciencias Agrícolas,CENTRO INTERNACIONAL DE AGRICULTURA TROPICAL,Otras,,,479,1012-7410,pasturas tropicales,CO,2026-09-12,consolidado,f700ea8244f4bee9,,,,,,,,,0,,,,,,,,,,,,,,,,,,,,,,,,,,,,,,,,,,,,,,,,,,,,,,,,,,,,,,,,,,,,,,,,,200.0,imputado,['publindex'],mediana_area,False,1,,,True,,2026-09-12
1657-9526,,,Entreartes,2007,C,No disponible,No disponible,No disponible,No disponible,,Artes plásticas y visuales,Arte,Humanidades,UNIVERSIDAD DEL VALLE,IES,,,483,1657-9526,entreartes,,2026-09-12,consolidado,c3d548fbacd4cfe6,,,,,,,,,0,,,,,,,,,,,,,,,,,,,,,,,,,,,,,,,,,,,,,,,,,,,,,,,,,,,,,,,,,,,,,,,,,100.0,imputado,['publindex'],mediana_global,False,1,,,False,,2026-09-12
1692-6323,,,Revista Institucional De La Facultad De Salud. Clon,2006,C,Colombia,Centro Oriente,Norte de Santander,Pamplona,54518,No registra,Ciencias de la Salud,Ciencias Médicas y de la Salud,UNIVERSIDAD DE PAMPLONA,IES,,,419,1692-6323,institucional facultad salud clon,CO,2026-09-12,consolidado,cbcd759f2e8a1d9c,,,,,,,,,0,,,,,,,,,,,,,,,,,,,,,,,,,,,,,,,,,,,,,,,,,,,,,,,,,,,,,,,,,,,,,,,,,100.0,imputado,['publindex'],mediana_area,False,1,,,True,,2026-09-12
0120-0275,,,Revista Del Centro Nacional De Investigaciones De Café - Cenicafé,2006,C,Colombia,Eje Cafetero,Caldas,Manizales,17001,No registra,"Agricultura, Silvicultura y Pesca",Ciencias Agrícolas,FEDERACION NACIONAL DE CAFETEROS DE COLOMBIA CENTRO NACIONAL DE INVESTIGACIONES DE CAFE CENICAFE,Centros,,,327,0120-0275,centro nacional investigaciones cafe cenicafe,CO,2026-09-12,consolidado,30dc8d52e92f29c2,,,,,,,,,0,,,,,,,,,,,,,,,,,,,,,,,,,,,,,,,,,,,,,,,,,,,,,,,,,,,,,,,,,,,,,,,,,200.0,imputado,['publindex'],mediana_area,False,1,,,True,,2026-09-12
0123-1952,,,Utopía Siglo Xxi,2006,C,Colombia,Eje Cafetero,Antioquia,Medellín,05001,No registra,Historia y Arqueología,Humanidades,UNIVERSIDAD DE ANTIOQUIA,IES,,,300,0123-1952,utopia siglo xxi,CO,2026-09-12,consolidado,6675c754593f9606,,,,,,,,,0,,,,,,,,,,,,,,,,,,,,,,,,,,,,,,,,,,,,,,,,,,,,,,,,,,,,,,,,,,,,,,,,,100.0,imputado,['publindex'],mediana_global,False,1,,,True,,2026-09-12
0121-2532,,,Coyuntura Social,2006,C,No disponible,No disponible,No disponible,No disponible,,No registra,Otras Ciencias Sociales,Ciencias Sociales,FUNDACION PARA LA EDUCACION SUPERIOR Y EL DESARROLLO FEDESARROLLO,Empresas,,,379,0121-2532,coyuntura social,,2026-09-12,consolidado,1dc39871f0f3dd68,,,,,,,,,0,,,,,,,,,,,,,,,,,,,,,,,,,,,,,,,,,,,,,,,,,,,,,,,,,,,,,,,,,,,,,,,,,100.0,imputado,['publindex'],mediana_global,False,1,,,False,,2026-09-12
1657-5636,,,Epiciclos,2005,C,Colombia,Pacífico,Valle del Cauca,Cali,76001,No registra,Otras Ingenierías y Tecnologías,Ingeniería y Tecnología,PONTIFICIA UNIVERSIDAD JAVERIANA,IES,,,478,1657-5636,epiciclos,CO,2026-09-12,consolidado,d8b2275f48d54ff2,,,,,,,,,0,,,,,,,,,,,,,,,,,,,,,,,,,,,,,,,,,,,,,,,,,,,,,,,,,,,,,,,,,,,,,,,,,100.0,imputado,['publindex'],mediana_global,False,1,,,True,,2026-09-12
0121-5299,,,Energía Y Computación,2005,C,No disponible,No disponible,No disponible,No disponible,,No registra,Ingeniería Ambiental,Ingeniería y Tecnología,UNIVERSIDAD DEL VALLE,IES,,,275,0121-5299,energia computacion,,2026-09-12,consolidado,fd48f798d061e371,,,,,,,,,0,,,,,,,,,,,,,,,,,,,,,,,,,,,,,,,,,,,,,,,,,,,,,,,,,,,,,,,,,,,,,,,,,100.0,imputado,['publindex'],mediana_global,False,1,,,False,,2026-09-12
1657-4229,,,Uni-Pluriversidad,2005,C,Colombia,Eje Cafetero,Antioquia,Medellín,05001,No registra,Otras Ciencias Sociales,Ciencias Sociales,UNIVERSIDAD DE ANTIOQUIA,IES,,,,1657-4229,uni pluriversidad,CO,2026-09-12,consolidado,e99fdb511a18a8e5,,,,,,,,,0,,,,,,,,,,,,,,,,,,,,,,,,,,,,,,,,,,,,,,,,,,,,,,,,,,,,,,,,,,,,,,,,,100.0,imputado,['publindex'],mediana_global,False,1,,,True,,2026-09-12
0121-0696,,,Revista De Derecho Privado,2004,C,Colombia,Distrito Capital,"Bogotá, D. C.","Bogotá, D.C.",11001,Derecho,Derecho,Ciencias Sociales,UNIVERSIDAD DE LOS ANDES,IES,,,113,0121-0696,derecho privado,CO,2026-09-12,consolidado,a228928a1cb42b3a,,,,,,,,,0,,,,,,,,,,,,,,,,,,,,,,,,,,,,,,,,,,,,,,,,,,,,,,,,,,,,,,,,,,,,,,,,,100.0,imputado,['publindex'],mediana_global,False,1,,,True,,2026-09-12
0121-2974,,,Geofísica Colombiana,2004,C,Colombia,Distrito Capital,"Bogotá, D. C.","Bogotá, D.C.",11001,No registra,Ciencias de la Tierra y Medioambientales,Ciencias Naturales,UNIVERSIDAD NACIONAL DE COLOMBIA,IES,,,"112,121",0121-2974,geofisica colombiana,CO,2026-09-12,consolidado,bb60d8e403bf0b5e,,,,,,,,,0,,,,,,,,,,,,,,,,,,,,,,,,,,,,,,,,,,,,,,,,,,,,,,,,,,,,,,,,,,,,,,,,,100.0,imputado,['publindex'],mediana_global,False,1,,,True,,2026-09-12
0120-3797,,,Avances En Psicología Clínica Latinoamericana,2004,A2,Colombia,Distrito Capital,"Bogotá, D. C.","Bogotá, D.C.",11001,No registra,Psicología,Ciencias Sociales,FUNDACION PARA EL AVANCE DE LA PSICOLOGIA,Otras,,,,0120-3797,avances psicologia clinica latinoamericana,CO,2026-09-12,consolidado,c3c101ddbf129e5c,,,,,,,,,0,,,,,,,,,,,,,,,,,,,,,,,,,,,,,,,,,,,,,,,,,,,,,,,,,,,,,,,,,,,,,,,,,100.0,imputado,['publindex'],mediana_global,False,3,,,True,,2026-09-12
