2026-09-19 15:45:08,389 [INFO] pipeline: ╔══════════════════════════════════════════════════════════╗
2026-09-19 15:45:08,389 [INFO] pipeline: ║  PIPELINE ETL — Recomendador de Revistas Científicas    ║
2026-09-19 15:45:08,389 [INFO] pipeline: ║  Versión: 1.0.0           Fecha: 2026-09-19 15:45:08       ║
2026-09-19 15:45:08,389 [INFO] pipeline: ╚══════════════════════════════════════════════════════════╝
2026-09-19 15:45:08,390 [INFO] pipeline: 
============================================================
2026-09-19 15:45:08,390 [INFO] pipeline: CAPA PAPERS — Extracción de artículos PDF y tokens normalizados
2026-09-19 15:45:08,390 [INFO] pipeline: ============================================================
2026-09-19 15:45:18,424 [INFO] etl_papers:   0034-7418/RCCQF -55-2 -May-Aug -2026 -Book.pdf: 30 artículo(s) extraído(s)
2026-09-19 15:45:18,575 [INFO] etl_papers:   0034-7426/azraib.pdf: 1 artículo(s) extraído(s)
2026-09-19 15:45:18,799 [INFO] etl_papers:   0034-7426/fer-hji-zer.pdf: 1 artículo(s) extraído(s)
2026-09-19 15:45:18,931 [INFO] etl_papers:   0034-7426/lalili.pdf: 1 artículo(s) extraído(s)
2026-09-19 15:45:19,145 [INFO] etl_papers:   0034-7426/mec-abd-dec.pdf: 1 artículo(s) extraído(s)
2026-09-19 15:45:19,253 [INFO] etl_papers:   0034-7426/rothman.pdf: 1 artículo(s) extraído(s)
2026-09-19 15:45:19,571 [INFO] etl_papers:   0034-7426/talha.pdf: 1 artículo(s) extraído(s)
2026-09-19 15:45:19,610 [INFO] etl_papers:   0072-0992/geocol,+Carta+Editorial.pdf: 1 artículo(s) extraído(s)
2026-09-19 15:45:19,803 [INFO] etl_papers:   0072-0992/geocol,+artículo+2.pdf: 1 artículo(s) extraído(s)
2026-09-19 15:45:19,965 [INFO] etl_papers:   0072-0992/geocol,+artículo+3.pdf: 2 artículo(s) extraído(s)
2026-09-19 15:45:20,074 [INFO] etl_papers:   0072-0992/geocol,+artículo+4.pdf: 2 artículo(s) extraído(s)
2026-09-19 15:45:20,267 [INFO] etl_papers:   0072-0992/geocol,+artículo+5.pdf: 2 artículo(s) extraído(s)
2026-09-19 15:45:20,468 [INFO] etl_papers:   0072-0992/geocol,+artículo+6.pdf: 1 artículo(s) extraído(s)
2026-09-19 15:45:20,851 [INFO] etl_papers:   0120-0283/Análisis+geométrico,+cinemático+y+dinámico+de+estructuras+vetiformes+en+el+sector+SE+del+Distrito+Minero+de+Vetas-California,+Santander,+Colombia.pdf: 2 artículo(s) extraído(s)
2026-09-19 15:45:21,137 [INFO] etl_papers:   0120-0283/Aplicación+de+técnicas+de+clustering+y+machine+learning+en+Google+Earth+Engine+para+detectar+estructuras+asociadas+a+hidrógeno+natural.pdf: 2 artículo(s) extraído(s)
2026-09-19 15:45:21,361 [INFO] etl_papers:   0120-0283/Inversión+conjunta+de+datos+TDEM+de+bajo+y+alto+momento+para+el+mejoramiento+de+los+modelos+del+subsuelo.pdf: 2 artículo(s) extraído(s)
2026-09-19 15:45:21,713 [INFO] etl_papers:   0120-0283/Modelado+hidrológico+en+cuencas+andinas+de+Colombia+bajo+los+escenarios+de+cambio+climático+SSP4.5+y+SSP8.5.pdf: 2 artículo(s) extraído(s)
2026-09-19 15:45:22,002 [INFO] etl_papers:   0120-0283/Predicción+mineralógica+a+partir+de+registros+de+pozos+mediante+aprendizaje+automático.+Estudio+de+caso+de+las+cuencas+del+Valle+Medio+del+Magdalena+y+Catatumbo+(Colombia).pdf: 2 artículo(s) extraído(s)
2026-09-19 15:45:22,317 [INFO] etl_papers:   0120-0283/Venas+hidrotermales+de+barita+en+rocas+metapelíticas+del+suroccidente+del+Macizo+de+Santander,+Colombia_+evidencias+de+ebullición+y+fluidos+moderadamente+salinos+ricos+en+sulfato.pdf: 2 artículo(s) extraído(s)
2026-09-19 15:45:22,475 [INFO] etl_papers:   0120-0380/CatsigerasDOI.pdf: 2 artículo(s) extraído(s)
2026-09-19 15:45:22,576 [INFO] etl_papers:   0120-0380/Goudet-Andrade-Mariano.pdf: 2 artículo(s) extraído(s)
2026-09-19 15:45:22,644 [INFO] etl_papers:   0120-0380/Meleiro-Mariano.pdf: 2 artículo(s) extraído(s)
2026-09-19 15:45:22,740 [INFO] etl_papers:   0120-0380/Tenorio-Mariano.pdf: 1 artículo(s) extraído(s)
2026-09-19 15:45:22,890 [INFO] etl_papers:   0120-0380/carrilloDOI.pdf: 2 artículo(s) extraído(s)
2026-09-19 15:45:23,055 [INFO] etl_papers:   0120-0380/najar.pdf: 6 artículo(s) extraído(s)
2026-09-19 15:45:23,176 [INFO] etl_papers:   0120-0380/siqueira.pdf: 1 artículo(s) extraído(s)
2026-09-19 15:45:23,350 [INFO] etl_papers:   0120-0488/14259-Junio2026 (1).pdf: 2 artículo(s) extraído(s)
2026-09-19 15:45:23,532 [INFO] etl_papers:   0120-0488/14259-Junio2026.pdf: 2 artículo(s) extraído(s)
2026-09-19 15:45:23,655 [INFO] etl_papers:   0120-0488/14342_Thrips_Puno_25iii2026_publicar.pdf: 2 artículo(s) extraído(s)
2026-09-19 15:45:23,845 [INFO] etl_papers:   0120-0488/14363+17+FEB (1).pdf: 2 artículo(s) extraído(s)
2026-09-19 15:45:24,471 [INFO] etl_papers:   0120-0534/0cdd06a7-5db0-4d3a-ae7f-e3d7c75452fa.pdf: 1 artículo(s) extraído(s)
2026-09-19 15:45:24,876 [INFO] etl_papers:   0120-0534/36061cb1-a190-48c7-b922-4ec6424e327f.pdf: 1 artículo(s) extraído(s)
2026-09-19 15:45:25,234 [INFO] etl_papers:   0120-0534/4d2f6389-9d91-4d1b-b5ba-90277d61d908.pdf: 2 artículo(s) extraído(s)
2026-09-19 15:45:25,498 [INFO] etl_papers:   0120-0534/572416c4-fcbc-4faf-a482-1cf6cae9d8ec.pdf: 2 artículo(s) extraído(s)
2026-09-19 15:45:25,749 [INFO] etl_papers:   0120-0534/a01add18-d035-4c33-a257-ee03e7b86a61.pdf: 1 artículo(s) extraído(s)
2026-09-19 15:45:26,007 [INFO] etl_papers:   0120-0534/a031af2b-aab1-4901-b098-315686ab5b51.pdf: 1 artículo(s) extraído(s)
2026-09-19 15:45:26,313 [INFO] etl_papers:   0120-0534/a1c90d59-e93b-4663-925b-97d01218923b.pdf: 2 artículo(s) extraído(s)
2026-09-19 15:45:26,757 [INFO] etl_papers:   0120-0534/b36ec163-3fa3-46a2-ab6d-c36a7e956d9d.pdf: 1 artículo(s) extraído(s)
2026-09-19 15:45:27,101 [INFO] etl_papers:   0120-0534/b624726c-86bf-4f9a-ad12-98070b6058db.pdf: 1 artículo(s) extraído(s)
2026-09-19 15:45:27,368 [INFO] etl_papers:   0120-0534/eca5e543-2b5d-4482-a66a-718ed4e552ff.pdf: 1 artículo(s) extraído(s)
2026-09-19 15:45:27,419 [INFO] etl_papers:   0120-100X/ART+1-38(3)+2025.pdf: 2 artículo(s) extraído(s)
2026-09-19 15:45:27,729 [INFO] etl_papers:   0120-100X/ION_Vol_38N3_25_ART2.pdf: 3 artículo(s) extraído(s)
2026-09-19 15:45:27,951 [INFO] etl_papers:   0120-100X/ION_Vol_38N3_25_ART3+(1).pdf: 3 artículo(s) extraído(s)
2026-09-19 15:45:28,297 [INFO] etl_papers:   0120-100X/ION_Vol_38N3_25_ART4.pdf: 3 artículo(s) extraído(s)
2026-09-19 15:45:28,536 [INFO] etl_papers:   0120-100X/ION_Vol_38N3_25_ART5.pdf: 3 artículo(s) extraído(s)
2026-09-19 15:45:28,944 [INFO] etl_papers:   0120-100X/ION_Vol_38N3_25_ART6.pdf: 3 artículo(s) extraído(s)
2026-09-19 15:45:29,165 [INFO] etl_papers:   0120-131X/Análisis-+postfenomenológico-Inteligencia-Artificial-Cuestiones+Vol+53+No+119.pdf: 2 artículo(s) extraído(s)
2026-09-19 15:45:29,361 [INFO] etl_papers:   0120-131X/Consideración-moral-autómatas-teología-Cuestiones+Vol+53+No+119.pdf: 2 artículo(s) extraído(s)
2026-09-19 15:45:29,634 [INFO] etl_papers:   0120-131X/Cuestiones_n120v53_art08_doctrina_social_iglesia_educacion_ecologia_integral.pdf: 2 artículo(s) extraído(s)
2026-09-19 15:45:29,908 [INFO] etl_papers:   0120-131X/Inteligencia-Artificial-Sagrado-Sentido-de-Vida-Cuestiones+Vol+53+No+119.pdf: 2 artículo(s) extraído(s)
2026-09-19 15:45:30,113 [INFO] etl_papers:   0120-131X/Inteligencia-Artificial-Teología-Espiritualidad-Cuestiones+Vol+53+No+119.pdf: 2 artículo(s) extraído(s)
2026-09-19 15:45:30,190 [INFO] etl_papers:   0120-131X/Inteligencia-Artificial-selección-de-manuscritos-Cuestiones-Vol53-No119.pdf: 2 artículo(s) extraído(s)
2026-09-19 15:45:30,237 [INFO] etl_papers:   0120-131X/Paradoja-teologica-creatividad-artificial-Cuestiones+Vol+53+No+119.pdf: 2 artículo(s) extraído(s)
2026-09-19 15:45:30,296 [INFO] etl_papers:   0120-131X/cuestiones_teologicas_v53n120_art03_literatura_contemplacion_misterio_imaginacion_teologica.pdf: 2 artículo(s) extraído(s)
2026-09-19 15:45:30,348 [INFO] etl_papers:   0120-131X/cuestiones_teológicas_v53n120_art1_sentido_sobrematerialidad.pdf: 2 artículo(s) extraído(s)
2026-09-19 15:45:31,376 [INFO] etl_papers:   0120-2596/4514-1272-PB.pdf: 22 artículo(s) extraído(s)
2026-09-19 15:45:31,422 [INFO] etl_papers:   0120-2952/Rev+Med+Vet+Zoot+72(2)_e121531_Pastorelli.pdf: 1 artículo(s) extraído(s)
2026-09-19 15:45:31,475 [INFO] etl_papers:   0120-2952/Rev+Med+Vet+Zoot+72(3)_e120626_Silva+(2).pdf: 1 artículo(s) extraído(s)
2026-09-19 15:45:31,523 [INFO] etl_papers:   0120-2952/Rev+Med+Vet+Zoot+72(3)_e121043_Perdomo-Ayola.pdf: 2 artículo(s) extraído(s)
2026-09-19 15:45:31,572 [INFO] etl_papers:   0120-2952/Rev+Med+Vet+Zoot+73(1)_e116100_Reátegui+(2).pdf: 1 artículo(s) extraído(s)
2026-09-19 15:45:31,614 [INFO] etl_papers:   0120-2952/Rev+Med+Vet+Zoot+73(1)_e122795_Silva-Igua.pdf: 1 artículo(s) extraído(s)
2026-09-19 15:45:31,666 [INFO] etl_papers:   0120-3630/01_122503.FINAL.pdf: 2 artículo(s) extraído(s)
2026-09-19 15:45:31,755 [INFO] etl_papers:   0120-3630/02_125006.FINAL.pdf: 2 artículo(s) extraído(s)
2026-09-19 15:45:31,927 [INFO] etl_papers:   0120-3630/03_1122602.FINAL.pdf: 2 artículo(s) extraído(s)
2026-09-19 15:45:32,026 [INFO] etl_papers:   0120-3630/04_123035.FINAL.pdf: 2 artículo(s) extraído(s)
2026-09-19 15:45:32,123 [INFO] etl_papers:   0120-3630/05_121702.FINAL.pdf: 2 artículo(s) extraído(s)
2026-09-19 15:45:32,260 [INFO] etl_papers:   0120-3630/06_126481.FINAL.pdf: 2 artículo(s) extraído(s)
2026-09-19 15:45:32,334 [INFO] etl_papers:   0120-3630/07_126164.FINALll.pdf: 2 artículo(s) extraído(s)
2026-09-19 15:45:32,399 [INFO] etl_papers:   0120-3630/08_125470.finalll.pdf: 2 artículo(s) extraído(s)
2026-09-19 15:45:32,458 [INFO] etl_papers:   0120-3630/09_126432.FINALiii.pdf: 2 artículo(s) extraído(s)
2026-09-19 15:45:32,556 [INFO] etl_papers:   0120-3800/Articulo+1+(2025).pdf: 1 artículo(s) extraído(s)
2026-09-19 15:45:32,674 [INFO] etl_papers:   0120-3800/Articulo+2+Maquetado+Rev+19+May+2025.pdf: 1 artículo(s) extraído(s)
2026-09-19 15:45:32,853 [INFO] etl_papers:   0120-3800/Articulo+3+(2025).pdf: 1 artículo(s) extraído(s)
2026-09-19 15:45:32,944 [INFO] etl_papers:   0120-3800/Articulo+4+(2025).pdf: 1 artículo(s) extraído(s)
2026-09-19 15:45:33,005 [INFO] etl_papers:   0120-3800/Articulo+7+(2025).pdf: 1 artículo(s) extraído(s)
2026-09-19 15:45:33,054 [INFO] etl_papers:   0120-3800/Articulo+9+Humor.pdf: 1 artículo(s) extraído(s)
2026-09-19 15:45:33,105 [INFO] etl_papers:   0120-3800/Articulo+9+Maquetado+Final.pdf: 1 artículo(s) extraído(s)
2026-09-19 15:45:33,165 [INFO] etl_papers:   0120-3800/Artículo+5+(2025).pdf: 1 artículo(s) extraído(s)
2026-09-19 15:45:33,230 [INFO] etl_papers:   0120-3800/Artículo+6++(2025).pdf: 1 artículo(s) extraído(s)
2026-09-19 15:45:33,291 [INFO] etl_papers:   0120-3886/Derecho-v55n143-art01-inteligencia-artificial-administracion-justicia-politica-publica.pdf: 2 artículo(s) extraído(s)
2026-09-19 15:45:33,366 [INFO] etl_papers:   0120-3886/Derecho-v55n143-art02-pago-incapacidad-medico-laboral-origen-comun-colombia.pdf: 2 artículo(s) extraído(s)
2026-09-19 15:45:33,445 [INFO] etl_papers:   0120-3886/Derecho-v55n143-art03-digitalización-transfronteriza-superar-barreras-cooperación-judicial-internacional-impunidad-crimen-organizado-transnacional.pdf: 2 artículo(s) extraído(s)
2026-09-19 15:45:33,511 [INFO] etl_papers:   0120-3886/Derecho-v55n143-art05-proporcionalidad-legítima-defensa-ley-2197-de-2022.pdf: 2 artículo(s) extraído(s)
2026-09-19 15:45:33,552 [INFO] etl_papers:   0120-3886/Derecho-v55n143-art4-redistribucionismo-penal-derecho-militar-filosofía.pdf: 2 artículo(s) extraído(s)
2026-09-19 15:45:33,603 [INFO] etl_papers:   0120-419X/Algunas+condiciones+Tauberianas+para+el+producto+de+metódos+de+sumabilidad+ponderada+y+Cesáro+para+sucesiones+triples.pdf: 2 artículo(s) extraído(s)
2026-09-19 15:45:33,640 [INFO] etl_papers:   0120-419X/Análisis+topológico+de+datos+y+su+aplicación+en+mercados+financieros.pdf: 2 artículo(s) extraído(s)
2026-09-19 15:45:33,679 [INFO] etl_papers:   0120-419X/Caracterizaciones+de+la+conexidad+local+mediante+conjuntos+de+no+corte+en+continuos.pdf: 2 artículo(s) extraído(s)
2026-09-19 15:45:33,722 [INFO] etl_papers:   0120-419X/El+efecto+del+aprendizaje+en+la+dinámica+evolutiva+de+la+polinización+por+engaño.pdf: 2 artículo(s) extraído(s)
2026-09-19 15:45:33,775 [INFO] etl_papers:   0120-419X/Polinomios+de+Alexander-Conway+y+bracket+de+una+familia+de+enlaces+pretzel.pdf: 2 artículo(s) extraído(s)
2026-09-19 15:45:33,818 [INFO] etl_papers:   0120-419X/Una+nota+sobre+“contractibilidad”,+“contractibilidad+con+respecto+a”+y+“contractibilidad+en”.pdf: 2 artículo(s) extraído(s)
2026-09-19 15:45:33,862 [INFO] etl_papers:   0120-4211/2936+BISTUA+2025+No1.pdf: 2 artículo(s) extraído(s)
2026-09-19 15:45:33,960 [INFO] etl_papers:   0120-4211/3497+BISTUA+v23i1+2025.pdf: 2 artículo(s) extraído(s)
2026-09-19 15:45:34,012 [INFO] etl_papers:   0120-4211/3563+BISTUA+v23-i1-2025.pdf: 2 artículo(s) extraído(s)
2026-09-19 15:45:34,052 [INFO] etl_papers:   0120-4211/3588+BISTUA+23i1+2025.pdf: 2 artículo(s) extraído(s)
2026-09-19 15:45:34,151 [INFO] etl_papers:   0120-4211/3660+BISTUAv23i1-2025.pdf: 2 artículo(s) extraído(s)
2026-09-19 15:45:34,246 [INFO] etl_papers:   0120-4211/3759+BISTUA+v23i1-2025.pdf: 2 artículo(s) extraído(s)
2026-09-19 15:45:34,353 [INFO] etl_papers:   0120-4211/4032+BISTUA+v23i1-2025.pdf: 2 artículo(s) extraído(s)
2026-09-19 15:45:34,393 [INFO] etl_papers:   0120-4319/UO2025v44n02_Bazan&Fry(Eng+listo).pdf: 2 artículo(s) extraído(s)
2026-09-19 15:45:34,424 [INFO] etl_papers:   0120-4319/UO2025v44n03_Alfaro&Romero(Eng+listo).pdf: 2 artículo(s) extraído(s)
2026-09-19 15:45:34,525 [INFO] etl_papers:   0120-4319/UO2025v44n04_Arevalos_etal(Eng+listo).pdf: 2 artículo(s) extraído(s)
2026-09-19 15:45:34,594 [INFO] etl_papers:   0120-4319/UO2025v44n05_Sotomayor_etal(Eng+listo).pdf: 2 artículo(s) extraído(s)
2026-09-19 15:45:34,672 [INFO] etl_papers:   0120-4319/UO2025v44n06_Morales_etal(Eng+listo).pdf: 2 artículo(s) extraído(s)
2026-09-19 15:45:34,746 [INFO] etl_papers:   0120-4319/UO2025v44n07_Giraldo_etal(Eng+listo).pdf: 2 artículo(s) extraído(s)
2026-09-19 15:45:34,866 [INFO] etl_papers:   0120-4319/UO2025v44n09_Ayala&Paltas(Eng+listo).pdf: 2 artículo(s) extraído(s)
2026-09-19 15:45:34,969 [INFO] etl_papers:   0120-4319/UO2025v44n10_Amaya_etal(Eng+Listo).pdf: 2 artículo(s) extraído(s)
2026-09-19 15:45:35,094 [INFO] etl_papers:   0120-4319/UO2025v44n11_Ortega_etal(Eng+Listo).pdf: 2 artículo(s) extraído(s)
2026-09-19 15:45:35,234 [INFO] etl_papers:   0120-4661/HISTORIA_ESPACIO_66_V22N66a02+(1).pdf: 2 artículo(s) extraído(s)
2026-09-19 15:45:35,366 [INFO] etl_papers:   0120-4661/HISTORIA_ESPACIO_66_V22N66a03+(1).pdf: 2 artículo(s) extraído(s)
2026-09-19 15:45:35,494 [INFO] etl_papers:   0120-4661/HISTORIA_ESPACIO_66_V22N66a04+(1).pdf: 2 artículo(s) extraído(s)
2026-09-19 15:45:35,610 [INFO] etl_papers:   0120-4661/HISTORIA_ESPACIO_66_V22N66a05+(1).pdf: 2 artículo(s) extraído(s)
2026-09-19 15:45:35,685 [INFO] etl_papers:   0120-4661/HISTORIA_ESPACIO_66_V22N66a06+(1).pdf: 2 artículo(s) extraído(s)
2026-09-19 15:45:35,749 [INFO] etl_papers:   0120-4807/upsala6592891002.pdf: 1 artículo(s) extraído(s)
2026-09-19 15:45:35,820 [INFO] etl_papers:   0120-4807/upsala6592891003.pdf: 2 artículo(s) extraído(s)
2026-09-19 15:45:35,889 [INFO] etl_papers:   0120-4807/upsala6592891005.pdf: 2 artículo(s) extraído(s)
2026-09-19 15:45:35,965 [INFO] etl_papers:   0120-4807/upsala6592891007.pdf: 2 artículo(s) extraído(s)
2026-09-19 15:45:36,031 [INFO] etl_papers:   0120-4807/upsala6592891008.pdf: 2 artículo(s) extraído(s)
2026-09-19 15:45:36,069 [INFO] etl_papers:   0120-4874/Revista+45(1)+art+1+chequeo+1.pdf: 2 artículo(s) extraído(s)
2026-09-19 15:45:36,111 [INFO] etl_papers:   0120-4874/Revista+45(1)+art+3+chequeo+1.pdf: 2 artículo(s) extraído(s)
2026-09-19 15:45:36,140 [INFO] etl_papers:   0120-4874/Revista+45(1)+art+4+chequeo+1.pdf: 2 artículo(s) extraído(s)
2026-09-19 15:45:36,200 [INFO] etl_papers:   0120-4874/Revista+45(1)+art+5+chequeo+2.pdf: 2 artículo(s) extraído(s)
2026-09-19 15:45:36,253 [INFO] etl_papers:   0120-548X/118301_Versión_Final_2026.pdf: 2 artículo(s) extraído(s)
2026-09-19 15:45:36,359 [INFO] etl_papers:   0120-548X/119244_Versión_Final.pdf: 2 artículo(s) extraído(s)
2026-09-19 15:45:36,454 [INFO] etl_papers:   0120-548X/122028_Versión_Final.pdf: 2 artículo(s) extraído(s)
2026-09-19 15:45:36,545 [INFO] etl_papers:   0120-548X/122217_Versión_Final_2026.pdf: 2 artículo(s) extraído(s)
2026-09-19 15:45:36,591 [INFO] etl_papers:   0120-548X/122370_Versión_Final_2026.pdf: 2 artículo(s) extraído(s)
2026-09-19 15:45:36,699 [INFO] etl_papers:   0120-548X/123341_Versión_Final_2026.pdf: 2 artículo(s) extraído(s)
2026-09-19 15:45:36,788 [INFO] etl_papers:   0120-548X/123457_Versión_Final.pdf: 1 artículo(s) extraído(s)
2026-09-19 15:45:36,858 [INFO] etl_papers:   0120-548X/124113_Versión_Final_2026.pdf: 2 artículo(s) extraído(s)
2026-09-19 15:45:36,916 [INFO] etl_papers:   0120-548X/124267_Versión_Final_2026.pdf: 2 artículo(s) extraído(s)
2026-09-19 15:45:37,499 [INFO] etl_papers:   0120-5498/med-v47-n2.pdf: 27 artículo(s) extraído(s)
2026-09-19 15:45:37,596 [INFO] etl_papers:   0120-5587/05Edición89.pdf: 2 artículo(s) extraído(s)
2026-09-19 15:45:37,664 [INFO] etl_papers:   0120-5587/06Edición89.pdf: 2 artículo(s) extraído(s)
2026-09-19 15:45:37,751 [INFO] etl_papers:   0120-5587/07Edición89.pdf: 2 artículo(s) extraído(s)
2026-09-19 15:45:37,804 [INFO] etl_papers:   0120-5587/08Edición89.pdf: 2 artículo(s) extraído(s)
2026-09-19 15:45:37,854 [INFO] etl_papers:   0120-5587/09Edición89+(1).pdf: 2 artículo(s) extraído(s)
2026-09-19 15:45:37,920 [INFO] etl_papers:   0120-5587/10Edición89.pdf: 2 artículo(s) extraído(s)
2026-09-19 15:45:38,294 [INFO] etl_papers:   0120-5927/50-36-PB.pdf: 12 artículo(s) extraído(s)
2026-09-19 15:45:38,366 [INFO] etl_papers:   0120-6346/Dialnet-DeterminantesDoCrescimentoEconomicoEmMunicipiosBra-10537749.pdf: 2 artículo(s) extraído(s)
2026-09-19 15:45:38,432 [INFO] etl_papers:   0120-6346/Dialnet-LasExportacionesDepartamentalesColombianasYSusDete-10537750.pdf: 2 artículo(s) extraído(s)
2026-09-19 15:45:38,513 [INFO] etl_papers:   0120-6346/Dialnet-ResilienciaFiscalDeLaRecaudacionPredialAnteChoques-10537751.pdf: 2 artículo(s) extraído(s)
2026-09-19 15:45:38,610 [INFO] etl_papers:   0120-6346/Dialnet-SaldosMonetariosRealesYAportesDesdeLaEconomiaCondu-10537748.pdf: 2 artículo(s) extraído(s)
2026-09-19 15:45:39,309 [INFO] etl_papers:   0120-9957/57-121-PB.pdf: 41 artículo(s) extraído(s)
2026-09-19 15:45:39,347 [INFO] etl_papers:   0121-0319/5-+UIS_RM+V38+N3+-+ART+6.pdf: 2 artículo(s) extraído(s)
2026-09-19 15:45:39,398 [INFO] etl_papers:   0121-0319/6-+UIS_RM+V38+N3+-+ART+5.pdf: 2 artículo(s) extraído(s)
2026-09-19 15:45:39,453 [INFO] etl_papers:   0121-0319/6-+UIS_RM+V38+N3+-+ART+7+(2).pdf: 2 artículo(s) extraído(s)
2026-09-19 15:45:39,494 [INFO] etl_papers:   0121-0319/art-1.pdf: 2 artículo(s) extraído(s)
2026-09-19 15:45:39,530 [INFO] etl_papers:   0121-0319/art-2_publicar-2-10-2025.pdf: 2 artículo(s) extraído(s)
2026-09-19 15:45:39,585 [INFO] etl_papers:   0121-117X/Dialnet-ConcentracionDeLaTierraYSusEfectosSobreElCrecimien-10285228.pdf: 2 artículo(s) extraído(s)
2026-09-19 15:45:39,637 [INFO] etl_papers:   0121-117X/Dialnet-ProductividadComparadaInternacional-10243902.pdf: 2 artículo(s) extraído(s)
2026-09-19 15:45:39,697 [INFO] etl_papers:   0121-117X/Dialnet-TheGlobalValueChainInTheHorticulturalAgroexportEnc-10153103.pdf: 2 artículo(s) extraído(s)
2026-09-19 15:45:39,913 [INFO] etl_papers:   0121-117X/Dialnet-TheLabourTheoryOfValueAndTheProblemsOfOtherTheorie-10153105.pdf: 2 artículo(s) extraído(s)
2026-09-19 15:45:39,981 [INFO] etl_papers:   0121-3814/Ted+59+Art.+17402.pdf: 2 artículo(s) extraído(s)
2026-09-19 15:45:40,038 [INFO] etl_papers:   0121-3814/Ted+59+Art.+21879.pdf: 2 artículo(s) extraído(s)
2026-09-19 15:45:40,105 [INFO] etl_papers:   0121-3814/Ted+59+Art.+22099.pdf: 2 artículo(s) extraído(s)
2026-09-19 15:45:40,160 [INFO] etl_papers:   0121-3814/Ted+59+Art.+22130.pdf: 2 artículo(s) extraído(s)
2026-09-19 15:45:40,233 [INFO] etl_papers:   0121-3814/Ted+59+Art.+22209.pdf: 4 artículo(s) extraído(s)
2026-09-19 15:45:40,295 [INFO] etl_papers:   0121-3814/Ted+59+Art.+22283.pdf: 2 artículo(s) extraído(s)
2026-09-19 15:45:40,350 [INFO] etl_papers:   0121-3814/Ted+59+Art.+22406.pdf: 2 artículo(s) extraído(s)
2026-09-19 15:45:40,412 [INFO] etl_papers:   0121-3814/Ted+59+Art.+22437.pdf: 2 artículo(s) extraído(s)
2026-09-19 15:45:40,480 [INFO] etl_papers:   0121-3814/Ted+59+Art.+22605.pdf: 3 artículo(s) extraído(s)
2026-09-19 15:45:40,543 [INFO] etl_papers:   0121-3814/Ted+59+Art.+22633.pdf: 2 artículo(s) extraído(s)
2026-09-19 15:45:40,611 [INFO] etl_papers:   0121-3814/Ted+59+Art.+22635.pdf: 2 artículo(s) extraído(s)
2026-09-19 15:45:40,671 [INFO] etl_papers:   0121-3814/Ted+59+Art.+22993.pdf: 2 artículo(s) extraído(s)
2026-09-19 15:45:40,738 [INFO] etl_papers:   0121-3814/Ted+59+Art.+23023.pdf: 3 artículo(s) extraído(s)
2026-09-19 15:45:40,822 [INFO] etl_papers:   0121-4705/1_ADNIepri_ok.pdf: 2 artículo(s) extraído(s)
2026-09-19 15:45:40,884 [INFO] etl_papers:   0121-4705/2_FalsBorda_ok.pdf: 2 artículo(s) extraído(s)
2026-09-19 15:45:40,959 [INFO] etl_papers:   0121-4705/3_PazIepri_ok.pdf: 4 artículo(s) extraído(s)
2026-09-19 15:45:41,016 [INFO] etl_papers:   0121-4705/4_TerritorioIepri_ok.pdf: 2 artículo(s) extraído(s)
2026-09-19 15:45:41,082 [INFO] etl_papers:   0121-4705/5_ProcesosPaz_ok.pdf: 2 artículo(s) extraído(s)
2026-09-19 15:45:41,143 [INFO] etl_papers:   0121-4705/6_Testimonio_ok.pdf: 2 artículo(s) extraído(s)
2026-09-19 15:45:41,207 [INFO] etl_papers:   0121-4705/7_Bibliométrico_ok.pdf: 3 artículo(s) extraído(s)
2026-09-19 15:45:41,287 [INFO] etl_papers:   0121-4705/8_Mapeo_ok.pdf: 2 artículo(s) extraído(s)
2026-09-19 15:45:41,377 [INFO] etl_papers:   0121-4705/9_Debatejurídico_ok.pdf: 2 artículo(s) extraído(s)
2026-09-19 15:45:41,469 [INFO] etl_papers:   0121-5051/Art.+1+Matriz+Semáforo+VF_OJS_(21.10.2025).pdf: 2 artículo(s) extraído(s)
2026-09-19 15:45:41,561 [INFO] etl_papers:   0121-5051/Art.+10.+Análise+comparativa+do+nível+de+transparência_VF+OJS_(15.10.2025).pdf: 2 artículo(s) extraído(s)
2026-09-19 15:45:41,656 [INFO] etl_papers:   0121-5051/Art.+2_Componentes+de+la+divulgación+corporativa_VF+OJS_(15.10.2025).pdf: 2 artículo(s) extraído(s)
2026-09-19 15:45:41,728 [INFO] etl_papers:   0121-5051/Art.+3+Enfoques+de+materialidad+aplicados+en+Colombia_VF+OJS_(15.10.2025).pdf: 2 artículo(s) extraído(s)
2026-09-19 15:45:41,808 [INFO] etl_papers:   0121-5051/Art.+4_CSR+Program+with+Religious+Characteristics_VF+OJS_(15.10.2025).pdf: 2 artículo(s) extraído(s)
2026-09-19 15:45:41,894 [INFO] etl_papers:   0121-5051/Art.+5_Combined+Assurance+Models+and+Sustainability+Assurance_VF+OJS_(15.10.2025).pdf: 2 artículo(s) extraído(s)
2026-09-19 15:45:41,984 [INFO] etl_papers:   0121-5051/Art.+6_Los+Reportes+Nacionales+Voluntarios_VF+OJS_(15.10.2025).pdf: 2 artículo(s) extraído(s)
2026-09-19 15:45:42,090 [INFO] etl_papers:   0121-5051/Art.+7_Practicas+de+divulgación+de+sostenibilidad_VF+OJS_(15.10.2025).pdf: 2 artículo(s) extraído(s)
2026-09-19 15:45:42,225 [INFO] etl_papers:   0121-5051/Art.+8_El+trabajo+en+tiempos+de+crisis_VF+OJS_(15.10.2025).pdf: 2 artículo(s) extraído(s)
2026-09-19 15:45:42,326 [INFO] etl_papers:   0121-5051/Art.+9.+La+divulgación+del+capital+intelectual_DiagramadoVF+OJS_(15.10.2025).pdf: 2 artículo(s) extraído(s)
2026-09-19 15:45:42,412 [INFO] etl_papers:   0121-747X/Art10V15N2-162-187.pdf: 2 artículo(s) extraído(s)
2026-09-19 15:45:42,486 [INFO] etl_papers:   0121-747X/Art1V15N2-8-25.pdf: 2 artículo(s) extraído(s)
2026-09-19 15:45:42,529 [INFO] etl_papers:   0121-747X/Art2V15N2-26-40.pdf: 3 artículo(s) extraído(s)
2026-09-19 15:45:42,598 [INFO] etl_papers:   0121-747X/Art3V15N2-41-64.pdf: 2 artículo(s) extraído(s)
2026-09-19 15:45:42,626 [INFO] etl_papers:   0121-747X/Art4V15N2-65-75.pdf: 2 artículo(s) extraído(s)
2026-09-19 15:45:42,650 [INFO] etl_papers:   0121-747X/Art5V15N2-76-84.pdf: 2 artículo(s) extraído(s)
2026-09-19 15:45:42,695 [INFO] etl_papers:   0121-747X/Art6V15N2-85-104.pdf: 2 artículo(s) extraído(s)
2026-09-19 15:45:42,747 [INFO] etl_papers:   0121-747X/Art7V15N2-105-122.pdf: 2 artículo(s) extraído(s)
2026-09-19 15:45:42,783 [INFO] etl_papers:   0121-747X/Art8V15N2-123-135.pdf: 2 artículo(s) extraído(s)
2026-09-19 15:45:42,869 [INFO] etl_papers:   0121-747X/Art9V15N2-136-161.pdf: 2 artículo(s) extraído(s)
2026-09-19 15:45:42,920 [INFO] etl_papers:   0122-5197/ananoguera17,+2.1+Cantero.pdf: 2 artículo(s) extraído(s)
2026-09-19 15:45:43,011 [INFO] etl_papers:   0122-5197/ananoguera17,+2.2+Mora.pdf: 2 artículo(s) extraído(s)
2026-09-19 15:45:43,137 [INFO] etl_papers:   0122-5197/ananoguera17,+2.3+Bonvini.pdf: 2 artículo(s) extraído(s)
2026-09-19 15:45:43,197 [INFO] etl_papers:   0122-5197/ananoguera17,+2.4+Rodríguez.pdf: 2 artículo(s) extraído(s)
2026-09-19 15:45:43,344 [INFO] etl_papers:   0122-5197/ananoguera17,+2.5+Zarama.pdf: 2 artículo(s) extraído(s)
2026-09-19 15:45:43,442 [INFO] etl_papers:   0122-5197/ananoguera17,+2.6+Mansilla,+Muñoz,+Piñones.pdf: 2 artículo(s) extraído(s)
2026-09-19 15:45:43,517 [INFO] etl_papers:   0122-7483/Art-890_Ajem.pdf: 2 artículo(s) extraído(s)
2026-09-19 15:45:43,615 [INFO] etl_papers:   0122-7483/Art-900_Ajem.pdf: 2 artículo(s) extraído(s)
2026-09-19 15:45:43,716 [INFO] etl_papers:   0122-7483/Art-924_ajem.pdf: 2 artículo(s) extraído(s)
2026-09-19 15:45:43,781 [INFO] etl_papers:   0122-7483/Art-939_Ajem.pdf: 2 artículo(s) extraído(s)
2026-09-19 15:45:43,854 [INFO] etl_papers:   0122-7483/Art-954_ajem.pdf: 2 artículo(s) extraído(s)
2026-09-19 15:45:44,370 [INFO] etl_papers:   0122-8803/312-150-PB.pdf: 16 artículo(s) extraído(s)
2026-09-19 15:45:44,442 [INFO] etl_papers:   0122-9729/Dialnet-ConstruccionDisciplinarEnTrabajoSocialUniversidadD-5097456.pdf: 2 artículo(s) extraído(s)
2026-09-19 15:45:44,498 [INFO] etl_papers:   0122-9729/Dialnet-LaImportanciaDeLaHistoriaDelTrabajoSocialParaConst-5097450.pdf: 2 artículo(s) extraído(s)
2026-09-19 15:45:44,540 [INFO] etl_papers:   0122-9729/Dialnet-LasEscuelasDeServicioSocialEnColombia19361958-5097453.pdf: 2 artículo(s) extraído(s)
2026-09-19 15:45:44,577 [INFO] etl_papers:   0122-9729/Dialnet-MemoriasDeUnCorpusBibliograficoParaElEstadoDelArte-5097458.pdf: 2 artículo(s) extraído(s)
2026-09-19 15:45:44,613 [INFO] etl_papers:   0122-9729/Dialnet-TrabajoSocial-5097460.pdf: 2 artículo(s) extraído(s)
2026-09-19 15:45:44,651 [INFO] etl_papers:   0123-3734/Dialnet-EstandaresDeRSE-10585071.pdf: 2 artículo(s) extraído(s)
2026-09-19 15:45:44,688 [INFO] etl_papers:   0123-3734/Dialnet-LaGestionEmpresarialEnElMarcoDeLasIdeasSobreSosten-10585072.pdf: 2 artículo(s) extraído(s)
2026-09-19 15:45:44,729 [INFO] etl_papers:   0123-3734/Dialnet-LaInnovacionYLaVentajaCompetitivaEnEmpresasManufac-10585074.pdf: 2 artículo(s) extraído(s)
2026-09-19 15:45:44,766 [INFO] etl_papers:   0123-4250/791-Texto del artículo-2034-1-10-20250821.pdf: 2 artículo(s) extraído(s)
2026-09-19 15:45:44,809 [INFO] etl_papers:   0123-4250/792-Texto del artículo-2036-1-10-20250821.pdf: 2 artículo(s) extraído(s)
2026-09-19 15:45:44,847 [INFO] etl_papers:   0123-4250/794-Texto del artículo-2038-1-10-20250822.pdf: 4 artículo(s) extraído(s)
2026-09-19 15:45:44,902 [INFO] etl_papers:   0123-4250/795-Texto del artículo-2040-1-10-20250822.pdf: 2 artículo(s) extraído(s)
2026-09-19 15:45:44,964 [INFO] etl_papers:   0123-4471/Virajes+28(1)_1.pdf: 2 artículo(s) extraído(s)
2026-09-19 15:45:45,022 [INFO] etl_papers:   0123-4471/Virajes+28(1)_2.pdf: 2 artículo(s) extraído(s)
2026-09-19 15:45:45,077 [INFO] etl_papers:   0123-4471/Virajes+28(1)_3.pdf: 2 artículo(s) extraído(s)
2026-09-19 15:45:45,128 [INFO] etl_papers:   0123-4471/Virajes+28(1)_4.pdf: 2 artículo(s) extraído(s)
2026-09-19 15:45:45,188 [INFO] etl_papers:   0123-4471/Virajes+28(1)_5.pdf: 2 artículo(s) extraído(s)
2026-09-19 15:45:45,270 [INFO] etl_papers:   0123-4471/Virajes+28(1)_6.pdf: 2 artículo(s) extraído(s)
2026-09-19 15:45:45,334 [INFO] etl_papers:   0123-4471/Virajes+28(1)_7.pdf: 2 artículo(s) extraído(s)
2026-09-19 15:45:45,413 [INFO] etl_papers:   0123-4471/Virajes+28(1)_8.pdf: 2 artículo(s) extraído(s)
2026-09-19 15:45:45,544 [INFO] etl_papers:   0123-4641/22952+V28_N1_Art5_22952+RV1.pdf: 2 artículo(s) extraído(s)
2026-09-19 15:45:45,610 [INFO] etl_papers:   0123-4641/22956+CALJ+28-22956+final.pdf: 2 artículo(s) extraído(s)
2026-09-19 15:45:45,736 [INFO] etl_papers:   0123-4641/23158+V28_N1_Art1_23158+RV2+(1).pdf: 2 artículo(s) extraído(s)
2026-09-19 15:45:45,812 [INFO] etl_papers:   0123-4641/23179+V28_N1_Art3_23179+RV1.pdf: 2 artículo(s) extraído(s)
2026-09-19 15:45:45,889 [INFO] etl_papers:   0123-4641/23270+CALJ+28-23270+Final.pdf: 2 artículo(s) extraído(s)
2026-09-19 15:45:45,965 [INFO] etl_papers:   0123-4641/23285+V28_N1_Art4_23285+RV1.pdf: 2 artículo(s) extraído(s)
2026-09-19 15:45:46,020 [INFO] etl_papers:   0123-4641/23728+CALJ+28-23728+final.pdf: 2 artículo(s) extraído(s)
2026-09-19 15:45:46,061 [INFO] etl_papers:   0123-4641/23869+CALJ+final.pdf: 2 artículo(s) extraído(s)
2026-09-19 15:45:46,124 [INFO] etl_papers:   0123-5362/02-15809-RevEconomiaUR-28-1_ELora.pdf: 2 artículo(s) extraído(s)
2026-09-19 15:45:46,208 [INFO] etl_papers:   0123-5362/03-15759-RevEconomiaUR-28-1_Dcortes.pdf: 2 artículo(s) extraído(s)
2026-09-19 15:45:46,289 [INFO] etl_papers:   0123-5362/03-15766.pdf: 2 artículo(s) extraído(s)
2026-09-19 15:45:46,449 [INFO] etl_papers:   0123-5362/04-16048-RevEconomiaUR-28-1_LCaravaggio.pdf: 2 artículo(s) extraído(s)
2026-09-19 15:45:46,539 [INFO] etl_papers:   0123-5362/15853_final+g.pdf: 1 artículo(s) extraído(s)
2026-09-19 15:45:46,611 [INFO] etl_papers:   0123-5931/TAC_LTHC_28_2-211-243.pdf: 1 artículo(s) extraído(s)
2026-09-19 15:45:46,665 [INFO] etl_papers:   0123-5931/TAC_LTHC_28_2_JUL_1-115-140.pdf: 1 artículo(s) extraído(s)
2026-09-19 15:45:46,755 [INFO] etl_papers:   0123-5931/TAC_LTHC_28_2_JUL_1-141-183.pdf: 1 artículo(s) extraído(s)
2026-09-19 15:45:46,808 [INFO] etl_papers:   0123-5931/TAC_LTHC_28_2_JUL_1-185-210.pdf: 1 artículo(s) extraído(s)
2026-09-19 15:45:46,859 [INFO] etl_papers:   0123-5931/TAC_LTHC_28_2_JUL_1-19-41.pdf: 1 artículo(s) extraído(s)
2026-09-19 15:45:46,933 [INFO] etl_papers:   0123-5931/TAC_LTHC_28_2_JUL_1-43-79.pdf: 1 artículo(s) extraído(s)
2026-09-19 15:45:47,010 [INFO] etl_papers:   0123-5931/TAC_LTHC_28_2_JUL_1-81-114.pdf: 1 artículo(s) extraído(s)
2026-09-19 15:45:47,083 [INFO] etl_papers:   0123-7756/Dialnet-CurriculoSaberYTerritorio-10709970.pdf: 2 artículo(s) extraído(s)
2026-09-19 15:45:47,154 [INFO] etl_papers:   0123-7756/Dialnet-DidacticaDeLaEducacionAmbientalComoMotorDeLaEducac-10709971.pdf: 2 artículo(s) extraído(s)
2026-09-19 15:45:47,224 [INFO] etl_papers:   0123-7756/Dialnet-FormacionDocenteEnCompetenciasDigitalesParaDisenar-10709969.pdf: 2 artículo(s) extraído(s)
2026-09-19 15:45:47,311 [INFO] etl_papers:   0123-7756/Dialnet-ImpactoDeUnaPropuestaDidacticaEnLaAlfabetizacionEn-10709967.pdf: 2 artículo(s) extraído(s)
2026-09-19 15:45:47,416 [INFO] etl_papers:   0123-7756/Dialnet-LaCiudadComoTexto-10709968.pdf: 2 artículo(s) extraído(s)
2026-09-19 15:45:47,516 [INFO] etl_papers:   0123-8884/Dialnet-ElAbordajeCientificoDeLasToxicomaniasYLasVariantes-9921517.pdf: 2 artículo(s) extraído(s)
2026-09-19 15:45:47,611 [INFO] etl_papers:   0123-8884/Dialnet-ElTrabajoPsicoanaliticoEnUnHospitalPublicoBrasilen-9921518.pdf: 3 artículo(s) extraído(s)
2026-09-19 15:45:47,691 [INFO] etl_papers:   0123-8884/Dialnet-ImplicacionesSobreElUsoDelConceptoAdolescenciaEnPs-9921519.pdf: 2 artículo(s) extraído(s)
2026-09-19 15:45:47,752 [INFO] etl_papers:   0123-8884/Dialnet-LaPsicologiaDeLasMasasYAnalisisDelYoEnElDiscursoAc-9921526.pdf: 2 artículo(s) extraído(s)
2026-09-19 15:45:48,337 [INFO] etl_papers:   0123-9015/100-87-PB.pdf: 11 artículo(s) extraído(s)
2026-09-19 15:45:48,389 [INFO] etl_papers:   0124-0021/Dialnet-ArmasASATYNecropoliticaOrbital-10731236.pdf: 2 artículo(s) extraído(s)
2026-09-19 15:45:48,445 [INFO] etl_papers:   0124-0021/Dialnet-BonosDeAgua-10731239.pdf: 2 artículo(s) extraído(s)
2026-09-19 15:45:48,506 [INFO] etl_papers:   0124-0021/Dialnet-ElTribunalConFuncionDeControlDeGarantias-10731237.pdf: 2 artículo(s) extraído(s)
2026-09-19 15:45:48,585 [INFO] etl_papers:   0124-0021/Dialnet-LaExperienciaTeatral-10731238.pdf: 2 artículo(s) extraído(s)
2026-09-19 15:45:48,662 [INFO] etl_papers:   0124-0021/Dialnet-ProyectosREDDYElMercadoDeCarbonoEnColombiaImplicac-10731234.pdf: 2 artículo(s) extraído(s)
2026-09-19 15:45:48,724 [INFO] etl_papers:   0124-0021/Dialnet-ResilienciaComoRespuestaALaAusenciaDelEstado-10731235.pdf: 1 artículo(s) extraído(s)
2026-09-19 15:45:48,793 [INFO] etl_papers:   0124-2121/7882_El+tiempo+histórico,+el+futuro+y+la+utilidad+de+la+historia.pdf: 2 artículo(s) extraído(s)
2026-09-19 15:45:48,873 [INFO] etl_papers:   0124-2121/7918_Evaluación+de+ansiedad+en+estudiantes+universitarios.pdf: 2 artículo(s) extraído(s)
2026-09-19 15:45:48,985 [INFO] etl_papers:   0124-2121/7976_Diseño+artesanal+una+mirada+pedagógica+a+la+transmisión.pdf: 2 artículo(s) extraído(s)
2026-09-19 15:45:49,070 [INFO] etl_papers:   0124-2121/8030_Educación+ambiental+y+derechos+de+la+Amazonia.pdf: 2 artículo(s) extraído(s)
2026-09-19 15:45:49,151 [INFO] etl_papers:   0124-2121/8692-Adaptación+de+profesores+migrante+a+la+cultura.pdf: 2 artículo(s) extraído(s)
2026-09-19 15:45:49,242 [INFO] etl_papers:   0124-2121/8710_Trayectorias+migratorias-educativas+de+estudiantes+venezolanos.pdf: 2 artículo(s) extraído(s)
2026-09-19 15:45:49,845 [INFO] etl_papers:   0124-4108/4324-1151-PB.pdf: 18 artículo(s) extraído(s)
2026-09-19 15:45:49,995 [INFO] etl_papers:   0124-5376/BC-1274.pdf: 2 artículo(s) extraído(s)
2026-09-19 15:45:50,155 [INFO] etl_papers:   0124-5376/BC-1291.pdf: 2 artículo(s) extraído(s)
2026-09-19 15:45:50,246 [INFO] etl_papers:   0124-5376/BC-1304.pdf: 2 artículo(s) extraído(s)
2026-09-19 15:45:50,340 [INFO] etl_papers:   0124-5376/BC-1306.pdf: 2 artículo(s) extraído(s)
2026-09-19 15:45:50,418 [INFO] etl_papers:   0124-5376/BC-1315.pdf: 2 artículo(s) extraído(s)
2026-09-19 15:45:50,594 [INFO] etl_papers:   0124-5376/BC-1316.pdf: 2 artículo(s) extraído(s)
2026-09-19 15:45:50,711 [INFO] etl_papers:   0124-5376/BC-1317.pdf: 2 artículo(s) extraído(s)
2026-09-19 15:45:50,855 [INFO] etl_papers:   0124-5821/Art.+1.pdf: 2 artículo(s) extraído(s)
2026-09-19 15:45:51,003 [INFO] etl_papers:   0124-5821/Art.+10.pdf: 2 artículo(s) extraído(s)
2026-09-19 15:45:51,114 [INFO] etl_papers:   0124-5821/Art.+2.pdf: 2 artículo(s) extraído(s)
2026-09-19 15:45:51,205 [INFO] etl_papers:   0124-5821/Art.+3.pdf: 2 artículo(s) extraído(s)
2026-09-19 15:45:51,328 [INFO] etl_papers:   0124-5821/Art.+4.pdf: 2 artículo(s) extraído(s)
2026-09-19 15:45:51,460 [INFO] etl_papers:   0124-5821/Art.+5.pdf: 2 artículo(s) extraído(s)
2026-09-19 15:45:51,559 [INFO] etl_papers:   0124-5821/Art.+6.pdf: 2 artículo(s) extraído(s)
2026-09-19 15:45:51,637 [INFO] etl_papers:   0124-5821/Art.+7.pdf: 2 artículo(s) extraído(s)
2026-09-19 15:45:51,742 [INFO] etl_papers:   0124-5821/Art.+8.pdf: 2 artículo(s) extraído(s)
2026-09-19 15:45:51,839 [INFO] etl_papers:   0124-5821/Art.+9.pdf: 2 artículo(s) extraído(s)
2026-09-19 15:45:51,964 [INFO] etl_papers:   0124-8170/Dialnet-ClasificacionDeMaduracionDelBananoUsandoModelacion-10775691.pdf: 2 artículo(s) extraído(s)
2026-09-19 15:45:52,134 [INFO] etl_papers:   0124-8170/Dialnet-DesarrolloDeUnPrototipoDeModeloCatastral3DAPartirD-10775688.pdf: 2 artículo(s) extraído(s)
2026-09-19 15:45:52,318 [INFO] etl_papers:   0124-8170/Dialnet-EstimacionDelImpactoEnLaAccesibilidadEspacialDeUnP-10775685.pdf: 2 artículo(s) extraído(s)
2026-09-19 15:45:52,518 [INFO] etl_papers:   0124-8170/Dialnet-InfluenciaDeLosModelosMatematicosEInterpoladoresEn-10775687.pdf: 2 artículo(s) extraído(s)
2026-09-19 15:45:52,628 [INFO] etl_papers:   0124-8170/Dialnet-PrediccionNovedosaDelComportamientoDeColumnaEmpaca-10775686.pdf: 2 artículo(s) extraído(s)
2026-09-19 15:45:52,762 [INFO] etl_papers:   0124-8170/Dialnet-ResiduosDeMaderaEImpactosMedioambientalesEnLaFabri-10775690.pdf: 2 artículo(s) extraído(s)
2026-09-19 15:45:53,216 [INFO] etl_papers:   1657-0448/116-115-PB.pdf: 17 artículo(s) extraído(s)
2026-09-19 15:45:53,337 [INFO] etl_papers:   1657-4206/Ecos+de+Economia+-++Empresas+Multinacionales+Chinas+Efectos+en+la+pobreza+mundial.pdf: 2 artículo(s) extraído(s)
2026-09-19 15:45:53,443 [INFO] etl_papers:   1657-4206/Ecos+de+Economia+-+Impact+of+competition+and+voucher+school+subsidy+law+on+education+quality+in+Chile (1).pdf: 2 artículo(s) extraído(s)
2026-09-19 15:45:53,563 [INFO] etl_papers:   1657-4206/Ecos+de+Economia+-+Impact+of+competition+and+voucher+school+subsidy+law+on+education+quality+in+Chile.pdf: 2 artículo(s) extraído(s)
2026-09-19 15:45:53,761 [INFO] etl_papers:   1657-4206/Ecos+de+Economia+-+Mujeres+emprendedoras+en+America+Latina.pdf: 2 artículo(s) extraído(s)
2026-09-19 15:45:53,882 [INFO] etl_papers:   1657-4206/Ecos+de+Economia+-+RESIDENTIAL+SEGREGATION+EMPIRICAL+EVIDENCE+OF+THE+INFLUENCE+OF+HUMAN+CAPITAL+IN+THE+CITY+OF+ARMENIA,+COLOMBIA.pdf: 2 artículo(s) extraído(s)
2026-09-19 15:45:53,984 [INFO] etl_papers:   1657-4206/Ecos+de+Economia-Un+estudio+de+los+Determinantes+de+la+decisión+de+financiación+a+gran+escala.pdf: 2 artículo(s) extraído(s)
2026-09-19 15:45:54,098 [INFO] etl_papers:   1657-4206/Pricing-Process-in-Mexico-new-evidence.pdf: 2 artículo(s) extraído(s)
2026-09-19 15:45:54,233 [INFO] etl_papers:   1657-4214/dpachecopaz,+327741-Texto+del+art_culo-125932-1-10-20170430_compressed.pdf: 2 artículo(s) extraído(s)
2026-09-19 15:45:54,441 [INFO] etl_papers:   1657-4214/dpachecopaz,+327742-Texto+del+art_culo-125935-1-10-20170430_compressed.pdf: 2 artículo(s) extraído(s)
2026-09-19 15:45:54,533 [INFO] etl_papers:   1657-4214/dpachecopaz,+327743-Texto+del+art_culo-125938-1-10-20170430_compressed.pdf: 2 artículo(s) extraído(s)
2026-09-19 15:45:54,599 [INFO] etl_papers:   1657-4214/dpachecopaz,+327744-Texto+del+art_culo-125941-1-10-20170430_compressed.pdf: 2 artículo(s) extraído(s)
2026-09-19 15:45:54,645 [INFO] etl_papers:   1657-4214/dpachecopaz,+327745-Texto+del+art_culo-125944-1-10-20170430_compressed.pdf: 2 artículo(s) extraído(s)
2026-09-19 15:45:54,664 [INFO] etl_papers:   1657-4214/dpachecopaz,+327746-Texto+del+art_culo-125947-1-10-20170430_compressed.pdf: 1 artículo(s) extraído(s)
2026-09-19 15:45:54,736 [INFO] etl_papers:   1657-463X/Acompañamiento+en+procesos+escolares+para+niñas+y+niños+con+TEA.pdf: 2 artículo(s) extraído(s)
2026-09-19 15:45:54,821 [INFO] etl_papers:   1657-463X/Aplicación+de+la+Metodologia+RAMCODES.pdf: 2 artículo(s) extraído(s)
2026-09-19 15:45:54,896 [INFO] etl_papers:   1657-463X/Carbono+orgánico.pdf: 2 artículo(s) extraído(s)
2026-09-19 15:45:54,953 [INFO] etl_papers:   1657-463X/Di†logos+entre+la+econom°a+solidaria+y+las+nuevas+ruralidades.pdf: 2 artículo(s) extraído(s)
2026-09-19 15:45:54,978 [INFO] etl_papers:   1657-463X/EFEITO+DE+TR“S+ADITIVOS+NA+DIETA+C.pdf: 2 artículo(s) extraído(s)
2026-09-19 15:45:55,042 [INFO] etl_papers:   1657-463X/la+corrupción.pdf: 3 artículo(s) extraído(s)
2026-09-19 15:45:55,386 [INFO] etl_papers:   1657-4702/00_b_editorial_RLB+26(1)+(2).pdf: 1 artículo(s) extraído(s)
2026-09-19 15:45:55,661 [INFO] etl_papers:   1657-4702/01_7109_RLB+26(1)+(2).pdf: 2 artículo(s) extraído(s)
2026-09-19 15:45:56,184 [INFO] etl_papers:   1657-4702/03_7572_RLB+26(1)+(2).pdf: 2 artículo(s) extraído(s)
2026-09-19 15:45:56,357 [INFO] etl_papers:   1657-4702/05_7994_RLB+26(1)+(2).pdf: 2 artículo(s) extraído(s)
2026-09-19 15:45:56,435 [INFO] etl_papers:   1657-4702/06_8027_RLB+26(1)+(3).pdf: 2 artículo(s) extraído(s)
2026-09-19 15:45:56,524 [INFO] etl_papers:   1657-4702/07_8102_RLB+26(1)+(2).pdf: 2 artículo(s) extraído(s)
2026-09-19 15:45:56,579 [INFO] etl_papers:   1657-4702/08_8361_RLB+26(1)+(2).pdf: 2 artículo(s) extraído(s)
2026-09-19 15:45:56,680 [INFO] etl_papers:   1657-7027/10a+(1)(1).pdf: 2 artículo(s) extraído(s)
2026-09-19 15:45:56,764 [INFO] etl_papers:   1657-7027/1a.pdf: 2 artículo(s) extraído(s)
2026-09-19 15:45:56,988 [INFO] etl_papers:   1657-7027/2a.pdf: 2 artículo(s) extraído(s)
2026-09-19 15:45:57,488 [INFO] etl_papers:   1657-7027/3a.pdf: 3 artículo(s) extraído(s)
2026-09-19 15:45:57,575 [INFO] etl_papers:   1657-7027/5a.pdf: 2 artículo(s) extraído(s)
2026-09-19 15:45:57,713 [INFO] etl_papers:   1657-7027/6872842011.pdf: 2 artículo(s) extraído(s)
2026-09-19 15:45:57,839 [INFO] etl_papers:   1657-7027/6872842012.pdf: 2 artículo(s) extraído(s)
2026-09-19 15:45:58,008 [INFO] etl_papers:   1657-7027/6872842013.pdf: 2 artículo(s) extraído(s)
2026-09-19 15:45:58,115 [INFO] etl_papers:   1657-7027/6872842014.pdf: 2 artículo(s) extraído(s)
2026-09-19 15:45:58,221 [INFO] etl_papers:   1657-7027/6872842016.pdf: 2 artículo(s) extraído(s)
2026-09-19 15:45:58,331 [INFO] etl_papers:   1657-7027/6872842017.pdf: 4 artículo(s) extraído(s)
2026-09-19 15:45:58,418 [INFO] etl_papers:   1657-7027/6a.pdf: 2 artículo(s) extraído(s)
2026-09-19 15:45:58,522 [INFO] etl_papers:   1657-7027/7a1.pdf: 2 artículo(s) extraído(s)
2026-09-19 15:45:58,652 [INFO] etl_papers:   1657-7027/8a1.pdf: 2 artículo(s) extraído(s)
2026-09-19 15:45:58,784 [INFO] etl_papers:   1657-7027/9a1.pdf: 2 artículo(s) extraído(s)
2026-09-19 15:45:58,841 [INFO] etl_papers:   1657-7663/mprada,+a01v8n2.pdf: 2 artículo(s) extraído(s)
2026-09-19 15:45:58,912 [INFO] etl_papers:   1657-7663/mprada,+a02v8n2.pdf: 2 artículo(s) extraído(s)
2026-09-19 15:45:58,963 [INFO] etl_papers:   1657-7663/mprada,+a03v8n2.pdf: 2 artículo(s) extraído(s)
2026-09-19 15:45:59,021 [INFO] etl_papers:   1657-7663/mprada,+a04v8n2.pdf: 2 artículo(s) extraído(s)
2026-09-19 15:45:59,076 [INFO] etl_papers:   1657-7663/mprada,+a05v8n2.pdf: 2 artículo(s) extraído(s)
2026-09-19 15:45:59,109 [INFO] etl_papers:   1657-7663/mprada,+a06v8n2.pdf: 2 artículo(s) extraído(s)
2026-09-19 15:45:59,184 [INFO] etl_papers:   1657-7663/mprada,+a07v8n2.pdf: 2 artículo(s) extraído(s)
2026-09-19 15:45:59,318 [INFO] etl_papers:   1657-7663/mprada,+a08v8n2.pdf: 2 artículo(s) extraído(s)
2026-09-19 15:45:59,378 [INFO] etl_papers:   1657-7663/mprada,+a09v8n2.pdf: 2 artículo(s) extraído(s)
2026-09-19 15:45:59,439 [INFO] etl_papers:   1657-7663/mprada,+a10v8n2.pdf: 2 artículo(s) extraído(s)
2026-09-19 15:45:59,478 [INFO] etl_papers:   1657-7663/mprada,+a11v8n2.pdf: 2 artículo(s) extraído(s)
2026-09-19 15:45:59,521 [INFO] etl_papers:   1657-7663/mprada,+a12v8n2.pdf: 2 artículo(s) extraído(s)
2026-09-19 15:45:59,563 [INFO] etl_papers:   1657-7663/mprada,+a13v8n2.pdf: 2 artículo(s) extraído(s)
2026-09-19 15:45:59,603 [INFO] etl_papers:   1657-8236/lileybueno,+Editor_a+de+la+revista,+art1.pdf: 1 artículo(s) extraído(s)
2026-09-19 15:45:59,654 [INFO] etl_papers:   1657-8236/lileybueno,+Editor_a+de+la+revista,+art2.pdf: 1 artículo(s) extraído(s)
2026-09-19 15:45:59,705 [INFO] etl_papers:   1657-8236/lileybueno,+Editor_a+de+la+revista,+art3.pdf: 1 artículo(s) extraído(s)
2026-09-19 15:45:59,769 [INFO] etl_papers:   1657-8236/lileybueno,+Editor_a+de+la+revista,+art4.pdf: 1 artículo(s) extraído(s)
2026-09-19 15:45:59,824 [INFO] etl_papers:   1657-8236/lileybueno,+Editor_a+de+la+revista,+art5.pdf: 2 artículo(s) extraído(s)
2026-09-19 15:45:59,933 [INFO] etl_papers:   1657-8651/Dialnet-DisenoInstitucionalYDiversidadTerritorial-10523159.pdf: 2 artículo(s) extraído(s)
2026-09-19 15:46:00,008 [INFO] etl_papers:   1657-8651/Dialnet-PoliticaComoCienciaYPoliticaComoIdeologia-10523156.pdf: 2 artículo(s) extraído(s)
2026-09-19 15:46:00,127 [INFO] etl_papers:   1657-8651/Dialnet-ProduccionProductividadPresupuestoYOrientacionTema-10523158.pdf: 3 artículo(s) extraído(s)
2026-09-19 15:46:00,214 [INFO] etl_papers:   1657-8651/Dialnet-UnaInterfazPoliticacienciaDesdeElPregrado-10523157.pdf: 2 artículo(s) extraído(s)
2026-09-19 15:46:00,258 [INFO] etl_papers:   1657-9089/Dialnet-CapacidadesDesdeElDesarrolloFamiliar-10601693.pdf: 2 artículo(s) extraído(s)
2026-09-19 15:46:00,296 [INFO] etl_papers:   1657-9089/Dialnet-CazarImaginariosParaArreglarElMundoDistopicoQueHer-10601694.pdf: 2 artículo(s) extraído(s)
2026-09-19 15:46:00,353 [INFO] etl_papers:   1657-9089/Dialnet-InfanciasYAfectosPrecariosEnTresEpisodiosFilmicos-10601695.pdf: 2 artículo(s) extraído(s)
2026-09-19 15:46:00,386 [INFO] etl_papers:   1657-9089/Dialnet-SentidosDeLoInaprensibleAmbagesDiscursivosAlConcep-10601696.pdf: 2 artículo(s) extraído(s)
2026-09-19 15:46:00,404 [INFO] etl_papers:   1657-9089/Dialnet-TengoMiedoALasMatematicasUnaReflexionDesdeLaInfanc-10601697.pdf: 1 artículo(s) extraído(s)
2026-09-19 15:46:00,463 [INFO] etl_papers:   1657-9267/16972857001.pdf: 2 artículo(s) extraído(s)
2026-09-19 15:46:00,533 [INFO] etl_papers:   1657-9267/Cuadernos6732892002.pdf: 1 artículo(s) extraído(s)
2026-09-19 15:46:00,585 [INFO] etl_papers:   1657-9267/UPSY-25-2026+LOTE-26972857002.pdf: 2 artículo(s) extraído(s)
2026-09-19 15:46:00,628 [INFO] etl_papers:   1657-9267/um6972857003.pdf: 2 artículo(s) extraído(s)
2026-09-19 15:46:00,679 [INFO] etl_papers:   1657-9267/um6972857004.pdf: 2 artículo(s) extraído(s)
2026-09-19 15:46:00,726 [INFO] etl_papers:   1657-9267/um6972857005.pdf: 2 artículo(s) extraído(s)
2026-09-19 15:46:00,776 [INFO] etl_papers:   1657-9267/um6972857006.pdf: 2 artículo(s) extraído(s)
2026-09-19 15:46:00,831 [INFO] etl_papers:   1657-9267/um6972857009.pdf: 2 artículo(s) extraído(s)
2026-09-19 15:46:00,881 [INFO] etl_papers:   1657-9267/upsy6972857007.pdf: 2 artículo(s) extraído(s)
2026-09-19 15:46:00,929 [INFO] etl_papers:   1657-9267/upsy6972857008.pdf: 2 artículo(s) extraído(s)
2026-09-19 15:46:00,985 [INFO] etl_papers:   1657-9267/upsy6972857011.pdf: 2 artículo(s) extraído(s)
2026-09-19 15:46:01,038 [INFO] etl_papers:   1657-9267/upsy6972857012.pdf: 2 artículo(s) extraído(s)
2026-09-19 15:46:01,098 [INFO] etl_papers:   1657-9267/upsy6972857013.pdf: 2 artículo(s) extraído(s)
2026-09-19 15:46:01,156 [INFO] etl_papers:   1657-9267/upsy6972857014.pdf: 2 artículo(s) extraído(s)
2026-09-19 15:46:01,210 [INFO] etl_papers:   1657-9267/upsy6972857015.pdf: 2 artículo(s) extraído(s)
2026-09-19 15:46:01,255 [INFO] etl_papers:   1657-9267/upsy6972857016.pdf: 2 artículo(s) extraído(s)
2026-09-19 15:46:01,311 [INFO] etl_papers:   1657-9534/v56n2e2006613+Ing.pdf: 1 artículo(s) extraído(s)
2026-09-19 15:46:01,372 [INFO] etl_papers:   1657-9534/v56n2e2016690+Esp.pdf: 1 artículo(s) extraído(s)
2026-09-19 15:46:01,438 [INFO] etl_papers:   1657-9534/v56n2e2026997+Esp+-+copia.pdf: 1 artículo(s) extraído(s)
2026-09-19 15:46:01,497 [INFO] etl_papers:   1657-9534/v56n3e2007027+Ing.pdf: 1 artículo(s) extraído(s)
2026-09-19 15:46:01,562 [INFO] etl_papers:   1657-9534/v56n3e2016728+Ing.pdf: 1 artículo(s) extraído(s)
2026-09-19 15:46:01,942 [INFO] etl_papers:   1657-9553/vol15n2.pdf: 7 artículo(s) extraído(s)
2026-09-19 15:46:02,012 [INFO] etl_papers:   1692-1399/001_(Estandarización+y+uso)_RTJTVol18_Num2.pdf: 3 artículo(s) extraído(s)
2026-09-19 15:46:02,052 [INFO] etl_papers:   1692-1399/002_(Demographics+and+consumption)_RTJTVol18_Num2.pdf: 1 artículo(s) extraído(s)
2026-09-19 15:46:02,082 [INFO] etl_papers:   1692-1399/003_(OVA+para+el+aprendizaje)_RTJTVol18_Num2.pdf: 2 artículo(s) extraído(s)
2026-09-19 15:46:02,122 [INFO] etl_papers:   1692-5106/Dialnet-EficaciaDeLaTerapiaDeOxigenoHiperbaricoEnPeriodont-9765733.pdf: 2 artículo(s) extraído(s)
2026-09-19 15:46:02,161 [INFO] etl_papers:   1692-5106/Dialnet-FactoresAsociadosALaAdherenciaAProtocolosDeBiosegu-9763802.pdf: 2 artículo(s) extraído(s)
2026-09-19 15:46:02,191 [INFO] etl_papers:   1692-5106/Dialnet-ImpactoDeLaInteligenciaArtificialEnLaOdontologia-9763803.pdf: 2 artículo(s) extraído(s)
2026-09-19 15:46:02,236 [INFO] etl_papers:   1692-5106/Dialnet-SindromeDeCoffinSirisYPaladarHendido-9765734.pdf: 2 artículo(s) extraído(s)
2026-09-19 15:46:02,301 [INFO] etl_papers:   1692-5238/joseignacio,+16.44.1+(9-24)+VF.pdf: 2 artículo(s) extraído(s)
2026-09-19 15:46:02,356 [INFO] etl_papers:   1692-5238/joseignacio,+16.44.2+(25-34)+VF.pdf: 2 artículo(s) extraído(s)
2026-09-19 15:46:02,418 [INFO] etl_papers:   1692-5238/joseignacio,+16.44.4+(49-61)+VF.pdf: 2 artículo(s) extraído(s)
2026-09-19 15:46:02,476 [INFO] etl_papers:   1692-5238/joseignacio,+16.44.5+(63-74)+VF.pdf: 2 artículo(s) extraído(s)
2026-09-19 15:46:02,679 [INFO] etl_papers:   1692-5238/joseignacio,+16.47.2+(VF).pdf: 2 artículo(s) extraído(s)
2026-09-19 15:46:02,762 [INFO] etl_papers:   1692-5238/joseignacio,+16.47.3+(VF).pdf: 2 artículo(s) extraído(s)
2026-09-19 15:46:02,824 [INFO] etl_papers:   1692-5238/joseignacio,+16.47.4+(VF).pdf: 2 artículo(s) extraído(s)
2026-09-19 15:46:03,208 [INFO] etl_papers:   1692-5777/173-129-PB.pdf: 19 artículo(s) extraído(s)
2026-09-19 15:46:03,292 [INFO] etl_papers:   1692-6013/NOVUM+JUS+20-2+art+1+DERECHO+INTERNACIONAL.pdf: 2 artículo(s) extraído(s)
2026-09-19 15:46:03,354 [INFO] etl_papers:   1692-6013/NOVUM+JUS+20-2+art+10+CURRENT.pdf: 2 artículo(s) extraído(s)
2026-09-19 15:46:03,416 [INFO] etl_papers:   1692-6013/NOVUM+JUS+20-2+art+11+DEMOCRACIA.pdf: 2 artículo(s) extraído(s)
2026-09-19 15:46:03,495 [INFO] etl_papers:   1692-6013/NOVUM+JUS+20-2+art+12+EVOLUCIÓN.pdf: 2 artículo(s) extraído(s)
2026-09-19 15:46:03,568 [INFO] etl_papers:   1692-6013/NOVUM+JUS+20-2+art+13+RANKIGN.pdf: 2 artículo(s) extraído(s)
2026-09-19 15:46:03,635 [INFO] etl_papers:   1692-6013/NOVUM+JUS+20-2+art+14+LA+CATEGORIA.pdf: 2 artículo(s) extraído(s)
2026-09-19 15:46:03,713 [INFO] etl_papers:   1692-6013/NOVUM+JUS+20-2+art+15+FUNDAMENTO.pdf: 2 artículo(s) extraído(s)
2026-09-19 15:46:03,783 [INFO] etl_papers:   1692-6013/NOVUM+JUS+20-2+art+2+DEBERES.pdf: 2 artículo(s) extraído(s)
2026-09-19 15:46:03,851 [INFO] etl_papers:   1692-6013/NOVUM+JUS+20-2+art+3+EL+CIBERPODER.pdf: 2 artículo(s) extraído(s)
2026-09-19 15:46:03,930 [INFO] etl_papers:   1692-6013/NOVUM+JUS+20-2+art+5+EL+DESPLZAMIENTO.pdf: 2 artículo(s) extraído(s)
2026-09-19 15:46:04,014 [INFO] etl_papers:   1692-6013/NOVUM+JUS+20-2+art+6+THE+ENVIRONMENTAL.pdf: 2 artículo(s) extraído(s)
2026-09-19 15:46:04,099 [INFO] etl_papers:   1692-6013/NOVUM+JUS+20-2+art+7+SERVICOS+PUBLICOS.pdf: 2 artículo(s) extraído(s)
2026-09-19 15:46:04,166 [INFO] etl_papers:   1692-6013/NOVUM+JUS+20-2+art+9+MAKIGN.pdf: 2 artículo(s) extraído(s)
2026-09-19 15:46:04,225 [INFO] etl_papers:   1692-715X/1.+Luisa+Fernanda+Manrique.pdf: 2 artículo(s) extraído(s)
2026-09-19 15:46:04,294 [INFO] etl_papers:   1692-715X/10.+Infancias+y+adolescencias+määt+jääy+e+ihtlakahketsih.pdf: 2 artículo(s) extraído(s)
2026-09-19 15:46:04,365 [INFO] etl_papers:   1692-715X/11.+La+población+joven+de+Ecuador.pdf: 3 artículo(s) extraído(s)
2026-09-19 15:46:04,444 [INFO] etl_papers:   1692-715X/12.+Entre+autonomía+progresiva+y+protección+estatal.pdf: 2 artículo(s) extraído(s)
2026-09-19 15:46:04,513 [INFO] etl_papers:   1692-715X/13.+Custodia+y+pensiones+alimenticias+en+divorcios.pdf: 2 artículo(s) extraído(s)
2026-09-19 15:46:04,575 [INFO] etl_papers:   1692-715X/2.+Políticas+de+juventud+en+Paraguay.pdf: 2 artículo(s) extraído(s)
2026-09-19 15:46:04,631 [INFO] etl_papers:   1692-715X/3.+Mediación+evaluativa+con+TIC.pdf: 2 artículo(s) extraído(s)
2026-09-19 15:46:04,690 [INFO] etl_papers:   1692-715X/4.+Posicionamientos+políticos+de+niñeces+rurales.pdf: 2 artículo(s) extraído(s)
2026-09-19 15:46:04,760 [INFO] etl_papers:   1692-715X/7.+Estudio+sobre+las+concepciones+de+infancia.pdf: 2 artículo(s) extraído(s)
2026-09-19 15:46:04,830 [INFO] etl_papers:   1692-715X/8.+Experiencia+curricular+y+consciencia+sostenible.pdf: 2 artículo(s) extraído(s)
2026-09-19 15:46:04,904 [INFO] etl_papers:   1692-715X/Andrea+Milena+Osorio+08+12+25.pdf: 2 artículo(s) extraído(s)
2026-09-19 15:46:04,962 [INFO] etl_papers:   1692-715X/Mauro+Alejandro+Soto+11+12+25+(1).pdf: 2 artículo(s) extraído(s)
2026-09-19 15:46:05,006 [INFO] etl_papers:   1692-7427/ART_7+Historia+de+la+edufisica.pdf: 2 artículo(s) extraído(s)
2026-09-19 15:46:05,087 [INFO] etl_papers:   1692-7427/Art01_2026.pdf: 2 artículo(s) extraído(s)
2026-09-19 15:46:05,144 [INFO] etl_papers:   1692-7427/Art02_2026.pdf: 2 artículo(s) extraído(s)
2026-09-19 15:46:05,185 [INFO] etl_papers:   1692-7427/Art03_2026.pdf: 2 artículo(s) extraído(s)
2026-09-19 15:46:05,241 [INFO] etl_papers:   1692-7427/Art04_2026.pdf: 2 artículo(s) extraído(s)
2026-09-19 15:46:05,289 [INFO] etl_papers:   1692-7427/Art05_2026.pdf: 2 artículo(s) extraído(s)
2026-09-19 15:46:05,326 [INFO] etl_papers:   1692-7427/Art06_2026.pdf: 2 artículo(s) extraído(s)
2026-09-19 15:46:05,377 [INFO] etl_papers:   1692-7427/Art08_2026.pdf: 2 artículo(s) extraído(s)
2026-09-19 15:46:05,421 [INFO] etl_papers:   1692-7427/Art09_2026.pdf: 2 artículo(s) extraído(s)
2026-09-19 15:46:05,456 [INFO] etl_papers:   1692-7427/art10_2026.pdf: 2 artículo(s) extraído(s)
2026-09-19 15:46:05,495 [INFO] etl_papers:   1692-7427/art11_2026.pdf: 2 artículo(s) extraído(s)
2026-09-19 15:46:05,609 [INFO] etl_papers:   1692-8156/adminpujojs,+03+CIADI-Echaide.pdf: 2 artículo(s) extraído(s)
2026-09-19 15:46:05,772 [INFO] etl_papers:   1692-8156/adminpujojs,+04+Jose_+M+clima.pdf: 2 artículo(s) extraído(s)
2026-09-19 15:46:05,848 [INFO] etl_papers:   1692-8156/adminpujojs,+06+Mario+KelHart.pdf: 2 artículo(s) extraído(s)
2026-09-19 15:46:05,940 [INFO] etl_papers:   1692-8156/adminpujojs,+1.+Acosta-Lopez+y+Espitia-Murcia.pdf: 2 artículo(s) extraído(s)
2026-09-19 15:46:05,989 [INFO] etl_papers:   1692-8156/adminpujojs,+2.+Amaya+y+Guzma_n.pdf: 2 artículo(s) extraído(s)
2026-09-19 15:46:06,091 [INFO] etl_papers:   1692-8156/adminpujojs,+4.+London_o+Gutierrez+y+Roa.pdf: 2 artículo(s) extraído(s)
2026-09-19 15:46:06,195 [INFO] etl_papers:   1692-8156/adminpujojs,+5.+Pulido-Orti_z.pdf: 2 artículo(s) extraído(s)
2026-09-19 15:46:06,248 [INFO] etl_papers:   1692-8415/Dialnet-DisenoYPruebaPilotoDeUnsoftwareparaLaMedidaDeAgude-9815087.pdf: 1 artículo(s) extraído(s)
2026-09-19 15:46:06,304 [INFO] etl_papers:   1692-8415/Dialnet-ElBeisbolUnDeporteExigenteConLaFuncionVisual-9815086.pdf: 2 artículo(s) extraído(s)
2026-09-19 15:46:06,380 [INFO] etl_papers:   1692-8415/Dialnet-InsuficienciaDeConvergenciaYTrastornoPorDeficitDeA-9815085.pdf: 2 artículo(s) extraído(s)
2026-09-19 15:46:06,520 [INFO] etl_papers:   1692-8415/queratitis.pdf: 2 artículo(s) extraído(s)
2026-09-19 15:46:06,982 [INFO] etl_papers:   1794-0915/OC 29.pdf: 24 artículo(s) extraído(s)
2026-09-19 15:46:07,059 [INFO] etl_papers:   1794-2470/V2+art+01+NOVA47+Bauhinia+picta.pdf: 2 artículo(s) extraído(s)
2026-09-19 15:46:07,152 [INFO] etl_papers:   1794-2470/V2+art+02+NOVA47+microbiological+quality.pdf: 2 artículo(s) extraído(s)
2026-09-19 15:46:07,205 [INFO] etl_papers:   1794-2470/V2+art+03+NOVA47+Vigilancia+microbiologica.pdf: 2 artículo(s) extraído(s)
2026-09-19 15:46:07,285 [INFO] etl_papers:   1794-2470/V2+art+04+NOVA47+Caracterizacion+genotipica.pdf: 2 artículo(s) extraído(s)
2026-09-19 15:46:07,374 [INFO] etl_papers:   1794-2470/V2+art+05+NOVA47+metales+pesados.pdf: 2 artículo(s) extraído(s)
2026-09-19 15:46:07,442 [INFO] etl_papers:   1794-2470/V2+art+06+NOVA47+carcinoma+de+cervix.pdf: 2 artículo(s) extraído(s)
2026-09-19 15:46:07,521 [INFO] etl_papers:   1794-2470/V2+art+07+NOVA47+Bacterias+Gram+negativas.pdf: 2 artículo(s) extraído(s)
2026-09-19 15:46:07,589 [INFO] etl_papers:   1794-2470/V2+art+08+NOVA47+burnout+syndrome.pdf: 2 artículo(s) extraído(s)
2026-09-19 15:46:07,645 [INFO] etl_papers:   1794-2470/V2+art+09+NOVA47+salud+rural.pdf: 2 artículo(s) extraído(s)
2026-09-19 15:46:07,705 [INFO] etl_papers:   1794-5240/5-+UIS_RM+V38+N3+-+ART+6.pdf: 2 artículo(s) extraído(s)
2026-09-19 15:46:07,799 [INFO] etl_papers:   1794-5240/5-experiencias+adversas+infancia+alt.pdf: 2 artículo(s) extraído(s)
2026-09-19 15:46:07,853 [INFO] etl_papers:   1794-5240/6-+UIS_RM+V38+N3+-+ART+7+(2) (1).pdf: 2 artículo(s) extraído(s)
2026-09-19 15:46:07,905 [INFO] etl_papers:   1794-5240/6-+UIS_RM+V38+N3+-+ART+7+(2).pdf: 2 artículo(s) extraído(s)
2026-09-19 15:46:07,958 [INFO] etl_papers:   1794-5240/6-AO+Relación+entre+el+uso+del+celular+y+el+ángulo+craneovertebral.pdf: 2 artículo(s) extraído(s)
2026-09-19 15:46:08,006 [INFO] etl_papers:   1794-5240/Diagramado_AO+Prevalencia+de+Ca+de+piel+en+Antioquia+-+Final.pdf: 2 artículo(s) extraído(s)
2026-09-19 15:46:08,055 [INFO] etl_papers:   1794-5240/art-1.pdf: 2 artículo(s) extraído(s)
2026-09-19 15:46:08,096 [INFO] etl_papers:   1794-5240/art-2_publicar-2-10-2025.pdf: 2 artículo(s) extraído(s)
2026-09-19 15:46:08,194 [INFO] etl_papers:   1794-6190/10_121762_comparison.pdf: 2 artículo(s) extraído(s)
2026-09-19 15:46:08,283 [INFO] etl_papers:   1794-6190/123186+3_123186_Detection.pdf: 1 artículo(s) extraído(s)
2026-09-19 15:46:08,372 [INFO] etl_papers:   1794-6190/1_124308_Mineralogical.pdf: 2 artículo(s) extraído(s)
2026-09-19 15:46:08,462 [INFO] etl_papers:   1794-6190/2_122713_Application+of.pdf: 1 artículo(s) extraído(s)
2026-09-19 15:46:08,533 [INFO] etl_papers:   1794-6190/4_122297_machine.pdf: 1 artículo(s) extraído(s)
2026-09-19 15:46:08,603 [INFO] etl_papers:   1794-6190/5_124270_Role.pdf: 1 artículo(s) extraído(s)
2026-09-19 15:46:08,660 [INFO] etl_papers:   1794-6190/6_121860_stable.pdf: 1 artículo(s) extraído(s)
2026-09-19 15:46:08,759 [INFO] etl_papers:   1794-6190/7_120722_A+semi.pdf: 0 artículo(s) extraído(s)
2026-09-19 15:46:08,817 [INFO] etl_papers:   1794-6190/8_123547_Evolution.pdf: 1 artículo(s) extraído(s)
2026-09-19 15:46:08,886 [INFO] etl_papers:   1794-6190/9_122773_geothecnical.pdf: 1 artículo(s) extraído(s)
2026-09-19 15:46:08,957 [INFO] etl_papers:   1794-8932/S-1337.pdf: 2 artículo(s) extraído(s)
2026-09-19 15:46:09,030 [INFO] etl_papers:   1794-8932/S-1342+(1).pdf: 2 artículo(s) extraído(s)
2026-09-19 15:46:09,135 [INFO] etl_papers:   1794-8932/S-1377.pdf: 2 artículo(s) extraído(s)
2026-09-19 15:46:09,213 [INFO] etl_papers:   1794-8932/S-1393.pdf: 2 artículo(s) extraído(s)
2026-09-19 15:46:09,265 [INFO] etl_papers:   1794-8932/S-1433.pdf: 2 artículo(s) extraído(s)
2026-09-19 15:46:09,343 [INFO] etl_papers:   1794-8932/S-1481.pdf: 2 artículo(s) extraído(s)
2026-09-19 15:46:09,408 [INFO] etl_papers:   1794-8932/S-1485+(2).pdf: 2 artículo(s) extraído(s)
2026-09-19 15:46:09,493 [INFO] etl_papers:   1794-8932/S-1492.pdf: 2 artículo(s) extraído(s)
2026-09-19 15:46:09,575 [INFO] etl_papers:   1794-8932/S-1494.pdf: 2 artículo(s) extraído(s)
2026-09-19 15:46:09,664 [INFO] etl_papers:   1794-8932/S-1500.pdf: 2 artículo(s) extraído(s)
2026-09-19 15:46:09,749 [INFO] etl_papers:   1794-8932/S-1507+(1).pdf: 2 artículo(s) extraído(s)
2026-09-19 15:46:09,821 [INFO] etl_papers:   1794-8932/S-1519+(1).pdf: 2 artículo(s) extraído(s)
2026-09-19 15:46:09,908 [INFO] etl_papers:   1794-8932/S-1530.pdf: 2 artículo(s) extraído(s)
2026-09-19 15:46:10,015 [INFO] etl_papers:   1794-8932/S-1549.pdf: 2 artículo(s) extraído(s)
2026-09-19 15:46:10,078 [INFO] etl_papers:   1794-8932/S.1518.pdf: 2 artículo(s) extraído(s)
2026-09-19 15:46:10,150 [INFO] etl_papers:   1794-8932/S.1523.pdf: 2 artículo(s) extraído(s)
2026-09-19 15:46:10,228 [INFO] etl_papers:   1794-8932/S.1545.pdf: 2 artículo(s) extraído(s)
2026-09-19 15:46:10,305 [INFO] etl_papers:   1794-9920/art_1+maquetado.pdf: 2 artículo(s) extraído(s)
2026-09-19 15:46:10,382 [INFO] etl_papers:   1794-9920/art_10+maquetado.pdf: 2 artículo(s) extraído(s)
2026-09-19 15:46:10,446 [INFO] etl_papers:   1794-9920/art_2+maquetado.pdf: 2 artículo(s) extraído(s)
2026-09-19 15:46:10,510 [INFO] etl_papers:   1794-9920/art_3+maquetado.pdf: 2 artículo(s) extraído(s)
2026-09-19 15:46:10,566 [INFO] etl_papers:   1794-9920/art_4+maquetado.pdf: 2 artículo(s) extraído(s)
2026-09-19 15:46:10,615 [INFO] etl_papers:   1794-9920/art_5+maquetado.pdf: 2 artículo(s) extraído(s)
2026-09-19 15:46:10,675 [INFO] etl_papers:   1794-9920/art_6+maquetado.pdf: 2 artículo(s) extraído(s)
2026-09-19 15:46:10,777 [INFO] etl_papers:   1794-9920/art_7+maquetado.pdf: 2 artículo(s) extraído(s)
2026-09-19 15:46:10,832 [INFO] etl_papers:   1794-9920/art_8+maquetado.pdf: 2 artículo(s) extraído(s)
2026-09-19 15:46:10,906 [INFO] etl_papers:   1794-9920/art_9+maquetado.pdf: 2 artículo(s) extraído(s)
2026-09-19 15:46:10,968 [INFO] etl_papers:   1856-9536/19-1+D+AV+15663+Terol.pdf: 2 artículo(s) extraído(s)
2026-09-19 15:46:11,030 [INFO] etl_papers:   1856-9536/19-1+D+ES+15242+Bañuelos.pdf: 2 artículo(s) extraído(s)
2026-09-19 15:46:11,089 [INFO] etl_papers:   1856-9536/19-1+D+ES+15567+Serra.pdf: 2 artículo(s) extraído(s)
2026-09-19 15:46:11,145 [INFO] etl_papers:   1856-9536/19-2+D+Av+16036+Moreno.pdf: 2 artículo(s) extraído(s)
2026-09-19 15:46:11,201 [INFO] etl_papers:   1856-9536/19-2+D+Av+16087+Peres.pdf: 2 artículo(s) extraído(s)
2026-09-19 15:46:11,339 [INFO] etl_papers:   1856-9536/19-2+D+Av+16117+León.pdf: 2 artículo(s) extraído(s)
2026-09-19 15:46:11,401 [INFO] etl_papers:   1856-9536/19-2+D+Av+16268+Blanco.pdf: 2 artículo(s) extraído(s)
2026-09-19 15:46:11,450 [INFO] etl_papers:   1900-1649/118301_Versión_Final_2026.pdf: 2 artículo(s) extraído(s)
2026-09-19 15:46:11,502 [INFO] etl_papers:   1900-1649/119244_Versión_Final.pdf: 2 artículo(s) extraído(s)
2026-09-19 15:46:11,575 [INFO] etl_papers:   1900-1649/122217_Versión_Final_2026.pdf: 2 artículo(s) extraído(s)
2026-09-19 15:46:11,614 [INFO] etl_papers:   1900-1649/122370_Versión_Final_2026.pdf: 2 artículo(s) extraído(s)
2026-09-19 15:46:11,694 [INFO] etl_papers:   1900-1649/123341_Versión_Final_2026.pdf: 2 artículo(s) extraído(s)
2026-09-19 15:46:11,749 [INFO] etl_papers:   1900-1649/124113_Versión_Final_2026.pdf: 2 artículo(s) extraído(s)
2026-09-19 15:46:11,798 [INFO] etl_papers:   1900-1649/124267_Versión_Final_2026.pdf: 2 artículo(s) extraído(s)
2026-09-19 15:46:11,875 [INFO] etl_papers:   1900-6004/Colombia_Internacional_126_04-act.pdf: 2 artículo(s) extraído(s)
2026-09-19 15:46:11,958 [INFO] etl_papers:   1900-6004/El+doble+nivel+y+la+captura+del+Estado_+la+política+exterior+en+el+Gobierno+de+Guillermo+Lasso+en+Ecuador.pdf: 2 artículo(s) extraído(s)
2026-09-19 15:46:12,025 [INFO] etl_papers:   1900-6004/Inclusión+y+exclusión+en+el+trabajo+en+red+de+la+Comisión+de+la+Verdad+de+Colombia+con+el+exilio.pdf: 2 artículo(s) extraído(s)
2026-09-19 15:46:12,121 [INFO] etl_papers:   1900-6004/Las+reformas+en+su+laberinto_+consenso,+preconcertación+y+transacción+en+la+aprobación+de+la+reforma+pensional+en+Colombia.pdf: 2 artículo(s) extraído(s)
2026-09-19 15:46:12,183 [INFO] etl_papers:   1900-6004/Más+allá+del+“Tíbet+de+América+del+Sur”_+Colombia+y+el+rol+de+potencia+media+en+la+Guerra+Fría+temprana.pdf: 2 artículo(s) extraído(s)
2026-09-19 15:46:12,306 [INFO] etl_papers:   1900-6152/1_jesuitas_y_globalizacion-final-ajustado.pdf: 2 artículo(s) extraído(s)
2026-09-19 15:46:12,409 [INFO] etl_papers:   1900-6152/2_Estado_contratante-final-ajustado.pdf: 2 artículo(s) extraído(s)
2026-09-19 15:46:12,489 [INFO] etl_papers:   1900-6152/4_energia-para-mujeres-final-ajustado.pdf: 2 artículo(s) extraído(s)
2026-09-19 15:46:12,589 [INFO] etl_papers:   1900-6152/5_Marchas-lesbicas-final.pdf: 2 artículo(s) extraído(s)
2026-09-19 15:46:12,685 [INFO] etl_papers:   1900-6152/6_ciclos-violencia-final-ajustado-2.pdf: 2 artículo(s) extraído(s)
2026-09-19 15:46:12,806 [INFO] etl_papers:   1900-6152/Su(b)versión_+la+huelga+universitaria.pdf: 1 artículo(s) extraído(s)
2026-09-19 15:46:12,847 [INFO] etl_papers:   1900-9178/AQUACLIMA.pdf: 2 artículo(s) extraído(s)
2026-09-19 15:46:12,962 [INFO] etl_papers:   1900-9178/Análisis+técnico-económico+de+sistemas+fotovoltaicos+instalados+en+el+área+metropolitana+de+Cúcuta.pdf: 2 artículo(s) extraído(s)
2026-09-19 15:46:13,037 [INFO] etl_papers:   1900-9178/Art01_V17_N1_2026.pdf: 2 artículo(s) extraído(s)
2026-09-19 15:46:13,137 [INFO] etl_papers:   1900-9178/Art02_V17_N1_2026.pdf: 2 artículo(s) extraído(s)
2026-09-19 15:46:13,184 [INFO] etl_papers:   1900-9178/Art03_V17_N1_2026.pdf: 2 artículo(s) extraído(s)
2026-09-19 15:46:13,245 [INFO] etl_papers:   1900-9178/SABERES+LOCALES+CAMPESINOS+SOBRE+SUELOS+Y+SEMILLAS.pdf: 2 artículo(s) extraído(s)
2026-09-19 15:46:13,317 [INFO] etl_papers:   1909-0528/Art.1+Absolución+o+nulidad_Congruencia+proceso+penal+colombiano.pdf: 3 artículo(s) extraído(s)
2026-09-19 15:46:13,384 [INFO] etl_papers:   1909-0528/Art.10+Protección+de+DDHH+frente+a+sesgos+IA+aplicada+a+salud+Latam.pdf: 1 artículo(s) extraído(s)
2026-09-19 15:46:13,452 [INFO] etl_papers:   1909-0528/Art.11+Criterios+para+delimitar+noción+consumidor+empresario.pdf: 1 artículo(s) extraído(s)
2026-09-19 15:46:13,527 [INFO] etl_papers:   1909-0528/Art.12+El+delito+de+estafa+en+Colombia.pdf: 2 artículo(s) extraído(s)
2026-09-19 15:46:13,590 [INFO] etl_papers:   1909-0528/Art.2+Case+law+European+court+human+rights+Ukraine+trasnformation+criminal+legislation.pdf: 3 artículo(s) extraído(s)
2026-09-19 15:46:13,655 [INFO] etl_papers:   1909-0528/Art.3+Disonancia+sociojurídicas+seguridad+climática+sur+global.pdf: 2 artículo(s) extraído(s)
2026-09-19 15:46:13,713 [INFO] etl_papers:   1909-0528/Art.4+Inquilinatos+urbanos.pdf: 2 artículo(s) extraído(s)
2026-09-19 15:46:13,753 [INFO] etl_papers:   1909-0528/Art.5+La+consideración+del+sujeto+fundamento+relación+jurídica.pdf: 2 artículo(s) extraído(s)
2026-09-19 15:46:13,829 [INFO] etl_papers:   1909-0528/Art.6+La+violencia+en+los+espacios+laborales.pdf: 2 artículo(s) extraído(s)
2026-09-19 15:46:13,926 [INFO] etl_papers:   1909-0528/Art.7+Litigio+climático+en+la+experiencia+comparada.pdf: 2 artículo(s) extraído(s)
2026-09-19 15:46:13,981 [INFO] etl_papers:   1909-0528/Art.8+Multidimensional+obstacles+reconversion+peace+education.pdf: 2 artículo(s) extraído(s)
2026-09-19 15:46:14,033 [INFO] etl_papers:   1909-0528/Art.9+Naturaleza+jurídica+smart+legal+contracts+derecho+comercial+int..pdf: 1 artículo(s) extraído(s)
2026-09-19 15:46:14,101 [INFO] etl_papers:   1909-2814/Dialnet-ElPapelDelLenguajeEnLasAreasCurriculares-3989803.pdf: 2 artículo(s) extraído(s)
2026-09-19 15:46:14,165 [INFO] etl_papers:   1909-2814/Dialnet-EntornosVirtualesDeAprendizajeYDidacticaDeLaLengua-3989798.pdf: 2 artículo(s) extraído(s)
2026-09-19 15:46:14,196 [INFO] etl_papers:   1909-2814/Dialnet-LaEnsenanzaOrientadaAlDesarrolloSociocognitivoEnEs-3989795.pdf: 2 artículo(s) extraído(s)
2026-09-19 15:46:14,301 [INFO] etl_papers:   1909-2814/Dialnet-PercepcionQueTienenLosDocentesDeAmericaLatinaSobre-3989792.pdf: 2 artículo(s) extraído(s)
2026-09-19 15:46:14,427 [INFO] etl_papers:   1909-2814/Dialnet-SiguiendoLaRutaDeLosDesarrollosInvestigativosEnElC-3989786.pdf: 2 artículo(s) extraído(s)
2026-09-19 15:46:14,509 [INFO] etl_papers:   1909-5775/ARTICULO+FERNANDA+PEREZ+FERNANDEZ+JOVEN+INVEST.pdf: 2 artículo(s) extraído(s)
2026-09-19 15:46:14,605 [INFO] etl_papers:   1909-5775/Articulo+REVISTA-I+T+C+V1+-+CARLOS+CASAS.pdf: 2 artículo(s) extraído(s)
2026-09-19 15:46:14,654 [INFO] etl_papers:   1909-5775/evaluation+moisture.pdf: 2 artículo(s) extraído(s)
2026-09-19 15:46:14,713 [INFO] etl_papers:   1909-5775/exploitation.pdf: 2 artículo(s) extraído(s)
2026-09-19 15:46:14,839 [INFO] etl_papers:   1909-5775/interfacial-yesik.pdf: 2 artículo(s) extraído(s)
2026-09-19 15:46:14,892 [INFO] etl_papers:   1909-5775/moncayo-diseño-con+formato.pdf: 2 artículo(s) extraído(s)
2026-09-19 15:46:14,940 [INFO] etl_papers:   1909-5775/romero+pic.pdf: 2 artículo(s) extraído(s)
2026-09-19 15:46:15,005 [INFO] etl_papers:   1909-7700/03_MED+34(1)_7969+(1).pdf: 2 artículo(s) extraído(s)
2026-09-19 15:46:15,055 [INFO] etl_papers:   1909-7700/04_MED+34(1)_7985.pdf: 2 artículo(s) extraído(s)
2026-09-19 15:46:15,120 [INFO] etl_papers:   1909-7700/05_MED+34(1)_8053.pdf: 2 artículo(s) extraído(s)
2026-09-19 15:46:15,184 [INFO] etl_papers:   1909-7700/06_MED+34(1)_8099+(1).pdf: 2 artículo(s) extraído(s)
2026-09-19 15:46:15,262 [INFO] etl_papers:   1909-7700/07_MED+34(1)_8197+(3).pdf: 2 artículo(s) extraído(s)
2026-09-19 15:46:15,417 [INFO] etl_papers:   1909-7700/08_MED+34(1)_8498+(1).pdf: 2 artículo(s) extraído(s)
2026-09-19 15:46:15,585 [INFO] etl_papers:   1909-7719/7746_RFCE+34(1)_3.pdf: 2 artículo(s) extraído(s)
2026-09-19 15:46:15,655 [INFO] etl_papers:   1909-7719/7915_RFCE+34(1)_2.pdf: 2 artículo(s) extraído(s)
2026-09-19 15:46:15,744 [INFO] etl_papers:   1909-7719/7917_RFCE+34(1)_2.pdf: 2 artículo(s) extraído(s)
2026-09-19 15:46:15,876 [INFO] etl_papers:   1909-7719/8036_RFCE+34(1)_2.pdf: 2 artículo(s) extraído(s)
2026-09-19 15:46:15,992 [INFO] etl_papers:   1909-7719/8188_RFCE+34(1)_3.pdf: 2 artículo(s) extraído(s)
2026-09-19 15:46:16,131 [INFO] etl_papers:   1909-7719/8249_RFCE+34(1)_2.pdf: 2 artículo(s) extraído(s)
2026-09-19 15:46:16,230 [INFO] etl_papers:   1909-7719/8346_RFCE+34(1)_2.pdf: 4 artículo(s) extraído(s)
2026-09-19 15:46:16,359 [INFO] etl_papers:   1909-7719/8479_RFCE+34(1)_2.pdf: 2 artículo(s) extraído(s)
2026-09-19 15:46:16,495 [INFO] etl_papers:   1909-7735/7542+GoyesChaves+EtAL+CienciaEing+36(1)2026+UMNG.pdf: 2 artículo(s) extraído(s)
2026-09-19 15:46:16,588 [INFO] etl_papers:   1909-7735/7799+CienciaEing+36(1)2026+UMNG.pdf: 2 artículo(s) extraído(s)
2026-09-19 15:46:16,718 [INFO] etl_papers:   1909-7735/7836+VilaOrtega+EtAL+CienciaEing+36(1)2026+UMNG.pdf: 2 artículo(s) extraído(s)
2026-09-19 15:46:16,891 [INFO] etl_papers:   1909-7735/7882_Cumbe&Castillo+CienciaEing+36(1)2026+UMNG.pdf: 2 artículo(s) extraído(s)
2026-09-19 15:46:17,011 [INFO] etl_papers:   1909-7735/7889_Ávila+eTaL+CienciaEing+36(1)2026+UMNG.pdf: 2 artículo(s) extraído(s)
2026-09-19 15:46:17,103 [INFO] etl_papers:   1909-7735/7918_Villanueva+EtAL+CienciaEing+36(1)2026+UMNG.pdf: 2 artículo(s) extraído(s)
2026-09-19 15:46:17,249 [INFO] etl_papers:   1909-7735/8314+LopezJimenez+EtAL+CienciaEing+36(1)2026+UMNG.pdf: 2 artículo(s) extraído(s)
2026-09-19 15:46:17,296 [INFO] etl_papers:   1909-7891/admin,+Vector12_1.pdf: 2 artículo(s) extraído(s)
2026-09-19 15:46:17,325 [INFO] etl_papers:   1909-7891/admin,+Vector12_2.pdf: 2 artículo(s) extraído(s)
2026-09-19 15:46:17,372 [INFO] etl_papers:   1909-7891/admin,+Vector12_3.pdf: 2 artículo(s) extraído(s)
2026-09-19 15:46:17,419 [INFO] etl_papers:   1909-7891/admin,+Vector12_4.pdf: 2 artículo(s) extraído(s)
2026-09-19 15:46:17,471 [INFO] etl_papers:   1909-7891/admin,+Vector12_5.pdf: 2 artículo(s) extraído(s)
2026-09-19 15:46:17,523 [INFO] etl_papers:   1909-7891/admin,+Vector12_6 (1).pdf: 2 artículo(s) extraído(s)
2026-09-19 15:46:17,587 [INFO] etl_papers:   1909-7891/admin,+Vector12_6.pdf: 2 artículo(s) extraído(s)
2026-09-19 15:46:17,669 [INFO] etl_papers:   1909-8391/Dialnet-CuerpoGeneroYSubjetividad-10380298.pdf: 2 artículo(s) extraído(s)
2026-09-19 15:46:17,727 [INFO] etl_papers:   1909-8391/Dialnet-DesaparicionDePersonasEnMexicoUnaAproximacionALosE-10380296.pdf: 2 artículo(s) extraído(s)
2026-09-19 15:46:17,786 [INFO] etl_papers:   1909-8391/Dialnet-DesaparicionForzadaEnMexico-10380303.pdf: 2 artículo(s) extraído(s)
2026-09-19 15:46:17,828 [INFO] etl_papers:   1909-8391/Dialnet-ElDesaparecidoUnaHeridaAbierta-10380300.pdf: 2 artículo(s) extraído(s)
2026-09-19 15:46:17,870 [INFO] etl_papers:   1909-8391/Dialnet-ElDolorComoResistenciaPoliticaDesdeLosFamiliaresDe-10380295.pdf: 2 artículo(s) extraído(s)
2026-09-19 15:46:17,897 [INFO] etl_papers:   1909-8391/Dialnet-ElGoceDeLaNadaDeLaDesaparicionForzada-10380301.pdf: 2 artículo(s) extraído(s)
2026-09-19 15:46:17,947 [INFO] etl_papers:   1909-8391/Dialnet-FosasClandestinasEnMexico-10380299.pdf: 2 artículo(s) extraído(s)
2026-09-19 15:46:17,986 [INFO] etl_papers:   1909-8391/Dialnet-HistoriaYMemoria-10380294.pdf: 2 artículo(s) extraído(s)
2026-09-19 15:46:18,030 [INFO] etl_papers:   1909-8391/Dialnet-SobreLaDesaparicionDePersonasYLaNocionDeLoPolitico-10380302.pdf: 2 artículo(s) extraído(s)
2026-09-19 15:46:18,054 [INFO] etl_papers:   1909-8391/Dialnet-TestimonioYTiempoApocaliptico-10380297.pdf: 2 artículo(s) extraído(s)
2026-09-19 15:46:18,122 [INFO] etl_papers:   1909-8758/23-29+Ensayo+in+vitro+para+remocion+de+mercurio_ART_INVESTIGACION.pdf: 2 artículo(s) extraído(s)
2026-09-19 15:46:18,205 [INFO] etl_papers:   1909-8758/23-38+Desescalado+del+proceso+de+fermentacion_ART_INVESTIGACION.pdf: 2 artículo(s) extraído(s)
2026-09-19 15:46:18,283 [INFO] etl_papers:   1909-8758/23-43+Stress+responses+induced_ART_INVESTIGACION.pdf: 2 artículo(s) extraído(s)
2026-09-19 15:46:18,353 [INFO] etl_papers:   1909-8758/23-45+Electroniodegradacion+de+hidrocarburos_ART_INVESTIGACION.pdf: 2 artículo(s) extraído(s)
2026-09-19 15:46:18,431 [INFO] etl_papers:   1909-8758/23-48+ISSR+markers+as+a+tool+to_ART_INVESTIGACION.pdf: 2 artículo(s) extraído(s)
2026-09-19 15:46:18,523 [INFO] etl_papers:   1909-8758/23-53+Formacion+de+peliculas+en+soportes_ART_INVESTIGACION.pdf: 2 artículo(s) extraído(s)
2026-09-19 15:46:18,577 [INFO] etl_papers:   1909-8758/23-58+Germinacion+asimbiotica+de+semillas_ART_INVESTIGACION.pdf: 2 artículo(s) extraído(s)
2026-09-19 15:46:18,623 [INFO] etl_papers:   1909-9746/1+20252.pdf: 1 artículo(s) extraído(s)
2026-09-19 15:46:18,716 [INFO] etl_papers:   1909-9746/10+20252.pdf: 1 artículo(s) extraído(s)
2026-09-19 15:46:18,820 [INFO] etl_papers:   1909-9746/11+20252.pdf: 1 artículo(s) extraído(s)
2026-09-19 15:46:18,859 [INFO] etl_papers:   1909-9746/12+20252.pdf: 1 artículo(s) extraído(s)
2026-09-19 15:46:18,933 [INFO] etl_papers:   1909-9746/13+20252.pdf: 1 artículo(s) extraído(s)
2026-09-19 15:46:18,981 [INFO] etl_papers:   1909-9746/14+20242.pdf: 1 artículo(s) extraído(s)
2026-09-19 15:46:19,052 [INFO] etl_papers:   1909-9746/2+20252.pdf: 1 artículo(s) extraído(s)
2026-09-19 15:46:19,087 [INFO] etl_papers:   1909-9746/3+20252.pdf: 1 artículo(s) extraído(s)
2026-09-19 15:46:19,114 [INFO] etl_papers:   1909-9746/4+20252.pdf: 1 artículo(s) extraído(s)
2026-09-19 15:46:19,159 [INFO] etl_papers:   1909-9746/5+20252.pdf: 1 artículo(s) extraído(s)
2026-09-19 15:46:19,226 [INFO] etl_papers:   1909-9746/6.+20252.pdf: 1 artículo(s) extraído(s)
2026-09-19 15:46:19,266 [INFO] etl_papers:   1909-9746/7+20252.pdf: 1 artículo(s) extraído(s)
2026-09-19 15:46:19,326 [INFO] etl_papers:   1909-9746/8+20252.pdf: 1 artículo(s) extraído(s)
2026-09-19 15:46:19,355 [INFO] etl_papers:   1909-9746/9+20252.pdf: 1 artículo(s) extraído(s)
2026-09-19 15:46:19,425 [INFO] etl_papers:   1909-9762/1369-Texto del artículo-6864-3-10-20200830.pdf: 2 artículo(s) extraído(s)
2026-09-19 15:46:19,486 [INFO] etl_papers:   1909-9762/1370-Texto del artículo-6768-3-10-20200913.pdf: 2 artículo(s) extraído(s)
2026-09-19 15:46:19,524 [INFO] etl_papers:   1909-9762/1371-Texto del artículo-6863-2-10-20200830.pdf: 2 artículo(s) extraído(s)
2026-09-19 15:46:19,576 [INFO] etl_papers:   1909-9762/1401-Texto del artículo-6890-2-10-20200913.pdf: 2 artículo(s) extraído(s)
2026-09-19 15:46:19,641 [INFO] etl_papers:   1909-9762/1404-Texto del artículo-6865-2-10-20200830.pdf: 2 artículo(s) extraído(s)
2026-09-19 15:46:19,680 [INFO] etl_papers:   1909-9762/1442-Texto del artículo-6320-3-10-20200621.pdf: 2 artículo(s) extraído(s)
2026-09-19 15:46:19,754 [INFO] etl_papers:   2011-0731/8185_ACAD+19(2)ok.pdf: 2 artículo(s) extraído(s)
2026-09-19 15:46:19,870 [INFO] etl_papers:   2011-0731/8186_ACAD+19(2)ok.pdf: 2 artículo(s) extraído(s)
2026-09-19 15:46:19,979 [INFO] etl_papers:   2011-0731/8239_ACAD+19(2)ok.pdf: 2 artículo(s) extraído(s)
2026-09-19 15:46:20,063 [INFO] etl_papers:   2011-0731/8245_ACAD+19(2)ok.pdf: 2 artículo(s) extraído(s)
2026-09-19 15:46:20,209 [INFO] etl_papers:   2011-0731/8248_ACAD+19(2)ok.pdf: 2 artículo(s) extraído(s)
2026-09-19 15:46:20,296 [INFO] etl_papers:   2011-0731/8284_ACAD+19(2)ok.pdf: 4 artículo(s) extraído(s)
2026-09-19 15:46:20,357 [INFO] etl_papers:   2011-0731/8344_ACAD+19(2)ok.pdf: 2 artículo(s) extraído(s)
2026-09-19 15:46:20,448 [INFO] etl_papers:   2011-0731/8350_ACAD+19(2)ok.pdf: 2 artículo(s) extraído(s)
2026-09-19 15:46:20,537 [INFO] etl_papers:   2011-0731/8381_ACAD+19(2)ok.pdf: 2 artículo(s) extraído(s)
2026-09-19 15:46:20,717 [WARNING] etl_papers:   OCR no disponible para Análisis+semiótico+de+la+ceremonia+de+iniciación+al+consumo+ritual+de+la+hoja+de+coca+en+la+cultura+ika.pdf: tesseract is not installed or it's not in your PATH. See README file for more information.
2026-09-19 15:46:20,717 [INFO] etl_papers:   2011-074X/Análisis+semiótico+de+la+ceremonia+de+iniciación+al+consumo+ritual+de+la+hoja+de+coca+en+la+cultura+ika.pdf: 0 artículo(s) extraído(s)
2026-09-19 15:46:20,845 [WARNING] etl_papers:   OCR no disponible para Análisis+semiótico+de+los+objetos+cotidianos+y+sus+prácticas+de+uso.pdf: tesseract is not installed or it's not in your PATH. See README file for more information.
2026-09-19 15:46:20,846 [INFO] etl_papers:   2011-074X/Análisis+semiótico+de+los+objetos+cotidianos+y+sus+prácticas+de+uso.pdf: 0 artículo(s) extraído(s)
2026-09-19 15:46:20,965 [WARNING] etl_papers:   OCR no disponible para Del+infierno+merecido.+Mecánicas+de+la+sanación+y+el+¨deslizamimiento¨+en+el+discurso+lítico+de+Rómulo+Bustos+Aguirre.pdf: tesseract is not installed or it's not in your PATH. See README file for more information.
2026-09-19 15:46:20,966 [INFO] etl_papers:   2011-074X/Del+infierno+merecido.+Mecánicas+de+la+sanación+y+el+¨deslizamimiento¨+en+el+discurso+lítico+de+Rómulo+Bustos+Aguirre.pdf: 0 artículo(s) extraído(s)
2026-09-19 15:46:21,104 [WARNING] etl_papers:   OCR no disponible para EL+Gamonal,+de+Nepomuceno+J.+Navarro+Semiótica+de+una+nación+en+construcción.pdf: tesseract is not installed or it's not in your PATH. See README file for more information.
2026-09-19 15:46:21,105 [INFO] etl_papers:   2011-074X/EL+Gamonal,+de+Nepomuceno+J.+Navarro+Semiótica+de+una+nación+en+construcción.pdf: 0 artículo(s) extraído(s)
2026-09-19 15:46:21,252 [WARNING] etl_papers:   OCR no disponible para Huida+con+cuento,+sin+cuento+y+con+cuento,+de+la+Monja+Alférez+Catalina+de+Erauso+(1585-1652).pdf: tesseract is not installed or it's not in your PATH. See README file for more information.
2026-09-19 15:46:21,252 [INFO] etl_papers:   2011-074X/Huida+con+cuento,+sin+cuento+y+con+cuento,+de+la+Monja+Alférez+Catalina+de+Erauso+(1585-1652).pdf: 0 artículo(s) extraído(s)
2026-09-19 15:46:21,403 [WARNING] etl_papers:   OCR no disponible para La+frontera+infranqueable.+La+araucanía+en+los+relatos+de+viaje+de+dos+ingenieros+francófonos+en+el+Chile+de+fines+del+siglo+XIX+(Gustave+Verniory+y+Camille+Jacob+de+Cordemoy).pdf: tesseract is not installed or it's not in your PATH. See README file for more information.
2026-09-19 15:46:21,404 [INFO] etl_papers:   2011-074X/La+frontera+infranqueable.+La+araucanía+en+los+relatos+de+viaje+de+dos+ingenieros+francófonos+en+el+Chile+de+fines+del+siglo+XIX+(Gustave+Verniory+y+Camille+Jacob+de+Cordemoy).pdf: 0 artículo(s) extraído(s)
2026-09-19 15:46:21,524 [WARNING] etl_papers:   OCR no disponible para Lenguaje.+Natruraleza+y+desarrollo.+Entrevista+a+Víctor+M.+Longa.pdf: tesseract is not installed or it's not in your PATH. See README file for more information.
2026-09-19 15:46:21,524 [INFO] etl_papers:   2011-074X/Lenguaje.+Natruraleza+y+desarrollo.+Entrevista+a+Víctor+M.+Longa.pdf: 0 artículo(s) extraído(s)
2026-09-19 15:46:21,660 [WARNING] etl_papers:   OCR no disponible para Semiótica+del+comic+Civil+War+como+expresión+simbólica+de+la+realidad+social+e+histórica+de+los+Estados+unidos+luego+del+911.pdf: tesseract is not installed or it's not in your PATH. See README file for more information.
2026-09-19 15:46:21,661 [INFO] etl_papers:   2011-074X/Semiótica+del+comic+Civil+War+como+expresión+simbólica+de+la+realidad+social+e+histórica+de+los+Estados+unidos+luego+del+911.pdf: 0 artículo(s) extraído(s)
2026-09-19 15:46:21,856 [WARNING] etl_papers:   OCR no disponible para Valoraciones+del+examen+de+estado+ICFES+saber+11+en+el+discurso+de+jóvenes+de+undécimo.+Análisis+semiótico+(1).pdf: tesseract is not installed or it's not in your PATH. See README file for more information.
2026-09-19 15:46:21,857 [INFO] etl_papers:   2011-074X/Valoraciones+del+examen+de+estado+ICFES+saber+11+en+el+discurso+de+jóvenes+de+undécimo.+Análisis+semiótico+(1).pdf: 0 artículo(s) extraído(s)
2026-09-19 15:46:21,981 [WARNING] etl_papers:   OCR no disponible para ¿Ciudadanos+o+creyentes_+La+refundación+del+ciudadano+ideal+durante+la+regeneración.pdf: tesseract is not installed or it's not in your PATH. See README file for more information.
2026-09-19 15:46:21,981 [INFO] etl_papers:   2011-074X/¿Ciudadanos+o+creyentes_+La+refundación+del+ciudadano+ideal+durante+la+regeneración.pdf: 0 artículo(s) extraído(s)
2026-09-19 15:46:22,041 [INFO] etl_papers:   2011-2106/Art1-Percepção+de+Corrupçã.pdf: 2 artículo(s) extraído(s)
2026-09-19 15:46:22,098 [INFO] etl_papers:   2011-2106/fredysa,+Art10-Dinámicas+del+crédit.pdf: 2 artículo(s) extraído(s)
2026-09-19 15:46:22,200 [INFO] etl_papers:   2011-2106/fredysa,+Art11-Análisis+de+las+prác.pdf: 2 artículo(s) extraído(s)
2026-09-19 15:46:22,264 [INFO] etl_papers:   2011-2106/fredysa,+Art12-Incidencia+de+la+cap.pdf: 2 artículo(s) extraído(s)
2026-09-19 15:46:22,314 [INFO] etl_papers:   2011-2106/fredysa,+Art2-Factores+climáticos+y.pdf: 2 artículo(s) extraído(s)
2026-09-19 15:46:22,384 [INFO] etl_papers:   2011-2106/fredysa,+Art6-Digital+disruption+an.pdf: 2 artículo(s) extraído(s)
2026-09-19 15:46:22,440 [INFO] etl_papers:   2011-2106/fredysa,+Art7-Does+population+aging.pdf: 1 artículo(s) extraído(s)
2026-09-19 15:46:22,530 [INFO] etl_papers:   2011-2106/fredysa,+Art8-Fiscal+communication.pdf: 1 artículo(s) extraído(s)
2026-09-19 15:46:22,588 [INFO] etl_papers:   2011-2106/fredysa,+Art9+-+Gestión+relacional.pdf: 2 artículo(s) extraído(s)
2026-09-19 15:46:22,673 [INFO] etl_papers:   2011-2106/ilovepdf_merged.pdf: 2 artículo(s) extraído(s)
2026-09-19 15:46:22,741 [INFO] etl_papers:   2011-2173/10_Xylella+fastidiosa+management+2019+2025+A+review.pdf: 2 artículo(s) extraído(s)
2026-09-19 15:46:22,822 [INFO] etl_papers:   2011-2173/19(3)_19666+Detection+and+molecular+RCCH19(3).pdf: 2 artículo(s) extraído(s)
2026-09-19 15:46:22,860 [INFO] etl_papers:   2011-2173/1_Strategy+to+mitigate+water+stress+in+passion+fruit+seedlings.pdf: 2 artículo(s) extraído(s)
2026-09-19 15:46:23,027 [INFO] etl_papers:   2011-2173/2_Heavy+metals+on+strawberry.pdf: 2 artículo(s) extraído(s)
2026-09-19 15:46:23,099 [INFO] etl_papers:   2011-2173/3_Proteomic+insights+into+water+stress+in+potato.pdf: 2 artículo(s) extraído(s)
2026-09-19 15:46:23,156 [INFO] etl_papers:   2011-2173/6_Relationship+between+seedling+traits+and+recovery+time+in+shallot.pdf: 2 artículo(s) extraído(s)
2026-09-19 15:46:23,211 [INFO] etl_papers:   2011-2173/7_New+weed+hosts+of+begomoviruses+in+colombia.pdf: 2 artículo(s) extraído(s)
2026-09-19 15:46:23,266 [INFO] etl_papers:   2011-2173/8_Non+biological+pollination+in+tomato.pdf: 2 artículo(s) extraído(s)
2026-09-19 15:46:23,319 [INFO] etl_papers:   2011-2173/9_Physicochemical+and+functional+characterization+of+melloco+mucilage+its+possible+agroindustrial+use.pdf: 2 artículo(s) extraído(s)
2026-09-19 15:46:23,374 [INFO] etl_papers:   2011-3080/7914-+Expectativas+y+preparatividad+académica+en+estudiantes+universitarias+de+primer+año.pdf: 2 artículo(s) extraído(s)
2026-09-19 15:46:23,427 [INFO] etl_papers:   2011-3080/7918-+Actitud+negativa+hacia+las+matemáticas+y+la+escuela.pdf: 2 artículo(s) extraído(s)
2026-09-19 15:46:23,514 [INFO] etl_papers:   2011-3080/7927-+Interventions+to+Foster+Positive+Psychological+Capital+in+the+Organizational+Context.pdf: 2 artículo(s) extraído(s)
2026-09-19 15:46:23,592 [INFO] etl_papers:   2011-3080/7950-+Propiedades+psicométricas+y+validez+estructural+del+Cuestionario+de+Ansiedad+Estado-Rasgo+(STAI).pdf: 3 artículo(s) extraído(s)
2026-09-19 15:46:23,675 [INFO] etl_papers:   2011-3080/7964-+Trayectorias+de+Recuperación+del+Desarrollo+Temprano+en+Acogimiento+Familiar.pdf: 2 artículo(s) extraído(s)
2026-09-19 15:46:23,748 [INFO] etl_papers:   2011-3080/8013-+Psychometric+Properties+of+the+Argentinian+version.pdf: 2 artículo(s) extraído(s)
2026-09-19 15:46:23,826 [INFO] etl_papers:   2011-3668/Ideas+y+Valores_No.+191_articulos_V3-1-24.pdf: 2 artículo(s) extraído(s)
2026-09-19 15:46:23,881 [INFO] etl_papers:   2011-3668/Ideas+y+Valores_No.+191_articulos_V3-121-138.pdf: 2 artículo(s) extraído(s)
2026-09-19 15:46:23,964 [INFO] etl_papers:   2011-3668/Ideas+y+Valores_No.+191_articulos_V3-139-166.pdf: 2 artículo(s) extraído(s)
2026-09-19 15:46:24,029 [INFO] etl_papers:   2011-3668/Ideas+y+Valores_No.+191_articulos_V3-167-191.pdf: 2 artículo(s) extraído(s)
2026-09-19 15:46:24,091 [INFO] etl_papers:   2011-3668/Ideas+y+Valores_No.+191_articulos_V3-25-47.pdf: 2 artículo(s) extraído(s)
2026-09-19 15:46:24,157 [INFO] etl_papers:   2011-3668/Ideas+y+Valores_No.+191_articulos_V3-48-72.pdf: 2 artículo(s) extraído(s)
2026-09-19 15:46:24,241 [INFO] etl_papers:   2011-3668/Ideas+y+Valores_No.+191_articulos_V3-73-96.pdf: 2 artículo(s) extraído(s)
2026-09-19 15:46:24,315 [INFO] etl_papers:   2011-3668/Ideas+y+Valores_No.+191_articulos_V3-97-120.pdf: 2 artículo(s) extraído(s)
2026-09-19 15:46:24,377 [INFO] etl_papers:   2011-4532/Eleuthera_Vol28_2+Art+10.pdf: 1 artículo(s) extraído(s)
2026-09-19 15:46:24,443 [INFO] etl_papers:   2011-4532/Eleuthera_Vol28_2+Art+2.pdf: 2 artículo(s) extraído(s)
2026-09-19 15:46:24,514 [INFO] etl_papers:   2011-4532/Eleuthera_Vol28_2+Art+3.pdf: 2 artículo(s) extraído(s)
2026-09-19 15:46:24,581 [INFO] etl_papers:   2011-4532/Eleuthera_Vol28_2+Art+4.pdf: 2 artículo(s) extraído(s)
2026-09-19 15:46:24,663 [INFO] etl_papers:   2011-4532/Eleuthera_Vol28_2+Art+5.pdf: 2 artículo(s) extraído(s)
2026-09-19 15:46:24,733 [INFO] etl_papers:   2011-4532/Eleuthera_Vol28_2+Art+6.pdf: 2 artículo(s) extraído(s)
2026-09-19 15:46:24,791 [INFO] etl_papers:   2011-4532/Eleuthera_Vol28_2+Art+7.pdf: 2 artículo(s) extraído(s)
2026-09-19 15:46:24,864 [INFO] etl_papers:   2011-4532/Eleuthera_Vol28_2+Art+8.pdf: 2 artículo(s) extraído(s)
2026-09-19 15:46:24,927 [INFO] etl_papers:   2011-4532/Eleuthera_Vol28_2+Art+9.pdf: 2 artículo(s) extraído(s)
2026-09-19 15:46:24,955 [INFO] etl_papers:   2011-5318/edepospublicacion,+Edu_DeSo_(Taco)20190804_Diag(7)_-116-126.pdf: 2 artículo(s) extraído(s)
2026-09-19 15:46:24,976 [INFO] etl_papers:   2011-5318/edepospublicacion,+Edu_DeSo_(Taco)20190804_Diag(7)_-30-36.pdf: 2 artículo(s) extraído(s)
2026-09-19 15:46:25,026 [INFO] etl_papers:   2011-5318/edepospublicacion,+Edu_DeSo_(Taco)20190804_Diag(7)_-37-59.pdf: 2 artículo(s) extraído(s)
2026-09-19 15:46:25,078 [INFO] etl_papers:   2011-5318/edepospublicacion,+Edu_DeSo_(Taco)20190804_Diag(7)_-5-29.pdf: 2 artículo(s) extraído(s)
2026-09-19 15:46:25,113 [INFO] etl_papers:   2011-5318/edepospublicacion,+Edu_DeSo_(Taco)20190804_Diag(7)_-60-73.pdf: 2 artículo(s) extraído(s)
2026-09-19 15:46:25,150 [INFO] etl_papers:   2011-5318/edepospublicacion,+Edu_DeSo_(Taco)20190804_Diag(7)_-74-89.pdf: 2 artículo(s) extraído(s)
2026-09-19 15:46:25,208 [INFO] etl_papers:   2011-5318/edepospublicacion,+Edu_DeSo_(Taco)20190804_Diag(7)_-90-115.pdf: 2 artículo(s) extraído(s)
2026-09-19 15:46:25,264 [INFO] etl_papers:   2011-5474/glopez,+665-Texto+del+artÃ_culo-3861-1-11-20241227.pdf: 2 artículo(s) extraído(s)
2026-09-19 15:46:25,302 [INFO] etl_papers:   2011-5474/glopez,+729(1).pdf: 1 artículo(s) extraído(s)
2026-09-19 15:46:25,385 [INFO] etl_papers:   2011-5474/glopez,+735-Texto+del+artÃ_culo-3863-1-11-20241227.pdf: 2 artículo(s) extraído(s)
2026-09-19 15:46:25,439 [INFO] etl_papers:   2011-5474/glopez,+768-(2).pdf: 2 artículo(s) extraído(s)
2026-09-19 15:46:25,500 [INFO] etl_papers:   2011-5474/glopez,+782-finaldocx.pdf: 2 artículo(s) extraído(s)
2026-09-19 15:46:25,547 [INFO] etl_papers:   2011-5474/glopez,+790-version+final+.pdf: 2 artículo(s) extraído(s)
2026-09-19 15:46:25,592 [INFO] etl_papers:   2011-7663/FyPE16-2+-+Art.2.pdf: 2 artículo(s) extraído(s)
2026-09-19 15:46:25,647 [INFO] etl_papers:   2011-7663/FyPE16-2+-+Art.3.pdf: 2 artículo(s) extraído(s)
2026-09-19 15:46:25,737 [INFO] etl_papers:   2011-7663/FyPE16-2+-+Art.4.pdf: 2 artículo(s) extraído(s)
2026-09-19 15:46:25,813 [INFO] etl_papers:   2011-7663/FyPE16-2+-+Art.5.pdf: 2 artículo(s) extraído(s)
2026-09-19 15:46:25,863 [INFO] etl_papers:   2011-7663/FyPE16-2+-+Art.6.pdf: 2 artículo(s) extraído(s)
2026-09-19 15:46:25,927 [INFO] etl_papers:   2011-7663/FyPE16-2+-+Art.8.pdf: 2 artículo(s) extraído(s)
2026-09-19 15:46:26,027 [INFO] etl_papers:   2011-7663/FyPE16-2+-+Art.9.pdf: 2 artículo(s) extraído(s)
2026-09-19 15:46:26,096 [INFO] etl_papers:   2011-7922/An+explanatory+model+of+intimate+partner+violence+among++peruvian+women_+Social+and+health+implications.pdf: 2 artículo(s) extraído(s)
2026-09-19 15:46:26,149 [INFO] etl_papers:   2011-7922/Asociaciones+entre+parentalidad+intensiva+y+satisfacción+con+la+vida_+efectos+indirectos+de+la+ansiedad+y+diferencias+estructurales+según+sexo+parental.pdf: 2 artículo(s) extraído(s)
2026-09-19 15:46:26,210 [INFO] etl_papers:   2011-7922/Cognitive+Flexibility+Scale+(CFS)_+Psychometric+Properties+and+Validation+among+managers+in+Southern+Brazil.pdf: 2 artículo(s) extraído(s)
2026-09-19 15:46:26,249 [INFO] etl_papers:   2011-7922/Conspiracy+Theory+Beliefs+and+Tendency+for+Interpersonal+Victimhood_+The+Mediating+Role+of+Cognitive+Biases.pdf: 2 artículo(s) extraído(s)
2026-09-19 15:46:26,300 [INFO] etl_papers:   2011-7922/Effect+of+Cognitive+Processing+Therapy+on+Childbirth-Related+Post-+Traumatic+Stress+Disorder+among+postpartum+mothers_+Evidence+from+a+Quasi-Experimental+Pretest–Posttest+Study.pdf: 2 artículo(s) extraído(s)
2026-09-19 15:46:26,350 [INFO] etl_papers:   2011-7922/Effect+of+Visual+and+Spatial+Working+Memory+Load+on++Subitizing+and+Estimation.pdf: 2 artículo(s) extraído(s)
2026-09-19 15:46:26,395 [INFO] etl_papers:   2011-7922/Psychometric+Properties+of+the+EORTC+QLQ-LC29+Module+for+Assessing+Quality+of+Life+in+Patients+with+Lung+Cancer_+An+Observational+Study+in+Antioquia,+Colombia.pdf: 1 artículo(s) extraído(s)
2026-09-19 15:46:26,445 [INFO] etl_papers:   2011-7922/Psychosocial+Processes+Following+Child+Loss_+Grief,+Social+Support,+and+Depression+in+Mothers.pdf: 2 artículo(s) extraído(s)
2026-09-19 15:46:26,569 [INFO] etl_papers:   2011-799X/Dialnet-AreIrrealiaDeterminedByGenresForRealACorpusBasedSt-10680206.pdf: 2 artículo(s) extraído(s)
2026-09-19 15:46:26,669 [INFO] etl_papers:   2011-799X/Dialnet-AudiodescripcionFilmicaYAccesibilidad-10680213.pdf: 2 artículo(s) extraído(s)
2026-09-19 15:46:26,758 [INFO] etl_papers:   2011-799X/Dialnet-BeyondTheStage-10680212.pdf: 2 artículo(s) extraído(s)
2026-09-19 15:46:26,834 [INFO] etl_papers:   2011-799X/Dialnet-ChartingVirtualWorlds-10680211.pdf: 3 artículo(s) extraído(s)
2026-09-19 15:46:26,946 [INFO] etl_papers:   2011-799X/Dialnet-DisenoYEvaluacionDeUnaMetodologiaParaLaEnsenanzaDe-10680209.pdf: 2 artículo(s) extraído(s)
2026-09-19 15:46:27,065 [INFO] etl_papers:   2011-799X/Dialnet-ElDoblajeVisualEnLaLocalizacionDeVideojuegos-10680207.pdf: 2 artículo(s) extraído(s)
2026-09-19 15:46:27,160 [INFO] etl_papers:   2011-799X/Dialnet-LosVideojuegosEnLaEnsenanzaYElAprendizajeDeFrances-10680214.pdf: 2 artículo(s) extraído(s)
2026-09-19 15:46:27,309 [INFO] etl_papers:   2011-799X/Dialnet-ObjectionDesarrolloDeLaCompetenciaEnTraduccionJuri-10680210.pdf: 2 artículo(s) extraído(s)
2026-09-19 15:46:27,440 [INFO] etl_papers:   2011-799X/Dialnet-SecuenciaEvaluativaGamificadaParaLaFormacionProfes-10680208.pdf: 2 artículo(s) extraído(s)
2026-09-19 15:46:27,447 [INFO] etl_papers:   2011-8643/Conference Management Toolkit - Submission Summary.pdf: 1 artículo(s) extraído(s)
2026-09-19 15:46:27,509 [INFO] etl_papers:   2011-8643/cangulomuoz,+Gestor_a+de+la+revista,+Magistro+Vol.+8+No.+16-Dificultades.pdf: 2 artículo(s) extraído(s)
2026-09-19 15:46:27,552 [INFO] etl_papers:   2011-8643/cangulomuoz,+Gestor_a+de+la+revista,+Magistro+Vol.+8+No.+16-Distinciones.pdf: 2 artículo(s) extraído(s)
2026-09-19 15:46:27,590 [INFO] etl_papers:   2011-8643/cangulomuoz,+Gestor_a+de+la+revista,+Magistro+Vol.+8+No.+16-Educación.pdf: 2 artículo(s) extraído(s)
2026-09-19 15:46:27,629 [INFO] etl_papers:   2011-8643/cangulomuoz,+Gestor_a+de+la+revista,+Magistro+Vol.+8+No.+16-Hermes.pdf: 2 artículo(s) extraído(s)
2026-09-19 15:46:27,676 [INFO] etl_papers:   2011-8643/cangulomuoz,+Gestor_a+de+la+revista,+Magistro+Vol.+8+No.+16-Maestro.pdf: 2 artículo(s) extraído(s)
2026-09-19 15:46:27,734 [INFO] etl_papers:   2011-8643/cangulomuoz,+Gestor_a+de+la+revista,+Magistro+Vol.+8+No.+16-TIC.pdf: 2 artículo(s) extraído(s)
2026-09-19 15:46:27,771 [INFO] etl_papers:   2027-0119/ruc_26_35_1_001-006.pdf: 1 artículo(s) extraído(s)
2026-09-19 15:46:27,804 [INFO] etl_papers:   2027-0119/ruc_26_35_1_007-012.pdf: 1 artículo(s) extraído(s)
2026-09-19 15:46:27,846 [INFO] etl_papers:   2027-0119/ruc_26_35_1_013-020.pdf: 2 artículo(s) extraído(s)
2026-09-19 15:46:29,205 [INFO] etl_papers:   2027-1034/851-239-PB.pdf: 51 artículo(s) extraído(s)
2026-09-19 15:46:29,277 [INFO] etl_papers:   2027-1352/Art-890_Ajem.pdf: 2 artículo(s) extraído(s)
2026-09-19 15:46:29,346 [INFO] etl_papers:   2027-1352/Art-900_Ajem.pdf: 2 artículo(s) extraído(s)
2026-09-19 15:46:29,429 [INFO] etl_papers:   2027-1352/Art-924_ajem.pdf: 2 artículo(s) extraído(s)
2026-09-19 15:46:29,491 [INFO] etl_papers:   2027-1352/Art-939_Ajem.pdf: 2 artículo(s) extraído(s)
2026-09-19 15:46:29,611 [INFO] etl_papers:   2027-1352/Art-954_ajem.pdf: 2 artículo(s) extraído(s)
2026-09-19 15:46:29,696 [INFO] etl_papers:   2027-1352/Art-955_ajem.pdf: 2 artículo(s) extraído(s)
2026-09-19 15:46:29,723 [INFO] etl_papers:   2027-1352/TA1-1.pdf: 1 artículo(s) extraído(s)
2026-09-19 15:46:29,758 [INFO] etl_papers:   2027-1352/TA1-5.pdf: 1 artículo(s) extraído(s)
2026-09-19 15:46:29,789 [INFO] etl_papers:   2027-1352/TA3-1.pdf: 1 artículo(s) extraído(s)
2026-09-19 15:46:29,819 [INFO] etl_papers:   2027-1352/TA3-14.pdf: 1 artículo(s) extraído(s)
2026-09-19 15:46:29,913 [INFO] etl_papers:   2027-145X/01_122465.pdf: 1 artículo(s) extraído(s)
2026-09-19 15:46:29,998 [INFO] etl_papers:   2027-145X/02_122787.pdf: 1 artículo(s) extraído(s)
2026-09-19 15:46:30,073 [INFO] etl_papers:   2027-145X/03_120152.pdf: 1 artículo(s) extraído(s)
2026-09-19 15:46:30,176 [INFO] etl_papers:   2027-145X/04_119773.pdf: 1 artículo(s) extraído(s)
2026-09-19 15:46:30,238 [INFO] etl_papers:   2027-145X/05_122534.pdf: 1 artículo(s) extraído(s)
2026-09-19 15:46:30,350 [INFO] etl_papers:   2027-145X/06_122005.pdf: 1 artículo(s) extraído(s)
2026-09-19 15:46:30,443 [INFO] etl_papers:   2027-145X/08_122418.pdf: 1 artículo(s) extraído(s)
2026-09-19 15:46:30,553 [INFO] etl_papers:   2027-145X/09_122529.pdf: 1 artículo(s) extraído(s)
2026-09-19 15:46:30,666 [INFO] etl_papers:   2027-145X/10_120130.pdf: 1 artículo(s) extraído(s)
2026-09-19 15:46:30,728 [INFO] etl_papers:   2027-145X/11_122565.pdf: 1 artículo(s) extraído(s)
2026-09-19 15:46:30,796 [INFO] etl_papers:   2027-145X/12_122210.pdf: 1 artículo(s) extraído(s)
2026-09-19 15:46:30,871 [INFO] etl_papers:   2027-145X/13_123123.pdf: 1 artículo(s) extraído(s)
2026-09-19 15:46:30,951 [INFO] etl_papers:   2027-145X/14_122521.pdf: 1 artículo(s) extraído(s)
2026-09-19 15:46:31,028 [INFO] etl_papers:   2027-1557/Dialnet-AnalisisTeoricocontextualDeLaConcepcionDePoliticas-10594409.pdf: 2 artículo(s) extraído(s)
2026-09-19 15:46:31,084 [INFO] etl_papers:   2027-1557/Dialnet-ConexionesEntreElementosCompositivosDeLasArtesPlas-10273676.pdf: 2 artículo(s) extraído(s)
2026-09-19 15:46:31,137 [INFO] etl_papers:   2027-1557/Dialnet-ElAcompanamientoComoParteFundamentalDeProcesosDeFo-10273675.pdf: 2 artículo(s) extraído(s)
2026-09-19 15:46:31,220 [INFO] etl_papers:   2027-1557/Dialnet-ElPeligroDeLosOutsiders-10594404.pdf: 2 artículo(s) extraído(s)
2026-09-19 15:46:31,306 [INFO] etl_papers:   2027-1557/Dialnet-ElPodcastEstudiantilComoEstrategiaEducomunicativaP-10273678.pdf: 2 artículo(s) extraído(s)
2026-09-19 15:46:31,397 [INFO] etl_papers:   2027-1557/Dialnet-ElSolDeBenyoLosPuntosCiegosDeLaInvestigacionSobreL-10273679.pdf: 2 artículo(s) extraído(s)
2026-09-19 15:46:31,468 [INFO] etl_papers:   2027-1557/Dialnet-EnSegundoGradoTejiendoLaCuerdaDeLectura-10594402.pdf: 2 artículo(s) extraído(s)
2026-09-19 15:46:31,546 [INFO] etl_papers:   2027-1557/Dialnet-EnfoquesSobreElEstudioDeLaIdentidadGamer-10273677.pdf: 4 artículo(s) extraído(s)
2026-09-19 15:46:31,624 [INFO] etl_papers:   2027-1557/Dialnet-RedesAcademicasYColaboracionEducativa-10594403.pdf: 2 artículo(s) extraído(s)
2026-09-19 15:46:31,688 [INFO] etl_papers:   2027-1557/Dialnet-RepresentacionesDiscursivasSobreMujeresIndigenasEn-10594401.pdf: 2 artículo(s) extraído(s)
2026-09-19 15:46:31,751 [INFO] etl_papers:   2027-1557/Dialnet-RepresentacionesGraficas-10594405.pdf: 2 artículo(s) extraído(s)
2026-09-19 15:46:31,810 [INFO] etl_papers:   2027-1557/Dialnet-VocesInnovadoras-10273674.pdf: 2 artículo(s) extraído(s)
2026-09-19 15:46:31,855 [INFO] etl_papers:   2027-1840/admin,+1224-3364-1-CE.pdf: 2 artículo(s) extraído(s)
2026-09-19 15:46:31,886 [INFO] etl_papers:   2027-1840/admin,+1225-3368-1-CE.pdf: 2 artículo(s) extraído(s)
2026-09-19 15:46:31,906 [INFO] etl_papers:   2027-1840/admin,+1227-3376-1-CE.pdf: 2 artículo(s) extraído(s)
2026-09-19 15:46:31,924 [INFO] etl_papers:   2027-1840/admin,+1228-3380-1-CE.pdf: 2 artículo(s) extraído(s)
2026-09-19 15:46:31,992 [INFO] etl_papers:   2027-2103/6802828010.pdf: 2 artículo(s) extraído(s)
2026-09-19 15:46:32,047 [INFO] etl_papers:   2027-2103/6802828011.pdf: 2 artículo(s) extraído(s)
2026-09-19 15:46:32,096 [INFO] etl_papers:   2027-2103/6802828012.pdf: 2 artículo(s) extraído(s)
2026-09-19 15:46:32,164 [INFO] etl_papers:   2027-2103/86802828014.pdf: 2 artículo(s) extraído(s)
2026-09-19 15:46:32,232 [INFO] etl_papers:   2027-2103/96802828017.pdf: 2 artículo(s) extraído(s)
2026-09-19 15:46:32,301 [INFO] etl_papers:   2027-2103/96802828018.pdf: 2 artículo(s) extraído(s)
2026-09-19 15:46:32,378 [INFO] etl_papers:   2027-2103/96802828019.pdf: 2 artículo(s) extraído(s)
2026-09-19 15:46:32,441 [INFO] etl_papers:   2027-2103/CVU-18+LOTE-7_PR_GN6802828013.pdf: 2 artículo(s) extraído(s)
2026-09-19 15:46:32,511 [INFO] etl_papers:   2027-2103/CVU18+LOTE-86802828015.pdf: 2 artículo(s) extraído(s)
2026-09-19 15:46:32,579 [INFO] etl_papers:   2027-2103/CVU18+LOTE-86802828016.pdf: 2 artículo(s) extraído(s)
2026-09-19 15:46:32,645 [INFO] etl_papers:   2027-2391/Dialnet-ImmigrationAndCustomsEnforcementICEYLaDualidadDeLa-10857360.pdf: 2 artículo(s) extraído(s)
2026-09-19 15:46:32,694 [INFO] etl_papers:   2027-2391/Dialnet-LaDeclaratoriaDeEmergenciaClimaticaEnMedellin-10857366.pdf: 2 artículo(s) extraído(s)
2026-09-19 15:46:32,754 [INFO] etl_papers:   2027-2391/Dialnet-LasConexionesGeopoliticasDeLosCuerposPedagogicos-10857367.pdf: 2 artículo(s) extraído(s)
2026-09-19 15:46:32,800 [INFO] etl_papers:   2027-2391/Dialnet-OrdenGlobalEnDisputa-10857365.pdf: 2 artículo(s) extraído(s)
2026-09-19 15:46:32,848 [INFO] etl_papers:   2027-2391/Dialnet-PorUnaGeografiaCriticaDeLasEconomiasPopulares-10857361.pdf: 2 artículo(s) extraído(s)
2026-09-19 15:46:32,901 [INFO] etl_papers:   2027-2448/2026-2+ART-1.pdf: 2 artículo(s) extraído(s)
2026-09-19 15:46:32,963 [INFO] etl_papers:   2027-2448/2026-2+ART-2.pdf: 2 artículo(s) extraído(s)
2026-09-19 15:46:33,031 [INFO] etl_papers:   2027-2448/2026-2+ART-3+(2).pdf: 2 artículo(s) extraído(s)
2026-09-19 15:46:33,098 [INFO] etl_papers:   2027-2448/2026-2+ART-4.pdf: 2 artículo(s) extraído(s)
2026-09-19 15:46:33,193 [INFO] etl_papers:   2027-2448/2026-2+ART-5+(1).pdf: 2 artículo(s) extraído(s)
2026-09-19 15:46:33,248 [INFO] etl_papers:   2027-2448/2026-2+ART-6+(1).pdf: 2 artículo(s) extraído(s)
2026-09-19 15:46:33,295 [INFO] etl_papers:   2027-2448/2026-2+ART-7+(2).pdf: 2 artículo(s) extraído(s)
2026-09-19 15:46:33,338 [INFO] etl_papers:   2027-3401/claralpt,+ART.+EDUCACION+Y+DEMOCRACIA+(211-227).pdf: 2 artículo(s) extraído(s)
2026-09-19 15:46:33,394 [INFO] etl_papers:   2027-3401/claralpt,+ART.+EDUCACIÓN+(83-108).pdf: 1 artículo(s) extraído(s)
2026-09-19 15:46:33,433 [INFO] etl_papers:   2027-3401/claralpt,+ART.+ESTRATEGIA+DE+COMPRENSIÓN+(157-172).pdf: 1 artículo(s) extraído(s)
2026-09-19 15:46:33,499 [INFO] etl_papers:   2027-3401/claralpt,+ART.+PROPUESTA+DIDACTICA+(131-156).pdf: 2 artículo(s) extraído(s)
2026-09-19 15:46:33,533 [INFO] etl_papers:   2027-3401/claralpt,+ART.+UNA+APROXIMACIÓN+(195-209).pdf: 1 artículo(s) extraído(s)
2026-09-19 15:46:33,630 [INFO] etl_papers:   2027-3401/claralpt,+ARTICULOS+INMIGRANTES+(17-54).pdf: 2 artículo(s) extraído(s)
2026-09-19 15:46:33,676 [INFO] etl_papers:   2027-3401/claralpt,+Desarrollo+del+Pensamiento+Crítico+Profesores+y+Estudiantes+de+Licenciatura+en+Ciencias+Sociales.pdf: 2 artículo(s) extraído(s)
2026-09-19 15:46:33,742 [INFO] etl_papers:   2027-3401/claralpt,+La+discapacidad+visual+desde+una+perspectiva+Inter+seccional+de+inclusión.pdf: 2 artículo(s) extraído(s)
2026-09-19 15:46:33,799 [INFO] etl_papers:   2027-3401/claralpt,+Pertinencia+curricular+e+intercultural.pdf: 2 artículo(s) extraído(s)
2026-09-19 15:46:33,884 [INFO] etl_papers:   2027-5366/Dikaion35(1)_26821_Potestad_7_PDF_Cristian+Andrés+Díaz+Díez.pdf: 2 artículo(s) extraído(s)
2026-09-19 15:46:33,981 [INFO] etl_papers:   2027-5366/Dikaion35(1)_26879_Juez_7_PDF_Francisco+Vázquez+Gómez+Bisogno.pdf: 2 artículo(s) extraído(s)
2026-09-19 15:46:34,061 [INFO] etl_papers:   2027-5366/Díkaion35(1)_25871-LaDoctrina_7_PDF_Dúber+Armando+Celis+Vela.pdf: 2 artículo(s) extraído(s)
2026-09-19 15:46:34,176 [INFO] etl_papers:   2027-5366/Díkaion35(1)_26067-Desafíos_7_PDF_Fernando+A.+Ramos-Zaga.pdf: 2 artículo(s) extraído(s)
2026-09-19 15:46:34,272 [INFO] etl_papers:   2027-5366/Díkaion35(1)_26231-Subjetividad_7_PDF_Andherson+Jhordan+Aguirre+Lanegra.pdf: 2 artículo(s) extraído(s)
2026-09-19 15:46:34,375 [INFO] etl_papers:   2027-5366/Díkaion35(1)_26733-Potestades_7_PDF_Vera+Sánchez;Navarro+Schiappacasse.pdf: 2 artículo(s) extraído(s)
2026-09-19 15:46:34,408 [INFO] etl_papers:   2027-5846/1__Red_neuronal (1).pdf: 2 artículo(s) extraído(s)
2026-09-19 15:46:34,456 [INFO] etl_papers:   2027-5846/2__Permanencia_académica.pdf: 2 artículo(s) extraído(s)
2026-09-19 15:46:34,489 [INFO] etl_papers:   2027-5846/3__Arquitectura_multicore.pdf: 2 artículo(s) extraído(s)
2026-09-19 15:46:34,515 [INFO] etl_papers:   2027-5846/4__Implementación_de_herramientas.pdf: 2 artículo(s) extraído(s)
2026-09-19 15:46:34,550 [INFO] etl_papers:   2027-5846/5__Brain_painting.pdf: 4 artículo(s) extraído(s)
2026-09-19 15:46:34,574 [INFO] etl_papers:   2027-5846/6__Formación_vocacional.pdf: 3 artículo(s) extraído(s)
2026-09-19 15:46:34,633 [INFO] etl_papers:   2027-7458/Dialnet-AdolescenciaDiscursosEntrecruzadosEReexistencias-10837066.pdf: 3 artículo(s) extraído(s)
2026-09-19 15:46:34,719 [INFO] etl_papers:   2027-7458/Dialnet-EstudiarDiscursivamenteLasPoliticasPublicas-10837059.pdf: 2 artículo(s) extraído(s)
2026-09-19 15:46:34,780 [INFO] etl_papers:   2027-7458/Dialnet-ModosDePensarYExpresarElLenguajeClaroEnElMinisteri-10837061.pdf: 2 artículo(s) extraído(s)
2026-09-19 15:46:34,854 [INFO] etl_papers:   2027-7458/Dialnet-MulheresTraficoDeDrogasEDiscursoJuridico-10837064.pdf: 2 artículo(s) extraído(s)
2026-09-19 15:46:34,922 [INFO] etl_papers:   2027-7458/Dialnet-ParaQueHacerAnalisisCriticoDelDiscurso-10837058.pdf: 2 artículo(s) extraído(s)
2026-09-19 15:46:34,980 [INFO] etl_papers:   2027-7458/Dialnet-PoliticasPublicasNaAgendaDeGeneroESexualidade-10837063.pdf: 3 artículo(s) extraído(s)
2026-09-19 15:46:35,028 [INFO] etl_papers:   2027-7458/Dialnet-PoliticasPublicasYPobrezaEnLaGuajiraColombia-10837062.pdf: 2 artículo(s) extraído(s)
2026-09-19 15:46:35,082 [INFO] etl_papers:   2027-7458/Dialnet-SufrimientoAmbiental-10837065.pdf: 2 artículo(s) extraído(s)
2026-09-19 15:46:35,132 [INFO] etl_papers:   2027-7679/1.+Autoconcepto+y+satisfacción+con+la+vida.pdf: 2 artículo(s) extraído(s)
2026-09-19 15:46:35,185 [INFO] etl_papers:   2027-7679/2.+Barreras+durante+la+búsqueda+de+empleo.pdf: 2 artículo(s) extraído(s)
2026-09-19 15:46:35,247 [INFO] etl_papers:   2027-7679/3.+Mapas+y+recorridos+sensoriales+participativos_compressed.pdf: 2 artículo(s) extraído(s)
2026-09-19 15:46:35,311 [INFO] etl_papers:   2027-7679/4.+La+condición+juvenil+en+clave+interseccional.pdf: 2 artículo(s) extraído(s)
2026-09-19 15:46:35,362 [INFO] etl_papers:   2027-7679/5.+Determinantes+psicosociales+de+la+vocación.pdf: 2 artículo(s) extraído(s)
2026-09-19 15:46:35,423 [INFO] etl_papers:   2027-7679/6.+Artes+en+la+educación+inicial_compressed.pdf: 2 artículo(s) extraído(s)
2026-09-19 15:46:35,469 [INFO] etl_papers:   2027-7679/7.+Evaluación+de+la+personalidad+en+delincuencia.pdf: 2 artículo(s) extraído(s)
2026-09-19 15:46:35,546 [INFO] etl_papers:   2027-7822/Vol14,02_AO_Art01.pdf: 2 artículo(s) extraído(s)
2026-09-19 15:46:35,587 [INFO] etl_papers:   2027-7822/Vol14,02_AO_Art02.pdf: 2 artículo(s) extraído(s)
2026-09-19 15:46:35,654 [INFO] etl_papers:   2027-7822/Vol14,02_AO_Art03.pdf: 2 artículo(s) extraído(s)
2026-09-19 15:46:35,717 [INFO] etl_papers:   2027-7822/Vol14,02_AO_Art04 (1).pdf: 2 artículo(s) extraído(s)
2026-09-19 15:46:35,775 [INFO] etl_papers:   2027-7822/Vol14,02_AO_Art04.pdf: 2 artículo(s) extraído(s)
2026-09-19 15:46:35,844 [INFO] etl_papers:   2027-7822/Vol14,02_AO_Art06.pdf: 2 artículo(s) extraído(s)
2026-09-19 15:46:35,911 [INFO] etl_papers:   2027-7822/Vol14,02_AO_Art07.pdf: 2 artículo(s) extraído(s)
2026-09-19 15:46:35,930 [INFO] etl_papers:   2027-9000/0121-8123-rcre-32-02-103.pdf: 1 artículo(s) extraído(s)
2026-09-19 15:46:35,963 [INFO] etl_papers:   2027-9000/0121-8123-rcre-32-02-105.pdf: 1 artículo(s) extraído(s)
2026-09-19 15:46:36,013 [INFO] etl_papers:   2027-9000/0121-8123-rcre-32-03-183.pdf: 1 artículo(s) extraído(s)
2026-09-19 15:46:36,084 [INFO] etl_papers:   2027-9000/0121-8123-rcre-32-03-190.pdf: 1 artículo(s) extraído(s)
2026-09-19 15:46:36,170 [INFO] etl_papers:   2027-9000/0121-8123-rcre-32-03-198.pdf: 1 artículo(s) extraído(s)
2026-09-19 15:46:36,220 [INFO] etl_papers:   2027-9000/0121-8123-rcre-32-03-209.pdf: 1 artículo(s) extraído(s)
2026-09-19 15:46:36,281 [INFO] etl_papers:   2027-9000/0121-8123-rcre-32-03-222.pdf: 1 artículo(s) extraído(s)
2026-09-19 15:46:36,316 [INFO] etl_papers:   2027-9000/0121-8123-rcre-32-03-231.pdf: 1 artículo(s) extraído(s)
2026-09-19 15:46:36,390 [INFO] etl_papers:   2027-9000/0121-8123-rcre-32-03-236.pdf: 1 artículo(s) extraído(s)
2026-09-19 15:46:36,462 [INFO] etl_papers:   2145-132X/gpalzate,+2145-132X-histo-11-21-211.pdf: 2 artículo(s) extraído(s)
2026-09-19 15:46:36,535 [INFO] etl_papers:   2145-132X/gpalzate,+2145132X203_Pita_Pico.pdf: 2 artículo(s) extraído(s)
2026-09-19 15:46:36,619 [INFO] etl_papers:   2145-132X/gpalzate,+2145132X224_Rubiano_PE.pdf: 2 artículo(s) extraído(s)
2026-09-19 15:46:36,687 [INFO] etl_papers:   2145-132X/gpalzate,+2145132X225_Villegas_A_Alarcon_S.pdf: 2 artículo(s) extraído(s)
2026-09-19 15:46:36,751 [INFO] etl_papers:   2145-132X/gpalzate,+2145132X226__Cabrera_MAM_Vidal_OA.pdf: 2 artículo(s) extraído(s)
2026-09-19 15:46:36,980 [INFO] etl_papers:   2145-132X/gpalzate,+_2145132X242_AlmarioGarcia_O.pdf: 2 artículo(s) extraído(s)
2026-09-19 15:46:37,058 [INFO] etl_papers:   2145-132X/historelo,+2145132X304_Llancavil_etal.pdf: 2 artículo(s) extraído(s)
2026-09-19 15:46:37,130 [INFO] etl_papers:   2145-132X/historelo,+2145132X326_Monroy.pdf: 2 artículo(s) extraído(s)
2026-09-19 15:46:37,209 [INFO] etl_papers:   2145-132X/historelo,+2145132X331_Manosalva-Paez.pdf: 2 artículo(s) extraído(s)
2026-09-19 15:46:37,255 [INFO] etl_papers:   2145-2660/364603_compressed.pdf: 2 artículo(s) extraído(s)
2026-09-19 15:46:37,360 [INFO] etl_papers:   2145-2660/Vitae+33-1++361981+(1).pdf: 1 artículo(s) extraído(s)
2026-09-19 15:46:37,411 [INFO] etl_papers:   2145-2660/Vitae+33-1++362612+(2).pdf: 2 artículo(s) extraído(s)
2026-09-19 15:46:37,455 [INFO] etl_papers:   2145-2660/Vitae+33-1++362906.pdf: 2 artículo(s) extraído(s)
2026-09-19 15:46:37,505 [INFO] etl_papers:   2145-2660/Vitae+33-1++363328+(3).pdf: 1 artículo(s) extraído(s)
2026-09-19 15:46:37,560 [INFO] etl_papers:   2145-2660/Vitae+33-1++363490+(1).pdf: 1 artículo(s) extraído(s)
2026-09-19 15:46:37,605 [INFO] etl_papers:   2145-2660/Vitae+33-1++363870.pdf: 1 artículo(s) extraído(s)
2026-09-19 15:46:37,654 [INFO] etl_papers:   2145-2660/Vitae+33-2++363359+(1).pdf: 2 artículo(s) extraído(s)
2026-09-19 15:46:37,699 [INFO] etl_papers:   2145-2660/Vitae+33-2++363403+(2).pdf: 2 artículo(s) extraído(s)
2026-09-19 15:46:37,758 [INFO] etl_papers:   2145-2660/Vitae+33-2++363745+(1).pdf: 1 artículo(s) extraído(s)
2026-09-19 15:46:37,823 [INFO] etl_papers:   2145-2660/Vitae+33-2++364067+(1).pdf: 2 artículo(s) extraído(s)
2026-09-19 15:46:37,887 [INFO] etl_papers:   2145-2660/Vitae+33-2++364125+(1).pdf: 1 artículo(s) extraído(s)
2026-09-19 15:46:37,971 [INFO] etl_papers:   2145-2660/Vitae+33-2++364280+(1).pdf: 2 artículo(s) extraído(s)
2026-09-19 15:46:38,025 [INFO] etl_papers:   2145-2660/Vitae+33-2++364805+(1).pdf: 2 artículo(s) extraído(s)
2026-09-19 15:46:38,096 [INFO] etl_papers:   2145-2946/document (2).pdf: 2 artículo(s) extraído(s)
2026-09-19 15:46:38,183 [INFO] etl_papers:   2145-2946/document (3).pdf: 2 artículo(s) extraído(s)
2026-09-19 15:46:38,373 [INFO] etl_papers:   2145-2946/document (4).pdf: 2 artículo(s) extraído(s)
2026-09-19 15:46:38,529 [INFO] etl_papers:   2145-2946/document (5).pdf: 2 artículo(s) extraído(s)
2026-09-19 15:46:38,674 [INFO] etl_papers:   2145-2946/document (6).pdf: 2 artículo(s) extraído(s)
2026-09-19 15:46:38,727 [INFO] etl_papers:   2145-4507/RCS-24-2_14471_Guevara.pdf: 2 artículo(s) extraído(s)
2026-09-19 15:46:38,776 [INFO] etl_papers:   2145-4507/RCS-24-2_14668_Quiroz.pdf: 2 artículo(s) extraído(s)
2026-09-19 15:46:38,828 [INFO] etl_papers:   2145-4507/RCS-24-2_14778_Alvarez (1).pdf: 2 artículo(s) extraído(s)
2026-09-19 15:46:38,875 [INFO] etl_papers:   2145-4507/RCS-24-2_14778_Alvarez (2).pdf: 2 artículo(s) extraído(s)
2026-09-19 15:46:38,920 [INFO] etl_papers:   2145-4507/RCS-24-2_14778_Alvarez.pdf: 2 artículo(s) extraído(s)
2026-09-19 15:46:38,969 [INFO] etl_papers:   2145-4507/RCS-24-2_14810_Vila.pdf: 2 artículo(s) extraído(s)
2026-09-19 15:46:39,032 [INFO] etl_papers:   2145-4515/14908+Rev+APL+43-3+dos+Obreque.pdf: 2 artículo(s) extraído(s)
2026-09-19 15:46:39,085 [INFO] etl_papers:   2145-4515/15988+Rev+APL+44-1+Lopez.pdf: 2 artículo(s) extraído(s)
2026-09-19 15:46:39,155 [INFO] etl_papers:   2145-4515/16103+Rev+APL+43-3+Mendez.pdf: 2 artículo(s) extraído(s)
2026-09-19 15:46:39,216 [INFO] etl_papers:   2145-4515/16139+Rev+APL+43-3+Lupano.pdf: 2 artículo(s) extraído(s)
2026-09-19 15:46:39,296 [INFO] etl_papers:   2145-4515/16174+Rev+APL+43-3+Tapie.pdf: 2 artículo(s) extraído(s)
2026-09-19 15:46:39,383 [INFO] etl_papers:   2145-4515/16301+Rev+APL+44-1+Cordoba.pdf: 2 artículo(s) extraído(s)
2026-09-19 15:46:39,435 [INFO] etl_papers:   2145-4515/16410+Rev+APL+44-1+Vidal.pdf: 2 artículo(s) extraído(s)
2026-09-19 15:46:39,534 [INFO] etl_papers:   2145-4531/14929-Rev+SocioJuridicos+27-2_CHawkins+(2).pdf: 2 artículo(s) extraído(s)
2026-09-19 15:46:39,657 [INFO] etl_papers:   2145-4531/15063-Rev+SocioJuridicos+27-2_DEDiaz+(1).pdf: 2 artículo(s) extraído(s)
2026-09-19 15:46:39,746 [INFO] etl_papers:   2145-4531/15271-Rev+SocioJuridicos+27-2_CTorres.pdf: 2 artículo(s) extraído(s)
2026-09-19 15:46:39,850 [INFO] etl_papers:   2145-4531/15405-Rev+SocioJuridicos+27-2_MGSanchez+et+al.pdf: 2 artículo(s) extraído(s)
2026-09-19 15:46:39,971 [INFO] etl_papers:   2145-4531/15418-Rev+SocioJuridicos+28-1_CFainstein.pdf: 2 artículo(s) extraído(s)
2026-09-19 15:46:40,079 [INFO] etl_papers:   2145-4531/15459-Rev+SocioJuridicos+28-1_GALopez+et+al.pdf: 2 artículo(s) extraído(s)
2026-09-19 15:46:40,186 [INFO] etl_papers:   2145-4531/15487-Rev+SocioJuridicos+27-2_JRMiranda+(1).pdf: 2 artículo(s) extraído(s)
2026-09-19 15:46:40,388 [INFO] etl_papers:   2145-4531/15506-Rev+SocioJuridicos+28-1_AMBonet+et+al.pdf: 2 artículo(s) extraído(s)
2026-09-19 15:46:40,477 [INFO] etl_papers:   2145-4531/15569-Rev+SocioJuridicos+28-1_EACalderon+et+al+(1).pdf: 2 artículo(s) extraído(s)
2026-09-19 15:46:40,574 [INFO] etl_papers:   2145-4531/15892-Rev+SocioJuridicos+28-1_JAHernandez+et+al+(1).pdf: 2 artículo(s) extraído(s)
2026-09-19 15:46:40,653 [INFO] etl_papers:   2145-4531/Aproximaciones+jurídicas+a+la+maternidad+subrogada+en+los+países+del+Pacto+Andino_+tendencias+y+desafíos.pdf: 2 artículo(s) extraído(s)
2026-09-19 15:46:40,702 [INFO] etl_papers:   2145-4604/CJA-2024-0092_ENG.pdf: 2 artículo(s) extraído(s)
2026-09-19 15:46:40,755 [INFO] etl_papers:   2145-4604/CJA-2024-0092_ESP.pdf: 2 artículo(s) extraído(s)
2026-09-19 15:46:40,789 [INFO] etl_papers:   2145-4604/CJA-2024-0096_ENG.pdf: 2 artículo(s) extraído(s)
2026-09-19 15:46:40,825 [INFO] etl_papers:   2145-4604/CJA-2024-0096_ESP.pdf: 2 artículo(s) extraído(s)
2026-09-19 15:46:40,870 [INFO] etl_papers:   2145-4604/CJA-2024-0122_ENG.pdf: 2 artículo(s) extraído(s)
2026-09-19 15:46:40,919 [INFO] etl_papers:   2145-4604/CJA-2024-0122_ESP.pdf: 2 artículo(s) extraído(s)
2026-09-19 15:46:40,960 [INFO] etl_papers:   2145-4604/CJA-2025-0001_ENG.pdf: 2 artículo(s) extraído(s)
2026-09-19 15:46:41,001 [INFO] etl_papers:   2145-4604/CJA-2025-0001_ESP.pdf: 2 artículo(s) extraído(s)
2026-09-19 15:46:41,040 [INFO] etl_papers:   2145-4604/CJA-2025-0010_ENG.pdf: 2 artículo(s) extraído(s)
2026-09-19 15:46:41,085 [INFO] etl_papers:   2145-4604/CJA-2025-0076_ENG.pdf: 2 artículo(s) extraído(s)
2026-09-19 15:46:41,128 [INFO] etl_papers:   2145-4604/CJA-2025-0101_ENG.pdf: 2 artículo(s) extraído(s)
2026-09-19 15:46:41,221 [INFO] etl_papers:   2145-4892/Ciencias+cognitivas+aplicadas.pdf: 2 artículo(s) extraído(s)
2026-09-19 15:46:41,287 [INFO] etl_papers:   2145-4892/Del+estímulo+acústico+a+la+experiencia+estética.pdf: 2 artículo(s) extraído(s)
2026-09-19 15:46:41,373 [INFO] etl_papers:   2145-4892/Diseño+y+evidencias+psicométricas+de+un+instrumento+para+la+Observación+de+Emociones+Epistémicas+en+el+Aula+(OEEA).pdf: 2 artículo(s) extraído(s)
2026-09-19 15:46:41,418 [INFO] etl_papers:   2145-4892/El+efecto+de+la+retroalimentación+sobre+la+curiosidad+epistémica+y+la+conciencia+de+brecha.pdf: 2 artículo(s) extraído(s)
2026-09-19 15:46:41,500 [INFO] etl_papers:   2145-4892/Modelo+de+habilidades+cognitivas+específicas+para+entornos+organizacionales.pdf: 2 artículo(s) extraído(s)
2026-09-19 15:46:41,601 [INFO] etl_papers:   2145-4892/Procesos+cognitivos+en+la+danza+contemporánea_+Un+análisis+de+configuraciones+grupales+y+afectivas+en+el+ecosistema+formativo.pdf: 2 artículo(s) extraído(s)
2026-09-19 15:46:41,655 [INFO] etl_papers:   2145-4892/Reducción+de+sintomatología+traumática+mediante+un+grupo+de+apoyo+virtual+con+enfoque+psicoeducativo+en+población+hospitalaria.pdf: 2 artículo(s) extraído(s)
2026-09-19 15:46:41,704 [INFO] etl_papers:   2145-5333/Dialnet-IdentificacionDeNecesidadesDeCuidadosPaliativosEnP-8066893.pdf: 2 artículo(s) extraído(s)
2026-09-19 15:46:41,752 [INFO] etl_papers:   2145-5333/Dialnet-ImaginarioSocialDelRolDeEnfermeria-8066892.pdf: 2 artículo(s) extraído(s)
2026-09-19 15:46:41,816 [INFO] etl_papers:   2145-6445/RLEF+17(2)_2.pdf: 2 artículo(s) extraído(s)
2026-09-19 15:46:41,909 [INFO] etl_papers:   2145-6445/RLEF+17(2)_3.pdf: 2 artículo(s) extraído(s)
2026-09-19 15:46:41,973 [INFO] etl_papers:   2145-6445/RLEF+17(2)_4.pdf: 2 artículo(s) extraído(s)
2026-09-19 15:46:42,027 [INFO] etl_papers:   2145-6445/RLEF+17(2)_5.pdf: 2 artículo(s) extraído(s)
2026-09-19 15:46:42,095 [INFO] etl_papers:   2145-6445/RLEF+17(2)_6.pdf: 2 artículo(s) extraído(s)
2026-09-19 15:46:42,159 [INFO] etl_papers:   2145-6445/RLEF+17(2)_7.pdf: 2 artículo(s) extraído(s)
2026-09-19 15:46:42,301 [INFO] etl_papers:   2145-6569/ESCALA DE ACTITUD SOBRE EL CONSUMO DE SUSTANCIAS PSICOACTIVAS.pdf: 2 artículo(s) extraído(s)
2026-09-19 15:46:42,413 [INFO] etl_papers:   2145-6569/LAS HERIDAS QUE FALTAN POR SANAR Y PUNTADAS PARA LA RECONSTRUCCIÓN.pdf: 2 artículo(s) extraído(s)
2026-09-19 15:46:42,533 [INFO] etl_papers:   2145-6569/PROPUESTA DE GUÍA DE PRÁCTICAS CLÍNICAS PARA MANEJO DE LA DEPRESIÓN.pdf: 2 artículo(s) extraído(s)
2026-09-19 15:46:42,607 [INFO] etl_papers:   2145-6569/REFLEJOS SOCIOECONÓMICOS, ELECCIONES DE ALCALDÍA EN CALI Y UN ANÁLISIS.pdf: 2 artículo(s) extraído(s)
2026-09-19 15:46:42,686 [INFO] etl_papers:   2145-6569/VALIDEZ CIENTÍFICA DEL TEST DE DIBUJO DE FIGURA HUMANA (DFH).pdf: 2 artículo(s) extraído(s)
2026-09-19 15:46:42,737 [INFO] etl_papers:   2145-6569/¿POR QUÉ EL LIBERALISMO SEGÚN JOHN RAWLS ESTÁ LEJOS DE SER ALCANZADO.pdf: 2 artículo(s) extraído(s)
2026-09-19 15:46:42,780 [INFO] etl_papers:   2145-7166/359824_ENG_Final.pdf: 1 artículo(s) extraído(s)
2026-09-19 15:46:42,833 [INFO] etl_papers:   2145-7166/360767_Ingles.pdf: 2 artículo(s) extraído(s)
2026-09-19 15:46:42,898 [INFO] etl_papers:   2145-7166/361211_ENG_V6.pdf: 1 artículo(s) extraído(s)
2026-09-19 15:46:42,959 [INFO] etl_papers:   2145-7166/361760_Ingles+(4).pdf: 2 artículo(s) extraído(s)
2026-09-19 15:46:43,013 [INFO] etl_papers:   2145-7778/3648_18(39).pdf: 2 artículo(s) extraído(s)
2026-09-19 15:46:43,064 [INFO] etl_papers:   2145-7778/3697_18(39).pdf: 2 artículo(s) extraído(s)
2026-09-19 15:46:43,123 [INFO] etl_papers:   2145-7778/3715_18(39).pdf: 2 artículo(s) extraído(s)
2026-09-19 15:46:43,199 [INFO] etl_papers:   2145-7778/3723_18(39).pdf: 2 artículo(s) extraído(s)
2026-09-19 15:46:43,262 [INFO] etl_papers:   2145-7778/3756_18(39).pdf: 2 artículo(s) extraído(s)
2026-09-19 15:46:43,314 [INFO] etl_papers:   2145-7778/3807_18(39).pdf: 2 artículo(s) extraído(s)
2026-09-19 15:46:43,394 [INFO] etl_papers:   2145-7778/3860_18(39).pdf: 2 artículo(s) extraído(s)
2026-09-19 15:46:43,453 [INFO] etl_papers:   2145-7778/3910_18(39).pdf: 2 artículo(s) extraído(s)
2026-09-19 15:46:43,466 [INFO] etl_papers:   2145-8480/ART+1-38(3)+2025.pdf: 2 artículo(s) extraído(s)
2026-09-19 15:46:43,539 [INFO] etl_papers:   2145-8480/ION_Vol_38N3_25_ART2.pdf: 3 artículo(s) extraído(s)
2026-09-19 15:46:43,638 [INFO] etl_papers:   2145-8480/ION_Vol_38N3_25_ART4.pdf: 3 artículo(s) extraído(s)
2026-09-19 15:46:43,702 [INFO] etl_papers:   2145-8480/ION_Vol_38N3_25_ART5.pdf: 3 artículo(s) extraído(s)
2026-09-19 15:46:43,810 [INFO] etl_papers:   2145-8480/ION_Vol_38N3_25_ART6.pdf: 3 artículo(s) extraído(s)
2026-09-19 15:46:43,939 [INFO] etl_papers:   2145-8499/Anuario-31-n2-de-2026_Art_1.pdf: 2 artículo(s) extraído(s)
2026-09-19 15:46:44,005 [INFO] etl_papers:   2145-8499/Anuario-31-n2-de-2026_Art_3.pdf: 2 artículo(s) extraído(s)
2026-09-19 15:46:44,104 [INFO] etl_papers:   2145-8499/Anuario-31-n2-de-2026_Art_4.pdf: 2 artículo(s) extraído(s)
2026-09-19 15:46:44,187 [INFO] etl_papers:   2145-8499/Anuario-31-n2-de-2026_Art_6.pdf: 2 artículo(s) extraído(s)
2026-09-19 15:46:44,285 [INFO] etl_papers:   2145-8499/Anuario-31-n2-de-2026_Art_7.pdf: 2 artículo(s) extraído(s)
2026-09-19 15:46:44,389 [INFO] etl_papers:   2145-8499/Anuario-31-n2-de-2026_Art_8.pdf: 2 artículo(s) extraído(s)
2026-09-19 15:46:44,496 [INFO] etl_papers:   2145-8499/Anuario-31-n2-de-2026_Art_9.pdf: 2 artículo(s) extraído(s)
2026-09-19 15:46:44,608 [INFO] etl_papers:   2145-8553/Análisis+geométrico,+cinemático+y+dinámico+de+estructuras+vetiformes+en+el+sector+SE+del+Distrito+Minero+de+Vetas-California,+Santander,+Colombia.pdf: 2 artículo(s) extraído(s)
2026-09-19 15:46:44,677 [INFO] etl_papers:   2145-8553/Aplicación+de+técnicas+de+clustering+y+machine+learning+en+Google+Earth+Engine+para+detectar+estructuras+asociadas+a+hidrógeno+natural.pdf: 2 artículo(s) extraído(s)
2026-09-19 15:46:44,744 [INFO] etl_papers:   2145-8553/Inversión+conjunta+de+datos+TDEM+de+bajo+y+alto+momento+para+el+mejoramiento+de+los+modelos+del+subsuelo.pdf: 2 artículo(s) extraído(s)
2026-09-19 15:46:44,905 [INFO] etl_papers:   2145-8553/Modelado+hidrológico+en+cuencas+andinas+de+Colombia+bajo+los+escenarios+de+cambio+climático+SSP4.5+y+SSP8.5.pdf: 2 artículo(s) extraído(s)
2026-09-19 15:46:45,005 [INFO] etl_papers:   2145-8553/Predicción+mineralógica+a+partir+de+registros+de+pozos+mediante+aprendizaje+automático.+Estudio+de+caso+de+las+cuencas+del+Valle+Medio+del+Magdalena+y+Catatumbo+(Colombia).pdf: 2 artículo(s) extraído(s)
2026-09-19 15:46:45,102 [INFO] etl_papers:   2145-8553/Venas+hidrotermales+de+barita+en+rocas+metapelíticas+del+suroccidente+del+Macizo+de+Santander,+Colombia_+evidencias+de+ebullición+y+fluidos+moderadamente+salinos+ricos+en+sulfato.pdf: 2 artículo(s) extraído(s)
2026-09-19 15:46:45,144 [INFO] etl_papers:   2145-9169/Art.10+Validación+de+un+instrumento+dimensiones+DigCompEdu.pdf: 2 artículo(s) extraído(s)
2026-09-19 15:46:45,203 [INFO] etl_papers:   2145-9169/Art.11+Lenguaje_entre+experiencia+estética+transmedialidad.pdf: 2 artículo(s) extraído(s)
2026-09-19 15:46:45,244 [INFO] etl_papers:   2145-9169/Art.12+El+aprendizaje+para+la+autonomía+entorno-ambiente+acuático.pdf: 2 artículo(s) extraído(s)
2026-09-19 15:46:45,291 [INFO] etl_papers:   2145-9169/Art.2+Antecedentes+tradición+espacial+en+economía.pdf: 2 artículo(s) extraído(s)
2026-09-19 15:46:45,372 [INFO] etl_papers:   2145-9169/Art.3+Extractivismo+urbano+planeación+capital+grupos+armados.pdf: 2 artículo(s) extraído(s)
2026-09-19 15:46:45,461 [INFO] etl_papers:   2145-9169/Art.4+Experiencias+comunitarias+diseño+innovacion+social+Putumayo.pdf: 2 artículo(s) extraído(s)
2026-09-19 15:46:45,520 [INFO] etl_papers:   2145-9169/Art.5+Experiencias+práctica+clínica+psicología+suroccidente+colombiano.pdf: 2 artículo(s) extraído(s)
2026-09-19 15:46:45,571 [INFO] etl_papers:   2145-9169/Art.6+Efectos+implementación+apoyo+conductual+positivo+contexto+univ..pdf: 2 artículo(s) extraído(s)
2026-09-19 15:46:45,618 [INFO] etl_papers:   2145-9169/Art.7+Salud+mental+contexto+universitario.pdf: 2 artículo(s) extraído(s)
2026-09-19 15:46:45,657 [INFO] etl_papers:   2145-9169/Art.8+Desafíos+éticos_Un+mundo+feliz+Huxley+transhumanista.pdf: 2 artículo(s) extraído(s)
2026-09-19 15:46:45,706 [INFO] etl_papers:   2145-9169/Art.9+Ethos+y+narración+re-significando+el+pasado.pdf: 2 artículo(s) extraído(s)
2026-09-19 15:46:45,771 [INFO] etl_papers:   2145-9797/99c09a59-eb25-445f-9217-ea8c397d971d.pdf: 2 artículo(s) extraído(s)
2026-09-19 15:46:45,868 [INFO] etl_papers:   2145-9797/b349b8ab-576a-4944-a7ac-95bbc2355d78.pdf: 2 artículo(s) extraído(s)
2026-09-19 15:46:45,947 [INFO] etl_papers:   2145-9797/cb8f6ecb-43f6-4e6f-9233-26dbfc9d9da0.pdf: 2 artículo(s) extraído(s)
2026-09-19 15:46:46,013 [INFO] etl_papers:   2145-9797/db0a488a-b58e-413d-9b17-92ae6d54c0f5.pdf: 2 artículo(s) extraído(s)
2026-09-19 15:46:46,056 [INFO] etl_papers:   2145-9932/Dialnet-DesafiosParaLaBuenaDispensacionDeMedicamentos-6176886.pdf: 1 artículo(s) extraído(s)
2026-09-19 15:46:46,101 [INFO] etl_papers:   2145-9932/Dialnet-EfectividadDeUnPlanDeMejoramientoEnTamizacionCervi-6176887.pdf: 2 artículo(s) extraído(s)
2026-09-19 15:46:46,144 [INFO] etl_papers:   2145-9932/Dialnet-FactoresAsociadosAlDesarrolloDeTuberculosisEnConta-6176878.pdf: 2 artículo(s) extraído(s)
2026-09-19 15:46:46,190 [INFO] etl_papers:   2145-9932/Dialnet-FactoresAsociadosAlExitoDelTratamientoDeLosPacient-6176882.pdf: 2 artículo(s) extraído(s)
2026-09-19 15:46:46,240 [INFO] etl_papers:   2145-9932/Dialnet-FrecuenciaDeAlteracionVisualEnLaConsultaDePieDiabe-6176879.pdf: 2 artículo(s) extraído(s)
2026-09-19 15:46:46,271 [INFO] etl_papers:   2145-9932/Dialnet-PrevalenciaDeEmbarazoYCaracteristicasDemograficasS-6176881.pdf: 3 artículo(s) extraído(s)
2026-09-19 15:46:46,305 [INFO] etl_papers:   2145-9932/Dialnet-PrincipalesRazonesDeExtraccionDeDientesPermanentes-6176880.pdf: 2 artículo(s) extraído(s)
2026-09-19 15:46:46,350 [INFO] etl_papers:   2145-9932/Dialnet-RazonesQuePuedenExplicarLaReduccionEnLaCoberturaDe-6176885.pdf: 2 artículo(s) extraído(s)
2026-09-19 15:46:46,411 [INFO] etl_papers:   2145-9932/Dialnet-RelacionEntreConocimientosHabitosYParticipacionCom-6176884.pdf: 1 artículo(s) extraído(s)
2026-09-19 15:46:46,454 [INFO] etl_papers:   2215-7727/CDR-22-2025+Lote-16732852001.pdf: 2 artículo(s) extraído(s)
2026-09-19 15:46:46,523 [INFO] etl_papers:   2215-7727/CDR-22-2025+Lote-16732852002.pdf: 2 artículo(s) extraído(s)
2026-09-19 15:46:46,573 [INFO] etl_papers:   2215-7727/CDR-22-2025+Lote-16732852003.pdf: 2 artículo(s) extraído(s)
2026-09-19 15:46:46,632 [INFO] etl_papers:   2215-7727/CDR-22-2025+Lote-16732852004.pdf: 2 artículo(s) extraído(s)
2026-09-19 15:46:46,692 [INFO] etl_papers:   2215-7727/CDR-22-2025+Lote-16732852005.pdf: 2 artículo(s) extraído(s)
2026-09-19 15:46:46,753 [INFO] etl_papers:   2215-7727/CDR-22-2025+Lote-16732852006.pdf: 2 artículo(s) extraído(s)
2026-09-19 15:46:46,864 [INFO] etl_papers:   2215-7727/Cuadernos6732892001.pdf: 2 artículo(s) extraído(s)
2026-09-19 15:46:46,907 [INFO] etl_papers:   2215-7727/Cuadernos6732892003.pdf: 2 artículo(s) extraído(s)
2026-09-19 15:46:46,957 [INFO] etl_papers:   2215-7727/Cuadernos6732892004.pdf: 2 artículo(s) extraído(s)
2026-09-19 15:46:47,024 [INFO] etl_papers:   2215-7727/Cuadernos6732892005.pdf: 2 artículo(s) extraído(s)
2026-09-19 15:46:47,084 [INFO] etl_papers:   2215-7840/document (2).pdf: 2 artículo(s) extraído(s)
2026-09-19 15:46:47,150 [INFO] etl_papers:   2215-7840/document (3).pdf: 2 artículo(s) extraído(s)
2026-09-19 15:46:47,188 [INFO] etl_papers:   2215-7840/document (4).pdf: 2 artículo(s) extraído(s)
2026-09-19 15:46:47,241 [INFO] etl_papers:   2215-7840/document (5).pdf: 2 artículo(s) extraído(s)
2026-09-19 15:46:47,321 [INFO] etl_papers:   2215-7840/document (6).pdf: 2 artículo(s) extraído(s)
2026-09-19 15:46:47,361 [INFO] etl_papers:   2215-7840/document (7).pdf: 2 artículo(s) extraído(s)
2026-09-19 15:46:47,419 [INFO] etl_papers:   2215-8405/Dialnet-AnalisisEstrategicoDeEstructurasYProcesosDePymesFa-10408987.pdf: 1 artículo(s) extraído(s)
2026-09-19 15:46:47,483 [INFO] etl_papers:   2215-8405/Dialnet-EfectoDeLaPlaneacionEstrategicaEnLaCompetitividadD-10408984.pdf: 2 artículo(s) extraído(s)
2026-09-19 15:46:47,530 [INFO] etl_papers:   2215-8405/Dialnet-ElImpactoDeLaCosechaDeAguaDeLluviaEnLaCalidadDeVid-10408983.pdf: 2 artículo(s) extraído(s)
2026-09-19 15:46:47,582 [INFO] etl_papers:   2215-8405/Dialnet-EstudioPreliminarDeLaCadenaDeValorGeneradaPorElTur-10408985.pdf: 2 artículo(s) extraído(s)
2026-09-19 15:46:47,647 [INFO] etl_papers:   2215-8405/Dialnet-IgualdadDeGeneroEnElCrecimientoProfesionalDeLasMuj-10408988.pdf: 2 artículo(s) extraído(s)
2026-09-19 15:46:47,703 [INFO] etl_papers:   2215-8405/Dialnet-LaViolenciaEnElTrabajoComoCondicionanteDeLaCalidad-10408981.pdf: 2 artículo(s) extraído(s)
2026-09-19 15:46:47,761 [INFO] etl_papers:   2215-8405/Dialnet-MadurezEmpresarialYGestionDeProyectosCasoDeEstudio-10408986.pdf: 2 artículo(s) extraído(s)
2026-09-19 15:46:47,814 [INFO] etl_papers:   2215-8405/Dialnet-SignificadosDeExperienciasEspiritualesEnElMundoOrg-10408982.pdf: 2 artículo(s) extraído(s)
2026-09-19 15:46:47,900 [INFO] etl_papers:   2215-8944/(1).+RA&D.+Artículo.+Nuevo+Derecho+Internacion+al+aplicado+a+los+conflictos+armados+mirado+desde+las+convergencias+(1).pdf: 2 artículo(s) extraído(s)
2026-09-19 15:46:47,974 [INFO] etl_papers:   2215-8944/(10).+(2025).+RA&D.+Artículo.+Las+medidas+cautelares+en+el+proceso+de+extinción+de+dominio+en+Colombia.pdf: 2 artículo(s) extraído(s)
2026-09-19 15:46:48,054 [INFO] etl_papers:   2215-8944/(11).+(2025).+RA&D.+Artículo.+El+juvenicidio....pdf: 2 artículo(s) extraído(s)
2026-09-19 15:46:48,123 [INFO] etl_papers:   2215-8944/(2).+(2025).+RA&D.+Propuesta+de+Protección+de+datos+IA.pdf: 2 artículo(s) extraído(s)
2026-09-19 15:46:48,247 [INFO] etl_papers:   2215-8944/(3).+RA&D.+Artículo.+feminicidio.pdf: 2 artículo(s) extraído(s)
2026-09-19 15:46:48,358 [INFO] etl_papers:   2215-8944/(5).+(2025).+RA&D.+Artículo.+Pobreza+y+deterioro+ambiental+en+la+periferia+urbana.+Análisis+del+Caño+de+La+Ahuyama.pdf: 2 artículo(s) extraído(s)
2026-09-19 15:46:48,442 [INFO] etl_papers:   2215-8944/(6).+(2025).+RA&D.+Artículo.+Garantía+de+derechos+en+restitución+de+tierras+y+el+aporte+a+la+construcción+de+paz.pdf: 2 artículo(s) extraído(s)
2026-09-19 15:46:48,577 [INFO] etl_papers:   2215-8944/(7).+(Dic).+(2025).+RA&D.+Artículo+Riesgos+psicosociales+en+el+contexto+laboral+colombiano.pdf: 2 artículo(s) extraído(s)
2026-09-19 15:46:48,664 [INFO] etl_papers:   2215-8944/(8).+(2025).+RA&D.+Artículo.+Reparación+colectiva+y+simbólica+en+Colombia.pdf: 2 artículo(s) extraído(s)
2026-09-19 15:46:48,750 [INFO] etl_papers:   2215-8944/(8).+(2025).+RA&D.+Artículo.+Responsabilidad+internacional+del+Estado+Colombiano+frente+a+los+miembros+de+las+FFMM.pdf: 2 artículo(s) extraído(s)
2026-09-19 15:46:48,828 [INFO] etl_papers:   2215-8944/(9).+(2025).+RA&D.+Artículo.+Límites+a+la+libertad+de+contratación+en+las+técnicas+de+reproducción+humana+asistida+en+Colombia.pdf: 2 artículo(s) extraído(s)
2026-09-19 15:46:48,848 [INFO] etl_papers:   2215-9177/01-+7821-+Otra+vez+vuelve+a+caer+el+telón.pdf: 1 artículo(s) extraído(s)
2026-09-19 15:46:48,877 [INFO] etl_papers:   2215-9177/02-+7822-+Divulgación+científica+y+desarrollo+social.pdf: 1 artículo(s) extraído(s)
2026-09-19 15:46:48,898 [INFO] etl_papers:   2215-9177/03-+7823-+Los+grupos+de+investigación.pdf: 1 artículo(s) extraído(s)
2026-09-19 15:46:48,919 [INFO] etl_papers:   2215-9177/04-+7824-+Historia+de+la+Electrofisiología+en+Colombia.pdf: 1 artículo(s) extraído(s)
2026-09-19 15:46:48,949 [INFO] etl_papers:   2215-969X/Dearq44_Art.01.pdf: 1 artículo(s) extraído(s)
2026-09-19 15:46:49,000 [INFO] etl_papers:   2215-969X/Dearq44_Art.02.pdf: 1 artículo(s) extraído(s)
2026-09-19 15:46:49,088 [INFO] etl_papers:   2215-969X/Dearq44_Art.03.pdf: 1 artículo(s) extraído(s)
2026-09-19 15:46:49,232 [INFO] etl_papers:   2215-969X/Dearq44_Art.04.pdf: 1 artículo(s) extraído(s)
2026-09-19 15:46:49,324 [INFO] etl_papers:   2215-969X/Dearq44_Art.05.pdf: 1 artículo(s) extraído(s)
2026-09-19 15:46:49,377 [INFO] etl_papers:   2215-969X/Dearq44_Art.06.pdf: 1 artículo(s) extraído(s)
2026-09-19 15:46:49,552 [INFO] etl_papers:   2215-969X/Dearq44_Art.07.pdf: 1 artículo(s) extraído(s)
2026-09-19 15:46:49,670 [INFO] etl_papers:   2215-969X/Dearq44_Art.08.pdf: 1 artículo(s) extraído(s)
2026-09-19 15:46:49,753 [INFO] etl_papers:   2215-969X/Dearq44_Art.09.pdf: 1 artículo(s) extraído(s)
2026-09-19 15:46:49,838 [INFO] etl_papers:   2215-9959/A10_MAVAE+21-2_vfw.pdf: 3 artículo(s) extraído(s)
2026-09-19 15:46:49,918 [INFO] etl_papers:   2215-9959/A11_MAVAE+21-2_vfw.pdf: 3 artículo(s) extraído(s)
2026-09-19 15:46:49,973 [INFO] etl_papers:   2215-9959/A1_MAVAE+21-2_vfw.pdf: 3 artículo(s) extraído(s)
2026-09-19 15:46:50,077 [INFO] etl_papers:   2215-9959/A2_MAVAE+21-2_vfw.pdf: 3 artículo(s) extraído(s)
2026-09-19 15:46:50,158 [INFO] etl_papers:   2215-9959/A3_MAVAE+21-1_vfw2.pdf: 3 artículo(s) extraído(s)
2026-09-19 15:46:50,200 [INFO] etl_papers:   2215-9959/A4_MAVAE+21-2_vfw.pdf: 3 artículo(s) extraído(s)
2026-09-19 15:46:50,292 [INFO] etl_papers:   2215-9959/A5_MAVAE+21-2_vf2.pdf: 3 artículo(s) extraído(s)
2026-09-19 15:46:50,360 [INFO] etl_papers:   2215-9959/A6_MAVAE+21-2_vfw.pdf: 3 artículo(s) extraído(s)
2026-09-19 15:46:50,569 [INFO] etl_papers:   2215-9959/A7_MAVAE+21-2_vfw.pdf: 3 artículo(s) extraído(s)
2026-09-19 15:46:50,640 [INFO] etl_papers:   2215-9959/A8_MAVAE+21-2_vfw.pdf: 3 artículo(s) extraído(s)
2026-09-19 15:46:50,693 [INFO] etl_papers:   2215-9959/A9_MAVAE+21-2_vfw.pdf: 3 artículo(s) extraído(s)
2026-09-19 15:46:51,467 [INFO] etl_papers:   2216-1201/217-619-PB.pdf: 24 artículo(s) extraído(s)
2026-09-19 15:46:51,531 [INFO] etl_papers:   2216-1368/Art+3862+listoo.pdf: 2 artículo(s) extraído(s)
2026-09-19 15:46:51,615 [INFO] etl_papers:   2216-1368/Art+3925+listo.pdf: 2 artículo(s) extraído(s)
2026-09-19 15:46:51,691 [INFO] etl_papers:   2216-1368/Art+corr+3750.pdf: 2 artículo(s) extraído(s)
2026-09-19 15:46:51,760 [INFO] etl_papers:   2216-1368/Art+corr+3869.pdf: 2 artículo(s) extraído(s)
2026-09-19 15:46:51,830 [INFO] etl_papers:   2216-1368/Art+corr+3956.pdf: 2 artículo(s) extraído(s)
2026-09-19 15:46:51,886 [INFO] etl_papers:   2216-1368/Art+fcorr+3708.pdf: 2 artículo(s) extraído(s)
2026-09-19 15:46:51,969 [INFO] etl_papers:   2216-1368/Art+fcorr+3937.pdf: 2 artículo(s) extraído(s)
2026-09-19 15:46:52,036 [INFO] etl_papers:   2216-1368/art+3827+listo.pdf: 2 artículo(s) extraído(s)
2026-09-19 15:46:52,113 [INFO] etl_papers:   2216-1368/art+3843+ajus.pdf: 2 artículo(s) extraído(s)
2026-09-19 15:46:52,190 [INFO] etl_papers:   2216-1368/art+corr+3867+listo.pdf: 2 artículo(s) extraído(s)
2026-09-19 15:46:52,273 [INFO] etl_papers:   2216-1368/art+corr+3868_listo.pdf: 2 artículo(s) extraído(s)
2026-09-19 15:46:52,344 [INFO] etl_papers:   2216-1368/art+corr+3953.pdf: 2 artículo(s) extraído(s)
2026-09-19 15:46:52,387 [INFO] etl_papers:   2216-1368/art+fcorr+3804.pdf: 2 artículo(s) extraído(s)
2026-09-19 15:46:52,437 [INFO] etl_papers:   2216-1473/DianaIRE,+art_1+(5).pdf: 2 artículo(s) extraído(s)
2026-09-19 15:46:52,493 [INFO] etl_papers:   2216-1473/DianaIRE,+art_2+(3).pdf: 2 artículo(s) extraído(s)
2026-09-19 15:46:52,540 [INFO] etl_papers:   2216-1473/DianaIRE,+art_3+(3).pdf: 2 artículo(s) extraído(s)
2026-09-19 15:46:52,594 [INFO] etl_papers:   2216-1473/DianaIRE,+art_4+(3).pdf: 2 artículo(s) extraído(s)
2026-09-19 15:46:52,642 [INFO] etl_papers:   2216-1473/DianaIRE,+art_5+(3).pdf: 2 artículo(s) extraído(s)
2026-09-19 15:46:52,691 [INFO] etl_papers:   2216-1473/DianaIRE,+art_6+(3).pdf: 2 artículo(s) extraído(s)
2026-09-19 15:46:52,744 [INFO] etl_papers:   2216-1473/DianaIRE,+art_7+(3).pdf: 2 artículo(s) extraído(s)
2026-09-19 15:46:52,789 [INFO] etl_papers:   2216-1473/DianaIRE,+art_8+(3).pdf: 2 artículo(s) extraído(s)
2026-09-19 15:46:52,857 [INFO] etl_papers:   2216-1473/DianaIRE,+art_9-+FINAL.pdf: 2 artículo(s) extraído(s)
2026-09-19 15:46:52,922 [INFO] etl_papers:   2248-4078/OJUMa4527.pdf: 2 artículo(s) extraído(s)
2026-09-19 15:46:53,018 [INFO] etl_papers:   2248-4078/OJUMa4973.pdf: 2 artículo(s) extraído(s)
2026-09-19 15:46:53,084 [INFO] etl_papers:   2248-4078/OJUMa5037.pdf: 2 artículo(s) extraído(s)
2026-09-19 15:46:53,169 [INFO] etl_papers:   2248-4078/OJUMa5047.pdf: 2 artículo(s) extraído(s)
2026-09-19 15:46:53,210 [INFO] etl_papers:   2248-4078/OJUMa5100.pdf: 2 artículo(s) extraído(s)
2026-09-19 15:46:53,275 [INFO] etl_papers:   2248-4078/OJUMa5129.pdf: 2 artículo(s) extraído(s)
2026-09-19 15:46:53,332 [INFO] etl_papers:   2248-4078/OJUMa5195.pdf: 2 artículo(s) extraído(s)
2026-09-19 15:46:53,395 [INFO] etl_papers:   2248-4078/OJUMa5330.pdf: 2 artículo(s) extraído(s)
2026-09-19 15:46:53,447 [INFO] etl_papers:   2248-4078/OJUMa5393.pdf: 2 artículo(s) extraído(s)
2026-09-19 15:46:54,951 [INFO] etl_papers:   2248-4337/Book_RCE_98_web.pdf: 1 artículo(s) extraído(s)
2026-09-19 15:46:55,018 [INFO] etl_papers:   2248-4345/Listo+para+publicar_Seec+67+art+5272.pdf: 2 artículo(s) extraído(s)
2026-09-19 15:46:55,091 [INFO] etl_papers:   2248-4345/Listo+para+publicar_Seec+67+art+5281.pdf: 2 artículo(s) extraído(s)
2026-09-19 15:46:55,183 [INFO] etl_papers:   2248-4345/Seec+67+art+5168.pdf: 2 artículo(s) extraído(s)
2026-09-19 15:46:55,258 [INFO] etl_papers:   2248-4345/Seec+67+art+5197.pdf: 2 artículo(s) extraído(s)
2026-09-19 15:46:55,316 [INFO] etl_papers:   2248-4345/Seec+67+art+5226.pdf: 2 artículo(s) extraído(s)
2026-09-19 15:46:55,355 [INFO] etl_papers:   2248-4345/Seec+67+art+5263.pdf: 2 artículo(s) extraído(s)
2026-09-19 15:46:55,415 [INFO] etl_papers:   2248-4345/Seec+67+art+5319.pdf: 2 artículo(s) extraído(s)
2026-09-19 15:46:55,518 [INFO] etl_papers:   2248-4345/Seec+67+art+5326.pdf: 2 artículo(s) extraído(s)
2026-09-19 15:46:55,582 [INFO] etl_papers:   2248-4345/Seec+67+art+5438.pdf: 2 artículo(s) extraído(s)
2026-09-19 15:46:55,766 [INFO] etl_papers:   2248-6011/02_(La+calidad+4.0)+Vol+21+Nº41_CLA+conv.pdf: 2 artículo(s) extraído(s)
2026-09-19 15:46:55,818 [INFO] etl_papers:   2248-6011/03_(Influence+of+Variables)+Vol+21+Nº41_CLA.pdf: 2 artículo(s) extraído(s)
2026-09-19 15:46:55,909 [INFO] etl_papers:   2248-6011/04_(Determinantes+de+la+competitividad)+Vol+21+Nº41_CLA.pdf: 2 artículo(s) extraído(s)
2026-09-19 15:46:55,944 [INFO] etl_papers:   2248-6011/06_(Marcos+técnicos)+Vol+21+Nº41_CLA+(1)+Edited.pdf: 2 artículo(s) extraído(s)
2026-09-19 15:46:55,986 [INFO] etl_papers:   2248-6011/07_(El+modelo+cooperativo)+Vol+21+Nº41_CLA+(3) (1).pdf: 2 artículo(s) extraído(s)
2026-09-19 15:46:56,042 [INFO] etl_papers:   2248-6011/08_(Innovación+publicitaria)+Vol+21+Nº41_CLA+(1)+Copy.pdf: 2 artículo(s) extraído(s)
2026-09-19 15:46:56,079 [INFO] etl_papers:   2248-6054/4694-Texto del artículo-23639-2-10-20260828.pdf: 1 artículo(s) extraído(s)
2026-09-19 15:46:56,121 [INFO] etl_papers:   2248-6054/4731-Texto del artículo-23640-1-10-20260309.pdf: 1 artículo(s) extraído(s)
2026-09-19 15:46:56,162 [INFO] etl_papers:   2248-6054/4748-Texto del artículo-23644-1-10-20260309.pdf: 2 artículo(s) extraído(s)
2026-09-19 15:46:56,227 [INFO] etl_papers:   2248-6054/4754-Texto del artículo-23638-1-10-20260309.pdf: 1 artículo(s) extraído(s)
2026-09-19 15:46:56,260 [INFO] etl_papers:   2248-6054/4766-Texto del artículo-23642-1-10-20260309.pdf: 2 artículo(s) extraído(s)
2026-09-19 15:46:56,308 [INFO] etl_papers:   2248-6054/4787-Texto del artículo-23641-1-10-20260309.pdf: 2 artículo(s) extraído(s)
2026-09-19 15:46:56,343 [INFO] etl_papers:   2248-6054/4804-Texto del artículo-23645-1-10-20260309.pdf: 2 artículo(s) extraído(s)
2026-09-19 15:46:56,386 [INFO] etl_papers:   2248-6054/4830-Texto del artículo-23643-1-10-20260309.pdf: 2 artículo(s) extraído(s)
2026-09-19 15:46:56,436 [INFO] etl_papers:   2256-1676/document (10).pdf: 2 artículo(s) extraído(s)
2026-09-19 15:46:56,492 [INFO] etl_papers:   2256-1676/document (11).pdf: 2 artículo(s) extraído(s)
2026-09-19 15:46:56,559 [INFO] etl_papers:   2256-1676/document (2).pdf: 2 artículo(s) extraído(s)
2026-09-19 15:46:56,617 [INFO] etl_papers:   2256-1676/document (3).pdf: 2 artículo(s) extraído(s)
2026-09-19 15:46:56,666 [INFO] etl_papers:   2256-1676/document (4).pdf: 2 artículo(s) extraído(s)
2026-09-19 15:46:56,725 [INFO] etl_papers:   2256-1676/document (5).pdf: 2 artículo(s) extraído(s)
2026-09-19 15:46:56,772 [INFO] etl_papers:   2256-1676/document (6).pdf: 2 artículo(s) extraído(s)
2026-09-19 15:46:56,847 [INFO] etl_papers:   2256-1676/document (7).pdf: 2 artículo(s) extraído(s)
2026-09-19 15:46:56,915 [INFO] etl_papers:   2256-1676/document (8).pdf: 2 artículo(s) extraído(s)
2026-09-19 15:46:56,973 [INFO] etl_papers:   2256-1676/document (9).pdf: 1 artículo(s) extraído(s)
2026-09-19 15:46:57,035 [INFO] etl_papers:   2256-201X/CF-23831.pdf: 2 artículo(s) extraído(s)
2026-09-19 15:46:57,101 [INFO] etl_papers:   2256-201X/CF-23987.pdf: 2 artículo(s) extraído(s)
2026-09-19 15:46:57,163 [INFO] etl_papers:   2256-201X/CF-24185.pdf: 2 artículo(s) extraído(s)
2026-09-19 15:46:57,233 [INFO] etl_papers:   2256-201X/CF-24278.pdf: 2 artículo(s) extraído(s)
2026-09-19 15:46:57,296 [INFO] etl_papers:   2256-201X/CF-24471.pdf: 2 artículo(s) extraído(s)
2026-09-19 15:46:57,364 [INFO] etl_papers:   2256-201X/CF-24605.pdf: 2 artículo(s) extraído(s)
2026-09-19 15:46:57,436 [INFO] etl_papers:   2256-201X/CF-24629.pdf: 2 artículo(s) extraído(s)
2026-09-19 15:46:57,502 [INFO] etl_papers:   2256-201X/CF-24763.pdf: 2 artículo(s) extraído(s)
2026-09-19 15:46:57,575 [INFO] etl_papers:   2256-201X/CF-24788.pdf: 2 artículo(s) extraído(s)
2026-09-19 15:46:57,644 [INFO] etl_papers:   2256-201X/CF-24838.pdf: 2 artículo(s) extraído(s)
2026-09-19 15:46:57,750 [INFO] etl_papers:   2256-2796/document (2).pdf: 1 artículo(s) extraído(s)
2026-09-19 15:46:57,832 [INFO] etl_papers:   2256-2796/document (3).pdf: 2 artículo(s) extraído(s)
2026-09-19 15:46:57,911 [INFO] etl_papers:   2256-2796/document (4).pdf: 2 artículo(s) extraído(s)
2026-09-19 15:46:57,969 [INFO] etl_papers:   2256-2796/document (5).pdf: 2 artículo(s) extraído(s)
2026-09-19 15:46:58,022 [INFO] etl_papers:   2256-2796/document (6).pdf: 2 artículo(s) extraído(s)
2026-09-19 15:46:58,086 [INFO] etl_papers:   2256-2796/document (7).pdf: 2 artículo(s) extraído(s)
2026-09-19 15:46:58,192 [INFO] etl_papers:   2256-2796/document (8).pdf: 2 artículo(s) extraído(s)
2026-09-19 15:46:58,293 [INFO] etl_papers:   2256-2796/document (9).pdf: 1 artículo(s) extraído(s)
2026-09-19 15:46:58,331 [INFO] etl_papers:   2256-2958/358631_OK.pdf: 2 artículo(s) extraído(s)
2026-09-19 15:46:58,371 [INFO] etl_papers:   2256-2958/358794.pdf: 2 artículo(s) extraído(s)
2026-09-19 15:46:58,422 [INFO] etl_papers:   2256-2958/358801.pdf: 2 artículo(s) extraído(s)
2026-09-19 15:46:58,478 [INFO] etl_papers:   2256-2958/358933.pdf: 2 artículo(s) extraído(s)
2026-09-19 15:46:58,544 [INFO] etl_papers:   2256-2958/358966.pdf: 1 artículo(s) extraído(s)
2026-09-19 15:46:58,591 [INFO] etl_papers:   2256-2958/359311_Ok.pdf: 2 artículo(s) extraído(s)
2026-09-19 15:46:58,641 [INFO] etl_papers:   2256-2958/359535.pdf: 2 artículo(s) extraído(s)
2026-09-19 15:46:58,685 [INFO] etl_papers:   2256-2958/359581_OK.pdf: 2 artículo(s) extraído(s)
2026-09-19 15:46:58,733 [INFO] etl_papers:   2256-2958/360197.pdf: 2 artículo(s) extraído(s)
2026-09-19 15:46:58,808 [INFO] etl_papers:   2256-2958/360786.pdf: 2 artículo(s) extraído(s)
2026-09-19 15:46:58,852 [INFO] etl_papers:   2256-2958/360929.pdf: 2 artículo(s) extraído(s)
2026-09-19 15:46:58,890 [INFO] etl_papers:   2256-2958/361091.pdf: 2 artículo(s) extraído(s)
2026-09-19 15:46:58,932 [INFO] etl_papers:   2256-2958/361359_compressed.pdf: 2 artículo(s) extraído(s)
2026-09-19 15:46:58,976 [INFO] etl_papers:   2256-3067/Art.10+Estretegias+resilientes+docentes+educación+media+pandemia.pdf: 2 artículo(s) extraído(s)
2026-09-19 15:46:59,027 [INFO] etl_papers:   2256-3067/Art.12+Teoría+de+usos+y+gratificaciones+ámbito+militar.pdf: 2 artículo(s) extraído(s)
2026-09-19 15:46:59,077 [INFO] etl_papers:   2256-3067/Art.13+Prevalencia+experiencias+traumáticas+infancia.pdf: 2 artículo(s) extraído(s)
2026-09-19 15:46:59,134 [INFO] etl_papers:   2256-3067/Art.14+Efectos+de+variaciones+autoridad_comportamiento+obediente.pdf: 2 artículo(s) extraído(s)
2026-09-19 15:46:59,182 [INFO] etl_papers:   2256-3067/Art.16+Propiedades+psicométricas+grit+académico.pdf: 2 artículo(s) extraído(s)
2026-09-19 15:46:59,326 [INFO] etl_papers:   2256-3067/Art.1_Participation+productions+Psychology+WoS.pdf: 2 artículo(s) extraído(s)
2026-09-19 15:46:59,375 [INFO] etl_papers:   2256-3067/Art.2+Supportive+climate+and+dedication.pdf: 2 artículo(s) extraído(s)
2026-09-19 15:46:59,430 [INFO] etl_papers:   2256-3067/Art.3+Evaluación+modelo+docencia-servicio+psicología.pdf: 2 artículo(s) extraído(s)
2026-09-19 15:46:59,461 [INFO] etl_papers:   2256-3067/Art.4+Actitudes+hacia+la+comida+estudiantes+Bucaramanga.pdf: 2 artículo(s) extraído(s)
2026-09-19 15:46:59,499 [INFO] etl_papers:   2256-3067/Art.5+Adaptation+questionnaire+experiences+video+games.pdf: 2 artículo(s) extraído(s)
2026-09-19 15:46:59,544 [INFO] etl_papers:   2256-3067/Art.7+Intervencioes+en+salud+envejecimiento+activo.pdf: 2 artículo(s) extraído(s)
2026-09-19 15:46:59,589 [INFO] etl_papers:   2256-3067/Art.8+Salud+mental+y+enfermedad+inflamatoria+intestinal.pdf: 2 artículo(s) extraído(s)
2026-09-19 15:46:59,636 [INFO] etl_papers:   2256-3067/Art.9+Estudio+de+revisión+sobre+sesgo+de+creencia.pdf: 3 artículo(s) extraído(s)
2026-09-19 15:46:59,683 [INFO] etl_papers:   2256-3334/358482+final.pdf: 2 artículo(s) extraído(s)
2026-09-19 15:46:59,735 [INFO] etl_papers:   2256-3334/359962_final.pdf: 2 artículo(s) extraído(s)
2026-09-19 15:46:59,810 [INFO] etl_papers:   2256-3334/360326_final.pdf: 2 artículo(s) extraído(s)
2026-09-19 15:46:59,868 [INFO] etl_papers:   2256-3334/360621_final.pdf: 2 artículo(s) extraído(s)
2026-09-19 15:46:59,912 [INFO] etl_papers:   2256-3334/360926_final.pdf: 2 artículo(s) extraído(s)
2026-09-19 15:46:59,969 [INFO] etl_papers:   2256-3334/361232_final.pdf: 2 artículo(s) extraído(s)
2026-09-19 15:47:00,033 [INFO] etl_papers:   2256-3334/361278_final.pdf: 2 artículo(s) extraído(s)
2026-09-19 15:47:00,112 [INFO] etl_papers:   2256-3334/361293_final2.pdf: 2 artículo(s) extraído(s)
2026-09-19 15:47:00,161 [INFO] etl_papers:   2256-3334/361367_final.pdf: 2 artículo(s) extraído(s)
2026-09-19 15:47:00,212 [INFO] etl_papers:   2256-3334/361407+final.pdf: 2 artículo(s) extraído(s)
2026-09-19 15:47:00,278 [INFO] etl_papers:   2256-3334/361437_+final.pdf: 2 artículo(s) extraído(s)
2026-09-19 15:47:00,325 [INFO] etl_papers:   2256-3334/361484+final.pdf: 2 artículo(s) extraído(s)
2026-09-19 15:47:00,373 [INFO] etl_papers:   2256-3334/361516+final.pdf: 2 artículo(s) extraído(s)
2026-09-19 15:47:00,415 [INFO] etl_papers:   2256-3334/361768_final.pdf: 1 artículo(s) extraído(s)
2026-09-19 15:47:00,469 [INFO] etl_papers:   2256-3334/362334+final.pdf: 2 artículo(s) extraído(s)
2026-09-19 15:47:00,516 [INFO] etl_papers:   2256-3334/362568_ingles_final.pdf: 2 artículo(s) extraído(s)
2026-09-19 15:47:00,578 [INFO] etl_papers:   2256-3334/362658+final.pdf: 2 artículo(s) extraído(s)
2026-09-19 15:47:00,617 [INFO] etl_papers:   2256-3334/363361_final.pdf: 2 artículo(s) extraído(s)
2026-09-19 15:47:00,674 [INFO] etl_papers:   2256-3334/363375_final.pdf: 2 artículo(s) extraído(s)
2026-09-19 15:47:00,896 [INFO] etl_papers:   2256-4322/658-245-PB.pdf: 6 artículo(s) extraído(s)
2026-09-19 15:47:00,988 [INFO] etl_papers:   2256-5248/Rhela-28-48-m-115-135.pdf: 2 artículo(s) extraído(s)
2026-09-19 15:47:01,083 [INFO] etl_papers:   2256-5248/Rhela-28-48-m-137-164.pdf: 2 artículo(s) extraído(s)
2026-09-19 15:47:01,170 [INFO] etl_papers:   2256-5248/Rhela-28-48-m-15-42.pdf: 2 artículo(s) extraído(s)
2026-09-19 15:47:01,240 [INFO] etl_papers:   2256-5248/Rhela-28-48-m-165-184.pdf: 2 artículo(s) extraído(s)
2026-09-19 15:47:01,364 [INFO] etl_papers:   2256-5248/Rhela-28-48-m-185-205.pdf: 2 artículo(s) extraído(s)
2026-09-19 15:47:01,437 [INFO] etl_papers:   2256-5248/Rhela-28-48-m-207-268-1-20.pdf: 2 artículo(s) extraído(s)
2026-09-19 15:47:01,566 [INFO] etl_papers:   2256-5248/Rhela-28-48-m-207-268-21-62.pdf: 2 artículo(s) extraído(s)
2026-09-19 15:47:01,649 [INFO] etl_papers:   2256-5248/Rhela-28-48-m-43-68.pdf: 2 artículo(s) extraído(s)
2026-09-19 15:47:01,724 [INFO] etl_papers:   2256-5248/Rhela-28-48-m-69-90.pdf: 2 artículo(s) extraído(s)
2026-09-19 15:47:01,802 [INFO] etl_papers:   2256-5248/Rhela-28-48-m-91-113.pdf: 2 artículo(s) extraído(s)
2026-09-19 15:47:04,970 [INFO] etl_papers:   2256-5442/TAC_+RCGeo_35-2+_AGO06+V3.pdf: 32 artículo(s) extraído(s)
2026-09-19 15:47:05,043 [INFO] etl_papers:   2256-5450/Literatura_28-1_101-131.pdf: 1 artículo(s) extraído(s)
2026-09-19 15:47:05,122 [INFO] etl_papers:   2256-5450/Literatura_28-1_11-43.pdf: 1 artículo(s) extraído(s)
2026-09-19 15:47:05,198 [INFO] etl_papers:   2256-5450/Literatura_28-1_132-162.pdf: 1 artículo(s) extraído(s)
2026-09-19 15:47:05,245 [INFO] etl_papers:   2256-5450/Literatura_28-1_163-176.pdf: 1 artículo(s) extraído(s)
2026-09-19 15:47:05,322 [INFO] etl_papers:   2256-5450/Literatura_28-1_44-70.pdf: 1 artículo(s) extraído(s)
2026-09-19 15:47:05,387 [INFO] etl_papers:   2256-5450/Literatura_28-1_71-100.pdf: 1 artículo(s) extraído(s)
2026-09-19 15:47:06,527 [INFO] etl_papers:   2256-5485/Sociologia de la musica.pdf: 24 artículo(s) extraído(s)
2026-09-19 15:47:07,287 [INFO] etl_papers:   2256-5493/Revista Trabajo Social 28(2) - Pervivencias y Transformaciones del Trabajo Social en el Sur Global - Racionalidades, agriet.pdf: 22 artículo(s) extraído(s)
2026-09-19 15:47:07,954 [INFO] etl_papers:   2256-5493/TAC Rev Tra Social 28_1_V6 (1).pdf: 18 artículo(s) extraído(s)
2026-09-19 15:47:08,043 [INFO] etl_papers:   2256-5647/ACHSC_53_2_Art01_Ramirez.pdf: 1 artículo(s) extraído(s)
2026-09-19 15:47:08,117 [INFO] etl_papers:   2256-5647/ACHSC_53_2_Art02_Agudelo,+Chapman,+Lopez.pdf: 1 artículo(s) extraído(s)
2026-09-19 15:47:08,200 [INFO] etl_papers:   2256-5647/ACHSC_53_2_Art03_Jimenez.pdf: 1 artículo(s) extraído(s)
2026-09-19 15:47:08,293 [INFO] etl_papers:   2256-5647/ACHSC_53_2_Art04_Sanchez.pdf: 1 artículo(s) extraído(s)
2026-09-19 15:47:08,371 [INFO] etl_papers:   2256-5647/ACHSC_53_2_Art05_Valenzuela,+Moreno.pdf: 1 artículo(s) extraído(s)
2026-09-19 15:47:08,452 [INFO] etl_papers:   2256-5647/ACHSC_53_2_Art06_Wan.pdf: 2 artículo(s) extraído(s)
2026-09-19 15:47:08,533 [INFO] etl_papers:   2256-5647/ACHSC_53_2_Art07_Aguirre.pdf: 1 artículo(s) extraído(s)
2026-09-19 15:47:08,617 [INFO] etl_papers:   2256-5647/ACHSC_53_2_Art08_Vazquez.pdf: 1 artículo(s) extraído(s)
2026-09-19 15:47:08,701 [INFO] etl_papers:   2256-5647/ACHSC_53_2_Art09_Camus.pdf: 1 artículo(s) extraído(s)
2026-09-19 15:47:08,779 [INFO] etl_papers:   2256-5647/ACHSC_53_2_Art10_Iturriaga,+Matiz,+Mendez.pdf: 1 artículo(s) extraído(s)
2026-09-19 15:47:08,845 [INFO] etl_papers:   2322-6889/1.+Felipe+Carrillo+Puerto.pdf: 2 artículo(s) extraído(s)
2026-09-19 15:47:08,910 [INFO] etl_papers:   2322-6889/2.+Salvador+Massip.pdf: 2 artículo(s) extraído(s)
2026-09-19 15:47:08,975 [INFO] etl_papers:   2322-6889/3.+La+irrupción+del+suelo.pdf: 2 artículo(s) extraído(s)
2026-09-19 15:47:09,043 [INFO] etl_papers:   2322-6889/4.+Militarismo,+ciencia+y+naturaleza.pdf: 2 artículo(s) extraído(s)
2026-09-19 15:47:09,123 [INFO] etl_papers:   2322-6889/5.+Acts+of+state.pdf: 2 artículo(s) extraído(s)
2026-09-19 15:47:09,200 [INFO] etl_papers:   2322-777X/Aduanas+y+cónsules+en+el+comercio+suroccidental+colombiano+durante+la+segunda+mitad+del+siglo+XIX.pdf: 2 artículo(s) extraído(s)
2026-09-19 15:47:09,274 [INFO] etl_papers:   2322-777X/Experiences+and+Reactions+to+Communication+in+the+Spanish+Atlantic+(1492-1560)+(1).pdf: 2 artículo(s) extraído(s)
2026-09-19 15:47:09,350 [INFO] etl_papers:   2322-777X/La+carrera+postal+Buenos+Aires-Paraguay+a+través+de+los+libros+contables+(1770-1784).pdf: 2 artículo(s) extraído(s)
2026-09-19 15:47:09,419 [INFO] etl_papers:   2322-777X/Servicio+postal+e+industria+salitrera+chilena+de+finales+del+siglo+XIX.pdf: 2 artículo(s) extraído(s)
2026-09-19 15:47:09,489 [INFO] etl_papers:   2322-777X/«Comercio+de+noticias».+Política+y+ámbitos+de+información.+Entre+Ríos,+1819-1821.pdf: 2 artículo(s) extraído(s)
2026-09-19 15:47:09,575 [INFO] etl_papers:   2322-777X/«Pertenece+a+los+reyes+hacer+gracia+y+mercedes+a+sus+naturales».+Estrategias+femeninas+de+acceso+a+la+economía+de+la+gracia+en+el+virreinato+del+Nuevo+Reino+de+Granada,+1780-1790.pdf: 2 artículo(s) extraído(s)
2026-09-19 15:47:09,636 [INFO] etl_papers:   2322-9381/Dialnet-DeLosLugaresDeTrabajoALaProtestaPopular-10758465.pdf: 3 artículo(s) extraído(s)
2026-09-19 15:47:09,690 [INFO] etl_papers:   2322-9381/Dialnet-ElMovimientoDeDeudorasYDeudoresHabitacionalesDeChi-10758471.pdf: 3 artículo(s) extraído(s)
2026-09-19 15:47:09,744 [INFO] etl_papers:   2322-9381/Dialnet-GestandoUnaNuevaSociabilidad-10758467.pdf: 3 artículo(s) extraído(s)
2026-09-19 15:47:09,802 [INFO] etl_papers:   2322-9381/Dialnet-LaHuelgaDelTranviaDeBogotaDe1924-10758468.pdf: 3 artículo(s) extraído(s)
2026-09-19 15:47:09,859 [INFO] etl_papers:   2322-9381/Dialnet-LlevanLaPatriaVibrandoEnLasManosLosVoceadoresDePre-10758466.pdf: 3 artículo(s) extraído(s)
2026-09-19 15:47:09,915 [INFO] etl_papers:   2322-9381/Dialnet-NoEconomizarNingunSacrificioExigenciasYCondiciones-10758464.pdf: 3 artículo(s) extraído(s)
2026-09-19 15:47:09,974 [INFO] etl_papers:   2322-9381/Dialnet-SomosSobrevivientesLasVictimasDelConflictoArmadoEn-10758470.pdf: 3 artículo(s) extraído(s)
2026-09-19 15:47:10,026 [INFO] etl_papers:   2322-9381/Dialnet-TrabajoYAgenciaFemeninaEnColimaAFinesDelVirreinato-10758463.pdf: 3 artículo(s) extraído(s)
2026-09-19 15:47:10,099 [INFO] etl_papers:   2322-9381/Dialnet-VariosCaminosNosTrajeronHastaAqui-10758469.pdf: 3 artículo(s) extraído(s)
2026-09-19 15:47:10,148 [INFO] etl_papers:   2322-9675/01_Olague+Mendez.pdf: 3 artículo(s) extraído(s)
2026-09-19 15:47:10,214 [INFO] etl_papers:   2322-9675/02_Caballero+Campos.pdf: 3 artículo(s) extraído(s)
2026-09-19 15:47:10,283 [INFO] etl_papers:   2322-9675/03_Ávila.pdf: 3 artículo(s) extraído(s)
2026-09-19 15:47:10,342 [INFO] etl_papers:   2322-9675/04_Caro+Peralta.pdf: 3 artículo(s) extraído(s)
2026-09-19 15:47:10,405 [INFO] etl_papers:   2322-9675/05_Alderete.pdf: 3 artículo(s) extraído(s)
2026-09-19 15:47:10,470 [INFO] etl_papers:   2322-9675/06_Cifuentes+Sarmiento.pdf: 3 artículo(s) extraído(s)
2026-09-19 15:47:10,537 [INFO] etl_papers:   2322-9675/07_Mora+Silva.pdf: 3 artículo(s) extraído(s)
2026-09-19 15:47:10,595 [INFO] etl_papers:   2322-9675/08_Ortega+Zambrano+y+Figueroa+Salamanca.pdf: 3 artículo(s) extraído(s)
2026-09-19 15:47:10,652 [INFO] etl_papers:   2322-9675/09_Castillo+Braithwaite.pdf: 3 artículo(s) extraído(s)
2026-09-19 15:47:10,706 [INFO] etl_papers:   2322-9721/admin,+1+-+15775+-+Less.pdf: 2 artículo(s) extraído(s)
2026-09-19 15:47:10,762 [INFO] etl_papers:   2322-9721/admin,+2+-+14357+-+A+Case.pdf: 2 artículo(s) extraído(s)
2026-09-19 15:47:10,854 [INFO] etl_papers:   2322-9721/admin,+3+-+14815+-+Students’.pdf: 2 artículo(s) extraído(s)
2026-09-19 15:47:10,908 [INFO] etl_papers:   2322-9721/admin,+4+-+13385+-+Enseñanza.pdf: 2 artículo(s) extraído(s)
2026-09-19 15:47:10,959 [INFO] etl_papers:   2322-9721/admin,+6+-+16325+-+From.pdf: 2 artículo(s) extraído(s)
2026-09-19 15:47:11,011 [INFO] etl_papers:   2322-9721/admin,+6-14409-88597-14-1_digital.pdf: 2 artículo(s) extraído(s)
2026-09-19 15:47:11,056 [INFO] etl_papers:   2323-0118/art+1+acta+74-1+p7+15.pdf: 2 artículo(s) extraído(s)
2026-09-19 15:47:11,108 [INFO] etl_papers:   2323-0118/art+10+acta+74-1+p91+100.pdf: 2 artículo(s) extraído(s)
2026-09-19 15:47:11,151 [INFO] etl_papers:   2323-0118/art+11+acta+74-1+p101+108+(1).pdf: 2 artículo(s) extraído(s)
2026-09-19 15:47:11,195 [INFO] etl_papers:   2323-0118/art+12+acta+74-1+p109+116.pdf: 2 artículo(s) extraído(s)
2026-09-19 15:47:11,251 [INFO] etl_papers:   2323-0118/art+2+acta+74-1+p16+24.pdf: 2 artículo(s) extraído(s)
2026-09-19 15:47:11,312 [INFO] etl_papers:   2323-0118/art+3+acta+74-1+p25+33.pdf: 2 artículo(s) extraído(s)
2026-09-19 15:47:11,360 [INFO] etl_papers:   2323-0118/art+4+acta+74-1+p34+41.pdf: 2 artículo(s) extraído(s)
2026-09-19 15:47:11,427 [INFO] etl_papers:   2323-0118/art+5+acta+74-1+p42+54.pdf: 2 artículo(s) extraído(s)
2026-09-19 15:47:11,477 [INFO] etl_papers:   2323-0118/art+6+acta+74-1+p55+62.pdf: 2 artículo(s) extraído(s)
2026-09-19 15:47:11,521 [INFO] etl_papers:   2323-0118/art+7+acta+74-1+p63+70.pdf: 2 artículo(s) extraído(s)
2026-09-19 15:47:11,582 [INFO] etl_papers:   2323-0118/art+8+acta+74-1+p71+79.pdf: 2 artículo(s) extraído(s)
2026-09-19 15:47:11,637 [INFO] etl_papers:   2323-0118/art+9+acta+74-1+p80+90.pdf: 2 artículo(s) extraído(s)
2026-09-19 15:47:11,704 [INFO] etl_papers:   2323-0126/Ted+59+Art.+17402.pdf: 2 artículo(s) extraído(s)
2026-09-19 15:47:11,745 [INFO] etl_papers:   2323-0126/Ted+59+Art.+21380.pdf: 2 artículo(s) extraído(s)
2026-09-19 15:47:11,801 [INFO] etl_papers:   2323-0126/Ted+59+Art.+21879.pdf: 2 artículo(s) extraído(s)
2026-09-19 15:47:11,869 [INFO] etl_papers:   2323-0126/Ted+59+Art.+22099.pdf: 2 artículo(s) extraído(s)
2026-09-19 15:47:11,921 [INFO] etl_papers:   2323-0126/Ted+59+Art.+22130.pdf: 2 artículo(s) extraído(s)
2026-09-19 15:47:11,993 [INFO] etl_papers:   2323-0126/Ted+59+Art.+22209.pdf: 4 artículo(s) extraído(s)
2026-09-19 15:47:12,074 [INFO] etl_papers:   2323-0126/Ted+59+Art.+22283.pdf: 2 artículo(s) extraído(s)
2026-09-19 15:47:12,139 [INFO] etl_papers:   2323-0126/Ted+59+Art.+22406.pdf: 2 artículo(s) extraído(s)
2026-09-19 15:47:12,205 [INFO] etl_papers:   2323-0126/Ted+59+Art.+22437.pdf: 2 artículo(s) extraído(s)
2026-09-19 15:47:12,279 [INFO] etl_papers:   2323-0126/Ted+59+Art.+22605.pdf: 3 artículo(s) extraído(s)
2026-09-19 15:47:12,343 [INFO] etl_papers:   2323-0126/Ted+59+Art.+22633.pdf: 2 artículo(s) extraído(s)
2026-09-19 15:47:12,411 [INFO] etl_papers:   2323-0126/Ted+59+Art.+22635.pdf: 2 artículo(s) extraído(s)
2026-09-19 15:47:12,484 [INFO] etl_papers:   2323-0126/Ted+59+Art.+22993.pdf: 2 artículo(s) extraído(s)
2026-09-19 15:47:12,557 [INFO] etl_papers:   2323-0126/Ted+59+Art.+22994.pdf: 2 artículo(s) extraído(s)
2026-09-19 15:47:12,620 [INFO] etl_papers:   2323-0126/Ted+59+Art.+23023.pdf: 3 artículo(s) extraído(s)
2026-09-19 15:47:12,677 [INFO] etl_papers:   2323-0126/Ted+59+Art.+23045.pdf: 2 artículo(s) extraído(s)
2026-09-19 15:47:12,749 [INFO] etl_papers:   2339-3459/10_121762_comparison.pdf: 2 artículo(s) extraído(s)
2026-09-19 15:47:12,831 [INFO] etl_papers:   2339-3459/123186+3_123186_Detection.pdf: 1 artículo(s) extraído(s)
2026-09-19 15:47:12,920 [INFO] etl_papers:   2339-3459/1_124308_Mineralogical.pdf: 2 artículo(s) extraído(s)
2026-09-19 15:47:12,999 [INFO] etl_papers:   2339-3459/2_122713_Application+of.pdf: 1 artículo(s) extraído(s)
2026-09-19 15:47:13,066 [INFO] etl_papers:   2339-3459/4_122297_machine.pdf: 1 artículo(s) extraído(s)
2026-09-19 15:47:13,134 [INFO] etl_papers:   2339-3459/5_124270_Role.pdf: 1 artículo(s) extraído(s)
2026-09-19 15:47:13,188 [INFO] etl_papers:   2339-3459/6_121860_stable.pdf: 1 artículo(s) extraído(s)
2026-09-19 15:47:13,285 [INFO] etl_papers:   2339-3459/7_120722_A+semi.pdf: 0 artículo(s) extraído(s)
2026-09-19 15:47:13,346 [INFO] etl_papers:   2339-3459/8_123547_Evolution.pdf: 1 artículo(s) extraído(s)
2026-09-19 15:47:13,417 [INFO] etl_papers:   2339-3459/9_122773_geothecnical.pdf: 1 artículo(s) extraído(s)
2026-09-19 15:47:13,449 [INFO] etl_papers:   2339-3874/Investigacion-5402.pdf: 2 artículo(s) extraído(s)
2026-09-19 15:47:13,493 [INFO] etl_papers:   2339-3874/Investigacion-5448.pdf: 2 artículo(s) extraído(s)
2026-09-19 15:47:13,523 [INFO] etl_papers:   2339-3874/Investigacion-5508.pdf: 2 artículo(s) extraído(s)
2026-09-19 15:47:13,559 [INFO] etl_papers:   2339-3874/Investigacion-5530.pdf: 1 artículo(s) extraído(s)
2026-09-19 15:47:13,590 [INFO] etl_papers:   2339-3874/Investigacion-5539.pdf: 2 artículo(s) extraído(s)
2026-09-19 15:47:13,631 [INFO] etl_papers:   2339-3874/Investigacion-5563.pdf: 2 artículo(s) extraído(s)
2026-09-19 15:47:13,664 [INFO] etl_papers:   2339-3874/Investigación-5387.pdf: 2 artículo(s) extraído(s)
2026-09-19 15:47:13,950 [INFO] etl_papers:   2344-7214/1316-110-PB.pdf: 8 artículo(s) extraído(s)
2026-09-19 15:47:14,017 [INFO] etl_papers:   2344-8350/RC-52-3-23342.pdf: 2 artículo(s) extraído(s)
2026-09-19 15:47:14,087 [INFO] etl_papers:   2344-8350/RC-53-1-24601.pdf: 2 artículo(s) extraído(s)
2026-09-19 15:47:14,163 [INFO] etl_papers:   2344-8350/RC-53-1-24611.pdf: 2 artículo(s) extraído(s)
2026-09-19 15:47:14,240 [INFO] etl_papers:   2344-8350/RC52-3-22826.pdf: 2 artículo(s) extraído(s)
2026-09-19 15:47:14,314 [INFO] etl_papers:   2344-8350/RC52-3-23130.pdf: 2 artículo(s) extraído(s)
2026-09-19 15:47:14,390 [INFO] etl_papers:   2344-8350/RC52-3-23436.pdf: 2 artículo(s) extraído(s)
2026-09-19 15:47:14,626 [INFO] etl_papers:   2344-8350/RC52-3-23926.pdf: 2 artículo(s) extraído(s)
2026-09-19 15:47:14,652 [INFO] etl_papers:   2344-8350/RC52-3-ed.pdf: 1 artículo(s) extraído(s)
2026-09-19 15:47:14,744 [INFO] etl_papers:   2344-8350/RC53-1-24600.pdf: 2 artículo(s) extraído(s)
2026-09-19 15:47:14,818 [INFO] etl_papers:   2344-8350/RC53-1-24617.pdf: 2 artículo(s) extraído(s)
2026-09-19 15:47:14,885 [INFO] etl_papers:   2344-8350/RC53-1-24627.pdf: 2 artículo(s) extraído(s)
2026-09-19 15:47:15,235 [INFO] etl_papers:   2346-0199/98-86-PB (1).pdf: 8 artículo(s) extraído(s)
2026-09-19 15:47:15,350 [INFO] etl_papers:   2346-0806/sph02-e1476+(3).pdf: 2 artículo(s) extraído(s)
2026-09-19 15:47:15,418 [INFO] etl_papers:   2346-0806/sph03-e1513+(3).pdf: 2 artículo(s) extraído(s)
2026-09-19 15:47:15,490 [INFO] etl_papers:   2346-0806/sph04-e1541+(3).pdf: 2 artículo(s) extraído(s)
2026-09-19 15:47:15,564 [INFO] etl_papers:   2346-0806/sph05-e1551+(3).pdf: 2 artículo(s) extraído(s)
2026-09-19 15:47:15,634 [INFO] etl_papers:   2346-0806/sph06-e1553+(3).pdf: 2 artículo(s) extraído(s)
2026-09-19 15:47:15,701 [INFO] etl_papers:   2346-0806/sph07-e1568+(3).pdf: 2 artículo(s) extraído(s)
2026-09-19 15:47:15,772 [INFO] etl_papers:   2346-0806/sph08-e1572.pdf: 2 artículo(s) extraído(s)
2026-09-19 15:47:15,888 [INFO] etl_papers:   2346-0806/sph09-e1597+(2).pdf: 2 artículo(s) extraído(s)
2026-09-19 15:47:15,962 [INFO] etl_papers:   2346-0806/sph10-e1608.pdf: 2 artículo(s) extraído(s)
2026-09-19 15:47:16,037 [INFO] etl_papers:   2346-0806/sph100-e1404+(3).pdf: 2 artículo(s) extraído(s)
2026-09-19 15:47:16,119 [INFO] etl_papers:   2346-0806/sph101-e1421+(4).pdf: 2 artículo(s) extraído(s)
2026-09-19 15:47:16,202 [INFO] etl_papers:   2346-0806/sph102-e1556+(3).pdf: 2 artículo(s) extraído(s)
2026-09-19 15:47:16,265 [INFO] etl_papers:   2346-0806/sph11-e1616.pdf: 2 artículo(s) extraído(s)
2026-09-19 15:47:16,341 [INFO] etl_papers:   2346-0806/sph12-e1613+(1).pdf: 2 artículo(s) extraído(s)
2026-09-19 15:47:16,522 [INFO] etl_papers:   2346-1691/6692827001.pdf: 2 artículo(s) extraído(s)
2026-09-19 15:47:16,589 [INFO] etl_papers:   2346-1691/6692827002.pdf: 2 artículo(s) extraído(s)
2026-09-19 15:47:16,698 [INFO] etl_papers:   2346-1691/6692827003.pdf: 2 artículo(s) extraído(s)
2026-09-19 15:47:16,776 [INFO] etl_papers:   2346-1691/6692827004.pdf: 2 artículo(s) extraído(s)
2026-09-19 15:47:16,852 [INFO] etl_papers:   2346-1691/6692827005.pdf: 2 artículo(s) extraído(s)
2026-09-19 15:47:16,915 [INFO] etl_papers:   2346-1691/6692827006.pdf: 1 artículo(s) extraído(s)
2026-09-19 15:47:16,942 [INFO] etl_papers:   2346-1691/6692827007.pdf: 1 artículo(s) extraído(s)
2026-09-19 15:47:17,019 [INFO] etl_papers:   2346-1691/CL-29+2025-LOTE46692827014.pdf: 2 artículo(s) extraído(s)
2026-09-19 15:47:17,083 [INFO] etl_papers:   2346-1691/CL-29-L-3+xml6692827010.pdf: 2 artículo(s) extraído(s)
2026-09-19 15:47:17,169 [INFO] etl_papers:   2346-1691/CL-29-L-3+xml6692827011.pdf: 2 artículo(s) extraído(s)
2026-09-19 15:47:17,219 [INFO] etl_papers:   2346-1829/1.+From+Reluctance+to+Resilience+(2).pdf: 2 artículo(s) extraído(s)
2026-09-19 15:47:17,275 [INFO] etl_papers:   2346-1829/2.+La+paz+en+Colombia+(4).pdf: 2 artículo(s) extraído(s)
2026-09-19 15:47:17,355 [INFO] etl_papers:   2346-1829/3.+Análisis+del+discurso+(1).pdf: 2 artículo(s) extraído(s)
2026-09-19 15:47:17,397 [INFO] etl_papers:   2346-1829/4.+Representacion+silabica+(1).pdf: 2 artículo(s) extraído(s)
2026-09-19 15:47:17,450 [INFO] etl_papers:   2346-1829/5.+factors+that+contribute+(3)+(1).pdf: 2 artículo(s) extraído(s)
2026-09-19 15:47:17,502 [INFO] etl_papers:   2346-1829/6.Construcción+discursiva+del+adversario+(1).pdf: 2 artículo(s) extraído(s)
2026-09-19 15:47:17,548 [INFO] etl_papers:   2346-1829/8.+La+variacion+sociopragmatica+(6).pdf: 2 artículo(s) extraído(s)
2026-09-19 15:47:17,599 [INFO] etl_papers:   2346-1829/9.+Intercultural+comunicative+(4).pdf: 2 artículo(s) extraído(s)
2026-09-19 15:47:17,677 [INFO] etl_papers:   2346-206X/document (10).pdf: 2 artículo(s) extraído(s)
2026-09-19 15:47:17,760 [INFO] etl_papers:   2346-206X/document (11).pdf: 3 artículo(s) extraído(s)
2026-09-19 15:47:17,845 [INFO] etl_papers:   2346-206X/document (12).pdf: 2 artículo(s) extraído(s)
2026-09-19 15:47:17,933 [INFO] etl_papers:   2346-206X/document (13).pdf: 2 artículo(s) extraído(s)
2026-09-19 15:47:18,025 [INFO] etl_papers:   2346-206X/document (14).pdf: 2 artículo(s) extraído(s)
2026-09-19 15:47:18,118 [INFO] etl_papers:   2346-206X/document (2).pdf: 2 artículo(s) extraído(s)
2026-09-19 15:47:18,185 [INFO] etl_papers:   2346-206X/document (3).pdf: 2 artículo(s) extraído(s)
2026-09-19 15:47:18,264 [INFO] etl_papers:   2346-206X/document (4).pdf: 2 artículo(s) extraído(s)
2026-09-19 15:47:18,358 [INFO] etl_papers:   2346-206X/document (5).pdf: 2 artículo(s) extraído(s)
2026-09-19 15:47:18,468 [INFO] etl_papers:   2346-206X/document (6).pdf: 2 artículo(s) extraído(s)
2026-09-19 15:47:18,560 [INFO] etl_papers:   2346-206X/document (7).pdf: 2 artículo(s) extraído(s)
2026-09-19 15:47:18,646 [INFO] etl_papers:   2346-206X/document (8).pdf: 2 artículo(s) extraído(s)
2026-09-19 15:47:18,723 [INFO] etl_papers:   2346-206X/document (9).pdf: 2 artículo(s) extraído(s)
2026-09-19 15:47:18,799 [INFO] etl_papers:   2346-2183/01_121522.FINAL.pdf: 2 artículo(s) extraído(s)
2026-09-19 15:47:19,019 [INFO] etl_papers:   2346-2183/02_123977.FINAL.pdf: 2 artículo(s) extraído(s)
2026-09-19 15:47:19,078 [INFO] etl_papers:   2346-2183/03_121649.FINAL.pdf: 2 artículo(s) extraído(s)
2026-09-19 15:47:19,165 [INFO] etl_papers:   2346-2183/04_121933.FINALl.pdf: 2 artículo(s) extraído(s)
2026-09-19 15:47:19,261 [INFO] etl_papers:   2346-2183/05_124994.FINAL.pdf: 3 artículo(s) extraído(s)
2026-09-19 15:47:19,326 [INFO] etl_papers:   2346-2183/06_123727.FINAL.pdf: 2 artículo(s) extraído(s)
2026-09-19 15:47:19,402 [INFO] etl_papers:   2346-2183/07_125643.FINAL.pdf: 2 artículo(s) extraído(s)
2026-09-19 15:47:19,460 [INFO] etl_papers:   2346-2183/08_122770.FINAL.pdf: 2 artículo(s) extraído(s)
2026-09-19 15:47:19,542 [INFO] etl_papers:   2346-2183/09_122757.FINAL.pdf: 2 artículo(s) extraído(s)
2026-09-19 15:47:19,608 [INFO] etl_papers:   2346-2183/10_123596.FINAL.pdf: 2 artículo(s) extraído(s)
2026-09-19 15:47:19,662 [INFO] etl_papers:   2346-2183/11_124360.FINAL.pdf: 2 artículo(s) extraído(s)
2026-09-19 15:47:19,717 [INFO] etl_papers:   2346-2183/12_123630.FINAL.pdf: 2 artículo(s) extraído(s)
2026-09-19 15:47:19,771 [INFO] etl_papers:   2346-2183/13_124310.FINAL.pdf: 2 artículo(s) extraído(s)
2026-09-19 15:47:19,829 [INFO] etl_papers:   2346-2183/14_124351.FINAL.pdf: 3 artículo(s) extraído(s)
2026-09-19 15:47:19,906 [INFO] etl_papers:   2346-2426/01-Unger+y+Gomez.pdf: 2 artículo(s) extraído(s)
2026-09-19 15:47:19,988 [INFO] etl_papers:   2346-2426/02-Fonnegra+Osorio.pdf: 2 artículo(s) extraído(s)
2026-09-19 15:47:20,070 [INFO] etl_papers:   2346-2426/03-Salazar+y+Bautista.pdf: 3 artículo(s) extraído(s)
2026-09-19 15:47:20,155 [INFO] etl_papers:   2346-2426/04-Dachevsky.pdf: 2 artículo(s) extraído(s)
2026-09-19 15:47:20,246 [INFO] etl_papers:   2346-2426/05-Phuc.pdf: 3 artículo(s) extraído(s)
2026-09-19 15:47:20,314 [INFO] etl_papers:   2346-2426/06-Gonzalez+Munoz.pdf: 2 artículo(s) extraído(s)
2026-09-19 15:47:20,397 [INFO] etl_papers:   2346-2426/07-Pena+Raigoza.pdf: 2 artículo(s) extraído(s)
2026-09-19 15:47:20,473 [INFO] etl_papers:   2346-2426/08-Lozano+Campos.pdf: 2 artículo(s) extraído(s)
2026-09-19 15:47:20,538 [INFO] etl_papers:   2346-2426/09-Bolanos+y+Acosta.pdf: 2 artículo(s) extraído(s)
2026-09-19 15:47:20,630 [INFO] etl_papers:   2346-2426/10-Moscaritolo+Palacio.pdf: 2 artículo(s) extraído(s)
2026-09-19 15:47:20,842 [INFO] etl_papers:   2346-3775/49-12-PB.pdf: 7 artículo(s) extraído(s)
2026-09-19 15:47:20,940 [INFO] etl_papers:   2346-4712/01+V21N2+23204.pdf: 2 artículo(s) extraído(s)
2026-09-19 15:47:21,030 [INFO] etl_papers:   2346-4712/03+V21N2+24128.pdf: 2 artículo(s) extraído(s)
2026-09-19 15:47:21,088 [INFO] etl_papers:   2346-4712/06+V21N2+22663.pdf: 2 artículo(s) extraído(s)
2026-09-19 15:47:21,163 [INFO] etl_papers:   2346-4712/07+v21n2+24052.pdf: 2 artículo(s) extraído(s)
2026-09-19 15:47:21,215 [INFO] etl_papers:   2346-4712/08+v21n2+23365.pdf: 2 artículo(s) extraído(s)
2026-09-19 15:47:21,310 [INFO] etl_papers:   2346-4712/09+V21N2+24329.pdf: 2 artículo(s) extraído(s)
2026-09-19 15:47:21,391 [INFO] etl_papers:   2346-4712/10+v21n2+23065.pdf: 2 artículo(s) extraído(s)
2026-09-19 15:47:21,460 [INFO] etl_papers:   2346-4712/11+V21N2+23900.pdf: 2 artículo(s) extraído(s)
2026-09-19 15:47:21,547 [INFO] etl_papers:   2346-4712/12+V21N2+23346B.pdf: 2 artículo(s) extraído(s)
2026-09-19 15:47:21,997 [INFO] etl_papers:   2357-3260/rcc-es_26_33_3.pdf: 10 artículo(s) extraído(s)
2026-09-19 15:47:22,041 [INFO] etl_papers:   2357-3848/118415.pdf: 2 artículo(s) extraído(s)
2026-09-19 15:47:22,093 [INFO] etl_papers:   2357-3848/118738.pdf: 1 artículo(s) extraído(s)
2026-09-19 15:47:22,130 [INFO] etl_papers:   2357-3848/119657.pdf: 1 artículo(s) extraído(s)
2026-09-19 15:47:22,173 [INFO] etl_papers:   2357-3848/120446.pdf: 2 artículo(s) extraído(s)
2026-09-19 15:47:22,219 [INFO] etl_papers:   2357-3848/120532.pdf: 1 artículo(s) extraído(s)
2026-09-19 15:47:22,279 [INFO] etl_papers:   2357-3848/121355.pdf: 1 artículo(s) extraído(s)
2026-09-19 15:47:22,362 [INFO] etl_papers:   2357-3848/121536.pdf: 1 artículo(s) extraído(s)
2026-09-19 15:47:22,415 [INFO] etl_papers:   2357-3848/123203.pdf: 1 artículo(s) extraído(s)
2026-09-19 15:47:22,476 [INFO] etl_papers:   2357-3848/124518.pdf: 1 artículo(s) extraído(s)
2026-09-19 15:47:22,525 [INFO] etl_papers:   2357-4100/Achak.pdf: 1 artículo(s) extraído(s)
2026-09-19 15:47:22,572 [INFO] etl_papers:   2357-4100/abdaqui.pdf: 1 artículo(s) extraído(s)
2026-09-19 15:47:22,612 [INFO] etl_papers:   2357-4100/azraib.pdf: 1 artículo(s) extraído(s)
2026-09-19 15:47:22,900 [INFO] etl_papers:   2357-4100/cezaro.pdf: 1 artículo(s) extraído(s)
2026-09-19 15:47:22,962 [INFO] etl_papers:   2357-4100/fer-hji-zer.pdf: 1 artículo(s) extraído(s)
2026-09-19 15:47:23,002 [INFO] etl_papers:   2357-4100/lalili.pdf: 1 artículo(s) extraído(s)
2026-09-19 15:47:23,056 [INFO] etl_papers:   2357-4100/lopez.pdf: 1 artículo(s) extraído(s)
2026-09-19 15:47:23,112 [INFO] etl_papers:   2357-4100/mec-abd-dec.pdf: 1 artículo(s) extraído(s)
2026-09-19 15:47:23,140 [INFO] etl_papers:   2357-4100/rothman.pdf: 1 artículo(s) extraído(s)
2026-09-19 15:47:23,213 [INFO] etl_papers:   2357-4100/talha.pdf: 1 artículo(s) extraído(s)
2026-09-19 15:47:23,703 [INFO] etl_papers:   2357-4720/HyS51.pdf: 19 artículo(s) extraído(s)
2026-09-19 15:47:23,806 [INFO] etl_papers:   2357-626X/1-6419-RealidadVirtual_2026.pdf: 2 artículo(s) extraído(s)
2026-09-19 15:47:23,980 [INFO] etl_papers:   2357-626X/2-6187-Biomimetic+Kinetic_2026.pdf: 2 artículo(s) extraído(s)
2026-09-19 15:47:24,110 [INFO] etl_papers:   2357-626X/3-6931-Residenando+aldeas_2026.pdf: 2 artículo(s) extraído(s)
2026-09-19 15:47:24,267 [INFO] etl_papers:   2357-626X/4-4437-CirculacionBrasilGuay-2026.pdf: 2 artículo(s) extraído(s)
2026-09-19 15:47:24,375 [INFO] etl_papers:   2357-626X/5-5878-Semiotica+interpretativa_2026.pdf: 2 artículo(s) extraído(s)
2026-09-19 15:47:24,503 [INFO] etl_papers:   2357-626X/6-7099-Comparativo_2026.pdf: 2 artículo(s) extraído(s)
2026-09-19 15:47:24,546 [INFO] etl_papers:   2357-6308/2-cáncer-próstata-v44-n2.pdf: 2 artículo(s) extraído(s)
2026-09-19 15:47:24,597 [INFO] etl_papers:   2357-6308/3-embarazo-adolescente-v44-n2.pdf: 2 artículo(s) extraído(s)
2026-09-19 15:47:24,640 [INFO] etl_papers:   2357-6308/4-artritis-psoriásica-v44-n2.pdf: 2 artículo(s) extraído(s)
2026-09-19 15:47:24,690 [INFO] etl_papers:   2357-6308/5-servicios-farmacéuticos-v44-n2.pdf: 2 artículo(s) extraído(s)
2026-09-19 15:47:24,724 [INFO] etl_papers:   2357-6308/Revista+45(1)+art+1+chequeo+1.pdf: 2 artículo(s) extraído(s)
2026-09-19 15:47:24,756 [INFO] etl_papers:   2357-6308/Revista+45(1)+art+2+chequeo+1.pdf: 2 artículo(s) extraído(s)
2026-09-19 15:47:24,794 [INFO] etl_papers:   2357-6308/Revista+45(1)+art+3+chequeo+1.pdf: 2 artículo(s) extraído(s)
2026-09-19 15:47:24,819 [INFO] etl_papers:   2357-6308/Revista+45(1)+art+4+chequeo+1.pdf: 2 artículo(s) extraído(s)
2026-09-19 15:47:24,866 [INFO] etl_papers:   2357-6308/Revista+45(1)+art+5+chequeo+2.pdf: 2 artículo(s) extraído(s)
2026-09-19 15:47:24,911 [INFO] etl_papers:   2357-6308/Revista+45(1)+art+6+chequeo+2.pdf: 2 artículo(s) extraído(s)
2026-09-19 15:47:24,982 [INFO] etl_papers:   2382-3860/e6783.pdf: 2 artículo(s) extraído(s)
2026-09-19 15:47:25,058 [INFO] etl_papers:   2382-3860/e6810.pdf: 2 artículo(s) extraído(s)
2026-09-19 15:47:25,141 [INFO] etl_papers:   2382-3860/e6932.pdf: 2 artículo(s) extraído(s)
2026-09-19 15:47:25,211 [INFO] etl_papers:   2382-3860/e7119.pdf: 2 artículo(s) extraído(s)
2026-09-19 15:47:25,270 [INFO] etl_papers:   2382-4018/1.+Desarrollo+de+un+protocolo+de+intervención.pdf: 1 artículo(s) extraído(s)
2026-09-19 15:47:25,358 [INFO] etl_papers:   2382-4018/2.+Competencias+emprendedoras.pdf: 1 artículo(s) extraído(s)
2026-09-19 15:47:25,421 [INFO] etl_papers:   2382-4018/3.+Resistencias+femeninas.pdf: 1 artículo(s) extraído(s)
2026-09-19 15:47:25,486 [INFO] etl_papers:   2382-4018/4.+Una+reflexión+en+torno+a+la+devolución+sistemática.pdf: 1 artículo(s) extraído(s)
2026-09-19 15:47:25,570 [INFO] etl_papers:   2382-4018/5.+Revisão+sistemática+da+literatura.pdf: 0 artículo(s) extraído(s)
2026-09-19 15:47:25,665 [INFO] etl_papers:   2382-4018/6.+Entre+el+combate+y+el+olvido.pdf: 1 artículo(s) extraído(s)
2026-09-19 15:47:25,761 [INFO] etl_papers:   2382-4018/7.+Investigación-Acción-Participativa.pdf: 1 artículo(s) extraído(s)
2026-09-19 15:47:25,847 [INFO] etl_papers:   2382-4581/articulo+1_ID_1655_+publicado.pdf: 1 artículo(s) extraído(s)
2026-09-19 15:47:25,912 [INFO] etl_papers:   2382-4581/articulo+3+ID_733+correccion+220826.pdf: 1 artículo(s) extraído(s)
2026-09-19 15:47:26,019 [INFO] etl_papers:   2382-4581/articulo+4+ID_2108_version_publicada.pdf: 1 artículo(s) extraído(s)
2026-09-19 15:47:26,118 [INFO] etl_papers:   2382-4581/articulo+5+ID+2498_publicado.pdf: 1 artículo(s) extraído(s)
2026-09-19 15:47:26,188 [INFO] etl_papers:   2389-7732/Art+ID+6616,+Vol.+36,+No.1+.pdf: 2 artículo(s) extraído(s)
2026-09-19 15:47:26,256 [INFO] etl_papers:   2389-7732/Art+ID+6649,+No.+04,+Vol.+36-1.pdf: 2 artículo(s) extraído(s)
2026-09-19 15:47:26,308 [INFO] etl_papers:   2389-7732/Art+ID+6849,+Vol.+36,+No.+05.pdf: 2 artículo(s) extraído(s)
2026-09-19 15:47:26,382 [INFO] etl_papers:   2389-7732/Art+ID+6856,+Vol.+36,+02.pdf: 2 artículo(s) extraído(s)
2026-09-19 15:47:26,490 [INFO] etl_papers:   2389-7732/Art+ID+6912,+Vol.+36,+06.pdf: 2 artículo(s) extraído(s)
2026-09-19 15:47:26,579 [INFO] etl_papers:   2389-7732/Art+ID+6917,+Vol.+36,+07.pdf: 2 artículo(s) extraído(s)
2026-09-19 15:47:26,687 [INFO] etl_papers:   2389-7732/Art+ID+7404,+Vol.+36,+09+(2).pdf: 2 artículo(s) extraído(s)
2026-09-19 15:47:26,781 [INFO] etl_papers:   2389-7732/Art.+6720,+Vol.+36,+No.+01..pdf: 2 artículo(s) extraído(s)
2026-09-19 15:47:26,857 [INFO] etl_papers:   2389-7848/1.-+Economic_pagenumber+(1).pdf: 1 artículo(s) extraído(s)
2026-09-19 15:47:26,923 [INFO] etl_papers:   2389-7848/2.-+Emprendimiento.pdf: 2 artículo(s) extraído(s)
2026-09-19 15:47:26,980 [INFO] etl_papers:   2389-7848/3.-+Investigación.pdf: 1 artículo(s) extraído(s)
2026-09-19 15:47:27,037 [INFO] etl_papers:   2389-7848/PLANTILLA+2_7287+Conservación_JRR.pdf: 2 artículo(s) extraído(s)
2026-09-19 15:47:27,085 [INFO] etl_papers:   2389-7848/PLANTILLA+3+(7307)+Capitalismo_JRr&Ss.pdf: 2 artículo(s) extraído(s)
2026-09-19 15:47:27,154 [INFO] etl_papers:   2389-7848/PLANTILLA_10_7368__JRR.pdf: 2 artículo(s) extraído(s)
2026-09-19 15:47:27,244 [INFO] etl_papers:   2389-7856/1_6763+Art_Uso+gamificación+de+actividades_8-31.pdf: 2 artículo(s) extraído(s)
2026-09-19 15:47:27,310 [INFO] etl_papers:   2389-7856/2_6660+Art_Representaciones+sociales+salud_32-50.pdf: 2 artículo(s) extraído(s)
2026-09-19 15:47:27,382 [INFO] etl_papers:   2389-7856/3_6838+Art_Ambientes+activos+modificantes_51-69.pdf: 2 artículo(s) extraído(s)
2026-09-19 15:47:27,467 [INFO] etl_papers:   2389-7856/4_6567+Art_Effectiveness+computerized_70-89.pdf: 2 artículo(s) extraído(s)
2026-09-19 15:47:27,547 [INFO] etl_papers:   2389-7856/5_6851+Art_Prácticas+etnoeducativas+afrocolombia_90-108.pdf: 2 artículo(s) extraído(s)
2026-09-19 15:47:27,632 [INFO] etl_papers:   2389-7856/6_6762+Art_Estrategias+didácticas+lectura_109-128.pdf: 3 artículo(s) extraído(s)
2026-09-19 15:47:27,717 [INFO] etl_papers:   2389-7864/Agudelo+Guerrero...+Intropica.pdf: 1 artículo(s) extraído(s)
2026-09-19 15:47:27,781 [INFO] etl_papers:   2389-7864/Anchila-Arteaga++et+al+Intropica.pdf: 1 artículo(s) extraído(s)
2026-09-19 15:47:27,837 [INFO] etl_papers:   2389-7864/Begambre-Pacheco++et+al.+Intropica.pdf: 2 artículo(s) extraído(s)
2026-09-19 15:47:27,892 [INFO] etl_papers:   2389-7864/Flores-Cruz+et+al.....pdf: 2 artículo(s) extraído(s)
2026-09-19 15:47:27,944 [INFO] etl_papers:   2389-7864/Gamboa+et+al.,.....Intropica.pdf: 2 artículo(s) extraído(s)
2026-09-19 15:47:28,014 [INFO] etl_papers:   2389-7864/Ramirez+et+al...+Intropica.pdf: 1 artículo(s) extraído(s)
2026-09-19 15:47:28,059 [INFO] etl_papers:   2389-7864/Villadiego+Redondo+et+al+2026.pdf: 1 artículo(s) extraído(s)
2026-09-19 15:47:28,109 [INFO] etl_papers:   2389-7864/Yepes+et+al+..2026.pdf: 2 artículo(s) extraído(s)
2026-09-19 15:47:28,202 [INFO] etl_papers:   2389-8194/666-Texto del artículo-1204-3-10-20260901.pdf: 2 artículo(s) extraído(s)
2026-09-19 15:47:28,272 [INFO] etl_papers:   2389-8194/667-Texto del artículo-1205-3-10-20260901.pdf: 2 artículo(s) extraído(s)
2026-09-19 15:47:28,341 [INFO] etl_papers:   2389-8194/669-Texto del artículo-1209-3-10-20260901.pdf: 2 artículo(s) extraído(s)
2026-09-19 15:47:28,425 [INFO] etl_papers:   2389-8194/670-Texto del artículo-1211-3-10-20260901.pdf: 2 artículo(s) extraído(s)
2026-09-19 15:47:28,481 [INFO] etl_papers:   2389-8194/672-Texto del artículo-1215-4-10-20260901.pdf: 2 artículo(s) extraído(s)
2026-09-19 15:47:28,594 [INFO] etl_papers:   2389-8194/673-Texto del artículo-1216-5-10-20260907.pdf: 2 artículo(s) extraído(s)
2026-09-19 15:47:28,690 [INFO] etl_papers:   2389-8194/674-Texto del artículo-1218-2-10-20260901.pdf: 2 artículo(s) extraído(s)
2026-09-19 15:47:28,758 [INFO] etl_papers:   2389-8194/675-Texto del artículo-1220-2-10-20260901.pdf: 2 artículo(s) extraído(s)
2026-09-19 15:47:28,815 [INFO] etl_papers:   2389-8194/680-Texto del artículo-1225-2-10-20260909.pdf: 2 artículo(s) extraído(s)
2026-09-19 15:47:28,854 [INFO] etl_papers:   2389-8194/684-Texto del artículo-1237-2-10-20260915.pdf: 2 artículo(s) extraído(s)
2026-09-19 15:47:28,936 [INFO] etl_papers:   2389-8194/685-Texto del artículo-1239-2-10-20260916.pdf: 2 artículo(s) extraído(s)
2026-09-19 15:47:29,011 [INFO] etl_papers:   2389-8526/5345_VF.pdf: 2 artículo(s) extraído(s)
2026-09-19 15:47:29,166 [INFO] etl_papers:   2389-8526/5404_VF.pdf: 1 artículo(s) extraído(s)
2026-09-19 15:47:29,257 [INFO] etl_papers:   2389-8526/5436_VF2.pdf: 2 artículo(s) extraído(s)
2026-09-19 15:47:29,315 [INFO] etl_papers:   2389-8526/5443_final.pdf: 2 artículo(s) extraído(s)
2026-09-19 15:47:29,390 [INFO] etl_papers:   2389-8526/5481_VF.pdf: 2 artículo(s) extraído(s)
2026-09-19 15:47:29,470 [INFO] etl_papers:   2389-8526/5579_VF.pdf: 2 artículo(s) extraído(s)
2026-09-19 15:47:29,563 [INFO] etl_papers:   2389-9050/(01)-Premios.pdf: 2 artículo(s) extraído(s)
2026-09-19 15:47:29,692 [INFO] etl_papers:   2389-9050/(02)-Relaciones.pdf: 2 artículo(s) extraído(s)
2026-09-19 15:47:29,814 [INFO] etl_papers:   2389-9050/(03)-Labor.pdf: 2 artículo(s) extraído(s)
2026-09-19 15:47:29,926 [INFO] etl_papers:   2389-9050/(04)-Off-farm (1).pdf: 2 artículo(s) extraído(s)
2026-09-19 15:47:30,060 [INFO] etl_papers:   2389-9050/(04)-Off-farm.pdf: 2 artículo(s) extraído(s)
2026-09-19 15:47:30,133 [INFO] etl_papers:   2389-9050/(05)-Tiempo.pdf: 2 artículo(s) extraído(s)
2026-09-19 15:47:30,260 [INFO] etl_papers:   2389-9050/(06)-Remote.pdf: 2 artículo(s) extraído(s)
2026-09-19 15:47:30,342 [INFO] etl_papers:   2389-9050/(07)-Valoración.pdf: 2 artículo(s) extraído(s)
2026-09-19 15:47:30,472 [INFO] etl_papers:   2389-9050/(08)-Making (1).pdf: 2 artículo(s) extraído(s)
2026-09-19 15:47:30,593 [INFO] etl_papers:   2389-9050/(08)-Making.pdf: 2 artículo(s) extraído(s)
2026-09-19 15:47:30,676 [INFO] etl_papers:   2389-9050/01-Paz.pdf: 2 artículo(s) extraído(s)
2026-09-19 15:47:30,758 [INFO] etl_papers:   2389-9050/06-Persistencias.pdf: 2 artículo(s) extraído(s)
2026-09-19 15:47:30,842 [INFO] etl_papers:   2389-9050/07-Afectaciones (1).pdf: 2 artículo(s) extraído(s)
2026-09-19 15:47:30,914 [INFO] etl_papers:   2389-9050/07-Afectaciones.pdf: 2 artículo(s) extraído(s)
2026-09-19 15:47:30,983 [INFO] etl_papers:   2389-9050/08-Produccion.pdf: 2 artículo(s) extraído(s)
2026-09-19 15:47:31,037 [INFO] etl_papers:   2389-9387/Praxis_62_Suplemento_1_Elsa+Godart.pdf: 2 artículo(s) extraído(s)
2026-09-19 15:47:31,081 [INFO] etl_papers:   2389-9387/Praxis_62_Suplemento_2_Mariana+Lorena+Salthu.pdf: 2 artículo(s) extraído(s)
2026-09-19 15:47:31,131 [INFO] etl_papers:   2389-9387/Praxis_62_Suplemento_3_Carlos+Maldonado.pdf: 2 artículo(s) extraído(s)
2026-09-19 15:47:31,176 [INFO] etl_papers:   2389-9387/Praxis_62_Suplemento_4_Ana+María+Ayala.pdf: 2 artículo(s) extraído(s)
2026-09-19 15:47:31,225 [INFO] etl_papers:   2389-9387/Praxis_62_Suplemento_5_Jorge+Francisco+Maldonado.pdf: 2 artículo(s) extraído(s)
2026-09-19 15:47:31,275 [INFO] etl_papers:   2389-9387/Praxis_62_Suplemento_6_Dairon+Alfonso+Rodriguez.pdf: 2 artículo(s) extraído(s)
2026-09-19 15:47:31,333 [INFO] etl_papers:   2389-9387/Praxis_62_Suplemento_7_Luis+Humberto+Hernandez.pdf: 2 artículo(s) extraído(s)
2026-09-19 15:47:31,409 [INFO] etl_papers:   2389-993X/N42e20115346-PDF.pdf: 2 artículo(s) extraído(s)
2026-09-19 15:47:31,496 [INFO] etl_papers:   2389-993X/N42e20215577-PDF.pdf: 2 artículo(s) extraído(s)
2026-09-19 15:47:31,577 [INFO] etl_papers:   2389-993X/N42e20315237-PDF.pdf: 2 artículo(s) extraído(s)
2026-09-19 15:47:31,655 [INFO] etl_papers:   2389-993X/N42e20415473-PDF.pdf: 2 artículo(s) extraído(s)
2026-09-19 15:47:31,730 [INFO] etl_papers:   2389-993X/N42e20515482-PDF.pdf: 2 artículo(s) extraído(s)
2026-09-19 15:47:31,797 [INFO] etl_papers:   2389-993X/N42e20615502-PDF.pdf: 2 artículo(s) extraído(s)
2026-09-19 15:47:31,884 [INFO] etl_papers:   2389-993X/N42e20715543-PDF.pdf: 2 artículo(s) extraído(s)
2026-09-19 15:47:31,970 [INFO] etl_papers:   2389-993X/N42e20815690-PDF.pdf: 2 artículo(s) extraído(s)
2026-09-19 15:47:32,072 [INFO] etl_papers:   2389-993X/N42e20915563-PDF.pdf: 2 artículo(s) extraído(s)
2026-09-19 15:47:32,163 [INFO] etl_papers:   2389-993X/N42e21015456-PDF.pdf: 2 artículo(s) extraído(s)
2026-09-19 15:47:32,223 [INFO] etl_papers:   2389-993X/N42e21115665-PDF.pdf: 2 artículo(s) extraído(s)
2026-09-19 15:47:32,300 [INFO] etl_papers:   2389-993X/N42e21215728-PDF.pdf: 2 artículo(s) extraído(s)
2026-09-19 15:47:32,361 [INFO] etl_papers:   2389-993X/N42e21315064-PDF.pdf: 2 artículo(s) extraído(s)
2026-09-19 15:47:32,418 [INFO] etl_papers:   2389-9980/Cuestiones-v53n120-art09-jesus-sinagoga-nazaret-lucas-4.pdf: 2 artículo(s) extraído(s)
2026-09-19 15:47:32,475 [INFO] etl_papers:   2389-9980/Cuestiones_n120v53_art08_doctrina_social_iglesia_educacion_ecologia_integral.pdf: 2 artículo(s) extraído(s)
2026-09-19 15:47:32,525 [INFO] etl_papers:   2389-9980/Cuestiones_v53n120_art2-Augustine+-Hippo's-+Metaphysical-John.pdf: 2 artículo(s) extraído(s)
2026-09-19 15:47:32,585 [INFO] etl_papers:   2389-9980/Theology-spiritual-palliative-care-CuestionesVol+53No120art7.pdf: 2 artículo(s) extraído(s)
2026-09-19 15:47:32,645 [INFO] etl_papers:   2389-9980/cuestiones_teologicas_v53n120_art03_literatura_contemplacion_misterio_imaginacion_teologica.pdf: 2 artículo(s) extraído(s)
2026-09-19 15:47:32,704 [INFO] etl_papers:   2389-9980/cuestiones_teologicas_v53n120_art07_nuestra_señora_lourdes_globalizacion_fenomeno_culto_mariano_contemporaneo.pdf: 2 artículo(s) extraído(s)
2026-09-19 15:47:32,751 [INFO] etl_papers:   2389-9980/cuestiones_teológicas_v53n120_art1_sentido_sobrematerialidad.pdf: 2 artículo(s) extraído(s)
2026-09-19 15:47:32,807 [INFO] etl_papers:   2389-9980/cuestiones_teológicas_v53n120_art4_soterologia_carta_tito.pdf: 2 artículo(s) extraído(s)
2026-09-19 15:47:32,882 [INFO] etl_papers:   2390-0016/1_352_La+justicia+restaurativa.pdf: 2 artículo(s) extraído(s)
2026-09-19 15:47:32,928 [INFO] etl_papers:   2390-0016/2_275_Regiones+y+provincias.pdf: 2 artículo(s) extraído(s)
2026-09-19 15:47:32,989 [INFO] etl_papers:   2390-0016/3_343_El+principio+de+convencionalidad.pdf: 2 artículo(s) extraído(s)
2026-09-19 15:47:33,033 [INFO] etl_papers:   2390-0016/4_395_El+orden+corporativista.pdf: 2 artículo(s) extraído(s)
2026-09-19 15:47:33,096 [INFO] etl_papers:   2390-0016/7_384_Apuntes+históricos.pdf: 2 artículo(s) extraído(s)
2026-09-19 15:47:33,142 [INFO] etl_papers:   2390-0016/8_294_La+resolución+de+conflictos.pdf: 2 artículo(s) extraído(s)
2026-09-19 15:47:33,203 [INFO] etl_papers:   2390-0016/Derecho-v55n143-art01-inteligencia-artificial-administracion-justicia-politica-publica.pdf: 2 artículo(s) extraído(s)
2026-09-19 15:47:33,253 [INFO] etl_papers:   2390-0016/Derecho-v55n143-art02-pago-incapacidad-medico-laboral-origen-comun-colombia.pdf: 2 artículo(s) extraído(s)
2026-09-19 15:47:33,320 [INFO] etl_papers:   2390-0016/Derecho-v55n143-art03-digitalización-transfronteriza-superar-barreras-cooperación-judicial-internacional-impunidad-crimen-organizado-transnacional.pdf: 2 artículo(s) extraído(s)
2026-09-19 15:47:33,386 [INFO] etl_papers:   2390-0016/Derecho-v55n143-art05-proporcionalidad-legítima-defensa-ley-2197-de-2022.pdf: 2 artículo(s) extraído(s)
2026-09-19 15:47:33,427 [INFO] etl_papers:   2390-0016/Derecho-v55n143-art4-redistribucionismo-penal-derecho-militar-filosofía.pdf: 2 artículo(s) extraído(s)
2026-09-19 15:47:33,487 [INFO] etl_papers:   2390-0016/Rev.+Derecho+vol+54+No+140+art11.pdf: 2 artículo(s) extraído(s)
2026-09-19 15:47:33,668 [INFO] etl_papers:   2422-3182/3565_v12n9_PDF.pdf: 1 artículo(s) extraído(s)
2026-09-19 15:47:33,846 [INFO] etl_papers:   2422-3182/3596_v12n29_PDF_ENG.pdf: 1 artículo(s) extraído(s)
2026-09-19 15:47:33,983 [INFO] etl_papers:   2422-3182/3608_v12n29_PDF.pdf: 1 artículo(s) extraído(s)
2026-09-19 15:47:34,110 [INFO] etl_papers:   2422-3182/3611_v12n29_PDF.pdf: 1 artículo(s) extraído(s)
2026-09-19 15:47:34,257 [INFO] etl_papers:   2422-3182/3631_v12n29_PDF.pdf: 1 artículo(s) extraído(s)
2026-09-19 15:47:34,391 [INFO] etl_papers:   2422-3182/3674_v12n29_PDF.pdf: 1 artículo(s) extraído(s)
2026-09-19 15:47:34,549 [INFO] etl_papers:   2422-3182/3749_v12n29_PDF.pdf: 1 artículo(s) extraído(s)
2026-09-19 15:47:34,658 [INFO] etl_papers:   2422-3182/3862_v12n29_PDF.pdf: 1 artículo(s) extraído(s)
2026-09-19 15:47:34,733 [INFO] etl_papers:   2422-3719/10_Xylella+fastidiosa+management+2019+2025+A+review.pdf: 2 artículo(s) extraído(s)
2026-09-19 15:47:34,838 [INFO] etl_papers:   2422-3719/19(3)_19666+Detection+and+molecular+RCCH19(3).pdf: 2 artículo(s) extraído(s)
2026-09-19 15:47:34,890 [INFO] etl_papers:   2422-3719/1_Strategy+to+mitigate+water+stress+in+passion+fruit+seedlings.pdf: 2 artículo(s) extraído(s)
2026-09-19 15:47:34,992 [INFO] etl_papers:   2422-3719/2_Heavy+metals+on+strawberry.pdf: 2 artículo(s) extraído(s)
2026-09-19 15:47:35,075 [INFO] etl_papers:   2422-3719/3_Proteomic+insights+into+water+stress+in+potato.pdf: 2 artículo(s) extraído(s)
2026-09-19 15:47:35,149 [INFO] etl_papers:   2422-3719/5_Native+Trichoderma+isolates+against+Rhizoctonia+solani.pdf: 2 artículo(s) extraído(s)
2026-09-19 15:47:35,215 [INFO] etl_papers:   2422-3719/6_Relationship+between+seedling+traits+and+recovery+time+in+shallot.pdf: 2 artículo(s) extraído(s)
2026-09-19 15:47:35,265 [INFO] etl_papers:   2422-3719/7_New+weed+hosts+of+begomoviruses+in+colombia.pdf: 2 artículo(s) extraído(s)
2026-09-19 15:47:35,320 [INFO] etl_papers:   2422-3719/8_Non+biological+pollination+in+tomato.pdf: 2 artículo(s) extraído(s)
2026-09-19 15:47:35,366 [INFO] etl_papers:   2422-3719/9_Physicochemical+and+functional+characterization+of+melloco+mucilage+its+possible+agroindustrial+use.pdf: 2 artículo(s) extraído(s)
2026-09-19 15:47:35,422 [INFO] etl_papers:   2422-3794/4_AO+1.pdf: 2 artículo(s) extraído(s)
2026-09-19 15:47:35,464 [INFO] etl_papers:   2422-3794/5_AO+2.pdf: 2 artículo(s) extraído(s)
2026-09-19 15:47:35,501 [INFO] etl_papers:   2422-3794/6_AO+3.pdf: 2 artículo(s) extraído(s)
2026-09-19 15:47:35,541 [INFO] etl_papers:   2422-3794/7_AO+4.pdf: 2 artículo(s) extraído(s)
2026-09-19 15:47:35,581 [INFO] etl_papers:   2422-3794/8_AO+5.pdf: 2 artículo(s) extraído(s)
2026-09-19 15:47:35,638 [INFO] etl_papers:   2422-3794/9_AO+6.pdf: 2 artículo(s) extraído(s)
2026-09-19 15:47:35,709 [INFO] etl_papers:   2422-4200/Logos+18-2_book_v2+(1)-115-137-3-23.pdf: 3 artículo(s) extraído(s)
2026-09-19 15:47:35,769 [INFO] etl_papers:   2422-4200/Logos+18-2_book_v2+(1)-138-149.pdf: 2 artículo(s) extraído(s)
2026-09-19 15:47:35,843 [INFO] etl_papers:   2422-4200/Logos+18-2_book_v2+(1)-15-35.pdf: 2 artículo(s) extraído(s)
2026-09-19 15:47:35,906 [INFO] etl_papers:   2422-4200/Logos+18-2_book_v2+(1)-173-189.pdf: 2 artículo(s) extraído(s)
2026-09-19 15:47:35,990 [INFO] etl_papers:   2422-4200/Logos+18-2_book_v2+(1)-36-59.pdf: 2 artículo(s) extraído(s)
2026-09-19 15:47:36,082 [INFO] etl_papers:   2422-4200/Logos+18-2_book_v2+(1)-60-92.pdf: 2 artículo(s) extraído(s)
2026-09-19 15:47:36,158 [INFO] etl_papers:   2422-4200/Logos+18-2_book_v2+(1)-93-115.pdf: 2 artículo(s) extraído(s)
2026-09-19 15:47:36,234 [INFO] etl_papers:   2462-8190/03-CORREGIDO.pdf: 2 artículo(s) extraído(s)
2026-09-19 15:47:36,282 [INFO] etl_papers:   2462-8190/05.pdf: 2 artículo(s) extraído(s)
2026-09-19 15:47:36,342 [INFO] etl_papers:   2462-8190/BCCM+29(2)_1.pdf: 2 artículo(s) extraído(s)
2026-09-19 15:47:36,382 [INFO] etl_papers:   2462-8190/BCCM+29(2)_10.pdf: 2 artículo(s) extraído(s)
2026-09-19 15:47:36,426 [INFO] etl_papers:   2462-8190/BCCM+29(2)_11.pdf: 2 artículo(s) extraído(s)
2026-09-19 15:47:36,533 [INFO] etl_papers:   2462-8190/BCCM+29(2)_12.pdf: 2 artículo(s) extraído(s)
2026-09-19 15:47:36,596 [INFO] etl_papers:   2462-8190/BCCM+29(2)_13.pdf: 2 artículo(s) extraído(s)
2026-09-19 15:47:36,648 [INFO] etl_papers:   2462-8190/BCCM+29(2)_2.pdf: 2 artículo(s) extraído(s)
2026-09-19 15:47:36,702 [INFO] etl_papers:   2462-8190/BCCM+29(2)_4.pdf: 2 artículo(s) extraído(s)
2026-09-19 15:47:36,743 [INFO] etl_papers:   2462-8190/BCCM+29(2)_6.pdf: 2 artículo(s) extraído(s)
2026-09-19 15:47:36,875 [INFO] etl_papers:   2462-8190/BCCM+29(2)_7.pdf: 2 artículo(s) extraído(s)
2026-09-19 15:47:36,922 [INFO] etl_papers:   2462-8190/BCCM+29(2)_8.pdf: 2 artículo(s) extraído(s)
2026-09-19 15:47:36,980 [INFO] etl_papers:   2462-8190/BCCM+29(2)_9.pdf: 2 artículo(s) extraído(s)
2026-09-19 15:47:36,994 [INFO] etl_papers:   2462-8190/BCCM+29(2)_Contenido.pdf: 1 artículo(s) extraído(s)
2026-09-19 15:47:37,041 [INFO] etl_papers:   2462-8190/BCCM+29(2)_Novedades.pdf: 1 artículo(s) extraído(s)
2026-09-19 15:47:37,049 [INFO] etl_papers:   2462-8190/Bandera.pdf: 1 artículo(s) extraído(s)
2026-09-19 15:47:37,112 [INFO] etl_papers:   2462-859X/01_7109_RLB+26(1)+(2).pdf: 2 artículo(s) extraído(s)
2026-09-19 15:47:37,168 [INFO] etl_papers:   2462-859X/03_7572_RLB+26(1)+(2).pdf: 2 artículo(s) extraído(s)
2026-09-19 15:47:37,212 [INFO] etl_papers:   2462-859X/04_7314_RLB+25(2).pdf: 2 artículo(s) extraído(s)
2026-09-19 15:47:37,272 [INFO] etl_papers:   2462-859X/05_7994_RLB+26(1)+(2).pdf: 2 artículo(s) extraído(s)
2026-09-19 15:47:37,344 [INFO] etl_papers:   2462-859X/06_7631_RLB+25(2).pdf: 2 artículo(s) extraído(s)
2026-09-19 15:47:37,417 [INFO] etl_papers:   2462-859X/06_8027_RLB+26(1)+(3).pdf: 2 artículo(s) extraído(s)
2026-09-19 15:47:37,481 [INFO] etl_papers:   2462-859X/07_7880_RLB+25(2).pdf: 2 artículo(s) extraído(s)
2026-09-19 15:47:37,560 [INFO] etl_papers:   2462-859X/07_8102_RLB+26(1)+(2).pdf: 2 artículo(s) extraído(s)
2026-09-19 15:47:37,612 [INFO] etl_papers:   2462-859X/08_7933_RLB+25(2).pdf: 1 artículo(s) extraído(s)
2026-09-19 15:47:37,666 [INFO] etl_papers:   2462-859X/08_8361_RLB+26(1)+(2).pdf: 2 artículo(s) extraído(s)
2026-09-19 15:47:37,737 [INFO] etl_papers:   2462-8603/Complejidad+textual+y+compresión+de+textos.pdf: 2 artículo(s) extraído(s)
2026-09-19 15:47:37,801 [INFO] etl_papers:   2462-8603/De+dispositivo+pedagógico.pdf: 2 artículo(s) extraído(s)
2026-09-19 15:47:37,854 [INFO] etl_papers:   2462-8603/El+estudio+como+uso+no+apropiativo.pdf: 2 artículo(s) extraído(s)
2026-09-19 15:47:37,965 [INFO] etl_papers:   2462-8603/Emotional+intelligence+as+a+personal+resource+among+teachers+2.pdf: 2 artículo(s) extraído(s)
2026-09-19 15:47:38,029 [INFO] etl_papers:   2462-8603/Modalidades+de+enseñanza+como+espejos+de+la+desigualdad.pdf: 2 artículo(s) extraído(s)
2026-09-19 15:47:38,089 [INFO] etl_papers:   2462-8603/Participación+infantil+disidente.pdf: 2 artículo(s) extraído(s)
2026-09-19 15:47:38,158 [INFO] etl_papers:   2462-8603/Simondon+La+filosofía+y+la+enseñanza.pdf: 2 artículo(s) extraído(s)
2026-09-19 15:47:38,201 [INFO] etl_papers:   2462-8794/document (10).pdf: 2 artículo(s) extraído(s)
2026-09-19 15:47:38,256 [INFO] etl_papers:   2462-8794/document (2).pdf: 2 artículo(s) extraído(s)
2026-09-19 15:47:38,320 [INFO] etl_papers:   2462-8794/document (3).pdf: 2 artículo(s) extraído(s)
2026-09-19 15:47:38,365 [INFO] etl_papers:   2462-8794/document (4).pdf: 3 artículo(s) extraído(s)
2026-09-19 15:47:38,434 [INFO] etl_papers:   2462-8794/document (5).pdf: 2 artículo(s) extraído(s)
2026-09-19 15:47:38,490 [INFO] etl_papers:   2462-8794/document (6).pdf: 2 artículo(s) extraído(s)
2026-09-19 15:47:38,518 [INFO] etl_papers:   2462-8794/document (7).pdf: 2 artículo(s) extraído(s)
2026-09-19 15:47:38,648 [INFO] etl_papers:   2462-8794/document (8).pdf: 0 artículo(s) extraído(s)
2026-09-19 15:47:38,695 [INFO] etl_papers:   2462-8794/document (9).pdf: 2 artículo(s) extraído(s)
2026-09-19 15:47:38,793 [INFO] etl_papers:   2462-9448/01+tecnologias+IOT.pdf: 2 artículo(s) extraído(s)
2026-09-19 15:47:38,846 [INFO] etl_papers:   2462-9448/02+evaluacion+lactosuero.pdf: 2 artículo(s) extraído(s)
2026-09-19 15:47:38,931 [INFO] etl_papers:   2462-9448/04+caraterizacion+bacilos+gram.pdf: 2 artículo(s) extraído(s)
2026-09-19 15:47:39,014 [INFO] etl_papers:   2462-9448/05+metodo+analitico+(2).pdf: 2 artículo(s) extraído(s)
2026-09-19 15:47:39,083 [INFO] etl_papers:   2462-9448/06+emergency+triage.pdf: 2 artículo(s) extraído(s)
2026-09-19 15:47:39,148 [INFO] etl_papers:   2462-9448/07+dislipidemia+(2).pdf: 2 artículo(s) extraído(s)
2026-09-19 15:47:39,163 [INFO] etl_papers:   2462-991X/1.+Art.+De+Fundación+Universitaria+de+Ciencias+de+la+Salud+a+Universidad+FUCS.pdf: 1 artículo(s) extraído(s)
2026-09-19 15:47:39,202 [INFO] etl_papers:   2462-991X/10.+Art.+Modificación+de+la+profifilaxis+antibiótica+en+cirugía+impacto+en+la+adherencia+y+las+infecciones+del+sitio+operatorio.pdf: 1 artículo(s) extraído(s)
2026-09-19 15:47:39,263 [INFO] etl_papers:   2462-991X/2.+Art.+Influencia+del+nivel+educativo+materno+en+los+resultados+perinatales+del+embarazo+adolescente+una+revisión+sistemática.pdf: 1 artículo(s) extraído(s)
2026-09-19 15:47:39,297 [INFO] etl_papers:   2462-991X/3.+Art.+Impacto+de+la+monitoría+intracerebral+por+espectrofotometría+en+pacientes+sometidos+a+cirugía+cardíaca.pdf: 1 artículo(s) extraído(s)
2026-09-19 15:47:39,345 [INFO] etl_papers:   2462-991X/4.+Art.+Incidencia+de+un+primer+infarto+de+miocardio+o+accidente+cerebrovascular+en+pacientes+de+un+programa+de+control+del+riesgo.pdf: 1 artículo(s) extraído(s)
2026-09-19 15:47:39,377 [INFO] etl_papers:   2462-991X/5.+Art.+Percepción+de+los+métodos+de+estudio+en+el+aprendizaje+de+farmacología+en+estudiantes+de+enfermería.pdf: 1 artículo(s) extraído(s)
2026-09-19 15:47:39,411 [INFO] etl_papers:   2462-991X/6.+Art.+Diagnostic+accuracy+of+E-FAST+ultrasound+performed+by+general+surgery+residents.pdf: 2 artículo(s) extraído(s)
2026-09-19 15:47:39,451 [INFO] etl_papers:   2462-991X/7.+Art.+Desenlaces+clínicos+en+pacientes+hemofílicos+operados+en+un+centro+de+referencia.pdf: 1 artículo(s) extraído(s)
2026-09-19 15:47:39,494 [INFO] etl_papers:   2462-991X/8.+Art.+Conocimientos,+actitudes+y+experiencias+de+estudiantes,+padres+y+docentes+sobre+métodos+anticonceptivos+y+educación.pdf: 2 artículo(s) extraído(s)
2026-09-19 15:47:39,524 [INFO] etl_papers:   2462-991X/9.+Art+Prevalencia+de+trastornos+músculo+esqueléticos+en+docentes+de+secundaria.pdf: 1 artículo(s) extraído(s)
2026-09-19 15:47:39,553 [INFO] etl_papers:   2463-0225/4277_stamped.pdf: 2 artículo(s) extraído(s)
2026-09-19 15:47:39,592 [INFO] etl_papers:   2463-0225/4318_stamped (1).pdf: 2 artículo(s) extraído(s)
2026-09-19 15:47:39,631 [INFO] etl_papers:   2463-0225/4318_stamped.pdf: 2 artículo(s) extraído(s)
2026-09-19 15:47:39,673 [INFO] etl_papers:   2463-0225/4347_stamped.pdf: 2 artículo(s) extraído(s)
2026-09-19 15:47:39,705 [INFO] etl_papers:   2463-0225/4349_stamped.pdf: 2 artículo(s) extraído(s)
2026-09-19 15:47:39,741 [INFO] etl_papers:   2463-0225/4430_stamped.pdf: 2 artículo(s) extraído(s)
2026-09-19 15:47:39,795 [INFO] etl_papers:   2463-0225/4433_stamped.pdf: 1 artículo(s) extraído(s)
2026-09-19 15:47:39,847 [INFO] etl_papers:   2463-0225/4510_stamped.pdf: 2 artículo(s) extraído(s)
2026-09-19 15:47:39,931 [INFO] etl_papers:   2463-0470/document (2).pdf: 2 artículo(s) extraído(s)
2026-09-19 15:47:39,992 [INFO] etl_papers:   2463-0470/document (3).pdf: 3 artículo(s) extraído(s)
2026-09-19 15:47:40,050 [INFO] etl_papers:   2463-0470/document (4).pdf: 2 artículo(s) extraído(s)
2026-09-19 15:47:40,127 [INFO] etl_papers:   2463-0470/document (5).pdf: 2 artículo(s) extraído(s)
2026-09-19 15:47:40,211 [INFO] etl_papers:   2463-0470/document (6).pdf: 2 artículo(s) extraído(s)
2026-09-19 15:47:40,319 [INFO] etl_papers:   2463-0470/document (7).pdf: 2 artículo(s) extraído(s)
2026-09-19 15:47:40,396 [INFO] etl_papers:   2463-0470/document (8).pdf: 2 artículo(s) extraído(s)
2026-09-19 15:47:40,460 [INFO] etl_papers:   2463-0470/document (9).pdf: 2 artículo(s) extraído(s)
2026-09-19 15:47:40,523 [INFO] etl_papers:   2463-1469/Eleuthera_Vol28_2+Art+10.pdf: 1 artículo(s) extraído(s)
2026-09-19 15:47:40,592 [INFO] etl_papers:   2463-1469/Eleuthera_Vol28_2+Art+2.pdf: 2 artículo(s) extraído(s)
2026-09-19 15:47:40,679 [INFO] etl_papers:   2463-1469/Eleuthera_Vol28_2+Art+3.pdf: 2 artículo(s) extraído(s)
2026-09-19 15:47:40,745 [INFO] etl_papers:   2463-1469/Eleuthera_Vol28_2+Art+4.pdf: 2 artículo(s) extraído(s)
2026-09-19 15:47:40,836 [INFO] etl_papers:   2463-1469/Eleuthera_Vol28_2+Art+5.pdf: 2 artículo(s) extraído(s)
2026-09-19 15:47:40,900 [INFO] etl_papers:   2463-1469/Eleuthera_Vol28_2+Art+6.pdf: 2 artículo(s) extraído(s)
2026-09-19 15:47:40,963 [INFO] etl_papers:   2463-1469/Eleuthera_Vol28_2+Art+7.pdf: 2 artículo(s) extraído(s)
2026-09-19 15:47:41,035 [INFO] etl_papers:   2463-1469/Eleuthera_Vol28_2+Art+8.pdf: 2 artículo(s) extraído(s)
2026-09-19 15:47:41,098 [INFO] etl_papers:   2463-1469/Eleuthera_Vol28_2+Art+9.pdf: 2 artículo(s) extraído(s)
2026-09-19 15:47:41,166 [INFO] etl_papers:   2500-5316/pr2+rFCB+20(1)_7790+Hernandez&Carrasquilla_2ok.pdf: 2 artículo(s) extraído(s)
2026-09-19 15:47:41,296 [INFO] etl_papers:   2500-5316/pr2+rFCB+20(1)_7973+Duarte+etal_2ok.pdf: 2 artículo(s) extraído(s)
2026-09-19 15:47:41,376 [INFO] etl_papers:   2500-5316/pr2+rFCB+20(1)_8006+Urrea+EtAL_2.pdf: 2 artículo(s) extraído(s)
2026-09-19 15:47:41,460 [INFO] etl_papers:   2500-5316/pr2+rFCB+20(1)_8189+Salamanca_2ok.pdf: 2 artículo(s) extraído(s)
2026-09-19 15:47:41,580 [INFO] etl_papers:   2500-5316/pr3+rFCB+20(1)_8050+Salcedo+EtAL_3ok.pdf: 2 artículo(s) extraído(s)
2026-09-19 15:47:42,301 [INFO] etl_papers:   2500-5316/pr3+rFCB+20(1)_8160+Barrios&Morales_3.pdf: 2 artículo(s) extraído(s)
2026-09-19 15:47:42,349 [INFO] etl_papers:   2500-5324/RLEE_21_2+ART+2.pdf: 2 artículo(s) extraído(s)
2026-09-19 15:47:42,395 [INFO] etl_papers:   2500-5324/RLEE_21_2+ART+3.pdf: 2 artículo(s) extraído(s)
2026-09-19 15:47:42,444 [INFO] etl_papers:   2500-5324/RLEE_21_2+ART+4.pdf: 2 artículo(s) extraído(s)
2026-09-19 15:47:42,488 [INFO] etl_papers:   2500-5324/RLEE_21_2+ART+5.pdf: 2 artículo(s) extraído(s)
2026-09-19 15:47:42,531 [INFO] etl_papers:   2500-5324/RLEE_21_2+ART+6.pdf: 2 artículo(s) extraído(s)
2026-09-19 15:47:42,593 [INFO] etl_papers:   2500-5324/RLEE_21_2+ART+7.pdf: 2 artículo(s) extraído(s)
2026-09-19 15:47:42,640 [INFO] etl_papers:   2500-5324/RLEE_21_2+ART+8.pdf: 2 artículo(s) extraído(s)
2026-09-19 15:47:42,693 [INFO] etl_papers:   2500-5324/RLEE_21_2+ART+9.pdf: 2 artículo(s) extraído(s)
2026-09-19 15:47:42,747 [INFO] etl_papers:   2500-5375/Art.1+Politica+Transformation+in+Enrique+Dussel.pdf: 2 artículo(s) extraído(s)
2026-09-19 15:47:42,795 [INFO] etl_papers:   2500-5375/Art.2+José+Martí's+philosophy.pdf: 2 artículo(s) extraído(s)
2026-09-19 15:47:42,845 [INFO] etl_papers:   2500-5375/Art.4+Hacia+una+arqueología+de+lo+caníbal.pdf: 2 artículo(s) extraído(s)
2026-09-19 15:47:42,887 [INFO] etl_papers:   2500-5375/Art.4+Libertad+y+liberación+en+América+Latina.pdf: 2 artículo(s) extraído(s)
2026-09-19 15:47:42,941 [INFO] etl_papers:   2500-5375/Art.5+La+unidad_principio+y+fin+del+sentido+humano.pdf: 2 artículo(s) extraído(s)
2026-09-19 15:47:43,006 [INFO] etl_papers:   2500-5375/Art.6+Orígenes+y+discursos+ideología+de+género.pdf: 2 artículo(s) extraído(s)
2026-09-19 15:47:43,054 [INFO] etl_papers:   2500-5375/Art.7+Cosmovisiones+de+la+ética+en+un+mundo+tecnificado.pdf: 2 artículo(s) extraído(s)
2026-09-19 15:47:43,113 [INFO] etl_papers:   2500-5375/Art.8+Lo+irracional+ese+monstruo+tan+temido.pdf: 3 artículo(s) extraído(s)
2026-09-19 15:47:43,164 [INFO] etl_papers:   2500-5375/Art.9+Protágoras_intelectualismo+socrático.pdf: 2 artículo(s) extraído(s)
2026-09-19 15:47:43,174 [INFO] etl_papers:   2500-5421/v2_00+editorial+RIIEP19_vol1.pdf: 1 artículo(s) extraído(s)
2026-09-19 15:47:43,238 [INFO] etl_papers:   2500-5421/v2_01+procrastinacion+RIIEP19_vol1.pdf: 3 artículo(s) extraído(s)
2026-09-19 15:47:43,330 [INFO] etl_papers:   2500-5421/v2_02+estimation+autonomy+RIIEP19_vol1.pdf: 2 artículo(s) extraído(s)
2026-09-19 15:47:43,373 [INFO] etl_papers:   2500-5421/v2_05+profe+lab+RIIEP19_vol1.pdf: 2 artículo(s) extraído(s)
2026-09-19 15:47:43,429 [INFO] etl_papers:   2500-5421/v2_06+percepciones+limita+RIIEP19_vol1.pdf: 2 artículo(s) extraído(s)
2026-09-19 15:47:43,490 [INFO] etl_papers:   2500-5421/v2_07+estado+arte+IA+RIIEP19_vol1.pdf: 2 artículo(s) extraído(s)
2026-09-19 15:47:43,557 [INFO] etl_papers:   2500-5421/v2_10+brecha+digital+RIIEP19_vol1.pdf: 2 artículo(s) extraído(s)
2026-09-19 15:47:43,647 [INFO] etl_papers:   2500-5421/v2_11+validacion+escala+RIIEP19_vol1+(1).pdf: 2 artículo(s) extraído(s)
2026-09-19 15:47:43,717 [INFO] etl_papers:   2500-5421/v2_12+factores+incidentes+RIIEP19_vol1.pdf: 2 artículo(s) extraído(s)
2026-09-19 15:47:43,779 [INFO] etl_papers:   2500-5421/v2_13+lectura+critica+RIIEP19_vol1.pdf: 2 artículo(s) extraído(s)
2026-09-19 15:47:43,856 [INFO] etl_papers:   2500-5421/v2_14+instructor+assessment+RIIEP19_vol1.pdf: 2 artículo(s) extraído(s)
2026-09-19 15:47:43,953 [INFO] etl_papers:   2500-6177/10a+(1)(1).pdf: 2 artículo(s) extraído(s)
2026-09-19 15:47:44,032 [INFO] etl_papers:   2500-6177/1a.pdf: 2 artículo(s) extraído(s)
2026-09-19 15:47:44,141 [INFO] etl_papers:   2500-6177/2a.pdf: 2 artículo(s) extraído(s)
2026-09-19 15:47:44,224 [INFO] etl_papers:   2500-6177/4a.pdf: 2 artículo(s) extraído(s)
2026-09-19 15:47:44,355 [INFO] etl_papers:   2500-6177/5a.pdf: 2 artículo(s) extraído(s)
2026-09-19 15:47:44,495 [INFO] etl_papers:   2500-6177/6872842011.pdf: 2 artículo(s) extraído(s)
2026-09-19 15:47:44,618 [INFO] etl_papers:   2500-6177/6872842012.pdf: 2 artículo(s) extraído(s)
2026-09-19 15:47:44,765 [INFO] etl_papers:   2500-6177/6872842013.pdf: 2 artículo(s) extraído(s)
2026-09-19 15:47:44,875 [INFO] etl_papers:   2500-6177/6872842014.pdf: 2 artículo(s) extraído(s)
2026-09-19 15:47:44,944 [INFO] etl_papers:   2500-6177/6872842015.pdf: 2 artículo(s) extraído(s)
2026-09-19 15:47:45,042 [INFO] etl_papers:   2500-6177/6872842016.pdf: 2 artículo(s) extraído(s)
2026-09-19 15:47:45,150 [INFO] etl_papers:   2500-6177/6872842017.pdf: 4 artículo(s) extraído(s)
2026-09-19 15:47:45,222 [INFO] etl_papers:   2500-6177/6a.pdf: 2 artículo(s) extraído(s)
2026-09-19 15:47:45,393 [INFO] etl_papers:   2500-6177/7a1.pdf: 2 artículo(s) extraído(s)
2026-09-19 15:47:45,493 [INFO] etl_papers:   2500-6177/9a1.pdf: 2 artículo(s) extraído(s)
2026-09-19 15:47:45,503 [INFO] etl_papers:   2500-6517/rip-18300.pdf: 1 artículo(s) extraído(s)
2026-09-19 15:47:45,604 [INFO] etl_papers:   2500-6517/rip-18301+(1).pdf: 1 artículo(s) extraído(s)
2026-09-19 15:47:45,714 [INFO] etl_papers:   2500-6517/rip-18302.pdf: 1 artículo(s) extraído(s)
2026-09-19 15:47:45,826 [INFO] etl_papers:   2500-6517/rip-18303.pdf: 1 artículo(s) extraído(s)
2026-09-19 15:47:45,931 [INFO] etl_papers:   2500-6517/rip-18304.pdf: 1 artículo(s) extraído(s)
2026-09-19 15:47:46,020 [INFO] etl_papers:   2500-6517/rip-18305.pdf: 1 artículo(s) extraído(s)
2026-09-19 15:47:46,097 [INFO] etl_papers:   2500-6517/rip-18306.pdf: 1 artículo(s) extraído(s)
2026-09-19 15:47:46,195 [INFO] etl_papers:   2500-6517/rip-18307.pdf: 1 artículo(s) extraído(s)
2026-09-19 15:47:46,288 [INFO] etl_papers:   2500-6517/rip-18308.pdf: 1 artículo(s) extraído(s)
2026-09-19 15:47:46,364 [INFO] etl_papers:   2500-6517/rip-18309.pdf: 1 artículo(s) extraído(s)
2026-09-19 15:47:46,449 [INFO] etl_papers:   2500-6517/rip-18310.pdf: 2 artículo(s) extraído(s)
2026-09-19 15:47:46,506 [INFO] etl_papers:   2500-7645/1527_stamped.pdf: 2 artículo(s) extraído(s)
2026-09-19 15:47:46,571 [INFO] etl_papers:   2500-7645/1577_stamped.pdf: 2 artículo(s) extraído(s)
2026-09-19 15:47:46,660 [INFO] etl_papers:   2500-7645/1610_stamped.pdf: 2 artículo(s) extraído(s)
2026-09-19 15:47:46,740 [INFO] etl_papers:   2500-7645/RCGJMC+24(55)+1.pdf: 2 artículo(s) extraído(s)
2026-09-19 15:47:46,821 [INFO] etl_papers:   2500-7645/RCGJMC+24(55)+2.pdf: 2 artículo(s) extraído(s)
2026-09-19 15:47:46,898 [INFO] etl_papers:   2500-7645/RCGJMC+24(55)+3.pdf: 2 artículo(s) extraído(s)
2026-09-19 15:47:46,986 [INFO] etl_papers:   2500-7645/RCGJMC+24(55)+4.pdf: 2 artículo(s) extraído(s)
2026-09-19 15:47:47,090 [INFO] etl_papers:   2500-7645/RCGJMC+24(55)+5.pdf: 2 artículo(s) extraído(s)
2026-09-19 15:47:47,163 [INFO] etl_papers:   2500-7645/RCGJMC+24(55)+6.pdf: 2 artículo(s) extraído(s)
2026-09-19 15:47:47,260 [INFO] etl_papers:   2500-8684/19149_17_04_2026_V4_DIAG.pdf: 2 artículo(s) extraído(s)
2026-09-19 15:47:47,355 [INFO] etl_papers:   2500-8684/19312_13_04_2026_V4_DIAG.pdf: 2 artículo(s) extraído(s)
2026-09-19 15:47:47,408 [INFO] etl_papers:   2500-8684/19441_13_04_2026_v.31.n.1.pdf: 2 artículo(s) extraído(s)
2026-09-19 15:47:47,479 [INFO] etl_papers:   2500-8684/19691_16_04_2026_V.30-N.2.pdf: 2 artículo(s) extraído(s)
2026-09-19 15:47:47,541 [INFO] etl_papers:   2500-8684/20244_01_07_2026.pdf: 2 artículo(s) extraído(s)
2026-09-19 15:47:47,627 [INFO] etl_papers:   2500-8684/20410_13_04_2026_V4_DIAG.pdf: 2 artículo(s) extraído(s)
2026-09-19 15:47:47,702 [INFO] etl_papers:   2500-8684/20594_01_09_2026_V2_DIAG.pdf: 2 artículo(s) extraído(s)
2026-09-19 15:47:47,769 [INFO] etl_papers:   2500-8684/20967_02_07_2026_V2_DIAG.pdf: 2 artículo(s) extraído(s)
2026-09-19 15:47:47,835 [INFO] etl_papers:   2500-8692/NOVUM+JUS+20-2+art+1+DERECHO+INTERNACIONAL.pdf: 2 artículo(s) extraído(s)
2026-09-19 15:47:47,897 [INFO] etl_papers:   2500-8692/NOVUM+JUS+20-2+art+10+CURRENT.pdf: 2 artículo(s) extraído(s)
2026-09-19 15:47:47,962 [INFO] etl_papers:   2500-8692/NOVUM+JUS+20-2+art+11+DEMOCRACIA.pdf: 2 artículo(s) extraído(s)
2026-09-19 15:47:48,044 [INFO] etl_papers:   2500-8692/NOVUM+JUS+20-2+art+12+EVOLUCIÓN.pdf: 2 artículo(s) extraído(s)
2026-09-19 15:47:48,119 [INFO] etl_papers:   2500-8692/NOVUM+JUS+20-2+art+13+RANKIGN.pdf: 2 artículo(s) extraído(s)
2026-09-19 15:47:48,188 [INFO] etl_papers:   2500-8692/NOVUM+JUS+20-2+art+14+LA+CATEGORIA.pdf: 2 artículo(s) extraído(s)
2026-09-19 15:47:48,269 [INFO] etl_papers:   2500-8692/NOVUM+JUS+20-2+art+15+FUNDAMENTO.pdf: 2 artículo(s) extraído(s)
2026-09-19 15:47:48,341 [INFO] etl_papers:   2500-8692/NOVUM+JUS+20-2+art+2+DEBERES.pdf: 2 artículo(s) extraído(s)
2026-09-19 15:47:48,412 [INFO] etl_papers:   2500-8692/NOVUM+JUS+20-2+art+3+EL+CIBERPODER.pdf: 2 artículo(s) extraído(s)
2026-09-19 15:47:48,493 [INFO] etl_papers:   2500-8692/NOVUM+JUS+20-2+art+4+DE+LA+AUTORREGULACIÓN.pdf: 2 artículo(s) extraído(s)
2026-09-19 15:47:48,573 [INFO] etl_papers:   2500-8692/NOVUM+JUS+20-2+art+5+EL+DESPLZAMIENTO.pdf: 2 artículo(s) extraído(s)
2026-09-19 15:47:48,648 [INFO] etl_papers:   2500-8692/NOVUM+JUS+20-2+art+6+THE+ENVIRONMENTAL.pdf: 2 artículo(s) extraído(s)
2026-09-19 15:47:48,724 [INFO] etl_papers:   2500-8692/NOVUM+JUS+20-2+art+7+SERVICOS+PUBLICOS.pdf: 2 artículo(s) extraído(s)
2026-09-19 15:47:48,866 [INFO] etl_papers:   2500-8692/NOVUM+JUS+20-2+art+8+LA+CONSTRUCCIÓN.pdf: 2 artículo(s) extraído(s)
2026-09-19 15:47:48,929 [INFO] etl_papers:   2500-8692/NOVUM+JUS+20-2+art+9+MAKIGN.pdf: 2 artículo(s) extraído(s)
2026-09-19 15:47:48,989 [INFO] etl_papers:   2538-9866/Envío+Lima.pdf: 2 artículo(s) extraído(s)
2026-09-19 15:47:49,053 [INFO] etl_papers:   2538-9866/v49n2e358489.pdf: 2 artículo(s) extraído(s)
2026-09-19 15:47:49,131 [INFO] etl_papers:   2538-9866/v49n2e358942.pdf: 6 artículo(s) extraído(s)
2026-09-19 15:47:49,197 [INFO] etl_papers:   2538-9866/v49n2e359625Final.pdf: 2 artículo(s) extraído(s)
2026-09-19 15:47:49,244 [INFO] etl_papers:   2538-9866/v49n2e360860FINAL.pdf: 2 artículo(s) extraído(s)
2026-09-19 15:47:49,350 [INFO] etl_papers:   2539-200X/BC-1243.pdf: 2 artículo(s) extraído(s)
2026-09-19 15:47:49,422 [INFO] etl_papers:   2539-200X/BC-1245.pdf: 2 artículo(s) extraído(s)
2026-09-19 15:47:49,499 [INFO] etl_papers:   2539-200X/BC-1247.pdf: 2 artículo(s) extraído(s)
2026-09-19 15:47:49,555 [INFO] etl_papers:   2539-200X/BC-1259.pdf: 2 artículo(s) extraído(s)
2026-09-19 15:47:49,606 [INFO] etl_papers:   2539-200X/BC-1262.pdf: 2 artículo(s) extraído(s)
2026-09-19 15:47:49,661 [INFO] etl_papers:   2539-200X/BC-1263.pdf: 2 artículo(s) extraído(s)
2026-09-19 15:47:49,725 [INFO] etl_papers:   2539-200X/BC-1266.pdf: 2 artículo(s) extraído(s)
2026-09-19 15:47:49,773 [INFO] etl_papers:   2539-200X/BC-1282.pdf: 2 artículo(s) extraído(s)
2026-09-19 15:47:49,870 [INFO] etl_papers:   2539-200X/BC-1302.pdf: 2 artículo(s) extraído(s)
2026-09-19 15:47:49,870 [WARNING] etl_papers:   ✗ No se pudo extraer texto nativo de 3757+BISTUA+v23i1-2025.pdf: Cannot read an empty file
2026-09-19 15:47:49,870 [WARNING] etl_papers:   OCR no disponible para 3757+BISTUA+v23i1-2025.pdf: Cannot open empty file: filename='/home/vydi/recomendador_revistas/src/recomendador_revistas/data/bronze/papers/2539-3804/3757+BISTUA+v23i1-2025.pdf'.
2026-09-19 15:47:49,870 [INFO] etl_papers:   2539-3804/3757+BISTUA+v23i1-2025.pdf: 0 artículo(s) extraído(s)
2026-09-19 15:47:49,961 [INFO] etl_papers:   2539-3804/Online+Language+Learning+in+Colombian+Graduate+Education_+Students’+Perceptions+from+a+Survey+Study.pdf: 2 artículo(s) extraído(s)
2026-09-19 15:47:50,049 [INFO] etl_papers:   2539-3804/v54n01e20115383.pdf: 2 artículo(s) extraído(s)
2026-09-19 15:47:50,144 [INFO] etl_papers:   2539-3804/v54n01e20314919.pdf: 2 artículo(s) extraído(s)
2026-09-19 15:47:50,342 [INFO] etl_papers:   2539-3804/v54n01e20413067.pdf: 2 artículo(s) extraído(s)
2026-09-19 15:47:50,646 [INFO] etl_papers:   2539-3804/v54n01e20515289.pdf: 2 artículo(s) extraído(s)
2026-09-19 15:47:51,681 [INFO] etl_papers:   2539-4711/172-95-PB.pdf: 25 artículo(s) extraído(s)
2026-09-19 15:47:51,733 [INFO] etl_papers:   2539-5203/2.pdf: 2 artículo(s) extraído(s)
2026-09-19 15:47:51,774 [INFO] etl_papers:   2539-5203/3.pdf: 1 artículo(s) extraído(s)
2026-09-19 15:47:51,811 [INFO] etl_papers:   2539-5203/4+(1).pdf: 2 artículo(s) extraído(s)
2026-09-19 15:47:51,843 [INFO] etl_papers:   2539-5203/5.pdf: 2 artículo(s) extraído(s)
2026-09-19 15:47:51,897 [INFO] etl_papers:   2539-5203/6+(2).pdf: 2 artículo(s) extraído(s)
2026-09-19 15:47:51,930 [INFO] etl_papers:   2539-5203/7.pdf: 2 artículo(s) extraído(s)
2026-09-19 15:47:51,990 [INFO] etl_papers:   2539-5203/8.pdf: 2 artículo(s) extraído(s)
2026-09-19 15:47:52,031 [INFO] etl_papers:   2539-5203/9.pdf: 2 artículo(s) extraído(s)
2026-09-19 15:47:52,453 [INFO] etl_papers:   2590-7379/215-187-PB.pdf: 1 artículo(s) extraído(s)
2026-09-19 15:47:52,940 [INFO] etl_papers:   2590-8669/349-106-PB.pdf: 16 artículo(s) extraído(s)
2026-09-19 15:47:53,000 [INFO] etl_papers:   2590-9215/4883.pdf: 0 artículo(s) extraído(s)
2026-09-19 15:47:53,074 [INFO] etl_papers:   2590-9215/5138.pdf: 0 artículo(s) extraído(s)
2026-09-19 15:47:53,149 [INFO] etl_papers:   2590-9215/5439.pdf: 0 artículo(s) extraído(s)
2026-09-19 15:47:53,227 [INFO] etl_papers:   2590-9215/5458.pdf: 0 artículo(s) extraído(s)
2026-09-19 15:47:53,305 [INFO] etl_papers:   2590-9215/5464.pdf: 0 artículo(s) extraído(s)
2026-09-19 15:47:53,351 [INFO] etl_papers:   2590-9215/5524.pdf: 0 artículo(s) extraído(s)
2026-09-19 15:47:53,454 [INFO] etl_papers:   2590-9215/Articulo_4746_Perspectivas+ajustado.pdf: 0 artículo(s) extraído(s)
2026-09-19 15:47:53,523 [INFO] etl_papers:   2590-9215/Articulo_4978_Perspectivas+aj.pdf: 0 artículo(s) extraído(s)
2026-09-19 15:47:53,591 [INFO] etl_papers:   2590-9215/Articulo_5197_Perspectivas+aju.pdf: 0 artículo(s) extraído(s)
2026-09-19 15:47:53,659 [INFO] etl_papers:   2590-9215/Articulo_5394_Perspectivas+aju.pdf: 0 artículo(s) extraído(s)
2026-09-19 15:47:53,726 [INFO] etl_papers:   2590-9215/Articulo_5508_Perspectivas+aju.pdf: 0 artículo(s) extraído(s)
2026-09-19 15:47:53,771 [INFO] etl_papers:   2619-2551/Análisis+Bovinométrico_Met.pdf: 2 artículo(s) extraído(s)
2026-09-19 15:47:53,821 [INFO] etl_papers:   2619-2551/Bacteriocinas_Met.pdf: 2 artículo(s) extraído(s)
2026-09-19 15:47:53,873 [INFO] etl_papers:   2619-2551/Biominería+en+Colombia_met.pdf: 2 artículo(s) extraído(s)
2026-09-19 15:47:53,917 [INFO] etl_papers:   2619-2551/Comportamiento+de+Guazuma_Met.pdf: 2 artículo(s) extraído(s)
2026-09-19 15:47:53,979 [INFO] etl_papers:   2619-2551/Digestibilidad+palma_Met_2.pdf: 2 artículo(s) extraído(s)
2026-09-19 15:47:54,074 [INFO] etl_papers:   2619-2551/E-commerce_met.pdf: 2 artículo(s) extraído(s)
2026-09-19 15:47:54,125 [INFO] etl_papers:   2619-2551/Efectos+metabólicos_Met.pdf: 2 artículo(s) extraído(s)
2026-09-19 15:47:54,176 [INFO] etl_papers:   2619-2551/Erotylinae_met.pdf: 2 artículo(s) extraído(s)
2026-09-19 15:47:54,237 [INFO] etl_papers:   2619-2551/Especies+medicinales_met.pdf: 2 artículo(s) extraído(s)
2026-09-19 15:47:54,270 [INFO] etl_papers:   2619-2551/Incendios+parque+san+cayetano_Met.pdf: 2 artículo(s) extraído(s)
2026-09-19 15:47:54,331 [INFO] etl_papers:   2619-2551/Vertebrados+silvestres_Met.pdf: 2 artículo(s) extraído(s)
2026-09-19 15:47:54,439 [INFO] etl_papers:   2619-2551/propiedades+fisioquímicas_Met.pdf: 2 artículo(s) extraído(s)
2026-09-19 15:47:55,082 [INFO] etl_papers:   2619-4066/187-98-PB.pdf: 27 artículo(s) extraído(s)
2026-09-19 15:47:55,627 [INFO] etl_papers:   2665-1327/Espe112 (1).pdf: 1 artículo(s) extraído(s)
2026-09-19 15:47:55,700 [INFO] etl_papers:   2665-2420/7882_El+tiempo+histórico,+el+futuro+y+la+utilidad+de+la+historia.pdf: 2 artículo(s) extraído(s)
2026-09-19 15:47:55,775 [INFO] etl_papers:   2665-2420/7918_Evaluación+de+ansiedad+en+estudiantes+universitarios.pdf: 2 artículo(s) extraído(s)
2026-09-19 15:47:55,902 [INFO] etl_papers:   2665-2420/7976_Diseño+artesanal+una+mirada+pedagógica+a+la+transmisión.pdf: 2 artículo(s) extraído(s)
2026-09-19 15:47:55,980 [INFO] etl_papers:   2665-2420/8030_Educación+ambiental+y+derechos+de+la+Amazonia.pdf: 2 artículo(s) extraído(s)
2026-09-19 15:47:56,050 [INFO] etl_papers:   2665-2420/8692-Adaptación+de+profesores+migrante+a+la+cultura.pdf: 2 artículo(s) extraído(s)
2026-09-19 15:47:56,143 [INFO] etl_papers:   2665-2420/8710_Trayectorias+migratorias-educativas+de+estudiantes+venezolanos.pdf: 2 artículo(s) extraído(s)
2026-09-19 15:47:56,189 [INFO] etl_papers:   2665-4385/e12822+(2).pdf: 2 artículo(s) extraído(s)
2026-09-19 15:47:56,220 [INFO] etl_papers:   2665-4385/e13089.pdf: 2 artículo(s) extraído(s)
2026-09-19 15:47:56,252 [INFO] etl_papers:   2665-4385/e13573+(2).pdf: 2 artículo(s) extraído(s)
2026-09-19 15:47:56,309 [INFO] etl_papers:   2665-4385/e13641+(1).pdf: 2 artículo(s) extraído(s)
2026-09-19 15:47:56,358 [INFO] etl_papers:   2665-4385/e14037+(1).pdf: 2 artículo(s) extraído(s)
2026-09-19 15:47:56,463 [INFO] etl_papers:   2665-4385/e14234.pdf: 2 artículo(s) extraído(s)
2026-09-19 15:47:56,517 [INFO] etl_papers:   2665-4385/e14251+(2).pdf: 2 artículo(s) extraído(s)
2026-09-19 15:47:56,593 [INFO] etl_papers:   2665-4385/e14432+(1).pdf: 2 artículo(s) extraído(s)
2026-09-19 15:47:56,681 [INFO] etl_papers:   2665-4814/CS48_Amoroso+y+Pinto.pdf: 2 artículo(s) extraído(s)
2026-09-19 15:47:56,764 [INFO] etl_papers:   2665-4814/CS48_Baez+y+Lopez.pdf: 2 artículo(s) extraído(s)
2026-09-19 15:47:56,836 [INFO] etl_papers:   2665-4814/CS48_Bedoya+y+Díaz.pdf: 2 artículo(s) extraído(s)
2026-09-19 15:47:56,909 [INFO] etl_papers:   2665-4814/CS48_Castaneda-Vargas.pdf: 2 artículo(s) extraído(s)
2026-09-19 15:47:56,985 [INFO] etl_papers:   2665-4814/CS48_Cuaical+y+Sanchez.pdf: 2 artículo(s) extraído(s)
2026-09-19 15:47:57,048 [INFO] etl_papers:   2665-4814/CS48_Diaz+et+al.pdf: 2 artículo(s) extraído(s)
2026-09-19 15:47:57,125 [INFO] etl_papers:   2665-4814/CS48_Martínez.pdf: 2 artículo(s) extraído(s)
2026-09-19 15:47:57,181 [INFO] etl_papers:   2665-4814/CS48_Perez.pdf: 2 artículo(s) extraído(s)
2026-09-19 15:47:57,278 [INFO] etl_papers:   2665-5837/666-Texto del artículo-1204-3-10-20260901.pdf: 2 artículo(s) extraído(s)
2026-09-19 15:47:57,348 [INFO] etl_papers:   2665-5837/667-Texto del artículo-1205-3-10-20260901.pdf: 2 artículo(s) extraído(s)
2026-09-19 15:47:57,416 [INFO] etl_papers:   2665-5837/669-Texto del artículo-1209-3-10-20260901.pdf: 2 artículo(s) extraído(s)
2026-09-19 15:47:57,502 [INFO] etl_papers:   2665-5837/670-Texto del artículo-1211-3-10-20260901.pdf: 2 artículo(s) extraído(s)
2026-09-19 15:47:57,559 [INFO] etl_papers:   2665-5837/672-Texto del artículo-1215-4-10-20260901.pdf: 2 artículo(s) extraído(s)
2026-09-19 15:47:57,635 [INFO] etl_papers:   2665-5837/673-Texto del artículo-1216-5-10-20260907.pdf: 2 artículo(s) extraído(s)
2026-09-19 15:47:57,752 [INFO] etl_papers:   2665-5837/674-Texto del artículo-1218-2-10-20260901.pdf: 2 artículo(s) extraído(s)
2026-09-19 15:47:57,832 [INFO] etl_papers:   2665-5837/675-Texto del artículo-1220-2-10-20260901.pdf: 2 artículo(s) extraído(s)
2026-09-19 15:47:57,886 [INFO] etl_papers:   2665-5837/680-Texto del artículo-1225-2-10-20260909.pdf: 2 artículo(s) extraído(s)
2026-09-19 15:47:57,922 [INFO] etl_papers:   2665-5837/684-Texto del artículo-1237-2-10-20260915.pdf: 2 artículo(s) extraído(s)
2026-09-19 15:47:58,005 [INFO] etl_papers:   2665-5837/685-Texto del artículo-1239-2-10-20260916.pdf: 2 artículo(s) extraído(s)
2026-09-19 15:47:58,061 [INFO] etl_papers:   2745-1402/2026-2+ART-1.pdf: 2 artículo(s) extraído(s)
2026-09-19 15:47:58,125 [INFO] etl_papers:   2745-1402/2026-2+ART-2.pdf: 2 artículo(s) extraído(s)
2026-09-19 15:47:58,180 [INFO] etl_papers:   2745-1402/2026-2+ART-3+(2).pdf: 2 artículo(s) extraído(s)
2026-09-19 15:47:58,243 [INFO] etl_papers:   2745-1402/2026-2+ART-4.pdf: 2 artículo(s) extraído(s)
2026-09-19 15:47:58,295 [INFO] etl_papers:   2745-1402/2026-2+ART-5+(1).pdf: 2 artículo(s) extraído(s)
2026-09-19 15:47:58,348 [INFO] etl_papers:   2745-1402/2026-2+ART-6+(1).pdf: 2 artículo(s) extraído(s)
2026-09-19 15:47:58,396 [INFO] etl_papers:   2745-1402/2026-2+ART-7+(2).pdf: 2 artículo(s) extraído(s)
2026-09-19 15:48:02,540 [INFO] etl_papers: Silver papers: 3786 registros de 1824 PDFs -> /home/vydi/recomendador_revistas/src/recomendador_revistas/data/silver/articulos_papers.parquet
2026-09-19 15:48:03,239 [INFO] etl_papers: Gold artículos: 3786 registros -> /home/vydi/recomendador_revistas/src/recomendador_revistas/data/gold/articulos_tokens.parquet
2026-09-19 15:48:03,452 [INFO] etl_papers: Gold revistas (tokens): 247 revistas -> /home/vydi/recomendador_revistas/src/recomendador_revistas/data/gold/revistas_tokens.parquet
2026-09-19 15:48:03,452 [INFO] pipeline:   ✓ Papers completado: 3786 artículos en 247 revistas
2026-09-19 15:48:03,453 [INFO] pipeline: 
============================================================
2026-09-19 15:48:03,453 [INFO] pipeline: Duración total de ejecución: 175.06 segundos
2026-09-19 15:48:03,453 [INFO] pipeline: Log del pipeline registrado en: /home/vydi/recomendador_revistas/src/recomendador_revistas/logs/pipeline_20260919_154508.log
2026-09-19 15:48:03,453 [INFO] pipeline: ============================================================
2026-09-19 15:48:03,453 [INFO] pipeline: ✓ Pipeline finalizado exitosamente.
