2026-09-19 06:38:17,436 [INFO] pipeline: ╔══════════════════════════════════════════════════════════╗
2026-09-19 06:38:17,436 [INFO] pipeline: ║  PIPELINE ETL — Recomendador de Revistas Científicas    ║
2026-09-19 06:38:17,437 [INFO] pipeline: ║  Versión: 1.0.0           Fecha: 2026-09-19 06:38:17       ║
2026-09-19 06:38:17,437 [INFO] pipeline: ╚══════════════════════════════════════════════════════════╝
2026-09-19 06:38:17,437 [INFO] pipeline: 
============================================================
2026-09-19 06:38:17,437 [INFO] pipeline: CAPA PAPERS — Extracción de artículos PDF y tokens normalizados
2026-09-19 06:38:17,437 [INFO] pipeline: ============================================================
2026-09-19 06:39:02,073 [INFO] etl_papers:   0034-7418/RCCQF -55-2 -May-Aug -2026 -Book.pdf: 28 artículo(s) extraído(s)
2026-09-19 06:39:02,866 [INFO] etl_papers:   0034-7426/azraib.pdf: 1 artículo(s) extraído(s)
2026-09-19 06:39:05,041 [INFO] etl_papers:   0034-7426/fer-hji-zer.pdf: 1 artículo(s) extraído(s)
2026-09-19 06:39:05,703 [INFO] etl_papers:   0034-7426/lalili.pdf: 1 artículo(s) extraído(s)
2026-09-19 06:39:07,108 [INFO] etl_papers:   0034-7426/mec-abd-dec.pdf: 1 artículo(s) extraído(s)
2026-09-19 06:39:07,698 [INFO] etl_papers:   0034-7426/rothman.pdf: 1 artículo(s) extraído(s)
2026-09-19 06:39:09,494 [INFO] etl_papers:   0034-7426/talha.pdf: 1 artículo(s) extraído(s)
2026-09-19 06:39:09,627 [INFO] etl_papers:   0072-0992/geocol,+Carta+Editorial.pdf: 1 artículo(s) extraído(s)
2026-09-19 06:39:11,062 [INFO] etl_papers:   0072-0992/geocol,+artículo+2.pdf: 1 artículo(s) extraído(s)
2026-09-19 06:39:12,171 [INFO] etl_papers:   0072-0992/geocol,+artículo+3.pdf: 2 artículo(s) extraído(s)
2026-09-19 06:39:13,042 [INFO] etl_papers:   0072-0992/geocol,+artículo+4.pdf: 2 artículo(s) extraído(s)
2026-09-19 06:39:14,517 [INFO] etl_papers:   0072-0992/geocol,+artículo+5.pdf: 2 artículo(s) extraído(s)
2026-09-19 06:39:16,803 [INFO] etl_papers:   0072-0992/geocol,+artículo+6.pdf: 1 artículo(s) extraído(s)
2026-09-19 06:39:18,914 [INFO] etl_papers:   0120-0283/Análisis+geométrico,+cinemático+y+dinámico+de+estructuras+vetiformes+en+el+sector+SE+del+Distrito+Minero+de+Vetas-California,+Santander,+Colombia.pdf: 2 artículo(s) extraído(s)
2026-09-19 06:39:20,407 [INFO] etl_papers:   0120-0283/Aplicación+de+técnicas+de+clustering+y+machine+learning+en+Google+Earth+Engine+para+detectar+estructuras+asociadas+a+hidrógeno+natural.pdf: 2 artículo(s) extraído(s)
2026-09-19 06:39:21,990 [INFO] etl_papers:   0120-0283/Inversión+conjunta+de+datos+TDEM+de+bajo+y+alto+momento+para+el+mejoramiento+de+los+modelos+del+subsuelo.pdf: 2 artículo(s) extraído(s)
2026-09-19 06:39:24,172 [INFO] etl_papers:   0120-0283/Modelado+hidrológico+en+cuencas+andinas+de+Colombia+bajo+los+escenarios+de+cambio+climático+SSP4.5+y+SSP8.5.pdf: 2 artículo(s) extraído(s)
2026-09-19 06:39:25,802 [INFO] etl_papers:   0120-0283/Predicción+mineralógica+a+partir+de+registros+de+pozos+mediante+aprendizaje+automático.+Estudio+de+caso+de+las+cuencas+del+Valle+Medio+del+Magdalena+y+Catatumbo+(Colombia).pdf: 2 artículo(s) extraído(s)
2026-09-19 06:39:27,456 [INFO] etl_papers:   0120-0283/Venas+hidrotermales+de+barita+en+rocas+metapelíticas+del+suroccidente+del+Macizo+de+Santander,+Colombia_+evidencias+de+ebullición+y+fluidos+moderadamente+salinos+ricos+en+sulfato.pdf: 2 artículo(s) extraído(s)
2026-09-19 06:39:28,359 [INFO] etl_papers:   0120-0380/CatsigerasDOI.pdf: 2 artículo(s) extraído(s)
2026-09-19 06:39:28,636 [INFO] etl_papers:   0120-0380/Goudet-Andrade-Mariano.pdf: 2 artículo(s) extraído(s)
2026-09-19 06:39:28,755 [INFO] etl_papers:   0120-0380/Meleiro-Mariano.pdf: 2 artículo(s) extraído(s)
2026-09-19 06:39:28,987 [INFO] etl_papers:   0120-0380/Tenorio-Mariano.pdf: 1 artículo(s) extraído(s)
2026-09-19 06:39:29,666 [INFO] etl_papers:   0120-0380/carrilloDOI.pdf: 2 artículo(s) extraído(s)
2026-09-19 06:39:30,019 [INFO] etl_papers:   0120-0380/najar.pdf: 6 artículo(s) extraído(s)
2026-09-19 06:39:30,259 [INFO] etl_papers:   0120-0380/siqueira.pdf: 1 artículo(s) extraído(s)
2026-09-19 06:39:30,874 [INFO] etl_papers:   0120-0488/14259-Junio2026 (1).pdf: 2 artículo(s) extraído(s)
2026-09-19 06:39:31,447 [INFO] etl_papers:   0120-0488/14259-Junio2026.pdf: 2 artículo(s) extraído(s)
2026-09-19 06:39:31,875 [INFO] etl_papers:   0120-0488/14342_Thrips_Puno_25iii2026_publicar.pdf: 2 artículo(s) extraído(s)
2026-09-19 06:39:32,762 [INFO] etl_papers:   0120-0488/14363+17+FEB (1).pdf: 2 artículo(s) extraído(s)
2026-09-19 06:39:34,628 [INFO] etl_papers:   0120-0534/0cdd06a7-5db0-4d3a-ae7f-e3d7c75452fa.pdf: 1 artículo(s) extraído(s)
2026-09-19 06:39:36,822 [INFO] etl_papers:   0120-0534/36061cb1-a190-48c7-b922-4ec6424e327f.pdf: 1 artículo(s) extraído(s)
2026-09-19 06:39:38,733 [INFO] etl_papers:   0120-0534/4d2f6389-9d91-4d1b-b5ba-90277d61d908.pdf: 2 artículo(s) extraído(s)
2026-09-19 06:39:41,245 [INFO] etl_papers:   0120-0534/572416c4-fcbc-4faf-a482-1cf6cae9d8ec.pdf: 2 artículo(s) extraído(s)
2026-09-19 06:39:42,964 [INFO] etl_papers:   0120-0534/a01add18-d035-4c33-a257-ee03e7b86a61.pdf: 1 artículo(s) extraído(s)
2026-09-19 06:39:45,093 [INFO] etl_papers:   0120-0534/a031af2b-aab1-4901-b098-315686ab5b51.pdf: 1 artículo(s) extraído(s)
2026-09-19 06:39:47,015 [INFO] etl_papers:   0120-0534/a1c90d59-e93b-4663-925b-97d01218923b.pdf: 2 artículo(s) extraído(s)
2026-09-19 06:39:49,879 [INFO] etl_papers:   0120-0534/b36ec163-3fa3-46a2-ab6d-c36a7e956d9d.pdf: 1 artículo(s) extraído(s)
2026-09-19 06:39:51,686 [INFO] etl_papers:   0120-0534/b624726c-86bf-4f9a-ad12-98070b6058db.pdf: 1 artículo(s) extraído(s)
2026-09-19 06:39:53,476 [INFO] etl_papers:   0120-0534/eca5e543-2b5d-4482-a66a-718ed4e552ff.pdf: 1 artículo(s) extraído(s)
2026-09-19 06:39:53,730 [INFO] etl_papers:   0120-100X/ART+1-38(3)+2025.pdf: 2 artículo(s) extraído(s)
2026-09-19 06:39:54,465 [INFO] etl_papers:   0120-100X/ION_Vol_38N3_25_ART2.pdf: 3 artículo(s) extraído(s)
2026-09-19 06:39:55,383 [INFO] etl_papers:   0120-100X/ION_Vol_38N3_25_ART3+(1).pdf: 3 artículo(s) extraído(s)
2026-09-19 06:39:57,324 [INFO] etl_papers:   0120-100X/ION_Vol_38N3_25_ART4.pdf: 3 artículo(s) extraído(s)
2026-09-19 06:39:58,480 [INFO] etl_papers:   0120-100X/ION_Vol_38N3_25_ART5.pdf: 3 artículo(s) extraído(s)
2026-09-19 06:40:00,410 [INFO] etl_papers:   0120-100X/ION_Vol_38N3_25_ART6.pdf: 3 artículo(s) extraído(s)
2026-09-19 06:40:01,424 [INFO] etl_papers:   0120-131X/Análisis-+postfenomenológico-Inteligencia-Artificial-Cuestiones+Vol+53+No+119.pdf: 2 artículo(s) extraído(s)
2026-09-19 06:40:01,898 [INFO] etl_papers:   0120-131X/Consideración-moral-autómatas-teología-Cuestiones+Vol+53+No+119.pdf: 2 artículo(s) extraído(s)
2026-09-19 06:40:02,466 [INFO] etl_papers:   0120-131X/Cuestiones_n120v53_art08_doctrina_social_iglesia_educacion_ecologia_integral.pdf: 2 artículo(s) extraído(s)
2026-09-19 06:40:03,189 [INFO] etl_papers:   0120-131X/Inteligencia-Artificial-Sagrado-Sentido-de-Vida-Cuestiones+Vol+53+No+119.pdf: 2 artículo(s) extraído(s)
2026-09-19 06:40:03,767 [INFO] etl_papers:   0120-131X/Inteligencia-Artificial-Teología-Espiritualidad-Cuestiones+Vol+53+No+119.pdf: 2 artículo(s) extraído(s)
2026-09-19 06:40:04,454 [INFO] etl_papers:   0120-131X/Inteligencia-Artificial-selección-de-manuscritos-Cuestiones-Vol53-No119.pdf: 2 artículo(s) extraído(s)
2026-09-19 06:40:04,894 [INFO] etl_papers:   0120-131X/Paradoja-teologica-creatividad-artificial-Cuestiones+Vol+53+No+119.pdf: 2 artículo(s) extraído(s)
2026-09-19 06:40:05,533 [INFO] etl_papers:   0120-131X/cuestiones_teologicas_v53n120_art03_literatura_contemplacion_misterio_imaginacion_teologica.pdf: 2 artículo(s) extraído(s)
2026-09-19 06:40:06,125 [INFO] etl_papers:   0120-131X/cuestiones_teológicas_v53n120_art1_sentido_sobrematerialidad.pdf: 2 artículo(s) extraído(s)
2026-09-19 06:40:23,161 [INFO] etl_papers:   0120-2596/4514-1272-PB.pdf: 22 artículo(s) extraído(s)
2026-09-19 06:40:23,532 [INFO] etl_papers:   0120-2952/Rev+Med+Vet+Zoot+72(2)_e121531_Pastorelli.pdf: 1 artículo(s) extraído(s)
2026-09-19 06:40:24,125 [INFO] etl_papers:   0120-2952/Rev+Med+Vet+Zoot+72(3)_e120626_Silva+(2).pdf: 1 artículo(s) extraído(s)
2026-09-19 06:40:24,607 [INFO] etl_papers:   0120-2952/Rev+Med+Vet+Zoot+72(3)_e121043_Perdomo-Ayola.pdf: 2 artículo(s) extraído(s)
2026-09-19 06:40:25,083 [INFO] etl_papers:   0120-2952/Rev+Med+Vet+Zoot+73(1)_e116100_Reátegui+(2).pdf: 1 artículo(s) extraído(s)
2026-09-19 06:40:25,616 [INFO] etl_papers:   0120-2952/Rev+Med+Vet+Zoot+73(1)_e122795_Silva-Igua.pdf: 1 artículo(s) extraído(s)
2026-09-19 06:40:26,356 [INFO] etl_papers:   0120-3630/01_122503.FINAL.pdf: 1 artículo(s) extraído(s)
2026-09-19 06:40:27,650 [INFO] etl_papers:   0120-3630/02_125006.FINAL.pdf: 2 artículo(s) extraído(s)
2026-09-19 06:40:29,056 [INFO] etl_papers:   0120-3630/03_1122602.FINAL.pdf: 2 artículo(s) extraído(s)
2026-09-19 06:40:30,041 [INFO] etl_papers:   0120-3630/04_123035.FINAL.pdf: 2 artículo(s) extraído(s)
2026-09-19 06:40:31,015 [INFO] etl_papers:   0120-3630/05_121702.FINAL.pdf: 2 artículo(s) extraído(s)
2026-09-19 06:40:34,571 [INFO] etl_papers:   0120-3630/06_126481.FINAL.pdf: 2 artículo(s) extraído(s)
2026-09-19 06:40:35,860 [INFO] etl_papers:   0120-3630/07_126164.FINALll.pdf: 2 artículo(s) extraído(s)
2026-09-19 06:40:37,000 [INFO] etl_papers:   0120-3630/08_125470.finalll.pdf: 2 artículo(s) extraído(s)
2026-09-19 06:40:38,162 [INFO] etl_papers:   0120-3630/09_126432.FINALiii.pdf: 2 artículo(s) extraído(s)
2026-09-19 06:40:40,851 [INFO] etl_papers:   0120-3800/Articulo+1+(2025).pdf: 1 artículo(s) extraído(s)
2026-09-19 06:40:42,335 [INFO] etl_papers:   0120-3800/Articulo+2+Maquetado+Rev+19+May+2025.pdf: 1 artículo(s) extraído(s)
2026-09-19 06:40:46,155 [INFO] etl_papers:   0120-3800/Articulo+3+(2025).pdf: 1 artículo(s) extraído(s)
2026-09-19 06:40:48,321 [INFO] etl_papers:   0120-3800/Articulo+4+(2025).pdf: 1 artículo(s) extraído(s)
2026-09-19 06:40:49,664 [INFO] etl_papers:   0120-3800/Articulo+7+(2025).pdf: 1 artículo(s) extraído(s)
2026-09-19 06:40:50,773 [INFO] etl_papers:   0120-3800/Articulo+9+Humor.pdf: 1 artículo(s) extraído(s)
2026-09-19 06:40:51,877 [INFO] etl_papers:   0120-3800/Articulo+9+Maquetado+Final.pdf: 1 artículo(s) extraído(s)
2026-09-19 06:40:53,244 [INFO] etl_papers:   0120-3800/Artículo+5+(2025).pdf: 1 artículo(s) extraído(s)
2026-09-19 06:40:54,551 [INFO] etl_papers:   0120-3800/Artículo+6++(2025).pdf: 1 artículo(s) extraído(s)
2026-09-19 06:40:55,208 [INFO] etl_papers:   0120-3886/Derecho-v55n143-art01-inteligencia-artificial-administracion-justicia-politica-publica.pdf: 2 artículo(s) extraído(s)
2026-09-19 06:40:55,797 [INFO] etl_papers:   0120-3886/Derecho-v55n143-art02-pago-incapacidad-medico-laboral-origen-comun-colombia.pdf: 2 artículo(s) extraído(s)
2026-09-19 06:40:56,504 [INFO] etl_papers:   0120-3886/Derecho-v55n143-art03-digitalización-transfronteriza-superar-barreras-cooperación-judicial-internacional-impunidad-crimen-organizado-transnacional.pdf: 2 artículo(s) extraído(s)
2026-09-19 06:40:57,102 [INFO] etl_papers:   0120-3886/Derecho-v55n143-art05-proporcionalidad-legítima-defensa-ley-2197-de-2022.pdf: 2 artículo(s) extraído(s)
2026-09-19 06:40:57,607 [INFO] etl_papers:   0120-3886/Derecho-v55n143-art4-redistribucionismo-penal-derecho-militar-filosofía.pdf: 2 artículo(s) extraído(s)
2026-09-19 06:40:58,399 [INFO] etl_papers:   0120-419X/Algunas+condiciones+Tauberianas+para+el+producto+de+metódos+de+sumabilidad+ponderada+y+Cesáro+para+sucesiones+triples.pdf: 2 artículo(s) extraído(s)
2026-09-19 06:40:58,804 [INFO] etl_papers:   0120-419X/Análisis+topológico+de+datos+y+su+aplicación+en+mercados+financieros.pdf: 2 artículo(s) extraído(s)
2026-09-19 06:40:59,336 [INFO] etl_papers:   0120-419X/Caracterizaciones+de+la+conexidad+local+mediante+conjuntos+de+no+corte+en+continuos.pdf: 2 artículo(s) extraído(s)
2026-09-19 06:40:59,975 [INFO] etl_papers:   0120-419X/El+efecto+del+aprendizaje+en+la+dinámica+evolutiva+de+la+polinización+por+engaño.pdf: 2 artículo(s) extraído(s)
2026-09-19 06:41:01,019 [INFO] etl_papers:   0120-419X/Polinomios+de+Alexander-Conway+y+bracket+de+una+familia+de+enlaces+pretzel.pdf: 2 artículo(s) extraído(s)
2026-09-19 06:41:01,637 [INFO] etl_papers:   0120-419X/Una+nota+sobre+“contractibilidad”,+“contractibilidad+con+respecto+a”+y+“contractibilidad+en”.pdf: 2 artículo(s) extraído(s)
2026-09-19 06:41:02,581 [INFO] etl_papers:   0120-4211/2936+BISTUA+2025+No1.pdf: 2 artículo(s) extraído(s)
2026-09-19 06:41:05,009 [INFO] etl_papers:   0120-4211/3497+BISTUA+v23i1+2025.pdf: 2 artículo(s) extraído(s)
2026-09-19 06:41:06,172 [INFO] etl_papers:   0120-4211/3563+BISTUA+v23-i1-2025.pdf: 2 artículo(s) extraído(s)
2026-09-19 06:41:06,783 [INFO] etl_papers:   0120-4211/3588+BISTUA+23i1+2025.pdf: 2 artículo(s) extraído(s)
2026-09-19 06:41:08,212 [INFO] etl_papers:   0120-4211/3660+BISTUAv23i1-2025.pdf: 2 artículo(s) extraído(s)
2026-09-19 06:41:09,477 [INFO] etl_papers:   0120-4211/3759+BISTUA+v23i1-2025.pdf: 2 artículo(s) extraído(s)
2026-09-19 06:41:11,465 [INFO] etl_papers:   0120-4211/4032+BISTUA+v23i1-2025.pdf: 2 artículo(s) extraído(s)
2026-09-19 06:41:12,696 [INFO] etl_papers:   0120-4319/UO2025v44n02_Bazan&Fry(Eng+listo).pdf: 2 artículo(s) extraído(s)
2026-09-19 06:41:13,317 [INFO] etl_papers:   0120-4319/UO2025v44n03_Alfaro&Romero(Eng+listo).pdf: 2 artículo(s) extraído(s)
2026-09-19 06:41:14,900 [INFO] etl_papers:   0120-4319/UO2025v44n04_Arevalos_etal(Eng+listo).pdf: 2 artículo(s) extraído(s)
2026-09-19 06:41:15,834 [INFO] etl_papers:   0120-4319/UO2025v44n05_Sotomayor_etal(Eng+listo).pdf: 2 artículo(s) extraído(s)
2026-09-19 06:41:17,009 [INFO] etl_papers:   0120-4319/UO2025v44n06_Morales_etal(Eng+listo).pdf: 2 artículo(s) extraído(s)
2026-09-19 06:41:17,984 [INFO] etl_papers:   0120-4319/UO2025v44n07_Giraldo_etal(Eng+listo).pdf: 2 artículo(s) extraído(s)
2026-09-19 06:41:19,972 [INFO] etl_papers:   0120-4319/UO2025v44n09_Ayala&Paltas(Eng+listo).pdf: 2 artículo(s) extraído(s)
2026-09-19 06:41:21,622 [INFO] etl_papers:   0120-4319/UO2025v44n10_Amaya_etal(Eng+Listo).pdf: 2 artículo(s) extraído(s)
2026-09-19 06:41:23,659 [INFO] etl_papers:   0120-4319/UO2025v44n11_Ortega_etal(Eng+Listo).pdf: 2 artículo(s) extraído(s)
2026-09-19 06:41:25,320 [INFO] etl_papers:   0120-4661/HISTORIA_ESPACIO_66_V22N66a02+(1).pdf: 2 artículo(s) extraído(s)
2026-09-19 06:41:27,012 [INFO] etl_papers:   0120-4661/HISTORIA_ESPACIO_66_V22N66a03+(1).pdf: 2 artículo(s) extraído(s)
2026-09-19 06:41:28,471 [INFO] etl_papers:   0120-4661/HISTORIA_ESPACIO_66_V22N66a04+(1).pdf: 2 artículo(s) extraído(s)
2026-09-19 06:41:30,633 [INFO] etl_papers:   0120-4661/HISTORIA_ESPACIO_66_V22N66a05+(1).pdf: 2 artículo(s) extraído(s)
2026-09-19 06:41:32,083 [INFO] etl_papers:   0120-4661/HISTORIA_ESPACIO_66_V22N66a06+(1).pdf: 2 artículo(s) extraído(s)
2026-09-19 06:41:34,649 [INFO] etl_papers:   0120-4807/upsala6592891002.pdf: 1 artículo(s) extraído(s)
2026-09-19 06:41:37,450 [INFO] etl_papers:   0120-4807/upsala6592891003.pdf: 2 artículo(s) extraído(s)
2026-09-19 06:41:39,787 [INFO] etl_papers:   0120-4807/upsala6592891005.pdf: 2 artículo(s) extraído(s)
2026-09-19 06:41:42,189 [INFO] etl_papers:   0120-4807/upsala6592891007.pdf: 2 artículo(s) extraído(s)
2026-09-19 06:41:44,908 [INFO] etl_papers:   0120-4807/upsala6592891008.pdf: 2 artículo(s) extraído(s)
2026-09-19 06:41:45,407 [INFO] etl_papers:   0120-4874/Revista+45(1)+art+1+chequeo+1.pdf: 2 artículo(s) extraído(s)
2026-09-19 06:41:45,784 [INFO] etl_papers:   0120-4874/Revista+45(1)+art+3+chequeo+1.pdf: 2 artículo(s) extraído(s)
2026-09-19 06:41:46,107 [INFO] etl_papers:   0120-4874/Revista+45(1)+art+4+chequeo+1.pdf: 2 artículo(s) extraído(s)
2026-09-19 06:41:46,962 [INFO] etl_papers:   0120-4874/Revista+45(1)+art+5+chequeo+2.pdf: 2 artículo(s) extraído(s)
2026-09-19 06:41:47,610 [INFO] etl_papers:   0120-548X/118301_Versión_Final_2026.pdf: 2 artículo(s) extraído(s)
2026-09-19 06:41:48,245 [INFO] etl_papers:   0120-548X/119244_Versión_Final.pdf: 2 artículo(s) extraído(s)
2026-09-19 06:41:49,083 [INFO] etl_papers:   0120-548X/122028_Versión_Final.pdf: 2 artículo(s) extraído(s)
2026-09-19 06:41:50,001 [INFO] etl_papers:   0120-548X/122217_Versión_Final_2026.pdf: 2 artículo(s) extraído(s)
2026-09-19 06:41:50,497 [INFO] etl_papers:   0120-548X/122370_Versión_Final_2026.pdf: 2 artículo(s) extraído(s)
2026-09-19 06:41:51,894 [INFO] etl_papers:   0120-548X/123341_Versión_Final_2026.pdf: 2 artículo(s) extraído(s)
2026-09-19 06:41:52,722 [INFO] etl_papers:   0120-548X/123457_Versión_Final.pdf: 1 artículo(s) extraído(s)
2026-09-19 06:41:53,459 [INFO] etl_papers:   0120-548X/124113_Versión_Final_2026.pdf: 2 artículo(s) extraído(s)
2026-09-19 06:41:54,003 [INFO] etl_papers:   0120-548X/124267_Versión_Final_2026.pdf: 2 artículo(s) extraído(s)
2026-09-19 06:42:00,644 [INFO] etl_papers:   0120-5498/med-v47-n2.pdf: 27 artículo(s) extraído(s)
2026-09-19 06:42:01,662 [INFO] etl_papers:   0120-5587/05Edición89.pdf: 2 artículo(s) extraído(s)
2026-09-19 06:42:02,625 [INFO] etl_papers:   0120-5587/06Edición89.pdf: 2 artículo(s) extraído(s)
2026-09-19 06:42:03,710 [INFO] etl_papers:   0120-5587/07Edición89.pdf: 2 artículo(s) extraído(s)
2026-09-19 06:42:04,710 [INFO] etl_papers:   0120-5587/08Edición89.pdf: 2 artículo(s) extraído(s)
2026-09-19 06:42:05,374 [INFO] etl_papers:   0120-5587/09Edición89+(1).pdf: 2 artículo(s) extraído(s)
2026-09-19 06:42:06,478 [INFO] etl_papers:   0120-5587/10Edición89.pdf: 2 artículo(s) extraído(s)
2026-09-19 06:42:11,945 [INFO] etl_papers:   0120-5927/50-36-PB.pdf: 12 artículo(s) extraído(s)
2026-09-19 06:42:14,009 [INFO] etl_papers:   0120-6346/Dialnet-DeterminantesDoCrescimentoEconomicoEmMunicipiosBra-10537749.pdf: 2 artículo(s) extraído(s)
2026-09-19 06:42:15,624 [INFO] etl_papers:   0120-6346/Dialnet-LasExportacionesDepartamentalesColombianasYSusDete-10537750.pdf: 2 artículo(s) extraído(s)
2026-09-19 06:42:17,803 [INFO] etl_papers:   0120-6346/Dialnet-ResilienciaFiscalDeLaRecaudacionPredialAnteChoques-10537751.pdf: 2 artículo(s) extraído(s)
2026-09-19 06:42:20,552 [INFO] etl_papers:   0120-6346/Dialnet-SaldosMonetariosRealesYAportesDesdeLaEconomiaCondu-10537748.pdf: 2 artículo(s) extraído(s)
2026-09-19 06:42:31,580 [INFO] etl_papers:   0120-9957/57-121-PB.pdf: 41 artículo(s) extraído(s)
2026-09-19 06:42:32,132 [INFO] etl_papers:   0121-0319/5-+UIS_RM+V38+N3+-+ART+6.pdf: 2 artículo(s) extraído(s)
2026-09-19 06:42:32,788 [INFO] etl_papers:   0121-0319/6-+UIS_RM+V38+N3+-+ART+5.pdf: 2 artículo(s) extraído(s)
2026-09-19 06:42:33,832 [INFO] etl_papers:   0121-0319/6-+UIS_RM+V38+N3+-+ART+7+(2).pdf: 2 artículo(s) extraído(s)
2026-09-19 06:42:34,456 [INFO] etl_papers:   0121-0319/art-1.pdf: 2 artículo(s) extraído(s)
2026-09-19 06:42:34,989 [INFO] etl_papers:   0121-0319/art-2_publicar-2-10-2025.pdf: 2 artículo(s) extraído(s)
2026-09-19 06:42:35,643 [INFO] etl_papers:   0121-117X/Dialnet-ConcentracionDeLaTierraYSusEfectosSobreElCrecimien-10285228.pdf: 2 artículo(s) extraído(s)
2026-09-19 06:42:36,153 [INFO] etl_papers:   0121-117X/Dialnet-ProductividadComparadaInternacional-10243902.pdf: 2 artículo(s) extraído(s)
2026-09-19 06:42:37,050 [INFO] etl_papers:   0121-117X/Dialnet-TheGlobalValueChainInTheHorticulturalAgroexportEnc-10153103.pdf: 2 artículo(s) extraído(s)
2026-09-19 06:42:39,942 [INFO] etl_papers:   0121-117X/Dialnet-TheLabourTheoryOfValueAndTheProblemsOfOtherTheorie-10153105.pdf: 2 artículo(s) extraído(s)
2026-09-19 06:42:40,897 [INFO] etl_papers:   0121-3814/Ted+59+Art.+17402.pdf: 2 artículo(s) extraído(s)
2026-09-19 06:42:41,878 [INFO] etl_papers:   0121-3814/Ted+59+Art.+21879.pdf: 2 artículo(s) extraído(s)
2026-09-19 06:42:42,915 [INFO] etl_papers:   0121-3814/Ted+59+Art.+22099.pdf: 2 artículo(s) extraído(s)
2026-09-19 06:42:43,718 [INFO] etl_papers:   0121-3814/Ted+59+Art.+22130.pdf: 2 artículo(s) extraído(s)
2026-09-19 06:42:45,393 [INFO] etl_papers:   0121-3814/Ted+59+Art.+22209.pdf: 4 artículo(s) extraído(s)
2026-09-19 06:42:46,422 [INFO] etl_papers:   0121-3814/Ted+59+Art.+22283.pdf: 2 artículo(s) extraído(s)
2026-09-19 06:42:47,286 [INFO] etl_papers:   0121-3814/Ted+59+Art.+22406.pdf: 2 artículo(s) extraído(s)
2026-09-19 06:42:48,305 [INFO] etl_papers:   0121-3814/Ted+59+Art.+22437.pdf: 2 artículo(s) extraído(s)
2026-09-19 06:42:49,312 [INFO] etl_papers:   0121-3814/Ted+59+Art.+22605.pdf: 3 artículo(s) extraído(s)
2026-09-19 06:42:50,361 [INFO] etl_papers:   0121-3814/Ted+59+Art.+22633.pdf: 2 artículo(s) extraído(s)
2026-09-19 06:42:51,536 [INFO] etl_papers:   0121-3814/Ted+59+Art.+22635.pdf: 2 artículo(s) extraído(s)
2026-09-19 06:42:52,715 [INFO] etl_papers:   0121-3814/Ted+59+Art.+22993.pdf: 2 artículo(s) extraído(s)
2026-09-19 06:42:53,639 [INFO] etl_papers:   0121-3814/Ted+59+Art.+23023.pdf: 3 artículo(s) extraído(s)
2026-09-19 06:42:55,061 [INFO] etl_papers:   0121-4705/1_ADNIepri_ok.pdf: 2 artículo(s) extraído(s)
2026-09-19 06:42:55,866 [INFO] etl_papers:   0121-4705/2_FalsBorda_ok.pdf: 2 artículo(s) extraído(s)
2026-09-19 06:42:57,303 [INFO] etl_papers:   0121-4705/3_PazIepri_ok.pdf: 4 artículo(s) extraído(s)
2026-09-19 06:42:58,503 [INFO] etl_papers:   0121-4705/4_TerritorioIepri_ok.pdf: 2 artículo(s) extraído(s)
2026-09-19 06:42:59,883 [INFO] etl_papers:   0121-4705/5_ProcesosPaz_ok.pdf: 2 artículo(s) extraído(s)
2026-09-19 06:43:00,754 [INFO] etl_papers:   0121-4705/6_Testimonio_ok.pdf: 2 artículo(s) extraído(s)
2026-09-19 06:43:01,400 [INFO] etl_papers:   0121-4705/7_Bibliométrico_ok.pdf: 3 artículo(s) extraído(s)
2026-09-19 06:43:02,844 [INFO] etl_papers:   0121-4705/8_Mapeo_ok.pdf: 2 artículo(s) extraído(s)
2026-09-19 06:43:04,294 [INFO] etl_papers:   0121-4705/9_Debatejurídico_ok.pdf: 2 artículo(s) extraído(s)
2026-09-19 06:43:06,719 [INFO] etl_papers:   0121-5051/Art.+1+Matriz+Semáforo+VF_OJS_(21.10.2025).pdf: 2 artículo(s) extraído(s)
2026-09-19 06:43:09,080 [INFO] etl_papers:   0121-5051/Art.+10.+Análise+comparativa+do+nível+de+transparência_VF+OJS_(15.10.2025).pdf: 2 artículo(s) extraído(s)
2026-09-19 06:43:11,855 [INFO] etl_papers:   0121-5051/Art.+2_Componentes+de+la+divulgación+corporativa_VF+OJS_(15.10.2025).pdf: 2 artículo(s) extraído(s)
2026-09-19 06:43:13,955 [INFO] etl_papers:   0121-5051/Art.+3+Enfoques+de+materialidad+aplicados+en+Colombia_VF+OJS_(15.10.2025).pdf: 2 artículo(s) extraído(s)
2026-09-19 06:43:16,092 [INFO] etl_papers:   0121-5051/Art.+4_CSR+Program+with+Religious+Characteristics_VF+OJS_(15.10.2025).pdf: 2 artículo(s) extraído(s)
2026-09-19 06:43:18,370 [INFO] etl_papers:   0121-5051/Art.+5_Combined+Assurance+Models+and+Sustainability+Assurance_VF+OJS_(15.10.2025).pdf: 2 artículo(s) extraído(s)
2026-09-19 06:43:20,564 [INFO] etl_papers:   0121-5051/Art.+6_Los+Reportes+Nacionales+Voluntarios_VF+OJS_(15.10.2025).pdf: 2 artículo(s) extraído(s)
2026-09-19 06:43:22,887 [INFO] etl_papers:   0121-5051/Art.+7_Practicas+de+divulgación+de+sostenibilidad_VF+OJS_(15.10.2025).pdf: 2 artículo(s) extraído(s)
2026-09-19 06:43:26,974 [INFO] etl_papers:   0121-5051/Art.+8_El+trabajo+en+tiempos+de+crisis_VF+OJS_(15.10.2025).pdf: 2 artículo(s) extraído(s)
2026-09-19 06:43:29,705 [INFO] etl_papers:   0121-5051/Art.+9.+La+divulgación+del+capital+intelectual_DiagramadoVF+OJS_(15.10.2025).pdf: 2 artículo(s) extraído(s)
2026-09-19 06:43:30,522 [INFO] etl_papers:   0121-747X/Art10V15N2-162-187.pdf: 1 artículo(s) extraído(s)
2026-09-19 06:43:31,019 [INFO] etl_papers:   0121-747X/Art1V15N2-8-25.pdf: 2 artículo(s) extraído(s)
2026-09-19 06:43:31,532 [INFO] etl_papers:   0121-747X/Art2V15N2-26-40.pdf: 3 artículo(s) extraído(s)
2026-09-19 06:43:32,274 [INFO] etl_papers:   0121-747X/Art3V15N2-41-64.pdf: 1 artículo(s) extraído(s)
2026-09-19 06:43:32,628 [INFO] etl_papers:   0121-747X/Art4V15N2-65-75.pdf: 2 artículo(s) extraído(s)
2026-09-19 06:43:32,909 [INFO] etl_papers:   0121-747X/Art5V15N2-76-84.pdf: 1 artículo(s) extraído(s)
2026-09-19 06:43:33,803 [INFO] etl_papers:   0121-747X/Art6V15N2-85-104.pdf: 1 artículo(s) extraído(s)
2026-09-19 06:43:34,468 [INFO] etl_papers:   0121-747X/Art7V15N2-105-122.pdf: 2 artículo(s) extraído(s)
2026-09-19 06:43:34,862 [INFO] etl_papers:   0121-747X/Art8V15N2-123-135.pdf: 2 artículo(s) extraído(s)
2026-09-19 06:43:35,726 [INFO] etl_papers:   0121-747X/Art9V15N2-136-161.pdf: 2 artículo(s) extraído(s)
2026-09-19 06:43:36,639 [INFO] etl_papers:   0122-5197/ananoguera17,+2.1+Cantero.pdf: 2 artículo(s) extraído(s)
2026-09-19 06:43:37,932 [INFO] etl_papers:   0122-5197/ananoguera17,+2.2+Mora.pdf: 2 artículo(s) extraído(s)
2026-09-19 06:43:41,705 [INFO] etl_papers:   0122-5197/ananoguera17,+2.3+Bonvini.pdf: 2 artículo(s) extraído(s)
2026-09-19 06:43:43,193 [INFO] etl_papers:   0122-5197/ananoguera17,+2.4+Rodríguez.pdf: 2 artículo(s) extraído(s)
2026-09-19 06:43:45,359 [INFO] etl_papers:   0122-5197/ananoguera17,+2.5+Zarama.pdf: 2 artículo(s) extraído(s)
2026-09-19 06:43:47,084 [INFO] etl_papers:   0122-5197/ananoguera17,+2.6+Mansilla,+Muñoz,+Piñones.pdf: 2 artículo(s) extraído(s)
2026-09-19 06:43:49,903 [INFO] etl_papers:   0122-7483/Art-890_Ajem.pdf: 2 artículo(s) extraído(s)
2026-09-19 06:43:52,787 [INFO] etl_papers:   0122-7483/Art-900_Ajem.pdf: 2 artículo(s) extraído(s)
2026-09-19 06:43:55,905 [INFO] etl_papers:   0122-7483/Art-924_ajem.pdf: 2 artículo(s) extraído(s)
2026-09-19 06:43:58,561 [INFO] etl_papers:   0122-7483/Art-939_Ajem.pdf: 2 artículo(s) extraído(s)
2026-09-19 06:44:01,534 [INFO] etl_papers:   0122-7483/Art-954_ajem.pdf: 2 artículo(s) extraído(s)
2026-09-19 06:44:15,747 [INFO] etl_papers:   0122-8803/312-150-PB.pdf: 16 artículo(s) extraído(s)
2026-09-19 06:44:18,358 [INFO] etl_papers:   0122-9729/Dialnet-ConstruccionDisciplinarEnTrabajoSocialUniversidadD-5097456.pdf: 2 artículo(s) extraído(s)
2026-09-19 06:44:19,555 [INFO] etl_papers:   0122-9729/Dialnet-LaImportanciaDeLaHistoriaDelTrabajoSocialParaConst-5097450.pdf: 2 artículo(s) extraído(s)
2026-09-19 06:44:20,861 [INFO] etl_papers:   0122-9729/Dialnet-LasEscuelasDeServicioSocialEnColombia19361958-5097453.pdf: 2 artículo(s) extraído(s)
2026-09-19 06:44:21,899 [INFO] etl_papers:   0122-9729/Dialnet-MemoriasDeUnCorpusBibliograficoParaElEstadoDelArte-5097458.pdf: 2 artículo(s) extraído(s)
2026-09-19 06:44:23,042 [INFO] etl_papers:   0122-9729/Dialnet-TrabajoSocial-5097460.pdf: 2 artículo(s) extraído(s)
2026-09-19 06:44:23,881 [INFO] etl_papers:   0123-3734/Dialnet-EstandaresDeRSE-10585071.pdf: 2 artículo(s) extraído(s)
2026-09-19 06:44:24,752 [INFO] etl_papers:   0123-3734/Dialnet-LaGestionEmpresarialEnElMarcoDeLasIdeasSobreSosten-10585072.pdf: 2 artículo(s) extraído(s)
2026-09-19 06:44:25,849 [INFO] etl_papers:   0123-3734/Dialnet-LaInnovacionYLaVentajaCompetitivaEnEmpresasManufac-10585074.pdf: 2 artículo(s) extraído(s)
2026-09-19 06:44:26,856 [INFO] etl_papers:   0123-4250/791-Texto del artículo-2034-1-10-20250821.pdf: 2 artículo(s) extraído(s)
2026-09-19 06:44:28,118 [INFO] etl_papers:   0123-4250/792-Texto del artículo-2036-1-10-20250821.pdf: 2 artículo(s) extraído(s)
2026-09-19 06:44:29,214 [INFO] etl_papers:   0123-4250/794-Texto del artículo-2038-1-10-20250822.pdf: 4 artículo(s) extraído(s)
2026-09-19 06:44:30,890 [INFO] etl_papers:   0123-4250/795-Texto del artículo-2040-1-10-20250822.pdf: 2 artículo(s) extraído(s)
2026-09-19 06:44:32,392 [INFO] etl_papers:   0123-4471/Virajes+28(1)_1.pdf: 1 artículo(s) extraído(s)
2026-09-19 06:44:33,766 [INFO] etl_papers:   0123-4471/Virajes+28(1)_2.pdf: 1 artículo(s) extraído(s)
2026-09-19 06:44:35,273 [INFO] etl_papers:   0123-4471/Virajes+28(1)_3.pdf: 2 artículo(s) extraído(s)
2026-09-19 06:44:36,442 [INFO] etl_papers:   0123-4471/Virajes+28(1)_4.pdf: 1 artículo(s) extraído(s)
2026-09-19 06:44:37,981 [INFO] etl_papers:   0123-4471/Virajes+28(1)_5.pdf: 1 artículo(s) extraído(s)
2026-09-19 06:44:39,680 [INFO] etl_papers:   0123-4471/Virajes+28(1)_6.pdf: 1 artículo(s) extraído(s)
2026-09-19 06:44:41,214 [INFO] etl_papers:   0123-4471/Virajes+28(1)_7.pdf: 1 artículo(s) extraído(s)
2026-09-19 06:44:43,503 [INFO] etl_papers:   0123-4471/Virajes+28(1)_8.pdf: 1 artículo(s) extraído(s)
2026-09-19 06:44:45,085 [INFO] etl_papers:   0123-4641/22952+V28_N1_Art5_22952+RV1.pdf: 2 artículo(s) extraído(s)
2026-09-19 06:44:46,302 [INFO] etl_papers:   0123-4641/22956+CALJ+28-22956+final.pdf: 2 artículo(s) extraído(s)
2026-09-19 06:44:48,854 [INFO] etl_papers:   0123-4641/23158+V28_N1_Art1_23158+RV2+(1).pdf: 2 artículo(s) extraído(s)
2026-09-19 06:44:50,402 [INFO] etl_papers:   0123-4641/23179+V28_N1_Art3_23179+RV1.pdf: 2 artículo(s) extraído(s)
2026-09-19 06:44:51,656 [INFO] etl_papers:   0123-4641/23270+CALJ+28-23270+Final.pdf: 2 artículo(s) extraído(s)
2026-09-19 06:44:52,991 [INFO] etl_papers:   0123-4641/23285+V28_N1_Art4_23285+RV1.pdf: 2 artículo(s) extraído(s)
2026-09-19 06:44:54,353 [INFO] etl_papers:   0123-4641/23728+CALJ+28-23728+final.pdf: 2 artículo(s) extraído(s)
2026-09-19 06:44:55,239 [INFO] etl_papers:   0123-4641/23869+CALJ+final.pdf: 2 artículo(s) extraído(s)
2026-09-19 06:44:58,316 [INFO] etl_papers:   0123-5362/02-15809-RevEconomiaUR-28-1_ELora.pdf: 2 artículo(s) extraído(s)
2026-09-19 06:45:02,634 [INFO] etl_papers:   0123-5362/03-15759-RevEconomiaUR-28-1_Dcortes.pdf: 2 artículo(s) extraído(s)
2026-09-19 06:45:06,131 [INFO] etl_papers:   0123-5362/03-15766.pdf: 2 artículo(s) extraído(s)
2026-09-19 06:45:11,687 [INFO] etl_papers:   0123-5362/04-16048-RevEconomiaUR-28-1_LCaravaggio.pdf: 2 artículo(s) extraído(s)
2026-09-19 06:45:15,733 [INFO] etl_papers:   0123-5362/15853_final+g.pdf: 1 artículo(s) extraído(s)
2026-09-19 06:45:18,312 [INFO] etl_papers:   0123-5931/TAC_LTHC_28_2-211-243.pdf: 1 artículo(s) extraído(s)
2026-09-19 06:45:20,463 [INFO] etl_papers:   0123-5931/TAC_LTHC_28_2_JUL_1-115-140.pdf: 1 artículo(s) extraído(s)
2026-09-19 06:45:24,693 [INFO] etl_papers:   0123-5931/TAC_LTHC_28_2_JUL_1-141-183.pdf: 1 artículo(s) extraído(s)
2026-09-19 06:45:26,963 [INFO] etl_papers:   0123-5931/TAC_LTHC_28_2_JUL_1-185-210.pdf: 1 artículo(s) extraído(s)
2026-09-19 06:45:29,143 [INFO] etl_papers:   0123-5931/TAC_LTHC_28_2_JUL_1-19-41.pdf: 1 artículo(s) extraído(s)
2026-09-19 06:45:32,282 [INFO] etl_papers:   0123-5931/TAC_LTHC_28_2_JUL_1-43-79.pdf: 1 artículo(s) extraído(s)
2026-09-19 06:45:35,556 [INFO] etl_papers:   0123-5931/TAC_LTHC_28_2_JUL_1-81-114.pdf: 1 artículo(s) extraído(s)
2026-09-19 06:45:37,893 [INFO] etl_papers:   0123-7756/Dialnet-CurriculoSaberYTerritorio-10709970.pdf: 2 artículo(s) extraído(s)
2026-09-19 06:45:39,849 [INFO] etl_papers:   0123-7756/Dialnet-DidacticaDeLaEducacionAmbientalComoMotorDeLaEducac-10709971.pdf: 2 artículo(s) extraído(s)
2026-09-19 06:45:42,614 [INFO] etl_papers:   0123-7756/Dialnet-FormacionDocenteEnCompetenciasDigitalesParaDisenar-10709969.pdf: 2 artículo(s) extraído(s)
2026-09-19 06:45:46,466 [INFO] etl_papers:   0123-7756/Dialnet-ImpactoDeUnaPropuestaDidacticaEnLaAlfabetizacionEn-10709967.pdf: 2 artículo(s) extraído(s)
2026-09-19 06:45:50,258 [INFO] etl_papers:   0123-7756/Dialnet-LaCiudadComoTexto-10709968.pdf: 2 artículo(s) extraído(s)
2026-09-19 06:45:51,926 [INFO] etl_papers:   0123-8884/Dialnet-ElAbordajeCientificoDeLasToxicomaniasYLasVariantes-9921517.pdf: 2 artículo(s) extraído(s)
2026-09-19 06:45:53,073 [INFO] etl_papers:   0123-8884/Dialnet-ElTrabajoPsicoanaliticoEnUnHospitalPublicoBrasilen-9921518.pdf: 3 artículo(s) extraído(s)
2026-09-19 06:45:54,691 [INFO] etl_papers:   0123-8884/Dialnet-ImplicacionesSobreElUsoDelConceptoAdolescenciaEnPs-9921519.pdf: 2 artículo(s) extraído(s)
2026-09-19 06:45:55,877 [INFO] etl_papers:   0123-8884/Dialnet-LaPsicologiaDeLasMasasYAnalisisDelYoEnElDiscursoAc-9921526.pdf: 2 artículo(s) extraído(s)
2026-09-19 06:46:06,104 [INFO] etl_papers:   0123-9015/100-87-PB.pdf: 11 artículo(s) extraído(s)
2026-09-19 06:46:07,332 [INFO] etl_papers:   0124-0021/Dialnet-ArmasASATYNecropoliticaOrbital-10731236.pdf: 2 artículo(s) extraído(s)
2026-09-19 06:46:08,777 [INFO] etl_papers:   0124-0021/Dialnet-BonosDeAgua-10731239.pdf: 2 artículo(s) extraído(s)
2026-09-19 06:46:10,253 [INFO] etl_papers:   0124-0021/Dialnet-ElTribunalConFuncionDeControlDeGarantias-10731237.pdf: 2 artículo(s) extraído(s)
2026-09-19 06:46:14,226 [INFO] etl_papers:   0124-0021/Dialnet-LaExperienciaTeatral-10731238.pdf: 2 artículo(s) extraído(s)
2026-09-19 06:46:15,967 [INFO] etl_papers:   0124-0021/Dialnet-ProyectosREDDYElMercadoDeCarbonoEnColombiaImplicac-10731234.pdf: 2 artículo(s) extraído(s)
2026-09-19 06:46:17,709 [INFO] etl_papers:   0124-0021/Dialnet-ResilienciaComoRespuestaALaAusenciaDelEstado-10731235.pdf: 1 artículo(s) extraído(s)
2026-09-19 06:46:20,473 [INFO] etl_papers:   0124-2121/7882_El+tiempo+histórico,+el+futuro+y+la+utilidad+de+la+historia.pdf: 2 artículo(s) extraído(s)
2026-09-19 06:46:22,912 [INFO] etl_papers:   0124-2121/7918_Evaluación+de+ansiedad+en+estudiantes+universitarios.pdf: 2 artículo(s) extraído(s)
2026-09-19 06:46:26,240 [INFO] etl_papers:   0124-2121/7976_Diseño+artesanal+una+mirada+pedagógica+a+la+transmisión.pdf: 2 artículo(s) extraído(s)
2026-09-19 06:46:28,881 [INFO] etl_papers:   0124-2121/8030_Educación+ambiental+y+derechos+de+la+Amazonia.pdf: 2 artículo(s) extraído(s)
2026-09-19 06:46:31,006 [INFO] etl_papers:   0124-2121/8692-Adaptación+de+profesores+migrante+a+la+cultura.pdf: 2 artículo(s) extraído(s)
2026-09-19 06:46:33,096 [INFO] etl_papers:   0124-2121/8710_Trayectorias+migratorias-educativas+de+estudiantes+venezolanos.pdf: 2 artículo(s) extraído(s)
2026-09-19 06:46:46,585 [INFO] etl_papers:   0124-4108/4324-1151-PB.pdf: 18 artículo(s) extraído(s)
2026-09-19 06:46:51,629 [INFO] etl_papers:   0124-5376/BC-1274.pdf: 2 artículo(s) extraído(s)
2026-09-19 06:46:57,002 [INFO] etl_papers:   0124-5376/BC-1291.pdf: 2 artículo(s) extraído(s)
2026-09-19 06:46:58,800 [INFO] etl_papers:   0124-5376/BC-1304.pdf: 2 artículo(s) extraído(s)
2026-09-19 06:47:01,578 [INFO] etl_papers:   0124-5376/BC-1306.pdf: 2 artículo(s) extraído(s)
2026-09-19 06:47:03,793 [INFO] etl_papers:   0124-5376/BC-1315.pdf: 2 artículo(s) extraído(s)
2026-09-19 06:47:07,504 [INFO] etl_papers:   0124-5376/BC-1316.pdf: 2 artículo(s) extraído(s)
2026-09-19 06:47:09,627 [INFO] etl_papers:   0124-5376/BC-1317.pdf: 2 artículo(s) extraído(s)
2026-09-19 06:47:12,393 [INFO] etl_papers:   0124-5821/Art.+1.pdf: 2 artículo(s) extraído(s)
2026-09-19 06:47:15,751 [INFO] etl_papers:   0124-5821/Art.+10.pdf: 2 artículo(s) extraído(s)
2026-09-19 06:47:18,564 [INFO] etl_papers:   0124-5821/Art.+2.pdf: 2 artículo(s) extraído(s)
2026-09-19 06:47:20,506 [INFO] etl_papers:   0124-5821/Art.+3.pdf: 2 artículo(s) extraído(s)
2026-09-19 06:47:22,669 [INFO] etl_papers:   0124-5821/Art.+4.pdf: 2 artículo(s) extraído(s)
2026-09-19 06:47:24,886 [INFO] etl_papers:   0124-5821/Art.+5.pdf: 2 artículo(s) extraído(s)
2026-09-19 06:47:26,987 [INFO] etl_papers:   0124-5821/Art.+6.pdf: 2 artículo(s) extraído(s)
2026-09-19 06:47:29,509 [INFO] etl_papers:   0124-5821/Art.+7.pdf: 2 artículo(s) extraído(s)
2026-09-19 06:47:31,989 [INFO] etl_papers:   0124-5821/Art.+8.pdf: 2 artículo(s) extraído(s)
2026-09-19 06:47:34,395 [INFO] etl_papers:   0124-5821/Art.+9.pdf: 2 artículo(s) extraído(s)
2026-09-19 06:47:36,659 [INFO] etl_papers:   0124-8170/Dialnet-ClasificacionDeMaduracionDelBananoUsandoModelacion-10775691.pdf: 2 artículo(s) extraído(s)
2026-09-19 06:47:40,400 [INFO] etl_papers:   0124-8170/Dialnet-DesarrolloDeUnPrototipoDeModeloCatastral3DAPartirD-10775688.pdf: 2 artículo(s) extraído(s)
2026-09-19 06:47:43,841 [INFO] etl_papers:   0124-8170/Dialnet-EstimacionDelImpactoEnLaAccesibilidadEspacialDeUnP-10775685.pdf: 2 artículo(s) extraído(s)
2026-09-19 06:47:48,819 [INFO] etl_papers:   0124-8170/Dialnet-InfluenciaDeLosModelosMatematicosEInterpoladoresEn-10775687.pdf: 2 artículo(s) extraído(s)
2026-09-19 06:47:51,489 [INFO] etl_papers:   0124-8170/Dialnet-PrediccionNovedosaDelComportamientoDeColumnaEmpaca-10775686.pdf: 2 artículo(s) extraído(s)
2026-09-19 06:47:53,765 [INFO] etl_papers:   0124-8170/Dialnet-ResiduosDeMaderaEImpactosMedioambientalesEnLaFabri-10775690.pdf: 2 artículo(s) extraído(s)
2026-09-19 06:48:00,660 [INFO] etl_papers:   1657-0448/116-115-PB.pdf: 17 artículo(s) extraído(s)
2026-09-19 06:48:04,174 [INFO] etl_papers:   1657-4206/Ecos+de+Economia+-++Empresas+Multinacionales+Chinas+Efectos+en+la+pobreza+mundial.pdf: 2 artículo(s) extraído(s)
2026-09-19 06:48:07,226 [INFO] etl_papers:   1657-4206/Ecos+de+Economia+-+Impact+of+competition+and+voucher+school+subsidy+law+on+education+quality+in+Chile (1).pdf: 2 artículo(s) extraído(s)
2026-09-19 06:48:10,521 [INFO] etl_papers:   1657-4206/Ecos+de+Economia+-+Impact+of+competition+and+voucher+school+subsidy+law+on+education+quality+in+Chile.pdf: 2 artículo(s) extraído(s)
2026-09-19 06:48:16,517 [INFO] etl_papers:   1657-4206/Ecos+de+Economia+-+Mujeres+emprendedoras+en+America+Latina.pdf: 2 artículo(s) extraído(s)
2026-09-19 06:48:19,299 [INFO] etl_papers:   1657-4206/Ecos+de+Economia+-+RESIDENTIAL+SEGREGATION+EMPIRICAL+EVIDENCE+OF+THE+INFLUENCE+OF+HUMAN+CAPITAL+IN+THE+CITY+OF+ARMENIA,+COLOMBIA.pdf: 2 artículo(s) extraído(s)
2026-09-19 06:48:22,578 [INFO] etl_papers:   1657-4206/Ecos+de+Economia-Un+estudio+de+los+Determinantes+de+la+decisión+de+financiación+a+gran+escala.pdf: 2 artículo(s) extraído(s)
2026-09-19 06:48:26,342 [INFO] etl_papers:   1657-4206/Pricing-Process-in-Mexico-new-evidence.pdf: 2 artículo(s) extraído(s)
2026-09-19 06:48:29,623 [INFO] etl_papers:   1657-4214/dpachecopaz,+327741-Texto+del+art_culo-125932-1-10-20170430_compressed.pdf: 2 artículo(s) extraído(s)
2026-09-19 06:48:35,180 [INFO] etl_papers:   1657-4214/dpachecopaz,+327742-Texto+del+art_culo-125935-1-10-20170430_compressed.pdf: 2 artículo(s) extraído(s)
2026-09-19 06:48:37,806 [INFO] etl_papers:   1657-4214/dpachecopaz,+327743-Texto+del+art_culo-125938-1-10-20170430_compressed.pdf: 2 artículo(s) extraído(s)
2026-09-19 06:48:39,883 [INFO] etl_papers:   1657-4214/dpachecopaz,+327744-Texto+del+art_culo-125941-1-10-20170430_compressed.pdf: 2 artículo(s) extraído(s)
2026-09-19 06:48:41,546 [INFO] etl_papers:   1657-4214/dpachecopaz,+327745-Texto+del+art_culo-125944-1-10-20170430_compressed.pdf: 2 artículo(s) extraído(s)
2026-09-19 06:48:42,037 [INFO] etl_papers:   1657-4214/dpachecopaz,+327746-Texto+del+art_culo-125947-1-10-20170430_compressed.pdf: 1 artículo(s) extraído(s)
2026-09-19 06:48:42,935 [INFO] etl_papers:   1657-463X/Acompañamiento+en+procesos+escolares+para+niñas+y+niños+con+TEA.pdf: 2 artículo(s) extraído(s)
2026-09-19 06:48:44,259 [INFO] etl_papers:   1657-463X/Aplicación+de+la+Metodologia+RAMCODES.pdf: 2 artículo(s) extraído(s)
2026-09-19 06:48:45,734 [INFO] etl_papers:   1657-463X/Carbono+orgánico.pdf: 2 artículo(s) extraído(s)
2026-09-19 06:48:47,182 [INFO] etl_papers:   1657-463X/Di†logos+entre+la+econom°a+solidaria+y+las+nuevas+ruralidades.pdf: 2 artículo(s) extraído(s)
2026-09-19 06:48:47,990 [INFO] etl_papers:   1657-463X/EFEITO+DE+TR“S+ADITIVOS+NA+DIETA+C.pdf: 2 artículo(s) extraído(s)
2026-09-19 06:48:49,127 [INFO] etl_papers:   1657-463X/la+corrupción.pdf: 3 artículo(s) extraído(s)
2026-09-19 06:48:49,378 [INFO] etl_papers:   1657-4702/00_b_editorial_RLB+26(1)+(2).pdf: 1 artículo(s) extraído(s)
2026-09-19 06:48:51,141 [INFO] etl_papers:   1657-4702/01_7109_RLB+26(1)+(2).pdf: 2 artículo(s) extraído(s)
2026-09-19 06:48:52,840 [INFO] etl_papers:   1657-4702/03_7572_RLB+26(1)+(2).pdf: 2 artículo(s) extraído(s)
2026-09-19 06:48:54,699 [INFO] etl_papers:   1657-4702/05_7994_RLB+26(1)+(2).pdf: 2 artículo(s) extraído(s)
2026-09-19 06:48:57,643 [INFO] etl_papers:   1657-4702/06_8027_RLB+26(1)+(3).pdf: 2 artículo(s) extraído(s)
2026-09-19 06:48:59,710 [INFO] etl_papers:   1657-4702/07_8102_RLB+26(1)+(2).pdf: 2 artículo(s) extraído(s)
2026-09-19 06:49:01,203 [INFO] etl_papers:   1657-4702/08_8361_RLB+26(1)+(2).pdf: 2 artículo(s) extraído(s)
2026-09-19 06:49:04,073 [INFO] etl_papers:   1657-7027/10a+(1)(1).pdf: 2 artículo(s) extraído(s)
2026-09-19 06:49:05,992 [INFO] etl_papers:   1657-7027/1a.pdf: 2 artículo(s) extraído(s)
2026-09-19 06:49:08,362 [INFO] etl_papers:   1657-7027/2a.pdf: 2 artículo(s) extraído(s)
2026-09-19 06:49:11,984 [INFO] etl_papers:   1657-7027/3a.pdf: 3 artículo(s) extraído(s)
2026-09-19 06:49:15,744 [INFO] etl_papers:   1657-7027/5a.pdf: 2 artículo(s) extraído(s)
2026-09-19 06:49:18,784 [INFO] etl_papers:   1657-7027/6872842011.pdf: 2 artículo(s) extraído(s)
2026-09-19 06:49:21,808 [INFO] etl_papers:   1657-7027/6872842012.pdf: 2 artículo(s) extraído(s)
2026-09-19 06:49:24,650 [INFO] etl_papers:   1657-7027/6872842013.pdf: 2 artículo(s) extraído(s)
2026-09-19 06:49:27,222 [INFO] etl_papers:   1657-7027/6872842014.pdf: 2 artículo(s) extraído(s)
2026-09-19 06:49:29,455 [INFO] etl_papers:   1657-7027/6872842016.pdf: 2 artículo(s) extraído(s)
2026-09-19 06:49:32,109 [INFO] etl_papers:   1657-7027/6872842017.pdf: 4 artículo(s) extraído(s)
2026-09-19 06:49:34,620 [INFO] etl_papers:   1657-7027/6a.pdf: 2 artículo(s) extraído(s)
2026-09-19 06:49:38,155 [INFO] etl_papers:   1657-7027/7a1.pdf: 2 artículo(s) extraído(s)
2026-09-19 06:49:42,414 [INFO] etl_papers:   1657-7027/8a1.pdf: 2 artículo(s) extraído(s)
2026-09-19 06:49:45,856 [INFO] etl_papers:   1657-7027/9a1.pdf: 2 artículo(s) extraído(s)
2026-09-19 06:49:48,888 [INFO] etl_papers:   1657-7663/mprada,+a01v8n2.pdf: 2 artículo(s) extraído(s)
2026-09-19 06:49:51,951 [INFO] etl_papers:   1657-7663/mprada,+a02v8n2.pdf: 2 artículo(s) extraído(s)
2026-09-19 06:49:54,058 [INFO] etl_papers:   1657-7663/mprada,+a03v8n2.pdf: 2 artículo(s) extraído(s)
2026-09-19 06:49:56,535 [INFO] etl_papers:   1657-7663/mprada,+a04v8n2.pdf: 2 artículo(s) extraído(s)
2026-09-19 06:49:59,164 [INFO] etl_papers:   1657-7663/mprada,+a05v8n2.pdf: 2 artículo(s) extraído(s)
2026-09-19 06:50:00,153 [INFO] etl_papers:   1657-7663/mprada,+a06v8n2.pdf: 2 artículo(s) extraído(s)
2026-09-19 06:50:02,011 [INFO] etl_papers:   1657-7663/mprada,+a07v8n2.pdf: 2 artículo(s) extraído(s)
2026-09-19 06:50:05,395 [INFO] etl_papers:   1657-7663/mprada,+a08v8n2.pdf: 2 artículo(s) extraído(s)
2026-09-19 06:50:07,815 [INFO] etl_papers:   1657-7663/mprada,+a09v8n2.pdf: 2 artículo(s) extraído(s)
2026-09-19 06:50:10,598 [INFO] etl_papers:   1657-7663/mprada,+a10v8n2.pdf: 2 artículo(s) extraído(s)
2026-09-19 06:50:12,516 [INFO] etl_papers:   1657-7663/mprada,+a11v8n2.pdf: 2 artículo(s) extraído(s)
2026-09-19 06:50:14,298 [INFO] etl_papers:   1657-7663/mprada,+a12v8n2.pdf: 2 artículo(s) extraído(s)
2026-09-19 06:50:15,462 [INFO] etl_papers:   1657-7663/mprada,+a13v8n2.pdf: 2 artículo(s) extraído(s)
2026-09-19 06:50:16,129 [INFO] etl_papers:   1657-8236/lileybueno,+Editor_a+de+la+revista,+art1.pdf: 1 artículo(s) extraído(s)
2026-09-19 06:50:17,483 [INFO] etl_papers:   1657-8236/lileybueno,+Editor_a+de+la+revista,+art2.pdf: 1 artículo(s) extraído(s)
2026-09-19 06:50:18,633 [INFO] etl_papers:   1657-8236/lileybueno,+Editor_a+de+la+revista,+art3.pdf: 1 artículo(s) extraído(s)
2026-09-19 06:50:20,367 [INFO] etl_papers:   1657-8236/lileybueno,+Editor_a+de+la+revista,+art4.pdf: 1 artículo(s) extraído(s)
2026-09-19 06:50:21,862 [INFO] etl_papers:   1657-8236/lileybueno,+Editor_a+de+la+revista,+art5.pdf: 2 artículo(s) extraído(s)
2026-09-19 06:50:25,512 [INFO] etl_papers:   1657-8651/Dialnet-DisenoInstitucionalYDiversidadTerritorial-10523159.pdf: 2 artículo(s) extraído(s)
2026-09-19 06:50:28,585 [INFO] etl_papers:   1657-8651/Dialnet-PoliticaComoCienciaYPoliticaComoIdeologia-10523156.pdf: 2 artículo(s) extraído(s)
2026-09-19 06:50:32,788 [INFO] etl_papers:   1657-8651/Dialnet-ProduccionProductividadPresupuestoYOrientacionTema-10523158.pdf: 3 artículo(s) extraído(s)
2026-09-19 06:50:36,326 [INFO] etl_papers:   1657-8651/Dialnet-UnaInterfazPoliticacienciaDesdeElPregrado-10523157.pdf: 2 artículo(s) extraído(s)
2026-09-19 06:50:37,457 [INFO] etl_papers:   1657-9089/Dialnet-CapacidadesDesdeElDesarrolloFamiliar-10601693.pdf: 2 artículo(s) extraído(s)
2026-09-19 06:50:38,189 [INFO] etl_papers:   1657-9089/Dialnet-CazarImaginariosParaArreglarElMundoDistopicoQueHer-10601694.pdf: 2 artículo(s) extraído(s)
2026-09-19 06:50:39,273 [INFO] etl_papers:   1657-9089/Dialnet-InfanciasYAfectosPrecariosEnTresEpisodiosFilmicos-10601695.pdf: 2 artículo(s) extraído(s)
2026-09-19 06:50:39,960 [INFO] etl_papers:   1657-9089/Dialnet-SentidosDeLoInaprensibleAmbagesDiscursivosAlConcep-10601696.pdf: 2 artículo(s) extraído(s)
2026-09-19 06:50:40,213 [INFO] etl_papers:   1657-9089/Dialnet-TengoMiedoALasMatematicasUnaReflexionDesdeLaInfanc-10601697.pdf: 1 artículo(s) extraído(s)
2026-09-19 06:50:42,343 [INFO] etl_papers:   1657-9267/16972857001.pdf: 2 artículo(s) extraído(s)
2026-09-19 06:50:44,335 [INFO] etl_papers:   1657-9267/Cuadernos6732892002.pdf: 1 artículo(s) extraído(s)
2026-09-19 06:50:46,205 [INFO] etl_papers:   1657-9267/UPSY-25-2026+LOTE-26972857002.pdf: 2 artículo(s) extraído(s)
2026-09-19 06:50:47,449 [INFO] etl_papers:   1657-9267/um6972857003.pdf: 2 artículo(s) extraído(s)
2026-09-19 06:50:49,097 [INFO] etl_papers:   1657-9267/um6972857004.pdf: 2 artículo(s) extraído(s)
2026-09-19 06:50:50,443 [INFO] etl_papers:   1657-9267/um6972857005.pdf: 2 artículo(s) extraído(s)
2026-09-19 06:50:52,359 [INFO] etl_papers:   1657-9267/um6972857006.pdf: 2 artículo(s) extraído(s)
2026-09-19 06:50:54,262 [INFO] etl_papers:   1657-9267/um6972857009.pdf: 2 artículo(s) extraído(s)
2026-09-19 06:50:55,699 [INFO] etl_papers:   1657-9267/upsy6972857007.pdf: 2 artículo(s) extraído(s)
2026-09-19 06:50:57,177 [INFO] etl_papers:   1657-9267/upsy6972857008.pdf: 2 artículo(s) extraído(s)
2026-09-19 06:50:58,912 [INFO] etl_papers:   1657-9267/upsy6972857011.pdf: 2 artículo(s) extraído(s)
2026-09-19 06:51:00,649 [INFO] etl_papers:   1657-9267/upsy6972857012.pdf: 2 artículo(s) extraído(s)
2026-09-19 06:51:02,434 [INFO] etl_papers:   1657-9267/upsy6972857013.pdf: 2 artículo(s) extraído(s)
2026-09-19 06:51:04,096 [INFO] etl_papers:   1657-9267/upsy6972857014.pdf: 2 artículo(s) extraído(s)
2026-09-19 06:51:05,613 [INFO] etl_papers:   1657-9267/upsy6972857015.pdf: 2 artículo(s) extraído(s)
2026-09-19 06:51:06,759 [INFO] etl_papers:   1657-9267/upsy6972857016.pdf: 2 artículo(s) extraído(s)
2026-09-19 06:51:08,105 [INFO] etl_papers:   1657-9534/v56n2e2006613+Ing.pdf: 1 artículo(s) extraído(s)
2026-09-19 06:51:09,593 [INFO] etl_papers:   1657-9534/v56n2e2016690+Esp.pdf: 1 artículo(s) extraído(s)
2026-09-19 06:51:10,598 [INFO] etl_papers:   1657-9534/v56n2e2026997+Esp+-+copia.pdf: 1 artículo(s) extraído(s)
2026-09-19 06:51:11,916 [INFO] etl_papers:   1657-9534/v56n3e2007027+Ing.pdf: 1 artículo(s) extraído(s)
2026-09-19 06:51:13,457 [INFO] etl_papers:   1657-9534/v56n3e2016728+Ing.pdf: 1 artículo(s) extraído(s)
2026-09-19 06:51:23,329 [INFO] etl_papers:   1657-9553/vol15n2.pdf: 7 artículo(s) extraído(s)
2026-09-19 06:51:24,573 [INFO] etl_papers:   1692-1399/001_(Estandarización+y+uso)_RTJTVol18_Num2.pdf: 3 artículo(s) extraído(s)
2026-09-19 06:51:25,383 [INFO] etl_papers:   1692-1399/002_(Demographics+and+consumption)_RTJTVol18_Num2.pdf: 1 artículo(s) extraído(s)
2026-09-19 06:51:25,806 [INFO] etl_papers:   1692-1399/003_(OVA+para+el+aprendizaje)_RTJTVol18_Num2.pdf: 2 artículo(s) extraído(s)
2026-09-19 06:51:27,282 [INFO] etl_papers:   1692-5106/Dialnet-EficaciaDeLaTerapiaDeOxigenoHiperbaricoEnPeriodont-9765733.pdf: 2 artículo(s) extraído(s)
2026-09-19 06:51:28,549 [INFO] etl_papers:   1692-5106/Dialnet-FactoresAsociadosALaAdherenciaAProtocolosDeBiosegu-9763802.pdf: 2 artículo(s) extraído(s)
2026-09-19 06:51:29,626 [INFO] etl_papers:   1692-5106/Dialnet-ImpactoDeLaInteligenciaArtificialEnLaOdontologia-9763803.pdf: 2 artículo(s) extraído(s)
2026-09-19 06:51:31,247 [INFO] etl_papers:   1692-5106/Dialnet-SindromeDeCoffinSirisYPaladarHendido-9765734.pdf: 2 artículo(s) extraído(s)
2026-09-19 06:51:32,340 [INFO] etl_papers:   1692-5238/joseignacio,+16.44.1+(9-24)+VF.pdf: 2 artículo(s) extraído(s)
2026-09-19 06:51:32,970 [INFO] etl_papers:   1692-5238/joseignacio,+16.44.2+(25-34)+VF.pdf: 2 artículo(s) extraído(s)
2026-09-19 06:51:33,942 [INFO] etl_papers:   1692-5238/joseignacio,+16.44.4+(49-61)+VF.pdf: 2 artículo(s) extraído(s)
2026-09-19 06:51:34,762 [INFO] etl_papers:   1692-5238/joseignacio,+16.44.5+(63-74)+VF.pdf: 2 artículo(s) extraído(s)
2026-09-19 06:51:36,084 [INFO] etl_papers:   1692-5238/joseignacio,+16.47.2+(VF).pdf: 2 artículo(s) extraído(s)
2026-09-19 06:51:37,050 [INFO] etl_papers:   1692-5238/joseignacio,+16.47.3+(VF).pdf: 2 artículo(s) extraído(s)
2026-09-19 06:51:37,984 [INFO] etl_papers:   1692-5238/joseignacio,+16.47.4+(VF).pdf: 2 artículo(s) extraído(s)
2026-09-19 06:51:50,183 [INFO] etl_papers:   1692-5777/173-129-PB.pdf: 19 artículo(s) extraído(s)
2026-09-19 06:51:52,280 [INFO] etl_papers:   1692-6013/NOVUM+JUS+20-2+art+1+DERECHO+INTERNACIONAL.pdf: 2 artículo(s) extraído(s)
2026-09-19 06:51:54,081 [INFO] etl_papers:   1692-6013/NOVUM+JUS+20-2+art+10+CURRENT.pdf: 2 artículo(s) extraído(s)
2026-09-19 06:51:55,849 [INFO] etl_papers:   1692-6013/NOVUM+JUS+20-2+art+11+DEMOCRACIA.pdf: 2 artículo(s) extraído(s)
2026-09-19 06:51:58,419 [INFO] etl_papers:   1692-6013/NOVUM+JUS+20-2+art+12+EVOLUCIÓN.pdf: 2 artículo(s) extraído(s)
2026-09-19 06:52:00,482 [INFO] etl_papers:   1692-6013/NOVUM+JUS+20-2+art+13+RANKIGN.pdf: 2 artículo(s) extraído(s)
2026-09-19 06:52:02,045 [INFO] etl_papers:   1692-6013/NOVUM+JUS+20-2+art+14+LA+CATEGORIA.pdf: 2 artículo(s) extraído(s)
2026-09-19 06:52:04,003 [INFO] etl_papers:   1692-6013/NOVUM+JUS+20-2+art+15+FUNDAMENTO.pdf: 2 artículo(s) extraído(s)
2026-09-19 06:52:05,382 [INFO] etl_papers:   1692-6013/NOVUM+JUS+20-2+art+2+DEBERES.pdf: 2 artículo(s) extraído(s)
2026-09-19 06:52:07,129 [INFO] etl_papers:   1692-6013/NOVUM+JUS+20-2+art+3+EL+CIBERPODER.pdf: 2 artículo(s) extraído(s)
2026-09-19 06:52:08,968 [INFO] etl_papers:   1692-6013/NOVUM+JUS+20-2+art+5+EL+DESPLZAMIENTO.pdf: 2 artículo(s) extraído(s)
2026-09-19 06:52:10,970 [INFO] etl_papers:   1692-6013/NOVUM+JUS+20-2+art+6+THE+ENVIRONMENTAL.pdf: 2 artículo(s) extraído(s)
2026-09-19 06:52:13,038 [INFO] etl_papers:   1692-6013/NOVUM+JUS+20-2+art+7+SERVICOS+PUBLICOS.pdf: 2 artículo(s) extraído(s)
2026-09-19 06:52:14,889 [INFO] etl_papers:   1692-6013/NOVUM+JUS+20-2+art+9+MAKIGN.pdf: 2 artículo(s) extraído(s)
2026-09-19 06:52:16,274 [INFO] etl_papers:   1692-715X/1.+Luisa+Fernanda+Manrique.pdf: 2 artículo(s) extraído(s)
2026-09-19 06:52:17,784 [INFO] etl_papers:   1692-715X/10.+Infancias+y+adolescencias+määt+jääy+e+ihtlakahketsih.pdf: 2 artículo(s) extraído(s)
2026-09-19 06:52:19,132 [INFO] etl_papers:   1692-715X/11.+La+población+joven+de+Ecuador.pdf: 3 artículo(s) extraído(s)
2026-09-19 06:52:20,873 [INFO] etl_papers:   1692-715X/12.+Entre+autonomía+progresiva+y+protección+estatal.pdf: 2 artículo(s) extraído(s)
2026-09-19 06:52:22,923 [INFO] etl_papers:   1692-715X/13.+Custodia+y+pensiones+alimenticias+en+divorcios.pdf: 2 artículo(s) extraído(s)
2026-09-19 06:52:24,693 [INFO] etl_papers:   1692-715X/2.+Políticas+de+juventud+en+Paraguay.pdf: 2 artículo(s) extraído(s)
2026-09-19 06:52:26,063 [INFO] etl_papers:   1692-715X/3.+Mediación+evaluativa+con+TIC.pdf: 2 artículo(s) extraído(s)
2026-09-19 06:52:28,036 [INFO] etl_papers:   1692-715X/4.+Posicionamientos+políticos+de+niñeces+rurales.pdf: 2 artículo(s) extraído(s)
2026-09-19 06:52:29,301 [INFO] etl_papers:   1692-715X/7.+Estudio+sobre+las+concepciones+de+infancia.pdf: 2 artículo(s) extraído(s)
2026-09-19 06:52:31,335 [INFO] etl_papers:   1692-715X/8.+Experiencia+curricular+y+consciencia+sostenible.pdf: 2 artículo(s) extraído(s)
2026-09-19 06:52:32,503 [INFO] etl_papers:   1692-715X/Andrea+Milena+Osorio+08+12+25.pdf: 2 artículo(s) extraído(s)
2026-09-19 06:52:33,383 [INFO] etl_papers:   1692-715X/Mauro+Alejandro+Soto+11+12+25+(1).pdf: 2 artículo(s) extraído(s)
2026-09-19 06:52:34,373 [INFO] etl_papers:   1692-7427/ART_7+Historia+de+la+edufisica.pdf: 2 artículo(s) extraído(s)
2026-09-19 06:52:36,156 [INFO] etl_papers:   1692-7427/Art01_2026.pdf: 2 artículo(s) extraído(s)
2026-09-19 06:52:37,252 [INFO] etl_papers:   1692-7427/Art02_2026.pdf: 2 artículo(s) extraído(s)
2026-09-19 06:52:38,087 [INFO] etl_papers:   1692-7427/Art03_2026.pdf: 2 artículo(s) extraído(s)
2026-09-19 06:52:39,229 [INFO] etl_papers:   1692-7427/Art04_2026.pdf: 2 artículo(s) extraído(s)
2026-09-19 06:52:40,235 [INFO] etl_papers:   1692-7427/Art05_2026.pdf: 2 artículo(s) extraído(s)
2026-09-19 06:52:40,985 [INFO] etl_papers:   1692-7427/Art06_2026.pdf: 2 artículo(s) extraído(s)
2026-09-19 06:52:42,161 [INFO] etl_papers:   1692-7427/Art08_2026.pdf: 2 artículo(s) extraído(s)
2026-09-19 06:52:43,169 [INFO] etl_papers:   1692-7427/Art09_2026.pdf: 2 artículo(s) extraído(s)
2026-09-19 06:52:43,910 [INFO] etl_papers:   1692-7427/art10_2026.pdf: 2 artículo(s) extraído(s)
2026-09-19 06:52:44,491 [INFO] etl_papers:   1692-7427/art11_2026.pdf: 2 artículo(s) extraído(s)
2026-09-19 06:52:46,435 [INFO] etl_papers:   1692-8156/adminpujojs,+03+CIADI-Echaide.pdf: 2 artículo(s) extraído(s)
2026-09-19 06:52:50,238 [INFO] etl_papers:   1692-8156/adminpujojs,+04+Jose_+M+clima.pdf: 2 artículo(s) extraído(s)
2026-09-19 06:52:51,821 [INFO] etl_papers:   1692-8156/adminpujojs,+06+Mario+KelHart.pdf: 2 artículo(s) extraído(s)
2026-09-19 06:52:53,568 [INFO] etl_papers:   1692-8156/adminpujojs,+1.+Acosta-Lopez+y+Espitia-Murcia.pdf: 2 artículo(s) extraído(s)
2026-09-19 06:52:54,479 [INFO] etl_papers:   1692-8156/adminpujojs,+2.+Amaya+y+Guzma_n.pdf: 2 artículo(s) extraído(s)
2026-09-19 06:52:56,961 [INFO] etl_papers:   1692-8156/adminpujojs,+4.+London_o+Gutierrez+y+Roa.pdf: 2 artículo(s) extraído(s)
2026-09-19 06:52:58,862 [INFO] etl_papers:   1692-8156/adminpujojs,+5.+Pulido-Orti_z.pdf: 2 artículo(s) extraído(s)
2026-09-19 06:53:00,098 [INFO] etl_papers:   1692-8415/Dialnet-DisenoYPruebaPilotoDeUnsoftwareparaLaMedidaDeAgude-9815087.pdf: 1 artículo(s) extraído(s)
2026-09-19 06:53:01,360 [INFO] etl_papers:   1692-8415/Dialnet-ElBeisbolUnDeporteExigenteConLaFuncionVisual-9815086.pdf: 2 artículo(s) extraído(s)
2026-09-19 06:53:02,959 [INFO] etl_papers:   1692-8415/Dialnet-InsuficienciaDeConvergenciaYTrastornoPorDeficitDeA-9815085.pdf: 2 artículo(s) extraído(s)
2026-09-19 06:53:03,808 [INFO] etl_papers:   1692-8415/queratitis.pdf: 2 artículo(s) extraído(s)
2026-09-19 06:53:13,958 [INFO] etl_papers:   1794-0915/OC 29.pdf: 24 artículo(s) extraído(s)
2026-09-19 06:53:15,015 [INFO] etl_papers:   1794-2470/V2+art+01+NOVA47+Bauhinia+picta.pdf: 2 artículo(s) extraído(s)
2026-09-19 06:53:16,564 [INFO] etl_papers:   1794-2470/V2+art+02+NOVA47+microbiological+quality.pdf: 2 artículo(s) extraído(s)
2026-09-19 06:53:17,400 [INFO] etl_papers:   1794-2470/V2+art+03+NOVA47+Vigilancia+microbiologica.pdf: 2 artículo(s) extraído(s)
2026-09-19 06:53:18,400 [INFO] etl_papers:   1794-2470/V2+art+04+NOVA47+Caracterizacion+genotipica.pdf: 2 artículo(s) extraído(s)
2026-09-19 06:53:19,641 [INFO] etl_papers:   1794-2470/V2+art+05+NOVA47+metales+pesados.pdf: 2 artículo(s) extraído(s)
2026-09-19 06:53:20,696 [INFO] etl_papers:   1794-2470/V2+art+06+NOVA47+carcinoma+de+cervix.pdf: 2 artículo(s) extraído(s)
2026-09-19 06:53:21,873 [INFO] etl_papers:   1794-2470/V2+art+07+NOVA47+Bacterias+Gram+negativas.pdf: 2 artículo(s) extraído(s)
2026-09-19 06:53:22,777 [INFO] etl_papers:   1794-2470/V2+art+08+NOVA47+burnout+syndrome.pdf: 2 artículo(s) extraído(s)
2026-09-19 06:53:23,684 [INFO] etl_papers:   1794-2470/V2+art+09+NOVA47+salud+rural.pdf: 2 artículo(s) extraído(s)
2026-09-19 06:53:24,156 [INFO] etl_papers:   1794-5240/5-+UIS_RM+V38+N3+-+ART+6.pdf: 2 artículo(s) extraído(s)
2026-09-19 06:53:25,623 [INFO] etl_papers:   1794-5240/5-experiencias+adversas+infancia+alt.pdf: 2 artículo(s) extraído(s)
2026-09-19 06:53:26,757 [INFO] etl_papers:   1794-5240/6-+UIS_RM+V38+N3+-+ART+7+(2) (1).pdf: 2 artículo(s) extraído(s)
2026-09-19 06:53:27,599 [INFO] etl_papers:   1794-5240/6-+UIS_RM+V38+N3+-+ART+7+(2).pdf: 2 artículo(s) extraído(s)
2026-09-19 06:53:28,757 [INFO] etl_papers:   1794-5240/6-AO+Relación+entre+el+uso+del+celular+y+el+ángulo+craneovertebral.pdf: 2 artículo(s) extraído(s)
2026-09-19 06:53:29,822 [INFO] etl_papers:   1794-5240/Diagramado_AO+Prevalencia+de+Ca+de+piel+en+Antioquia+-+Final.pdf: 2 artículo(s) extraído(s)
2026-09-19 06:53:30,440 [INFO] etl_papers:   1794-5240/art-1.pdf: 2 artículo(s) extraído(s)
2026-09-19 06:53:30,932 [INFO] etl_papers:   1794-5240/art-2_publicar-2-10-2025.pdf: 2 artículo(s) extraído(s)
2026-09-19 06:53:31,921 [INFO] etl_papers:   1794-6190/10_121762_comparison.pdf: 2 artículo(s) extraído(s)
2026-09-19 06:53:32,739 [INFO] etl_papers:   1794-6190/123186+3_123186_Detection.pdf: 1 artículo(s) extraído(s)
2026-09-19 06:53:33,527 [INFO] etl_papers:   1794-6190/1_124308_Mineralogical.pdf: 2 artículo(s) extraído(s)
2026-09-19 06:53:34,585 [INFO] etl_papers:   1794-6190/2_122713_Application+of.pdf: 1 artículo(s) extraído(s)
2026-09-19 06:53:35,260 [INFO] etl_papers:   1794-6190/4_122297_machine.pdf: 1 artículo(s) extraído(s)
2026-09-19 06:53:36,010 [INFO] etl_papers:   1794-6190/5_124270_Role.pdf: 1 artículo(s) extraído(s)
2026-09-19 06:53:36,731 [INFO] etl_papers:   1794-6190/6_121860_stable.pdf: 1 artículo(s) extraído(s)
2026-09-19 06:53:38,777 [INFO] etl_papers:   1794-6190/7_120722_A+semi.pdf: 0 artículo(s) extraído(s)
2026-09-19 06:53:39,267 [INFO] etl_papers:   1794-6190/8_123547_Evolution.pdf: 1 artículo(s) extraído(s)
2026-09-19 06:53:40,002 [INFO] etl_papers:   1794-6190/9_122773_geothecnical.pdf: 1 artículo(s) extraído(s)
2026-09-19 06:53:42,020 [INFO] etl_papers:   1794-8932/S-1337.pdf: 2 artículo(s) extraído(s)
2026-09-19 06:53:44,227 [INFO] etl_papers:   1794-8932/S-1342+(1).pdf: 2 artículo(s) extraído(s)
2026-09-19 06:53:47,218 [INFO] etl_papers:   1794-8932/S-1377.pdf: 2 artículo(s) extraído(s)
2026-09-19 06:53:49,301 [INFO] etl_papers:   1794-8932/S-1393.pdf: 2 artículo(s) extraído(s)
2026-09-19 06:53:50,534 [INFO] etl_papers:   1794-8932/S-1433.pdf: 2 artículo(s) extraído(s)
2026-09-19 06:53:53,046 [INFO] etl_papers:   1794-8932/S-1481.pdf: 2 artículo(s) extraído(s)
2026-09-19 06:53:55,007 [INFO] etl_papers:   1794-8932/S-1485+(2).pdf: 2 artículo(s) extraído(s)
2026-09-19 06:53:58,573 [INFO] etl_papers:   1794-8932/S-1492.pdf: 2 artículo(s) extraído(s)
2026-09-19 06:54:01,638 [INFO] etl_papers:   1794-8932/S-1494.pdf: 2 artículo(s) extraído(s)
2026-09-19 06:54:05,701 [INFO] etl_papers:   1794-8932/S-1500.pdf: 2 artículo(s) extraído(s)
2026-09-19 06:54:09,281 [INFO] etl_papers:   1794-8932/S-1507+(1).pdf: 2 artículo(s) extraído(s)
2026-09-19 06:54:11,969 [INFO] etl_papers:   1794-8932/S-1519+(1).pdf: 2 artículo(s) extraído(s)
2026-09-19 06:54:15,446 [INFO] etl_papers:   1794-8932/S-1530.pdf: 2 artículo(s) extraído(s)
2026-09-19 06:54:19,390 [INFO] etl_papers:   1794-8932/S-1549.pdf: 2 artículo(s) extraído(s)
2026-09-19 06:54:21,649 [INFO] etl_papers:   1794-8932/S.1518.pdf: 2 artículo(s) extraído(s)
2026-09-19 06:54:24,810 [INFO] etl_papers:   1794-8932/S.1523.pdf: 2 artículo(s) extraído(s)
2026-09-19 06:54:28,162 [INFO] etl_papers:   1794-8932/S.1545.pdf: 2 artículo(s) extraído(s)
2026-09-19 06:54:30,170 [INFO] etl_papers:   1794-9920/art_1+maquetado.pdf: 2 artículo(s) extraído(s)
2026-09-19 06:54:32,623 [INFO] etl_papers:   1794-9920/art_10+maquetado.pdf: 2 artículo(s) extraído(s)
2026-09-19 06:54:34,778 [INFO] etl_papers:   1794-9920/art_2+maquetado.pdf: 2 artículo(s) extraído(s)
2026-09-19 06:54:36,444 [INFO] etl_papers:   1794-9920/art_3+maquetado.pdf: 2 artículo(s) extraído(s)
2026-09-19 06:54:38,080 [INFO] etl_papers:   1794-9920/art_4+maquetado.pdf: 2 artículo(s) extraído(s)
2026-09-19 06:54:39,399 [INFO] etl_papers:   1794-9920/art_5+maquetado.pdf: 2 artículo(s) extraído(s)
2026-09-19 06:54:40,786 [INFO] etl_papers:   1794-9920/art_6+maquetado.pdf: 2 artículo(s) extraído(s)
2026-09-19 06:54:44,807 [INFO] etl_papers:   1794-9920/art_7+maquetado.pdf: 2 artículo(s) extraído(s)
2026-09-19 06:54:46,238 [INFO] etl_papers:   1794-9920/art_8+maquetado.pdf: 2 artículo(s) extraído(s)
2026-09-19 06:54:47,984 [INFO] etl_papers:   1794-9920/art_9+maquetado.pdf: 2 artículo(s) extraído(s)
2026-09-19 06:54:49,287 [INFO] etl_papers:   1856-9536/19-1+D+AV+15663+Terol.pdf: 2 artículo(s) extraído(s)
2026-09-19 06:54:50,396 [INFO] etl_papers:   1856-9536/19-1+D+ES+15242+Bañuelos.pdf: 2 artículo(s) extraído(s)
2026-09-19 06:54:51,457 [INFO] etl_papers:   1856-9536/19-1+D+ES+15567+Serra.pdf: 2 artículo(s) extraído(s)
2026-09-19 06:54:52,531 [INFO] etl_papers:   1856-9536/19-2+D+Av+16036+Moreno.pdf: 2 artículo(s) extraído(s)
2026-09-19 06:54:53,649 [INFO] etl_papers:   1856-9536/19-2+D+Av+16087+Peres.pdf: 2 artículo(s) extraído(s)
2026-09-19 06:54:54,758 [INFO] etl_papers:   1856-9536/19-2+D+Av+16117+León.pdf: 2 artículo(s) extraído(s)
2026-09-19 06:54:56,006 [INFO] etl_papers:   1856-9536/19-2+D+Av+16268+Blanco.pdf: 2 artículo(s) extraído(s)
2026-09-19 06:54:56,652 [INFO] etl_papers:   1900-1649/118301_Versión_Final_2026.pdf: 2 artículo(s) extraído(s)
2026-09-19 06:54:57,081 [INFO] etl_papers:   1900-1649/119244_Versión_Final.pdf: 2 artículo(s) extraído(s)
2026-09-19 06:54:57,768 [INFO] etl_papers:   1900-1649/122217_Versión_Final_2026.pdf: 2 artículo(s) extraído(s)
2026-09-19 06:54:58,235 [INFO] etl_papers:   1900-1649/122370_Versión_Final_2026.pdf: 2 artículo(s) extraído(s)
2026-09-19 06:54:59,282 [INFO] etl_papers:   1900-1649/123341_Versión_Final_2026.pdf: 2 artículo(s) extraído(s)
2026-09-19 06:55:00,115 [INFO] etl_papers:   1900-1649/124113_Versión_Final_2026.pdf: 2 artículo(s) extraído(s)
2026-09-19 06:55:00,684 [INFO] etl_papers:   1900-1649/124267_Versión_Final_2026.pdf: 2 artículo(s) extraído(s)
2026-09-19 06:55:02,464 [INFO] etl_papers:   1900-6004/Colombia_Internacional_126_04-act.pdf: 2 artículo(s) extraído(s)
2026-09-19 06:55:04,227 [INFO] etl_papers:   1900-6004/El+doble+nivel+y+la+captura+del+Estado_+la+política+exterior+en+el+Gobierno+de+Guillermo+Lasso+en+Ecuador.pdf: 2 artículo(s) extraído(s)
2026-09-19 06:55:05,881 [INFO] etl_papers:   1900-6004/Inclusión+y+exclusión+en+el+trabajo+en+red+de+la+Comisión+de+la+Verdad+de+Colombia+con+el+exilio.pdf: 2 artículo(s) extraído(s)
2026-09-19 06:55:08,093 [INFO] etl_papers:   1900-6004/Las+reformas+en+su+laberinto_+consenso,+preconcertación+y+transacción+en+la+aprobación+de+la+reforma+pensional+en+Colombia.pdf: 2 artículo(s) extraído(s)
2026-09-19 06:55:09,830 [INFO] etl_papers:   1900-6004/Más+allá+del+“Tíbet+de+América+del+Sur”_+Colombia+y+el+rol+de+potencia+media+en+la+Guerra+Fría+temprana.pdf: 2 artículo(s) extraído(s)
2026-09-19 06:55:12,099 [INFO] etl_papers:   1900-6152/1_jesuitas_y_globalizacion-final-ajustado.pdf: 2 artículo(s) extraído(s)
2026-09-19 06:55:14,140 [INFO] etl_papers:   1900-6152/2_Estado_contratante-final-ajustado.pdf: 2 artículo(s) extraído(s)
2026-09-19 06:55:15,846 [INFO] etl_papers:   1900-6152/4_energia-para-mujeres-final-ajustado.pdf: 2 artículo(s) extraído(s)
2026-09-19 06:55:17,585 [INFO] etl_papers:   1900-6152/5_Marchas-lesbicas-final.pdf: 2 artículo(s) extraído(s)
2026-09-19 06:55:19,431 [INFO] etl_papers:   1900-6152/6_ciclos-violencia-final-ajustado-2.pdf: 2 artículo(s) extraído(s)
2026-09-19 06:55:21,195 [INFO] etl_papers:   1900-6152/Su(b)versión_+la+huelga+universitaria.pdf: 1 artículo(s) extraído(s)
2026-09-19 06:55:22,063 [INFO] etl_papers:   1900-9178/AQUACLIMA.pdf: 2 artículo(s) extraído(s)
2026-09-19 06:55:23,238 [INFO] etl_papers:   1900-9178/Análisis+técnico-económico+de+sistemas+fotovoltaicos+instalados+en+el+área+metropolitana+de+Cúcuta.pdf: 2 artículo(s) extraído(s)
2026-09-19 06:55:24,724 [INFO] etl_papers:   1900-9178/Art01_V17_N1_2026.pdf: 2 artículo(s) extraído(s)
2026-09-19 06:55:26,220 [INFO] etl_papers:   1900-9178/Art02_V17_N1_2026.pdf: 2 artículo(s) extraído(s)
2026-09-19 06:55:27,291 [INFO] etl_papers:   1900-9178/Art03_V17_N1_2026.pdf: 2 artículo(s) extraído(s)
2026-09-19 06:55:28,665 [INFO] etl_papers:   1900-9178/SABERES+LOCALES+CAMPESINOS+SOBRE+SUELOS+Y+SEMILLAS.pdf: 2 artículo(s) extraído(s)
2026-09-19 06:55:30,296 [INFO] etl_papers:   1909-0528/Art.1+Absolución+o+nulidad_Congruencia+proceso+penal+colombiano.pdf: 3 artículo(s) extraído(s)
2026-09-19 06:55:31,829 [INFO] etl_papers:   1909-0528/Art.10+Protección+de+DDHH+frente+a+sesgos+IA+aplicada+a+salud+Latam.pdf: 1 artículo(s) extraído(s)
2026-09-19 06:55:33,178 [INFO] etl_papers:   1909-0528/Art.11+Criterios+para+delimitar+noción+consumidor+empresario.pdf: 1 artículo(s) extraído(s)
2026-09-19 06:55:35,194 [INFO] etl_papers:   1909-0528/Art.12+El+delito+de+estafa+en+Colombia.pdf: 2 artículo(s) extraído(s)
2026-09-19 06:55:36,597 [INFO] etl_papers:   1909-0528/Art.2+Case+law+European+court+human+rights+Ukraine+trasnformation+criminal+legislation.pdf: 3 artículo(s) extraído(s)
2026-09-19 06:55:38,536 [INFO] etl_papers:   1909-0528/Art.3+Disonancia+sociojurídicas+seguridad+climática+sur+global.pdf: 2 artículo(s) extraído(s)
2026-09-19 06:55:39,920 [INFO] etl_papers:   1909-0528/Art.4+Inquilinatos+urbanos.pdf: 2 artículo(s) extraído(s)
2026-09-19 06:55:40,705 [INFO] etl_papers:   1909-0528/Art.5+La+consideración+del+sujeto+fundamento+relación+jurídica.pdf: 2 artículo(s) extraído(s)
2026-09-19 06:55:42,132 [INFO] etl_papers:   1909-0528/Art.6+La+violencia+en+los+espacios+laborales.pdf: 2 artículo(s) extraído(s)
2026-09-19 06:55:44,402 [INFO] etl_papers:   1909-0528/Art.7+Litigio+climático+en+la+experiencia+comparada.pdf: 2 artículo(s) extraído(s)
2026-09-19 06:55:46,011 [INFO] etl_papers:   1909-0528/Art.8+Multidimensional+obstacles+reconversion+peace+education.pdf: 2 artículo(s) extraído(s)
2026-09-19 06:55:46,917 [INFO] etl_papers:   1909-0528/Art.9+Naturaleza+jurídica+smart+legal+contracts+derecho+comercial+int..pdf: 1 artículo(s) extraído(s)
2026-09-19 06:55:48,777 [INFO] etl_papers:   1909-2814/Dialnet-ElPapelDelLenguajeEnLasAreasCurriculares-3989803.pdf: 2 artículo(s) extraído(s)
2026-09-19 06:55:50,574 [INFO] etl_papers:   1909-2814/Dialnet-EntornosVirtualesDeAprendizajeYDidacticaDeLaLengua-3989798.pdf: 2 artículo(s) extraído(s)
2026-09-19 06:55:51,285 [INFO] etl_papers:   1909-2814/Dialnet-LaEnsenanzaOrientadaAlDesarrolloSociocognitivoEnEs-3989795.pdf: 2 artículo(s) extraído(s)
2026-09-19 06:55:54,077 [INFO] etl_papers:   1909-2814/Dialnet-PercepcionQueTienenLosDocentesDeAmericaLatinaSobre-3989792.pdf: 2 artículo(s) extraído(s)
2026-09-19 06:55:56,930 [INFO] etl_papers:   1909-2814/Dialnet-SiguiendoLaRutaDeLosDesarrollosInvestigativosEnElC-3989786.pdf: 2 artículo(s) extraído(s)
2026-09-19 06:55:58,478 [INFO] etl_papers:   1909-5775/ARTICULO+FERNANDA+PEREZ+FERNANDEZ+JOVEN+INVEST.pdf: 2 artículo(s) extraído(s)
2026-09-19 06:56:00,173 [INFO] etl_papers:   1909-5775/Articulo+REVISTA-I+T+C+V1+-+CARLOS+CASAS.pdf: 2 artículo(s) extraído(s)
2026-09-19 06:56:01,473 [INFO] etl_papers:   1909-5775/evaluation+moisture.pdf: 2 artículo(s) extraído(s)
2026-09-19 06:56:02,933 [INFO] etl_papers:   1909-5775/exploitation.pdf: 2 artículo(s) extraído(s)
2026-09-19 06:56:05,833 [INFO] etl_papers:   1909-5775/interfacial-yesik.pdf: 2 artículo(s) extraído(s)
2026-09-19 06:56:06,996 [INFO] etl_papers:   1909-5775/moncayo-diseño-con+formato.pdf: 2 artículo(s) extraído(s)
2026-09-19 06:56:08,211 [INFO] etl_papers:   1909-5775/romero+pic.pdf: 2 artículo(s) extraído(s)
2026-09-19 06:56:09,538 [INFO] etl_papers:   1909-7700/03_MED+34(1)_7969+(1).pdf: 2 artículo(s) extraído(s)
2026-09-19 06:56:10,730 [INFO] etl_papers:   1909-7700/04_MED+34(1)_7985.pdf: 2 artículo(s) extraído(s)
2026-09-19 06:56:12,405 [INFO] etl_papers:   1909-7700/05_MED+34(1)_8053.pdf: 2 artículo(s) extraído(s)
2026-09-19 06:56:13,816 [INFO] etl_papers:   1909-7700/06_MED+34(1)_8099+(1).pdf: 2 artículo(s) extraído(s)
2026-09-19 06:56:15,602 [INFO] etl_papers:   1909-7700/07_MED+34(1)_8197+(3).pdf: 2 artículo(s) extraído(s)
2026-09-19 06:56:17,745 [INFO] etl_papers:   1909-7700/08_MED+34(1)_8498+(1).pdf: 2 artículo(s) extraído(s)
2026-09-19 06:56:20,401 [INFO] etl_papers:   1909-7719/7746_RFCE+34(1)_3.pdf: 2 artículo(s) extraído(s)
2026-09-19 06:56:22,173 [INFO] etl_papers:   1909-7719/7915_RFCE+34(1)_2.pdf: 2 artículo(s) extraído(s)
2026-09-19 06:56:24,959 [INFO] etl_papers:   1909-7719/7917_RFCE+34(1)_2.pdf: 2 artículo(s) extraído(s)
2026-09-19 06:56:27,708 [INFO] etl_papers:   1909-7719/8036_RFCE+34(1)_2.pdf: 2 artículo(s) extraído(s)
2026-09-19 06:56:29,943 [INFO] etl_papers:   1909-7719/8188_RFCE+34(1)_3.pdf: 2 artículo(s) extraído(s)
2026-09-19 06:56:32,847 [INFO] etl_papers:   1909-7719/8249_RFCE+34(1)_2.pdf: 2 artículo(s) extraído(s)
2026-09-19 06:56:34,828 [INFO] etl_papers:   1909-7719/8346_RFCE+34(1)_2.pdf: 3 artículo(s) extraído(s)
2026-09-19 06:56:36,655 [INFO] etl_papers:   1909-7719/8479_RFCE+34(1)_2.pdf: 2 artículo(s) extraído(s)
2026-09-19 06:56:38,726 [INFO] etl_papers:   1909-7735/7542+GoyesChaves+EtAL+CienciaEing+36(1)2026+UMNG.pdf: 2 artículo(s) extraído(s)
2026-09-19 06:56:40,811 [INFO] etl_papers:   1909-7735/7799+CienciaEing+36(1)2026+UMNG.pdf: 2 artículo(s) extraído(s)
2026-09-19 06:56:43,389 [INFO] etl_papers:   1909-7735/7836+VilaOrtega+EtAL+CienciaEing+36(1)2026+UMNG.pdf: 2 artículo(s) extraído(s)
2026-09-19 06:56:45,885 [INFO] etl_papers:   1909-7735/7882_Cumbe&Castillo+CienciaEing+36(1)2026+UMNG.pdf: 2 artículo(s) extraído(s)
2026-09-19 06:56:48,278 [INFO] etl_papers:   1909-7735/7889_Ávila+eTaL+CienciaEing+36(1)2026+UMNG.pdf: 2 artículo(s) extraído(s)
2026-09-19 06:56:50,299 [INFO] etl_papers:   1909-7735/7918_Villanueva+EtAL+CienciaEing+36(1)2026+UMNG.pdf: 2 artículo(s) extraído(s)
2026-09-19 06:56:52,317 [INFO] etl_papers:   1909-7735/8314+LopezJimenez+EtAL+CienciaEing+36(1)2026+UMNG.pdf: 2 artículo(s) extraído(s)
2026-09-19 06:56:52,662 [INFO] etl_papers:   1909-7891/admin,+Vector12_1.pdf: 2 artículo(s) extraído(s)
2026-09-19 06:56:52,924 [INFO] etl_papers:   1909-7891/admin,+Vector12_2.pdf: 2 artículo(s) extraído(s)
2026-09-19 06:56:53,728 [INFO] etl_papers:   1909-7891/admin,+Vector12_3.pdf: 2 artículo(s) extraído(s)
2026-09-19 06:56:54,180 [INFO] etl_papers:   1909-7891/admin,+Vector12_4.pdf: 2 artículo(s) extraído(s)
2026-09-19 06:56:54,545 [INFO] etl_papers:   1909-7891/admin,+Vector12_5.pdf: 2 artículo(s) extraído(s)
2026-09-19 06:56:54,882 [INFO] etl_papers:   1909-7891/admin,+Vector12_6 (1).pdf: 2 artículo(s) extraído(s)
2026-09-19 06:56:55,314 [INFO] etl_papers:   1909-7891/admin,+Vector12_6.pdf: 2 artículo(s) extraído(s)
2026-09-19 06:56:56,982 [INFO] etl_papers:   1909-8391/Dialnet-CuerpoGeneroYSubjetividad-10380298.pdf: 2 artículo(s) extraído(s)
2026-09-19 06:56:58,269 [INFO] etl_papers:   1909-8391/Dialnet-DesaparicionDePersonasEnMexicoUnaAproximacionALosE-10380296.pdf: 2 artículo(s) extraído(s)
2026-09-19 06:56:59,837 [INFO] etl_papers:   1909-8391/Dialnet-DesaparicionForzadaEnMexico-10380303.pdf: 2 artículo(s) extraído(s)
2026-09-19 06:57:00,923 [INFO] etl_papers:   1909-8391/Dialnet-ElDesaparecidoUnaHeridaAbierta-10380300.pdf: 2 artículo(s) extraído(s)
2026-09-19 06:57:01,964 [INFO] etl_papers:   1909-8391/Dialnet-ElDolorComoResistenciaPoliticaDesdeLosFamiliaresDe-10380295.pdf: 2 artículo(s) extraído(s)
2026-09-19 06:57:02,455 [INFO] etl_papers:   1909-8391/Dialnet-ElGoceDeLaNadaDeLaDesaparicionForzada-10380301.pdf: 2 artículo(s) extraído(s)
2026-09-19 06:57:03,686 [INFO] etl_papers:   1909-8391/Dialnet-FosasClandestinasEnMexico-10380299.pdf: 2 artículo(s) extraído(s)
2026-09-19 06:57:04,497 [INFO] etl_papers:   1909-8391/Dialnet-HistoriaYMemoria-10380294.pdf: 2 artículo(s) extraído(s)
2026-09-19 06:57:05,696 [INFO] etl_papers:   1909-8391/Dialnet-SobreLaDesaparicionDePersonasYLaNocionDeLoPolitico-10380302.pdf: 2 artículo(s) extraído(s)
2026-09-19 06:57:06,143 [INFO] etl_papers:   1909-8391/Dialnet-TestimonioYTiempoApocaliptico-10380297.pdf: 2 artículo(s) extraído(s)
2026-09-19 06:57:07,571 [INFO] etl_papers:   1909-8758/23-29+Ensayo+in+vitro+para+remocion+de+mercurio_ART_INVESTIGACION.pdf: 2 artículo(s) extraído(s)
2026-09-19 06:57:09,189 [INFO] etl_papers:   1909-8758/23-38+Desescalado+del+proceso+de+fermentacion_ART_INVESTIGACION.pdf: 2 artículo(s) extraído(s)
2026-09-19 06:57:10,813 [INFO] etl_papers:   1909-8758/23-43+Stress+responses+induced_ART_INVESTIGACION.pdf: 2 artículo(s) extraído(s)
2026-09-19 06:57:12,405 [INFO] etl_papers:   1909-8758/23-45+Electroniodegradacion+de+hidrocarburos_ART_INVESTIGACION.pdf: 2 artículo(s) extraído(s)
2026-09-19 06:57:13,620 [INFO] etl_papers:   1909-8758/23-48+ISSR+markers+as+a+tool+to_ART_INVESTIGACION.pdf: 2 artículo(s) extraído(s)
2026-09-19 06:57:14,765 [INFO] etl_papers:   1909-8758/23-53+Formacion+de+peliculas+en+soportes_ART_INVESTIGACION.pdf: 2 artículo(s) extraído(s)
2026-09-19 06:57:15,980 [INFO] etl_papers:   1909-8758/23-58+Germinacion+asimbiotica+de+semillas_ART_INVESTIGACION.pdf: 2 artículo(s) extraído(s)
2026-09-19 06:57:16,358 [INFO] etl_papers:   1909-9746/1+20252.pdf: 1 artículo(s) extraído(s)
2026-09-19 06:57:16,609 [INFO] etl_papers:   1909-9746/10+20252.pdf: 1 artículo(s) extraído(s)
2026-09-19 06:57:17,117 [INFO] etl_papers:   1909-9746/11+20252.pdf: 1 artículo(s) extraído(s)
2026-09-19 06:57:17,652 [INFO] etl_papers:   1909-9746/12+20252.pdf: 1 artículo(s) extraído(s)
2026-09-19 06:57:18,287 [INFO] etl_papers:   1909-9746/13+20252.pdf: 1 artículo(s) extraído(s)
2026-09-19 06:57:18,720 [INFO] etl_papers:   1909-9746/14+20242.pdf: 1 artículo(s) extraído(s)
2026-09-19 06:57:19,189 [INFO] etl_papers:   1909-9746/2+20252.pdf: 1 artículo(s) extraído(s)
2026-09-19 06:57:19,501 [INFO] etl_papers:   1909-9746/3+20252.pdf: 1 artículo(s) extraído(s)
2026-09-19 06:57:19,732 [INFO] etl_papers:   1909-9746/4+20252.pdf: 1 artículo(s) extraído(s)
2026-09-19 06:57:20,235 [INFO] etl_papers:   1909-9746/5+20252.pdf: 1 artículo(s) extraído(s)
2026-09-19 06:57:20,716 [INFO] etl_papers:   1909-9746/6.+20252.pdf: 1 artículo(s) extraído(s)
2026-09-19 06:57:21,103 [INFO] etl_papers:   1909-9746/7+20252.pdf: 1 artículo(s) extraído(s)
2026-09-19 06:57:21,508 [INFO] etl_papers:   1909-9746/8+20252.pdf: 1 artículo(s) extraído(s)
2026-09-19 06:57:21,842 [INFO] etl_papers:   1909-9746/9+20252.pdf: 1 artículo(s) extraído(s)
2026-09-19 06:57:22,982 [INFO] etl_papers:   1909-9762/1369-Texto del artículo-6864-3-10-20200830.pdf: 2 artículo(s) extraído(s)
2026-09-19 06:57:23,391 [INFO] etl_papers:   1909-9762/1370-Texto del artículo-6768-3-10-20200913.pdf: 2 artículo(s) extraído(s)
2026-09-19 06:57:23,905 [INFO] etl_papers:   1909-9762/1371-Texto del artículo-6863-2-10-20200830.pdf: 2 artículo(s) extraído(s)
2026-09-19 06:57:24,590 [INFO] etl_papers:   1909-9762/1401-Texto del artículo-6890-2-10-20200913.pdf: 2 artículo(s) extraído(s)
2026-09-19 06:57:25,401 [INFO] etl_papers:   1909-9762/1404-Texto del artículo-6865-2-10-20200830.pdf: 2 artículo(s) extraído(s)
2026-09-19 06:57:25,764 [INFO] etl_papers:   1909-9762/1442-Texto del artículo-6320-3-10-20200621.pdf: 2 artículo(s) extraído(s)
2026-09-19 06:57:27,423 [INFO] etl_papers:   2011-0731/8185_ACAD+19(2)ok.pdf: 2 artículo(s) extraído(s)
2026-09-19 06:57:29,605 [INFO] etl_papers:   2011-0731/8186_ACAD+19(2)ok.pdf: 2 artículo(s) extraído(s)
2026-09-19 06:57:31,922 [INFO] etl_papers:   2011-0731/8239_ACAD+19(2)ok.pdf: 2 artículo(s) extraído(s)
2026-09-19 06:57:33,967 [INFO] etl_papers:   2011-0731/8245_ACAD+19(2)ok.pdf: 2 artículo(s) extraído(s)
2026-09-19 06:57:35,694 [INFO] etl_papers:   2011-0731/8248_ACAD+19(2)ok.pdf: 2 artículo(s) extraído(s)
2026-09-19 06:57:37,412 [INFO] etl_papers:   2011-0731/8284_ACAD+19(2)ok.pdf: 4 artículo(s) extraído(s)
2026-09-19 06:57:38,842 [INFO] etl_papers:   2011-0731/8344_ACAD+19(2)ok.pdf: 2 artículo(s) extraído(s)
2026-09-19 06:57:40,481 [INFO] etl_papers:   2011-0731/8350_ACAD+19(2)ok.pdf: 2 artículo(s) extraído(s)
2026-09-19 06:57:42,250 [INFO] etl_papers:   2011-0731/8381_ACAD+19(2)ok.pdf: 2 artículo(s) extraído(s)
2026-09-19 06:57:42,324 [INFO] etl_papers:   2011-074X/Análisis+semiótico+de+la+ceremonia+de+iniciación+al+consumo+ritual+de+la+hoja+de+coca+en+la+cultura+ika.pdf: 0 artículo(s) extraído(s)
2026-09-19 06:57:42,379 [INFO] etl_papers:   2011-074X/Análisis+semiótico+de+los+objetos+cotidianos+y+sus+prácticas+de+uso.pdf: 0 artículo(s) extraído(s)
2026-09-19 06:57:42,420 [INFO] etl_papers:   2011-074X/Del+infierno+merecido.+Mecánicas+de+la+sanación+y+el+¨deslizamimiento¨+en+el+discurso+lítico+de+Rómulo+Bustos+Aguirre.pdf: 0 artículo(s) extraído(s)
2026-09-19 06:57:42,470 [INFO] etl_papers:   2011-074X/EL+Gamonal,+de+Nepomuceno+J.+Navarro+Semiótica+de+una+nación+en+construcción.pdf: 0 artículo(s) extraído(s)
2026-09-19 06:57:42,512 [INFO] etl_papers:   2011-074X/Huida+con+cuento,+sin+cuento+y+con+cuento,+de+la+Monja+Alférez+Catalina+de+Erauso+(1585-1652).pdf: 0 artículo(s) extraído(s)
2026-09-19 06:57:42,563 [INFO] etl_papers:   2011-074X/La+frontera+infranqueable.+La+araucanía+en+los+relatos+de+viaje+de+dos+ingenieros+francófonos+en+el+Chile+de+fines+del+siglo+XIX+(Gustave+Verniory+y+Camille+Jacob+de+Cordemoy).pdf: 0 artículo(s) extraído(s)
2026-09-19 06:57:42,583 [INFO] etl_papers:   2011-074X/Lenguaje.+Natruraleza+y+desarrollo.+Entrevista+a+Víctor+M.+Longa.pdf: 0 artículo(s) extraído(s)
2026-09-19 06:57:42,622 [INFO] etl_papers:   2011-074X/Semiótica+del+comic+Civil+War+como+expresión+simbólica+de+la+realidad+social+e+histórica+de+los+Estados+unidos+luego+del+911.pdf: 0 artículo(s) extraído(s)
2026-09-19 06:57:42,671 [INFO] etl_papers:   2011-074X/Valoraciones+del+examen+de+estado+ICFES+saber+11+en+el+discurso+de+jóvenes+de+undécimo.+Análisis+semiótico+(1).pdf: 0 artículo(s) extraído(s)
2026-09-19 06:57:42,701 [INFO] etl_papers:   2011-074X/¿Ciudadanos+o+creyentes_+La+refundación+del+ciudadano+ideal+durante+la+regeneración.pdf: 0 artículo(s) extraído(s)
2026-09-19 06:57:44,247 [INFO] etl_papers:   2011-2106/Art1-Percepção+de+Corrupçã.pdf: 2 artículo(s) extraído(s)
2026-09-19 06:57:45,781 [INFO] etl_papers:   2011-2106/fredysa,+Art10-Dinámicas+del+crédit.pdf: 2 artículo(s) extraído(s)
2026-09-19 06:57:48,301 [INFO] etl_papers:   2011-2106/fredysa,+Art11-Análisis+de+las+prác.pdf: 2 artículo(s) extraído(s)
2026-09-19 06:57:50,056 [INFO] etl_papers:   2011-2106/fredysa,+Art12-Incidencia+de+la+cap.pdf: 2 artículo(s) extraído(s)
2026-09-19 06:57:51,440 [INFO] etl_papers:   2011-2106/fredysa,+Art2-Factores+climáticos+y.pdf: 2 artículo(s) extraído(s)
2026-09-19 06:57:53,039 [INFO] etl_papers:   2011-2106/fredysa,+Art6-Digital+disruption+an.pdf: 2 artículo(s) extraído(s)
2026-09-19 06:57:54,631 [INFO] etl_papers:   2011-2106/fredysa,+Art7-Does+population+aging.pdf: 1 artículo(s) extraído(s)
2026-09-19 06:57:56,824 [INFO] etl_papers:   2011-2106/fredysa,+Art8-Fiscal+communication.pdf: 1 artículo(s) extraído(s)
2026-09-19 06:57:58,430 [INFO] etl_papers:   2011-2106/fredysa,+Art9+-+Gestión+relacional.pdf: 2 artículo(s) extraído(s)
2026-09-19 06:58:00,583 [INFO] etl_papers:   2011-2106/ilovepdf_merged.pdf: 2 artículo(s) extraído(s)
2026-09-19 06:58:01,624 [INFO] etl_papers:   2011-2173/10_Xylella+fastidiosa+management+2019+2025+A+review.pdf: 2 artículo(s) extraído(s)
2026-09-19 06:58:04,361 [INFO] etl_papers:   2011-2173/19(3)_19666+Detection+and+molecular+RCCH19(3).pdf: 2 artículo(s) extraído(s)
2026-09-19 06:58:04,884 [INFO] etl_papers:   2011-2173/1_Strategy+to+mitigate+water+stress+in+passion+fruit+seedlings.pdf: 2 artículo(s) extraído(s)
2026-09-19 06:58:05,844 [INFO] etl_papers:   2011-2173/2_Heavy+metals+on+strawberry.pdf: 2 artículo(s) extraído(s)
2026-09-19 06:58:07,398 [INFO] etl_papers:   2011-2173/3_Proteomic+insights+into+water+stress+in+potato.pdf: 2 artículo(s) extraído(s)
2026-09-19 06:58:08,548 [INFO] etl_papers:   2011-2173/6_Relationship+between+seedling+traits+and+recovery+time+in+shallot.pdf: 2 artículo(s) extraído(s)
2026-09-19 06:58:09,303 [INFO] etl_papers:   2011-2173/7_New+weed+hosts+of+begomoviruses+in+colombia.pdf: 2 artículo(s) extraído(s)
2026-09-19 06:58:10,371 [INFO] etl_papers:   2011-2173/8_Non+biological+pollination+in+tomato.pdf: 2 artículo(s) extraído(s)
2026-09-19 06:58:11,137 [INFO] etl_papers:   2011-2173/9_Physicochemical+and+functional+characterization+of+melloco+mucilage+its+possible+agroindustrial+use.pdf: 2 artículo(s) extraído(s)
2026-09-19 06:58:12,429 [INFO] etl_papers:   2011-3080/7914-+Expectativas+y+preparatividad+académica+en+estudiantes+universitarias+de+primer+año.pdf: 2 artículo(s) extraído(s)
2026-09-19 06:58:13,862 [INFO] etl_papers:   2011-3080/7918-+Actitud+negativa+hacia+las+matemáticas+y+la+escuela.pdf: 2 artículo(s) extraído(s)
2026-09-19 06:58:16,356 [INFO] etl_papers:   2011-3080/7927-+Interventions+to+Foster+Positive+Psychological+Capital+in+the+Organizational+Context.pdf: 2 artículo(s) extraído(s)
2026-09-19 06:58:18,446 [INFO] etl_papers:   2011-3080/7950-+Propiedades+psicométricas+y+validez+estructural+del+Cuestionario+de+Ansiedad+Estado-Rasgo+(STAI).pdf: 3 artículo(s) extraído(s)
2026-09-19 06:58:20,403 [INFO] etl_papers:   2011-3080/7964-+Trayectorias+de+Recuperación+del+Desarrollo+Temprano+en+Acogimiento+Familiar.pdf: 2 artículo(s) extraído(s)
2026-09-19 06:58:22,053 [INFO] etl_papers:   2011-3080/8013-+Psychometric+Properties+of+the+Argentinian+version.pdf: 2 artículo(s) extraído(s)
2026-09-19 06:58:23,981 [INFO] etl_papers:   2011-3668/Ideas+y+Valores_No.+191_articulos_V3-1-24.pdf: 2 artículo(s) extraído(s)
2026-09-19 06:58:25,486 [INFO] etl_papers:   2011-3668/Ideas+y+Valores_No.+191_articulos_V3-121-138.pdf: 2 artículo(s) extraído(s)
2026-09-19 06:58:27,538 [INFO] etl_papers:   2011-3668/Ideas+y+Valores_No.+191_articulos_V3-139-166.pdf: 2 artículo(s) extraído(s)
2026-09-19 06:58:29,356 [INFO] etl_papers:   2011-3668/Ideas+y+Valores_No.+191_articulos_V3-167-191.pdf: 2 artículo(s) extraído(s)
2026-09-19 06:58:31,172 [INFO] etl_papers:   2011-3668/Ideas+y+Valores_No.+191_articulos_V3-25-47.pdf: 2 artículo(s) extraído(s)
2026-09-19 06:58:32,988 [INFO] etl_papers:   2011-3668/Ideas+y+Valores_No.+191_articulos_V3-48-72.pdf: 2 artículo(s) extraído(s)
2026-09-19 06:58:34,861 [INFO] etl_papers:   2011-3668/Ideas+y+Valores_No.+191_articulos_V3-73-96.pdf: 2 artículo(s) extraído(s)
2026-09-19 06:58:36,794 [INFO] etl_papers:   2011-3668/Ideas+y+Valores_No.+191_articulos_V3-97-120.pdf: 2 artículo(s) extraído(s)
2026-09-19 06:58:37,509 [INFO] etl_papers:   2011-4532/Eleuthera_Vol28_2+Art+10.pdf: 1 artículo(s) extraído(s)
2026-09-19 06:58:38,819 [INFO] etl_papers:   2011-4532/Eleuthera_Vol28_2+Art+2.pdf: 2 artículo(s) extraído(s)
2026-09-19 06:58:40,023 [INFO] etl_papers:   2011-4532/Eleuthera_Vol28_2+Art+3.pdf: 2 artículo(s) extraído(s)
2026-09-19 06:58:41,468 [INFO] etl_papers:   2011-4532/Eleuthera_Vol28_2+Art+4.pdf: 2 artículo(s) extraído(s)
2026-09-19 06:58:43,050 [INFO] etl_papers:   2011-4532/Eleuthera_Vol28_2+Art+5.pdf: 2 artículo(s) extraído(s)
2026-09-19 06:58:43,977 [INFO] etl_papers:   2011-4532/Eleuthera_Vol28_2+Art+6.pdf: 2 artículo(s) extraído(s)
2026-09-19 06:58:44,933 [INFO] etl_papers:   2011-4532/Eleuthera_Vol28_2+Art+7.pdf: 2 artículo(s) extraído(s)
2026-09-19 06:58:46,336 [INFO] etl_papers:   2011-4532/Eleuthera_Vol28_2+Art+8.pdf: 2 artículo(s) extraído(s)
2026-09-19 06:58:47,324 [INFO] etl_papers:   2011-4532/Eleuthera_Vol28_2+Art+9.pdf: 2 artículo(s) extraído(s)
2026-09-19 06:58:47,698 [INFO] etl_papers:   2011-5318/edepospublicacion,+Edu_DeSo_(Taco)20190804_Diag(7)_-116-126.pdf: 2 artículo(s) extraído(s)
2026-09-19 06:58:48,005 [INFO] etl_papers:   2011-5318/edepospublicacion,+Edu_DeSo_(Taco)20190804_Diag(7)_-30-36.pdf: 2 artículo(s) extraído(s)
2026-09-19 06:58:49,116 [INFO] etl_papers:   2011-5318/edepospublicacion,+Edu_DeSo_(Taco)20190804_Diag(7)_-37-59.pdf: 2 artículo(s) extraído(s)
2026-09-19 06:58:50,132 [INFO] etl_papers:   2011-5318/edepospublicacion,+Edu_DeSo_(Taco)20190804_Diag(7)_-5-29.pdf: 2 artículo(s) extraído(s)
2026-09-19 06:58:50,686 [INFO] etl_papers:   2011-5318/edepospublicacion,+Edu_DeSo_(Taco)20190804_Diag(7)_-60-73.pdf: 2 artículo(s) extraído(s)
2026-09-19 06:58:51,259 [INFO] etl_papers:   2011-5318/edepospublicacion,+Edu_DeSo_(Taco)20190804_Diag(7)_-74-89.pdf: 2 artículo(s) extraído(s)
2026-09-19 06:58:52,313 [INFO] etl_papers:   2011-5318/edepospublicacion,+Edu_DeSo_(Taco)20190804_Diag(7)_-90-115.pdf: 2 artículo(s) extraído(s)
2026-09-19 06:58:53,982 [INFO] etl_papers:   2011-5474/glopez,+665-Texto+del+artÃ_culo-3861-1-11-20241227.pdf: 2 artículo(s) extraído(s)
2026-09-19 06:58:54,889 [INFO] etl_papers:   2011-5474/glopez,+729(1).pdf: 1 artículo(s) extraído(s)
2026-09-19 06:58:56,160 [INFO] etl_papers:   2011-5474/glopez,+735-Texto+del+artÃ_culo-3863-1-11-20241227.pdf: 2 artículo(s) extraído(s)
2026-09-19 06:58:57,395 [INFO] etl_papers:   2011-5474/glopez,+768-(2).pdf: 2 artículo(s) extraído(s)
2026-09-19 06:58:59,508 [INFO] etl_papers:   2011-5474/glopez,+782-finaldocx.pdf: 2 artículo(s) extraído(s)
2026-09-19 06:59:00,954 [INFO] etl_papers:   2011-5474/glopez,+790-version+final+.pdf: 2 artículo(s) extraído(s)
2026-09-19 06:59:01,754 [INFO] etl_papers:   2011-7663/FyPE16-2+-+Art.2.pdf: 2 artículo(s) extraído(s)
2026-09-19 06:59:03,345 [INFO] etl_papers:   2011-7663/FyPE16-2+-+Art.3.pdf: 2 artículo(s) extraído(s)
2026-09-19 06:59:05,098 [INFO] etl_papers:   2011-7663/FyPE16-2+-+Art.4.pdf: 2 artículo(s) extraído(s)
2026-09-19 06:59:07,474 [INFO] etl_papers:   2011-7663/FyPE16-2+-+Art.5.pdf: 2 artículo(s) extraído(s)
2026-09-19 06:59:08,363 [INFO] etl_papers:   2011-7663/FyPE16-2+-+Art.6.pdf: 2 artículo(s) extraído(s)
2026-09-19 06:59:09,490 [INFO] etl_papers:   2011-7663/FyPE16-2+-+Art.8.pdf: 2 artículo(s) extraído(s)
2026-09-19 06:59:11,253 [INFO] etl_papers:   2011-7663/FyPE16-2+-+Art.9.pdf: 2 artículo(s) extraído(s)
2026-09-19 06:59:13,309 [INFO] etl_papers:   2011-7922/An+explanatory+model+of+intimate+partner+violence+among++peruvian+women_+Social+and+health+implications.pdf: 2 artículo(s) extraído(s)
2026-09-19 06:59:14,755 [INFO] etl_papers:   2011-7922/Asociaciones+entre+parentalidad+intensiva+y+satisfacción+con+la+vida_+efectos+indirectos+de+la+ansiedad+y+diferencias+estructurales+según+sexo+parental.pdf: 2 artículo(s) extraído(s)
2026-09-19 06:59:16,513 [INFO] etl_papers:   2011-7922/Cognitive+Flexibility+Scale+(CFS)_+Psychometric+Properties+and+Validation+among+managers+in+Southern+Brazil.pdf: 2 artículo(s) extraído(s)
2026-09-19 06:59:17,630 [INFO] etl_papers:   2011-7922/Conspiracy+Theory+Beliefs+and+Tendency+for+Interpersonal+Victimhood_+The+Mediating+Role+of+Cognitive+Biases.pdf: 2 artículo(s) extraído(s)
2026-09-19 06:59:19,045 [INFO] etl_papers:   2011-7922/Effect+of+Cognitive+Processing+Therapy+on+Childbirth-Related+Post-+Traumatic+Stress+Disorder+among+postpartum+mothers_+Evidence+from+a+Quasi-Experimental+Pretest–Posttest+Study.pdf: 2 artículo(s) extraído(s)
2026-09-19 06:59:20,384 [INFO] etl_papers:   2011-7922/Effect+of+Visual+and+Spatial+Working+Memory+Load+on++Subitizing+and+Estimation.pdf: 2 artículo(s) extraído(s)
2026-09-19 06:59:21,487 [INFO] etl_papers:   2011-7922/Psychometric+Properties+of+the+EORTC+QLQ-LC29+Module+for+Assessing+Quality+of+Life+in+Patients+with+Lung+Cancer_+An+Observational+Study+in+Antioquia,+Colombia.pdf: 1 artículo(s) extraído(s)
2026-09-19 06:59:22,997 [INFO] etl_papers:   2011-7922/Psychosocial+Processes+Following+Child+Loss_+Grief,+Social+Support,+and+Depression+in+Mothers.pdf: 2 artículo(s) extraído(s)
2026-09-19 06:59:25,024 [INFO] etl_papers:   2011-799X/Dialnet-AreIrrealiaDeterminedByGenresForRealACorpusBasedSt-10680206.pdf: 2 artículo(s) extraído(s)
2026-09-19 06:59:26,409 [INFO] etl_papers:   2011-799X/Dialnet-AudiodescripcionFilmicaYAccesibilidad-10680213.pdf: 2 artículo(s) extraído(s)
2026-09-19 06:59:27,720 [INFO] etl_papers:   2011-799X/Dialnet-BeyondTheStage-10680212.pdf: 2 artículo(s) extraído(s)
2026-09-19 06:59:29,013 [INFO] etl_papers:   2011-799X/Dialnet-ChartingVirtualWorlds-10680211.pdf: 3 artículo(s) extraído(s)
2026-09-19 06:59:30,697 [INFO] etl_papers:   2011-799X/Dialnet-DisenoYEvaluacionDeUnaMetodologiaParaLaEnsenanzaDe-10680209.pdf: 2 artículo(s) extraído(s)
2026-09-19 06:59:32,270 [INFO] etl_papers:   2011-799X/Dialnet-ElDoblajeVisualEnLaLocalizacionDeVideojuegos-10680207.pdf: 2 artículo(s) extraído(s)
2026-09-19 06:59:33,753 [INFO] etl_papers:   2011-799X/Dialnet-LosVideojuegosEnLaEnsenanzaYElAprendizajeDeFrances-10680214.pdf: 2 artículo(s) extraído(s)
2026-09-19 06:59:35,568 [INFO] etl_papers:   2011-799X/Dialnet-ObjectionDesarrolloDeLaCompetenciaEnTraduccionJuri-10680210.pdf: 2 artículo(s) extraído(s)
2026-09-19 06:59:37,368 [INFO] etl_papers:   2011-799X/Dialnet-SecuenciaEvaluativaGamificadaParaLaFormacionProfes-10680208.pdf: 2 artículo(s) extraído(s)
2026-09-19 06:59:37,459 [INFO] etl_papers:   2011-8643/Conference Management Toolkit - Submission Summary.pdf: 1 artículo(s) extraído(s)
2026-09-19 06:59:38,520 [INFO] etl_papers:   2011-8643/cangulomuoz,+Gestor_a+de+la+revista,+Magistro+Vol.+8+No.+16-Dificultades.pdf: 2 artículo(s) extraído(s)
2026-09-19 06:59:39,175 [INFO] etl_papers:   2011-8643/cangulomuoz,+Gestor_a+de+la+revista,+Magistro+Vol.+8+No.+16-Distinciones.pdf: 2 artículo(s) extraído(s)
2026-09-19 06:59:39,655 [INFO] etl_papers:   2011-8643/cangulomuoz,+Gestor_a+de+la+revista,+Magistro+Vol.+8+No.+16-Educación.pdf: 2 artículo(s) extraído(s)
2026-09-19 06:59:40,314 [INFO] etl_papers:   2011-8643/cangulomuoz,+Gestor_a+de+la+revista,+Magistro+Vol.+8+No.+16-Hermes.pdf: 2 artículo(s) extraído(s)
2026-09-19 06:59:40,904 [INFO] etl_papers:   2011-8643/cangulomuoz,+Gestor_a+de+la+revista,+Magistro+Vol.+8+No.+16-Maestro.pdf: 2 artículo(s) extraído(s)
2026-09-19 06:59:41,913 [INFO] etl_papers:   2011-8643/cangulomuoz,+Gestor_a+de+la+revista,+Magistro+Vol.+8+No.+16-TIC.pdf: 2 artículo(s) extraído(s)
2026-09-19 06:59:42,617 [INFO] etl_papers:   2027-0119/ruc_26_35_1_001-006.pdf: 1 artículo(s) extraído(s)
2026-09-19 06:59:43,244 [INFO] etl_papers:   2027-0119/ruc_26_35_1_007-012.pdf: 1 artículo(s) extraído(s)
2026-09-19 06:59:43,966 [INFO] etl_papers:   2027-0119/ruc_26_35_1_013-020.pdf: 2 artículo(s) extraído(s)
2026-09-19 06:59:55,782 [INFO] etl_papers:   2027-1034/851-239-PB.pdf: 51 artículo(s) extraído(s)
2026-09-19 06:59:57,820 [INFO] etl_papers:   2027-1352/Art-890_Ajem.pdf: 2 artículo(s) extraído(s)
2026-09-19 06:59:59,758 [INFO] etl_papers:   2027-1352/Art-900_Ajem.pdf: 2 artículo(s) extraído(s)
2026-09-19 07:00:01,885 [INFO] etl_papers:   2027-1352/Art-924_ajem.pdf: 2 artículo(s) extraído(s)
2026-09-19 07:00:03,835 [INFO] etl_papers:   2027-1352/Art-939_Ajem.pdf: 2 artículo(s) extraído(s)
2026-09-19 07:00:05,945 [INFO] etl_papers:   2027-1352/Art-954_ajem.pdf: 2 artículo(s) extraído(s)
2026-09-19 07:00:08,143 [INFO] etl_papers:   2027-1352/Art-955_ajem.pdf: 2 artículo(s) extraído(s)
2026-09-19 07:00:09,370 [INFO] etl_papers:   2027-1352/TA1-1.pdf: 1 artículo(s) extraído(s)
2026-09-19 07:00:10,707 [INFO] etl_papers:   2027-1352/TA1-5.pdf: 1 artículo(s) extraído(s)
2026-09-19 07:00:12,092 [INFO] etl_papers:   2027-1352/TA3-1.pdf: 1 artículo(s) extraído(s)
2026-09-19 07:00:13,514 [INFO] etl_papers:   2027-1352/TA3-14.pdf: 1 artículo(s) extraído(s)
2026-09-19 07:00:14,839 [INFO] etl_papers:   2027-145X/01_122465.pdf: 1 artículo(s) extraído(s)
2026-09-19 07:00:16,566 [INFO] etl_papers:   2027-145X/02_122787.pdf: 1 artículo(s) extraído(s)
2026-09-19 07:00:17,664 [INFO] etl_papers:   2027-145X/03_120152.pdf: 1 artículo(s) extraído(s)
2026-09-19 07:00:18,899 [INFO] etl_papers:   2027-145X/04_119773.pdf: 1 artículo(s) extraído(s)
2026-09-19 07:00:19,932 [INFO] etl_papers:   2027-145X/05_122534.pdf: 1 artículo(s) extraído(s)
2026-09-19 07:00:21,304 [INFO] etl_papers:   2027-145X/06_122005.pdf: 1 artículo(s) extraído(s)
2026-09-19 07:00:22,706 [INFO] etl_papers:   2027-145X/08_122418.pdf: 1 artículo(s) extraído(s)
2026-09-19 07:00:24,316 [INFO] etl_papers:   2027-145X/09_122529.pdf: 1 artículo(s) extraído(s)
2026-09-19 07:00:25,538 [INFO] etl_papers:   2027-145X/10_120130.pdf: 1 artículo(s) extraído(s)
2026-09-19 07:00:26,667 [INFO] etl_papers:   2027-145X/11_122565.pdf: 1 artículo(s) extraído(s)
2026-09-19 07:00:28,063 [INFO] etl_papers:   2027-145X/12_122210.pdf: 1 artículo(s) extraído(s)
2026-09-19 07:00:29,023 [INFO] etl_papers:   2027-145X/13_123123.pdf: 1 artículo(s) extraído(s)
2026-09-19 07:00:30,198 [INFO] etl_papers:   2027-145X/14_122521.pdf: 1 artículo(s) extraído(s)
2026-09-19 07:00:32,457 [INFO] etl_papers:   2027-1557/Dialnet-AnalisisTeoricocontextualDeLaConcepcionDePoliticas-10594409.pdf: 2 artículo(s) extraído(s)
2026-09-19 07:00:33,940 [INFO] etl_papers:   2027-1557/Dialnet-ConexionesEntreElementosCompositivosDeLasArtesPlas-10273676.pdf: 2 artículo(s) extraído(s)
2026-09-19 07:00:35,707 [INFO] etl_papers:   2027-1557/Dialnet-ElAcompanamientoComoParteFundamentalDeProcesosDeFo-10273675.pdf: 2 artículo(s) extraído(s)
2026-09-19 07:00:38,673 [INFO] etl_papers:   2027-1557/Dialnet-ElPeligroDeLosOutsiders-10594404.pdf: 2 artículo(s) extraído(s)
2026-09-19 07:00:41,469 [INFO] etl_papers:   2027-1557/Dialnet-ElPodcastEstudiantilComoEstrategiaEducomunicativaP-10273678.pdf: 2 artículo(s) extraído(s)
2026-09-19 07:00:45,231 [INFO] etl_papers:   2027-1557/Dialnet-ElSolDeBenyoLosPuntosCiegosDeLaInvestigacionSobreL-10273679.pdf: 2 artículo(s) extraído(s)
2026-09-19 07:00:48,142 [INFO] etl_papers:   2027-1557/Dialnet-EnSegundoGradoTejiendoLaCuerdaDeLectura-10594402.pdf: 2 artículo(s) extraído(s)
2026-09-19 07:00:50,554 [INFO] etl_papers:   2027-1557/Dialnet-EnfoquesSobreElEstudioDeLaIdentidadGamer-10273677.pdf: 3 artículo(s) extraído(s)
2026-09-19 07:00:51,646 [INFO] etl_papers:   2027-1557/Dialnet-RedesAcademicasYColaboracionEducativa-10594403.pdf: 2 artículo(s) extraído(s)
2026-09-19 07:00:54,197 [INFO] etl_papers:   2027-1557/Dialnet-RepresentacionesDiscursivasSobreMujeresIndigenasEn-10594401.pdf: 2 artículo(s) extraído(s)
2026-09-19 07:00:56,007 [INFO] etl_papers:   2027-1557/Dialnet-RepresentacionesGraficas-10594405.pdf: 2 artículo(s) extraído(s)
2026-09-19 07:00:57,897 [INFO] etl_papers:   2027-1557/Dialnet-VocesInnovadoras-10273674.pdf: 2 artículo(s) extraído(s)
2026-09-19 07:00:58,710 [INFO] etl_papers:   2027-1840/admin,+1224-3364-1-CE.pdf: 2 artículo(s) extraído(s)
2026-09-19 07:00:59,058 [INFO] etl_papers:   2027-1840/admin,+1225-3368-1-CE.pdf: 2 artículo(s) extraído(s)
2026-09-19 07:00:59,349 [INFO] etl_papers:   2027-1840/admin,+1227-3376-1-CE.pdf: 2 artículo(s) extraído(s)
2026-09-19 07:00:59,575 [INFO] etl_papers:   2027-1840/admin,+1228-3380-1-CE.pdf: 2 artículo(s) extraído(s)
2026-09-19 07:01:03,534 [INFO] etl_papers:   2027-2103/6802828010.pdf: 2 artículo(s) extraído(s)
2026-09-19 07:01:06,519 [INFO] etl_papers:   2027-2103/6802828011.pdf: 2 artículo(s) extraído(s)
2026-09-19 07:01:09,216 [INFO] etl_papers:   2027-2103/6802828012.pdf: 2 artículo(s) extraído(s)
2026-09-19 07:01:11,802 [INFO] etl_papers:   2027-2103/86802828014.pdf: 2 artículo(s) extraído(s)
2026-09-19 07:01:14,474 [INFO] etl_papers:   2027-2103/96802828017.pdf: 2 artículo(s) extraído(s)
2026-09-19 07:01:17,303 [INFO] etl_papers:   2027-2103/96802828018.pdf: 2 artículo(s) extraído(s)
2026-09-19 07:01:20,321 [INFO] etl_papers:   2027-2103/96802828019.pdf: 2 artículo(s) extraído(s)
2026-09-19 07:01:22,777 [INFO] etl_papers:   2027-2103/CVU-18+LOTE-7_PR_GN6802828013.pdf: 2 artículo(s) extraído(s)
2026-09-19 07:01:26,001 [INFO] etl_papers:   2027-2103/CVU18+LOTE-86802828015.pdf: 2 artículo(s) extraído(s)
2026-09-19 07:01:28,710 [INFO] etl_papers:   2027-2103/CVU18+LOTE-86802828016.pdf: 2 artículo(s) extraído(s)
2026-09-19 07:01:31,178 [INFO] etl_papers:   2027-2391/Dialnet-ImmigrationAndCustomsEnforcementICEYLaDualidadDeLa-10857360.pdf: 2 artículo(s) extraído(s)
2026-09-19 07:01:31,923 [INFO] etl_papers:   2027-2391/Dialnet-LaDeclaratoriaDeEmergenciaClimaticaEnMedellin-10857366.pdf: 2 artículo(s) extraído(s)
2026-09-19 07:01:32,915 [INFO] etl_papers:   2027-2391/Dialnet-LasConexionesGeopoliticasDeLosCuerposPedagogicos-10857367.pdf: 2 artículo(s) extraído(s)
2026-09-19 07:01:33,465 [INFO] etl_papers:   2027-2391/Dialnet-OrdenGlobalEnDisputa-10857365.pdf: 2 artículo(s) extraído(s)
2026-09-19 07:01:34,258 [INFO] etl_papers:   2027-2391/Dialnet-PorUnaGeografiaCriticaDeLasEconomiasPopulares-10857361.pdf: 2 artículo(s) extraído(s)
2026-09-19 07:01:34,923 [INFO] etl_papers:   2027-2448/2026-2+ART-1.pdf: 2 artículo(s) extraído(s)
2026-09-19 07:01:35,730 [INFO] etl_papers:   2027-2448/2026-2+ART-2.pdf: 2 artículo(s) extraído(s)
2026-09-19 07:01:36,385 [INFO] etl_papers:   2027-2448/2026-2+ART-3+(2).pdf: 2 artículo(s) extraído(s)
2026-09-19 07:01:37,198 [INFO] etl_papers:   2027-2448/2026-2+ART-4.pdf: 2 artículo(s) extraído(s)
2026-09-19 07:01:37,812 [INFO] etl_papers:   2027-2448/2026-2+ART-5+(1).pdf: 2 artículo(s) extraído(s)
2026-09-19 07:01:38,625 [INFO] etl_papers:   2027-2448/2026-2+ART-6+(1).pdf: 2 artículo(s) extraído(s)
2026-09-19 07:01:39,201 [INFO] etl_papers:   2027-2448/2026-2+ART-7+(2).pdf: 2 artículo(s) extraído(s)
2026-09-19 07:01:39,905 [INFO] etl_papers:   2027-3401/claralpt,+ART.+EDUCACION+Y+DEMOCRACIA+(211-227).pdf: 2 artículo(s) extraído(s)
2026-09-19 07:01:40,721 [INFO] etl_papers:   2027-3401/claralpt,+ART.+EDUCACIÓN+(83-108).pdf: 1 artículo(s) extraído(s)
2026-09-19 07:01:41,103 [INFO] etl_papers:   2027-3401/claralpt,+ART.+ESTRATEGIA+DE+COMPRENSIÓN+(157-172).pdf: 1 artículo(s) extraído(s)
2026-09-19 07:01:42,627 [INFO] etl_papers:   2027-3401/claralpt,+ART.+PROPUESTA+DIDACTICA+(131-156).pdf: 2 artículo(s) extraído(s)
2026-09-19 07:01:43,072 [INFO] etl_papers:   2027-3401/claralpt,+ART.+UNA+APROXIMACIÓN+(195-209).pdf: 1 artículo(s) extraído(s)
2026-09-19 07:01:45,882 [INFO] etl_papers:   2027-3401/claralpt,+ARTICULOS+INMIGRANTES+(17-54).pdf: 2 artículo(s) extraído(s)
2026-09-19 07:01:46,471 [INFO] etl_papers:   2027-3401/claralpt,+Desarrollo+del+Pensamiento+Crítico+Profesores+y+Estudiantes+de+Licenciatura+en+Ciencias+Sociales.pdf: 2 artículo(s) extraído(s)
2026-09-19 07:01:47,321 [INFO] etl_papers:   2027-3401/claralpt,+La+discapacidad+visual+desde+una+perspectiva+Inter+seccional+de+inclusión.pdf: 2 artículo(s) extraído(s)
2026-09-19 07:01:48,850 [INFO] etl_papers:   2027-3401/claralpt,+Pertinencia+curricular+e+intercultural.pdf: 2 artículo(s) extraído(s)
2026-09-19 07:01:50,316 [INFO] etl_papers:   2027-5366/Dikaion35(1)_26821_Potestad_7_PDF_Cristian+Andrés+Díaz+Díez.pdf: 2 artículo(s) extraído(s)
2026-09-19 07:01:53,627 [INFO] etl_papers:   2027-5366/Dikaion35(1)_26879_Juez_7_PDF_Francisco+Vázquez+Gómez+Bisogno.pdf: 2 artículo(s) extraído(s)
2026-09-19 07:01:55,516 [INFO] etl_papers:   2027-5366/Díkaion35(1)_25871-LaDoctrina_7_PDF_Dúber+Armando+Celis+Vela.pdf: 2 artículo(s) extraído(s)
2026-09-19 07:01:59,446 [INFO] etl_papers:   2027-5366/Díkaion35(1)_26067-Desafíos_7_PDF_Fernando+A.+Ramos-Zaga.pdf: 2 artículo(s) extraído(s)
2026-09-19 07:02:02,244 [INFO] etl_papers:   2027-5366/Díkaion35(1)_26231-Subjetividad_7_PDF_Andherson+Jhordan+Aguirre+Lanegra.pdf: 2 artículo(s) extraído(s)
2026-09-19 07:02:04,762 [INFO] etl_papers:   2027-5366/Díkaion35(1)_26733-Potestades_7_PDF_Vera+Sánchez;Navarro+Schiappacasse.pdf: 2 artículo(s) extraído(s)
2026-09-19 07:02:05,138 [INFO] etl_papers:   2027-5846/1__Red_neuronal (1).pdf: 2 artículo(s) extraído(s)
2026-09-19 07:02:05,592 [INFO] etl_papers:   2027-5846/2__Permanencia_académica.pdf: 2 artículo(s) extraído(s)
2026-09-19 07:02:05,907 [INFO] etl_papers:   2027-5846/3__Arquitectura_multicore.pdf: 2 artículo(s) extraído(s)
2026-09-19 07:02:06,167 [INFO] etl_papers:   2027-5846/4__Implementación_de_herramientas.pdf: 2 artículo(s) extraído(s)
2026-09-19 07:02:06,497 [INFO] etl_papers:   2027-5846/5__Brain_painting.pdf: 4 artículo(s) extraído(s)
2026-09-19 07:02:06,779 [INFO] etl_papers:   2027-5846/6__Formación_vocacional.pdf: 3 artículo(s) extraído(s)
2026-09-19 07:02:07,333 [INFO] etl_papers:   2027-7458/Dialnet-AdolescenciaDiscursosEntrecruzadosEReexistencias-10837066.pdf: 3 artículo(s) extraído(s)
2026-09-19 07:02:08,427 [INFO] etl_papers:   2027-7458/Dialnet-EstudiarDiscursivamenteLasPoliticasPublicas-10837059.pdf: 2 artículo(s) extraído(s)
2026-09-19 07:02:09,066 [INFO] etl_papers:   2027-7458/Dialnet-ModosDePensarYExpresarElLenguajeClaroEnElMinisteri-10837061.pdf: 2 artículo(s) extraído(s)
2026-09-19 07:02:09,652 [INFO] etl_papers:   2027-7458/Dialnet-MulheresTraficoDeDrogasEDiscursoJuridico-10837064.pdf: 2 artículo(s) extraído(s)
2026-09-19 07:02:10,242 [INFO] etl_papers:   2027-7458/Dialnet-ParaQueHacerAnalisisCriticoDelDiscurso-10837058.pdf: 2 artículo(s) extraído(s)
2026-09-19 07:02:10,827 [INFO] etl_papers:   2027-7458/Dialnet-PoliticasPublicasNaAgendaDeGeneroESexualidade-10837063.pdf: 3 artículo(s) extraído(s)
2026-09-19 07:02:11,367 [INFO] etl_papers:   2027-7458/Dialnet-PoliticasPublicasYPobrezaEnLaGuajiraColombia-10837062.pdf: 2 artículo(s) extraído(s)
2026-09-19 07:02:11,994 [INFO] etl_papers:   2027-7458/Dialnet-SufrimientoAmbiental-10837065.pdf: 2 artículo(s) extraído(s)
2026-09-19 07:02:12,869 [INFO] etl_papers:   2027-7679/1.+Autoconcepto+y+satisfacción+con+la+vida.pdf: 2 artículo(s) extraído(s)
2026-09-19 07:02:13,952 [INFO] etl_papers:   2027-7679/2.+Barreras+durante+la+búsqueda+de+empleo.pdf: 2 artículo(s) extraído(s)
2026-09-19 07:02:14,825 [INFO] etl_papers:   2027-7679/3.+Mapas+y+recorridos+sensoriales+participativos_compressed.pdf: 2 artículo(s) extraído(s)
2026-09-19 07:02:15,873 [INFO] etl_papers:   2027-7679/4.+La+condición+juvenil+en+clave+interseccional.pdf: 2 artículo(s) extraído(s)
2026-09-19 07:02:16,597 [INFO] etl_papers:   2027-7679/5.+Determinantes+psicosociales+de+la+vocación.pdf: 2 artículo(s) extraído(s)
2026-09-19 07:02:17,364 [INFO] etl_papers:   2027-7679/6.+Artes+en+la+educación+inicial_compressed.pdf: 2 artículo(s) extraído(s)
2026-09-19 07:02:18,130 [INFO] etl_papers:   2027-7679/7.+Evaluación+de+la+personalidad+en+delincuencia.pdf: 2 artículo(s) extraído(s)
2026-09-19 07:02:19,341 [INFO] etl_papers:   2027-7822/Vol14,02_AO_Art01.pdf: 2 artículo(s) extraído(s)
2026-09-19 07:02:20,138 [INFO] etl_papers:   2027-7822/Vol14,02_AO_Art02.pdf: 2 artículo(s) extraído(s)
2026-09-19 07:02:21,667 [INFO] etl_papers:   2027-7822/Vol14,02_AO_Art03.pdf: 1 artículo(s) extraído(s)
2026-09-19 07:02:22,896 [INFO] etl_papers:   2027-7822/Vol14,02_AO_Art04 (1).pdf: 2 artículo(s) extraído(s)
2026-09-19 07:02:24,206 [INFO] etl_papers:   2027-7822/Vol14,02_AO_Art04.pdf: 2 artículo(s) extraído(s)
2026-09-19 07:02:25,603 [INFO] etl_papers:   2027-7822/Vol14,02_AO_Art06.pdf: 2 artículo(s) extraído(s)
2026-09-19 07:02:26,794 [INFO] etl_papers:   2027-7822/Vol14,02_AO_Art07.pdf: 2 artículo(s) extraído(s)
2026-09-19 07:02:27,273 [INFO] etl_papers:   2027-9000/0121-8123-rcre-32-02-103.pdf: 1 artículo(s) extraído(s)
2026-09-19 07:02:28,376 [INFO] etl_papers:   2027-9000/0121-8123-rcre-32-02-105.pdf: 1 artículo(s) extraído(s)
2026-09-19 07:02:29,962 [INFO] etl_papers:   2027-9000/0121-8123-rcre-32-03-183.pdf: 1 artículo(s) extraído(s)
2026-09-19 07:02:32,490 [INFO] etl_papers:   2027-9000/0121-8123-rcre-32-03-190.pdf: 1 artículo(s) extraído(s)
2026-09-19 07:02:36,397 [INFO] etl_papers:   2027-9000/0121-8123-rcre-32-03-198.pdf: 1 artículo(s) extraído(s)
2026-09-19 07:02:39,806 [INFO] etl_papers:   2027-9000/0121-8123-rcre-32-03-209.pdf: 1 artículo(s) extraído(s)
2026-09-19 07:02:43,851 [INFO] etl_papers:   2027-9000/0121-8123-rcre-32-03-222.pdf: 1 artículo(s) extraído(s)
2026-09-19 07:02:45,892 [INFO] etl_papers:   2027-9000/0121-8123-rcre-32-03-231.pdf: 1 artículo(s) extraído(s)
2026-09-19 07:02:50,430 [INFO] etl_papers:   2027-9000/0121-8123-rcre-32-03-236.pdf: 1 artículo(s) extraído(s)
2026-09-19 07:02:51,808 [INFO] etl_papers:   2145-132X/gpalzate,+2145-132X-histo-11-21-211.pdf: 2 artículo(s) extraído(s)
2026-09-19 07:02:52,802 [INFO] etl_papers:   2145-132X/gpalzate,+2145132X203_Pita_Pico.pdf: 2 artículo(s) extraído(s)
2026-09-19 07:02:53,933 [INFO] etl_papers:   2145-132X/gpalzate,+2145132X224_Rubiano_PE.pdf: 2 artículo(s) extraído(s)
2026-09-19 07:02:55,382 [INFO] etl_papers:   2145-132X/gpalzate,+2145132X225_Villegas_A_Alarcon_S.pdf: 2 artículo(s) extraído(s)
2026-09-19 07:02:56,156 [INFO] etl_papers:   2145-132X/gpalzate,+2145132X226__Cabrera_MAM_Vidal_OA.pdf: 2 artículo(s) extraído(s)
2026-09-19 07:02:57,974 [INFO] etl_papers:   2145-132X/gpalzate,+_2145132X242_AlmarioGarcia_O.pdf: 2 artículo(s) extraído(s)
2026-09-19 07:02:58,738 [INFO] etl_papers:   2145-132X/historelo,+2145132X304_Llancavil_etal.pdf: 2 artículo(s) extraído(s)
2026-09-19 07:02:59,609 [INFO] etl_papers:   2145-132X/historelo,+2145132X326_Monroy.pdf: 2 artículo(s) extraído(s)
2026-09-19 07:03:00,911 [INFO] etl_papers:   2145-132X/historelo,+2145132X331_Manosalva-Paez.pdf: 2 artículo(s) extraído(s)
2026-09-19 07:03:02,085 [INFO] etl_papers:   2145-2660/364603_compressed.pdf: 2 artículo(s) extraído(s)
2026-09-19 07:03:04,441 [INFO] etl_papers:   2145-2660/Vitae+33-1++361981+(1).pdf: 1 artículo(s) extraído(s)
2026-09-19 07:03:05,339 [INFO] etl_papers:   2145-2660/Vitae+33-1++362612+(2).pdf: 2 artículo(s) extraído(s)
2026-09-19 07:03:06,097 [INFO] etl_papers:   2145-2660/Vitae+33-1++362906.pdf: 2 artículo(s) extraído(s)
2026-09-19 07:03:07,132 [INFO] etl_papers:   2145-2660/Vitae+33-1++363328+(3).pdf: 1 artículo(s) extraído(s)
2026-09-19 07:03:08,357 [INFO] etl_papers:   2145-2660/Vitae+33-1++363490+(1).pdf: 1 artículo(s) extraído(s)
2026-09-19 07:03:09,131 [INFO] etl_papers:   2145-2660/Vitae+33-1++363870.pdf: 1 artículo(s) extraído(s)
2026-09-19 07:03:10,097 [INFO] etl_papers:   2145-2660/Vitae+33-2++363359+(1).pdf: 2 artículo(s) extraído(s)
2026-09-19 07:03:11,076 [INFO] etl_papers:   2145-2660/Vitae+33-2++363403+(2).pdf: 2 artículo(s) extraído(s)
2026-09-19 07:03:12,610 [INFO] etl_papers:   2145-2660/Vitae+33-2++363745+(1).pdf: 1 artículo(s) extraído(s)
2026-09-19 07:03:14,096 [INFO] etl_papers:   2145-2660/Vitae+33-2++364067+(1).pdf: 2 artículo(s) extraído(s)
2026-09-19 07:03:15,461 [INFO] etl_papers:   2145-2660/Vitae+33-2++364125+(1).pdf: 1 artículo(s) extraído(s)
2026-09-19 07:03:17,509 [INFO] etl_papers:   2145-2660/Vitae+33-2++364280+(1).pdf: 2 artículo(s) extraído(s)
2026-09-19 07:03:18,733 [INFO] etl_papers:   2145-2660/Vitae+33-2++364805+(1).pdf: 2 artículo(s) extraído(s)
2026-09-19 07:03:20,683 [INFO] etl_papers:   2145-2946/document (2).pdf: 2 artículo(s) extraído(s)
2026-09-19 07:03:22,739 [INFO] etl_papers:   2145-2946/document (3).pdf: 2 artículo(s) extraído(s)
2026-09-19 07:03:27,804 [INFO] etl_papers:   2145-2946/document (4).pdf: 2 artículo(s) extraído(s)
2026-09-19 07:03:30,880 [INFO] etl_papers:   2145-2946/document (5).pdf: 2 artículo(s) extraído(s)
2026-09-19 07:03:33,718 [INFO] etl_papers:   2145-2946/document (6).pdf: 2 artículo(s) extraído(s)
2026-09-19 07:03:35,067 [INFO] etl_papers:   2145-4507/RCS-24-2_14471_Guevara.pdf: 2 artículo(s) extraído(s)
2026-09-19 07:03:35,773 [INFO] etl_papers:   2145-4507/RCS-24-2_14668_Quiroz.pdf: 2 artículo(s) extraído(s)
2026-09-19 07:03:36,455 [INFO] etl_papers:   2145-4507/RCS-24-2_14778_Alvarez (1).pdf: 2 artículo(s) extraído(s)
2026-09-19 07:03:37,397 [INFO] etl_papers:   2145-4507/RCS-24-2_14778_Alvarez (2).pdf: 2 artículo(s) extraído(s)
2026-09-19 07:03:38,168 [INFO] etl_papers:   2145-4507/RCS-24-2_14778_Alvarez.pdf: 2 artículo(s) extraído(s)
2026-09-19 07:03:38,993 [INFO] etl_papers:   2145-4507/RCS-24-2_14810_Vila.pdf: 2 artículo(s) extraído(s)
2026-09-19 07:03:39,802 [INFO] etl_papers:   2145-4515/14908+Rev+APL+43-3+dos+Obreque.pdf: 2 artículo(s) extraído(s)
2026-09-19 07:03:40,704 [INFO] etl_papers:   2145-4515/15988+Rev+APL+44-1+Lopez.pdf: 2 artículo(s) extraído(s)
2026-09-19 07:03:41,947 [INFO] etl_papers:   2145-4515/16103+Rev+APL+43-3+Mendez.pdf: 2 artículo(s) extraído(s)
2026-09-19 07:03:42,783 [INFO] etl_papers:   2145-4515/16139+Rev+APL+43-3+Lupano.pdf: 2 artículo(s) extraído(s)
2026-09-19 07:03:43,889 [INFO] etl_papers:   2145-4515/16174+Rev+APL+43-3+Tapie.pdf: 2 artículo(s) extraído(s)
2026-09-19 07:03:45,306 [INFO] etl_papers:   2145-4515/16301+Rev+APL+44-1+Cordoba.pdf: 2 artículo(s) extraído(s)
2026-09-19 07:03:46,494 [INFO] etl_papers:   2145-4515/16410+Rev+APL+44-1+Vidal.pdf: 2 artículo(s) extraído(s)
2026-09-19 07:03:48,930 [INFO] etl_papers:   2145-4531/14929-Rev+SocioJuridicos+27-2_CHawkins+(2).pdf: 2 artículo(s) extraído(s)
2026-09-19 07:03:52,247 [INFO] etl_papers:   2145-4531/15063-Rev+SocioJuridicos+27-2_DEDiaz+(1).pdf: 2 artículo(s) extraído(s)
2026-09-19 07:03:54,165 [INFO] etl_papers:   2145-4531/15271-Rev+SocioJuridicos+27-2_CTorres.pdf: 2 artículo(s) extraído(s)
2026-09-19 07:03:56,366 [INFO] etl_papers:   2145-4531/15405-Rev+SocioJuridicos+27-2_MGSanchez+et+al.pdf: 2 artículo(s) extraído(s)
2026-09-19 07:03:58,607 [INFO] etl_papers:   2145-4531/15418-Rev+SocioJuridicos+28-1_CFainstein.pdf: 2 artículo(s) extraído(s)
2026-09-19 07:04:00,922 [INFO] etl_papers:   2145-4531/15459-Rev+SocioJuridicos+28-1_GALopez+et+al.pdf: 2 artículo(s) extraído(s)
2026-09-19 07:04:04,212 [INFO] etl_papers:   2145-4531/15487-Rev+SocioJuridicos+27-2_JRMiranda+(1).pdf: 2 artículo(s) extraído(s)
2026-09-19 07:04:09,767 [INFO] etl_papers:   2145-4531/15506-Rev+SocioJuridicos+28-1_AMBonet+et+al.pdf: 2 artículo(s) extraído(s)
2026-09-19 07:04:11,543 [INFO] etl_papers:   2145-4531/15569-Rev+SocioJuridicos+28-1_EACalderon+et+al+(1).pdf: 2 artículo(s) extraído(s)
2026-09-19 07:04:13,480 [INFO] etl_papers:   2145-4531/15892-Rev+SocioJuridicos+28-1_JAHernandez+et+al+(1).pdf: 2 artículo(s) extraído(s)
2026-09-19 07:04:14,950 [INFO] etl_papers:   2145-4531/Aproximaciones+jurídicas+a+la+maternidad+subrogada+en+los+países+del+Pacto+Andino_+tendencias+y+desafíos.pdf: 2 artículo(s) extraído(s)
2026-09-19 07:04:15,827 [INFO] etl_papers:   2145-4604/CJA-2024-0092_ENG.pdf: 2 artículo(s) extraído(s)
2026-09-19 07:04:16,808 [INFO] etl_papers:   2145-4604/CJA-2024-0092_ESP.pdf: 2 artículo(s) extraído(s)
2026-09-19 07:04:17,747 [INFO] etl_papers:   2145-4604/CJA-2024-0096_ENG.pdf: 2 artículo(s) extraído(s)
2026-09-19 07:04:18,607 [INFO] etl_papers:   2145-4604/CJA-2024-0096_ESP.pdf: 2 artículo(s) extraído(s)
2026-09-19 07:04:19,449 [INFO] etl_papers:   2145-4604/CJA-2024-0122_ENG.pdf: 2 artículo(s) extraído(s)
2026-09-19 07:04:20,344 [INFO] etl_papers:   2145-4604/CJA-2024-0122_ESP.pdf: 2 artículo(s) extraído(s)
2026-09-19 07:04:20,933 [INFO] etl_papers:   2145-4604/CJA-2025-0001_ENG.pdf: 2 artículo(s) extraído(s)
2026-09-19 07:04:21,597 [INFO] etl_papers:   2145-4604/CJA-2025-0001_ESP.pdf: 2 artículo(s) extraído(s)
2026-09-19 07:04:22,275 [INFO] etl_papers:   2145-4604/CJA-2025-0010_ENG.pdf: 2 artículo(s) extraído(s)
2026-09-19 07:04:22,920 [INFO] etl_papers:   2145-4604/CJA-2025-0076_ENG.pdf: 2 artículo(s) extraído(s)
2026-09-19 07:04:23,659 [INFO] etl_papers:   2145-4604/CJA-2025-0101_ENG.pdf: 2 artículo(s) extraído(s)
2026-09-19 07:04:24,593 [INFO] etl_papers:   2145-4892/Ciencias+cognitivas+aplicadas.pdf: 2 artículo(s) extraído(s)
2026-09-19 07:04:25,269 [INFO] etl_papers:   2145-4892/Del+estímulo+acústico+a+la+experiencia+estética.pdf: 2 artículo(s) extraído(s)
2026-09-19 07:04:26,385 [INFO] etl_papers:   2145-4892/Diseño+y+evidencias+psicométricas+de+un+instrumento+para+la+Observación+de+Emociones+Epistémicas+en+el+Aula+(OEEA).pdf: 2 artículo(s) extraído(s)
2026-09-19 07:04:26,947 [INFO] etl_papers:   2145-4892/El+efecto+de+la+retroalimentación+sobre+la+curiosidad+epistémica+y+la+conciencia+de+brecha.pdf: 2 artículo(s) extraído(s)
2026-09-19 07:04:27,907 [INFO] etl_papers:   2145-4892/Modelo+de+habilidades+cognitivas+específicas+para+entornos+organizacionales.pdf: 2 artículo(s) extraído(s)
2026-09-19 07:04:28,665 [INFO] etl_papers:   2145-4892/Procesos+cognitivos+en+la+danza+contemporánea_+Un+análisis+de+configuraciones+grupales+y+afectivas+en+el+ecosistema+formativo.pdf: 2 artículo(s) extraído(s)
2026-09-19 07:04:29,196 [INFO] etl_papers:   2145-4892/Reducción+de+sintomatología+traumática+mediante+un+grupo+de+apoyo+virtual+con+enfoque+psicoeducativo+en+población+hospitalaria.pdf: 2 artículo(s) extraído(s)
2026-09-19 07:04:30,314 [INFO] etl_papers:   2145-5333/Dialnet-IdentificacionDeNecesidadesDeCuidadosPaliativosEnP-8066893.pdf: 2 artículo(s) extraído(s)
2026-09-19 07:04:31,424 [INFO] etl_papers:   2145-5333/Dialnet-ImaginarioSocialDelRolDeEnfermeria-8066892.pdf: 2 artículo(s) extraído(s)
2026-09-19 07:04:32,982 [INFO] etl_papers:   2145-6445/RLEF+17(2)_2.pdf: 2 artículo(s) extraído(s)
2026-09-19 07:04:34,492 [INFO] etl_papers:   2145-6445/RLEF+17(2)_3.pdf: 2 artículo(s) extraído(s)
2026-09-19 07:04:35,744 [INFO] etl_papers:   2145-6445/RLEF+17(2)_4.pdf: 2 artículo(s) extraído(s)
2026-09-19 07:04:37,240 [INFO] etl_papers:   2145-6445/RLEF+17(2)_5.pdf: 2 artículo(s) extraído(s)
2026-09-19 07:04:38,856 [INFO] etl_papers:   2145-6445/RLEF+17(2)_6.pdf: 2 artículo(s) extraído(s)
2026-09-19 07:04:39,739 [INFO] etl_papers:   2145-6445/RLEF+17(2)_7.pdf: 2 artículo(s) extraído(s)
2026-09-19 07:04:42,371 [INFO] etl_papers:   2145-6569/ESCALA DE ACTITUD SOBRE EL CONSUMO DE SUSTANCIAS PSICOACTIVAS.pdf: 2 artículo(s) extraído(s)
2026-09-19 07:04:43,845 [INFO] etl_papers:   2145-6569/LAS HERIDAS QUE FALTAN POR SANAR Y PUNTADAS PARA LA RECONSTRUCCIÓN.pdf: 2 artículo(s) extraído(s)
2026-09-19 07:04:46,022 [INFO] etl_papers:   2145-6569/PROPUESTA DE GUÍA DE PRÁCTICAS CLÍNICAS PARA MANEJO DE LA DEPRESIÓN.pdf: 2 artículo(s) extraído(s)
2026-09-19 07:04:47,035 [INFO] etl_papers:   2145-6569/REFLEJOS SOCIOECONÓMICOS, ELECCIONES DE ALCALDÍA EN CALI Y UN ANÁLISIS.pdf: 2 artículo(s) extraído(s)
2026-09-19 07:04:48,196 [INFO] etl_papers:   2145-6569/VALIDEZ CIENTÍFICA DEL TEST DE DIBUJO DE FIGURA HUMANA (DFH).pdf: 2 artículo(s) extraído(s)
2026-09-19 07:04:48,622 [INFO] etl_papers:   2145-6569/¿POR QUÉ EL LIBERALISMO SEGÚN JOHN RAWLS ESTÁ LEJOS DE SER ALCANZADO.pdf: 2 artículo(s) extraído(s)
2026-09-19 07:04:49,055 [INFO] etl_papers:   2145-7166/359824_ENG_Final.pdf: 1 artículo(s) extraído(s)
2026-09-19 07:04:49,620 [INFO] etl_papers:   2145-7166/360767_Ingles.pdf: 2 artículo(s) extraído(s)
2026-09-19 07:04:50,306 [INFO] etl_papers:   2145-7166/361211_ENG_V6.pdf: 1 artículo(s) extraído(s)
2026-09-19 07:04:51,492 [INFO] etl_papers:   2145-7166/361760_Ingles+(4).pdf: 2 artículo(s) extraído(s)
2026-09-19 07:04:52,282 [INFO] etl_papers:   2145-7778/3648_18(39).pdf: 2 artículo(s) extraído(s)
2026-09-19 07:04:53,039 [INFO] etl_papers:   2145-7778/3697_18(39).pdf: 2 artículo(s) extraído(s)
2026-09-19 07:04:53,817 [INFO] etl_papers:   2145-7778/3715_18(39).pdf: 2 artículo(s) extraído(s)
2026-09-19 07:04:54,823 [INFO] etl_papers:   2145-7778/3723_18(39).pdf: 2 artículo(s) extraído(s)
2026-09-19 07:04:55,743 [INFO] etl_papers:   2145-7778/3756_18(39).pdf: 2 artículo(s) extraído(s)
2026-09-19 07:04:56,523 [INFO] etl_papers:   2145-7778/3807_18(39).pdf: 2 artículo(s) extraído(s)
2026-09-19 07:04:57,663 [INFO] etl_papers:   2145-7778/3860_18(39).pdf: 2 artículo(s) extraído(s)
2026-09-19 07:04:58,320 [INFO] etl_papers:   2145-7778/3910_18(39).pdf: 2 artículo(s) extraído(s)
2026-09-19 07:04:58,502 [INFO] etl_papers:   2145-8480/ART+1-38(3)+2025.pdf: 2 artículo(s) extraído(s)
2026-09-19 07:04:59,401 [INFO] etl_papers:   2145-8480/ION_Vol_38N3_25_ART2.pdf: 3 artículo(s) extraído(s)
2026-09-19 07:05:01,218 [INFO] etl_papers:   2145-8480/ION_Vol_38N3_25_ART4.pdf: 3 artículo(s) extraído(s)
2026-09-19 07:05:02,027 [INFO] etl_papers:   2145-8480/ION_Vol_38N3_25_ART5.pdf: 3 artículo(s) extraído(s)
2026-09-19 07:05:03,676 [INFO] etl_papers:   2145-8480/ION_Vol_38N3_25_ART6.pdf: 3 artículo(s) extraído(s)
2026-09-19 07:05:05,329 [INFO] etl_papers:   2145-8499/Anuario-31-n2-de-2026_Art_1.pdf: 2 artículo(s) extraído(s)
2026-09-19 07:05:07,269 [INFO] etl_papers:   2145-8499/Anuario-31-n2-de-2026_Art_3.pdf: 2 artículo(s) extraído(s)
2026-09-19 07:05:09,931 [INFO] etl_papers:   2145-8499/Anuario-31-n2-de-2026_Art_4.pdf: 2 artículo(s) extraído(s)
2026-09-19 07:05:12,867 [INFO] etl_papers:   2145-8499/Anuario-31-n2-de-2026_Art_6.pdf: 2 artículo(s) extraído(s)
2026-09-19 07:05:14,410 [INFO] etl_papers:   2145-8499/Anuario-31-n2-de-2026_Art_7.pdf: 2 artículo(s) extraído(s)
2026-09-19 07:05:16,311 [INFO] etl_papers:   2145-8499/Anuario-31-n2-de-2026_Art_8.pdf: 2 artículo(s) extraído(s)
2026-09-19 07:05:18,238 [INFO] etl_papers:   2145-8499/Anuario-31-n2-de-2026_Art_9.pdf: 2 artículo(s) extraído(s)
2026-09-19 07:05:19,900 [INFO] etl_papers:   2145-8553/Análisis+geométrico,+cinemático+y+dinámico+de+estructuras+vetiformes+en+el+sector+SE+del+Distrito+Minero+de+Vetas-California,+Santander,+Colombia.pdf: 2 artículo(s) extraído(s)
2026-09-19 07:05:20,989 [INFO] etl_papers:   2145-8553/Aplicación+de+técnicas+de+clustering+y+machine+learning+en+Google+Earth+Engine+para+detectar+estructuras+asociadas+a+hidrógeno+natural.pdf: 2 artículo(s) extraído(s)
2026-09-19 07:05:22,173 [INFO] etl_papers:   2145-8553/Inversión+conjunta+de+datos+TDEM+de+bajo+y+alto+momento+para+el+mejoramiento+de+los+modelos+del+subsuelo.pdf: 2 artículo(s) extraído(s)
2026-09-19 07:05:24,271 [INFO] etl_papers:   2145-8553/Modelado+hidrológico+en+cuencas+andinas+de+Colombia+bajo+los+escenarios+de+cambio+climático+SSP4.5+y+SSP8.5.pdf: 2 artículo(s) extraído(s)
2026-09-19 07:05:25,705 [INFO] etl_papers:   2145-8553/Predicción+mineralógica+a+partir+de+registros+de+pozos+mediante+aprendizaje+automático.+Estudio+de+caso+de+las+cuencas+del+Valle+Medio+del+Magdalena+y+Catatumbo+(Colombia).pdf: 2 artículo(s) extraído(s)
2026-09-19 07:05:26,860 [INFO] etl_papers:   2145-8553/Venas+hidrotermales+de+barita+en+rocas+metapelíticas+del+suroccidente+del+Macizo+de+Santander,+Colombia_+evidencias+de+ebullición+y+fluidos+moderadamente+salinos+ricos+en+sulfato.pdf: 2 artículo(s) extraído(s)
2026-09-19 07:05:27,611 [INFO] etl_papers:   2145-9169/Art.10+Validación+de+un+instrumento+dimensiones+DigCompEdu.pdf: 2 artículo(s) extraído(s)
2026-09-19 07:05:29,129 [INFO] etl_papers:   2145-9169/Art.11+Lenguaje_entre+experiencia+estética+transmedialidad.pdf: 2 artículo(s) extraído(s)
2026-09-19 07:05:30,058 [INFO] etl_papers:   2145-9169/Art.12+El+aprendizaje+para+la+autonomía+entorno-ambiente+acuático.pdf: 2 artículo(s) extraído(s)
2026-09-19 07:05:30,834 [INFO] etl_papers:   2145-9169/Art.2+Antecedentes+tradición+espacial+en+economía.pdf: 2 artículo(s) extraído(s)
2026-09-19 07:05:31,945 [INFO] etl_papers:   2145-9169/Art.3+Extractivismo+urbano+planeación+capital+grupos+armados.pdf: 2 artículo(s) extraído(s)
2026-09-19 07:05:32,688 [INFO] etl_papers:   2145-9169/Art.4+Experiencias+comunitarias+diseño+innovacion+social+Putumayo.pdf: 2 artículo(s) extraído(s)
2026-09-19 07:05:33,913 [INFO] etl_papers:   2145-9169/Art.5+Experiencias+práctica+clínica+psicología+suroccidente+colombiano.pdf: 2 artículo(s) extraído(s)
2026-09-19 07:05:35,130 [INFO] etl_papers:   2145-9169/Art.6+Efectos+implementación+apoyo+conductual+positivo+contexto+univ..pdf: 2 artículo(s) extraído(s)
2026-09-19 07:05:35,967 [INFO] etl_papers:   2145-9169/Art.7+Salud+mental+contexto+universitario.pdf: 2 artículo(s) extraído(s)
2026-09-19 07:05:36,795 [INFO] etl_papers:   2145-9169/Art.8+Desafíos+éticos_Un+mundo+feliz+Huxley+transhumanista.pdf: 2 artículo(s) extraído(s)
2026-09-19 07:05:37,676 [INFO] etl_papers:   2145-9169/Art.9+Ethos+y+narración+re-significando+el+pasado.pdf: 2 artículo(s) extraído(s)
2026-09-19 07:05:39,177 [INFO] etl_papers:   2145-9797/99c09a59-eb25-445f-9217-ea8c397d971d.pdf: 2 artículo(s) extraído(s)
2026-09-19 07:05:40,832 [INFO] etl_papers:   2145-9797/b349b8ab-576a-4944-a7ac-95bbc2355d78.pdf: 2 artículo(s) extraído(s)
2026-09-19 07:05:42,651 [INFO] etl_papers:   2145-9797/cb8f6ecb-43f6-4e6f-9233-26dbfc9d9da0.pdf: 2 artículo(s) extraído(s)
2026-09-19 07:05:44,346 [INFO] etl_papers:   2145-9797/db0a488a-b58e-413d-9b17-92ae6d54c0f5.pdf: 2 artículo(s) extraído(s)
2026-09-19 07:05:44,873 [INFO] etl_papers:   2145-9932/Dialnet-DesafiosParaLaBuenaDispensacionDeMedicamentos-6176886.pdf: 1 artículo(s) extraído(s)
2026-09-19 07:05:45,602 [INFO] etl_papers:   2145-9932/Dialnet-EfectividadDeUnPlanDeMejoramientoEnTamizacionCervi-6176887.pdf: 2 artículo(s) extraído(s)
2026-09-19 07:05:46,695 [INFO] etl_papers:   2145-9932/Dialnet-FactoresAsociadosAlDesarrolloDeTuberculosisEnConta-6176878.pdf: 2 artículo(s) extraído(s)
2026-09-19 07:05:47,720 [INFO] etl_papers:   2145-9932/Dialnet-FactoresAsociadosAlExitoDelTratamientoDeLosPacient-6176882.pdf: 2 artículo(s) extraído(s)
2026-09-19 07:05:48,528 [INFO] etl_papers:   2145-9932/Dialnet-FrecuenciaDeAlteracionVisualEnLaConsultaDePieDiabe-6176879.pdf: 2 artículo(s) extraído(s)
2026-09-19 07:05:48,922 [INFO] etl_papers:   2145-9932/Dialnet-PrevalenciaDeEmbarazoYCaracteristicasDemograficasS-6176881.pdf: 3 artículo(s) extraído(s)
2026-09-19 07:05:49,426 [INFO] etl_papers:   2145-9932/Dialnet-PrincipalesRazonesDeExtraccionDeDientesPermanentes-6176880.pdf: 2 artículo(s) extraído(s)
2026-09-19 07:05:49,975 [INFO] etl_papers:   2145-9932/Dialnet-RazonesQuePuedenExplicarLaReduccionEnLaCoberturaDe-6176885.pdf: 2 artículo(s) extraído(s)
2026-09-19 07:05:50,663 [INFO] etl_papers:   2145-9932/Dialnet-RelacionEntreConocimientosHabitosYParticipacionCom-6176884.pdf: 1 artículo(s) extraído(s)
2026-09-19 07:05:51,421 [INFO] etl_papers:   2215-7727/CDR-22-2025+Lote-16732852001.pdf: 2 artículo(s) extraído(s)
2026-09-19 07:05:52,499 [INFO] etl_papers:   2215-7727/CDR-22-2025+Lote-16732852002.pdf: 2 artículo(s) extraído(s)
2026-09-19 07:05:53,100 [INFO] etl_papers:   2215-7727/CDR-22-2025+Lote-16732852003.pdf: 2 artículo(s) extraído(s)
2026-09-19 07:05:54,180 [INFO] etl_papers:   2215-7727/CDR-22-2025+Lote-16732852004.pdf: 2 artículo(s) extraído(s)
2026-09-19 07:05:55,250 [INFO] etl_papers:   2215-7727/CDR-22-2025+Lote-16732852005.pdf: 2 artículo(s) extraído(s)
2026-09-19 07:05:56,390 [INFO] etl_papers:   2215-7727/CDR-22-2025+Lote-16732852006.pdf: 1 artículo(s) extraído(s)
2026-09-19 07:05:57,466 [INFO] etl_papers:   2215-7727/Cuadernos6732892001.pdf: 2 artículo(s) extraído(s)
2026-09-19 07:05:58,395 [INFO] etl_papers:   2215-7727/Cuadernos6732892003.pdf: 2 artículo(s) extraído(s)
2026-09-19 07:05:59,146 [INFO] etl_papers:   2215-7727/Cuadernos6732892004.pdf: 2 artículo(s) extraído(s)
2026-09-19 07:06:00,191 [INFO] etl_papers:   2215-7727/Cuadernos6732892005.pdf: 2 artículo(s) extraído(s)
2026-09-19 07:06:01,594 [INFO] etl_papers:   2215-7840/document (2).pdf: 2 artículo(s) extraído(s)
2026-09-19 07:06:03,208 [INFO] etl_papers:   2215-7840/document (3).pdf: 2 artículo(s) extraído(s)
2026-09-19 07:06:04,033 [INFO] etl_papers:   2215-7840/document (4).pdf: 2 artículo(s) extraído(s)
2026-09-19 07:06:05,312 [INFO] etl_papers:   2215-7840/document (5).pdf: 2 artículo(s) extraído(s)
2026-09-19 07:06:07,722 [INFO] etl_papers:   2215-7840/document (6).pdf: 2 artículo(s) extraído(s)
2026-09-19 07:06:08,564 [INFO] etl_papers:   2215-7840/document (7).pdf: 2 artículo(s) extraído(s)
2026-09-19 07:06:10,814 [INFO] etl_papers:   2215-8405/Dialnet-AnalisisEstrategicoDeEstructurasYProcesosDePymesFa-10408987.pdf: 1 artículo(s) extraído(s)
2026-09-19 07:06:14,224 [INFO] etl_papers:   2215-8405/Dialnet-EfectoDeLaPlaneacionEstrategicaEnLaCompetitividadD-10408984.pdf: 2 artículo(s) extraído(s)
2026-09-19 07:06:16,218 [INFO] etl_papers:   2215-8405/Dialnet-ElImpactoDeLaCosechaDeAguaDeLluviaEnLaCalidadDeVid-10408983.pdf: 2 artículo(s) extraído(s)
2026-09-19 07:06:18,330 [INFO] etl_papers:   2215-8405/Dialnet-EstudioPreliminarDeLaCadenaDeValorGeneradaPorElTur-10408985.pdf: 2 artículo(s) extraído(s)
2026-09-19 07:06:20,256 [INFO] etl_papers:   2215-8405/Dialnet-IgualdadDeGeneroEnElCrecimientoProfesionalDeLasMuj-10408988.pdf: 2 artículo(s) extraído(s)
2026-09-19 07:06:22,020 [INFO] etl_papers:   2215-8405/Dialnet-LaViolenciaEnElTrabajoComoCondicionanteDeLaCalidad-10408981.pdf: 2 artículo(s) extraído(s)
2026-09-19 07:06:24,146 [INFO] etl_papers:   2215-8405/Dialnet-MadurezEmpresarialYGestionDeProyectosCasoDeEstudio-10408986.pdf: 2 artículo(s) extraído(s)
2026-09-19 07:06:25,456 [INFO] etl_papers:   2215-8405/Dialnet-SignificadosDeExperienciasEspiritualesEnElMundoOrg-10408982.pdf: 2 artículo(s) extraído(s)
2026-09-19 07:06:28,350 [INFO] etl_papers:   2215-8944/(1).+RA&D.+Artículo.+Nuevo+Derecho+Internacion+al+aplicado+a+los+conflictos+armados+mirado+desde+las+convergencias+(1).pdf: 2 artículo(s) extraído(s)
2026-09-19 07:06:30,794 [INFO] etl_papers:   2215-8944/(10).+(2025).+RA&D.+Artículo.+Las+medidas+cautelares+en+el+proceso+de+extinción+de+dominio+en+Colombia.pdf: 2 artículo(s) extraído(s)
2026-09-19 07:06:33,262 [INFO] etl_papers:   2215-8944/(11).+(2025).+RA&D.+Artículo.+El+juvenicidio....pdf: 2 artículo(s) extraído(s)
2026-09-19 07:06:35,477 [INFO] etl_papers:   2215-8944/(2).+(2025).+RA&D.+Propuesta+de+Protección+de+datos+IA.pdf: 2 artículo(s) extraído(s)
2026-09-19 07:06:39,612 [INFO] etl_papers:   2215-8944/(3).+RA&D.+Artículo.+feminicidio.pdf: 2 artículo(s) extraído(s)
2026-09-19 07:06:42,205 [INFO] etl_papers:   2215-8944/(5).+(2025).+RA&D.+Artículo.+Pobreza+y+deterioro+ambiental+en+la+periferia+urbana.+Análisis+del+Caño+de+La+Ahuyama.pdf: 2 artículo(s) extraído(s)
2026-09-19 07:06:44,472 [INFO] etl_papers:   2215-8944/(6).+(2025).+RA&D.+Artículo.+Garantía+de+derechos+en+restitución+de+tierras+y+el+aporte+a+la+construcción+de+paz.pdf: 2 artículo(s) extraído(s)
2026-09-19 07:06:46,370 [INFO] etl_papers:   2215-8944/(7).+(Dic).+(2025).+RA&D.+Artículo+Riesgos+psicosociales+en+el+contexto+laboral+colombiano.pdf: 2 artículo(s) extraído(s)
2026-09-19 07:06:47,942 [INFO] etl_papers:   2215-8944/(8).+(2025).+RA&D.+Artículo.+Reparación+colectiva+y+simbólica+en+Colombia.pdf: 2 artículo(s) extraído(s)
2026-09-19 07:06:49,740 [INFO] etl_papers:   2215-8944/(8).+(2025).+RA&D.+Artículo.+Responsabilidad+internacional+del+Estado+Colombiano+frente+a+los+miembros+de+las+FFMM.pdf: 2 artículo(s) extraído(s)
2026-09-19 07:06:51,600 [INFO] etl_papers:   2215-8944/(9).+(2025).+RA&D.+Artículo.+Límites+a+la+libertad+de+contratación+en+las+técnicas+de+reproducción+humana+asistida+en+Colombia.pdf: 2 artículo(s) extraído(s)
2026-09-19 07:06:51,815 [INFO] etl_papers:   2215-9177/01-+7821-+Otra+vez+vuelve+a+caer+el+telón.pdf: 1 artículo(s) extraído(s)
2026-09-19 07:06:52,159 [INFO] etl_papers:   2215-9177/02-+7822-+Divulgación+científica+y+desarrollo+social.pdf: 1 artículo(s) extraído(s)
2026-09-19 07:06:52,525 [INFO] etl_papers:   2215-9177/03-+7823-+Los+grupos+de+investigación.pdf: 1 artículo(s) extraído(s)
2026-09-19 07:06:52,968 [INFO] etl_papers:   2215-9177/04-+7824-+Historia+de+la+Electrofisiología+en+Colombia.pdf: 1 artículo(s) extraído(s)
2026-09-19 07:06:53,349 [INFO] etl_papers:   2215-969X/Dearq44_Art.01.pdf: 1 artículo(s) extraído(s)
2026-09-19 07:06:53,356 [WARNING] etl_papers:   ✗ No se pudo abrir Dearq44_Art.02.pdf: cryptography>=3.1 is required for AES algorithm
2026-09-19 07:06:53,356 [INFO] etl_papers:   2215-969X/Dearq44_Art.02.pdf: 0 artículo(s) extraído(s)
2026-09-19 07:06:53,376 [WARNING] etl_papers:   ✗ No se pudo abrir Dearq44_Art.03.pdf: cryptography>=3.1 is required for AES algorithm
2026-09-19 07:06:53,377 [INFO] etl_papers:   2215-969X/Dearq44_Art.03.pdf: 0 artículo(s) extraído(s)
2026-09-19 07:06:53,405 [WARNING] etl_papers:   ✗ No se pudo abrir Dearq44_Art.04.pdf: cryptography>=3.1 is required for AES algorithm
2026-09-19 07:06:53,406 [INFO] etl_papers:   2215-969X/Dearq44_Art.04.pdf: 0 artículo(s) extraído(s)
2026-09-19 07:06:53,419 [WARNING] etl_papers:   ✗ No se pudo abrir Dearq44_Art.05.pdf: cryptography>=3.1 is required for AES algorithm
2026-09-19 07:06:53,420 [INFO] etl_papers:   2215-969X/Dearq44_Art.05.pdf: 0 artículo(s) extraído(s)
2026-09-19 07:06:54,243 [INFO] etl_papers:   2215-969X/Dearq44_Art.06.pdf: 1 artículo(s) extraído(s)
2026-09-19 07:06:54,263 [WARNING] etl_papers:   ✗ No se pudo abrir Dearq44_Art.07.pdf: cryptography>=3.1 is required for AES algorithm
2026-09-19 07:06:54,263 [INFO] etl_papers:   2215-969X/Dearq44_Art.07.pdf: 0 artículo(s) extraído(s)
2026-09-19 07:06:54,286 [WARNING] etl_papers:   ✗ No se pudo abrir Dearq44_Art.08.pdf: cryptography>=3.1 is required for AES algorithm
2026-09-19 07:06:54,286 [INFO] etl_papers:   2215-969X/Dearq44_Art.08.pdf: 0 artículo(s) extraído(s)
2026-09-19 07:06:54,303 [WARNING] etl_papers:   ✗ No se pudo abrir Dearq44_Art.09.pdf: cryptography>=3.1 is required for AES algorithm
2026-09-19 07:06:54,303 [INFO] etl_papers:   2215-969X/Dearq44_Art.09.pdf: 0 artículo(s) extraído(s)
2026-09-19 07:06:55,089 [INFO] etl_papers:   2215-9959/A10_MAVAE+21-2_vfw.pdf: 3 artículo(s) extraído(s)
2026-09-19 07:06:55,614 [INFO] etl_papers:   2215-9959/A11_MAVAE+21-2_vfw.pdf: 3 artículo(s) extraído(s)
2026-09-19 07:06:56,098 [INFO] etl_papers:   2215-9959/A1_MAVAE+21-2_vfw.pdf: 3 artículo(s) extraído(s)
2026-09-19 07:06:56,676 [INFO] etl_papers:   2215-9959/A2_MAVAE+21-2_vfw.pdf: 3 artículo(s) extraído(s)
2026-09-19 07:06:57,248 [INFO] etl_papers:   2215-9959/A3_MAVAE+21-1_vfw2.pdf: 3 artículo(s) extraído(s)
2026-09-19 07:06:57,674 [INFO] etl_papers:   2215-9959/A4_MAVAE+21-2_vfw.pdf: 3 artículo(s) extraído(s)
2026-09-19 07:06:58,259 [INFO] etl_papers:   2215-9959/A5_MAVAE+21-2_vf2.pdf: 3 artículo(s) extraído(s)
2026-09-19 07:06:58,772 [INFO] etl_papers:   2215-9959/A6_MAVAE+21-2_vfw.pdf: 3 artículo(s) extraído(s)
2026-09-19 07:06:59,528 [INFO] etl_papers:   2215-9959/A7_MAVAE+21-2_vfw.pdf: 3 artículo(s) extraído(s)
2026-09-19 07:07:00,108 [INFO] etl_papers:   2215-9959/A8_MAVAE+21-2_vfw.pdf: 3 artículo(s) extraído(s)
2026-09-19 07:07:00,621 [INFO] etl_papers:   2215-9959/A9_MAVAE+21-2_vfw.pdf: 3 artículo(s) extraído(s)
2026-09-19 07:07:12,264 [INFO] etl_papers:   2216-1201/217-619-PB.pdf: 25 artículo(s) extraído(s)
2026-09-19 07:07:13,576 [INFO] etl_papers:   2216-1368/Art+3862+listoo.pdf: 2 artículo(s) extraído(s)
2026-09-19 07:07:16,338 [INFO] etl_papers:   2216-1368/Art+3925+listo.pdf: 2 artículo(s) extraído(s)
2026-09-19 07:07:17,249 [INFO] etl_papers:   2216-1368/Art+corr+3750.pdf: 2 artículo(s) extraído(s)
2026-09-19 07:07:18,765 [INFO] etl_papers:   2216-1368/Art+corr+3869.pdf: 2 artículo(s) extraído(s)
2026-09-19 07:07:21,549 [INFO] etl_papers:   2216-1368/Art+corr+3956.pdf: 2 artículo(s) extraído(s)
2026-09-19 07:07:23,969 [INFO] etl_papers:   2216-1368/Art+fcorr+3708.pdf: 2 artículo(s) extraído(s)
2026-09-19 07:07:27,487 [INFO] etl_papers:   2216-1368/Art+fcorr+3937.pdf: 2 artículo(s) extraído(s)
2026-09-19 07:07:30,399 [INFO] etl_papers:   2216-1368/art+3827+listo.pdf: 2 artículo(s) extraído(s)
2026-09-19 07:07:33,208 [INFO] etl_papers:   2216-1368/art+3843+ajus.pdf: 2 artículo(s) extraído(s)
2026-09-19 07:07:36,441 [INFO] etl_papers:   2216-1368/art+corr+3867+listo.pdf: 2 artículo(s) extraído(s)
2026-09-19 07:07:40,015 [INFO] etl_papers:   2216-1368/art+corr+3868_listo.pdf: 2 artículo(s) extraído(s)
2026-09-19 07:07:43,449 [INFO] etl_papers:   2216-1368/art+corr+3953.pdf: 2 artículo(s) extraído(s)
2026-09-19 07:07:45,274 [INFO] etl_papers:   2216-1368/art+fcorr+3804.pdf: 2 artículo(s) extraído(s)
2026-09-19 07:07:47,085 [INFO] etl_papers:   2216-1473/DianaIRE,+art_1+(5).pdf: 2 artículo(s) extraído(s)
2026-09-19 07:07:48,957 [INFO] etl_papers:   2216-1473/DianaIRE,+art_2+(3).pdf: 2 artículo(s) extraído(s)
2026-09-19 07:07:50,849 [INFO] etl_papers:   2216-1473/DianaIRE,+art_3+(3).pdf: 2 artículo(s) extraído(s)
2026-09-19 07:07:52,934 [INFO] etl_papers:   2216-1473/DianaIRE,+art_4+(3).pdf: 2 artículo(s) extraído(s)
2026-09-19 07:07:54,842 [INFO] etl_papers:   2216-1473/DianaIRE,+art_5+(3).pdf: 2 artículo(s) extraído(s)
2026-09-19 07:07:56,693 [INFO] etl_papers:   2216-1473/DianaIRE,+art_6+(3).pdf: 2 artículo(s) extraído(s)
2026-09-19 07:07:58,291 [INFO] etl_papers:   2216-1473/DianaIRE,+art_7+(3).pdf: 2 artículo(s) extraído(s)
2026-09-19 07:07:59,865 [INFO] etl_papers:   2216-1473/DianaIRE,+art_8+(3).pdf: 2 artículo(s) extraído(s)
2026-09-19 07:08:05,341 [INFO] etl_papers:   2216-1473/DianaIRE,+art_9-+FINAL.pdf: 2 artículo(s) extraído(s)
2026-09-19 07:08:07,789 [INFO] etl_papers:   2248-4078/OJUMa4527.pdf: 2 artículo(s) extraído(s)
2026-09-19 07:08:11,411 [INFO] etl_papers:   2248-4078/OJUMa4973.pdf: 2 artículo(s) extraído(s)
2026-09-19 07:08:12,947 [INFO] etl_papers:   2248-4078/OJUMa5037.pdf: 2 artículo(s) extraído(s)
2026-09-19 07:08:14,355 [INFO] etl_papers:   2248-4078/OJUMa5047.pdf: 2 artículo(s) extraído(s)
2026-09-19 07:08:15,129 [INFO] etl_papers:   2248-4078/OJUMa5100.pdf: 2 artículo(s) extraído(s)
2026-09-19 07:08:16,554 [INFO] etl_papers:   2248-4078/OJUMa5129.pdf: 2 artículo(s) extraído(s)
2026-09-19 07:08:17,719 [INFO] etl_papers:   2248-4078/OJUMa5195.pdf: 2 artículo(s) extraído(s)
2026-09-19 07:08:19,259 [INFO] etl_papers:   2248-4078/OJUMa5330.pdf: 2 artículo(s) extraído(s)
2026-09-19 07:08:20,673 [INFO] etl_papers:   2248-4078/OJUMa5393.pdf: 2 artículo(s) extraído(s)
2026-09-19 07:08:50,375 [INFO] etl_papers:   Book_RCE_98_web.pdf: 443 páginas, truncado a 400 para extracción
2026-09-19 07:08:50,482 [INFO] etl_papers:   2248-4337/Book_RCE_98_web.pdf: 1 artículo(s) extraído(s)
2026-09-19 07:08:51,914 [INFO] etl_papers:   2248-4345/Listo+para+publicar_Seec+67+art+5272.pdf: 2 artículo(s) extraído(s)
2026-09-19 07:08:53,331 [INFO] etl_papers:   2248-4345/Listo+para+publicar_Seec+67+art+5281.pdf: 2 artículo(s) extraído(s)
2026-09-19 07:08:56,025 [INFO] etl_papers:   2248-4345/Seec+67+art+5168.pdf: 2 artículo(s) extraído(s)
2026-09-19 07:08:57,523 [INFO] etl_papers:   2248-4345/Seec+67+art+5197.pdf: 2 artículo(s) extraído(s)
2026-09-19 07:08:58,598 [INFO] etl_papers:   2248-4345/Seec+67+art+5226.pdf: 2 artículo(s) extraído(s)
2026-09-19 07:08:59,486 [INFO] etl_papers:   2248-4345/Seec+67+art+5263.pdf: 2 artículo(s) extraído(s)
2026-09-19 07:09:02,027 [INFO] etl_papers:   2248-4345/Seec+67+art+5319.pdf: 2 artículo(s) extraído(s)
2026-09-19 07:09:06,043 [INFO] etl_papers:   2248-4345/Seec+67+art+5326.pdf: 2 artículo(s) extraído(s)
2026-09-19 07:09:08,004 [INFO] etl_papers:   2248-4345/Seec+67+art+5438.pdf: 2 artículo(s) extraído(s)
2026-09-19 07:09:19,569 [INFO] etl_papers:   2248-6011/02_(La+calidad+4.0)+Vol+21+Nº41_CLA+conv.pdf: 2 artículo(s) extraído(s)
2026-09-19 07:09:21,076 [INFO] etl_papers:   2248-6011/03_(Influence+of+Variables)+Vol+21+Nº41_CLA.pdf: 2 artículo(s) extraído(s)
2026-09-19 07:09:23,131 [INFO] etl_papers:   2248-6011/04_(Determinantes+de+la+competitividad)+Vol+21+Nº41_CLA.pdf: 2 artículo(s) extraído(s)
2026-09-19 07:09:24,039 [INFO] etl_papers:   2248-6011/06_(Marcos+técnicos)+Vol+21+Nº41_CLA+(1)+Edited.pdf: 2 artículo(s) extraído(s)
2026-09-19 07:09:24,847 [INFO] etl_papers:   2248-6011/07_(El+modelo+cooperativo)+Vol+21+Nº41_CLA+(3) (1).pdf: 2 artículo(s) extraído(s)
2026-09-19 07:09:26,163 [INFO] etl_papers:   2248-6011/08_(Innovación+publicitaria)+Vol+21+Nº41_CLA+(1)+Copy.pdf: 2 artículo(s) extraído(s)
2026-09-19 07:09:26,658 [INFO] etl_papers:   2248-6054/4694-Texto del artículo-23639-2-10-20260828.pdf: 1 artículo(s) extraído(s)
2026-09-19 07:09:27,188 [INFO] etl_papers:   2248-6054/4731-Texto del artículo-23640-1-10-20260309.pdf: 1 artículo(s) extraído(s)
2026-09-19 07:09:27,725 [INFO] etl_papers:   2248-6054/4748-Texto del artículo-23644-1-10-20260309.pdf: 2 artículo(s) extraído(s)
2026-09-19 07:09:29,035 [INFO] etl_papers:   2248-6054/4754-Texto del artículo-23638-1-10-20260309.pdf: 1 artículo(s) extraído(s)
2026-09-19 07:09:29,396 [INFO] etl_papers:   2248-6054/4766-Texto del artículo-23642-1-10-20260309.pdf: 2 artículo(s) extraído(s)
2026-09-19 07:09:30,228 [INFO] etl_papers:   2248-6054/4787-Texto del artículo-23641-1-10-20260309.pdf: 2 artículo(s) extraído(s)
2026-09-19 07:09:30,664 [INFO] etl_papers:   2248-6054/4804-Texto del artículo-23645-1-10-20260309.pdf: 2 artículo(s) extraído(s)
2026-09-19 07:09:31,176 [INFO] etl_papers:   2248-6054/4830-Texto del artículo-23643-1-10-20260309.pdf: 2 artículo(s) extraído(s)
2026-09-19 07:09:33,962 [INFO] etl_papers:   2256-1676/document (10).pdf: 2 artículo(s) extraído(s)
2026-09-19 07:09:36,664 [INFO] etl_papers:   2256-1676/document (11).pdf: 2 artículo(s) extraído(s)
2026-09-19 07:09:38,653 [INFO] etl_papers:   2256-1676/document (2).pdf: 2 artículo(s) extraído(s)
2026-09-19 07:09:39,821 [INFO] etl_papers:   2256-1676/document (3).pdf: 2 artículo(s) extraído(s)
2026-09-19 07:09:40,889 [INFO] etl_papers:   2256-1676/document (4).pdf: 2 artículo(s) extraído(s)
2026-09-19 07:09:44,137 [INFO] etl_papers:   2256-1676/document (5).pdf: 2 artículo(s) extraído(s)
2026-09-19 07:09:46,451 [INFO] etl_papers:   2256-1676/document (6).pdf: 2 artículo(s) extraído(s)
2026-09-19 07:09:50,598 [INFO] etl_papers:   2256-1676/document (7).pdf: 2 artículo(s) extraído(s)
2026-09-19 07:09:54,764 [INFO] etl_papers:   2256-1676/document (8).pdf: 2 artículo(s) extraído(s)
2026-09-19 07:09:58,368 [INFO] etl_papers:   2256-1676/document (9).pdf: 1 artículo(s) extraído(s)
2026-09-19 07:10:00,218 [INFO] etl_papers:   2256-201X/CF-23831.pdf: 2 artículo(s) extraído(s)
2026-09-19 07:10:02,273 [INFO] etl_papers:   2256-201X/CF-23987.pdf: 2 artículo(s) extraído(s)
2026-09-19 07:10:03,921 [INFO] etl_papers:   2256-201X/CF-24185.pdf: 2 artículo(s) extraído(s)
2026-09-19 07:10:05,761 [INFO] etl_papers:   2256-201X/CF-24278.pdf: 2 artículo(s) extraído(s)
2026-09-19 07:10:07,306 [INFO] etl_papers:   2256-201X/CF-24471.pdf: 2 artículo(s) extraído(s)
2026-09-19 07:10:08,818 [INFO] etl_papers:   2256-201X/CF-24605.pdf: 2 artículo(s) extraído(s)
2026-09-19 07:10:10,504 [INFO] etl_papers:   2256-201X/CF-24629.pdf: 2 artículo(s) extraído(s)
2026-09-19 07:10:12,069 [INFO] etl_papers:   2256-201X/CF-24763.pdf: 2 artículo(s) extraído(s)
2026-09-19 07:10:14,306 [INFO] etl_papers:   2256-201X/CF-24788.pdf: 2 artículo(s) extraído(s)
2026-09-19 07:10:16,084 [INFO] etl_papers:   2256-201X/CF-24838.pdf: 2 artículo(s) extraído(s)
2026-09-19 07:10:18,800 [INFO] etl_papers:   2256-2796/document (2).pdf: 1 artículo(s) extraído(s)
2026-09-19 07:10:20,508 [INFO] etl_papers:   2256-2796/document (3).pdf: 2 artículo(s) extraído(s)
2026-09-19 07:10:22,218 [INFO] etl_papers:   2256-2796/document (4).pdf: 2 artículo(s) extraído(s)
2026-09-19 07:10:23,338 [INFO] etl_papers:   2256-2796/document (5).pdf: 2 artículo(s) extraído(s)
2026-09-19 07:10:24,511 [INFO] etl_papers:   2256-2796/document (6).pdf: 2 artículo(s) extraído(s)
2026-09-19 07:10:25,942 [INFO] etl_papers:   2256-2796/document (7).pdf: 2 artículo(s) extraído(s)
2026-09-19 07:10:29,133 [INFO] etl_papers:   2256-2796/document (8).pdf: 2 artículo(s) extraído(s)
2026-09-19 07:10:32,548 [INFO] etl_papers:   2256-2796/document (9).pdf: 1 artículo(s) extraído(s)
2026-09-19 07:10:33,957 [INFO] etl_papers:   2256-2958/358631_OK.pdf: 2 artículo(s) extraído(s)
2026-09-19 07:10:35,164 [INFO] etl_papers:   2256-2958/358794.pdf: 2 artículo(s) extraído(s)
2026-09-19 07:10:37,027 [INFO] etl_papers:   2256-2958/358801.pdf: 2 artículo(s) extraído(s)
2026-09-19 07:10:38,285 [INFO] etl_papers:   2256-2958/358933.pdf: 2 artículo(s) extraído(s)
2026-09-19 07:10:39,355 [INFO] etl_papers:   2256-2958/358966.pdf: 1 artículo(s) extraído(s)
2026-09-19 07:10:40,206 [INFO] etl_papers:   2256-2958/359311_Ok.pdf: 2 artículo(s) extraído(s)
2026-09-19 07:10:41,169 [INFO] etl_papers:   2256-2958/359535.pdf: 2 artículo(s) extraído(s)
2026-09-19 07:10:41,949 [INFO] etl_papers:   2256-2958/359581_OK.pdf: 2 artículo(s) extraído(s)
2026-09-19 07:10:43,270 [INFO] etl_papers:   2256-2958/360197.pdf: 2 artículo(s) extraído(s)
2026-09-19 07:10:44,710 [INFO] etl_papers:   2256-2958/360786.pdf: 2 artículo(s) extraído(s)
2026-09-19 07:10:45,630 [INFO] etl_papers:   2256-2958/360929.pdf: 2 artículo(s) extraído(s)
2026-09-19 07:10:46,319 [INFO] etl_papers:   2256-2958/361091.pdf: 2 artículo(s) extraído(s)
2026-09-19 07:10:47,104 [INFO] etl_papers:   2256-2958/361359_compressed.pdf: 2 artículo(s) extraído(s)
2026-09-19 07:10:47,938 [INFO] etl_papers:   2256-3067/Art.10+Estretegias+resilientes+docentes+educación+media+pandemia.pdf: 2 artículo(s) extraído(s)
2026-09-19 07:10:48,780 [INFO] etl_papers:   2256-3067/Art.12+Teoría+de+usos+y+gratificaciones+ámbito+militar.pdf: 2 artículo(s) extraído(s)
2026-09-19 07:10:49,496 [INFO] etl_papers:   2256-3067/Art.13+Prevalencia+experiencias+traumáticas+infancia.pdf: 2 artículo(s) extraído(s)
2026-09-19 07:10:50,412 [INFO] etl_papers:   2256-3067/Art.14+Efectos+de+variaciones+autoridad_comportamiento+obediente.pdf: 2 artículo(s) extraído(s)
2026-09-19 07:10:51,264 [INFO] etl_papers:   2256-3067/Art.16+Propiedades+psicométricas+grit+académico.pdf: 2 artículo(s) extraído(s)
2026-09-19 07:10:52,170 [INFO] etl_papers:   2256-3067/Art.1_Participation+productions+Psychology+WoS.pdf: 2 artículo(s) extraído(s)
2026-09-19 07:10:52,993 [INFO] etl_papers:   2256-3067/Art.2+Supportive+climate+and+dedication.pdf: 2 artículo(s) extraído(s)
2026-09-19 07:10:54,015 [INFO] etl_papers:   2256-3067/Art.3+Evaluación+modelo+docencia-servicio+psicología.pdf: 2 artículo(s) extraído(s)
2026-09-19 07:10:54,544 [INFO] etl_papers:   2256-3067/Art.4+Actitudes+hacia+la+comida+estudiantes+Bucaramanga.pdf: 2 artículo(s) extraído(s)
2026-09-19 07:10:55,128 [INFO] etl_papers:   2256-3067/Art.5+Adaptation+questionnaire+experiences+video+games.pdf: 2 artículo(s) extraído(s)
2026-09-19 07:10:55,788 [INFO] etl_papers:   2256-3067/Art.7+Intervencioes+en+salud+envejecimiento+activo.pdf: 2 artículo(s) extraído(s)
2026-09-19 07:10:56,739 [INFO] etl_papers:   2256-3067/Art.8+Salud+mental+y+enfermedad+inflamatoria+intestinal.pdf: 2 artículo(s) extraído(s)
2026-09-19 07:10:57,674 [INFO] etl_papers:   2256-3067/Art.9+Estudio+de+revisión+sobre+sesgo+de+creencia.pdf: 3 artículo(s) extraído(s)
2026-09-19 07:10:58,167 [INFO] etl_papers:   2256-3334/358482+final.pdf: 2 artículo(s) extraído(s)
2026-09-19 07:10:58,751 [INFO] etl_papers:   2256-3334/359962_final.pdf: 2 artículo(s) extraído(s)
2026-09-19 07:10:59,663 [INFO] etl_papers:   2256-3334/360326_final.pdf: 2 artículo(s) extraído(s)
2026-09-19 07:11:00,378 [INFO] etl_papers:   2256-3334/360621_final.pdf: 2 artículo(s) extraído(s)
2026-09-19 07:11:00,891 [INFO] etl_papers:   2256-3334/360926_final.pdf: 2 artículo(s) extraído(s)
2026-09-19 07:11:01,386 [INFO] etl_papers:   2256-3334/361232_final.pdf: 2 artículo(s) extraído(s)
2026-09-19 07:11:02,062 [INFO] etl_papers:   2256-3334/361278_final.pdf: 2 artículo(s) extraído(s)
2026-09-19 07:11:02,786 [INFO] etl_papers:   2256-3334/361293_final2.pdf: 2 artículo(s) extraído(s)
2026-09-19 07:11:03,202 [INFO] etl_papers:   2256-3334/361367_final.pdf: 2 artículo(s) extraído(s)
2026-09-19 07:11:03,733 [INFO] etl_papers:   2256-3334/361407+final.pdf: 2 artículo(s) extraído(s)
2026-09-19 07:11:04,387 [INFO] etl_papers:   2256-3334/361437_+final.pdf: 2 artículo(s) extraído(s)
2026-09-19 07:11:04,862 [INFO] etl_papers:   2256-3334/361484+final.pdf: 2 artículo(s) extraído(s)
2026-09-19 07:11:05,419 [INFO] etl_papers:   2256-3334/361516+final.pdf: 2 artículo(s) extraído(s)
2026-09-19 07:11:05,802 [INFO] etl_papers:   2256-3334/361768_final.pdf: 1 artículo(s) extraído(s)
2026-09-19 07:11:06,345 [INFO] etl_papers:   2256-3334/362334+final.pdf: 2 artículo(s) extraído(s)
2026-09-19 07:11:06,981 [INFO] etl_papers:   2256-3334/362568_ingles_final.pdf: 2 artículo(s) extraído(s)
2026-09-19 07:11:07,732 [INFO] etl_papers:   2256-3334/362658+final.pdf: 2 artículo(s) extraído(s)
2026-09-19 07:11:08,088 [INFO] etl_papers:   2256-3334/363361_final.pdf: 2 artículo(s) extraído(s)
2026-09-19 07:11:08,778 [INFO] etl_papers:   2256-3334/363375_final.pdf: 2 artículo(s) extraído(s)
2026-09-19 07:11:14,404 [INFO] etl_papers:   2256-4322/658-245-PB.pdf: 6 artículo(s) extraído(s)
2026-09-19 07:11:15,935 [INFO] etl_papers:   2256-5248/Rhela-28-48-m-115-135.pdf: 2 artículo(s) extraído(s)
2026-09-19 07:11:17,688 [INFO] etl_papers:   2256-5248/Rhela-28-48-m-137-164.pdf: 2 artículo(s) extraído(s)
2026-09-19 07:11:19,351 [INFO] etl_papers:   2256-5248/Rhela-28-48-m-15-42.pdf: 2 artículo(s) extraído(s)
2026-09-19 07:11:21,354 [INFO] etl_papers:   2256-5248/Rhela-28-48-m-165-184.pdf: 2 artículo(s) extraído(s)
2026-09-19 07:11:23,374 [INFO] etl_papers:   2256-5248/Rhela-28-48-m-185-205.pdf: 2 artículo(s) extraído(s)
2026-09-19 07:11:25,642 [INFO] etl_papers:   2256-5248/Rhela-28-48-m-207-268-1-20.pdf: 2 artículo(s) extraído(s)
2026-09-19 07:11:28,631 [INFO] etl_papers:   2256-5248/Rhela-28-48-m-207-268-21-62.pdf: 2 artículo(s) extraído(s)
2026-09-19 07:11:30,578 [INFO] etl_papers:   2256-5248/Rhela-28-48-m-43-68.pdf: 2 artículo(s) extraído(s)
2026-09-19 07:11:32,602 [INFO] etl_papers:   2256-5248/Rhela-28-48-m-69-90.pdf: 2 artículo(s) extraído(s)
2026-09-19 07:11:34,222 [INFO] etl_papers:   2256-5248/Rhela-28-48-m-91-113.pdf: 2 artículo(s) extraído(s)
2026-09-19 07:13:52,057 [INFO] etl_papers:   2256-5442/TAC_+RCGeo_35-2+_AGO06+V3.pdf: 32 artículo(s) extraído(s)
2026-09-19 07:13:53,464 [INFO] etl_papers:   2256-5450/Literatura_28-1_101-131.pdf: 1 artículo(s) extraído(s)
2026-09-19 07:13:54,904 [INFO] etl_papers:   2256-5450/Literatura_28-1_11-43.pdf: 1 artículo(s) extraído(s)
2026-09-19 07:13:56,249 [INFO] etl_papers:   2256-5450/Literatura_28-1_132-162.pdf: 1 artículo(s) extraído(s)
2026-09-19 07:13:56,844 [INFO] etl_papers:   2256-5450/Literatura_28-1_163-176.pdf: 1 artículo(s) extraído(s)
2026-09-19 07:13:57,991 [INFO] etl_papers:   2256-5450/Literatura_28-1_44-70.pdf: 1 artículo(s) extraído(s)
2026-09-19 07:13:59,248 [INFO] etl_papers:   2256-5450/Literatura_28-1_71-100.pdf: 1 artículo(s) extraído(s)
2026-09-19 07:14:13,828 [INFO] etl_papers:   Sociologia de la musica.pdf: 437 páginas, truncado a 400 para extracción
2026-09-19 07:14:13,933 [INFO] etl_papers:   2256-5485/Sociologia de la musica.pdf: 23 artículo(s) extraído(s)
2026-09-19 07:14:44,531 [INFO] etl_papers:   2256-5493/Revista Trabajo Social 28(2) - Pervivencias y Transformaciones del Trabajo Social en el Sur Global - Racionalidades, agriet.pdf: 22 artículo(s) extraído(s)
2026-09-19 07:15:09,803 [INFO] etl_papers:   2256-5493/TAC Rev Tra Social 28_1_V6 (1).pdf: 18 artículo(s) extraído(s)
2026-09-19 07:15:11,750 [INFO] etl_papers:   2256-5647/ACHSC_53_2_Art01_Ramirez.pdf: 2 artículo(s) extraído(s)
2026-09-19 07:15:13,460 [INFO] etl_papers:   2256-5647/ACHSC_53_2_Art02_Agudelo,+Chapman,+Lopez.pdf: 2 artículo(s) extraído(s)
2026-09-19 07:15:15,223 [INFO] etl_papers:   2256-5647/ACHSC_53_2_Art03_Jimenez.pdf: 2 artículo(s) extraído(s)
2026-09-19 07:15:17,110 [INFO] etl_papers:   2256-5647/ACHSC_53_2_Art04_Sanchez.pdf: 2 artículo(s) extraído(s)
2026-09-19 07:15:18,733 [INFO] etl_papers:   2256-5647/ACHSC_53_2_Art05_Valenzuela,+Moreno.pdf: 2 artículo(s) extraído(s)
2026-09-19 07:15:20,638 [INFO] etl_papers:   2256-5647/ACHSC_53_2_Art06_Wan.pdf: 3 artículo(s) extraído(s)
2026-09-19 07:15:22,587 [INFO] etl_papers:   2256-5647/ACHSC_53_2_Art07_Aguirre.pdf: 2 artículo(s) extraído(s)
2026-09-19 07:15:24,574 [INFO] etl_papers:   2256-5647/ACHSC_53_2_Art08_Vazquez.pdf: 2 artículo(s) extraído(s)
2026-09-19 07:15:26,580 [INFO] etl_papers:   2256-5647/ACHSC_53_2_Art09_Camus.pdf: 2 artículo(s) extraído(s)
2026-09-19 07:15:28,534 [INFO] etl_papers:   2256-5647/ACHSC_53_2_Art10_Iturriaga,+Matiz,+Mendez.pdf: 2 artículo(s) extraído(s)
2026-09-19 07:15:29,330 [INFO] etl_papers:   2322-6889/1.+Felipe+Carrillo+Puerto.pdf: 2 artículo(s) extraído(s)
2026-09-19 07:15:30,324 [INFO] etl_papers:   2322-6889/2.+Salvador+Massip.pdf: 2 artículo(s) extraído(s)
2026-09-19 07:15:31,241 [INFO] etl_papers:   2322-6889/3.+La+irrupción+del+suelo.pdf: 2 artículo(s) extraído(s)
2026-09-19 07:15:32,291 [INFO] etl_papers:   2322-6889/4.+Militarismo,+ciencia+y+naturaleza.pdf: 2 artículo(s) extraído(s)
2026-09-19 07:15:33,328 [INFO] etl_papers:   2322-6889/5.+Acts+of+state.pdf: 2 artículo(s) extraído(s)
2026-09-19 07:15:34,610 [INFO] etl_papers:   2322-777X/Aduanas+y+cónsules+en+el+comercio+suroccidental+colombiano+durante+la+segunda+mitad+del+siglo+XIX.pdf: 2 artículo(s) extraído(s)
2026-09-19 07:15:35,962 [INFO] etl_papers:   2322-777X/Experiences+and+Reactions+to+Communication+in+the+Spanish+Atlantic+(1492-1560)+(1).pdf: 2 artículo(s) extraído(s)
2026-09-19 07:15:37,350 [INFO] etl_papers:   2322-777X/La+carrera+postal+Buenos+Aires-Paraguay+a+través+de+los+libros+contables+(1770-1784).pdf: 2 artículo(s) extraído(s)
2026-09-19 07:15:38,728 [INFO] etl_papers:   2322-777X/Servicio+postal+e+industria+salitrera+chilena+de+finales+del+siglo+XIX.pdf: 2 artículo(s) extraído(s)
2026-09-19 07:15:40,069 [INFO] etl_papers:   2322-777X/«Comercio+de+noticias».+Política+y+ámbitos+de+información.+Entre+Ríos,+1819-1821.pdf: 2 artículo(s) extraído(s)
2026-09-19 07:15:41,349 [INFO] etl_papers:   2322-777X/«Pertenece+a+los+reyes+hacer+gracia+y+mercedes+a+sus+naturales».+Estrategias+femeninas+de+acceso+a+la+economía+de+la+gracia+en+el+virreinato+del+Nuevo+Reino+de+Granada,+1780-1790.pdf: 2 artículo(s) extraído(s)
2026-09-19 07:15:42,470 [INFO] etl_papers:   2322-9381/Dialnet-DeLosLugaresDeTrabajoALaProtestaPopular-10758465.pdf: 3 artículo(s) extraído(s)
2026-09-19 07:15:43,767 [INFO] etl_papers:   2322-9381/Dialnet-ElMovimientoDeDeudorasYDeudoresHabitacionalesDeChi-10758471.pdf: 3 artículo(s) extraído(s)
2026-09-19 07:15:44,700 [INFO] etl_papers:   2322-9381/Dialnet-GestandoUnaNuevaSociabilidad-10758467.pdf: 3 artículo(s) extraído(s)
2026-09-19 07:15:45,563 [INFO] etl_papers:   2322-9381/Dialnet-LaHuelgaDelTranviaDeBogotaDe1924-10758468.pdf: 3 artículo(s) extraído(s)
2026-09-19 07:15:46,855 [INFO] etl_papers:   2322-9381/Dialnet-LlevanLaPatriaVibrandoEnLasManosLosVoceadoresDePre-10758466.pdf: 3 artículo(s) extraído(s)
2026-09-19 07:15:48,652 [INFO] etl_papers:   2322-9381/Dialnet-NoEconomizarNingunSacrificioExigenciasYCondiciones-10758464.pdf: 3 artículo(s) extraído(s)
2026-09-19 07:15:49,613 [INFO] etl_papers:   2322-9381/Dialnet-SomosSobrevivientesLasVictimasDelConflictoArmadoEn-10758470.pdf: 3 artículo(s) extraído(s)
2026-09-19 07:15:50,327 [INFO] etl_papers:   2322-9381/Dialnet-TrabajoYAgenciaFemeninaEnColimaAFinesDelVirreinato-10758463.pdf: 3 artículo(s) extraído(s)
2026-09-19 07:15:51,463 [INFO] etl_papers:   2322-9381/Dialnet-VariosCaminosNosTrajeronHastaAqui-10758469.pdf: 3 artículo(s) extraído(s)
2026-09-19 07:15:52,207 [INFO] etl_papers:   2322-9675/01_Olague+Mendez.pdf: 3 artículo(s) extraído(s)
2026-09-19 07:15:53,816 [INFO] etl_papers:   2322-9675/02_Caballero+Campos.pdf: 3 artículo(s) extraído(s)
2026-09-19 07:15:54,737 [INFO] etl_papers:   2322-9675/03_Ávila.pdf: 3 artículo(s) extraído(s)
2026-09-19 07:15:55,830 [INFO] etl_papers:   2322-9675/04_Caro+Peralta.pdf: 3 artículo(s) extraído(s)
2026-09-19 07:15:56,802 [INFO] etl_papers:   2322-9675/05_Alderete.pdf: 3 artículo(s) extraído(s)
2026-09-19 07:15:57,879 [INFO] etl_papers:   2322-9675/06_Cifuentes+Sarmiento.pdf: 3 artículo(s) extraído(s)
2026-09-19 07:15:59,212 [INFO] etl_papers:   2322-9675/07_Mora+Silva.pdf: 3 artículo(s) extraído(s)
2026-09-19 07:16:00,112 [INFO] etl_papers:   2322-9675/08_Ortega+Zambrano+y+Figueroa+Salamanca.pdf: 3 artículo(s) extraído(s)
2026-09-19 07:16:01,115 [INFO] etl_papers:   2322-9675/09_Castillo+Braithwaite.pdf: 3 artículo(s) extraído(s)
2026-09-19 07:16:02,442 [INFO] etl_papers:   2322-9721/admin,+1+-+15775+-+Less.pdf: 2 artículo(s) extraído(s)
2026-09-19 07:16:04,076 [INFO] etl_papers:   2322-9721/admin,+2+-+14357+-+A+Case.pdf: 2 artículo(s) extraído(s)
2026-09-19 07:16:06,448 [INFO] etl_papers:   2322-9721/admin,+3+-+14815+-+Students’.pdf: 2 artículo(s) extraído(s)
2026-09-19 07:16:08,379 [INFO] etl_papers:   2322-9721/admin,+4+-+13385+-+Enseñanza.pdf: 2 artículo(s) extraído(s)
2026-09-19 07:16:10,093 [INFO] etl_papers:   2322-9721/admin,+6+-+16325+-+From.pdf: 2 artículo(s) extraído(s)
2026-09-19 07:16:12,057 [INFO] etl_papers:   2322-9721/admin,+6-14409-88597-14-1_digital.pdf: 2 artículo(s) extraído(s)
2026-09-19 07:16:13,537 [INFO] etl_papers:   2323-0118/art+1+acta+74-1+p7+15.pdf: 2 artículo(s) extraído(s)
2026-09-19 07:16:15,196 [INFO] etl_papers:   2323-0118/art+10+acta+74-1+p91+100.pdf: 2 artículo(s) extraído(s)
2026-09-19 07:16:16,800 [INFO] etl_papers:   2323-0118/art+11+acta+74-1+p101+108+(1).pdf: 2 artículo(s) extraído(s)
2026-09-19 07:16:18,087 [INFO] etl_papers:   2323-0118/art+12+acta+74-1+p109+116.pdf: 2 artículo(s) extraído(s)
2026-09-19 07:16:20,008 [INFO] etl_papers:   2323-0118/art+2+acta+74-1+p16+24.pdf: 2 artículo(s) extraído(s)
2026-09-19 07:16:21,715 [INFO] etl_papers:   2323-0118/art+3+acta+74-1+p25+33.pdf: 2 artículo(s) extraído(s)
2026-09-19 07:16:23,399 [INFO] etl_papers:   2323-0118/art+4+acta+74-1+p34+41.pdf: 2 artículo(s) extraído(s)
2026-09-19 07:16:25,968 [INFO] etl_papers:   2323-0118/art+5+acta+74-1+p42+54.pdf: 2 artículo(s) extraído(s)
2026-09-19 07:16:27,297 [INFO] etl_papers:   2323-0118/art+6+acta+74-1+p55+62.pdf: 2 artículo(s) extraído(s)
2026-09-19 07:16:28,749 [INFO] etl_papers:   2323-0118/art+7+acta+74-1+p63+70.pdf: 2 artículo(s) extraído(s)
2026-09-19 07:16:30,462 [INFO] etl_papers:   2323-0118/art+8+acta+74-1+p71+79.pdf: 2 artículo(s) extraído(s)
2026-09-19 07:16:32,348 [INFO] etl_papers:   2323-0118/art+9+acta+74-1+p80+90.pdf: 2 artículo(s) extraído(s)
2026-09-19 07:16:34,404 [INFO] etl_papers:   2323-0126/Ted+59+Art.+17402.pdf: 2 artículo(s) extraído(s)
2026-09-19 07:16:35,886 [INFO] etl_papers:   2323-0126/Ted+59+Art.+21380.pdf: 2 artículo(s) extraído(s)
2026-09-19 07:16:37,788 [INFO] etl_papers:   2323-0126/Ted+59+Art.+21879.pdf: 2 artículo(s) extraído(s)
2026-09-19 07:16:39,325 [INFO] etl_papers:   2323-0126/Ted+59+Art.+22099.pdf: 2 artículo(s) extraído(s)
2026-09-19 07:16:40,235 [INFO] etl_papers:   2323-0126/Ted+59+Art.+22130.pdf: 2 artículo(s) extraído(s)
2026-09-19 07:16:41,837 [INFO] etl_papers:   2323-0126/Ted+59+Art.+22209.pdf: 4 artículo(s) extraído(s)
2026-09-19 07:16:42,754 [INFO] etl_papers:   2323-0126/Ted+59+Art.+22283.pdf: 2 artículo(s) extraído(s)
2026-09-19 07:16:43,532 [INFO] etl_papers:   2323-0126/Ted+59+Art.+22406.pdf: 2 artículo(s) extraído(s)
2026-09-19 07:16:44,457 [INFO] etl_papers:   2323-0126/Ted+59+Art.+22437.pdf: 2 artículo(s) extraído(s)
2026-09-19 07:16:46,228 [INFO] etl_papers:   2323-0126/Ted+59+Art.+22605.pdf: 3 artículo(s) extraído(s)
2026-09-19 07:16:48,717 [INFO] etl_papers:   2323-0126/Ted+59+Art.+22633.pdf: 2 artículo(s) extraído(s)
2026-09-19 07:16:51,153 [INFO] etl_papers:   2323-0126/Ted+59+Art.+22635.pdf: 2 artículo(s) extraído(s)
2026-09-19 07:16:53,477 [INFO] etl_papers:   2323-0126/Ted+59+Art.+22993.pdf: 2 artículo(s) extraído(s)
2026-09-19 07:16:55,871 [INFO] etl_papers:   2323-0126/Ted+59+Art.+22994.pdf: 2 artículo(s) extraído(s)
2026-09-19 07:16:57,939 [INFO] etl_papers:   2323-0126/Ted+59+Art.+23023.pdf: 3 artículo(s) extraído(s)
2026-09-19 07:16:59,768 [INFO] etl_papers:   2323-0126/Ted+59+Art.+23045.pdf: 2 artículo(s) extraído(s)
2026-09-19 07:17:02,086 [INFO] etl_papers:   2339-3459/10_121762_comparison.pdf: 2 artículo(s) extraído(s)
2026-09-19 07:17:04,005 [INFO] etl_papers:   2339-3459/123186+3_123186_Detection.pdf: 1 artículo(s) extraído(s)
2026-09-19 07:17:06,239 [INFO] etl_papers:   2339-3459/1_124308_Mineralogical.pdf: 2 artículo(s) extraído(s)
2026-09-19 07:17:09,210 [INFO] etl_papers:   2339-3459/2_122713_Application+of.pdf: 1 artículo(s) extraído(s)
2026-09-19 07:17:11,020 [INFO] etl_papers:   2339-3459/4_122297_machine.pdf: 1 artículo(s) extraído(s)
2026-09-19 07:17:12,798 [INFO] etl_papers:   2339-3459/5_124270_Role.pdf: 1 artículo(s) extraído(s)
2026-09-19 07:17:14,945 [INFO] etl_papers:   2339-3459/6_121860_stable.pdf: 1 artículo(s) extraído(s)
2026-09-19 07:17:20,243 [INFO] etl_papers:   2339-3459/7_120722_A+semi.pdf: 0 artículo(s) extraído(s)
2026-09-19 07:17:21,591 [INFO] etl_papers:   2339-3459/8_123547_Evolution.pdf: 1 artículo(s) extraído(s)
2026-09-19 07:17:22,919 [INFO] etl_papers:   2339-3459/9_122773_geothecnical.pdf: 1 artículo(s) extraído(s)
2026-09-19 07:17:23,188 [INFO] etl_papers:   2339-3874/Investigacion-5402.pdf: 2 artículo(s) extraído(s)
2026-09-19 07:17:24,140 [INFO] etl_papers:   2339-3874/Investigacion-5448.pdf: 2 artículo(s) extraído(s)
2026-09-19 07:17:24,737 [INFO] etl_papers:   2339-3874/Investigacion-5508.pdf: 2 artículo(s) extraído(s)
2026-09-19 07:17:25,228 [INFO] etl_papers:   2339-3874/Investigacion-5530.pdf: 1 artículo(s) extraído(s)
2026-09-19 07:17:26,211 [INFO] etl_papers:   2339-3874/Investigacion-5539.pdf: 2 artículo(s) extraído(s)
2026-09-19 07:17:26,939 [INFO] etl_papers:   2339-3874/Investigacion-5563.pdf: 2 artículo(s) extraído(s)
2026-09-19 07:17:27,366 [INFO] etl_papers:   2339-3874/Investigación-5387.pdf: 2 artículo(s) extraído(s)
2026-09-19 07:17:45,984 [INFO] etl_papers:   2344-7214/1316-110-PB.pdf: 8 artículo(s) extraído(s)
2026-09-19 07:17:48,333 [INFO] etl_papers:   2344-8350/RC-52-3-23342.pdf: 2 artículo(s) extraído(s)
2026-09-19 07:17:50,676 [INFO] etl_papers:   2344-8350/RC-53-1-24601.pdf: 2 artículo(s) extraído(s)
2026-09-19 07:17:53,220 [INFO] etl_papers:   2344-8350/RC-53-1-24611.pdf: 2 artículo(s) extraído(s)
2026-09-19 07:17:55,577 [INFO] etl_papers:   2344-8350/RC52-3-22826.pdf: 2 artículo(s) extraído(s)
2026-09-19 07:17:57,979 [INFO] etl_papers:   2344-8350/RC52-3-23130.pdf: 2 artículo(s) extraído(s)
2026-09-19 07:17:59,928 [INFO] etl_papers:   2344-8350/RC52-3-23436.pdf: 2 artículo(s) extraído(s)
2026-09-19 07:18:48,333 [INFO] etl_papers:   2344-8350/RC52-3-23926.pdf: 2 artículo(s) extraído(s)
2026-09-19 07:18:50,655 [INFO] etl_papers:   2344-8350/RC52-3-ed.pdf: 1 artículo(s) extraído(s)
2026-09-19 07:18:55,260 [INFO] etl_papers:   2344-8350/RC53-1-24600.pdf: 2 artículo(s) extraído(s)
2026-09-19 07:18:58,915 [INFO] etl_papers:   2344-8350/RC53-1-24617.pdf: 2 artículo(s) extraído(s)
2026-09-19 07:19:02,539 [INFO] etl_papers:   2344-8350/RC53-1-24627.pdf: 2 artículo(s) extraído(s)
2026-09-19 07:19:11,930 [INFO] etl_papers:   2346-0199/98-86-PB (1).pdf: 8 artículo(s) extraído(s)
2026-09-19 07:19:15,322 [INFO] etl_papers:   2346-0806/sph02-e1476+(3).pdf: 2 artículo(s) extraído(s)
2026-09-19 07:19:17,196 [INFO] etl_papers:   2346-0806/sph03-e1513+(3).pdf: 2 artículo(s) extraído(s)
2026-09-19 07:19:18,625 [INFO] etl_papers:   2346-0806/sph04-e1541+(3).pdf: 2 artículo(s) extraído(s)
2026-09-19 07:19:21,197 [INFO] etl_papers:   2346-0806/sph05-e1551+(3).pdf: 2 artículo(s) extraído(s)
2026-09-19 07:19:23,046 [INFO] etl_papers:   2346-0806/sph06-e1553+(3).pdf: 2 artículo(s) extraído(s)
2026-09-19 07:19:24,991 [INFO] etl_papers:   2346-0806/sph07-e1568+(3).pdf: 2 artículo(s) extraído(s)
2026-09-19 07:19:26,721 [INFO] etl_papers:   2346-0806/sph08-e1572.pdf: 2 artículo(s) extraído(s)
2026-09-19 07:19:29,155 [INFO] etl_papers:   2346-0806/sph09-e1597+(2).pdf: 2 artículo(s) extraído(s)
2026-09-19 07:19:31,152 [INFO] etl_papers:   2346-0806/sph10-e1608.pdf: 2 artículo(s) extraído(s)
2026-09-19 07:19:32,965 [INFO] etl_papers:   2346-0806/sph100-e1404+(3).pdf: 2 artículo(s) extraído(s)
2026-09-19 07:19:38,311 [INFO] etl_papers:   2346-0806/sph101-e1421+(4).pdf: 2 artículo(s) extraído(s)
2026-09-19 07:19:44,678 [INFO] etl_papers:   2346-0806/sph102-e1556+(3).pdf: 2 artículo(s) extraído(s)
2026-09-19 07:19:47,279 [INFO] etl_papers:   2346-0806/sph11-e1616.pdf: 2 artículo(s) extraído(s)
2026-09-19 07:19:49,906 [INFO] etl_papers:   2346-0806/sph12-e1613+(1).pdf: 2 artículo(s) extraído(s)
2026-09-19 07:19:55,699 [INFO] etl_papers:   2346-1691/6692827001.pdf: 2 artículo(s) extraído(s)
2026-09-19 07:19:59,542 [INFO] etl_papers:   2346-1691/6692827002.pdf: 2 artículo(s) extraído(s)
2026-09-19 07:20:05,512 [INFO] etl_papers:   2346-1691/6692827003.pdf: 2 artículo(s) extraído(s)
2026-09-19 07:20:10,481 [INFO] etl_papers:   2346-1691/6692827004.pdf: 2 artículo(s) extraído(s)
2026-09-19 07:20:14,750 [INFO] etl_papers:   2346-1691/6692827005.pdf: 2 artículo(s) extraído(s)
2026-09-19 07:20:17,034 [INFO] etl_papers:   2346-1691/6692827006.pdf: 1 artículo(s) extraído(s)
2026-09-19 07:20:18,078 [INFO] etl_papers:   2346-1691/6692827007.pdf: 1 artículo(s) extraído(s)
2026-09-19 07:20:23,569 [INFO] etl_papers:   2346-1691/CL-29+2025-LOTE46692827014.pdf: 2 artículo(s) extraído(s)
2026-09-19 07:20:26,729 [INFO] etl_papers:   2346-1691/CL-29-L-3+xml6692827010.pdf: 2 artículo(s) extraído(s)
2026-09-19 07:20:30,395 [INFO] etl_papers:   2346-1691/CL-29-L-3+xml6692827011.pdf: 2 artículo(s) extraído(s)
2026-09-19 07:20:31,289 [INFO] etl_papers:   2346-1829/1.+From+Reluctance+to+Resilience+(2).pdf: 2 artículo(s) extraído(s)
2026-09-19 07:20:33,463 [INFO] etl_papers:   2346-1829/2.+La+paz+en+Colombia+(4).pdf: 2 artículo(s) extraído(s)
2026-09-19 07:20:35,670 [INFO] etl_papers:   2346-1829/3.+Análisis+del+discurso+(1).pdf: 2 artículo(s) extraído(s)
2026-09-19 07:20:37,277 [INFO] etl_papers:   2346-1829/4.+Representacion+silabica+(1).pdf: 2 artículo(s) extraído(s)
2026-09-19 07:20:39,236 [INFO] etl_papers:   2346-1829/5.+factors+that+contribute+(3)+(1).pdf: 2 artículo(s) extraído(s)
2026-09-19 07:20:41,012 [INFO] etl_papers:   2346-1829/6.Construcción+discursiva+del+adversario+(1).pdf: 2 artículo(s) extraído(s)
2026-09-19 07:20:42,570 [INFO] etl_papers:   2346-1829/8.+La+variacion+sociopragmatica+(6).pdf: 2 artículo(s) extraído(s)
2026-09-19 07:20:44,483 [INFO] etl_papers:   2346-1829/9.+Intercultural+comunicative+(4).pdf: 2 artículo(s) extraído(s)
2026-09-19 07:20:50,089 [INFO] etl_papers:   2346-206X/document (10).pdf: 2 artículo(s) extraído(s)
2026-09-19 07:20:52,965 [INFO] etl_papers:   2346-206X/document (11).pdf: 3 artículo(s) extraído(s)
2026-09-19 07:20:56,783 [INFO] etl_papers:   2346-206X/document (12).pdf: 2 artículo(s) extraído(s)
2026-09-19 07:21:00,641 [INFO] etl_papers:   2346-206X/document (13).pdf: 2 artículo(s) extraído(s)
2026-09-19 07:21:07,666 [INFO] etl_papers:   2346-206X/document (14).pdf: 2 artículo(s) extraído(s)
2026-09-19 07:21:13,164 [INFO] etl_papers:   2346-206X/document (2).pdf: 2 artículo(s) extraído(s)
2026-09-19 07:21:17,017 [INFO] etl_papers:   2346-206X/document (3).pdf: 2 artículo(s) extraído(s)
2026-09-19 07:21:19,254 [INFO] etl_papers:   2346-206X/document (4).pdf: 2 artículo(s) extraído(s)
2026-09-19 07:21:22,904 [INFO] etl_papers:   2346-206X/document (5).pdf: 2 artículo(s) extraído(s)
2026-09-19 07:21:25,704 [INFO] etl_papers:   2346-206X/document (6).pdf: 2 artículo(s) extraído(s)
2026-09-19 07:21:27,806 [INFO] etl_papers:   2346-206X/document (7).pdf: 2 artículo(s) extraído(s)
2026-09-19 07:21:29,994 [INFO] etl_papers:   2346-206X/document (8).pdf: 2 artículo(s) extraído(s)
2026-09-19 07:21:31,569 [INFO] etl_papers:   2346-206X/document (9).pdf: 2 artículo(s) extraído(s)
2026-09-19 07:21:32,841 [INFO] etl_papers:   2346-2183/01_121522.FINAL.pdf: 2 artículo(s) extraído(s)
2026-09-19 07:21:57,976 [INFO] etl_papers:   2346-2183/02_123977.FINAL.pdf: 2 artículo(s) extraído(s)
2026-09-19 07:21:59,710 [INFO] etl_papers:   2346-2183/03_121649.FINAL.pdf: 2 artículo(s) extraído(s)
2026-09-19 07:22:01,761 [INFO] etl_papers:   2346-2183/04_121933.FINALl.pdf: 2 artículo(s) extraído(s)
2026-09-19 07:22:03,443 [INFO] etl_papers:   2346-2183/05_124994.FINAL.pdf: 3 artículo(s) extraído(s)
2026-09-19 07:22:04,419 [INFO] etl_papers:   2346-2183/06_123727.FINAL.pdf: 2 artículo(s) extraído(s)
2026-09-19 07:22:05,715 [INFO] etl_papers:   2346-2183/07_125643.FINAL.pdf: 2 artículo(s) extraído(s)
2026-09-19 07:22:07,067 [INFO] etl_papers:   2346-2183/08_122770.FINAL.pdf: 2 artículo(s) extraído(s)
2026-09-19 07:22:09,098 [INFO] etl_papers:   2346-2183/09_122757.FINAL.pdf: 2 artículo(s) extraído(s)
2026-09-19 07:22:10,548 [INFO] etl_papers:   2346-2183/10_123596.FINAL.pdf: 2 artículo(s) extraído(s)
2026-09-19 07:22:11,621 [INFO] etl_papers:   2346-2183/11_124360.FINAL.pdf: 2 artículo(s) extraído(s)
2026-09-19 07:22:12,753 [INFO] etl_papers:   2346-2183/12_123630.FINAL.pdf: 2 artículo(s) extraído(s)
2026-09-19 07:22:13,750 [INFO] etl_papers:   2346-2183/13_124310.FINAL.pdf: 2 artículo(s) extraído(s)
2026-09-19 07:22:14,857 [INFO] etl_papers:   2346-2183/14_124351.FINAL.pdf: 2 artículo(s) extraído(s)
2026-09-19 07:22:16,444 [INFO] etl_papers:   2346-2426/01-Unger+y+Gomez.pdf: 2 artículo(s) extraído(s)
2026-09-19 07:22:17,992 [INFO] etl_papers:   2346-2426/02-Fonnegra+Osorio.pdf: 2 artículo(s) extraído(s)
2026-09-19 07:22:19,649 [INFO] etl_papers:   2346-2426/03-Salazar+y+Bautista.pdf: 3 artículo(s) extraído(s)
2026-09-19 07:22:21,371 [INFO] etl_papers:   2346-2426/04-Dachevsky.pdf: 2 artículo(s) extraído(s)
2026-09-19 07:22:23,443 [INFO] etl_papers:   2346-2426/05-Phuc.pdf: 3 artículo(s) extraído(s)
2026-09-19 07:22:24,832 [INFO] etl_papers:   2346-2426/06-Gonzalez+Munoz.pdf: 2 artículo(s) extraído(s)
2026-09-19 07:22:26,381 [INFO] etl_papers:   2346-2426/07-Pena+Raigoza.pdf: 2 artículo(s) extraído(s)
2026-09-19 07:22:27,758 [INFO] etl_papers:   2346-2426/08-Lozano+Campos.pdf: 2 artículo(s) extraído(s)
2026-09-19 07:22:29,245 [INFO] etl_papers:   2346-2426/09-Bolanos+y+Acosta.pdf: 2 artículo(s) extraído(s)
2026-09-19 07:22:31,686 [INFO] etl_papers:   2346-2426/10-Moscaritolo+Palacio.pdf: 2 artículo(s) extraído(s)
2026-09-19 07:22:36,831 [INFO] etl_papers:   2346-3775/49-12-PB.pdf: 7 artículo(s) extraído(s)
2026-09-19 07:22:41,513 [INFO] etl_papers:   2346-4712/01+V21N2+23204.pdf: 2 artículo(s) extraído(s)
2026-09-19 07:22:43,733 [INFO] etl_papers:   2346-4712/03+V21N2+24128.pdf: 2 artículo(s) extraído(s)
2026-09-19 07:22:45,280 [INFO] etl_papers:   2346-4712/06+V21N2+22663.pdf: 2 artículo(s) extraído(s)
2026-09-19 07:22:47,102 [INFO] etl_papers:   2346-4712/07+v21n2+24052.pdf: 2 artículo(s) extraído(s)
2026-09-19 07:22:49,119 [INFO] etl_papers:   2346-4712/08+v21n2+23365.pdf: 2 artículo(s) extraído(s)
2026-09-19 07:22:52,136 [INFO] etl_papers:   2346-4712/09+V21N2+24329.pdf: 2 artículo(s) extraído(s)
2026-09-19 07:22:53,933 [INFO] etl_papers:   2346-4712/10+v21n2+23065.pdf: 2 artículo(s) extraído(s)
2026-09-19 07:22:55,750 [INFO] etl_papers:   2346-4712/11+V21N2+23900.pdf: 2 artículo(s) extraído(s)
2026-09-19 07:22:57,743 [INFO] etl_papers:   2346-4712/12+V21N2+23346B.pdf: 2 artículo(s) extraído(s)
2026-09-19 07:23:09,699 [INFO] etl_papers:   2357-3260/rcc-es_26_33_3.pdf: 10 artículo(s) extraído(s)
2026-09-19 07:23:10,792 [INFO] etl_papers:   2357-3848/118415.pdf: 2 artículo(s) extraído(s)
2026-09-19 07:23:12,334 [INFO] etl_papers:   2357-3848/118738.pdf: 1 artículo(s) extraído(s)
2026-09-19 07:23:13,225 [INFO] etl_papers:   2357-3848/119657.pdf: 1 artículo(s) extraído(s)
2026-09-19 07:23:14,188 [INFO] etl_papers:   2357-3848/120446.pdf: 2 artículo(s) extraído(s)
2026-09-19 07:23:15,114 [INFO] etl_papers:   2357-3848/120532.pdf: 1 artículo(s) extraído(s)
2026-09-19 07:23:16,050 [INFO] etl_papers:   2357-3848/121355.pdf: 1 artículo(s) extraído(s)
2026-09-19 07:23:17,520 [INFO] etl_papers:   2357-3848/121536.pdf: 1 artículo(s) extraído(s)
2026-09-19 07:23:18,811 [INFO] etl_papers:   2357-3848/123203.pdf: 1 artículo(s) extraído(s)
2026-09-19 07:23:20,512 [INFO] etl_papers:   2357-3848/124518.pdf: 1 artículo(s) extraído(s)
2026-09-19 07:23:21,811 [INFO] etl_papers:   2357-4100/Achak.pdf: 1 artículo(s) extraído(s)
2026-09-19 07:23:23,232 [INFO] etl_papers:   2357-4100/abdaqui.pdf: 1 artículo(s) extraído(s)
2026-09-19 07:23:24,304 [INFO] etl_papers:   2357-4100/azraib.pdf: 1 artículo(s) extraído(s)
2026-09-19 07:23:47,598 [INFO] etl_papers:   2357-4100/cezaro.pdf: 1 artículo(s) extraído(s)
2026-09-19 07:23:49,775 [INFO] etl_papers:   2357-4100/fer-hji-zer.pdf: 1 artículo(s) extraído(s)
2026-09-19 07:23:50,641 [INFO] etl_papers:   2357-4100/lalili.pdf: 1 artículo(s) extraído(s)
2026-09-19 07:23:52,167 [INFO] etl_papers:   2357-4100/lopez.pdf: 1 artículo(s) extraído(s)
2026-09-19 07:23:53,947 [INFO] etl_papers:   2357-4100/mec-abd-dec.pdf: 1 artículo(s) extraído(s)
2026-09-19 07:23:54,650 [INFO] etl_papers:   2357-4100/rothman.pdf: 1 artículo(s) extraído(s)
2026-09-19 07:23:57,111 [INFO] etl_papers:   2357-4100/talha.pdf: 1 artículo(s) extraído(s)
2026-09-19 07:24:04,112 [INFO] etl_papers:   2357-4720/HyS51.pdf: 19 artículo(s) extraído(s)
2026-09-19 07:24:06,763 [INFO] etl_papers:   2357-626X/1-6419-RealidadVirtual_2026.pdf: 2 artículo(s) extraído(s)
2026-09-19 07:24:10,504 [INFO] etl_papers:   2357-626X/2-6187-Biomimetic+Kinetic_2026.pdf: 2 artículo(s) extraído(s)
2026-09-19 07:24:13,811 [INFO] etl_papers:   2357-626X/3-6931-Residenando+aldeas_2026.pdf: 2 artículo(s) extraído(s)
2026-09-19 07:24:16,471 [INFO] etl_papers:   2357-626X/4-4437-CirculacionBrasilGuay-2026.pdf: 2 artículo(s) extraído(s)
2026-09-19 07:24:19,241 [INFO] etl_papers:   2357-626X/5-5878-Semiotica+interpretativa_2026.pdf: 2 artículo(s) extraído(s)
2026-09-19 07:24:23,321 [INFO] etl_papers:   2357-626X/6-7099-Comparativo_2026.pdf: 2 artículo(s) extraído(s)
2026-09-19 07:24:23,947 [INFO] etl_papers:   2357-6308/2-cáncer-próstata-v44-n2.pdf: 2 artículo(s) extraído(s)
2026-09-19 07:24:24,847 [INFO] etl_papers:   2357-6308/3-embarazo-adolescente-v44-n2.pdf: 2 artículo(s) extraído(s)
2026-09-19 07:24:25,514 [INFO] etl_papers:   2357-6308/4-artritis-psoriásica-v44-n2.pdf: 2 artículo(s) extraído(s)
2026-09-19 07:24:26,788 [INFO] etl_papers:   2357-6308/5-servicios-farmacéuticos-v44-n2.pdf: 2 artículo(s) extraído(s)
2026-09-19 07:24:27,497 [INFO] etl_papers:   2357-6308/Revista+45(1)+art+1+chequeo+1.pdf: 2 artículo(s) extraído(s)
2026-09-19 07:24:28,033 [INFO] etl_papers:   2357-6308/Revista+45(1)+art+2+chequeo+1.pdf: 2 artículo(s) extraído(s)
2026-09-19 07:24:28,725 [INFO] etl_papers:   2357-6308/Revista+45(1)+art+3+chequeo+1.pdf: 2 artículo(s) extraído(s)
2026-09-19 07:24:29,191 [INFO] etl_papers:   2357-6308/Revista+45(1)+art+4+chequeo+1.pdf: 2 artículo(s) extraído(s)
2026-09-19 07:24:30,068 [INFO] etl_papers:   2357-6308/Revista+45(1)+art+5+chequeo+2.pdf: 2 artículo(s) extraído(s)
2026-09-19 07:24:30,927 [INFO] etl_papers:   2357-6308/Revista+45(1)+art+6+chequeo+2.pdf: 2 artículo(s) extraído(s)
2026-09-19 07:24:32,454 [INFO] etl_papers:   2382-3860/e6783.pdf: 2 artículo(s) extraído(s)
2026-09-19 07:24:33,925 [INFO] etl_papers:   2382-3860/e6810.pdf: 2 artículo(s) extraído(s)
2026-09-19 07:24:35,364 [INFO] etl_papers:   2382-3860/e6932.pdf: 2 artículo(s) extraído(s)
2026-09-19 07:24:36,741 [INFO] etl_papers:   2382-3860/e7119.pdf: 2 artículo(s) extraído(s)
2026-09-19 07:24:38,523 [INFO] etl_papers:   2382-4018/1.+Desarrollo+de+un+protocolo+de+intervención.pdf: 1 artículo(s) extraído(s)
2026-09-19 07:24:41,718 [INFO] etl_papers:   2382-4018/2.+Competencias+emprendedoras.pdf: 1 artículo(s) extraído(s)
2026-09-19 07:24:43,955 [INFO] etl_papers:   2382-4018/3.+Resistencias+femeninas.pdf: 1 artículo(s) extraído(s)
2026-09-19 07:24:46,693 [INFO] etl_papers:   2382-4018/4.+Una+reflexión+en+torno+a+la+devolución+sistemática.pdf: 1 artículo(s) extraído(s)
2026-09-19 07:24:51,654 [INFO] etl_papers:   2382-4018/5.+Revisão+sistemática+da+literatura.pdf: 0 artículo(s) extraído(s)
2026-09-19 07:24:55,677 [INFO] etl_papers:   2382-4018/6.+Entre+el+combate+y+el+olvido.pdf: 1 artículo(s) extraído(s)
2026-09-19 07:24:59,391 [INFO] etl_papers:   2382-4018/7.+Investigación-Acción-Participativa.pdf: 1 artículo(s) extraído(s)
2026-09-19 07:25:01,176 [INFO] etl_papers:   2382-4581/articulo+1_ID_1655_+publicado.pdf: 1 artículo(s) extraído(s)
2026-09-19 07:25:02,777 [INFO] etl_papers:   2382-4581/articulo+3+ID_733+correccion+220826.pdf: 1 artículo(s) extraído(s)
2026-09-19 07:25:08,048 [INFO] etl_papers:   2382-4581/articulo+4+ID_2108_version_publicada.pdf: 1 artículo(s) extraído(s)
2026-09-19 07:25:10,322 [INFO] etl_papers:   2382-4581/articulo+5+ID+2498_publicado.pdf: 1 artículo(s) extraído(s)
2026-09-19 07:25:11,884 [INFO] etl_papers:   2389-7732/Art+ID+6616,+Vol.+36,+No.1+.pdf: 2 artículo(s) extraído(s)
2026-09-19 07:25:13,181 [INFO] etl_papers:   2389-7732/Art+ID+6649,+No.+04,+Vol.+36-1.pdf: 2 artículo(s) extraído(s)
2026-09-19 07:25:13,928 [INFO] etl_papers:   2389-7732/Art+ID+6849,+Vol.+36,+No.+05.pdf: 2 artículo(s) extraído(s)
2026-09-19 07:25:15,165 [INFO] etl_papers:   2389-7732/Art+ID+6856,+Vol.+36,+02.pdf: 2 artículo(s) extraído(s)
2026-09-19 07:25:16,530 [INFO] etl_papers:   2389-7732/Art+ID+6912,+Vol.+36,+06.pdf: 2 artículo(s) extraído(s)
2026-09-19 07:25:17,880 [INFO] etl_papers:   2389-7732/Art+ID+6917,+Vol.+36,+07.pdf: 2 artículo(s) extraído(s)
2026-09-19 07:25:19,203 [INFO] etl_papers:   2389-7732/Art+ID+7404,+Vol.+36,+09+(2).pdf: 2 artículo(s) extraído(s)
2026-09-19 07:25:20,850 [INFO] etl_papers:   2389-7732/Art.+6720,+Vol.+36,+No.+01..pdf: 2 artículo(s) extraído(s)
2026-09-19 07:25:24,074 [INFO] etl_papers:   2389-7848/1.-+Economic_pagenumber+(1).pdf: 1 artículo(s) extraído(s)
2026-09-19 07:25:26,137 [INFO] etl_papers:   2389-7848/2.-+Emprendimiento.pdf: 2 artículo(s) extraído(s)
2026-09-19 07:25:27,968 [INFO] etl_papers:   2389-7848/3.-+Investigación.pdf: 1 artículo(s) extraído(s)
2026-09-19 07:25:30,367 [INFO] etl_papers:   2389-7848/PLANTILLA+2_7287+Conservación_JRR.pdf: 2 artículo(s) extraído(s)
2026-09-19 07:25:31,603 [INFO] etl_papers:   2389-7848/PLANTILLA+3+(7307)+Capitalismo_JRr&Ss.pdf: 2 artículo(s) extraído(s)
2026-09-19 07:25:33,716 [INFO] etl_papers:   2389-7848/PLANTILLA_10_7368__JRR.pdf: 2 artículo(s) extraído(s)
2026-09-19 07:25:36,091 [INFO] etl_papers:   2389-7856/1_6763+Art_Uso+gamificación+de+actividades_8-31.pdf: 2 artículo(s) extraído(s)
2026-09-19 07:25:37,875 [INFO] etl_papers:   2389-7856/2_6660+Art_Representaciones+sociales+salud_32-50.pdf: 2 artículo(s) extraído(s)
2026-09-19 07:25:41,468 [INFO] etl_papers:   2389-7856/3_6838+Art_Ambientes+activos+modificantes_51-69.pdf: 2 artículo(s) extraído(s)
2026-09-19 07:25:45,723 [INFO] etl_papers:   2389-7856/4_6567+Art_Effectiveness+computerized_70-89.pdf: 2 artículo(s) extraído(s)
2026-09-19 07:25:47,911 [INFO] etl_papers:   2389-7856/5_6851+Art_Prácticas+etnoeducativas+afrocolombia_90-108.pdf: 2 artículo(s) extraído(s)
2026-09-19 07:25:49,659 [INFO] etl_papers:   2389-7856/6_6762+Art_Estrategias+didácticas+lectura_109-128.pdf: 3 artículo(s) extraído(s)
2026-09-19 07:25:52,879 [INFO] etl_papers:   2389-7864/Agudelo+Guerrero...+Intropica.pdf: 1 artículo(s) extraído(s)
2026-09-19 07:25:54,805 [INFO] etl_papers:   2389-7864/Anchila-Arteaga++et+al+Intropica.pdf: 1 artículo(s) extraído(s)
2026-09-19 07:25:56,467 [INFO] etl_papers:   2389-7864/Begambre-Pacheco++et+al.+Intropica.pdf: 2 artículo(s) extraído(s)
2026-09-19 07:25:58,052 [INFO] etl_papers:   2389-7864/Flores-Cruz+et+al.....pdf: 2 artículo(s) extraído(s)
2026-09-19 07:25:59,742 [INFO] etl_papers:   2389-7864/Gamboa+et+al.,.....Intropica.pdf: 2 artículo(s) extraído(s)
2026-09-19 07:26:02,013 [INFO] etl_papers:   2389-7864/Ramirez+et+al...+Intropica.pdf: 1 artículo(s) extraído(s)
2026-09-19 07:26:03,459 [INFO] etl_papers:   2389-7864/Villadiego+Redondo+et+al+2026.pdf: 1 artículo(s) extraído(s)
2026-09-19 07:26:04,849 [INFO] etl_papers:   2389-7864/Yepes+et+al+..2026.pdf: 2 artículo(s) extraído(s)
2026-09-19 07:26:07,628 [INFO] etl_papers:   2389-8194/666-Texto del artículo-1204-3-10-20260901.pdf: 2 artículo(s) extraído(s)
2026-09-19 07:26:09,452 [INFO] etl_papers:   2389-8194/667-Texto del artículo-1205-3-10-20260901.pdf: 2 artículo(s) extraído(s)
2026-09-19 07:26:11,349 [INFO] etl_papers:   2389-8194/669-Texto del artículo-1209-3-10-20260901.pdf: 2 artículo(s) extraído(s)
2026-09-19 07:26:14,347 [INFO] etl_papers:   2389-8194/670-Texto del artículo-1211-3-10-20260901.pdf: 2 artículo(s) extraído(s)
2026-09-19 07:26:15,834 [INFO] etl_papers:   2389-8194/672-Texto del artículo-1215-4-10-20260901.pdf: 2 artículo(s) extraído(s)
2026-09-19 07:26:17,981 [INFO] etl_papers:   2389-8194/673-Texto del artículo-1216-5-10-20260907.pdf: 2 artículo(s) extraído(s)
2026-09-19 07:26:20,279 [INFO] etl_papers:   2389-8194/674-Texto del artículo-1218-2-10-20260901.pdf: 2 artículo(s) extraído(s)
2026-09-19 07:26:22,110 [INFO] etl_papers:   2389-8194/675-Texto del artículo-1220-2-10-20260901.pdf: 2 artículo(s) extraído(s)
2026-09-19 07:26:23,396 [INFO] etl_papers:   2389-8194/680-Texto del artículo-1225-2-10-20260909.pdf: 2 artículo(s) extraído(s)
2026-09-19 07:26:24,399 [INFO] etl_papers:   2389-8194/684-Texto del artículo-1237-2-10-20260915.pdf: 2 artículo(s) extraído(s)
2026-09-19 07:26:26,282 [INFO] etl_papers:   2389-8194/685-Texto del artículo-1239-2-10-20260916.pdf: 2 artículo(s) extraído(s)
2026-09-19 07:26:27,972 [INFO] etl_papers:   2389-8526/5345_VF.pdf: 2 artículo(s) extraído(s)
2026-09-19 07:26:30,800 [INFO] etl_papers:   2389-8526/5404_VF.pdf: 1 artículo(s) extraído(s)
2026-09-19 07:26:32,604 [INFO] etl_papers:   2389-8526/5436_VF2.pdf: 2 artículo(s) extraído(s)
2026-09-19 07:26:33,656 [INFO] etl_papers:   2389-8526/5443_final.pdf: 2 artículo(s) extraído(s)
2026-09-19 07:26:35,043 [INFO] etl_papers:   2389-8526/5481_VF.pdf: 2 artículo(s) extraído(s)
2026-09-19 07:26:36,408 [INFO] etl_papers:   2389-8526/5579_VF.pdf: 2 artículo(s) extraído(s)
2026-09-19 07:26:37,657 [INFO] etl_papers:   2389-9050/(01)-Premios.pdf: 2 artículo(s) extraído(s)
2026-09-19 07:26:38,910 [INFO] etl_papers:   2389-9050/(02)-Relaciones.pdf: 2 artículo(s) extraído(s)
2026-09-19 07:26:40,702 [INFO] etl_papers:   2389-9050/(03)-Labor.pdf: 2 artículo(s) extraído(s)
2026-09-19 07:26:46,249 [INFO] etl_papers:   2389-9050/(04)-Off-farm (1).pdf: 2 artículo(s) extraído(s)
2026-09-19 07:26:49,258 [INFO] etl_papers:   2389-9050/(04)-Off-farm.pdf: 2 artículo(s) extraído(s)
2026-09-19 07:26:50,024 [INFO] etl_papers:   2389-9050/(05)-Tiempo.pdf: 2 artículo(s) extraído(s)
2026-09-19 07:26:55,818 [INFO] etl_papers:   2389-9050/(06)-Remote.pdf: 2 artículo(s) extraído(s)
2026-09-19 07:26:57,994 [INFO] etl_papers:   2389-9050/(07)-Valoración.pdf: 2 artículo(s) extraído(s)
2026-09-19 07:27:04,946 [INFO] etl_papers:   2389-9050/(08)-Making (1).pdf: 2 artículo(s) extraído(s)
2026-09-19 07:27:10,052 [INFO] etl_papers:   2389-9050/(08)-Making.pdf: 2 artículo(s) extraído(s)
2026-09-19 07:27:11,111 [INFO] etl_papers:   2389-9050/01-Paz.pdf: 2 artículo(s) extraído(s)
2026-09-19 07:27:12,168 [INFO] etl_papers:   2389-9050/06-Persistencias.pdf: 2 artículo(s) extraído(s)
2026-09-19 07:27:13,622 [INFO] etl_papers:   2389-9050/07-Afectaciones (1).pdf: 2 artículo(s) extraído(s)
2026-09-19 07:27:14,895 [INFO] etl_papers:   2389-9050/07-Afectaciones.pdf: 2 artículo(s) extraído(s)
2026-09-19 07:27:16,434 [INFO] etl_papers:   2389-9050/08-Produccion.pdf: 2 artículo(s) extraído(s)
2026-09-19 07:27:17,326 [INFO] etl_papers:   2389-9387/Praxis_62_Suplemento_1_Elsa+Godart.pdf: 2 artículo(s) extraído(s)
2026-09-19 07:27:18,285 [INFO] etl_papers:   2389-9387/Praxis_62_Suplemento_2_Mariana+Lorena+Salthu.pdf: 2 artículo(s) extraído(s)
2026-09-19 07:27:19,173 [INFO] etl_papers:   2389-9387/Praxis_62_Suplemento_3_Carlos+Maldonado.pdf: 2 artículo(s) extraído(s)
2026-09-19 07:27:19,835 [INFO] etl_papers:   2389-9387/Praxis_62_Suplemento_4_Ana+María+Ayala.pdf: 2 artículo(s) extraído(s)
2026-09-19 07:27:20,554 [INFO] etl_papers:   2389-9387/Praxis_62_Suplemento_5_Jorge+Francisco+Maldonado.pdf: 2 artículo(s) extraído(s)
2026-09-19 07:27:21,525 [INFO] etl_papers:   2389-9387/Praxis_62_Suplemento_6_Dairon+Alfonso+Rodriguez.pdf: 2 artículo(s) extraído(s)
2026-09-19 07:27:22,425 [INFO] etl_papers:   2389-9387/Praxis_62_Suplemento_7_Luis+Humberto+Hernandez.pdf: 2 artículo(s) extraído(s)
2026-09-19 07:27:27,161 [INFO] etl_papers:   2389-993X/N42e20115346-PDF.pdf: 2 artículo(s) extraído(s)
2026-09-19 07:27:31,698 [INFO] etl_papers:   2389-993X/N42e20215577-PDF.pdf: 2 artículo(s) extraído(s)
2026-09-19 07:27:34,049 [INFO] etl_papers:   2389-993X/N42e20315237-PDF.pdf: 2 artículo(s) extraído(s)
2026-09-19 07:27:36,814 [INFO] etl_papers:   2389-993X/N42e20415473-PDF.pdf: 2 artículo(s) extraído(s)
2026-09-19 07:27:38,421 [INFO] etl_papers:   2389-993X/N42e20515482-PDF.pdf: 2 artículo(s) extraído(s)
2026-09-19 07:27:40,018 [INFO] etl_papers:   2389-993X/N42e20615502-PDF.pdf: 2 artículo(s) extraído(s)
2026-09-19 07:27:42,141 [INFO] etl_papers:   2389-993X/N42e20715543-PDF.pdf: 2 artículo(s) extraído(s)
2026-09-19 07:27:44,737 [INFO] etl_papers:   2389-993X/N42e20815690-PDF.pdf: 2 artículo(s) extraído(s)
2026-09-19 07:27:47,311 [INFO] etl_papers:   2389-993X/N42e20915563-PDF.pdf: 2 artículo(s) extraído(s)
2026-09-19 07:27:50,439 [INFO] etl_papers:   2389-993X/N42e21015456-PDF.pdf: 2 artículo(s) extraído(s)
2026-09-19 07:27:52,158 [INFO] etl_papers:   2389-993X/N42e21115665-PDF.pdf: 2 artículo(s) extraído(s)
2026-09-19 07:27:54,310 [INFO] etl_papers:   2389-993X/N42e21215728-PDF.pdf: 2 artículo(s) extraído(s)
2026-09-19 07:27:56,074 [INFO] etl_papers:   2389-993X/N42e21315064-PDF.pdf: 2 artículo(s) extraído(s)
2026-09-19 07:27:56,925 [INFO] etl_papers:   2389-9980/Cuestiones-v53n120-art09-jesus-sinagoga-nazaret-lucas-4.pdf: 2 artículo(s) extraído(s)
2026-09-19 07:27:57,746 [INFO] etl_papers:   2389-9980/Cuestiones_n120v53_art08_doctrina_social_iglesia_educacion_ecologia_integral.pdf: 2 artículo(s) extraído(s)
2026-09-19 07:27:58,324 [INFO] etl_papers:   2389-9980/Cuestiones_v53n120_art2-Augustine+-Hippo's-+Metaphysical-John.pdf: 2 artículo(s) extraído(s)
2026-09-19 07:27:59,070 [INFO] etl_papers:   2389-9980/Theology-spiritual-palliative-care-CuestionesVol+53No120art7.pdf: 2 artículo(s) extraído(s)
2026-09-19 07:27:59,770 [INFO] etl_papers:   2389-9980/cuestiones_teologicas_v53n120_art03_literatura_contemplacion_misterio_imaginacion_teologica.pdf: 2 artículo(s) extraído(s)
2026-09-19 07:28:00,727 [INFO] etl_papers:   2389-9980/cuestiones_teologicas_v53n120_art07_nuestra_señora_lourdes_globalizacion_fenomeno_culto_mariano_contemporaneo.pdf: 2 artículo(s) extraído(s)
2026-09-19 07:28:01,485 [INFO] etl_papers:   2389-9980/cuestiones_teológicas_v53n120_art1_sentido_sobrematerialidad.pdf: 2 artículo(s) extraído(s)
2026-09-19 07:28:02,216 [INFO] etl_papers:   2389-9980/cuestiones_teológicas_v53n120_art4_soterologia_carta_tito.pdf: 2 artículo(s) extraído(s)
2026-09-19 07:28:03,489 [INFO] etl_papers:   2390-0016/1_352_La+justicia+restaurativa.pdf: 2 artículo(s) extraído(s)
2026-09-19 07:28:04,068 [INFO] etl_papers:   2390-0016/2_275_Regiones+y+provincias.pdf: 2 artículo(s) extraído(s)
2026-09-19 07:28:04,983 [INFO] etl_papers:   2390-0016/3_343_El+principio+de+convencionalidad.pdf: 2 artículo(s) extraído(s)
2026-09-19 07:28:05,527 [INFO] etl_papers:   2390-0016/4_395_El+orden+corporativista.pdf: 2 artículo(s) extraído(s)
2026-09-19 07:28:06,621 [INFO] etl_papers:   2390-0016/7_384_Apuntes+históricos.pdf: 2 artículo(s) extraído(s)
2026-09-19 07:28:07,257 [INFO] etl_papers:   2390-0016/8_294_La+resolución+de+conflictos.pdf: 2 artículo(s) extraído(s)
2026-09-19 07:28:08,035 [INFO] etl_papers:   2390-0016/Derecho-v55n143-art01-inteligencia-artificial-administracion-justicia-politica-publica.pdf: 2 artículo(s) extraído(s)
2026-09-19 07:28:08,715 [INFO] etl_papers:   2390-0016/Derecho-v55n143-art02-pago-incapacidad-medico-laboral-origen-comun-colombia.pdf: 2 artículo(s) extraído(s)
2026-09-19 07:28:09,699 [INFO] etl_papers:   2390-0016/Derecho-v55n143-art03-digitalización-transfronteriza-superar-barreras-cooperación-judicial-internacional-impunidad-crimen-organizado-transnacional.pdf: 2 artículo(s) extraído(s)
2026-09-19 07:28:10,535 [INFO] etl_papers:   2390-0016/Derecho-v55n143-art05-proporcionalidad-legítima-defensa-ley-2197-de-2022.pdf: 2 artículo(s) extraído(s)
2026-09-19 07:28:11,197 [INFO] etl_papers:   2390-0016/Derecho-v55n143-art4-redistribucionismo-penal-derecho-militar-filosofía.pdf: 2 artículo(s) extraído(s)
2026-09-19 07:28:12,045 [INFO] etl_papers:   2390-0016/Rev.+Derecho+vol+54+No+140+art11.pdf: 2 artículo(s) extraído(s)
2026-09-19 07:28:15,688 [INFO] etl_papers:   2422-3182/3565_v12n9_PDF.pdf: 1 artículo(s) extraído(s)
2026-09-19 07:28:19,146 [INFO] etl_papers:   2422-3182/3596_v12n29_PDF_ENG.pdf: 1 artículo(s) extraído(s)
2026-09-19 07:28:21,217 [INFO] etl_papers:   2422-3182/3608_v12n29_PDF.pdf: 1 artículo(s) extraído(s)
2026-09-19 07:28:24,112 [INFO] etl_papers:   2422-3182/3611_v12n29_PDF.pdf: 1 artículo(s) extraído(s)
2026-09-19 07:28:26,748 [INFO] etl_papers:   2422-3182/3631_v12n29_PDF.pdf: 1 artículo(s) extraído(s)
2026-09-19 07:28:29,100 [INFO] etl_papers:   2422-3182/3674_v12n29_PDF.pdf: 1 artículo(s) extraído(s)
2026-09-19 07:28:32,348 [INFO] etl_papers:   2422-3182/3749_v12n29_PDF.pdf: 1 artículo(s) extraído(s)
2026-09-19 07:28:34,652 [INFO] etl_papers:   2422-3182/3862_v12n29_PDF.pdf: 1 artículo(s) extraído(s)
2026-09-19 07:28:35,748 [INFO] etl_papers:   2422-3719/10_Xylella+fastidiosa+management+2019+2025+A+review.pdf: 2 artículo(s) extraído(s)
2026-09-19 07:28:38,830 [INFO] etl_papers:   2422-3719/19(3)_19666+Detection+and+molecular+RCCH19(3).pdf: 2 artículo(s) extraído(s)
2026-09-19 07:28:39,662 [INFO] etl_papers:   2422-3719/1_Strategy+to+mitigate+water+stress+in+passion+fruit+seedlings.pdf: 2 artículo(s) extraído(s)
2026-09-19 07:28:41,012 [INFO] etl_papers:   2422-3719/2_Heavy+metals+on+strawberry.pdf: 2 artículo(s) extraído(s)
2026-09-19 07:28:42,762 [INFO] etl_papers:   2422-3719/3_Proteomic+insights+into+water+stress+in+potato.pdf: 2 artículo(s) extraído(s)
2026-09-19 07:28:43,411 [INFO] etl_papers:   2422-3719/5_Native+Trichoderma+isolates+against+Rhizoctonia+solani.pdf: 2 artículo(s) extraído(s)
2026-09-19 07:28:44,320 [INFO] etl_papers:   2422-3719/6_Relationship+between+seedling+traits+and+recovery+time+in+shallot.pdf: 2 artículo(s) extraído(s)
2026-09-19 07:28:44,997 [INFO] etl_papers:   2422-3719/7_New+weed+hosts+of+begomoviruses+in+colombia.pdf: 2 artículo(s) extraído(s)
2026-09-19 07:28:45,738 [INFO] etl_papers:   2422-3719/8_Non+biological+pollination+in+tomato.pdf: 2 artículo(s) extraído(s)
2026-09-19 07:28:46,423 [INFO] etl_papers:   2422-3719/9_Physicochemical+and+functional+characterization+of+melloco+mucilage+its+possible+agroindustrial+use.pdf: 2 artículo(s) extraído(s)
2026-09-19 07:28:47,349 [INFO] etl_papers:   2422-3794/4_AO+1.pdf: 2 artículo(s) extraído(s)
2026-09-19 07:28:48,117 [INFO] etl_papers:   2422-3794/5_AO+2.pdf: 2 artículo(s) extraído(s)
2026-09-19 07:28:48,544 [INFO] etl_papers:   2422-3794/6_AO+3.pdf: 2 artículo(s) extraído(s)
2026-09-19 07:28:49,079 [INFO] etl_papers:   2422-3794/7_AO+4.pdf: 2 artículo(s) extraído(s)
2026-09-19 07:28:49,743 [INFO] etl_papers:   2422-3794/8_AO+5.pdf: 2 artículo(s) extraído(s)
2026-09-19 07:28:50,589 [INFO] etl_papers:   2422-3794/9_AO+6.pdf: 2 artículo(s) extraído(s)
2026-09-19 07:28:51,522 [INFO] etl_papers:   2422-4200/Logos+18-2_book_v2+(1)-115-137-3-23.pdf: 3 artículo(s) extraído(s)
2026-09-19 07:28:52,149 [INFO] etl_papers:   2422-4200/Logos+18-2_book_v2+(1)-138-149.pdf: 2 artículo(s) extraído(s)
2026-09-19 07:28:53,150 [INFO] etl_papers:   2422-4200/Logos+18-2_book_v2+(1)-15-35.pdf: 2 artículo(s) extraído(s)
2026-09-19 07:28:54,176 [INFO] etl_papers:   2422-4200/Logos+18-2_book_v2+(1)-173-189.pdf: 2 artículo(s) extraído(s)
2026-09-19 07:28:55,640 [INFO] etl_papers:   2422-4200/Logos+18-2_book_v2+(1)-36-59.pdf: 2 artículo(s) extraído(s)
2026-09-19 07:28:57,445 [INFO] etl_papers:   2422-4200/Logos+18-2_book_v2+(1)-60-92.pdf: 2 artículo(s) extraído(s)
2026-09-19 07:28:58,969 [INFO] etl_papers:   2422-4200/Logos+18-2_book_v2+(1)-93-115.pdf: 2 artículo(s) extraído(s)
2026-09-19 07:28:59,803 [INFO] etl_papers:   2462-8190/03-CORREGIDO.pdf: 2 artículo(s) extraído(s)
2026-09-19 07:29:00,421 [INFO] etl_papers:   2462-8190/05.pdf: 2 artículo(s) extraído(s)
2026-09-19 07:29:01,028 [INFO] etl_papers:   2462-8190/BCCM+29(2)_1.pdf: 2 artículo(s) extraído(s)
2026-09-19 07:29:01,405 [INFO] etl_papers:   2462-8190/BCCM+29(2)_10.pdf: 2 artículo(s) extraído(s)
2026-09-19 07:29:01,984 [INFO] etl_papers:   2462-8190/BCCM+29(2)_11.pdf: 2 artículo(s) extraído(s)
2026-09-19 07:29:02,649 [INFO] etl_papers:   2462-8190/BCCM+29(2)_12.pdf: 2 artículo(s) extraído(s)
2026-09-19 07:29:03,398 [INFO] etl_papers:   2462-8190/BCCM+29(2)_13.pdf: 2 artículo(s) extraído(s)
2026-09-19 07:29:04,245 [INFO] etl_papers:   2462-8190/BCCM+29(2)_2.pdf: 2 artículo(s) extraído(s)
2026-09-19 07:29:05,067 [INFO] etl_papers:   2462-8190/BCCM+29(2)_4.pdf: 2 artículo(s) extraído(s)
2026-09-19 07:29:05,426 [INFO] etl_papers:   2462-8190/BCCM+29(2)_6.pdf: 2 artículo(s) extraído(s)
2026-09-19 07:29:06,438 [INFO] etl_papers:   2462-8190/BCCM+29(2)_7.pdf: 2 artículo(s) extraído(s)
2026-09-19 07:29:06,962 [INFO] etl_papers:   2462-8190/BCCM+29(2)_8.pdf: 2 artículo(s) extraído(s)
2026-09-19 07:29:07,815 [INFO] etl_papers:   2462-8190/BCCM+29(2)_9.pdf: 2 artículo(s) extraído(s)
2026-09-19 07:29:07,922 [INFO] etl_papers:   2462-8190/BCCM+29(2)_Contenido.pdf: 1 artículo(s) extraído(s)
2026-09-19 07:29:08,142 [INFO] etl_papers:   2462-8190/BCCM+29(2)_Novedades.pdf: 1 artículo(s) extraído(s)
2026-09-19 07:29:08,213 [INFO] etl_papers:   2462-8190/Bandera.pdf: 1 artículo(s) extraído(s)
2026-09-19 07:29:09,696 [INFO] etl_papers:   2462-859X/01_7109_RLB+26(1)+(2).pdf: 2 artículo(s) extraído(s)
2026-09-19 07:29:11,360 [INFO] etl_papers:   2462-859X/03_7572_RLB+26(1)+(2).pdf: 2 artículo(s) extraído(s)
2026-09-19 07:29:12,426 [INFO] etl_papers:   2462-859X/04_7314_RLB+25(2).pdf: 2 artículo(s) extraído(s)
2026-09-19 07:29:14,155 [INFO] etl_papers:   2462-859X/05_7994_RLB+26(1)+(2).pdf: 2 artículo(s) extraído(s)
2026-09-19 07:29:16,186 [INFO] etl_papers:   2462-859X/06_7631_RLB+25(2).pdf: 2 artículo(s) extraído(s)
2026-09-19 07:29:17,910 [INFO] etl_papers:   2462-859X/06_8027_RLB+26(1)+(3).pdf: 2 artículo(s) extraído(s)
2026-09-19 07:29:19,531 [INFO] etl_papers:   2462-859X/07_7880_RLB+25(2).pdf: 2 artículo(s) extraído(s)
2026-09-19 07:29:21,524 [INFO] etl_papers:   2462-859X/07_8102_RLB+26(1)+(2).pdf: 2 artículo(s) extraído(s)
2026-09-19 07:29:22,805 [INFO] etl_papers:   2462-859X/08_7933_RLB+25(2).pdf: 1 artículo(s) extraído(s)
2026-09-19 07:29:24,412 [INFO] etl_papers:   2462-859X/08_8361_RLB+26(1)+(2).pdf: 2 artículo(s) extraído(s)
2026-09-19 07:29:25,760 [INFO] etl_papers:   2462-8603/Complejidad+textual+y+compresión+de+textos.pdf: 2 artículo(s) extraído(s)
2026-09-19 07:29:27,086 [INFO] etl_papers:   2462-8603/De+dispositivo+pedagógico.pdf: 2 artículo(s) extraído(s)
2026-09-19 07:29:28,163 [INFO] etl_papers:   2462-8603/El+estudio+como+uso+no+apropiativo.pdf: 2 artículo(s) extraído(s)
2026-09-19 07:29:30,335 [INFO] etl_papers:   2462-8603/Emotional+intelligence+as+a+personal+resource+among+teachers+2.pdf: 2 artículo(s) extraído(s)
2026-09-19 07:29:31,521 [INFO] etl_papers:   2462-8603/Modalidades+de+enseñanza+como+espejos+de+la+desigualdad.pdf: 2 artículo(s) extraído(s)
2026-09-19 07:29:32,799 [INFO] etl_papers:   2462-8603/Participación+infantil+disidente.pdf: 2 artículo(s) extraído(s)
2026-09-19 07:29:34,000 [INFO] etl_papers:   2462-8603/Simondon+La+filosofía+y+la+enseñanza.pdf: 2 artículo(s) extraído(s)
2026-09-19 07:29:34,744 [INFO] etl_papers:   2462-8794/document (10).pdf: 2 artículo(s) extraído(s)
2026-09-19 07:29:35,389 [INFO] etl_papers:   2462-8794/document (2).pdf: 2 artículo(s) extraído(s)
2026-09-19 07:29:36,365 [INFO] etl_papers:   2462-8794/document (3).pdf: 2 artículo(s) extraído(s)
2026-09-19 07:29:37,199 [INFO] etl_papers:   2462-8794/document (4).pdf: 3 artículo(s) extraído(s)
2026-09-19 07:29:37,920 [INFO] etl_papers:   2462-8794/document (5).pdf: 2 artículo(s) extraído(s)
2026-09-19 07:29:38,951 [INFO] etl_papers:   2462-8794/document (6).pdf: 2 artículo(s) extraído(s)
2026-09-19 07:29:39,315 [INFO] etl_papers:   2462-8794/document (7).pdf: 2 artículo(s) extraído(s)
2026-09-19 07:29:44,069 [INFO] etl_papers:   2462-8794/document (8).pdf: 0 artículo(s) extraído(s)
2026-09-19 07:29:45,205 [INFO] etl_papers:   2462-8794/document (9).pdf: 2 artículo(s) extraído(s)
2026-09-19 07:29:47,649 [INFO] etl_papers:   2462-9448/01+tecnologias+IOT.pdf: 2 artículo(s) extraído(s)
2026-09-19 07:29:48,947 [INFO] etl_papers:   2462-9448/02+evaluacion+lactosuero.pdf: 2 artículo(s) extraído(s)
2026-09-19 07:29:51,229 [INFO] etl_papers:   2462-9448/04+caraterizacion+bacilos+gram.pdf: 2 artículo(s) extraído(s)
2026-09-19 07:29:54,190 [INFO] etl_papers:   2462-9448/05+metodo+analitico+(2).pdf: 2 artículo(s) extraído(s)
2026-09-19 07:29:56,327 [INFO] etl_papers:   2462-9448/06+emergency+triage.pdf: 2 artículo(s) extraído(s)
2026-09-19 07:29:57,616 [INFO] etl_papers:   2462-9448/07+dislipidemia+(2).pdf: 2 artículo(s) extraído(s)
2026-09-19 07:29:57,802 [INFO] etl_papers:   2462-991X/1.+Art.+De+Fundación+Universitaria+de+Ciencias+de+la+Salud+a+Universidad+FUCS.pdf: 1 artículo(s) extraído(s)
2026-09-19 07:29:58,553 [INFO] etl_papers:   2462-991X/10.+Art.+Modificación+de+la+profifilaxis+antibiótica+en+cirugía+impacto+en+la+adherencia+y+las+infecciones+del+sitio+operatorio.pdf: 1 artículo(s) extraído(s)
2026-09-19 07:29:59,476 [INFO] etl_papers:   2462-991X/2.+Art.+Influencia+del+nivel+educativo+materno+en+los+resultados+perinatales+del+embarazo+adolescente+una+revisión+sistemática.pdf: 1 artículo(s) extraído(s)
2026-09-19 07:29:59,980 [INFO] etl_papers:   2462-991X/3.+Art.+Impacto+de+la+monitoría+intracerebral+por+espectrofotometría+en+pacientes+sometidos+a+cirugía+cardíaca.pdf: 1 artículo(s) extraído(s)
2026-09-19 07:30:00,734 [INFO] etl_papers:   2462-991X/4.+Art.+Incidencia+de+un+primer+infarto+de+miocardio+o+accidente+cerebrovascular+en+pacientes+de+un+programa+de+control+del+riesgo.pdf: 1 artículo(s) extraído(s)
2026-09-19 07:30:01,166 [INFO] etl_papers:   2462-991X/5.+Art.+Percepción+de+los+métodos+de+estudio+en+el+aprendizaje+de+farmacología+en+estudiantes+de+enfermería.pdf: 1 artículo(s) extraído(s)
2026-09-19 07:30:01,735 [INFO] etl_papers:   2462-991X/6.+Art.+Diagnostic+accuracy+of+E-FAST+ultrasound+performed+by+general+surgery+residents.pdf: 2 artículo(s) extraído(s)
2026-09-19 07:30:02,331 [INFO] etl_papers:   2462-991X/7.+Art.+Desenlaces+clínicos+en+pacientes+hemofílicos+operados+en+un+centro+de+referencia.pdf: 1 artículo(s) extraído(s)
2026-09-19 07:30:03,050 [INFO] etl_papers:   2462-991X/8.+Art.+Conocimientos,+actitudes+y+experiencias+de+estudiantes,+padres+y+docentes+sobre+métodos+anticonceptivos+y+educación.pdf: 2 artículo(s) extraído(s)
2026-09-19 07:30:03,447 [INFO] etl_papers:   2462-991X/9.+Art+Prevalencia+de+trastornos+músculo+esqueléticos+en+docentes+de+secundaria.pdf: 1 artículo(s) extraído(s)
2026-09-19 07:30:04,089 [INFO] etl_papers:   2463-0225/4277_stamped.pdf: 2 artículo(s) extraído(s)
2026-09-19 07:30:05,056 [INFO] etl_papers:   2463-0225/4318_stamped (1).pdf: 2 artículo(s) extraído(s)
2026-09-19 07:30:05,957 [INFO] etl_papers:   2463-0225/4318_stamped.pdf: 2 artículo(s) extraído(s)
2026-09-19 07:30:07,025 [INFO] etl_papers:   2463-0225/4347_stamped.pdf: 2 artículo(s) extraído(s)
2026-09-19 07:30:07,882 [INFO] etl_papers:   2463-0225/4349_stamped.pdf: 2 artículo(s) extraído(s)
2026-09-19 07:30:08,769 [INFO] etl_papers:   2463-0225/4430_stamped.pdf: 2 artículo(s) extraído(s)
2026-09-19 07:30:10,272 [INFO] etl_papers:   2463-0225/4433_stamped.pdf: 1 artículo(s) extraído(s)
2026-09-19 07:30:11,523 [INFO] etl_papers:   2463-0225/4510_stamped.pdf: 2 artículo(s) extraído(s)
2026-09-19 07:30:14,227 [INFO] etl_papers:   2463-0470/document (2).pdf: 2 artículo(s) extraído(s)
2026-09-19 07:30:16,137 [INFO] etl_papers:   2463-0470/document (3).pdf: 3 artículo(s) extraído(s)
2026-09-19 07:30:18,472 [INFO] etl_papers:   2463-0470/document (4).pdf: 2 artículo(s) extraído(s)
2026-09-19 07:30:22,632 [INFO] etl_papers:   2463-0470/document (5).pdf: 2 artículo(s) extraído(s)
2026-09-19 07:30:26,183 [INFO] etl_papers:   2463-0470/document (6).pdf: 2 artículo(s) extraído(s)
2026-09-19 07:30:29,972 [INFO] etl_papers:   2463-0470/document (7).pdf: 2 artículo(s) extraído(s)
2026-09-19 07:30:33,244 [INFO] etl_papers:   2463-0470/document (8).pdf: 2 artículo(s) extraído(s)
2026-09-19 07:30:34,706 [INFO] etl_papers:   2463-0470/document (9).pdf: 2 artículo(s) extraído(s)
2026-09-19 07:30:35,458 [INFO] etl_papers:   2463-1469/Eleuthera_Vol28_2+Art+10.pdf: 1 artículo(s) extraído(s)
2026-09-19 07:30:37,047 [INFO] etl_papers:   2463-1469/Eleuthera_Vol28_2+Art+2.pdf: 2 artículo(s) extraído(s)
2026-09-19 07:30:38,074 [INFO] etl_papers:   2463-1469/Eleuthera_Vol28_2+Art+3.pdf: 2 artículo(s) extraído(s)
2026-09-19 07:30:39,137 [INFO] etl_papers:   2463-1469/Eleuthera_Vol28_2+Art+4.pdf: 2 artículo(s) extraído(s)
2026-09-19 07:30:40,426 [INFO] etl_papers:   2463-1469/Eleuthera_Vol28_2+Art+5.pdf: 2 artículo(s) extraído(s)
2026-09-19 07:30:41,173 [INFO] etl_papers:   2463-1469/Eleuthera_Vol28_2+Art+6.pdf: 2 artículo(s) extraído(s)
2026-09-19 07:30:41,958 [INFO] etl_papers:   2463-1469/Eleuthera_Vol28_2+Art+7.pdf: 2 artículo(s) extraído(s)
2026-09-19 07:30:43,260 [INFO] etl_papers:   2463-1469/Eleuthera_Vol28_2+Art+8.pdf: 2 artículo(s) extraído(s)
2026-09-19 07:30:44,155 [INFO] etl_papers:   2463-1469/Eleuthera_Vol28_2+Art+9.pdf: 2 artículo(s) extraído(s)
2026-09-19 07:30:45,151 [INFO] etl_papers:   2500-5316/pr2+rFCB+20(1)_7790+Hernandez&Carrasquilla_2ok.pdf: 2 artículo(s) extraído(s)
2026-09-19 07:30:47,163 [INFO] etl_papers:   2500-5316/pr2+rFCB+20(1)_7973+Duarte+etal_2ok.pdf: 2 artículo(s) extraído(s)
2026-09-19 07:30:48,587 [INFO] etl_papers:   2500-5316/pr2+rFCB+20(1)_8006+Urrea+EtAL_2.pdf: 2 artículo(s) extraído(s)
2026-09-19 07:30:50,132 [INFO] etl_papers:   2500-5316/pr2+rFCB+20(1)_8189+Salamanca_2ok.pdf: 2 artículo(s) extraído(s)
2026-09-19 07:30:52,816 [INFO] etl_papers:   2500-5316/pr3+rFCB+20(1)_8050+Salcedo+EtAL_3ok.pdf: 2 artículo(s) extraído(s)
2026-09-19 07:31:41,540 [INFO] etl_papers:   2500-5316/pr3+rFCB+20(1)_8160+Barrios&Morales_3.pdf: 2 artículo(s) extraído(s)
2026-09-19 07:31:42,531 [INFO] etl_papers:   2500-5324/RLEE_21_2+ART+2.pdf: 2 artículo(s) extraído(s)
2026-09-19 07:31:43,834 [INFO] etl_papers:   2500-5324/RLEE_21_2+ART+3.pdf: 2 artículo(s) extraído(s)
2026-09-19 07:31:44,982 [INFO] etl_papers:   2500-5324/RLEE_21_2+ART+4.pdf: 2 artículo(s) extraído(s)
2026-09-19 07:31:45,812 [INFO] etl_papers:   2500-5324/RLEE_21_2+ART+5.pdf: 2 artículo(s) extraído(s)
2026-09-19 07:31:46,736 [INFO] etl_papers:   2500-5324/RLEE_21_2+ART+6.pdf: 2 artículo(s) extraído(s)
2026-09-19 07:31:48,162 [INFO] etl_papers:   2500-5324/RLEE_21_2+ART+7.pdf: 2 artículo(s) extraído(s)
2026-09-19 07:31:49,224 [INFO] etl_papers:   2500-5324/RLEE_21_2+ART+8.pdf: 2 artículo(s) extraído(s)
2026-09-19 07:31:50,233 [INFO] etl_papers:   2500-5324/RLEE_21_2+ART+9.pdf: 2 artículo(s) extraído(s)
2026-09-19 07:31:51,548 [INFO] etl_papers:   2500-5375/Art.1+Politica+Transformation+in+Enrique+Dussel.pdf: 2 artículo(s) extraído(s)
2026-09-19 07:31:52,678 [INFO] etl_papers:   2500-5375/Art.2+José+Martí's+philosophy.pdf: 2 artículo(s) extraído(s)
2026-09-19 07:31:53,796 [INFO] etl_papers:   2500-5375/Art.4+Hacia+una+arqueología+de+lo+caníbal.pdf: 2 artículo(s) extraído(s)
2026-09-19 07:31:54,788 [INFO] etl_papers:   2500-5375/Art.4+Libertad+y+liberación+en+América+Latina.pdf: 2 artículo(s) extraído(s)
2026-09-19 07:31:55,862 [INFO] etl_papers:   2500-5375/Art.5+La+unidad_principio+y+fin+del+sentido+humano.pdf: 2 artículo(s) extraído(s)
2026-09-19 07:31:57,449 [INFO] etl_papers:   2500-5375/Art.6+Orígenes+y+discursos+ideología+de+género.pdf: 2 artículo(s) extraído(s)
2026-09-19 07:31:58,530 [INFO] etl_papers:   2500-5375/Art.7+Cosmovisiones+de+la+ética+en+un+mundo+tecnificado.pdf: 2 artículo(s) extraído(s)
2026-09-19 07:31:59,795 [INFO] etl_papers:   2500-5375/Art.8+Lo+irracional+ese+monstruo+tan+temido.pdf: 3 artículo(s) extraído(s)
2026-09-19 07:32:00,803 [INFO] etl_papers:   2500-5375/Art.9+Protágoras_intelectualismo+socrático.pdf: 2 artículo(s) extraído(s)
2026-09-19 07:32:00,906 [INFO] etl_papers:   2500-5421/v2_00+editorial+RIIEP19_vol1.pdf: 1 artículo(s) extraído(s)
2026-09-19 07:32:01,812 [INFO] etl_papers:   2500-5421/v2_01+procrastinacion+RIIEP19_vol1.pdf: 3 artículo(s) extraído(s)
2026-09-19 07:32:03,135 [INFO] etl_papers:   2500-5421/v2_02+estimation+autonomy+RIIEP19_vol1.pdf: 2 artículo(s) extraído(s)
2026-09-19 07:32:03,643 [INFO] etl_papers:   2500-5421/v2_05+profe+lab+RIIEP19_vol1.pdf: 2 artículo(s) extraído(s)
2026-09-19 07:32:04,429 [INFO] etl_papers:   2500-5421/v2_06+percepciones+limita+RIIEP19_vol1.pdf: 2 artículo(s) extraído(s)
2026-09-19 07:32:05,728 [INFO] etl_papers:   2500-5421/v2_07+estado+arte+IA+RIIEP19_vol1.pdf: 2 artículo(s) extraído(s)
2026-09-19 07:32:06,576 [INFO] etl_papers:   2500-5421/v2_10+brecha+digital+RIIEP19_vol1.pdf: 2 artículo(s) extraído(s)
2026-09-19 07:32:08,388 [INFO] etl_papers:   2500-5421/v2_11+validacion+escala+RIIEP19_vol1+(1).pdf: 2 artículo(s) extraído(s)
2026-09-19 07:32:09,347 [INFO] etl_papers:   2500-5421/v2_12+factores+incidentes+RIIEP19_vol1.pdf: 2 artículo(s) extraído(s)
2026-09-19 07:32:10,323 [INFO] etl_papers:   2500-5421/v2_13+lectura+critica+RIIEP19_vol1.pdf: 2 artículo(s) extraído(s)
2026-09-19 07:32:11,851 [INFO] etl_papers:   2500-5421/v2_14+instructor+assessment+RIIEP19_vol1.pdf: 2 artículo(s) extraído(s)
2026-09-19 07:32:14,897 [INFO] etl_papers:   2500-6177/10a+(1)(1).pdf: 2 artículo(s) extraído(s)
2026-09-19 07:32:16,580 [INFO] etl_papers:   2500-6177/1a.pdf: 2 artículo(s) extraído(s)
2026-09-19 07:32:19,502 [INFO] etl_papers:   2500-6177/2a.pdf: 2 artículo(s) extraído(s)
2026-09-19 07:32:21,739 [INFO] etl_papers:   2500-6177/4a.pdf: 2 artículo(s) extraído(s)
2026-09-19 07:32:24,342 [INFO] etl_papers:   2500-6177/5a.pdf: 2 artículo(s) extraído(s)
2026-09-19 07:32:27,570 [INFO] etl_papers:   2500-6177/6872842011.pdf: 2 artículo(s) extraído(s)
2026-09-19 07:32:30,119 [INFO] etl_papers:   2500-6177/6872842012.pdf: 2 artículo(s) extraído(s)
2026-09-19 07:32:32,656 [INFO] etl_papers:   2500-6177/6872842013.pdf: 2 artículo(s) extraído(s)
2026-09-19 07:32:35,491 [INFO] etl_papers:   2500-6177/6872842014.pdf: 2 artículo(s) extraído(s)
2026-09-19 07:32:37,265 [INFO] etl_papers:   2500-6177/6872842015.pdf: 2 artículo(s) extraído(s)
2026-09-19 07:32:39,282 [INFO] etl_papers:   2500-6177/6872842016.pdf: 2 artículo(s) extraído(s)
2026-09-19 07:32:41,399 [INFO] etl_papers:   2500-6177/6872842017.pdf: 4 artículo(s) extraído(s)
2026-09-19 07:32:43,486 [INFO] etl_papers:   2500-6177/6a.pdf: 2 artículo(s) extraído(s)
2026-09-19 07:32:46,585 [INFO] etl_papers:   2500-6177/7a1.pdf: 2 artículo(s) extraído(s)
2026-09-19 07:32:48,845 [INFO] etl_papers:   2500-6177/9a1.pdf: 2 artículo(s) extraído(s)
2026-09-19 07:32:48,999 [INFO] etl_papers:   2500-6517/rip-18300.pdf: 1 artículo(s) extraído(s)
2026-09-19 07:32:51,948 [INFO] etl_papers:   2500-6517/rip-18301+(1).pdf: 1 artículo(s) extraído(s)
2026-09-19 07:32:55,490 [INFO] etl_papers:   2500-6517/rip-18302.pdf: 1 artículo(s) extraído(s)
2026-09-19 07:32:58,708 [INFO] etl_papers:   2500-6517/rip-18303.pdf: 1 artículo(s) extraído(s)
2026-09-19 07:33:01,780 [INFO] etl_papers:   2500-6517/rip-18304.pdf: 1 artículo(s) extraído(s)
2026-09-19 07:33:04,357 [INFO] etl_papers:   2500-6517/rip-18305.pdf: 1 artículo(s) extraído(s)
2026-09-19 07:33:06,425 [INFO] etl_papers:   2500-6517/rip-18306.pdf: 1 artículo(s) extraído(s)
2026-09-19 07:33:09,637 [INFO] etl_papers:   2500-6517/rip-18307.pdf: 1 artículo(s) extraído(s)
2026-09-19 07:33:13,684 [INFO] etl_papers:   2500-6517/rip-18308.pdf: 1 artículo(s) extraído(s)
2026-09-19 07:33:15,995 [INFO] etl_papers:   2500-6517/rip-18309.pdf: 1 artículo(s) extraído(s)
2026-09-19 07:33:19,192 [INFO] etl_papers:   2500-6517/rip-18310.pdf: 2 artículo(s) extraído(s)
2026-09-19 07:33:20,263 [INFO] etl_papers:   2500-7645/1527_stamped.pdf: 2 artículo(s) extraído(s)
2026-09-19 07:33:21,692 [INFO] etl_papers:   2500-7645/1577_stamped.pdf: 2 artículo(s) extraído(s)
2026-09-19 07:33:23,727 [INFO] etl_papers:   2500-7645/1610_stamped.pdf: 2 artículo(s) extraído(s)
2026-09-19 07:33:25,874 [INFO] etl_papers:   2500-7645/RCGJMC+24(55)+1.pdf: 2 artículo(s) extraído(s)
2026-09-19 07:33:28,264 [INFO] etl_papers:   2500-7645/RCGJMC+24(55)+2.pdf: 2 artículo(s) extraído(s)
2026-09-19 07:33:29,915 [INFO] etl_papers:   2500-7645/RCGJMC+24(55)+3.pdf: 2 artículo(s) extraído(s)
2026-09-19 07:33:31,641 [INFO] etl_papers:   2500-7645/RCGJMC+24(55)+4.pdf: 2 artículo(s) extraído(s)
2026-09-19 07:33:34,055 [INFO] etl_papers:   2500-7645/RCGJMC+24(55)+5.pdf: 2 artículo(s) extraído(s)
2026-09-19 07:33:35,561 [INFO] etl_papers:   2500-7645/RCGJMC+24(55)+6.pdf: 2 artículo(s) extraído(s)
2026-09-19 07:33:37,057 [INFO] etl_papers:   2500-8684/19149_17_04_2026_V4_DIAG.pdf: 2 artículo(s) extraído(s)
2026-09-19 07:33:38,576 [INFO] etl_papers:   2500-8684/19312_13_04_2026_V4_DIAG.pdf: 2 artículo(s) extraído(s)
2026-09-19 07:33:39,337 [INFO] etl_papers:   2500-8684/19441_13_04_2026_v.31.n.1.pdf: 2 artículo(s) extraído(s)
2026-09-19 07:33:40,599 [INFO] etl_papers:   2500-8684/19691_16_04_2026_V.30-N.2.pdf: 2 artículo(s) extraído(s)
2026-09-19 07:33:42,111 [INFO] etl_papers:   2500-8684/20244_01_07_2026.pdf: 2 artículo(s) extraído(s)
2026-09-19 07:33:43,573 [INFO] etl_papers:   2500-8684/20410_13_04_2026_V4_DIAG.pdf: 2 artículo(s) extraído(s)
2026-09-19 07:33:44,830 [INFO] etl_papers:   2500-8684/20594_01_09_2026_V2_DIAG.pdf: 2 artículo(s) extraído(s)
2026-09-19 07:33:45,955 [INFO] etl_papers:   2500-8684/20967_02_07_2026_V2_DIAG.pdf: 2 artículo(s) extraído(s)
2026-09-19 07:33:47,684 [INFO] etl_papers:   2500-8692/NOVUM+JUS+20-2+art+1+DERECHO+INTERNACIONAL.pdf: 2 artículo(s) extraído(s)
2026-09-19 07:33:48,883 [INFO] etl_papers:   2500-8692/NOVUM+JUS+20-2+art+10+CURRENT.pdf: 2 artículo(s) extraído(s)
2026-09-19 07:33:50,166 [INFO] etl_papers:   2500-8692/NOVUM+JUS+20-2+art+11+DEMOCRACIA.pdf: 2 artículo(s) extraído(s)
2026-09-19 07:33:51,798 [INFO] etl_papers:   2500-8692/NOVUM+JUS+20-2+art+12+EVOLUCIÓN.pdf: 2 artículo(s) extraído(s)
2026-09-19 07:33:53,288 [INFO] etl_papers:   2500-8692/NOVUM+JUS+20-2+art+13+RANKIGN.pdf: 2 artículo(s) extraído(s)
2026-09-19 07:33:54,494 [INFO] etl_papers:   2500-8692/NOVUM+JUS+20-2+art+14+LA+CATEGORIA.pdf: 2 artículo(s) extraído(s)
2026-09-19 07:33:55,984 [INFO] etl_papers:   2500-8692/NOVUM+JUS+20-2+art+15+FUNDAMENTO.pdf: 2 artículo(s) extraído(s)
2026-09-19 07:33:57,334 [INFO] etl_papers:   2500-8692/NOVUM+JUS+20-2+art+2+DEBERES.pdf: 2 artículo(s) extraído(s)
2026-09-19 07:33:58,686 [INFO] etl_papers:   2500-8692/NOVUM+JUS+20-2+art+3+EL+CIBERPODER.pdf: 2 artículo(s) extraído(s)
2026-09-19 07:34:00,395 [INFO] etl_papers:   2500-8692/NOVUM+JUS+20-2+art+4+DE+LA+AUTORREGULACIÓN.pdf: 2 artículo(s) extraído(s)
2026-09-19 07:34:01,793 [INFO] etl_papers:   2500-8692/NOVUM+JUS+20-2+art+5+EL+DESPLZAMIENTO.pdf: 2 artículo(s) extraído(s)
2026-09-19 07:34:03,704 [INFO] etl_papers:   2500-8692/NOVUM+JUS+20-2+art+6+THE+ENVIRONMENTAL.pdf: 2 artículo(s) extraído(s)
2026-09-19 07:34:04,895 [INFO] etl_papers:   2500-8692/NOVUM+JUS+20-2+art+7+SERVICOS+PUBLICOS.pdf: 2 artículo(s) extraído(s)
2026-09-19 07:34:06,773 [INFO] etl_papers:   2500-8692/NOVUM+JUS+20-2+art+8+LA+CONSTRUCCIÓN.pdf: 2 artículo(s) extraído(s)
2026-09-19 07:34:07,840 [INFO] etl_papers:   2500-8692/NOVUM+JUS+20-2+art+9+MAKIGN.pdf: 2 artículo(s) extraído(s)
2026-09-19 07:34:08,632 [INFO] etl_papers:   2538-9866/Envío+Lima.pdf: 2 artículo(s) extraído(s)
2026-09-19 07:34:09,430 [INFO] etl_papers:   2538-9866/v49n2e358489.pdf: 2 artículo(s) extraído(s)
2026-09-19 07:34:10,678 [INFO] etl_papers:   2538-9866/v49n2e358942.pdf: 6 artículo(s) extraído(s)
2026-09-19 07:34:11,725 [INFO] etl_papers:   2538-9866/v49n2e359625Final.pdf: 2 artículo(s) extraído(s)
2026-09-19 07:34:12,454 [INFO] etl_papers:   2538-9866/v49n2e360860FINAL.pdf: 2 artículo(s) extraído(s)
2026-09-19 07:34:15,390 [INFO] etl_papers:   2539-200X/BC-1243.pdf: 2 artículo(s) extraído(s)
2026-09-19 07:34:16,967 [INFO] etl_papers:   2539-200X/BC-1245.pdf: 2 artículo(s) extraído(s)
2026-09-19 07:34:18,414 [INFO] etl_papers:   2539-200X/BC-1247.pdf: 2 artículo(s) extraído(s)
2026-09-19 07:34:19,823 [INFO] etl_papers:   2539-200X/BC-1259.pdf: 2 artículo(s) extraído(s)
2026-09-19 07:34:20,974 [INFO] etl_papers:   2539-200X/BC-1262.pdf: 2 artículo(s) extraído(s)
2026-09-19 07:34:22,374 [INFO] etl_papers:   2539-200X/BC-1263.pdf: 2 artículo(s) extraído(s)
2026-09-19 07:34:23,825 [INFO] etl_papers:   2539-200X/BC-1266.pdf: 2 artículo(s) extraído(s)
2026-09-19 07:34:24,949 [INFO] etl_papers:   2539-200X/BC-1282.pdf: 2 artículo(s) extraído(s)
2026-09-19 07:34:29,176 [INFO] etl_papers:   2539-200X/BC-1302.pdf: 2 artículo(s) extraído(s)
2026-09-19 07:34:29,177 [WARNING] etl_papers:   ✗ No se pudo abrir 3757+BISTUA+v23i1-2025.pdf: Cannot read an empty file
2026-09-19 07:34:29,177 [INFO] etl_papers:   2539-3804/3757+BISTUA+v23i1-2025.pdf: 0 artículo(s) extraído(s)
2026-09-19 07:34:32,028 [INFO] etl_papers:   2539-3804/Online+Language+Learning+in+Colombian+Graduate+Education_+Students’+Perceptions+from+a+Survey+Study.pdf: 2 artículo(s) extraído(s)
2026-09-19 07:34:34,546 [INFO] etl_papers:   2539-3804/v54n01e20115383.pdf: 2 artículo(s) extraído(s)
2026-09-19 07:34:36,712 [INFO] etl_papers:   2539-3804/v54n01e20314919.pdf: 2 artículo(s) extraído(s)
2026-09-19 07:34:41,562 [INFO] etl_papers:   2539-3804/v54n01e20413067.pdf: 2 artículo(s) extraído(s)
2026-09-19 07:34:44,708 [INFO] etl_papers:   2539-3804/v54n01e20515289.pdf: 2 artículo(s) extraído(s)
2026-09-19 07:35:36,203 [INFO] etl_papers:   172-95-PB.pdf: 427 páginas, truncado a 400 para extracción
2026-09-19 07:35:36,426 [INFO] etl_papers:   2539-4711/172-95-PB.pdf: 25 artículo(s) extraído(s)
2026-09-19 07:35:37,417 [INFO] etl_papers:   2539-5203/2.pdf: 2 artículo(s) extraído(s)
2026-09-19 07:35:38,228 [INFO] etl_papers:   2539-5203/3.pdf: 1 artículo(s) extraído(s)
2026-09-19 07:35:39,632 [INFO] etl_papers:   2539-5203/4+(1).pdf: 2 artículo(s) extraído(s)
2026-09-19 07:35:40,256 [INFO] etl_papers:   2539-5203/5.pdf: 2 artículo(s) extraído(s)
2026-09-19 07:35:41,760 [INFO] etl_papers:   2539-5203/6+(2).pdf: 2 artículo(s) extraído(s)
2026-09-19 07:35:42,556 [INFO] etl_papers:   2539-5203/7.pdf: 2 artículo(s) extraído(s)
2026-09-19 07:35:43,976 [INFO] etl_papers:   2539-5203/8.pdf: 2 artículo(s) extraído(s)
2026-09-19 07:35:44,976 [INFO] etl_papers:   2539-5203/9.pdf: 2 artículo(s) extraído(s)
2026-09-19 07:35:49,812 [INFO] etl_papers:   2590-7379/215-187-PB.pdf: 1 artículo(s) extraído(s)
2026-09-19 07:35:57,305 [INFO] etl_papers:   2590-8669/349-106-PB.pdf: 16 artículo(s) extraído(s)
2026-09-19 07:35:58,038 [INFO] etl_papers:   2590-9215/4883.pdf: 0 artículo(s) extraído(s)
2026-09-19 07:35:59,044 [INFO] etl_papers:   2590-9215/5138.pdf: 0 artículo(s) extraído(s)
2026-09-19 07:35:59,859 [INFO] etl_papers:   2590-9215/5439.pdf: 0 artículo(s) extraído(s)
2026-09-19 07:36:01,074 [INFO] etl_papers:   2590-9215/5458.pdf: 0 artículo(s) extraído(s)
2026-09-19 07:36:02,037 [INFO] etl_papers:   2590-9215/5464.pdf: 0 artículo(s) extraído(s)
2026-09-19 07:36:02,738 [INFO] etl_papers:   2590-9215/5524.pdf: 0 artículo(s) extraído(s)
2026-09-19 07:36:06,685 [INFO] etl_papers:   2590-9215/Articulo_4746_Perspectivas+ajustado.pdf: 0 artículo(s) extraído(s)
2026-09-19 07:36:09,061 [INFO] etl_papers:   2590-9215/Articulo_4978_Perspectivas+aj.pdf: 0 artículo(s) extraído(s)
2026-09-19 07:36:11,866 [INFO] etl_papers:   2590-9215/Articulo_5197_Perspectivas+aju.pdf: 0 artículo(s) extraído(s)
2026-09-19 07:36:14,220 [INFO] etl_papers:   2590-9215/Articulo_5394_Perspectivas+aju.pdf: 0 artículo(s) extraído(s)
2026-09-19 07:36:15,834 [INFO] etl_papers:   2590-9215/Articulo_5508_Perspectivas+aju.pdf: 0 artículo(s) extraído(s)
2026-09-19 07:36:16,490 [INFO] etl_papers:   2619-2551/Análisis+Bovinométrico_Met.pdf: 2 artículo(s) extraído(s)
2026-09-19 07:36:17,093 [INFO] etl_papers:   2619-2551/Bacteriocinas_Met.pdf: 2 artículo(s) extraído(s)
2026-09-19 07:36:17,803 [INFO] etl_papers:   2619-2551/Biominería+en+Colombia_met.pdf: 2 artículo(s) extraído(s)
2026-09-19 07:36:18,380 [INFO] etl_papers:   2619-2551/Comportamiento+de+Guazuma_Met.pdf: 2 artículo(s) extraído(s)
2026-09-19 07:36:19,288 [INFO] etl_papers:   2619-2551/Digestibilidad+palma_Met_2.pdf: 2 artículo(s) extraído(s)
2026-09-19 07:36:20,426 [INFO] etl_papers:   2619-2551/E-commerce_met.pdf: 2 artículo(s) extraído(s)
2026-09-19 07:36:21,091 [INFO] etl_papers:   2619-2551/Efectos+metabólicos_Met.pdf: 2 artículo(s) extraído(s)
2026-09-19 07:36:21,732 [INFO] etl_papers:   2619-2551/Erotylinae_met.pdf: 2 artículo(s) extraído(s)
2026-09-19 07:36:22,597 [INFO] etl_papers:   2619-2551/Especies+medicinales_met.pdf: 2 artículo(s) extraído(s)
2026-09-19 07:36:23,276 [INFO] etl_papers:   2619-2551/Incendios+parque+san+cayetano_Met.pdf: 2 artículo(s) extraído(s)
2026-09-19 07:36:24,332 [INFO] etl_papers:   2619-2551/Vertebrados+silvestres_Met.pdf: 2 artículo(s) extraído(s)
2026-09-19 07:36:25,216 [INFO] etl_papers:   2619-2551/propiedades+fisioquímicas_Met.pdf: 2 artículo(s) extraído(s)
2026-09-19 07:36:35,875 [INFO] etl_papers:   187-98-PB.pdf: 667 páginas, truncado a 400 para extracción
2026-09-19 07:36:35,994 [INFO] etl_papers:   2619-4066/187-98-PB.pdf: 27 artículo(s) extraído(s)
2026-09-19 07:36:49,145 [INFO] etl_papers:   2665-1327/Espe112 (1).pdf: 1 artículo(s) extraído(s)
2026-09-19 07:36:51,790 [INFO] etl_papers:   2665-2420/7882_El+tiempo+histórico,+el+futuro+y+la+utilidad+de+la+historia.pdf: 2 artículo(s) extraído(s)
2026-09-19 07:36:54,507 [INFO] etl_papers:   2665-2420/7918_Evaluación+de+ansiedad+en+estudiantes+universitarios.pdf: 2 artículo(s) extraído(s)
2026-09-19 07:36:57,011 [INFO] etl_papers:   2665-2420/7976_Diseño+artesanal+una+mirada+pedagógica+a+la+transmisión.pdf: 2 artículo(s) extraído(s)
2026-09-19 07:36:59,362 [INFO] etl_papers:   2665-2420/8030_Educación+ambiental+y+derechos+de+la+Amazonia.pdf: 2 artículo(s) extraído(s)
2026-09-19 07:37:01,471 [INFO] etl_papers:   2665-2420/8692-Adaptación+de+profesores+migrante+a+la+cultura.pdf: 2 artículo(s) extraído(s)
2026-09-19 07:37:03,614 [INFO] etl_papers:   2665-2420/8710_Trayectorias+migratorias-educativas+de+estudiantes+venezolanos.pdf: 2 artículo(s) extraído(s)
2026-09-19 07:37:04,629 [INFO] etl_papers:   2665-4385/e12822+(2).pdf: 2 artículo(s) extraído(s)
2026-09-19 07:37:05,167 [INFO] etl_papers:   2665-4385/e13089.pdf: 2 artículo(s) extraído(s)
2026-09-19 07:37:05,874 [INFO] etl_papers:   2665-4385/e13573+(2).pdf: 2 artículo(s) extraído(s)
2026-09-19 07:37:06,584 [INFO] etl_papers:   2665-4385/e13641+(1).pdf: 2 artículo(s) extraído(s)
2026-09-19 07:37:07,581 [INFO] etl_papers:   2665-4385/e14037+(1).pdf: 2 artículo(s) extraído(s)
2026-09-19 07:37:09,975 [INFO] etl_papers:   2665-4385/e14234.pdf: 2 artículo(s) extraído(s)
2026-09-19 07:37:11,465 [INFO] etl_papers:   2665-4385/e14251+(2).pdf: 1 artículo(s) extraído(s)
2026-09-19 07:37:13,250 [INFO] etl_papers:   2665-4385/e14432+(1).pdf: 2 artículo(s) extraído(s)
2026-09-19 07:37:15,099 [INFO] etl_papers:   2665-4814/CS48_Amoroso+y+Pinto.pdf: 2 artículo(s) extraído(s)
2026-09-19 07:37:16,913 [INFO] etl_papers:   2665-4814/CS48_Baez+y+Lopez.pdf: 2 artículo(s) extraído(s)
2026-09-19 07:37:18,863 [INFO] etl_papers:   2665-4814/CS48_Bedoya+y+Díaz.pdf: 2 artículo(s) extraído(s)
2026-09-19 07:37:21,049 [INFO] etl_papers:   2665-4814/CS48_Castaneda-Vargas.pdf: 2 artículo(s) extraído(s)
2026-09-19 07:37:22,262 [INFO] etl_papers:   2665-4814/CS48_Cuaical+y+Sanchez.pdf: 2 artículo(s) extraído(s)
2026-09-19 07:37:23,616 [INFO] etl_papers:   2665-4814/CS48_Diaz+et+al.pdf: 2 artículo(s) extraído(s)
2026-09-19 07:37:25,767 [INFO] etl_papers:   2665-4814/CS48_Martínez.pdf: 2 artículo(s) extraído(s)
2026-09-19 07:37:26,835 [INFO] etl_papers:   2665-4814/CS48_Perez.pdf: 2 artículo(s) extraído(s)
2026-09-19 07:37:29,276 [INFO] etl_papers:   2665-5837/666-Texto del artículo-1204-3-10-20260901.pdf: 2 artículo(s) extraído(s)
2026-09-19 07:37:31,159 [INFO] etl_papers:   2665-5837/667-Texto del artículo-1205-3-10-20260901.pdf: 2 artículo(s) extraído(s)
2026-09-19 07:37:32,691 [INFO] etl_papers:   2665-5837/669-Texto del artículo-1209-3-10-20260901.pdf: 2 artículo(s) extraído(s)
2026-09-19 07:37:35,376 [INFO] etl_papers:   2665-5837/670-Texto del artículo-1211-3-10-20260901.pdf: 2 artículo(s) extraído(s)
2026-09-19 07:37:36,753 [INFO] etl_papers:   2665-5837/672-Texto del artículo-1215-4-10-20260901.pdf: 2 artículo(s) extraído(s)
2026-09-19 07:37:38,410 [INFO] etl_papers:   2665-5837/673-Texto del artículo-1216-5-10-20260907.pdf: 2 artículo(s) extraído(s)
2026-09-19 07:37:40,616 [INFO] etl_papers:   2665-5837/674-Texto del artículo-1218-2-10-20260901.pdf: 2 artículo(s) extraído(s)
2026-09-19 07:37:42,444 [INFO] etl_papers:   2665-5837/675-Texto del artículo-1220-2-10-20260901.pdf: 2 artículo(s) extraído(s)
2026-09-19 07:37:43,720 [INFO] etl_papers:   2665-5837/680-Texto del artículo-1225-2-10-20260909.pdf: 2 artículo(s) extraído(s)
2026-09-19 07:37:44,544 [INFO] etl_papers:   2665-5837/684-Texto del artículo-1237-2-10-20260915.pdf: 2 artículo(s) extraído(s)
2026-09-19 07:37:46,484 [INFO] etl_papers:   2665-5837/685-Texto del artículo-1239-2-10-20260916.pdf: 2 artículo(s) extraído(s)
2026-09-19 07:37:47,374 [INFO] etl_papers:   2745-1402/2026-2+ART-1.pdf: 2 artículo(s) extraído(s)
2026-09-19 07:37:48,329 [INFO] etl_papers:   2745-1402/2026-2+ART-2.pdf: 2 artículo(s) extraído(s)
2026-09-19 07:37:49,137 [INFO] etl_papers:   2745-1402/2026-2+ART-3+(2).pdf: 2 artículo(s) extraído(s)
2026-09-19 07:37:49,983 [INFO] etl_papers:   2745-1402/2026-2+ART-4.pdf: 2 artículo(s) extraído(s)
2026-09-19 07:37:50,725 [INFO] etl_papers:   2745-1402/2026-2+ART-5+(1).pdf: 2 artículo(s) extraído(s)
2026-09-19 07:37:51,695 [INFO] etl_papers:   2745-1402/2026-2+ART-6+(1).pdf: 2 artículo(s) extraído(s)
2026-09-19 07:37:52,528 [INFO] etl_papers:   2745-1402/2026-2+ART-7+(2).pdf: 2 artículo(s) extraído(s)
2026-09-19 07:38:01,736 [INFO] etl_papers: Silver papers: 3772 registros de 1824 PDFs -> /home/vydi/recomendador_revistas/src/recomendador_revistas/data/silver/articulos_papers.parquet
2026-09-19 07:38:02,888 [INFO] etl_papers: Gold artículos: 3772 registros -> /home/vydi/recomendador_revistas/src/recomendador_revistas/data/gold/articulos_tokens.parquet
2026-09-19 07:38:03,484 [INFO] etl_papers: Gold revistas (tokens): 247 revistas -> /home/vydi/recomendador_revistas/src/recomendador_revistas/data/gold/revistas_tokens.parquet
2026-09-19 07:38:03,621 [INFO] etl_papers: Gold evaluación/fine-tuning: 3772 registros -> /home/vydi/recomendador_revistas/src/recomendador_revistas/data/gold/manuscritos_relevancia_gold.csv
2026-09-19 07:38:03,621 [INFO] pipeline:   ✓ Papers completado: 3772 artículos en 247 revistas
2026-09-19 07:38:03,623 [INFO] pipeline: 
============================================================
2026-09-19 07:38:03,623 [INFO] pipeline: Duración total de ejecución: 3586.19 segundos
2026-09-19 07:38:03,623 [INFO] pipeline: Log del pipeline registrado en: /home/vydi/recomendador_revistas/src/recomendador_revistas/logs/pipeline_20260919_063817.log
2026-09-19 07:38:03,624 [INFO] pipeline: ============================================================
2026-09-19 07:38:03,624 [INFO] pipeline: ✓ Pipeline finalizado exitosamente.
