2026-09-19 07:56:23,430 [INFO] pipeline: ╔══════════════════════════════════════════════════════════╗
2026-09-19 07:56:23,431 [INFO] pipeline: ║  PIPELINE ETL — Recomendador de Revistas Científicas    ║
2026-09-19 07:56:23,431 [INFO] pipeline: ║  Versión: 1.0.0           Fecha: 2026-09-19 07:56:23       ║
2026-09-19 07:56:23,431 [INFO] pipeline: ╚══════════════════════════════════════════════════════════╝
2026-09-19 07:56:23,431 [INFO] pipeline: 
============================================================
2026-09-19 07:56:23,431 [INFO] pipeline: CAPA PAPERS — Extracción de artículos PDF y tokens normalizados
2026-09-19 07:56:23,432 [INFO] pipeline: ============================================================
2026-09-19 07:57:03,866 [INFO] etl_papers:   0034-7418/RCCQF -55-2 -May-Aug -2026 -Book.pdf: 28 artículo(s) extraído(s)
2026-09-19 07:57:04,543 [INFO] etl_papers:   0034-7426/azraib.pdf: 1 artículo(s) extraído(s)
2026-09-19 07:57:06,186 [INFO] etl_papers:   0034-7426/fer-hji-zer.pdf: 1 artículo(s) extraído(s)
2026-09-19 07:57:06,801 [INFO] etl_papers:   0034-7426/lalili.pdf: 1 artículo(s) extraído(s)
2026-09-19 07:57:08,031 [INFO] etl_papers:   0034-7426/mec-abd-dec.pdf: 1 artículo(s) extraído(s)
2026-09-19 07:57:08,602 [INFO] etl_papers:   0034-7426/rothman.pdf: 1 artículo(s) extraído(s)
2026-09-19 07:57:10,244 [INFO] etl_papers:   0034-7426/talha.pdf: 1 artículo(s) extraído(s)
2026-09-19 07:57:10,367 [INFO] etl_papers:   0072-0992/geocol,+Carta+Editorial.pdf: 1 artículo(s) extraído(s)
2026-09-19 07:57:11,664 [INFO] etl_papers:   0072-0992/geocol,+artículo+2.pdf: 1 artículo(s) extraído(s)
2026-09-19 07:57:12,650 [INFO] etl_papers:   0072-0992/geocol,+artículo+3.pdf: 2 artículo(s) extraído(s)
2026-09-19 07:57:13,222 [INFO] etl_papers:   0072-0992/geocol,+artículo+4.pdf: 2 artículo(s) extraído(s)
2026-09-19 07:57:14,118 [INFO] etl_papers:   0072-0992/geocol,+artículo+5.pdf: 2 artículo(s) extraído(s)
2026-09-19 07:57:15,484 [INFO] etl_papers:   0072-0992/geocol,+artículo+6.pdf: 1 artículo(s) extraído(s)
2026-09-19 07:57:16,866 [INFO] etl_papers:   0120-0283/Análisis+geométrico,+cinemático+y+dinámico+de+estructuras+vetiformes+en+el+sector+SE+del+Distrito+Minero+de+Vetas-California,+Santander,+Colombia.pdf: 2 artículo(s) extraído(s)
2026-09-19 07:57:17,881 [INFO] etl_papers:   0120-0283/Aplicación+de+técnicas+de+clustering+y+machine+learning+en+Google+Earth+Engine+para+detectar+estructuras+asociadas+a+hidrógeno+natural.pdf: 2 artículo(s) extraído(s)
2026-09-19 07:57:18,989 [INFO] etl_papers:   0120-0283/Inversión+conjunta+de+datos+TDEM+de+bajo+y+alto+momento+para+el+mejoramiento+de+los+modelos+del+subsuelo.pdf: 2 artículo(s) extraído(s)
2026-09-19 07:57:20,498 [INFO] etl_papers:   0120-0283/Modelado+hidrológico+en+cuencas+andinas+de+Colombia+bajo+los+escenarios+de+cambio+climático+SSP4.5+y+SSP8.5.pdf: 2 artículo(s) extraído(s)
2026-09-19 07:57:21,827 [INFO] etl_papers:   0120-0283/Predicción+mineralógica+a+partir+de+registros+de+pozos+mediante+aprendizaje+automático.+Estudio+de+caso+de+las+cuencas+del+Valle+Medio+del+Magdalena+y+Catatumbo+(Colombia).pdf: 2 artículo(s) extraído(s)
2026-09-19 07:57:23,010 [INFO] etl_papers:   0120-0283/Venas+hidrotermales+de+barita+en+rocas+metapelíticas+del+suroccidente+del+Macizo+de+Santander,+Colombia_+evidencias+de+ebullición+y+fluidos+moderadamente+salinos+ricos+en+sulfato.pdf: 2 artículo(s) extraído(s)
2026-09-19 07:57:23,654 [INFO] etl_papers:   0120-0380/CatsigerasDOI.pdf: 2 artículo(s) extraído(s)
2026-09-19 07:57:23,955 [INFO] etl_papers:   0120-0380/Goudet-Andrade-Mariano.pdf: 2 artículo(s) extraído(s)
2026-09-19 07:57:24,095 [INFO] etl_papers:   0120-0380/Meleiro-Mariano.pdf: 2 artículo(s) extraído(s)
2026-09-19 07:57:24,310 [INFO] etl_papers:   0120-0380/Tenorio-Mariano.pdf: 1 artículo(s) extraído(s)
2026-09-19 07:57:24,833 [INFO] etl_papers:   0120-0380/carrilloDOI.pdf: 2 artículo(s) extraído(s)
2026-09-19 07:57:25,121 [INFO] etl_papers:   0120-0380/najar.pdf: 6 artículo(s) extraído(s)
2026-09-19 07:57:25,355 [INFO] etl_papers:   0120-0380/siqueira.pdf: 1 artículo(s) extraído(s)
2026-09-19 07:57:25,894 [INFO] etl_papers:   0120-0488/14259-Junio2026 (1).pdf: 2 artículo(s) extraído(s)
2026-09-19 07:57:26,580 [INFO] etl_papers:   0120-0488/14259-Junio2026.pdf: 2 artículo(s) extraído(s)
2026-09-19 07:57:27,011 [INFO] etl_papers:   0120-0488/14342_Thrips_Puno_25iii2026_publicar.pdf: 2 artículo(s) extraído(s)
2026-09-19 07:57:27,769 [INFO] etl_papers:   0120-0488/14363+17+FEB (1).pdf: 2 artículo(s) extraído(s)
2026-09-19 07:57:29,051 [INFO] etl_papers:   0120-0534/0cdd06a7-5db0-4d3a-ae7f-e3d7c75452fa.pdf: 1 artículo(s) extraído(s)
2026-09-19 07:57:31,332 [INFO] etl_papers:   0120-0534/36061cb1-a190-48c7-b922-4ec6424e327f.pdf: 1 artículo(s) extraído(s)
2026-09-19 07:57:33,456 [INFO] etl_papers:   0120-0534/4d2f6389-9d91-4d1b-b5ba-90277d61d908.pdf: 2 artículo(s) extraído(s)
2026-09-19 07:57:36,793 [INFO] etl_papers:   0120-0534/572416c4-fcbc-4faf-a482-1cf6cae9d8ec.pdf: 2 artículo(s) extraído(s)
2026-09-19 07:57:38,525 [INFO] etl_papers:   0120-0534/a01add18-d035-4c33-a257-ee03e7b86a61.pdf: 1 artículo(s) extraído(s)
2026-09-19 07:57:40,286 [INFO] etl_papers:   0120-0534/a031af2b-aab1-4901-b098-315686ab5b51.pdf: 1 artículo(s) extraído(s)
2026-09-19 07:57:41,794 [INFO] etl_papers:   0120-0534/a1c90d59-e93b-4663-925b-97d01218923b.pdf: 2 artículo(s) extraído(s)
2026-09-19 07:57:44,278 [INFO] etl_papers:   0120-0534/b36ec163-3fa3-46a2-ab6d-c36a7e956d9d.pdf: 1 artículo(s) extraído(s)
2026-09-19 07:57:45,889 [INFO] etl_papers:   0120-0534/b624726c-86bf-4f9a-ad12-98070b6058db.pdf: 1 artículo(s) extraído(s)
2026-09-19 07:57:47,605 [INFO] etl_papers:   0120-0534/eca5e543-2b5d-4482-a66a-718ed4e552ff.pdf: 1 artículo(s) extraído(s)
2026-09-19 07:57:47,782 [INFO] etl_papers:   0120-100X/ART+1-38(3)+2025.pdf: 2 artículo(s) extraído(s)
2026-09-19 07:57:48,511 [INFO] etl_papers:   0120-100X/ION_Vol_38N3_25_ART2.pdf: 3 artículo(s) extraído(s)
2026-09-19 07:57:49,150 [INFO] etl_papers:   0120-100X/ION_Vol_38N3_25_ART3+(1).pdf: 3 artículo(s) extraído(s)
2026-09-19 07:57:50,549 [INFO] etl_papers:   0120-100X/ION_Vol_38N3_25_ART4.pdf: 3 artículo(s) extraído(s)
2026-09-19 07:57:51,259 [INFO] etl_papers:   0120-100X/ION_Vol_38N3_25_ART5.pdf: 3 artículo(s) extraído(s)
2026-09-19 07:57:52,787 [INFO] etl_papers:   0120-100X/ION_Vol_38N3_25_ART6.pdf: 3 artículo(s) extraído(s)
2026-09-19 07:57:53,334 [INFO] etl_papers:   0120-131X/Análisis-+postfenomenológico-Inteligencia-Artificial-Cuestiones+Vol+53+No+119.pdf: 2 artículo(s) extraído(s)
2026-09-19 07:57:53,736 [INFO] etl_papers:   0120-131X/Consideración-moral-autómatas-teología-Cuestiones+Vol+53+No+119.pdf: 2 artículo(s) extraído(s)
2026-09-19 07:57:54,287 [INFO] etl_papers:   0120-131X/Cuestiones_n120v53_art08_doctrina_social_iglesia_educacion_ecologia_integral.pdf: 2 artículo(s) extraído(s)
2026-09-19 07:57:54,898 [INFO] etl_papers:   0120-131X/Inteligencia-Artificial-Sagrado-Sentido-de-Vida-Cuestiones+Vol+53+No+119.pdf: 2 artículo(s) extraído(s)
2026-09-19 07:57:55,514 [INFO] etl_papers:   0120-131X/Inteligencia-Artificial-Teología-Espiritualidad-Cuestiones+Vol+53+No+119.pdf: 2 artículo(s) extraído(s)
2026-09-19 07:57:56,255 [INFO] etl_papers:   0120-131X/Inteligencia-Artificial-selección-de-manuscritos-Cuestiones-Vol53-No119.pdf: 2 artículo(s) extraído(s)
2026-09-19 07:57:56,634 [INFO] etl_papers:   0120-131X/Paradoja-teologica-creatividad-artificial-Cuestiones+Vol+53+No+119.pdf: 2 artículo(s) extraído(s)
2026-09-19 07:57:57,184 [INFO] etl_papers:   0120-131X/cuestiones_teologicas_v53n120_art03_literatura_contemplacion_misterio_imaginacion_teologica.pdf: 2 artículo(s) extraído(s)
2026-09-19 07:57:57,830 [INFO] etl_papers:   0120-131X/cuestiones_teológicas_v53n120_art1_sentido_sobrematerialidad.pdf: 2 artículo(s) extraído(s)
2026-09-19 07:59:47,748 [INFO] etl_papers:   0120-2596/4514-1272-PB.pdf: 22 artículo(s) extraído(s)
2026-09-19 07:59:48,112 [INFO] etl_papers:   0120-2952/Rev+Med+Vet+Zoot+72(2)_e121531_Pastorelli.pdf: 1 artículo(s) extraído(s)
2026-09-19 07:59:48,700 [INFO] etl_papers:   0120-2952/Rev+Med+Vet+Zoot+72(3)_e120626_Silva+(2).pdf: 1 artículo(s) extraído(s)
2026-09-19 07:59:49,432 [INFO] etl_papers:   0120-2952/Rev+Med+Vet+Zoot+72(3)_e121043_Perdomo-Ayola.pdf: 2 artículo(s) extraído(s)
2026-09-19 07:59:50,044 [INFO] etl_papers:   0120-2952/Rev+Med+Vet+Zoot+73(1)_e116100_Reátegui+(2).pdf: 1 artículo(s) extraído(s)
2026-09-19 07:59:50,769 [INFO] etl_papers:   0120-2952/Rev+Med+Vet+Zoot+73(1)_e122795_Silva-Igua.pdf: 1 artículo(s) extraído(s)
2026-09-19 07:59:51,513 [INFO] etl_papers:   0120-3630/01_122503.FINAL.pdf: 1 artículo(s) extraído(s)
2026-09-19 07:59:53,413 [INFO] etl_papers:   0120-3630/02_125006.FINAL.pdf: 2 artículo(s) extraído(s)
2026-09-19 07:59:55,248 [INFO] etl_papers:   0120-3630/03_1122602.FINAL.pdf: 2 artículo(s) extraído(s)
2026-09-19 07:59:56,419 [INFO] etl_papers:   0120-3630/04_123035.FINAL.pdf: 2 artículo(s) extraído(s)
2026-09-19 07:59:57,660 [INFO] etl_papers:   0120-3630/05_121702.FINAL.pdf: 2 artículo(s) extraído(s)
2026-09-19 08:00:01,479 [INFO] etl_papers:   0120-3630/06_126481.FINAL.pdf: 2 artículo(s) extraído(s)
2026-09-19 08:00:03,215 [INFO] etl_papers:   0120-3630/07_126164.FINALll.pdf: 2 artículo(s) extraído(s)
2026-09-19 08:00:04,660 [INFO] etl_papers:   0120-3630/08_125470.finalll.pdf: 2 artículo(s) extraído(s)
2026-09-19 08:00:06,047 [INFO] etl_papers:   0120-3630/09_126432.FINALiii.pdf: 2 artículo(s) extraído(s)
2026-09-19 08:00:09,513 [INFO] etl_papers:   0120-3800/Articulo+1+(2025).pdf: 1 artículo(s) extraído(s)
2026-09-19 08:00:11,372 [INFO] etl_papers:   0120-3800/Articulo+2+Maquetado+Rev+19+May+2025.pdf: 1 artículo(s) extraído(s)
2026-09-19 08:00:15,562 [INFO] etl_papers:   0120-3800/Articulo+3+(2025).pdf: 1 artículo(s) extraído(s)
2026-09-19 08:00:18,077 [INFO] etl_papers:   0120-3800/Articulo+4+(2025).pdf: 1 artículo(s) extraído(s)
2026-09-19 08:00:19,732 [INFO] etl_papers:   0120-3800/Articulo+7+(2025).pdf: 1 artículo(s) extraído(s)
2026-09-19 08:00:21,026 [INFO] etl_papers:   0120-3800/Articulo+9+Humor.pdf: 1 artículo(s) extraído(s)
2026-09-19 08:00:22,455 [INFO] etl_papers:   0120-3800/Articulo+9+Maquetado+Final.pdf: 1 artículo(s) extraído(s)
2026-09-19 08:00:24,118 [INFO] etl_papers:   0120-3800/Artículo+5+(2025).pdf: 1 artículo(s) extraído(s)
2026-09-19 08:00:25,837 [INFO] etl_papers:   0120-3800/Artículo+6++(2025).pdf: 1 artículo(s) extraído(s)
2026-09-19 08:00:26,540 [INFO] etl_papers:   0120-3886/Derecho-v55n143-art01-inteligencia-artificial-administracion-justicia-politica-publica.pdf: 2 artículo(s) extraído(s)
2026-09-19 08:00:27,120 [INFO] etl_papers:   0120-3886/Derecho-v55n143-art02-pago-incapacidad-medico-laboral-origen-comun-colombia.pdf: 2 artículo(s) extraído(s)
2026-09-19 08:00:27,946 [INFO] etl_papers:   0120-3886/Derecho-v55n143-art03-digitalización-transfronteriza-superar-barreras-cooperación-judicial-internacional-impunidad-crimen-organizado-transnacional.pdf: 2 artículo(s) extraído(s)
2026-09-19 08:00:28,833 [INFO] etl_papers:   0120-3886/Derecho-v55n143-art05-proporcionalidad-legítima-defensa-ley-2197-de-2022.pdf: 2 artículo(s) extraído(s)
2026-09-19 08:00:29,255 [INFO] etl_papers:   0120-3886/Derecho-v55n143-art4-redistribucionismo-penal-derecho-militar-filosofía.pdf: 2 artículo(s) extraído(s)
2026-09-19 08:00:30,015 [INFO] etl_papers:   0120-419X/Algunas+condiciones+Tauberianas+para+el+producto+de+metódos+de+sumabilidad+ponderada+y+Cesáro+para+sucesiones+triples.pdf: 2 artículo(s) extraído(s)
2026-09-19 08:00:30,420 [INFO] etl_papers:   0120-419X/Análisis+topológico+de+datos+y+su+aplicación+en+mercados+financieros.pdf: 2 artículo(s) extraído(s)
2026-09-19 08:00:31,017 [INFO] etl_papers:   0120-419X/Caracterizaciones+de+la+conexidad+local+mediante+conjuntos+de+no+corte+en+continuos.pdf: 2 artículo(s) extraído(s)
2026-09-19 08:00:31,736 [INFO] etl_papers:   0120-419X/El+efecto+del+aprendizaje+en+la+dinámica+evolutiva+de+la+polinización+por+engaño.pdf: 2 artículo(s) extraído(s)
2026-09-19 08:00:33,144 [INFO] etl_papers:   0120-419X/Polinomios+de+Alexander-Conway+y+bracket+de+una+familia+de+enlaces+pretzel.pdf: 2 artículo(s) extraído(s)
2026-09-19 08:00:33,983 [INFO] etl_papers:   0120-419X/Una+nota+sobre+“contractibilidad”,+“contractibilidad+con+respecto+a”+y+“contractibilidad+en”.pdf: 2 artículo(s) extraído(s)
2026-09-19 08:00:35,528 [INFO] etl_papers:   0120-4211/2936+BISTUA+2025+No1.pdf: 2 artículo(s) extraído(s)
2026-09-19 08:00:37,834 [INFO] etl_papers:   0120-4211/3497+BISTUA+v23i1+2025.pdf: 2 artículo(s) extraído(s)
2026-09-19 08:00:38,782 [INFO] etl_papers:   0120-4211/3563+BISTUA+v23-i1-2025.pdf: 2 artículo(s) extraído(s)
2026-09-19 08:00:39,231 [INFO] etl_papers:   0120-4211/3588+BISTUA+23i1+2025.pdf: 2 artículo(s) extraído(s)
2026-09-19 08:00:40,269 [INFO] etl_papers:   0120-4211/3660+BISTUAv23i1-2025.pdf: 2 artículo(s) extraído(s)
2026-09-19 08:00:41,188 [INFO] etl_papers:   0120-4211/3759+BISTUA+v23i1-2025.pdf: 2 artículo(s) extraído(s)
2026-09-19 08:00:42,758 [INFO] etl_papers:   0120-4211/4032+BISTUA+v23i1-2025.pdf: 2 artículo(s) extraído(s)
2026-09-19 08:00:43,731 [INFO] etl_papers:   0120-4319/UO2025v44n02_Bazan&Fry(Eng+listo).pdf: 2 artículo(s) extraído(s)
2026-09-19 08:00:44,290 [INFO] etl_papers:   0120-4319/UO2025v44n03_Alfaro&Romero(Eng+listo).pdf: 2 artículo(s) extraído(s)
2026-09-19 08:00:45,272 [INFO] etl_papers:   0120-4319/UO2025v44n04_Arevalos_etal(Eng+listo).pdf: 2 artículo(s) extraído(s)
2026-09-19 08:00:45,944 [INFO] etl_papers:   0120-4319/UO2025v44n05_Sotomayor_etal(Eng+listo).pdf: 2 artículo(s) extraído(s)
2026-09-19 08:00:46,725 [INFO] etl_papers:   0120-4319/UO2025v44n06_Morales_etal(Eng+listo).pdf: 2 artículo(s) extraído(s)
2026-09-19 08:00:47,504 [INFO] etl_papers:   0120-4319/UO2025v44n07_Giraldo_etal(Eng+listo).pdf: 2 artículo(s) extraído(s)
2026-09-19 08:00:49,065 [INFO] etl_papers:   0120-4319/UO2025v44n09_Ayala&Paltas(Eng+listo).pdf: 2 artículo(s) extraído(s)
2026-09-19 08:00:50,136 [INFO] etl_papers:   0120-4319/UO2025v44n10_Amaya_etal(Eng+Listo).pdf: 2 artículo(s) extraído(s)
2026-09-19 08:00:51,701 [INFO] etl_papers:   0120-4319/UO2025v44n11_Ortega_etal(Eng+Listo).pdf: 2 artículo(s) extraído(s)
2026-09-19 08:00:52,910 [INFO] etl_papers:   0120-4661/HISTORIA_ESPACIO_66_V22N66a02+(1).pdf: 2 artículo(s) extraído(s)
2026-09-19 08:00:54,282 [INFO] etl_papers:   0120-4661/HISTORIA_ESPACIO_66_V22N66a03+(1).pdf: 2 artículo(s) extraído(s)
2026-09-19 08:00:55,313 [INFO] etl_papers:   0120-4661/HISTORIA_ESPACIO_66_V22N66a04+(1).pdf: 2 artículo(s) extraído(s)
2026-09-19 08:00:57,429 [INFO] etl_papers:   0120-4661/HISTORIA_ESPACIO_66_V22N66a05+(1).pdf: 2 artículo(s) extraído(s)
2026-09-19 08:00:59,032 [INFO] etl_papers:   0120-4661/HISTORIA_ESPACIO_66_V22N66a06+(1).pdf: 2 artículo(s) extraído(s)
2026-09-19 08:01:01,426 [INFO] etl_papers:   0120-4807/upsala6592891002.pdf: 1 artículo(s) extraído(s)
2026-09-19 08:01:04,533 [INFO] etl_papers:   0120-4807/upsala6592891003.pdf: 2 artículo(s) extraído(s)
2026-09-19 08:01:07,172 [INFO] etl_papers:   0120-4807/upsala6592891005.pdf: 2 artículo(s) extraído(s)
2026-09-19 08:01:10,001 [INFO] etl_papers:   0120-4807/upsala6592891007.pdf: 2 artículo(s) extraído(s)
2026-09-19 08:01:12,023 [INFO] etl_papers:   0120-4807/upsala6592891008.pdf: 2 artículo(s) extraído(s)
2026-09-19 08:01:12,545 [INFO] etl_papers:   0120-4874/Revista+45(1)+art+1+chequeo+1.pdf: 2 artículo(s) extraído(s)
2026-09-19 08:01:12,919 [INFO] etl_papers:   0120-4874/Revista+45(1)+art+3+chequeo+1.pdf: 2 artículo(s) extraído(s)
2026-09-19 08:01:13,201 [INFO] etl_papers:   0120-4874/Revista+45(1)+art+4+chequeo+1.pdf: 2 artículo(s) extraído(s)
2026-09-19 08:01:13,955 [INFO] etl_papers:   0120-4874/Revista+45(1)+art+5+chequeo+2.pdf: 2 artículo(s) extraído(s)
2026-09-19 08:01:14,529 [INFO] etl_papers:   0120-548X/118301_Versión_Final_2026.pdf: 2 artículo(s) extraído(s)
2026-09-19 08:01:14,965 [INFO] etl_papers:   0120-548X/119244_Versión_Final.pdf: 2 artículo(s) extraído(s)
2026-09-19 08:01:15,627 [INFO] etl_papers:   0120-548X/122028_Versión_Final.pdf: 2 artículo(s) extraído(s)
2026-09-19 08:01:16,161 [INFO] etl_papers:   0120-548X/122217_Versión_Final_2026.pdf: 2 artículo(s) extraído(s)
2026-09-19 08:01:16,628 [INFO] etl_papers:   0120-548X/122370_Versión_Final_2026.pdf: 2 artículo(s) extraído(s)
2026-09-19 08:01:17,303 [INFO] etl_papers:   0120-548X/123341_Versión_Final_2026.pdf: 2 artículo(s) extraído(s)
2026-09-19 08:01:17,911 [INFO] etl_papers:   0120-548X/123457_Versión_Final.pdf: 1 artículo(s) extraído(s)
2026-09-19 08:01:18,517 [INFO] etl_papers:   0120-548X/124113_Versión_Final_2026.pdf: 2 artículo(s) extraído(s)
2026-09-19 08:01:19,068 [INFO] etl_papers:   0120-548X/124267_Versión_Final_2026.pdf: 2 artículo(s) extraído(s)
2026-09-19 08:01:24,909 [INFO] etl_papers:   0120-5498/med-v47-n2.pdf: 27 artículo(s) extraído(s)
2026-09-19 08:01:25,624 [INFO] etl_papers:   0120-5587/05Edición89.pdf: 2 artículo(s) extraído(s)
2026-09-19 08:01:26,244 [INFO] etl_papers:   0120-5587/06Edición89.pdf: 2 artículo(s) extraído(s)
2026-09-19 08:01:27,033 [INFO] etl_papers:   0120-5587/07Edición89.pdf: 2 artículo(s) extraído(s)
2026-09-19 08:01:27,665 [INFO] etl_papers:   0120-5587/08Edición89.pdf: 2 artículo(s) extraído(s)
2026-09-19 08:01:28,293 [INFO] etl_papers:   0120-5587/09Edición89+(1).pdf: 2 artículo(s) extraído(s)
2026-09-19 08:01:29,149 [INFO] etl_papers:   0120-5587/10Edición89.pdf: 2 artículo(s) extraído(s)
2026-09-19 08:01:33,898 [INFO] etl_papers:   0120-5927/50-36-PB.pdf: 12 artículo(s) extraído(s)
2026-09-19 08:01:35,350 [INFO] etl_papers:   0120-6346/Dialnet-DeterminantesDoCrescimentoEconomicoEmMunicipiosBra-10537749.pdf: 2 artículo(s) extraído(s)
2026-09-19 08:01:36,567 [INFO] etl_papers:   0120-6346/Dialnet-LasExportacionesDepartamentalesColombianasYSusDete-10537750.pdf: 2 artículo(s) extraído(s)
2026-09-19 08:01:38,129 [INFO] etl_papers:   0120-6346/Dialnet-ResilienciaFiscalDeLaRecaudacionPredialAnteChoques-10537751.pdf: 2 artículo(s) extraído(s)
2026-09-19 08:01:39,696 [INFO] etl_papers:   0120-6346/Dialnet-SaldosMonetariosRealesYAportesDesdeLaEconomiaCondu-10537748.pdf: 2 artículo(s) extraído(s)
2026-09-19 08:01:48,375 [INFO] etl_papers:   0120-9957/57-121-PB.pdf: 41 artículo(s) extraído(s)
2026-09-19 08:01:48,940 [INFO] etl_papers:   0121-0319/5-+UIS_RM+V38+N3+-+ART+6.pdf: 2 artículo(s) extraído(s)
2026-09-19 08:01:49,478 [INFO] etl_papers:   0121-0319/6-+UIS_RM+V38+N3+-+ART+5.pdf: 2 artículo(s) extraído(s)
2026-09-19 08:01:50,249 [INFO] etl_papers:   0121-0319/6-+UIS_RM+V38+N3+-+ART+7+(2).pdf: 2 artículo(s) extraído(s)
2026-09-19 08:01:50,728 [INFO] etl_papers:   0121-0319/art-1.pdf: 2 artículo(s) extraído(s)
2026-09-19 08:01:51,154 [INFO] etl_papers:   0121-0319/art-2_publicar-2-10-2025.pdf: 2 artículo(s) extraído(s)
2026-09-19 08:01:51,732 [INFO] etl_papers:   0121-117X/Dialnet-ConcentracionDeLaTierraYSusEfectosSobreElCrecimien-10285228.pdf: 2 artículo(s) extraído(s)
2026-09-19 08:01:52,133 [INFO] etl_papers:   0121-117X/Dialnet-ProductividadComparadaInternacional-10243902.pdf: 2 artículo(s) extraído(s)
2026-09-19 08:01:52,717 [INFO] etl_papers:   0121-117X/Dialnet-TheGlobalValueChainInTheHorticulturalAgroexportEnc-10153103.pdf: 2 artículo(s) extraído(s)
2026-09-19 08:01:55,133 [INFO] etl_papers:   0121-117X/Dialnet-TheLabourTheoryOfValueAndTheProblemsOfOtherTheorie-10153105.pdf: 2 artículo(s) extraído(s)
2026-09-19 08:01:55,879 [INFO] etl_papers:   0121-3814/Ted+59+Art.+17402.pdf: 2 artículo(s) extraído(s)
2026-09-19 08:01:56,624 [INFO] etl_papers:   0121-3814/Ted+59+Art.+21879.pdf: 2 artículo(s) extraído(s)
2026-09-19 08:01:57,369 [INFO] etl_papers:   0121-3814/Ted+59+Art.+22099.pdf: 2 artículo(s) extraído(s)
2026-09-19 08:01:58,002 [INFO] etl_papers:   0121-3814/Ted+59+Art.+22130.pdf: 2 artículo(s) extraído(s)
2026-09-19 08:01:59,066 [INFO] etl_papers:   0121-3814/Ted+59+Art.+22209.pdf: 4 artículo(s) extraído(s)
2026-09-19 08:01:59,881 [INFO] etl_papers:   0121-3814/Ted+59+Art.+22283.pdf: 2 artículo(s) extraído(s)
2026-09-19 08:02:00,565 [INFO] etl_papers:   0121-3814/Ted+59+Art.+22406.pdf: 2 artículo(s) extraído(s)
2026-09-19 08:02:01,284 [INFO] etl_papers:   0121-3814/Ted+59+Art.+22437.pdf: 2 artículo(s) extraído(s)
2026-09-19 08:02:02,039 [INFO] etl_papers:   0121-3814/Ted+59+Art.+22605.pdf: 3 artículo(s) extraído(s)
2026-09-19 08:02:02,814 [INFO] etl_papers:   0121-3814/Ted+59+Art.+22633.pdf: 2 artículo(s) extraído(s)
2026-09-19 08:02:03,626 [INFO] etl_papers:   0121-3814/Ted+59+Art.+22635.pdf: 2 artículo(s) extraído(s)
2026-09-19 08:02:04,399 [INFO] etl_papers:   0121-3814/Ted+59+Art.+22993.pdf: 2 artículo(s) extraído(s)
2026-09-19 08:02:05,147 [INFO] etl_papers:   0121-3814/Ted+59+Art.+23023.pdf: 3 artículo(s) extraído(s)
2026-09-19 08:02:06,114 [INFO] etl_papers:   0121-4705/1_ADNIepri_ok.pdf: 2 artículo(s) extraído(s)
2026-09-19 08:02:06,749 [INFO] etl_papers:   0121-4705/2_FalsBorda_ok.pdf: 2 artículo(s) extraído(s)
2026-09-19 08:02:07,803 [INFO] etl_papers:   0121-4705/3_PazIepri_ok.pdf: 4 artículo(s) extraído(s)
2026-09-19 08:02:08,534 [INFO] etl_papers:   0121-4705/4_TerritorioIepri_ok.pdf: 2 artículo(s) extraído(s)
2026-09-19 08:02:09,532 [INFO] etl_papers:   0121-4705/5_ProcesosPaz_ok.pdf: 2 artículo(s) extraído(s)
2026-09-19 08:02:10,120 [INFO] etl_papers:   0121-4705/6_Testimonio_ok.pdf: 2 artículo(s) extraído(s)
2026-09-19 08:02:10,637 [INFO] etl_papers:   0121-4705/7_Bibliométrico_ok.pdf: 3 artículo(s) extraído(s)
2026-09-19 08:02:11,677 [INFO] etl_papers:   0121-4705/8_Mapeo_ok.pdf: 2 artículo(s) extraído(s)
2026-09-19 08:02:12,704 [INFO] etl_papers:   0121-4705/9_Debatejurídico_ok.pdf: 2 artículo(s) extraído(s)
2026-09-19 08:02:15,125 [INFO] etl_papers:   0121-5051/Art.+1+Matriz+Semáforo+VF_OJS_(21.10.2025).pdf: 2 artículo(s) extraído(s)
2026-09-19 08:02:17,691 [INFO] etl_papers:   0121-5051/Art.+10.+Análise+comparativa+do+nível+de+transparência_VF+OJS_(15.10.2025).pdf: 2 artículo(s) extraído(s)
2026-09-19 08:02:19,910 [INFO] etl_papers:   0121-5051/Art.+2_Componentes+de+la+divulgación+corporativa_VF+OJS_(15.10.2025).pdf: 2 artículo(s) extraído(s)
2026-09-19 08:02:21,991 [INFO] etl_papers:   0121-5051/Art.+3+Enfoques+de+materialidad+aplicados+en+Colombia_VF+OJS_(15.10.2025).pdf: 2 artículo(s) extraído(s)
2026-09-19 08:02:24,196 [INFO] etl_papers:   0121-5051/Art.+4_CSR+Program+with+Religious+Characteristics_VF+OJS_(15.10.2025).pdf: 2 artículo(s) extraído(s)
2026-09-19 08:02:26,715 [INFO] etl_papers:   0121-5051/Art.+5_Combined+Assurance+Models+and+Sustainability+Assurance_VF+OJS_(15.10.2025).pdf: 2 artículo(s) extraído(s)
2026-09-19 08:02:28,906 [INFO] etl_papers:   0121-5051/Art.+6_Los+Reportes+Nacionales+Voluntarios_VF+OJS_(15.10.2025).pdf: 2 artículo(s) extraído(s)
2026-09-19 08:02:31,272 [INFO] etl_papers:   0121-5051/Art.+7_Practicas+de+divulgación+de+sostenibilidad_VF+OJS_(15.10.2025).pdf: 2 artículo(s) extraído(s)
2026-09-19 08:02:34,020 [INFO] etl_papers:   0121-5051/Art.+8_El+trabajo+en+tiempos+de+crisis_VF+OJS_(15.10.2025).pdf: 2 artículo(s) extraído(s)
2026-09-19 08:02:36,566 [INFO] etl_papers:   0121-5051/Art.+9.+La+divulgación+del+capital+intelectual_DiagramadoVF+OJS_(15.10.2025).pdf: 2 artículo(s) extraído(s)
2026-09-19 08:02:37,922 [INFO] etl_papers:   0121-747X/Art10V15N2-162-187.pdf: 1 artículo(s) extraído(s)
2026-09-19 08:02:38,490 [INFO] etl_papers:   0121-747X/Art1V15N2-8-25.pdf: 2 artículo(s) extraído(s)
2026-09-19 08:02:38,943 [INFO] etl_papers:   0121-747X/Art2V15N2-26-40.pdf: 3 artículo(s) extraído(s)
2026-09-19 08:02:39,846 [INFO] etl_papers:   0121-747X/Art3V15N2-41-64.pdf: 1 artículo(s) extraído(s)
2026-09-19 08:02:40,198 [INFO] etl_papers:   0121-747X/Art4V15N2-65-75.pdf: 2 artículo(s) extraído(s)
2026-09-19 08:02:40,486 [INFO] etl_papers:   0121-747X/Art5V15N2-76-84.pdf: 1 artículo(s) extraído(s)
2026-09-19 08:02:41,651 [INFO] etl_papers:   0121-747X/Art6V15N2-85-104.pdf: 1 artículo(s) extraído(s)
2026-09-19 08:02:42,534 [INFO] etl_papers:   0121-747X/Art7V15N2-105-122.pdf: 2 artículo(s) extraído(s)
2026-09-19 08:02:42,938 [INFO] etl_papers:   0121-747X/Art8V15N2-123-135.pdf: 2 artículo(s) extraído(s)
2026-09-19 08:02:44,201 [INFO] etl_papers:   0121-747X/Art9V15N2-136-161.pdf: 2 artículo(s) extraído(s)
2026-09-19 08:02:44,949 [INFO] etl_papers:   0122-5197/ananoguera17,+2.1+Cantero.pdf: 2 artículo(s) extraído(s)
2026-09-19 08:02:46,089 [INFO] etl_papers:   0122-5197/ananoguera17,+2.2+Mora.pdf: 2 artículo(s) extraído(s)
2026-09-19 08:02:47,743 [INFO] etl_papers:   0122-5197/ananoguera17,+2.3+Bonvini.pdf: 2 artículo(s) extraído(s)
2026-09-19 08:02:48,470 [INFO] etl_papers:   0122-5197/ananoguera17,+2.4+Rodríguez.pdf: 2 artículo(s) extraído(s)
2026-09-19 08:02:49,844 [INFO] etl_papers:   0122-5197/ananoguera17,+2.5+Zarama.pdf: 2 artículo(s) extraído(s)
2026-09-19 08:02:50,838 [INFO] etl_papers:   0122-5197/ananoguera17,+2.6+Mansilla,+Muñoz,+Piñones.pdf: 2 artículo(s) extraído(s)
2026-09-19 08:02:52,703 [INFO] etl_papers:   0122-7483/Art-890_Ajem.pdf: 2 artículo(s) extraído(s)
2026-09-19 08:02:54,533 [INFO] etl_papers:   0122-7483/Art-900_Ajem.pdf: 2 artículo(s) extraído(s)
2026-09-19 08:02:56,555 [INFO] etl_papers:   0122-7483/Art-924_ajem.pdf: 2 artículo(s) extraído(s)
2026-09-19 08:02:58,167 [INFO] etl_papers:   0122-7483/Art-939_Ajem.pdf: 2 artículo(s) extraído(s)
2026-09-19 08:03:00,281 [INFO] etl_papers:   0122-7483/Art-954_ajem.pdf: 2 artículo(s) extraído(s)
2026-09-19 08:03:07,818 [INFO] etl_papers:   0122-8803/312-150-PB.pdf: 16 artículo(s) extraído(s)
2026-09-19 08:03:09,547 [INFO] etl_papers:   0122-9729/Dialnet-ConstruccionDisciplinarEnTrabajoSocialUniversidadD-5097456.pdf: 2 artículo(s) extraído(s)
2026-09-19 08:03:10,375 [INFO] etl_papers:   0122-9729/Dialnet-LaImportanciaDeLaHistoriaDelTrabajoSocialParaConst-5097450.pdf: 2 artículo(s) extraído(s)
2026-09-19 08:03:11,297 [INFO] etl_papers:   0122-9729/Dialnet-LasEscuelasDeServicioSocialEnColombia19361958-5097453.pdf: 2 artículo(s) extraído(s)
2026-09-19 08:03:11,944 [INFO] etl_papers:   0122-9729/Dialnet-MemoriasDeUnCorpusBibliograficoParaElEstadoDelArte-5097458.pdf: 2 artículo(s) extraído(s)
2026-09-19 08:03:12,493 [INFO] etl_papers:   0122-9729/Dialnet-TrabajoSocial-5097460.pdf: 2 artículo(s) extraído(s)
2026-09-19 08:03:13,025 [INFO] etl_papers:   0123-3734/Dialnet-EstandaresDeRSE-10585071.pdf: 2 artículo(s) extraído(s)
2026-09-19 08:03:13,472 [INFO] etl_papers:   0123-3734/Dialnet-LaGestionEmpresarialEnElMarcoDeLasIdeasSobreSosten-10585072.pdf: 2 artículo(s) extraído(s)
2026-09-19 08:03:14,159 [INFO] etl_papers:   0123-3734/Dialnet-LaInnovacionYLaVentajaCompetitivaEnEmpresasManufac-10585074.pdf: 2 artículo(s) extraído(s)
2026-09-19 08:03:14,693 [INFO] etl_papers:   0123-4250/791-Texto del artículo-2034-1-10-20250821.pdf: 2 artículo(s) extraído(s)
2026-09-19 08:03:15,562 [INFO] etl_papers:   0123-4250/792-Texto del artículo-2036-1-10-20250821.pdf: 2 artículo(s) extraído(s)
2026-09-19 08:03:16,382 [INFO] etl_papers:   0123-4250/794-Texto del artículo-2038-1-10-20250822.pdf: 4 artículo(s) extraído(s)
2026-09-19 08:03:17,426 [INFO] etl_papers:   0123-4250/795-Texto del artículo-2040-1-10-20250822.pdf: 2 artículo(s) extraído(s)
2026-09-19 08:03:18,551 [INFO] etl_papers:   0123-4471/Virajes+28(1)_1.pdf: 1 artículo(s) extraído(s)
2026-09-19 08:03:19,360 [INFO] etl_papers:   0123-4471/Virajes+28(1)_2.pdf: 1 artículo(s) extraído(s)
2026-09-19 08:03:20,266 [INFO] etl_papers:   0123-4471/Virajes+28(1)_3.pdf: 2 artículo(s) extraído(s)
2026-09-19 08:03:21,001 [INFO] etl_papers:   0123-4471/Virajes+28(1)_4.pdf: 1 artículo(s) extraído(s)
2026-09-19 08:03:21,960 [INFO] etl_papers:   0123-4471/Virajes+28(1)_5.pdf: 1 artículo(s) extraído(s)
2026-09-19 08:03:23,169 [INFO] etl_papers:   0123-4471/Virajes+28(1)_6.pdf: 1 artículo(s) extraído(s)
2026-09-19 08:03:24,362 [INFO] etl_papers:   0123-4471/Virajes+28(1)_7.pdf: 1 artículo(s) extraído(s)
2026-09-19 08:03:25,699 [INFO] etl_papers:   0123-4471/Virajes+28(1)_8.pdf: 1 artículo(s) extraído(s)
2026-09-19 08:03:26,552 [INFO] etl_papers:   0123-4641/22952+V28_N1_Art5_22952+RV1.pdf: 2 artículo(s) extraído(s)
2026-09-19 08:03:27,069 [INFO] etl_papers:   0123-4641/22956+CALJ+28-22956+final.pdf: 2 artículo(s) extraído(s)
2026-09-19 08:03:28,487 [INFO] etl_papers:   0123-4641/23158+V28_N1_Art1_23158+RV2+(1).pdf: 2 artículo(s) extraído(s)
2026-09-19 08:03:29,093 [INFO] etl_papers:   0123-4641/23179+V28_N1_Art3_23179+RV1.pdf: 2 artículo(s) extraído(s)
2026-09-19 08:03:29,549 [INFO] etl_papers:   0123-4641/23270+CALJ+28-23270+Final.pdf: 2 artículo(s) extraído(s)
2026-09-19 08:03:30,148 [INFO] etl_papers:   0123-4641/23285+V28_N1_Art4_23285+RV1.pdf: 2 artículo(s) extraído(s)
2026-09-19 08:03:30,608 [INFO] etl_papers:   0123-4641/23728+CALJ+28-23728+final.pdf: 2 artículo(s) extraído(s)
2026-09-19 08:03:31,002 [INFO] etl_papers:   0123-4641/23869+CALJ+final.pdf: 2 artículo(s) extraído(s)
2026-09-19 08:03:32,555 [INFO] etl_papers:   0123-5362/02-15809-RevEconomiaUR-28-1_ELora.pdf: 2 artículo(s) extraído(s)
2026-09-19 08:03:34,760 [INFO] etl_papers:   0123-5362/03-15759-RevEconomiaUR-28-1_Dcortes.pdf: 2 artículo(s) extraído(s)
2026-09-19 08:03:36,690 [INFO] etl_papers:   0123-5362/03-15766.pdf: 2 artículo(s) extraído(s)
2026-09-19 08:03:39,601 [INFO] etl_papers:   0123-5362/04-16048-RevEconomiaUR-28-1_LCaravaggio.pdf: 2 artículo(s) extraído(s)
2026-09-19 08:03:41,977 [INFO] etl_papers:   0123-5362/15853_final+g.pdf: 1 artículo(s) extraído(s)
2026-09-19 08:03:43,443 [INFO] etl_papers:   0123-5931/TAC_LTHC_28_2-211-243.pdf: 1 artículo(s) extraído(s)
2026-09-19 08:03:44,884 [INFO] etl_papers:   0123-5931/TAC_LTHC_28_2_JUL_1-115-140.pdf: 1 artículo(s) extraído(s)
2026-09-19 08:03:47,085 [INFO] etl_papers:   0123-5931/TAC_LTHC_28_2_JUL_1-141-183.pdf: 1 artículo(s) extraído(s)
2026-09-19 08:03:48,485 [INFO] etl_papers:   0123-5931/TAC_LTHC_28_2_JUL_1-185-210.pdf: 1 artículo(s) extraído(s)
2026-09-19 08:03:49,925 [INFO] etl_papers:   0123-5931/TAC_LTHC_28_2_JUL_1-19-41.pdf: 1 artículo(s) extraído(s)
2026-09-19 08:03:51,732 [INFO] etl_papers:   0123-5931/TAC_LTHC_28_2_JUL_1-43-79.pdf: 1 artículo(s) extraído(s)
2026-09-19 08:03:53,377 [INFO] etl_papers:   0123-5931/TAC_LTHC_28_2_JUL_1-81-114.pdf: 1 artículo(s) extraído(s)
2026-09-19 08:03:55,074 [INFO] etl_papers:   0123-7756/Dialnet-CurriculoSaberYTerritorio-10709970.pdf: 2 artículo(s) extraído(s)
2026-09-19 08:03:56,624 [INFO] etl_papers:   0123-7756/Dialnet-DidacticaDeLaEducacionAmbientalComoMotorDeLaEducac-10709971.pdf: 2 artículo(s) extraído(s)
2026-09-19 08:03:58,667 [INFO] etl_papers:   0123-7756/Dialnet-FormacionDocenteEnCompetenciasDigitalesParaDisenar-10709969.pdf: 2 artículo(s) extraído(s)
2026-09-19 08:04:01,352 [INFO] etl_papers:   0123-7756/Dialnet-ImpactoDeUnaPropuestaDidacticaEnLaAlfabetizacionEn-10709967.pdf: 2 artículo(s) extraído(s)
2026-09-19 08:04:03,979 [INFO] etl_papers:   0123-7756/Dialnet-LaCiudadComoTexto-10709968.pdf: 2 artículo(s) extraído(s)
2026-09-19 08:04:05,312 [INFO] etl_papers:   0123-8884/Dialnet-ElAbordajeCientificoDeLasToxicomaniasYLasVariantes-9921517.pdf: 2 artículo(s) extraído(s)
2026-09-19 08:04:05,910 [INFO] etl_papers:   0123-8884/Dialnet-ElTrabajoPsicoanaliticoEnUnHospitalPublicoBrasilen-9921518.pdf: 3 artículo(s) extraído(s)
2026-09-19 08:04:06,940 [INFO] etl_papers:   0123-8884/Dialnet-ImplicacionesSobreElUsoDelConceptoAdolescenciaEnPs-9921519.pdf: 2 artículo(s) extraído(s)
2026-09-19 08:04:07,832 [INFO] etl_papers:   0123-8884/Dialnet-LaPsicologiaDeLasMasasYAnalisisDelYoEnElDiscursoAc-9921526.pdf: 2 artículo(s) extraído(s)
2026-09-19 08:04:14,827 [INFO] etl_papers:   0123-9015/100-87-PB.pdf: 11 artículo(s) extraído(s)
2026-09-19 08:04:16,090 [INFO] etl_papers:   0124-0021/Dialnet-ArmasASATYNecropoliticaOrbital-10731236.pdf: 2 artículo(s) extraído(s)
2026-09-19 08:04:17,148 [INFO] etl_papers:   0124-0021/Dialnet-BonosDeAgua-10731239.pdf: 2 artículo(s) extraído(s)
2026-09-19 08:04:17,816 [INFO] etl_papers:   0124-0021/Dialnet-ElTribunalConFuncionDeControlDeGarantias-10731237.pdf: 2 artículo(s) extraído(s)
2026-09-19 08:04:19,820 [INFO] etl_papers:   0124-0021/Dialnet-LaExperienciaTeatral-10731238.pdf: 2 artículo(s) extraído(s)
2026-09-19 08:04:20,811 [INFO] etl_papers:   0124-0021/Dialnet-ProyectosREDDYElMercadoDeCarbonoEnColombiaImplicac-10731234.pdf: 2 artículo(s) extraído(s)
2026-09-19 08:04:21,843 [INFO] etl_papers:   0124-0021/Dialnet-ResilienciaComoRespuestaALaAusenciaDelEstado-10731235.pdf: 1 artículo(s) extraído(s)
2026-09-19 08:04:23,042 [INFO] etl_papers:   0124-2121/7882_El+tiempo+histórico,+el+futuro+y+la+utilidad+de+la+historia.pdf: 2 artículo(s) extraído(s)
2026-09-19 08:04:24,455 [INFO] etl_papers:   0124-2121/7918_Evaluación+de+ansiedad+en+estudiantes+universitarios.pdf: 2 artículo(s) extraído(s)
2026-09-19 08:04:26,211 [INFO] etl_papers:   0124-2121/7976_Diseño+artesanal+una+mirada+pedagógica+a+la+transmisión.pdf: 2 artículo(s) extraído(s)
2026-09-19 08:04:27,617 [INFO] etl_papers:   0124-2121/8030_Educación+ambiental+y+derechos+de+la+Amazonia.pdf: 2 artículo(s) extraído(s)
2026-09-19 08:04:28,821 [INFO] etl_papers:   0124-2121/8692-Adaptación+de+profesores+migrante+a+la+cultura.pdf: 2 artículo(s) extraído(s)
2026-09-19 08:04:30,045 [INFO] etl_papers:   0124-2121/8710_Trayectorias+migratorias-educativas+de+estudiantes+venezolanos.pdf: 2 artículo(s) extraído(s)
2026-09-19 08:04:37,974 [INFO] etl_papers:   0124-4108/4324-1151-PB.pdf: 18 artículo(s) extraído(s)
2026-09-19 08:04:40,612 [INFO] etl_papers:   0124-5376/BC-1274.pdf: 2 artículo(s) extraído(s)
2026-09-19 08:04:43,434 [INFO] etl_papers:   0124-5376/BC-1291.pdf: 2 artículo(s) extraído(s)
2026-09-19 08:04:44,522 [INFO] etl_papers:   0124-5376/BC-1304.pdf: 2 artículo(s) extraído(s)
2026-09-19 08:04:45,979 [INFO] etl_papers:   0124-5376/BC-1306.pdf: 2 artículo(s) extraído(s)
2026-09-19 08:04:47,181 [INFO] etl_papers:   0124-5376/BC-1315.pdf: 2 artículo(s) extraído(s)
2026-09-19 08:04:49,126 [INFO] etl_papers:   0124-5376/BC-1316.pdf: 2 artículo(s) extraído(s)
2026-09-19 08:04:50,260 [INFO] etl_papers:   0124-5376/BC-1317.pdf: 2 artículo(s) extraído(s)
2026-09-19 08:04:52,368 [INFO] etl_papers:   0124-5821/Art.+1.pdf: 2 artículo(s) extraído(s)
2026-09-19 08:04:54,160 [INFO] etl_papers:   0124-5821/Art.+10.pdf: 2 artículo(s) extraído(s)
2026-09-19 08:04:56,020 [INFO] etl_papers:   0124-5821/Art.+2.pdf: 2 artículo(s) extraído(s)
2026-09-19 08:04:57,529 [INFO] etl_papers:   0124-5821/Art.+3.pdf: 2 artículo(s) extraído(s)
2026-09-19 08:04:59,304 [INFO] etl_papers:   0124-5821/Art.+4.pdf: 2 artículo(s) extraído(s)
2026-09-19 08:05:01,012 [INFO] etl_papers:   0124-5821/Art.+5.pdf: 2 artículo(s) extraído(s)
2026-09-19 08:05:02,878 [INFO] etl_papers:   0124-5821/Art.+6.pdf: 2 artículo(s) extraído(s)
2026-09-19 08:05:04,673 [INFO] etl_papers:   0124-5821/Art.+7.pdf: 2 artículo(s) extraído(s)
2026-09-19 08:05:06,803 [INFO] etl_papers:   0124-5821/Art.+8.pdf: 2 artículo(s) extraído(s)
2026-09-19 08:05:08,753 [INFO] etl_papers:   0124-5821/Art.+9.pdf: 2 artículo(s) extraído(s)
2026-09-19 08:05:10,504 [INFO] etl_papers:   0124-8170/Dialnet-ClasificacionDeMaduracionDelBananoUsandoModelacion-10775691.pdf: 2 artículo(s) extraído(s)
2026-09-19 08:05:12,888 [INFO] etl_papers:   0124-8170/Dialnet-DesarrolloDeUnPrototipoDeModeloCatastral3DAPartirD-10775688.pdf: 2 artículo(s) extraído(s)
2026-09-19 08:05:14,957 [INFO] etl_papers:   0124-8170/Dialnet-EstimacionDelImpactoEnLaAccesibilidadEspacialDeUnP-10775685.pdf: 2 artículo(s) extraído(s)
2026-09-19 08:05:17,715 [INFO] etl_papers:   0124-8170/Dialnet-InfluenciaDeLosModelosMatematicosEInterpoladoresEn-10775687.pdf: 2 artículo(s) extraído(s)
2026-09-19 08:05:19,608 [INFO] etl_papers:   0124-8170/Dialnet-PrediccionNovedosaDelComportamientoDeColumnaEmpaca-10775686.pdf: 2 artículo(s) extraído(s)
2026-09-19 08:05:21,468 [INFO] etl_papers:   0124-8170/Dialnet-ResiduosDeMaderaEImpactosMedioambientalesEnLaFabri-10775690.pdf: 2 artículo(s) extraído(s)
2026-09-19 08:05:26,827 [INFO] etl_papers:   1657-0448/116-115-PB.pdf: 17 artículo(s) extraído(s)
2026-09-19 08:05:29,681 [INFO] etl_papers:   1657-4206/Ecos+de+Economia+-++Empresas+Multinacionales+Chinas+Efectos+en+la+pobreza+mundial.pdf: 2 artículo(s) extraído(s)
2026-09-19 08:05:32,218 [INFO] etl_papers:   1657-4206/Ecos+de+Economia+-+Impact+of+competition+and+voucher+school+subsidy+law+on+education+quality+in+Chile (1).pdf: 2 artículo(s) extraído(s)
2026-09-19 08:05:34,932 [INFO] etl_papers:   1657-4206/Ecos+de+Economia+-+Impact+of+competition+and+voucher+school+subsidy+law+on+education+quality+in+Chile.pdf: 2 artículo(s) extraído(s)
2026-09-19 08:05:39,419 [INFO] etl_papers:   1657-4206/Ecos+de+Economia+-+Mujeres+emprendedoras+en+America+Latina.pdf: 2 artículo(s) extraído(s)
2026-09-19 08:05:41,515 [INFO] etl_papers:   1657-4206/Ecos+de+Economia+-+RESIDENTIAL+SEGREGATION+EMPIRICAL+EVIDENCE+OF+THE+INFLUENCE+OF+HUMAN+CAPITAL+IN+THE+CITY+OF+ARMENIA,+COLOMBIA.pdf: 2 artículo(s) extraído(s)
2026-09-19 08:05:43,543 [INFO] etl_papers:   1657-4206/Ecos+de+Economia-Un+estudio+de+los+Determinantes+de+la+decisión+de+financiación+a+gran+escala.pdf: 2 artículo(s) extraído(s)
2026-09-19 08:05:46,313 [INFO] etl_papers:   1657-4206/Pricing-Process-in-Mexico-new-evidence.pdf: 2 artículo(s) extraído(s)
2026-09-19 08:05:48,817 [INFO] etl_papers:   1657-4214/dpachecopaz,+327741-Texto+del+art_culo-125932-1-10-20170430_compressed.pdf: 2 artículo(s) extraído(s)
2026-09-19 08:05:53,061 [INFO] etl_papers:   1657-4214/dpachecopaz,+327742-Texto+del+art_culo-125935-1-10-20170430_compressed.pdf: 2 artículo(s) extraído(s)
2026-09-19 08:05:55,023 [INFO] etl_papers:   1657-4214/dpachecopaz,+327743-Texto+del+art_culo-125938-1-10-20170430_compressed.pdf: 2 artículo(s) extraído(s)
2026-09-19 08:05:56,645 [INFO] etl_papers:   1657-4214/dpachecopaz,+327744-Texto+del+art_culo-125941-1-10-20170430_compressed.pdf: 2 artículo(s) extraído(s)
2026-09-19 08:05:57,955 [INFO] etl_papers:   1657-4214/dpachecopaz,+327745-Texto+del+art_culo-125944-1-10-20170430_compressed.pdf: 2 artículo(s) extraído(s)
2026-09-19 08:05:58,264 [INFO] etl_papers:   1657-4214/dpachecopaz,+327746-Texto+del+art_culo-125947-1-10-20170430_compressed.pdf: 1 artículo(s) extraído(s)
2026-09-19 08:05:59,003 [INFO] etl_papers:   1657-463X/Acompañamiento+en+procesos+escolares+para+niñas+y+niños+con+TEA.pdf: 2 artículo(s) extraído(s)
2026-09-19 08:05:59,834 [INFO] etl_papers:   1657-463X/Aplicación+de+la+Metodologia+RAMCODES.pdf: 2 artículo(s) extraído(s)
2026-09-19 08:06:00,918 [INFO] etl_papers:   1657-463X/Carbono+orgánico.pdf: 2 artículo(s) extraído(s)
2026-09-19 08:06:02,046 [INFO] etl_papers:   1657-463X/Di†logos+entre+la+econom°a+solidaria+y+las+nuevas+ruralidades.pdf: 2 artículo(s) extraído(s)
2026-09-19 08:06:02,501 [INFO] etl_papers:   1657-463X/EFEITO+DE+TR“S+ADITIVOS+NA+DIETA+C.pdf: 2 artículo(s) extraído(s)
2026-09-19 08:06:03,470 [INFO] etl_papers:   1657-463X/la+corrupción.pdf: 3 artículo(s) extraído(s)
2026-09-19 08:06:03,675 [INFO] etl_papers:   1657-4702/00_b_editorial_RLB+26(1)+(2).pdf: 1 artículo(s) extraído(s)
2026-09-19 08:06:04,906 [INFO] etl_papers:   1657-4702/01_7109_RLB+26(1)+(2).pdf: 2 artículo(s) extraído(s)
2026-09-19 08:06:06,231 [INFO] etl_papers:   1657-4702/03_7572_RLB+26(1)+(2).pdf: 2 artículo(s) extraído(s)
2026-09-19 08:06:07,782 [INFO] etl_papers:   1657-4702/05_7994_RLB+26(1)+(2).pdf: 2 artículo(s) extraído(s)
2026-09-19 08:06:09,466 [INFO] etl_papers:   1657-4702/06_8027_RLB+26(1)+(3).pdf: 2 artículo(s) extraído(s)
2026-09-19 08:06:11,519 [INFO] etl_papers:   1657-4702/07_8102_RLB+26(1)+(2).pdf: 2 artículo(s) extraído(s)
2026-09-19 08:06:13,111 [INFO] etl_papers:   1657-4702/08_8361_RLB+26(1)+(2).pdf: 2 artículo(s) extraído(s)
2026-09-19 08:06:15,713 [INFO] etl_papers:   1657-7027/10a+(1)(1).pdf: 2 artículo(s) extraído(s)
2026-09-19 08:06:17,619 [INFO] etl_papers:   1657-7027/1a.pdf: 2 artículo(s) extraído(s)
2026-09-19 08:06:19,619 [INFO] etl_papers:   1657-7027/2a.pdf: 2 artículo(s) extraído(s)
2026-09-19 08:06:21,875 [INFO] etl_papers:   1657-7027/3a.pdf: 3 artículo(s) extraído(s)
2026-09-19 08:06:24,319 [INFO] etl_papers:   1657-7027/5a.pdf: 2 artículo(s) extraído(s)
2026-09-19 08:06:26,663 [INFO] etl_papers:   1657-7027/6872842011.pdf: 2 artículo(s) extraído(s)
2026-09-19 08:06:28,979 [INFO] etl_papers:   1657-7027/6872842012.pdf: 2 artículo(s) extraído(s)
2026-09-19 08:06:31,202 [INFO] etl_papers:   1657-7027/6872842013.pdf: 2 artículo(s) extraído(s)
2026-09-19 08:06:33,192 [INFO] etl_papers:   1657-7027/6872842014.pdf: 2 artículo(s) extraído(s)
2026-09-19 08:06:35,216 [INFO] etl_papers:   1657-7027/6872842016.pdf: 2 artículo(s) extraído(s)
2026-09-19 08:06:37,138 [INFO] etl_papers:   1657-7027/6872842017.pdf: 4 artículo(s) extraído(s)
2026-09-19 08:06:39,085 [INFO] etl_papers:   1657-7027/6a.pdf: 2 artículo(s) extraído(s)
2026-09-19 08:06:41,295 [INFO] etl_papers:   1657-7027/7a1.pdf: 2 artículo(s) extraído(s)
2026-09-19 08:06:44,602 [INFO] etl_papers:   1657-7027/8a1.pdf: 2 artículo(s) extraído(s)
2026-09-19 08:06:46,828 [INFO] etl_papers:   1657-7027/9a1.pdf: 2 artículo(s) extraído(s)
2026-09-19 08:06:48,862 [INFO] etl_papers:   1657-7663/mprada,+a01v8n2.pdf: 2 artículo(s) extraído(s)
2026-09-19 08:06:50,670 [INFO] etl_papers:   1657-7663/mprada,+a02v8n2.pdf: 2 artículo(s) extraído(s)
2026-09-19 08:06:52,199 [INFO] etl_papers:   1657-7663/mprada,+a03v8n2.pdf: 2 artículo(s) extraído(s)
2026-09-19 08:06:53,845 [INFO] etl_papers:   1657-7663/mprada,+a04v8n2.pdf: 2 artículo(s) extraído(s)
2026-09-19 08:06:55,307 [INFO] etl_papers:   1657-7663/mprada,+a05v8n2.pdf: 2 artículo(s) extraído(s)
2026-09-19 08:06:56,028 [INFO] etl_papers:   1657-7663/mprada,+a06v8n2.pdf: 2 artículo(s) extraído(s)
2026-09-19 08:06:57,123 [INFO] etl_papers:   1657-7663/mprada,+a07v8n2.pdf: 2 artículo(s) extraído(s)
2026-09-19 08:06:59,269 [INFO] etl_papers:   1657-7663/mprada,+a08v8n2.pdf: 2 artículo(s) extraído(s)
2026-09-19 08:07:01,007 [INFO] etl_papers:   1657-7663/mprada,+a09v8n2.pdf: 2 artículo(s) extraído(s)
2026-09-19 08:07:03,068 [INFO] etl_papers:   1657-7663/mprada,+a10v8n2.pdf: 2 artículo(s) extraído(s)
2026-09-19 08:07:04,371 [INFO] etl_papers:   1657-7663/mprada,+a11v8n2.pdf: 2 artículo(s) extraído(s)
2026-09-19 08:07:05,775 [INFO] etl_papers:   1657-7663/mprada,+a12v8n2.pdf: 2 artículo(s) extraído(s)
2026-09-19 08:07:06,586 [INFO] etl_papers:   1657-7663/mprada,+a13v8n2.pdf: 2 artículo(s) extraído(s)
2026-09-19 08:07:06,997 [INFO] etl_papers:   1657-8236/lileybueno,+Editor_a+de+la+revista,+art1.pdf: 1 artículo(s) extraído(s)
2026-09-19 08:07:08,064 [INFO] etl_papers:   1657-8236/lileybueno,+Editor_a+de+la+revista,+art2.pdf: 1 artículo(s) extraído(s)
2026-09-19 08:07:08,848 [INFO] etl_papers:   1657-8236/lileybueno,+Editor_a+de+la+revista,+art3.pdf: 1 artículo(s) extraído(s)
2026-09-19 08:07:10,150 [INFO] etl_papers:   1657-8236/lileybueno,+Editor_a+de+la+revista,+art4.pdf: 1 artículo(s) extraído(s)
2026-09-19 08:07:11,102 [INFO] etl_papers:   1657-8236/lileybueno,+Editor_a+de+la+revista,+art5.pdf: 2 artículo(s) extraído(s)
2026-09-19 08:07:13,339 [INFO] etl_papers:   1657-8651/Dialnet-DisenoInstitucionalYDiversidadTerritorial-10523159.pdf: 2 artículo(s) extraído(s)
2026-09-19 08:07:15,053 [INFO] etl_papers:   1657-8651/Dialnet-PoliticaComoCienciaYPoliticaComoIdeologia-10523156.pdf: 2 artículo(s) extraído(s)
2026-09-19 08:07:17,370 [INFO] etl_papers:   1657-8651/Dialnet-ProduccionProductividadPresupuestoYOrientacionTema-10523158.pdf: 3 artículo(s) extraído(s)
2026-09-19 08:07:19,246 [INFO] etl_papers:   1657-8651/Dialnet-UnaInterfazPoliticacienciaDesdeElPregrado-10523157.pdf: 2 artículo(s) extraído(s)
2026-09-19 08:07:19,716 [INFO] etl_papers:   1657-9089/Dialnet-CapacidadesDesdeElDesarrolloFamiliar-10601693.pdf: 2 artículo(s) extraído(s)
2026-09-19 08:07:20,056 [INFO] etl_papers:   1657-9089/Dialnet-CazarImaginariosParaArreglarElMundoDistopicoQueHer-10601694.pdf: 2 artículo(s) extraído(s)
2026-09-19 08:07:20,569 [INFO] etl_papers:   1657-9089/Dialnet-InfanciasYAfectosPrecariosEnTresEpisodiosFilmicos-10601695.pdf: 2 artículo(s) extraído(s)
2026-09-19 08:07:20,992 [INFO] etl_papers:   1657-9089/Dialnet-SentidosDeLoInaprensibleAmbagesDiscursivosAlConcep-10601696.pdf: 2 artículo(s) extraído(s)
2026-09-19 08:07:21,130 [INFO] etl_papers:   1657-9089/Dialnet-TengoMiedoALasMatematicasUnaReflexionDesdeLaInfanc-10601697.pdf: 1 artículo(s) extraído(s)
2026-09-19 08:07:22,510 [INFO] etl_papers:   1657-9267/16972857001.pdf: 2 artículo(s) extraído(s)
2026-09-19 08:07:23,536 [INFO] etl_papers:   1657-9267/Cuadernos6732892002.pdf: 1 artículo(s) extraído(s)
2026-09-19 08:07:24,690 [INFO] etl_papers:   1657-9267/UPSY-25-2026+LOTE-26972857002.pdf: 2 artículo(s) extraído(s)
2026-09-19 08:07:25,322 [INFO] etl_papers:   1657-9267/um6972857003.pdf: 2 artículo(s) extraído(s)
2026-09-19 08:07:26,180 [INFO] etl_papers:   1657-9267/um6972857004.pdf: 2 artículo(s) extraído(s)
2026-09-19 08:07:26,814 [INFO] etl_papers:   1657-9267/um6972857005.pdf: 2 artículo(s) extraído(s)
2026-09-19 08:07:28,008 [INFO] etl_papers:   1657-9267/um6972857006.pdf: 2 artículo(s) extraído(s)
2026-09-19 08:07:29,112 [INFO] etl_papers:   1657-9267/um6972857009.pdf: 2 artículo(s) extraído(s)
2026-09-19 08:07:29,870 [INFO] etl_papers:   1657-9267/upsy6972857007.pdf: 2 artículo(s) extraído(s)
2026-09-19 08:07:30,746 [INFO] etl_papers:   1657-9267/upsy6972857008.pdf: 2 artículo(s) extraído(s)
2026-09-19 08:07:31,704 [INFO] etl_papers:   1657-9267/upsy6972857011.pdf: 2 artículo(s) extraído(s)
2026-09-19 08:07:32,601 [INFO] etl_papers:   1657-9267/upsy6972857012.pdf: 2 artículo(s) extraído(s)
2026-09-19 08:07:33,949 [INFO] etl_papers:   1657-9267/upsy6972857013.pdf: 2 artículo(s) extraído(s)
2026-09-19 08:07:35,460 [INFO] etl_papers:   1657-9267/upsy6972857014.pdf: 2 artículo(s) extraído(s)
2026-09-19 08:07:36,708 [INFO] etl_papers:   1657-9267/upsy6972857015.pdf: 2 artículo(s) extraído(s)
2026-09-19 08:07:37,746 [INFO] etl_papers:   1657-9267/upsy6972857016.pdf: 2 artículo(s) extraído(s)
2026-09-19 08:07:38,724 [INFO] etl_papers:   1657-9534/v56n2e2006613+Ing.pdf: 1 artículo(s) extraído(s)
2026-09-19 08:07:39,891 [INFO] etl_papers:   1657-9534/v56n2e2016690+Esp.pdf: 1 artículo(s) extraído(s)
2026-09-19 08:07:40,593 [INFO] etl_papers:   1657-9534/v56n2e2026997+Esp+-+copia.pdf: 1 artículo(s) extraído(s)
2026-09-19 08:07:41,540 [INFO] etl_papers:   1657-9534/v56n3e2007027+Ing.pdf: 1 artículo(s) extraído(s)
2026-09-19 08:07:42,516 [INFO] etl_papers:   1657-9534/v56n3e2016728+Ing.pdf: 1 artículo(s) extraído(s)
2026-09-19 08:07:48,475 [INFO] etl_papers:   1657-9553/vol15n2.pdf: 7 artículo(s) extraído(s)
2026-09-19 08:07:49,206 [INFO] etl_papers:   1692-1399/001_(Estandarización+y+uso)_RTJTVol18_Num2.pdf: 3 artículo(s) extraído(s)
2026-09-19 08:07:49,752 [INFO] etl_papers:   1692-1399/002_(Demographics+and+consumption)_RTJTVol18_Num2.pdf: 1 artículo(s) extraído(s)
2026-09-19 08:07:50,036 [INFO] etl_papers:   1692-1399/003_(OVA+para+el+aprendizaje)_RTJTVol18_Num2.pdf: 2 artículo(s) extraído(s)
2026-09-19 08:07:51,054 [INFO] etl_papers:   1692-5106/Dialnet-EficaciaDeLaTerapiaDeOxigenoHiperbaricoEnPeriodont-9765733.pdf: 2 artículo(s) extraído(s)
2026-09-19 08:07:51,984 [INFO] etl_papers:   1692-5106/Dialnet-FactoresAsociadosALaAdherenciaAProtocolosDeBiosegu-9763802.pdf: 2 artículo(s) extraído(s)
2026-09-19 08:07:52,693 [INFO] etl_papers:   1692-5106/Dialnet-ImpactoDeLaInteligenciaArtificialEnLaOdontologia-9763803.pdf: 2 artículo(s) extraído(s)
2026-09-19 08:07:54,059 [INFO] etl_papers:   1692-5106/Dialnet-SindromeDeCoffinSirisYPaladarHendido-9765734.pdf: 2 artículo(s) extraído(s)
2026-09-19 08:07:54,832 [INFO] etl_papers:   1692-5238/joseignacio,+16.44.1+(9-24)+VF.pdf: 2 artículo(s) extraído(s)
2026-09-19 08:07:55,277 [INFO] etl_papers:   1692-5238/joseignacio,+16.44.2+(25-34)+VF.pdf: 2 artículo(s) extraído(s)
2026-09-19 08:07:56,062 [INFO] etl_papers:   1692-5238/joseignacio,+16.44.4+(49-61)+VF.pdf: 2 artículo(s) extraído(s)
2026-09-19 08:07:56,669 [INFO] etl_papers:   1692-5238/joseignacio,+16.44.5+(63-74)+VF.pdf: 2 artículo(s) extraído(s)
2026-09-19 08:07:57,484 [INFO] etl_papers:   1692-5238/joseignacio,+16.47.2+(VF).pdf: 2 artículo(s) extraído(s)
2026-09-19 08:07:58,148 [INFO] etl_papers:   1692-5238/joseignacio,+16.47.3+(VF).pdf: 2 artículo(s) extraído(s)
2026-09-19 08:07:58,822 [INFO] etl_papers:   1692-5238/joseignacio,+16.47.4+(VF).pdf: 2 artículo(s) extraído(s)
2026-09-19 08:08:07,650 [INFO] etl_papers:   1692-5777/173-129-PB.pdf: 19 artículo(s) extraído(s)
2026-09-19 08:08:09,298 [INFO] etl_papers:   1692-6013/NOVUM+JUS+20-2+art+1+DERECHO+INTERNACIONAL.pdf: 2 artículo(s) extraído(s)
2026-09-19 08:08:10,414 [INFO] etl_papers:   1692-6013/NOVUM+JUS+20-2+art+10+CURRENT.pdf: 2 artículo(s) extraído(s)
2026-09-19 08:08:11,488 [INFO] etl_papers:   1692-6013/NOVUM+JUS+20-2+art+11+DEMOCRACIA.pdf: 2 artículo(s) extraído(s)
2026-09-19 08:08:13,066 [INFO] etl_papers:   1692-6013/NOVUM+JUS+20-2+art+12+EVOLUCIÓN.pdf: 2 artículo(s) extraído(s)
2026-09-19 08:08:14,607 [INFO] etl_papers:   1692-6013/NOVUM+JUS+20-2+art+13+RANKIGN.pdf: 2 artículo(s) extraído(s)
2026-09-19 08:08:15,716 [INFO] etl_papers:   1692-6013/NOVUM+JUS+20-2+art+14+LA+CATEGORIA.pdf: 2 artículo(s) extraído(s)
2026-09-19 08:08:17,320 [INFO] etl_papers:   1692-6013/NOVUM+JUS+20-2+art+15+FUNDAMENTO.pdf: 2 artículo(s) extraído(s)
2026-09-19 08:08:18,482 [INFO] etl_papers:   1692-6013/NOVUM+JUS+20-2+art+2+DEBERES.pdf: 2 artículo(s) extraído(s)
2026-09-19 08:08:19,908 [INFO] etl_papers:   1692-6013/NOVUM+JUS+20-2+art+3+EL+CIBERPODER.pdf: 2 artículo(s) extraído(s)
2026-09-19 08:08:21,390 [INFO] etl_papers:   1692-6013/NOVUM+JUS+20-2+art+5+EL+DESPLZAMIENTO.pdf: 2 artículo(s) extraído(s)
2026-09-19 08:08:22,964 [INFO] etl_papers:   1692-6013/NOVUM+JUS+20-2+art+6+THE+ENVIRONMENTAL.pdf: 2 artículo(s) extraído(s)
2026-09-19 08:08:24,405 [INFO] etl_papers:   1692-6013/NOVUM+JUS+20-2+art+7+SERVICOS+PUBLICOS.pdf: 2 artículo(s) extraído(s)
2026-09-19 08:08:25,614 [INFO] etl_papers:   1692-6013/NOVUM+JUS+20-2+art+9+MAKIGN.pdf: 2 artículo(s) extraído(s)
2026-09-19 08:08:26,509 [INFO] etl_papers:   1692-715X/1.+Luisa+Fernanda+Manrique.pdf: 2 artículo(s) extraído(s)
2026-09-19 08:08:27,698 [INFO] etl_papers:   1692-715X/10.+Infancias+y+adolescencias+määt+jääy+e+ihtlakahketsih.pdf: 2 artículo(s) extraído(s)
2026-09-19 08:08:28,885 [INFO] etl_papers:   1692-715X/11.+La+población+joven+de+Ecuador.pdf: 3 artículo(s) extraído(s)
2026-09-19 08:08:30,233 [INFO] etl_papers:   1692-715X/12.+Entre+autonomía+progresiva+y+protección+estatal.pdf: 2 artículo(s) extraído(s)
2026-09-19 08:08:31,530 [INFO] etl_papers:   1692-715X/13.+Custodia+y+pensiones+alimenticias+en+divorcios.pdf: 2 artículo(s) extraído(s)
2026-09-19 08:08:32,546 [INFO] etl_papers:   1692-715X/2.+Políticas+de+juventud+en+Paraguay.pdf: 2 artículo(s) extraído(s)
2026-09-19 08:08:33,354 [INFO] etl_papers:   1692-715X/3.+Mediación+evaluativa+con+TIC.pdf: 2 artículo(s) extraído(s)
2026-09-19 08:08:34,816 [INFO] etl_papers:   1692-715X/4.+Posicionamientos+políticos+de+niñeces+rurales.pdf: 2 artículo(s) extraído(s)
2026-09-19 08:08:35,965 [INFO] etl_papers:   1692-715X/7.+Estudio+sobre+las+concepciones+de+infancia.pdf: 2 artículo(s) extraído(s)
2026-09-19 08:08:37,277 [INFO] etl_papers:   1692-715X/8.+Experiencia+curricular+y+consciencia+sostenible.pdf: 2 artículo(s) extraído(s)
2026-09-19 08:08:38,503 [INFO] etl_papers:   1692-715X/Andrea+Milena+Osorio+08+12+25.pdf: 2 artículo(s) extraído(s)
2026-09-19 08:08:39,551 [INFO] etl_papers:   1692-715X/Mauro+Alejandro+Soto+11+12+25+(1).pdf: 2 artículo(s) extraído(s)
2026-09-19 08:08:40,913 [INFO] etl_papers:   1692-7427/ART_7+Historia+de+la+edufisica.pdf: 2 artículo(s) extraído(s)
2026-09-19 08:08:42,865 [INFO] etl_papers:   1692-7427/Art01_2026.pdf: 2 artículo(s) extraído(s)
2026-09-19 08:08:44,408 [INFO] etl_papers:   1692-7427/Art02_2026.pdf: 2 artículo(s) extraído(s)
2026-09-19 08:08:45,441 [INFO] etl_papers:   1692-7427/Art03_2026.pdf: 2 artículo(s) extraído(s)
2026-09-19 08:08:46,824 [INFO] etl_papers:   1692-7427/Art04_2026.pdf: 2 artículo(s) extraído(s)
2026-09-19 08:08:48,188 [INFO] etl_papers:   1692-7427/Art05_2026.pdf: 2 artículo(s) extraído(s)
2026-09-19 08:08:49,196 [INFO] etl_papers:   1692-7427/Art06_2026.pdf: 2 artículo(s) extraído(s)
2026-09-19 08:08:50,690 [INFO] etl_papers:   1692-7427/Art08_2026.pdf: 2 artículo(s) extraído(s)
2026-09-19 08:08:51,858 [INFO] etl_papers:   1692-7427/Art09_2026.pdf: 2 artículo(s) extraído(s)
2026-09-19 08:08:52,762 [INFO] etl_papers:   1692-7427/art10_2026.pdf: 2 artículo(s) extraído(s)
2026-09-19 08:08:53,342 [INFO] etl_papers:   1692-7427/art11_2026.pdf: 2 artículo(s) extraído(s)
2026-09-19 08:08:55,575 [INFO] etl_papers:   1692-8156/adminpujojs,+03+CIADI-Echaide.pdf: 2 artículo(s) extraído(s)
2026-09-19 08:08:59,701 [INFO] etl_papers:   1692-8156/adminpujojs,+04+Jose_+M+clima.pdf: 2 artículo(s) extraído(s)
2026-09-19 08:09:01,597 [INFO] etl_papers:   1692-8156/adminpujojs,+06+Mario+KelHart.pdf: 2 artículo(s) extraído(s)
2026-09-19 08:09:03,786 [INFO] etl_papers:   1692-8156/adminpujojs,+1.+Acosta-Lopez+y+Espitia-Murcia.pdf: 2 artículo(s) extraído(s)
2026-09-19 08:09:05,034 [INFO] etl_papers:   1692-8156/adminpujojs,+2.+Amaya+y+Guzma_n.pdf: 2 artículo(s) extraído(s)
2026-09-19 08:09:07,841 [INFO] etl_papers:   1692-8156/adminpujojs,+4.+London_o+Gutierrez+y+Roa.pdf: 2 artículo(s) extraído(s)
2026-09-19 08:09:10,160 [INFO] etl_papers:   1692-8156/adminpujojs,+5.+Pulido-Orti_z.pdf: 2 artículo(s) extraído(s)
2026-09-19 08:09:11,673 [INFO] etl_papers:   1692-8415/Dialnet-DisenoYPruebaPilotoDeUnsoftwareparaLaMedidaDeAgude-9815087.pdf: 1 artículo(s) extraído(s)
2026-09-19 08:09:13,198 [INFO] etl_papers:   1692-8415/Dialnet-ElBeisbolUnDeporteExigenteConLaFuncionVisual-9815086.pdf: 2 artículo(s) extraído(s)
2026-09-19 08:09:15,305 [INFO] etl_papers:   1692-8415/Dialnet-InsuficienciaDeConvergenciaYTrastornoPorDeficitDeA-9815085.pdf: 2 artículo(s) extraído(s)
2026-09-19 08:09:16,545 [INFO] etl_papers:   1692-8415/queratitis.pdf: 2 artículo(s) extraído(s)
2026-09-19 08:09:25,093 [INFO] etl_papers:   1794-0915/OC 29.pdf: 24 artículo(s) extraído(s)
2026-09-19 08:09:26,452 [INFO] etl_papers:   1794-2470/V2+art+01+NOVA47+Bauhinia+picta.pdf: 2 artículo(s) extraído(s)
2026-09-19 08:09:28,200 [INFO] etl_papers:   1794-2470/V2+art+02+NOVA47+microbiological+quality.pdf: 2 artículo(s) extraído(s)
2026-09-19 08:09:29,092 [INFO] etl_papers:   1794-2470/V2+art+03+NOVA47+Vigilancia+microbiologica.pdf: 2 artículo(s) extraído(s)
2026-09-19 08:09:30,083 [INFO] etl_papers:   1794-2470/V2+art+04+NOVA47+Caracterizacion+genotipica.pdf: 2 artículo(s) extraído(s)
2026-09-19 08:09:31,279 [INFO] etl_papers:   1794-2470/V2+art+05+NOVA47+metales+pesados.pdf: 2 artículo(s) extraído(s)
2026-09-19 08:09:32,275 [INFO] etl_papers:   1794-2470/V2+art+06+NOVA47+carcinoma+de+cervix.pdf: 2 artículo(s) extraído(s)
2026-09-19 08:09:33,264 [INFO] etl_papers:   1794-2470/V2+art+07+NOVA47+Bacterias+Gram+negativas.pdf: 2 artículo(s) extraído(s)
2026-09-19 08:09:34,232 [INFO] etl_papers:   1794-2470/V2+art+08+NOVA47+burnout+syndrome.pdf: 2 artículo(s) extraído(s)
2026-09-19 08:09:35,165 [INFO] etl_papers:   1794-2470/V2+art+09+NOVA47+salud+rural.pdf: 2 artículo(s) extraído(s)
2026-09-19 08:09:35,613 [INFO] etl_papers:   1794-5240/5-+UIS_RM+V38+N3+-+ART+6.pdf: 2 artículo(s) extraído(s)
2026-09-19 08:09:37,053 [INFO] etl_papers:   1794-5240/5-experiencias+adversas+infancia+alt.pdf: 2 artículo(s) extraído(s)
2026-09-19 08:09:37,859 [INFO] etl_papers:   1794-5240/6-+UIS_RM+V38+N3+-+ART+7+(2) (1).pdf: 2 artículo(s) extraído(s)
2026-09-19 08:09:38,525 [INFO] etl_papers:   1794-5240/6-+UIS_RM+V38+N3+-+ART+7+(2).pdf: 2 artículo(s) extraído(s)
2026-09-19 08:09:39,582 [INFO] etl_papers:   1794-5240/6-AO+Relación+entre+el+uso+del+celular+y+el+ángulo+craneovertebral.pdf: 2 artículo(s) extraído(s)
2026-09-19 08:09:40,647 [INFO] etl_papers:   1794-5240/Diagramado_AO+Prevalencia+de+Ca+de+piel+en+Antioquia+-+Final.pdf: 2 artículo(s) extraído(s)
2026-09-19 08:09:41,251 [INFO] etl_papers:   1794-5240/art-1.pdf: 2 artículo(s) extraído(s)
2026-09-19 08:09:41,703 [INFO] etl_papers:   1794-5240/art-2_publicar-2-10-2025.pdf: 2 artículo(s) extraído(s)
2026-09-19 08:09:42,595 [INFO] etl_papers:   1794-6190/10_121762_comparison.pdf: 2 artículo(s) extraído(s)
2026-09-19 08:09:43,363 [INFO] etl_papers:   1794-6190/123186+3_123186_Detection.pdf: 1 artículo(s) extraído(s)
2026-09-19 08:09:44,178 [INFO] etl_papers:   1794-6190/1_124308_Mineralogical.pdf: 2 artículo(s) extraído(s)
2026-09-19 08:09:45,115 [INFO] etl_papers:   1794-6190/2_122713_Application+of.pdf: 1 artículo(s) extraído(s)
2026-09-19 08:09:45,746 [INFO] etl_papers:   1794-6190/4_122297_machine.pdf: 1 artículo(s) extraído(s)
2026-09-19 08:09:46,485 [INFO] etl_papers:   1794-6190/5_124270_Role.pdf: 1 artículo(s) extraído(s)
2026-09-19 08:09:47,174 [INFO] etl_papers:   1794-6190/6_121860_stable.pdf: 1 artículo(s) extraído(s)
2026-09-19 08:09:49,175 [INFO] etl_papers:   1794-6190/7_120722_A+semi.pdf: 0 artículo(s) extraído(s)
2026-09-19 08:09:49,625 [INFO] etl_papers:   1794-6190/8_123547_Evolution.pdf: 1 artículo(s) extraído(s)
2026-09-19 08:09:50,225 [INFO] etl_papers:   1794-6190/9_122773_geothecnical.pdf: 1 artículo(s) extraído(s)
2026-09-19 08:09:52,094 [INFO] etl_papers:   1794-8932/S-1337.pdf: 2 artículo(s) extraído(s)
2026-09-19 08:09:54,204 [INFO] etl_papers:   1794-8932/S-1342+(1).pdf: 2 artículo(s) extraído(s)
2026-09-19 08:09:57,115 [INFO] etl_papers:   1794-8932/S-1377.pdf: 2 artículo(s) extraído(s)
2026-09-19 08:09:59,141 [INFO] etl_papers:   1794-8932/S-1393.pdf: 2 artículo(s) extraído(s)
2026-09-19 08:10:00,352 [INFO] etl_papers:   1794-8932/S-1433.pdf: 2 artículo(s) extraído(s)
2026-09-19 08:10:02,560 [INFO] etl_papers:   1794-8932/S-1481.pdf: 2 artículo(s) extraído(s)
2026-09-19 08:10:03,936 [INFO] etl_papers:   1794-8932/S-1485+(2).pdf: 2 artículo(s) extraído(s)
2026-09-19 08:10:05,990 [INFO] etl_papers:   1794-8932/S-1492.pdf: 2 artículo(s) extraído(s)
2026-09-19 08:10:07,925 [INFO] etl_papers:   1794-8932/S-1494.pdf: 2 artículo(s) extraído(s)
2026-09-19 08:10:10,522 [INFO] etl_papers:   1794-8932/S-1500.pdf: 2 artículo(s) extraído(s)
2026-09-19 08:10:13,170 [INFO] etl_papers:   1794-8932/S-1507+(1).pdf: 2 artículo(s) extraído(s)
2026-09-19 08:10:14,867 [INFO] etl_papers:   1794-8932/S-1519+(1).pdf: 2 artículo(s) extraído(s)
2026-09-19 08:10:17,158 [INFO] etl_papers:   1794-8932/S-1530.pdf: 2 artículo(s) extraído(s)
2026-09-19 08:10:20,392 [INFO] etl_papers:   1794-8932/S-1549.pdf: 2 artículo(s) extraído(s)
2026-09-19 08:10:22,011 [INFO] etl_papers:   1794-8932/S.1518.pdf: 2 artículo(s) extraído(s)
2026-09-19 08:10:24,204 [INFO] etl_papers:   1794-8932/S.1523.pdf: 2 artículo(s) extraído(s)
2026-09-19 08:10:26,871 [INFO] etl_papers:   1794-8932/S.1545.pdf: 2 artículo(s) extraído(s)
2026-09-19 08:10:28,395 [INFO] etl_papers:   1794-9920/art_1+maquetado.pdf: 2 artículo(s) extraído(s)
2026-09-19 08:10:30,062 [INFO] etl_papers:   1794-9920/art_10+maquetado.pdf: 2 artículo(s) extraído(s)
2026-09-19 08:10:31,397 [INFO] etl_papers:   1794-9920/art_2+maquetado.pdf: 2 artículo(s) extraído(s)
2026-09-19 08:10:32,595 [INFO] etl_papers:   1794-9920/art_3+maquetado.pdf: 2 artículo(s) extraído(s)
2026-09-19 09:11:40,363 [INFO] etl_papers:   1794-9920/art_4+maquetado.pdf: 2 artículo(s) extraído(s)
2026-09-19 09:11:42,072 [INFO] etl_papers:   1794-9920/art_5+maquetado.pdf: 2 artículo(s) extraído(s)
2026-09-19 09:11:43,933 [INFO] etl_papers:   1794-9920/art_6+maquetado.pdf: 2 artículo(s) extraído(s)
2026-09-19 09:11:48,376 [INFO] etl_papers:   1794-9920/art_7+maquetado.pdf: 2 artículo(s) extraído(s)
2026-09-19 09:11:50,570 [INFO] etl_papers:   1794-9920/art_8+maquetado.pdf: 2 artículo(s) extraído(s)
2026-09-19 09:11:52,273 [INFO] etl_papers:   1794-9920/art_9+maquetado.pdf: 2 artículo(s) extraído(s)
2026-09-19 09:11:53,206 [INFO] etl_papers:   1856-9536/19-1+D+AV+15663+Terol.pdf: 2 artículo(s) extraído(s)
2026-09-19 09:11:54,181 [INFO] etl_papers:   1856-9536/19-1+D+ES+15242+Bañuelos.pdf: 2 artículo(s) extraído(s)
2026-09-19 09:11:54,978 [INFO] etl_papers:   1856-9536/19-1+D+ES+15567+Serra.pdf: 2 artículo(s) extraído(s)
2026-09-19 09:11:55,815 [INFO] etl_papers:   1856-9536/19-2+D+Av+16036+Moreno.pdf: 2 artículo(s) extraído(s)
2026-09-19 09:11:56,649 [INFO] etl_papers:   1856-9536/19-2+D+Av+16087+Peres.pdf: 2 artículo(s) extraído(s)
2026-09-19 09:11:57,810 [INFO] etl_papers:   1856-9536/19-2+D+Av+16117+León.pdf: 2 artículo(s) extraído(s)
2026-09-19 09:11:59,231 [INFO] etl_papers:   1856-9536/19-2+D+Av+16268+Blanco.pdf: 2 artículo(s) extraído(s)
2026-09-19 09:12:00,177 [INFO] etl_papers:   1900-1649/118301_Versión_Final_2026.pdf: 2 artículo(s) extraído(s)
2026-09-19 09:12:00,882 [INFO] etl_papers:   1900-1649/119244_Versión_Final.pdf: 2 artículo(s) extraído(s)
2026-09-19 09:12:01,942 [INFO] etl_papers:   1900-1649/122217_Versión_Final_2026.pdf: 2 artículo(s) extraído(s)
2026-09-19 09:12:02,625 [INFO] etl_papers:   1900-1649/122370_Versión_Final_2026.pdf: 2 artículo(s) extraído(s)
2026-09-19 09:12:03,754 [INFO] etl_papers:   1900-1649/123341_Versión_Final_2026.pdf: 2 artículo(s) extraído(s)
2026-09-19 09:12:04,628 [INFO] etl_papers:   1900-1649/124113_Versión_Final_2026.pdf: 2 artículo(s) extraído(s)
2026-09-19 09:12:05,443 [INFO] etl_papers:   1900-1649/124267_Versión_Final_2026.pdf: 2 artículo(s) extraído(s)
2026-09-19 09:12:07,355 [INFO] etl_papers:   1900-6004/Colombia_Internacional_126_04-act.pdf: 2 artículo(s) extraído(s)
2026-09-19 09:12:09,172 [INFO] etl_papers:   1900-6004/El+doble+nivel+y+la+captura+del+Estado_+la+política+exterior+en+el+Gobierno+de+Guillermo+Lasso+en+Ecuador.pdf: 2 artículo(s) extraído(s)
2026-09-19 09:12:10,726 [INFO] etl_papers:   1900-6004/Inclusión+y+exclusión+en+el+trabajo+en+red+de+la+Comisión+de+la+Verdad+de+Colombia+con+el+exilio.pdf: 2 artículo(s) extraído(s)
2026-09-19 09:12:12,773 [INFO] etl_papers:   1900-6004/Las+reformas+en+su+laberinto_+consenso,+preconcertación+y+transacción+en+la+aprobación+de+la+reforma+pensional+en+Colombia.pdf: 2 artículo(s) extraído(s)
2026-09-19 09:12:14,637 [INFO] etl_papers:   1900-6004/Más+allá+del+“Tíbet+de+América+del+Sur”_+Colombia+y+el+rol+de+potencia+media+en+la+Guerra+Fría+temprana.pdf: 2 artículo(s) extraído(s)
2026-09-19 09:12:16,810 [INFO] etl_papers:   1900-6152/1_jesuitas_y_globalizacion-final-ajustado.pdf: 2 artículo(s) extraído(s)
2026-09-19 09:12:18,869 [INFO] etl_papers:   1900-6152/2_Estado_contratante-final-ajustado.pdf: 2 artículo(s) extraído(s)
2026-09-19 09:12:20,469 [INFO] etl_papers:   1900-6152/4_energia-para-mujeres-final-ajustado.pdf: 2 artículo(s) extraído(s)
2026-09-19 09:12:22,072 [INFO] etl_papers:   1900-6152/5_Marchas-lesbicas-final.pdf: 2 artículo(s) extraído(s)
2026-09-19 09:12:23,946 [INFO] etl_papers:   1900-6152/6_ciclos-violencia-final-ajustado-2.pdf: 2 artículo(s) extraído(s)
2026-09-19 09:12:25,733 [INFO] etl_papers:   1900-6152/Su(b)versión_+la+huelga+universitaria.pdf: 1 artículo(s) extraído(s)
2026-09-19 09:12:26,579 [INFO] etl_papers:   1900-9178/AQUACLIMA.pdf: 2 artículo(s) extraído(s)
2026-09-19 09:12:27,952 [INFO] etl_papers:   1900-9178/Análisis+técnico-económico+de+sistemas+fotovoltaicos+instalados+en+el+área+metropolitana+de+Cúcuta.pdf: 2 artículo(s) extraído(s)
2026-09-19 09:12:29,400 [INFO] etl_papers:   1900-9178/Art01_V17_N1_2026.pdf: 2 artículo(s) extraído(s)
2026-09-19 09:12:31,185 [INFO] etl_papers:   1900-9178/Art02_V17_N1_2026.pdf: 2 artículo(s) extraído(s)
2026-09-19 09:12:32,677 [INFO] etl_papers:   1900-9178/Art03_V17_N1_2026.pdf: 2 artículo(s) extraído(s)
2026-09-19 09:12:34,684 [INFO] etl_papers:   1900-9178/SABERES+LOCALES+CAMPESINOS+SOBRE+SUELOS+Y+SEMILLAS.pdf: 2 artículo(s) extraído(s)
2026-09-19 09:12:36,448 [INFO] etl_papers:   1909-0528/Art.1+Absolución+o+nulidad_Congruencia+proceso+penal+colombiano.pdf: 3 artículo(s) extraído(s)
2026-09-19 09:12:37,474 [INFO] etl_papers:   1909-0528/Art.10+Protección+de+DDHH+frente+a+sesgos+IA+aplicada+a+salud+Latam.pdf: 1 artículo(s) extraído(s)
2026-09-19 09:12:38,476 [INFO] etl_papers:   1909-0528/Art.11+Criterios+para+delimitar+noción+consumidor+empresario.pdf: 1 artículo(s) extraído(s)
2026-09-19 09:12:39,740 [INFO] etl_papers:   1909-0528/Art.12+El+delito+de+estafa+en+Colombia.pdf: 2 artículo(s) extraído(s)
2026-09-19 09:12:40,711 [INFO] etl_papers:   1909-0528/Art.2+Case+law+European+court+human+rights+Ukraine+trasnformation+criminal+legislation.pdf: 3 artículo(s) extraído(s)
2026-09-19 09:12:41,705 [INFO] etl_papers:   1909-0528/Art.3+Disonancia+sociojurídicas+seguridad+climática+sur+global.pdf: 2 artículo(s) extraído(s)
2026-09-19 09:12:42,507 [INFO] etl_papers:   1909-0528/Art.4+Inquilinatos+urbanos.pdf: 2 artículo(s) extraído(s)
2026-09-19 09:12:43,052 [INFO] etl_papers:   1909-0528/Art.5+La+consideración+del+sujeto+fundamento+relación+jurídica.pdf: 2 artículo(s) extraído(s)
2026-09-19 09:12:43,990 [INFO] etl_papers:   1909-0528/Art.6+La+violencia+en+los+espacios+laborales.pdf: 2 artículo(s) extraído(s)
2026-09-19 09:12:45,564 [INFO] etl_papers:   1909-0528/Art.7+Litigio+climático+en+la+experiencia+comparada.pdf: 2 artículo(s) extraído(s)
2026-09-19 09:12:46,341 [INFO] etl_papers:   1909-0528/Art.8+Multidimensional+obstacles+reconversion+peace+education.pdf: 2 artículo(s) extraído(s)
2026-09-19 09:12:47,096 [INFO] etl_papers:   1909-0528/Art.9+Naturaleza+jurídica+smart+legal+contracts+derecho+comercial+int..pdf: 1 artículo(s) extraído(s)
2026-09-19 09:12:48,500 [INFO] etl_papers:   1909-2814/Dialnet-ElPapelDelLenguajeEnLasAreasCurriculares-3989803.pdf: 2 artículo(s) extraído(s)
2026-09-19 09:12:49,742 [INFO] etl_papers:   1909-2814/Dialnet-EntornosVirtualesDeAprendizajeYDidacticaDeLaLengua-3989798.pdf: 2 artículo(s) extraído(s)
2026-09-19 09:12:50,325 [INFO] etl_papers:   1909-2814/Dialnet-LaEnsenanzaOrientadaAlDesarrolloSociocognitivoEnEs-3989795.pdf: 2 artículo(s) extraído(s)
2026-09-19 09:12:52,618 [INFO] etl_papers:   1909-2814/Dialnet-PercepcionQueTienenLosDocentesDeAmericaLatinaSobre-3989792.pdf: 2 artículo(s) extraído(s)
2026-09-19 09:12:54,946 [INFO] etl_papers:   1909-2814/Dialnet-SiguiendoLaRutaDeLosDesarrollosInvestigativosEnElC-3989786.pdf: 2 artículo(s) extraído(s)
2026-09-19 09:12:56,117 [INFO] etl_papers:   1909-5775/ARTICULO+FERNANDA+PEREZ+FERNANDEZ+JOVEN+INVEST.pdf: 2 artículo(s) extraído(s)
2026-09-19 09:12:57,299 [INFO] etl_papers:   1909-5775/Articulo+REVISTA-I+T+C+V1+-+CARLOS+CASAS.pdf: 2 artículo(s) extraído(s)
2026-09-19 09:12:58,134 [INFO] etl_papers:   1909-5775/evaluation+moisture.pdf: 2 artículo(s) extraído(s)
2026-09-19 09:12:59,181 [INFO] etl_papers:   1909-5775/exploitation.pdf: 2 artículo(s) extraído(s)
2026-09-19 09:13:01,454 [INFO] etl_papers:   1909-5775/interfacial-yesik.pdf: 2 artículo(s) extraído(s)
2026-09-19 09:13:02,248 [INFO] etl_papers:   1909-5775/moncayo-diseño-con+formato.pdf: 2 artículo(s) extraído(s)
2026-09-19 09:13:03,106 [INFO] etl_papers:   1909-5775/romero+pic.pdf: 2 artículo(s) extraído(s)
2026-09-19 09:13:04,049 [INFO] etl_papers:   1909-7700/03_MED+34(1)_7969+(1).pdf: 2 artículo(s) extraído(s)
2026-09-19 09:13:04,750 [INFO] etl_papers:   1909-7700/04_MED+34(1)_7985.pdf: 2 artículo(s) extraído(s)
2026-09-19 09:13:05,838 [INFO] etl_papers:   1909-7700/05_MED+34(1)_8053.pdf: 2 artículo(s) extraído(s)
2026-09-19 09:13:06,813 [INFO] etl_papers:   1909-7700/06_MED+34(1)_8099+(1).pdf: 2 artículo(s) extraído(s)
2026-09-19 09:13:07,860 [INFO] etl_papers:   1909-7700/07_MED+34(1)_8197+(3).pdf: 2 artículo(s) extraído(s)
2026-09-19 09:13:09,528 [INFO] etl_papers:   1909-7700/08_MED+34(1)_8498+(1).pdf: 2 artículo(s) extraído(s)
2026-09-19 09:13:13,307 [INFO] etl_papers:   1909-7719/7746_RFCE+34(1)_3.pdf: 2 artículo(s) extraído(s)
2026-09-19 09:13:14,898 [INFO] etl_papers:   1909-7719/7915_RFCE+34(1)_2.pdf: 2 artículo(s) extraído(s)
2026-09-19 09:13:17,163 [INFO] etl_papers:   1909-7719/7917_RFCE+34(1)_2.pdf: 2 artículo(s) extraído(s)
2026-09-19 09:13:20,132 [INFO] etl_papers:   1909-7719/8036_RFCE+34(1)_2.pdf: 2 artículo(s) extraído(s)
2026-09-19 09:13:22,478 [INFO] etl_papers:   1909-7719/8188_RFCE+34(1)_3.pdf: 2 artículo(s) extraído(s)
2026-09-19 09:13:25,252 [INFO] etl_papers:   1909-7719/8249_RFCE+34(1)_2.pdf: 2 artículo(s) extraído(s)
2026-09-19 09:13:27,043 [INFO] etl_papers:   1909-7719/8346_RFCE+34(1)_2.pdf: 3 artículo(s) extraído(s)
2026-09-19 09:13:28,808 [INFO] etl_papers:   1909-7719/8479_RFCE+34(1)_2.pdf: 2 artículo(s) extraído(s)
2026-09-19 09:13:31,908 [INFO] etl_papers:   1909-7735/7542+GoyesChaves+EtAL+CienciaEing+36(1)2026+UMNG.pdf: 2 artículo(s) extraído(s)
2026-09-19 09:13:34,224 [INFO] etl_papers:   1909-7735/7799+CienciaEing+36(1)2026+UMNG.pdf: 2 artículo(s) extraído(s)
2026-09-19 09:13:37,683 [INFO] etl_papers:   1909-7735/7836+VilaOrtega+EtAL+CienciaEing+36(1)2026+UMNG.pdf: 2 artículo(s) extraído(s)
2026-09-19 09:13:41,421 [INFO] etl_papers:   1909-7735/7882_Cumbe&Castillo+CienciaEing+36(1)2026+UMNG.pdf: 2 artículo(s) extraído(s)
2026-09-19 09:13:44,298 [INFO] etl_papers:   1909-7735/7889_Ávila+eTaL+CienciaEing+36(1)2026+UMNG.pdf: 2 artículo(s) extraído(s)
2026-09-19 09:13:47,002 [INFO] etl_papers:   1909-7735/7918_Villanueva+EtAL+CienciaEing+36(1)2026+UMNG.pdf: 2 artículo(s) extraído(s)
2026-09-19 09:13:49,343 [INFO] etl_papers:   1909-7735/8314+LopezJimenez+EtAL+CienciaEing+36(1)2026+UMNG.pdf: 2 artículo(s) extraído(s)
2026-09-19 09:13:49,690 [INFO] etl_papers:   1909-7891/admin,+Vector12_1.pdf: 2 artículo(s) extraído(s)
2026-09-19 09:13:50,153 [INFO] etl_papers:   1909-7891/admin,+Vector12_2.pdf: 2 artículo(s) extraído(s)
2026-09-19 09:13:51,285 [INFO] etl_papers:   1909-7891/admin,+Vector12_3.pdf: 2 artículo(s) extraído(s)
2026-09-19 09:13:51,815 [INFO] etl_papers:   1909-7891/admin,+Vector12_4.pdf: 2 artículo(s) extraído(s)
2026-09-19 09:13:52,506 [INFO] etl_papers:   1909-7891/admin,+Vector12_5.pdf: 2 artículo(s) extraído(s)
2026-09-19 09:13:53,485 [INFO] etl_papers:   1909-7891/admin,+Vector12_6 (1).pdf: 2 artículo(s) extraído(s)
2026-09-19 09:13:54,456 [INFO] etl_papers:   1909-7891/admin,+Vector12_6.pdf: 2 artículo(s) extraído(s)
2026-09-19 09:13:56,994 [INFO] etl_papers:   1909-8391/Dialnet-CuerpoGeneroYSubjetividad-10380298.pdf: 2 artículo(s) extraído(s)
2026-09-19 09:13:58,740 [INFO] etl_papers:   1909-8391/Dialnet-DesaparicionDePersonasEnMexicoUnaAproximacionALosE-10380296.pdf: 2 artículo(s) extraído(s)
2026-09-19 09:14:01,025 [INFO] etl_papers:   1909-8391/Dialnet-DesaparicionForzadaEnMexico-10380303.pdf: 2 artículo(s) extraído(s)
2026-09-19 09:14:02,439 [INFO] etl_papers:   1909-8391/Dialnet-ElDesaparecidoUnaHeridaAbierta-10380300.pdf: 2 artículo(s) extraído(s)
2026-09-19 09:14:04,415 [INFO] etl_papers:   1909-8391/Dialnet-ElDolorComoResistenciaPoliticaDesdeLosFamiliaresDe-10380295.pdf: 2 artículo(s) extraído(s)
2026-09-19 09:14:05,707 [INFO] etl_papers:   1909-8391/Dialnet-ElGoceDeLaNadaDeLaDesaparicionForzada-10380301.pdf: 2 artículo(s) extraído(s)
2026-09-19 09:14:08,630 [INFO] etl_papers:   1909-8391/Dialnet-FosasClandestinasEnMexico-10380299.pdf: 2 artículo(s) extraído(s)
2026-09-19 09:14:10,142 [INFO] etl_papers:   1909-8391/Dialnet-HistoriaYMemoria-10380294.pdf: 2 artículo(s) extraído(s)
2026-09-19 09:14:12,086 [INFO] etl_papers:   1909-8391/Dialnet-SobreLaDesaparicionDePersonasYLaNocionDeLoPolitico-10380302.pdf: 2 artículo(s) extraído(s)
2026-09-19 09:14:13,030 [INFO] etl_papers:   1909-8391/Dialnet-TestimonioYTiempoApocaliptico-10380297.pdf: 2 artículo(s) extraído(s)
2026-09-19 09:14:15,397 [INFO] etl_papers:   1909-8758/23-29+Ensayo+in+vitro+para+remocion+de+mercurio_ART_INVESTIGACION.pdf: 2 artículo(s) extraído(s)
2026-09-19 09:14:18,011 [INFO] etl_papers:   1909-8758/23-38+Desescalado+del+proceso+de+fermentacion_ART_INVESTIGACION.pdf: 2 artículo(s) extraído(s)
2026-09-19 09:14:20,206 [INFO] etl_papers:   1909-8758/23-43+Stress+responses+induced_ART_INVESTIGACION.pdf: 2 artículo(s) extraído(s)
2026-09-19 09:14:22,338 [INFO] etl_papers:   1909-8758/23-45+Electroniodegradacion+de+hidrocarburos_ART_INVESTIGACION.pdf: 2 artículo(s) extraído(s)
2026-09-19 09:14:24,292 [INFO] etl_papers:   1909-8758/23-48+ISSR+markers+as+a+tool+to_ART_INVESTIGACION.pdf: 2 artículo(s) extraído(s)
2026-09-19 09:14:25,971 [INFO] etl_papers:   1909-8758/23-53+Formacion+de+peliculas+en+soportes_ART_INVESTIGACION.pdf: 2 artículo(s) extraído(s)
2026-09-19 09:14:27,453 [INFO] etl_papers:   1909-8758/23-58+Germinacion+asimbiotica+de+semillas_ART_INVESTIGACION.pdf: 2 artículo(s) extraído(s)
2026-09-19 09:14:28,011 [INFO] etl_papers:   1909-9746/1+20252.pdf: 1 artículo(s) extraído(s)
2026-09-19 09:14:28,388 [INFO] etl_papers:   1909-9746/10+20252.pdf: 1 artículo(s) extraído(s)
2026-09-19 09:14:29,214 [INFO] etl_papers:   1909-9746/11+20252.pdf: 1 artículo(s) extraído(s)
2026-09-19 09:14:30,378 [INFO] etl_papers:   1909-9746/12+20252.pdf: 1 artículo(s) extraído(s)
2026-09-19 09:14:31,329 [INFO] etl_papers:   1909-9746/13+20252.pdf: 1 artículo(s) extraído(s)
2026-09-19 09:14:32,094 [INFO] etl_papers:   1909-9746/14+20242.pdf: 1 artículo(s) extraído(s)
2026-09-19 09:14:33,192 [INFO] etl_papers:   1909-9746/2+20252.pdf: 1 artículo(s) extraído(s)
2026-09-19 09:14:33,718 [INFO] etl_papers:   1909-9746/3+20252.pdf: 1 artículo(s) extraído(s)
2026-09-19 09:14:34,015 [INFO] etl_papers:   1909-9746/4+20252.pdf: 1 artículo(s) extraído(s)
2026-09-19 09:14:34,876 [INFO] etl_papers:   1909-9746/5+20252.pdf: 1 artículo(s) extraído(s)
2026-09-19 09:14:35,891 [INFO] etl_papers:   1909-9746/6.+20252.pdf: 1 artículo(s) extraído(s)
2026-09-19 09:14:36,740 [INFO] etl_papers:   1909-9746/7+20252.pdf: 1 artículo(s) extraído(s)
2026-09-19 09:14:37,491 [INFO] etl_papers:   1909-9746/8+20252.pdf: 1 artículo(s) extraído(s)
2026-09-19 09:14:38,175 [INFO] etl_papers:   1909-9746/9+20252.pdf: 1 artículo(s) extraído(s)
2026-09-19 09:14:40,174 [INFO] etl_papers:   1909-9762/1369-Texto del artículo-6864-3-10-20200830.pdf: 2 artículo(s) extraído(s)
2026-09-19 09:14:40,796 [INFO] etl_papers:   1909-9762/1370-Texto del artículo-6768-3-10-20200913.pdf: 2 artículo(s) extraído(s)
2026-09-19 09:14:41,583 [INFO] etl_papers:   1909-9762/1371-Texto del artículo-6863-2-10-20200830.pdf: 2 artículo(s) extraído(s)
2026-09-19 09:14:42,864 [INFO] etl_papers:   1909-9762/1401-Texto del artículo-6890-2-10-20200913.pdf: 2 artículo(s) extraído(s)
2026-09-19 09:14:44,083 [INFO] etl_papers:   1909-9762/1404-Texto del artículo-6865-2-10-20200830.pdf: 2 artículo(s) extraído(s)
2026-09-19 09:14:44,924 [INFO] etl_papers:   1909-9762/1442-Texto del artículo-6320-3-10-20200621.pdf: 2 artículo(s) extraído(s)
2026-09-19 09:14:48,094 [INFO] etl_papers:   2011-0731/8185_ACAD+19(2)ok.pdf: 2 artículo(s) extraído(s)
2026-09-19 09:14:52,086 [INFO] etl_papers:   2011-0731/8186_ACAD+19(2)ok.pdf: 2 artículo(s) extraído(s)
2026-09-19 09:14:55,910 [INFO] etl_papers:   2011-0731/8239_ACAD+19(2)ok.pdf: 2 artículo(s) extraído(s)
2026-09-19 09:14:59,379 [INFO] etl_papers:   2011-0731/8245_ACAD+19(2)ok.pdf: 2 artículo(s) extraído(s)
2026-09-19 09:15:02,513 [INFO] etl_papers:   2011-0731/8248_ACAD+19(2)ok.pdf: 2 artículo(s) extraído(s)
2026-09-19 09:15:05,152 [INFO] etl_papers:   2011-0731/8284_ACAD+19(2)ok.pdf: 4 artículo(s) extraído(s)
2026-09-19 09:15:07,355 [INFO] etl_papers:   2011-0731/8344_ACAD+19(2)ok.pdf: 2 artículo(s) extraído(s)
2026-09-19 09:15:10,253 [INFO] etl_papers:   2011-0731/8350_ACAD+19(2)ok.pdf: 2 artículo(s) extraído(s)
2026-09-19 09:15:13,277 [INFO] etl_papers:   2011-0731/8381_ACAD+19(2)ok.pdf: 2 artículo(s) extraído(s)
2026-09-19 09:15:13,388 [INFO] etl_papers:   2011-074X/Análisis+semiótico+de+la+ceremonia+de+iniciación+al+consumo+ritual+de+la+hoja+de+coca+en+la+cultura+ika.pdf: 0 artículo(s) extraído(s)
2026-09-19 09:15:13,445 [INFO] etl_papers:   2011-074X/Análisis+semiótico+de+los+objetos+cotidianos+y+sus+prácticas+de+uso.pdf: 0 artículo(s) extraído(s)
2026-09-19 09:15:13,498 [INFO] etl_papers:   2011-074X/Del+infierno+merecido.+Mecánicas+de+la+sanación+y+el+¨deslizamimiento¨+en+el+discurso+lítico+de+Rómulo+Bustos+Aguirre.pdf: 0 artículo(s) extraído(s)
2026-09-19 09:15:13,576 [INFO] etl_papers:   2011-074X/EL+Gamonal,+de+Nepomuceno+J.+Navarro+Semiótica+de+una+nación+en+construcción.pdf: 0 artículo(s) extraído(s)
2026-09-19 09:15:13,646 [INFO] etl_papers:   2011-074X/Huida+con+cuento,+sin+cuento+y+con+cuento,+de+la+Monja+Alférez+Catalina+de+Erauso+(1585-1652).pdf: 0 artículo(s) extraído(s)
2026-09-19 09:15:13,714 [INFO] etl_papers:   2011-074X/La+frontera+infranqueable.+La+araucanía+en+los+relatos+de+viaje+de+dos+ingenieros+francófonos+en+el+Chile+de+fines+del+siglo+XIX+(Gustave+Verniory+y+Camille+Jacob+de+Cordemoy).pdf: 0 artículo(s) extraído(s)
2026-09-19 09:15:13,748 [INFO] etl_papers:   2011-074X/Lenguaje.+Natruraleza+y+desarrollo.+Entrevista+a+Víctor+M.+Longa.pdf: 0 artículo(s) extraído(s)
2026-09-19 09:15:13,812 [INFO] etl_papers:   2011-074X/Semiótica+del+comic+Civil+War+como+expresión+simbólica+de+la+realidad+social+e+histórica+de+los+Estados+unidos+luego+del+911.pdf: 0 artículo(s) extraído(s)
2026-09-19 09:15:13,882 [INFO] etl_papers:   2011-074X/Valoraciones+del+examen+de+estado+ICFES+saber+11+en+el+discurso+de+jóvenes+de+undécimo.+Análisis+semiótico+(1).pdf: 0 artículo(s) extraído(s)
2026-09-19 09:15:13,928 [INFO] etl_papers:   2011-074X/¿Ciudadanos+o+creyentes_+La+refundación+del+ciudadano+ideal+durante+la+regeneración.pdf: 0 artículo(s) extraído(s)
2026-09-19 09:15:16,571 [INFO] etl_papers:   2011-2106/Art1-Percepção+de+Corrupçã.pdf: 2 artículo(s) extraído(s)
2026-09-19 09:15:19,058 [INFO] etl_papers:   2011-2106/fredysa,+Art10-Dinámicas+del+crédit.pdf: 2 artículo(s) extraído(s)
2026-09-19 09:15:23,438 [INFO] etl_papers:   2011-2106/fredysa,+Art11-Análisis+de+las+prác.pdf: 2 artículo(s) extraído(s)
2026-09-19 09:15:26,290 [INFO] etl_papers:   2011-2106/fredysa,+Art12-Incidencia+de+la+cap.pdf: 2 artículo(s) extraído(s)
2026-09-19 09:15:28,635 [INFO] etl_papers:   2011-2106/fredysa,+Art2-Factores+climáticos+y.pdf: 2 artículo(s) extraído(s)
2026-09-19 09:15:31,289 [INFO] etl_papers:   2011-2106/fredysa,+Art6-Digital+disruption+an.pdf: 2 artículo(s) extraído(s)
2026-09-19 09:15:34,014 [INFO] etl_papers:   2011-2106/fredysa,+Art7-Does+population+aging.pdf: 1 artículo(s) extraído(s)
2026-09-19 09:15:38,414 [INFO] etl_papers:   2011-2106/fredysa,+Art8-Fiscal+communication.pdf: 1 artículo(s) extraído(s)
2026-09-19 09:15:41,137 [INFO] etl_papers:   2011-2106/fredysa,+Art9+-+Gestión+relacional.pdf: 2 artículo(s) extraído(s)
2026-09-19 09:15:44,825 [INFO] etl_papers:   2011-2106/ilovepdf_merged.pdf: 2 artículo(s) extraído(s)
2026-09-19 09:15:46,585 [INFO] etl_papers:   2011-2173/10_Xylella+fastidiosa+management+2019+2025+A+review.pdf: 2 artículo(s) extraído(s)
2026-09-19 09:15:51,655 [INFO] etl_papers:   2011-2173/19(3)_19666+Detection+and+molecular+RCCH19(3).pdf: 2 artículo(s) extraído(s)
2026-09-19 09:15:52,940 [INFO] etl_papers:   2011-2173/1_Strategy+to+mitigate+water+stress+in+passion+fruit+seedlings.pdf: 2 artículo(s) extraído(s)
2026-09-19 09:15:54,761 [INFO] etl_papers:   2011-2173/2_Heavy+metals+on+strawberry.pdf: 2 artículo(s) extraído(s)
2026-09-19 09:15:57,658 [INFO] etl_papers:   2011-2173/3_Proteomic+insights+into+water+stress+in+potato.pdf: 2 artículo(s) extraído(s)
2026-09-19 09:15:59,160 [INFO] etl_papers:   2011-2173/6_Relationship+between+seedling+traits+and+recovery+time+in+shallot.pdf: 2 artículo(s) extraído(s)
2026-09-19 09:16:00,712 [INFO] etl_papers:   2011-2173/7_New+weed+hosts+of+begomoviruses+in+colombia.pdf: 2 artículo(s) extraído(s)
2026-09-19 09:16:02,191 [INFO] etl_papers:   2011-2173/8_Non+biological+pollination+in+tomato.pdf: 2 artículo(s) extraído(s)
2026-09-19 09:16:03,834 [INFO] etl_papers:   2011-2173/9_Physicochemical+and+functional+characterization+of+melloco+mucilage+its+possible+agroindustrial+use.pdf: 2 artículo(s) extraído(s)
2026-09-19 09:16:05,466 [INFO] etl_papers:   2011-3080/7914-+Expectativas+y+preparatividad+académica+en+estudiantes+universitarias+de+primer+año.pdf: 2 artículo(s) extraído(s)
2026-09-19 09:16:07,660 [INFO] etl_papers:   2011-3080/7918-+Actitud+negativa+hacia+las+matemáticas+y+la+escuela.pdf: 2 artículo(s) extraído(s)
2026-09-19 09:16:11,362 [INFO] etl_papers:   2011-3080/7927-+Interventions+to+Foster+Positive+Psychological+Capital+in+the+Organizational+Context.pdf: 2 artículo(s) extraído(s)
2026-09-19 09:16:15,002 [INFO] etl_papers:   2011-3080/7950-+Propiedades+psicométricas+y+validez+estructural+del+Cuestionario+de+Ansiedad+Estado-Rasgo+(STAI).pdf: 3 artículo(s) extraído(s)
2026-09-19 09:16:18,565 [INFO] etl_papers:   2011-3080/7964-+Trayectorias+de+Recuperación+del+Desarrollo+Temprano+en+Acogimiento+Familiar.pdf: 2 artículo(s) extraído(s)
2026-09-19 09:16:21,312 [INFO] etl_papers:   2011-3080/8013-+Psychometric+Properties+of+the+Argentinian+version.pdf: 2 artículo(s) extraído(s)
2026-09-19 09:16:24,592 [INFO] etl_papers:   2011-3668/Ideas+y+Valores_No.+191_articulos_V3-1-24.pdf: 2 artículo(s) extraído(s)
2026-09-19 09:16:27,100 [INFO] etl_papers:   2011-3668/Ideas+y+Valores_No.+191_articulos_V3-121-138.pdf: 2 artículo(s) extraído(s)
2026-09-19 09:16:30,479 [INFO] etl_papers:   2011-3668/Ideas+y+Valores_No.+191_articulos_V3-139-166.pdf: 2 artículo(s) extraído(s)
2026-09-19 09:16:33,726 [INFO] etl_papers:   2011-3668/Ideas+y+Valores_No.+191_articulos_V3-167-191.pdf: 2 artículo(s) extraído(s)
2026-09-19 09:16:36,520 [INFO] etl_papers:   2011-3668/Ideas+y+Valores_No.+191_articulos_V3-25-47.pdf: 2 artículo(s) extraído(s)
2026-09-19 09:16:39,951 [INFO] etl_papers:   2011-3668/Ideas+y+Valores_No.+191_articulos_V3-48-72.pdf: 2 artículo(s) extraído(s)
2026-09-19 09:16:43,265 [INFO] etl_papers:   2011-3668/Ideas+y+Valores_No.+191_articulos_V3-73-96.pdf: 2 artículo(s) extraído(s)
2026-09-19 09:16:46,891 [INFO] etl_papers:   2011-3668/Ideas+y+Valores_No.+191_articulos_V3-97-120.pdf: 2 artículo(s) extraído(s)
2026-09-19 09:16:48,426 [INFO] etl_papers:   2011-4532/Eleuthera_Vol28_2+Art+10.pdf: 1 artículo(s) extraído(s)
2026-09-19 09:16:50,421 [INFO] etl_papers:   2011-4532/Eleuthera_Vol28_2+Art+2.pdf: 2 artículo(s) extraído(s)
2026-09-19 09:16:52,369 [INFO] etl_papers:   2011-4532/Eleuthera_Vol28_2+Art+3.pdf: 2 artículo(s) extraído(s)
2026-09-19 09:16:54,870 [INFO] etl_papers:   2011-4532/Eleuthera_Vol28_2+Art+4.pdf: 2 artículo(s) extraído(s)
2026-09-19 09:16:57,814 [INFO] etl_papers:   2011-4532/Eleuthera_Vol28_2+Art+5.pdf: 2 artículo(s) extraído(s)
2026-09-19 09:16:59,652 [INFO] etl_papers:   2011-4532/Eleuthera_Vol28_2+Art+6.pdf: 2 artículo(s) extraído(s)
2026-09-19 09:17:01,252 [INFO] etl_papers:   2011-4532/Eleuthera_Vol28_2+Art+7.pdf: 2 artículo(s) extraído(s)
2026-09-19 09:17:03,652 [INFO] etl_papers:   2011-4532/Eleuthera_Vol28_2+Art+8.pdf: 2 artículo(s) extraído(s)
2026-09-19 09:17:05,505 [INFO] etl_papers:   2011-4532/Eleuthera_Vol28_2+Art+9.pdf: 2 artículo(s) extraído(s)
2026-09-19 09:17:06,384 [INFO] etl_papers:   2011-5318/edepospublicacion,+Edu_DeSo_(Taco)20190804_Diag(7)_-116-126.pdf: 2 artículo(s) extraído(s)
2026-09-19 09:17:06,830 [INFO] etl_papers:   2011-5318/edepospublicacion,+Edu_DeSo_(Taco)20190804_Diag(7)_-30-36.pdf: 2 artículo(s) extraído(s)
2026-09-19 09:17:08,259 [INFO] etl_papers:   2011-5318/edepospublicacion,+Edu_DeSo_(Taco)20190804_Diag(7)_-37-59.pdf: 2 artículo(s) extraído(s)
2026-09-19 09:17:09,983 [INFO] etl_papers:   2011-5318/edepospublicacion,+Edu_DeSo_(Taco)20190804_Diag(7)_-5-29.pdf: 2 artículo(s) extraído(s)
2026-09-19 09:17:10,884 [INFO] etl_papers:   2011-5318/edepospublicacion,+Edu_DeSo_(Taco)20190804_Diag(7)_-60-73.pdf: 2 artículo(s) extraído(s)
2026-09-19 09:17:12,052 [INFO] etl_papers:   2011-5318/edepospublicacion,+Edu_DeSo_(Taco)20190804_Diag(7)_-74-89.pdf: 2 artículo(s) extraído(s)
2026-09-19 09:17:13,665 [INFO] etl_papers:   2011-5318/edepospublicacion,+Edu_DeSo_(Taco)20190804_Diag(7)_-90-115.pdf: 2 artículo(s) extraído(s)
2026-09-19 09:17:16,491 [INFO] etl_papers:   2011-5474/glopez,+665-Texto+del+artÃ_culo-3861-1-11-20241227.pdf: 2 artículo(s) extraído(s)
2026-09-19 09:17:18,181 [INFO] etl_papers:   2011-5474/glopez,+729(1).pdf: 1 artículo(s) extraído(s)
2026-09-19 09:17:20,354 [INFO] etl_papers:   2011-5474/glopez,+735-Texto+del+artÃ_culo-3863-1-11-20241227.pdf: 2 artículo(s) extraído(s)
2026-09-19 09:17:22,359 [INFO] etl_papers:   2011-5474/glopez,+768-(2).pdf: 2 artículo(s) extraído(s)
2026-09-19 09:17:25,890 [INFO] etl_papers:   2011-5474/glopez,+782-finaldocx.pdf: 2 artículo(s) extraído(s)
2026-09-19 09:17:27,988 [INFO] etl_papers:   2011-5474/glopez,+790-version+final+.pdf: 2 artículo(s) extraído(s)
2026-09-19 09:17:29,566 [INFO] etl_papers:   2011-7663/FyPE16-2+-+Art.2.pdf: 2 artículo(s) extraído(s)
2026-09-19 09:17:31,519 [INFO] etl_papers:   2011-7663/FyPE16-2+-+Art.3.pdf: 2 artículo(s) extraído(s)
2026-09-19 09:17:34,800 [INFO] etl_papers:   2011-7663/FyPE16-2+-+Art.4.pdf: 2 artículo(s) extraído(s)
2026-09-19 09:17:38,949 [INFO] etl_papers:   2011-7663/FyPE16-2+-+Art.5.pdf: 2 artículo(s) extraído(s)
2026-09-19 09:17:40,664 [INFO] etl_papers:   2011-7663/FyPE16-2+-+Art.6.pdf: 2 artículo(s) extraído(s)
2026-09-19 09:17:42,465 [INFO] etl_papers:   2011-7663/FyPE16-2+-+Art.8.pdf: 2 artículo(s) extraído(s)
2026-09-19 09:17:45,476 [INFO] etl_papers:   2011-7663/FyPE16-2+-+Art.9.pdf: 2 artículo(s) extraído(s)
2026-09-19 09:17:49,092 [INFO] etl_papers:   2011-7922/An+explanatory+model+of+intimate+partner+violence+among++peruvian+women_+Social+and+health+implications.pdf: 2 artículo(s) extraído(s)
2026-09-19 09:17:51,729 [INFO] etl_papers:   2011-7922/Asociaciones+entre+parentalidad+intensiva+y+satisfacción+con+la+vida_+efectos+indirectos+de+la+ansiedad+y+diferencias+estructurales+según+sexo+parental.pdf: 2 artículo(s) extraído(s)
2026-09-19 09:17:54,755 [INFO] etl_papers:   2011-7922/Cognitive+Flexibility+Scale+(CFS)_+Psychometric+Properties+and+Validation+among+managers+in+Southern+Brazil.pdf: 2 artículo(s) extraído(s)
2026-09-19 09:17:56,706 [INFO] etl_papers:   2011-7922/Conspiracy+Theory+Beliefs+and+Tendency+for+Interpersonal+Victimhood_+The+Mediating+Role+of+Cognitive+Biases.pdf: 2 artículo(s) extraído(s)
2026-09-19 09:17:58,738 [INFO] etl_papers:   2011-7922/Effect+of+Cognitive+Processing+Therapy+on+Childbirth-Related+Post-+Traumatic+Stress+Disorder+among+postpartum+mothers_+Evidence+from+a+Quasi-Experimental+Pretest–Posttest+Study.pdf: 2 artículo(s) extraído(s)
2026-09-19 09:18:00,886 [INFO] etl_papers:   2011-7922/Effect+of+Visual+and+Spatial+Working+Memory+Load+on++Subitizing+and+Estimation.pdf: 2 artículo(s) extraído(s)
2026-09-19 09:18:02,438 [INFO] etl_papers:   2011-7922/Psychometric+Properties+of+the+EORTC+QLQ-LC29+Module+for+Assessing+Quality+of+Life+in+Patients+with+Lung+Cancer_+An+Observational+Study+in+Antioquia,+Colombia.pdf: 1 artículo(s) extraído(s)
2026-09-19 09:18:05,093 [INFO] etl_papers:   2011-7922/Psychosocial+Processes+Following+Child+Loss_+Grief,+Social+Support,+and+Depression+in+Mothers.pdf: 2 artículo(s) extraído(s)
2026-09-19 09:18:08,382 [INFO] etl_papers:   2011-799X/Dialnet-AreIrrealiaDeterminedByGenresForRealACorpusBasedSt-10680206.pdf: 2 artículo(s) extraído(s)
2026-09-19 09:18:10,788 [INFO] etl_papers:   2011-799X/Dialnet-AudiodescripcionFilmicaYAccesibilidad-10680213.pdf: 2 artículo(s) extraído(s)
2026-09-19 09:18:13,071 [INFO] etl_papers:   2011-799X/Dialnet-BeyondTheStage-10680212.pdf: 2 artículo(s) extraído(s)
2026-09-19 09:18:15,422 [INFO] etl_papers:   2011-799X/Dialnet-ChartingVirtualWorlds-10680211.pdf: 3 artículo(s) extraído(s)
2026-09-19 09:18:18,042 [INFO] etl_papers:   2011-799X/Dialnet-DisenoYEvaluacionDeUnaMetodologiaParaLaEnsenanzaDe-10680209.pdf: 2 artículo(s) extraído(s)
2026-09-19 09:18:20,384 [INFO] etl_papers:   2011-799X/Dialnet-ElDoblajeVisualEnLaLocalizacionDeVideojuegos-10680207.pdf: 2 artículo(s) extraído(s)
2026-09-19 09:18:22,409 [INFO] etl_papers:   2011-799X/Dialnet-LosVideojuegosEnLaEnsenanzaYElAprendizajeDeFrances-10680214.pdf: 2 artículo(s) extraído(s)
2026-09-19 09:18:25,387 [INFO] etl_papers:   2011-799X/Dialnet-ObjectionDesarrolloDeLaCompetenciaEnTraduccionJuri-10680210.pdf: 2 artículo(s) extraído(s)
2026-09-19 09:18:28,397 [INFO] etl_papers:   2011-799X/Dialnet-SecuenciaEvaluativaGamificadaParaLaFormacionProfes-10680208.pdf: 2 artículo(s) extraído(s)
2026-09-19 09:18:28,532 [INFO] etl_papers:   2011-8643/Conference Management Toolkit - Submission Summary.pdf: 1 artículo(s) extraído(s)
2026-09-19 09:18:30,716 [INFO] etl_papers:   2011-8643/cangulomuoz,+Gestor_a+de+la+revista,+Magistro+Vol.+8+No.+16-Dificultades.pdf: 2 artículo(s) extraído(s)
2026-09-19 09:18:31,658 [INFO] etl_papers:   2011-8643/cangulomuoz,+Gestor_a+de+la+revista,+Magistro+Vol.+8+No.+16-Distinciones.pdf: 2 artículo(s) extraído(s)
2026-09-19 09:18:32,433 [INFO] etl_papers:   2011-8643/cangulomuoz,+Gestor_a+de+la+revista,+Magistro+Vol.+8+No.+16-Educación.pdf: 2 artículo(s) extraído(s)
2026-09-19 09:18:33,693 [INFO] etl_papers:   2011-8643/cangulomuoz,+Gestor_a+de+la+revista,+Magistro+Vol.+8+No.+16-Hermes.pdf: 2 artículo(s) extraído(s)
2026-09-19 09:18:34,642 [INFO] etl_papers:   2011-8643/cangulomuoz,+Gestor_a+de+la+revista,+Magistro+Vol.+8+No.+16-Maestro.pdf: 2 artículo(s) extraído(s)
2026-09-19 09:18:36,615 [INFO] etl_papers:   2011-8643/cangulomuoz,+Gestor_a+de+la+revista,+Magistro+Vol.+8+No.+16-TIC.pdf: 2 artículo(s) extraído(s)
2026-09-19 09:18:38,041 [INFO] etl_papers:   2027-0119/ruc_26_35_1_001-006.pdf: 1 artículo(s) extraído(s)
2026-09-19 09:18:39,354 [INFO] etl_papers:   2027-0119/ruc_26_35_1_007-012.pdf: 1 artículo(s) extraído(s)
2026-09-19 09:18:40,910 [INFO] etl_papers:   2027-0119/ruc_26_35_1_013-020.pdf: 2 artículo(s) extraído(s)
2026-09-19 09:19:04,916 [INFO] etl_papers:   2027-1034/851-239-PB.pdf: 51 artículo(s) extraído(s)
2026-09-19 09:19:08,133 [INFO] etl_papers:   2027-1352/Art-890_Ajem.pdf: 2 artículo(s) extraído(s)
2026-09-19 09:19:11,252 [INFO] etl_papers:   2027-1352/Art-900_Ajem.pdf: 2 artículo(s) extraído(s)
2026-09-19 09:19:14,393 [INFO] etl_papers:   2027-1352/Art-924_ajem.pdf: 2 artículo(s) extraído(s)
2026-09-19 09:19:17,396 [INFO] etl_papers:   2027-1352/Art-939_Ajem.pdf: 2 artículo(s) extraído(s)
2026-09-19 09:19:20,639 [INFO] etl_papers:   2027-1352/Art-954_ajem.pdf: 2 artículo(s) extraído(s)
2026-09-19 09:19:24,260 [INFO] etl_papers:   2027-1352/Art-955_ajem.pdf: 2 artículo(s) extraído(s)
2026-09-19 09:19:26,262 [INFO] etl_papers:   2027-1352/TA1-1.pdf: 1 artículo(s) extraído(s)
2026-09-19 09:19:28,300 [INFO] etl_papers:   2027-1352/TA1-5.pdf: 1 artículo(s) extraído(s)
2026-09-19 09:19:30,593 [INFO] etl_papers:   2027-1352/TA3-1.pdf: 1 artículo(s) extraído(s)
2026-09-19 09:19:32,853 [INFO] etl_papers:   2027-1352/TA3-14.pdf: 1 artículo(s) extraído(s)
2026-09-19 09:19:34,603 [INFO] etl_papers:   2027-145X/01_122465.pdf: 1 artículo(s) extraído(s)
2026-09-19 09:19:37,590 [INFO] etl_papers:   2027-145X/02_122787.pdf: 1 artículo(s) extraído(s)
2026-09-19 09:19:39,435 [INFO] etl_papers:   2027-145X/03_120152.pdf: 1 artículo(s) extraído(s)
2026-09-19 09:19:41,420 [INFO] etl_papers:   2027-145X/04_119773.pdf: 1 artículo(s) extraído(s)
2026-09-19 09:19:43,054 [INFO] etl_papers:   2027-145X/05_122534.pdf: 1 artículo(s) extraído(s)
2026-09-19 09:19:45,090 [INFO] etl_papers:   2027-145X/06_122005.pdf: 1 artículo(s) extraído(s)
2026-09-19 09:19:47,045 [INFO] etl_papers:   2027-145X/08_122418.pdf: 1 artículo(s) extraído(s)
2026-09-19 09:19:49,455 [INFO] etl_papers:   2027-145X/09_122529.pdf: 1 artículo(s) extraído(s)
2026-09-19 09:19:51,400 [INFO] etl_papers:   2027-145X/10_120130.pdf: 1 artículo(s) extraído(s)
2026-09-19 09:19:53,344 [INFO] etl_papers:   2027-145X/11_122565.pdf: 1 artículo(s) extraído(s)
2026-09-19 09:19:55,650 [INFO] etl_papers:   2027-145X/12_122210.pdf: 1 artículo(s) extraído(s)
2026-09-19 09:19:57,588 [INFO] etl_papers:   2027-145X/13_123123.pdf: 1 artículo(s) extraído(s)
2026-09-19 09:19:59,587 [INFO] etl_papers:   2027-145X/14_122521.pdf: 1 artículo(s) extraído(s)
2026-09-19 09:20:03,699 [INFO] etl_papers:   2027-1557/Dialnet-AnalisisTeoricocontextualDeLaConcepcionDePoliticas-10594409.pdf: 2 artículo(s) extraído(s)
2026-09-19 09:20:06,106 [INFO] etl_papers:   2027-1557/Dialnet-ConexionesEntreElementosCompositivosDeLasArtesPlas-10273676.pdf: 2 artículo(s) extraído(s)
2026-09-19 09:20:08,783 [INFO] etl_papers:   2027-1557/Dialnet-ElAcompanamientoComoParteFundamentalDeProcesosDeFo-10273675.pdf: 2 artículo(s) extraído(s)
2026-09-19 09:20:12,896 [INFO] etl_papers:   2027-1557/Dialnet-ElPeligroDeLosOutsiders-10594404.pdf: 2 artículo(s) extraído(s)
2026-09-19 09:20:17,084 [INFO] etl_papers:   2027-1557/Dialnet-ElPodcastEstudiantilComoEstrategiaEducomunicativaP-10273678.pdf: 2 artículo(s) extraído(s)
2026-09-19 09:20:21,760 [INFO] etl_papers:   2027-1557/Dialnet-ElSolDeBenyoLosPuntosCiegosDeLaInvestigacionSobreL-10273679.pdf: 2 artículo(s) extraído(s)
2026-09-19 09:20:25,698 [INFO] etl_papers:   2027-1557/Dialnet-EnSegundoGradoTejiendoLaCuerdaDeLectura-10594402.pdf: 2 artículo(s) extraído(s)
2026-09-19 09:20:29,129 [INFO] etl_papers:   2027-1557/Dialnet-EnfoquesSobreElEstudioDeLaIdentidadGamer-10273677.pdf: 3 artículo(s) extraído(s)
2026-09-19 09:20:30,588 [INFO] etl_papers:   2027-1557/Dialnet-RedesAcademicasYColaboracionEducativa-10594403.pdf: 2 artículo(s) extraído(s)
2026-09-19 09:20:33,742 [INFO] etl_papers:   2027-1557/Dialnet-RepresentacionesDiscursivasSobreMujeresIndigenasEn-10594401.pdf: 2 artículo(s) extraído(s)
2026-09-19 09:20:35,868 [INFO] etl_papers:   2027-1557/Dialnet-RepresentacionesGraficas-10594405.pdf: 2 artículo(s) extraído(s)
2026-09-19 09:20:38,176 [INFO] etl_papers:   2027-1557/Dialnet-VocesInnovadoras-10273674.pdf: 2 artículo(s) extraído(s)
2026-09-19 09:20:39,365 [INFO] etl_papers:   2027-1840/admin,+1224-3364-1-CE.pdf: 2 artículo(s) extraído(s)
2026-09-19 09:20:39,844 [INFO] etl_papers:   2027-1840/admin,+1225-3368-1-CE.pdf: 2 artículo(s) extraído(s)
2026-09-19 09:20:40,270 [INFO] etl_papers:   2027-1840/admin,+1227-3376-1-CE.pdf: 2 artículo(s) extraído(s)
2026-09-19 09:20:40,589 [INFO] etl_papers:   2027-1840/admin,+1228-3380-1-CE.pdf: 2 artículo(s) extraído(s)
2026-09-19 09:20:46,107 [INFO] etl_papers:   2027-2103/6802828010.pdf: 2 artículo(s) extraído(s)
2026-09-19 09:20:50,842 [INFO] etl_papers:   2027-2103/6802828011.pdf: 2 artículo(s) extraído(s)
2026-09-19 09:20:55,400 [INFO] etl_papers:   2027-2103/6802828012.pdf: 2 artículo(s) extraído(s)
2026-09-19 09:21:00,052 [INFO] etl_papers:   2027-2103/86802828014.pdf: 2 artículo(s) extraído(s)
2026-09-19 09:21:04,746 [INFO] etl_papers:   2027-2103/96802828017.pdf: 2 artículo(s) extraído(s)
2026-09-19 09:21:09,989 [INFO] etl_papers:   2027-2103/96802828018.pdf: 2 artículo(s) extraído(s)
2026-09-19 09:21:15,371 [INFO] etl_papers:   2027-2103/96802828019.pdf: 2 artículo(s) extraído(s)
2026-09-19 09:21:20,273 [INFO] etl_papers:   2027-2103/CVU-18+LOTE-7_PR_GN6802828013.pdf: 2 artículo(s) extraído(s)
2026-09-19 09:21:26,324 [INFO] etl_papers:   2027-2103/CVU18+LOTE-86802828015.pdf: 2 artículo(s) extraído(s)
2026-09-19 09:21:30,963 [INFO] etl_papers:   2027-2103/CVU18+LOTE-86802828016.pdf: 2 artículo(s) extraído(s)
2026-09-19 09:21:35,448 [INFO] etl_papers:   2027-2391/Dialnet-ImmigrationAndCustomsEnforcementICEYLaDualidadDeLa-10857360.pdf: 2 artículo(s) extraído(s)
2026-09-19 09:21:36,817 [INFO] etl_papers:   2027-2391/Dialnet-LaDeclaratoriaDeEmergenciaClimaticaEnMedellin-10857366.pdf: 2 artículo(s) extraído(s)
2026-09-19 09:21:38,258 [INFO] etl_papers:   2027-2391/Dialnet-LasConexionesGeopoliticasDeLosCuerposPedagogicos-10857367.pdf: 2 artículo(s) extraído(s)
2026-09-19 09:21:39,547 [INFO] etl_papers:   2027-2391/Dialnet-OrdenGlobalEnDisputa-10857365.pdf: 2 artículo(s) extraído(s)
2026-09-19 09:21:40,793 [INFO] etl_papers:   2027-2391/Dialnet-PorUnaGeografiaCriticaDeLasEconomiasPopulares-10857361.pdf: 2 artículo(s) extraído(s)
2026-09-19 09:21:42,104 [INFO] etl_papers:   2027-2448/2026-2+ART-1.pdf: 2 artículo(s) extraído(s)
2026-09-19 09:21:43,438 [INFO] etl_papers:   2027-2448/2026-2+ART-2.pdf: 2 artículo(s) extraído(s)
2026-09-19 09:21:44,896 [INFO] etl_papers:   2027-2448/2026-2+ART-3+(2).pdf: 2 artículo(s) extraído(s)
2026-09-19 09:21:46,382 [INFO] etl_papers:   2027-2448/2026-2+ART-4.pdf: 2 artículo(s) extraído(s)
2026-09-19 09:21:47,793 [INFO] etl_papers:   2027-2448/2026-2+ART-5+(1).pdf: 2 artículo(s) extraído(s)
2026-09-19 09:21:49,248 [INFO] etl_papers:   2027-2448/2026-2+ART-6+(1).pdf: 2 artículo(s) extraído(s)
2026-09-19 09:21:50,677 [INFO] etl_papers:   2027-2448/2026-2+ART-7+(2).pdf: 2 artículo(s) extraído(s)
2026-09-19 09:21:51,932 [INFO] etl_papers:   2027-3401/claralpt,+ART.+EDUCACION+Y+DEMOCRACIA+(211-227).pdf: 2 artículo(s) extraído(s)
2026-09-19 09:21:53,173 [INFO] etl_papers:   2027-3401/claralpt,+ART.+EDUCACIÓN+(83-108).pdf: 1 artículo(s) extraído(s)
2026-09-19 09:21:54,129 [INFO] etl_papers:   2027-3401/claralpt,+ART.+ESTRATEGIA+DE+COMPRENSIÓN+(157-172).pdf: 1 artículo(s) extraído(s)
2026-09-19 09:21:56,739 [INFO] etl_papers:   2027-3401/claralpt,+ART.+PROPUESTA+DIDACTICA+(131-156).pdf: 2 artículo(s) extraído(s)
2026-09-19 09:21:57,612 [INFO] etl_papers:   2027-3401/claralpt,+ART.+UNA+APROXIMACIÓN+(195-209).pdf: 1 artículo(s) extraído(s)
2026-09-19 09:22:02,688 [INFO] etl_papers:   2027-3401/claralpt,+ARTICULOS+INMIGRANTES+(17-54).pdf: 2 artículo(s) extraído(s)
2026-09-19 09:22:04,069 [INFO] etl_papers:   2027-3401/claralpt,+Desarrollo+del+Pensamiento+Crítico+Profesores+y+Estudiantes+de+Licenciatura+en+Ciencias+Sociales.pdf: 2 artículo(s) extraído(s)
2026-09-19 09:22:05,483 [INFO] etl_papers:   2027-3401/claralpt,+La+discapacidad+visual+desde+una+perspectiva+Inter+seccional+de+inclusión.pdf: 2 artículo(s) extraído(s)
2026-09-19 09:22:07,632 [INFO] etl_papers:   2027-3401/claralpt,+Pertinencia+curricular+e+intercultural.pdf: 2 artículo(s) extraído(s)
2026-09-19 09:22:10,172 [INFO] etl_papers:   2027-5366/Dikaion35(1)_26821_Potestad_7_PDF_Cristian+Andrés+Díaz+Díez.pdf: 2 artículo(s) extraído(s)
2026-09-19 09:22:14,970 [INFO] etl_papers:   2027-5366/Dikaion35(1)_26879_Juez_7_PDF_Francisco+Vázquez+Gómez+Bisogno.pdf: 2 artículo(s) extraído(s)
2026-09-19 09:22:18,849 [INFO] etl_papers:   2027-5366/Díkaion35(1)_25871-LaDoctrina_7_PDF_Dúber+Armando+Celis+Vela.pdf: 2 artículo(s) extraído(s)
2026-09-19 09:22:24,872 [INFO] etl_papers:   2027-5366/Díkaion35(1)_26067-Desafíos_7_PDF_Fernando+A.+Ramos-Zaga.pdf: 2 artículo(s) extraído(s)
2026-09-19 09:22:29,592 [INFO] etl_papers:   2027-5366/Díkaion35(1)_26231-Subjetividad_7_PDF_Andherson+Jhordan+Aguirre+Lanegra.pdf: 2 artículo(s) extraído(s)
2026-09-19 09:22:34,650 [INFO] etl_papers:   2027-5366/Díkaion35(1)_26733-Potestades_7_PDF_Vera+Sánchez;Navarro+Schiappacasse.pdf: 2 artículo(s) extraído(s)
2026-09-19 09:22:35,399 [INFO] etl_papers:   2027-5846/1__Red_neuronal (1).pdf: 2 artículo(s) extraído(s)
2026-09-19 09:22:36,447 [INFO] etl_papers:   2027-5846/2__Permanencia_académica.pdf: 2 artículo(s) extraído(s)
2026-09-19 09:22:36,999 [INFO] etl_papers:   2027-5846/3__Arquitectura_multicore.pdf: 2 artículo(s) extraído(s)
2026-09-19 09:22:37,546 [INFO] etl_papers:   2027-5846/4__Implementación_de_herramientas.pdf: 2 artículo(s) extraído(s)
2026-09-19 09:22:38,138 [INFO] etl_papers:   2027-5846/5__Brain_painting.pdf: 4 artículo(s) extraído(s)
2026-09-19 09:22:38,811 [INFO] etl_papers:   2027-5846/6__Formación_vocacional.pdf: 3 artículo(s) extraído(s)
2026-09-19 09:22:40,157 [INFO] etl_papers:   2027-7458/Dialnet-AdolescenciaDiscursosEntrecruzadosEReexistencias-10837066.pdf: 3 artículo(s) extraído(s)
2026-09-19 09:22:42,446 [INFO] etl_papers:   2027-7458/Dialnet-EstudiarDiscursivamenteLasPoliticasPublicas-10837059.pdf: 2 artículo(s) extraído(s)
2026-09-19 09:22:43,950 [INFO] etl_papers:   2027-7458/Dialnet-ModosDePensarYExpresarElLenguajeClaroEnElMinisteri-10837061.pdf: 2 artículo(s) extraído(s)
2026-09-19 09:22:45,404 [INFO] etl_papers:   2027-7458/Dialnet-MulheresTraficoDeDrogasEDiscursoJuridico-10837064.pdf: 2 artículo(s) extraído(s)
2026-09-19 09:22:47,001 [INFO] etl_papers:   2027-7458/Dialnet-ParaQueHacerAnalisisCriticoDelDiscurso-10837058.pdf: 2 artículo(s) extraído(s)
2026-09-19 09:22:48,460 [INFO] etl_papers:   2027-7458/Dialnet-PoliticasPublicasNaAgendaDeGeneroESexualidade-10837063.pdf: 3 artículo(s) extraído(s)
2026-09-19 09:22:49,330 [INFO] etl_papers:   2027-7458/Dialnet-PoliticasPublicasYPobrezaEnLaGuajiraColombia-10837062.pdf: 2 artículo(s) extraído(s)
2026-09-19 09:22:50,719 [INFO] etl_papers:   2027-7458/Dialnet-SufrimientoAmbiental-10837065.pdf: 2 artículo(s) extraído(s)
2026-09-19 09:22:52,308 [INFO] etl_papers:   2027-7679/1.+Autoconcepto+y+satisfacción+con+la+vida.pdf: 2 artículo(s) extraído(s)
2026-09-19 09:22:53,836 [INFO] etl_papers:   2027-7679/2.+Barreras+durante+la+búsqueda+de+empleo.pdf: 2 artículo(s) extraído(s)
2026-09-19 09:22:55,480 [INFO] etl_papers:   2027-7679/3.+Mapas+y+recorridos+sensoriales+participativos_compressed.pdf: 2 artículo(s) extraído(s)
2026-09-19 09:22:57,630 [INFO] etl_papers:   2027-7679/4.+La+condición+juvenil+en+clave+interseccional.pdf: 2 artículo(s) extraído(s)
2026-09-19 09:22:59,092 [INFO] etl_papers:   2027-7679/5.+Determinantes+psicosociales+de+la+vocación.pdf: 2 artículo(s) extraído(s)
2026-09-19 09:23:00,786 [INFO] etl_papers:   2027-7679/6.+Artes+en+la+educación+inicial_compressed.pdf: 2 artículo(s) extraído(s)
2026-09-19 09:23:01,933 [INFO] etl_papers:   2027-7679/7.+Evaluación+de+la+personalidad+en+delincuencia.pdf: 2 artículo(s) extraído(s)
2026-09-19 09:23:04,382 [INFO] etl_papers:   2027-7822/Vol14,02_AO_Art01.pdf: 2 artículo(s) extraído(s)
2026-09-19 09:23:06,335 [INFO] etl_papers:   2027-7822/Vol14,02_AO_Art02.pdf: 2 artículo(s) extraído(s)
2026-09-19 09:23:09,733 [INFO] etl_papers:   2027-7822/Vol14,02_AO_Art03.pdf: 1 artículo(s) extraído(s)
2026-09-19 09:23:12,548 [INFO] etl_papers:   2027-7822/Vol14,02_AO_Art04 (1).pdf: 2 artículo(s) extraído(s)
2026-09-19 09:23:15,294 [INFO] etl_papers:   2027-7822/Vol14,02_AO_Art04.pdf: 2 artículo(s) extraído(s)
2026-09-19 09:23:18,548 [INFO] etl_papers:   2027-7822/Vol14,02_AO_Art06.pdf: 2 artículo(s) extraído(s)
2026-09-19 09:23:20,568 [INFO] etl_papers:   2027-7822/Vol14,02_AO_Art07.pdf: 2 artículo(s) extraído(s)
2026-09-19 09:23:21,550 [INFO] etl_papers:   2027-9000/0121-8123-rcre-32-02-103.pdf: 1 artículo(s) extraído(s)
2026-09-19 09:23:23,423 [INFO] etl_papers:   2027-9000/0121-8123-rcre-32-02-105.pdf: 1 artículo(s) extraído(s)
2026-09-19 09:23:26,160 [INFO] etl_papers:   2027-9000/0121-8123-rcre-32-03-183.pdf: 1 artículo(s) extraído(s)
2026-09-19 09:23:30,205 [INFO] etl_papers:   2027-9000/0121-8123-rcre-32-03-190.pdf: 1 artículo(s) extraído(s)
2026-09-19 09:23:35,002 [INFO] etl_papers:   2027-9000/0121-8123-rcre-32-03-198.pdf: 1 artículo(s) extraído(s)
2026-09-19 09:23:38,112 [INFO] etl_papers:   2027-9000/0121-8123-rcre-32-03-209.pdf: 1 artículo(s) extraído(s)
2026-09-19 09:23:42,031 [INFO] etl_papers:   2027-9000/0121-8123-rcre-32-03-222.pdf: 1 artículo(s) extraído(s)
2026-09-19 09:23:44,072 [INFO] etl_papers:   2027-9000/0121-8123-rcre-32-03-231.pdf: 1 artículo(s) extraído(s)
2026-09-19 09:23:48,961 [INFO] etl_papers:   2027-9000/0121-8123-rcre-32-03-236.pdf: 1 artículo(s) extraído(s)
2026-09-19 09:23:50,905 [INFO] etl_papers:   2145-132X/gpalzate,+2145-132X-histo-11-21-211.pdf: 2 artículo(s) extraído(s)
2026-09-19 09:23:52,659 [INFO] etl_papers:   2145-132X/gpalzate,+2145132X203_Pita_Pico.pdf: 2 artículo(s) extraído(s)
2026-09-19 09:23:54,374 [INFO] etl_papers:   2145-132X/gpalzate,+2145132X224_Rubiano_PE.pdf: 2 artículo(s) extraído(s)
2026-09-19 09:23:56,783 [INFO] etl_papers:   2145-132X/gpalzate,+2145132X225_Villegas_A_Alarcon_S.pdf: 2 artículo(s) extraído(s)
2026-09-19 09:23:58,167 [INFO] etl_papers:   2145-132X/gpalzate,+2145132X226__Cabrera_MAM_Vidal_OA.pdf: 2 artículo(s) extraído(s)
2026-09-19 09:24:00,713 [INFO] etl_papers:   2145-132X/gpalzate,+_2145132X242_AlmarioGarcia_O.pdf: 2 artículo(s) extraído(s)
2026-09-19 09:24:01,976 [INFO] etl_papers:   2145-132X/historelo,+2145132X304_Llancavil_etal.pdf: 2 artículo(s) extraído(s)
2026-09-19 09:24:03,834 [INFO] etl_papers:   2145-132X/historelo,+2145132X326_Monroy.pdf: 2 artículo(s) extraído(s)
2026-09-19 09:24:06,858 [INFO] etl_papers:   2145-132X/historelo,+2145132X331_Manosalva-Paez.pdf: 2 artículo(s) extraído(s)
2026-09-19 09:24:09,311 [INFO] etl_papers:   2145-2660/364603_compressed.pdf: 2 artículo(s) extraído(s)
2026-09-19 09:24:13,232 [INFO] etl_papers:   2145-2660/Vitae+33-1++361981+(1).pdf: 1 artículo(s) extraído(s)
2026-09-19 09:24:15,330 [INFO] etl_papers:   2145-2660/Vitae+33-1++362612+(2).pdf: 2 artículo(s) extraído(s)
2026-09-19 09:24:17,056 [INFO] etl_papers:   2145-2660/Vitae+33-1++362906.pdf: 2 artículo(s) extraído(s)
2026-09-19 09:24:18,922 [INFO] etl_papers:   2145-2660/Vitae+33-1++363328+(3).pdf: 1 artículo(s) extraído(s)
2026-09-19 09:24:21,268 [INFO] etl_papers:   2145-2660/Vitae+33-1++363490+(1).pdf: 1 artículo(s) extraído(s)
2026-09-19 09:24:23,001 [INFO] etl_papers:   2145-2660/Vitae+33-1++363870.pdf: 1 artículo(s) extraído(s)
2026-09-19 09:24:25,081 [INFO] etl_papers:   2145-2660/Vitae+33-2++363359+(1).pdf: 2 artículo(s) extraído(s)
2026-09-19 09:24:26,775 [INFO] etl_papers:   2145-2660/Vitae+33-2++363403+(2).pdf: 2 artículo(s) extraído(s)
2026-09-19 09:24:28,777 [INFO] etl_papers:   2145-2660/Vitae+33-2++363745+(1).pdf: 1 artículo(s) extraído(s)
2026-09-19 09:24:31,257 [INFO] etl_papers:   2145-2660/Vitae+33-2++364067+(1).pdf: 2 artículo(s) extraído(s)
2026-09-19 09:24:33,730 [INFO] etl_papers:   2145-2660/Vitae+33-2++364125+(1).pdf: 1 artículo(s) extraído(s)
2026-09-19 09:24:37,369 [INFO] etl_papers:   2145-2660/Vitae+33-2++364280+(1).pdf: 2 artículo(s) extraído(s)
2026-09-19 09:24:39,939 [INFO] etl_papers:   2145-2660/Vitae+33-2++364805+(1).pdf: 2 artículo(s) extraído(s)
2026-09-19 09:24:43,557 [INFO] etl_papers:   2145-2946/document (2).pdf: 2 artículo(s) extraído(s)
2026-09-19 09:24:47,952 [INFO] etl_papers:   2145-2946/document (3).pdf: 2 artículo(s) extraído(s)
2026-09-19 09:24:56,227 [INFO] etl_papers:   2145-2946/document (4).pdf: 2 artículo(s) extraído(s)
2026-09-19 09:25:02,400 [INFO] etl_papers:   2145-2946/document (5).pdf: 2 artículo(s) extraído(s)
2026-09-19 09:25:07,868 [INFO] etl_papers:   2145-2946/document (6).pdf: 2 artículo(s) extraído(s)
2026-09-19 09:25:09,610 [INFO] etl_papers:   2145-4507/RCS-24-2_14471_Guevara.pdf: 2 artículo(s) extraído(s)
2026-09-19 09:25:11,241 [INFO] etl_papers:   2145-4507/RCS-24-2_14668_Quiroz.pdf: 2 artículo(s) extraído(s)
2026-09-19 09:25:12,876 [INFO] etl_papers:   2145-4507/RCS-24-2_14778_Alvarez (1).pdf: 2 artículo(s) extraído(s)
2026-09-19 09:25:14,269 [INFO] etl_papers:   2145-4507/RCS-24-2_14778_Alvarez (2).pdf: 2 artículo(s) extraído(s)
2026-09-19 09:25:15,859 [INFO] etl_papers:   2145-4507/RCS-24-2_14778_Alvarez.pdf: 2 artículo(s) extraído(s)
2026-09-19 09:25:17,683 [INFO] etl_papers:   2145-4507/RCS-24-2_14810_Vila.pdf: 2 artículo(s) extraído(s)
2026-09-19 09:25:19,299 [INFO] etl_papers:   2145-4515/14908+Rev+APL+43-3+dos+Obreque.pdf: 2 artículo(s) extraído(s)
2026-09-19 09:25:21,573 [INFO] etl_papers:   2145-4515/15988+Rev+APL+44-1+Lopez.pdf: 2 artículo(s) extraído(s)
2026-09-19 09:25:24,492 [INFO] etl_papers:   2145-4515/16103+Rev+APL+43-3+Mendez.pdf: 2 artículo(s) extraído(s)
2026-09-19 09:25:26,534 [INFO] etl_papers:   2145-4515/16139+Rev+APL+43-3+Lupano.pdf: 2 artículo(s) extraído(s)
2026-09-19 09:25:28,701 [INFO] etl_papers:   2145-4515/16174+Rev+APL+43-3+Tapie.pdf: 2 artículo(s) extraído(s)
2026-09-19 09:25:31,966 [INFO] etl_papers:   2145-4515/16301+Rev+APL+44-1+Cordoba.pdf: 2 artículo(s) extraído(s)
2026-09-19 09:25:34,094 [INFO] etl_papers:   2145-4515/16410+Rev+APL+44-1+Vidal.pdf: 2 artículo(s) extraído(s)
2026-09-19 09:25:38,510 [INFO] etl_papers:   2145-4531/14929-Rev+SocioJuridicos+27-2_CHawkins+(2).pdf: 2 artículo(s) extraído(s)
2026-09-19 09:25:44,105 [INFO] etl_papers:   2145-4531/15063-Rev+SocioJuridicos+27-2_DEDiaz+(1).pdf: 2 artículo(s) extraído(s)
2026-09-19 09:25:48,378 [INFO] etl_papers:   2145-4531/15271-Rev+SocioJuridicos+27-2_CTorres.pdf: 2 artículo(s) extraído(s)
2026-09-19 09:25:53,143 [INFO] etl_papers:   2145-4531/15405-Rev+SocioJuridicos+27-2_MGSanchez+et+al.pdf: 2 artículo(s) extraído(s)
2026-09-19 09:25:58,046 [INFO] etl_papers:   2145-4531/15418-Rev+SocioJuridicos+28-1_CFainstein.pdf: 2 artículo(s) extraído(s)
2026-09-19 09:26:03,352 [INFO] etl_papers:   2145-4531/15459-Rev+SocioJuridicos+28-1_GALopez+et+al.pdf: 2 artículo(s) extraído(s)
2026-09-19 09:26:07,919 [INFO] etl_papers:   2145-4531/15487-Rev+SocioJuridicos+27-2_JRMiranda+(1).pdf: 2 artículo(s) extraído(s)
2026-09-19 09:26:17,098 [INFO] etl_papers:   2145-4531/15506-Rev+SocioJuridicos+28-1_AMBonet+et+al.pdf: 2 artículo(s) extraído(s)
2026-09-19 09:26:20,890 [INFO] etl_papers:   2145-4531/15569-Rev+SocioJuridicos+28-1_EACalderon+et+al+(1).pdf: 2 artículo(s) extraído(s)
2026-09-19 09:26:25,275 [INFO] etl_papers:   2145-4531/15892-Rev+SocioJuridicos+28-1_JAHernandez+et+al+(1).pdf: 2 artículo(s) extraído(s)
2026-09-19 09:26:28,463 [INFO] etl_papers:   2145-4531/Aproximaciones+jurídicas+a+la+maternidad+subrogada+en+los+países+del+Pacto+Andino_+tendencias+y+desafíos.pdf: 2 artículo(s) extraído(s)
2026-09-19 09:26:30,475 [INFO] etl_papers:   2145-4604/CJA-2024-0092_ENG.pdf: 2 artículo(s) extraído(s)
2026-09-19 09:26:32,758 [INFO] etl_papers:   2145-4604/CJA-2024-0092_ESP.pdf: 2 artículo(s) extraído(s)
2026-09-19 09:26:33,972 [INFO] etl_papers:   2145-4604/CJA-2024-0096_ENG.pdf: 2 artículo(s) extraído(s)
2026-09-19 09:26:35,168 [INFO] etl_papers:   2145-4604/CJA-2024-0096_ESP.pdf: 2 artículo(s) extraído(s)
2026-09-19 09:26:37,003 [INFO] etl_papers:   2145-4604/CJA-2024-0122_ENG.pdf: 2 artículo(s) extraído(s)
2026-09-19 09:26:38,997 [INFO] etl_papers:   2145-4604/CJA-2024-0122_ESP.pdf: 2 artículo(s) extraído(s)
2026-09-19 09:26:40,204 [INFO] etl_papers:   2145-4604/CJA-2025-0001_ENG.pdf: 2 artículo(s) extraído(s)
2026-09-19 09:26:41,464 [INFO] etl_papers:   2145-4604/CJA-2025-0001_ESP.pdf: 2 artículo(s) extraído(s)
2026-09-19 09:26:42,897 [INFO] etl_papers:   2145-4604/CJA-2025-0010_ENG.pdf: 2 artículo(s) extraído(s)
2026-09-19 09:26:44,181 [INFO] etl_papers:   2145-4604/CJA-2025-0076_ENG.pdf: 2 artículo(s) extraído(s)
2026-09-19 09:26:45,912 [INFO] etl_papers:   2145-4604/CJA-2025-0101_ENG.pdf: 2 artículo(s) extraído(s)
2026-09-19 09:26:47,810 [INFO] etl_papers:   2145-4892/Ciencias+cognitivas+aplicadas.pdf: 2 artículo(s) extraído(s)
2026-09-19 09:26:49,317 [INFO] etl_papers:   2145-4892/Del+estímulo+acústico+a+la+experiencia+estética.pdf: 2 artículo(s) extraído(s)
2026-09-19 09:26:52,065 [INFO] etl_papers:   2145-4892/Diseño+y+evidencias+psicométricas+de+un+instrumento+para+la+Observación+de+Emociones+Epistémicas+en+el+Aula+(OEEA).pdf: 2 artículo(s) extraído(s)
2026-09-19 09:26:53,274 [INFO] etl_papers:   2145-4892/El+efecto+de+la+retroalimentación+sobre+la+curiosidad+epistémica+y+la+conciencia+de+brecha.pdf: 2 artículo(s) extraído(s)
2026-09-19 09:26:55,386 [INFO] etl_papers:   2145-4892/Modelo+de+habilidades+cognitivas+específicas+para+entornos+organizacionales.pdf: 2 artículo(s) extraído(s)
2026-09-19 09:26:56,793 [INFO] etl_papers:   2145-4892/Procesos+cognitivos+en+la+danza+contemporánea_+Un+análisis+de+configuraciones+grupales+y+afectivas+en+el+ecosistema+formativo.pdf: 2 artículo(s) extraído(s)
2026-09-19 09:26:58,016 [INFO] etl_papers:   2145-4892/Reducción+de+sintomatología+traumática+mediante+un+grupo+de+apoyo+virtual+con+enfoque+psicoeducativo+en+población+hospitalaria.pdf: 2 artículo(s) extraído(s)
2026-09-19 09:27:00,242 [INFO] etl_papers:   2145-5333/Dialnet-IdentificacionDeNecesidadesDeCuidadosPaliativosEnP-8066893.pdf: 2 artículo(s) extraído(s)
2026-09-19 09:27:01,952 [INFO] etl_papers:   2145-5333/Dialnet-ImaginarioSocialDelRolDeEnfermeria-8066892.pdf: 2 artículo(s) extraído(s)
2026-09-19 09:27:03,998 [INFO] etl_papers:   2145-6445/RLEF+17(2)_2.pdf: 2 artículo(s) extraído(s)
2026-09-19 09:27:06,342 [INFO] etl_papers:   2145-6445/RLEF+17(2)_3.pdf: 2 artículo(s) extraído(s)
2026-09-19 09:27:08,716 [INFO] etl_papers:   2145-6445/RLEF+17(2)_4.pdf: 2 artículo(s) extraído(s)
2026-09-19 09:27:10,595 [INFO] etl_papers:   2145-6445/RLEF+17(2)_5.pdf: 2 artículo(s) extraído(s)
2026-09-19 09:27:13,048 [INFO] etl_papers:   2145-6445/RLEF+17(2)_6.pdf: 2 artículo(s) extraído(s)
2026-09-19 09:27:15,360 [INFO] etl_papers:   2145-6445/RLEF+17(2)_7.pdf: 2 artículo(s) extraído(s)
2026-09-19 09:27:20,315 [INFO] etl_papers:   2145-6569/ESCALA DE ACTITUD SOBRE EL CONSUMO DE SUSTANCIAS PSICOACTIVAS.pdf: 2 artículo(s) extraído(s)
2026-09-19 09:27:22,986 [INFO] etl_papers:   2145-6569/LAS HERIDAS QUE FALTAN POR SANAR Y PUNTADAS PARA LA RECONSTRUCCIÓN.pdf: 2 artículo(s) extraído(s)
2026-09-19 09:27:27,836 [INFO] etl_papers:   2145-6569/PROPUESTA DE GUÍA DE PRÁCTICAS CLÍNICAS PARA MANEJO DE LA DEPRESIÓN.pdf: 2 artículo(s) extraído(s)
2026-09-19 09:27:29,913 [INFO] etl_papers:   2145-6569/REFLEJOS SOCIOECONÓMICOS, ELECCIONES DE ALCALDÍA EN CALI Y UN ANÁLISIS.pdf: 2 artículo(s) extraído(s)
2026-09-19 09:27:31,866 [INFO] etl_papers:   2145-6569/VALIDEZ CIENTÍFICA DEL TEST DE DIBUJO DE FIGURA HUMANA (DFH).pdf: 2 artículo(s) extraído(s)
2026-09-19 09:27:32,750 [INFO] etl_papers:   2145-6569/¿POR QUÉ EL LIBERALISMO SEGÚN JOHN RAWLS ESTÁ LEJOS DE SER ALCANZADO.pdf: 2 artículo(s) extraído(s)
2026-09-19 09:27:33,617 [INFO] etl_papers:   2145-7166/359824_ENG_Final.pdf: 1 artículo(s) extraído(s)
2026-09-19 09:27:34,634 [INFO] etl_papers:   2145-7166/360767_Ingles.pdf: 2 artículo(s) extraído(s)
2026-09-19 09:27:35,789 [INFO] etl_papers:   2145-7166/361211_ENG_V6.pdf: 1 artículo(s) extraído(s)
2026-09-19 09:27:37,360 [INFO] etl_papers:   2145-7166/361760_Ingles+(4).pdf: 2 artículo(s) extraído(s)
2026-09-19 09:27:39,138 [INFO] etl_papers:   2145-7778/3648_18(39).pdf: 2 artículo(s) extraído(s)
2026-09-19 09:27:40,456 [INFO] etl_papers:   2145-7778/3697_18(39).pdf: 2 artículo(s) extraído(s)
2026-09-19 09:27:42,010 [INFO] etl_papers:   2145-7778/3715_18(39).pdf: 2 artículo(s) extraído(s)
2026-09-19 09:27:43,806 [INFO] etl_papers:   2145-7778/3723_18(39).pdf: 2 artículo(s) extraído(s)
2026-09-19 09:27:45,674 [INFO] etl_papers:   2145-7778/3756_18(39).pdf: 2 artículo(s) extraído(s)
2026-09-19 09:27:47,582 [INFO] etl_papers:   2145-7778/3807_18(39).pdf: 2 artículo(s) extraído(s)
2026-09-19 09:27:49,508 [INFO] etl_papers:   2145-7778/3860_18(39).pdf: 2 artículo(s) extraído(s)
2026-09-19 09:27:51,113 [INFO] etl_papers:   2145-7778/3910_18(39).pdf: 2 artículo(s) extraído(s)
2026-09-19 09:27:51,408 [INFO] etl_papers:   2145-8480/ART+1-38(3)+2025.pdf: 2 artículo(s) extraído(s)
2026-09-19 09:27:52,668 [INFO] etl_papers:   2145-8480/ION_Vol_38N3_25_ART2.pdf: 3 artículo(s) extraído(s)
2026-09-19 09:27:55,605 [INFO] etl_papers:   2145-8480/ION_Vol_38N3_25_ART4.pdf: 3 artículo(s) extraído(s)
2026-09-19 09:27:57,492 [INFO] etl_papers:   2145-8480/ION_Vol_38N3_25_ART5.pdf: 3 artículo(s) extraído(s)
2026-09-19 09:28:01,035 [INFO] etl_papers:   2145-8480/ION_Vol_38N3_25_ART6.pdf: 3 artículo(s) extraído(s)
2026-09-19 09:28:04,731 [INFO] etl_papers:   2145-8499/Anuario-31-n2-de-2026_Art_1.pdf: 2 artículo(s) extraído(s)
2026-09-19 09:28:07,153 [INFO] etl_papers:   2145-8499/Anuario-31-n2-de-2026_Art_3.pdf: 2 artículo(s) extraído(s)
2026-09-19 09:28:09,558 [INFO] etl_papers:   2145-8499/Anuario-31-n2-de-2026_Art_4.pdf: 2 artículo(s) extraído(s)
2026-09-19 09:28:12,633 [INFO] etl_papers:   2145-8499/Anuario-31-n2-de-2026_Art_6.pdf: 2 artículo(s) extraído(s)
2026-09-19 09:28:16,127 [INFO] etl_papers:   2145-8499/Anuario-31-n2-de-2026_Art_7.pdf: 2 artículo(s) extraído(s)
2026-09-19 09:28:20,093 [INFO] etl_papers:   2145-8499/Anuario-31-n2-de-2026_Art_8.pdf: 2 artículo(s) extraído(s)
2026-09-19 09:28:23,490 [INFO] etl_papers:   2145-8499/Anuario-31-n2-de-2026_Art_9.pdf: 2 artículo(s) extraído(s)
2026-09-19 09:28:25,992 [INFO] etl_papers:   2145-8553/Análisis+geométrico,+cinemático+y+dinámico+de+estructuras+vetiformes+en+el+sector+SE+del+Distrito+Minero+de+Vetas-California,+Santander,+Colombia.pdf: 2 artículo(s) extraído(s)
2026-09-19 09:28:28,158 [INFO] etl_papers:   2145-8553/Aplicación+de+técnicas+de+clustering+y+machine+learning+en+Google+Earth+Engine+para+detectar+estructuras+asociadas+a+hidrógeno+natural.pdf: 2 artículo(s) extraído(s)
2026-09-19 09:28:30,659 [INFO] etl_papers:   2145-8553/Inversión+conjunta+de+datos+TDEM+de+bajo+y+alto+momento+para+el+mejoramiento+de+los+modelos+del+subsuelo.pdf: 2 artículo(s) extraído(s)
2026-09-19 09:28:33,961 [INFO] etl_papers:   2145-8553/Modelado+hidrológico+en+cuencas+andinas+de+Colombia+bajo+los+escenarios+de+cambio+climático+SSP4.5+y+SSP8.5.pdf: 2 artículo(s) extraído(s)
2026-09-19 09:28:37,479 [INFO] etl_papers:   2145-8553/Predicción+mineralógica+a+partir+de+registros+de+pozos+mediante+aprendizaje+automático.+Estudio+de+caso+de+las+cuencas+del+Valle+Medio+del+Magdalena+y+Catatumbo+(Colombia).pdf: 2 artículo(s) extraído(s)
2026-09-19 09:28:40,250 [INFO] etl_papers:   2145-8553/Venas+hidrotermales+de+barita+en+rocas+metapelíticas+del+suroccidente+del+Macizo+de+Santander,+Colombia_+evidencias+de+ebullición+y+fluidos+moderadamente+salinos+ricos+en+sulfato.pdf: 2 artículo(s) extraído(s)
2026-09-19 09:28:41,920 [INFO] etl_papers:   2145-9169/Art.10+Validación+de+un+instrumento+dimensiones+DigCompEdu.pdf: 2 artículo(s) extraído(s)
2026-09-19 09:28:43,922 [INFO] etl_papers:   2145-9169/Art.11+Lenguaje_entre+experiencia+estética+transmedialidad.pdf: 2 artículo(s) extraído(s)
2026-09-19 09:28:45,730 [INFO] etl_papers:   2145-9169/Art.12+El+aprendizaje+para+la+autonomía+entorno-ambiente+acuático.pdf: 2 artículo(s) extraído(s)
2026-09-19 09:28:47,712 [INFO] etl_papers:   2145-9169/Art.2+Antecedentes+tradición+espacial+en+economía.pdf: 2 artículo(s) extraído(s)
2026-09-19 09:28:49,891 [INFO] etl_papers:   2145-9169/Art.3+Extractivismo+urbano+planeación+capital+grupos+armados.pdf: 2 artículo(s) extraído(s)
2026-09-19 09:28:51,680 [INFO] etl_papers:   2145-9169/Art.4+Experiencias+comunitarias+diseño+innovacion+social+Putumayo.pdf: 2 artículo(s) extraído(s)
2026-09-19 09:28:54,275 [INFO] etl_papers:   2145-9169/Art.5+Experiencias+práctica+clínica+psicología+suroccidente+colombiano.pdf: 2 artículo(s) extraído(s)
2026-09-19 09:28:56,537 [INFO] etl_papers:   2145-9169/Art.6+Efectos+implementación+apoyo+conductual+positivo+contexto+univ..pdf: 2 artículo(s) extraído(s)
2026-09-19 09:28:58,141 [INFO] etl_papers:   2145-9169/Art.7+Salud+mental+contexto+universitario.pdf: 2 artículo(s) extraído(s)
2026-09-19 09:28:59,649 [INFO] etl_papers:   2145-9169/Art.8+Desafíos+éticos_Un+mundo+feliz+Huxley+transhumanista.pdf: 2 artículo(s) extraído(s)
2026-09-19 09:29:01,417 [INFO] etl_papers:   2145-9169/Art.9+Ethos+y+narración+re-significando+el+pasado.pdf: 2 artículo(s) extraído(s)
2026-09-19 09:29:04,649 [INFO] etl_papers:   2145-9797/99c09a59-eb25-445f-9217-ea8c397d971d.pdf: 2 artículo(s) extraído(s)
2026-09-19 09:29:08,385 [INFO] etl_papers:   2145-9797/b349b8ab-576a-4944-a7ac-95bbc2355d78.pdf: 2 artículo(s) extraído(s)
2026-09-19 09:29:11,430 [INFO] etl_papers:   2145-9797/cb8f6ecb-43f6-4e6f-9233-26dbfc9d9da0.pdf: 2 artículo(s) extraído(s)
2026-09-19 09:29:13,925 [INFO] etl_papers:   2145-9797/db0a488a-b58e-413d-9b17-92ae6d54c0f5.pdf: 2 artículo(s) extraído(s)
2026-09-19 09:29:15,247 [INFO] etl_papers:   2145-9932/Dialnet-DesafiosParaLaBuenaDispensacionDeMedicamentos-6176886.pdf: 1 artículo(s) extraído(s)
2026-09-19 09:29:16,633 [INFO] etl_papers:   2145-9932/Dialnet-EfectividadDeUnPlanDeMejoramientoEnTamizacionCervi-6176887.pdf: 2 artículo(s) extraído(s)
2026-09-19 09:29:18,046 [INFO] etl_papers:   2145-9932/Dialnet-FactoresAsociadosAlDesarrolloDeTuberculosisEnConta-6176878.pdf: 2 artículo(s) extraído(s)
2026-09-19 09:29:19,460 [INFO] etl_papers:   2145-9932/Dialnet-FactoresAsociadosAlExitoDelTratamientoDeLosPacient-6176882.pdf: 2 artículo(s) extraído(s)
2026-09-19 09:29:21,112 [INFO] etl_papers:   2145-9932/Dialnet-FrecuenciaDeAlteracionVisualEnLaConsultaDePieDiabe-6176879.pdf: 2 artículo(s) extraído(s)
2026-09-19 09:29:21,800 [INFO] etl_papers:   2145-9932/Dialnet-PrevalenciaDeEmbarazoYCaracteristicasDemograficasS-6176881.pdf: 3 artículo(s) extraído(s)
2026-09-19 09:29:22,710 [INFO] etl_papers:   2145-9932/Dialnet-PrincipalesRazonesDeExtraccionDeDientesPermanentes-6176880.pdf: 2 artículo(s) extraído(s)
2026-09-19 09:29:23,841 [INFO] etl_papers:   2145-9932/Dialnet-RazonesQuePuedenExplicarLaReduccionEnLaCoberturaDe-6176885.pdf: 2 artículo(s) extraído(s)
2026-09-19 09:29:24,910 [INFO] etl_papers:   2145-9932/Dialnet-RelacionEntreConocimientosHabitosYParticipacionCom-6176884.pdf: 1 artículo(s) extraído(s)
2026-09-19 09:29:26,208 [INFO] etl_papers:   2215-7727/CDR-22-2025+Lote-16732852001.pdf: 2 artículo(s) extraído(s)
2026-09-19 09:29:28,358 [INFO] etl_papers:   2215-7727/CDR-22-2025+Lote-16732852002.pdf: 2 artículo(s) extraído(s)
2026-09-19 09:29:29,580 [INFO] etl_papers:   2215-7727/CDR-22-2025+Lote-16732852003.pdf: 2 artículo(s) extraído(s)
2026-09-19 09:29:31,257 [INFO] etl_papers:   2215-7727/CDR-22-2025+Lote-16732852004.pdf: 2 artículo(s) extraído(s)
2026-09-19 09:29:33,792 [INFO] etl_papers:   2215-7727/CDR-22-2025+Lote-16732852005.pdf: 2 artículo(s) extraído(s)
2026-09-19 09:29:36,017 [INFO] etl_papers:   2215-7727/CDR-22-2025+Lote-16732852006.pdf: 1 artículo(s) extraído(s)
2026-09-19 09:29:37,504 [INFO] etl_papers:   2215-7727/Cuadernos6732892001.pdf: 2 artículo(s) extraído(s)
2026-09-19 09:29:39,442 [INFO] etl_papers:   2215-7727/Cuadernos6732892003.pdf: 2 artículo(s) extraído(s)
2026-09-19 09:29:41,021 [INFO] etl_papers:   2215-7727/Cuadernos6732892004.pdf: 2 artículo(s) extraído(s)
2026-09-19 09:29:43,339 [INFO] etl_papers:   2215-7727/Cuadernos6732892005.pdf: 2 artículo(s) extraído(s)
2026-09-19 09:29:46,530 [INFO] etl_papers:   2215-7840/document (2).pdf: 2 artículo(s) extraído(s)
2026-09-19 09:29:49,683 [INFO] etl_papers:   2215-7840/document (3).pdf: 2 artículo(s) extraído(s)
2026-09-19 09:29:51,499 [INFO] etl_papers:   2215-7840/document (4).pdf: 2 artículo(s) extraído(s)
2026-09-19 09:29:54,331 [INFO] etl_papers:   2215-7840/document (5).pdf: 2 artículo(s) extraído(s)
2026-09-19 09:29:58,606 [INFO] etl_papers:   2215-7840/document (6).pdf: 2 artículo(s) extraído(s)
2026-09-19 09:30:00,386 [INFO] etl_papers:   2215-7840/document (7).pdf: 2 artículo(s) extraído(s)
2026-09-19 09:30:03,036 [INFO] etl_papers:   2215-8405/Dialnet-AnalisisEstrategicoDeEstructurasYProcesosDePymesFa-10408987.pdf: 1 artículo(s) extraído(s)
2026-09-19 09:30:06,209 [INFO] etl_papers:   2215-8405/Dialnet-EfectoDeLaPlaneacionEstrategicaEnLaCompetitividadD-10408984.pdf: 2 artículo(s) extraído(s)
2026-09-19 09:30:08,218 [INFO] etl_papers:   2215-8405/Dialnet-ElImpactoDeLaCosechaDeAguaDeLluviaEnLaCalidadDeVid-10408983.pdf: 2 artículo(s) extraído(s)
2026-09-19 09:30:10,440 [INFO] etl_papers:   2215-8405/Dialnet-EstudioPreliminarDeLaCadenaDeValorGeneradaPorElTur-10408985.pdf: 2 artículo(s) extraído(s)
2026-09-19 09:30:13,373 [INFO] etl_papers:   2215-8405/Dialnet-IgualdadDeGeneroEnElCrecimientoProfesionalDeLasMuj-10408988.pdf: 2 artículo(s) extraído(s)
2026-09-19 09:30:15,727 [INFO] etl_papers:   2215-8405/Dialnet-LaViolenciaEnElTrabajoComoCondicionanteDeLaCalidad-10408981.pdf: 2 artículo(s) extraído(s)
2026-09-19 09:30:18,893 [INFO] etl_papers:   2215-8405/Dialnet-MadurezEmpresarialYGestionDeProyectosCasoDeEstudio-10408986.pdf: 2 artículo(s) extraído(s)
2026-09-19 09:30:21,434 [INFO] etl_papers:   2215-8405/Dialnet-SignificadosDeExperienciasEspiritualesEnElMundoOrg-10408982.pdf: 2 artículo(s) extraído(s)
2026-09-19 09:30:25,170 [INFO] etl_papers:   2215-8944/(1).+RA&D.+Artículo.+Nuevo+Derecho+Internacion+al+aplicado+a+los+conflictos+armados+mirado+desde+las+convergencias+(1).pdf: 2 artículo(s) extraído(s)
2026-09-19 09:30:28,199 [INFO] etl_papers:   2215-8944/(10).+(2025).+RA&D.+Artículo.+Las+medidas+cautelares+en+el+proceso+de+extinción+de+dominio+en+Colombia.pdf: 2 artículo(s) extraído(s)
2026-09-19 09:30:32,124 [INFO] etl_papers:   2215-8944/(11).+(2025).+RA&D.+Artículo.+El+juvenicidio....pdf: 2 artículo(s) extraído(s)
2026-09-19 09:30:35,193 [INFO] etl_papers:   2215-8944/(2).+(2025).+RA&D.+Propuesta+de+Protección+de+datos+IA.pdf: 2 artículo(s) extraído(s)
2026-09-19 09:30:42,615 [INFO] etl_papers:   2215-8944/(3).+RA&D.+Artículo.+feminicidio.pdf: 2 artículo(s) extraído(s)
2026-09-19 09:30:48,176 [INFO] etl_papers:   2215-8944/(5).+(2025).+RA&D.+Artículo.+Pobreza+y+deterioro+ambiental+en+la+periferia+urbana.+Análisis+del+Caño+de+La+Ahuyama.pdf: 2 artículo(s) extraído(s)
2026-09-19 09:30:52,580 [INFO] etl_papers:   2215-8944/(6).+(2025).+RA&D.+Artículo.+Garantía+de+derechos+en+restitución+de+tierras+y+el+aporte+a+la+construcción+de+paz.pdf: 2 artículo(s) extraído(s)
2026-09-19 09:30:56,606 [INFO] etl_papers:   2215-8944/(7).+(Dic).+(2025).+RA&D.+Artículo+Riesgos+psicosociales+en+el+contexto+laboral+colombiano.pdf: 2 artículo(s) extraído(s)
2026-09-19 09:30:59,406 [INFO] etl_papers:   2215-8944/(8).+(2025).+RA&D.+Artículo.+Reparación+colectiva+y+simbólica+en+Colombia.pdf: 2 artículo(s) extraído(s)
2026-09-19 09:31:02,917 [INFO] etl_papers:   2215-8944/(8).+(2025).+RA&D.+Artículo.+Responsabilidad+internacional+del+Estado+Colombiano+frente+a+los+miembros+de+las+FFMM.pdf: 2 artículo(s) extraído(s)
2026-09-19 09:31:06,302 [INFO] etl_papers:   2215-8944/(9).+(2025).+RA&D.+Artículo.+Límites+a+la+libertad+de+contratación+en+las+técnicas+de+reproducción+humana+asistida+en+Colombia.pdf: 2 artículo(s) extraído(s)
2026-09-19 09:31:06,698 [INFO] etl_papers:   2215-9177/01-+7821-+Otra+vez+vuelve+a+caer+el+telón.pdf: 1 artículo(s) extraído(s)
2026-09-19 09:31:07,276 [INFO] etl_papers:   2215-9177/02-+7822-+Divulgación+científica+y+desarrollo+social.pdf: 1 artículo(s) extraído(s)
2026-09-19 09:31:07,900 [INFO] etl_papers:   2215-9177/03-+7823-+Los+grupos+de+investigación.pdf: 1 artículo(s) extraído(s)
2026-09-19 09:31:08,692 [INFO] etl_papers:   2215-9177/04-+7824-+Historia+de+la+Electrofisiología+en+Colombia.pdf: 1 artículo(s) extraído(s)
2026-09-19 09:31:09,461 [INFO] etl_papers:   2215-969X/Dearq44_Art.01.pdf: 1 artículo(s) extraído(s)
2026-09-19 09:31:09,469 [WARNING] etl_papers:   ✗ No se pudo abrir Dearq44_Art.02.pdf: cryptography>=3.1 is required for AES algorithm
2026-09-19 09:31:09,470 [INFO] etl_papers:   2215-969X/Dearq44_Art.02.pdf: 0 artículo(s) extraído(s)
2026-09-19 09:31:09,485 [WARNING] etl_papers:   ✗ No se pudo abrir Dearq44_Art.03.pdf: cryptography>=3.1 is required for AES algorithm
2026-09-19 09:31:09,486 [INFO] etl_papers:   2215-969X/Dearq44_Art.03.pdf: 0 artículo(s) extraído(s)
2026-09-19 09:31:09,517 [WARNING] etl_papers:   ✗ No se pudo abrir Dearq44_Art.04.pdf: cryptography>=3.1 is required for AES algorithm
2026-09-19 09:31:09,518 [INFO] etl_papers:   2215-969X/Dearq44_Art.04.pdf: 0 artículo(s) extraído(s)
2026-09-19 09:31:09,535 [WARNING] etl_papers:   ✗ No se pudo abrir Dearq44_Art.05.pdf: cryptography>=3.1 is required for AES algorithm
2026-09-19 09:31:09,535 [INFO] etl_papers:   2215-969X/Dearq44_Art.05.pdf: 0 artículo(s) extraído(s)
2026-09-19 09:31:10,639 [INFO] etl_papers:   2215-969X/Dearq44_Art.06.pdf: 1 artículo(s) extraído(s)
2026-09-19 09:31:10,658 [WARNING] etl_papers:   ✗ No se pudo abrir Dearq44_Art.07.pdf: cryptography>=3.1 is required for AES algorithm
2026-09-19 09:31:10,658 [INFO] etl_papers:   2215-969X/Dearq44_Art.07.pdf: 0 artículo(s) extraído(s)
2026-09-19 09:31:10,681 [WARNING] etl_papers:   ✗ No se pudo abrir Dearq44_Art.08.pdf: cryptography>=3.1 is required for AES algorithm
2026-09-19 09:31:10,681 [INFO] etl_papers:   2215-969X/Dearq44_Art.08.pdf: 0 artículo(s) extraído(s)
2026-09-19 09:31:10,701 [WARNING] etl_papers:   ✗ No se pudo abrir Dearq44_Art.09.pdf: cryptography>=3.1 is required for AES algorithm
2026-09-19 09:31:10,701 [INFO] etl_papers:   2215-969X/Dearq44_Art.09.pdf: 0 artículo(s) extraído(s)
2026-09-19 09:31:12,086 [INFO] etl_papers:   2215-9959/A10_MAVAE+21-2_vfw.pdf: 3 artículo(s) extraído(s)
2026-09-19 09:31:13,064 [INFO] etl_papers:   2215-9959/A11_MAVAE+21-2_vfw.pdf: 3 artículo(s) extraído(s)
2026-09-19 09:31:13,885 [INFO] etl_papers:   2215-9959/A1_MAVAE+21-2_vfw.pdf: 3 artículo(s) extraído(s)
2026-09-19 09:31:15,106 [INFO] etl_papers:   2215-9959/A2_MAVAE+21-2_vfw.pdf: 3 artículo(s) extraído(s)
2026-09-19 09:31:16,146 [INFO] etl_papers:   2215-9959/A3_MAVAE+21-1_vfw2.pdf: 3 artículo(s) extraído(s)
2026-09-19 09:31:16,895 [INFO] etl_papers:   2215-9959/A4_MAVAE+21-2_vfw.pdf: 3 artículo(s) extraído(s)
2026-09-19 09:31:18,252 [INFO] etl_papers:   2215-9959/A5_MAVAE+21-2_vf2.pdf: 3 artículo(s) extraído(s)
2026-09-19 09:31:19,572 [INFO] etl_papers:   2215-9959/A6_MAVAE+21-2_vfw.pdf: 3 artículo(s) extraído(s)
2026-09-19 09:31:21,139 [INFO] etl_papers:   2215-9959/A7_MAVAE+21-2_vfw.pdf: 3 artículo(s) extraído(s)
2026-09-19 09:31:22,068 [INFO] etl_papers:   2215-9959/A8_MAVAE+21-2_vfw.pdf: 3 artículo(s) extraído(s)
2026-09-19 09:31:22,784 [INFO] etl_papers:   2215-9959/A9_MAVAE+21-2_vfw.pdf: 3 artículo(s) extraído(s)
2026-09-19 09:31:46,147 [INFO] etl_papers:   2216-1201/217-619-PB.pdf: 25 artículo(s) extraído(s)
2026-09-19 09:31:48,791 [INFO] etl_papers:   2216-1368/Art+3862+listoo.pdf: 2 artículo(s) extraído(s)
2026-09-19 09:31:53,817 [INFO] etl_papers:   2216-1368/Art+3925+listo.pdf: 2 artículo(s) extraído(s)
2026-09-19 09:31:55,434 [INFO] etl_papers:   2216-1368/Art+corr+3750.pdf: 2 artículo(s) extraído(s)
2026-09-19 09:31:58,579 [INFO] etl_papers:   2216-1368/Art+corr+3869.pdf: 2 artículo(s) extraído(s)
2026-09-19 09:32:01,498 [INFO] etl_papers:   2216-1368/Art+corr+3956.pdf: 2 artículo(s) extraído(s)
2026-09-19 09:32:04,271 [INFO] etl_papers:   2216-1368/Art+fcorr+3708.pdf: 2 artículo(s) extraído(s)
2026-09-19 09:32:08,078 [INFO] etl_papers:   2216-1368/Art+fcorr+3937.pdf: 2 artículo(s) extraído(s)
2026-09-19 09:32:11,282 [INFO] etl_papers:   2216-1368/art+3827+listo.pdf: 2 artículo(s) extraído(s)
2026-09-19 09:32:14,045 [INFO] etl_papers:   2216-1368/art+3843+ajus.pdf: 2 artículo(s) extraído(s)
2026-09-19 09:32:17,043 [INFO] etl_papers:   2216-1368/art+corr+3867+listo.pdf: 2 artículo(s) extraído(s)
2026-09-19 09:32:20,149 [INFO] etl_papers:   2216-1368/art+corr+3868_listo.pdf: 2 artículo(s) extraído(s)
2026-09-19 09:32:23,162 [INFO] etl_papers:   2216-1368/art+corr+3953.pdf: 2 artículo(s) extraído(s)
2026-09-19 09:32:24,713 [INFO] etl_papers:   2216-1368/art+fcorr+3804.pdf: 2 artículo(s) extraído(s)
2026-09-19 09:32:26,118 [INFO] etl_papers:   2216-1473/DianaIRE,+art_1+(5).pdf: 2 artículo(s) extraído(s)
2026-09-19 09:32:27,850 [INFO] etl_papers:   2216-1473/DianaIRE,+art_2+(3).pdf: 2 artículo(s) extraído(s)
2026-09-19 09:32:29,920 [INFO] etl_papers:   2216-1473/DianaIRE,+art_3+(3).pdf: 2 artículo(s) extraído(s)
2026-09-19 09:32:31,854 [INFO] etl_papers:   2216-1473/DianaIRE,+art_4+(3).pdf: 2 artículo(s) extraído(s)
2026-09-19 09:32:33,932 [INFO] etl_papers:   2216-1473/DianaIRE,+art_5+(3).pdf: 2 artículo(s) extraído(s)
2026-09-19 09:32:35,966 [INFO] etl_papers:   2216-1473/DianaIRE,+art_6+(3).pdf: 2 artículo(s) extraído(s)
2026-09-19 09:32:37,426 [INFO] etl_papers:   2216-1473/DianaIRE,+art_7+(3).pdf: 2 artículo(s) extraído(s)
2026-09-19 09:32:39,386 [INFO] etl_papers:   2216-1473/DianaIRE,+art_8+(3).pdf: 2 artículo(s) extraído(s)
2026-09-19 09:32:44,197 [INFO] etl_papers:   2216-1473/DianaIRE,+art_9-+FINAL.pdf: 2 artículo(s) extraído(s)
2026-09-19 09:32:46,872 [INFO] etl_papers:   2248-4078/OJUMa4527.pdf: 2 artículo(s) extraído(s)
2026-09-19 09:32:50,126 [INFO] etl_papers:   2248-4078/OJUMa4973.pdf: 2 artículo(s) extraído(s)
2026-09-19 09:32:52,818 [INFO] etl_papers:   2248-4078/OJUMa5037.pdf: 2 artículo(s) extraído(s)
2026-09-19 09:32:55,782 [INFO] etl_papers:   2248-4078/OJUMa5047.pdf: 2 artículo(s) extraído(s)
2026-09-19 09:32:57,337 [INFO] etl_papers:   2248-4078/OJUMa5100.pdf: 2 artículo(s) extraído(s)
2026-09-19 09:33:00,476 [INFO] etl_papers:   2248-4078/OJUMa5129.pdf: 2 artículo(s) extraído(s)
2026-09-19 09:33:02,969 [INFO] etl_papers:   2248-4078/OJUMa5195.pdf: 2 artículo(s) extraído(s)
2026-09-19 09:33:05,732 [INFO] etl_papers:   2248-4078/OJUMa5330.pdf: 2 artículo(s) extraído(s)
2026-09-19 09:33:07,837 [INFO] etl_papers:   2248-4078/OJUMa5393.pdf: 2 artículo(s) extraído(s)
2026-09-19 09:33:55,464 [INFO] etl_papers:   Book_RCE_98_web.pdf: 443 páginas, truncado a 400 para extracción
2026-09-19 09:33:55,660 [INFO] etl_papers:   2248-4337/Book_RCE_98_web.pdf: 1 artículo(s) extraído(s)
2026-09-19 09:33:58,217 [INFO] etl_papers:   2248-4345/Listo+para+publicar_Seec+67+art+5272.pdf: 2 artículo(s) extraído(s)
2026-09-19 09:34:00,958 [INFO] etl_papers:   2248-4345/Listo+para+publicar_Seec+67+art+5281.pdf: 2 artículo(s) extraído(s)
2026-09-19 09:34:05,386 [INFO] etl_papers:   2248-4345/Seec+67+art+5168.pdf: 2 artículo(s) extraído(s)
2026-09-19 09:34:08,011 [INFO] etl_papers:   2248-4345/Seec+67+art+5197.pdf: 2 artículo(s) extraído(s)
2026-09-19 09:34:10,262 [INFO] etl_papers:   2248-4345/Seec+67+art+5226.pdf: 2 artículo(s) extraído(s)
2026-09-19 09:34:12,105 [INFO] etl_papers:   2248-4345/Seec+67+art+5263.pdf: 2 artículo(s) extraído(s)
2026-09-19 09:34:14,063 [INFO] etl_papers:   2248-4345/Seec+67+art+5319.pdf: 2 artículo(s) extraído(s)
2026-09-19 09:34:18,493 [INFO] etl_papers:   2248-4345/Seec+67+art+5326.pdf: 2 artículo(s) extraído(s)
2026-09-19 09:34:21,554 [INFO] etl_papers:   2248-4345/Seec+67+art+5438.pdf: 2 artículo(s) extraído(s)
2026-09-19 09:34:41,226 [INFO] etl_papers:   2248-6011/02_(La+calidad+4.0)+Vol+21+Nº41_CLA+conv.pdf: 2 artículo(s) extraído(s)
2026-09-19 09:34:43,099 [INFO] etl_papers:   2248-6011/03_(Influence+of+Variables)+Vol+21+Nº41_CLA.pdf: 2 artículo(s) extraído(s)
2026-09-19 09:34:46,299 [INFO] etl_papers:   2248-6011/04_(Determinantes+de+la+competitividad)+Vol+21+Nº41_CLA.pdf: 2 artículo(s) extraído(s)
2026-09-19 09:34:47,584 [INFO] etl_papers:   2248-6011/06_(Marcos+técnicos)+Vol+21+Nº41_CLA+(1)+Edited.pdf: 2 artículo(s) extraído(s)
2026-09-19 09:34:48,739 [INFO] etl_papers:   2248-6011/07_(El+modelo+cooperativo)+Vol+21+Nº41_CLA+(3) (1).pdf: 2 artículo(s) extraído(s)
2026-09-19 09:34:50,544 [INFO] etl_papers:   2248-6011/08_(Innovación+publicitaria)+Vol+21+Nº41_CLA+(1)+Copy.pdf: 2 artículo(s) extraído(s)
2026-09-19 09:34:51,495 [INFO] etl_papers:   2248-6054/4694-Texto del artículo-23639-2-10-20260828.pdf: 1 artículo(s) extraído(s)
2026-09-19 09:34:52,500 [INFO] etl_papers:   2248-6054/4731-Texto del artículo-23640-1-10-20260309.pdf: 1 artículo(s) extraído(s)
2026-09-19 09:34:53,464 [INFO] etl_papers:   2248-6054/4748-Texto del artículo-23644-1-10-20260309.pdf: 2 artículo(s) extraído(s)
2026-09-19 09:34:56,029 [INFO] etl_papers:   2248-6054/4754-Texto del artículo-23638-1-10-20260309.pdf: 1 artículo(s) extraído(s)
2026-09-19 09:34:56,820 [INFO] etl_papers:   2248-6054/4766-Texto del artículo-23642-1-10-20260309.pdf: 2 artículo(s) extraído(s)
2026-09-19 09:34:58,226 [INFO] etl_papers:   2248-6054/4787-Texto del artículo-23641-1-10-20260309.pdf: 2 artículo(s) extraído(s)
2026-09-19 09:34:58,973 [INFO] etl_papers:   2248-6054/4804-Texto del artículo-23645-1-10-20260309.pdf: 2 artículo(s) extraído(s)
2026-09-19 09:35:00,010 [INFO] etl_papers:   2248-6054/4830-Texto del artículo-23643-1-10-20260309.pdf: 2 artículo(s) extraído(s)
2026-09-19 09:35:04,811 [INFO] etl_papers:   2256-1676/document (10).pdf: 2 artículo(s) extraído(s)
2026-09-19 09:35:10,094 [INFO] etl_papers:   2256-1676/document (11).pdf: 2 artículo(s) extraído(s)
2026-09-19 09:35:13,988 [INFO] etl_papers:   2256-1676/document (2).pdf: 2 artículo(s) extraído(s)
2026-09-19 09:35:16,356 [INFO] etl_papers:   2256-1676/document (3).pdf: 2 artículo(s) extraído(s)
2026-09-19 09:35:18,726 [INFO] etl_papers:   2256-1676/document (4).pdf: 2 artículo(s) extraído(s)
2026-09-19 09:35:25,036 [INFO] etl_papers:   2256-1676/document (5).pdf: 2 artículo(s) extraído(s)
2026-09-19 09:35:29,766 [INFO] etl_papers:   2256-1676/document (6).pdf: 2 artículo(s) extraído(s)
2026-09-19 09:35:37,991 [INFO] etl_papers:   2256-1676/document (7).pdf: 2 artículo(s) extraído(s)
2026-09-19 09:35:45,193 [INFO] etl_papers:   2256-1676/document (8).pdf: 2 artículo(s) extraído(s)
2026-09-19 09:35:51,475 [INFO] etl_papers:   2256-1676/document (9).pdf: 1 artículo(s) extraído(s)
2026-09-19 09:35:54,756 [INFO] etl_papers:   2256-201X/CF-23831.pdf: 2 artículo(s) extraído(s)
2026-09-19 09:35:57,955 [INFO] etl_papers:   2256-201X/CF-23987.pdf: 2 artículo(s) extraído(s)
2026-09-19 09:36:01,623 [INFO] etl_papers:   2256-201X/CF-24185.pdf: 2 artículo(s) extraído(s)
2026-09-19 09:36:04,803 [INFO] etl_papers:   2256-201X/CF-24278.pdf: 2 artículo(s) extraído(s)
2026-09-19 09:36:07,762 [INFO] etl_papers:   2256-201X/CF-24471.pdf: 2 artículo(s) extraído(s)
2026-09-19 09:36:10,882 [INFO] etl_papers:   2256-201X/CF-24605.pdf: 2 artículo(s) extraído(s)
2026-09-19 09:36:14,464 [INFO] etl_papers:   2256-201X/CF-24629.pdf: 2 artículo(s) extraído(s)
2026-09-19 09:36:17,398 [INFO] etl_papers:   2256-201X/CF-24763.pdf: 2 artículo(s) extraído(s)
2026-09-19 09:36:20,803 [INFO] etl_papers:   2256-201X/CF-24788.pdf: 2 artículo(s) extraído(s)
2026-09-19 09:36:24,165 [INFO] etl_papers:   2256-201X/CF-24838.pdf: 2 artículo(s) extraído(s)
2026-09-19 09:36:29,182 [INFO] etl_papers:   2256-2796/document (2).pdf: 1 artículo(s) extraído(s)
2026-09-19 09:36:32,169 [INFO] etl_papers:   2256-2796/document (3).pdf: 2 artículo(s) extraído(s)
2026-09-19 09:36:35,433 [INFO] etl_papers:   2256-2796/document (4).pdf: 2 artículo(s) extraído(s)
2026-09-19 09:36:37,686 [INFO] etl_papers:   2256-2796/document (5).pdf: 2 artículo(s) extraído(s)
2026-09-19 09:36:40,249 [INFO] etl_papers:   2256-2796/document (6).pdf: 2 artículo(s) extraído(s)
2026-09-19 09:36:43,199 [INFO] etl_papers:   2256-2796/document (7).pdf: 2 artículo(s) extraído(s)
2026-09-19 09:36:49,031 [INFO] etl_papers:   2256-2796/document (8).pdf: 2 artículo(s) extraído(s)
2026-09-19 09:36:53,771 [INFO] etl_papers:   2256-2796/document (9).pdf: 1 artículo(s) extraído(s)
2026-09-19 09:36:55,234 [INFO] etl_papers:   2256-2958/358631_OK.pdf: 2 artículo(s) extraído(s)
2026-09-19 09:36:56,471 [INFO] etl_papers:   2256-2958/358794.pdf: 2 artículo(s) extraído(s)
2026-09-19 09:36:58,371 [INFO] etl_papers:   2256-2958/358801.pdf: 2 artículo(s) extraído(s)
2026-09-19 09:37:00,840 [INFO] etl_papers:   2256-2958/358933.pdf: 2 artículo(s) extraído(s)
2026-09-19 09:37:03,420 [INFO] etl_papers:   2256-2958/358966.pdf: 1 artículo(s) extraído(s)
2026-09-19 09:37:05,122 [INFO] etl_papers:   2256-2958/359311_Ok.pdf: 2 artículo(s) extraído(s)
2026-09-19 09:37:07,276 [INFO] etl_papers:   2256-2958/359535.pdf: 2 artículo(s) extraído(s)
2026-09-19 09:37:09,088 [INFO] etl_papers:   2256-2958/359581_OK.pdf: 2 artículo(s) extraído(s)
2026-09-19 09:37:10,717 [INFO] etl_papers:   2256-2958/360197.pdf: 2 artículo(s) extraído(s)
2026-09-19 09:37:13,673 [INFO] etl_papers:   2256-2958/360786.pdf: 2 artículo(s) extraído(s)
2026-09-19 09:37:15,716 [INFO] etl_papers:   2256-2958/360929.pdf: 2 artículo(s) extraído(s)
2026-09-19 09:37:16,984 [INFO] etl_papers:   2256-2958/361091.pdf: 2 artículo(s) extraído(s)
2026-09-19 09:37:18,748 [INFO] etl_papers:   2256-2958/361359_compressed.pdf: 2 artículo(s) extraído(s)
2026-09-19 09:37:20,520 [INFO] etl_papers:   2256-3067/Art.10+Estretegias+resilientes+docentes+educación+media+pandemia.pdf: 2 artículo(s) extraído(s)
2026-09-19 09:37:22,154 [INFO] etl_papers:   2256-3067/Art.12+Teoría+de+usos+y+gratificaciones+ámbito+militar.pdf: 2 artículo(s) extraído(s)
2026-09-19 09:37:23,495 [INFO] etl_papers:   2256-3067/Art.13+Prevalencia+experiencias+traumáticas+infancia.pdf: 2 artículo(s) extraído(s)
2026-09-19 09:37:25,502 [INFO] etl_papers:   2256-3067/Art.14+Efectos+de+variaciones+autoridad_comportamiento+obediente.pdf: 2 artículo(s) extraído(s)
2026-09-19 09:37:27,330 [INFO] etl_papers:   2256-3067/Art.16+Propiedades+psicométricas+grit+académico.pdf: 2 artículo(s) extraído(s)
2026-09-19 09:37:29,134 [INFO] etl_papers:   2256-3067/Art.1_Participation+productions+Psychology+WoS.pdf: 2 artículo(s) extraído(s)
2026-09-19 09:37:30,887 [INFO] etl_papers:   2256-3067/Art.2+Supportive+climate+and+dedication.pdf: 2 artículo(s) extraído(s)
2026-09-19 09:37:32,148 [INFO] etl_papers:   2256-3067/Art.3+Evaluación+modelo+docencia-servicio+psicología.pdf: 2 artículo(s) extraído(s)
2026-09-19 09:37:33,233 [INFO] etl_papers:   2256-3067/Art.4+Actitudes+hacia+la+comida+estudiantes+Bucaramanga.pdf: 2 artículo(s) extraído(s)
2026-09-19 09:37:34,106 [INFO] etl_papers:   2256-3067/Art.5+Adaptation+questionnaire+experiences+video+games.pdf: 2 artículo(s) extraído(s)
2026-09-19 09:37:35,188 [INFO] etl_papers:   2256-3067/Art.7+Intervencioes+en+salud+envejecimiento+activo.pdf: 2 artículo(s) extraído(s)
2026-09-19 09:37:36,868 [INFO] etl_papers:   2256-3067/Art.8+Salud+mental+y+enfermedad+inflamatoria+intestinal.pdf: 2 artículo(s) extraído(s)
2026-09-19 09:37:38,362 [INFO] etl_papers:   2256-3067/Art.9+Estudio+de+revisión+sobre+sesgo+de+creencia.pdf: 3 artículo(s) extraído(s)
2026-09-19 09:37:39,479 [INFO] etl_papers:   2256-3334/358482+final.pdf: 2 artículo(s) extraído(s)
2026-09-19 09:37:40,597 [INFO] etl_papers:   2256-3334/359962_final.pdf: 2 artículo(s) extraído(s)
2026-09-19 09:37:42,542 [INFO] etl_papers:   2256-3334/360326_final.pdf: 2 artículo(s) extraído(s)
2026-09-19 09:37:44,030 [INFO] etl_papers:   2256-3334/360621_final.pdf: 2 artículo(s) extraído(s)
2026-09-19 09:37:45,100 [INFO] etl_papers:   2256-3334/360926_final.pdf: 2 artículo(s) extraído(s)
2026-09-19 09:37:46,293 [INFO] etl_papers:   2256-3334/361232_final.pdf: 2 artículo(s) extraído(s)
2026-09-19 09:37:47,639 [INFO] etl_papers:   2256-3334/361278_final.pdf: 2 artículo(s) extraído(s)
2026-09-19 09:37:49,260 [INFO] etl_papers:   2256-3334/361293_final2.pdf: 2 artículo(s) extraído(s)
2026-09-19 09:37:50,490 [INFO] etl_papers:   2256-3334/361367_final.pdf: 2 artículo(s) extraído(s)
2026-09-19 09:37:51,684 [INFO] etl_papers:   2256-3334/361407+final.pdf: 2 artículo(s) extraído(s)
2026-09-19 09:37:52,846 [INFO] etl_papers:   2256-3334/361437_+final.pdf: 2 artículo(s) extraído(s)
2026-09-19 09:37:53,830 [INFO] etl_papers:   2256-3334/361484+final.pdf: 2 artículo(s) extraído(s)
2026-09-19 09:37:54,882 [INFO] etl_papers:   2256-3334/361516+final.pdf: 2 artículo(s) extraído(s)
2026-09-19 09:37:55,687 [INFO] etl_papers:   2256-3334/361768_final.pdf: 1 artículo(s) extraído(s)
2026-09-19 09:37:56,784 [INFO] etl_papers:   2256-3334/362334+final.pdf: 2 artículo(s) extraído(s)
2026-09-19 09:37:57,972 [INFO] etl_papers:   2256-3334/362568_ingles_final.pdf: 2 artículo(s) extraído(s)
2026-09-19 09:37:59,372 [INFO] etl_papers:   2256-3334/362658+final.pdf: 2 artículo(s) extraído(s)
2026-09-19 09:38:00,272 [INFO] etl_papers:   2256-3334/363361_final.pdf: 2 artículo(s) extraído(s)
2026-09-19 09:38:01,512 [INFO] etl_papers:   2256-3334/363375_final.pdf: 2 artículo(s) extraído(s)
2026-09-19 09:38:10,785 [INFO] etl_papers:   2256-4322/658-245-PB.pdf: 6 artículo(s) extraído(s)
2026-09-19 09:38:14,044 [INFO] etl_papers:   2256-5248/Rhela-28-48-m-115-135.pdf: 2 artículo(s) extraído(s)
2026-09-19 09:38:17,532 [INFO] etl_papers:   2256-5248/Rhela-28-48-m-137-164.pdf: 2 artículo(s) extraído(s)
2026-09-19 09:38:21,177 [INFO] etl_papers:   2256-5248/Rhela-28-48-m-15-42.pdf: 2 artículo(s) extraído(s)
2026-09-19 09:38:24,357 [INFO] etl_papers:   2256-5248/Rhela-28-48-m-165-184.pdf: 2 artículo(s) extraído(s)
2026-09-19 09:38:27,695 [INFO] etl_papers:   2256-5248/Rhela-28-48-m-185-205.pdf: 2 artículo(s) extraído(s)
2026-09-19 09:38:31,071 [INFO] etl_papers:   2256-5248/Rhela-28-48-m-207-268-1-20.pdf: 2 artículo(s) extraído(s)
2026-09-19 09:38:36,659 [INFO] etl_papers:   2256-5248/Rhela-28-48-m-207-268-21-62.pdf: 2 artículo(s) extraído(s)
2026-09-19 09:38:40,630 [INFO] etl_papers:   2256-5248/Rhela-28-48-m-43-68.pdf: 2 artículo(s) extraído(s)
2026-09-19 09:38:44,142 [INFO] etl_papers:   2256-5248/Rhela-28-48-m-69-90.pdf: 2 artículo(s) extraído(s)
2026-09-19 09:38:47,504 [INFO] etl_papers:   2256-5248/Rhela-28-48-m-91-113.pdf: 2 artículo(s) extraído(s)
2026-09-19 09:42:56,194 [INFO] etl_papers:   2256-5442/TAC_+RCGeo_35-2+_AGO06+V3.pdf: 32 artículo(s) extraído(s)
2026-09-19 09:42:58,977 [INFO] etl_papers:   2256-5450/Literatura_28-1_101-131.pdf: 1 artículo(s) extraído(s)
2026-09-19 09:43:01,673 [INFO] etl_papers:   2256-5450/Literatura_28-1_11-43.pdf: 1 artículo(s) extraído(s)
2026-09-19 09:43:04,531 [INFO] etl_papers:   2256-5450/Literatura_28-1_132-162.pdf: 1 artículo(s) extraído(s)
2026-09-19 09:43:06,209 [INFO] etl_papers:   2256-5450/Literatura_28-1_163-176.pdf: 1 artículo(s) extraído(s)
2026-09-19 09:43:08,778 [INFO] etl_papers:   2256-5450/Literatura_28-1_44-70.pdf: 1 artículo(s) extraído(s)
2026-09-19 09:43:11,385 [INFO] etl_papers:   2256-5450/Literatura_28-1_71-100.pdf: 1 artículo(s) extraído(s)
2026-09-19 09:43:38,091 [INFO] etl_papers:   Sociologia de la musica.pdf: 437 páginas, truncado a 400 para extracción
2026-09-19 09:43:38,308 [INFO] etl_papers:   2256-5485/Sociologia de la musica.pdf: 23 artículo(s) extraído(s)
2026-09-19 09:44:13,564 [INFO] etl_papers:   2256-5493/Revista Trabajo Social 28(2) - Pervivencias y Transformaciones del Trabajo Social en el Sur Global - Racionalidades, agriet.pdf: 22 artículo(s) extraído(s)
2026-09-19 09:44:47,776 [INFO] etl_papers:   2256-5493/TAC Rev Tra Social 28_1_V6 (1).pdf: 18 artículo(s) extraído(s)
2026-09-19 09:44:51,269 [INFO] etl_papers:   2256-5647/ACHSC_53_2_Art01_Ramirez.pdf: 2 artículo(s) extraído(s)
2026-09-19 09:44:54,880 [INFO] etl_papers:   2256-5647/ACHSC_53_2_Art02_Agudelo,+Chapman,+Lopez.pdf: 2 artículo(s) extraído(s)
2026-09-19 09:44:58,093 [INFO] etl_papers:   2256-5647/ACHSC_53_2_Art03_Jimenez.pdf: 2 artículo(s) extraído(s)
2026-09-19 09:45:01,784 [INFO] etl_papers:   2256-5647/ACHSC_53_2_Art04_Sanchez.pdf: 2 artículo(s) extraído(s)
2026-09-19 09:45:04,862 [INFO] etl_papers:   2256-5647/ACHSC_53_2_Art05_Valenzuela,+Moreno.pdf: 2 artículo(s) extraído(s)
2026-09-19 09:45:08,822 [INFO] etl_papers:   2256-5647/ACHSC_53_2_Art06_Wan.pdf: 3 artículo(s) extraído(s)
2026-09-19 09:45:12,588 [INFO] etl_papers:   2256-5647/ACHSC_53_2_Art07_Aguirre.pdf: 2 artículo(s) extraído(s)
2026-09-19 09:45:16,155 [INFO] etl_papers:   2256-5647/ACHSC_53_2_Art08_Vazquez.pdf: 2 artículo(s) extraído(s)
2026-09-19 09:45:19,972 [INFO] etl_papers:   2256-5647/ACHSC_53_2_Art09_Camus.pdf: 2 artículo(s) extraído(s)
2026-09-19 09:45:23,549 [INFO] etl_papers:   2256-5647/ACHSC_53_2_Art10_Iturriaga,+Matiz,+Mendez.pdf: 2 artículo(s) extraído(s)
2026-09-19 09:45:25,299 [INFO] etl_papers:   2322-6889/1.+Felipe+Carrillo+Puerto.pdf: 2 artículo(s) extraído(s)
2026-09-19 09:45:27,108 [INFO] etl_papers:   2322-6889/2.+Salvador+Massip.pdf: 2 artículo(s) extraído(s)
2026-09-19 09:45:28,454 [INFO] etl_papers:   2322-6889/3.+La+irrupción+del+suelo.pdf: 2 artículo(s) extraído(s)
2026-09-19 09:45:30,687 [INFO] etl_papers:   2322-6889/4.+Militarismo,+ciencia+y+naturaleza.pdf: 2 artículo(s) extraído(s)
2026-09-19 09:45:32,225 [INFO] etl_papers:   2322-6889/5.+Acts+of+state.pdf: 2 artículo(s) extraído(s)
2026-09-19 09:45:34,496 [INFO] etl_papers:   2322-777X/Aduanas+y+cónsules+en+el+comercio+suroccidental+colombiano+durante+la+segunda+mitad+del+siglo+XIX.pdf: 2 artículo(s) extraído(s)
2026-09-19 09:45:37,036 [INFO] etl_papers:   2322-777X/Experiences+and+Reactions+to+Communication+in+the+Spanish+Atlantic+(1492-1560)+(1).pdf: 2 artículo(s) extraído(s)
2026-09-19 09:45:39,687 [INFO] etl_papers:   2322-777X/La+carrera+postal+Buenos+Aires-Paraguay+a+través+de+los+libros+contables+(1770-1784).pdf: 2 artículo(s) extraído(s)
2026-09-19 09:45:42,328 [INFO] etl_papers:   2322-777X/Servicio+postal+e+industria+salitrera+chilena+de+finales+del+siglo+XIX.pdf: 2 artículo(s) extraído(s)
2026-09-19 09:45:44,855 [INFO] etl_papers:   2322-777X/«Comercio+de+noticias».+Política+y+ámbitos+de+información.+Entre+Ríos,+1819-1821.pdf: 2 artículo(s) extraído(s)
2026-09-19 09:45:47,182 [INFO] etl_papers:   2322-777X/«Pertenece+a+los+reyes+hacer+gracia+y+mercedes+a+sus+naturales».+Estrategias+femeninas+de+acceso+a+la+economía+de+la+gracia+en+el+virreinato+del+Nuevo+Reino+de+Granada,+1780-1790.pdf: 2 artículo(s) extraído(s)
2026-09-19 09:45:48,663 [INFO] etl_papers:   2322-9381/Dialnet-DeLosLugaresDeTrabajoALaProtestaPopular-10758465.pdf: 3 artículo(s) extraído(s)
2026-09-19 09:45:49,877 [INFO] etl_papers:   2322-9381/Dialnet-ElMovimientoDeDeudorasYDeudoresHabitacionalesDeChi-10758471.pdf: 3 artículo(s) extraído(s)
2026-09-19 09:45:51,534 [INFO] etl_papers:   2322-9381/Dialnet-GestandoUnaNuevaSociabilidad-10758467.pdf: 3 artículo(s) extraído(s)
2026-09-19 09:45:53,128 [INFO] etl_papers:   2322-9381/Dialnet-LaHuelgaDelTranviaDeBogotaDe1924-10758468.pdf: 3 artículo(s) extraído(s)
2026-09-19 09:45:54,730 [INFO] etl_papers:   2322-9381/Dialnet-LlevanLaPatriaVibrandoEnLasManosLosVoceadoresDePre-10758466.pdf: 3 artículo(s) extraído(s)
2026-09-19 09:45:56,616 [INFO] etl_papers:   2322-9381/Dialnet-NoEconomizarNingunSacrificioExigenciasYCondiciones-10758464.pdf: 3 artículo(s) extraído(s)
2026-09-19 09:45:58,005 [INFO] etl_papers:   2322-9381/Dialnet-SomosSobrevivientesLasVictimasDelConflictoArmadoEn-10758470.pdf: 3 artículo(s) extraído(s)
2026-09-19 09:45:59,057 [INFO] etl_papers:   2322-9381/Dialnet-TrabajoYAgenciaFemeninaEnColimaAFinesDelVirreinato-10758463.pdf: 3 artículo(s) extraído(s)
2026-09-19 09:46:01,033 [INFO] etl_papers:   2322-9381/Dialnet-VariosCaminosNosTrajeronHastaAqui-10758469.pdf: 3 artículo(s) extraído(s)
2026-09-19 09:46:02,463 [INFO] etl_papers:   2322-9675/01_Olague+Mendez.pdf: 3 artículo(s) extraído(s)
2026-09-19 09:46:04,443 [INFO] etl_papers:   2322-9675/02_Caballero+Campos.pdf: 3 artículo(s) extraído(s)
2026-09-19 09:46:05,895 [INFO] etl_papers:   2322-9675/03_Ávila.pdf: 3 artículo(s) extraído(s)
2026-09-19 09:46:07,462 [INFO] etl_papers:   2322-9675/04_Caro+Peralta.pdf: 3 artículo(s) extraído(s)
2026-09-19 09:46:09,142 [INFO] etl_papers:   2322-9675/05_Alderete.pdf: 3 artículo(s) extraído(s)
2026-09-19 09:46:10,713 [INFO] etl_papers:   2322-9675/06_Cifuentes+Sarmiento.pdf: 3 artículo(s) extraído(s)
2026-09-19 09:46:12,627 [INFO] etl_papers:   2322-9675/07_Mora+Silva.pdf: 3 artículo(s) extraído(s)
2026-09-19 09:46:14,139 [INFO] etl_papers:   2322-9675/08_Ortega+Zambrano+y+Figueroa+Salamanca.pdf: 3 artículo(s) extraído(s)
2026-09-19 09:46:15,683 [INFO] etl_papers:   2322-9675/09_Castillo+Braithwaite.pdf: 3 artículo(s) extraído(s)
2026-09-19 09:46:17,221 [INFO] etl_papers:   2322-9721/admin,+1+-+15775+-+Less.pdf: 2 artículo(s) extraído(s)
2026-09-19 09:46:18,865 [INFO] etl_papers:   2322-9721/admin,+2+-+14357+-+A+Case.pdf: 2 artículo(s) extraído(s)
2026-09-19 09:46:20,088 [INFO] etl_papers:   2322-9721/admin,+3+-+14815+-+Students’.pdf: 2 artículo(s) extraído(s)
2026-09-19 09:46:21,665 [INFO] etl_papers:   2322-9721/admin,+4+-+13385+-+Enseñanza.pdf: 2 artículo(s) extraído(s)
2026-09-19 09:46:23,273 [INFO] etl_papers:   2322-9721/admin,+6+-+16325+-+From.pdf: 2 artículo(s) extraído(s)
2026-09-19 09:46:24,916 [INFO] etl_papers:   2322-9721/admin,+6-14409-88597-14-1_digital.pdf: 2 artículo(s) extraído(s)
2026-09-19 09:46:25,965 [INFO] etl_papers:   2323-0118/art+1+acta+74-1+p7+15.pdf: 2 artículo(s) extraído(s)
2026-09-19 09:46:27,362 [INFO] etl_papers:   2323-0118/art+10+acta+74-1+p91+100.pdf: 2 artículo(s) extraído(s)
2026-09-19 09:46:28,481 [INFO] etl_papers:   2323-0118/art+11+acta+74-1+p101+108+(1).pdf: 2 artículo(s) extraído(s)
2026-09-19 09:46:29,377 [INFO] etl_papers:   2323-0118/art+12+acta+74-1+p109+116.pdf: 2 artículo(s) extraído(s)
2026-09-19 09:46:30,970 [INFO] etl_papers:   2323-0118/art+2+acta+74-1+p16+24.pdf: 2 artículo(s) extraído(s)
2026-09-19 09:46:32,176 [INFO] etl_papers:   2323-0118/art+3+acta+74-1+p25+33.pdf: 2 artículo(s) extraído(s)
2026-09-19 09:46:33,561 [INFO] etl_papers:   2323-0118/art+4+acta+74-1+p34+41.pdf: 2 artículo(s) extraído(s)
2026-09-19 09:46:35,080 [INFO] etl_papers:   2323-0118/art+5+acta+74-1+p42+54.pdf: 2 artículo(s) extraído(s)
2026-09-19 09:46:36,324 [INFO] etl_papers:   2323-0118/art+6+acta+74-1+p55+62.pdf: 2 artículo(s) extraído(s)
2026-09-19 09:46:37,685 [INFO] etl_papers:   2323-0118/art+7+acta+74-1+p63+70.pdf: 2 artículo(s) extraído(s)
2026-09-19 09:46:39,154 [INFO] etl_papers:   2323-0118/art+8+acta+74-1+p71+79.pdf: 2 artículo(s) extraído(s)
2026-09-19 09:46:40,473 [INFO] etl_papers:   2323-0118/art+9+acta+74-1+p80+90.pdf: 2 artículo(s) extraído(s)
2026-09-19 09:46:42,280 [INFO] etl_papers:   2323-0126/Ted+59+Art.+17402.pdf: 2 artículo(s) extraído(s)
2026-09-19 09:46:43,225 [INFO] etl_papers:   2323-0126/Ted+59+Art.+21380.pdf: 2 artículo(s) extraído(s)
2026-09-19 09:46:44,826 [INFO] etl_papers:   2323-0126/Ted+59+Art.+21879.pdf: 2 artículo(s) extraído(s)
2026-09-19 09:46:46,893 [INFO] etl_papers:   2323-0126/Ted+59+Art.+22099.pdf: 2 artículo(s) extraído(s)
2026-09-19 09:46:48,496 [INFO] etl_papers:   2323-0126/Ted+59+Art.+22130.pdf: 2 artículo(s) extraído(s)
2026-09-19 09:46:51,126 [INFO] etl_papers:   2323-0126/Ted+59+Art.+22209.pdf: 4 artículo(s) extraído(s)
2026-09-19 09:46:52,617 [INFO] etl_papers:   2323-0126/Ted+59+Art.+22283.pdf: 2 artículo(s) extraído(s)
2026-09-19 09:46:54,160 [INFO] etl_papers:   2323-0126/Ted+59+Art.+22406.pdf: 2 artículo(s) extraído(s)
2026-09-19 09:46:55,652 [INFO] etl_papers:   2323-0126/Ted+59+Art.+22437.pdf: 2 artículo(s) extraído(s)
2026-09-19 09:46:57,530 [INFO] etl_papers:   2323-0126/Ted+59+Art.+22605.pdf: 3 artículo(s) extraído(s)
2026-09-19 09:46:59,030 [INFO] etl_papers:   2323-0126/Ted+59+Art.+22633.pdf: 2 artículo(s) extraído(s)
2026-09-19 09:47:00,940 [INFO] etl_papers:   2323-0126/Ted+59+Art.+22635.pdf: 2 artículo(s) extraído(s)
2026-09-19 09:47:02,979 [INFO] etl_papers:   2323-0126/Ted+59+Art.+22993.pdf: 2 artículo(s) extraído(s)
2026-09-19 09:47:04,716 [INFO] etl_papers:   2323-0126/Ted+59+Art.+22994.pdf: 2 artículo(s) extraído(s)
2026-09-19 09:47:06,505 [INFO] etl_papers:   2323-0126/Ted+59+Art.+23023.pdf: 3 artículo(s) extraído(s)
2026-09-19 09:47:08,157 [INFO] etl_papers:   2323-0126/Ted+59+Art.+23045.pdf: 2 artículo(s) extraído(s)
2026-09-19 09:47:10,145 [INFO] etl_papers:   2339-3459/10_121762_comparison.pdf: 2 artículo(s) extraído(s)
2026-09-19 09:47:11,633 [INFO] etl_papers:   2339-3459/123186+3_123186_Detection.pdf: 1 artículo(s) extraído(s)
2026-09-19 09:47:13,191 [INFO] etl_papers:   2339-3459/1_124308_Mineralogical.pdf: 2 artículo(s) extraído(s)
2026-09-19 09:47:15,651 [INFO] etl_papers:   2339-3459/2_122713_Application+of.pdf: 1 artículo(s) extraído(s)
2026-09-19 09:47:17,314 [INFO] etl_papers:   2339-3459/4_122297_machine.pdf: 1 artículo(s) extraído(s)
2026-09-19 09:47:18,830 [INFO] etl_papers:   2339-3459/5_124270_Role.pdf: 1 artículo(s) extraído(s)
2026-09-19 09:47:20,262 [INFO] etl_papers:   2339-3459/6_121860_stable.pdf: 1 artículo(s) extraído(s)
2026-09-19 09:47:24,821 [INFO] etl_papers:   2339-3459/7_120722_A+semi.pdf: 0 artículo(s) extraído(s)
2026-09-19 09:47:26,020 [INFO] etl_papers:   2339-3459/8_123547_Evolution.pdf: 1 artículo(s) extraído(s)
2026-09-19 09:47:27,497 [INFO] etl_papers:   2339-3459/9_122773_geothecnical.pdf: 1 artículo(s) extraído(s)
2026-09-19 09:47:28,095 [INFO] etl_papers:   2339-3874/Investigacion-5402.pdf: 2 artículo(s) extraído(s)
2026-09-19 09:47:28,968 [INFO] etl_papers:   2339-3874/Investigacion-5448.pdf: 2 artículo(s) extraído(s)
2026-09-19 09:47:29,540 [INFO] etl_papers:   2339-3874/Investigacion-5508.pdf: 2 artículo(s) extraído(s)
2026-09-19 09:47:30,425 [INFO] etl_papers:   2339-3874/Investigacion-5530.pdf: 1 artículo(s) extraído(s)
2026-09-19 09:47:31,108 [INFO] etl_papers:   2339-3874/Investigacion-5539.pdf: 2 artículo(s) extraído(s)
2026-09-19 09:47:31,840 [INFO] etl_papers:   2339-3874/Investigacion-5563.pdf: 2 artículo(s) extraído(s)
2026-09-19 09:47:32,476 [INFO] etl_papers:   2339-3874/Investigación-5387.pdf: 2 artículo(s) extraído(s)
2026-09-19 09:47:47,712 [INFO] etl_papers:   2344-7214/1316-110-PB.pdf: 8 artículo(s) extraído(s)
2026-09-19 09:47:50,405 [INFO] etl_papers:   2344-8350/RC-52-3-23342.pdf: 2 artículo(s) extraído(s)
2026-09-19 09:47:53,012 [INFO] etl_papers:   2344-8350/RC-53-1-24601.pdf: 2 artículo(s) extraído(s)
2026-09-19 09:47:56,544 [INFO] etl_papers:   2344-8350/RC-53-1-24611.pdf: 2 artículo(s) extraído(s)
2026-09-19 09:47:59,303 [INFO] etl_papers:   2344-8350/RC52-3-22826.pdf: 2 artículo(s) extraído(s)
2026-09-19 09:48:01,880 [INFO] etl_papers:   2344-8350/RC52-3-23130.pdf: 2 artículo(s) extraído(s)
2026-09-19 09:48:04,326 [INFO] etl_papers:   2344-8350/RC52-3-23436.pdf: 2 artículo(s) extraído(s)
2026-09-19 09:48:40,699 [INFO] etl_papers:   2344-8350/RC52-3-23926.pdf: 2 artículo(s) extraído(s)
2026-09-19 09:48:42,789 [INFO] etl_papers:   2344-8350/RC52-3-ed.pdf: 1 artículo(s) extraído(s)
2026-09-19 09:48:46,601 [INFO] etl_papers:   2344-8350/RC53-1-24600.pdf: 2 artículo(s) extraído(s)
2026-09-19 09:48:49,459 [INFO] etl_papers:   2344-8350/RC53-1-24617.pdf: 2 artículo(s) extraído(s)
2026-09-19 09:48:52,443 [INFO] etl_papers:   2344-8350/RC53-1-24627.pdf: 2 artículo(s) extraído(s)
2026-09-19 09:49:04,802 [INFO] etl_papers:   2346-0199/98-86-PB (1).pdf: 8 artículo(s) extraído(s)
2026-09-19 09:49:10,173 [INFO] etl_papers:   2346-0806/sph02-e1476+(3).pdf: 2 artículo(s) extraído(s)
2026-09-19 09:49:13,401 [INFO] etl_papers:   2346-0806/sph03-e1513+(3).pdf: 2 artículo(s) extraído(s)
2026-09-19 09:49:16,377 [INFO] etl_papers:   2346-0806/sph04-e1541+(3).pdf: 2 artículo(s) extraído(s)
2026-09-19 09:49:20,087 [INFO] etl_papers:   2346-0806/sph05-e1551+(3).pdf: 2 artículo(s) extraído(s)
2026-09-19 09:49:22,909 [INFO] etl_papers:   2346-0806/sph06-e1553+(3).pdf: 2 artículo(s) extraído(s)
2026-09-19 09:49:26,065 [INFO] etl_papers:   2346-0806/sph07-e1568+(3).pdf: 2 artículo(s) extraído(s)
2026-09-19 09:49:29,362 [INFO] etl_papers:   2346-0806/sph08-e1572.pdf: 2 artículo(s) extraído(s)
2026-09-19 09:49:33,909 [INFO] etl_papers:   2346-0806/sph09-e1597+(2).pdf: 2 artículo(s) extraído(s)
2026-09-19 09:49:38,039 [INFO] etl_papers:   2346-0806/sph10-e1608.pdf: 2 artículo(s) extraído(s)
2026-09-19 09:49:41,255 [INFO] etl_papers:   2346-0806/sph100-e1404+(3).pdf: 2 artículo(s) extraído(s)
2026-09-19 09:49:45,880 [INFO] etl_papers:   2346-0806/sph101-e1421+(4).pdf: 2 artículo(s) extraído(s)
2026-09-19 09:49:50,832 [INFO] etl_papers:   2346-0806/sph102-e1556+(3).pdf: 2 artículo(s) extraído(s)
2026-09-19 09:49:53,699 [INFO] etl_papers:   2346-0806/sph11-e1616.pdf: 2 artículo(s) extraído(s)
2026-09-19 09:49:57,434 [INFO] etl_papers:   2346-0806/sph12-e1613+(1).pdf: 2 artículo(s) extraído(s)
2026-09-19 09:50:02,111 [INFO] etl_papers:   2346-1691/6692827001.pdf: 2 artículo(s) extraído(s)
2026-09-19 09:50:04,966 [INFO] etl_papers:   2346-1691/6692827002.pdf: 2 artículo(s) extraído(s)
2026-09-19 09:50:09,688 [INFO] etl_papers:   2346-1691/6692827003.pdf: 2 artículo(s) extraído(s)
2026-09-19 09:50:13,775 [INFO] etl_papers:   2346-1691/6692827004.pdf: 2 artículo(s) extraído(s)
2026-09-19 09:50:17,108 [INFO] etl_papers:   2346-1691/6692827005.pdf: 2 artículo(s) extraído(s)
2026-09-19 09:50:19,019 [INFO] etl_papers:   2346-1691/6692827006.pdf: 1 artículo(s) extraído(s)
2026-09-19 09:50:19,784 [INFO] etl_papers:   2346-1691/6692827007.pdf: 1 artículo(s) extraído(s)
2026-09-19 09:50:23,510 [INFO] etl_papers:   2346-1691/CL-29+2025-LOTE46692827014.pdf: 2 artículo(s) extraído(s)
2026-09-19 09:50:25,964 [INFO] etl_papers:   2346-1691/CL-29-L-3+xml6692827010.pdf: 2 artículo(s) extraído(s)
2026-09-19 09:50:29,350 [INFO] etl_papers:   2346-1691/CL-29-L-3+xml6692827011.pdf: 2 artículo(s) extraído(s)
2026-09-19 09:50:30,596 [INFO] etl_papers:   2346-1829/1.+From+Reluctance+to+Resilience+(2).pdf: 2 artículo(s) extraído(s)
2026-09-19 09:50:31,951 [INFO] etl_papers:   2346-1829/2.+La+paz+en+Colombia+(4).pdf: 2 artículo(s) extraído(s)
2026-09-19 09:50:33,933 [INFO] etl_papers:   2346-1829/3.+Análisis+del+discurso+(1).pdf: 2 artículo(s) extraído(s)
2026-09-19 09:50:35,128 [INFO] etl_papers:   2346-1829/4.+Representacion+silabica+(1).pdf: 2 artículo(s) extraído(s)
2026-09-19 09:50:36,642 [INFO] etl_papers:   2346-1829/5.+factors+that+contribute+(3)+(1).pdf: 2 artículo(s) extraído(s)
2026-09-19 09:50:37,824 [INFO] etl_papers:   2346-1829/6.Construcción+discursiva+del+adversario+(1).pdf: 2 artículo(s) extraído(s)
2026-09-19 09:50:39,268 [INFO] etl_papers:   2346-1829/8.+La+variacion+sociopragmatica+(6).pdf: 2 artículo(s) extraído(s)
2026-09-19 09:50:40,588 [INFO] etl_papers:   2346-1829/9.+Intercultural+comunicative+(4).pdf: 2 artículo(s) extraído(s)
2026-09-19 09:50:45,099 [INFO] etl_papers:   2346-206X/document (10).pdf: 2 artículo(s) extraído(s)
2026-09-19 09:50:49,170 [INFO] etl_papers:   2346-206X/document (11).pdf: 3 artículo(s) extraído(s)
2026-09-19 09:50:54,409 [INFO] etl_papers:   2346-206X/document (12).pdf: 2 artículo(s) extraído(s)
2026-09-19 09:50:58,297 [INFO] etl_papers:   2346-206X/document (13).pdf: 2 artículo(s) extraído(s)
2026-09-19 09:51:03,841 [INFO] etl_papers:   2346-206X/document (14).pdf: 2 artículo(s) extraído(s)
2026-09-19 09:51:08,232 [INFO] etl_papers:   2346-206X/document (2).pdf: 2 artículo(s) extraído(s)
2026-09-19 09:51:11,261 [INFO] etl_papers:   2346-206X/document (3).pdf: 2 artículo(s) extraído(s)
2026-09-19 09:51:14,910 [INFO] etl_papers:   2346-206X/document (4).pdf: 2 artículo(s) extraído(s)
2026-09-19 09:51:19,566 [INFO] etl_papers:   2346-206X/document (5).pdf: 2 artículo(s) extraído(s)
2026-09-19 09:51:24,309 [INFO] etl_papers:   2346-206X/document (6).pdf: 2 artículo(s) extraído(s)
2026-09-19 09:51:28,275 [INFO] etl_papers:   2346-206X/document (7).pdf: 2 artículo(s) extraído(s)
2026-09-19 09:51:32,179 [INFO] etl_papers:   2346-206X/document (8).pdf: 2 artículo(s) extraído(s)
2026-09-19 09:51:35,024 [INFO] etl_papers:   2346-206X/document (9).pdf: 2 artículo(s) extraído(s)
2026-09-19 09:51:37,407 [INFO] etl_papers:   2346-2183/01_121522.FINAL.pdf: 2 artículo(s) extraído(s)
2026-09-19 09:52:15,885 [INFO] etl_papers:   2346-2183/02_123977.FINAL.pdf: 2 artículo(s) extraído(s)
2026-09-19 09:52:18,562 [INFO] etl_papers:   2346-2183/03_121649.FINAL.pdf: 2 artículo(s) extraído(s)
2026-09-19 09:52:21,471 [INFO] etl_papers:   2346-2183/04_121933.FINALl.pdf: 2 artículo(s) extraído(s)
2026-09-19 09:52:24,584 [INFO] etl_papers:   2346-2183/05_124994.FINAL.pdf: 3 artículo(s) extraído(s)
2026-09-19 09:52:26,235 [INFO] etl_papers:   2346-2183/06_123727.FINAL.pdf: 2 artículo(s) extraído(s)
2026-09-19 09:52:28,576 [INFO] etl_papers:   2346-2183/07_125643.FINAL.pdf: 2 artículo(s) extraído(s)
2026-09-19 09:52:30,883 [INFO] etl_papers:   2346-2183/08_122770.FINAL.pdf: 2 artículo(s) extraído(s)
2026-09-19 09:52:34,076 [INFO] etl_papers:   2346-2183/09_122757.FINAL.pdf: 2 artículo(s) extraído(s)
2026-09-19 09:52:36,168 [INFO] etl_papers:   2346-2183/10_123596.FINAL.pdf: 2 artículo(s) extraído(s)
2026-09-19 09:52:38,264 [INFO] etl_papers:   2346-2183/11_124360.FINAL.pdf: 2 artículo(s) extraído(s)
2026-09-19 09:52:40,217 [INFO] etl_papers:   2346-2183/12_123630.FINAL.pdf: 2 artículo(s) extraído(s)
2026-09-19 09:52:42,253 [INFO] etl_papers:   2346-2183/13_124310.FINAL.pdf: 2 artículo(s) extraído(s)
2026-09-19 09:52:44,072 [INFO] etl_papers:   2346-2183/14_124351.FINAL.pdf: 2 artículo(s) extraído(s)
2026-09-19 09:52:46,815 [INFO] etl_papers:   2346-2426/01-Unger+y+Gomez.pdf: 2 artículo(s) extraído(s)
2026-09-19 09:52:49,225 [INFO] etl_papers:   2346-2426/02-Fonnegra+Osorio.pdf: 2 artículo(s) extraído(s)
2026-09-19 09:52:51,785 [INFO] etl_papers:   2346-2426/03-Salazar+y+Bautista.pdf: 3 artículo(s) extraído(s)
2026-09-19 09:52:54,765 [INFO] etl_papers:   2346-2426/04-Dachevsky.pdf: 2 artículo(s) extraído(s)
2026-09-19 09:52:57,748 [INFO] etl_papers:   2346-2426/05-Phuc.pdf: 3 artículo(s) extraído(s)
2026-09-19 09:53:00,234 [INFO] etl_papers:   2346-2426/06-Gonzalez+Munoz.pdf: 2 artículo(s) extraído(s)
2026-09-19 09:53:02,499 [INFO] etl_papers:   2346-2426/07-Pena+Raigoza.pdf: 2 artículo(s) extraído(s)
2026-09-19 09:53:04,663 [INFO] etl_papers:   2346-2426/08-Lozano+Campos.pdf: 2 artículo(s) extraído(s)
2026-09-19 09:53:06,647 [INFO] etl_papers:   2346-2426/09-Bolanos+y+Acosta.pdf: 2 artículo(s) extraído(s)
2026-09-19 09:53:09,928 [INFO] etl_papers:   2346-2426/10-Moscaritolo+Palacio.pdf: 2 artículo(s) extraído(s)
2026-09-19 09:53:18,739 [INFO] etl_papers:   2346-3775/49-12-PB.pdf: 7 artículo(s) extraído(s)
2026-09-19 09:53:26,480 [INFO] etl_papers:   2346-4712/01+V21N2+23204.pdf: 2 artículo(s) extraído(s)
2026-09-19 09:53:30,092 [INFO] etl_papers:   2346-4712/03+V21N2+24128.pdf: 2 artículo(s) extraído(s)
2026-09-19 09:53:32,379 [INFO] etl_papers:   2346-4712/06+V21N2+22663.pdf: 2 artículo(s) extraído(s)
2026-09-19 09:53:34,894 [INFO] etl_papers:   2346-4712/07+v21n2+24052.pdf: 2 artículo(s) extraído(s)
2026-09-19 09:53:37,301 [INFO] etl_papers:   2346-4712/08+v21n2+23365.pdf: 2 artículo(s) extraído(s)
2026-09-19 09:53:41,900 [INFO] etl_papers:   2346-4712/09+V21N2+24329.pdf: 2 artículo(s) extraído(s)
2026-09-19 09:53:45,019 [INFO] etl_papers:   2346-4712/10+v21n2+23065.pdf: 2 artículo(s) extraído(s)
2026-09-19 09:53:48,352 [INFO] etl_papers:   2346-4712/11+V21N2+23900.pdf: 2 artículo(s) extraído(s)
2026-09-19 09:53:52,037 [INFO] etl_papers:   2346-4712/12+V21N2+23346B.pdf: 2 artículo(s) extraído(s)
2026-09-19 09:54:10,577 [INFO] etl_papers:   2357-3260/rcc-es_26_33_3.pdf: 10 artículo(s) extraído(s)
2026-09-19 09:54:12,356 [INFO] etl_papers:   2357-3848/118415.pdf: 2 artículo(s) extraído(s)
2026-09-19 09:54:14,063 [INFO] etl_papers:   2357-3848/118738.pdf: 1 artículo(s) extraído(s)
2026-09-19 09:54:15,598 [INFO] etl_papers:   2357-3848/119657.pdf: 1 artículo(s) extraído(s)
2026-09-19 09:54:17,260 [INFO] etl_papers:   2357-3848/120446.pdf: 2 artículo(s) extraído(s)
2026-09-19 09:54:18,884 [INFO] etl_papers:   2357-3848/120532.pdf: 1 artículo(s) extraído(s)
2026-09-19 09:54:20,157 [INFO] etl_papers:   2357-3848/121355.pdf: 1 artículo(s) extraído(s)
2026-09-19 09:54:22,549 [INFO] etl_papers:   2357-3848/121536.pdf: 1 artículo(s) extraído(s)
2026-09-19 09:54:24,870 [INFO] etl_papers:   2357-3848/123203.pdf: 1 artículo(s) extraído(s)
2026-09-19 09:54:27,845 [INFO] etl_papers:   2357-3848/124518.pdf: 1 artículo(s) extraído(s)
2026-09-19 09:54:30,310 [INFO] etl_papers:   2357-4100/Achak.pdf: 1 artículo(s) extraído(s)
2026-09-19 09:54:32,217 [INFO] etl_papers:   2357-4100/abdaqui.pdf: 1 artículo(s) extraído(s)
2026-09-19 09:54:33,738 [INFO] etl_papers:   2357-4100/azraib.pdf: 1 artículo(s) extraído(s)
2026-09-19 09:55:08,933 [INFO] etl_papers:   2357-4100/cezaro.pdf: 1 artículo(s) extraído(s)
2026-09-19 09:55:12,921 [INFO] etl_papers:   2357-4100/fer-hji-zer.pdf: 1 artículo(s) extraído(s)
2026-09-19 09:55:14,562 [INFO] etl_papers:   2357-4100/lalili.pdf: 1 artículo(s) extraído(s)
2026-09-19 09:55:16,883 [INFO] etl_papers:   2357-4100/lopez.pdf: 1 artículo(s) extraído(s)
2026-09-19 09:55:19,547 [INFO] etl_papers:   2357-4100/mec-abd-dec.pdf: 1 artículo(s) extraído(s)
2026-09-19 09:55:20,855 [INFO] etl_papers:   2357-4100/rothman.pdf: 1 artículo(s) extraído(s)
2026-09-19 09:55:24,433 [INFO] etl_papers:   2357-4100/talha.pdf: 1 artículo(s) extraído(s)
2026-09-19 09:55:35,224 [INFO] etl_papers:   2357-4720/HyS51.pdf: 19 artículo(s) extraído(s)
2026-09-19 09:55:38,742 [INFO] etl_papers:   2357-626X/1-6419-RealidadVirtual_2026.pdf: 2 artículo(s) extraído(s)
2026-09-19 09:55:44,284 [INFO] etl_papers:   2357-626X/2-6187-Biomimetic+Kinetic_2026.pdf: 2 artículo(s) extraído(s)
2026-09-19 09:55:48,962 [INFO] etl_papers:   2357-626X/3-6931-Residenando+aldeas_2026.pdf: 2 artículo(s) extraído(s)
2026-09-19 09:55:53,008 [INFO] etl_papers:   2357-626X/4-4437-CirculacionBrasilGuay-2026.pdf: 2 artículo(s) extraído(s)
2026-09-19 09:55:57,599 [INFO] etl_papers:   2357-626X/5-5878-Semiotica+interpretativa_2026.pdf: 2 artículo(s) extraído(s)
2026-09-19 09:56:03,828 [INFO] etl_papers:   2357-626X/6-7099-Comparativo_2026.pdf: 2 artículo(s) extraído(s)
2026-09-19 09:56:04,613 [INFO] etl_papers:   2357-6308/2-cáncer-próstata-v44-n2.pdf: 2 artículo(s) extraído(s)
2026-09-19 09:56:06,192 [INFO] etl_papers:   2357-6308/3-embarazo-adolescente-v44-n2.pdf: 2 artículo(s) extraído(s)
2026-09-19 09:56:07,165 [INFO] etl_papers:   2357-6308/4-artritis-psoriásica-v44-n2.pdf: 2 artículo(s) extraído(s)
2026-09-19 09:56:08,716 [INFO] etl_papers:   2357-6308/5-servicios-farmacéuticos-v44-n2.pdf: 2 artículo(s) extraído(s)
2026-09-19 09:56:09,692 [INFO] etl_papers:   2357-6308/Revista+45(1)+art+1+chequeo+1.pdf: 2 artículo(s) extraído(s)
2026-09-19 09:56:10,432 [INFO] etl_papers:   2357-6308/Revista+45(1)+art+2+chequeo+1.pdf: 2 artículo(s) extraído(s)
2026-09-19 09:56:11,267 [INFO] etl_papers:   2357-6308/Revista+45(1)+art+3+chequeo+1.pdf: 2 artículo(s) extraído(s)
2026-09-19 09:56:12,133 [INFO] etl_papers:   2357-6308/Revista+45(1)+art+4+chequeo+1.pdf: 2 artículo(s) extraído(s)
2026-09-19 09:56:13,399 [INFO] etl_papers:   2357-6308/Revista+45(1)+art+5+chequeo+2.pdf: 2 artículo(s) extraído(s)
2026-09-19 09:56:15,086 [INFO] etl_papers:   2357-6308/Revista+45(1)+art+6+chequeo+2.pdf: 2 artículo(s) extraído(s)
2026-09-19 09:56:17,388 [INFO] etl_papers:   2382-3860/e6783.pdf: 2 artículo(s) extraído(s)
2026-09-19 09:56:19,669 [INFO] etl_papers:   2382-3860/e6810.pdf: 2 artículo(s) extraído(s)
2026-09-19 09:56:22,059 [INFO] etl_papers:   2382-3860/e6932.pdf: 2 artículo(s) extraído(s)
2026-09-19 09:56:24,625 [INFO] etl_papers:   2382-3860/e7119.pdf: 2 artículo(s) extraído(s)
2026-09-19 09:56:27,550 [INFO] etl_papers:   2382-4018/1.+Desarrollo+de+un+protocolo+de+intervención.pdf: 1 artículo(s) extraído(s)
2026-09-19 09:56:31,802 [INFO] etl_papers:   2382-4018/2.+Competencias+emprendedoras.pdf: 1 artículo(s) extraído(s)
2026-09-19 09:56:34,613 [INFO] etl_papers:   2382-4018/3.+Resistencias+femeninas.pdf: 1 artículo(s) extraído(s)
2026-09-19 09:56:38,137 [INFO] etl_papers:   2382-4018/4.+Una+reflexión+en+torno+a+la+devolución+sistemática.pdf: 1 artículo(s) extraído(s)
2026-09-19 09:56:42,206 [INFO] etl_papers:   2382-4018/5.+Revisão+sistemática+da+literatura.pdf: 0 artículo(s) extraído(s)
2026-09-19 09:56:46,325 [INFO] etl_papers:   2382-4018/6.+Entre+el+combate+y+el+olvido.pdf: 1 artículo(s) extraído(s)
2026-09-19 09:56:49,961 [INFO] etl_papers:   2382-4018/7.+Investigación-Acción-Participativa.pdf: 1 artículo(s) extraído(s)
2026-09-19 09:56:51,759 [INFO] etl_papers:   2382-4581/articulo+1_ID_1655_+publicado.pdf: 1 artículo(s) extraído(s)
2026-09-19 09:56:53,600 [INFO] etl_papers:   2382-4581/articulo+3+ID_733+correccion+220826.pdf: 1 artículo(s) extraído(s)
2026-09-19 09:56:58,914 [INFO] etl_papers:   2382-4581/articulo+4+ID_2108_version_publicada.pdf: 1 artículo(s) extraído(s)
2026-09-19 09:57:01,194 [INFO] etl_papers:   2382-4581/articulo+5+ID+2498_publicado.pdf: 1 artículo(s) extraído(s)
2026-09-19 09:57:03,015 [INFO] etl_papers:   2389-7732/Art+ID+6616,+Vol.+36,+No.1+.pdf: 2 artículo(s) extraído(s)
2026-09-19 09:57:04,162 [INFO] etl_papers:   2389-7732/Art+ID+6649,+No.+04,+Vol.+36-1.pdf: 2 artículo(s) extraído(s)
2026-09-19 09:57:04,954 [INFO] etl_papers:   2389-7732/Art+ID+6849,+Vol.+36,+No.+05.pdf: 2 artículo(s) extraído(s)
2026-09-19 09:57:06,458 [INFO] etl_papers:   2389-7732/Art+ID+6856,+Vol.+36,+02.pdf: 2 artículo(s) extraído(s)
2026-09-19 09:57:08,845 [INFO] etl_papers:   2389-7732/Art+ID+6912,+Vol.+36,+06.pdf: 2 artículo(s) extraído(s)
2026-09-19 09:57:10,762 [INFO] etl_papers:   2389-7732/Art+ID+6917,+Vol.+36,+07.pdf: 2 artículo(s) extraído(s)
2026-09-19 09:57:12,665 [INFO] etl_papers:   2389-7732/Art+ID+7404,+Vol.+36,+09+(2).pdf: 2 artículo(s) extraído(s)
2026-09-19 09:57:14,945 [INFO] etl_papers:   2389-7732/Art.+6720,+Vol.+36,+No.+01..pdf: 2 artículo(s) extraído(s)
2026-09-19 09:57:19,398 [INFO] etl_papers:   2389-7848/1.-+Economic_pagenumber+(1).pdf: 1 artículo(s) extraído(s)
2026-09-19 09:57:22,768 [INFO] etl_papers:   2389-7848/2.-+Emprendimiento.pdf: 2 artículo(s) extraído(s)
2026-09-19 09:57:25,605 [INFO] etl_papers:   2389-7848/3.-+Investigación.pdf: 1 artículo(s) extraído(s)
2026-09-19 09:57:28,654 [INFO] etl_papers:   2389-7848/PLANTILLA+2_7287+Conservación_JRR.pdf: 2 artículo(s) extraído(s)
2026-09-19 09:57:30,639 [INFO] etl_papers:   2389-7848/PLANTILLA+3+(7307)+Capitalismo_JRr&Ss.pdf: 2 artículo(s) extraído(s)
2026-09-19 09:57:34,204 [INFO] etl_papers:   2389-7848/PLANTILLA_10_7368__JRR.pdf: 2 artículo(s) extraído(s)
2026-09-19 09:57:38,150 [INFO] etl_papers:   2389-7856/1_6763+Art_Uso+gamificación+de+actividades_8-31.pdf: 2 artículo(s) extraído(s)
2026-09-19 09:57:41,040 [INFO] etl_papers:   2389-7856/2_6660+Art_Representaciones+sociales+salud_32-50.pdf: 2 artículo(s) extraído(s)
2026-09-19 09:57:44,270 [INFO] etl_papers:   2389-7856/3_6838+Art_Ambientes+activos+modificantes_51-69.pdf: 2 artículo(s) extraído(s)
2026-09-19 09:57:48,613 [INFO] etl_papers:   2389-7856/4_6567+Art_Effectiveness+computerized_70-89.pdf: 2 artículo(s) extraído(s)
2026-09-19 09:57:52,198 [INFO] etl_papers:   2389-7856/5_6851+Art_Prácticas+etnoeducativas+afrocolombia_90-108.pdf: 2 artículo(s) extraído(s)
2026-09-19 09:57:56,124 [INFO] etl_papers:   2389-7856/6_6762+Art_Estrategias+didácticas+lectura_109-128.pdf: 3 artículo(s) extraído(s)
2026-09-19 09:57:59,933 [INFO] etl_papers:   2389-7864/Agudelo+Guerrero...+Intropica.pdf: 1 artículo(s) extraído(s)
2026-09-19 09:58:02,910 [INFO] etl_papers:   2389-7864/Anchila-Arteaga++et+al+Intropica.pdf: 1 artículo(s) extraído(s)
2026-09-19 09:58:05,717 [INFO] etl_papers:   2389-7864/Begambre-Pacheco++et+al.+Intropica.pdf: 2 artículo(s) extraído(s)
2026-09-19 09:58:08,223 [INFO] etl_papers:   2389-7864/Flores-Cruz+et+al.....pdf: 2 artículo(s) extraído(s)
2026-09-19 09:58:10,758 [INFO] etl_papers:   2389-7864/Gamboa+et+al.,.....Intropica.pdf: 2 artículo(s) extraído(s)
2026-09-19 09:58:13,954 [INFO] etl_papers:   2389-7864/Ramirez+et+al...+Intropica.pdf: 1 artículo(s) extraído(s)
2026-09-19 09:58:16,240 [INFO] etl_papers:   2389-7864/Villadiego+Redondo+et+al+2026.pdf: 1 artículo(s) extraído(s)
2026-09-19 09:58:18,476 [INFO] etl_papers:   2389-7864/Yepes+et+al+..2026.pdf: 2 artículo(s) extraído(s)
2026-09-19 09:58:22,731 [INFO] etl_papers:   2389-8194/666-Texto del artículo-1204-3-10-20260901.pdf: 2 artículo(s) extraído(s)
2026-09-19 09:58:25,868 [INFO] etl_papers:   2389-8194/667-Texto del artículo-1205-3-10-20260901.pdf: 2 artículo(s) extraído(s)
2026-09-19 09:58:28,583 [INFO] etl_papers:   2389-8194/669-Texto del artículo-1209-3-10-20260901.pdf: 2 artículo(s) extraído(s)
2026-09-19 09:58:33,403 [INFO] etl_papers:   2389-8194/670-Texto del artículo-1211-3-10-20260901.pdf: 2 artículo(s) extraído(s)
2026-09-19 09:58:35,776 [INFO] etl_papers:   2389-8194/672-Texto del artículo-1215-4-10-20260901.pdf: 2 artículo(s) extraído(s)
2026-09-19 09:58:38,467 [INFO] etl_papers:   2389-8194/673-Texto del artículo-1216-5-10-20260907.pdf: 2 artículo(s) extraído(s)
2026-09-19 09:58:42,732 [INFO] etl_papers:   2389-8194/674-Texto del artículo-1218-2-10-20260901.pdf: 2 artículo(s) extraído(s)
2026-09-19 09:58:45,579 [INFO] etl_papers:   2389-8194/675-Texto del artículo-1220-2-10-20260901.pdf: 2 artículo(s) extraído(s)
2026-09-19 09:58:48,031 [INFO] etl_papers:   2389-8194/680-Texto del artículo-1225-2-10-20260909.pdf: 2 artículo(s) extraído(s)
2026-09-19 09:58:49,387 [INFO] etl_papers:   2389-8194/684-Texto del artículo-1237-2-10-20260915.pdf: 2 artículo(s) extraído(s)
2026-09-19 09:58:52,722 [INFO] etl_papers:   2389-8194/685-Texto del artículo-1239-2-10-20260916.pdf: 2 artículo(s) extraído(s)
2026-09-19 09:58:55,849 [INFO] etl_papers:   2389-8526/5345_VF.pdf: 2 artículo(s) extraído(s)
2026-09-19 09:59:00,276 [INFO] etl_papers:   2389-8526/5404_VF.pdf: 1 artículo(s) extraído(s)
2026-09-19 09:59:03,642 [INFO] etl_papers:   2389-8526/5436_VF2.pdf: 2 artículo(s) extraído(s)
2026-09-19 09:59:05,641 [INFO] etl_papers:   2389-8526/5443_final.pdf: 2 artículo(s) extraído(s)
2026-09-19 09:59:07,609 [INFO] etl_papers:   2389-8526/5481_VF.pdf: 2 artículo(s) extraído(s)
2026-09-19 09:59:09,971 [INFO] etl_papers:   2389-8526/5579_VF.pdf: 2 artículo(s) extraído(s)
2026-09-19 09:59:12,496 [INFO] etl_papers:   2389-9050/(01)-Premios.pdf: 2 artículo(s) extraído(s)
2026-09-19 09:59:14,220 [INFO] etl_papers:   2389-9050/(02)-Relaciones.pdf: 2 artículo(s) extraído(s)
2026-09-19 09:59:16,842 [INFO] etl_papers:   2389-9050/(03)-Labor.pdf: 2 artículo(s) extraído(s)
2026-09-19 09:59:23,043 [INFO] etl_papers:   2389-9050/(04)-Off-farm (1).pdf: 2 artículo(s) extraído(s)
2026-09-19 09:59:28,766 [INFO] etl_papers:   2389-9050/(04)-Off-farm.pdf: 2 artículo(s) extraído(s)
2026-09-19 09:59:30,597 [INFO] etl_papers:   2389-9050/(05)-Tiempo.pdf: 2 artículo(s) extraído(s)
2026-09-19 09:59:40,257 [INFO] etl_papers:   2389-9050/(06)-Remote.pdf: 2 artículo(s) extraído(s)
2026-09-19 09:59:42,582 [INFO] etl_papers:   2389-9050/(07)-Valoración.pdf: 2 artículo(s) extraído(s)
2026-09-19 09:59:49,192 [INFO] etl_papers:   2389-9050/(08)-Making (1).pdf: 2 artículo(s) extraído(s)
2026-09-19 09:59:56,234 [INFO] etl_papers:   2389-9050/(08)-Making.pdf: 2 artículo(s) extraído(s)
2026-09-19 09:59:57,994 [INFO] etl_papers:   2389-9050/01-Paz.pdf: 2 artículo(s) extraído(s)
2026-09-19 09:59:59,190 [INFO] etl_papers:   2389-9050/06-Persistencias.pdf: 2 artículo(s) extraído(s)
2026-09-19 10:00:01,172 [INFO] etl_papers:   2389-9050/07-Afectaciones (1).pdf: 2 artículo(s) extraído(s)
2026-09-19 10:00:03,028 [INFO] etl_papers:   2389-9050/07-Afectaciones.pdf: 2 artículo(s) extraído(s)
2026-09-19 10:00:04,826 [INFO] etl_papers:   2389-9050/08-Produccion.pdf: 2 artículo(s) extraído(s)
2026-09-19 10:00:06,491 [INFO] etl_papers:   2389-9387/Praxis_62_Suplemento_1_Elsa+Godart.pdf: 2 artículo(s) extraído(s)
2026-09-19 10:00:07,778 [INFO] etl_papers:   2389-9387/Praxis_62_Suplemento_2_Mariana+Lorena+Salthu.pdf: 2 artículo(s) extraído(s)
2026-09-19 10:00:09,112 [INFO] etl_papers:   2389-9387/Praxis_62_Suplemento_3_Carlos+Maldonado.pdf: 2 artículo(s) extraído(s)
2026-09-19 10:00:10,257 [INFO] etl_papers:   2389-9387/Praxis_62_Suplemento_4_Ana+María+Ayala.pdf: 2 artículo(s) extraído(s)
2026-09-19 10:00:11,586 [INFO] etl_papers:   2389-9387/Praxis_62_Suplemento_5_Jorge+Francisco+Maldonado.pdf: 2 artículo(s) extraído(s)
2026-09-19 10:00:12,794 [INFO] etl_papers:   2389-9387/Praxis_62_Suplemento_6_Dairon+Alfonso+Rodriguez.pdf: 2 artículo(s) extraído(s)
2026-09-19 10:00:13,988 [INFO] etl_papers:   2389-9387/Praxis_62_Suplemento_7_Luis+Humberto+Hernandez.pdf: 2 artículo(s) extraído(s)
2026-09-19 10:00:17,078 [INFO] etl_papers:   2389-993X/N42e20115346-PDF.pdf: 2 artículo(s) extraído(s)
2026-09-19 10:00:21,188 [INFO] etl_papers:   2389-993X/N42e20215577-PDF.pdf: 2 artículo(s) extraído(s)
2026-09-19 10:00:24,791 [INFO] etl_papers:   2389-993X/N42e20315237-PDF.pdf: 2 artículo(s) extraído(s)
2026-09-19 10:00:28,272 [INFO] etl_papers:   2389-993X/N42e20415473-PDF.pdf: 2 artículo(s) extraído(s)
2026-09-19 10:00:31,586 [INFO] etl_papers:   2389-993X/N42e20515482-PDF.pdf: 2 artículo(s) extraído(s)
2026-09-19 10:00:34,787 [INFO] etl_papers:   2389-993X/N42e20615502-PDF.pdf: 2 artículo(s) extraído(s)
2026-09-19 10:00:38,400 [INFO] etl_papers:   2389-993X/N42e20715543-PDF.pdf: 2 artículo(s) extraído(s)
2026-09-19 10:00:42,200 [INFO] etl_papers:   2389-993X/N42e20815690-PDF.pdf: 2 artículo(s) extraído(s)
2026-09-19 10:00:46,056 [INFO] etl_papers:   2389-993X/N42e20915563-PDF.pdf: 2 artículo(s) extraído(s)
2026-09-19 10:00:50,140 [INFO] etl_papers:   2389-993X/N42e21015456-PDF.pdf: 2 artículo(s) extraído(s)
2026-09-19 10:00:52,683 [INFO] etl_papers:   2389-993X/N42e21115665-PDF.pdf: 2 artículo(s) extraído(s)
2026-09-19 10:00:56,331 [INFO] etl_papers:   2389-993X/N42e21215728-PDF.pdf: 2 artículo(s) extraído(s)
2026-09-19 10:00:59,111 [INFO] etl_papers:   2389-993X/N42e21315064-PDF.pdf: 2 artículo(s) extraído(s)
2026-09-19 10:01:00,596 [INFO] etl_papers:   2389-9980/Cuestiones-v53n120-art09-jesus-sinagoga-nazaret-lucas-4.pdf: 2 artículo(s) extraído(s)
2026-09-19 10:01:01,741 [INFO] etl_papers:   2389-9980/Cuestiones_n120v53_art08_doctrina_social_iglesia_educacion_ecologia_integral.pdf: 2 artículo(s) extraído(s)
2026-09-19 10:01:02,813 [INFO] etl_papers:   2389-9980/Cuestiones_v53n120_art2-Augustine+-Hippo's-+Metaphysical-John.pdf: 2 artículo(s) extraído(s)
2026-09-19 10:01:04,166 [INFO] etl_papers:   2389-9980/Theology-spiritual-palliative-care-CuestionesVol+53No120art7.pdf: 2 artículo(s) extraído(s)
2026-09-19 10:01:05,250 [INFO] etl_papers:   2389-9980/cuestiones_teologicas_v53n120_art03_literatura_contemplacion_misterio_imaginacion_teologica.pdf: 2 artículo(s) extraído(s)
2026-09-19 10:01:06,831 [INFO] etl_papers:   2389-9980/cuestiones_teologicas_v53n120_art07_nuestra_señora_lourdes_globalizacion_fenomeno_culto_mariano_contemporaneo.pdf: 2 artículo(s) extraído(s)
2026-09-19 10:01:07,707 [INFO] etl_papers:   2389-9980/cuestiones_teológicas_v53n120_art1_sentido_sobrematerialidad.pdf: 2 artículo(s) extraído(s)
2026-09-19 10:01:09,087 [INFO] etl_papers:   2389-9980/cuestiones_teológicas_v53n120_art4_soterologia_carta_tito.pdf: 2 artículo(s) extraído(s)
2026-09-19 10:01:10,977 [INFO] etl_papers:   2390-0016/1_352_La+justicia+restaurativa.pdf: 2 artículo(s) extraído(s)
2026-09-19 10:01:12,200 [INFO] etl_papers:   2390-0016/2_275_Regiones+y+provincias.pdf: 2 artículo(s) extraído(s)
2026-09-19 10:01:13,972 [INFO] etl_papers:   2390-0016/3_343_El+principio+de+convencionalidad.pdf: 2 artículo(s) extraído(s)
2026-09-19 10:01:15,014 [INFO] etl_papers:   2390-0016/4_395_El+orden+corporativista.pdf: 2 artículo(s) extraído(s)
2026-09-19 10:01:16,400 [INFO] etl_papers:   2390-0016/7_384_Apuntes+históricos.pdf: 2 artículo(s) extraído(s)
2026-09-19 10:01:17,653 [INFO] etl_papers:   2390-0016/8_294_La+resolución+de+conflictos.pdf: 2 artículo(s) extraído(s)
2026-09-19 10:01:19,313 [INFO] etl_papers:   2390-0016/Derecho-v55n143-art01-inteligencia-artificial-administracion-justicia-politica-publica.pdf: 2 artículo(s) extraído(s)
2026-09-19 10:01:20,814 [INFO] etl_papers:   2390-0016/Derecho-v55n143-art02-pago-incapacidad-medico-laboral-origen-comun-colombia.pdf: 2 artículo(s) extraído(s)
2026-09-19 10:01:22,269 [INFO] etl_papers:   2390-0016/Derecho-v55n143-art03-digitalización-transfronteriza-superar-barreras-cooperación-judicial-internacional-impunidad-crimen-organizado-transnacional.pdf: 2 artículo(s) extraído(s)
2026-09-19 10:01:23,952 [INFO] etl_papers:   2390-0016/Derecho-v55n143-art05-proporcionalidad-legítima-defensa-ley-2197-de-2022.pdf: 2 artículo(s) extraído(s)
2026-09-19 10:01:24,920 [INFO] etl_papers:   2390-0016/Derecho-v55n143-art4-redistribucionismo-penal-derecho-militar-filosofía.pdf: 2 artículo(s) extraído(s)
2026-09-19 10:01:26,150 [INFO] etl_papers:   2390-0016/Rev.+Derecho+vol+54+No+140+art11.pdf: 2 artículo(s) extraído(s)
2026-09-19 10:01:32,259 [INFO] etl_papers:   2422-3182/3565_v12n9_PDF.pdf: 1 artículo(s) extraído(s)
2026-09-19 10:01:38,075 [INFO] etl_papers:   2422-3182/3596_v12n29_PDF_ENG.pdf: 1 artículo(s) extraído(s)
2026-09-19 10:01:42,227 [INFO] etl_papers:   2422-3182/3608_v12n29_PDF.pdf: 1 artículo(s) extraído(s)
2026-09-19 10:01:47,274 [INFO] etl_papers:   2422-3182/3611_v12n29_PDF.pdf: 1 artículo(s) extraído(s)
2026-09-19 10:01:51,650 [INFO] etl_papers:   2422-3182/3631_v12n29_PDF.pdf: 1 artículo(s) extraído(s)
2026-09-19 10:01:55,184 [INFO] etl_papers:   2422-3182/3674_v12n29_PDF.pdf: 1 artículo(s) extraído(s)
2026-09-19 10:02:00,748 [INFO] etl_papers:   2422-3182/3749_v12n29_PDF.pdf: 1 artículo(s) extraído(s)
2026-09-19 10:02:04,971 [INFO] etl_papers:   2422-3182/3862_v12n29_PDF.pdf: 1 artículo(s) extraído(s)
2026-09-19 10:02:06,955 [INFO] etl_papers:   2422-3719/10_Xylella+fastidiosa+management+2019+2025+A+review.pdf: 2 artículo(s) extraído(s)
2026-09-19 10:02:12,379 [INFO] etl_papers:   2422-3719/19(3)_19666+Detection+and+molecular+RCCH19(3).pdf: 2 artículo(s) extraído(s)
2026-09-19 10:02:13,696 [INFO] etl_papers:   2422-3719/1_Strategy+to+mitigate+water+stress+in+passion+fruit+seedlings.pdf: 2 artículo(s) extraído(s)
2026-09-19 10:02:15,471 [INFO] etl_papers:   2422-3719/2_Heavy+metals+on+strawberry.pdf: 2 artículo(s) extraído(s)
2026-09-19 10:02:18,543 [INFO] etl_papers:   2422-3719/3_Proteomic+insights+into+water+stress+in+potato.pdf: 2 artículo(s) extraído(s)
2026-09-19 10:02:20,160 [INFO] etl_papers:   2422-3719/5_Native+Trichoderma+isolates+against+Rhizoctonia+solani.pdf: 2 artículo(s) extraído(s)
2026-09-19 10:02:22,083 [INFO] etl_papers:   2422-3719/6_Relationship+between+seedling+traits+and+recovery+time+in+shallot.pdf: 2 artículo(s) extraído(s)
2026-09-19 10:02:23,193 [INFO] etl_papers:   2422-3719/7_New+weed+hosts+of+begomoviruses+in+colombia.pdf: 2 artículo(s) extraído(s)
2026-09-19 10:02:24,969 [INFO] etl_papers:   2422-3719/8_Non+biological+pollination+in+tomato.pdf: 2 artículo(s) extraído(s)
2026-09-19 10:02:26,259 [INFO] etl_papers:   2422-3719/9_Physicochemical+and+functional+characterization+of+melloco+mucilage+its+possible+agroindustrial+use.pdf: 2 artículo(s) extraído(s)
2026-09-19 10:02:28,272 [INFO] etl_papers:   2422-3794/4_AO+1.pdf: 2 artículo(s) extraído(s)
2026-09-19 10:02:30,099 [INFO] etl_papers:   2422-3794/5_AO+2.pdf: 2 artículo(s) extraído(s)
2026-09-19 10:02:31,104 [INFO] etl_papers:   2422-3794/6_AO+3.pdf: 2 artículo(s) extraído(s)
2026-09-19 10:02:32,083 [INFO] etl_papers:   2422-3794/7_AO+4.pdf: 2 artículo(s) extraído(s)
2026-09-19 10:02:33,454 [INFO] etl_papers:   2422-3794/8_AO+5.pdf: 2 artículo(s) extraído(s)
2026-09-19 10:02:35,205 [INFO] etl_papers:   2422-3794/9_AO+6.pdf: 2 artículo(s) extraído(s)
2026-09-19 10:02:37,333 [INFO] etl_papers:   2422-4200/Logos+18-2_book_v2+(1)-115-137-3-23.pdf: 3 artículo(s) extraído(s)
2026-09-19 10:02:38,878 [INFO] etl_papers:   2422-4200/Logos+18-2_book_v2+(1)-138-149.pdf: 2 artículo(s) extraído(s)
2026-09-19 10:02:41,139 [INFO] etl_papers:   2422-4200/Logos+18-2_book_v2+(1)-15-35.pdf: 2 artículo(s) extraído(s)
2026-09-19 10:02:43,349 [INFO] etl_papers:   2422-4200/Logos+18-2_book_v2+(1)-173-189.pdf: 2 artículo(s) extraído(s)
2026-09-19 10:02:46,421 [INFO] etl_papers:   2422-4200/Logos+18-2_book_v2+(1)-36-59.pdf: 2 artículo(s) extraído(s)
2026-09-19 10:02:49,072 [INFO] etl_papers:   2422-4200/Logos+18-2_book_v2+(1)-60-92.pdf: 2 artículo(s) extraído(s)
2026-09-19 10:02:52,183 [INFO] etl_papers:   2422-4200/Logos+18-2_book_v2+(1)-93-115.pdf: 2 artículo(s) extraído(s)
2026-09-19 10:02:53,711 [INFO] etl_papers:   2462-8190/03-CORREGIDO.pdf: 2 artículo(s) extraído(s)
2026-09-19 10:02:54,794 [INFO] etl_papers:   2462-8190/05.pdf: 2 artículo(s) extraído(s)
2026-09-19 10:02:55,678 [INFO] etl_papers:   2462-8190/BCCM+29(2)_1.pdf: 2 artículo(s) extraído(s)
2026-09-19 10:02:56,299 [INFO] etl_papers:   2462-8190/BCCM+29(2)_10.pdf: 2 artículo(s) extraído(s)
2026-09-19 10:02:57,290 [INFO] etl_papers:   2462-8190/BCCM+29(2)_11.pdf: 2 artículo(s) extraído(s)
2026-09-19 10:02:58,199 [INFO] etl_papers:   2462-8190/BCCM+29(2)_12.pdf: 2 artículo(s) extraído(s)
2026-09-19 10:02:59,095 [INFO] etl_papers:   2462-8190/BCCM+29(2)_13.pdf: 2 artículo(s) extraído(s)
2026-09-19 10:03:00,429 [INFO] etl_papers:   2462-8190/BCCM+29(2)_2.pdf: 2 artículo(s) extraído(s)
2026-09-19 10:03:01,547 [INFO] etl_papers:   2462-8190/BCCM+29(2)_4.pdf: 2 artículo(s) extraído(s)
2026-09-19 10:03:02,082 [INFO] etl_papers:   2462-8190/BCCM+29(2)_6.pdf: 2 artículo(s) extraído(s)
2026-09-19 10:03:03,875 [INFO] etl_papers:   2462-8190/BCCM+29(2)_7.pdf: 2 artículo(s) extraído(s)
2026-09-19 10:03:04,722 [INFO] etl_papers:   2462-8190/BCCM+29(2)_8.pdf: 2 artículo(s) extraído(s)
2026-09-19 10:03:06,082 [INFO] etl_papers:   2462-8190/BCCM+29(2)_9.pdf: 2 artículo(s) extraído(s)
2026-09-19 10:03:06,262 [INFO] etl_papers:   2462-8190/BCCM+29(2)_Contenido.pdf: 1 artículo(s) extraído(s)
2026-09-19 10:03:06,610 [INFO] etl_papers:   2462-8190/BCCM+29(2)_Novedades.pdf: 1 artículo(s) extraído(s)
2026-09-19 10:03:06,727 [INFO] etl_papers:   2462-8190/Bandera.pdf: 1 artículo(s) extraído(s)
2026-09-19 10:03:08,912 [INFO] etl_papers:   2462-859X/01_7109_RLB+26(1)+(2).pdf: 2 artículo(s) extraído(s)
2026-09-19 10:03:11,014 [INFO] etl_papers:   2462-859X/03_7572_RLB+26(1)+(2).pdf: 2 artículo(s) extraído(s)
2026-09-19 10:03:12,994 [INFO] etl_papers:   2462-859X/04_7314_RLB+25(2).pdf: 2 artículo(s) extraído(s)
2026-09-19 10:03:15,531 [INFO] etl_papers:   2462-859X/05_7994_RLB+26(1)+(2).pdf: 2 artículo(s) extraído(s)
2026-09-19 10:03:18,983 [INFO] etl_papers:   2462-859X/06_7631_RLB+25(2).pdf: 2 artículo(s) extraído(s)
2026-09-19 10:03:22,202 [INFO] etl_papers:   2462-859X/06_8027_RLB+26(1)+(3).pdf: 2 artículo(s) extraído(s)
2026-09-19 10:03:25,057 [INFO] etl_papers:   2462-859X/07_7880_RLB+25(2).pdf: 2 artículo(s) extraído(s)
2026-09-19 10:03:28,589 [INFO] etl_papers:   2462-859X/07_8102_RLB+26(1)+(2).pdf: 2 artículo(s) extraído(s)
2026-09-19 10:03:30,768 [INFO] etl_papers:   2462-859X/08_7933_RLB+25(2).pdf: 1 artículo(s) extraído(s)
2026-09-19 10:03:33,445 [INFO] etl_papers:   2462-859X/08_8361_RLB+26(1)+(2).pdf: 2 artículo(s) extraído(s)
2026-09-19 10:03:35,287 [INFO] etl_papers:   2462-8603/Complejidad+textual+y+compresión+de+textos.pdf: 2 artículo(s) extraído(s)
2026-09-19 10:03:37,449 [INFO] etl_papers:   2462-8603/De+dispositivo+pedagógico.pdf: 2 artículo(s) extraído(s)
2026-09-19 10:03:39,366 [INFO] etl_papers:   2462-8603/El+estudio+como+uso+no+apropiativo.pdf: 2 artículo(s) extraído(s)
2026-09-19 10:03:42,747 [INFO] etl_papers:   2462-8603/Emotional+intelligence+as+a+personal+resource+among+teachers+2.pdf: 2 artículo(s) extraído(s)
2026-09-19 10:03:44,891 [INFO] etl_papers:   2462-8603/Modalidades+de+enseñanza+como+espejos+de+la+desigualdad.pdf: 2 artículo(s) extraído(s)
2026-09-19 10:03:46,586 [INFO] etl_papers:   2462-8603/Participación+infantil+disidente.pdf: 2 artículo(s) extraído(s)
2026-09-19 10:03:48,819 [INFO] etl_papers:   2462-8603/Simondon+La+filosofía+y+la+enseñanza.pdf: 2 artículo(s) extraído(s)
2026-09-19 10:03:49,806 [INFO] etl_papers:   2462-8794/document (10).pdf: 2 artículo(s) extraído(s)
2026-09-19 10:03:50,857 [INFO] etl_papers:   2462-8794/document (2).pdf: 2 artículo(s) extraído(s)
2026-09-19 10:03:52,133 [INFO] etl_papers:   2462-8794/document (3).pdf: 2 artículo(s) extraído(s)
2026-09-19 10:03:53,310 [INFO] etl_papers:   2462-8794/document (4).pdf: 3 artículo(s) extraído(s)
2026-09-19 10:03:54,780 [INFO] etl_papers:   2462-8794/document (5).pdf: 2 artículo(s) extraído(s)
2026-09-19 10:03:56,151 [INFO] etl_papers:   2462-8794/document (6).pdf: 2 artículo(s) extraído(s)
2026-09-19 10:03:56,754 [INFO] etl_papers:   2462-8794/document (7).pdf: 2 artículo(s) extraído(s)
2026-09-19 10:04:04,389 [INFO] etl_papers:   2462-8794/document (8).pdf: 0 artículo(s) extraído(s)
2026-09-19 10:04:05,839 [INFO] etl_papers:   2462-8794/document (9).pdf: 2 artículo(s) extraído(s)
2026-09-19 10:04:09,767 [INFO] etl_papers:   2462-9448/01+tecnologias+IOT.pdf: 2 artículo(s) extraído(s)
2026-09-19 10:04:11,364 [INFO] etl_papers:   2462-9448/02+evaluacion+lactosuero.pdf: 2 artículo(s) extraído(s)
2026-09-19 10:04:13,539 [INFO] etl_papers:   2462-9448/04+caraterizacion+bacilos+gram.pdf: 2 artículo(s) extraído(s)
2026-09-19 10:04:16,223 [INFO] etl_papers:   2462-9448/05+metodo+analitico+(2).pdf: 2 artículo(s) extraído(s)
2026-09-19 10:04:18,627 [INFO] etl_papers:   2462-9448/06+emergency+triage.pdf: 2 artículo(s) extraído(s)
2026-09-19 10:04:20,997 [INFO] etl_papers:   2462-9448/07+dislipidemia+(2).pdf: 2 artículo(s) extraído(s)
2026-09-19 10:04:21,353 [INFO] etl_papers:   2462-991X/1.+Art.+De+Fundación+Universitaria+de+Ciencias+de+la+Salud+a+Universidad+FUCS.pdf: 1 artículo(s) extraído(s)
2026-09-19 10:04:22,225 [INFO] etl_papers:   2462-991X/10.+Art.+Modificación+de+la+profifilaxis+antibiótica+en+cirugía+impacto+en+la+adherencia+y+las+infecciones+del+sitio+operatorio.pdf: 1 artículo(s) extraído(s)
2026-09-19 10:04:23,804 [INFO] etl_papers:   2462-991X/2.+Art.+Influencia+del+nivel+educativo+materno+en+los+resultados+perinatales+del+embarazo+adolescente+una+revisión+sistemática.pdf: 1 artículo(s) extraído(s)
2026-09-19 10:04:24,656 [INFO] etl_papers:   2462-991X/3.+Art.+Impacto+de+la+monitoría+intracerebral+por+espectrofotometría+en+pacientes+sometidos+a+cirugía+cardíaca.pdf: 1 artículo(s) extraído(s)
2026-09-19 10:04:25,665 [INFO] etl_papers:   2462-991X/4.+Art.+Incidencia+de+un+primer+infarto+de+miocardio+o+accidente+cerebrovascular+en+pacientes+de+un+programa+de+control+del+riesgo.pdf: 1 artículo(s) extraído(s)
2026-09-19 10:04:26,290 [INFO] etl_papers:   2462-991X/5.+Art.+Percepción+de+los+métodos+de+estudio+en+el+aprendizaje+de+farmacología+en+estudiantes+de+enfermería.pdf: 1 artículo(s) extraído(s)
2026-09-19 10:04:27,334 [INFO] etl_papers:   2462-991X/6.+Art.+Diagnostic+accuracy+of+E-FAST+ultrasound+performed+by+general+surgery+residents.pdf: 2 artículo(s) extraído(s)
2026-09-19 10:04:28,140 [INFO] etl_papers:   2462-991X/7.+Art.+Desenlaces+clínicos+en+pacientes+hemofílicos+operados+en+un+centro+de+referencia.pdf: 1 artículo(s) extraído(s)
2026-09-19 10:04:29,067 [INFO] etl_papers:   2462-991X/8.+Art.+Conocimientos,+actitudes+y+experiencias+de+estudiantes,+padres+y+docentes+sobre+métodos+anticonceptivos+y+educación.pdf: 2 artículo(s) extraído(s)
2026-09-19 10:04:29,806 [INFO] etl_papers:   2462-991X/9.+Art+Prevalencia+de+trastornos+músculo+esqueléticos+en+docentes+de+secundaria.pdf: 1 artículo(s) extraído(s)
2026-09-19 10:04:30,897 [INFO] etl_papers:   2463-0225/4277_stamped.pdf: 2 artículo(s) extraído(s)
2026-09-19 10:04:32,170 [INFO] etl_papers:   2463-0225/4318_stamped (1).pdf: 2 artículo(s) extraído(s)
2026-09-19 10:04:33,816 [INFO] etl_papers:   2463-0225/4318_stamped.pdf: 2 artículo(s) extraído(s)
2026-09-19 10:04:35,166 [INFO] etl_papers:   2463-0225/4347_stamped.pdf: 2 artículo(s) extraído(s)
2026-09-19 10:04:36,704 [INFO] etl_papers:   2463-0225/4349_stamped.pdf: 2 artículo(s) extraído(s)
2026-09-19 10:04:38,084 [INFO] etl_papers:   2463-0225/4430_stamped.pdf: 2 artículo(s) extraído(s)
2026-09-19 10:04:40,607 [INFO] etl_papers:   2463-0225/4433_stamped.pdf: 1 artículo(s) extraído(s)
2026-09-19 10:04:42,627 [INFO] etl_papers:   2463-0225/4510_stamped.pdf: 2 artículo(s) extraído(s)
2026-09-19 10:04:47,005 [INFO] etl_papers:   2463-0470/document (2).pdf: 2 artículo(s) extraído(s)
2026-09-19 10:04:49,731 [INFO] etl_papers:   2463-0470/document (3).pdf: 3 artículo(s) extraído(s)
2026-09-19 10:04:52,483 [INFO] etl_papers:   2463-0470/document (4).pdf: 2 artículo(s) extraído(s)
2026-09-19 10:04:56,664 [INFO] etl_papers:   2463-0470/document (5).pdf: 2 artículo(s) extraído(s)
2026-09-19 10:05:00,061 [INFO] etl_papers:   2463-0470/document (6).pdf: 2 artículo(s) extraído(s)
2026-09-19 10:05:04,407 [INFO] etl_papers:   2463-0470/document (7).pdf: 2 artículo(s) extraído(s)
2026-09-19 10:05:08,245 [INFO] etl_papers:   2463-0470/document (8).pdf: 2 artículo(s) extraído(s)
2026-09-19 10:05:10,939 [INFO] etl_papers:   2463-0470/document (9).pdf: 2 artículo(s) extraído(s)
2026-09-19 10:05:12,481 [INFO] etl_papers:   2463-1469/Eleuthera_Vol28_2+Art+10.pdf: 1 artículo(s) extraído(s)
2026-09-19 10:05:14,703 [INFO] etl_papers:   2463-1469/Eleuthera_Vol28_2+Art+2.pdf: 2 artículo(s) extraído(s)
2026-09-19 10:05:16,673 [INFO] etl_papers:   2463-1469/Eleuthera_Vol28_2+Art+3.pdf: 2 artículo(s) extraído(s)
2026-09-19 10:05:19,128 [INFO] etl_papers:   2463-1469/Eleuthera_Vol28_2+Art+4.pdf: 2 artículo(s) extraído(s)
2026-09-19 10:05:22,182 [INFO] etl_papers:   2463-1469/Eleuthera_Vol28_2+Art+5.pdf: 2 artículo(s) extraído(s)
2026-09-19 10:05:23,944 [INFO] etl_papers:   2463-1469/Eleuthera_Vol28_2+Art+6.pdf: 2 artículo(s) extraído(s)
2026-09-19 10:05:25,328 [INFO] etl_papers:   2463-1469/Eleuthera_Vol28_2+Art+7.pdf: 2 artículo(s) extraído(s)
2026-09-19 10:05:27,451 [INFO] etl_papers:   2463-1469/Eleuthera_Vol28_2+Art+8.pdf: 2 artículo(s) extraído(s)
2026-09-19 10:05:29,164 [INFO] etl_papers:   2463-1469/Eleuthera_Vol28_2+Art+9.pdf: 2 artículo(s) extraído(s)
2026-09-19 10:05:31,334 [INFO] etl_papers:   2500-5316/pr2+rFCB+20(1)_7790+Hernandez&Carrasquilla_2ok.pdf: 2 artículo(s) extraído(s)
2026-09-19 10:05:35,450 [INFO] etl_papers:   2500-5316/pr2+rFCB+20(1)_7973+Duarte+etal_2ok.pdf: 2 artículo(s) extraído(s)
2026-09-19 10:05:38,167 [INFO] etl_papers:   2500-5316/pr2+rFCB+20(1)_8006+Urrea+EtAL_2.pdf: 2 artículo(s) extraído(s)
2026-09-19 10:05:41,305 [INFO] etl_papers:   2500-5316/pr2+rFCB+20(1)_8189+Salamanca_2ok.pdf: 2 artículo(s) extraído(s)
2026-09-19 10:05:46,816 [INFO] etl_papers:   2500-5316/pr3+rFCB+20(1)_8050+Salcedo+EtAL_3ok.pdf: 2 artículo(s) extraído(s)
2026-09-19 10:07:13,959 [INFO] etl_papers:   2500-5316/pr3+rFCB+20(1)_8160+Barrios&Morales_3.pdf: 2 artículo(s) extraído(s)
2026-09-19 10:07:15,756 [INFO] etl_papers:   2500-5324/RLEE_21_2+ART+2.pdf: 2 artículo(s) extraído(s)
2026-09-19 10:07:17,837 [INFO] etl_papers:   2500-5324/RLEE_21_2+ART+3.pdf: 2 artículo(s) extraído(s)
2026-09-19 10:07:19,591 [INFO] etl_papers:   2500-5324/RLEE_21_2+ART+4.pdf: 2 artículo(s) extraído(s)
2026-09-19 10:07:21,254 [INFO] etl_papers:   2500-5324/RLEE_21_2+ART+5.pdf: 2 artículo(s) extraído(s)
2026-09-19 10:07:22,954 [INFO] etl_papers:   2500-5324/RLEE_21_2+ART+6.pdf: 2 artículo(s) extraído(s)
2026-09-19 10:07:25,060 [INFO] etl_papers:   2500-5324/RLEE_21_2+ART+7.pdf: 2 artículo(s) extraído(s)
2026-09-19 10:07:27,155 [INFO] etl_papers:   2500-5324/RLEE_21_2+ART+8.pdf: 2 artículo(s) extraído(s)
2026-09-19 10:07:29,038 [INFO] etl_papers:   2500-5324/RLEE_21_2+ART+9.pdf: 2 artículo(s) extraído(s)
2026-09-19 10:07:31,428 [INFO] etl_papers:   2500-5375/Art.1+Politica+Transformation+in+Enrique+Dussel.pdf: 2 artículo(s) extraído(s)
2026-09-19 10:07:33,488 [INFO] etl_papers:   2500-5375/Art.2+José+Martí's+philosophy.pdf: 2 artículo(s) extraído(s)
2026-09-19 10:07:35,475 [INFO] etl_papers:   2500-5375/Art.4+Hacia+una+arqueología+de+lo+caníbal.pdf: 2 artículo(s) extraído(s)
2026-09-19 10:07:36,990 [INFO] etl_papers:   2500-5375/Art.4+Libertad+y+liberación+en+América+Latina.pdf: 2 artículo(s) extraído(s)
2026-09-19 10:07:38,562 [INFO] etl_papers:   2500-5375/Art.5+La+unidad_principio+y+fin+del+sentido+humano.pdf: 2 artículo(s) extraído(s)
2026-09-19 10:07:41,217 [INFO] etl_papers:   2500-5375/Art.6+Orígenes+y+discursos+ideología+de+género.pdf: 2 artículo(s) extraído(s)
2026-09-19 10:07:42,986 [INFO] etl_papers:   2500-5375/Art.7+Cosmovisiones+de+la+ética+en+un+mundo+tecnificado.pdf: 2 artículo(s) extraído(s)
2026-09-19 10:07:44,740 [INFO] etl_papers:   2500-5375/Art.8+Lo+irracional+ese+monstruo+tan+temido.pdf: 3 artículo(s) extraído(s)
2026-09-19 10:07:46,527 [INFO] etl_papers:   2500-5375/Art.9+Protágoras_intelectualismo+socrático.pdf: 2 artículo(s) extraído(s)
2026-09-19 10:07:46,697 [INFO] etl_papers:   2500-5421/v2_00+editorial+RIIEP19_vol1.pdf: 1 artículo(s) extraído(s)
2026-09-19 10:07:48,043 [INFO] etl_papers:   2500-5421/v2_01+procrastinacion+RIIEP19_vol1.pdf: 3 artículo(s) extraído(s)
2026-09-19 10:07:50,042 [INFO] etl_papers:   2500-5421/v2_02+estimation+autonomy+RIIEP19_vol1.pdf: 2 artículo(s) extraído(s)
2026-09-19 10:07:51,090 [INFO] etl_papers:   2500-5421/v2_05+profe+lab+RIIEP19_vol1.pdf: 2 artículo(s) extraído(s)
2026-09-19 10:07:52,373 [INFO] etl_papers:   2500-5421/v2_06+percepciones+limita+RIIEP19_vol1.pdf: 2 artículo(s) extraído(s)
2026-09-19 10:07:54,233 [INFO] etl_papers:   2500-5421/v2_07+estado+arte+IA+RIIEP19_vol1.pdf: 2 artículo(s) extraído(s)
2026-09-19 10:07:55,933 [INFO] etl_papers:   2500-5421/v2_10+brecha+digital+RIIEP19_vol1.pdf: 2 artículo(s) extraído(s)
2026-09-19 10:07:58,768 [INFO] etl_papers:   2500-5421/v2_11+validacion+escala+RIIEP19_vol1+(1).pdf: 2 artículo(s) extraído(s)
2026-09-19 10:08:00,609 [INFO] etl_papers:   2500-5421/v2_12+factores+incidentes+RIIEP19_vol1.pdf: 2 artículo(s) extraído(s)
2026-09-19 10:08:02,268 [INFO] etl_papers:   2500-5421/v2_13+lectura+critica+RIIEP19_vol1.pdf: 2 artículo(s) extraído(s)
2026-09-19 10:08:04,314 [INFO] etl_papers:   2500-5421/v2_14+instructor+assessment+RIIEP19_vol1.pdf: 2 artículo(s) extraído(s)
2026-09-19 10:08:09,663 [INFO] etl_papers:   2500-6177/10a+(1)(1).pdf: 2 artículo(s) extraído(s)
2026-09-19 10:08:12,924 [INFO] etl_papers:   2500-6177/1a.pdf: 2 artículo(s) extraído(s)
2026-09-19 10:08:17,235 [INFO] etl_papers:   2500-6177/2a.pdf: 2 artículo(s) extraído(s)
2026-09-19 10:08:20,930 [INFO] etl_papers:   2500-6177/4a.pdf: 2 artículo(s) extraído(s)
2026-09-19 10:08:25,296 [INFO] etl_papers:   2500-6177/5a.pdf: 2 artículo(s) extraído(s)
2026-09-19 10:08:29,746 [INFO] etl_papers:   2500-6177/6872842011.pdf: 2 artículo(s) extraído(s)
2026-09-19 10:08:34,148 [INFO] etl_papers:   2500-6177/6872842012.pdf: 2 artículo(s) extraído(s)
2026-09-19 10:08:38,945 [INFO] etl_papers:   2500-6177/6872842013.pdf: 2 artículo(s) extraído(s)
2026-09-19 10:08:42,689 [INFO] etl_papers:   2500-6177/6872842014.pdf: 2 artículo(s) extraído(s)
2026-09-19 10:08:44,875 [INFO] etl_papers:   2500-6177/6872842015.pdf: 2 artículo(s) extraído(s)
2026-09-19 10:08:48,099 [INFO] etl_papers:   2500-6177/6872842016.pdf: 2 artículo(s) extraído(s)
2026-09-19 10:08:51,684 [INFO] etl_papers:   2500-6177/6872842017.pdf: 4 artículo(s) extraído(s)
2026-09-19 10:08:55,381 [INFO] etl_papers:   2500-6177/6a.pdf: 2 artículo(s) extraído(s)
2026-09-19 10:08:59,494 [INFO] etl_papers:   2500-6177/7a1.pdf: 2 artículo(s) extraído(s)
2026-09-19 10:09:02,993 [INFO] etl_papers:   2500-6177/9a1.pdf: 2 artículo(s) extraído(s)
2026-09-19 10:09:03,286 [INFO] etl_papers:   2500-6517/rip-18300.pdf: 1 artículo(s) extraído(s)
2026-09-19 10:09:07,988 [INFO] etl_papers:   2500-6517/rip-18301+(1).pdf: 1 artículo(s) extraído(s)
2026-09-19 10:09:13,557 [INFO] etl_papers:   2500-6517/rip-18302.pdf: 1 artículo(s) extraído(s)
2026-09-19 10:09:18,973 [INFO] etl_papers:   2500-6517/rip-18303.pdf: 1 artículo(s) extraído(s)
2026-09-19 10:09:24,031 [INFO] etl_papers:   2500-6517/rip-18304.pdf: 1 artículo(s) extraído(s)
2026-09-19 10:09:28,481 [INFO] etl_papers:   2500-6517/rip-18305.pdf: 1 artículo(s) extraído(s)
2026-09-19 10:09:32,071 [INFO] etl_papers:   2500-6517/rip-18306.pdf: 1 artículo(s) extraído(s)
2026-09-19 10:09:37,298 [INFO] etl_papers:   2500-6517/rip-18307.pdf: 1 artículo(s) extraído(s)
2026-09-19 10:09:42,190 [INFO] etl_papers:   2500-6517/rip-18308.pdf: 1 artículo(s) extraído(s)
2026-09-19 10:09:46,044 [INFO] etl_papers:   2500-6517/rip-18309.pdf: 1 artículo(s) extraído(s)
2026-09-19 10:09:50,988 [INFO] etl_papers:   2500-6517/rip-18310.pdf: 2 artículo(s) extraído(s)
2026-09-19 10:09:52,604 [INFO] etl_papers:   2500-7645/1527_stamped.pdf: 2 artículo(s) extraído(s)
2026-09-19 10:09:55,082 [INFO] etl_papers:   2500-7645/1577_stamped.pdf: 2 artículo(s) extraído(s)
2026-09-19 10:09:58,385 [INFO] etl_papers:   2500-7645/1610_stamped.pdf: 2 artículo(s) extraído(s)
2026-09-19 10:10:01,136 [INFO] etl_papers:   2500-7645/RCGJMC+24(55)+1.pdf: 2 artículo(s) extraído(s)
2026-09-19 10:10:04,185 [INFO] etl_papers:   2500-7645/RCGJMC+24(55)+2.pdf: 2 artículo(s) extraído(s)
2026-09-19 10:10:06,981 [INFO] etl_papers:   2500-7645/RCGJMC+24(55)+3.pdf: 2 artículo(s) extraído(s)
2026-09-19 10:10:09,966 [INFO] etl_papers:   2500-7645/RCGJMC+24(55)+4.pdf: 2 artículo(s) extraído(s)
2026-09-19 10:10:13,322 [INFO] etl_papers:   2500-7645/RCGJMC+24(55)+5.pdf: 2 artículo(s) extraído(s)
2026-09-19 10:10:16,139 [INFO] etl_papers:   2500-7645/RCGJMC+24(55)+6.pdf: 2 artículo(s) extraído(s)
2026-09-19 10:10:18,992 [INFO] etl_papers:   2500-8684/19149_17_04_2026_V4_DIAG.pdf: 2 artículo(s) extraído(s)
2026-09-19 10:10:21,671 [INFO] etl_papers:   2500-8684/19312_13_04_2026_V4_DIAG.pdf: 2 artículo(s) extraído(s)
2026-09-19 10:10:23,279 [INFO] etl_papers:   2500-8684/19441_13_04_2026_v.31.n.1.pdf: 2 artículo(s) extraído(s)
2026-09-19 10:10:25,264 [INFO] etl_papers:   2500-8684/19691_16_04_2026_V.30-N.2.pdf: 2 artículo(s) extraído(s)
2026-09-19 10:10:27,801 [INFO] etl_papers:   2500-8684/20244_01_07_2026.pdf: 2 artículo(s) extraído(s)
2026-09-19 10:10:30,359 [INFO] etl_papers:   2500-8684/20410_13_04_2026_V4_DIAG.pdf: 2 artículo(s) extraído(s)
2026-09-19 10:10:32,015 [INFO] etl_papers:   2500-8684/20594_01_09_2026_V2_DIAG.pdf: 2 artículo(s) extraído(s)
2026-09-19 10:10:33,956 [INFO] etl_papers:   2500-8684/20967_02_07_2026_V2_DIAG.pdf: 2 artículo(s) extraído(s)
2026-09-19 10:10:37,055 [INFO] etl_papers:   2500-8692/NOVUM+JUS+20-2+art+1+DERECHO+INTERNACIONAL.pdf: 2 artículo(s) extraído(s)
2026-09-19 10:10:39,418 [INFO] etl_papers:   2500-8692/NOVUM+JUS+20-2+art+10+CURRENT.pdf: 2 artículo(s) extraído(s)
2026-09-19 10:10:41,753 [INFO] etl_papers:   2500-8692/NOVUM+JUS+20-2+art+11+DEMOCRACIA.pdf: 2 artículo(s) extraído(s)
2026-09-19 10:10:44,314 [INFO] etl_papers:   2500-8692/NOVUM+JUS+20-2+art+12+EVOLUCIÓN.pdf: 2 artículo(s) extraído(s)
2026-09-19 10:10:46,857 [INFO] etl_papers:   2500-8692/NOVUM+JUS+20-2+art+13+RANKIGN.pdf: 2 artículo(s) extraído(s)
2026-09-19 10:10:48,902 [INFO] etl_papers:   2500-8692/NOVUM+JUS+20-2+art+14+LA+CATEGORIA.pdf: 2 artículo(s) extraído(s)
2026-09-19 10:10:51,804 [INFO] etl_papers:   2500-8692/NOVUM+JUS+20-2+art+15+FUNDAMENTO.pdf: 2 artículo(s) extraído(s)
2026-09-19 10:10:54,006 [INFO] etl_papers:   2500-8692/NOVUM+JUS+20-2+art+2+DEBERES.pdf: 2 artículo(s) extraído(s)
2026-09-19 10:10:55,911 [INFO] etl_papers:   2500-8692/NOVUM+JUS+20-2+art+3+EL+CIBERPODER.pdf: 2 artículo(s) extraído(s)
2026-09-19 10:10:58,405 [INFO] etl_papers:   2500-8692/NOVUM+JUS+20-2+art+4+DE+LA+AUTORREGULACIÓN.pdf: 2 artículo(s) extraído(s)
2026-09-19 10:11:01,058 [INFO] etl_papers:   2500-8692/NOVUM+JUS+20-2+art+5+EL+DESPLZAMIENTO.pdf: 2 artículo(s) extraído(s)
2026-09-19 10:11:04,212 [INFO] etl_papers:   2500-8692/NOVUM+JUS+20-2+art+6+THE+ENVIRONMENTAL.pdf: 2 artículo(s) extraído(s)
2026-09-19 10:11:06,622 [INFO] etl_papers:   2500-8692/NOVUM+JUS+20-2+art+7+SERVICOS+PUBLICOS.pdf: 2 artículo(s) extraído(s)
2026-09-19 10:11:09,569 [INFO] etl_papers:   2500-8692/NOVUM+JUS+20-2+art+8+LA+CONSTRUCCIÓN.pdf: 2 artículo(s) extraído(s)
2026-09-19 10:11:11,649 [INFO] etl_papers:   2500-8692/NOVUM+JUS+20-2+art+9+MAKIGN.pdf: 2 artículo(s) extraído(s)
2026-09-19 10:11:13,094 [INFO] etl_papers:   2538-9866/Envío+Lima.pdf: 2 artículo(s) extraído(s)
2026-09-19 10:11:14,260 [INFO] etl_papers:   2538-9866/v49n2e358489.pdf: 2 artículo(s) extraído(s)
2026-09-19 10:11:16,340 [INFO] etl_papers:   2538-9866/v49n2e358942.pdf: 6 artículo(s) extraído(s)
2026-09-19 10:11:17,898 [INFO] etl_papers:   2538-9866/v49n2e359625Final.pdf: 2 artículo(s) extraído(s)
2026-09-19 10:11:19,286 [INFO] etl_papers:   2538-9866/v49n2e360860FINAL.pdf: 2 artículo(s) extraído(s)
2026-09-19 10:11:24,405 [INFO] etl_papers:   2539-200X/BC-1243.pdf: 2 artículo(s) extraído(s)
2026-09-19 10:11:27,225 [INFO] etl_papers:   2539-200X/BC-1245.pdf: 2 artículo(s) extraído(s)
2026-09-19 10:11:29,497 [INFO] etl_papers:   2539-200X/BC-1247.pdf: 2 artículo(s) extraído(s)
2026-09-19 10:11:32,119 [INFO] etl_papers:   2539-200X/BC-1259.pdf: 2 artículo(s) extraído(s)
2026-09-19 10:11:34,157 [INFO] etl_papers:   2539-200X/BC-1262.pdf: 2 artículo(s) extraído(s)
2026-09-19 10:11:36,386 [INFO] etl_papers:   2539-200X/BC-1263.pdf: 2 artículo(s) extraído(s)
2026-09-19 10:11:39,046 [INFO] etl_papers:   2539-200X/BC-1266.pdf: 2 artículo(s) extraído(s)
2026-09-19 10:11:41,031 [INFO] etl_papers:   2539-200X/BC-1282.pdf: 2 artículo(s) extraído(s)
2026-09-19 10:11:46,473 [INFO] etl_papers:   2539-200X/BC-1302.pdf: 2 artículo(s) extraído(s)
2026-09-19 10:11:46,474 [WARNING] etl_papers:   ✗ No se pudo abrir 3757+BISTUA+v23i1-2025.pdf: Cannot read an empty file
2026-09-19 10:11:46,474 [INFO] etl_papers:   2539-3804/3757+BISTUA+v23i1-2025.pdf: 0 artículo(s) extraído(s)
2026-09-19 10:11:50,425 [INFO] etl_papers:   2539-3804/Online+Language+Learning+in+Colombian+Graduate+Education_+Students’+Perceptions+from+a+Survey+Study.pdf: 2 artículo(s) extraído(s)
2026-09-19 10:11:54,201 [INFO] etl_papers:   2539-3804/v54n01e20115383.pdf: 2 artículo(s) extraído(s)
2026-09-19 10:11:57,955 [INFO] etl_papers:   2539-3804/v54n01e20314919.pdf: 2 artículo(s) extraído(s)
2026-09-19 10:12:04,710 [INFO] etl_papers:   2539-3804/v54n01e20413067.pdf: 2 artículo(s) extraído(s)
2026-09-19 10:12:08,609 [INFO] etl_papers:   2539-3804/v54n01e20515289.pdf: 2 artículo(s) extraído(s)
2026-09-19 10:13:10,321 [INFO] etl_papers:   172-95-PB.pdf: 427 páginas, truncado a 400 para extracción
2026-09-19 10:13:10,522 [INFO] etl_papers:   2539-4711/172-95-PB.pdf: 25 artículo(s) extraído(s)
2026-09-19 10:13:12,120 [INFO] etl_papers:   2539-5203/2.pdf: 2 artículo(s) extraído(s)
2026-09-19 10:13:13,415 [INFO] etl_papers:   2539-5203/3.pdf: 1 artículo(s) extraído(s)
2026-09-19 10:13:15,380 [INFO] etl_papers:   2539-5203/4+(1).pdf: 2 artículo(s) extraído(s)
2026-09-19 10:13:16,633 [INFO] etl_papers:   2539-5203/5.pdf: 2 artículo(s) extraído(s)
2026-09-19 10:13:19,136 [INFO] etl_papers:   2539-5203/6+(2).pdf: 2 artículo(s) extraído(s)
2026-09-19 10:13:20,595 [INFO] etl_papers:   2539-5203/7.pdf: 2 artículo(s) extraído(s)
2026-09-19 10:13:22,939 [INFO] etl_papers:   2539-5203/8.pdf: 2 artículo(s) extraído(s)
2026-09-19 10:13:24,701 [INFO] etl_papers:   2539-5203/9.pdf: 2 artículo(s) extraído(s)
2026-09-19 10:13:32,769 [INFO] etl_papers:   2590-7379/215-187-PB.pdf: 1 artículo(s) extraído(s)
2026-09-19 10:13:43,575 [INFO] etl_papers:   2590-8669/349-106-PB.pdf: 16 artículo(s) extraído(s)
2026-09-19 10:13:45,047 [INFO] etl_papers:   2590-9215/4883.pdf: 0 artículo(s) extraído(s)
2026-09-19 10:13:46,775 [INFO] etl_papers:   2590-9215/5138.pdf: 0 artículo(s) extraído(s)
2026-09-19 10:13:48,267 [INFO] etl_papers:   2590-9215/5439.pdf: 0 artículo(s) extraído(s)
2026-09-19 10:13:50,509 [INFO] etl_papers:   2590-9215/5458.pdf: 0 artículo(s) extraído(s)
2026-09-19 10:13:52,099 [INFO] etl_papers:   2590-9215/5464.pdf: 0 artículo(s) extraído(s)
2026-09-19 10:13:53,094 [INFO] etl_papers:   2590-9215/5524.pdf: 0 artículo(s) extraído(s)
2026-09-19 10:13:59,175 [INFO] etl_papers:   2590-9215/Articulo_4746_Perspectivas+ajustado.pdf: 0 artículo(s) extraído(s)
2026-09-19 10:14:03,244 [INFO] etl_papers:   2590-9215/Articulo_4978_Perspectivas+aj.pdf: 0 artículo(s) extraído(s)
2026-09-19 10:14:07,639 [INFO] etl_papers:   2590-9215/Articulo_5197_Perspectivas+aju.pdf: 0 artículo(s) extraído(s)
2026-09-19 10:14:11,779 [INFO] etl_papers:   2590-9215/Articulo_5394_Perspectivas+aju.pdf: 0 artículo(s) extraído(s)
2026-09-19 10:14:14,266 [INFO] etl_papers:   2590-9215/Articulo_5508_Perspectivas+aju.pdf: 0 artículo(s) extraído(s)
2026-09-19 10:14:15,276 [INFO] etl_papers:   2619-2551/Análisis+Bovinométrico_Met.pdf: 2 artículo(s) extraído(s)
2026-09-19 10:14:16,218 [INFO] etl_papers:   2619-2551/Bacteriocinas_Met.pdf: 2 artículo(s) extraído(s)
2026-09-19 10:14:17,234 [INFO] etl_papers:   2619-2551/Biominería+en+Colombia_met.pdf: 2 artículo(s) extraído(s)
2026-09-19 10:14:18,387 [INFO] etl_papers:   2619-2551/Comportamiento+de+Guazuma_Met.pdf: 2 artículo(s) extraído(s)
2026-09-19 10:14:19,685 [INFO] etl_papers:   2619-2551/Digestibilidad+palma_Met_2.pdf: 2 artículo(s) extraído(s)
2026-09-19 10:14:21,563 [INFO] etl_papers:   2619-2551/E-commerce_met.pdf: 2 artículo(s) extraído(s)
2026-09-19 10:14:22,810 [INFO] etl_papers:   2619-2551/Efectos+metabólicos_Met.pdf: 2 artículo(s) extraído(s)
2026-09-19 10:14:23,923 [INFO] etl_papers:   2619-2551/Erotylinae_met.pdf: 2 artículo(s) extraído(s)
2026-09-19 10:14:25,081 [INFO] etl_papers:   2619-2551/Especies+medicinales_met.pdf: 2 artículo(s) extraído(s)
2026-09-19 10:14:25,722 [INFO] etl_papers:   2619-2551/Incendios+parque+san+cayetano_Met.pdf: 2 artículo(s) extraído(s)
2026-09-19 10:14:26,893 [INFO] etl_papers:   2619-2551/Vertebrados+silvestres_Met.pdf: 2 artículo(s) extraído(s)
2026-09-19 10:14:28,173 [INFO] etl_papers:   2619-2551/propiedades+fisioquímicas_Met.pdf: 2 artículo(s) extraído(s)
2026-09-19 10:14:44,678 [INFO] etl_papers:   187-98-PB.pdf: 667 páginas, truncado a 400 para extracción
2026-09-19 10:14:44,904 [INFO] etl_papers:   2619-4066/187-98-PB.pdf: 27 artículo(s) extraído(s)
2026-09-19 10:15:00,622 [INFO] etl_papers:   2665-1327/Espe112 (1).pdf: 1 artículo(s) extraído(s)
2026-09-19 10:15:03,875 [INFO] etl_papers:   2665-2420/7882_El+tiempo+histórico,+el+futuro+y+la+utilidad+de+la+historia.pdf: 2 artículo(s) extraído(s)
2026-09-19 10:15:06,776 [INFO] etl_papers:   2665-2420/7918_Evaluación+de+ansiedad+en+estudiantes+universitarios.pdf: 2 artículo(s) extraído(s)
2026-09-19 10:15:10,725 [INFO] etl_papers:   2665-2420/7976_Diseño+artesanal+una+mirada+pedagógica+a+la+transmisión.pdf: 2 artículo(s) extraído(s)
2026-09-19 10:15:14,186 [INFO] etl_papers:   2665-2420/8030_Educación+ambiental+y+derechos+de+la+Amazonia.pdf: 2 artículo(s) extraído(s)
2026-09-19 10:15:17,001 [INFO] etl_papers:   2665-2420/8692-Adaptación+de+profesores+migrante+a+la+cultura.pdf: 2 artículo(s) extraído(s)
2026-09-19 10:15:19,835 [INFO] etl_papers:   2665-2420/8710_Trayectorias+migratorias-educativas+de+estudiantes+venezolanos.pdf: 2 artículo(s) extraído(s)
2026-09-19 10:15:21,447 [INFO] etl_papers:   2665-4385/e12822+(2).pdf: 2 artículo(s) extraído(s)
2026-09-19 10:15:22,395 [INFO] etl_papers:   2665-4385/e13089.pdf: 2 artículo(s) extraído(s)
2026-09-19 10:15:23,299 [INFO] etl_papers:   2665-4385/e13573+(2).pdf: 2 artículo(s) extraído(s)
2026-09-19 10:15:24,701 [INFO] etl_papers:   2665-4385/e13641+(1).pdf: 2 artículo(s) extraído(s)
2026-09-19 10:15:25,715 [INFO] etl_papers:   2665-4385/e14037+(1).pdf: 2 artículo(s) extraído(s)
2026-09-19 10:15:29,477 [INFO] etl_papers:   2665-4385/e14234.pdf: 2 artículo(s) extraído(s)
2026-09-19 10:15:31,442 [INFO] etl_papers:   2665-4385/e14251+(2).pdf: 1 artículo(s) extraído(s)
2026-09-19 10:15:34,476 [INFO] etl_papers:   2665-4385/e14432+(1).pdf: 2 artículo(s) extraído(s)
2026-09-19 10:15:37,524 [INFO] etl_papers:   2665-4814/CS48_Amoroso+y+Pinto.pdf: 2 artículo(s) extraído(s)
2026-09-19 10:15:40,485 [INFO] etl_papers:   2665-4814/CS48_Baez+y+Lopez.pdf: 2 artículo(s) extraído(s)
2026-09-19 10:15:44,126 [INFO] etl_papers:   2665-4814/CS48_Bedoya+y+Díaz.pdf: 2 artículo(s) extraído(s)
2026-09-19 10:15:48,103 [INFO] etl_papers:   2665-4814/CS48_Castaneda-Vargas.pdf: 2 artículo(s) extraído(s)
2026-09-19 10:15:50,218 [INFO] etl_papers:   2665-4814/CS48_Cuaical+y+Sanchez.pdf: 2 artículo(s) extraído(s)
2026-09-19 10:15:52,519 [INFO] etl_papers:   2665-4814/CS48_Diaz+et+al.pdf: 2 artículo(s) extraído(s)
2026-09-19 10:15:56,056 [INFO] etl_papers:   2665-4814/CS48_Martínez.pdf: 2 artículo(s) extraído(s)
2026-09-19 10:15:58,035 [INFO] etl_papers:   2665-4814/CS48_Perez.pdf: 2 artículo(s) extraído(s)
2026-09-19 10:16:02,185 [INFO] etl_papers:   2665-5837/666-Texto del artículo-1204-3-10-20260901.pdf: 2 artículo(s) extraído(s)
2026-09-19 10:16:05,136 [INFO] etl_papers:   2665-5837/667-Texto del artículo-1205-3-10-20260901.pdf: 2 artículo(s) extraído(s)
2026-09-19 10:16:07,794 [INFO] etl_papers:   2665-5837/669-Texto del artículo-1209-3-10-20260901.pdf: 2 artículo(s) extraído(s)
2026-09-19 10:16:12,367 [INFO] etl_papers:   2665-5837/670-Texto del artículo-1211-3-10-20260901.pdf: 2 artículo(s) extraído(s)
2026-09-19 10:16:14,994 [INFO] etl_papers:   2665-5837/672-Texto del artículo-1215-4-10-20260901.pdf: 2 artículo(s) extraído(s)
2026-09-19 10:16:17,786 [INFO] etl_papers:   2665-5837/673-Texto del artículo-1216-5-10-20260907.pdf: 2 artículo(s) extraído(s)
2026-09-19 10:16:21,505 [INFO] etl_papers:   2665-5837/674-Texto del artículo-1218-2-10-20260901.pdf: 2 artículo(s) extraído(s)
2026-09-19 10:16:24,552 [INFO] etl_papers:   2665-5837/675-Texto del artículo-1220-2-10-20260901.pdf: 2 artículo(s) extraído(s)
2026-09-19 10:16:26,361 [INFO] etl_papers:   2665-5837/680-Texto del artículo-1225-2-10-20260909.pdf: 2 artículo(s) extraído(s)
2026-09-19 10:16:27,813 [INFO] etl_papers:   2665-5837/684-Texto del artículo-1237-2-10-20260915.pdf: 2 artículo(s) extraído(s)
2026-09-19 10:16:30,900 [INFO] etl_papers:   2665-5837/685-Texto del artículo-1239-2-10-20260916.pdf: 2 artículo(s) extraído(s)
2026-09-19 10:16:32,393 [INFO] etl_papers:   2745-1402/2026-2+ART-1.pdf: 2 artículo(s) extraído(s)
2026-09-19 10:16:33,963 [INFO] etl_papers:   2745-1402/2026-2+ART-2.pdf: 2 artículo(s) extraído(s)
2026-09-19 10:16:34,986 [INFO] etl_papers:   2745-1402/2026-2+ART-3+(2).pdf: 2 artículo(s) extraído(s)
2026-09-19 10:16:36,635 [INFO] etl_papers:   2745-1402/2026-2+ART-4.pdf: 2 artículo(s) extraído(s)
2026-09-19 10:16:37,971 [INFO] etl_papers:   2745-1402/2026-2+ART-5+(1).pdf: 2 artículo(s) extraído(s)
2026-09-19 10:16:39,641 [INFO] etl_papers:   2745-1402/2026-2+ART-6+(1).pdf: 2 artículo(s) extraído(s)
2026-09-19 10:16:40,976 [INFO] etl_papers:   2745-1402/2026-2+ART-7+(2).pdf: 2 artículo(s) extraído(s)
2026-09-19 10:16:56,318 [INFO] etl_papers: Silver papers: 3772 registros de 1824 PDFs -> /home/vydi/recomendador_revistas/src/recomendador_revistas/data/silver/articulos_papers.parquet
2026-09-19 10:16:59,115 [INFO] etl_papers: Gold artículos: 3772 registros -> /home/vydi/recomendador_revistas/src/recomendador_revistas/data/gold/articulos_tokens.parquet
2026-09-19 10:17:00,265 [INFO] etl_papers: Gold revistas (tokens): 247 revistas -> /home/vydi/recomendador_revistas/src/recomendador_revistas/data/gold/revistas_tokens.parquet
2026-09-19 10:17:00,266 [INFO] pipeline:   ✓ Papers completado: 3772 artículos en 247 revistas
2026-09-19 10:17:00,272 [INFO] pipeline: 
============================================================
2026-09-19 10:17:00,272 [INFO] pipeline: Duración total de ejecución: 8436.84 segundos
2026-09-19 10:17:00,273 [INFO] pipeline: Log del pipeline registrado en: /home/vydi/recomendador_revistas/src/recomendador_revistas/logs/pipeline_20260919_075623.log
2026-09-19 10:17:00,273 [INFO] pipeline: ============================================================
2026-09-19 10:17:00,274 [INFO] pipeline: ✓ Pipeline finalizado exitosamente.
